surname_norm	status	min_entry_id	min_surname	min_given_names	min_birth_year	min_death_year	min_description	min_references	xlsx_surname	xlsx_given_names	xlsx_birth_year	xlsx_death_year	xlsx_description
aastrup	kun_min	PerXI00015	Aastrup	Jens Peter	1830	1911	Sekretær ved de kgl. Ordeners Capitul 1863- 1909, Justitsraad 1872, senere Konferensraad.	IX:218;IX:219					
ahlefeldt	matchet_person_men_beskrivelse_afviger	PerXI00070	Ahlefeldt				Nizza, November 1869.	VIII:295	Ahlefeldt	Nizza			November 1869.
ahlefeldt	matchet_person_men_beskrivelse_afviger	PerXI00071	Ahlefeldt				Frøken, Itzehoe 16.2.1843.	II:304	Ahlefeldt	Frøken			Itzehoe 16.2.1843.
ahlefeldt	matchet_person_men_beskrivelse_afviger	PerXI00072	Ahlefeldt				Greve, Hamburg 29.5.1843.	II:377	Ahlefeldt	Greve			Hamburg 29.5.1843.
ahlefeldt	matchet_person_men_beskrivelse_afviger	PerXI00074	Ahlefeldt				Grevinde, Berlin 1.1.1846.	III:39	Ahlefeldt	Grevinde			Berlin 1.1.1846.
ahlefeldt	kun_min	PerXI00075	Ahlefeldt	Carl Friedrich Georg von, Greve	1799	1862	Søn af Charlotte A., Besidder af Eskildsmark og Saxtorp.	III:9;III:10					
ahlefeldt	kun_min	PerXI00080	Ahlefeldt	Friederike von, Grevinde, f. von Klocker	1797	1876	g.m. C.Fr. G.v.A.	III:9;III:10					
ahlefeldt	kun_min	PerXI00081	Ahlefeldt	Georgine von, Komtesse	1828	1902	Datter af C.Fr.G.v.A., g. 1846 m. Grev Arthur Chr. Ditlev Ludvig Reventlow.	III:9;III:10					
ahlefeldt	kun_min	PerXI00083	Ahlefeldt	Ida von, Komtesse	1836	1917	Datter af C.Fr.G.v.A., g. 1856 m. Grev Adalbert Baudissin.	III:9;III:10					
ahlefeldt	kun_min	PerXI00084	Ahlefeldt	Rudolphine von, Komtesse	1831	1855	Datter af C.Fr.G.v.A., g. 1851 m. Grev Adalbert Baudissin.	III:9;III:10					
ainsworth	kun_min	PerXI00100	Ainsworth	William Francis	1807	1896	engelsk Læge, Geolog og Opdagelsesrejsende.	II:211;II:212;II:218;II:219;II:220;II:221;II:222;II:223;II:224;II:225					
albeck	kun_min	PerXI00107	Albeck	Hans	1832	1918	Broder til Carl A., Grosserer, senere Etatsraad.	X:121;X:122					
albeck	kun_min	PerXI00108	Albeck	Jacobine, f. Holm	1839	1887	g. 1861 m. Hans A.	V:121;V:122					
alrnlof	kun_min	PerXI00139	Alrnlôf	Nils Vilhelm	1799	1875	Skuespiller ved Det kgl. Teater i Stockholm.	III:314					
aman	kun_min	PerXI00010	Åman	Johan August	1790	1853	Stadslæge i Linkoping, dr.med., 1826 tit. Professor.	III:349;III:350					
ameen	kun_min	PerXI00153	Ameen	Georg F.	1811	1898	Postdirektør i Goteborg, Oversætter af »Billedbog uden Billeder«.	IX:109;IX:110					
arenberg	kun_min	PerXI00247	Arenberg	Charles, Prins af —	1831	1896	østrigsk Dragonløjtnant.	IV:207;IV:208					
arnaud	kun_min	PerXI00267	Arnaud	H., se: Reybaud. Fanny. Arndt, Ernst Moritz	1769	1860	tysk Digter.	II:313;II:372;II:373					
arnesen kali	kun_min	PerXI00271	Arnesen Kali	Benedicte	1813	1895	Forfatterinde og Oversætter.	VIII:447;VIII:449;X:390;X:433;X:434					
arrikiel	kun_min	PerXI00275	Arrikiel	Hans Michael	1785	1858	Forpagter af Postekspeditionen i Gaabense, 1852 Postekspeditør.	III:428					
asbjørnsen	kun_min	PerXI00282	Asbjørnsen	P. C.	1812	1885	norsk Eventyrsamler og Forfatter.	VI:323;IX:177;X:10;X:167					
augustenborg	kun_min	PerXI00307	Augustenborg	Prinsesserne af Slesvig- Holsten-Sønderborg, Døtre af Prins Emil af A. (Charlotte	1803	1880	Pauline (1804-87), Amalie (1813-70), Sophie (1815-61)).	II:407;III:64;III:65					
augustenborg	kun_min	PerXI00308	Augustenborg	Carl August, Prins af Slesvig-Holsten-Sønderborg-	1768	1810	General, Statholder i Norge, svensk Tronfølger 1809.	III:339;III:340					
augustenborg	matchet_person_men_beskrivelse_afviger	PerXI00311	Augustenborg	Christian August, Hertug af Slesvig-Holsten-Sønderborg-	1798	1869	Søn af Frederik Christian af A., Hertug 1814-63.	II:273;II:276;II:277;II:278;II:436;II:437;II:438;II:439;II:440;II:441;II:444;II:446;II:447;II:448;III:6;III:7;III:8;III:9;III:10;III:175;III:288;III:407;X:316;X:478	Augustenborg	Christian August, Hertug af Slesvig-Holsten-Sønderborg-	1798	1869	Søn af Frederik Christian af A., Hertug 1814–1863.
augustenborg	kun_xlsx								Augustenborg	Prinsesserne af Slesvig-Holsten-Sønderborg			Døtre af Prins Emil af A. (Charlotte (1803–1880), Pauline (1804–1887), Amalie (1813–1870), Sophie (1815–1861)).
avisard	kun_min	PerXI00326	Avisard	Sougey, »en Ven af Bindesbøll«, Berlin 28.12.1845. III 35. B. Baade, Knud	1808	1879	norsk Maler, München 1852.	IV:105					
avisard	kun_xlsx								Avisard	Sougey			»en Ven af Bindesbøll«, Berlin 28.12.1845.
b6tzaris	kun_min	PerXI01013	B6tzaris	Marko	1788	1823	græsk Frihedskæmper.	II:168					
baagøe	kun_min	PerXI00327	Baagøe	Johannes Schønberg	1798	1837	Indehaver af Svaneapoteket i København.	I:62;I:63					
baagøe	kun_min	PerXI00329	Baagøe	V. C. A.	1813	1893	Grosserer.	VIII:81;VIII:82					
bailac	kun_min	PerXI00368	Bailac	J., dansk Vicekonsul i Bayonne. V 332. Bajazet (Bajazid) I	1347	1403	tyrkisk Sultan 1389-1402.	II:215					
bailac	kun_xlsx								Bailac	J.			Dansk Vicekonsul i Bayonne.
baker	kun_min	PerXI00369	Baker				Lady Florence, f. von Saas, g. 1860 m. Samuel B.	VII:270;VII:271					
baker	kun_min	PerXI00370	Baker	Sir Samuel White	1821	1893	engelsk Opdagelsesrejsende.	VII:270;VII:271					
ballin	matchet_person_men_beskrivelse_afviger	PerXI00384	Ballin	Clara	1824	1887	HCA.s Værtinde i Nyhavn Nr. 18 1873-75.	X:44;X:45;X:125;X:141;X:142;X:147;X:148;X:149;X:150;X:151;X:152;X:156;X:157;X:161;X:163;X:169;X:174;X:192;X:204;X:205;X:206;X:211;X:212;X:216;X:224;X:232;X:248;X:256;X:257;X:259;X:260;X:263;X:273;X:274;X:275;X:278;X:279;X:299;X:300;X:301;X:312;X:323;X:325;X:378;X:383;X:392;X:393;X:394;X:408;X:409;X:410;X:411;X:426;X:433;X:444;X:447;X:451;X:453;X:456;X:458;X:460;X:465	Ballin	Clara	1824	1887	H.C. Andersens Værtinde i Nyhavn Nr. 18 1873–1875.
ballin	kun_min	PerXI00385	Ballin	Rosa	1826		Søster til Caroline og Clara B., Göteborg 1874.	X:279					
ballin	kun_min	PerXI00386	Ballin	Samuel	1802	1866	Læge, senere Distriktslæge i København, 1860 tit. Professor.	I:475;I:476					
ballin	kun_xlsx								Ballin	Caroline	1838	1901	Søster til Clara B.
ballin	kun_xlsx								Ballin	Rosa	1826		Søster til Caroline og Clara B., Goteborg 1874.
banck	kun_min	PerXI00391	Banck	Johan Erich	1833	1902	hollandsk Jurist og Digter.	VII:62;VII:63					
bang	matchet_person_men_beskrivelse_afviger	PerXI00393	Bang				Frøken, Logerende hos Frk. Hallager 1873.	X:12;X:41;X:43;X:61	Bang	Frøken			Logerende hos Frk. Hallager 1873.
bang	kun_min	PerXI00394	Bang				Kandidat, Søllerød 14.8.1865.	VI:266					
bang	kun_min	PerXI00395	Bang	de, Frøken (enten Henriette Marie	1809	1855	eller Augusta Christine (1805-87)), Kusine til Fritz von Eggers.	II:260					
bang	kun_min	PerXI00398	Bang				Caroline Amalie, f. Ibsen (IBIS- OS), g. 1842 m. F. S. B.	III:207					
bang	kun_min	PerXI00399	Bang				Chr. Asmus (død 1888, 62 Aar gl.), Skibsfører.	VII:109					
bang	matchet_person_men_beskrivelse_afviger	PerXI00400	Bang	Claus Chr.	1778	1855	Kontorchef ved Provideringskommissionen, Kammerraad, 1823-37 Ejer af Nørager, derefter af Hummeltofte ved Frederiksdal.	III:298	Bang	Claus Chr.	1778	1855	Kontorchef ved Provideringskommissionen, Kammerraad, 1823–1837 Ejer af Nørager, derefter af Hummel tofte ved Frederiksdal.
bang	matchet_person_men_beskrivelse_afviger	PerXI00401	Bang	Emma	1811	1882	Datter af Claus Chr. B., g. 1839 m. Skibsreder N. P. Butenschon, Goteborg. I 119. — Se ogsaa: Butenschon, Emma. Bang, F. S. (1810-89), ansat hos C. J. Hambro og Søn 1830-57, heraf 1843- 57 i Firmaet i London, 1857 Overbogholder i Privatbanken, 1859 Hovedkasserer sst., Kunstsamler, Justitsraad 1861, Etatsraad 1887.	III:207;III:234;III:245;III:273;IV:48	Bang	Emma	1811	1882	Datter af Claus Chr. B., g. 1839 m. Skibsreder N. P. Butenschön, Göteborg.
bang	kun_xlsx								Bang				Kandidat, Søllerød 14.8.1865.
bang	kun_xlsx								Bang	de, Frøken			(enten Henriette Marie (1809–1855) eller Augusta Christine (1805–1887)), Kusine til Fritz von Eggers.
bang	kun_xlsx								Bang	Caroline Amalie, f. Ibsen	1815	1893	g. 1842 m. F. S.B.
bang	kun_xlsx								Bang	Chr. Asmus		1888	Skibsfører.
bang	kun_xlsx								Bang	F. S.	1810	1889	Ansat hos C. J. Hambro og Søn 1830–1857, heraf 1843–1857 i Firmaet i London, 1857 Overbogholder i Privatbanken, 1859 Hovedkasserer sst., Kunstsamler, Justitsraad 1861, Etatsraad 1887.
banks	kun_min	PerXI00411	Banks	George Linnæus	1821	1881	engelsk Forfatter, Sekretær for The National Shakespeare Committee.	V:401;V:402					
barck	kun_min	PerXI00421	Barck	Lovisa, Komtesse	1817	1900	Datter af N.A.B.	II:35;II:36					
barck	kun_min	PerXI00423	Barck	Mathilda, Komtesse	1822	1844	Datter af N.A.B.	II:35;II:36					
barnekow	kun_min	PerXI00447	Barnekow	Adolf Gabriel, Greve	1838	1924	Attaché 1869-72 ved det svenske Generalkonsulat i København, senere sv. Konsul, bl.a. i Rom, og Godsejer.	IX:30;IX:31					
barnekow	kun_min	PerXI00448	Barnekow	Christian	1837	1913	Komponist, tit. Professor 1891.	X:393;X:394					
bartholin	kun_min	PerXI00458	Bartholin				Berlin-Lübeck 24.-27.7.1834.	I:506;I:507;I:508;I:509					
bartholin	kun_min	PerXI00460	Bartholin	Frederik	1829	1901	Premierløjtnant i Artilleriet, Kaptajn 1863, Afsked 1891 med Oberstløjtnants Karakter.	IV:370;IV:371					
bartholin	matchet_person_men_beskrivelse_afviger	PerXI00461	Bartholin	Jacobine Severine Gottholdine, f. Grevenkop-Castenskiold	1835	1912	Datter af Jørgen Grevenkop- Castenskiold, g. 1° 1856 m. W.P.B., Ægteskabet opløst 1860, 2° 1871 m. Sognepræst i Veggerslev og Villersø Hans Ferdinand Tornøe.	IV:468;VIII:380	Bartholin	Jacobine Severine Gottholdine, f. Grevenkop-Castenskiold	1835	1912	Datter af Jørgen Grevenkop-Castenskiold, g. 1° 1856 m. W.P.B., Ægteskabet opløst 1860. 2° 1871 m. Sognepræst i Veggerslev og Villersø Hans Ferdinand Tornøe.
bartholin	matchet_person_men_beskrivelse_afviger	PerXI00462	Bartholin	Johanne (Hanne)	1819	1900	Datter af Elise Margrethe B., Hofdame hos Landgrevinde Charlotte af Hessen 1855-61.	V:72;V:390;VII:252;VII:279;VII:380;VIII:203;VIII:260;VIII:354;IX:26;IX:183;X:258;X:259	Bartholin	Johanne (Hanne)	1819	1900	Datter af Elise Margrethe B., Hofdame hos Landgrevinde Charlotte af Hessen 1855–1861.
bartholin	matchet_person_men_beskrivelse_afviger	PerXI00463	Bartholin	Wilhelm Peter	1826	1896	Broder til Fr. B., Husfoged i Nybøl Herred (Broager) 1857-60, udvandret til Amerika.	IV:468	Bartholin	Wilhelm Peter	1826	1896	Broder til Fr. B., Husfoged i Nybøl Herred (Broager) 1857–1860, udvandret til Amerika.
beck	kun_min	PerXI00536	Beck	Claudia, f. Jensen	1816	1887	g. 1851 m. Hans Vilh. B.	VI:105;VI:106					
bendz	kun_min	PerXI00599	Bendz	H. C. B.	1806	1882	Læge, 1837 Lærer i Anatomi og Fysiologi ved Veterinær- og Landbohøjskolen, 1840 Professor; Etatsraad 1862, Konferensraad 1880.	I:454;I:455;I:456;I:457					
bendz	matchet_person_men_beskrivelse_afviger	PerXI00600	Bendz	Wilhelm	1804	1832	Broder til H.C.B.B., Maler.	I:122;I:376;I:406	Bendz	Wilhelm	1804	1832	Broder til H.G.B.B., Maler.
benzon	matchet_person_men_beskrivelse_afviger	PerXI00631	Benzon				Frøken (»den unge rødhaarede, kjække Pige«), Goteborg 29.7.1871.	IX:107	Benzon	Frøken			(»den unge rødhaarede, kjække Pige«), Göteborg 29.7.1871.
benzon	kun_min	PerXI00633	Benzon	Christian Albrecht	1816	1849	Maler.	II:312;II:313					
berg	matchet_person_men_beskrivelse_afviger	PerXI00640	Berg				Frøken, Dansk-Amerikaner, Leipzig 2.10.1869.	VIII:266	Berg	Frøken			Dansk-Amerikaner, Leipzig 2.10.1869.
berg	matchet_person_men_beskrivelse_afviger	PerXI00641	Berg				Frue, f. Simonsen, Datter af Sophus S., Søster til Niels Juel Simonsen.	IX:57	Berg	Frue, f. Simonsen			Datter af Sophus S., Søster til Niels Juel Simonsen.
berg	kun_min	PerXI00642	Berg	Balthasar	1804	1884	Distriktslæge i Viborg 1853-78, Justitsraad 1878.	IV:362;IV:363;IV:364					
berg	matchet_person_men_beskrivelse_afviger	PerXI00643	Berg	C.	1829	1891	Politiker, Førstelærer paa Bogø 1861-74.	VII:196;X:358;X:408	Berg	C.	1829	1891	Politiker, Førstelærer på Bogø 1861–1874.
berlichingen	kun_min	PerXI00664	Berlichingen	Gotz von	1480	1562	tysk Ridder.	IV:184;IV:185					
berling	matchet_person_men_beskrivelse_afviger	PerXI00665	Berling	Carl	1812	1871	Bogtrykker, Udgiver af »Berlingske Tidende«, 1849 Kammerherre, 1851 Rejsemarskal hos Kong Frederik VII, 1857 Generalintendant for Civillisten, Afsked 30.12.1859.	IV:20;IV:376;IV:377	Berling	Carl	1812	1871	Bogtrykker, Udgiver af »Berlingske Tidende«, 1849 Kammerherre, 1851 Rejsemarskal hos Kong Frederik VII, 1857 Generalintendant for Givillisten, Afsked 30.12.1859.
berling	kun_min	PerXI00667	Berling	Tora Maria, f. Nilsson	1826	1914	g. 1852 m. E.W.B.	VI:304;VI:305					
berner	kun_min	PerXI00673	Berner	Amalia, f. Bugel	1804	1842	Datter af Catharina B., Enke efter Generalkonsul i Tunis Edward B.	II:285;II:286					
berner	kun_min	PerXI00675	Berner				Betzy, f. Wright (død 1914, 80 Aar gl.), g. m. A.B.	IX:227;IX:321					
berner	matchet_person_men_beskrivelse_afviger	PerXI00677	Berner	Gottlob	1823	1914	Søn af Johanne B., Teatersekretær ved Det kgl. Teater, 1866-76 Intendant sst.; Kammerassessor, 1861 Justitsraad, senere Etatsraad.	V:92;V:94;V:119;V:417;VI:156;VI:158;VI:159;VI:183;VI:208;VI:266;VI:269;VI:312;VI:319;VI:347;VII:14;VII:15;VII:16;VII:190;VII:218;VII:234;VII:246;VIII:23;VIII:203;VIII:417;VIII:423;IX:34;IX:140;IX:145;IX:182;IX:227;IX:235;IX:236;IX:239;X:4;X:149;X:334;X:362;X:440	Berner	Gottlob	1823	1914	Søn af Johanne B., Teatersekretær ved Det kgl. Teater, 1866–1876 Intendant sst.; Kammerassessor, 1861 Justitsraad, senere Etatsraad.
berner	kun_min	PerXI00679	Berner	Iwan	1850	1925	Student 1869, cand. phil., studerede Engelsk, 1875 ansat i Store nordiske Telegrafselskab, senere Direktør sst., Forfatter og Oversætter.	X:344;X:345					
berner	kun_xlsx								Berner	Betzy, f. Wright		1914	g. m. A.B.
bernini	kun_min	PerXI00689	Bernini	Lorenzo	1598	1680	italiensk Billedhugger og Arkitekt.	I:289;I:380					
beronius	kun_min	PerXI00695	Beronius	Jonas Otto	1820	1895	fil. kand., svensk »Gluntar«-Sanger, senere Ministerialembedsmand.	III:318;III:319					
berry	kun_min	PerXI00700	Berry	Grevinde, »født i Svendborg«, Paris 19.4.1867. VII 269. Bertall (Pseud. for Charles-Albert d'Arnoux)	1820	1883	fransk Illustrator af HCA.s Eventyr og Fotograf (Bayard & Bertall).	VII:80					
berry	kun_xlsx								Berry	Grevinde			»født i Svendborg«, Paris 19.4.1867.
bikelas	kun_min	PerXI00754	Bikelas	Demitrios	1835	1908	nygræsk Digter, Oversætter og Essayist, Oversætter af HCA.s Eventyr.	X:251;X:252					
bille-brahe	kun_min	PerXI00771	Bille-Brahe	Camilla Sofia, Baronesse, f. af Harmens	1829	1890	g. 1850 m. Preben B.-B. (1824-82).	VII:59;VII:60;VII:61;VII:62					
bille-brahe	matchet_person_men_beskrivelse_afviger	PerXI00772	Bille-Brahe	Christian, Baron	1819	1899	Søn af Lensgreve Preben B.-B., kst. Stiftamtmand over Fyns Stift 1848-51, senere Stiftamtmand over Sjællands Stift og Amtmand over Københavns Amt, Kammerherre 1852, Gehejmekonferensraad 1889.	III:402;III:403;V:151;VIII:369;X:235	Bille-Brahe	Christian, Baron	1819	1899	Søn af Lensgreve Preben B.-B., kst. Stiftamtmand over Fyns Stift 1848–1851, senere Stiftamtmand over Sjællands Stift og Amtmand over Københavns Amt, Kammerherre 1852, Gehejmekonferensraad 1889.
bille-brahe	kun_min	PerXI00773	Bille-Brahe	Henrik, Greve	1798	1875	Søn af Lensgreve Preben B.-B., dansk Gesandt i Wien 1847-62, Lensgreve 1857, Gehejmekonferensraad 1855.	IV:136;IV:137					
bille-brahe	matchet_person_men_beskrivelse_afviger	PerXI00774	Bille-Brahe	Jessie, Baronesse	1853	1927	Datter af Preben B.-B. (1824- 82), g. 1875 m. Kammerherre Grev Julius Ahlefeldt-Laurvig-Bille til Skovsbo og Fjellebro.	VII:59	Bille-Brahe	Jessie, Baronesse	1853	1927	Datter af Preben B.-B. (1824–1882), g. 1875 m. Kammerherre Grev Julius Ahlefeldt-Laurvig-Bille til Skovsbo og Fjellebro.
bille-brahe	matchet_person_men_beskrivelse_afviger	PerXI00775	Bille-Brahe	Maria, Baronesse, f. Komtesse Moltke	1827	1889	Datter af A. W. Moltke, g. 1852 m. Christian Bille- Brahe. VII 185. X 235. — Se ogsaa: Moltke, Maria. Bille-Brahe, Preben, Lensgreve (1773- 1857), Besidder af Grevskabet Brahesminde, Egeskov og Svanholm, Gehejmekonferensraad.	III:4	Bille-Brahe	Maria, Baronesse, f. Komtesse Moltke	1827	1889	Datter af A. W. Moltke, g. 1852 m. Christian Bille-Brahe.
bille-brahe	kun_xlsx								Bille-Brahe	Preben, Lensgreve	1773	1857	Besidder af Grevskabet Brahesminde, Egeskov og Svanholm, Gehejmekonferensraad.
bilsted	kun_min	PerXI00777	Bilsted	Anna Elisabeth Helene Caroline	1841	1928	Datter af E.F.A.B., g. 1866 m. Løjtnant i Søetaten, senere Viceadmiral Fr.P.A.Uldall.	VII:15;VII:16					
bilsted	matchet_person_men_beskrivelse_afviger	PerXI00778	Bilsted	Anna Felicia	1843	1901	Datter ai E.F.A.B., g. 1866 m. Løjtnant i Søetaten, senere Ejer af Kirstinebjerg og Jægermester, Sophus Carl Hillerup.	VII:15	Bilsted	Anna Felicia	1843	1901	Datter af E.F.A.B., g. 1866 m. Løjtnant i Søetaten, senere Ejer af Kirstinebjerg og Jægermester, Sophus Carl Hillerup.
birch	kun_min	PerXI00795	Birch				Frue i Aarhus, hos hvem Carl Melchior boede i 1874, da han arbejdede i Firmaet Adler, Wulff & Meyer.	X:249					
birch	matchet_person_men_beskrivelse_afviger	PerXI00796	Birch				Frøken, Bremen 18.6.1844.	II:391	Birch	Frøken			Bremen 18.6.1844.
birch	matchet_person_men_beskrivelse_afviger	PerXI00798	Birch	Christian	1760	1829	Finansdeputeret, 1821 dømt fra Ære og Embede og hensat i Fængsel paa Livstid.	I:429	Birch	Christian	1760	1829	Finansdeputeret, 1821 dømt fra Ære og Embede og hensat i Fængsel på Livstid.
birch	matchet_person_men_beskrivelse_afviger	PerXI00800	Birch	F. C. C.	1812	1889	Søn af P.L.B., Student fra Slagelse 1829, cand.philol. 1836, Adjunkt ved Sorø Akademis Skole 1837, Overlærer i Vordingborg 1841 og ved Metropolitanskolen 1844, Rektor i Horsens 1849, ved Metropolitanskolen 1871-82, tit. Professor 1858, Etatsraad 1882.	II:286;VIII:403;IX:234	Birch	F. C. C.	1812	1889	Søn af P.L.B., Student fra Slagelse 1829, cand. philol. 1836, Adjunkt ved Sorø Akademis Skole 1837, Overlærer i Vordingborg 1841 og ved Metropolitanskolen 1844, Rektor i Horsens 1849, ved Metropolitanskolen 1871–1882, tit. Professor 1858, Etatsraad 1882.
birch	kun_min	PerXI00804	Birch	Vilhelm Ludvig	1817	1871	Søn af P.L.B., Student fra Slagelse 1835, cand.jur. 1841, 1861 Guvernør i Dansk Vestindien.	VIII:403;VIII:404					
birch	kun_xlsx								Birch				Frue i Aarhus, hos hvem Carl Melchior boede i 1874, da han arbejdede i Firmaet Adler, Wulff & Meyer.
bjerregaard	kun_min	PerXI00825	Bjerregaard	Hans	1766	1860	Sognepræst for Hjermind, Le og Hjorthede 1798-1857, Konsistorialraad, Plantningsmand, Forfatter.	IV:360;IV:361;IV:362					
bjornstjerna	kun_min	PerXI00845	Bjornstjerna	Oscar Magnus Fredrik, Greve	1819	1905	svensk Generalmajor, 1864 svensk Minister ad interim i København, Udenrigsminister 1872- 80.	IX:137					
blokhuis	kun_min	PerXI00888	Blokhuis	Gijsbert	1809	1885	hollandsk Tobaksfabrikant, og Søn.	VI:250;VI:251					
blum	kun_min	PerXI00902	Blum				svensk Sekretær, Paris 19.4.1843.	II:349					
blum	kun_min	PerXI00903	Blum	Karl	1785	1844	tysk Skuespilforfatter.	IV:56;IV:57					
blum	kun_xlsx								Blum				Svensk Sekretær, Paris 19.4.1843.
blædel	matchet_person_men_beskrivelse_afviger	PerXI00911	Blædel	Nicolai Dons	1845	1926	Søn af N.G.B., Forpagter paa Erholm ved Aarup, senere Kordegn ved Lukas Kirke i København.	X:65	Blædel	Nicolai Dons	1845	1926	Søn af N.G.B., Forpagter på Erholm ved Aarup, senere Kordegn ved Lukas Kirke i København.
blædel	kun_min	PerXI00913	Blædel	Otto Werner Secher	1825	1903	Broder til Ludvig B., senere Fabriksbestyrer i Odense og Grosserer i København.	III:187;III:188					
bodenhoff	kun_min	PerXI00927	Bodenhoff	Hans Carl	1791	1849	Kaptajn i Søetaten, 1834 Chef for Skonnerten Elben, 1842 Kommandørkaptajn, Afsked 1847 m. Kommandørs Karakter.	I:509;I:510					
bodenhoff	matchet_person_men_beskrivelse_afviger	PerXI00928	Bodenhoff	Ludvig	1791	1871	fhv. Landmand, 1856-64 Værtshusholder i Kbh.	V:120	Bodenhoff	Ludvig	1791	1871	fhv. Landmand, 1856–1864 Værtshusholder i Kbh.
bokelmann	kun_min	PerXI00952	Bokelmann	Georg Wilhelm	1779	1847	dansk Ministerresident i Hansestæderne og Generalkonsul i Lübeck.	I:116;I:117					
bolyovsky	kun_min	PerXI00955	Bolyovsky	Lilla, f. von Szilagyi	1834	1909	Skuespillerinde ved Hofteatret i München, Forfatterinde, g.m. Julius von B., Edler von Gyulasalva, Pest.	V:109;V:110					
bosboom	kun_min	PerXI01004	Bosboom	Johannes	1817	1891	hollandsk Maler.	VII:60;VII:61;VII:62					
bosboom-toussaint	kun_min	PerXI01005	Bosboom-Toussaint	Anna, f. Toussaint	1812	1886	hollandsk Romanforfatterinde, g. 1851 m. J.Bosboom.	VII:60;VII:61					
boudewijn	kun_min	PerXI01015	Boudewijn	se Vliet, J. L. van der. Bouffé, Marie	1800	1888	fransk Skuespiller.	II:340					
bournonville	matchet_person_men_beskrivelse_afviger	PerXI01022	Bournonville	August	1805	1879	Balletmester og Balletkomponist. II 33 213 346 361. III 122 218 305 307 321. IV 2-3 5 131 192 275 297 343 469. V 4 5 20 118 119 122 144 145 167 325 342 358. VI 93-94 199 201 225 229 259 286 290 311-12 319 323 324-25 346 350 353. VII 97 114 126 203-04 208-09 245 250 254 290 304-05 361 374. VIII 12 23-24 26 28 30 33-34 38 44 124 133 142 143 145 146 162 175 184 200 213 234 307 312 347 359 361 406 417 419 423 443. 1X 7 9 23 32 38 46 163 166 170 172- 73 176 178 180 181-82 185 187 192 194 213 218 219 223 227 230 235 247 250 340 347 360 382 384-85.	X:2;X:7;X:21;X:33;X:34;X:63;X:133;X:145;X:150;X:156;X:167;X:179;X:181;X:197;X:198;X:207;X:208;X:209;X:211;X:214;X:221;X:223;X:224;X:225;X:230;X:233;X:238;X:341;X:346;X:350;X:372;X:373;X:374;X:383;X:401;X:402;X:418;X:421;X:428;X:440;X:443;X:452;X:466	Bournonville	August	1805	1879	Balletmester og Balletkomponist.
bournonville	matchet_person_men_beskrivelse_afviger	PerXI01023	Bournonville	Augusta	1831	1906	Datter af August B., Balletdanserinde, g. 1852 m. Mandrup Peter Tuxen. III 130. — Se ogsaa: Tuxen, Augusta. Bournonville, Charlotte (1832-1911), Datter af August B., Operasangerinde ved Det kgl. Teater.	V:144;V:381;VI:12;VI:119;VI:127;VI:130;VI:194;VI:206;VI:256;VI:258;VI:259;VI:280;VI:281;VII:206;VII:244;VIII:23;VIII:33;VIII:34;VIII:216;IX:66;IX:144;IX:198;X:437;X:442	Bournonville	Augusta	1831	1906	Datter af August B., Balletdanserinde, g. 1852 m. Mandrup Peter Tuxen.
bournonville	matchet_person_men_beskrivelse_afviger	PerXI01025	Bournonville	Frederikke	1817	1897	Søster til August B., g. 1845 m. residerende Kapellan i Asminderød, senere Sognepræst i Brønshøj C. O. Schmidt- Phiseldeck.	II:33	Bournonville	Frederikke	1817	1897	Søster til August B., g. 1845 m. residerende Kapellan i Asminderød, senere Sognepræst i Brønshøj C. O. Schmidt-Phiseldeck.
bournonville	kun_min	PerXI01028	Bournonville	Vilhelmine	1833	1908	Adoptivdatter af August B.	X:401;X:402					
bournonville	kun_xlsx								Bournonville	Charlotte	1832	1911	Datter af August B., Operasangerinde ved Det kgl. Teater.
brandis	kun_min	PerXI01077	Brandis	Dietrich	1821	1849	Søn af J.D.B., Privatsekretær hos Admiral Hans Dahlerup 1849.	VIII:387;VIII:388					
brandis	matchet_person_men_beskrivelse_afviger	PerXI01080	Brandis	Joachim Dietrich	1762	1845	Livlæge hos Dronning Marie Sophie Frederikke, Konferensraad. VI 305. Brandt (Konsulatsembedsmand?), Napoli 3.3.1841.	II:139	Brandis	Joachim Dietrich	1762	1845	Livlæge hos Dronning Marie Sophie Frederikke, Konferensraad.
brandt	kun_min	PerXI01081	Brandt				Paris 1863.	V:360;V:366					
brandt	kun_min	PerXI01082	Brandt				Skuespiller Chr. Schmidts Svoger.	VI:328					
brandt	matchet_person_men_beskrivelse_afviger	PerXI01083	Brandt	Alexander Hans Henrik	1806	1859	Kateket i Frederikssted, St. Croix, Sognepræst i Børglum 1858.	IV:347	Brandt	Alexander Hans Henrik	1806	1859	Kateket i Frederikssted, St. Groix, Sognepræst i Børglum 1858.
brandt	kun_min	PerXI01088	Brandt				C. (død 1895, 79 Aar gl.), Musikdirektør, Casino.	VI:9					
brandt	kun_min	PerXI01089	Brandt	Camilla Augusta, f. Bodenhoff	1820	1895	g. 1847 m. Alexander B., Enke 1859.	IV:347;IV:348;IV:349;IV:350					
brandt	kun_min	PerXI01092	Brandt				Frederik Christian (død 1839), Korist ved Det kgl. Teater 1820-25.	III:387					
brandt	matchet_person_men_beskrivelse_afviger	PerXI01095	Brandt				Nancy Mathilde (ved Folketællingen 1845: 22 Aar), i Huset hos Hofraadinde Charlotte Petersen, Augustenborg.	II:448	Brandt	Nancy Mathilde			(ved Folketællingen 1845: 22 år), i huset hos Hofraadinde Charlotte Petersen, Augustenborg.
brandt	matchet_person_men_beskrivelse_afviger	PerXI01096	Brandt				Rasmine Johanne, Husbestyrerinde paa Glorup.	VII:324;VIII:263	Brandt	Rasmine Johanne			Husbestyrerinde på Glorup.
brandt	matchet_person_men_beskrivelse_afviger	PerXI01098	Brandt	Theodor Otto Meley	1819	1863	Søn af Frederik Christian B., Lærer, privat dimitteret 1849 fra Jonstrup Seminarium, 1855 Lærer i Næsby paa Ourø.	III:387	Brandt	Theodor Otto Meley	1819	1863	Søn af Frederik Christian B., Lærer, privat dimitteret 1849 fra Jonstrup Seminarium, 1855 Lærer i Næsby på Ourø.
brandt	kun_xlsx								Brandt				(Konsulatsembedsmand?), Napoli 3.3.1841.
brandt	kun_xlsx								Brandt	C.		1895	Musikdirektør, Casino.
brandt	kun_xlsx								Brandt	Frederik Christian		1839	Korist ved Det kgl. Teater 1820–1825.
brask	kun_min	PerXI01106	Brask	Christen Johan Høeg	1834	1906	Ejer af Kjellerup, Svenstrup S., Randers Amt.	VI:245;VI:246					
brask	kun_min	PerXI01107	Brask	Hans	1464	1538	Biskop i Linkbping.	III:357;III:358					
brehm	matchet_person_men_beskrivelse_afviger	PerXI01131	Brehm				Amalie, f. Wachter, g. 1813 m. Chr.L.B.	II:405	Brehm	Amalie, f. Wachter			g. 1813 m. Chr.L.B.
brehm	kun_min	PerXI01132	Brehm	Christian Ludwig	1787	1864	Sognepræst i Renthendorf, Ornitolog (ikke Geolog!).	II:404;II:405					
brentano	kun_min	PerXI01142	Brentano	Georg	1775	1851	Storkøbmand i Frankfurt, Broder til Clemens B. og Bettina von Arnim.	III:168;III:169					
brienen van de groote lindt	kun_min	PerXI01150	Brienen van de Groote Lindt	Arnoud van, Baron	1839	1903	Søn af Ida v.d.G.L., Besidder af Dordsmondt, Stadt van het Haringsvliet, Clingendaal og Oosterbek.	VII:60;VII:61;VII:62;VII:63					
brienen van de groote lindt	kun_min	PerXI01152	Brienen van de Groote Lindt	Marie Niagara van, Baronesse, g. Baronesse van Tuyll van Serooskerken	1847	1903	g. 1865 m. Arnoud v.B.v.d.G.L.	VII:62;VII:63					
brockdorff	kun_min	PerXI01180	Brockdorff				»ved Jægerne 1848« (vist Misforstaaelse af HCA).	III:290					
brockdorff	matchet_person_men_beskrivelse_afviger	PerXI01181	Brockdorff				Frøknerne, Døtre af F.S.B.	VIII:141	Brockdorff	Frøknerne			Døtre af F.S.B.
brockdorff	kun_min	PerXI01184	Brockdorff	Heinrich Chr. Fr., Greve	1808	1880	Besidder af Kletkamp, Holsten.	I:126;I:127;I:128					
brockdorff	kun_xlsx								Brockdorff				»ved Jægerne 1848« (vist Misforstaaelse af H.C. Andersen).
brockenhuus	matchet_person_men_beskrivelse_afviger	PerXI01189	Brockenhuus	Laurids, til Egeskov og Bramstrup	1552	1604	Søn af Frands B., Lensmand paa Nyborg.	II:291;II:293	Brockenhuus	Laurids, til Egeskov og Bramstrup	1552	1604	Søn af Frands B., Lensmand på Nyborg.
brockenhuus	kun_min	PerXI01190	Brockenhuus	Rigborg	1579	1641	Datter af Laurids B.	II:292;II:293					
brockhaus	kun_min	PerXI01196	Brockhaus	Friedrich	1800	1865	Søn af F.A.B., Bogtrykker i Leipzig.	III:274;III:275					
brockhaus	matchet_person_men_beskrivelse_afviger	PerXI01200	Brockhaus	Marie	1828	1899	Datter af Heinrich B., g. 1850 m. Kreissteuerrath Albert Juderich. II 264 416. — Se ogsaa: Juderich, Marie. Brockhaus, Ottilie, f. Wagner (1811-83), Søster til Richard Wagner, g.m. Hermann B.	III:62;IV:69	Brockhaus	Marie	1828	1899	Datter af Heinrich B., g. 1850 m. Kreissteuerrath Albert Juderich.
brockhaus	kun_xlsx								Brockhaus	Ottilie, f. Wagner	1811	1883	Søster til Richard Wagner, g.m. Hermann B.
brockner	kun_min	PerXI01203	Brockner	se: Brøchner, C. M. Brodersen, Charlotte, f. Hornemann	1812	1859	Datter af J. W. Hornemann, g. 1839 m. J.P.B.B. IV 359. — Se ogsaa: Hornemann, Charlotte. Brodersen, Georg (1819-1908), Balletdanser og Danseiærer.	VIII:49;IX:182;IX:186;IX:191					
bruhn	kun_min	PerXI01225	Bruhn	Anders	1778	1856	Biskop over Gdteborg Stift, teol.dr.	III:298;III:299					
bruhn	kun_min	PerXI01229	Bruhn	Frederik L. C.	1827		kgl. Skovfoged.	IX:311					
bruhn	kun_xlsx								Bruhn	Frederik L. C.	1827		kgl. Skovfoged.
bueck	kun_min	PerXI01310	Bueck	Anne Clémy (kaldet Marthe), f. Rousse, g.m. Forretningsmand i Konigsberg Henri Auguste B., Svigermoder til Konsul Eduard Kirstein	1835	1899	i Bordeaux.	VIII:89					
bueck	kun_xlsx								Bueck	Anne Clémy (kaldet Marthe), f. Rousse			g.m. Forretningsmand i Königsberg Henri Auguste B., Svigermoder til Konsul Eduard Kirstein (1835–1899) i Bordeaux.
bull	kun_min	PerXI01314	Bull				»to unge Frøkner fra Norge«, Rørby Præstegaard 24.5.1850.	III:389					
bull	kun_min	PerXI01316	Bull	Anders Sandøe Ørsted	1817	1907	Søn af Albertine B., norsk Generalkrigskommissær, Christiania.	IX:125;IX:128					
bull	kun_min	PerXI01317	Bull	Bodil Dorothea, f. Holst	1826	1903	Søsterdatter af H. C. Ørsted, g. 1867 m. Georg Albert B.	IX:166					
bull	kun_min	PerXI01318	Bull	Caroline Elisabeth, f. Dahl	1822	1894	Datter af J. C. Dahl, g.m. Generalkrigskommissær Anders Sandøe Ørsted B.	IV:165;IX:125;IX:128					
bull	kun_min	PerXI01319	Bull	Georg Albert	1827	1913	fhv. Kapellan i Lindaas, Afsked 1870, boede i København til 1903.	IX:166					
bull	kun_min	PerXI01320	Bull	Georg Jacob	1849	1916	Søn af A.S.Ø.B., cand. jur. 1870, senere Justitiarius i Overretten i Christiania.	IX:125					
bull	kun_min	PerXI01321	Bull	Johan Chr. Dahl	1850	1895	Søn af A.S.Ø.B., Student 1869, senere kgl. Fuldmægtig i Christiania.	IX:125					
bull	kun_min	PerXI01322	Bull	Johanne (Hanne)	1809	1886	Datter af Albertine B.	IX:125;IX:134					
bull	kun_min	PerXI01323	Bull	Ole	1810	1880	norsk Violinvirtuos.	II:253;II:377;III:139;III:140;III:146;IV:4;IV:14;IV:15;IV:470;VII:7;VII:8;VII:10;VII:11;VII:12;VII:13;VII:14;VII:17;VII:18					
bull	kun_min	PerXI01324	Bull	Sofie	1811	1886	Datter af Albertine B.	IX:125;IX:134					
bull	kun_min	PerXI01325	Bull	Søren Christian Ørsted	1810	1893	Søn af Albertine B., Ekspeditionssekretær i Armédepartementet i Christiania.	IX:121;IX:122;IX:124;IX:125;IX:128;IX:134					
bull	kun_xlsx								Bull				»to unge Frøkner fra Norge«, Rørby Præstegaard 24.5.1850.
bulow	kun_min	PerXI01356	Bülow				Væddeløbene paa Augustenborg 22.9.1844.	II:443					
bulow	matchet_person_men_beskrivelse_afviger	PerXI01357	Bülow				Frue, Dresden (München 27.6. 1852).	IV:105	Bülow	Frue			Dresden (München 27.6.1852).
bulow	matchet_person_men_beskrivelse_afviger	PerXI01358	Bülow	Bernhard	1815	1879	Chargé d'affaires ved Hansestæderne, 1850 dansk Gesandt ved Forbundsdagen i Frankfurt, Afsked 1862, derefter i tysk Tjeneste; Kammerherre 1847, Gehejmekonferensraad 1862.	III:188;III:189;III:276;IV:123;IV:185;IV:271;IV:301	Bülow	Bernhard	1815	1879	Charge d’affaires ved Hansestæderne, 1850 dansk Gesandt ved Forbundsdagen i Frankfurt, Afsked 1862, derefter i tysk Tjeneste; Kammerherre 1847, Gehejmekonferensraad 1862.
bulow	kun_min	PerXI01362	Bülow	Frederik	1812	1883	Søn af Sophie Eleonora B., Sekondløjtnant ved Kongens Regiment, senere Kaptajn I.	I:114					
bulow	matchet_person_men_beskrivelse_afviger	PerXI01363	Bülow	Frederikke (Friede), f. Riegels	1825	1911	Datter af H. C. Riegels, g. 1851 m. Johan B. IV 123. VI 94 168. VII 346. — Se ogsaa: Riegels, Frederikke. Bülow, Hans von (1830-94), tysk Pianist og Dirigent.	V:131	Bülow	Frederikke (Friede), f. Riegels	1825	1911	Datter af H. G. Riegels, g. 1851 m. Johan B.
bulow	matchet_person_men_beskrivelse_afviger	PerXI01364	Bülow	Johan	1814	1890	Kaptajn af Generalstaben, 1848 Major og dansk Militærkommissiær ved det svenske Hjælpekors paa Fyn, 1852-57 Oberst og dansk Militærbefuldmægtiget ved den tyske Forbundsdag i Frankfurt, 1857 Gesandt ved Hofferne i Hannover, Oldenburg, Mecklenburg-Schwerin og Mecklenburg-Strelitz og dansk Repræsentant ved Hansestæderne, 1862-64 i Wien, 1865-80 i London, 1858 Generalmajor a la suite, 1865 Generalløjtnant, Kammerherre 1844.	III:287;IV:122;IV:123;IV:185;IV:186;VI:94;VI:168;VII:324;IX:73	Bülow	Johan	1814	1890	Kaptajn af Generalstaben, 1848 Major og dansk Militærkommissiær ved det svenske Hjælpekors på Fyn, 1852–1857 Oberst og dansk Militærbefuldmægtiget ved den tyske Forbundsdag i Frankfurt, 1857 Gesandt ved Hofferne i Hannover, Oldenburg, Mecklenburg-Schwerin og Mecklenburg-Strelitz og dansk Repræsentant ved Hansestæderne, 1862–1864 i Wien, 1865–1880 i London, 1858 Generalmajor a la suite, 1865 Generalløjtnant, Kammerherre 1844.
bulow	kun_min	PerXI01368	Bülow	Sophie Wilhelmine, f. Hasle	1819		Søsterdatter af Birgitte Ørsted, g. 1842 m. Franz B., skilt.	VI:68					
bulow	kun_xlsx								Bülow				Væddeløbene på Augustenborg 22.9.1844.
bulow	kun_xlsx								Bülow	Hans von	1830	1894	Tysk Pianist og Dirigent.
bulow	kun_xlsx								Bülow	Sophie Wilhelmine, f. Hasle	1819		Søsterdatter af Birgitte Ørsted, g. 1842 m. Franz B., skilt.
bunger	kun_min	PerXI01370	Bünger	Johan Diderik	1803	1883	Gartner paa Bregentved.	X:295;X:296					
buntzen	matchet_person_men_beskrivelse_afviger	PerXI01332	Buntzen	Andreas	1811	1880	lic. med., 1844 Lektor i Kirurgi ved Københavns Universitet, 1853-72 Professor, 1854- 66 Overkirurg ved Frederiks Hospital, Etatsraad 1869.	II:320;II:323;II:332;II:333;II:334;II:338;II:339;II:346;II:347;II:349;II:350;II:351;II:353;II:356;II:358;II:361;II:362;II:363;II:378;II:427;III:425;III:426;III:427;VI:58;VI:340;VII:219;X:475	Buntzen	Andreas	1811	1880	lic. med., 1844 Lektor i Kirurgi ved Københavns Universitet, 1853–1872 Professor, 1854–1866 Overkirurg ved Frederiks Hospital, Etatsraad 1869.
buntzen	kun_min	PerXI01336	Buntzen	Georg	1816	1847	Læge.	V:396;V:397					
burdett-coutts	kun_min	PerXI01342	Burdett-Coutts	Angela	1814	1907	engelsk Filantrop.	III:265;IV:242;IV:243;IV:246;IV:247;IV:251;X:315					
caliari	kun_min	PerXI01420	Caliari	Gabriele	1560	1631	italiensk Maler, Søn af Paolo Veronese.	I:400					
cambiaso	kun_min	PerXI01429	Cambiaso	Luca	1527	1585	italiensk Maler.	II:103					
capo d'istria	kun_min	PerXI01447	Capo d'Istria	Johannes Antonio	1776	1831	græsk Statsmand.	I:414					
carriere	kun_min	PerXI01476	Carriere	Moritz	1817	1895	tysk Filosof og Æstetiker, 1853 Professor i München.	X:128;X:129					
carus	kun_min	PerXI01492	Carus		1817	1891	Søn af C.G.C., Dresden 10.8.1858 (enten Lægen Albert Gustav C. eller Kemikeren August Wolfgang C. (1824-59)).	IV:322					
carus	kun_min	PerXI01493	Carus	Frøknerne, Døtre af Carl Gustav C. (Marianne Albertine	1814	1868	og Caroline Cäcilie (1819-95)).	V:110					
carus	kun_xlsx								Carus				Søn af C.G.C., Dresden 10.8.1858 (enten Lægen Albert Gustav C. (1817–1891) eller Kemikeren August Wolfgang C. (1824–1859)).
carus	kun_xlsx								Carus	Frøknerne			Døtre af Carl Gustav C. (Marianne Albertine (1814–1868) og Caroline Cäcilie (1819–1895)).
castillien	kun_min	PerXI01546	Castillien	Pedro I, den Grusomme, Konge af —	1334	1369	Konge 1350.	V:300					
cederfeld de simonsen	kun_min	PerXI01570	Cederfeld de Simonsen	Carl	1782	1853	Borgmester i Kalundborg, Justitsraad.	II:258;II:259					
cederfeld de simonsen	kun_min	PerXI01571	Cederfeld de Simonsen	Charlotte, f. Koefoed	1805	1893	g. 1835 m. Carl C. de S.	II:258;II:259					
cherbuliez	kun_min	PerXI01602	Cherbuliez	Victor	1829	1899	schweizisk Forfatter, Brodersøn af J. C.	IV:430;IV:431					
christiansen	matchet_person_men_beskrivelse_afviger	PerXI01646	Christiansen	Christian	1843	1917	opvokset paa Holmsland, Elev paa Staby Højskole, Student 1861, 1886-1912 Professor i Fysik ved Københavns Universitet.	IV:339	Christiansen	Christian	1843	1917	opvokset på Holmsland, Elev på Staby Højskole, Student 1861, 1886–1912 Professor i Fysik ved Københavns Universitet.
christiansen	kun_min	PerXI01648	Christiansen	Eduard	1831	1884	Løjtnant i Søetaten, senere Kommandør.	VII:85;VII:86;VII:87;VII:88;VII:89;VII:90;VII:91					
cicero	kun_min	PerXI01655	Cicero	Marcus Tullius	106	143	romersk Statsmand og Forfatter. I 13 20 24 221 310-11 364. H 135.	IV:97					
cicero	kun_xlsx								Cicero	Marcus Tullius	-106	-43	romersk Statsmand og Forfatter.
clasen	kun_min	PerXI01663	Clasen	Laura, f. Nysted	1827	1873	Søster til H. E. E. Nysted, g. 1849 m. norsk Læge Anton Vilhelm C.	VI:117;VI:263;VII:20					
clavaud	kun_min	PerXI01678	Clavaud	Armand (1828-efter 1889), fransk Botaniker, Bordeaux, Professor 1874. VII 87. demens III (død 1191), Pave 1187. I 402. Clemens VII	1477	1534	Pave 1523. I 400. demens VIII (1536-1605), Pave 1592. I 304. demens XII (1652-1740), Pave 1730. III 83. demens XIII (1693-1769), Pave 1758. I 393. demens XIV (1705-74), Pave 1769.	II:88					
clavaud	kun_xlsx								Clavaud	Armand			Fransk Botaniker, Bordeaux, Professor 1874.
colbiørnsen	kun_min	PerXI01696	Colbiørnsen	Olivia	1795	1877	Datter af Engelke C., Hofdame hos Kronprinsesse Caroline, g. 1825 m. Frederik v. d. Maase. X 330-31. — Se ogsaa: Maase, Olivia von der. Colchrane, Charles (død 1855, 48 Aar gl.), engelsk Forfatter, Parlamentskandidat i Westminster ved Valget 1847.	III:237					
collet	kun_min	PerXI01705	Collet	Emilie Henriette, f. Rørbye	1805	1868	Enke efter Godsejer Bernt Anker C., Lundbygaard.	V:387					
collet	kun_xlsx								Collet	Emilie Henriette, f. Rørbye	1808	1868	Enke efter Godsejer Bernt Anker C., Lundbygaard.
colloredo-mansfeld	kun_min	PerXI01735	Colloredo-Mansfeld	Hieronymus, Greve	1775	1822	østrigsk Felttøjmester.	I:496;I:497					
cornelius	kun_min	PerXI01767	Cornelius	Søster til Peter v. C., Berlin 1845 (enten Henriette (Jette)	1786	1855	eller Maria Anna (Marianne) (1790-1859)).	III:36					
cornelius	kun_min	PerXI01768	Cornelius				Gertruda von, f. Fervatini (død 1859), g. 1835 m. Peter von C.	II:63					
cornelius	kun_xlsx								Cornelius				slesvigholstensk Advokat, Heidelberg 28.8.1855.
cornelius	kun_xlsx								Cornelius				Søster til Peter v. C., Berlin 1845 (enten Henriette (Jette) (1786–1855) eller Maria Anna (Marianne) (1790–1859)).
cornelius	kun_xlsx								Cornelius	Gertruda von, f. Fervatini		1859	g. 1835 m. Peter von G.
cossel	kun_min	PerXI01775	Cossel	Carl Eduard von	1807	1872	Hofchef hos Hertug Christian August af Augustenborg.	II:276;II:440					
courlander	kun_min	PerXI01786	Courlånder	Bernhard	1815	1898	Broder til Anthon C., Klavervirtuos, død som Professor ved Peabody-Konservatoriet i Baltimore.	I:137;I:138;I:139					
cæsar	kun_min	PerXI01821	Cæsar	Gaius Julius	100	144	romersk Statsmand, Feltherre og Forfatter.	I:165;II:54;VII:282					
cæsar	kun_xlsx								Cæsar	Gaius Julius	-100	-44	romersk Statsmand, Feltherre og Forfatter.
d'israeli	kun_min	PerXI02081	D'Israeli	Benjamin	1804	1881	engelsk Statsmand og Forfatter, 1876 Jarl af Beaconsfield.	III:209;III:223					
dahl	kun_min	PerXI01830	Dahl				Glorup 1856 (Siegwald?).	IV:234					
dahl	matchet_person_men_beskrivelse_afviger	PerXI01832	Dahl	Constance Maria, f. Døderlein	1817	1897	. g. 1847 m. Fr.C.B.D.	VII:263	Dahl	Constance Maria, f. Døderlein	1817	1897	g. 1847 m. Fr.C.B.D.
dahl	kun_min	PerXI01833	Dahl	Dagmar	1849		Datter af Johan D.	IX:115;IX:177;IX:190					
dahl	matchet_person_men_beskrivelse_afviger	PerXI01835	Dahl	Fr. C. B.	1822	1920	Rektor for Slagelse Realskole, Folketingsmand 1876-92, tit. Professor 1891.	VII:263	Dahl	Fr. C. B.	1822	1920	Rektor for Slagelse Realskole, Folketingsmand 1876–1892, tit. Professor 1891.
dahl	kun_min	PerXI01836	Dahl	Hans	1830	1921	Broder til Fr. C. B. D., Kateket og Overlærer i Svendborg 1865, 1873 Sognepræst i Skorup og Tvilum, senere i Keldby paa Møn, Sprogforsker og Sprogrenser.	VIII:425;VIII:426					
dahl	kun_min	PerXI01838	Dahl	Ida Andrea Augusta	1851		Datter af William D., g. 1892 m. Otto Vilhelm Bennet.	VI:250					
dahl	kun_xlsx								Dahl				Glorup 1856 (Siegwald?).
dahl	kun_xlsx								Dahl	Dagmar	1849		Datter af Johan D.
dahl	kun_xlsx								Dahl	Ida Andrea Augusta	1851		Datter af William D., g. 1892 m. Otto Vilhelm Bennet.
danmark	matchet_person_men_beskrivelse_afviger	PerXI01879	Danmark				Kongehuset, Kongefamilien.	VII:189;VIII:455;X:139;X:286;X:314;X:360;X:385;X:436;X:439;X:441	Danmark	Kongehuset, Kongefamilien			
danmark	matchet_person_men_beskrivelse_afviger	PerXI01880	Danmark	Alexandra, Prinsesse af —	1844	1925	Datter af Christian IX af D., g. 1863 m. Prins Edward af Wales (Edward VII). IV 472. V 19 130 155 269 323 338 369-71. — Se ogsaa: Wales, Alexandra, Prinsesse af. Danmark, Berengaria (Bengerd), Dronning af -, f. Prinsesse af Portugal (død 1221), g. 1214 m. Valdemar II Sejr af D.	II:285	Danmark	Alexandra, Prinsesse af –	1844	1925	Datter af Christian IX af D., g. 1863 m. Prins Edward af Wales (Edward VII).
danmark	matchet_person_men_beskrivelse_afviger	PerXI01883	Danmark	Caroline Amalie, Prinsesse af -, f. Prinsesse af Slesvig-Holsten-Sønderborg-Augustenborg	1796	1881	Datter af Frederik Christian af Augustenborg, g. 1815 m. Prins Christian (VIII) af D., Dronning 1839, Enkedronning 1848. I 499. II 326 359 422 424-25 427-32 434-35 441. III 1 7 10 12 33 188 336. IV 2 4-5 8 21 102 139 202 231 269 285 335. V457 11 12 18 26 129 130 133 143 145 148 149 383 385 426.	VI:29;VI:80;VI:82;VI:83;VI:84;VI:92;VI:196;VI:201;VI:204;VI:207;VI:217;VI:218;VI:266;VI:339;VII:9;VII:18;VII:248;VII:251;VII:252;VII:261;VII:311;VII:389;VII:390;VIII:1;VIII:152;VIII:158;VIII:159;VIII:161;VIII:255;VIII:261;VIII:343;VIII:344;VIII:347;VIII:369;VIII:389;VIII:426;VIII:430;VIII:435;IX:25;IX:32;IX:171;IX:173;IX:175;IX:194;IX:195;IX:223;IX:242;IX:243;IX:304;IX:361;IX:363;IX:364;IX:366;IX:367;IX:368;IX:369;IX:371;IX:373;IX:377;IX:379;IX:381;X:59;X:67;X:114;X:236;X:310;X:314;X:316;X:396;X:428;X:429;X:436;X:439;X:440	Danmark	Caroline Amalie, Prinsesse af –, f. Prinsesse af Slesvig-Holsten-Sønderborg-Augustenborg	1796	1881	Datter af Frederik Christian af Augustenborg, g. 1815 m. Prins Christian (VIII) af D., Dronning 1839, Enkedronning 1848.
danmark	matchet_person_men_beskrivelse_afviger	PerXI01887	Danmark	Christian II, Konge af —	1481	1559	Konge 1513-23.	I:151;II:15;II:268;II:437;II:438;II:442;III:124;III:340;III:379;IV:27;IV:234;IV:380;VI:134;VIII:381	Danmark	Christian II, Konge af –	1481	1559	Konge 1513–1523.
danmark	matchet_person_men_beskrivelse_afviger	PerXI01892	Danmark	Christian (IX), Prins af —	1818	1906	Konge 1863. IV 471 472. V 8 19 130 148 149 150 155 160 370 382-83 395 428-33 437 449-50. VI 1 7 12 14 16 32 33 36 40 46 48 59 76-77 86 87 104 118 120 125-27 129 131 163 194 195 197 203 208 228 230 284 307 316 317-19 326 330 347. VII 18 19 77 78 188-90 191 208 215 248-49 254 255 257 262 277 291 293 304-06 383 384 385 389. VIII 1 8 28 37 38 42 47-48 49 50 106 108 129 150 158 159 161 163 164 169 170 186 195-96 198 211 219 231 232 236 253-54 294 312 313 343 345 346 350 351 353 354 356 373 378 380 386 409 426 427 434-35 455 459. IX 2-3 8 31 35 41 43 44-45 54 66 154 167-68 175 253 302 306 316 326 363-65 366 367-68 370 372-73 376-79. X 30 34-36 39 44 45 49 51-52 57 60 61 62-63 64 66 84 111 127 139-40 149 199 202 218 227 232-33 236 237- 38 242-43 258 289 297 303 312 314- 15 330 341 349 356 371 372 376 378 384 396 406 414-15 417 421 424-26 431 432 440 446 468. — Se ogsaa: Glucksborg, Christian, Prins af -. Danmark, Christian (X), Prins af — (1870-1947), Søn af Frederik (VIII) af D., Kronprins 1906, Konge 1912.	VIII:416;VIII:426;VIII:444;VIII:445;IX:147;IX:175;IX:180;IX:181;IX:200;IX:230;X:62;X:238;X:314;X:374;X:377;X:406	Danmark	Christian (IX), Prins af –	1818	1906	Konge 1863.
danmark	kun_min	PerXI01894	Danmark				Dagmar, Dronning af -, f. Prinsesse af Bøhmen (død 1212), g. 1205 m. Valdemar II Sejr af D.	II:285					
danmark	matchet_person_men_beskrivelse_afviger	PerXI01895	Danmark	Dagmar, Prinsesse af —	1847	1928	Datter af Christian IX af D., g. 1866 m. Storfyrst Alexander Alexandrovié (Alexander III). V 130 323. VI 12 126 133-34 138 208 209 215 216. VII 18 188-90 205 369. — Se ogsaa: Rusland, Dagmar (Maria Feodorovna)		Danmark	Dagmar, Prinsesse af –	1847	1928	Datter af Christian IX af D., g. 1866 m. Storfyrst Alexander Alexandrovič (Alexander III).
danmark	matchet_person_men_beskrivelse_afviger	PerXI01904	Danmark	Frederik (VII), Kronprins af —	1808	1863	Konge 1848. II 106 269. III 5 364 411 424. IV 2-3 10 11 13 17 21 36 37 38 196 247 372 377 426 449. V 4 6 44 118 127 146-49 151 154 183 383-84 415 427-28 434-36 441 444-48 450-51. VI 32 84 88 111 131 152 153 211-13 257 281. VII 40 202 225-26 381. VIII 305 455. IX 103 278. X 59 163 166 423 (Æresborger i Odense)		Danmark	Frederik (VII), Kronprins af –	1808	1863	Konge 1848.
danmark	kun_min	PerXI01910	Danmark	Louise, Dronning af -, f. Prinsesse af Storbritannien	1724	1751	g. 1743 m. Kong Frederik V af D.	IX:235;IX:236					
danmark	matchet_person_men_beskrivelse_afviger	PerXI01912	Danmark	Louise (Lovisa), Kronprinsesse af -, f. Prinsesse af Sverrig-Norge	1851	1926	g. 1869 m. Kronprins Frederik (VIII) af D., Dronning 1906. VIII 229-30 238-39 243 245-46 250 254-55 291 345 346-47 351 355 386 416 437 445. IX 33 35 41 44 194-95 198-200 204 228 229 249 315 326 363 366. X 62 195-96 199 202 213 233 238 243 312 314-15 405-06. — Se ogsaa: Sverrig-Norge, Lovisa. Danmark, Louise, Prinsesse af — (1875- 1906), Datter af Frederik VIII, g. 1896 m. Prins Friederich Georg af Schaumburg-Lippe.	X:405;X:408	Danmark	Louise (Lovisa), Kronprinsesse af –, f. Prinsesse af Sverrig-Norge	1851	1926	g. 1869 m. Kronprins Frederik (VIII) af D., Dronning 1906.
danmark	kun_min	PerXI01919	Danmark				Valdemar, Konge af — (ikke nærmere betegnet).	VIII:384					
danmark	matchet_person_men_beskrivelse_afviger	PerXI01924	Danmark	Wilhelm, Prins af —	1845	1913	Søn af Christian IX ^ D., Konge af Grækenland (Georgios I) 1863. V 323 382. — Se ogsaa: Grækenland, Georgios I. Dannecker, Johann Heinrich von (1758- 1841), tysk Billedhugger.	II:368	Danmark	Wilhelm, Prins af –	1845	1913	Søn af Christian IX af D., Konge af Grækenland (Georgios I) 1863.
danmark	kun_xlsx								Danmark	Berengaria (Bengerd), Dronning af –, f. Prinsesse af Portugal		1221	g. 1214 m. Valdemar II Sejr af D.
danmark	kun_xlsx								Danmark	Christian (X), Prins af –	1870	1947	Søn af Frederik (VIII) af D., Kronprins 1906, Konge 1912.
danmark	kun_xlsx								Danmark	Dagmar, Dronning af –, f. Prinsesse af Bøhmen		1212	g. 1205 m. Valdemar II Sejr af D.
danmark	kun_xlsx								Danmark	Louise, Prinsesse af –	1875	1906	Datter af Frederik VIII, g. 1896 m. Prins Friederich Georg af Schaumburg-Lippe.
danmark	kun_xlsx								Danmark	Valdemar, Konge af –			(ikke nærmere betegnet).
danneskiold-samsøe	matchet_person_men_beskrivelse_afviger	PerXI01931	Danneskiold-Samsøe	Amalie (Amy), Komtesse	1843	1876	Datter af Chr. D.-S. (1800-86), g. 1865 m. Grev Christian Moltke-(Lystrup). VI 328 330. — Se ogsaa: Moltke, Amalie. Danneskiold-Samsøe, Christian Conrad Sophus, Greve (1800-86), Søn af Henriette D.-S., Overstaldmester hos Kong Christian VIII, Overskænk hos Kong Frederik VII, 1867 Gehejmekonferensraad, 1869 Lensgreve og Besidder af Grevskabet Samsø og Overdirektør for Gisselfeld adelige Kloster.	II:271;II:273;II:419;VI:329;VI:330;VII:256;VIII:48;VIII:173;VIII:347;VIII:353;VIII:355;VIII:360;VIII:361;IX:31;IX:35;IX:44;IX:66;IX:237;IX:291;IX:325	Danneskiold-Samsøe	Amalie (Amy), Komtesse	1843	1876	Datter af Chr. D.-S. (1800–1886), g. 1865 m. Grev Christian Moltke-(Lystrup).
danneskiold-samsøe	matchet_person_men_beskrivelse_afviger	PerXI01932	Danneskiold-Samsøe	Christian Conrad Sophus, Greve	1836	1908	Søn af Sophus D.-S., Godsejer, 1869-76 Hofchef hos Kronprins Frederik (VIII), 1894 Chef for Det kgl. Teater.	V:338;V:391;VI:218;VII:70;VII:71;VII:74;VII:75;VII:81;VIII:69;VIII:111;VIII:254;VIII:355;VIII:445;IX:2;IX:212;IX:228;X:199	Danneskiold-Samsøe	Christian Conrad Sophus, Greve	1836	1908	Søn af Sophus D.-S., Godsejer, 1869–1876 Hofchef hos Kronprins Frederik (VIII), 1894 Chef for Det kgl. Teater.
danneskiold-samsøe	matchet_person_men_beskrivelse_afviger	PerXI01933	Danneskiold-Samsøe	Christian Frederik, Greve	1838	1914	Søn af Chr. D.-S. (1800-86), Lensgreve og Besidder af Grevskabet Samsø samt Overdirektør for Gisselfeld Kloster 1886.	VIII:115;VIII:117;VIII:200;VIII:355	Danneskiold-Samsøe	Christian Frederik, Greve	1838	1914	Søn af Chr. D.-S. (1800–1886), Lensgreve og Besidder af Grevskabet Samsø samt Overdirektør for Gisselfeld Kloster 1886.
danneskiold-samsøe	kun_min	PerXI01934	Danneskiold-Samsøe	Elisabeth, Grevinde, f. Brudenell-Bruce	1807	1847	g. 1833 m. Christian Conrad Sophus D.-S.	II:270;II:271					
danneskiold-samsøe	matchet_person_men_beskrivelse_afviger	PerXI01935	Danneskiold-Samsøe	Elisabeth, Komtesse	1866	1950	Datter af Chr. D.-S. (1836-1908), g. 1887 m. senere Udenrigsminister Grev William Ahlefeldt- Laurvig.	X:194;X:429	Danneskiold-Samsøe	Elisabeth, Komtesse	1866	1950	Datter af Chr. D.-S. (1836–1908), g. 1887 m. senere Udenrigsminister Grev William Ahlefeldt-Laurvig.
danneskiold-samsøe	matchet_person_men_beskrivelse_afviger	PerXI01936	Danneskiold-Samsøe	Elisabeth, Komtesse	1869	1948	Datter af Chr. D-S. (1838-1914), g. 1896 m. Grev Aage Moltke-(Lystrup), senere Dekanesse for Vallø Stift.	VIII:231;VIII:356	Danneskiold-Samsøe	Elisabeth, Komtesse	1869	1948	Datter af Chr. D-S. (1838–1914), g. 1896 m. Grev Aage Moltke- (Lystrup), senere Dekanesse for Vallø Stift.
danneskiold-samsøe	matchet_person_men_beskrivelse_afviger	PerXI01940	Danneskiold-Samsøe	Frederikke (Fritze), Komtesse	1865	1949	Datter af Chr. D.-S. (1836-1908), g. 1884 m. Mogens Krag-Juel-Vind-Frijs.	IX:2;X:429	Danneskiold-Samsøe	Frederikke (Fritze), Komtesse	1865	1949	Datter af Chr. D.-S. (1836–1908), g. 1884 m. Mogens Krag-Juel-Vind-Frijs.
danneskiold-samsøe	matchet_person_men_beskrivelse_afviger	PerXI01942	Danneskiold-Samsøe	Henriette, Grevinde, f. Komtesse Krag-Juel-Vind- Frijs	1848	1897	Datter af C. E. Krag- Juel-Vind-Frijs, g. 1867 m. senere Lensgreve Christian D.-S. (1838- 1914). VIII 31 114-15 200 231 356. — Se ogsaa: Frijs, Henriette Krag-Juel- Vind-. Danneskiold-Samsøe, Louise, Grevinde, f. von Zytphen (1818-1903), Datter af Louise Augusta von Z., g. 1850 m. Christian D.-S. (1800-86). VI 329-30. VII 250. VIII 48 347 361. IX 66 246. — Se ogsaa: Zytphen, Louise. Danneskiold-Samsøe, Otto, Greve (1841- 96), Søn af Sophus D.-S., Sekondløjtnant, 1867 Premierløjtnant, Hofjægermester.	VII:365	Danneskiold-Samsøe	Henriette, Grevinde, f. Komtesse Krag-Juel-Vind-Frijs	1848	1897	Datter af C. E. Krag-Juel-Vind-Frijs, g. 1867 m. senere Lensgreve Christian D.-S. (1838–1914).
danneskiold-samsøe	matchet_person_men_beskrivelse_afviger	PerXI01944	Danneskiold-Samsøe	Valdemar, Greve	1864	1931	Søn af Chr. D.-S. (1836- 1908), senere Premierløjtnant i Søetaten.	X:429	Danneskiold-Samsøe	Valdemar, Greve	1864	1931	Søn af Chr. D.-S. (1836–1908), senere Premierløjtnant i Søetaten.
danneskiold-samsøe	matchet_person_men_beskrivelse_afviger	PerXI01945	Danneskiold-Samsøe	Wanda, Grevinde, f. Zahrtmann	1842	1916	Datter af C. C. Zahrtmann, g. 1863 m. Christian D.-S. (1836-1908). V 391. VI 119 218 337. VIII 69 111. IX 2 212-15 228 360-61 366. X 43 192 194 429. — Se ogsaa: Zahrtmann, Wanda. Dante Alighieri (1265-1321), italiensk Digter.	I:207;I:240;I:293;I:306;I:384;I:388;I:394;I:433;I:434;I:457;II:65;II:79;V:66	Danneskiold-Samsøe	Wanda, Grevinde, f. Zahrtmann	1842	1916	Datter af C. G. Zahrtmann, g. 1863 m. Christian D.-S. (1836–1908).
danneskiold-samsøe	kun_xlsx								Danneskiold-Samsøe	Christian Conrad Sophus, Greve	1800	1886	Søn af Henriette D.-S., Overstaldmester hos Kong Christian VIII, Overskænk hos Kong Frederik VII, 1867 Gehejmekonferensraad, 1869 Lensgreve og Besidder af Grevskabet Samsø og Overdirektør for Gisselfeld adelige Kloster.
danneskiold-samsøe	kun_xlsx								Danneskiold-Samsøe	Louise, Grevinde, f. von Zytphen	1818	1903	Datter af Louise Augusta von Z., g. 1850 m. Christian D.-S. (1800–1886).
danneskiold-samsøe	kun_xlsx								Danneskiold-Samsøe	Otto, Greve	1841	1896	Søn af Sophus D.-S., Sekondløjtnant, 1867 Premierløjtnant, Hofjægermester.
dauzats	kun_min	PerXI01961	Dauzats	Adrien	1804	1868	fransk Maler. III 148-50. d'Avezac, A. G. V. (1780-1851), amerikansk Gesandt i Haag.	III:199					
david d'angers	kun_min	PerXI01980	David d'Angers	P. J.	1788	1856	fransk Billedhugger.	II:352;II:353;II:358;II:360;III:142;VII:342;VIII:301					
de geer af finspang	kun_min	PerXI02001	De Geer af Finspång	Ebba, Friherreinde	1828	1885	g. 1850 m. Hans Wachtmeister.	III:305;III:306					
dentu	kun_min	PerXI02030	Dentu	E.	1830	1884	fransk Forlagsboghandler.	V:373;V:374					
dittmarsch	kun_min	PerXI02083	Dittmarsch	Carl	1790	1872	Overregissør ved Hofteatret i Dresden, tidligere Skuespiller.	IV:228;IV:229					
dorscheus	kun_min	PerXI02122	Dorscheus	Chr. Fr. Sophus	1813	1868	Major, Postmester i Kalundborg.	V:179;V:180					
dreves	kun_min	PerXI02136	Dreves	Leberecht	1818	1870	tysk lyrisk Digter, Advokat i Hamburg, Notar sst. 1847-61.	III:13;III:14					
due	kun_min	PerXI02187	Due	Frederik	1796	1873	norsk Statsminister i Stockholm 1841, svensknorsk Gesandt i Wien 1858-71.	III:88;III:89;III:90;III:92;III:311;III:312;III:314;III:324;III:325;VII:251;VIII:285;VIII:286;IX:198;IX:220;IX:221;IX:224;IX:226					
due	matchet_person_men_beskrivelse_afviger	PerXI02188	Due	Frederik Georg Knut	1833	1906	Søn af Frederik D., svensk-norsk Chargé d'affaires i Paris 1861-69, senere Gesandt, sidst i Paris.	V:370	Due	Frederik Georg Knut	1833	1906	Søn af Frederik D., svensk-norsk Chargé d’affaires i Paris 1861–1869, senere Gesandt, sidst i Paris.
dulcken	matchet_person_men_beskrivelse_afviger	PerXI02191	Dulcken	H. W.	1832	1894	dr.phil., engelsk Litterat, Oversætter af H.C.A.s Eventyr.	VII:243	Dulcken	H. W.	1832	1894	dr.phil., engelsk Litterat, Oversætter af H.C. Andersens Eventyr.
dulcken	kun_min	PerXI02192	Dulcken	Luise van, f. David	1811	1850	Søster til Ferd. David, Hofpianistinde hos Dronning Victoria af Storbritannien og Irland.	III:177;III:178					
ebert	kun_min	PerXI02242	Ebert	Friedrich Adolf	1791	1834	Overbibliotekar ved det kgl. Bibliotek i Dresden.	I:95;I:96					
eckhoff	kun_min	PerXI02257	Eckhoff	Christian	1837	1899	Søn af J.W.E., Officer i østrigsk Tjeneste.	II:304;II:305					
eckhoff	kun_min	PerXI02259	Eckhoff	Magdalene (Lehnchen)	1834	1913	Datter af J.W.E.	II:304;II:305					
egidius	kun_min	PerXI02274	Egidius	Frøknerne Hildur	1835	1892	Inga (1841-1919) og Iduna (1844- 1925), Døtre af norsk Konsul Th. Egidius, Amsterdam.	VII:47					
egidius	kun_xlsx								Egidius	Frøknerne			Hildur (1835–1892), Inga (1841–1919) og Iduna (1844–1925), Døtre af norsk Konsul Th. Egidius, Amsterdam.
ejbye	kun_min	PerXI02304	Ejbye	Abelone, f. Hansdatter	1803	1870	Enke efter Brændevinsbrænder Poul E., Nyborg, søger 1847 Aktionærer til sit planlagte Garveri (»Hjertesorg«).	III:185;III:186					
enholm	kun_min	PerXI02343	Enholm	Lorentz Peter (død 1841), Skuespiller ved Det kgl. Teater. I 133 456. Épée, Charles-Michel, Abbé de 1'	1712	1789	Grundlæggeren af den skolemæssige Døvstummeundervisning.	II:341					
enholm	kun_xlsx								Enholm	Lorentz Peter		1841	Skuespiller ved Det kgl. Teater.
esbensen	matchet_person_men_beskrivelse_afviger	PerXI02359	Esbensen	Andreas	1803	1856	Læge i Odense, Distriktslæge 1848, Broder til Amtmand F.A.E.	IV:351	Esbensen	Andreas	1803	1856	Læge i Odense. Distriktslæge 1848, Broder til Amtmand F.A.E.
esbensen	kun_min	PerXI02360	Esbensen	Anna Marie Karine	1843		Datter af Andreas E.	IV:351					
esbensen	matchet_person_men_beskrivelse_afviger	PerXI02362	Esbensen				Betty Sophie, Datter af J.R.E.	IV:33	Esbensen	Betty Sophie			Datter af J.R.E.
esbensen	kun_min	PerXI02364	Esbensen	Frederik August	1802	1872	Amtmand i Hjørring 1850-67, Konferensraad 1867.	IV:351;IV:352					
esbensen	matchet_person_men_beskrivelse_afviger	PerXI02366	Esbensen	Johan Riber	1798	1885	Sognepræst i Langaa, Fyn 1835, i Flemløse 1845-83.	II:288;IV:33	Esbensen	Johan Riber	1798	1885	Sognepræst i Langaa, Fyn 1835, i Flemløse 1845–1883.
esbensen	matchet_person_men_beskrivelse_afviger	PerXI02367	Esbensen				Marie Cathrine Lucie, Datter af J.R.E. IV 33. l'Escaille, Sidonie Constance Henriette de, Prinsesserne Dagmars og Thyras Guvernante.	VII:189;VIII:64;VIII:65	Esbensen	Marie Cathrine Lucie			Datter af J.R.E.
esbensen	kun_xlsx								Esbensen	Anna Marie Karine	1843		Datter af Andreas E.
eyckholt	kun_min	PerXI02397	Eyckholt				Fader til Fru Lowener, Gent 8.9.5.1868.	VIII:64;VIII:65					
eyckholt	kun_min	PerXI02398	Eyckholt	Frue, Moder til Fru Lowener, Gent 8.5.1868. VIII 64. F. Faaborg, Christian	1811	1857	Operasanger ved Det kgl. Teater 1835-50, 1851 Klasselotterikollektør i København, 1855 Kammerassessor.	IV:414					
eyckholt	kun_xlsx								Eyckholt	Frue			Moder til Fru Löwener, Gent 8.5.1868.
faber	kun_min	PerXI02403	Faber	Ludvig	1798	1876	fhv. Ritmester, Postmester i Frederikshavn.	IV:353;IV:354					
facius	kun_min	PerXI02421	Facius	Angelica	1806	1887	Billedhuggerinde, Weimar.	III:48;III:49					
facius	kun_min	PerXI02422	Facius	Bertha	1809	1873	Søster til Angelica F., Weimar.	III:48;III:49					
fahræus	kun_min	PerXI02401	Fåhræus	Olof Immanuel	1796	1884	Tvillingbroder til J.F.F., Landshøvding i Goteborg, Politiker, Entomolog.	III:298;III:299					
falbe	kun_min	PerXI02427	Falbe	Christian Frederik	1828	1896	Søn af Chr. T. F., Ministerresident i Wien 1865, derefter Gesandt, 1880-90 Gesandt i London, Kammerherre 1866.	VIII:275;VIII:276;VIII:277;VIII:278;VIII:279;VIII:280;VIII:284;VIII:285;IX:266;IX:267;IX:268;IX:269					
falbe	matchet_person_men_beskrivelse_afviger	PerXI02428	Falbe	Christian Tuxen	1791	1849	kar. Kaptajn i Søetaten, Generalkrigskommissær, 1841 kar. Kommandørkaptajn, 1846 Kammerherre, 1847 Direktør for Christian VIII.s arkæologiske Samling paa Amalienborg, Arkæolog og Numismatiker.	II:42	Falbe	Christian Tuxen	1791	1849	kar. Kaptajn i Søetaten, Generalkrigskommissær, 1841 kar. Kommandørkaptajn, 1846 Kammerherre, 1847 Direktør for Christian VIII's arkæologiske Samling på Amalienborg, Arkæolog og Numismatiker.
falbe	matchet_person_men_beskrivelse_afviger	PerXI02436	Falbe				Wilhelmine (Mine) Ulrikke (1782 1858), Søster til Engelke Colbiørnsen.	I:32;I:37	Falbe	Wilhelmine (Mine) Ulrikke			Søster til Engelke Colbiørnsen.
falkenskiold	kun_min	PerXI02443	Falkenskiold	Martha Nicoline, f. Holtermann	1818	1883	g. 1842 m. J.A.F. F.	VI:41;VI:42					
fibiger	matchet_person_men_beskrivelse_afviger	PerXI02515	Fibiger	Johannes	1821	1897	residerende Kapellan ved Garnisons Kirke, 1874 Sognepræst i Vallensved, 1881-95 i Ønslev og Eskilstrup, Digter.	V:167;VI:167;VII:13	Fibiger	Johannes	1821	1897	residerende Kapellan ved Garnisons Kirke, 1874 Sognepræst i Vallensved, 1881–1895 i Ønslev og Eskilstrup, Digter.
fibiger	kun_min	PerXI02516	Fibiger	Laura	1845	1912	eller Margrethe (1846-1927), Døtre af Axel F.	VI:247					
fibiger	kun_xlsx								Fibiger	Laura (1845–1912) eller Margrethe	1846	1927	Døtre af Axel F.
fiedler	kun_min	PerXI02521	Fiedler	Frederik Julius	1806	1880	cand. jur., Volontør i Danske Kancelli, 1837 Kancellist, 1843 Assessor i Landsoversamt Hof og Stadsretten, 1860 Justitiarius sst.; 1854 Justitsraad, 1859 Etatsraad, 1868 Konferensraad.	I:506;I:507					
fiesole	kun_min	PerXI02525	Fiesole	Giovanni da	1387	1455	italiensk Maler.	I:230;I:245;II:114					
finck	kun_min	PerXI02528	Finck	Friedrich August von	1718	1766	preussisk Generalløjtnant, efter Kapitulationen ved Maxen 1759 og Krigsfangenskab idømt Kassation 1763, s.A. dansk General af Infanteriet og Deputeret 1765 i General-Krigs-Direktorariet.	IV:62;IV:63					
finsen	matchet_person_men_beskrivelse_afviger	PerXI02533	Finsen	Hilmar	1824	1886	Stiftamtmand (Landshøvding) paa Island 1865, Overpræsident i København 1883, Indenrigsminister 1883-85, derpaa igen Overpræsident.	VIII:197	Finsen	Hilmar	1824	1886	Stiftamtmand (Landshøvding) på Island 1865, Overpræsident i København 1883, Indenrigsminister 1883–1885, derpaa igen Overpræsident.
finsen	kun_min	PerXI02534	Finsen	Oluf	1825	1896	exam. jur., 1848 Godsforvalter paa Nysø, 1853 paa Giesegaard, 1865 Stiftsforvalter paa Vallø, 1874 Justitsraad, 1885 Etatsraad.	VI:341;VI:342					
firmenich	kun_min	PerXI02536	Firmenich	Broder til Johann Mathias F. IV 178. Firmenich (Richartz), Johann Mathias	1808	1889	tysk Forfatter og Oversætter, Professor 1860.	I:419;I:421;I:422;I:430;I:438;I:439;IV:178					
firmenich	kun_xlsx								Firmenich				Broder til Johann Mathias F.
fisker	kun_min	PerXI02545	Fisker	Frederikke Wilhelmine Pauline, f. Govl	1830	1905	Enke efter Læge Lorentz Henrik F.	VI:256;VI:257					
fisker	kun_min	PerXI02546	Fisker	Julie	1854	1937	Datter af Frederikke Wilhelmine Pauline F., g. 1876 m. Vicedirektør i Forsikringsselskabet Skandia N. V. Th. Stedt.	VI:256;VI:257					
flemming	kun_min	PerXI02556	Flemming	Armgard, Grevinde, f. von Arnim	1821	1880	Datter af Ludwig Achim von Arnim, g. 1860 m. Grev Albert F.	VII:354					
fock	kun_min	PerXI02572	Fock	Hedvig Charlotta Catharina, Friherreinde, f. Grevinde von Saltza	1805	1875	Datter af Edvard Fredrik von Saltza, Enke efter Kammerherre, Friherre Henrik Vilhelm F.	III:344;III:345;III:346;III:348;III:349					
franzos	kun_min	PerXI02644	Franzos	Angelo, italiensk Billedhugger. I 199. Frauenlob (Heinrich von Meissen)	1260	1318	tysk Mestersanger.	II:368;III:166					
franzos	kun_xlsx								Franzos	Angelo			Italiensk Billedhugger.
frohlich	kun_min	PerXI02750	Fröhlich				Bankier i München.	IV:444;V:103					
frohlich	kun_min	PerXI02751	Fröhlich	J. F.	1806	1860	Komponist.	I:96;I:97;I:98;I:101;I:102;I:103;I:104					
frohlich	kun_xlsx								Fröhlich				Bankier i München.
from	kun_min	PerXI02732	From	Christian	1818	1890	fhv. Købmand, Kommissær og Fæstemand i Odense.	VIII:256;VIII:257;VIII:258					
furstenau	kun_min	PerXI02776	Furstenau	Anton Bernhard	1792	1852	Fløjtenist ved Hofkapellet i Dresden, Kammervirtuos, Komponist.	I:500;I:501					
gayl	kun_min	PerXI02859	Gayl	Anna von, Friherreinde, f. Hollmann	1796	1857	g. 1819 m. Generalløjtnant, storhertugelig oldenburgsk Kammerherre Ludwig Dietrich v. G.	III:179;III:180					
gerhard	kun_min	PerXI02896	Gerhard	Gert	1292	1340	holstensk Greve, Hertug af Sønderjylland.	IV:359					
gerlach	matchet_person_men_beskrivelse_afviger	PerXI02898	Gerlach	C. L.	1833	1893	Syngemester ved Det kgl. Teater 1863-88, Komponist.	VIII:364	Gerlach	G. L.	1833	1893	Syngemester ved Det kgl. Teater 1863–1888, Komponist.
gerlach	kun_min	PerXI02899	Gerlach	Leocadie, f. Bergnehr	1826	1919	Operasangerinde ved Det kgl. Teater, g. 1° 1852 m. Lysestøber Carl Edvard Fossum, 2° 1861 m. Syngemester Carl Ludvig G. V 165. VI 182. VII 378. VIII 34. IX 39-40 45. X 339. — Se ogsaa: Bergnehr, Leocadie, og Fossum, Leocadie. Germar, Frk., se: Villers, Helene.	IV:62					
gervinus	kun_min	PerXI02907	Gervinus	Georg Gottfried	1803	1871	tysk Historiker og Litteraturhistoriker, fra 1844 Professor i Heidelberg.	II:365;II:366					
gervinus	kun_min	PerXI02908	Gervinus	Victoria, f. Schelver	1817	1893	g. 1836 m. Georg Gottfried G.	II:365;II:366					
girard	kun_min	PerXI02932	Girard	Jules-Frédéric Othenin-	1807	1883	Sognepræst i Les Brenets.	IV:410;IV:411					
glahn	kun_min	PerXI02949	Glahn	Hans Egede	1814	1898	Stiftsprovst i Aalborg Stift og Sognepræst ved Budolphi Kirke 1859, Sognepræst i Store Hedinge 1871.	VIII:386;VIII:387					
gleichen-russwurm	kun_min	PerXI02955	Gleichen-Russwurm	Ludwig von, Friherre	1836	1901	. Dattersøn af Fr. v. Schiller.	IV:285;IV:286					
glinka	kun_min	PerXI02957	Glinka	Michael Ivanovitj	1804	1857	russisk Komponist.	VIII:243;VIII:246					
gnecco	kun_min	PerXI02975	Gnecco	Francesco	1760	1810	italiensk Operakomponist.	I:349;I:350					
good	kun_min	PerXI02999	Good	William	1819	1879	dansk Købmand i Antwerpen.	VII:63;VII:64;VII:65;VII:66					
govl	kun_min	PerXI03018	Govl				Doris, f. Risler (død 1874), Enke efter Ritmester Carl Fr. G., Præstø.	V:388;VI:256					
govl	kun_min	PerXI03019	Govl	Povline	1834	1882	Datter af Doris G., Lærerinde ved N. Zahles Skole 1866, Forstanderinde sst. 1870.	V:388;VI:256					
grant	kun_min	PerXI03036	Grant	Ulysses S.	1822	1885	amerikansk General, De Forenede Staters Præsident 1869-77.	X:316;X:317					
gregoire	kun_min	PerXI03048	Grégoire	Ernest, fransk Journalist, Oversætter af HCA.s Eventyr. Deltager i det franske Journalistbesøg i København August 1867. VII 343 347 349- 51. X 54-55 61 64 72 159 160 161 168-69 189 201 202 224 470. Gregor VII (død 1085), Pave 1073. I 339. Gregor XIV	1535	1591	Pave 1590. I 276. Gregor XVI (1765-1846), Pave 1831.	I:218;I:225;I:242;I:260;I:261;I:266;I:274;I:281;I:285;I:294;I:302;I:303;I:305;I:368;I:369;I:372;I:374;I:402;II:93;II:106;II:111;II:120;II:121;II:126;II:129;II:231;III:88;III:89;III:91;III:108;III:123					
gregoire	kun_xlsx								Grégoire	Ernest			Fransk Journalist, Oversætter af H.C. Andersens Eventyr. Deltager i det franske Journalistbesøg i København August 1867.
gude	kun_min	PerXI03120	Gude	Betsy, f. Anker	1830	1912	g. 1850 m. H.F.G.	IX:298;IX:299					
gutfeld	kun_min	PerXI03150	Gutfeld	Caroline Frederikke, f. Bigum	1766	1848	g. 1790 m. F.C.G.	I:39;I:40					
gyllenram	kun_min	PerXI03168	Gyllenram	Mauritz	1840	1926	svensk Løjtnant, 1868-69 i fransk Tjeneste i Algier, Kaptajn 1878, Afsked 1906, Godsejer.	VIII:322;VIII:323					
haffner	matchet_person_men_beskrivelse_afviger	PerXI03205	Haffner				Familien.	III:58	Haffner	Familien			
haffner	kun_min	PerXI03206	Haffner	General (enten Generalmajor Wenzel H.	1774	1844	eller Generalløjtnant Wolfgang H. (1770-1829)).	VI:120					
haffner	matchet_person_men_beskrivelse_afviger	PerXI03211	Haffner	Wolfgang	1810	1887	Broder til Waldemar H., Besidder af Egholm, Ritmester, 1869 kar. Oberst, 1871 kar. Generalløjtnant, Landstingsmand, 1869 Indenrigsminister, Krigs- og Marineminister 1870-72 og 1875-77, Kammerherre 1847.	IV:136;VI:233;VI:236;VI:241;VII:215;VIII:115;VIII:117;VIII:119;VIII:343;VIII:344;IX:33;IX:46;IX:252;IX:364;X:279	Haffner	Wolfgang	1810	1887	Broder til Waldemar H., Besidder af Egholm, Ritmester, 1869 kar. Oberst, 1871 kar. Generalløjtnant, Landstingsmand, 1869 Indenrigsminister, Krigs- og Marineminister 1870–1872 og 1875–1877, Kammerherre 1847.
haffner	kun_xlsx								Haffner				General (enten Generalmajor Wenzel H. (1774–1844) eller Generalløjtnant Wolfgang H. (1770–1829)).
hage	kun_min	PerXI03215	Hage	Christopher	1841	1864	Søn af Alfred H., Reserveofficersaspirant.	VI:44;VI:45;VI:46					
hage	matchet_person_men_beskrivelse_afviger	PerXI03219	Hage				Maria Sophia, Trollhåttan 1805.	III:380	Hage	Maria Sophia			Trollhättan 1805.
hage	matchet_person_men_beskrivelse_afviger	PerXI03220	Hage				V., Trollhåttan 1805.	III:380	Hage	V.			Trollhättan 1805.
hagen	matchet_person_men_beskrivelse_afviger	PerXI03223	Hagen	Amalie, f. Price	1831	1892	Skuespillerinde ved Casino, g. 1862 m. Korpslæge i Søetaten Chr. August H. VI 14 18 25 26 118. IX 49. — Se ogsaa: Price, Amalie. Hagen, Boline (1847-?), Datter af Carl H., Skuespillerinde ved Det kgl. Teater 1874-76.	X:418	Hagen	Amalie, f. Price	1831	1892	Skuespillerinde ved Casino, g. 1862 m. Korpslæge i Søetaten Chr. August H.
hagen	kun_min	PerXI03226	Hagen	Frederik August	1796	1872	Broder til Frants H., exam. jur. 1814, Partikulier, bosiddende 1834 i Berlin.	I:68;I:69					
hagen	kun_min	PerXI03227	Hagen				Joris van der (eller Verhagen) (1615(?)-69), hollandsk Maler.	II:314					
hagen	kun_xlsx								Hagen	Boline	1847		Datter af Carl H., Skuespillerinde ved Det kgl. Teater 1874–1876.
hagen	kun_xlsx								Hagen	Joris van der (eller Verhagen) (1615(?)-69)	1615	1669	Hollandsk Maler.
halkier	kun_min	PerXI03245	Halkier	Laurits	1841	1930	Direktør for Alhambra 1868, cand. theol. s. A., senere Sognepræst paa Norderø og derefter paa Øland, Aalborg St., Afsked 1888.	VIII:145;VIII:146					
halm	kun_min	PerXI03254	Halm	Friedrich (Pseud. f. Eligius Franz Joseph von Munch-Bellinghausen)	1806	1871	østrigsk Skuespilforfatter, se: Munch-Bellinghausen, E. F. J. von. Hamann, Caroline, f. Lindberg (død 1898, 81 Aar gl.), g.m. P. H. H.	VIII:103					
hamilton	kun_min	PerXI03262	Hamilton				Mrs., Loch Lomond 21.8.1847.	III:257;III:258					
hamilton	kun_min	PerXI03263	Hamilton				Mrs., Marseille 29.11.1869.	VIII:301;VIII:302					
hamilton	matchet_person_men_beskrivelse_afviger	PerXI03266	Hamilton	Agnes, Grevinde, f. Geijer	1824	1885	Datter af E.G.Geijer, g. 1847 m. Adolf H. (1820-96).	III:367;III:369;III:370;III:371;VI:292;VI:293;VI:294;VIII:153;VIII:154	Hamilton	Agnes, Grevinde, f. Geijer	1824	1885	Datter af E.G.Geijer, g. 1847 m. Adolf H. (1820–1896).
hamilton	matchet_person_men_beskrivelse_afviger	PerXI03267	Hamilton				Andrew, skotsk Forfatter, opholdt sig i Danmark 1849-50.	III:410;III:414;V:423;V:437;V:439;VI:17;VI:29;VI:38	Hamilton	Andrew			skotsk Forfatter, opholdt sig i Danmark 1849–1850.
hamilton	matchet_person_men_beskrivelse_afviger	PerXI03268	Hamilton	Anna, Grevinde	1848	1913	Datter af Adolf H. (1820-96), g. 1876 m. Lægen Gustaf Vilhelm Geete, Forfatterinde.	III:369;III:371;VI:294	Hamilton	Anna, Grevinde	1848	1913	Datter af Adolf H. (1820–1896), g. 1876 m. Lægen Gustaf Vilhelm Geete, Forfatterinde.
hamilton	kun_min	PerXI03272	Hamilton	James, Viscount	1811	1885	Marquess of Abercorn.	III:220;III:221					
hamilton	kun_min	PerXI03275	Hamilton	Malkolm, Greve	1825	1903	Søn af Hugo H., Underløjtnant ved Vestgöta Regiment, deltog i det svenske Troppekontingent paa Fyn 1848, senere Generalløjtnant.	III:367;III:368					
hammer	kun_min	PerXI03279	Hammer				Smedemester i Helsingør.	II:273					
hammer	matchet_person_men_beskrivelse_afviger	PerXI03281	Hammer	O. C.	1822	1892	Kaptajnløjtnant i Søetaten, 1889 kar. Kaptajn, 1865-71 Leder af »Det danske Fiskeriselskab« (Hval- og Robbefangst i det nordlige Ishav), 1882 Savværksejer i Jemtland.	VII:243;VII:248;VIII:26;VIII:130	Hammer	O. C.	1822	1892	Kaptajnløjtnant i Søetaten, 1889 kar. Kaptajn, 1865–1871 Leder af »Det danske Fiskeriselskab« (Hval- og Robbefangst i det nordlige Ishav), 1882 Savværksejer i Jemtland.
hammer	kun_min	PerXI03282	Hammer	William	1821	1889	Blomstermaler.	IX:32;IX:33					
hammer	kun_xlsx								Hammer				Smedemester i Helsingør.
hansen	kun_min	PerXI03306	Hansen	London 1847, ansat i Hambros Firma? III 218 231. (218 maaske = Grosserer A. N. Hansen	1798	1873	231 maaske hans Søn Alfred (se denne))						
hansen	kun_min	PerXI03307	Hansen				Isted-Løvens Afsløring, Flensborg 25.7.1862.	V:188					
hansen	kun_min	PerXI03309	Hansen				Frøken, Logerende hos Thora Hallager 1875, samler Anbefalinger for Frk. Hallager til Opnaaelse af en Lotterikollektion.	X:409;X:410;X:411					
hansen	kun_min	PerXI03310	Hansen				Gartner paa Holsteinborg 1866.	VII:227					
hansen	kun_min	PerXI03311	Hansen				Sadelmager.	IX:133					
hansen	kun_min	PerXI03312	Hansen				Skomager, der vil laane Penge.	V:9					
hansen	matchet_person_men_beskrivelse_afviger	PerXI03314	Hansen				Albert, Lystspilforfatter (8.12. 1864).	VI:163	Hansen	Albert			Lystspilforfatter (8.12.1864).
hansen	matchet_person_men_beskrivelse_afviger	PerXI03315	Hansen	Aleth	1817	1889	Provst, Kultusminister 1868-69, 1870-81 Sognepræst i Ledøje og Smørum.	VIII:42;VIII:46;VIII:124;VIII:454;VIII:459;X:284	Hansen	Aleth	1817	1889	Provst, Kultusminister 1868–1869, 1870–1881 Sognepræst i Ledøje og Smørum.
hansen	matchet_person_men_beskrivelse_afviger	PerXI03317	Hansen				Amalie, Romanforfatterinde, Hjordkær ved Aabenraa (Juni 1860).	IV:377	Hansen	Amalie			Romanforfatterinde, Hjordkær ved Aabenraa (Juni 1860).
hansen	matchet_person_men_beskrivelse_afviger	PerXI03318	Hansen	Anders (kaldet Traes)	1751	1827	Skomager, HCA.s Farfar.	VIII:53	Hansen	Anders (kaldet Traes)	1751	1827	Skomager, H.C. Andersens Farfar.
hansen	matchet_person_men_beskrivelse_afviger	PerXI03319	Hansen				Anna, Datter af Jørgen Salomon H., 9 Aar 1859.	IV:327	Hansen	Anna			Datter af Jørgen Salomon H., 9 år 1859.
hansen	matchet_person_men_beskrivelse_afviger	PerXI03320	Hansen	Anna (Jeanette), f. Tardini	1845	1918	Balletdanserinde ved Det kgl. Teater, g. 1864 m. Emil H. VI 312. VIII 49. IX 184. — Se ogsaa: Tardini, Anna. Hansen, Anna Maria Sigrid (1856-83), Datter af Aleth H., g. 1882 m. Kapellan pro loco i Herfølge Conrad Friedrich Valdemar Schmidt-Phiseldeck, sidst Sognepræst ved St. Hans Kirke i Odense.	X:284	Hansen	Anna (Jeanette), f. Tardini	1845	1918	Balletdanserinde ved Det kgl. Teater, g. 1864 m. Emil H.
hansen	matchet_person_men_beskrivelse_afviger	PerXI03321	Hansen	C. A.	1810	1874	Domorganist i Ribe 1836-74.	VI:185;VIII:212	Hansen	C. A.	1810	1874	Domorganist i Ribe 1836–1874.
hansen	matchet_person_men_beskrivelse_afviger	PerXI03322	Hansen	C. A. V.	1836	1895	Søn af C. B. H., Hofstolemager, Holmens Kanal 2.	VIII:180	Hansen	G. A. V.	1836	1895	Søn af G. B. H., Hofstolemager, Holmens Kanal 2.
hansen	matchet_person_men_beskrivelse_afviger	PerXI03324	Hansen	C. F.	1788	1873	Generalløjtnant, Krigsminister 1848-51, 1852-54 og 1864-65.	IV:40;VI:85	Hansen	G. F.	1788	1873	Generalløjtnant, Krigsminister 1848–1851, 1852–1854 og 1864–1865.
hansen	matchet_person_men_beskrivelse_afviger	PerXI03326	Hansen				Carl, Magnetisør, gav Forestillinger paa Folketeatret 30.12.1863- 23.1.1864.	VI:3;VI:5;VI:6;VI:190	Hansen	Carl			Magnetisør, gav Forestillinger på Folketeatret 30.12.1863–23.1.1864.
hansen	kun_min	PerXI03329	Hansen	Carl Emil	1829		Skolelærer i Skafterup og Kirkesanger i Fiurendal.	VIII:418;VIII:420;VIII:423;VIII:424					
hansen	kun_min	PerXI03330	Hansen	Carl Georg	1862		Søn af Georg E. H., senere Fotograf, fortsatte som Georg Hansen jun. Faderens Forretning 1891-94.	X:380					
hansen	matchet_person_men_beskrivelse_afviger	PerXI03332	Hansen	Christian	1803	1883	Arkitekt, virkede 1833-51 i Athen, 1857-83 Professor ved Bygningsskolen i Kbhvn., Etatsraad 1867.	I:367;II:154;II:156;II:157;II:158;II:162;II:163;II:164;II:165;II:167;II:169;II:173;II:174;II:175;II:176;II:183;II:184;II:185;II:187;VIII:120;X:403	Hansen	Christian	1803	1883	Arkitekt, virkede 1833–1851 i Athen, 1857–1883 Professor ved Bygningsskolen i Kbhvn., Etatsraad 1867.
hansen	kun_min	PerXI03336	Hansen	Dagmar Caroline Catinka	1861		Datter af Georg E. H.	X:380					
hansen	kun_min	PerXI03337	Hansen				David Julius (død 1889), Teaterdirektør, »Alhambra« 1864-65.	VI:121;VI:252;VI:253					
hansen	matchet_person_men_beskrivelse_afviger	PerXI03339	Hansen	Edvard	1820	1874	Broder til Operasanger Chr. H., Skuespiller ved Casino 1849-60, senere Teaterdirektør i Provinserne.	IV:208;V:440	Hansen	Edvard	1820	1874	Broder til Operasanger Chr. H., Skuespiller ved Casino 1849–1860, senere Teaterdirektør i Provinserne.
hansen	matchet_person_men_beskrivelse_afviger	PerXI03341	Hansen	Emanuel	1846	1930	Søn af Gotfred H., Skuespiller ved Det kgl. Teater 1865-71, 1871 Telegrafist i Store nordiske Telegrafselskab, senere i russisk Telegraftjeneste, Statsraad, vendte 1917 tilbage til Danmark; Oversætter, bl.a. af HCA.	VI:200;VI:220;VI:221;VI:223;VI:224;VI:227;VI:264;VI:323;VI:325;VI:341;VII:187;VII:306;VII:359;VIII:244;VIII:332;VIII:334;IX:64;IX:73;IX:76;X:94	Hansen	Emanuel	1846	1930	Søn af Gotfred H., Skuespiller ved Det kgl. Teater 1865–1871, 1871 Telegrafist i Store nordiske Telegrafselskab, senere i russisk Telegraf tjeneste, Statsraad, vendte 1917 tilbage til Danmark; Oversætter, bl.a. af H.C. Andersen.
hansen	matchet_person_men_beskrivelse_afviger	PerXI03344	Hansen	Erhard	1839	1915	Søn af Operasanger Christian H., Operasanger ved Det kgl. Teater 1864-85, senere Købmand i Hillerød.	VI:159;VI:280;VII:308;VII:392;VIII:359;IX:95;IX:115;IX:153;IX:161;IX:215;IX:216;IX:217	Hansen	Erhard	1839	1915	Søn af Operasanger Christian H., Operasanger ved Det kgl. Teater 1864–1885, senere Købmand i Hillerød.
hansen	matchet_person_men_beskrivelse_afviger	PerXI03345	Hansen	Erhardine, f. Rantzau	1815	1893	Skuespillerinde ved Det kgl. Teater 1833-61, g. 1837 m. Operasanger Christian H.	IV:33;VI:308	Hansen	Erhardine, f. Rantzau	1815	1893	Skuespillerinde ved Det kgl. Teater 1833–1861, g. 1837 m. Operasanger Christian H.
hansen	kun_min	PerXI03346	Hansen	Franz Christian	1814	1901	Kaptajn, 4. Reserve-Bataillon 1851, senere Oberst.	IV:45;IV:46					
hansen	matchet_person_men_beskrivelse_afviger	PerXI03349	Hansen				Gunild Margrete, g.m. Jørgen H.	I:79	Hansen	Gunild Margrete			g.m. Jørgen H.
hansen	kun_min	PerXI03352	Hansen	Hans Peter	1841		Handelskommis i Bogense, Halvbroder til Hans Christian Jørgensen.	VIII:247					
hansen	matchet_person_men_beskrivelse_afviger	PerXI03354	Hansen	Ida, f. Wulff	1845	1924	Datter af Peter Wulff, g. 1865 m. Octavius H. VI 341. VII 269 271. IX 169 187 216. X 249. — Se ogsaa: Wulff, Ida (1845-1924)		Hansen	Ida, f. Wulff	1845	1924	Datter af Peter Wulff, g. 1865 m. Octavius H.
hansen	matchet_person_men_beskrivelse_afviger	PerXI03355	Hansen				Jens, Kammertjener hos Kong Christian VIII.	II:434	Hansen	Jens			Kammertjener hos Kong Christian VIII.
hansen	matchet_person_men_beskrivelse_afviger	PerXI03356	Hansen	Jens Peter	1812	1894	Distriktslæge i Hjørring 1849-83, Etatsraad 1883.	IV:351	Hansen	Jens Peter	1812	1894	Distriktslæge i Hjørring 1849–1883, Etatsraad 1883.
hansen	matchet_person_men_beskrivelse_afviger	PerXI03357	Hansen				Johannes, Dreng 1870.	VIII:352	Hansen	Johannes			Dreng 1870.
hansen	kun_min	PerXI03359	Hansen				Jørgen (død 1842), Handskemager, Oldermand for Lauget 1829-37.	I:79					
hansen	kun_min	PerXI03361	Hansen	Jørgen Salomon	1822	1895	Postekspeditør i Herning, 1862 Postmester i Præstø.	IV:327;IV:328					
hansen	matchet_person_men_beskrivelse_afviger	PerXI03363	Hansen				Kristen, Boghandlerlærling, Aalborg 1867.	VII:235	Hansen	Kristen			Boghandlerlærling, Aalborg 1867.
hansen	kun_min	PerXI03364	Hansen	Laurids Siegfried	1866		Søn af Carl H. (1838-1902).	VII:316;VII:317					
hansen	matchet_person_men_beskrivelse_afviger	PerXI03367	Hansen	Magdalene	1841	1894	Datter af Operasanger Chr. H., g. 1866 m. Edgar Collin. VI 206. — Se ogsaa: Collin, Magdalene. Hansen, Margrethe (1829-1908), Datter af Hans Jacob H.	VI:72;VII:196;IX:324	Hansen	Magdalene	1841	1894	Datter af Operasanger Chr. H., g. 1866 m. Edgar Collin.
hansen	matchet_person_men_beskrivelse_afviger	PerXI03371	Hansen				Nicoline Sophie Georgine, f. Schjødt, g.m. Jørgen Salomon H.	IV:328	Hansen	Nicoline Sophie Georgine, f. Schjødt			g.m. Jørgen Salomon H.
hansen	matchet_person_men_beskrivelse_afviger	PerXI03374	Hansen	P.	1840	1905	Journalist (Cabiro), Forfatter og Oversætter, 1872- 80 Udgiver af »Nær og Fjern«, 1883 tit. Professor, senere Kommitteret ved Det kgl. Teater, derefter Censor sst., 1899 Etatsraad.	VI:206;VI:214;VI:290;VI:291;VI:324;VII:9;VII:261;VII:361;VIII:159;VIII:207;VIII:251;VIII:260;VIII:367;VIII:368;VIII:452;VIII:455;VIII:456;IX:51;IX:62;IX:85;IX:88;IX:92;IX:141;IX:142;IX:158;IX:159;IX:175;IX:297;IX:307;IX:317;IX:318;IX:319;X:8;X:251;X:252;X:272;X:303;X:306;X:326;X:376;X:393;X:398;X:400;X:401;X:402;X:412;X:427;X:441;X:442;X:457;X:465	Hansen	P.	1840	1905	Journalist (Cabiro), Forfatter og Oversætter, 1872–1880 Udgiver af »Nær og Fjern«, 1883 tit. Professor, senere Kommitteret ved Det kgl. Teater, derefter Censor sst., 1899 Etatsraad.
hansen	kun_min	PerXI03376	Hansen	Peter Christian	1803		Elev i Slagelse Skole, Student 1826, Seminarieeksamen.	I:28					
hansen	kun_min	PerXI03377	Hansen				Poul (Hanssøn, Povel) (død 1617), Raadmand i Skelskør.	VI:172;VIII:378					
hansen	matchet_person_men_beskrivelse_afviger	PerXI03380	Hansen	Theodor	1816	1898	Broder til H. P. Kofoed-Hansen, cand. theol., Adjunkt ved Sorø Akademis Skole 1847- 82.	IV:237	Hansen	Theodor	1816	1898	Broder til H. P. Kofoed-Hansen, cand. theol., Adjunkt ved Sorø Akademis Skole 1847–1882.
hansen	matchet_person_men_beskrivelse_afviger	PerXI03381	Hansen	Theophilus	1813	1891	Broder til Arkitekt Christian H., Arkitekt, i Athen 1838-46, derefter i Wien (Professor ved Akademiet 1868-84, østrigsk Friherre).	II:163;II:173;II:174;II:175;II:187;VIII:276;VIII:277;VIII:278;VIII:281;VIII:283;VIII:284;VIII:286;VIII:287;IX:149	Hansen	Theophilus	1813	1891	Broder til Arkitekt Christian H., Arkitekt, i Athen 1838–1846, derefter i Wien (Professor ved Akademiet 1868–1884, østrigsk Friherre).
hansen	matchet_person_men_beskrivelse_afviger	PerXI03382	Hansen				Thora Lovise Augusta, Selskabsdame (»Miss Hansen«) hos Fru Catharina Bugel.	IV:194;VI:113	Hansen	Thora Lovise Augusta			Selskabsdame (»Miss Hansen«) hos Fru Catharina Bügel.
hansen	kun_min	PerXI03385	Hansen	Vilhelmine Jacobine (død 1885, 82 Aar gl.), Datter af Arkitekten C.F.H.	1756	1845	.	VI:99					
hansen	matchet_person_men_beskrivelse_afviger	PerXI03386	Hansen	Wilhelm	1821	1904	Musikhandler. X 203. Hansen-Sønderkøge (1849-76), Friskolelærer i Frederiksværk, Forfatter.	IX:318	Hansen	Wilhelm	1821	1904	Musikhandler.
hansen	kun_xlsx								Hansen				London 1847, ansat i Hambros Firma?
hansen	kun_xlsx								Hansen	Anna Maria Sigrid	1856	1883	Datter af Aleth H., g. 1882 m. Kapellan pro loco i Herfølge Conrad Friedrich Valdemar Schmidt-Phiseldeck, sidst Sognepræst ved St. Hans Kirke i Odense.
hansen	kun_xlsx								Hansen	Carl Emil	1829		Skolelærer i Skafterup og Kirkesanger i Fiurendal.
hansen	kun_xlsx								Hansen	Carl Georg	1862		Søn af Georg E. H., senere Fotograf, fortsatte som Georg Hansen jun. Faderens Forretning 1891–1894.
hansen	kun_xlsx								Hansen	Dagmar Caroline Gatinka	1861		Datter af Georg E. H.
hansen	kun_xlsx								Hansen	David Julius		1889	Teaterdirektør, »Alhambra« 1864–1865.
hansen	kun_xlsx								Hansen	Doris Erhard, f. Pfeil	1844	1927	Operasangerinde ved Det kgl. Teater 1867–1885, g. 1871 m. Erhard H.
hansen	kun_xlsx								Hansen	Hans Peter	1841		Handelskommis i Bogense, Halvbroder til Hans Christian Jørgensen.
hansen	kun_xlsx								Hansen	Jørgen		1842	Handskemager, Oldermand for Lauget 1829–1837.
hansen	kun_xlsx								Hansen	Margrethe	1829	1908	Datter af Hans Jacob H.
hansen	kun_xlsx								Hansen	Peter Christian	1803		Elev i Slagelse Skole, Student 1826, Seminarieeksamen.
hansen	kun_xlsx								Hansen	Poul (Hanssøn, Povel)		1617	Raadmand i Skelskør.
hansen	kun_xlsx								Hansen	Vilhelmine Jacobine		1885	Datter af Arkitekten C.F.H. (1756–1845).
hansteen	kun_min	PerXI03389	Hansteen	Frk., redder et Barn fra at drukne September 1872 (muligvis = Asta Hansteen	1824	1908	norsk Malerinde og Kvindesagskvinde). IX 330 333. Haphys (Hephys), Pasha i Rustschuk.	II:215					
hansteen	kun_xlsx								Hansteen	Frk.			redder et Barn fra at drukne September 1872 (muligvis = Asta Hansteen (1824–1908), norsk Malerinde og Kvindesagskvinde).
harrach	kun_min	PerXI03414	Harrach	Ferdinand von, Greve	1832	1915	tysk Maler.	IV:402;IV:403					
haydn	kun_min	PerXI03489	Haydn	Michael	1737	1806	Broder til Joseph H., østrigsk Komponist.	I:441;I:442					
hedemann	kun_min	PerXI03506	Hedemann				»som længe har indbudt mig« (19.2.1868).	VIII:23					
hedemann	matchet_person_men_beskrivelse_afviger	PerXI03507	Hedemann	Anthon Rudolph	1816	1897	Premierløjtnant i Søetaten, 1856-58 Fører af Postdampskibet Eideren, 1857 Kaptajnløjtnant, senere kar.Kontreadmiral og Kammerherre.	IV:289	Hedemann	Anthon Rudolph	1816	1897	Premierløjtnant i Søetaten, 1856–1858 Fører af Postdampskibet Eideren, 1857 Kaptajnløjtnant, senere kar .Kon treadmiral og Kammerherre.
hedemann	kun_min	PerXI03508	Hedemann	Christian Frederik	1814	1863	Kaptajnløjtnant i Søetaten.	IV:158;IV:159					
hedemann	kun_xlsx								Hedemann				»som længe har indbudt mig« (19.2.1868).
heiberg	matchet_person_men_beskrivelse_afviger	PerXI03527	Heiberg				Frue, Aarhus Juli 1872.	IX:310	Heiberg	Frue			Aarhus Juli 1872.
heiberg	matchet_person_men_beskrivelse_afviger	PerXI03529	Heiberg	Johan Ludvig	1791	1860	Søn af P.A.H., Digter, 1849-56 Direktør for Det kgl. Teater.	I:152;I:224;I:253;II:113;II:124;II:128;II:129;II:144;II:251;II:255;II:256;II:257;II:281;II:352;II:372;II:404;III:375;III:387;IV:4;IV:5;IV:427;IV:464;IV:471;IV:472;V:372;V:396;V:397;VI:52;VI:124;VI:135;VI:144;VI:220;VII:52;VIII:2;VIII:102;VIII:244;VIII:252;IX:120;X:5;X:34;X:352	Heiberg	Johan Ludvig	1791	1860	Søn af P.A.H., Digter, 1849–1856 Direktør for Det kgl. Teater.
heiberg	matchet_person_men_beskrivelse_afviger	PerXI03535	Heiberg	Ottilie Margrethe, f. Hauch	1847	1875	Datter af Carsten Hauch, g. 1871 m. P.A.C.H. IX 240. — Se ogsaa: Hauch, Ottilie Margrethe. Heiberg, Peter Andreas (1758-1841), Forfatter.	I:32;I:152;X:199	Heiberg	Ottilie Margrethe, f. Hauch	1847	1875	Datter af Carsten Hauch, g. 1871 m. P.A.C.H.
heiberg	kun_min	PerXI03539	Heiberg	Zarah, f. Krieger	1843	1870	g.1868 m. Peter Wilken H. VIII 200- 02. — Se ogsaa: Krieger, Zarah. Heilmann, Anna Henriette, f. Bøcher (1801-72), g. 1830 m. H.E.H.	VI:72					
heiberg	kun_xlsx								Heiberg	Peter Andreas	1758	1841	Forfatter.
henrichsen	kun_min	PerXI03607	Henrichsen	Frøken, Datter af R.J.F.H. (enten Emma	1836	1913	eller Jakobine (1838-75)).	VIII:54;VIII:96					
henrichsen	matchet_person_men_beskrivelse_afviger	PerXI03609	Henrichsen	Ane, f. Basse	1800	1873	HCA.s Plejesøster, Enke efter Maler i Odense Jacob H.	VII:385	Henrichsen	Ane, f. Basse	1800	1873	H.C. Andersens Plejesøster, Enke efter Maler i Odense Jacob H.
henrichsen	kun_xlsx								Henrichsen	Frøken			Datter af R.J.F.H. (enten Emma (1836–1913) eller Jakobine (1838–1875)).
henrik fuglefænger	kun_min	PerXI03614	Henrik Fuglefænger	tysk Konge	876	936	Konge 919.	I:73					
henrik fuglefænger	kun_xlsx								Henrik Fuglefænger				Tysk Konge (ca. 876–936), Konge 919.
henrik iii	kun_min	PerXI03615	Henrik III	tysk-romersk Kejser	1017	1056	Kejser 1046.	I:73					
henrik iii	kun_xlsx								Henrik III				Tysk-romersk Kejser (1017–1056), Kejser 1046.
henrik iv	kun_min	PerXI03616	Henrik IV	tysk-romersk Kejser	1050	1106	Søn af Henrik III, Kejser 1084- 1105.	II:370					
henrik iv	kun_xlsx								Henrik IV				Tysk-romersk Kejser (1050–1106), Søn af Henrik III, Kejser 1084–1105.
henriques	kun_min	PerXI03618	Henriques				to unge Herrer (Middagsselskab hos Melchiors 28.1.1875). X 396. Henriques' Broder og Broderens Kone (hvem HCA mener, kan ikke afgøres), Paris 1868, Rolighed 1871 og 1872.	VIII:67;IX:152;IX:330					
henriques	matchet_person_men_beskrivelse_afviger	PerXI03620	Henriques	Aron R.	1824	1908	Søn af Ruben H., Vekselerer. VII 378-79. IX 205. X 249. Henriques,Edmond S. (1860-1910), Søn af Martin R. H., senere Vekselerer.	VIII:101;VIII:149;VIII:398;VIII:401;IX:143;X:165;X:197;X:205;X:211;X:429;X:474	Henriques	Aron R.	1824	1908	Søn af Ruben H., Vekselerer.
henriques	matchet_person_men_beskrivelse_afviger	PerXI03627	Henriques	Martin R.	1825	1912	Søn af Ruben H., Vekselmægler. IV 377 406 436 471 473. V 3 4 7 16 19 20 118 121 123 125 129 131 132 134 135 141 142 143 144 148 150 151 157 158 160 161 162 163 164 165 166 381 385 393 412 417 418 419 421 423 424 427 429 435 438 449-50 453. VI 1 3 4 12 17 18 19 21 30 32 51 92 95 100 116 118 125 141 142 145 149 151 154 155 157 163 166 178 180 181 183 187 193 196 197 199 201 202-03 206-07 210 214 219 221 225 232-33 238 240 261 271 283 287 289-93 295-96 298 304 308 310 311 312 313 321-22 326 334 340 348. VII 9 12 13 17 23 42 50 72 97 109 116 136 140 186 187 203-06 207-09 211 214-15 218 220 221 223 227 235 236 239 241 244 246 248 253 254 255 257 259 260 262 278 302-03 306-07 315 324 357 358 359 361 362 Stamtavle Henriques s. XLIV 366 368 369 373 377 379 385 388 390 393 394-95.	VIII:1345;VIII:6;VIII:14;VIII:17;VIII:18;VIII:21;VIII:28;VIII:30;VIII:32;VIII:34;VIII:35;VIII:36;VIII:42;VIII:46;VIII:50;VIII:52;VIII:66;VIII:99;VIII:101;VIII:104;VIII:131;VIII:134;VIII:135;VIII:136;VIII:138;VIII:139;VIII:140;VIII:143;VIII:144;VIII:146;VIII:149;VIII:152;VIII:154;VIII:155;VIII:156;VIII:157;VIII:159;VIII:162;VIII:165;VIII:169;VIII:170;VIII:174;VIII:175;VIII:176;VIII:179;VIII:181;VIII:182;VIII:183;VIII:184;VIII:187;VIII:188;VIII:190;VIII:191;VIII:195;VIII:196;VIII:199;VIII:201;VIII:205;VIII:210;VIII:215;VIII:217;VIII:218;VIII:231;VIII:235;VIII:236;VIII:238;VIII:242;VIII:243;VIII:245;VIII:247;VIII:257;VIII:258;VIII:275;VIII:290;VIII:291;VIII:295;VIII:296;VIII:303;VIII:308;VIII:317;VIII:322;VIII:325;VIII:331;VIII:335;VIII:340;VIII:343;VIII:345;VIII:346;VIII:351;VIII:353;VIII:355;VIII:360;VIII:362;VIII:365;VIII:366;VIII:367;VIII:368;VIII:371;VIII:375;VIII:377;VIII:379;VIII:380;VIII:382;VIII:385;VIII:386;VIII:388;VIII:390;VIII:393;VIII:395;VIII:396;VIII:397;VIII:401;VIII:402;VIII:409;VIII:411;VIII:414;VIII:415;VIII:416;VIII:419;VIII:421;VIII:424;VIII:426;VIII:428;VIII:429;VIII:436;VIII:438;VIII:439;VIII:442;VIII:444;VIII:446;VIII:447;VIII:448;VIII:449;VIII:450;VIII:453;IX:1;IX:25;IX:8;IX:9;IX:11;IX:14;IX:15;IX:16;IX:18;IX:19;IX:21;IX:26;IX:27;IX:28;IX:32;IX:34;IX:35;IX:36;IX:39;IX:40;IX:43;IX:45;IX:49;IX:51;IX:54;IX:55;IX:56;IX:57;IX:60;IX:61;IX:63;IX:64;IX:65;IX:68;IX:80;IX:81;IX:98;IX:105;IX:124;IX:139;IX:141;IX:142;IX:143;IX:144;IX:146;IX:147;IX:148;IX:149;IX:157;IX:159;IX:161;IX:162;IX:167;IX:169;IX:175;IX:176;IX:179;IX:182;IX:183;IX:184;IX:186;IX:188;IX:194;IX:197;IX:201;IX:202;IX:203;IX:205;IX:206;IX:207;IX:208;IX:212;IX:214;IX:215;IX:219;IX:222123;IX:225;IX:227;IX:228;IX:230;IX:231;IX:233;IX:235;IX:236;IX:237;IX:238;IX:240;IX:241;IX:242;IX:245;IX:247;IX:250;IX:251;IX:253;IX:281;IX:299;IX:309;IX:312;IX:313;IX:315;IX:320;IX:326;IX:332;IX:334;IX:335;IX:337;IX:339;IX:340;IX:341;IX:342;IX:344;IX:345;IX:347;IX:352;IX:353;IX:354;IX:355;IX:356;IX:358;IX:360;IX:361;IX:374;IX:375;IX:378;IX:380;IX:381;IX:382;IX:384;IX:385;IX:388;X:2;X:4;X:7;X:8;X:9;X:10;X:11;X:12;X:14;X:15;X:17;X:19;X:23;X:24;X:26;X:28;X:34;X:36;X:37;X:40;X:43;X:47;X:48;X:54;X:57;X:59;X:60;X:62;X:64;X:81;X:109;X:143;X:150;X:152;X:153;X:157;X:158;X:159;X:162;X:165;X:166;X:168;X:169;X:171;X:172;X:174;X:176;X:177;X:179;X:181;X:182;X:184;X:185;X:187;X:188;X:189;X:190;X:191;X:193;X:194;X:197;X:200;X:204;X:206;X:210;X:212;X:213;X:215;X:216;X:218;X:219;X:222;X:224;X:225;X:226;X:228;X:229;X:230;X:233;X:235;X:238;X:240;X:241;X:243;X:244;X:247;X:251;X:254;X:255;X:273;X:274;X:311;X:320;X:327;X:328;X:329;X:330;X:334;X:338;X:341;X:343;X:345;X:346;X:348;X:352;X:354;X:359;X:362;X:363;X:364;X:367;X:372;X:373;X:376;X:379;X:385;X:388;X:389;X:390;X:392;X:394;X:397;X:400;X:401;X:404;X:405;X:408;X:415;X:417;X:418;X:423;X:429;X:432;X:434;X:436;X:439;X:442;X:443;X:469;X:481	Henriques	Martin R.	1825	1912	Søn af Ruben H., Vekselmægler.
henriques	matchet_person_men_beskrivelse_afviger	PerXI03628	Henriques	Meyer R.	1813	1874	Rabbiner i Göteborg, Rektor ved Göthildaskolan.	VIII:101	Henriques	Meyer R.	1813	1874	Rabbiner i Göteborg, Rektor ved Göthilda-skolan.
henriques	kun_min	PerXI03632	Henriques	Ruben	1849	1943	Søn af Moritz R.H., senere Grosserer.	IX:108;IX:109;IX:110					
henriques	kun_xlsx								Henriques				to unge Herrer (Middagsselskab hos Melchiors 28.1.1875).
henriques	kun_xlsx								Henriques	Edmond S.	1860	1910	Søn af Martin R. H., senere Vekselerer.
henriques	kun_xlsx								Henriques	Fernanda	1857	1904	Datter af Martin R.H., g.1885 m. Musikeren G. Häuflein.
herloszsohn	kun_min	PerXI03651	Herloszsohn	Karl	1804	1849	tysk Romanforfatter.	II:263;II:264;II:392;II:393					
hertz	kun_min	PerXI03663	Hertz				Verdensudstillingen i Paris 17.4. 1867.	VII:267					
hertz	matchet_person_men_beskrivelse_afviger	PerXI03664	Hertz				Frue, fra Braunschweig, Interlaken 1862.	V:199;V:204;V:393	Hertz	Frue			fra Braunschweig, Interlaken 1862.
hertz	kun_min	PerXI03665	Hertz				den gl. Frøken fra Hamburg, Rolighed 16.8.1872.	IX:320					
hertz	matchet_person_men_beskrivelse_afviger	PerXI03668	Hertz	Frederik Adolf	1831	1925	Malersvend, socialistisk Agitator, Redaktør af »Social-Demokraten« 1879-86 og af »Ravnen« 1880-86.	IX:349;IX:351	Hertz	Frederik Adolf	1831	1925	Malersvend, socialistisk Agitator, Redaktør af »Social-Demokraten« 1879–1886 og af »Ravnen« 1880–1886.
hertz	matchet_person_men_beskrivelse_afviger	PerXI03670	Hertz	Henrik	1798	1870	Digter. I 162 186 234-37 239 243 245 247-48 253 258-59 261-62 267 269 271-72 274 277 279-81 283 288 292 294 297- 98 300-01 308 310-12 314 316 318-19 321-27 329 332 336-37 340-41 344-46 348 351-52 357-59 367 393 426 456 474 476. II 27 277. III 38 271. IV 11 17 364 469. V 16 134 385 439. VI 4 184 188 19) 234.	VII:13;VII:213;VII:218;VII:219;VII:239;VII:244;VII:246;VII:247;VII:374;VII:375;VIII:18;VIII:46;VIII:102;VIII:176;VIII:178;VIII:183;VIII:234;VIII:275;VIII:324;VIII:338;VIII:339;VIII:342;VIII:348;VIII:349;VIII:399;IX:8;IX:9;IX:13;IX:232;IX:235;X:5	Hertz	Henrik	1798	1870	Digter.
hertz	kun_min	PerXI03674	Hertz	Michael Hermann Theodor	1820	1873	Broder til Adolph H., kst. Feltpræst for de dansktalende Tropper i Holsten, 1865 Sognepræst i Hasle og Rutsker.	IV:371;IV:372					
hertz	kun_xlsx								Hertz				Verdensudstillingen i Paris 17.4.1867.
hess	kun_min	PerXI03689	Hess	Peter Mathias	1787	1851	Fører af Dampskibet »Frederik den Sjette«, senere Havnefoged i Nyhavn Distrikt.	I:119;I:120					
hesse	kun_min	PerXI03690	Hesse				Vært i Wittelsbacherhof, Nürnberg 1860.	IV:448					
hesse	kun_min	PerXI03692	Hesse	Wilhelmine Charlotte, f. Neuendorff (1792-efter 1837), tysk Operasangerinde, ved Hamburger Stadttheater 1822-37, g. 1822 m. Portrætmaler Joh. Friedr. David Philipp H. I 123. Hessen (-Darmstadt), Ludwig I, Storhertug af —	1753	1830	Landgreve 1790, Storhertug 1806.	II:68					
hesse	kun_xlsx								Hesse				Vært i Wittelsbacherhof, Nürnberg 1860.
hesse	kun_xlsx								Hesse	Wilhelmine Charlotte, f. Neuendorff			Tysk Operasangerinde, ved Hamburger Stadttheater 1822–1837, g. 1822 m. Portrætmaler Joh. Friedr. David Philipp H.
hessen-kassel	matchet_person_men_beskrivelse_afviger	PerXI03696	Hessen-Kassel	Charlotte, Landgrevinde af -, f. Prinsesse af Danmark	1789	1864	Søster til Kong Christian VIII af Danmark, g. 1810 m. Wilhelm af H.-K. (1787-1867).	IV:3;V:8;V:143;V:144;VI:33;VI:34;VI:35;VI:61;VI:69;VI:101;VI:111;VI:203	Hessen-Kassel	Charlotte, Landgrevinde af –, f. Prinsesse af Danmark	1789	1864	Søster til Kong Christian VIII af Danmark, g. 1810 m. Wilhelm af H.-K. (1787–1867).
hessen-kassel	kun_min	PerXI03698	Hessen-Kassel				Friedrich II, Landgreve af — (død 1785), Landgreve 1760.	I:129;I:130					
hessen-kassel	kun_min	PerXI03700	Hessen-Kassel	Wilhelm I, Kurfyrste af —	1743	1821	Landgreve 1785, Kurfyrste 1803.	I:130;I:131					
hessen-kassel	matchet_person_men_beskrivelse_afviger	PerXI03702	Hessen-Kassel	Wilhelm, Landgreve og Prins af —	1787	1867	dansk General, Kong Christian IX.s Svigerfader.	IV:3;V:8;V:144;V:385;VI:48;VII:251;VII:305;VII:306;VII:344	Hessen-Kassel	Wilhelm, Landgreve og Prins af –	1787	1867	Dansk General, Kong Christian IX's Svigerfader.
hetzel	kun_min	PerXI03707	Hetzel	Jules	1814	1886	fransk Forlagsboghandler og Børnebogsforfatter.	VII:80;VII:81					
hochstetter	kun_min	PerXI03773	Hochstetter	Jakob	1812	1880	tysk Arkitekt, Professor i Bygningskunst ved Polytechnikum i Karlsruhe.	IV:437;IV:438					
hohwu	kun_min	PerXI03795	Hohwü				Frk., Datter af A.H.	VII:44					
hohwu	kun_min	PerXI03796	Hohwü	Andreas	1803	1885	sønderjydsk Kronometermager i Amsterdam.	VII:34;VII:35;VII:44;VIII:61					
holm	matchet_person_men_beskrivelse_afviger	PerXI03828	Holm				Frøknerne, Døtre af Jens H.	VII:331	Holm	Frøknerne			Døtre af Jens H.
holm	kun_min	PerXI03829	Holm				Landmand, Skelskør.	VI:228					
holm	kun_min	PerXI03830	Holm				dansk Turist, Nizza 3.12.1869.	VIII:304					
holm	kun_min	PerXI03831	Holm	Anders Gustaf	1786	1852	svensk Sproglærer, kaldet »Araben«.	III:297;III:298					
holm	matchet_person_men_beskrivelse_afviger	PerXI03832	Holm	Anders Krag	1767	1851	Holmens Provst 1823-48.	I:36	Holm	Anders Krag	1767	1851	Holmens Provst 1823–1848.
holm	matchet_person_men_beskrivelse_afviger	PerXI03833	Holm	Anna	1838	1872	Operasangerinde ved Det kgl. Teater, g. 1865 m. Revisor i Krigsministeriet, senere Etatsraad C.J.H.Riise. V 415. VI 147-48 162 194. — Se ogsaa: Riise, Anna. Holm, Augusta, f. Aagesen (1822-1912), Søster til Fru Hanne Thiele, g. 1846 m. Deputeret i Danske Kancelli, Konferensraad Lars Jess Holm.	VI:8;IX:226;IX:330	Holm	Anna	1838	1872	Operasangerinde ved Det kgl. Teater, g. 1865 m. Revisor i Krigsministeriet, senere Etatsraad C.J.H.Riise.
holm	matchet_person_men_beskrivelse_afviger	PerXI03834	Holm	Bartholomine (Mine)	1837	1925	Datter af Deputeret i Danske Kancelli, Konferensraad Lars Jess H., senere Konventualinde paa Støvringgaard Kloster.	IX:330	Holm	Bartholomine (Mine)	1837	1925	Datter af Deputeret i Danske Kancelli, Konferensraad Lars Jess H., senere Konventualinde på Støvringgaard Kloster.
holm	matchet_person_men_beskrivelse_afviger	PerXI03835	Holm				Cecilie, Amatørforfatterinde.	X:329;X:338;X:345;X:346;X:347	Holm	Cecilie			Amatørforfatterinde.
holm	matchet_person_men_beskrivelse_afviger	PerXI03836	Holm	Chr. Fr.	1796	1879	Direktør for Finansministeriets 1. Departement 1848-74, Konferensraad.	X:200;X:283	Holm	Chr. Fr.	1796	1879	Direktør for Finansministeriets 1. Departement 1848–1874, Konferensraad.
holm	matchet_person_men_beskrivelse_afviger	PerXI03840	Holm	Peter	1794	1854	Skuespiller ved Det kgl. Teater 1819-49.	I:471	Holm	Peter	1794	1854	Skuespiller ved Det kgl. Teater 1819–1849.
holm	matchet_person_men_beskrivelse_afviger	PerXI03841	Holm	Rasmus Hansen	1808	1890	Sognepræst i Røgen-Sporup 1852, i Torsager-Bregnet 1859-69.	VIII:114	Holm	Rasmus Hansen	1808	1890	Sognepræst i Røgen-Sporup 1852, i Torsager-Bregnet 1859–1869.
holm	kun_xlsx								Holm				Landmand, Skelskør.
holm	kun_xlsx								Holm	Augusta, f. Aagesen	1822	1912	Søster til Fru Hanne Thiele, g. 1846 m. Deputeret i Danske Kancelli, Konferensraad Lars Jess Holm.
holstein	kun_min	PerXI03870	Holstein	Familie fra Holbæk-Egnen	1869		.	VIII:197					
holstein	matchet_person_men_beskrivelse_afviger	PerXI03871	Holstein				Frøknerne (London 1857).	IV:247	Holstein	Frøknerne			(London 1857).
holstein	matchet_person_men_beskrivelse_afviger	PerXI03873	Holstein	Bodild, Komtesse	1852	1927	Datter af Ludvig Holstein-Holsteinborg, g. 1873 m. Conrad von Donner. IV 202 204 466-67. V 139 140 141. VI 345. VII 193 196 199 227 229-30 240 332 364. VIII 46 190 260-61 351. IX 15 56 79 80 82 176 247 249 322- 23 347 349 370. X 7 14 19 21. — Se ogsaa: Donner, Bodild von. Holstein, Carl Johan Emil Nicolaj von (1847-1907), g.m. Nicolaj Bøghs Søster Elisabeth Sophie, Ejer af »Sindshvile« ved Kvistgaard.	X:65	Holstein	Bodild, Komtesse	1852	1927	Datter af Ludvig Holstein-Holsteinborg, g. 1873 m. Conrad von Donner.
holstein	matchet_person_men_beskrivelse_afviger	PerXI03875	Holstein	Christian von	1842	1923	Søn af Hjalmar v. H., senere Fiskerikontrollør og Justitsraad. IV 354. Holstein (-Holsteinborg), Christian Christoph, Greve (1856-1924), Søn af Ludvig H.-H., 1892 Lensgreve og Besidder af Grevskabet Holsteinborg, Godsejer og Politiker.	IV:466;IV:467;V:138;V:141;V:390;VI:232;VI:343;VII:193;VII:196;VII:199;VII:202;VII:227;VII:240;VII:390;VII:396;VIII:6;VIII:111;VIII:256;VIII:260;VIII:373;VIII:388;VIII:417;VIII:419;IX:249;IX:296;X:257	Holstein	Christian von	1842	1923	Søn af Hjalmar v. H., senere Fiskerikontrollør og Justitsraad.
holstein	matchet_person_men_beskrivelse_afviger	PerXI03876	Holstein	Elisabeth (Else), Komtesse	1859	1935	Datter af Ludvig Holstein-Holsteinborg, g. 1879 m. cand. jur. Godtfred Bruun de Neergaard.	VI:232;VI:233;VI:342;VI:343;VI:345;VI:350;VII:193;VII:199;VII:227;VII:240;VIII:111;VIII:256;VIII:260;VIII:261;VIII:373;VIII:387;VIII:445;VIII:452;IX:249;IX:322;IX:323;IX:363;X:39;X:40;X:55;X:257;X:410	Holstein	Elisabeth (Else), Komtesse	1859	1935	Datter af Ludvig Holstein-Holsteinborg, g. 1879 m. cand. jur. God tfred Bruun de Neergaard.
holstein	matchet_person_men_beskrivelse_afviger	PerXI03877	Holstein	Ernst Frederik von	1801	1883	Postmester i Flensborg og kst. Postinspektør for Hertugdømmet Slesvig, 1852-68 Overpostdirektør ved det danske Postamt i Lübeck, Major, Kammerherre.	II:300;II:435;III:11;III:12	Holstein	Ernst Frederik von	1801	1883	Postmester i Flensborg og kst. Postinspektør for Hertugdømmet Slesvig, 1852–1868 Overpostdirektør ved det danske Postamt i Lübeck, Major, Kammerherre.
holstein	matchet_person_men_beskrivelse_afviger	PerXI03879	Holstein	Frederik Conrad von	1771	1853	Oberst, 1836 Generalløjtnant, Kammerherre, Direktør for Det kgl. Teater 1811-40.	I:32;I:38	Holstein	Frederik Conrad von	1771	1853	Oberst, 1836 Generalløjtnant, Kammerherre, Direktør for Det kgl. Teater 1811–1840.
holstein	matchet_person_men_beskrivelse_afviger	PerXI03880	Holstein	Fritze Wanda	1867	1942	Datter af Ludvig Holstein (-Holsteinborg), g. 1888 m. senere Overkammerherre Oscar O'Neill Oxholm.	VII:361;VIII:260;VIII:388;VIII:391;IX:249;IX:257;IX:258;IX:266;IX:267;IX:269;IX:377	Holstein	Fritze Wanda	1867	1942	Datter af Ludvig Holstein (-Holsteinborg), g. 1888 m. senere Overkammerherre Oscar O’Neill Oxholm.
holstein	matchet_person_men_beskrivelse_afviger	PerXI03883	Holstein	Henning Christoph von	1769	1836	Broder til F.C.v.H., Oberstløjtnant, 1812 Told- og Consumptions-Inspektør i Slagelse, Kammerjunker. I 11 20 44 51 53. Holstein (-Ledreborg), Henriette, Grevinde, f. Løvenørn (1842-1915), Datter af Frederik de Løvenørn, g. 1867 m. Lensgreve Ludvig (Louis) H.-L. VIII 110-11. — Se ogsaa: Løvenørn, Henriette. Holstein, Hjalmar von (1809-78), Søn af Henning von H., fhv. Kaptajn, Toldforvalter i Frederikshavn 1851-66, Kammerjunker.	IV:353;IV:354;IV:355	Holstein	Henning Christoph von	1769	1836	Broder til F.C.v.H., Oberstløjtnant, 1812 Told- og Consumptions-Inspektør i Slagelse, Kammerjunker.
holstein	matchet_person_men_beskrivelse_afviger	PerXI03884	Holstein	Ida von	1808	1876	f. Wulff, fhv. Operasangerinde ved Det kgl. Teater, g. 1831 m. Ernst Fr.v.H. II 436. III 11. — Se ogsaa: Wulff, Ida (1808-76)		Holstein	Ida von	1808	1876	f. Wulff, fhv. Operasangerinde ved Det kgl. Teater, g. 1831 m. Emst Fr.v.H.
holstein	matchet_person_men_beskrivelse_afviger	PerXI03886	Holstein	Johanne Christiane Margrethe von, f. Biering	1822	1854	g. 1850 m. Postmester C.C.C. von Banner.	III:424	Holstein	Johanne Christiane Margrethe von, f. Biering	1822	1854	g. 1850 m. Postmester C.G.G. von Banner.
holstein	kun_min	PerXI03888	Holstein	Maria von, f. Uldall	1830	1919	Datter af C. V. Uldall, g. 1855 m. Hjalmar v.H. Ægteskabet opløst 1866.	IV:353;IV:354					
holstein	matchet_person_men_beskrivelse_afviger	PerXI03890	Holstein	Mimi, Lensgrevinde, f. Zahrtmann	1830	1876	Datter af C.C.Zahrtmann, g. 1850 m. Ludvig HolsteinHolsteinborg. IV 198 199 201-04 205 218 222 236 294 368 433 464 465 466-67 470. V 18 134 135 138 140-41 142 159 160 172 174 175 177 267 349 387 388 389-90 444. VI 78 128 232 267 269 270 328 330 342 345 346 349 350. VII 2 5-6 187 189 192 193-95 196 198 199 201-02 207 208 219 220 224 225 226-29 231 235 239 240 246 256 258 260 290 320 321 322 326 327 332 334 361 396. VIII 5 44 46 99 108 109 111-12 114 136 137 183 193 247 256 257 259 260- 61 262 268 309 343 344 351 371-73 378 379 380 381 386 387-91 393 395 397 399 405 432 445. IX 51 53 72 81 176-77 183 188 190 197 198 212 215 220 228 238-39 242 252 308 323 333 340 347 349 363-66 369-70 372 376 378 381 385 387-88. X 2 7 14 21 32 39-40 43 45 55 61 62 64 72 80 86 190 210 226 227 242 246 248 250 251 253 254 255 257-58 260-63 265-66 268 270-71 272 276 277 278 282 286 297 320 334 340 353 368-69 376 396 410 414 418 419 420 427 444. — Se ogsaa: Zahrtmann, Mimi. Holstein, Ulrik Adolph, Greve (1851-83), Søn af Ludvig Holstein-Holsteinborg.	IV:202;IV:204;IV:466;V:139;V:140;V:141;VI:342;VI:345;VII:227;VII:330;VIII:190;VIII:227;VIII:261;VIII:391;IX:249;X:257;X:259;X:353	Holstein	Mimi, Lensgrevinde, f. Zahrtmann	1830	1876	Datter af C.G. Zahrtmann, g. 1850 m. Ludvig Holstein-Holsteinborg.
holstein	matchet_person_men_beskrivelse_afviger	PerXI03891	Holstein				Valdemar von (f. 1838), Søn af Ernst v.H., »er siden 1860 bortebleven i Syd-Amerika« (Danmarks Adels Aarbog 1885).	III:11	Holstein	Valdemar von			Søn af Ernst v.H., »er siden 1860 bortebleven i Syd-Amerika« (Danmarks Adels Aarbog 1885).
holstein	kun_xlsx								Holstein				Familie fra Holbæk-Egnen (1869).
holstein	kun_xlsx								Holstein	Carl Johan Emil Nicolaj von	1847	1907	g.m. Nicolaj Bøghs Søster Elisabeth Sophie, Ejer af »Sindshvile« ved Kvistgaard.
holstein	kun_xlsx								Holstein	Ulrik Adolph, Greve	1851	1883	Søn af Ludvig Holstein-Holsteinborg.
holsten	kun_min	PerXI03896	Holsten	Gerhard (Gert), Greve af —	1292	1340	Hertug af Sønderjylland.	VII:215;VII:216					
holsten	matchet_person_men_beskrivelse_afviger	PerXI03898	Holsten	Emilie, Baronesse	1834	1882	Datter af Adam Christoffer H.-Carisius, g. 1860 m. Ove Sehestedt Juul. II 388. — Se ogsaa: Juul, Emilie Sehestedt. Holsten, Regitze, Baronesse (1831-96), Datter af Adam Christoffer H.-Carisius, g.1857 m. J.B.S.Estrup. II 388. Holsten-C(h)arisius, Adam Christopher, Baron (1793-1879), Søn af Admiral Hans Holsten, 1849 Besidder af Baroniet Holstenshuus, Kammerherre, 1866 Gehejmekonferensraad.	II:276;II:378;II:387;II:388;V:350;V:352;V:353;V:356;V:358;V:359;V:360;VII:383;IX:12;IX:194;IX:200	Holsten	Emilie, Baronesse	1834	1882	Datter af Adam Christoffer H.-Carisius, g. 1860 m. Ove Sehestedt Juul.
holsten	kun_xlsx								Holsten	Regitze, Baronesse	1831	1896	Datter af Adam Christoffer H.-Carisius, g. 1857 m. J.B.S.Estrup.
holsten-lehn-charisius	kun_min	PerXI03899	Holsten-Lehn-Charisius	Frederik (Fritz), Baron	1796	1888	Broder til A.C. Holsten-Charisius, Besidder af det Charisiske Fideikommis, Gehejmekonferensraad, Kammerherre.	III:406;IV:18;VII:396;IX:12;IX:23;IX:24					
holten	kun_min	PerXI03902	Holten	Brødrene	1861		.	V:4					
holten	matchet_person_men_beskrivelse_afviger	PerXI03905	Holten	Carl	1775	1862	Guvernementssekretær paa Fyn 1814-39, Gehejmekabinetsarkivar 1839-48, Etatsraad 1813, Konferensraad 1836.	VI:222	Holten	Carl	1775	1862	Guvernementssekretær på Fyn 1814–1839, Gehejmekabinetsarkivar 1839–1848, Etatsraad 1813, Konferensraad 1836.
holten	kun_min	PerXI03907	Holten	Carl von	1836	1912	tysk Klavervirtuos og Komponist, tit. Professor 1899.	VIII:90;VIII:91					
holten	matchet_person_men_beskrivelse_afviger	PerXI03909	Holten	Hans Christopher	1813	1885	Søn af Mathias H., Sekretær i Privatbanken 1867-80, kar. Oberstløjtnant i Kongens Livjægerkorps.	X:60	Holten	Hans Christopher	1813	1885	Søn af Mathias H., Sekretær i Privatbanken 1867–1880, kar. Oberstløjtnant i Kongens Livjægerkorps.
holten	kun_min	PerXI03914	Holten	Sofus Emil	1836	1885	Sønnesøn af Nicolai H. (1775-1850), dansk Købmand i London 1863-82.	V:369;V:370					
holten	kun_xlsx								Holten				Brødrene (1861).
hoppe	kun_min	PerXI03926	Hoppe	Verdensudstillingen i Paris 1867 (maaske Johan Christopher H.	1841	1933	Søn af Torkild H., cand. jur., senere Amtmand i Randers og Kammerherre).	VII:267;VII:274					
hoppe	kun_min	PerXI03928	Hoppe	Christiane Caroline, f. Platou	1825	1910	g. 1860 m. Thorkil H.	V:137;V:138					
hoppe	kun_min	PerXI03930	Hoppe				F.L.T. (død 1885), Skibsmægler.	V:126					
hoppe	kun_min	PerXI03934	Hoppe	Peder J.	1795		Forlagsboghandler i Christiania.	I:88;I:89;I:90;I:91;I:92					
hoppe	kun_xlsx								Hoppe				Verdensudstillingen i Paris 1867 (måske Johan Christopher H. (1841–1933), søn af Torkild H., cand. jur., senere Amtmand i Randers og Kammerherre).
hoppe	kun_xlsx								Hoppe	F.L.T.		1885	Skibsmægler.
houriet	matchet_person_men_beskrivelse_afviger	PerXI03981	Houriet				Madame, g.m. Jules H.	I:173;I:175	Houriet	Madame			g.m. Jules H.
houriet	matchet_person_men_beskrivelse_afviger	PerXI03982	Houriet				Mile, Datter af Jules H.	I:173	Houriet	Mile			Datter af Jules H.
houriet	kun_min	PerXI03984	Houriet	Julie-Marianne, f. Montandon	1781	1869	Enke efter Jules Jurgensens Morbroder Jacques-Frédéric H., Le Locle.	VII:289;VII:290					
hubsch von grossthal	kun_min	PerXI04047	Hübsch von Grossthal				Alphonse, Baron (død 1856), Søn af Kasimir H.v.G., 1846-48 og 1854-56 dansk Legationssekretær i Konstantinopel.	II:199					
hubsch von grossthal	kun_min	PerXI04048	Hübsch von Grossthal	Kasimir, Baron	1791	1865	dansk Ministerresident og Generalkonsul i Konstantinopel, Kammerherre.	II:186;II:193;II:196;II:198;II:205;II:208;II:210					
huth	kun_min	PerXI04031	Huth	A. von	1815	1878	Premierløjtnant ved 8. Liniebataillon, 1864 kar. Kaptajn, Afsked s.A.	IV:191;IV:192					
insinger	kun_min	PerXI04111	Insinger	J. H., Direktør for Nederlandske Bank, Amsterdam. VII 47 54. X 133. loannou, Filippos	1796	1880	Professor i Æstetik ved Universitetet i Athen, Oversætter og Digter.	II:171;II:175					
insinger	kun_xlsx								Insinger	J. H.			Direktør for Nederlandske Bank, Amsterdam.
isberg	kun_min	PerXI04124	Isberg	S. W.	1820	1895	Bogholder hos Grosserer O. B. Suhr, senere Chef for Handelshuset J.P. Suhr & Søn og Etatsraad.	X:183;X:184					
isenring	kun_min	PerXI04125	Isenring	Johann Baptist	1796	1860	schweizisk Maler og Daguerreotypist.	II:57;II:58					
j6sika	kun_min	PerXI04268	J6sika	Mikols, Baron	1796	1865	ungarsk Forfatter af historiske Romaner.	II:241					
jacob	kun_min	PerXI04137	Jacob	Frk., Søsterdatter af Moritz Melchior, i Huset hos Henriette og Moses Melchior (enten Pauline	1829	1919	eller Rose J. (1834-1919)).	IX:320;X:201					
jacob	kun_xlsx								Jacob	Frk.			Søsterdatter af Moritz Melchior, i Huset hos Henriette og Moses Melchior (enten Pauline (1829–1919) eller Rose J. (1834–1919)).
jensen	kun_min	PerXI04182	Jensen				Enke, København 5.9.1869, Tiggerske.	VIII:252					
jensen	matchet_person_men_beskrivelse_afviger	PerXI04183	Jensen	Frk., der skriver Eventyr	1873		.	X:53;X:61	Jensen	Frk.			Der skriver Eventyr (1873).
jensen	kun_min	PerXI04184	Jensen	Menig, 2. Infanteri-Regiment, 2. Kompagni, Nr. 273	1864		.	VI:74;VI:75;VI:76;VI:77;VI:78;VI:79					
jensen	kun_min	PerXI04185	Jensen				fhv. Opvarter i Café Boulevard, Tigger (Oktober 1872).	IX:343;IX:344					
jensen	matchet_person_men_beskrivelse_afviger	PerXI04186	Jensen				Anna Jacobine (f. 15.8.1865), Datter af Jens J. (f. 1843).	VI:269	Jensen	Anna Jacobine			Datter af Jens J. (f. 1843).
jensen	matchet_person_men_beskrivelse_afviger	PerXI04192	Jensen	Dagmar, f. Dalgas	1830	1883	Datter af Hanne Tomine Dalgas, g. 1853 m. Ingeniørkaptajn Emil J. VI 251. — Se ogsaa: Dalgas, Dagmar. Jensen, J. L. (1800-56), Blomstermaler.	I:217;I:228;I:229;I:239;I:259;I:281;I:291;I:298;I:305;I:307;I:366	Jensen	Dagmar, f. Dalgas	1830	1883	Datter af Hanne Tomine Dalgas, g. 1853 m. Ingeniørkaptajn Emil J.
jensen	kun_min	PerXI04193	Jensen	Jens	1818	1894	Tandlæge i Odense, Medstifter af Odense Musikforening 1866.	VII:384;VII:385					
jensen	kun_min	PerXI04194	Jensen	Jens	1843		Karl hos Anholms.	V:435;VI:31;VI:65;VI:151;VI:178;VI:228;VI:269;VI:281					
jensen	matchet_person_men_beskrivelse_afviger	PerXI04196	Jensen				Johan, fhv. Skriver paa Biskop Daugaards Kontor i Ribe, Forfatter af lyriske Digte.	VIII:206	Jensen	Johan			fhv. Skriver på Biskop Daugaards Kontor i Ribe, Forfatter af lyriske Digte.
jensen	kun_min	PerXI04197	Jensen	Josephine Caroline Vilhelmine, f. Engelmann	1833		g.m. Jens J. (f. 1843).	V:435;VI:31;VI:65;VI:151;VI:269;VI:281					
jensen	matchet_person_men_beskrivelse_afviger	PerXI04198	Jensen	Jutta	1841	1910	Datter af Bernth J., g. 1867 m. Premierløjtnant i Infanteriet, senere Oberst C. J. F. T. Wørishøffer.	VI:258;IV:344;VI:258	Jensen	Jutta	1841	1910	Datter af Bemth J., g. 1867 m. Premierløjtnant i Infanteriet, senere Oberst C. J. F. T. Wørishøffer.
jensen	kun_min	PerXI04199	Jensen	Kirstine, f. Hansdatter	1816		Digterinde fra Stoense, Langeland, g. 1840 m. Inderste og Danselærer Ole J.	VII:202;VIII:243					
jensen	matchet_person_men_beskrivelse_afviger	PerXI04200	Jensen	Knud	1835	1908	Boghandler i Roskilde 1858-64, derefter Medhjælper hos Otto B. Wroblewsky og senere hos H. Hagerup, 1884 Rodemester i Kbh.	VI:113	Jensen	Knud	1835	1908	Boghandler i Roskilde 1858–1864, derefter Medhjælper hos Otto B. Wroblewsky og senere hos H. Hagerup, 1884 Rodemester i Kbh.
jensen	matchet_person_men_beskrivelse_afviger	PerXI04202	Jensen	Peter	1818	1895	Overlæge paa Oringe 1857-75, Etatsraad 1875, dr. med.hon.c. 1879.	X:305	Jensen	Peter	1818	1895	Overlæge på Oringe 1857–1875, Etatsraad 1875, dr. med.hon.c. 1879.
jensen	kun_min	PerXI04204	Jensen	Thora, Skuespillerinde ved Casino 1855-62. V 413. VI 128. Jenssen (-Tusch), Georg Friedrich	1789	1888	Kaptajn, senere kar. Major og Postmester i Tønning, Oversætter af HCA.s Værker.	I:32;II:49					
jensen	kun_xlsx								Jensen				Enke, København 5.9.1869, Tiggerske.
jensen	kun_xlsx								Jensen	J. L.	1800	1856	Blomstermaler.
jensen	kun_xlsx								Jensen	Jens	1843		Karl hos Anholms.
jensen	kun_xlsx								Jensen	Josephine Caroline Vilhelmine, f. Engelmann	1833		g.m. Jens J. (f. 1843).
jensen	kun_xlsx								Jensen	Kirstine, f. Hansdatter	1816		Digterinde fra Stoense, Langeland, g. 1840 m. Inderste og Danselærer Ole J.
jensen	kun_xlsx								Jensen	Thora			Skuespillerinde ved Casino 1855–1862.
jerndorff	kun_min	PerXI04214	Jerndorff	Frk., Søster til J.U.J. (enten Pouline Cathrine	1811	1887	eller Petrine Christiane (1817-94).	III:17					
jerndorff	matchet_person_men_beskrivelse_afviger	PerXI04217	Jerndorff	Nancy Caroline, f. Jones	1809	1877	g. 1841 m. J.U.J.	II:375;III:17	Jerndorff	Nancy Caroline, f. Jones	1809	1877	g. 1841 m. J.UJ.
jerndorff	kun_xlsx								Jerndorff	Frk.			Søster til J.U.J. (enten Pouline Cathrine (1811–1887) eller Petrine Christiane (1817–1894).
jetsmark	kun_min	PerXI04233	Jetsmark	J.	1781	1853	Redaktør af Adresseavisen (Adressecomptoirets Efterretninger).	X:478;X:479					
josva	kun_min	PerXI04270	Josva	Nuns Søn, Israels Fører efter Moses' Død. II 54. Juan d'Austria	1547	1548	Søn af Kejser Karl V og Barbara Blomberg fra Regensburg, spansk Flaadefører, 1576 Statholder i Nederlandene.	IV:382					
josva	kun_xlsx								Josva				Nuns Søn, Israels Fører efter Moses’ Død.
jurgensen	kun_min	PerXI04291	Jurgensen	Blanche	1843		Datter af N.J.J., g. 1866 m. Paul Castex. VII 85. — Se ogsaa: Castex, Blanche. Jurgensen, Caroline Christiane, f. Borch (1817-67), g.m. N.J.J.	V:336;VII:85;VII:175					
jurgensen	kun_min	PerXI04306	Jürgensen	Chr. Fredr. Urban Bruun	1831	1897	Søn af Marcus J., Premierløjtnant i Kavalleriet, senere Ritmester og Slotsforvalter ved Odense Slot.	IV:474;IV:475;IV:476;V:1;V:2					
jurgensen	kun_min	PerXI04307	Jürgensen	Emma Georgine	1846		Datter af Købmand i Odense L.B.J., g. 1867 m. Mouritz Kornerup.	VII:301					
jurgensen	matchet_person_men_beskrivelse_afviger	PerXI04311	Jürgensen	Jules F. U.	1837	1894	Søn af Jules J., Urfabrikant i Le Locle, Oversætter af HCA.s Eventyr.	IV:406;IV:408;IV:409;IV:410;IV:411;IV:425;IV:431;IV:432;IV:439;V:1;V:3;V:9;V:15;V:25;V:282;VII:288;VII:292;VII:294;VIII:74;VIII:154;VIII:326;VIII:399	Jürgensen	Jules F. U.	1837	1894	Søn af Jules J., urfabrikant i Le Locle, oversætter af H.C. Andersens eventyr.
jurgensen	matchet_person_men_beskrivelse_afviger	PerXI04318	Jürgensen	Sophie-Lydie	1840	1917	Datter af Jules J., g. 1862 m. Auguste Perrenoud. IV 406 411. — Se ogsaa: Perrenoud, Sophie-Lydie. Jurgensen, Urban (1776-1830), Søn af Anne Leth J., kgl. Sø-Urmager, Kronometer- og Urfabrikant.	I:36;II:318;VII:44	Jürgensen	Sophie-Lydie	1840	1917	Datter af Jules J., g. 1862 m. Auguste Perrenoud.
jurgensen	kun_min	PerXI04319	Jurgensen				Urban August (død 1866, 28 Aar gl.), Søn af Louis Urban J., Kronometermager.	X:227					
jurgensen	kun_xlsx								Jurgensen	Blanche	1843		Datter af N.J.J., g. 1866 m. Paul Gastex.
jurgensen	kun_xlsx								Jurgensen	Caroline Christiane, f. Borch	1817	1867	g.m. N.J.J.
jurgensen	kun_xlsx								Jürgensen	Emma Georgine	1846		Datter af Købmand i Odense L.B.J., g. 1867 m. Mouritz Kornerup.
jurgensen	kun_xlsx								Jürgensen	Urban	1776	1830	Søn af Anne Leth J., kgl. Sø-Urmager, Kronometer- og Urfabrikant.
jurgensen	kun_xlsx								Jürgensen	Urban August		1866	Søn af Louis Urban J., Kronometermager.
jørgensen	kun_min	PerXI04332	Jørgensen	Menig, 3. Infanteri-Regiment, 2. Kompagni, Nr. 206	1864		.	VI:74;VI:75;VI:76;VI:77;VI:78;VI:79					
jørgensen	kun_min	PerXI04333	Jørgensen				Sergeant, 2. Forstærkningsbataillon 1850.	III:415					
jørgensen	kun_min	PerXI04334	Jørgensen				Student, 24.1.1867.	VII:237					
jørgensen	kun_min	PerXI04336	Jørgensen	Agnes Johanne Marie	1853		Datter af Jakob Henrik og Jakobine J.	X:83;X:95					
jørgensen	matchet_person_men_beskrivelse_afviger	PerXI04337	Jørgensen	Anna Margrethe	1805	1882	Husbestyrerinde (Oldfrue) paa Holsteinborg.	X:266	Jørgensen	Anna Margrethe	1805	1882	Husbestyrerinde (Oldfrue) på Holsteinborg.
jørgensen	matchet_person_men_beskrivelse_afviger	PerXI04338	Jørgensen	B. S.	1815	1888	cand. polyt. 1838, Studieophold i Tyskland 1845- 47, 1849 Docent ved Polyteknisk Læreanstalt, 1858-86 ved Landbohøjskolen, tit. Professor 1852, Landøkonom.	III:29;III:31;IX:106;IX:107;IX:108;IX:109;IX:110	Jørgensen	B. S.	1815	1888	cand. polyt. 1838, Studieophold i Tyskland 1845–1847, 1849 Docent ved Polyteknisk Læreanstalt, 1858–1886 ved Landbohøjskolen, tit. Professor 1852, Landøkonom.
jørgensen	matchet_person_men_beskrivelse_afviger	PerXI04339	Jørgensen	Charlotte, f. Fabricius	1839	1913	Datter af Caroline F., g. 1863 m. Forvalter paa Basnæs, senere Ejer af Sønderskovgaard ved Herning Jørgen J. VIII 226 388. — Se ogsaa: Fabricius, Charlotte. Jørgensen, Hans Christian (1847-69), Kontorist.	V:130;V:174;VI:313;VI:324;VII:236;VII:237;VII:248;VII:310;VII:313;VII:314;VII:315;VII:316;VII:317;VII:318;VII:319;VII:322;VII:323;VII:351;VII:376;VII:392;VIII:24;VIII:26;VIII:32;VIII:40;VIII:97;VIII:125;VIII:247;VIII:248	Jørgensen	Charlotte, f. Fabricius	1839	1913	Datter af Caroline F., g. 1863 m. Forvalter på Basnæs, senere Ejer af Sønderskovgaard ved Herning Jørgen J.
jørgensen	kun_min	PerXI04340	Jørgensen	Helga Dorthea Sophie	1856		Datter af Jakob Henrik og Jakobine J.	X:95					
jørgensen	kun_min	PerXI04342	Jørgensen	Jakob Henrik	1816	1869	praktiserende Læge i Silkeborg fra 1851.	IV:323;IV:324;IV:325					
jørgensen	kun_min	PerXI04343	Jørgensen	Jakobine Oline Frederikke, f. Hoff	1827		g. 1° m. Læge J.H.J., 2° 1872 m. Læge J. Th. Leerbeck. IV 324. VII 271 273. — Se ogsaa: Leerbeck, Jakobine. Jørgensen, Jørgen, Tjener hos Chr. Thyberg.	III:74;III:75					
jørgensen	kun_min	PerXI04345	Jørgensen	Rasmus (kaldet Specius)	1792		Vognmand, 1838-58 Vært i Hotel du Nord, Kongens Nytorv, hvor HCA boede 1.12.1838-13.5.1847.	X:473					
jørgensen	kun_xlsx								Jørgensen				Menig, 3. Infanteri-Regiment, 2. Kompagni, Nr. 206 (1864).
jørgensen	kun_xlsx								Jørgensen	Agnes Johanne Marie	1853		Datter af Jakob Henrik og Jakobine J.
jørgensen	kun_xlsx								Jørgensen	Hans Christian	1847	1869	Kontorist.
jørgensen	kun_xlsx								Jørgensen	Helga Dorthea Sophie	1856		Datter af Jakob Henrik og Jakobine J.
jørgensen	kun_xlsx								Jørgensen	Jakobine Oline Frederikke, f. Hoff	1827		g. 1° m. Læge J.H.J., 2° 1872 m. Læge J. Th. Leerbeck.
jørgensen	kun_xlsx								Jørgensen	Rasmus (kaldet Specius)	1792		Vognmand, 1838–1858 Vært i Hotel du Nord, Kongens Nytorv, hvor H.C. Andersen boede 1.12.1838–13.5.1847.
kall	kun_min	PerXI04362	Kall	Nancy, f. Rørbye	1813	1863	Søster til F. C. Rørbye, g. 1835 m. P.J.K.	IV:353					
kall	kun_min	PerXI04363	Kall	Peter Julius	1804	1878	svensk- norsk Vicekonsul i Frederikshavn, Kommerceraad.	IV:344;IV:353;IV:355;IV:356					
kalling	kun_min	PerXI04364	Kalling	Ebba Florentina, Grevinde, f. Friherreinde Sture	1808	1887	Enke efter Grev Nils Bielke til Sturefors, g. 2° 1846 m. Oberst, Grev C.G.N.K.	III:346;III:347					
karen marie	kun_min	PerXI04370	Karen Marie		1799	1846	HCA.s Halvsøster, se: Andersen, Karen Marie. Karl den Store (742-814), frankisk Konge 768, romersk Kejser 800.	II:45;II:54;II:315;IV:153;IV:241;IV:375;IV:380;V:375;IX:286					
katharina	kun_min	PerXI04378	Katharina		1331	1381	svensk Helgeninde, Datter af den hellige Birgitta.	III:355;III:356					
kauffmann	matchet_person_men_beskrivelse_afviger	PerXI04381	Kauffmann	Heinrich	1819	1905	Oberst af Generalstaben, 1863 Chef for Felthærens Generalstab, 1864 Generalmajor, 1886 kar. Generalløjtnant; Chef for Kongens Adjudantstab, Kammerherre.	VI:77;VI:92;VII:19;VII:70;VII:71;VII:74;VII:75;VII:77;VII:80;VII:81;VII:225	Kauffmann	Heinrich	1819	1905	Oberst af Generalstaben, 1863 Chef for Fclthærens Generalstab, 1864 Generalmajor, 1886 kar. Generalløjtnant; Chef for Kongens Adjudantstab, Kammerherre.
kauffmann	kun_min	PerXI04383	Kauffmann	Jensine Louise Mathilde, f. Fønss	1829	1904	Datter af Niels Basse Fønss, g. 1851 m. Heinrich K.	VII:225;VII:226					
kauffmann	kun_min	PerXI04384	Kauffmann	Johanne Marie Nicoline	1825		Store Hedinge.	V:128;V:167;VIII:427					
kauffmann	kun_xlsx								Kauffmann	Johanne Marie Nicoline	1825		Store Hedinge.
keil	kun_min	PerXI04399	Keil	Georg	1781	1857	Hofrat, tysk Oversætter af italiensk og spansk Litteratur (bl.a. Calder6n).	II:263;II:264;III:62;III:63					
kistner	kun_min	PerXI04452	Kistner	Arnold	1839	1892	svensk Løjtnant, i fransk Tjeneste i Algier 1868- 69, Kaptajn 1873.	VIII:322;VIII:323					
kittler	kun_min	PerXI04454	Kittler	Robert	1811	1893	Forlagsboghandler i Hamburg.	II:391;III:15;III:189					
knowles	kun_min	PerXI04499	Knowles	James Sheridan	1784	1862	engelsk Skuespilforfatter og Skuespiller.	IV:56;IV:57					
kobbe	kun_min	PerXI04537	Kobbe	Theodor von	1798	1845	Kriminalretsassessor i Oldenburg, Jagtjunker, humoristisk Forfatter.	II:375;II:376					
koch	kun_min	PerXI04541	Koch				Frue, g.m. Karl K.	III:177					
koch	matchet_person_men_beskrivelse_afviger	PerXI04544	Koch	E. F.	1835	1911	cand. theol., ledende Senior i Studenterforeningen, 1866 dr. phil., 1872 Sognepræst i Skibet, 1878 i Tilst, 1883 i Houlbjerg og Granslev samt Provst for Lysgaard, Hids og Houlbjerg Herreders Provsti, Historiker.	VII:244;VIII:421	Koch	E. F.	1835	1911	cand. theol., ledende Senior i Studenterforeningen, 1866 dr. phil., 1872 Sognepræst i Skibet, 1878 i Tiist, 1883 i Houlbjerg og Granslev samt Provst for Lysgaard, Hids og Houlbjerg Herreders Provsti, Historiker.
koch	matchet_person_men_beskrivelse_afviger	PerXI04547	Koch	G.	1827	1914	Byfoged (Politimester) i Odense 1866, Borgmester Stamtavle Koch s.XLII 1877-97, Politiker, Etatsraad, 1897 Konferensraad.	VII:302;VII:304;VII:356;VII:382;VII:383;VII:386;VII:387;VII:395;VIII:53;VIII:56;VIII:96;VIII:150;VIII:183;IX:218;X:65;X:136	Koch	G.	1827	1914	Byfoged (Politimester) i Odense 1866, Borgmester 1877–1897, Politiker, Etatsraad, 1897 Konferensraad.
koch	matchet_person_men_beskrivelse_afviger	PerXI04557	Koch	Jørgen Hansen	1787	1860	Arkitekt, Hofbygmester, Professor ved Kunstakademiet, 1849-56 Bygningsdirektør, 1832 Etatsraad, 1848 Konferensraad.	II:269;III:178;III:281;III:383;IV:17	Koch	Jørgen Hansen	1787	1860	Arkitekt, Hofbygmester, Professor ved Kunstakademiet, 1849–1856 Bygningsdirektør, 1832 Etatsraad, 1848 Konferensraad.
koch	matchet_person_men_beskrivelse_afviger	PerXI04562	Koch	Mathilde, f. Hauch	1831	1910	Datter af C. Hauch, g. 1859 m. Peter K. V 183 411 448. VI 66 341. VII 12 186 370. VIII 35 453. IX 5 43 101. X 159 165 169 253 346 406. — Se ogsaa: Hauch, Mathilde. Koch, Mathilde (1862-1936), Datter af Peter K.	VI:140;VII:216;VIII:164;VIII:425;VIII:444;VIII:453;IX:177;X:187	Koch	Mathilde, f. Hauch	1831	1910	Datter af C. Hauch, g. 1859 m. Peter K.
koch	matchet_person_men_beskrivelse_afviger	PerXI04563	Koch	Peter	1832	1907	Søn af J.H.K. (1787-1860), Assistent i Justitsministeriet, Fuldmægtig 1864, 1869-71 tillige kst. Vicepolitidirektør i København, 1871 Assessor i Kriminalretten, 1878 i Overretten, 1885 i Højesteret, Justitiarius 1897.	V:7;V:123;V:165;V:183;V:395;V:411;V:425;VI:21;VI:25;VI:26;VI:55;VI:76;VI:217;VI:260;VI:261;VI:277;VI:278;VI:310;VII:186;VII:235;VII:237;VII:244;VII:246;VII:247;VII:248;VII:334;VIII:41;VIII:193;VIII:215;VIII:345;VIII:394;VIII:420;VIII:425;VIII:442;VIII:453;IX:4;IX:5;IX:43;IX:55;IX:101;IX:217;X:38;X:49;X:156;X:165;X:171;X:249;X:347;X:352;X:418;X:444;X:454;X:461	Koch	Peter	1832	1907	Søn af J.H.K. (1787–1860), Assistent i Justitsministeriet, Fuldmægtig 1864, 1869–1871 tillige kst. Vicepolitidirektør i København, 1871 Assessor i Kriminalretten, 1878 i Overretten, 1885 i Højesteret, Justitiarius 1897.
koch	kun_min	PerXI04564	Koch	Peter Ferdinand	1815	1900	exam. jur., Klosterskriver og Godsforvalter paa Vemmetofte, Kancelliraad, 1879 Etatsraad.	X:288;X:289					
koch	kun_xlsx								Koch				Frue, g.m. Karl K.
koch	kun_xlsx								Koch	Fro Mathilde, f. Friis	1819	1905	g. 1853 m. G. K.
koch	kun_xlsx								Koch	Mathilde	1862	1936	Datter af Peter K.
kohle	kun_min	PerXI04577	Kohle	Holstener, bosat i Örebro 1837. II 33-34.: Kok, Martin	1850	1942	Student 1870, cand. polit. 1884, Forfatter.	X:424;X:431					
kossuth	kun_min	PerXI04603	Kossuth	Therese, f. Meszlenyi	1810	1865	g. 1840 m. L.K. V 195-96. Kottwitz (Fritz?), Baron, Glion 26.5. 1873.	X:91;X:92					
krantz	kun_min	PerXI04622	Krantz	Grosse Reichenstrasse, Hamburg 1856, se: Cranz, A. H. Krarup, Nicolai Edinger	1813	1867	cand. jur., 1842-43 i Udlandet med Understøttelse af Kongen og Det Reiersenske Fond, senere Amtsforvalter i Ringkøbing, Udskrivningschef, Landstingsmand og Etatsraad.	II:320;II:328;II:339;II:340;II:341;II:343;II:347;II:349;II:350;II:358					
kraukling	kun_min	PerXI04624	Kraukling	Carl Konstantin	1792	1873	Director for det historiske Museum i Dresden.	III:65;III:66					
krenchel	kun_min	PerXI04639	Krenchel	H. E.	1801	1864	Premierløjtnant i Søetaten, Næstkommanderende paa Skonnerten Elben 1834, 1840 Kaptajnløjtnant, 1847 Kaptajn, 1853 Afsked, kar. Kommandørkaptajn, 1853-60 Havnekaptajn i København.	I:509;I:510					
krog-meyer	kun_min	PerXI04652	Krog-Meyer	Frøken, Søster til H.W.K.- M. (enten Louise Augusta	1811	1891	eller Marie Margrete (1814-1907)), Ulkebøl 17.9.1844.	II:440					
krog-meyer	matchet_person_men_beskrivelse_afviger	PerXI04653	Krog-Meyer	Hans Wexels	1805	1883	Provst, Sognepræst i Ulkebøl, Als, 1832, i Snoldelev og Tune 1864-79.	II:439;II:440;II:441	Krog-Meyer	Hans Wexels	1805	1883	Provst, Sognepræst i Ulkebøl, Als, 1832, i Snoldelev og Tune 1864–1879.
krog-meyer	kun_xlsx								Krog-Meyer	Frøken			Søster til H.W.K.- M. (enten Louise Augusta (1811–1891) eller Marie Margrete (1814–1907)), Ulkebøl 17.9.1844.
krohn	kun_min	PerXI04666	Krohn				norsk Familie fra Bergen (Prag 26.6.1841).	II:258					
krohn	matchet_person_men_beskrivelse_afviger	PerXI04668	Krohn	Johan	1841	1925	Søn af F.K., stud.theol., 1867 cand.theol., Huslærer paa Bregentved 1868-73, Skolemand og Forfatter.	V:247;V:248;V:439;V:441;VIII:6;VIII:234;VIII:436;VIII:439;VIII:442;VIII:447;VIII:448;VIII:449;VIII:452;IX:178;IX:194;IX:223;IX:224;IX:358;IX:364;IX:386;X:2;X:52;X:143;X:219;X:223;X:238;X:242;X:246;X:247;X:250;X:251;X:252;X:256;X:284;X:286;X:287;X:296;X:346;X:348;X:350;X:352;X:355;X:357;X:360;X:361;X:362;X:363;X:364;X:367;X:368;X:373;X:375;X:377;X:379;X:385;X:390;X:402;X:403;X:411;X:413;X:414;X:419;X:421;X:423;X:430;X:437;X:447;X:448;X:450;X:451;X:452;X:455;X:462;X:466;X:468;X:471	Krohn	Johan	1841	1925	Søn af F.K., stud.theol., 1867 cand. theol., Huslærer på Bregentved 1868–1873, Skolemand og Forfatter.
krohn	kun_min	PerXI04669	Krohn	Peter	1769	1864	fhv. Toldkasserer i Rudkøbing.	IV:28;IV:29					
krohn	matchet_person_men_beskrivelse_afviger	PerXI04670	Krohn	Pietro	1840	1905	Søn af F.K., Student 1859, Sekondløjtnant 1864, Maler og Tegner, 1880-93 Økonomiinspektør ved Det kgl. Teater, 1893 Direktør for Kunstindustrimuseet.	VIII:6;VIII:140;VIII:142;VIII:432;VIII:447;IX:100;IX:101	Krohn	Pietro	1840	1905	Søn af F.K., Student 1859, Sekondløjtnant 1864, Maler og Tegner, 1880–1893 Økonomiinspektør ved Det kgl. Teater, 1893 Direktør for Kunstindustrimuseet.
krohn	kun_xlsx								Krohn				Norsk Familie fra Bergen (Prag 26.6.1841).
kunowski	kun_min	PerXI04711	Kunowski	Otto Friedrich Wilhelm von	1791	1864	preussisk Løjnant og Godsejer (Bechlin).	III:136;III:137					
lange	kun_min	PerXI04775	Lange				Broder til Overpræsident Michael L. (enten Generalkonsul i La Rochelle August Carl L. (f. 1792) eller Skibsreder, Kaptajn Frederik Wilhelm L. (f. 1795)), München 7.8.1855.	IV:175					
lange	kun_min	PerXI04776	Lange				Søn af Peter Casper L., dansk Skomagermester i Konstantinopel.	II:201;II:206					
lange	matchet_person_men_beskrivelse_afviger	PerXI04777	Lange	Agnes	1841	1903	Datter af H.W.L., Skuespillerinde ved Folketeatret, 1864-96 ved Det kgl. Teater, g. 1868 m. J.L.Nyrop. V 146 297 425. VI 114 119-20 124 129 135-36 138 161-62 163 203-05 208-10 213 218 222 310 314 333 336. VII 214 241 254-55 261-62 361. VIII 40 82 84. — Se ogsaa: Nyrop, Agnes. Lange, Chr. Th. S. (1819-79), Grosserer, cand. phil.	VI:255	Lange	Agnes	1841	1903	Datter af H.W.L., Skuespillerinde ved Folketeatret, 1864–1896 ved Det kgl. Teater, g. 1868 m. J.L.Nyrop.
lange	kun_min	PerXI04778	Lange	Daniel	1815		Skræddermester, Odense (London 30.6.1847).	III:213					
lange	matchet_person_men_beskrivelse_afviger	PerXI04781	Lange	H. W.	1815	1873	Søn af Peter Casper L., Teaterdirektør i Provinsen 1845, 1848 Direktør for Casino, 1855- 56 for Hofteatret, 1857 for Folketeatret. Virkelig Kammerraad 1855.	III:1;III:2;III:384;III:385;IV:470;VI:120;VI:210;VI:335;VII:368;X:25	Lange	H. W.	1815	1873	Søn af Peter Casper L., Teaterdirektør i Provinsen 1845, 1848 Direktør for Casino, 1855–1856 for Hofteatret, 1857 for Folketeatret. Virkelig Kammerraad 1855.
lange	kun_min	PerXI04782	Lange	J. C.	1785	1850	Litterat.	II:317;II:318					
lange	matchet_person_men_beskrivelse_afviger	PerXI04783	Lange	Johan	1818	1898	konst. Direktør for Botanisk Have 1856-76, Docent i Botanik ved Landbohøjskolen, 1860 tit. Professor, 1892 Professor.	V:115;V:187;VII:330;X:260	Lange	Johan	1818	1898	konst. Direktør for Botanisk Have 1856–1876, Docent i Botanik ved Landbohøjskolen, 1860 tit. Professor, 1892 Professor.
lange	matchet_person_men_beskrivelse_afviger	PerXI04784	Lange				Josephine, i Huset hos Cazalis i Cette 1846.	III:144	Lange	Josephine			i Huset hos Cazalis i Cette 1846.
lange	matchet_person_men_beskrivelse_afviger	PerXI04785	Lange	Josephine, f. Leth	1826	1895	g. 1852 m. S.L.L. VII 327. — Se ogsaa: Leth, Josephine. Lange, Juliana Maria, f. Michaelsen (1799-1866), g. 1835 m. H.W.L.	VI:314	Lange	Josephine, f. Leth	1826	1895	g. 1852 m. S.L.L.
lange	kun_min	PerXI04787	Lange	Kirstine	1824	1901	Datter af Rasmus L., g.m. K.M.Bokman.	III:416;III:417					
lange	kun_min	PerXI04788	Lange	Kristian Konrad Sofus	1857		Søn af Thomas L., Patient 1874 paa Oringe Sindssygehospital ; lever 1880.	X:305					
lange	matchet_person_men_beskrivelse_afviger	PerXI04790	Lange	Ludvig Classen	1841	1883	Student, officersaspirant 1864, levede nogle Aar i Paris og døde i Marseille.	VII:348;VIII:66;VIII:67;VIII:68;VIII:69	Lange	Ludvig Classen	1841	1883	Student, officersaspirant 1864, levede nogle år i Paris og døde i Marseille.
lange	kun_xlsx								Lange				Broder til Overpræsident Michael L. (enten Generalkonsul i La Rochelle August Carl L. (f. 1792) eller Skibsreder, Kaptajn Frederik Wilhelm L. (f. 1795)), München 7.8.1855.
lange	kun_xlsx								Lange	Chr. Th. S.	1819	1879	Grosserer, cand. phil.
lange	kun_xlsx								Lange	Daniel	1815		Skræddermester, Odense (London 30.6.1847).
lange	kun_xlsx								Lange	Juliana Maria, f. Michaelsen	1799	1866	g. 1835 m. H.W.L.
lange	kun_xlsx								Lange	Kristian Konrad Sofus	1857		Søn af Thomas L., Patient 1874 på Oringe Sindssygehospital; lever 1880.
lassen	matchet_person_men_beskrivelse_afviger	PerXI04838	Lassen				Jfr., Søster til Fr.Chr.L., Sæby Præstegaard 1829.	III:388	Lassen	Jfr.			Søster til Fr.Chr.L., Sæby Præstegaard 1829.
lassen	kun_min	PerXI04839	Lassen				Knapmager fra Altona og hans Søn, Brussel 6.3.1843.	II:318					
lassen	matchet_person_men_beskrivelse_afviger	PerXI04841	Lassen				Elise Frederike (f. ca. 1842), Datter af Laur.Chr.Ludv.L.	VII:2	Lassen	Elise Frederike			Datter af Laur.Chr.Ludv.L.
lassen	kun_min	PerXI04842	Lassen	Emma Elsine Petrea, f. Allerup	1837		Søster til Fru Johanne English, g.1861 m. Købmand Heiman David Lassen.	VII:328					
lassen	matchet_person_men_beskrivelse_afviger	PerXI04846	Lassen	Lauritz Christian Ludvig	1804	1874	Sognepræst i Tjæreby 1862-71.	V:392;VI:177;VII:2	Lassen	Lauritz Christian Ludvig	1804	1874	Sognepræst i Tjæreby 1862–1871.
lassen	kun_min	PerXI04847	Lassen	Niels Frederik	1793	1865	Overauditør.	V:28;V:29					
lassen	matchet_person_men_beskrivelse_afviger	PerXI04848	Lassen	Rasmus	1827	1903	Søstersøn af W. Lind, stud.theol., Menig ved Livgarden 1850-51, senere Lærer.	IV:3	Lassen	Rasmus	1827	1903	Søstersøn af W. Lind, stud.theol., Menig ved Livgarden 1850–1851, senere Lærer.
lassen	matchet_person_men_beskrivelse_afviger	PerXI04849	Lassen				S. L., Fabrikant, Brussel 1866.	VII:67	Lassen	S. L.			Fabrikant, Brüssel 1866.
lassen	kun_xlsx								Lassen				Knapmager fra Altona og hans Søn, Briissel 6.3.1843.
lassen	kun_xlsx								Lassen	Emma Elsine Petrea, f. Allerup	1837		Søster til Fru Johanne English, g. 1861 m. Købmand Heiman David Lassen.
lefren	kun_min	PerXI04877	Lefrén	Johan Peter	1784	1862	svensk Generalløjtnant, 1860 General, var 1849 Vice-Præsident i Litteraturselskabet »Atheneum« i Stockholm.	III:308;III:309					
lente-adeler	kun_min	PerXI04923	Lente-Adeler	Theodor	1702	1767	Stiftamtmand, Gehejmeraad, Besidder af Lykkesholm.	II:291;II:292					
leon	kun_min	PerXI04931	Léon	Emilie & Virgile, Bayonne 25.4. 1866. VII 91. Leonardo da Vinci	1452	1519	italiensk Videnskabsmand og Kunstner.	I:43;I:208;I:209;I:224;I:231;I:276;I:384;I:433;II:79;II:86;V:65;V:107					
leon	kun_xlsx								Léon	Emilie & Virgile			Bayonne 25.4.1866.
leonrod	kun_min	PerXI04933	Leonrod	Karl, Friherre	1814	1905	bayrisk Generalløjtnant, Fløjadjudant hos Kong Maximilian II af Bayern.	IV:97;IV:98					
leuhusen	kun_min	PerXI04954	Leuhusen	Alexander Magnus, Friherre	1821	1903	svensk Oberst, Regimentschef i Jönköping, 1884 Generalmajor i Reserven.	IX:136;IX:137					
levison	kun_min	PerXI04971	Levison				dansk Turist i Venezia 3.6.1854.	IV:140					
levison	kun_min	PerXI04973	Levison	Pinæus	1792	1866	Silke- og Klædekræmmer, Grosserer. III 295-97. Levy (fra København), Rendsborg 6.6. 1860.	IV:372					
levison	kun_xlsx								Levison				jødisk Hotelgæst, Bremen 18.6.1844.
lewini	kun_min	PerXI04990	Lewini				Ida, Datter af W.L., Skuespillerinde ved Casino.	IX:16;IX:17					
lewini	kun_min	PerXI04991	Lewini	W. I. H.	1810	1887	Provinsteaterdirektør (Titchens Selskab), Skuespiller.	IX:16;IX:17					
lewinsky	kun_min	PerXI04992	Lewinsky	Josef	1835	1907	Skuespiller ved Burgtheater i Wien.	VIII:279;VIII:280;VIII:285;VIII:286					
lewy	matchet_person_men_beskrivelse_afviger	PerXI04994	Lewy	B.	1817	1863	Kemiker, arbejdede 1840-47 i Paris i J.B.Dumas' Laboratorium, 1847 Professor i Kemi i Bogota, Columbia, fra 1851 igen i Paris.	II:323;II:360;II:363	Lewy	B.	1817	1863	Kemiker, arbejdede 1840–1847 i Paris i J.B.Dumas’ Laboratorium, 1847 Professor i Kemi i Bogota, Columbia, fra 1851 igen i Paris.
lewy	kun_min	PerXI04995	Lewy	Gustav	1824	1901	Musikhandler, Wien.	VIII:275;VIII:276					
liitzau	kun_min	PerXI05237	Liitzau				Baronesse, Schlesien (Maxen 5.8. 1857).	IV:275					
liitzau	kun_min	PerXI05238	Liitzau	Augusta	1855	1932	Datter af F.G.L., g. 1881 m. Købmand i Slagelse E. Th. B. Ohmeyer.	IX:76;IX:77					
liitzau	kun_min	PerXI05239	Liitzau	Frederik Georg	1809	1891	kar. Oberst, Højstbefalende ved Korsør Søbatteri.	IX:76;IX:77					
liitzau	kun_min	PerXI05240	Liitzau	Hugo	1857	1932	Søn af F.G.L., senere Fabrikant.	IX:76;IX:77					
liitzau	kun_min	PerXI05241	Liitzau	Juliane, f. Borberg	1824	1903	g. 1853 m. F.G.L.	IX:76;IX:77					
liliencron	kun_min	PerXI05023	Liliencron	Ferdinand von, Rigsfriherre	1852		Søn af Roehus v.L.	IV:378					
liliencron	kun_min	PerXI05024	Liliencron	Hedwig von, Rigsfriherreinde	1854	1938	Datter af Roehus v. L., g. 1885 m. Overpræsident i Rhinprovinsen, Friherre Georg v. Rheinbaben	IV:377;IV:378					
liliencron	kun_xlsx								Liliencron	Ferdinand von, Rigsfriherre	1852		Søn af Roehus v.L.
liljeblad	kun_min	PerXI05027	Liljeblad	Bengt	1834	1882	teol.kand., Uppsala, 1872 Sognepræst i Norrköping, senere e.o. Hovpredikant og Kontraktsprovst.	VI:292;VI:293					
lindemann-frommel	kun_min	PerXI05053	Lindemann-Frommel	Karl	1819	1891	tysk Maler.	V:46					
linharas	kun_min	PerXI05066	Linharas	Rodrigo Domingos de Sousa Continho Teixeira de Andrade Barbon, Greve	1745	1812	byggede 1801-08 Kanalen til Aveiro.	VII:143;VII:144					
linnstrom	kun_min	PerXI05073	Linnström	Hj.	1836	1914	svensk Forlagsboghandler og Bibliograf, 1871-84 Indehaver af L. J. Hiertas Forlag, Stockholm.	X:429;X:430					
ljunggren	kun_min	PerXI05089	Ljunggren	Gustaf	1823	1905	Professor i Æstetik ved Lunds Universitet, Litteraturhistoriker.	VI:304;VI:305;VI:306;VI:307					
loen	kun_min	PerXI05097	Loen	Leopold von, Friherre	1817	1895	preussisk Infanterigeneral, senere Kejserens Generaladjudant, Dattersøn af Wilh. v. Humboldt.	IV:379;IV:380					
lorentz	kun_min	PerXI05120	Lorentz	Carl Diderik	1818	1868	Legationssekretær i Frankfurt 1853-57, 1857 Kontorchef i Guvernementet paa St. Croix, 1862 Prokurator, Kammerjunker.	IV:123;IV:124					
lorenzen	matchet_person_men_beskrivelse_afviger	PerXI05123	Lorenzen	C.	1807	1859	Adjunkt i Sorø 1831-44, senere Kontrollør ved den kgl. Centralkasse for Slesvig, Forfatter.	I:115;II:150	Lorenzen	C.	1807	1859	Adjunkt i Sorø 1831–1844, senere Kontrollør ved den kgl. Centralkasse for Slesvig, Forfatter.
lorenzen	kun_min	PerXI05124	Lorenzen	Lorenz	1795	1866	Sognepræst i Adelby 1829-50, Medlem af den slesvigske Stænderforsamling 1834- 46, af den slesvig-holstenske 1848-51, 1852 Stadtsuperintendent i Luneburg.	III:6;III:7					
lorenzen	kun_min	PerXI05125	Lorenzen				P. (død 1873), Inspektør paa Broholm, senere Ejer af Gaarden Kjølholt, Skibet S., Vejle Amt, Medlem af »Selskabet til Hesteavlens Fremme i de danske Provindser«.	II:446					
lorenzen	kun_xlsx								Lorenzen	P.		1873	Inspektør på Broholm, senere Ejer af Gaarden Kjølholt, Skibet S., Vejle Amt, Medlem af »Selskabet til Hesteavlens Fremme i de danske Provindser«.
lowenberg	kun_min	PerXI05141	Lowenberg	Rougemont de, parisisk Bankier-Firma. I 145. Lowsow (Lowtsow), Chr. von	1788	1870	kar. Ritmester.	II:447					
lowenberg	kun_xlsx								Löwenberg	Rougemont de			parisisk Bankier-Firma.
luttichau	kun_min	PerXI05228	Luttichau	Constant Arnold Ulysses	1847	1906	Elev paa Herlufsholm, Student 1867, senere Bygningsingeniør, Forpagter af Vingegaard, Hofjægermester.	VII:196;VII:197;VII:198					
luttichau	kun_min	PerXI05230	Luttichau	Idalia, f. Dirckinck Friherreinde af Holmberg	1808	1899	Enke efter Godsejer Hans Helmuth L. til Tjele.	IX:8;IX:9					
lutzow	kun_min	PerXI05246	Lutzow	Frederik Georg von	1809	1891	Premierløjtnant i Kavalleriet, Ritmester 1848, senere Oberst.	II:442;II:443					
lutzow	kun_min	PerXI05250	Lutzow	Klara von, Friherreinde, f. Friherreinde von Geymuller	1801	1872	g. 1820 m. Ludwig v. L.	III:20;III:21					
lutzow	matchet_person_men_beskrivelse_afviger	PerXI05251	Lutzow				Ludwig von, Friherre (1794 1871), Rejsemarskal ved Hoffet i Oldenburg.	III:17;III:20;III:21	Lützow	Ludwig von, Friherre			Rejsemarskal ved Hoffet i Oldenburg.
lutzow	matchet_person_men_beskrivelse_afviger	PerXI05253	Lützow	Ulla von	1831	1904	Datter af Ludwig v.L., g. 1855 m. Chlodewig von Sydow.	III:20	Lützow	Ulla von	1831	1904	Datter af Ludwig v.L., g. 1855 m. Ghlodewig von Sydow.
læssøe	kun_min	PerXI05258	Læssøe	Emy, f. Komtesse Krag-Juel- Vind-Frijs	1825	1863	Datter af Jens Chr. Carl Krag-Juel-Vind-Frijs, g. 1857 m. Thorald L.	V:403;V:404;V:419;V:420;X:301;X:302					
læssøe	matchet_person_men_beskrivelse_afviger	PerXI05260	Læssøe	Joseph	1814	1895	Søn af Signe L., Typograf, 1849-52 Bogtrykker i Nakskov og Udgiver af Nakskov Avis.	II:37	Læssøe	Joseph	1814	1895	Søn af Signe L., Typograf, 1849–1852 Bogtrykker i Nakskov og Udgiver af Nakskov Avis.
læssøe	matchet_person_men_beskrivelse_afviger	PerXI05264	Læssøe	Nanny (Agnete), f. Jerichau	1853	1897	Datter af J.A.J., g. 1873 m. Albert Frederik L. X 155. — Se ogsaa: Jerichau, Nanny. Læssøe, Niels Frederik (1869-?), Søn af Viggo L.	IX:298	Læssøe	Nanny (Agnete), f. Jerichau	1853	1897	Datter af J.A.J., g. 1873 m. Albert Frederik L.
læssøe	matchet_person_men_beskrivelse_afviger	PerXI05267	Læssøe	Viggo	1819	1905	Søn af Signe L., cand.theol., 1858 Sognepræst i Ølgod, 1869-94 i Svallerup.	III:425;V:311;IX:298	Læssøe	Viggo	1819	1905	Søn af Signe L., cand. theol., 1858 Sognepræst i Ølgod, 1869–1894 i Svallerup.
læssøe	kun_xlsx								Læssøe	Niels Frederik	1869		Søn af Viggo L.
lønborg	matchet_person_men_beskrivelse_afviger	PerXI05274	Lønborg	Anna Johanne (Hanne), f. Thiele	1833	1893	Datter af J.M.Thiele, g. 1855 m. C.J.F.L.	IV:369;IV:370;IV:371;IV:372;IV:378;IV:384;IV:407;IV:423;IV:449;V:132;V:189;V:438;VI:51;VI:206;VII:8;VII:214;VII:218;VIII:434;IX:58;X:24	Lønborg	Anna Johanne (Hanne), f. Thiele	1833	1893	Datter af J.M.Thiele, g. 1855 m. G.J.F.L.
lønborg	kun_min	PerXI05276	Lønborg				Frederikke (død 1904), Søster til C.J.F.L.	V:125;VII:219;VIII:396;IX:139;X:24;X:334;X:372					
lønborg	kun_min	PerXI05277	Lønborg	Sophie Kaufmann	1854	1938	Adoptivdatter af C.J.F.L.	IV:370;IV:371					
lønborg	kun_xlsx								Lønborg	Frederikke		1904	Søster til C.J.F.L.
løvenskiold	kun_min	PerXI05280	Løvenskiold				Baronesse, Passager paa Postskibet Skirner 16.5.1852.	IV:75					
løvenskiold	matchet_person_men_beskrivelse_afviger	PerXI05282	Løvenskiold	Carl Eggert Georg, Baron	1806	1884	cand.jur. 1832, Toldforvalter i Næstved 1862-78, Kammerherre 1867.	I:500;I:501;VII:225;VII:226;X:290	Løvenskiold	Carl Eggert Georg, Baron	1806	1884	cand. jur. 1832, Toldforvalter i Næstved 1862–1878, Kammerherre 1867.
løvenskiold	matchet_person_men_beskrivelse_afviger	PerXI05283	Løvenskiold	Carl Ludvig	1822	1898	Søn af Annette L., Hofmarskal 1859-68, Overhofmarskal 1881, Kammerherre, 1883 Gehejmekonferensraad.	V:126;V:148;V:427;V:437;V:441;V:444;V:445;V:450;VI:33;VI:34;VI:35;VI:36;VI:46;VI:101;VII:249;VIII:38;VIII:48	Løvenskiold	Carl Ludvig	1822	1898	Søn af Annette L., Hofmarskal 1859–1868, Overhofmarskal 1881, Kammerherre, 1883 Gehejmekonferensraad.
løvenskiold	matchet_person_men_beskrivelse_afviger	PerXI05284	Løvenskiold	Charlotta Eugénie Louise Augusta, f. Friherreinde Lagerheim	1828	1892	Datter af Elias Lagerheim, g. 1852 m. Carl Ludvig L. VIII 48. — Se ogsaa: Lagerheim, Charlotta. Løvenskiold, Eggert (Aga), Baron (1788- 1861), Overførster, Hofjægermester.	I:495	Løvenskiold	Gharlotta Eugénie Louise Augusta, f. Friherreinde Lagerheim	1828	1892	Datter af Elias Lagerheim, g. 1852 m. Garl Ludvig L.
løvenskiold	matchet_person_men_beskrivelse_afviger	PerXI05286	Løvenskiold	Franciska Veronika Johanne Josephine, f. Baronesse Seckendorf- Aberdar	1807	1873	Statsfrue hos Dronning Desideria af Sverrig-Norge, senere Overhofmesterinde hos Dronning Josefina, g. 1827 m. Ernst L.	II:64	Løvenskiold	Franciska Veronika Johanne Josephine, f. Baronesse Seckendorf-Aberdar	1807	1873	Statsfrue hos Dronning Desideria af Sverrig-Norge, senere Overhofmesterinde hos Dronning Josefina, g. 1827 m. Emst L.
løvenskiold	kun_min	PerXI05288	Løvenskiold	Jenny, Baronesse	1845	1923	Datter af Carl Eggert Georg L., g. 1868 m. Kammerjunker Victor Eugen von Ellbrecht.	VII:225;VII:226					
løvenskiold	matchet_person_men_beskrivelse_afviger	PerXI05289	Løvenskiold	Leopold Herman Severin	1813	1848	norsk Frivillig, Sekondløjtnant ved 10. Linie-Bataillon, dødeligt saaret ved Stenderup 5.6.1848.	III:286	Løvenskiold	Leopold Herman Severin	1813	1848	Norsk Frivillig, Sekondløjtnant ved 10. Linie-Bataillon, dødeligt såret ved Stenderup 5.6.1848.
løvenskiold	kun_min	PerXI05292	Løvenskiold	Sophie, Baronesse, f. Løvenskiold	1811	1890	Datter af Annette L., g. 1844 m. Carl Eggert Georg L.	VII:225;VII:226					
løvenskiold	kun_xlsx								Løvenskiold				Baronesse, Passager på Postskibet Skirner 16.5.1852.
løvenskiold	kun_xlsx								Løvenskiold	Eggert (Aga), Baron	1788	1861	Overførster, Hofjægermester.
maase	matchet_person_men_beskrivelse_afviger	PerXI05309	Maase	Caroline von der	1827	1886	Datter af Frederik v. d. M., g. 1851 m. Frederik Moltke (1825-75). IV 29. — Se ogsaa: Moltke, Caroline. Maase, Caroline Amalie von der, f. Komtesse Holck-Winterfeldt (1842-1914), Datter af Gustav Holck-Winterfeldt, g. 1872 m. Chr. v. d. M. X. 286. Maase, Christian von der (1831-93), Søn af Frederik v. d. M., Sekondløjtnant i Kavalleriet, 1860 Premierløjtnant, 1868 Ritmester, 1874 Adjudant hos Kongen, 1877 Oberst, Afsked 1891 med Generalmajors Karakter, 1ste Staldmester hos Kongen og Chef for Staldetaten.	III:403;X:286;X:312;X:314	Maase	Caroline von der	1827	1886	Datter af Frederik v. d. M., g. 1851 m. Frederik Moltke (1825–1875).
maase	kun_min	PerXI05311	Maase	Frederik von der	1825	1905	Søn af Fr. v. d. M. (1800-66), Attaché ved det danske Gesandtskab i Berlin, 1856-67 Legationssekretær i Stockholm, 1867 Kammerherre, Besidder af Anholt.	IV:158;IV:159					
maase	matchet_person_men_beskrivelse_afviger	PerXI05312	Maase	Olivia von der, f. Colbiørnsen	1795	1877	Datter af Engelke Colbiørnsen, g. 1825 m. Frederik v. d. M. (1800-66).	I:32;I:37;I:38;III:45;III:232;III:249;IX:224;IX:378;X:212;X:244;X:246;X:268;X:285;X:286;X:313;X:330;X:331;X:333	Maase	Olivia von der, f. Colbiørnsen	1795	1877	Datter af Engelke Colbiørnsen, g. 1825 m. Frederik v. d. M. (1800–1866).
maase	kun_xlsx								Maase	Caroline Amalie von der, f. Komtesse Holck-Winterfeldt	1842	1914	Datter af Gustav Holck-Winterfeldt, g. 1872 m. Chr.v. d. M.
maase	kun_xlsx								Maase	Christian von der	1831	1893	Søn af Frederik v. d. M., Sekondløjtnant i Kavalleriet, 1860 Premierløjtnant, 1868 Ritmester, 1874 Adjudant hos Kongen, 1877 Oberst, Afsked 1891 med Generalmajors Karakter, 1ste Staldmester hos Kongen og Chef for Staldetaten.
machado de castro	kun_min	PerXI05316	Machado de Castro	Joaquim	1732	1822	portugisisk Billedhugger.	VII:117					
maltitz	matchet_person_men_beskrivelse_afviger	PerXI05366	Maltitz				Fru von, læs. Maltitz, Fru von, Amerikanerinde, g.m. Franz v. M.	III:199	Maltitz	Fru von			Amerikanerinde, g.m. Franz v. M.
maltitz	kun_min	PerXI05369	Maltitz	Franz von, Friherre	1794	1857	Broder til Apollonius v. M., russisk Gesandt i Haag, tysk Digter.	III:198;III:199;III:200;III:201					
mannerheim	kun_min	PerXI05382	Mannerheim	A. R., Friherre	1802	1867	Kaptajn ved Skaraborgs Regiment, senere Oberstløjtnant, Bankdirektør, Mariestad.	III:365;III:366;III:367					
mau	kun_min	PerXI05497	Mau	Gerhard Wilhelm	1774	1858	Postmester i Skelskør 1806-57, Apoteker sst.	IV:199;IV:200					
meinert	kun_min	PerXI05523	Meinert	Marie	1826	1900	Kusine til A.E.M.Tang, Lærerinde ved Enkedronning Caroline Amalies Asylskole.	IV:338;IV:339					
menzel	kun_min	PerXI05598	Menzel	Wolfgang	1798	1873	tysk Forfatter.	IV:175;IV:176					
miaulis	kun_min	PerXI05654	Miaulis	Andreas	1770	1835	græsk Frihedskæmper og Søhelt.	II:162;II:163					
michelsen	kun_min	PerXI05663	Michelsen				Koffardikaptajn, Bordeaux 26.8.1866.	VII:176;VII:177					
michelsen	kun_min	PerXI05671	Michelsen	Marie, f. Duntzfelt	1819	1871	Datter af W. F. Duntzfelt, g.1856 m. O.W.M.	V:101;V:102					
michelsen	matchet_person_men_beskrivelse_afviger	PerXI05672	Michelsen	Ove Wilhelm	1800	1880	Kaptajn i Søetaten, 1850 Kommandørkaptajn, 1852 Kommandør, Marineminister 1854-59, Kammerherre 1855, kar. Kontreadmiral 1859.	II:381;II:389;VIII:108	Michelsen	Ove Wilhelm	1800	1880	Kaptajn i Søetaten, 1850 Kommandørkaptajn, 1852 Kommandør, Marineminister 1854–1859, Kammerherre 1855, kar. Kontreadmiral 1859.
moltke	kun_min	PerXI05727	Moltke				(1869, ikke nærmere angivet).	VIII:253					
moltke	matchet_person_men_beskrivelse_afviger	PerXI05728	Moltke				Komtesse, Basnæs 9.5.1856.	IV:198	Moltke	Komtesse			Basnæs 9.5.1856.
moltke	kun_min	PerXI05729	Moltke	Komtesse, Broderdatter af Peter M. (enten Elisabeth	1825	1897	eller Sophie (1837-91)).	VIII:326					
moltke	matchet_person_men_beskrivelse_afviger	PerXI05731	Moltke	Adam Gottlob, Greve	1792	1868	Administrator ved det københavnske Tallotteri (»Lotto-Moltke«), Kammerherre, Ejer af Lyngebæksgaard, Karlebo S.	III:279;IV:32;IV:34;VI:174	Moltke	Adam Gottlob, Greve	1792	1868	Administrator ved det københavnske T allotteri (»Lotto-Moltke«), Kammerherre, Ejer af Lyngebæksgaard, Karlebo S.
moltke	matchet_person_men_beskrivelse_afviger	PerXI05732	Moltke	Adam Gottlob, Greve	1798	1863	Søn af Otto Joachim M., Landog Søkrigskommissær i Itzehoe, 1847 Generalkrigskommissær i Odense, 1853 Besidder af Espe og Bonderup. II 380 387 388. III 183 384 414. IV 33 201 236 293 463. V 131. VI 73. Moltke (-Nutschau), Adam Henrik Carl, Greve (1828-1913), Søn af Carl M., senere Major og Kammerherre.	II:279	Moltke	Adam Gottlob, Greve	1798	1863	Søn af Otto Joachim M., Land- og Søkrigskommissær i Itzehoe, 1847 Generalkrigskommissær i Odense, 1853 Besidder af Espe og Bonderup.
moltke	matchet_person_men_beskrivelse_afviger	PerXI05733	Moltke	Adam Wilhelm, Lensgreve	1785	1864	Besidder af Grevskabet Bregentved, 1831 Finansminister og Gehejmestatsminister, 1848-52 Konsejispræsident.	II:276;II:277;II:279;II:280;II:281;II:285;II:428;VI:17;VI:174;VIII:345;X:279	Moltke	Adam Wilhelm, Lensgreve	1785	1864	Besidder af Grevskabet Bregentved, 1831 Finansminister og Gehejmestatsminister, 1848–1852 Konsej Ispræsident.
moltke	matchet_person_men_beskrivelse_afviger	PerXI05734	Moltke	Amalie (Amy), Grevinde, f. Komtesse Danneskiold-Samsøe	1843	1876	g. 1865 m. Christian M.(-Lystrup). VII 274. X 284 288. — Se ogsaa: Danneskiold-Samsøe, Amalie. Moltke (-Nutschau), Anna, Komtesse (1834-90), Datter af Carl M.(-N), g. 1855 m. Baron Herman Bagge af Boo.	IV:75;IV:76	Moltke	Amalie (Amy), Grevinde, f. Komtesse Danneskiold-Samsøe	1843	1876	g. 1865 m. Christian M. (-Lystrup).
moltke	kun_min	PerXI05735	Moltke	Asta, Komtesse	1858	1866	Datter af Ernst M.	VI:108;VI:109					
moltke	matchet_person_men_beskrivelse_afviger	PerXI05736	Moltke	Augusta, Komtesse	1820	1901	Datter af Ludvig M., Hofdame hos Arveprinsesse Caroline, Hofstiftsdame paa Vallø.	X:282	Moltke	Augusta, Komtesse	1820	1901	Datter af Ludvig M., Hofdame hos Arveprinsesse Caroline, Hof stiftsdame på Vallø.
moltke	matchet_person_men_beskrivelse_afviger	PerXI05739	Moltke	Carl, Greve	1798	1866	Besidder af Nutschau og Assiden, Præsident for det slesvig-holsten-lauenburgske Kancelli 1846, Gehejmestatsminister 1848, Minister for Slesvig 1852-54, Minister uden Portefeuille 1864-65, Gehejmekonferensraad 1848.	II:281;II:283;III:294;V:29;VI:85;X:478	Moltke	Carl, Greve	1798	1866	Besidder af Nütschau og Assiden, Præsident for det slesvig-holsten-lauenburgske Kancelli 1846, Gehejmestatsminister 1848, Minister for Slesvig 1852–1854, Minister uden Portefeuille 1864–1865, Gehejmekonferensraad 1848.
moltke	kun_min	PerXI05740	Moltke	Carl, Greve	1856	1886	Søn af Ernst M.	VI:108;VI:109					
moltke	matchet_person_men_beskrivelse_afviger	PerXI05741	Moltke	Carl Emil, Greve	1773	1858	Søn af Adam Gottlob M. (1710-92), tidligere Gesandt i London, Ordenssekretær, Stænderdeputeret 1835-46, Gehejmekonferensraad og Kammerherre, Besidder af Aagaard og Nørager.	III:286;III:409;III:412;IV:39;IV:43	Moltke	Carl Emil, Greve	1773	1858	Søn af Adam Gottlob M. (1710–1792), tidligere Gesandt i London, Ordenssekretær, Stænderdeputeret 1835–1846, Gehejmekonferensraad og Kammerherre, Besidder af Aagaard og Nørager.
moltke	matchet_person_men_beskrivelse_afviger	PerXI05742	Moltke	Caroline, Lensgrevinde, f. von der Maase	1827	1886	Datter af Frederik v.d.Maase, g. 1851 m. Frederik M. VIII 355. IX 222. X 212 217 244 268 279-80 283 285-86 288 290 295- 96 300 308 320 326 330 340 368 372 373-74 377 462 466 468 471 477 479. — Se ogsaa: Maase, Caroline v.d. Moltke, Catharine Margrethe Dorothea, f. Colding (1792-1873), Enke efter Julius M.	III:414;III:420	Moltke	Caroline, Lensgrevinde, f. von der Maase	1827	1886	Datter af Frederik v.d.Maase, g. 1851 m. Frederik M.
moltke	kun_min	PerXI05743	Moltke	Charlotte Sophie Dorothea, Komtesse	1836	1908	Datter af Adam Gottlob M. (1798-1863), Konventualinde i St. Johannes Kloster, Slesvig. IX 70-72. Moltke (-Lystrup), Christian, Greve (1833-1918), Søn af A.W.M., cand. polit. 1856, 1856-59 Attaché ved det danske Gesandtskab i London, Besidder af Lystrup og Jomfruens Egede, Landstingsmand 1875-1917, Kammerherre 1865, Gehejmekonferensraad 1911.	II:275;IV:246;IV:264;VI:328;VI:330;VII:274;X:284					
moltke	matchet_person_men_beskrivelse_afviger	PerXI05744	Moltke	Christian, Greve	1864	1888	Søn af Fr.M. (1825-75), senere Sekondløjtnant i Søetaten.	X:212;X:268;X:279;X:283;X:285;X:286;X:287;X:295;X:296;X:399	Moltke	Christian, Greve	1864	1888	Søn af Fr.M. (1825–1875), senere Sekondløjtnant i Søetaten.
moltke	matchet_person_men_beskrivelse_afviger	PerXI05745	Moltke	Erik, Greve	1868	1952	Søn af Fr.M. (1825-75), senere cand. phil.	X:268;X:279;X:280;X:282;X:283;X:284;X:285;X:287;X:296;X:377;X:399;X:421	Moltke	Erik, Greve	1868	1952	Søn af Fr.M. (1825–1875), senere cand. phil.
moltke	matchet_person_men_beskrivelse_afviger	PerXI05747	Moltke	F. J. von	1799	1874	Postmester i Aabenraa, 1853-64 i Flensborg, Kammerherre 1856.	IV:78;IV:461	Moltke	F. J. von	1799	1874	Postmester i Aabenraa, 1853–1864 i Flensborg, Kammerherre 1856.
moltke	matchet_person_men_beskrivelse_afviger	PerXI05749	Moltke	Frederik (Fritz), Greve	1825	1875	Søn af A.W.M., Student 1842, 1848 Volontør i Udenrigsministeriet, 1850-55 Attaché ved det danske Gesandtskab i London, 1864 Lensgreve og Besidder af Grevskabet Bregentved, 1875 Udenrigsminister.	II:271;II:274;II:275;II:291;II:299;II:324;II:366;III:294;IV:29;IV:30;VI:79;VII:216;VIII:345;VIII:350;VIII:355;IX:41;IX:46;IX:222;IX:224;IX:227;IX:296;X:47;X:212;X:213;X:217;X:218;X:219;X:224;X:244;X:266;X:268;X:274;X:279;X:283;X:285;X:286;X:287;X:288;X:290;X:295;X:296;X:300;X:304;X:308;X:313;X:340;X:372;X:392;X:393;X:399;X:412;X:415;X:432;X:462;X:469	Moltke	Frederik (Fritz), Greve	1825	1875	Søn af A.W.M., Student 1842, 1848 Volontør i Udenrigsministeriet, 1850–1855 Attaché ved det danske Gesandtskab i London, 1864 Lensgreve og Besidder af Grevskabet Bregentved, 1875 Udenrigsminister.
moltke	matchet_person_men_beskrivelse_afviger	PerXI05750	Moltke	Frederik, Greve	1854	1936	Søn af Fr.M. (1825-75), cand.phil., 1875 Lensgreve, arvede Bregentved Gods, Landmand og Politiker.	X:213;X:224;X:281;X:285;X:286;X:287;X:288;X:295;X:296;X:340;X:375;X:379;X:428	Moltke	Frederik, Greve	1854	1936	Søn af Fr.M. (1825–1875), cand. phil., 1875 Lensgreve, arvede Bregentved Gods, Landmand og Politiker.
moltke	kun_min	PerXI05751	Moltke	Frits	1820	1909	Auditør, 1855 Overauditør, 1856 Byfoged i Korsør, 1869 Birkedommer i Kronborg 0. Birk (Fredensborg).	IV:180;IV:181					
moltke	matchet_person_men_beskrivelse_afviger	PerXI05755	Moltke	Hemming, Greve	1861	1927	Søn af Fr.M. (1825-75), senere Besidder af Marienborg, Møn.	X:212;X:268;X:279;X:282;X:283;X:285;X:286;X:287;X:295;X:296;X:399	Moltke	Hemming, Greve	1861	1927	Søn af Fr.M. (1825–1875), senere Besidder af Marienborg, Møn.
moltke	matchet_person_men_beskrivelse_afviger	PerXI05759	Moltke	Joachim, Greve	1857	1943	Søn af Fr.M. (1825-75), Student 1874, senere Hofmarskal hos Kong Frederik VIII.	X:281;X:285;X:286;X:287;X:288;X:295;X:296;X:340;X:375;X:379;X:428	Moltke	Joachim, Greve	1857	1943	Søn af Fr.M. (1825–1875), Student 1874, senere Hofmarskal hos Kong Frederik VIII.
moltke	matchet_person_men_beskrivelse_afviger	PerXI05760	Moltke	Julie, Komtesse	1830	1889	Datter ^ A.W.M., g.1854 m. Herredsfoged i Eckernforde Herred, senere Amtmand over Svendborg Amt, Grev Ludvig Brockenhuus-Schack. II 275. — Se ogsaa: Brockenhuus-Schack, Julie. Moltke, Julie (Lilly), Grevinde, f. Sehestedt Juul (1845-99), Datter af Chr. Sehestedt Juul, g. 1° 1864 m. Otto M. til Espe, 2° 1871 m. Carl Rantzau. VI 172 177 229 230 233 345 350- 52. VII 2 197 224-25 321 363. VIII 222 224-25 258-59 260 378 380 383 387 406 407 451. IX 19 26-27 62 64 67 69-71 72 75 77-79. — Se ogsaa: Rantzau, Julie. Moltke, Julius (1787-1845), Byfoged i Svendborg.	II:287;II:290;II:295	Moltke	Julie, Komtesse	1830	1889	Datter af A.W.M., g. 1854 m. Herredsfoged i Eckernförde Herred, senere Amtmand over Svendborg Amt, Grev Ludvig Brockenhuus-Schack.
moltke	matchet_person_men_beskrivelse_afviger	PerXI05761	Moltke	Ludvig, Lensgreve	1790	1864	dansk Gesandt i Stockholm 1832, i Paris 1848-56.	II:16	Moltke	Ludvig, Lensgreve	1790	1864	Dansk Gesandt i Stockholm 1832, i Paris 1848–1856.
moltke	matchet_person_men_beskrivelse_afviger	PerXI05762	Moltke	Malvina, Grevinde, f. Simons	1802	1883	g. 1824 m. Carl M.(-Nutschau).	II:275;II:278;II:279;III:169;IV:2;X:478	Moltke	Malvina, Grevinde, f. Simons	1802	1883	g. 1824 m. Carl M.(-Nütschau).
moltke	matchet_person_men_beskrivelse_afviger	PerXI05764	Moltke	Maria, Komtesse	1827	1889	Datter af A.W.M., g.1852 m. Kommitteret i Domænedirektionen, senere Stiftamtmand Christian Bille-Brahe. II 275 278 281-83. III 418 425. — Se ogsaa: Bille-Brahe, Maria. Moltke, Marie, Komtesse (1815-90), Datter af Carl Emil M., Conradineslyst.	V:177;VI:107;VI:108;VI:109;VI:110;VI:230;VII:199;VII:200	Moltke	Maria, Komtesse	1827	1889	Datter af A.W.M., g. 1852 m. Kommitteret i Domænedirektionen, senere Stiftamtmand Christian Bille-Brahe.
moltke	matchet_person_men_beskrivelse_afviger	PerXI05769	Moltke	Otto Joachim, Greve	1770	1853	Søn af A.G.M. (1710-92), fhv. Statsminister, Besidder af Espe og Bonderup.	II:387;III:183;III:286;III:384;IV:32;IV:33;IV:35	Moltke	Otto Joachim, Greve	1770	1853	Søn af A.G.M. (1710–1792), fhv. Statsminister, Besidder af Espe og Bonderup.
moltke	matchet_person_men_beskrivelse_afviger	PerXI05773	Moltke	Rosalie (Rosa), Komtesse	1866	1924	Datter af Otto M. (1828-68), g.1887 m. Klosterprovst i Preetz, Rigsgreve Georg von Platen-Hallermund.	VII:197;IX:70	Moltke	Rosalie (Rosa), Komtesse	1866	1924	Datter af Otto M. (1828–1868), g. 1887 m. Klosterprovst i Preetz, Rigsgreve Georg von Platen-Hallermund.
moltke	matchet_person_men_beskrivelse_afviger	PerXI05775	Moltke	Sophie Isabella Lætitia, Komtesse	1827	1898	Datter af Adam Gottlob M. (1798-1863), g.1851 m. H.P. Kofoed-Hansen.	III:291	Moltke	Sophie Isabella Lætitia, Komtesse	1827	1898	Datter af Adam Gottlob M. (1798–1863), g.1851 m. H.P. Kofoed-Hansen.
moltke	matchet_person_men_beskrivelse_afviger	PerXI05781	Moltke	Wilhelm, Greve	1801	1864	Søn af Otto Joachim M., Amtmand over Holbæk Amt 1831-48.	III:291;III:384;III:385;IV:118;IV:235;IV:294;IV:295	Moltke	Wilhelm, Greve	1801	1864	Søn af Otto Joachim M., Amtmand over Holbæk Amt 1831–1848.
moltke	matchet_person_men_beskrivelse_afviger	PerXI05782	Moltke	Wilhelmine, Lensgrevinde, f. Bardenfleth	1800	1890	Søster til C. E. Bardenfleth, Enke efter Ludvig M.	VIII:320;X:282	Moltke	Wilhelmine, Lensgrevinde, f. Bardenfleth	1800	1890	Søster til G. E. Bardenfleth, Enke efter Ludvig M.
moltke	kun_xlsx								Moltke				(1869, ikke nærmere angivet).
moltke	kun_xlsx								Moltke	Catharine Margrethe Dorothea, f. Colding	1792	1873	Enke efter Julius M.
moltke	kun_xlsx								Moltke	Julie (Lilly), Grevinde, f. Sehestedt Juul	1845	1899	Datter af Chr. Sehestedt Juul, g. 1° 1864 m. Otto M. til Espe, 2° 1871 m. Carl Rantzau.
moltke	kun_xlsx								Moltke	Julius	1787	1845	Byfoged i Svendborg.
moltke	kun_xlsx								Moltke	Marie, Komtesse	1815	1890	Datter af Carl Emil M., Conradineslyst.
morsing	kun_min	PerXI05820	Morsing	Johanne (død 1776, 55 Aar gi.), Enke efter Chr.M. I 58. Mortensen (i det vestlige Amerika), se: Morton, H. C. Mortier de Fontaine, Henri Louis Stanislaus	1816	1883	polsk Klavervirtuos.	II:341;II:343					
morsing	kun_xlsx								Morsing	Johanne		1776	Enke efter Chr.M.
mosen	kun_min	PerXI05822	Mosen	Erich	1841	1870	Søn af Julius M., stud.jur., faldet i Slaget ved Mars-la Tour.	III:24;III:25					
mosen	matchet_person_men_beskrivelse_afviger	PerXI05823	Mosen	Julius	1803	1867	tysk Digter, 1844-46 Dramaturg ved Hofteatret i Oldenburg.	III:18;III:19;III:22;III:23;III:24;III:25;III:179;III:181	Mosen	Julius	1803	1867	Tysk Digter, 1844–1846 Dramaturg ved Hofteatret i Oldenburg.
mosen	kun_min	PerXI05824	Mosen				Minna, f. Jungwirth (død 1880), g.m. Julius M.	III:22;III:24					
mosen	kun_xlsx								Mosen	Minna, f. Jungwirth		1880	g.m. Julius M.
mosenthal	kun_min	PerXI05825	Mosenthal	Karoline, f. Weil	1830	1862	g.m. S.H.M.	IV:228					
mosenthal	kun_min	PerXI05826	Mosenthal	S. H.	1821	1877	tysk Skuespilforfatter.	IV:162;IV:198;IV:228;IV:236;VII:23;VIII:276					
muller	kun_min	PerXI05890	Müller				Flüelen 19.7.1860.	IV:401					
muller	kun_min	PerXI05891	Müller				Brødrene, Kvartetspillere, Kammervirtuoser i Meiningen (Carl Müller-Berghaus (1829-1907, Violino 1), Hugo Müller (1832-86, Violino II), Bernhard Müller (1825-95, Viola), Wilhelm Müller (1834-97, Violoncello)).	IV:377;IV:378;IV:379					
muller	kun_min	PerXI05892	Müller				Frue, Meiningen 12.6.1860.	IV:377;IV:378					
muller	kun_min	PerXI05893	Müller				Søn af Kansler, Weimar.	IV:79					
muller	kun_min	PerXI05894	Müller				Sønnesøn af Kansler, Weimar.	IV:79					
muller	matchet_person_men_beskrivelse_afviger	PerXI05897	Müller	Augusta	1813	1897	Datter af Peter Erasmus M. (1776-1834)	I:119;III:245;VI:119;VI:267	Müller	Augusta	1813	1897	Datter af Peter Erasmus M. (1776–1834).
muller	matchet_person_men_beskrivelse_afviger	PerXI05898	Müller	Augusta, f. Thiele	1851	1928	Datter af J.M.Thiele, g.1874 m. P.E. M. (1840-1926). X 380 385. — Se ogsaa: Thiele, Augusta. Müller, Budtz (1837-84), cand.pharm., Fotograf.	V:382;VI:226;VII:227;VII:243;VII:359;VIII:153;VIII:369;IX:146;IX:342;IX:377;X:18;X:37	Müller	Augusta, f. Thiele	1851	1928	Datter af J.M.Thiele, g.1874 m. P.E. M. (1840–1926).
muller	matchet_person_men_beskrivelse_afviger	PerXI05901	Müller	Georg	1840	1909	Operasanger ved Hofoperaen i Wien 1868-97.	VIII:285	Müller	Georg	1840	1909	Operasanger ved Hofoperaen i Wien 1868–1897.
muller	kun_min	PerXI05903	Müller	J. P.	1798	1863	Direktør for et rejsende Skuespillerselskab.	II:266;II:267					
muller	matchet_person_men_beskrivelse_afviger	PerXI05907	Müller	Laura	1822	1902	Skuespillerinde ved Det kgl. Teater 1850-67.	V:132;VII:15;VIII:150	Müller	Laura	1822	1902	Skuespillerinde ved Det kgl. Teater 1850–1867.
muller	matchet_person_men_beskrivelse_afviger	PerXI05908	Müller	Ludvig	1809	1891	Søn af Peter Erasmus M. (1776-1834), cand.theol., 1836 lic.theol., 1855 dr.phil., 1847 Inspektør ved Det kgl. Møntkabinet, 1865 Direktør for Den kgl. Mønt- og Medaillesamling, 1866 tillige for Antiksamlingen; tit. Professor 1853, Etatsraad 1869; Numismatiker og Arkæolog.	I:119;I:124;I:143;I:302;I:414;I:453;IV:302;V:442;VIII:355;VIII:436;X:251	Müller	Ludvig	1809	1891	Søn af Peter Erasmus M. (1776–1834), cand. theol., 1836 lic.theol., 1855 dr.phil., 1847 Inspektør ved Det kgl. Møntkabinet, 1865 Direktør for Den kgl. Mønt- og Medaillesamling, 1866 tillige for Antiksamlingen; tit. Professor 1853, Etatsraad 1869; Numismatiker og Arkæolog.
muller	matchet_person_men_beskrivelse_afviger	PerXI05909	Müller	Ludvig Christian	1806	1851	Præst og seminarieforstander, historiker, HCA.s manuduktør til studentereksamen.	IV:342;VII:308;VII:341;IX:50;X:346	Müller	Ludvig Christian	1806	1851	Præst og seminarieforstander, historiker, h.c.andersens manuduktør til studentereksamen.
muller	matchet_person_men_beskrivelse_afviger	PerXI05910	Müller	Marie Louise, f. Biering	1844	1908	g. 1874 m. Sigurd M. X 273. — Se ogsaa: Biering, Marie Louise. Müller, Otto, og hans Kæreste, Oldenburg 1846.	III:181	Müller	Marie Louise, f. Biering	1844	1908	g. 1874 m. Sigurd M.
muller	matchet_person_men_beskrivelse_afviger	PerXI05911	Müller	Otto	1807	1882	Søn af Peter Erasmus M. (1776-1834), Auditør, 1839 Overauditør, 1846 Overretsassessor, 1860-78 Højesteretsassessor.	I:158;I:169;I:172;I:445;I:467;II:32;IV:408;IV:410;IV:430;VIII:436;X:186	Müller	Otto	1807	1882	Søn af Peter Erasmus M. (1776–1834), Auditør, 1839 Overauditør, 1846 Overretsassessor, 1860–1878 Højesteretsassessor.
muller	matchet_person_men_beskrivelse_afviger	PerXI05916	Müller	Thorvald	1809	1879	Adjunkt paa Herlufsholm 1833-41, senere Institutbestyrer i Norge og Lærer i Kbh.	II:3	Müller	Thorvald	1809	1879	Adjunkt på Herlufsholm 1833–1841, senere Institutbestyrer i Norge og Lærer i Kbh.
muller	kun_min	PerXI05917	Müller	Wilhelm	1794	1827	tysk Digter.	II:130;II:131					
muller	matchet_person_men_beskrivelse_afviger	PerXI05918	Müller				Wilhelmine von, f. Lüttich, g. m. Friedrich v.M.	IV:79;IV:82	Müller	Wilhelmine von, f. Lüttich			g. m. Friedrich v.M.
muller	kun_xlsx								Müller				Flüelen 19.7.1860.
muller	kun_xlsx								Müller	Budtz	1837	1884	cand. pharm., Fotograf.
muller	kun_xlsx								Müller	Otto, og hans Kæreste			Oldenburg 1846.
mumm von scheibler	kun_min	PerXI05843	Mumm von Scheibler	Gottlieb	1781	1852	dansk Generalkonsul i Frankfurt a.M., Grundlægger af Champagnefirmaet Mumm i Reims.	II:367;II:368					
munthe af morgenstierne	kun_min	PerXI05865	Munthe af Morgenstierne	J. W. von	1788	1859	Chargé d'affaires ad interim i Haag 1847-48.	III:198;III:199;III:200;III:201					
møller	kun_min	PerXI05941	Møller					VIII:208					
møller	kun_min	PerXI05942	Møller				Dansk-Amerikaner, havde som Dreng set HCA 1859 paa Børglumkloster (København 29.10.1873).	X:160					
møller	matchet_person_men_beskrivelse_afviger	PerXI05943	Møller				Frøken, g.m. en Gøgler og dræbt af ham ved et Vaadeskud.	IX:309	Møller	Frøken			g.m. en Gøgler og dræbt af ham ved et Vaadeskud.
møller	kun_min	PerXI05944	Møller				Frøken, Møllerens Datter, Bregentved 27.7.1842.	II:284					
møller	kun_min	PerXI05946	Møller				Komponist, se: Lange-Müller, P. E. Møller, fhv. Kontorchef (ikke i Vejviseren 1875).	X:410					
møller	kun_min	PerXI05949	Møller	Anna Sørine Sophie, f. Hansen	1805	1867	g.1825 m. Hans Jørgen M.	VII:21;VII:22					
møller	matchet_person_men_beskrivelse_afviger	PerXI05950	Møller	Carl	1783	1861	Gartner paa Glorup.	IV:31;IV:32;IV:40	Møller	Carl	1783	1861	Gartner på Glorup.
møller	matchet_person_men_beskrivelse_afviger	PerXI05954	Møller	Daniel Christian	1816	1904	Sognepræst i Fakse 1873-95.	X:283	Møller	Daniel Christian	1816	1904	Sognepræst i Fakse 1873–1895.
møller	matchet_person_men_beskrivelse_afviger	PerXI05956	Møller	Eline, f. Bredsdorff	1806	1888	Søster til Jacob Hornemann Bredsdorff, Enke efter Sognepræst Chr.Edv.M.	V:123;V:124;VI:68;VI:70;VI:73;VIII:368	Møller	Eline, f. Bredsdorff	1806	1888	Søster til Jacob Homemann Bredsdorff, Enke efter Sognepræst Chr. Edv. M.
møller	matchet_person_men_beskrivelse_afviger	PerXI05957	Møller	Elisabeth	1853	1938	Datter af F.A.C.M., Selskabsdame paa Holsteinborg, g.m. Rentier Jenssen, Norge.	X:261;X:263;X:269	Møller	Elisabeth	1853	1938	Datter af F.A.C.M., Selskabsdame på Holsteinborg, g.m. Rentier Jenssen, Norge.
møller	matchet_person_men_beskrivelse_afviger	PerXI05958	Møller	Elvilda Antonia Victoria	1846	1934	Balletdanserinde, g.1874 m. Harald Scharff. VII 250. VIII 49. X 39 54. — Se ogsaa: Scharff, Elvilda. Møller, Frederik Adolph Christian (1817- 1905), Sognepræst 1872-88 i Hyllested, Venslev og Holsteinborg, Provst.	X:258;X:261;X:263;X:269	Møller	Elvilda Antonia Victoria	1846	1934	Balletdanserinde, g.1874 m. Harald Scharff.
møller	matchet_person_men_beskrivelse_afviger	PerXI05962	Møller	J. F.	1797	1871	dansk Portrætmaler, opholdt sig 1845-47 i England.	III:210;III:213;III:214;III:215;III:218;III:219;III:226;III:232;III:246	Møller	J. F.	1797	1871	Dansk Portrætmaler, opholdt sig 1845–1847 i England.
møller	matchet_person_men_beskrivelse_afviger	PerXI05965	Møller	Jens Georg Marius	1816	1891	Sognepræst 1851 i Kejtum paa Sild, 1861 paa Oland, 1864 i Ketting paa Als.	VIII:263	Møller	Jens Georg Marius	1816	1891	Sognepræst 1851 i Kejtum på Sild, 1861 på Oland, 1864 i Ketting på Als.
møller	matchet_person_men_beskrivelse_afviger	PerXI05966	Møller	Jens Peter	1816	1884	Godsforvalter paa Glorup, exam.jur. III 3 184 419. IV 41 43-44 233-34. V 400. VII. 323 325. Møller (i Folketællingen 1834: Muller), Joachim Otto (1781-1873), Regimentskirurg, Overkirurg ved Øresunds Hospital i Helsingør 1834-53.	II:29	Møller	Jens Peter	1816	1884	Godsforvalter på Glorup, exam.jur.
møller	matchet_person_men_beskrivelse_afviger	PerXI05967	Møller				Johan Fich, Gæstgiver i Svendborg.	IV:232	Møller	Johan Fich			Gæstgiver i Svendborg.
møller	matchet_person_men_beskrivelse_afviger	PerXI05968	Møller	Johanne	1860	1948	Datter af F.A.C.M., g.1890 m. Godslæge paa Holsteinborg, dr.med. Frederik Berleme-Nix, senere Læge i København og tit. Professor.	X:261	Møller	Johanne	1860	1948	Datter af F.A.C.M., g. 1890 m. Godslæge på Holsteinborg, dr.med. Frederik Berleme-Nix, senere Læge i København og tit. Professor.
møller	matchet_person_men_beskrivelse_afviger	PerXI05969	Møller	Johannes	1832	1923	Søn af Christine Sophie M., Kateket, Skoleinspektør i Odense, 1874-92 residerende Kapellan ved Vor Frue Kirke i Odense.	VII:383;VII:385;VII:386;VIII:5;VIII:54;VIII:183	Møller	Johannes	1832	1923	Søn af Christine Sophie M., Kateket, Skoleinspektør i Odense, 1874–1892 residerende Kapellan ved Vor Frue Kirke i Odense.
møller	matchet_person_men_beskrivelse_afviger	PerXI05972	Møller	Mathias	1770	1857	Borgmester og Byfoged i Nykøbing F. 1820-51, Justitsraad.	III:424	Møller	Mathias	1770	1857	Borgmester og Byfoged i Nykøbing F. 1820–1851, Justitsraad.
møller	matchet_person_men_beskrivelse_afviger	PerXI05975	Møller				Otto, Oppasser hos Chr. Wulff paa »Ægir«, Chefens Hovmester paa Briggen »Mercurius«, Karl hos HCA.	III:295;III:372;III:413;III:422;III:423;III:425;VIII:20	Møller	Otto			Oppasser hos Chr. Wulff på »Ægir«, Chefens Hovmester på Briggen »Mercurius«, Karl hos H.C. Andersen.
møller	matchet_person_men_beskrivelse_afviger	PerXI05981	Møller	Vilhelm	1846	1904	cand.phil., Litterat, 1870-74 Udgiver af »Nyt dansk Maanedsskrift«, Oversætter, 1893 Censor for Privatteatrene.	VII:313;VII:325;VIII:392;VIII:427;IX:217;IX:222;IX:227;IX:312;X:431	Møller	Vilhelm	1846	1904	cand. phil., Litterat, 1870–1874 Udgiver af »Nyt dansk Maanedsskrift«, Oversætter, 1893 Censor for Privatteatrene.
møller	kun_xlsx								Møller				»Skrev Anbefalings Brev for Møller til Gonsul Kirstein i Bordeaux« (Dagbog 10.5.1869).
møller	kun_xlsx								Møller	Frederik Adolph Christian	1817	1905	Sognepræst 1872–1888 i Hyllested, Venslev og Holsteinborg, Provst.
møller	kun_xlsx								Møller	Joachim Otto	1781	1873	(i Folketællingen 1834: Müller), Regimentskirurg, Overkirurg ved Øresunds Hospital i Helsingør 1834–1853.
napier	kun_min	PerXI06002	Napier	Sir Charles	1786	1860	engelsk Viceadmiral.	IV:246;IV:247					
nathan-david	kun_min	PerXI06008	Nathan-David	se: David C. N. Nathansen, M.	1840	1902	Redaktionssekretær ved Berlingske Tidende.	VII:318					
nystrom	kun_min	PerXI06160	Nystrom	Thyra, f. Hammerich	1846	1921	Datter af Frederik Hammerich, g. 1° 1868 m. Anton N., 2° 1880 m. Senator Eduard Neovius, Helsingfors. VIII 245-46. — Se ogsaa: Hammerich, Thyra. Næb, Frøken (Navnet forskrevet, NB ikke = Næboe).	IX:369					
nægler	kun_min	PerXI06164	Nægler	M. B.	1825	1890	Kaptajn i Infanteriet, Hofchef hos Kronprins Frederik, Kammerherre 1874, Oberst 1876, Afsked 1877.	VIII:437;IX:14					
nørgaard	kun_min	PerXI06169	Nørgaard	E. A. (død 1891), Inspektør ved Rosenborg Brønd-Anstalt. IV 241. O. Oberlin, Jeremias Jacob	1735	1806	Professor i Strassburg, Theolog og Bibliograf.	II:364					
nørgaard	kun_xlsx								Nørgaard	E. A.		1891	Inspektør ved Rosenborg Brønd-Anstalt.
o'donell von tyrconell	kun_min	PerXI06175	O'Donell von Tyrconell	Heinrich, Greve	1802	1872	k.k. Kämmerer ved Guvernementet i Triest.	III:82					
o'neill	kun_min	PerXI06213	O'Neill				Familien.	VIII:300;X:197					
o'neill	kun_min	PerXI06214	O'Neill				Frue, Enke efter José Maria O'N.	VII:142;VII:143					
o'neill	kun_min	PerXI06215	O'Neill	Adelaide, f. Custance (død efter 1905), g.m. Carlos O'N.	1820	1874	.	VII:120;VII:121;VII:123;VII:124;VII:126;VII:131;VII:132;VII:133;VII:134;VII:135;VII:137;VII:138;VII:140;VII:164;VIII:105;VIII:241;IX:156					
o'neill	kun_min	PerXI06216	O'Neill	Adelaide	1850	1865	Datter af Carlos O'N.	VII:121;VII:123					
o'neill	kun_min	PerXI06217	O'Neill	Arthur	1852	1880	Søn af Jorge Torlades O'N.	VII:100;VII:101;VII:103;VII:104;VII:105;VII:108;VII:109;VII:113;VII:114;VII:115;VII:116;VII:118;VII:120;VII:138;VII:140;VII:141;VII:142;VII:159;VII:163;VII:164;VII:165;VII:166					
o'neill	kun_min	PerXI06218	O'Neill	Carlos	1820	1874	Søn af José Maria O'N., portugisisk Købmand i Setúbal, dansk Vicekonsul.	VII:119;VII:120;VII:121;VII:122;VII:123;VII:124;VII:125;VII:126;VII:131;VII:132;VII:133;VII:134;VII:135;VII:136;VII:137;VII:138;VII:140;VII:164;VII:165;VII:191;VII:232;VIII:105;VIII:241;IX:156					
o'neill	kun_min	PerXI06219	O'Neill	Carlos	1846	1917	Søn af Carlos O'N.	VII:119;VII:121;VII:122;VII:123;VII:124;VII:126;VII:127;VII:128;VII:129;VII:130;VII:133;VII:135;VII:136;VII:137;VII:164;VIII:241;IX:156					
o'neill	kun_min	PerXI06220	O'Neill				Carlota Ignes, Datter af Joana O'N., g.m. Dr. Antonio Emilio de Så Brandao.	VII:104;VII:107;VII:110;VII:111					
o'neill	kun_min	PerXI06221	O'Neill	Carolina Teresa, f. O'Neill	1822	1894	Datter af Joana O'N., g.m. Jorge Torlades O'N.	VII:100;VII:103;VII:104;VII:106;VII:112;VII:113;VII:118;VII:119;VII:126;VII:131;VII:138;VII:139;VII:140;VII:147;VII:148;VII:162					
o'neill	kun_min	PerXI06222	O'Neill				Carolina's Søster i Setúbal.	VII:119;VII:120;VII:126;VII:131;VII:147;VII:148					
o'neill	kun_min	PerXI06223	O'Neill				Eduardo, Setúbal, Søn af José Maria O'N.	VII:133					
o'neill	kun_min	PerXI06224	O'Neill				Enrico, Søn af José Maria O'N.	VII:133					
o'neill	kun_min	PerXI06225	O'Neill				Joana, f. de Brito e Cunha, Lissabon.	VII:107;VII:110;VII:111					
o'neill	kun_min	PerXI06226	O'Neill				Joaquim, Søn af José Maria O'N., ansat paa Broderen Carlos' Kontor i Setúbal.	VII:121;VII:130;VII:133;VII:134					
o'neill	kun_min	PerXI06227	O'Neill	Jorge (George) Torlades	1817	1890	Søn af José Maria O'N., portugisisk Købmand, dansk Generalkonsul i Lissabon 1841.	VI:216;VI:224;VI:233;VI:234;VI:249;VI:261;VI:266;VI:273;VI:274;VI:280;VI:292;VI:302;VI:321;VI:344;VI:348;VII:4;VII:33;VII:46;VII:49;VII:81;VII:85;VII:90;VII:99;VII:100;VII:101;VII:102;VII:103;VII:104;VII:105;VII:106;VII:107;VII:108;VII:109;VII:110;VII:111;VII:112;VII:113;VII:114;VII:115;VII:116;VII:117;VII:118;VII:119;VII:120;VII:122;VII:129;VII:131;VII:132;VII:133;VII:134;VII:136;VII:137;VII:138;VII:139;VII:140;VII:141;VII:142;VII:143;VII:144;VII:145;VII:146;VII:147;VII:148;VII:156;VII:159;VII:160;VII:161;VII:162;VII:163;VII:164;VII:165;VII:166;VII:167;VII:172;VII:177;VII:187;VII:191;VII:197;VII:256;VII:289;VII:320;VII:391;VIII:77;VIII:98;VIII:156;VIII:420;X:212					
o'neill	kun_min	PerXI06228	O'Neill	Jorge (George)	1848	1925	Søn af Jorge Torlades O'N.	VII:100;VII:101;VII:102;VII:103;VII:104;VII:105;VII:106;VII:107;VII:108;VII:109;VII:111;VII:113;VII:114;VII:115;VII:116;VII:118;VII:120;VII:126;VII:131;VII:138;VII:140;VII:162;VII:163					
o'neill	kun_min	PerXI06229	O'Neill	José Carlos	1816	1889	Søn af José Maria O'N., Partikulier, Cintra.	VII:102;VII:104;VII:107;VII:109;VII:111;VII:112;VII:117;VII:126;VII:132;VII:133;VII:138;VII:139;VII:141;VII:142;VII:143;VII:144;VII:145;VII:146;VII:147;VII:148;VII:149;VII:150;VII:151;VII:152;VII:153;VII:154;VII:155;VII:156;VII:157;VII:159;VII:160;VII:161;VII:163;VII:174;VII:191;VII:232					
o'neill	kun_min	PerXI06230	O'Neill	José Maria	1788	1841	Chef for Handelshuset Torlades O'Neill, Lissabon, dansk Konsul.	III:68;IV:269					
ohlrogge	kun_min	PerXI06179	Ohlrogge	Frederik	1772	1839	kar. Generalmajor, Kommandant paa Kronborg. II 28-29. Ohlsen (Olsen?), Helene, Christiania 1871.	IX:115;IX:124;IX:130;IX:134;X:325					
olde	kun_min	PerXI06186	Olde	Emanuel Mathias	1802	1885	Professor i nyeuropæisk Lingvistik og moderne Litteratur ved Lunds Universitet.	VI:304;VI:305;VI:306;VI:307					
orleans	kun_min	PerXI06251	Orléans	Marie, Prinsesse af —	1813	1839	Datter af Kong Louis-Philippe af Frankrig, g.1837 m. Hertug Alexander af Wurttemberg.	V:348;V:349					
orvar odd	kun_min	PerXI06258	Orvar Odd	se: Sturzen-Becker, O. P. Ostade, Adriaen van	1610	1684	hollandsk Maler.	I:384;I:433					
oxenstierna	kun_min	PerXI06278	Oxenstierna	Axel Gustafsson, Greve	1583	1654	svensk Statsmand, Rigskansler.	III:347					
oxholm	kun_min	PerXI06279	Oxholm	Frøken (den ældre), Søster til W.O. (enten Caroline	1803	1873	Stiftsfrøken i Vallø, eller Hilda (1822- 85), Klosterfrøken i Vemmetofte).	III:291;VIII:259					
oxholm	kun_min	PerXI06280	Oxholm	de yngre Frøkner 1869, Døtre af Harald O. (Mary Ann	1842	1911	senere Stiftsdame i Vallø), Louise (1843-1913), g.1871 m. Baron Emil Schaffalitzky de Muckadell) og Georgina (1846-1912), senere Hofdame hos Dronning Louise).	VIII:259					
oxholm	kun_min	PerXI06282	Oxholm	Harald	1807	1869	kar.Kaptajn i Søetaten, Afsked 1852, Kammerherre, Besidder af Taarnholm.	IV:422;IV:423					
oxholm	matchet_person_men_beskrivelse_afviger	PerXI06283	Oxholm	Marie, f. von Krogh	1815	1899	Datter af Christoph v. Krogh, g.1846 m. W.O.	III:291;VII:48;VII:347;VII:354;X:363;X:365	Oxholm	Marie, f. von Krogh	1815	1899	Datter af Ghristoph v. Krogh, g. 1846 m. W.O.
oxholm	matchet_person_men_beskrivelse_afviger	PerXI06284	Oxholm	W.	1805	1876	Major, Hofchef hos Kronprins Frederik (VII) 1842- 47, kar.Generalmajor 1848, 1848-49 i diplomatiske Missioner, 1854-57 Gesandt i London, 1863 Overhofmarskal hos Kong Christian IX, 1840 Kammerherre, 1867 Overkammerherre	II:423;IV:325;V:295;VI:114;VI:124;VI:125;VI:317;VI:318;VII:19;VII:254;VII:304;VIII:3;VIII:48;VIII:354;VIII:356;VIII:360;IX:41;IX:195;IX:200;IX:363;IX:366;X:43;X:58;X:60;X:225;X:360;X:406;X:430;X:431	Oxholm	W.	1805	1876	Major, Hofchef hos Kronprins Frederik (VII) 1842–1847, kar. General major 1848, 1848–1849 i diplomatiske Missioner, 1854–1857 Gesandt i London, 1863 Overhofmarskal hos Kong Christian IX, 1840 Kammerherre, 1867 Overkammerherre.
oxholm	kun_xlsx								Oxholm	Frøken			Søster til W.O. (enten Caroline (1803–1873), Stiftsfrøken i Vallø, eller Hilda (1822–1885), Klosterfrøken i Vemmetofte).
oxholm	kun_xlsx								Oxholm	de yngre Frøkner			1869, Døtre af Harald O. (Mary Ann (1842–1911), senere Stiftsdame i Vallø), Louise (1843–1913), g. 1871 m. Baron Emil Schaffalitzky de Muckadell) og Georgina (1846–1912), senere Hofdame hos Dronning Louise).
ozeroff	kun_min	PerXI06285	Ozeroff	Peter von, russisk Legationssekretær, København. VIII 169. IX 31. P. Paap, Frederikke Wilhelmine Lovise	1813	1852	Lærerinde paa Bregentved, g.1848 m. C. H. Brasch.	II:276;III:129					
ozeroff	kun_xlsx								Ozeroff	Peter von			russisk Legationssekretær, København.
paetz	matchet_person_men_beskrivelse_afviger	PerXI06701	Paetz	Harald	1837	1895	Skuespiller ved Det kgl. Teater 1855-65, 1865 Fotograf, 1872 kgl. Hoffotograf.	V:148;V:150;V:411;VI:50;VII:204;VII:205;VII:209;VII:214;VII:215;VII:336;VIII:179	Paetz	Harald	1837	1895	Skuespiller ved Det kgl. Teater 1855–1865, 1865 Fotograf, 1872 kgl. Hoffotograf.
paetz	kun_min	PerXI06702	Paetz	Julie, f. Smith	1843	1918	Skuespillerinde ved Det kgl. Teater 1858- 64, g.1864 m. Harald P. VIII 449-50. — Se ogsaa: Smith, Julie. Pødenphant, W. S. (1797-1881), Provinsskuespiller og Teaterdirektør. IV 462. Q. Quatrefages de Bréau, Jean Louis Armand de (1810-92), fransk Naturforsker og Antropolog, Professor ved Musée d'histoire naturelle i Paris, deltog i den internationale arkæologiske Kongres i København 27.8.-5.9.1869.	VIII:454;VIII:463;VIII:464					
palmerston	kun_min	PerXI06320	Palmerston	Henry John Temple, Viscount	1784	1865	engelsk Statsmand, Udenrigsminister 1830-41 og 1846-51, Premierminister 1855-58 og fra 1859.	III:208;III:209;III:218;III:223					
parsberg	kun_min	PerXI06332	Parsberg	Oluf, til Jernit	1590	1661	Rigsraad.	II:291;II:292					
pechlin	kun_min	PerXI06357	Pechlin	Adelheid Henriette Louise Caroline von, Baronesse, f. Komtesse von Eyben	1808	1882	g.1827 m. Fr.v.P. Pechlin, Elise von, Baronesse (1792- 1858), Hofdame hos Prinsesse Juliane af Hessen-Philippsthal-Barchfeld.	III:187;III:210;III:249					
pechlin	matchet_person_men_beskrivelse_afviger	PerXI06358	Pechlin	Fr. von, Baron	1789	1863	Broder til Elise v. P., dansk Gesandt ved Forbundsdagen i Frankfurt 1825- 48, 1852-56 Guvernør og Landdrost i Lauenborg, Gehejmekonferensraad 1841, Lyriker.	II:367;II:368;III:168;III:270;V:382	Pechlin	Fr. von, Baron	1789	1863	Broder til Elise v. P., dansk Gesandt ved Forbundsdagen i Frankfurt 1825–1848, 1852–1856 Guvernør og Landdrost i Lauenborg, Gehejmekonferensraad 1841, Lyriker.
pechlin	kun_xlsx								Pechlin	Elise von, Baronesse	1792	1858	Hofdame hos Prinsesse Juliane af Hessen-Philippsthal-Barchfeld.
pedersdatter	kun_min	PerXI06360	Pedersdatter	Ane Margrethe	1839	1914	Syerske, Holsteinborg.	VIII:388;VIII:389					
peer klit	kun_min	PerXI06382	Peer Klit	Bondedreng fra Hem. \T 244 245. Peisistratos	600	527	Tyran i Athen.	II:166					
peer klit	kun_xlsx								Peer Klit				Bondedreng fra Hem.
perikles	kun_min	PerXI06396	Perikles		495	429	attisk Statsmand.	II:167					
pfannenschmidt	matchet_person_men_beskrivelse_afviger	PerXI06476	Pfannenschmidt				Frøken, Datter af Julie P.	IV:226;IV:228	Pfannenschmidt	Frøken			Datter af Julie P.
pfannenschmidt	kun_min	PerXI06477	Pfannenschmidt	Julie, f. Burow	1806	1868	tysk Forfatterinde (Julie Burow), g.1831 m. Arkitekt P.	IV:226;IV:227					
pfannenschmidt	kun_xlsx								Pfannenschmidt			1868	Arkitekt, Dresden.
phister	matchet_person_men_beskrivelse_afviger	PerXI06496	Phister	Charlotte (Lotte), f. Oehlenschlæger	1811	1835	Datter af Adam Oehlenschiæger, g.1832 m. Ludvig P. VII 369. — Se ogsaa: Oehlenschiæger, Charlotte. Phister, Charlotte (1851-1937), Datter af Ludv. P., senere g.m. Forpagter Nic. Andresen.	VIII:185;VIII:201	Phister	Charlotte (Lotte), f. Oehlenschlæger	1811	1835	Datter af Adam Oehlenschlæger, g. 183 2 m. Ludvig P.
phister	matchet_person_men_beskrivelse_afviger	PerXI06497	Phister	Louise, f. Petersen	1816	1914	Skuespillerinde ved Det kgl. Teater 1835-95, g.1846 m. Ludvig P.	IV:268;IV:269;IV:297;VI:28;VII:323;VIII:23;VIII:201;IX:19;IX:23;IX:224	Phister	Louise, f. Petersen	1816	1914	Skuespillerinde ved Det kgl. Teater 1835–1895, g.1846 m. Ludvig P.
phister	matchet_person_men_beskrivelse_afviger	PerXI06498	Phister	Ludvig	1807	1896	Skuespiller ved Det kgl. Teater 1825-73, tit. Professor 1873.	II:319;II:351;IV:268;IV:269;IV:297;V:188;V:366;V:428;VI:3;VI:15;VI:18;VI:28;VI:122;VI:140;VI:141;VI:159;VI:196;VI:197;VI:202;VI:215;VI:216;VI:275;VI:277;VI:316;VI:330;VI:335;VI:339;VI:340;VII:235;VII:262;VII:323;VII:367;VII:369;VII:376;VIII:23;VIII:40;VIII:96;VIII:157;VIII:201;VIII:244;VIII:363;VIII:364;IX:7;IX:19;IX:23;IX:33;IX:170;X:5;X:91;X:214;X:215;X:343;X:344;X:423	Phister	Ludvig	1807	1896	Skuespiller ved Det kgl. Teater 1825–1873, tit. Professor 1873.
phister	kun_min	PerXI06499	Phister	Sophie	1833	1877	Datter af Ludvig P., g.1862 m. cand.philol., senere Rektor Emil Ankjær.	IV:268;IV:269					
phister	kun_xlsx								Phister	Charlotte	1851	1937	Datter af Ludv. P., senere g.m. Forpagter Nie. Andresen.
pingel	kun_min	PerXI06512	Pingel	Marie	1840	1913	Forfatterinde.	V:191;V:192;V:193					
pius iii	kun_min	PerXI06525	Pius III	se: Pius II. Pius V	1504	1572	Pave 1566. I 304. Pius VII (1740-1823), Pave 1800. I 289 464. III 98. Pius VIII (1761-1830), Pave 1829. I 242. Pius IX (1792-1878), Pave 1846.	III:131;III:135;III:136;III:217;III:237;V:43;V:44;V:46;V:54;V:59;V:61;VII:361;VIII:412;X:265					
plenge	kun_min	PerXI06539	Plenge	J.	1822	1889	fhv. Sognepræst i Saatrup og Ødis og Præst i London, Forfatter.	X:199					
plesner	kun_min	PerXI06540	Plesner	Augusta	1817	1885	Oversætter af HCA.s Eventyr, en Aarrække fast bosat i London.	VII:262;VIII:4;VIII:6;VIII:98;VIII:129;VIII:131;VIII:140;VIII:145;VIII:153;VIII:164;VIII:165;VIII:171;VIII:173;VIII:177;VIII:178;VIII:181;VIII:182;VIII:207;VIII:215;VIII:234;VIII:257;VIII:261;VIII:322;VIII:350;VIII:366;VIII:387;VIII:391;VIII:408;VIII:412;VIII:416;VIII:445;VIII:448;IX:5;IX:40;IX:57;IX:71;IX:91;IX:126;IX:145;IX:147;IX:175;IX:188;IX:190;IX:197;IX:198;X:157;X:158					
plessen	kun_min	PerXI06545	Plessen	Baron (paa hvis Gods Corfitz Ulfeldts Lig skulde være fundet). II 271. Plessen (fra 1853: Scheel-Plessen), Cail, Baron, senere Greve	1811	1892	slesvigholstensk Politiker, 1843-45 Amtmand over Nordborg og Sønderborg Amter, 1866 preussisk Overpræsident for Slesvig-Holsten.	II:441					
plessen	kun_min	PerXI06546	Plessen	Siegfried von	1646	1723	Præsident i Rentekammeret, Statsmand, Godsejer.	II:294					
plessen	kun_min	PerXI06547	Plessen	Vilhelmine, f. Gutfeld	1793	1881	Datter af F.C.Gutfeld, g. 1812 m. senere Oberstøjtnant G.L.P., Enke 1855.	IX:17					
plessy	kun_min	PerXI06549	Plessy	Jeanne	1819	1897	fransk Skuespillerinde.	II:362;II:348;II:349					
pompejus	kun_min	PerXI06580	Pompejus	Gnæus	106	148	romersk Statsmand og Feltherre.	II:102					
pompejus	kun_xlsx								Pompejus	Gnæus	-106	-48	romersk Statsmand og Feltherre.
poulsen	kun_min	PerXI06612	Poulsen				Falster 1850.	III:424					
poulsen	kun_min	PerXI06613	Poulsen				Familie, der har boet i Frøknerne Rossings Pensionat 1870.	VIII:448;VIII:450					
poulsen	kun_min	PerXI06614	Poulsen	Poet	1865		.	VI:345					
poulsen	matchet_person_men_beskrivelse_afviger	PerXI06615	Poulsen	Anna, f. Næser	1849	1934	g. 1871 m. Emil P. IX 248. — Se ogsaa: Næser, Anna. Poulsen, Emil (1842-1911), Skuespiller ved Det kgl. Teater 1867-1900, tit. Professor 1900.	VII:396;VIII:431;IX:7;IX:27;IX:180;IX:248;IX:342;X:234;X:386	Poulsen	Anna, f. Næser	1849	1934	g. 1871 m. Emil P.
poulsen	matchet_person_men_beskrivelse_afviger	PerXI06616	Poulsen	Emilie, f. Bryde	1846	1909	Balletdanserinde ved Det kgl. Teater, g. 1872 m. Olaf P. IX 248. X 423. — Se ogsaa: Bryde, Emilie. Poulsen, Ingeborg Dorothea, f. Rafn (1798-1854), g.1825 m. Sognepræst i Rørby, senere i Raklev Poul Chr. Edelberg P.	III:389	Poulsen	Emilie, f. Bryde	1846	1909	Balletdanserinde ved Det kgl. Teater, g. 1872 m. Olaf P.
poulsen	kun_min	PerXI06619	Poulsen	V. E.	1826	1884	Ingeniør, Vandinspektør i København.	VIII:106;VIII:107					
poulsen	kun_xlsx								Poulsen				Falster 1850.
poulsen	kun_xlsx								Poulsen	Emil	1842	1911	Skuespiller ved Det kgl. Teater 1867–1900, tit. Professor 1900.
poulsen	kun_xlsx								Poulsen	Ingeborg Dorothea, f. Rafn	1798	1854	g.1825 m. Sognepræst i Rørby, senere i Raklev Poul Chr. Edelberg P.
preussen	matchet_person_men_beskrivelse_afviger	PerXI06637	Preussen	Augusta, Prinsesse af -, f. Prinsesse af Sachsen-Weimar-Eisenach	1811	1890	Datter af Carl Friedrich af Sachsen-Weimar-Eisenach, g.1829 m. Wilhelm (I) af P., Dronning 1861, tysk Kejserinde 1871.	III:30;III:32;III:34;III:35;III:39;III:40;III:41;IV:87;IV:89;IV:284;VII:354;VIII:422	Preussen	Augusta, Prinsesse af –, f. Prinsesse af Sachsen-Weimar-Eisenach	1811	1890	Datter af Carl Friedrich af Sachsen-Weimar-Eisenach, g. 1829 m. Wilhelm (I) af P., Dronning 1861, tysk Kejserinde 1871.
preussen	kun_min	PerXI06645	Preussen	Georg, Prins af —	1826	1902	senere General i Kavalleriet.	IV:90;IV:91					
puckler-muskau	kun_min	PerXI06697	Pückler-Muskau	Hermann Ludwig Heinrich von, Fyrste	1785	1871	tysk Forfatter og Havearkitekt.	I:490;III:41;III:45;IV:86					
quetelet	kun_min	PerXI06705	Quételet	Jacques	1796	1874	belgisk Matematiker og Statistiker, Direktør for det kgl. Observatorium i Briissel.	II:316;II:317;II:318					
radziwill	kun_min	PerXI06740	Radziwill	Wilhelm, Fyrste	1797	1870	preussisk Generalmajor. III 39-40. Rafael (Raffaello Santi) (1483-1520), italiensk Maler.	I:94;I:188;I:194;I:208;I:209;I:210;I:213;I:216;I:217;I:224;I:225;I:226;I:227;I:231;I:232;I:234;I:242;I:243;I:244;I:245;I:247;I:250;I:251;I:257;I:258;I:264;I:266;I:276;I:281;I:282;I:317;I:380;I:382;I:385;I:394;I:403;I:404;I:463;I:500;II:85;II:91;II:94;II:99;II:101;II:103;II:114;II:123;II:261;II:350;II:351;II:406;III:124;IV:165;IV:208;IV:229;V:41;V:56;V:65;V:68;V:73;V:322;V:325;V:326;V:327;VII:323;VII:325					
rantzau	kun_min	PerXI06768	Rantzau				Greve, Passager paa Dampskibet Stören 14.6.1844.	II:389					
rantzau	kun_min	PerXI06769	Rantzau	August, Lensgreve	1840	1904	til det grevelige Rantzauske Forlods, senere Hofjægermester.	V:404					
rantzau	kun_min	PerXI06773	Rantzau	Detlef, Rigsgreve	1763	1847	Broder til Conrad R.-B., Kammerjunker, sindssyg.	II:43;II:44					
rantzau	kun_min	PerXI06774	Rantzau	Ernst, Rigsgreve	1802	1862	Amtmand i Plön, senere i Reinbek, Trittau og Tremsbüttel.	II:378;II:379					
rantzau	matchet_person_men_beskrivelse_afviger	PerXI06775	Rantzau	Julie (Lilly), Grevinde, f. Sehestedt Juul	1845	1899	Datter af Chr. Sehestedt Juul, g. 1° 1864 m. Otto Moltke til Espe, 2° 1871 m. Carl Rantzau til Rosenvold. IX 324. — Se ogsaa: Moltke, Julie. Rantzau, Mimi, Rigsgrevinde, f. Baronesse Iselin (1753-1814), Søster til Lisa de la Calmette, g.1776 m. Kammerherre, Hofjægermester, Rigsgreve Chr. Fr. Ernst R., Ægteskabet opløst 1793.	VIII:36	Rantzau	Julie (Lilly), Grevinde, f. Sehestedt Juul	1845	1899	Datter af Chr. Sehestedt Juul, g. 1° 1864 m. Otto Moltke til Espe, 2° 1871 m. Carl Rantzau til Rosenvold.
rantzau	matchet_person_men_beskrivelse_afviger	PerXI06776	Rantzau	Sigfriede, Komtesse	1844	1909	Søster til August R., g.1865 m. Baron Otto Reedtz-Thott.	V:404	Rantzau	Sigfriede, Komtesse	1844	1909	Søster til August R., g. 1865 m. Baron Otto Reedtz-Thott.
rantzau	kun_xlsx								Rantzau				Greve, Passager på Dampskibet Stören 14.6.1844.
rantzau	kun_xlsx								Rantzau	August			Lensgreve (1840–1904) til det grevelige Rantzauske Forlods, senere Hofjægermester.
rantzau	kun_xlsx								Rantzau	Mimi, Rigsgrevinde, f. Baronesse Iselin	1753	1814	Søster til Lisa de la Calmette, g. 1776 m. Kammerherre, Hofjægermester, Rigsgreve Chr. Fr. Ernst R., Ægteskabet opløst 1793.
rauch	kun_min	PerXI06799	Rauch	Kapelmusikus (enten Violoncellisten Ferd. Peter Theodor R.	1817	1871	eller Violinisten Jul. Wilh. Emil R. (1818-88)).	VI:236					
rauch	kun_xlsx								Rauch				Kapelmusikus (enten Violoncellisten Ferd. Peter Theodor R. (1817–1871) eller Violinisten Jul. Wilh. Emil R. (1818–1888)).
reboul	kun_min	PerXI06811	Reboul	Jean	1795	1864	fransk Digter, Bagermester i Nimes.	III:141;III:142;V:209;V:210					
recke	kun_min	PerXI06814	Recke	Adolphine von der	1817	1895	Frøken, Lærerinde, Frederikshavn.	IV:354;IV:355					
recke	kun_min	PerXI06815	Recke	Augusta Ernestine von der	1852		Datter af Adolph v.d.R.	VII:260;IX:230					
recke	matchet_person_men_beskrivelse_afviger	PerXI06816	Recke	Caroline von der, f. Petersen	1795	1868	Enke efter P.B.P. von der R. V. 129. Recke, Caroline von der, f. Lumbye (1833-1901), Skuespillerinde, Datter af H.C.Lumbye, g. 1° 1851 m. Adolph v.d.R., 2° 1870 m. Skuespiller Frederik Madsen. IV 282. V 129 381. VI 3 202. VII 260. VIII 45. — Se ogsaa: Lumbye, Caroline, og Recke- Madsen, Caroline. Recke, Ernst von der (1848-1933), Digter, Student 1866, dr.phil. 1881, Udlaansinspektør ved Det kgl. Bibliotek 1885-91.	VI:235;IX:306;IX:381;X:4;X:5;X:8;X:13;X:389	Recke	Caroline von der, f. Petersen	1795	1868	Enke efter P.B.P. von der R.
recke	kun_xlsx								Recke	Augusta Ernestine von der	1852		Datter af Adolph v.d.R.
recke	kun_xlsx								Recke	Caroline von der, f. Lumbye	1833	1901	Skuespillerinde, Datter af H.C.Lumbye, g. 1° 1851 m. Adolph v.d.R., 2° 1870 m. Skuespiller Frederik Madsen.
recke	kun_xlsx								Recke	Ernst von der	1848	1933	Digter, Student 1866, dr.phil. 1881, Udlaansinspektør ved Det kgl. Bibliotek 1885–1891.
ree	matchet_person_men_beskrivelse_afviger	PerXI06824	Rée	Anton	1820	1886	Pianist, Lærer ved Københavns Konservatorium 1867-68.	V:145;VII:398;VIII:30	Rée	Anton	1820	1886	Pianist, Lærer ved Københavns Konservatorium 1867–1868.
ree	kun_min	PerXI06827	Rée	Siegmund	1814	1881	fhv. Købmand i London, Godsejer i Altrahlsted ved Hamburg.	VIII:93;VIII:94					
ree	kun_min	PerXI06828	Rée	Sophia, f. Warburg	1822	1903	Datter af Martin Warburg, g.1844 m. Siegmund R.	VIII:93;VIII:94					
reissinger	kun_min	PerXI06864	Reissinger				Datter af C.G.R.	IV:222					
reissinger	kun_min	PerXI06865	Reissinger	C. G.	1798	1859	tysk Komponist, Leder af Dresdner-Operaen.	IV:222;IV:223					
reissinger	matchet_person_men_beskrivelse_afviger	PerXI06866	Reissinger				Marie, f. Stobwasser, g.1828 m. C.G.R.	IV:222	Reissinger	Marie, f. Stobwasser			g. 1828 m. C.G.R.
reissinger	kun_xlsx								Reissinger				Datter af C.G.R.
reni	kun_min	PerXI06883	Reni	Guido	1575	1642	italiensk Maler.	I:109;I:194;I:210;I:227;I:230;I:244;I:250;I:273;I:276;I:304;I:306;I:308;I:317;I:385;I:393;I:394;I:403;I:404;I:415;I:430;I:433;II:79;II:88;II:91;II:94;II:102;II:416;X:72					
retzius	kun_min	PerXI06894	Retzius	Anders Adolf	1795	1860	svensk Anatom og Antropolog.	III:308;III:309					
reuterdahl	matchet_person_men_beskrivelse_afviger	PerXI06905	Reuterdahl				Bengt Fredrik, Frisørmester og Parykmager i Malmö.	VI:292	Reuterdahl	Bengt Fredrik			Frisørmester og Parykmager i Malmö.
reuterdahl	kun_min	PerXI06906	Reuterdahl	Henrik	1795	1870	Søn af B.F.R., Ærkebiskop i Uppsala 1856, Kirkehistoriker. VI 292-93. Reventlows (ikke nærmere angivet).	V:160					
reventlow-criminil	kun_min	PerXI06922	Reventlow-Criminil	Heinrich, Greve	1798	1869	Gehejmestatsminister, Udenrigsminister, 1852-54 Minister for Holsten, Gehejmekonferensraad.	III:404;III:405					
reventlow-criminil	kun_min	PerXI06923	Reventlow-Criminil	Louise Sophie Jeannette, Grevinde, f. Komtesse Rantzau	1799	1852	g.1823 m. Heinrich R.-C.	III:404;III:405					
rivas	kun_min	PerXI06981	Rivas	Angel de Saavedra, Hertug af —	1791	1865	spansk Politiker og Forfatter.	V:322;V:323;V:324					
rohde	kun_min	PerXI07020	Rohde	Friedrich von, Greve	1810	1886	Brussel 4.3.1843.	II:316;II:317					
roldan	kun_min	PerXI07023	Roldån	Pedro	1624	1700	spansk Billedhugger.	V:298;V:299					
rolfsen	kun_min	PerXI07024	Rolfsen	Jens	1839	1919	Agent, Christiania.	IX:123;IX:124					
rolfsen	matchet_person_men_beskrivelse_afviger	PerXI07025	Rolfsen	Johan Nordal	1848	1928	Student fra Bergen 1866, opholdt sig Vinteren 1874-75 i København paa det Schäfferske Legat, senere Skolemand og Forfatter i Bergen og Christiania.	X:394	Rolfsen	Johan Nordal	1848	1928	Student fra Bergen 1866, opholdt sig Vinteren 1874–1875 i København på det Schäfferske Legat, senere Skolemand og Forfatter i Bergen og Christiania.
rollett	kun_min	PerXI07026	Rollett	Herman	1819	1904	østrigsk Digter.	III:51;III:59;III:60;III:168					
rosen	matchet_person_men_beskrivelse_afviger	PerXI07038	Rosen				von (Brev til ham fra HCA. 4.8. 1850).	III:422	Rosen	von			(Brev til ham fra H.C. Andersen. 4.8.1850).
rosen	kun_min	PerXI07039	Rosen	von, Broder til Dorothea v.R., menig Soldat 1851 (maaske Hermann Wilhelm von R.	1831	1905	senere Forpagter af Rønhave paa Als og Berchshill i Skaane).	IV:5					
rosen	matchet_person_men_beskrivelse_afviger	PerXI07041	Rosen	Alfred von	1825	1912	Søn af Wilh.v.R., tidligere Departementschef i Ministeriet for Holsten og Lauenburg, var 1873 preussisk Regierungsrat i Slesvig By, senere Regeringspræsident i Arneberg, Westfalen, og Geheimerat.	X:67	Rosen	Alfred von	1825	1912	Søn af Wilh.v.R., tidligere Departementschef i Ministeriet for Holsten og Lauenburg, var 1873 preussisk Regierungsrat i Slesvig By, senere Regeringspræsident i Ameberg, Westfalen, og Geheimerat.
rosen	matchet_person_men_beskrivelse_afviger	PerXI07043	Rosen	Carl von	1819	1891	Søn af Wilh. v.R., Overpræsident i Flensborg 1854- 64, Kammerherre 1853.	IV:192;VII:250	Rosen	Carl von	1819	1891	Søn af Wilh. v.R., Overpræsident i Flensborg 1854–1864, Kammerherre 1853.
rosen	kun_min	PerXI07045	Rosen	Carl Pontus von, Greve	1811	1877	Løjtnant i Bohuslåns Regiment, Besidder af Hoglunda, Nors S., Vårmland.	II:26;II:27					
rosen	matchet_person_men_beskrivelse_afviger	PerXI07050	Rosen	Ellen von	1859	1938	Datter af Sigismund v. R., senere Forstanderinde for Dronning Louises Børnehospital og Priorinde for Vemmetofte adelige Jomfrukloster.	X:439	Rosen	Ellen von	1859	1938	Datter af Sigismund v. R., senere Forstanderinde for Dronning Louises Bømehospital og Priorinde for Vemmetofte adelige Jomfrukloster.
rosen	matchet_person_men_beskrivelse_afviger	PerXI07053	Rosen	Frederik von	1839	1898	Reserveofficersaspirant, 1864 Sekondløjtnant, senere Forpagter af Christianssæde, Hofjægermester.	VI:28;VII:391	Rosen	Frederik von	1839	1898	Reserveofficersaspirant, 1864 Sekondløjtnant, senere Forpagter af Ghristianssæde, Hofjægermester.
rosen	matchet_person_men_beskrivelse_afviger	PerXI07056	Rosen	Johan von	1862	1931	næstyngste Barn af Sigismund v. R., senere Ejer af Frederiksminde ved Ryde.	VI:269	Rosen	Johan von	1862	1931	næst-yngste Barn af Sigismund v. R., senere Ejer af Frederiksminde ved Ryde.
rosen	matchet_person_men_beskrivelse_afviger	PerXI07057	Rosen	Sigismund von	1827	1864	Søn af Wilhelm v. R., Kaptajn i Generalstaben, 1857 Stabschef ved 3. Generalkommando (Kiel), 1863 Souschef ved Felthærens Stab, 1864 Major, dødeligt saaret 18.April.	IV:289;VI:45;VI:47;VI:48	Rosen	Sigismund von	1827	1864	Søn af Wilhelm v. R., Kaptajn i Generalstaben, 1857 Stabschef ved 3. Generalkommando (Kiel), 1863 Souschef ved Felthærens Stab, 1864 Major, dødeligt såret 18. April.
rumohr	kun_min	PerXI07160	Rumohr				»en gammel Frøken«, Oldenburg 28.9.1846.	III:180					
rumohr	kun_min	PerXI07161	Rumohr	C. F.	1785	1843	Kammerherre, Kunsthistoriker, Raderer og Tegner.	X:30;X:31					
rumohr	kun_xlsx								Rumohr				»en gammel Frøken«, Oldenburg 28.9.1846.
ræder	kun_min	PerXI07205	Ræder	Jacob	1798	1853	Oberst, Chef for 10. Liniebataillon.	IV:7;IV:8;IV:9					
rømer	matchet_person_men_beskrivelse_afviger	PerXI07218	Rømer				Frue, Lemvig 22.7.1859.	IV:342	Rømer	Frue			Lemvig 22.7.1859.
rømer	matchet_person_men_beskrivelse_afviger	PerXI07219	Rømer	Elisa	1839	1930	Operasangerinde, Koncertsangerinde og Skuespillerinde, deb. paa Det kgl. Teater 1865, ved Folketeatret 1865-70, g.1865 m. Viggo Sanne.	VI:222;VI:236	Rømer	Elisa	1839	1930	Operasangerinde, Koncertsangerinde og Skuespillerinde, deb. på Det kgl. Teater 1865, ved Folketeatret 1865–1870, g. 1865 m. Viggo Sanne.
rømer	kun_min	PerXI07220	Rømer	F. C. F. D.	1803	1848	cand.jur., Fuldmægtig i Generalkrigskommissariatet.	I:367;I:368					
rønne	matchet_person_men_beskrivelse_afviger	PerXI07224	Rønne				Frøken, Basnæs 28.5.1870 (NB! Ikke Søster til M.C.R.).	VIII:374	Rønne	Frøken			Basnæs 28.5.1870 (NB! Ikke Søster til M.C.R.).
rønne	matchet_person_men_beskrivelse_afviger	PerXI07227	Rønne	C. F.	1798	1890	Søn af B.F. R., Sognepræst i Høve og Flakkebjerg 1834-76, 1858-81 Formand for »Kirkelig Forening for Indre Mission i Danmark«.	VIII:389	Rønne	C. F.	1798	1890	Søn af B.F. R., Sognepræst i Høve og Flakkebjerg 1834–1876, 1858–1881 Formand for »Kirkelig Forening for Indre Mission i Danmark«.
rønne	matchet_person_men_beskrivelse_afviger	PerXI07228	Rønne	Caroline Sophie Vilhelmine, f. Rønne	1815	1879	g.1836 m. M.C.R.	VIII:224	Rønne	Caroline Sophie Vilhelmine, f. Rønne	1815	1879	g.1836 m. M.G.R.
rønne	kun_min	PerXI07231	Rønne	Nicolai Iver	1803	1876	Søn af B.F.R., Slotsgartner paa Sorgenfri Slot.	I:508;I:509					
rørbye	kun_min	PerXI07237	Rørbye	F. C.	1795	1860	Prokurator i Frederikshavn.	IV:353;IV:354;IV:355					
rørbye	kun_min	PerXI07241	Rørbye	Sophie, f. Henne	1813	1896	Datter af Johanne Clausine Henne, g. 1851 m. F.C.R.	IV:353;IV:354;IV:355					
saabye	matchet_person_men_beskrivelse_afviger	PerXI07257	Saabye	Anne Marie, f. Høyer	1786	1857	Enke efter Grosserer Niels Chr. S., g.i829 m. Kabinetssekretær J. G. Adler.	I:33;I:38	Saabye	Anne Marie, f. Høyer	1786	1857	Enke efter Grosserer Niels Chr. S., g. 1829 m. Kabinetssekretær J. G. Adler.
saabye	kun_min	PerXI07258	Saabye	Augusta, f. Laurwald	1789	1850	tidligere Solodanserinde ved Det kgl. Teater, g.m. Peter S.	II:266;II:267					
saabye	kun_xlsx								Saabye	A. V.	1823	1916	Billedhugger.
sachsen-meiningen-hildburghausen	matchet_person_men_beskrivelse_afviger	PerXI07283	Sachsen-Meiningen-Hildburghausen	Charlotte, Arveprinsesse af -, f. Prinsesse af Preussen	1831	1855	g.1850 m. Georg af S.-M.-H.	IV:88	Sachsen-Meiningen-Hildburghausen	Charlotte, Arveprinsesse af –, f. Prinsesse af Preussen	1831	1855	g. 1850 m. Georg af S.-M.-H.
sachsen-meiningen-hildburghausen	kun_min	PerXI07284	Sachsen-Meiningen-Hildburghausen	Georg (II), Arveprins af —	1826	1914	Hertug 1866.	IV:87;IV:88					
sachsen-weimar-eisenach	matchet_person_men_beskrivelse_afviger	PerXI07285	Sachsen-Weimar-Eisenach	Anna, Prinsesse af —	1828	1864	Datter ^ Prins Bernhard af S.-W.-E.	IV:81	Sachsen-Weimar-Eisenach	Anna, Prinsesse af –	1828	1864	Datter af Prins Bernhard af S.-W.-E.
sachsen-weimar-eisenach	kun_min	PerXI07287	Sachsen-Weimar-Eisenach	Auguste, Prinsesse af -, f. Prinsesse af Wiirttemberg	1825	1898	g.1851 m. Hermann af S.- W.-E.	IV:440;IV:441					
sachsen-weimar-eisenach	matchet_person_men_beskrivelse_afviger	PerXI07288	Sachsen-Weimar-Eisenach	Bernhard, Prins af —	1792	1862	Søn af Carl August af S.-W.-E. (1757-1828), hollandsk General.	III:209;IV:81;V:196	Sachsen-Weimar-Eisenach	Bernhard, Prins af –	1792	1862	Søn af Carl August af S.-W.-E. (1757–1828), hollandsk General.
sachsen-weimar-eisenach	matchet_person_men_beskrivelse_afviger	PerXI07289	Sachsen-Weimar-Eisenach	Carl Alexander, Arvestorhertug af —	1818	1901	Søn af Carl Friedrich af —, Storhertug 1853.	II:397;II:398;II:399;II:400;II:401;II:442;III:2;III:18;III:34;III:41;III:42;III:43;III:44;III:45;III:46;III:47;III:48;III:49;III:50;III:51;III:52;III:53;III:55;III:56;III:57;III:58;III:59;III:62;III:64;III:65;III:74;III:87;III:89;III:109;III:111;III:112;III:139;III:148;III:165;III:170;III:171;III:172;III:173;III:174;III:175;III:176;III:177;III:183;III:189;III:198;III:200;III:206;III:208;III:209;III:210;III:217;III:224;III:235;III:254;III:270;III:271;III:272;III:273;III:274;III:311;III:322;III:352;III:383;III:406;III:411;III:414;III:424;IV:32;IV:34;IV:79;IV:84;IV:88;IV:89;IV:91;IV:104;IV:117;IV:155;IV:156;IV:164;IV:169;IV:175;IV:177;IV:178;IV:190;IV:201;IV:202;IV:204;IV:213;IV:214;IV:215;IV:225;IV:226;IV:276;IV:278;IV:279;IV:284;IV:285;IV:286;IV:287;IV:291;IV:324;IV:326;IV:336;IV:376;IV:394;IV:402;IV:422;IV:476;V:1;V:4;V:101;V:107;V:206;V:433;VII:297;VII:298;IX:68;X:131;X:132;X:240;X:241;X:242;X:250;X:261;X:262;X:267;X:282;X:283;X:439;X:444;X:455	Sachsen-Weimar-Eisenach	Carl Alexander, Arvestorhertug af –	1818	1901	Søn af Carl Friedrich af –, Storhertug 1853.
sachsen-weimar-eisenach	matchet_person_men_beskrivelse_afviger	PerXI07292	Sachsen-Weimar-Eisenach	Carl Friedrich, Storhertug af —	1783	1853	Søn af Carl August af S.-W.-E. (1757- 1828), Storhertug 1828.	II:398;II:401;IV:42;IV:43;IV:44;IV:45;IV:48;IV:50;IV:51;IV:55;IV:56;IV:57;IV:174;IV:175;IV:272;IV:80;IV:87;IV:88;IV:89;IV:91	Sachsen-Weimar-Eisenach	Carl Friedrich, Storhertug af –	1783	1853	Søn af Carl August af S.-W.-E. (1757–1828), Storhertug 1828.
sachsen-weimar-eisenach	kun_min	PerXI07294	Sachsen-Weimar-Eisenach	Hermann, Prins af —	1825	1901	Søn af Bernhard af S.-W.-E., württembergsk Generalløjtnant.	IV:440;IV:441					
sachsen-weimar-eisenach	matchet_person_men_beskrivelse_afviger	PerXI07297	Sachsen-Weimar-Eisenach	Maria Pavlovna, Storhertuginde af -, f. Storfyrstinde af Rusland	1786	1859	Datter af Paul I af Rusland, g.1804 m. Carl Friedrich af S.-W.-E.	II:398;II:399;II:401;III:19;III:42;III:43;III:44;III:45;III:46;III:47;III:48;III:49;III:50;III:51;III:53;III:54;III:57;III:170;III:173;III:174;III:175;III:272;IV:80;IV:83;IV:91;IV:212;IV:213;IV:214;IV:216;IV:284;IV:287;IV:326;VI:295	Sachsen-Weimar-Eisenach	Maria Pavlovna, Storhertuginde af –, f. Storfyrstinde af Rusland	1786	1859	Datter af Paul I af Rusland, g. 1804 m. Carl Friedrich af S.-W.-E.
sachsen-weimar-eisenach	matchet_person_men_beskrivelse_afviger	PerXI07299	Sachsen-Weimar-Eisenach	Sophie, Arvestorhertuginde af -, f. Prinsesse af Nederlandene	1824	1897	Datter af Willem II af Nederlandene, g.1842 m. Carl Alexander af S.-W.-E., 1853 Storhertuginde.	II:399;II:401;III:42;III:43;III:44;III:45;III:46;III:47;III:48;III:49;III:50;III:51;III:52;III:53;III:57;III:173;III:174;III:175;III:208;III:209;III:272;III:273;IV:84;IV:87;IV:91;IV:155;IV:188;IV:189;IV:190;IV:213;IV:214;V:43;VI:295;X:132;VII:57	Sachsen-Weimar-Eisenach	Sophie, Arvestorhertuginde af –, f. Prinsesse af Nederlandene	1824	1897	Datter af Willem II af Nederlandene, g. 1842 m. Carl Alexander af S.-W.-E., 1853 Storhertuginde.
salomon	matchet_person_men_beskrivelse_afviger	PerXI07320	Salomon	Hanne	1811	1859	Datter af Wulf S., g.1835 Jacoby i København. I 121. Salomon (senere Saloman), Julius (1838- 92), Broder til Siegfried Saloman, Operasanger i Stockholm.	X:298	Salomon	Hanne	1811	1859	Datter af Wulf S., g.1835 Jacoby i København.
salomon	kun_min	PerXI07323	Salomon	Sara, f. Oppenheim	1786	1858	g.m. Wulf S.	I:120;I:121;I:122;I:123					
salomon	matchet_person_men_beskrivelse_afviger	PerXI07326	Salomon	Wulf	1770	1842	Brygger og Kornhandler i Odense, opholdt sig 1823-35 i Hamburg, derefter i København.	I:120;I:121;I:122;I:123;I:510	Salomon	Wulf	1770	1842	Brygger og Kornhandler i Odense, opholdt sig 1823–1835 i Hamburg, derefter i København.
salomon	kun_xlsx								Salomon	Israels Konge	-975	-935	Søn af David.
salomon	kun_xlsx								Salomon	David (døbt Julius Diedrich Slomann)	1805	1857	Søn af Wulf S., senere Grosserer i København.
salomonsen	kun_min	PerXI07328	Salomonsen				dansk Tog-Passager i Sverrig 15.9.1865.	VI:283					
salomonsen	matchet_person_men_beskrivelse_afviger	PerXI07330	Salomonsen	Amanda	1847	1918	Datter af Moritz S., g.1867 m. Fabrikant William S. VI 94 119. IX 237. Salomonsen (Salomon), Aron (ca. 1760- 1852), Købmand i Slagelse.	I:6	Salomonsen	Amanda	1847	1918	Datter af Moritz S., g. 1867 m. Fabrikant William S.
salomonsen	kun_min	PerXI07332	Salomonsen	Carl	1825	1910	norsk Overretssagfører, Christiania.	IX:124;IX:125					
salomonsen	matchet_person_men_beskrivelse_afviger	PerXI07336	Salomonsen	Harriet	1856	1879	Datter af Moritz S., g.1873 m. Edvard Brandes. VI 94. IX 227 314-16 320-21 322 334 339 361. X 18 20-21. — Se ogsaa: Brandes, Harriet. Salomonsen, Ingeborg, f. Sæhlie (1841- 1928), g.m. Carl S.	IX:125	Salomonsen	Harriet	1856	1879	Datter af Moritz S., g. 1873 m. Edvard Brandes.
salomonsen	kun_xlsx								Salomonsen				Dansk Tog-Passager i Sverrig 15.9.1865.
salomonsen	kun_xlsx								Salomonsen	Ingeborg, f. Sæhlie	1841	1928	g.m. Carl S.
santarelli	kun_min	PerXI07361	Santarelli	Emilio	1801	1886	italiensk Billedhugger.	I:386;I:387					
santen	kun_min	PerXI07362	Santen	Frederika Christina van, f. Bernhard	1802	1880	g.m. Jac. Jasper v. S.	III:202;VII:58;VII:59					
santen	kun_min	PerXI07363	Santen	Jac. Jasper van	1799	1870	Hotelvært i Haag.	VII:58;VII:59					
santen	kun_min	PerXI07364	Santen	Maria Aletta Bregina van	1846		Datter af J. J. van S., Haag.	VII:59					
santen	kun_xlsx								Santen	Maria Aletta Bregina van	1846		Datter af J. J. van S., Haag.
sass	kun_min	PerXI07380	Sass				Johanne, f. Quist (død 1912), g.m. L.W.S.	IV:343					
sass	kun_min	PerXI07381	Sass	Lorentz Waage	1818	1889	Købmand i Aalborg, Direktør for Diskontobanken sst.	IV:343;IV:344					
sass	kun_xlsx								Sass	Johanne, f. Quist		1912	g.m. L.W.S.
saxild	kun_min	PerXI07396	Saxild	Hans Vilhelm	1813	1891	dr.med., argentinsk Konsul i København 1863, Generalkonsul 1878. VIII 106-08. Saxo (omkr. 1200), Historiker.	III:416					
sayn-wittgenstein-berleburg	matchet_person_men_beskrivelse_afviger	PerXI07405	Sayn-Wittgenstein-Berleburg	Emil, Prins af —	1824	1878	Passager paa Dampskibet fra Napoli til Genova 1846, 1852 kejserlig russisk Major og Fløjadjudant hos Generalguvernøren i Tiflis, senere Generalløjtnant og Adjudant hos Kejseren.	III:136;IV:91;IV:230;IV:231	Sayn-Wittgenstein-Berleburg	Emil, Prins af –	1824	1878	Passager på Dampskibet fra Napoli til Genova 1846, 1852 kejserlig russisk Major og Fløj adjudant hos Generalguvernøren i Tiflis, senere Generalløjtnant og Adjudant hos Kejseren.
sayn-wittgenstein-berleburg	kun_min	PerXI07406	Sayn-Wittgenstein-Berleburg	Pulcheria, Prinsesse af -, f. Prinsesse Cantacazenos	1840	1865	g.1856 m. Emil S.-W.- B.	IV:230;IV:231					
scavenius	matchet_person_men_beskrivelse_afviger	PerXI07410	Scavenius	Christiane, f. Komtesse Scheel	1855	1934	g.1874 m. Otto S. X 262. — Se ogsaa: Scheel, Christiane. Scavenius, Elisabeth (1840-1920), Datter af P.B.S., g.1861 m. Hans Rudolph Wedell-Wedellsborg. V 114. — Se ogsaa: Wedell-Wedellsborg, Elisabeth. Scavenius, Henriette, f. Komtesse Moltke (1819-98), Datter af Otto Joachim M., g.1843 m. J.B.S. (1811-50).	III:291;IV:183;IV:196;IV:199;IV:200;IV:201;IV:208;IV:219;IV:221;IV:228;IV:233;IV:234;IV:235;IV:237;IV:239;IV:243;IV:253;IV:274;IV:280;IV:282;IV:288;IV:290;IV:291;IV:292;IV:294;IV:295;IV:296;IV:299;IV:304;IV:319;IV:321;IV:324;IV:343;IV:357;IV:387;IV:403;IV:433;IV:436;IV:443;IV:453;IV:461;IV:463;IV:468;IV:471;IV:472;IV:473;IV:474;V:1;V:8;V:9;V:19;V:20;V:47;V:97;V:103;V:111;V:114;V:115;V:118;V:134;V:140;V:161;V:163;V:166;V:168;V:169;V:170;V:172;V:173;V:175;V:176;V:177;V:178;V:200;V:282;V:295;V:333;V:374;V:381;V:389;V:391;V:393;V:396;V:398;V:400;V:404;V:406;V:408;V:416;V:426;V:444;V:451;V:453;VI:2;VI:4;VI:15;VI:24;VI:33;VI:46;VI:58;VI:63;VI:68;VI:71;VI:73;VI:74;VI:75;VI:76;VI:79;VI:81;VI:89;VI:100;VI:102;VI:108;VI:123;VI:128;VI:144;VI:155;VI:164;VI:167;VI:168;VI:171;VI:173;VI:174;VI:176;VI:177;VI:178;VI:183;VI:184;VI:188;VI:197;VI:199;VI:220;VI:224;VI:227;VI:231;VI:234;VI:236;VI:252;VI:254;VI:259;VI:310;VI:312;VI:313;VI:323;VI:334;VI:343;VI:344;VI:345;VI:346;VI:348;VI:350;VI:351;VI:352;VII:2;VII:3;VII:4;VII:6;VII:10;VII:13;VII:33;VII:104;VII:114;VII:129;VII:132;VII:187;VII:189;VII:193;VII:194;VII:195;VII:198;VII:199;VII:200;VII:201;VII:220;VII:221;VII:224;VII:232;VII:234;VII:246;VII:249;VII:250;VII:288;VII:306;VII:310;VII:312;VII:313;VII:317;VII:318;VII:320;VII:322;VII:323;VII:331;VII:359;VII:362;VII:363;VII:364;VII:365;VII:366;VII:371;VII:390;VII:394;VII:395;VIII:7;VIII:13;VIII:18;VIII:21;VIII:25;VIII:29;VIII:33;VIII:35;VIII:36;VIII:41;VIII:43;VIII:44;VIII:45;VIII:47;VIII:51;VIII:79;VIII:87;VIII:89;VIII:109;VIII:111;VIII:139;VIII:140;VIII:147;VIII:150;VIII:164;VIII:165;VIII:171;VIII:172;VIII:174;VIII:176;VIII:178;VIII:185;VIII:186;VIII:187;VIII:189;VIII:191;VIII:194;VIII:197;VIII:202;VIII:204;VIII:207;VIII:216;VIII:219;VIII:220;VIII:221;VIII:222;VIII:225;VIII:27;VIII:228;VIII:231;VIII:237;VIII:247;VIII:251;VIII:252;VIII:253;VIII:256;VIII:258;VIII:259;VIII:262;VIII:277;VIII:294;VIII:302;VIII:306;VIII:333;VIII:342;VIII:344;VIII:345;VIII:346;VIII:348;VIII:350;VIII:353;VIII:354;VIII:356;VIII:357;VIII:360;VIII:361;VIII:364;VIII:367;VIII:368;VIII:372;VIII:373;VIII:374;VIII:375;VIII:376;VIII:377;VIII:378;VIII:379;VIII:381;VIII:382;VIII:383;VIII:384;VIII:385;VIII:386;VIII:387;VIII:388;VIII:391;VIII:396;VIII:398;VIII:399;VIII:400;VIII:405;VIII:411;VIII:419;VIII:426;VIII:431;VIII:445;VIII:446;VIII:449;IX:1;IX:10;IX:29;IX:51;IX:52;IX:54;IX:62;IX:71;IX:72;IX:73;IX:74;IX:75;IX:76;IX:78;IX:81;IX:83;IX:84;IX:89;IX:95;IX:140;IX:147;IX:150;IX:165;IX:167;IX:178;IX:194;IX:195;IX:197;IX:204;IX:205;IX:207;IX:209;IX:211;IX:230;IX:233;IX:240;IX:245;IX:248;IX:253;IX:254;IX:256;IX:266;IX:284;IX:291;IX:293;IX:294;IX:295;IX:296;IX:299;IX:304;IX:306;IX:310;IX:316;IX:318;IX:319;IX:320;IX:321;IX:322;IX:323;IX:324;IX:325;IX:327;IX:335;IX:338;IX:339;IX:361;IX:375;X:10;X:14;X:28;X:29;X:30;X:38;X:49;X:53;X:56;X:72;X:81;X:91;X:100;X:123;X:142;X:156;X:157;X:162;X:163;X:180;X:182;X:184;X:194;X:195;X:206;X:213;X:217;X:222;X:225;X:236;X:255;X:262;X:263;X:264;X:265;X:266;X:269;X:283;X:317;X:320;X:342;X:352;X:362;X:363;X:365;X:368;X:375;X:402;X:412;X:442	Scavenius	Christiane, f. Komtesse Scheel	1855	1934	g.1874 m. Otto S.
scavenius	matchet_person_men_beskrivelse_afviger	PerXI07411	Scavenius	Jacob	1838	1915	Søn af P.B.S., cand.polit., Folketingsmand 1865-95 og 1898-1901, Kultusminister 1880-91, 1868 Besidder af Gjorslev.	VII:199;VII:363;VII:364;VIII:343;VIII:348;IX:206;IX:207;IX:209;IX:211;IX:216;IX:219;IX:227;IX:238;IX:240	Scavenius	Jacob	1838	1915	Søn af P.B.S., cand. polit., Folketingsmand 1865–1895 og 1898–1901, Kultusminister 1880–1891, 1868 Besidder af Gjorslev.
scavenius	matchet_person_men_beskrivelse_afviger	PerXI07416	Scavenius	Lucie	1844	1920	Datter af Jacob Brønnum (1811-50), g.1867 m. Carl Castenschiold. IV 236 239 292 344 436 463 474 476. V 134 168 171 176 178 390-91 408 453. VI 63 67 68 71 73 75 76 79 171 173 229 231 234 259 344 345 348 350. VII 2 6 41 54 183 188 194-96 198 201 224 233 250 252 320 322 323 359 362-63. — Se ogsaa: Castenschiold, Lucie. Scavenius, Otto (1849-1913), Søn af Jacob Brønnum S. (1811-50), Student 1867, 1867-1907 Besidder af Basnæs, Hippolog og Politiker, Kammerherre 1887.	IV:239;IV:292;IV:294;IV:463;IV:474;V:12;V:114;V:115;V:169;V:170;V:172;V:391;V:406;V:408;VI:2;VI:33;VI:75;VI:171;VI:176;VI:178;VI:228;VI:229;VI:234;VI:348;VI:350;VI:353;VII:1;VII:4;VII:5;VII:196;VII:197;VII:198;VII:224;VII:232;VII:320;VII:323;VII:359;VII:363;VII:364;VII:366;VII:389;VIII:13;VIII:18;VIII:25;VIII:33;VIII:34;VIII:36;VIII:165;VIII:172;VIII:186;VIII:191;VIII:194;VIII:258;VIII:349;VIII:360;VIII:361;VIII:364;VIII:367;VIII:368;VIII:369;VIII:371;VIII:372;VIII:376;VIII:380;VIII:381;VIII:383;VIII:384;VIII:385;VIII:386;VIII:445;IX:40;IX:72;IX:73;IX:74;IX:75;IX:76;IX:78;IX:79;IX:81;IX:195;IX:204;IX:205;IX:216;IX:249;IX:254;IX:255;IX:294;IX:295;IX:298;IX:322;IX:323;IX:324;IX:325;X:28;X:163;X:166;X:184;X:198;X:262	Scavenius	Lucie	1844	1920	Datter af Jacob Brønnum (1811–1850), g. 1867 m. Carl Castenschiold.
scavenius	matchet_person_men_beskrivelse_afviger	PerXI07418	Scavenius	Peder	1866	1949	Søn af Jacob S. (1838-1915), senere Hofjægermester og Besidder af det Scavenius'ske Fideikommis.	IX:238	Scavenius	Peder	1866	1949	Søn af Jacob S. (1838–1915), senere Hofjægermester og Besidder af det Scavenius’ske Fideikommis.
scavenius	kun_min	PerXI07420	Scavenius	Thyra, f. Castonier	1850	1930	Datter af Annie Castonier, g. 1869 m. Carl S.	IX:72;IX:73					
scavenius	kun_xlsx								Scavenius	Elisabeth	1840	1920	Datter af P.B.S., g. 1861 m. Hans Rudolph Wedell-Wedellsborg.
scavenius	kun_xlsx								Scavenius	Henriette, f. Komtesse Moltke	1819	1898	Datter af Otto Joachim M., g.1843 m. J.B.S. (1811–1850).
scavenius	kun_xlsx								Scavenius	Otto	1849	1913	Søn af Jacob Brønnum S. (1811–1850), Student 1867, 1867–1907 Besidder af Basnæs, Hippolog og Politiker, Kammerherre 1887.
scharling	matchet_person_men_beskrivelse_afviger	PerXI07444	Scharling	Emil	1822	1901	Broder til C.E.S., cand.theol., Notar ved Det theologiske Fakultet, 1860 Sognepræst i Borup J., 1866-93 ved Vallø Stiftsmenighed.	IV:44;X:283	Scharling	Emil	1822	1901	Broder til C.E.S., cand. theol., Notar ved Det theologiske Fakultet, 1860 Sognepræst i Borup J., 1866–1893 ved Vallø Stiftsmenighed.
scharling	matchet_person_men_beskrivelse_afviger	PerXI07445	Scharling	Henrik	1836	1920	Søn af C.E.S., cand.theol., 1865 iic.theol., 1870 Professor i Etik, Theolog og Digter.	V:362;V:363;V:364;V:365;V:367;V:369;V:371;V:373;V:388;V:424;V:425;V:430;VI:35;VII:10;VII:209;VII:258;VII:313;X:214;X:233;X:377	Scharling	Henrik	1836	1920	Søn af C.E.S., cand. theol., 1865 lic.theol., 1870 Professor i Etik, Theolog og Digter.
scharling	matchet_person_men_beskrivelse_afviger	PerXI07448	Scharling	Peter	1832	1922	Søn af C.E.S., cand. theol. 1854, Studierejse i Udlandet 1855-56, Adjunkt i Horsens 1856, senere Sognepræst ved St. Mortens Kirke i Randers.	IV:190;V:123;V:124	Scharling	Peter	1832	1922	Søn af C.E.S., cand. theol. 1854, Studierejse i Udlandet 1855–1856, Adjunkt i Horsens 1856, senere Sognepræst ved St. Mortens Kirke i Randers.
scharling	kun_min	PerXI07451	Scharling	William	1837	1911	Søn af C.E.S., cand.jur., 1869 Professor i Statsøkonomi og Statistik; Nationaløkonom og Politiker.	V:123;V:124					
scheltema	kun_min	PerXI07488	Scheltema	Carel Steven Adama van, se: Adama van Scheltema, C. S. Schenk, Eduard von	1788	1841	tidligere Indenrigsminister i Bayern, Skuespilforfatter.	I:419;II:60					
schepelern	kun_min	PerXI07489	Schepelern				to Frøkner, København 7.2. 1873.	X:25					
schepelern	kun_min	PerXI07490	Schepelern	Georg	1839	1900	stud, theol., 1864 cand.theol., 1869 residerende Kapellan ved Trinitatis Kirke, København, 1878 Sognepræst sst.	V:156					
schiil	kun_min	PerXI07506	Schiil	Ferdinand von	1774	1809	tysk Major, Frikorpsfører.	II:395					
schiller	kun_min	PerXI07509	Schiller	Friedrich Ludwig Ernst von, Friherre	1826	1877	Digterens Sønnesøn, Hauptmann, senere Major i østrigsk Tjeneste.	IV:285;IV:286					
schiller	kun_min	PerXI07510	Schiller	Karl von, Friherre	1793	1857	ældste Søn af Fr.v.S., Forstmand.	IV:177;IV:178					
schiøtt	kun_min	PerXI07525	Schiøtt	Charlotte Ophelia, f. Richter	1809	1896	g.1830 m. Fr.S.	I:123;I:124					
schiøtt	kun_min	PerXI07526	Schiøtt	Frederik	1798	1861	Maskinfabrikant i København, fallit 1833, udvandret til New York, hvor han havde et Kost- og Logihus.	I:123;I:124					
schjørring	kun_min	PerXI07529	Schjørring	Johanne, f. Krohn	1836	1910	Forfatterinde, Enke efter Fuldmægtig i Justitsministeriet J.B.Th.S.	X:364;X:365					
schjørring	matchet_person_men_beskrivelse_afviger	PerXI07530	Schjørring	P.	1831	1913	Byfoged og Herredsfoged i Skelskør 1869, Byfoged og Borgmester i Kolding 1877-1909, Folketingsmand 1866-76.	VIII:378;IX:295	Schjørring	P.	1831	1913	Byfoged og Herredsfoged i Skelskør 1869, Byfoged og Borgmester i Kolding 1877–1909, Folketingsmand 1866–1876.
schleiermacher	kun_min	PerXI07538	Schleiermacher				fra Darmstadt, tysk Rejsende, Mola di Gaeta 27.2.1841.	II:135					
schleiermacher	kun_min	PerXI07539	Schleiermacher	Friedrich Daniel Ernst	1768	1834	tysk Theolog.	II:372;II:373					
schleiermacher	kun_xlsx								Schleiermacher				fra Darmstadt, tysk Rejsende, Mola di Gaeta 27.2.1841.
schlicht	kun_min	PerXI07549	Schlicht	Carl von	1833	1912	tysk Landskabs- og Marinemaler.	IV:402;IV:403					
schmid von baer	kun_min	PerXI07568	Schmid von Baer	Heinrich	1801	1874	Fyrst-Abbed i Einsiedeln.	V:100;V:101					
schou	matchet_person_men_beskrivelse_afviger	PerXI07624	Schou				Frk., Viborg (København 26.10. 1864).	VI:143	Schou	Frk.			Viborg (København 26.10.1864).
schou	kun_min	PerXI07625	Schou				Proprietær (og Frue), Holsteinborg 11.12.1865.	VI:343					
schou	kun_min	PerXI07626	Schou				Regnskabsfører, 2. Forstærkningsbataillon (Glorup 10.6.1850).	III:404					
schou	kun_min	PerXI07627	Schou				Ægtepar, nævnt Odense 13.7. 1839.	II:40					
schou	matchet_person_men_beskrivelse_afviger	PerXI07628	Schou	Carl Theodor Emil	1817	1877	Underlæge 1848 ved 3. Liniebataillon, konst. Overlæge 1850, Hofmedikus hos Kong Christian IX 1864-74, tit. Professor 1864, Etatsraad 1867.	III:283	Schou	Carl Theodor Emil	1817	1877	Underlæge 1848 ved 3. Liniebataillon, konst. Overlæge 1850, Hofmedikus hos Kong Christian IX 1864–1874, tit. Professor 1864, Etatsraad 1867.
schou	kun_min	PerXI07629	Schou	Carsten Mathias	1814	1876	Sognepræst 1858 ved Vor Frue Kirke i Aalborg, Provst 1872.	IV:342;IV:343					
schou	matchet_person_men_beskrivelse_afviger	PerXI07631	Schou	Christen Mandix	1805	1857	HCA.s Skolekammerat, Student fra Slagelse 1824, Sognepræst 1834-43 i Visby, afgik af Samvittighedsgrunde, 1843 Branddirektør i Assens og Hindsgavl Amter, 1851 i Frederiksborg Amt.	VII:380	Schou	Christen Mandix	1805	1857	H.C. Andersens Skolekammerat, Student fra Slagelse 1824, Sognepræst 1834–1843 i Visby, afgik af Samvittighedsgrunde, 1843 Branddirektør i Assens og Hindsgavl Amter, 1851 i Frederiksborg Amt.
schou	kun_min	PerXI07632	Schou	Halvor	1823	1879	Fabrikejer, Christiania, Legatstifter.	IX:114;IX:115;IX:116					
schou	matchet_person_men_beskrivelse_afviger	PerXI07634	Schou	Jørgen Christian	1803	1859	exam.jur., Fuldmægtig i Hoffourerkontoret.	II:427	Schou	Jørgen Christian	1803	1859	exam.jur., Fuldmægtig i Hoffourer-kontoret.
schou	matchet_person_men_beskrivelse_afviger	PerXI07635	Schou	Maria	1826	1899	g.1867 m. Husfoged Franz Bulow.	VI:68	Schou	Maria	1826	1899	g. 1867 m. Husfoged Franz Biilow.
schou	kun_min	PerXI07636	Schou				O. C. R. (død 1878), Fotograf	VII:366;IX:377;IX:378					
schou	kun_xlsx								Schou				Proprietær (og Frue), Holsteinborg 11.12.1865.
schou	kun_xlsx								Schou	O. C. R.		1878	Fotograf.
schram	kun_min	PerXI07656	Schram	se ogsaa: Skram. Schram (Skram), Gustav	1802	1865	Fuldmægtig i Enkekassens Bogholderikontor, Lærer i Fransk ved Søkadetakademiet, senere Jernbanedirektør.	I:154;I:156;V:440					
schram	matchet_person_men_beskrivelse_afviger	PerXI07658	Schram	Peter	1819	1895	Operasanger ved Det kgl. Teater 1841-95.	III:178;IV:29;V:6;VI:127;VI:159;VI:166;VI:168;VI:193;VI:274;VI:275;VII:16;VII:216;VII:235;VII:239;VII:244;VIII:143;IX:16;IX:45;IX:66;IX:234;IX:235;IX:239	Schram	Peter	1819	1895	Operasanger ved Det kgl. Teater 1841–1895.
schulenburg	kun_min	PerXI07672	Schulenburg	Carl Otto Frederik von der, Rigsgreve	1801	1847	Ritmester, Godsejer.	II:307;II:308;II:309					
schulenburg	kun_min	PerXI07673	Schulenburg				Karen Hjort von der, Rigsgrevinde, f. de Seue, g.1841 m. C.O.F. v.d.S.	II:308;II:309					
schultz	matchet_person_men_beskrivelse_afviger	PerXI07681	Schultz				Frue (»paa Krykker«) (26.10. 1864).	VI:143	Schultz	Frue			(»paa Krykker«) (26.10.1864).
schultz	matchet_person_men_beskrivelse_afviger	PerXI07682	Schultz	A.	1797	1875	kar. Major i Artilleriet, Batterichef, 1854-64 Postmester i Eckernførde, 1869 kar. Oberst.	IV:12	Schultz	A.	1797	1875	kar. Major i Artilleriet, Batterichef, 1854–1864 Postmester i Eckemførde, 1869 kar. Oberst.
schultz	kun_min	PerXI07683	Schultz				Adolph Ludvig Gustav Philip (død 1845, 31 Aar gl.), Premierløjtnant i 6. Dragonregiment, Odense.	II:295					
schultz	kun_min	PerXI07686	Schultz	Johan Philip	1820	1887	Kommandør, Departementsdirektør i Marineministeriet, 1871-72 Chef for Fregatten Jylland paa Togt til Vestindien, 1884-85 Kontreadmiral.	IX:311;IX:312					
schultz	matchet_person_men_beskrivelse_afviger	PerXI07687	Schultz	Robert	1832	1894	2. Bataillonslæge ved Upplands Regiment, senere Stadslæge i Uppsala og Regimentslæge, havde 1864 i to Maaneder gjort Tjeneste paa Lasarettet paa Augustenborg Slot.	VI:51;VI:291;VI:293	Schultz	Robert	1832	1894	2. Bataillonslæge ved Upplands Regiment, senere Stadslæge i Uppsala og Regimentslæge, havde 1864 i to Maaneder gjort Tjeneste på Lasarettet på Augustenborg Slot.
schultz	kun_xlsx								Schultz	Adolph Ludvig Gustav Philip		1845	Premierløjtnant i 6. Dragonregiment, Odense.
schwab	kun_min	PerXI07708	Schwab	Johanne, f. Marcus	1847	1915	Datter af L.N.Marcus, g.m. Siegfried S. IX 301-02. — Se ogsaa: Marcus, Johanne. Schwab, Siegfried (1837-80), Købmand i Hamburg.	VIII:90;VIII:106;IX:302					
schwab	kun_xlsx								Schwab	Siegfried	1837	1880	Købmand i Hamburg.
schøller	kun_min	PerXI07743	Schøller	Christian	1826	1904	Herredsfoged i Husby og Nye Herreder, Flensborg, Kammerjunker, Afsked 1864, senere Teglværksbestyrer i Posen.	V:378;V:379					
schønheyder	matchet_person_men_beskrivelse_afviger	PerXI07750	Schønheyder	C. W.	1820	1897	Kommandør, 1881-85 Kontreadmiral.	VIII:347	Schønheyder	C. W.	1820	1897	Kommandør, 1881–1885 Kontreadmiral.
schønheyder	kun_min	PerXI07753	Schønheyder	Gottlieb	1831	1871	Søn af F.A.S., Læge i Odense.	V:379;V:380					
sehested	kun_min	PerXI07774	Sehested	Hannibal	1820	1900	Ritmester, Afsked 1865.	IV:152;IV:153					
seidelin	kun_min	PerXI07779	Seidelin	se: Brinck-Seidelin, H. D. Seidl, Johann Gabriel	1804	1875	østrigsk Digter, Kustos ved Mønt- og Antikkabinettet i Wien, 1867 Regierungsrat.	I:490;III:72;III:75;III:76					
serradifalco	kun_min	PerXI07791	Serradifalco	Domenico Lo Faro Pietra, Hertug af —	1783	1863	italiensk Arkæolog.	II:133;II:134					
sick	matchet_person_men_beskrivelse_afviger	PerXI07809	Sick	Johs. Peter Kr.	1812	1884	Student 1828, Overlærer ved Odense Katedralskole 1844-72.	V:380;VII:386;VIII:55;VIII:56;VIII:96;VIII:112;VIII:115	Sick	Johs. Peter Kr.	1812	1884	Student 1828, Overlærer ved Odense Katedralskole 1844–1872.
sick	matchet_person_men_beskrivelse_afviger	PerXI07810	Sick	Julius	1815	1884	dansk Ministerresident i Brüssel og Haag 1853-57, 1865 Gesandt i overordentlig Mission i Stockholm, Kammerherre.	VI:286;VI:287;VI:288;VI:290;VI:291;VI:294;VI:295;VI:296;VI:299;VI:300;VI:301;VI:302;VII:221;VII:371;VII:372	Sick	Julius	1815	1884	Dansk Ministerresident i Brüssel og Haag 1853–1857, 1865 Gesandt i overordentlig Mission i Stockholm, Kammerherre.
sick	kun_min	PerXI07811	Sick	Th. B.	1827	1893	Broder til Julius S., Premierløjtnant i Artilleriet, 1863 Kaptajn II, Afsked 1882, Komponist.	IV:370;IV:371;IV:372					
sidenius	kun_min	PerXI07813	Sidenius	Jfr., Datter af Isaac S. (enten Marie	1823	1899	eller Nicoline (1826- 93)).	IV:31					
sidenius	kun_xlsx								Sidenius	Jfr.			Datter af Isaac S. (enten Marie (1823–1899) eller Nicoline (1826–1893)).
simon	kun_min	PerXI07837	Simon	parisisk Skomager, hos hvem Louis XVII	1785	1795	tilbragte sin sidste Levetid.	IV:52					
simon	kun_xlsx								Simon				parisisk Skomager, hos hvem Louis XVII (1785–1795) tilbragte sin sidste Levetid.
simonsen	kun_min	PerXI07838	Simonsen				Frue, paa Rejse Kiel-Hamburg 2.9.1867.	VII:339					
simonsen	kun_min	PerXI07839	Simonsen				Frøknerne, Døtre af Sophus S.	IX:57					
simonsen	matchet_person_men_beskrivelse_afviger	PerXI07841	Simonsen				Caroline (Carry), f. Meyer, Enke efter Købmand i London Michael S.	VII:192;IX:307;IX:317;X:297	Simonsen	Caroline (Carry), f. Meyer			Enke efter Købmand i London Michael S.
simonsen	kun_min	PerXI07843	Simonsen	Edith	1853	1920	Datter af Caroline S., g.m. Bankier David Kappel, Berlin.	X:297;X:298;X:299					
simonsen	matchet_person_men_beskrivelse_afviger	PerXI07844	Simonsen	Ernesta	1843	1916	Datter af Sophus S., Plejedatter af H.P.Holst, g.1869 m. Harald Christophersen. VI 54. VIII 243-44. — Se ogsaa: Christophersen, Ernesta. Simonsen, Niels (1807-85), Genremaler og Billedhugger, 1854 Professor ved Kunstakademiet.	IV:10;V:168;VIII:135;IX:32;IX:38;X:415	Simonsen	Emesta	1843	1916	Datter af Sophus S., Plejedatter af H.P.Holst, g. 1869 m. Harald Christophersen.
simonsen	matchet_person_men_beskrivelse_afviger	PerXI07847	Simonsen	Sophus	1810	1857	kgl. Kapelmusikus 1834-52, Violinist.	II:242;II:299	Simonsen	Sophus	1810	1857	kgl. Kapelmusikus 1834–1852, Violinist.
simonsen	kun_xlsx								Simonsen				Frue, på Rejse Kiel-Hamburg 2.9.1867.
simonsen	kun_xlsx								Simonsen	Niels	1807	1885	Genremaler og Billedhugger, 1854 Professor ved Kunstakademiet.
simony	matchet_person_men_beskrivelse_afviger	PerXI07850	Simony	Carl	1806	1872	Kultusminister 1852-53, Justitsminister 1855-59, tillige Indenrigsminister Febr.-Juni 1856.	IV:344	Simony	Carl	1806	1872	Kultusminister 1852–1853, Justitsminister 1855–1859, tillige Indenrigsminister Febr.-Juni 1856.
simony	kun_min	PerXI07852	Simony	Frederik	1846	1926	Søn af Carl S., cand.jur. 1870, 1875 Assistent i Finansministeriet, Senior i Studenterforeningen, senere Stiftamtmand over Fyns Stift.	X:379;X:380					
simony	kun_xlsx								Simony	Anna Sophie, f. Faber	1812	1896	g. 1837 m. Carl S.
simpson	kun_min	PerXI07854	Simpson	John Palgrave	1807	1887	engelsk Forfatter.	III:228;III:229					
sirnony	kun_min	PerXI07849	Sirnony	Anna Sophie, f. Faber	1812	1896	g.1837 m. Carl S.	IV:344					
soldin	kun_min	PerXI07919	Soldin	Salomon	1774	1837	Boghandler, Skribent og Legatstifter, København.	IX:58;IX:59					
sorel	kun_min	PerXI07944	Sorel	Agnés	1422	1450	Kong Charles VII af Frankrigs Elskerinde.	V:348;V:349					
sparre	kun_min	PerXI07967	Sparre	Lars Erik Georg, Greve	1825	1891	Underløjtnant ved 2. Livgrenaderregiment, Linkoping, senere Landmand.	III:350;III:351					
sparre	matchet_person_men_beskrivelse_afviger	PerXI07968	Sparre	Sigrid, Friherreinde	1825	1910	Hoffrøken hos Dronning Josefina af Sverrig-Norge, g.1852 m. Kommandørkaptajn, Friherre Fredrik Ture Cederstrøm.	III:323	Sparre	Sigrid, Friherreinde	1825	1910	Hof frøken hos Dronning Josef ina af Sverrig-Norge, g. 1852 m. Kommandørkaptajn, Friherre Fredrik Ture Cederstrøm.
stackelberg	kun_min	PerXI08005	Stackelberg	Alexandrine (Adia) von, Baronesse	1855	1905	Godsejerdatter fra Kaltenbrunn, Estland.	X:243;X:246;X:261					
staggemeier	kun_min	PerXI08015	Staggemeier	Frøknerne (Wilhelmine	1832	1898	Rosa (1837-1915)), Døtre af Oberst, senere Generalmajor E.F.S., Aalborg 26.7.1859.	IV:344					
staggemeier	kun_xlsx								Staggemeier	Frøknerne			(Wilhelmine (1832–1898), Rosa (1837–1915)), Døtre af Oberst, senere Generalmajor E.F.S., Aalborg 26.7.1859.
stahr	kun_min	PerXI08020	Stahr	Fanny Lewald-, f. Lewald	1811	1889	tysk Forfatterinde, g.1855 m. Adolf S. IV 438-39. — Se ogsaa: Lewald, Fanny. Stahr, Marie, f. Kraetz, g.1833 m. Adolf S., Ægteskabet opløst 1854.	III:22					
stahr	kun_xlsx								Stahr	Marie, f. Kraetz			g. 1833 m. Adolf S., Ægteskabet opløst 1854.
stamtavle henriques s. xliv henriques	kun_min	PerXI03624	Stamtavle Henriques s. XLIV Henriques	Fernanda	1857	1904	Datter af Martin R.H., g.1885 m. Musikeren G. Hänflein.	VIII:46;VIII:101;VIII:129;VIII:149;VIII:242;VIII:322;VIII:325;VIII:351;VIII:398;VIII:401;VIII:402;IX:29;IX:76;IX:95;IX:141;IX:266;IX:267;IX:286;IX:309;IX:352;IX:353;IX:382;X:11;X:26;X:32;X:42;X:47;X:54;X:64;X:75;X:79;X:142;X:143;X:152;X:166;X:173;X:183;X:190;X:199;X:203;X:206;X:210;X:211;X:216;X:230;X:233;X:285;X:289;X:300;X:362;X:378;X:400;X:405;X:434;X:445;X:458					
stamtavle koch s. xlii koch	kun_min	PerXI04546	Stamtavle Koch s. XLII Koch	Fro Mathilde, f. Friis	1819	1905	g. 1853 m. G. K.	VII:340;VII:383;VII:386;VII:387;VIII:53;VIII:56;VIII:150;X:65;X:135					
steenbuch	kun_min	PerXI08053	Steenbuch	Søn af H.T.M.S. (enten Augustinus S.	1846	1879	senere cand. pharm., eller Hans S. (1847-99), senere exam.jur.).	VII:228					
steenbuch	matchet_person_men_beskrivelse_afviger	PerXI08055	Steenbuch	Hans Thomas Mathias	1811	1875	Student 1828, Godslæge paa Holsteinborg med Bolig i Rude 1837.	IV:201;IV:467;V:390;VI:177;VI:343;VI:344;VII:193;VII:194;VII:195;VII:198;VII:200;VII:201;VII:227;VII:228;VII:331;VII:332;X:258;X:260;X:264;X:266;X:267	Steenbuch	Hans Thomas Mathias	1811	1875	Student 1828, Godslæge på Holsteinborg med Bolig i Rude 1837.
steenbuch	kun_xlsx								Steenbuch				Søn af H.T.M.S. (enten Augustinus S. (1846–1879), senere cand. pharm., eller Hans S. (1847–1899), senere exam.jur.).
stegmann	kun_min	PerXI08070	Stegmann	Christopher	1778	1867	Skrædermester i Odense.	VIII:213;VIII:214					
stephensen	kun_min	PerXI08097	Stephensen	Student (enten Hilmar	1846	1889	Student 1864, senere Departementschef i Ministeriet for Island, eller Thorvald (1843-?), Student 1862, cand.phil. 1864, 1866 udvandret til Amerika).	VI:246					
stephensen	kun_xlsx								Stephensen				Student (enten Hilmar (1846–1889), Student 1864, senere Departementschef i Ministeriet for Island, eller Thorvald (1843–?), Student 1862, cand. phil. 1864, 1866 udvandret til Amerika).
stierneld	matchet_person_men_beskrivelse_afviger	PerXI08109	Stierneld	Emilia Aurora, Friherreinde	1831	1916	Datter af Gustaf S., g. 1856 m. Iste Hofstaldmester A.E.V.E. U.von Platen.	III:336	Stierneld	Emilia Aurora, Friherreinde	1831	1916	Datter af Gustaf S., g. 1856 m. 1ste Hofstaldmester A.E.V.E. U.von Platen.
stierneld	kun_min	PerXI08110	Stierneld	Gustaf, Friherre	1791	1868	svensk Udenrigsminister 1838-42 og 1848-56.	III:307;III:308					
stjernstrom	kun_min	PerXI08120	Stjernstrom	Edvard	1816	1877	svensk Skuespiller og Teaterdirektør.	IX:117;IX:118;IX:119;IX:120;IX:121;IX:122					
stjernstrom	kun_min	PerXI08122	Stjernstrom	Louise Elisabet, f. Granberg	1827	1907	svensk Forfatterinde, Søster til Johanna Charlotta S., g.1861 m. Edvard S.	IX:117;IX:118;IX:119;IX:120;IX:121;IX:122					
storch	kun_min	PerXI08148	Storch	Edvard	1787	1852	Postmester i Nyborg, kar. Kaptajn.	IV:43;IV:44					
struve	kun_min	PerXI08181	Struve	Ernst August	1817	1875	Kollaborator ved den lærde Skole i Kiel.	VI:269;VI:270					
suhm	kun_min	PerXI08207	Suhm	P. F.	1728	1798	Historiker.	X:260					
sverrig	kun_min	PerXI08237	Sverrig	Cecilia, Prinsesse af —	1540	1627	Datter af Gustav I Vasa af S., g.1564 m. Markgreve Christopher af Baden.	III:359;III:360					
sverrig	matchet_person_men_beskrivelse_afviger	PerXI08238	Sverrig	Christina, Dronning af —	1626	1689	Datter af Gustaf II Adolf af S., Dronning 1632-54.	I:249;II:19;II:103;II:326;III:319	Sverrig	Christina, Dronning af –	1626	1689	Datter af Gustaf II Adolf af S., Dronning 1632–1654.
sverrig	kun_min	PerXI08240	Sverrig				Erik den Hellige, Konge af — (død ca. 1160), sv. Helgen.	II:18;II:20;III:333					
sverrig	matchet_person_men_beskrivelse_afviger	PerXI08241	Sverrig	Erik XIV, Konge af —	1533	1577	Søn af Gustaf I Vasa af S., Konge 1560-68.	II:18;II:19;III:359;III:360	Sverrig	Erik XIV, Konge af –	1533	1577	Søn af Gustaf I Vasa af S., Konge 1560–1568.
sverrig	kun_min	PerXI08250	Sverrig				Inge den Yngre, Konge af — (død 1125), Konge ca. 1110.	II:11					
sverrig	matchet_person_men_beskrivelse_afviger	PerXI08266	Sverrig	Magnus Smek, Konge af —	1316	1374	Konge 1319-71.	III:360	Sverrig	Magnus Smek, Konge af –	1316	1374	Konge 1319–1371.
sverrig	kun_min	PerXI08268	Sverrig				Olof Skotkonung, Konge af — (død omkr. 1020).	II:26					
sverrig	kun_min	PerXI08271	Sverrig				Ragvald Knapfofde, Konge af — (ca.1130?).	II:11					
sverrig	matchet_person_men_beskrivelse_afviger	PerXI08274	Sverrig	Valdemar Birgerson, Konge af —	1240	1302	Søn af Birger Jarl, Konge 1250-75.	III:302	Sverrig	Valdemar Birgerson, Konge af –	1240	1302	Søn af Birger Jarl, Konge 1250–1275.
sverrig	kun_xlsx								Sverrig	Erik den Hellige, Konge af –		1160	sv. Helgen.
sverrig	kun_xlsx								Sverrig	Inge den Yngre, Konge af –		1125	Konge ca. 1110.
sverrig	kun_xlsx								Sverrig	Olof Skotkonung, Konge af –			
sverrig	kun_xlsx								Sverrig	Ragvald Knapfofde, Konge af –			
swane	kun_min	PerXI08276	Swane	Henrik	1851	1914	Søn af Jørgen S., senere Ejer af Katballegaard ved Viborg.	IV:360;IV:361;IV:362;IV:363					
sydow	kun_min	PerXI08284	Sydow	Axel von	1791	1857	svensk Oberst, fil.dr., Chef for Vej- og Vandbygningskorpset.	III:374;III:375					
syv	kun_min	PerXI08289	Syv	Peder	1631	1702	Sognepræst i Hellested, Sprogmand.	II:280;II:281					
szecses von temerin	kun_min	PerXI08295	Szécses von Temerin	Nicolaus, Greve	1782	1871	Overhofmester hos Erkehertuginde Sophie af Østrig, Geheimerat.	VIII:280;VIII:281					
sødring	kun_min	PerXI08302	Sødring	Christopher Hansen	1822	1881	Mineralvandsfabrikant.	X:413;X:414					
sødring	matchet_person_men_beskrivelse_afviger	PerXI08305	Sødring	Julie, f. Rosenkilde	1823	1894	Datter af C.N.Rosenkilde, Skuespillerinde ved Det kgl. Teater 1843-75, g. 1849 m. Fabrikant C.H.S.	VI:10;VI:18;VI:46;VI:47;VI:49;VI:108;VI:192;VI:194;VI:195;VI:196;VI:201;VI:208;VI:215;VII:210;VIII:23;VIII:44;VIII:142;VIII:144;VIII:161;VIII:162;VIII:348;VIII:360;VIII:361;VIII:425;IX:34;IX:377;X:80;X:121;X:229;X:234;X:362;X:368;X:383;X:413	Sødring	Julie, f. Rosenkilde	1823	1894	Datter af C.N.Rosenkilde, Skuespillerinde ved Det kgl. Teater 1843–1875, g. 1849 m. Fabrikant C.H.S.
sødring	kun_min	PerXI08307	Sødring	Meta Margaretha Christine	1839		Datter af Købmand Hans S., Aalborg 1859.	IV:350;IV:358					
sødring	matchet_person_men_beskrivelse_afviger	PerXI08308	Sødring	Rose	1850	1927	Datter af C.H.S., g.1872 m. J.S.Dorph-Petersen.	VIII:27;VIII:144;IX:167;IX:328	Sødring	Rose	1850	1927	Datter af C.H.S., g. 1872 m. J.S.Dorph-Petersen.
sødring	kun_xlsx								Sødring	Meta Margaretha Christine	1839		Datter af Købmand Hans S., Aalborg 1859.
tamm	kun_min	PerXI08333	Tamm	Per Adolf, Friherre	1774	1856	Brukspatron, Elfkarleos Jernbruk, Ôsterby Bruk.	III:330;III:331					
tang	matchet_person_men_beskrivelse_afviger	PerXI08335	Tang	A. E. M.	1803	1868	Sønnesøn af Peder T. (1737-1826), Godsejer og Politiker, Besidder af Nørre Vosborg, Landstingsmand 1850-66, Etatsraad.	IV:324;IV:328;IV:329;IV:330;IV:331;IV:332;IV:333;IV:334;IV:335;IV:336;IV:337;IV:338;IV:339;IV:340;IV:341;IV:342;IV:344;IV:347;IV:363;IV:385;IV:400;V:88;VI:153;VI:287	Tang	A. E. M.	1803	1868	Sønnesøn af Peder T. (1737–1826), Godsejer og Politiker, Besidder af Nørre Vosborg, Landstingsmand 1850–1866, Etatsraad.
tang	kun_min	PerXI08337	Tang	Christen Noe	1801	1886	Broder til A.E.M.T., Justitiarius i Overretten i Viborg, Justitsraad, Konferensraad 1868.	IV:363;IV:364					
tang	matchet_person_men_beskrivelse_afviger	PerXI08338	Tang	Jeppe	1828	1904	Forstander for Blaagaards Seminarium, Folketingsmand 1877-92, Justitsraad 1898.	IX:329	Tang	Jeppe	1828	1904	Forstander for Blaagaards Seminarium, Folketingsmand 1877–1892, Justitsraad 1898.
tang	matchet_person_men_beskrivelse_afviger	PerXI08344	Tang	Peder	1797	1876	Broder til A.E.M.T., Sognepræst i Velling 1841- 52, Afsked p.Gr.af Svagelighed, boede derefter paa Nørre Vosborg.	IV:329;IV:330;IV:331;IV:332;IV:337;IV:339	Tang	Peder	1797	1876	Broder til A.E.M.T., Sognepræst i Velling 1841–1852, Afsked p.Gr.af Svagelighed, boede derefter på Nørre Vosborg.
tarnow	kun_min	PerXI08351	Tarnow	Fanny	1779	1862	tysk Forfatterinde.	III:62;III:63;IV:63;IV:64					
tauber	kun_min	PerXI08356	Tauber	Erich Giørup	1782	1854	Direktor for Sorø Akademi 1822-30, Etatsraad 1831.	I:45;I:46					
taylor	kun_min	PerXI08361	Taylor				engelsk Læge (død af Kolera 1849), Ven af Richard Bentley.	III:221;III:222;III:223;III:227;III:228;III:229;III:235					
taylor	kun_min	PerXI08362	Taylor				Miss, Søster til Lægen T., London 14.7.1847.	III:227					
taylor	matchet_person_men_beskrivelse_afviger	PerXI08364	Taylor				Emilie, Datter af engelsk Konsul Bridges T., Helsingør.	VIII:239	Taylor	Emilie			Datter af engelsk Konsul Bridges T., Helsingør.
taylor	kun_min	PerXI08366	Taylor	Meta	1818	1885	engelsk Oversætterinde, bl.a. af »Billedbog uden Billeder«, Forfatter af religiøse Børnebøger, gift med Lægen T.	III:226;III:227					
taylor	kun_xlsx								Taylor				Engelsk Læge (død af Kolera 1849), Ven af Richard Bentley.
thaulow	kun_min	PerXI08399	Thaulow	Gustav Ferdinand	1817	1883	dr.phil., Privatdocent ved Universitetet i Kiel, 1846 Professor i Filosofi sst.	II:379;II:380					
therese	kun_min	PerXI08408	Therese	se: Bacharacht, Therese von. Theresia (Santa Teresa de Jesus)	1515	1582	spansk Helgeninde.	II:149					
thierry	kun_min	PerXI08418	Thierry	Edouard	1813	1894	fransk Forfatter, Direktør for Théâtre-Français i Paris.	V:362;V:363					
thomsen	kun_min	PerXI08425	Thomsen				Paris 6.4.1866.	VII:76					
thomsen	matchet_person_men_beskrivelse_afviger	PerXI08426	Thomsen				Bolette, f. Nielsen, g.m. Klokker ved Vartov Kirke Lars T.	VI:221	Thomsen	Bolette, f. Nielsen			g.m. Klokker ved Vartov Kirke Lars T.
thomsen	kun_min	PerXI08428	Thomsen	Edvard	1822	1881	tidligere Lærer ved Rødding Folkehøjskole, 1856-64 Vejkonduktør for Hertugdømmet Slesvig i Flensborg.	V:378;V:379					
thomsen	kun_min	PerXI08429	Thomsen	F. W.	1839		Søn af Bolette T., Boghandler 1863-65, Udgiver af »Tilskueren« 1865, 1884-92 Forpagter af Hotel d'Angleterre.	VI:221					
thomsen	matchet_person_men_beskrivelse_afviger	PerXI08431	Thomsen	Grimur	1820	1896	Magister (dr.phil.) 1845, studerede i London 1847, 1848 ansat i Departementet for udenlandske Sager og Kancellist i Udenrigsministeriets Bureau, 1856 Fuldmægtig, senere Departementssekretær, Legationsraad, Afsked 1866, Landbruger og Politiker paa Island, islandsk Digter.	III:208;III:213;III:214;III:215;III:219;III:234;III:237;III:262;III:281;III:284;III:288;IV:23;V:16	Thomsen	Grimur	1820	1896	Magister (dr.phil.) 1845, studerede i London 1847, 1848 ansat i Departementet for udenlandske Sager og Kancellist i Udenrigsministeriets Bureau, 1856 Fuldmægtig, senere Departementssekretær, Legationsraad, Afsked 1866, Landbruger og Politiker på Island, islandsk Digter.
thomsen	matchet_person_men_beskrivelse_afviger	PerXI08435	Thomsen	Ove	1801	1862	Medredaktør af »Dagen« 1827-34, derefter Redaktør af Hempels Avis i Odense og 1836- 47 Udgiver af »Fyns Stifts Avis«, 1849 Postmester i Assens, Politiker.	I:36;I:119;II:269;II:296;II:300;II:302;III:8;III:9;V:157	Thomsen	Ove	1801	1862	Medredaktør af »Dagen« 1827–1834, derefter Redaktør af Hempels Avis i Odense og 1836–1847 Udgiver af »Fyns Stifts Avis«, 1849 Postmester i Assens, Politiker.
thomsen	matchet_person_men_beskrivelse_afviger	PerXI08436	Thomsen	Rosalinde (Magda von Dolcke)	1837	1926	Skuespillerinde ved Det kgl. Teater 1859-63, derefter i Tyskland, g.1886 m. Fabrikant Bosse.	IV:469;VI:334;VIII:4;VIII:5;VIII:16;VIII:17;IX:204	Thomsen	Rosalinde (Magda von Dolcke)	1837	1926	Skuespillerinde ved Det kgl. Teater 1859–1863, derefter i Tyskland, g. 1886 m. Fabrikant Bosse.
thomsen	matchet_person_men_beskrivelse_afviger	PerXI08437	Thomsen	Vilhelm	1842	1927	Sprogforsker, dr.phil. 1869, Studierejse i Udlandet 1869-70, Docent ved Københavns Universitet 1871, Professor 1887- 1913.	VIII:286	Thomsen	Vilhelm	1842	1927	Sprogforsker, dr.phil. 1869, Studierejse i Udlandet 1869–1870, Docent ved Københavns Universitet 1871, Professor 1887–1913.
thomsen	kun_xlsx								Thomsen				Paris 6.4.1866.
thomsen	kun_xlsx								Thomsen	F. W.	1839		Søn af Bolette T., Boghandler 1863–1865, Udgiver af »Tilskueren« 1865, 1884–1892 Forpagter af Hotel d’Angleterre.
thulstrup	kun_min	PerXI08466	Thulstrup				Jernbanepassager Altona- Rendsbory 27.8.1851.	IV:70					
thulstrup	kun_min	PerXI08467	Thulstrup	Magnus Christian	1808	1873	Premierløjtnant i Søetaten, 1842-43 Næstkommanderende i Skonnerten Elben, Vagskib ved Altona, senere kar. Kommandør.	II:308;II:309					
thulstrup	kun_xlsx								Thulstrup				Jernbanepassager Altona-Rendsborg 27.8.1851.
thun-hohenstein	kun_min	PerXI08470	Thun-Hohenstein	Franzisca von, Grevinde, f. Grevinde v. T.-H.	1796	1883	Datter af Anton v. T.-H., g.1816 m. Joseph Mathias v. T.-H.	III:69;III:70					
tidemand	kun_min	PerXI08490	Tidemand	Emil	1812	1865	Broder til Adolph T., norsk Kunstkritiker.	V:376;V:377					
tobiesen	kun_min	PerXI08517	Tobiesen	Frederik (Fritz)	1829	1908	Auditør, 1863 kar. Overauditør, 1864 Byfoged og Byskriver i Præstø, 1872 Departementsdirektør i Indenrigsministeriet, 1874 Generaldirektør for Postog Telegrafvæsenet samt for Statsbanedriften, 1874-75 Indenrigsminister, Kammerherre 1875.	IV:344;VI:105;VI:258;X:285					
tobiesen	kun_xlsx								Tobiesen	Frederik			(Fritz J (1829–1908), Auditør, 1863 kar. Overauditør, 1864 Byfoged og Byskriver i Præstø, 1872 Departementsdirektør i Indenrigsministeriet, 1874 Generaldirektør for Post- og Telegrafvæsenet samt for Statsbanedriften, 1874–1875 Indenrigsminister, Kammerherre 1875.
toll	kun_min	PerXI08525	Toll	Johan Christoffer von	1816	1887	Underløjtnant ved Södra skånska Infanteriregiment 1835-41, senere dr. phil., Sognepræst, Statsrevisor m.m., Friherre 1865.	II:9;II:10					
tollin	kun_min	PerXI08526	Tollin	Israel	1803	1866	fil.mag., Huslærer paa Skabersjö, senere Sognepræst i Skabersjö Pastorat, Skaane, svensk Digter.	II:38;II:39					
tourte	kun_min	PerXI08553	Tourte	Marie-Isaline, f. Cherbuliez	1793	1863	schweizisk Forfatterinde, Søster til Joël Cherbuliez.	IV:430;IV:431					
trampe	kun_min	PerXI08563	Trampe	Greve, Fredericia 1849, se: Tronier, C. F. Trane, Carl Christian	1823	1849	Sekondløjtnant, faldet ved Kolding 23.4. 1849.	III:345					
treibien	kun_min	PerXI08576	Treibien	vist: Dreibein, se denne. Trémolières, Pierre	1703	1739	fransk Maler.	I:304					
ungarn	kun_min	PerXI08683	Ungarn				Geisa (Geza) I, Konge af — (død 1077), Konge 1074.	II:239;II:240					
ungarn	kun_min	PerXI08684	Ungarn	Ladislaus I (den Hellige), Konge af —	1040	1095	Konge 1077.	II:239;II:240					
ungarn	matchet_person_men_beskrivelse_afviger	PerXI08687	Ungarn	Stefan den Hellige, Konge af —	969	1038	Søn af Hertug Geisa af U., Konge 1001. II 236 242. Unger (Ungher), Caroline (1803-77), ungarsk Operasangerinde, g.1840 Savatier.	II:250	Ungarn	Stefan den Hellige, Konge af –	969	1038	Søn af Hertug Geisa af U., Konge 1001.
valdemar	kun_min	PerXI08702	Valdemar	se: Drewsen, Valdemar. Valdemar (Knudsen)	1158	1236	Søn af Kong Knud (III) Magnussen, Biskop af Slesvig 1179.	VIII:205					
volterra	kun_min	PerXI08823	Volterra	Daniele da	1509	1566	italiensk Maler.	II:111					
wachtmeister	matchet_person_men_beskrivelse_afviger	PerXI08842	Wachtmeister	Carl, Greve	1823	1871	svensk Diplomat, 1843 Attaché ved Gesandtskabet i Berlin, 1845 i Briissel, Gesandt i København 1858-61 og 1865 -68, svensk Udenrigsminister 1868-71.	III:29	Wachtmeister	Carl, Greve	1823	1871	Svensk Diplomat, 1843 Attaché ved Gesandtskabet i Berlin, 1845 i Brüssel, Gesandt i København 1858–1861 og 1865–1868, svensk Udenrigsminister 1868–1871.
wachtmeister	kun_min	PerXI08843	Wachtmeister	Hans, Greve	1828	1905	Søn af Agathe W., fil.dr., senere Landshøvding i Blekinge.	III:305;III:306					
wagener	kun_min	PerXI08846	Wagener				Frøken, Guvernante hos Prinsesse Thyra.	VIII:64					
wagener	kun_min	PerXI08847	Wagener	Auguste	1829	1896	Professor i klassisk Filologi i Gent, belgisk Politiker.	VIII:64;VIII:65					
wagener	kun_xlsx								Wagener				Frøken, Guvernante hos Prinsesse Thyra.
wahlberg	kun_min	PerXI08839	Wåhlberg	Frøken de, Søster til Fru Malin von Beskov (enten Catharina Elisabet	1789	1879	eller Hedvig Charlotta (1798-1875)).	III:337;III:339;III:340;III:341;VI:299					
wahlberg	kun_xlsx								Wåhlberg	Frøken de			Søster til Fru Malin von Beskov (enten Catharina Elisabet (1789–1879) eller Hedvig Charlotta (1798–1875)).
wain	kun_min	PerXI08856	Wain				Ellen (død 1876, 25 Aar gl.), Datter af William W.	VIII:82;VIII:83					
wain	matchet_person_men_beskrivelse_afviger	PerXI08857	Wain	Laura Christiane Margrethe, f. Visby	1830	1910	Datter af C. H. Visby, g.1863 m. William W. (1819- 82).	X:323	Wain	Laura Christiane Margrethe, f. Visby	1830	1910	Datter af C. H. Visby, g.1863 m. William W. (1819–1882).
wain	kun_min	PerXI08858	Wain	William	1819	1882	Ingeniør, Maskinfabrikant, Underdirektør ved Orlogsværftet 1862-68, fra 1865 Medindehaver af Firmaet Burmeister & Wain, Etatsraad 1871.	X:323;X:324					
wain	kun_min	PerXI08859	Wain	William Thomas	1846	1870	Søn af William W., Civilingeniør.	VIII:82;VIII:83					
wallgren	kun_min	PerXI08874	Wallgren	Otto Henrik	1795	1857	svensk Historiemaler.	I:305;I:306					
warberg	matchet_person_men_beskrivelse_afviger	PerXI08897	Warberg				Frøken, Datter af K.G.W., Trollhättan August 1849.	III:375;III:378	Warberg	Frøken			Datter af K.G.W., Trollhättan August 1849.
warberg	kun_min	PerXI08898	Warberg	C., Fører af Dampskibet Götheborg, Göta Kanal 1849. III 375. Warberg (Vahrberg), Casten Adolf	1785	1868	svensk fhv. Oberstløjtnant, Direktør ved Göta Kanal.	III:374;III:375;III:377;III:378;III:394					
warberg	kun_min	PerXI08900	Warberg	Marie, f. Friedenreich	1784		g.1843 m. C.A.W.	III:300;III:375					
warberg	kun_xlsx								Warberg	C.			Fører af Dampskibet Götheborg, Göta Kanal 1849.
warberg	kun_xlsx								Warberg	Marie, f. Friedenreich	1784		g. 1843 m. C.A.W.
warburg	kun_min	PerXI08911	Warburg	Moritz	1810	1886	Broder til John W., Advokat og Notar i Altona, 1875 Justizrat.	VIII:89;VIII:90;VIII:91					
warburg	kun_min	PerXI08913	Warburg	Pinches (Pius)	1816	1900	Broder til John W., Medindehaver af Bankierfirmaet W. S. Warburg i Altona.	VIII:89;VIII:90;VIII:91;VIII:92;VIII:93					
warnstedt	kun_min	PerXI08925	Warnstedt	Gustaf Henrik Viktor von	1821	1892	Underløjtnant ved Wäne Kompagni, Västgöta-Dals Regiment, 1848 2. Løjtnant, 1860 Kaptajn.	III:287;III:288					
wettering	kun_min	PerXI09022	Wettering	Joh. Karl Ludwig von der, Wichmann, Ludwig	1788	1859	tysk Billedhugger.	III:313					
wettering	kun_xlsx								Wettering	Joh. Karl Ludwig von der			Kirchspielvogt in der Crempes Marsch.
wiesenfeld	kun_min	PerXI09050	Wiesenfeld	Carl	1802	1870	Arkitekt, 1828-64 Professor i Bygningsteknik ved Prags polytekniske Institut.	III:69;III:70					
wingard	kun_min	PerXI09101	Wingård	Carl Fredrik af	1781	1851	Ærkebiskop i Uppsala 1839.	III:315;III:316;III:317;III:319;III:320					
winkel horn	kun_min	PerXI09102	Winkel Horn	Fr.	1845	1898	cand.mag. i nordisk Oldtidsvidenskab, Anmelder ved »Fædrelandet«, Litteraturhistoriker.	VIII:439;VIII:440					
winther	matchet_person_men_beskrivelse_afviger	PerXI09113	Winther	Christian Ancker	1816	1898	Sognepræst i Slotsbjergby og Sludstrup 1855-89.	III:185;VI:251	Winther	Christian Ancker	1816	1898	Sognepræst i Slotsbjergby og Sludstrup 1855–1889.
winther	kun_min	PerXI09114	Winther	Chr. M.	1817	1890	Overretsprokurator.	VII:317;VII:318					
winther	matchet_person_men_beskrivelse_afviger	PerXI09118	Winther	Laurentius Robert	1811	1877	Broder til C.A.W., Godslæge paa Glorup 1840, Læge i Slagelse 1871.	II:269;II:286;II:289;II:291;III:2;III:3;III:4;III:182;III:183;III:184;III:185;III:186;III:187;III:279;III:282;III:285;III:286;III:288;III:290;III:384;III:385;III:404;III:410;III:414;III:415;III:416;III:417;III:419;III:421;IV:29;IV:30;IV:31;IV:32;IV:33;IV:36;IV:37;IV:39;IV:40;IV:41;IV:42;IV:193;IV:233;V:399;V:400;V:401;V:402;VI:251;VI:252;VI:253;VII:325;VII:326;VII:327;VIII:262;X:180	Winther	Laurentius Robert	1811	1877	Broder til C.A.W., Godslæge på Glorup 1840, Læge i Slagelse 1871.
winther	matchet_person_men_beskrivelse_afviger	PerXI09119	Winther	Marie Louise, f. Bentzen	1818	1849	g.1843 m. L.R.W. III 2 187 288 290. — Se ogsaa: Bentzen, Marie Louise. Winther, Petrine, f. Steffensen (1850- 1930), Datter af Fisker Steffen Olsen, Taarbæk, g.1873 m. Georg W.	X:180	Winther	Marie Louise, f. Bentzen	1818	1849	g.1843 m. L.R.W.
winther	matchet_person_men_beskrivelse_afviger	PerXI09121	Winther	Thor	1846	1870	Søn af L.R. W,. Student 1865, cand.phil. 1866, død som Landvæsenselev paa Ødis Bramdrup.	III:414;IV:34	Winther	Thor	1846	1870	Søn af L.R. W., Student 1865, cand. phil. 1866, død som Landvæsenselev på Ødis Bramdrup.
winther	kun_xlsx								Winther	Petrine, f. Steffensen	1850	1930	Datter af Fisker Steffen Olsen, Taarbæk, g. 1873 m. Georg W.
wohler	kun_min	PerXI09211	Wohler	Friedrich	1800	1882	Professor i Kemi ved Universitetet i Gottingen, Direktor for det kemiske Institut, Aluminiumets Opdager.	V:206;V:207					
wolsey	kun_min	PerXI09166	Wolsey	Thomas	1474	1530	engelsk Kardinal, Lordkansler.	III:227;III:228					
wrangel von brehmer	kun_min	PerXI09180	Wrangel von Brehmer	Augusta Petronella, Friherreinde, f. Wollmar	1812	1873	g.1835 m. C.G.W.v.B.	II:34;II:35;II:36;II:37;II:38;II:39					
x kongslev	kun_min	PerXI04584	X Kongslev	Laura	1803	1880	Frøken.	VII:374;VIII:431;IX:34;IX:221					
young	kun_min	PerXI09219	Young	Mary, g.m. David Livingstones Ven James Young of Kelly, Kemiker og Paraffin-Fabrikant. VIII 400. Uxkull (Uexkull), Berend (Boris), Friherre	1793	1870	russisk Ritmester. IV 66. VIII 319. Uxkull (Uexkull), Clara, Friherreinde, f. Walter (1823-1909), g.1843 m. Boris v.U. IV 66. VIII 319. Z. Z (uidentificeret), Slagelse 1825-26.	I:12;I:54					
young	kun_xlsx								Young	Mary			g.m. David Livingstones Ven James Young of Kelly, Kemiker og Paraffin-Fabrikant.
zeltner	kun_min	PerXI09241	Zeltner	Theodor	1822	1904	Slotsforvalter ved Christiansborg, Arkitekt, Kammerraad. V 446-47. Zemlen (Zelmen), Napoli 1846, J.A. Josephsons Rejsefælle.	III:109;III:115;III:116;III:117;III:118;III:120;III:121;III:122;III:126;III:127					
østergaard	kun_min	PerXI09324	Østergaard	Christen Christensen	1804	1883	tidligere Missionær i Upernavik, Student 1828, 1841 Sognepræst i Sønder Felding-Assing, 1850-77 i Husby og Sønder Nissum.	IV:332;IV:333					
