entity_id,label,beskrivelse,nationalitet,S1_fornavn,S1_grundlag,S2_kaskade,S2_grundlag,S3_lr,S3_p_kvinde_rå,S3_p_kvinde,S3_konf,har_evidens,anbefalet,anbefalet_kilde
Reg0030000,Åberg,"Svensk rejsende, Italien 1834.",svensk,,,,,M,0.7554,0.4934,0.5066,True,,
Reg0030010,Aaberg,Tigger.,,,,,,K,0.8457,0.6335,0.6335,True,,
Reg0030030,Aagaard,»ude fra Kalundborg-Kanten(?)« (19.5.1872),,,,,,K,0.9244,0.7941,0.7941,True,,
Reg0030040,"Aagaard, C.F. (1833–1895)","Landskabsmaler, tit. Professor 1892.",,,,,,M,0.0128,0.0041,0.9959,True,M,S3
Reg0030070,"Aagesen, Andreas (1826–1879)","Kancellist i Justitsministeriet, 1855 lektor og 1856 professor i retsvidenskab ved Københavns Universitet.",,M,fornavn »Andreas« 3/3,M,fornavn »Andreas« 3/3,M,0.003,0.001,0.999,True,M,S2
Reg0030160,"Abad, Leandro",Hotelvært i Toledo.,,,,,,M,0.0192,0.0061,0.9939,True,M,S3
Reg0030190,Abd-el-Kader (1807–1883),"Emir af Maskara, algiersk Frihedskæmper.",,,,,,K,0.7952,0.5504,0.5504,True,,
Reg0030200,Abel,Breitenburg 4.11.1840.,,,,,,K,0.8445,0.6312,0.6312,True,,
Reg0030220,Abencerragerne,Fornem maurisk Slægt i Granadas sidste Tid.,,,,,,K,0.8349,0.6145,0.6145,True,,
Reg0030250,Abner,"Tysk Komponist, Stuttgart 30.9.1860.",tysk,,,,,M,0.1807,0.065,0.935,True,,
Reg0030280,"Abrahams, N.C.L. (1798–1870)","Professor ved Københavns Universitet i Fransk 1832, tillige i Tysk 1839, Notarius publicus 1852, Etatsraad 1853, Konferensraad 1869.",,,,,,M,0.0014,0.0005,0.9995,True,M,S3
Reg0030310,"Abrahamson, Arnold (1830–1910)","Søstersøn af M.G.Melchior, Grosserer i London.",,,,,,M,0.0181,0.0058,0.9942,True,M,S3
Reg0030340,Absalon (ca. 1128–1201),"Ærkebiskop, Statsmand.",,,,,,M,0.0952,0.0321,0.9679,True,,
Reg0030360,"Achard, Léon (1831–1905)",Fransk Operasanger.,fransk,,,,,M,0.0222,0.0071,0.9929,True,M,S3
Reg0030370,"Achard, Louis-Amédée-Eugène (1814–1875)",Fransk Forfatter.,fransk,,,M,erhverv »forfatter« 96/98,K,0.9092,0.7594,0.7594,True,M,S2
Reg0030380,"Achenbach, Andreas (1815–1910)","Tysk Landskabsmaler, Düsseldorf.",tysk,M,fornavn »Andreas« 3/3,M,fornavn »Andreas« 3/3,M,0.003,0.001,0.999,True,M,S2
Reg0030410,"Ackermann, Constantin Adolph Ludwig (1799–1877)","Hofpræst, Meiningen.",,M,fornavn »Constantin« 3/3,M,fornavn »Constantin« 3/3,M,0.0128,0.0041,0.9959,True,M,S2
Reg0030420,"Adam, Adolphe (1803–1856)",Fransk Operakomponist.,fransk,,,,,M,0.0346,0.0112,0.9888,True,M,S3
Reg0030430,"Adam, Albrecht (1786–1862)",Tysk Historiemaler.,tysk,,,,,M,0.0268,0.0086,0.9914,True,M,S3
Reg0030440,Adam Marko,Valakisk Bondedreng.,valakisk,,,,,K,0.7947,0.5496,0.5496,True,,
Reg0030450,"Adama van Scheltema, Carel Steven (1815–1897)","Præst i Amsterdam, religiøs Digter.",,,,,,M,0.0,0.0,1.0,True,M,S3
Reg0030480,Adelgunde,Ønsker Stævnemøde med H.C. Andersen.,,,,,,K,0.8261,0.5997,0.5997,True,,
Reg0030500,Aderhas,"Russisk Rejsende, Konstantinopel 1841.",russisk,,,,,M,0.712,0.438,0.562,True,,
Reg0030540,"Adler, D. B. (1826–1878)","Grosserer, Bankier, Folketingsmand 1864–1869, Landstingsmand 1874–1878.",,,,,,M,0.0,0.0,1.0,True,M,S3
Reg0030560,"Adler, I. B. (1817–1880)",Læge.,,,,,,M,0.131,0.0454,0.9546,True,,
Reg0030600,"Adolph, Frantz Th. (1844–1907)","Grosserer i København, Etatsraad 1899.",,,,,,M,0.0,0.0,1.0,True,M,S3
Reg0030620,"Afzelius, Arvid August (1785–1871)","Svensk Præst, Digter og Videnskabsmand, Folkevise-Udgiver.",svensk,,,,,M,0.003,0.001,0.999,True,M,S3
Reg0030670,"Agerskov, A. J. H. (1811–1872)","Premierløjtnant i Søetaten, 1847 Næstkommanderende i Vagtskibet Elben ved Altona, senere Udskrivningschef og kar.Kommandør.",,,,M,erhverv »premierløjtnant« 39/39,M,0.0135,0.0043,0.9957,True,M,S2
Reg0030710,"Agnello (eller: Agnelli), Salvatore (1817–1874)",Italiensk Operakomponist.,italiensk,,,,,K,0.8722,0.6827,0.6827,True,,
Reg0030730,Agrela,Bankier i Granada.,,,,,,M,0.0192,0.0061,0.9939,True,M,S3
Reg0030750,"Ahlefeldt, Nizza",November 1869.,,,,,,K,0.8228,0.5942,0.5942,True,,
Reg0031000,"Ahlgrensson, Fritz (1838–1902)",Svensk Teatermaler.,svensk,M,fornavn »Fritz« 6/6,M,fornavn »Fritz« 6/6,M,0.0269,0.0086,0.9914,True,M,S2
Reg0031040,"Ahrenberg, C. W. (1807–1880)","fil.mag., senere Rektor i Viborg, Finland.",,,,,,M,0.246,0.0933,0.9067,True,,
Reg0031050,Ahrens (Arenz),"Portugiser, Setübal.",,,,,,M,0.3733,0.1581,0.8419,True,,
Reg0031080,Aischylos (525–456 f. Chr.),græsk Tragediedigter.,græsk,,,,,K,0.9057,0.7518,0.7518,True,,
Reg0031090,Aken(?),Athen 6.4.1841.,,,,,,M,0.5722,0.2966,0.7034,True,,
Reg0031100,"Alayrac, Nicolas d’ (1753–1809)",Fransk Operakomponist.,fransk,,,,,M,0.2266,0.0846,0.9154,True,,
Reg0031110,"Albani, Francesco (1578–1660)",Italiensk Maler.,italiensk,M,fornavn »Francesco« 3/3,M,fornavn »Francesco« 3/3,M,0.0202,0.0065,0.9935,True,M,S2
Reg0031200,"Alberto, antigo Caballero",Granada 21.10.1862.,,,,,,M,0.2406,0.0908,0.9092,True,,
Reg0031240,"Albuquerque, Luiz de Almeida e (1816–?)","Redaktør i Lissabon af »Lusitani«, »Paris« og »Journal de Comercio«.",,,,,,M,0.3112,0.1247,0.8753,True,,
Reg0031270,"Aldridge, Ira (ca. 1805–67)",Amerikansk negerskuespiller.,amerikansk,,,,,K,0.9977,0.9928,0.9928,True,,
Reg0031280,Alexander den Store (356–23 f.Chr.),makedonisk Konge.,makedonisk,,,M,titel »konge« i beskrivelsen,M,0.3714,0.157,0.843,True,M,S2
Reg0031290,Alexander III (død 1181),Pave 1159.,,,,M,titel »pave« i beskrivelsen,M,0.1227,0.0422,0.9578,True,M,S2
Reg0031300,Alexander VII (1599–1667),Pave 1655.,,,,M,titel »pave« i beskrivelsen,M,0.1733,0.062,0.938,True,M,S2
Reg0031330,"Alfieri, Vittorio (1749–1803)",Italiensk Digter.,italiensk,,,M,erhverv »digter« 100/101,M,0.0756,0.0251,0.9749,True,M,S2
Reg0031340,Alfonso,Fiskerdreng fra Salerno.,,,,,,K,0.9182,0.7797,0.7797,True,,
Reg0031360,Ali Pasha (1741–1822),Pasha af Janina.,,,,,,K,0.8071,0.5688,0.5688,True,,
Reg0031370,"Ali, Muhamed Emin, Effendi, senere Pasha (1815–1871)","1840–41 Undersekretær i det tyrkiske Udenrigsministerium, 1841 Gesandt i London, senere Udenrigsminister og Storvezir.",,,,,,M,0.0,0.0,1.0,True,M,S3
Reg0031380,"Alizard, Adolphe-Joseph-Louis (1814–1850)",Fransk Operasanger.,fransk,,,,,M,0.0402,0.013,0.987,True,M,S3
Reg0031390,Alkibiades (ca. 450–404 f.Chr.),Atheniensisk Politiker og Feltherre.,atheniensisk,,,,,M,0.003,0.001,0.999,True,M,S3
Reg0031400,"Allen, C. F. (1811–1871)","Historiker, 1851 Docent, 1862 Professor ved Københavns Universitet.",,,,,,M,0.0192,0.0061,0.9939,True,M,S3
Reg0031440,"Allori, Christofano (1577–1621)",Italiensk Maler.,italiensk,,,M,erhverv »maler« 78/78,M,0.0423,0.0137,0.9863,True,M,S2
Reg0031460,"Almeida, Paulo Martins de, (d. 1874)","portugisisk Visconde, Lissabon og Cintra 1866.",portugisisk,,,,,M,0.3331,0.1361,0.8639,True,,
Reg0031480,"Almlöf, Nils Vilhelm (1799–1875)",Skuespiller ved Det kgl. Teater i Stockholm.,,M,fornavn »Nils« 4/4,M,fornavn »Nils« 4/4,M,0.0128,0.0041,0.9959,True,M,S2
Reg0031490,"Almqvist, G. J. L. (1793–1866)",Svensk Digter.,svensk,,,M,erhverv »digter« 100/101,M,0.0618,0.0203,0.9797,True,M,S2
Reg0031550,"Amberg, H. C. (1837–1919)",Arkitekt.,,,,,,M,0.1253,0.0432,0.9568,True,,
Reg0031590,"Ambrosi, Ferdinando (1846–1891)","Italiensk Operasanger, ved Stockholms-Operaen 1868–1872.",italiensk,,,,,M,0.0957,0.0323,0.9677,True,,
Reg0031600,"Amé, Georges (1831–1891)","Fransk Botaniker og Mykolog, ansat ved la Compagnie des Ghemins de fer du Midi, Bordeaux 1866.",fransk,,,,,M,0.1687,0.0601,0.9399,True,,
Reg0031610,Amé’s Broder,Bordeaux 1866.,,,,,,K,0.9023,0.7443,0.7443,True,,
Reg0031620,Amé’s Far (død 1867),Bordeaux 1866.,,,,,,K,0.8969,0.7327,0.7327,True,,
Reg0031670,Amiot,Bordeaux 23.8.1866.,,,,,,K,0.8767,0.6916,0.6916,True,,
Reg0031680,"Amorim, Gomes de (1827–1892)",portugisisk Skuespilforfatter.,portugisisk,,,,,M,0.0803,0.0268,0.9732,True,,
Reg0031700,Amundin,fra Vejle (tidligere Sømand) 26.4.1868.,,,,,,K,0.9244,0.7941,0.7941,True,,
Reg0031720,"Ancelot, François (1794–1854)",Fransk Forfatter.,fransk,M,fornavn »François« 3/3,M,fornavn »François« 3/3,M,0.0755,0.0251,0.9749,True,M,S2
Reg0031740,Ancker (Anker?),Sorø 20.5.1850.,,,,,,K,0.8135,0.579,0.579,True,,
Reg0031750,"Ancker, Anders (1801–1854)",Silke- og Klædehandler.,,M,fornavn »Anders« 3/3,M,fornavn »Anders« 3/3,M,0.4071,0.178,0.822,True,M,S2
Reg0031790,Andersen,"Fører af Postdampskibet Diana, Flensborg-Korsør.",,,,,,K,0.8396,0.6227,0.6227,True,,
Reg0031800,Andersen,"Ministerialbud, Udenrigsministeriet.",,,,,,K,0.8457,0.6335,0.6335,True,,
Reg0031900,"Andersen, Christopher Petersen (1785–1853)",Adjunkt i Slagelse.,,,,,,M,0.0059,0.0019,0.9981,True,M,S3
Reg0031940,"Andersen, F. (1824–1899)",Grosserer (Firma: Brødrene Andersen).,,,,,,M,0.0618,0.0203,0.9797,True,,
Reg0031990,"Andersen, Jannik (1774–1854)","Apoteker i Odense (Løve-Apoteket), Kancelliraad, senere Justitsraad.",,,,,,M,0.0,0.0,1.0,True,M,S3
Reg0032050,"Andersen, S. C. (1808–1899)","Bankier, dansk Generalkonsul i Christiania.",,,,,,M,0.0016,0.0005,0.9995,True,M,S3
Reg0032090,"Anderson, I. C.","Svensk Student fra Lund, København 2.11.1867.",svensk,,,M,erhverv »student« 41/41,M,0.2339,0.0878,0.9122,True,M,S2
Reg0032110,Andersson,"Fører af Dampskibet Wermeland, Gota Kanal 1849.",,,,,,M,0.7251,0.4541,0.5459,True,,
Reg0032120,Andersson,"Svensk Sømand, Amsterdam 1868.",svensk,,,,,M,0.7395,0.4723,0.5277,True,,
Reg0032140,Andrea,sværmer for H.C. Andersen.,,,,,,K,0.8071,0.5688,0.5688,True,,
Reg0032170,"Andreæ, Laurentius (1480–1552)",Svensk Kansler.,svensk,,,,,M,0.0146,0.0046,0.9954,True,M,S3
Reg0032180,"Andrié, Jean-François-Daniel (1792–1866)","Sognepræst i le Locle 1830–1843, i Berlin (l’Eglise du Refuge) fra 1843.",,,,M,erhverv »sognepræst« 47/47,M,0.0128,0.0041,0.9959,True,M,S2
Reg0032190,"Andræ, C. G. (1812–1893)",Politiker og Matematiker.,,,,,,M,0.0289,0.0093,0.9907,True,M,S3
Reg0032220,Ane,Pige hos Meislings i Slagelse.,,,,,,K,0.8349,0.6145,0.6145,True,,
Reg0032230,"Angelini, Giuseppe (1735–1811)",Italiensk Billedhugger.,italiensk,,,,,M,0.0664,0.0219,0.9781,True,,
Reg0032390,Anker (Ancker?),Sorø 20.5.1850.,,,,,,K,0.8396,0.6227,0.6227,True,,
Reg0032400,Anker,"Norsk Passager på Dampskibet Polhem, Gota-Kanalen 1849.",norsk,,,,,K,0.8845,0.7071,0.7071,True,,
Reg0032470,"Anker, Nils (1799–1862)","Sekretær i det svenske Udenrigskabinet, Kammerherre, 1850–1851 Legationsraad i København, 1860 svensk Hofmarskal.",,M,fornavn »Nils« 4/4,M,fornavn »Nils« 4/4,M,0.0,0.0,1.0,True,M,S2
Reg0032550,Ansgar (801–65),Nordens Apostel.,,,,,,K,0.7885,0.5403,0.5403,True,,
Reg0032560,"Antonelli, Giacomo (1806–1876)","Kardinal, pavelig Statssekretær.",,,,M,titel »kardinal« i beskrivelsen,K,0.7664,0.5084,0.5084,True,M,S2
Reg0032570,Antonio,Jæger på Breitenburg (9.2.1843).,,,,,,K,0.8071,0.5688,0.5688,True,,
Reg0032580,Antonio (1195–1231),portugisisk Helgen.,portugisisk,,,,,K,0.7885,0.5403,0.5403,True,,
Reg0032590,Antonio Maruz,"Armenisk Dreng, Passager på Dampskibet Argo, Donau 1841.",armenisk,,,,,M,0.4056,0.1771,0.8229,True,,
Reg0032620,Apollonio Greco (13. århundrede),græsk (?) Kunstner i Italien.,græsk,,,,,M,0.205,0.0752,0.9248,True,,
Reg0032630,"Arago, Dominique François (1786–1853)","Fransk Fysiker, Astronom og Politiker.",fransk,,,,,M,0.1444,0.0505,0.9495,True,,
Reg0032680,"Arens, Thomas Heinrich (1817–1850)","Redaktør af Weser Zeitung, Bremen.",,,,,,M,0.0213,0.0068,0.9932,True,M,S3
Reg0032710,"Arensbach, P. M. (1734–1811)",Sognepræst i Tanderup 1768.,,,,M,erhverv »sognepræst« 47/47,M,0.0952,0.0321,0.9679,True,M,S2
Reg0032730,"Arentz, dr.","Rendsborg 1860 (Navnet måske misforstået, ikke læge i byen, heller ikke ansat ved gymnasiet).",,,,,,K,0.7745,0.5199,0.5199,True,,
Reg0032740,Arentzen,tidligere Skriver på Borgmesterkontoret i Hobro.,,,,,,K,0.9354,0.8203,0.8203,True,,
Reg0032750,"Arentzen, Kristian (1823–1899)","Adjunkt ved Metropolitanskolen, Digter og Litteraturhistoriker.",,M,fornavn »Kristian« 52/52,M,fornavn »Kristian« 52/52,M,0.0,0.0,1.0,True,M,S2
Reg0032760,Arenz,Pave Gregor XVI's Læge.,,,,,,M,0.0135,0.0043,0.9957,True,M,S3
Reg0032800,"Argyropoulos, Manouel (1815–1863)",græsk Gesandt i Konstantinopel 1836–1840.,græsk,,,M,erhverv »gesandt« 35/35,M,0.0,0.0,1.0,True,M,S2
Reg0032810,"Ariosto, Lodovico (1474–1533)",Italiensk Digter.,italiensk,,,M,erhverv »digter« 100/101,M,0.0423,0.0137,0.9863,True,M,S2
Reg0032820,Armand,"Fransk Skuespiller, Medlem af Delcours Selskab fra Berlin.",fransk,,,M,erhverv »skuespiller« 80/81,M,0.2266,0.0846,0.9154,True,M,S2
Reg0032840,Armstrong,"Konsul, U.S.A.",,,,,,M,0.0857,0.0287,0.9713,True,,
Reg0032850,"Arnal, Étienne (1794–1872)",Fransk Skuespiller.,fransk,,,M,erhverv »skuespiller« 80/81,K,0.9512,0.8601,0.8601,True,M,S2
Reg0032900,Arnesen,(Arntzen?).,,,,,,K,0.8396,0.6227,0.6227,True,,
Reg0032910,"Arnesen, A. L. (1808–1860)","Skuespilforfatter, Student 1828, cand. jur. 1834, 1841 Fuldmægtig i Ekspeditionskontoret for Skattesager, 1849 Kontorchef i Finansministeriet, 1855 i Indenrigsm",,,,,,M,0.0,0.0,1.0,True,M,S3
Reg0033010,Aron,"Moses’ Broder, Ypperstepræst.",,,,,,K,0.812,0.5765,0.5765,True,,
Reg0033020,"Arrieta, Emilio (1823–1894)",Spansk Komponist.,spansk,,,,,M,0.1823,0.0657,0.9343,True,,
Reg0033060,"Asbjømsen, P. C. (1812–1885)",Norsk Eventyrsamler og Forfatter.,norsk,,,,,M,0.1443,0.0505,0.9495,True,,
Reg0033070,"Assarson, Pehr (1838–1894)","fil. dr. 1865, 1877 Professor i Retsvidenskab i Lund.",,,,,,M,0.0278,0.0089,0.9911,True,M,S3
Reg0033080,"Asschenfeldt, G. G. J. (1792–1856)","Hovedpræst ved St. Nicolai Kirke i Flensborg, 1850–1854 Superintendent i den tysktalende Del af Slesvig, 1854 Overkonsistorialraad, tysk Salmedigter.",,,,,,M,0.7122,0.4383,0.5617,True,,
Reg0033100,"Assen, Gornelis Jacobus van (1788–1859)",Professor i Romerret i Leiden.,,,,,,M,0.0952,0.0321,0.9679,True,,
Reg0033110,"Assens, Rasmus Winther (1821–1896)","Adjunkt ved Sorø Akademis Skole 1848, Sognepræst i Staby 1857, i Græsted 1867.",,M,fornavn »Rasmus« 3/3,M,fornavn »Rasmus« 3/3,M,0.0,0.0,1.0,True,M,S2
Reg0033120,"Assor, S.","Privatlehrer, dr. phil., Altona.",,,,,,M,0.4651,0.2152,0.7848,True,,
Reg0033160,"Atterbom, P. D. A. (1790–1855)",Svensk Digter.,svensk,,,M,erhverv »digter« 100/101,M,0.0876,0.0294,0.9706,True,M,S2
Reg0033170,Attila (død 453),Hunnernes Konge 433.,,,,M,titel »konge« i beskrivelsen,M,0.3714,0.157,0.843,True,M,S2
Reg0033180,"Auber, D. F. E. (1782–1871)",Fransk Operakomponist.,fransk,,,,,M,0.4791,0.2248,0.7752,True,,
Reg0033210,"d’Auchamp, F. L. F. (1810–1872)","Overretsprokurator i København, Kancelliraad.",,,,,,M,0.0757,0.0252,0.9748,True,,
Reg0033220,"Auerbach, Berthold (1812–1882)",Tysk Forfatter.,tysk,,,M,erhverv »forfatter« 96/98,M,0.0146,0.0046,0.9954,True,M,S2
Reg0033260,"auf der Maur, Agatha (1824–1872)","Medindehaver af Hotel zum Goldnen Adler, Brunnen.",,,,,,K,0.9911,0.9723,0.9723,True,,
Reg0033310,August,Le Locle 14.9.1833.,,,,,,K,0.8457,0.6335,0.6335,True,,
Reg0033330,Augusta,Badekone og Barber i Jönköping 1872.,,,,,,K,0.8261,0.5997,0.5997,True,,
Reg0033500,Aurelio,Opvarter (Vært?) i Trattoriet Lepre.,,,,,,K,0.7941,0.5488,0.5488,True,,
Reg0033520,Avigdos,"Bankier, Nizza 1869.",,,,,,M,0.0876,0.0294,0.9706,True,,
Reg0033540,"Avisard, Sougey","»en Ven af Bindesbøll«, Berlin 28.12.1845.",,,,,,K,0.8638,0.6667,0.6667,True,,
Reg0033550,"Baade, Knud (1808–1879)","Norsk Maler, München 1852.",norsk,M,fornavn »Knud« 3/3,M,fornavn »Knud« 3/3,M,0.003,0.001,0.999,True,M,S2
Reg0033570,"Baagøe, P. G. H. (1829–1907)","fhv. Apoteker i Hillerød, 1864–1905 Organist ved St. Olai Kirke i Helsingør.",,,,,,,0.0207,0.0066,0.9934,False,,
Reg0033580,"Baagøe, V. C. A. (1813–1893)",Grosserer.,,,,,,M,0.0344,0.0111,0.9889,True,M,S3
Reg0033660,"Backhuyzen, Ludolf (1631–1708)",Hollandsk Marinemaler.,hollandsk,,,,,M,0.003,0.001,0.999,True,M,S3
Reg0033670,Bacon,Engelsk Søofficer 1874.,engelsk,,,,,M,0.0952,0.0321,0.9679,True,,
Reg0033720,"Bader, Intendant",(Navnet måske misforstået).,,,,,,K,0.9161,0.775,0.775,True,,
Reg0033740,"Badiali, Cesare (1810–1865)",Italiensk Operasanger.,italiensk,,,,,M,0.4882,0.2312,0.7688,True,,
Reg0033760,"Bagge, C. A. (1811–1852)","Forlagsboghandler i Stockholm, Magister.",,,,,,M,0.0192,0.0061,0.9939,True,M,S3
Reg0033950,"Bahrt, Daniel Nicolaus","Overinspektør på de hertugelige Godser, Hofraad, Augustenborg.",,,,,,M,0.0578,0.019,0.981,True,M,S3
Reg0033970,"Bailac, J.",Dansk Vicekonsul i Bayonne.,dansk,,,,,M,0.0402,0.013,0.987,True,M,S3
Reg0033980,Bajazet (Bajazid) I (1347–1403),tyrkisk Sultan 1389–1402.,tyrkisk,,,M,titel »sultan« i beskrivelsen,M,0.3714,0.157,0.843,True,M,S2
Reg0034010,Balám,Henrik Stampes Hund.,,,,,,K,0.8071,0.5688,0.5688,True,,
Reg0034040,"Balbi, Felippo",neapolitansk Maler.,neapolitansk,,,M,erhverv »maler« 78/78,M,0.0423,0.0137,0.9863,True,M,S2
Reg0034050,"Baibus, Marcus Nonius","romersk Prokonsul, Herculanum.",romersk,,,,,M,0.0952,0.0321,0.9679,True,,
Reg0034100,"Balle, P. W. (1801–1873)","Hippolog, Staldmester og Ridelærer ved Universitetet i Kiel, Krigsraad, 1859 Overkrigskommissær.",,,,,,K,0.8349,0.6145,0.6145,True,,
Reg0034110,"Baller, F. F. H. (1823–1879)","Oberst, Kammerherre 1875.",,,,,,M,0.0128,0.0041,0.9959,True,M,S3
Reg0034180,"Ballin, Samuel (1802–1866)","Læge, senere Distriktslæge i København, 1860 tit. Professor.",,M,fornavn »Samuel« 4/4,M,fornavn »Samuel« 4/4,M,0.0,0.0,1.0,True,M,S2
Reg0034200,"Balling, Jonathan (1773–1829)",Pakhusforvalter ved Den kgl. grønlandske Handel.,,,,,,M,0.0192,0.0061,0.9939,True,M,S3
Reg0034220,"Balzac, Honoré de (1799–1850)",Fransk Digter.,fransk,,,M,erhverv »digter« 100/101,M,0.2776,0.1081,0.8919,True,M,S2
Reg0034280,"Bang, Andreas Kreutzfeldt (1805–1897)","Kontorchef i Finansministeriet, Justitsraad.",,M,fornavn »Andreas« 3/3,M,fornavn »Andreas« 3/3,M,0.003,0.001,0.999,True,M,S2
Reg0034320,"Bang, Claus Chr. (1778–1855)","Kontorchef ved Provideringskommissionen, Kammerraad, 1823–1837 Ejer af Nørager, derefter af Hummel tofte ved Frederiksdal.",,,,,,M,0.0,0.0,1.0,True,M,S3
Reg0034350,"Bang, F. S. (1810–1889)","Ansat hos C. J. Hambro og Søn 1830–1857, heraf 1843–1857 i Firmaet i London, 1857 Overbogholder i Privatbanken, 1859 Hovedkasserer sst., Kunstsamler, Justitsraa",,,,,,M,0.003,0.001,0.999,True,M,S3
Reg0034480,"Baratta, Eugenio","Italiensk Tegner, Carrara.",italiensk,,,,,M,0.0952,0.0321,0.9679,True,,
Reg0034500,"Barbarossa, Kair Eddin, kaldet - (død 1546)","Algiersk Sørøver, tyrkisk Admiral.",algiersk,,,,,M,0.0963,0.0325,0.9675,True,,
Reg0034620,"Bardenfleth, C. E. (1807–1857)","Justitsminister 1848, Minister for Slesvig 1851–1852, Domænedirektør 1855, Gehejmekonferensraad.",,,,,,M,0.0146,0.0046,0.9954,True,M,S3
Reg0034850,"Barner, Leopold Theodor (1809–1887)","Hofjægermester, Ejer af Eskiistrup.",,M,fornavn »Leopold« 5/5,M,fornavn »Leopold« 5/5,M,0.0,0.0,1.0,True,M,S2
Reg0034870,"Barocci, Federico (ca. 1535–1612)",Italiensk Maler.,italiensk,,,M,erhverv »maler« 78/78,M,0.011,0.0035,0.9965,True,M,S2
Reg0034880,Barrelet,Sproglærer i Genéve 1860.,,,,,,K,0.8396,0.6227,0.6227,True,,
Reg0034900,"Barth, Søren (1803–1895)","Sekondløjtnant ved Sjællandske Lansenerer, 1834 Premierløjtnant, 1841 Ritmester, 1856 Majors Karakter og Anciennitet, 1863 Major, s. A. Oberstløjtnant, Afsked 1",,M,fornavn »Søren« 4/4,M,fornavn »Søren« 4/4,M,0.003,0.001,0.999,True,M,S2
Reg0034920,"Bartholdy, Jacobine (1843–1925)",g. m. Viggo Zinn.,,K,fornavn »Jacobine« 7/7,K,fornavn »Jacobine« 7/7,K,1.0,1.0,1.0,True,K,S2
Reg0034930,Bartholin,Berlin-Lübeck 24.-27.7.1834.,,,,,,K,0.7721,0.5165,0.5165,True,,
Reg0034990,"Bartolini, Lorenzo (1777–1850)",Italiensk Billedhugger.,italiensk,,,,,M,0.1152,0.0395,0.9605,True,,
Reg0035000,"Bartolommeo, Fra (1471–1517)",Italiensk Maler.,italiensk,,,M,erhverv »maler« 78/78,K,0.8021,0.561,0.561,True,M,S2
Reg0035020,"Bassano da Ponte, Jacobo (1510–1592)",Italiensk Maler.,italiensk,,,M,erhverv »maler« 78/78,M,0.0346,0.0112,0.9888,True,M,S2
Reg0035050,"Batoni, Pompeo (1708–1787)",Italiensk Maler.,italiensk,,,M,erhverv »maler« 78/78,M,0.0326,0.0105,0.9895,True,M,S2
Reg0035080,"Baudissin, Thecla",Komtesse (1812–før 1888).,,K,fornavn »Thecla« 5/5,K,titel »komtesse« i beskrivelsen; fornavn »Thecla« 5/5,K,0.9849,0.9535,0.9535,True,K,S2
Reg0035160,Bauer,Bankier i Madrid.,,,,,,M,0.0618,0.0203,0.9797,True,,
Reg0035180,Baumann (død 1670),"Bjergmand i Harzen, opdagede Baumanns Hule ved Rübeland.",,,,,,K,0.8814,0.701,0.701,True,,
Reg0035260,"Bayard, J. F. A. (1796–1853)",Fransk Skuespilforfatter.,fransk,,,,,M,0.4251,0.1891,0.8109,True,,
Reg0035280,"Bayer, Ohr. Fr. (1841–1933)","Assistent i »Bikuben« 1867, Fuldmægtig 1881–1919.",,,,,,M,0.0146,0.0046,0.9954,True,M,S3
Reg0035420,"Bazaine, F.-A. (1811–1888)","Fransk Marskal, 1870 Overgeneral over Rhinarmeen.",fransk,,,,,M,0.6699,0.3902,0.6098,True,,
Reg0035590,"Beauvois, Eugène (1835–1912)",Fransk Arkæolog og Historiker.,fransk,,,,,M,0.616,0.3359,0.6641,True,,
Reg0035600,Bech,"1.11.1861, Middag hos H. P. Holst.",,,,,,K,0.8349,0.6145,0.6145,True,,
Reg0035840,"Becker, Nikolaus (1809–1845)",Tysk Digter.,tysk,,,M,erhverv »digter« 100/101,M,0.003,0.001,0.999,True,M,S2
Reg0035850,"Becker, Tyge (1812–1869)","historisk og æstetisk Forfatter, tit. Professor 1847.",,,,,,M,0.003,0.001,0.999,True,M,S3
Reg0035860,"Becker, W. A. (1796–1846)",Professor i klassisk Arkæologi i Leipzig.,,,,,,M,0.1592,0.0563,0.9437,True,,
Reg0035880,"Beeken, J. L. (1786–1841)","Forfatter, Udg. af »Gravblomster« 1824–1829, Hofboghandler 1811.",,,,M,erhverv »forfatter« 96/98,M,0.1053,0.0358,0.9642,True,M,S2
Reg0035900,"Been, Fredr. Chr. (1828–1891)","Hofurtekræmmer, Grosserer, Agent.",,,,,,M,0.0146,0.0046,0.9954,True,M,S3
Reg0036040,"Behrent, C. (1836–1901)",Hotelejer i Middelfart.,,,,,,M,0.0423,0.0137,0.9863,True,M,S3
Reg0036050,"Behrent, Sigismund (1843(1845?)-1905)","cand. phil., besøgte 1865–1870 det jødisk-theologiske Seminarium i Paris, senere Journalist ved »Nationaltidende«.",,,,M,erhverv »cand« 57/57,M,0.0041,0.0013,0.9987,True,M,S2
Reg0036060,"Bekker, Immanuel (1785–1871)",Professor i klassisk Filologi ved Berlins Universitet.,,,,,,M,0.0048,0.0015,0.9985,True,M,S3
Reg0036070,"Belani, H. E. R. (Pseud, for Carl Ludwig Häberlin) (1784–1858)",Tysk Forfatter.,tysk,,,M,erhverv »forfatter« 96/98,M,0.1251,0.0431,0.9569,True,M,S2
Reg0036140,Belisarius (505–65),østromersk Feltherre.,østromersk,,,,,M,0.1001,0.0339,0.9661,True,,
Reg0036170,Bell & Daldy,Forlagsboghandel i London.,,,,,,M,0.6964,0.4197,0.5803,True,,
Reg0036190,"Bellano, Bartolommeo (død ca. 1496/97)",Italiensk Billedhugger.,italiensk,,,,,M,0.0423,0.0137,0.9863,True,M,S3
Reg0036200,Bellini,Skipper i Pozzuoli.,,,,,,K,0.8396,0.6227,0.6227,True,,
Reg0036210,"Bellini, Giovanni (ca. 1431–1516)",Italiensk Maler.,italiensk,,,M,erhverv »maler« 78/78,M,0.0945,0.0319,0.9681,True,M,S2
Reg0036220,"Bellini, Vincenzo (1801–1835)",Italiensk Operakomponist.,italiensk,,,,,K,0.8081,0.5704,0.5704,True,,
Reg0036260,"Benda, Benny (1840–ca. 1899)","tyskfødt Boghandler i Vevey, senere i Lausanne.",,,,,,M,0.2608,0.1001,0.8999,True,,
Reg0036280,Bender,Diligencepassager Stuttgart-Wildbad 11.8.1855.,,,,,,K,0.8906,0.7197,0.7197,True,,
Reg0036290,"Bender, F. (1847–1891)","stud, phil., Heidelberg, 1869 dr. phil., Gymnasielærer, sidst i Darmstadt, Forfatter.",,,,,,M,0.1989,0.0726,0.9274,True,,
Reg0036300,"Bendix, Abraham Hertz (1818–1886)",Handskemager.,,,,,,M,0.1683,0.06,0.94,True,,
Reg0036310,"Bendix, Fritz (1847–1914)","Violoncellist, Kapelmusikus 1871–1906, tit. Professor 1907.",,M,fornavn »Fritz« 6/6,M,fornavn »Fritz« 6/6,M,0.0016,0.0005,0.9995,True,M,S2
Reg0036390,"Bendixen, Bernhard (Benny) (1810–1877)","Dansk Maler og Daguerreotypist, bosat fra 1840 i Hamburg.",dansk,M,fornavn »Bernhard« 3/3,M,fornavn »Bernhard« 3/3,M,0.0014,0.0005,0.9995,True,M,S2
Reg0036400,"Bendz, H. C. B. (1806–1882)","Læge, 1837 Lærer i Anatomi og Fysiologi ved Veterinær- og Landbohøjskolen, 1840 Professor; Etatsraad 1862, Konferensraad 1880.",,,,,,M,0.003,0.001,0.999,True,M,S3
Reg0036440,"Benedictsen, Boie (1823–1905)","cand. theol., Lærer i København, tidligere Huslærer på Marienborg.",,,,M,erhverv »cand« 57/57,K,0.9487,0.8535,0.8535,True,M,S2
Reg0036480,"Benedix, Roderich (1811–1873)",Tysk Skuespilforfatter.,tysk,,,,,M,0.0,0.0,1.0,True,M,S3
Reg0036570,"Bentley, Annie",ældste Datter af Richard B.,,K,fornavn »Annie« 4/4,K,fornavn »Annie« 4/4,K,1.0,1.0,1.0,True,K,S2
Reg0036620,"Bentley, Richard (1794–1871)","Engelsk Forlagsboghandler, H.C. Andersens Forlægger.",engelsk,,,,,M,0.003,0.001,0.999,True,M,S3
Reg0036760,"Bentzon, Adrian Benoni (1777–1827)","Generalguvernør i Dansk Vestindien, Generalmajor.",,,,,,M,0.0,0.0,1.0,True,M,S3
Reg0036810,"Benzon, Hartvig (1816–1875)","Besidder af Christiansdal, Hofjægermester.",,,,,,M,0.003,0.001,0.999,True,M,S3
Reg0036830,Beppo,Opvarter i Murcia.,,,,,,K,0.8071,0.5688,0.5688,True,,
Reg0036840,Beppo (Peppo),Tigger på den spanske Trappe i Rom.,,,,,,K,0.8617,0.6626,0.6626,True,,
Reg0036850,"Béranger, Pierre-Jean de (1780–1857)",Fransk Digter.,fransk,,,M,erhverv »digter« 100/101,M,0.003,0.001,0.999,True,M,S2
Reg0036860,Berends,"Vekselererfirma, Hamburg.",,,,,,M,0.7399,0.4728,0.5272,True,,
Reg0036900,"Berg, Balthasar (1804–1884)","Distriktslæge i Viborg 1853–1878, Justitsraad 1878.",,,,,,M,0.0014,0.0005,0.9995,True,M,S3
Reg0036910,"Berg, C. (1829–1891)","Politiker, Førstelærer på Bogø 1861–1874.",,,,,,M,0.1163,0.0398,0.9602,True,,
Reg0036950,"Berg, Isak (1803–1886)","Lærer i Sang ved Det kgl. Teater i Stockholm, Jenny Linds Lærer.",,,,,,M,0.2883,0.1133,0.8867,True,,
Reg0036990,"Berggreen, A. P. (1801–1880)","Komponist, Organist ved Trinitatis Kirke i København, 1858 tit. Professor.",,,,,,M,0.0192,0.0061,0.9939,True,M,S3
Reg0037020,"Bergh, S. J. van den (1814–1868)","Hollandsk Forfatter, Købmand.",hollandsk,,,M,erhverv »forfatter« 96/98,M,0.0016,0.0005,0.9995,True,M,S2
Reg0037030,"Bergman, Joh. Wilhelm (1796–1871)","svensk-norsk Chargé d’affaires og Generalkonsul i Napoli, Gesandt i Madrid 1852–1866.",svensk,,,,,M,0.003,0.001,0.999,True,M,S3
Reg0037040,"Bergmann, Andreas (1779–1865)",Sogne præst i Tjæreby 1834–1862.,,M,fornavn »Andreas« 3/3,M,fornavn »Andreas« 3/3,M,0.2262,0.0844,0.9156,True,M,S2
Reg0037070,Bergström,Lissabon 1866.,,,,,,K,0.8029,0.5622,0.5622,True,,
Reg0037080,Bergström,"Enkefrue, Lissabon 1866.",,,,,,K,0.806,0.567,0.567,True,,
Reg0037110,"Bering, M. H.",Gæstgiver i Fredericia 1850.,,,,,,M,0.0213,0.0068,0.9932,True,M,S3
Reg0037140,"Berlichingen, Götz von (ca. 1480–1562)",Tysk Ridder.,tysk,,,,,M,0.3265,0.1326,0.8674,True,,
Reg0037180,"Berlioz, Hector (1803–1869)",Fransk Komponist.,fransk,,,,,M,0.0243,0.0078,0.9922,True,M,S3
Reg0037290,"Berner, Iwan (1850–1925)","Student 1869, cand. phil., studerede Engelsk, 1875 ansat i Store nordiske Telegrafselskab, senere Direktør sst., Forfatter og Oversætter.",,,,M,erhverv »student« 41/41,M,0.0,0.0,1.0,True,M,S2
Reg0037360,Bernhard,"lille Dreng af Fru Ingemanns Familie, Sorø 25.7.1865.",,,,,,K,0.8158,0.5828,0.5828,True,,
Reg0037370,Bernhard af Clairvaux (1090–1153),Fransk Theolog og Prædikant.,fransk,,,,,M,0.2244,0.0836,0.9164,True,,
Reg0037450,"Beronius, Jonas Otto (1820–1895)","fil. kand., svensk »Gluntar«-Sanger, senere Ministerialembedsmand.",,,,,,M,0.1783,0.064,0.936,True,,
Reg0037470,"Berregaard, H. (1783–1876)","Oberstløjtnant, Kammerherre.",,,,,,M,0.0135,0.0043,0.9957,True,M,S3
Reg0037510,Bertall (Pseud. for Charles-Albert d’Arnoux) (1820–1883),Fransk Illustrator af H.C. Andersens Eventyr og Fotograf (Bayard & Bertall).,fransk,,,,,M,0.1382,0.0481,0.9519,True,,
Reg0037540,"Berti, Filippo (1801–1872)",Italiensk Lystspildigter.,italiensk,,,,,K,0.8114,0.5756,0.5756,True,,
Reg0037550,Bertini,"Restauratør, Rom 1841.",,,,,,K,0.8873,0.7128,0.7128,True,,
Reg0037590,"Bertouch, Stanislaus Augustus Poniatowsky von (1790–1861)",Konsumptionskasserer i Slagelse.,,,,,,M,0.0353,0.0114,0.9886,True,M,S3
Reg0037630,Bertran de Bom (12. århundrede),provencalsk Ridder og Trubadur.,provencalsk,,,,,K,0.8404,0.624,0.624,True,,
Reg0037640,"Berwald, J. F. (1787–1861)","Svensk Violinist, 1822–1849 Kapelmester ved Operaen i Stockholm.",svensk,,,,,M,0.3322,0.1356,0.8644,True,,
Reg0037680,"Beschir, Emir","Drusemes Fyrste, afsat 1840, Malta 1841.",,,,M,titel »fyrste« i beskrivelsen,K,0.8349,0.6145,0.6145,True,M,S2
Reg0037690,"Besekirskij, Waxil Wasiljew (1836–?)","russisk Violinvirtuos, Medlem af det kejserlige Kapel i St. Petersborg.",russisk,,,,,M,0.3064,0.1222,0.8778,True,,
Reg0037750,"Bettini, Alessandro (1825–1898)",Italiensk Operasanger.,italiensk,,,,,M,0.2357,0.0886,0.9114,True,,
Reg0037760,"Betzonich, G. E. (1829–1901)","Stabssergent, Forfatter.",,,,,,M,0.0931,0.0314,0.9686,True,,
Reg0037790,Beune,"Engelsk Officer, besøger H.C. Andersen 5.11.1861.",engelsk,,,,,M,0.09,0.0302,0.9698,True,,
Reg0037840,"Beutner, S. N. (1794–1880)","Kaptajn, Oliemøller.",,,,,,M,0.0618,0.0203,0.9797,True,,
Reg0037870,Bidpai,persisk Bearbejder af indiske Eventyr.,persisk,,,,,K,0.8349,0.6145,0.6145,True,,
Reg0037880,"Bielefeldt, C. H. (1835–1888)",Boghandler i København.,,,,,,M,0.0346,0.0112,0.9888,True,M,S3
Reg0037890,Bielke,(»der døde af Snive«).,,,,,,K,0.8349,0.6145,0.6145,True,,
Reg0037970,"Bierfreund, Jomfru",Hamburg 10.7.1841.,,,,,,M,0.6752,0.396,0.604,True,,
Reg0037980,"Bierfreund, L. (1817–1891)","Direktør for Fyens Disconto Kasse, Medlem af Odense Kommunalbestyrelse.",,,,,,M,0.0,0.0,1.0,True,M,S3
Reg0038080,"Bigot, Antoine-Hippolyte (1825–1897)","Fransk Digter, Handelsrejsende for et Vinfirma i Nîmes.",fransk,,,M,erhverv »digter« 100/101,K,0.8207,0.5908,0.5908,True,M,S2
Reg0038090,"Bikelas, Demitrios (1835–1908)","nygræsk Digter, Oversætter og Essayist, Oversætter af H.C. Andersens Eventyr.",nygræsk,,,M,erhverv »digter« 100/101,M,0.0726,0.0241,0.9759,True,M,S2
Reg0038110,Billes,(ikke nærmere angivet).,,,,,,K,0.914,0.7702,0.7702,True,,
Reg0038170,"Bille, Frantz (1832–1918)","Kaptajn i Generalstaben, Legationssekretær i Paris 1865, Chargé d’affaires i Washington 1867, senere Gesandt i Stockholm og i London, Kammerherre 1870, Gehejmek",,,,,,M,0.0,0.0,1.0,True,M,S3
Reg0038180,"Bille, Holger Adolf (1799–1866)","Toldkontrollør, Helsingør.",,M,fornavn »Holger« 4/4,M,fornavn »Holger« 4/4,M,0.1321,0.0458,0.9542,True,M,S2
Reg0038240,"Bille, Steen (1797–1883)","Kaptajn i Søetaten, 1845–1847 Chef for Korvetten Galathea på Jordomsejling, 1848 Kommandørkaptajn, 1852 Kommandør, s.A. Kontreadmiral, Marineminister 1852–1854 ",,M,fornavn »Steen« 4/4,M,fornavn »Steen« 4/4,M,0.0,0.0,1.0,True,M,S2
Reg0038390,"Bilsted, Emst Frederik August (1808–1871)","Student 1828, cand. jur. 1836, fra 1833 Besidder af Høvdingsgaard, Mern S., 1862 Hofjægermester.",,,,M,erhverv »student« 41/41,M,0.0,0.0,1.0,True,M,S2
Reg0038410,"Bindesbøll, Gottlieb (1800–1856)",Arkitekt.,,M,fornavn »Gottlieb« 4/4,M,fornavn »Gottlieb« 4/4,M,0.0184,0.0059,0.9941,True,M,S2
Reg0038470,"Binet, Jean-Louis (1810–1897)","Notar, Genève.",,,,,,M,0.1665,0.0593,0.9407,True,,
Reg0038490,"Bing, Jaqob Herman (1811–1896)",Grosserer og Fabrikant.,,M,fornavn »Jaqob« 15/15,M,fornavn »Jaqob« 15/15,M,0.0,0.0,1.0,True,M,S2
Reg0038680,"Bird, Edward Francis (1825–1893)","Ansat hos Hambro i London, senere i Firmaet Westenholz Brothers sst., derefter Købmand i Flensborg (1854) og fra 1870 i Gloucester; hans Moder var Søster til Wi",,M,fornavn »Edward« 20/20,M,fornavn »Edward« 20/20,M,0.0,0.0,1.0,True,M,S2
Reg0038690,Birger Jarl (død 1266),Svensk Stormand.,svensk,,,,,K,0.8075,0.5695,0.5695,True,,
Reg0038700,Birger Persson til Finsta (død 1327),Lagman over Uppland. Skt. Birgittas Far.,,,,,,K,0.8349,0.6145,0.6145,True,,
Reg0038790,"Bissen, H. V. (1798–1868)",Billedhugger.,,,,,,M,0.0952,0.0321,0.9679,True,,
Reg0038830,Bistrup-Muller og Frue,Rigi-Kulm 22.8.1855.,,,,,,K,0.8071,0.5688,0.5688,True,,
Reg0038870,Bjerre,Basnæs 7.10.1857.,,,,,,K,0.9057,0.7518,0.7518,True,,
Reg0038970,"Björck, G. D. (1806–1882)","Biskop over Göteborg Stift, teol. dr.",,,,M,titel »biskop« i beskrivelsen,M,0.1893,0.0686,0.9314,True,M,S2
Reg0039090,Black,Amerikansk Beundrer (1871).,amerikansk,,,,,M,0.5187,0.2536,0.7464,True,,
Reg0039110,"Black, Andreas (1819–1892)","Læge ved Sorø Akademi 1847, Stiftsfysikus i Vejle og Skanderborg Amter 1858–1888, Justitsraad 1867.",,M,fornavn »Andreas« 3/3,M,fornavn »Andreas« 3/3,M,0.0,0.0,1.0,True,M,S2
Reg0039140,Blanco,"Købmand, Lissabon 1866.",,,,,,M,0.0192,0.0061,0.9939,True,M,S3
Reg0039150,Blangini,"Fransk Pianist, Nizza 4.12.1869.",fransk,,,,,M,0.6731,0.3936,0.6064,True,,
Reg0039200,"Blavet, E. (1838–1910)",Fransk Journalist og Forfatter.,fransk,,,,,M,0.2209,0.0821,0.9179,True,,
Reg0039220,"Blessig, Alex (1820–1856)",Tysk Maler.,tysk,,,M,erhverv »maler« 78/78,M,0.0335,0.0108,0.9892,True,M,S2
Reg0039240,"Blicher, P. B. (1818–1874)","Adjunkt ved Sorø Akademis Skole 1845–1873, cand. theol.",,,,,,M,0.0423,0.0137,0.9863,True,M,S3
Reg0039250,"Blicher, Steen Steensen (1782–1848)",Digter og Præst.,,M,fornavn »Steen« 4/4,M,fornavn »Steen« 4/4,M,0.0,0.0,1.0,True,M,S2
Reg0039270,Blindt,"Svensk Løjtnant, Venersborg (kendes ikke af Krigsarkivet i Stockholm, Navnet vist misforstået).",svensk,,,,,M,0.0618,0.0203,0.9797,True,,
Reg0039560,"Blokhuis, Gijsbert (1809–1885)","Hollandsk Tobaksfabrikant, og Søn.",hollandsk,,,,,M,0.0146,0.0046,0.9954,True,M,S3
Reg0039590,"Blom, H. J. (1792–1864)","Major, 1848 Oberstløjtnant og Kommandør for 4. Linie-Bataillon.",,,,,,M,0.0289,0.0093,0.9907,True,M,S3
Reg0039620,"Blom, Sigvard August (1816–1900)","Handelsfuldmægtig, 1849 Grosserer.",,,,,,M,0.0,0.0,1.0,True,M,S3
Reg0039660,Blondel,Indehaver af Hotel de la France i Konstantinopel 1841.,,,,,,M,0.0618,0.0203,0.9797,True,,
Reg0039670,"Bluhme, C. A. (1794–1866)","Politiker, Konsejlspræsident 1852–1853 og 1864–1865.",,,,,,M,0.0952,0.0321,0.9679,True,,
Reg0039700,Blum,"Svensk Sekretær, Paris 19.4.1843.",svensk,,,,,K,0.812,0.5765,0.5765,True,,
Reg0039720,Blume,Udgiver af Münchener Theater-Journal 1862.,,,,,,M,0.4071,0.178,0.822,True,,
Reg0039730,"Blunck, D. C. (1798–1854)",holstensk Historiemaler.,holstensk,,,,,M,0.0757,0.0252,0.9748,True,,
Reg0039820,"Boabdil, Abu Abdallah Muhammed (ca. 1455–1518)",Emir af Granada 1481–1492.,,,,,,K,0.8154,0.5821,0.5821,True,,
Reg0039840,"Boberg, Christen (1822–1900)","»upensioneret, afgaaet Skolelærer«, Ansøger 1874 til det Anckerske Legat; dimitteret 1844, Huslærer på Mørkhøjgaard ved Gladsakse og her Bekendt af C. A. Ancker",,,,,,M,0.0146,0.0046,0.9954,True,M,S3
Reg0039850,"Bocanegra, Toreador",Málaga.,,,,,,M,0.1272,0.0439,0.9561,True,,
Reg0039890,"Bock, J. C. A. (1813–1879)","Læge, tit. Professor 1850, Hofmedicus 1854, Rejselivlæge hos Frederik VII 1862–1863, R. af D. 1848, Medindehaver fra 1853 af Firmaet O. F. Asp, Opfinder.",,,,,,M,0.0957,0.0323,0.9677,True,,
Reg0039930,"Bödecker, A. F. (død 1884)",Hof hattemager.,,,,,,K,0.8205,0.5904,0.5904,True,,
Reg0039990,"Boeck, Andreas (1804–1876)","fhv. Sognepræst i Hjørundfjord på Søndmøre, Norge.",,M,fornavn »Andreas« 3/3,M,fornavn »Andreas« 3/3,M,0.0146,0.0046,0.9954,True,M,S2
Reg0040010,"Boeck, Christopher (1850–1932)","Student 1869 (Klassekammerat af Sophus Bauditz), cand. theol. 1876, Forfatter, tit. Professor 1905.",,,,M,erhverv »student« 41/41,M,0.0016,0.0005,0.9995,True,M,S2
Reg0040020,"Boesen, A. (1814–1890)","Tobaksfabrikant, Raadmand i Odense.",,,,,,M,0.6416,0.3608,0.6392,True,,
Reg0040040,"Boesen, C. F. (1825–1874)","Sekondløjtnant, stud, jur., 1855 cand. jur., senere Borgmester og Byfoged i Hasle, Kaptajn i Fodfolkets Forstærkning.",,,,,,M,0.0,0.0,1.0,True,M,S3
Reg0040080,Bogdanovic,"ungarsk Adelsmand, Italien 1846.",ungarsk,,,,,M,0.6284,0.3478,0.6522,True,,
Reg0040100,"Bohlmann, G. C. (1838–1920)","Musikdirektør, Komponist.",,,,,,M,0.4071,0.178,0.822,True,,
Reg0040120,"Boieldieu, F. A. (1775–1834)",Fransk Operakomponist.,fransk,,,,,M,0.5515,0.2794,0.7206,True,,
Reg0040130,"Boisen, P. O. (1815–1862)","cand. theol., Lærer ved Dronning Caroline Amalies Asylskole, 1851 Bestyrer af Dronning Caroline Amalies Asyl, 1854 sin Svigerfader N.F. S. Grundtvigs Kapellan i",,,,M,erhverv »cand« 57/57,M,0.0,0.0,1.0,True,M,S2
Reg0040140,"Boje, Andreas Frederik (1841–1921)","cand. theol. 1866, 1870 Adjunkt på Herlufsholm, senere Sognepræst i Helsinge.",,M,fornavn »Andreas« 3/3,M,fornavn »Andreas« 3/3,M,0.0,0.0,1.0,True,M,S2
Reg0040150,"Bojesen, E. F. C. (1803–1864)","Rektor ved Sorø Akademis Skole 1843, ved Roskilde Katedralskole 1863, klassisk Filolog.",,,,,,M,0.121,0.0416,0.9584,True,,
Reg0040190,"Bojsen, Frede (1841–1926)","Politiker og Højskolemand, Folketingsmand for Møn-Kredsen 1869–1901.",,,,,,M,0.4651,0.2152,0.7848,True,,
Reg0040300,Bonifacio Veronese (1487–1553),Italiensk Maler.,italiensk,,,M,erhverv »maler« 78/78,M,0.0618,0.0203,0.9797,True,M,S2
Reg0040310,"Bonito, Giuseppe (1707–1789)",Italiensk Maler.,italiensk,,,M,erhverv »maler« 78/78,M,0.0402,0.013,0.987,True,M,S2
Reg0040340,"Bonnay, Erneste","7-årig Xylofonspiller, Casino 7.11.1865.",,,,,,K,0.9977,0.9928,0.9928,True,,
Reg0040350,"Bonnesen, N. F. (ca. 1802–73)","Tobaksfabrikør, Borgerrepræsentant i København, Justitsraad.",,,,,,M,0.0952,0.0321,0.9679,True,,
Reg0040360,"Bonnet, Jules",Tysk Passager fra Augsburg på Dampskibet Batavier 22.6.1847.,tysk,,,,,M,0.3492,0.1447,0.8553,True,,
Reg0040370,"Bonnichsen, Rasmus (1807–1849)","Kaptajn II, Kompagnichef i 6. Liniebataillon.",,M,fornavn »Rasmus« 3/3,M,fornavn »Rasmus« 3/3,M,0.003,0.001,0.999,True,M,S2
Reg0040440,Bonsoir,Bankier i Lyon.,,,,,,M,0.0541,0.0177,0.9823,True,M,S3
Reg0040460,"Boom, J. M. (død 1875)",Dansk Konsul i Cadix.,dansk,,,,,M,0.0757,0.0252,0.9748,True,,
Reg0040470,"Bora, Katharina von (1499–1552)",Luthers Hustru 1525.,,K,fornavn »Katharina« 14/14,K,fornavn »Katharina« 14/14,K,0.9911,0.9723,0.9723,True,K,S2
Reg0040490,"Borch, Th. Hee (1825–1885)","Prokurator, Medlem af Odense Kommunalbestyrelse.",,M,fornavn »Th« 3/3,M,fornavn »Th« 3/3,M,0.055,0.018,0.982,True,M,S2
Reg0040510,"Borgen, Bonaparte (1798–1884)","Rektor ved Metropolitanskolen i København 1844–1871, tit. Professor 1845, Etatsraad 1862.",,,,,,M,0.1588,0.0562,0.9438,True,,
Reg0040560,"Borgo di Primo, Olinto dal (1775–1856)","Dansk Chargé d’affaires i Madrid, 1848–1856 Ministerresident sst., Kammerherre.",dansk,,,,,M,0.0,0.0,1.0,True,M,S3
Reg0040580,"Bornemann, Cosmus (1806–1877)","Højesteretsassessor, Kammerherre.",,,,,,M,0.0192,0.0061,0.9939,True,M,S3
Reg0040590,"Bornemann, Fred. Wilh. Ludw. (1798–1864)","preussisk Retslærd, 2. Präsident des Obertribunals, 1860 Kronsyndikus.",preussisk,,,,,M,0.0192,0.0061,0.9939,True,M,S3
Reg0040620,Bornstedt,München 22.6.1854.,,,,,,K,0.8436,0.6297,0.6297,True,,
Reg0040700,"Borup, Gotthilf (1804–1879)",Billedhugger.,,,,,,M,0.0128,0.0041,0.9959,True,M,S3
Reg0040760,"Bosch, Hieronymus (ca. 1462–1516)",Hollandsk Maler.,hollandsk,,,M,erhverv »maler« 78/78,M,0.0,0.0,1.0,True,M,S2
Reg0040780,"Bosco, Bartolomeo (1793–1863)",Italiensk Tryllekunstner.,italiensk,,,,,K,0.7885,0.5403,0.5403,True,,
Reg0040810,Bothilde,Pige hos Frk. Hallager 1873.,,,,,,K,0.8576,0.655,0.655,True,,
Reg0040830,"Bétzaris, Marko (ca. 1788–1823)",græsk Frihedskæmper.,græsk,,,,,K,0.8767,0.6916,0.6916,True,,
Reg0040870,"Bouillon, Gotfred af (ca. 1060–1100)","Hertug af Nedrelothringen, Jerusalems Erobrer 1099, s.A. »Den hellige Gravs Værner«.",,,,M,titel »hertug« i beskrivelsen,M,0.0139,0.0044,0.9956,True,M,S2
Reg0040920,"Bourée, Prosper (1811–1886)","Fransk Gesandt i Lissabon 1864–1867, derefter i Konstantinopel.",fransk,,,M,erhverv »gesandt« 35/35,M,0.0,0.0,1.0,True,M,S2
Reg0041030,"Boye, A. E. (1784–1851)","Fuldmægtig ved Finansdeputationen, Forfatter, Udgiver og Oversætter (Pseudonymer: Peter Wegener, Hans Mikkelsen, Just Justesen).",,,,,,M,0.003,0.001,0.999,True,M,S3
Reg0041060,"Boye, Albertine (1842–1931)","Ekspeditrice, Bergen.",,K,fornavn »Albertine« 4/4,K,fornavn »Albertine« 4/4,K,1.0,1.0,1.0,True,K,S2
Reg0041080,"Boye, Caspar Johannes (1791–1853)","2. Lærer ved Jonstrup Seminarium, 1826 Sognepræst i Søllerød, 1835 ved St. Olai i Helsingør, 1847 ved Garnisons Kirke i Kbh.; Skuespilforfatter og Salmedigter.",,,,,,M,0.0,0.0,1.0,True,M,S3
Reg0041250,"Boyesen, Hjalmar Hjorth (1848–1895)","norsk-amerikansk Forfatter og Litteraturhistoriker, 1874 Professor ved Cornell University, fra 1880 Professor ved Columbia College.",norsk,,,M,erhverv »forfatter« 96/98,M,0.0048,0.0015,0.9985,True,M,S2
Reg0041350,"Brahe, Tycho (1546–1601)",Astronom.,,,,,,K,0.8457,0.6335,0.6335,True,,
Reg0041380,"Brakle, Samuel William van (1821–1900)","cand. jur., Premierløjtnant i Infanteriets Krigsreserve, 1851–1859 Ejer af Duelund og Humle Mølle, Sjørslev S., 1860–1888 Guvernementssekretær på St. Croix, Kam",,M,fornavn »Samuel« 4/4,M,fornavn »Samuel« 4/4,M,0.0,0.0,1.0,True,M,S2
Reg0041390,"Bramante, Donato (ca. 1444–1514)",Italiensk Arkitekt og Maler.,italiensk,,,,,M,0.0128,0.0041,0.9959,True,M,S3
Reg0041410,Braminer,"Jfr., Christinelund 1851.",,,,,,K,0.8378,0.6195,0.6195,True,,
Reg0041440,"Bramsen, Lorentz (1808–1880)",Tandlæge.,,M,fornavn »Lorentz« 3/3,M,fornavn »Lorentz« 3/3,M,0.186,0.0672,0.9328,True,M,S2
Reg0041560,"Brandes, L. I. (1821–1894)","dr. med., Overlæge ved Almindelig Hospital 1863, tit. Professor 1869, Etatsraad 1891, Filantrop.",,,,,,,0.0048,0.0015,0.9985,False,,
Reg0041610,Brandt,"(Konsulatsembedsmand?), Napoli 3.3.1841.",,,,,,K,0.8136,0.5791,0.5791,True,,
Reg0041620,Brandt,Paris 1863.,,,,,,K,0.8996,0.7385,0.7385,True,,
Reg0041630,Brandt,Skuespiller Chr. Schmidts Svoger.,,,,M,erhverv »skuespiller« 80/81,M,0.2015,0.0737,0.9263,True,M,S2
Reg0041660,"Brandt, Andreas Ludvig (1820–1882)","Dansk Grosserer i Amsterdam (Firma Ebeling & Brandt), senere dansk Konsul sst.",dansk,M,fornavn »Andreas« 3/3,M,fornavn »Andreas« 3/3,M,0.0,0.0,1.0,True,M,S2
Reg0041690,"Brandt, C. (død 1895, 79 år gl.)","Musikdirektør, Casino.",,,,,,K,0.874,0.6861,0.6861,True,,
Reg0041710,"Brandt, Deborah Petronella, f. van Eeghen (1822–1897)",g. 1844 m. A.L.B.,,,,,,K,0.9487,0.8535,0.8535,True,,
Reg0041760,"Brandt, Nancy Mathilde","(ved Folketællingen 1845: 22 år), i huset hos Hofraadinde Charlotte Petersen, Augustenborg.",,K,fornavn »Nancy« 4/4,K,fornavn »Nancy« 4/4,K,0.9475,0.8506,0.8506,True,K,S2
Reg0041810,"Brasch, C. H. (1811–1894)","cand. theol., Huslærer på Bregentved 1838–1847, Sognepræst i Vemmetofte 1847–1886, Historiker.",,,,M,erhverv »cand« 57/57,M,0.0014,0.0005,0.9995,True,M,S2
Reg0041890,"Brask, Christen Johan Høeg (1834–1906)","Ejer af Kjellerup, Svenstrup S., Randers Amt.",,,,,,M,0.0016,0.0005,0.9995,True,M,S3
Reg0041940,"Bratt, Lars Gustaf (1824–1898)",Grosserer i Göteborg.,,M,fornavn »Lars« 3/3,M,fornavn »Lars« 3/3,M,0.0128,0.0041,0.9959,True,M,S2
Reg0042000,"Bredahl, Andreas Georg (død 1778, 40 år gl.)","Afskediget dansk Kaptajn, Konvertit.",,M,fornavn »Andreas« 3/3,M,fornavn »Andreas« 3/3,M,0.003,0.001,0.999,True,M,S2
Reg0042040,"Bredal, Ivar Fr. (1800–1864)",Komponist.,,,,,,M,0.0618,0.0203,0.9797,True,,
Reg0042130,"Bregendahl, L. N. (1811–1872)","Overretsassessor i Viborg, Folketingets Formand 1859–1870, Etatsraad 1862.",,,,,,M,0.0597,0.0196,0.9804,True,M,S3
Reg0042170,Breitkopf & Härtel,Bogforlag i Leipzig.,,,,,,K,0.8528,0.6462,0.6462,True,,
Reg0042210,Brenner,"Student fra Göttingen, Frankfurt a.M. 8.4.1861.",,,,M,erhverv »student« 41/41,M,0.1972,0.0719,0.9281,True,M,S2
Reg0042350,Briancourt,Weimar 2.6.1852.,,,,,,K,0.9057,0.7518,0.7518,True,,
Reg0042420,"Brignoli, Giacomo Luigi, Marchese (1797–1853)",Kardinal.,,,,M,titel »kardinal« i beskrivelsen,K,0.8075,0.5695,0.5695,True,M,S2
Reg0042450,Brinckmann,hannoveransk Hauptmann.,hannoveransk,,,,,K,0.8898,0.7179,0.7179,True,,
Reg0042480,Brinkmann,"Krovært, Holsten 13.6.1843.",,,,,,K,0.8814,0.701,0.701,True,,
Reg0042500,"Briquet, Alphonse-Matthias (1809–1880)",Skolebestyrer i Genève.,,,,,,M,0.1793,0.0644,0.9356,True,,
Reg0042550,Brito,Ansat ved det danske Konsulat i Valencia.,,,,,,K,0.7653,0.5069,0.5069,True,,
Reg0042560,"Brix, Frederiksholm, Sjælland (Sengeløse S.?)",Hotel d’Angleterre 5.7.1870.,,,,,,M,0.3314,0.1351,0.8649,True,,
Reg0042580,"Brix, G. G. (1820–1908)","Bestyrer for Efterslægtsselskabets Skole, tit. Professor, 1866–1887 Folketingsmand.",,,,,,M,0.0048,0.0015,0.9985,True,M,S3
Reg0042610,Broberg,Svensk Løjtnant fra Jônkôping (1849).,svensk,,,,,M,0.1493,0.0524,0.9476,True,,
Reg0042620,"Broberg, C. A. (1811–1886)","Student 1828, Grosserer, Politiker, 1857 Etatsraad.",,,,M,erhverv »student« 41/41,M,0.0,0.0,1.0,True,M,S2
Reg0042640,"Broberg, S. C. O. F. (1822–1900)","Adjunkt i Odense 1859–1878, romansk Filolog og Oversætter.",,,,,,M,0.0192,0.0061,0.9939,True,M,S3
Reg0042650,"Brock, G. (1816–1878)","cand. jur., 1849 Hø i esteretsadvokat.",,,,M,erhverv »cand« 57/57,M,0.337,0.1381,0.8619,True,M,S2
Reg0042740,"Brockenhuus, Frands, til Egeskov og Bramstrup (1518–1569)",Rigsmarsk.,,,,,,M,0.4504,0.2054,0.7946,True,,
Reg0043080,"Bronzino, Agnlolo (1503–1572)",Italiensk Maler.,italiensk,,,M,erhverv »maler« 78/78,M,0.0192,0.0061,0.9939,True,M,S2
Reg0043090,"Broocman, C. F. (1709–1761)","Bogtrykker i Norrköping, topografisk Forf.",,,,,,M,0.0171,0.0055,0.9945,True,M,S3
Reg0043110,"Brorsen, C. C. (1798–1876)",Kancelliraad.,,,,,,M,0.0952,0.0321,0.9679,True,,
Reg0043180,"Brueghel, Jan (1568–1625)",flamsk Maler.,flamsk,,,M,erhverv »maler« 78/78,M,0.0,0.0,1.0,True,M,S2
Reg0043190,"Bruhn, Anders (1778–1856)","Biskop over Göteborg Stift, teol.dr.",,M,fornavn »Anders« 3/3,M,titel »biskop« i beskrivelsen; fornavn »Anders« 3/3,M,0.0952,0.0321,0.9679,True,M,S2
Reg0043240,"Brummer, S. (1817–1892)","cand. pharm., Bryggeriejer, Medlem af Odense Kommunalbestyrelse.",,,,M,erhverv »cand« 57/57,M,0.0269,0.0086,0.9914,True,M,S2
Reg0043380,"Brun, M. W. (1819–1891)","Forfatter, 1848 Redaktør og Udgiver af »Folket«, fra 1851 Teaterdirektør (Odense Teater, Alhambra, Casino 1860–1862, Christiania Teater 1869–1872, Folketeatret ",,,,M,erhverv »forfatter« 96/98,M,0.0423,0.0137,0.9863,True,M,S2
Reg0043480,Brunswick (Pseud. for Léon Lhérie) (1805–1850),Fransk Skuespilforfatter.,fransk,,,,,M,0.3314,0.1351,0.8649,True,,
Reg0043500,"Brutus, Marcus Junius (85–42 f.Chr.)",Cæsars Morder.,,,,,,M,0.0952,0.0321,0.9679,True,,
Reg0043510,Bruun (Bruhn?),22.4.1833.,,,,,,,0.7966,0.5525,0.5525,False,,
Reg0043520,Bruun,Vierwaldstättersøen 21.8.1855.,,,,,,K,0.7966,0.5525,0.5525,True,,
Reg0043530,Bruun,"Dansker, München 25.6.1860.",,,,,,K,0.8142,0.5802,0.5802,True,,
Reg0043540,Bruun,"(»Lægen Bruun fra Odense der nu lever gift i Altona«, 15.9.1867, ikke fundet).",,,,,,K,0.783,0.5322,0.5322,True,,
Reg0043550,Bruun,"Frøknerne Rossings Pensionat, Tordenskjoldsgade 17 27.4.1871.",,,,,,K,0.7967,0.5527,0.5527,True,,
Reg0043560,"Bruun, A. L. (1820–1904)","Sognepræst i Skagen 1857–1864, sidst i Jyllinge og Gundsømagle.",,,,M,erhverv »sognepræst« 47/47,M,0.0952,0.0321,0.9679,True,M,S2
Reg0043660,"Bruun, G. L. (død 1892, 65 år gl.)","Grosserer, H.C. Andersens Nabo i Lille Kongensgade Nr. 1.",,,,,,M,0.0213,0.0068,0.9932,True,M,S3
Reg0043740,"Bruun, L. J. (1811–1882)","Student 1828, Kontorchef i Københavns Magistrats 3. Afdeling, Justitsraad.",,,,M,erhverv »student« 41/41,M,0.003,0.001,0.999,True,M,S2
Reg0043750,"Bruun, M. P. (1809–1884)","Politiker, Formand for Landstinget 1862–1866, Ejer af Jægergaarden ved Aarhus.",,,,,,M,0.0,0.0,1.0,True,M,S3
Reg0043770,"Bruun, Palle Christian (1796–1855)",Kommandørkaptajn i Søetaten.,,,,,,M,0.0952,0.0321,0.9679,True,,
Reg0043790,"Bruun, Rasmus Christian Malthe (1816–1895)","Premierløjtnant i Søetaten, Fører af Postdampskibet »Skirner«, 1856 Kaptajnløjtnant, senere Kontreadmiral.",,M,fornavn »Rasmus« 3/3,M,fornavn »Rasmus« 3/3,M,0.0,0.0,1.0,True,M,S2
Reg0043820,"Bruun, Thomas Thomsen (1792–1867)","Herredsfoged i Sunds og Gudme Herreder (Svendborg) 1828–1856, Justitsraad 1856.",,,,,,M,0.0128,0.0041,0.9959,True,M,S3
Reg0043860,Brüggemann,(Brev fra ham til H.C. Andersen Leipzig 8.9.1846).,,,,,,K,0.9191,0.7818,0.7818,True,,
Reg0043880,"Bræstrup, Cosmus (1789–1870)","Politidirektør i København, Konferensraad, 1863 Gehejmekonferensraad.",,,,,,M,0.0,0.0,1.0,True,M,S3
Reg0043910,Brøndsted,"(»en ung Brøndsted i Besøg«, Asmild Kloster 4.9.1859).",,,,,,K,0.8071,0.5688,0.5688,True,,
Reg0043930,"Brøndsted, P. O. (1780–1842)",Arkæolog.,,,,,,M,0.0205,0.0066,0.9934,True,M,S3
Reg0043940,Brøndum,Rosenvænget 3.9.1870.,,,,,,M,0.5743,0.2984,0.7016,True,,
Reg0044050,"Buch, P. (1816–1904)","Assessor i Landsoverretten i Viborg 1847, i Højesteret 1861, Justitiarius 1880–1897.",,,,,,M,0.0402,0.013,0.987,True,M,S3
Reg0044060,Buchheister,"(»fra Hamborg«), Konsulatsembedsmand, Barcelona.",,,,,,K,0.9487,0.8535,0.8535,True,,
Reg0044070,"Buchheister, H. (1825–1906)","Redaktør af Berlingske Tidende 1861–1864, Sekretær i Krigsskadeserstatningskommissionen, 1867 Overregnskabsfører ved de jydsk-fynske Jernbaner, senere Afdelings",,,,,,M,0.4651,0.2152,0.7848,True,,
Reg0044080,Buchwald,"fra Kjøbenhavn, en Hr., Fribourg 1.7.1861.",,,,,,K,0.9478,0.8512,0.8512,True,,
Reg0044130,"Budde, Leopold (1836–1902)","Højskolelærer, 1869–1875 Forstander for Karise Højskole, fra 1879 Forstander for Børnehjem, Forfatter.",,M,fornavn »Leopold« 5/5,M,fornavn »Leopold« 5/5,M,0.0265,0.0085,0.9915,True,M,S2
Reg0044180,"Bugge, Oline Louise (1805–1878)",g. 1835 m. Christen Christensen.,,K,fornavn »Oline« 4/4,K,fornavn »Oline« 4/4,K,1.0,1.0,1.0,True,K,S2
Reg0044190,Buli fra København,Göteborg 29.7.1871.,,,,,,K,0.8611,0.6616,0.6616,True,,
Reg0044200,Bull,"»to unge Frøkner fra Norge«, Rørby Præstegaard 24.5.1850.",,,,,,K,0.9724,0.9175,0.9175,True,,
Reg0044290,"Buil, Ole (1810–1880)",Norsk Violinvirtuos.,norsk,M,fornavn »Ole« 4/4,M,fornavn »Ole« 4/4,M,0.121,0.0416,0.9584,True,M,S2
Reg0044360,"Bunsen, C. J. von (1791–1860)","preussisk Diplomat, 1827–1838 Minister i Rom, 1841–1854 i London, 1857 Friherre, arkæologisk og kirkehistorisk Forfatter.",preussisk,,,M,titel »friherre« i beskrivelsen,M,0.0,0.0,1.0,True,M,S2
Reg0044380,"Buntzen, Andreas (1811–1880)","lic. med., 1844 Lektor i Kirurgi ved Københavns Universitet, 1853–1872 Professor, 1854–1866 Overkirurg ved Frederiks Hospital, Etatsraad 1869.",,M,fornavn »Andreas« 3/3,M,fornavn »Andreas« 3/3,M,0.0,0.0,1.0,True,M,S2
Reg0044450,Bunzen,Læge i Malaga.,,,,,,M,0.131,0.0454,0.9546,True,,
Reg0044470,Burchardi,"sachsisk Officer, Maxen 27.7.1856.",sachsisk,,,,,M,0.141,0.0492,0.9508,True,,
Reg0044480,"Burdett-Goutts, Angela (1814–1907)",Engelsk Filantrop.,engelsk,,,,,K,0.9849,0.9535,0.9535,True,,
Reg0044490,"Burenstam, Gari Reinhold (1829–1907)","Svensk Diplomat, 1859–1870 svensk-norsk Legationssekretær i Wien.",svensk,,,,,M,0.003,0.001,0.999,True,M,S3
Reg0044500,"Burns, Cleland","skotsk Turist, Fribourg 6.-7.6.1873.",skotsk,,,,,M,0.0618,0.0203,0.9797,True,,
Reg0044520,"Burt, Ernestine, f. von Staffeldt (1797–1831)","g.m. John H. B., Helmuth v. Moltkes Svigermoder.",,K,fornavn »Ernestine« 3/3,K,fornavn »Ernestine« 3/3,K,1.0,1.0,1.0,True,K,S2
Reg0044540,"Busch, Volkmar (1812–1893)",Dansk Komponist.,dansk,,,,,M,0.0213,0.0068,0.9932,True,M,S3
Reg0044590,"Butenschön, N. P. (1808–1879)",Skibsreder i Göteborg.,,,,,,K,0.8541,0.6485,0.6485,True,,
Reg0044600,— Hans Broder fra Amerika.,,,,,,,,0.8071,0.5688,0.5688,False,,
Reg0044630,"Bügel, Godske Daniel (1817–1878)","Sønnesøn af Catharina B., Proprietær, kgl. Skovfoged.",,,,,,M,0.1962,0.0714,0.9286,True,,
Reg0044640,Bülow,Væddeløbene på Augustenborg 22.9.1844.,,,,,,K,0.9425,0.8378,0.8378,True,,
Reg0044660,"Bülow, Bernhard (1815–1879)","Charge d’affaires ved Hansestæderne, 1850 dansk Gesandt ved Forbundsdagen i Frankfurt, Afsked 1862, derefter i tysk Tjeneste; Kammerherre 1847, Gehejmekonferens",,M,fornavn »Bernhard« 3/3,M,fornavn »Bernhard« 3/3,M,0.0,0.0,1.0,True,M,S2
Reg0044810,"Bünke, Holstener",Kiel 1.11.1840.,,,,,,M,0.131,0.0454,0.9546,True,,
Reg0044840,"Bürger, G. A. (1747–1794)",Tysk Digter.,tysk,,,M,erhverv »digter« 100/101,M,0.121,0.0416,0.9584,True,M,S2
Reg0044890,"Byström, J. N. (1783–1848)",Svensk Billedhugger.,svensk,,,,,M,0.0423,0.0137,0.9863,True,M,S3
Reg0044920,Bähr,"Hotelvært, Stockholm 1849.",,,,,,M,0.0241,0.0077,0.9923,True,M,S3
Reg0044950,"Bärthelson, H. P. (død 1882, 68 år gl.)","Administrerende Direktør for Landbygningernes Brandforsikring, Justitsraad.",,,,,,M,0.0014,0.0005,0.9995,True,M,S3
Reg0044980,"Bøe, Frants (1820–1891)","Norsk Maler, Paris.",norsk,,,M,erhverv »maler« 78/78,M,0.0326,0.0105,0.9895,True,M,S2
Reg0044990,Boeg,"Brukspatron, Ljungby.",,,,,,K,0.7885,0.5403,0.5403,True,,
Reg0045110,"Bökman, K. M. (død 1904)","Premierløjtnant i Elfsborg Regiment, senere Major, Chef for Borås-Herljunge Jernbane samt Direktør i Göteborgs enskilda bank.",,,,M,erhverv »premierløjtnant« 39/39,M,0.0,0.0,1.0,True,M,S2
Reg0045160,"Böttiger, C. W. (1807–1878)","Svensk Digter, fil. dr. 1833, Professor i Uppsala 1845, Litteraturhistoriker.",svensk,,,M,erhverv »digter« 100/101,M,0.003,0.001,0.999,True,M,S2
Reg0045210,Caccicorci,"Artist fra Argentina-Teatret, Rom 1846.",,,,,,K,0.9191,0.7818,0.7818,True,,
Reg0045240,"Calabrese, Mattia Preti, il Cavaliere - (1613–1699)",Italiensk Maler.,italiensk,,,M,erhverv »maler« 78/78,K,0.8687,0.676,0.676,True,M,S2
Reg0045250,"Calame, Alexandre (1810–1864)",schweizisk Landskabsmaler.,schweizisk,,,,,M,0.0146,0.0046,0.9954,True,M,S3
Reg0045260,"Calame, Henri-Florian (1807–1863)","Udgiver af Avisen Le Neuchâtelois, Neuchatel, schweizisk Politiker.",,,,,,M,0.0,0.0,1.0,True,M,S3
Reg0045270,"Calame, Marie-Anne (1775–1834)","schweizisk Filantrop, Grundlægger af Børnehjemmet Asile des Billols i Le Locle.",schweizisk,,,,,K,1.0,1.0,1.0,True,,
Reg0045280,"Calderon de la Barca, Pedro (1600–1681)",Spansk Digter.,spansk,,,M,erhverv »digter« 100/101,M,0.0211,0.0067,0.9933,True,M,S2
Reg0045290,Calderone,"Bankier, Granada 1862.",,,,,,M,0.0192,0.0061,0.9939,True,M,S3
Reg0045310,"Galiari, Gabriele (1560–1631)","Italiensk Maler, Søn af Paolo Veronese.",italiensk,,,M,erhverv »maler« 78/78,M,0.2792,0.1089,0.8911,True,M,S2
Reg0045320,"Caligula, Gaius Cæsar (12–41)",Romersk Kejser 37.,romersk,,,M,titel »kejser« i beskrivelsen,M,0.011,0.0035,0.9965,True,M,S2
Reg0045330,"Calisch, Elias Marcus (1806–1880)",Hollandsk Litterat.,hollandsk,,,,,M,0.0213,0.0068,0.9932,True,M,S3
Reg0045350,"Callisen, Joh. Friedr. Leonhard (1775–1864)",Præst ved Christ-Kirken i Rendsborg 1805–1860.,,,,,,M,0.121,0.0416,0.9584,True,,
Reg0045360,Calmet(?),30.6.1839.,,,,,,,0.8071,0.5688,0.5688,False,,
Reg0045400,"Galon, P. (død 1918)","Dansk Konsul i Paris, 1873–1897 Generalkonsul.",dansk,,,,,M,0.2369,0.0892,0.9108,True,,
Reg0045410,"Gambiaso, Luca (1527–1585)",Italiensk Maler.,italiensk,,,M,erhverv »maler« 78/78,M,0.2779,0.1082,0.8918,True,M,S2
Reg0045450,"Camöes, Luis Vaz de (1524–1580)",portugisisk Digter.,portugisisk,,,M,erhverv »digter« 100/101,M,0.0135,0.0043,0.9957,True,M,S2
Reg0045460,"Campbell, Thomas (1777–1844)",skotsk Digter.,skotsk,,,M,erhverv »digter« 100/101,M,0.0192,0.0061,0.9939,True,M,S2
Reg0045520,"Camprubi, Mariano",Spansk Danser.,spansk,,,,,M,0.693,0.4158,0.5842,True,,
Reg0045530,"Camuccini, Vincenzo (1771–1844)",Italiensk Maler.,italiensk,,,M,erhverv »maler« 78/78,M,0.0945,0.0319,0.9681,True,M,S2
Reg0045540,"Candolle, Augustin de (1778–1841)","schweizisk Botaniker, Professor i Geneve.",schweizisk,,,,,M,0.0048,0.0015,0.9985,True,M,S3
Reg0045560,"Canova, Antonio (1757–1822)",Italiensk Billedhugger.,italiensk,,,,,M,0.0423,0.0137,0.9863,True,M,S3
Reg0045570,"Cánovas del Castillo, Antonio (1828–1897)",Spansk Statsmand og Forfatter.,spansk,,,,,M,0.0016,0.0005,0.9995,True,M,S3
Reg0045600,"Cantù, Cesare (1807–1895)",Italiensk Historiker.,italiensk,,,,,M,0.2514,0.0958,0.9042,True,,
Reg0045620,"Capoul, Victor (1839–1924)",Fransk Operasanger.,fransk,,,,,M,0.0192,0.0061,0.9939,True,M,S3
Reg0045640,"Caracalla, Marcus Aurelius Antoninus Bassianus (188–217)",romersk Kejser 211.,romersk,,,M,titel »kejser« i beskrivelsen,M,0.0289,0.0093,0.9907,True,M,S2
Reg0045660,Caravados,Officer i Kongeriget Sardiniens Hær.,,,,,,M,0.0952,0.0321,0.9679,True,,
Reg0045670,"Caravaggio, Michelangelo Merisi da (1565–1609)",Italiensk Maler.,italiensk,,,M,erhverv »maler« 78/78,M,0.0192,0.0061,0.9939,True,M,S2
Reg0045690,"Carey, Gustave (ca. 1818–81)","Fransk Balletdanser, Balletmester ved Det kgl. Teater 1862–1863.",fransk,,,,,M,0.2165,0.0802,0.9198,True,,
Reg0045720,Carlén,"Grevinde, Sverige (Navnet måske misforstået).",,,,K,titel »grevinde« i beskrivelsen,K,0.8481,0.6378,0.6378,True,K,S2
Reg0045760,"Carlowitz-Maxen, Adeline von (1808–1884)","Hofdame hos Dronning Marie af Sachsen, g. 1858 m. sachsisk Kammerherre Gehejmeraad Ernst von Carlowitz.",,,,,,K,1.0,1.0,1.0,True,,
Reg0045770,"Carlsen, C. (1813–1899)","cand. polyt., Vandbygningsingeniør, 1843 konst. Brolægnings- og Vej inspektør i Kbhvn., 1845 Vandbygningsdirektør, Afsked 1882.",,,,M,erhverv »cand« 57/57,M,0.6999,0.4237,0.5763,True,M,S2
Reg0045800,"Carlstedt, F. (1797–1844)",senere Rektor i Stockholm.,,,,,,M,0.1053,0.0358,0.9642,True,,
Reg0045810,"Carlyle, Thomas (1795–1881)",skotsk Filosof og Historiker.,skotsk,,,,,M,0.0224,0.0072,0.9928,True,M,S3
Reg0045860,Caroline,Tjenestepige hos Frk. Hallager 1867.,,,,,,K,0.8457,0.6335,0.6335,True,,
Reg0045870,Caroline,Kokkepige på Rolighed 1875.,,,,,,K,0.8814,0.701,0.701,True,,
Reg0045880,"Carracci, Agostino (1557–1602)",Italiensk Maler.,italiensk,,,M,erhverv »maler« 78/78,M,0.0238,0.0076,0.9924,True,M,S2
Reg0045900,"Carracci, Lodovico (1555–1619)","Fætter til Agostino og Annibale C., italiensk Maler.",,,,,,M,0.0181,0.0058,0.9942,True,M,S3
Reg0045930,"Carstens, Fedder (1784–1874)","1810 Leder af en Privatskole i Odense, 1813–1814 Telegrafbestyrer på Taasinge, senere Opsynsmand i Vindeby ved Befordringsvæsenet.",,,,,,M,0.0192,0.0061,0.9939,True,M,S3
Reg0046000,"Carstensen, Fr. Mylford (død 1873)","Engelsk Konsul i Mogador, Marokko.",engelsk,,,,,M,0.0757,0.0252,0.9748,True,,
Reg0046020,"Carstensen, J. A. (1783–1853)","Dansk Generalkonsul i Tanger 1833, i Christiania 1846–1849, Gehejmelegationsraad, 1845 Konferensraad.",dansk,,,,,M,0.0932,0.0314,0.9686,True,,
Reg0046060,"Caruana, Pietru Pawl (1794–1852)",maltesisk Maler.,maltesisk,,,M,erhverv »maler« 78/78,M,0.0346,0.0112,0.9888,True,M,S2
Reg0046100,"Carvalho, Ridder José Sebastiäo Alfonso",portugisisk Chargé d’affaires og Generalkonsul i Kbhvn.,portugisisk,,,,,M,0.0016,0.0005,0.9995,True,M,S3
Reg0046110,"Carøe, Carrø","Præst, 31.3.1871. (Navnet måske misforstået).",,,,,,M,0.3331,0.1361,0.8639,True,,
Reg0046130,"Casameiro, Pietro","»havde en Slags Klipfisk-Handel«, Sevilla 14.11.1862.",,,,,,M,0.7414,0.4748,0.5252,True,,
Reg0046140,"Casanova, Gian Carlo (1817–?)",Italiensk Operasanger.,italiensk,,,,,M,0.0128,0.0041,0.9959,True,M,S3
Reg0046150,"Casorti, Giuseppe (1749–1826)","Mimiker, Direktør for et Pantomimeselskab.",,,,,,M,0.0153,0.0049,0.9951,True,M,S3
Reg0046160,"Casse, A. L. (1803–1886)","Justitsminister 1860–1864, Folketingsmand, dr. jur., Etatsraad 1854.",,,,,,M,0.0423,0.0137,0.9863,True,M,S3
Reg0046200,Cassell,"Forlagsboghandler i London (Cassell, Petter & Galpin).",,,,,,M,0.0213,0.0068,0.9932,True,M,S3
Reg0046220,"Castelli, Ignaz Franz (1781–1862)",Østrigsk Forfatter.,østrigsk,,,M,erhverv »forfatter« 96/98,M,0.0048,0.0015,0.9985,True,M,S2
Reg0046250,"Castenschiold, Berndt (1811–1891)","cand. jur., Overtoldinspektør, Etatsraad 1869.",,,,M,erhverv »cand« 57/57,M,0.0135,0.0043,0.9957,True,M,S2
Reg0046280,"Castenschiold, Caspar Holten Grevencop- (1780–1854)","Major, 1839 kar. Oberstløjtnant, Kammerherre, Besidder af Store og Lille Frederikslund.",,,,,,M,0.0,0.0,1.0,True,M,S3
Reg0046600,"Castiglione, Giovanni Benedetto (il Grechetto) (1610–1665)",Italiensk Maler.,italiensk,,,M,erhverv »maler« 78/78,M,0.0618,0.0203,0.9797,True,M,S2
Reg0046620,"Castilho, Antonio Feliciano de (1800–1875)",portugisisk Digter.,portugisisk,,,M,erhverv »digter« 100/101,M,0.0697,0.0231,0.9769,True,M,S2
Reg0046640,"Castilho, Julio de (1840–1919)","Portugisisk Forfatter og Bibliotekar, Søn af A. F. de C.",portugisisk,,,M,erhverv »forfatter« 96/98,M,0.0048,0.0015,0.9985,True,M,S2
Reg0046720,Gastrén,(Navnet misforstået?).,,,,,,K,0.9211,0.7864,0.7864,True,,
Reg0046730,"Castro, David de (1798–1876)","Tobaksfabrikant (Gebrüder de Castro), Altona.",,M,fornavn »David« 3/3,M,fornavn »David« 3/3,M,0.4641,0.2145,0.7855,True,M,S2
Reg0046740,"Castro, Ines de (død 1355)","portugisisk Hofdame, Infanten Dom Pedros Elskede.",portugisisk,,,,,M,0.2359,0.0887,0.9113,True,,
Reg0046760,Cathrine,Hønsekone på Basnæs.,,,,,,K,0.9128,0.7674,0.7674,True,,
Reg0046770,Gaubet,"Fransk Operasanger, Amsterdam 20.2.1866.",fransk,,,,,M,0.3445,0.1421,0.8579,True,,
Reg0046780,"Gaus, Salomon de (1576–ca. 1630)",Fransk Ingeniør.,fransk,,,,,M,0.0155,0.0049,0.9951,True,M,S3
Reg0046790,"Gausse, Barthélemey (død 1850, 50 år gl.)",Hofparfumør og Hoffrisør i København.,,,,,,K,0.904,0.7481,0.7481,True,,
Reg0046800,"Cavaignac, Eugène (1802–1857)","Fransk Brigadegeneral, knuste Pariser-Opstanden i Juni 1848.",fransk,,,,,K,0.9554,0.871,0.871,True,,
Reg0046820,"Cavallucci, Antonio (1752–1795)",Italiensk Maler.,italiensk,,,M,erhverv »maler« 78/78,M,0.0192,0.0061,0.9939,True,M,S2
Reg0046880,Gazin,Svigerfader til Chr. A. Benzon.,,,,,,,0.713,0.4392,0.5608,False,,
Reg0046890,Cecilia (død 1530),g. 1525 m. Tiziano Vecellio.,,,,,,,0.8677,0.6741,0.6741,False,,
Reg0046900,Cecilie,Tjenestepige hos Frøknerne Ballin 1875.,,,,,,K,0.8292,0.6048,0.6048,True,,
Reg0046930,"Cellini, Benvenuto (1500–1571)","Italiensk Guldsmed, Medaillør og Billedhugger.",italiensk,,,,,M,0.0208,0.0067,0.9933,True,M,S3
Reg0046940,"Cenci, Beatrice (1577–1599)",Italiensk Adelsdame.,italiensk,,,,,K,0.9176,0.7783,0.7783,True,,
Reg0046970,"Cerillo, Pasquale (død ca. 1858)",Klosterintendant i Napoli.,,,,,,K,0.8969,0.7329,0.7329,True,,
Reg0046990,"Cervantes Saavedra, Miguel de (1547–1616)",Spansk Digter.,spansk,,,M,erhverv »digter« 100/101,M,0.003,0.001,0.999,True,M,S2
Reg0047010,"Cetti, Giovanni Battista (1794–1858)",Operasanger ved Det kgl. Teater 1817–1845.,,,,,,M,0.4078,0.1784,0.8216,True,,
Reg0047060,"Chamisso, Adelbert von (1781–1838)",fransk-tysk Digter og Naturforsker.,fransk,,,M,erhverv »digter« 100/101,M,0.0,0.0,1.0,True,M,S2
Reg0047140,"Championnet, J.-A.-E. (1762–1800)",Fransk General.,fransk,,,,,M,0.0757,0.0252,0.9748,True,,
Reg0047160,Chapay,schweizisk Konsul i Madrid 1862.,schweizisk,,,,,M,0.0952,0.0321,0.9679,True,,
Reg0047170,Charlis,"Ingeniør, Helsingør 30.6.1867.",,,,,,M,0.1231,0.0424,0.9576,True,,
Reg0047200,"Chasles, Philarète (1798–1873)","Fransk Kritiker, 1841 Professor i nordiske Sprog ved Collège de France.",fransk,,,,,K,0.8649,0.6687,0.6687,True,,
Reg0047210,"Chaudet, Antoine Denis (1763–1810)",Fransk Billedhugger.,fransk,,,,,K,0.9977,0.9928,0.9928,True,,
Reg0047220,"Chaunier, J.","Fransk Operasanger, Casino 8.11.1865.",fransk,,,,,M,0.5407,0.2707,0.7293,True,,
Reg0047230,Chaunis,Skræder i Lyon 1846.,,,,,,K,0.8349,0.6145,0.6145,True,,
Reg0047240,"Checcherini, Giuseppe (1777–1840)",Italiensk Librettoforfatter og Skuespiller.,italiensk,,,,,M,0.151,0.0531,0.9469,True,,
Reg0047260,"Cherbuliez, Joël (1806–1870)",Boghandler og Forlægger i Genève.,,,,,,M,0.0048,0.0015,0.9985,True,M,S3
Reg0047270,"Cherbuliez, Victor (1829–1899)","schweizisk Forfatter, Brodersøn af J. C.",schweizisk,,,M,erhverv »forfatter« 96/98,M,0.0135,0.0043,0.9957,True,M,S2
Reg0047280,"Cherubini, Luigi (1760–1842)",italienskfransk Komponist.,italiensk,,,,,M,0.0459,0.0149,0.9851,True,M,S3
Reg0047290,Chevalier,"Købmand i Amsterdam (enten C. le Chevalier, R. le Chevalier eller R. de Chevalier Fzn.).",,,,,,M,0.1253,0.0432,0.9568,True,,
Reg0047310,"Chiaveri, Luigi (død 1837)","Dansk Konsul i Rom, Bankier.",dansk,,,,,M,0.0,0.0,1.0,True,M,S3
Reg0047320,"Chievitz, J. C. (1815–1893)","Kateket i Svendborg 1849, Sognepræst i Faaborg 1859–1889.",,,,,,M,0.121,0.0416,0.9584,True,,
Reg0047340,Chlodvig (Chlodovech) (ca. 466–511),"Frankerrigets Grundlægger, Konge 481.",,,,M,titel »konge« i beskrivelsen,M,0.3714,0.157,0.843,True,M,S2
Reg0047350,"Chopin, Frédéric (1810–1849)",polsk-f ransk Komponist.,polsk,,,,,M,0.0289,0.0093,0.9907,True,M,S3
Reg0047370,Chosrew Pasha,tyrkisk Guvernør i Belgrad (1841).,tyrkisk,,,,,M,0.0857,0.0287,0.9713,True,,
Reg0047390,Christensen,"Barber, Taarbæk 1869.",,,,,,K,0.8457,0.6335,0.6335,True,,
Reg0047420,Christensen,"Jfr., Aalborg 1871.",,,,,,K,0.8771,0.6923,0.6923,True,,
Reg0047430,Christensen,"Købmand, Hamburg 19.6.1831.",,,,,,M,0.0255,0.0082,0.9918,True,M,S3
Reg0047450,Christensen,"vordende Musiker 1875, Elev af Frederik Hilmer.",,,,,,K,0.8308,0.6076,0.6076,True,,
Reg0047480,"Christensen, Alma","Jfr., Horsens 1871.",,K,fornavn »Alma« 3/3,K,fornavn »Alma« 3/3,K,0.9911,0.9723,0.9723,True,K,S2
Reg0047490,"Christensen, C. F. (1805–1883)","Teatermaler ved Det kgl. Teater, tit. Professor 1862.",,,,,,M,0.1541,0.0543,0.9457,True,,
Reg0047500,"Christensen, C. Th. (1832–1905)","Dansk-amerikansk Forretningsmand. Brigadegeneral 1865, 1869–1873 dansk Konsul i New York.",dansk,M,fornavn »Th« 3/3,M,fornavn »Th« 3/3,M,0.069,0.0228,0.9772,True,M,S2
Reg0047510,"Christensen, Christen (1806–1845)",Billedhugger og Medaljør.,,,,,,M,0.0059,0.0019,0.9981,True,M,S3
Reg0047520,"Christensen, Christen (1808–1865)","Postekspeditør i Taastrup, Kammerraad.",,,,,,M,0.0139,0.0044,0.9956,True,M,S3
Reg0047600,"Christensen, Laurits Daniel (1843–1880)","Student 1868, Tegner og Maler.",,M,fornavn »Laurits« 6/6,M,fornavn »Laurits« 6/6,M,0.0,0.0,1.0,True,M,S2
Reg0047710,"Christiani, Rudolf (1797–1858)","dr. jur., Stadssekretær i Lüneburg 1824–1846.",,M,fornavn »Rudolf« 8/8,M,fornavn »Rudolf« 8/8,M,0.0213,0.0068,0.9932,True,M,S2
Reg0047760,"Christides, Demetrios (1795–1879)",græsk Gesandt i Konstantinopel.,græsk,,,M,erhverv »gesandt« 35/35,M,0.0128,0.0041,0.9959,True,M,S2
Reg0047770,Christine,Pige i Frøknerne Rössings Pensionat 1871.,,,,,,K,0.8457,0.6335,0.6335,True,,
Reg0047820,Christophorus,"russisk Officer, Passager på »Leonidas« 1841.",russisk,,,,,M,0.0364,0.0118,0.9882,True,M,S3
Reg0047830,"Giaffei, Francesco (1819–?)","Italiensk Operasanger, optraadte på Hofteatret i København 1842 ff., på Operaen i Stockholm 1848–1849.",italiensk,M,fornavn »Francesco« 3/3,M,fornavn »Francesco« 3/3,M,0.1291,0.0447,0.9553,True,M,S2
Reg0047840,"Cicero, Marcus Tullius (106–43 f.Chr.)",romersk Statsmand og Forfatter.,romersk,,,,,M,0.0,0.0,1.0,True,M,S3
Reg0047850,"Cid, El, Rodrigo Diaz de Vivar, kaldet -","(1045/49–1099), spansk Krigshelt.",spansk,,,,,M,0.3476,0.1438,0.8562,True,,
Reg0047860,"Cimarosa, Domenico (1749–1801)",Italiensk Operakomponist.,italiensk,,,,,M,0.2792,0.1089,0.8911,True,,
Reg0047870,"Civetta, Herri met de Bles, kaldet -","(omkr. 1540), flamsk Maler.",,,,,,M,0.0279,0.009,0.991,True,M,S3
Reg0047950,"Classen, P. H. (1804–1886)","Direktør for det Glassenske Fideikommis, Kammerherre, 1871 Gehejmekonferensraad.",,,,,,M,0.0139,0.0044,0.9956,True,M,S3
Reg0047960,"Claudi, G. B. (1799–1880)","Stifter af Redningsvæsenet på Jyllands Vestkyst, konstitueret Inspektør for Redningsvæsenet 1852–1869, Sandflugtskommissær, Translatør i Engelsk og Tysk i Ribe ",,,,,,M,0.0423,0.0137,0.9863,True,M,S3
Reg0047970,"Clauren, H. (Pseud. f. Karl Heun) (1771–1854)",Tysk Forfatter.,tysk,,,M,erhverv »forfatter« 96/98,M,0.0165,0.0053,0.9947,True,M,S2
Reg0048000,"Clausen, H. N. (1793–1877)",Theolog og Politiker.,,,,,,M,0.003,0.001,0.999,True,M,S3
Reg0048060,"Claussen, K. A. (1843–1895)","Lærereksamen fra Stord Seminarium 1868, derefter på Heltbergs Studenterkursus i Christiania, faldet igennem til Artium 1871, senere Forretningsmand og Journalis",,,,,,M,0.6815,0.4029,0.5971,True,,
Reg0048070,"Clavaud, Armand (1828–efter 1889)","Fransk Botaniker, Bordeaux, Professor 1874.",fransk,,,,,M,0.0048,0.0015,0.9985,True,M,S3
Reg0048080,Clemens III (død 1191),Pave 1187.,,,,M,titel »pave« i beskrivelsen,M,0.1227,0.0422,0.9578,True,M,S2
Reg0048090,Clemens VII (1477–1534),Pave 1523.,,,,M,titel »pave« i beskrivelsen,M,0.1733,0.062,0.938,True,M,S2
Reg0048100,Clemens VIII (1536–1605),Pave 1592.,,,,M,titel »pave« i beskrivelsen,M,0.1227,0.0422,0.9578,True,M,S2
Reg0048110,Clemens XII (1652–1740),Pave 1730.,,,,M,titel »pave« i beskrivelsen,M,0.1733,0.062,0.938,True,M,S2
Reg0048120,Clemens XIII (1693–1769),Pave 1758.,,,,M,titel »pave« i beskrivelsen,M,0.1227,0.0422,0.9578,True,M,S2
Reg0048130,Clemens XIV (1705–1774),Pave 1769.,,,,M,titel »pave« i beskrivelsen,M,0.1733,0.062,0.938,True,M,S2
Reg0048150,"Clementsen, Fr. (1808–1872)","Student 1828, Kabinetssekretær hos Arveprins Ferdinand og hos Arveprinsesse Caroline, Konferensraad.",,M,fornavn »Fr« 3/3,M,fornavn »Fr« 3/3,M,0.003,0.001,0.999,True,M,S2
Reg0048160,Glevermann,"Fransk Tryllekunstner, Paris 13.2.1870.",fransk,,,,,K,0.9478,0.8512,0.8512,True,,
Reg0048190,"Codes, Publius Horatius (ca. 500 f. Chr.)",romersk Helt.,romersk,,,,,M,0.011,0.0035,0.9965,True,M,S3
Reg0048220,"Gohen, den unge",Maxen 29.7.1861.,,,,,,M,0.4106,0.1801,0.8199,True,,
Reg0048240,Cohn,Altona 28.6.1868.,,,,,,M,0.4651,0.2152,0.7848,True,,
Reg0048250,Cohn,"Dansk Handelsmand, Stockholm 18.9.1865.",dansk,,,,,M,0.4835,0.2279,0.7721,True,,
Reg0048350,Coldevin,"genovesisk Marquis, Napoli 7.6.1846.",genovesisk,,,,,K,0.8172,0.5849,0.5849,True,,
Reg0048370,"Colditz, H.F.C. (1786–1872)","Borgmester i Oldesloe, Etatsraad.",,,,,,M,0.0952,0.0321,0.9679,True,,
Reg0048670,"Collin, Hjalmar (1834–1897)","Son af Gottlieb C., Student 1852, cand. phil., Landmand, senere Journalist.",,,,,,M,0.011,0.0035,0.9965,True,M,S3
Reg0048690,"Collin, Jonas d.Æ. (1776–1861)","Finansdeputeret 1816–1848, Direktor for Det kgl. Teater 1821–1829 og 1842–49; Etatsraad 1815, Konferensraad 1829, Gehejmekonferensraad 1847.",,,,,,M,0.0016,0.0005,0.9995,True,M,S3
Reg0048890,"Columbus, Christopher (1446–1506)",Amerikas Opdager.,,,,,,M,0.121,0.0416,0.9584,True,,
Reg0048900,"Conca, Sebastiano (1680–1764)",Italiensk Maler.,italiensk,,,M,erhverv »maler« 78/78,M,0.0423,0.0137,0.9863,True,M,S2
Reg0048910,"Coninck, Adolphe Louis Charles de (1814–1872)","Justitssekretær ved Landsoverretten samt Hof- og Stadsretten, Kancelliraad.",,,,,,M,0.0726,0.0241,0.9759,True,,
Reg0048920,"Coninck, Frédéric de (1740–1811)","Storkøbmand, København.",,M,fornavn »Frédéric« 64/64,M,fornavn »Frédéric« 64/64,M,0.2859,0.1121,0.8879,True,M,S2
Reg0048930,"Coninck, Frédéric de (1779–1852)",Indehaver af en Kommissionsforretning i Paris.,,M,fornavn »Frédéric« 64/64,M,fornavn »Frédéric« 64/64,M,0.0128,0.0041,0.9959,True,M,S2
Reg0048940,"Coninck, I. E. de (død 1874)","Købmand, Christiania.",,,,,,M,0.0192,0.0061,0.9939,True,M,S3
Reg0048970,"Consoni, Nicola (1814–1884)",Italiensk Maler.,italiensk,,,M,erhverv »maler« 78/78,M,0.3886,0.167,0.833,True,M,S2
Reg0049010,"Contarini, Giovanni (1549–1603)",Italiensk Maler.,italiensk,,,M,erhverv »maler« 78/78,M,0.0945,0.0319,0.9681,True,M,S2
Reg0049020,Contessa,Diligence-Passager Firenze-Rom December 1840.,,,,,,K,0.9128,0.7674,0.7674,True,,
Reg0049030,Cook,"rig Englænder, Ejer af Monserrate, Cintra 1866.",,,,,,M,0.0423,0.0137,0.9863,True,M,S3
Reg0049040,"Coomans, Jean-Baptiste (1813–1896)","Belgisk Publicist og Politiker, Udgiver af »La Paix«.",belgisk,,,,,M,0.1229,0.0423,0.9577,True,,
Reg0049050,"Cooper, J. F. (1789–1851)",Amerikansk Romanforfatter.,amerikansk,,,,,M,0.4071,0.178,0.822,True,,
Reg0049060,"Coopmans, Edzard Wilhelm (1782–1853)","Dansk Gesandt i Dresden, 1837 Chargé d’affaires i Brüssel, 1848 Ministerresident i Brüssel og Haag; Kammerherre.",dansk,,,M,erhverv »gesandt« 35/35,M,0.0,0.0,1.0,True,M,S2
Reg0049080,Coosen,Maxen 10.10.1869.,,,,,,K,0.9288,0.8044,0.8044,True,,
Reg0049120,"Coppel, S. (1809–1890)",Bankier i Hannover.,,,,,,M,0.0192,0.0061,0.9939,True,M,S3
Reg0049130,Corally,Vernet 13.7.1846.,,,,,,K,0.8071,0.5688,0.5688,True,,
Reg0049150,Corfitzen,29.11.1866.,,,,,,,0.8396,0.6227,0.6227,False,,
Reg0049160,"Corneille, Pierre (1606–1684)",Fransk Digter.,fransk,,,M,erhverv »digter« 100/101,M,0.0886,0.0297,0.9703,True,M,S2
Reg0049170,Cornelius (?),"slesvigholstensk Advokat, Heidelberg 28.8.1855.",slesvigholstensk,,,,,M,0.102,0.0346,0.9654,True,,
Reg0049220,"Cornut, Romani (1815–?)","Fransk Sproglærer, Journalist og Advokat.",fransk,,,,,M,0.0139,0.0044,0.9956,True,M,S3
Reg0049230,"Correggio, Antonio Allegri (1494–1534)",Italiensk Maler.,italiensk,,,M,erhverv »maler« 78/78,M,0.0213,0.0068,0.9932,True,M,S2
Reg0049240,"Cortes, Th. (1819–1901)","Provinsteaterdirektør 1855–1899, Skuespiller.",,M,fornavn »Th« 3/3,M,fornavn »Th« 3/3,M,0.131,0.0454,0.9546,True,M,S2
Reg0049280,"Coster, Laurens Janszoon (1436–1483)","nævnt som Borger i Haarlem 1440, er i Holland med Urette blevet anset for at være Bogtrykkerkunstens Opfinder.",,,,,,M,0.0663,0.0219,0.9781,True,,
Reg0049340,Coudére,Kommandant i Vernet 1846.,,,,,,M,0.0618,0.0203,0.9797,True,,
Reg0049350,"Coulon (I, 332, Noten), skal være: Colon, Marguerite (se denne).",,,,,,,K,0.8071,0.5688,0.5688,True,,
Reg0049370,"Courländer, Anthon (1820–1880)","cand. phil., senere Ekspeditionssekretær i Hofmarskallatet, udvandret til Amerika ca. 1863.",,M,fornavn »Anthon« 8/8,M,fornavn »Anthon« 8/8,M,0.0146,0.0046,0.9954,True,M,S2
Reg0049470,"Cranach. Barbara, f. Brengbier (død 1540)",g. 1505 m. Lucas C. d.Æ.,,,,,,K,0.8071,0.5688,0.5688,True,,
Reg0049480,"Cranach, Lucas d.Æ. (1472–1553)",Tysk Maler.,tysk,,,M,erhverv »maler« 78/78,M,0.003,0.001,0.999,True,M,S2
Reg0049490,"Cranch, Christopher Pearse (1813–1892)",Amerikansk Maler og Digter.,amerikansk,,,M,erhverv »maler« 78/78,M,0.0,0.0,1.0,True,M,S2
Reg0049530,Crockett,"Amerikansk Familie fra Boston, Genève 15.9.1860.",amerikansk,,,,,K,0.9244,0.7941,0.7941,True,,
Reg0049540,"Cromwell, Oliver (1599–1658)",Lord-Protektor for den engelske Republik.,,,,M,titel »lord« i beskrivelsen,M,0.1265,0.0437,0.9563,True,M,S2
Reg0049560,"Crone, V. (1813–1887)","Politidirektør i København 1863–1887, Etatsraad.",,,,,,M,0.0952,0.0321,0.9679,True,,
Reg0049570,"Cronholm, Bernhard (1813–1871)","fil. mag., Docent i Kemi ved Lunds Universitet, Journalist og Forlagsboghandler i Malmø, 1848–1871 Redaktør af Snäll-posten.",,M,fornavn »Bernhard« 3/3,M,fornavn »Bernhard« 3/3,M,0.0,0.0,1.0,True,M,S2
Reg0049630,"Crusell, Bernhard Henrik (1775–1838)",Svensk Komponist.,svensk,M,fornavn »Bernhard« 3/3,M,fornavn »Bernhard« 3/3,M,0.003,0.001,0.999,True,M,S2
Reg0049650,Crusenstiema,"Fører af Dampskibet Eric Nordwall, Gôta Kanal 1849.",,,,,,K,0.7885,0.5403,0.5403,True,,
Reg0049670,"Cruz, Juan de la",Hotelvært i Murcia 1862.,,,,,,M,0.0,0.0,1.0,True,M,S3
Reg0049710,"Curtius, Marcus",romersk Sagnhelt.,romersk,,,,,M,0.1115,0.0381,0.9619,True,,
Reg0049730,"Cæsar, Gaius Julius (100–44 f. Chr.)","romersk Statsmand, Feltherre og Forfatter.",romersk,,,,,M,0.0,0.0,1.0,True,M,S3
Reg0049750,"Caesar, W. H. (1795–1872)",Dansk Konsul i Bremen.,dansk,,,,,M,0.0952,0.0321,0.9679,True,,
Reg0049790,Daae,"Litterat, Skanderborg 1869.",,,,,,M,0.4071,0.178,0.822,True,,
Reg0049800,"Dael, Jan van (1764–1840)",Belgisk-fransk Blomster- og Frugtmaler.,belgisk,,,,,M,0.0014,0.0005,0.9995,True,M,S3
Reg0049820,Dahl,Glorup 1856 (Siegwald?).,,,,,,K,0.8337,0.6125,0.6125,True,,
Reg0049830,"Dahl, Balduin (1834–1891)",Dirigent (Tivolis Koncertsal) og Dansekomponist.,,,,,,M,0.2801,0.1093,0.8907,True,,
Reg0049870,"Dahl, Fr. C. B. (1822–1920)","Rektor for Slagelse Realskole, Folketingsmand 1876–1892, tit. Professor 1891.",,M,fornavn »Fr« 3/3,M,fornavn »Fr« 3/3,M,0.003,0.001,0.999,True,M,S2
Reg0049990,"Dahlgren, C. F. (1791–1844)","Svensk Digter, Præst ved Storkyrkan i Stockholm.",svensk,,,M,erhverv »digter« 100/101,M,0.003,0.001,0.999,True,M,S2
Reg0050000,"Dahlmann, F. C. (1785–1860)","Tysk Historiker, fra 1842 Professor i Bonn.",tysk,,,,,M,0.3854,0.1651,0.8349,True,,
Reg0050100,"Daisenberger, J. A. (1799–1883)",Sognepræst i Oberammergau 1845.,,,,M,erhverv »sognepræst« 47/47,M,0.121,0.0416,0.9584,True,M,S2
Reg0050110,Dal,holstensk Passager på Dampskibet »Stör« 5.11.1840.,holstensk,,,,,K,0.8167,0.5841,0.5841,True,,
Reg0050140,Dalgas,"»en ung Fætter fra Livorno«, Søn af Konsul Federigo D., Sønnesøn af Chr. A. D.",,,,,,M,0.1057,0.0359,0.9641,True,,
Reg0050240,"Dalström, G. J. af – (1785–1867)","Svensk Generalmajor, som Brigadechef med de svenske Tropper på Fyn Juni-September 1848, senere Landshøvding i Gotlands Len og Kommandant på Øen.",svensk,,,,,M,0.003,0.001,0.999,True,M,S3
Reg0050280,Damekvartet,"svensk, Casino 1871 og 1872 (Fru Petterson, Frøknerne Wideberg, Åberg og Söderlund).",svensk,,,,,K,0.8228,0.5942,0.5942,True,,
Reg0050290,"Damgaard, A. K. (1808–1906)","Student 1828, Sognepræst ved Skt. Knuds Kirke i Odense og Stiftsprovst 1858–1895.",,,,M,erhverv »student« 41/41,M,0.0128,0.0041,0.9959,True,M,S2
Reg0050310,"Damgaard, Søren","Gaardejer i Ulvborg S., 11.7.1859.",,M,fornavn »Søren« 4/4,M,fornavn »Søren« 4/4,M,0.3639,0.1528,0.8472,True,M,S2
Reg0050330,"Dandolo, Enrico (ca. 1108–1205)",Doge i Venezia 1192.,,,,,,M,0.2375,0.0894,0.9106,True,,
Reg0050340,Daniel,Profet.,,,,,,K,0.8116,0.5759,0.5759,True,,
Reg0050350,"Daniel, Samuel (1562–1619)",Engelsk Digter.,engelsk,M,fornavn »Samuel« 4/4,M,fornavn »Samuel« 4/4,M,0.0,0.0,1.0,True,M,S2
Reg0050980,Danneskiolds,(ikke nærmere angivet).,,,,,,K,0.901,0.7416,0.7416,True,,
Reg0051210,Dante Alighieri (1265–1321),Italiensk Digter.,italiensk,,,M,erhverv »digter« 100/101,M,0.2058,0.0755,0.9245,True,M,S2
Reg0051250,Daquin,London 1847.,,,,,,M,0.6784,0.3994,0.6006,True,,
Reg0051270,"Dardel, Fritz von (1817–1901)","Svensk Løjtnant, senere Oberstløjtnant og Kabinetskammerherre, Karikaturtegner og Illustrator.",svensk,M,fornavn »Fritz« 6/6,M,fornavn »Fritz« 6/6,M,0.0,0.0,1.0,True,M,S2
Reg0051290,"Dargaud, Jean-Marie (1800–1866)","Fransk Forfatter (»Voyage en Danemark«, 1861).",fransk,,,M,erhverv »forfatter« 96/98,K,1.0,1.0,1.0,True,M,S2
Reg0051300,Darius III (død 330 f. Chr.),persisk Konge 336–30.,persisk,,,M,titel »konge« i beskrivelsen,M,0.3714,0.157,0.843,True,M,S2
Reg0051310,"Darmstadt, se : Hessen-Darmstadt.",,,,,,,K,0.9772,0.9312,0.9312,True,,
Reg0051380,"Daugaard, J. B. (1796–1867)",Biskop i Ribe.,,,,M,titel »biskop« i beskrivelsen,M,0.2609,0.1002,0.8998,True,M,S2
Reg0051390,"Daumas, Eugène (1803–1871)","Fransk General, Gouvernementskommandant i Bordeaux.",fransk,,,,,M,0.3266,0.1326,0.8674,True,,
Reg0051420,"Dauzats, Adrien (1804–1868)",Fransk Maler.,fransk,,,M,erhverv »maler« 78/78,M,0.003,0.001,0.999,True,M,S2
Reg0051430,"d’Avezac, A. G. V. (1780–1851)",Amerikansk Gesandt i Haag.,amerikansk,,,M,erhverv »gesandt« 35/35,M,0.0181,0.0058,0.9942,True,M,S2
Reg0051450,David,"Armenisk Pater (1841), Passager på Dampskibet Argo.",armenisk,,,,,M,0.3797,0.1617,0.8383,True,,
Reg0051460,"David med Datter, en Hr. –",Rolighed 24.7.1868.,,,,,,M,0.672,0.3925,0.6075,True,,
Reg0051530,"David, Félicien (1810–1876)",Fransk Komponist.,fransk,,,,,M,0.0041,0.0013,0.9987,True,M,S3
Reg0051590,"David, Nathan (Jonas Ferdinand) (død 1841, 68 år gl.)",Købmand i Slagelse.,,,,,,M,0.0,0.0,1.0,True,M,S3
Reg0051620,"David d’Angers, P. J. (1788–1856)",Fransk Billedhugger.,fransk,,,,,M,0.0402,0.013,0.987,True,M,S3
Reg0051660,"Dawison, Bogumil (1818–1872)",Tysk Skuespiller.,tysk,,,M,erhverv »skuespiller« 80/81,M,0.0258,0.0083,0.9917,True,M,S2
Reg0051690,Decebalus (død 107),Dacierfyrste.,,,,,,K,0.8071,0.5688,0.5688,True,,
Reg0051840,"Deen, Isac van (1805–1869)","Professor i Groeningen, dr. med.",,,,,,M,0.1366,0.0475,0.9525,True,,
Reg0051890,"Dehn, Arnold (1839–1889)",Købmand i Hamburg og Manchester.,,,,,,M,0.0135,0.0043,0.9957,True,M,S3
Reg0052000,De la Rose (eller: Roche),"Hovmester i Hotel Rydberg, Stockholm 1865.",,,,,,K,0.7647,0.5061,0.5061,True,,
Reg0052010,Delaunay,"Journalist ved La Liberté, Paris (København 1.10.1870).",,,,,,M,0.5187,0.2536,0.7464,True,,
Reg0052020,"Delavigne, Casimir (1793–1843)",Fransk Skuespildigter.,fransk,,,,,M,0.5257,0.2589,0.7411,True,,
Reg0052040,"Delbanco, Moses (1784–1848)","Overretsprokurator, Kancelliraad.",,,,,,M,0.0135,0.0043,0.9957,True,M,S3
Reg0052080,Delius senior,"Købmand, Malaga 1862.",,,,,,M,0.0158,0.005,0.995,True,M,S3
Reg0052090,"Delius, Ed.","Tysk Købmand, Málaga 1862.",tysk,,,,,M,0.003,0.001,0.999,True,M,S3
Reg0052100,"delle Grazie, Cesare",Passager på Donau-Dampskibet Argo Maj 1841.,,,,,,K,0.8219,0.5926,0.5926,True,,
Reg0052130,Demcray (Danscray?),"(Navnet synes forskrevet), Braunschweig 22.6.1844.",,,,,,K,0.8885,0.7153,0.7153,True,,
Reg0052140,Demetri,"græsk Dreng, 10.4.1841.",græsk,,,,,M,0.7442,0.4784,0.5216,True,,
Reg0052150,Demosthenes (383–22 f.Chr.),Atheniensisk Taler og Statsmand.,atheniensisk,,,,,M,0.0952,0.0321,0.9679,True,,
Reg0052170,"Denner, Balthasar (1685–1749)",Tysk Portrætmaler.,tysk,,,,,M,0.0128,0.0041,0.9959,True,M,S3
Reg0052180,"Dentu, E. (1830–1884)",Fransk Forlagsboghandler.,fransk,,,,,M,0.0402,0.013,0.987,True,M,S3
Reg0052220,"Descombaz, Edouard Aimé",Præst i Geneve 1868.,,M,fornavn »Edouard« 3/3,M,fornavn »Edouard« 3/3,M,0.0,0.0,1.0,True,M,S2
Reg0052270,Dessauer,,,,,,,,0.8205,0.5904,0.5904,False,,
Reg0052520,Dickson,Göteborg 1.8.1871.,,,,,,K,0.9158,0.7742,0.7742,True,,
Reg0052550,"Dietrichson, L. (1834–1917)","Norsk Kunstog Litteraturhistoriker, Docent ved Uppsala Universitet, 1869 Professor ved Kunstakademiet i Stockholm, 1875 Professor i Kunsthistorie i Christiania.",norsk,,,,,M,0.0757,0.0252,0.9748,True,,
Reg0052590,"Diis, Abbed","Grevinde Elise Moltke-Hvitfeldts Sjælesørger, Glorup August 1856.",,,,,,M,0.1823,0.0657,0.9343,True,,
Reg0052600,"Dinesen, A. W. (1807–1876)","Premierløjtnant i Artilleriet, senere Major og Besidder af Katholm.",,,,M,erhverv »premierløjtnant« 39/39,M,0.0,0.0,1.0,True,M,S2
Reg0052660,Diogenes fra Sinope (ca. 412–ca. 324 f. Chr.),græsk Filosof.,græsk,,,,,M,0.358,0.1495,0.8505,True,,
Reg0052710,"D’Israeli, Benjamin (1804–1881)","Engelsk Statsmand og Forfatter, 1876 Jarl af Beaconsfield.",engelsk,,,,,M,0.0,0.0,1.0,True,M,S3
Reg0052790,"Djørup, C. (1804–1879)","Sognepræst og Provst i Hjørring 1851–1863, 1863 i Karlebo.",,,,M,erhverv »sognepræst« 47/47,M,0.0734,0.0244,0.9756,True,M,S2
Reg0052810,"Dobroslavich, Marco",Fører af Donau-Dampskibet Argo 1841.,,,,,,M,0.213,0.0786,0.9214,True,,
Reg0052850,"Dodt, Beatus (1817–1901)",Forfatter.,,,,M,erhverv »forfatter« 96/98,M,0.0048,0.0015,0.9985,True,M,S2
Reg0052860,"Dohlmann, S.F.A. (1839–1922)","Reserveofficersaspirant 1864, Sekondløjtnant s.A., 1893 Afskedspatent som Kaptajn, Fabrikant.",,,,,,M,0.0,0.0,1.0,True,M,S3
Reg0052870,"Dohna, Christoffer von (1628–1668)",Svensk Feltmarskal.,svensk,,,,,M,0.0855,0.0286,0.9714,True,,
Reg0052910,"Dolez, Hubert (1833–1898)","Belgisk Gesandt i Bern 1873, senere Guvernør i Brabant.",belgisk,,,M,erhverv »gesandt« 35/35,M,0.0,0.0,1.0,True,M,S2
Reg0052930,"Domenichino, Domenico Zampieri, kaldet - (1581–1641)",Italiensk Maler.,italiensk,,,M,erhverv »maler« 78/78,M,0.0146,0.0046,0.9954,True,M,S2
Reg0052940,"Domitianus, Titus Flavius (51–96)",romersk Kejser 81.,romersk,,,M,titel »kejser« i beskrivelsen,M,0.0213,0.0068,0.9932,True,M,S2
Reg0052950,Domprovsten fra Altenburg,Weimar 5.9.1857.,,,,,,K,0.812,0.5765,0.5765,True,,
Reg0052960,"Donatello, Donato di Niccolo di Betto Bardi, kaldet - (ca. 1386–1466)",Italiensk Billedhugger.,italiensk,,,,,M,0.0402,0.013,0.987,True,M,S3
Reg0052970,"Donizetti, Gaetano (1797–1848)",Italiensk Operakomponist.,italiensk,,,,,M,0.6262,0.3456,0.6544,True,,
Reg0053010,"Donner, C. H. (1774–1854)","Storkøbmand i Altona, Konferensraad.",,,,,,M,0.0139,0.0044,0.9956,True,M,S3
Reg0053050,"Dons, Andreas (1794–1868)","Besidder af Hesselagergaard, Etatsraad.",,M,fornavn »Andreas« 3/3,M,fornavn »Andreas« 3/3,M,0.0,0.0,1.0,True,M,S2
Reg0053150,"Dorph-Petersen, J. F. (1845–1927)","Skuespiller ved Det kgl. Teater 1867, ved Folketeatret 1870, Direktør sst. 1900–1908, tit. Professor 1908.",,,,M,erhverv »skuespiller« 80/81,M,0.0,0.0,1.0,True,M,S2
Reg0053170,"Dorrien, L. H. von (1796–1858)",Landfoged på Før.,,,,,,M,0.6404,0.3596,0.6404,True,,
Reg0053210,"Dorset, Thomas Sackville, Jarl af – (1536–1608)",Engelsk Digter.,engelsk,,,M,erhverv »digter« 100/101,M,0.0298,0.0096,0.9904,True,M,S2
Reg0053230,"Dotézac, A. (1808–1889)",Fransk Gesandt i København 1848–1869.,fransk,,,M,erhverv »gesandt« 35/35,M,0.0135,0.0043,0.9957,True,M,S2
Reg0053240,Dotti,"Bankier, Lissabon 1866.",,,,,,M,0.0192,0.0061,0.9939,True,M,S3
Reg0053250,"Dou, Gerrit (Gerard) (1613–1675)",Hollandsk Maler.,hollandsk,,,M,erhverv »maler« 78/78,M,0.0423,0.0137,0.9863,True,M,S2
Reg0053300,"Drachmann, A. G. (1810–1892)","Læge, Ortopæd, 1860 tit. Professor.",,,,,,M,0.151,0.0531,0.9469,True,,
Reg0053340,"Dreves, Leberecht (1818–1870)","Tysk lyrisk Digter, Advokat i Hamburg, Notar sst. 1847–1861.",tysk,,,,,M,0.0,0.0,1.0,True,M,S3
Reg0053520,"Drewsen, J. G. (1777–1851)","Halvbroder til Adolph D., Papirmøller på Strandmøllen, Stænderdeputeret, Kammerraad.",,,,,,M,0.0734,0.0244,0.9756,True,,
Reg0053700,Dreyer (Dreier?),Glorup 16.8.1856.,,,,,,K,0.8457,0.6335,0.6335,True,,
Reg0053720,"Dreyer, J. C. (1832–1897)","cand. jur., Redaktør af Fyens Stiftstidende 1862–1892, Kancelliraad, senere Etatsraad.",,,,M,erhverv »cand« 57/57,M,0.003,0.001,0.999,True,M,S2
Reg0053810,"Drucker, Heyman (1819–1897)",Grosserer.,,,,,,M,0.0,0.0,1.0,True,M,S3
Reg0053860,Droscher,"Menig, 9. Infanteri-Regiment, 8. Kompagni, Nr. 405 (1864).",,,,,,K,0.8457,0.6335,0.6335,True,,
Reg0053870,"Dubois, Cecile (1844–1919)",g. 1862 m. Jules F. A. Jürgensen.,,,,,,K,0.9105,0.7623,0.7623,True,,
Reg0053880,"Du Bois, Henricus Garel, dr. (1814–1880)","Hollandsk Ministerresident i København 1856–1860, senere i Konstantinopel.",hollandsk,,,,,M,0.0014,0.0005,0.9995,True,M,S3
Reg0053910,Duej Frederik (1796–1873),"Norsk Statsminister i Stockholm 1841, svensk-norsk Gesandt i Wien 1858–1871.",norsk,,,,,M,0.0117,0.0037,0.9963,True,M,S3
Reg0053940,Dulaurens,Operasanger ved Den store Opera i Paris 1862–1872.,,,,,,M,0.2896,0.1139,0.8861,True,,
Reg0053950,"Dulcken, H. W. (1832–1894)","dr.phil., engelsk Litterat, Oversætter af H.C. Andersens Eventyr.",,,,,,M,0.2701,0.1045,0.8955,True,,
Reg0053980,Dumalattre (?),"Fransk Danser, Paris 6.4.1843.",fransk,,,,,K,0.87,0.6784,0.6784,True,,
Reg0053990,"Dumas, Alexandre Davy de La Pailleterie (1762–1806)",Fransk General.,fransk,,,,,M,0.0041,0.0013,0.9987,True,M,S3
Reg0054030,Dumreicher,"(»den unge«), Rendsborg 20.7.1851.",,,,,,K,0.9022,0.744,0.744,True,,
Reg0054040,"Dumreicher, C. O. (1799–1875)","1. Deputeret i det slesvig-holsten-lauenborgske Kancelli, 1849–1850 Departementschef under den blandede Bestyrelseskommission for Slesvig, 1853 Amtmand over Rei",,,,,,,0.0956,0.0323,0.9677,False,,
Reg0054110,"du Plat, Cæsar (1804–1874)","Premierløjtnant i Kavalleriet, 1839 Ritmester, 1848 Major, gik s.A. over til Insurgenterne, 1852 udelukket fra Amnestien, Kostskoleleder i Hamburg, Kammerjunker",,,,M,erhverv »premierløjtnant« 39/39,M,0.0,0.0,1.0,True,M,S2
Reg0054140,"Duprato, J. (1827–1892)",Fransk Komponist.,fransk,,,,,M,0.2693,0.1041,0.8959,True,,
Reg0054150,"Duprez, Gilbert-Louis (1806–1896)",Fransk Operasanger og Komponist.,fransk,,,,,M,0.003,0.001,0.999,True,M,S3
Reg0054170,"Du Puy, Edouard (ca. 1770–1822)","Komponist, Violinist, Kapelmester og Sanger.",,M,fornavn »Edouard« 3/3,M,fornavn »Edouard« 3/3,M,0.0,0.0,1.0,True,M,S2
Reg0054190,"Duranti, Pietro","Italiensk Tapetmager, virkede ca. 1757–1786.",italiensk,,,,,K,0.7929,0.547,0.547,True,,
Reg0054210,von Duscher,"sachsisk Løjtnant, indkvarteret på Maxen August 1857.",sachsisk,,,,,M,0.3112,0.1247,0.8753,True,,
Reg0054260,"Dyck, A. van (1599–1641)",flamsk Maler.,flamsk,,,M,erhverv »maler« 78/78,M,0.0423,0.0137,0.9863,True,M,S2
Reg0054290,"Dürer, Albrecht (1471–1528)","Tysk Maler, Kobberstikker og Tegner.",tysk,,,M,erhverv »maler« 78/78,M,0.003,0.001,0.999,True,M,S2
Reg0054300,von Düring,"ung tysk Baron, der skriver Digte (1869).",,,,M,titel »baron« i beskrivelsen,M,0.3714,0.157,0.843,True,M,S2
Reg0054310,"Düring, Ernestine von (1789–1860)",Hofdame hos Enkedronning Marie Sophie Frederikke.,,K,fornavn »Ernestine« 3/3,K,fornavn »Ernestine« 3/3,K,1.0,1.0,1.0,True,K,S2
Reg0054390,Dyveke (død 1517),Christian II's Frille.,,,,,,K,0.8071,0.5688,0.5688,True,,
Reg0054400,"Döbler, Döbel, Dupel","F. A. Serres Svoger, Koncertmester, Gotha.",,,,,,M,0.3601,0.1507,0.8493,True,,
Reg0054460,"Döring, Th. (Pseud, for Theodor Häring) (1803–1878)",Tysk Skuespiller.,tysk,M,fornavn »Th« 3/3,M,fornavn »Th« 3/3,M,0.1189,0.0408,0.9592,True,M,S2
Reg0054470,Dörr,Málaga 4.10.1862.,,,,,,K,0.8034,0.5631,0.5631,True,,
Reg0054480,Eaton,"Engelsk Diligencepassager, Bologna 10.12.1840.",engelsk,,,,,K,0.9724,0.9175,0.9175,True,,
Reg0054520,Eben,fra Württemberg (Béziers 4.7.1846).,,,,,,K,0.9487,0.8535,0.8535,True,,
Reg0054530,"Eberhard, Gottlob (1769–1845)",Tysk Forfatter.,tysk,,,M,erhverv »forfatter« 96/98,M,0.0243,0.0078,0.9922,True,M,S2
Reg0054580,"Eckard, F. A. (1805–1867)","Medlem af den holstenske Overret i Glückstadt, senere Direktør for Tugthuset sst., Kammerjunker.",,,,,,M,0.0146,0.0046,0.9954,True,M,S3
Reg0054610,"Eckardt, G. E. (1825–1907)","Proprietær, Gathrineholm, Krummerup S., 0. Flakkebjerg H.",,,,,,M,0.0423,0.0137,0.9863,True,M,S3
Reg0054710,"Eckersberg, C. W. (1783–1853)",Maler.,,,,M,erhverv »maler« 78/78,M,0.0423,0.0137,0.9863,True,M,S2
Reg0054760,Eckmeyer,"Revisor, Karantænen i Orsova 22.5.1841.",,,,,,K,0.8457,0.6335,0.6335,True,,
Reg0054780,"Edenhielm, Gillis (1778–1862)","Landshøvding over Göteborgs og Bohus Len 1835–1843, Generalmajor.",,,,,,M,0.0,0.0,1.0,True,M,S3
Reg0054910,Egloffstein,"Grevinde, München 23.6.1852.",,,,K,titel »grevinde« i beskrivelsen,M,0.3265,0.1326,0.8674,True,K,S2
Reg0054970,"Ehlern, Bendt Didrik (1808–1866)","Toldkontrollør i København, senere Kortstemplingsforvalter, Kammerassessor.",,,,,,K,0.8885,0.7153,0.7153,True,,
Reg0054980,"Ehlers, E. D. (1812–1893)","Fabrikkontrollør i Altona, 1858 teknisk Borgmester i Kbhvn., Etatsraad 1852, Konferensraad 1872.",,,,,,M,0.0048,0.0015,0.9985,True,M,S3
Reg0055000,"Ehrenborg, Casper (1788–1823)",Vice-Landshøvding i Skaraborgs Len.,,,,,,M,0.121,0.0416,0.9584,True,,
Reg0055020,"Ehrenstrahl, David Klöcker von (1629–1698)",Svensk Maler.,svensk,M,fornavn »David« 3/3,M,fornavn »David« 3/3,M,0.0272,0.0087,0.9913,True,M,S2
Reg0055070,Eichhof,"Tysk Arkitekt, Athen 12.4.1841.",tysk,,,,,M,0.0423,0.0137,0.9863,True,M,S3
Reg0055090,Eichthal,Bankier i München 1840.,,,,,,M,0.0601,0.0198,0.9802,True,M,S3
Reg0055100,"Eilschou, Andreas (1808–1890)",Apoteker i Lemvig 1846.,,M,fornavn »Andreas« 3/3,M,fornavn »Andreas« 3/3,M,0.0016,0.0005,0.9995,True,M,S2
Reg0055130,"Eisen, Jomfru",Paris 11.4.1843.,,,,,,K,0.9057,0.7518,0.7518,True,,
Reg0055220,Ekheldt,"Fører af Dampskibet Niord, Gota Kanal 1849.",,,,,,M,0.6698,0.3901,0.6099,True,,
Reg0055240,Ellan,"Engelsk Passager på Dampskibet Polhem, Gota-Kanalen 22.5.1849.",engelsk,,,,,K,0.8701,0.6787,0.6787,True,,
Reg0055260,"Ellis, R. S. (ca. 1810–87)",Engelsk Præst i København 1834–1883.,engelsk,,,,,M,0.1844,0.0665,0.9335,True,,
Reg0055270,"Elmquist, A. F. (1788–1868)","Overkrigskommissær, Redaktør af Aarhuus Stiftstidende.",,,,,,M,0.2406,0.0908,0.9092,True,,
Reg0055410,"Engelbrecht, C. W. (død 1906, 87 år gl.)","Bade-Entreprenør, Langelinies militære Badeanstalt.",,,,,,K,0.87,0.6784,0.6784,True,,
Reg0055440,Engelhardt,"Tysk Rejsende fra Sachsen, Barcelona 14.9.1862.",tysk,,,,,K,0.7685,0.5114,0.5114,True,,
Reg0055460,"Engelstoft, C. T. (1805–1889)","Biskop over Fyns Stift 1852–1889, Kirkehistoriker.",,,,M,titel »biskop« i beskrivelsen,M,0.151,0.0531,0.9469,True,M,S2
Reg0055590,"English, Th. A. (1819–1889)",Ingeniør (Firma: English & Hanssen).,,M,fornavn »Th« 3/3,M,fornavn »Th« 3/3,M,0.0952,0.0321,0.9679,True,M,S2
Reg0055600,"Enholm, Lorentz Peter (død 1841)",Skuespiller ved Det kgl. Teater.,,M,fornavn »Lorentz« 3/3,M,fornavn »Lorentz« 3/3,M,0.0146,0.0046,0.9954,True,M,S2
Reg0055610,"Épée, Charles-Michel, Abbé de 1’ (1712–1789)",Grundlæggeren af den skolemæssige Døvstummeundervisning.,,,,,,M,0.4282,0.191,0.809,True,,
Reg0055620,"Erichsen, Erich (1752–1837)","Storkøbmand, kgl. Agent.",,M,fornavn »Erich« 11/11,M,fornavn »Erich« 11/11,M,0.0,0.0,1.0,True,M,S2
Reg0055640,"Ericsson, Eric (1801–1884)","Andre Major, Wästgötha-Dahls Regemente, 1863 Postinspektor i Venersborg.",,M,fornavn »Eric« 11/11,M,fornavn »Eric« 11/11,M,0.4729,0.2205,0.7795,True,M,S2
Reg0055680,"Ernlund, Brita Helena (1766–1841)","Demoiselle, GI. Uppsala.",,,,,,K,0.9911,0.9723,0.9723,True,,
Reg0055760,"Es, Jacop van (død 1666)",flamsk Maler.,flamsk,,,M,erhverv »maler« 78/78,M,0.0423,0.0137,0.9863,True,M,S2
Reg0055860,"l’Escaille, Sidonie Constance Henriette de",Prinsesserne Dagmars og Thyras Guvernante.,,K,fornavn »Sidonie« 3/3,K,fornavn »Sidonie« 3/3,K,0.9966,0.9891,0.9891,True,K,S2
Reg0055880,"Espalter y Rull, Joaquin (1809–1880)",katalansk Maler.,katalansk,,,M,erhverv »maler« 78/78,M,0.0048,0.0015,0.9985,True,M,S2
Reg0055890,Espinosa,"Fransk Balletmester, Folketeatret August 1865.",fransk,,,,,K,0.8638,0.6667,0.6667,True,,
Reg0055930,"Esslair, Ferd. Joh. Bapt. (1772–1840)",Tysk Skuespiller.,tysk,,,M,erhverv »skuespiller« 80/81,M,0.0269,0.0086,0.9914,True,M,S2
Reg0055960,"Estrup, H. F. J. (1794–1846)","Direktor for Sorø Akademi 1831–1837, Historiker og Godsejer.",,,,,,M,0.003,0.001,0.999,True,M,S3
Reg0056020,Euripides (480(?)-406 f. Chr.),græsk Tragediedigter.,græsk,,,,,K,0.8814,0.701,0.701,True,,
Reg0056030,"Evans, F. M. (1803–1870)",Engelsk Bogtrykker og Forlægger (Bradbury & Evans).,engelsk,,,,,M,0.0423,0.0137,0.9863,True,M,S3
Reg0056070,"Everdingen, Allart van (1621–1675)",Hollandsk Landskabsmaler.,hollandsk,,,,,M,0.0192,0.0061,0.9939,True,M,S3
Reg0056090,Ewald. Madam,Vaagekone (December 1872).,,,,,,K,0.8823,0.7027,0.7027,True,,
Reg0056140,"Ewerlöf, Frans Anton (1799–1883)","svensk-norsk Generalkonsul i København 1833–1851, 1857–1881.",svensk,M,fornavn »Frans« 9/9,M,fornavn »Frans« 9/9,M,0.0,0.0,1.0,True,M,S2
Reg0056150,"Excüll, se: Üxküll.",,,,,,,K,0.8885,0.7153,0.7153,True,,
Reg0056200,"Faaborg, Th. (1814–1864)",Oberst.,,M,fornavn »Th« 3/3,M,fornavn »Th« 3/3,M,0.0757,0.0252,0.9748,True,M,S2
Reg0056220,"Fåhræus, Olof Immanuel (1796–1884)","Tvillingbroder til J.F.F., Landshøvding i Göteborg, Politiker, Entomolog.",,,,,,M,0.0261,0.0084,0.9916,True,M,S3
Reg0056290,Fabricius,Augustenborg 19.9.1844.,,,,,,K,0.9013,0.7421,0.7421,True,,
Reg0056630,"Falck, P.","Fører af Dampskibet Polhem, Göta Kanal 1849.",,,,,,K,0.8158,0.5828,0.5828,True,,
Reg0056640,Falconet,Bankier i Napoli.,,,,,,M,0.0618,0.0203,0.9797,True,,
Reg0056670,"Falkenberg, Henric Gabriel (1818–1882)",Svensk Kabinetskammerherre.,svensk,M,fornavn »Henric« 14/14,M,fornavn »Henric« 14/14,M,0.5507,0.2787,0.7213,True,M,S2
Reg0056720,"Falkenstein, Constantin (1801–1855)","Overbibliotekar ved Det kgl. Bibliotek i Dresden, Hofraad.",,M,fornavn »Constantin« 3/3,M,fornavn »Constantin« 3/3,M,0.0597,0.0196,0.9804,True,M,S2
Reg0056760,"Fallesen, Edv. (1817–1894)","Oberst i Forstærkningen, Kommandant på Bornholm, 1876 Chef for Det kgl. Teater, Kammerherre 1872.",,,,,,M,0.0139,0.0044,0.9956,True,M,S3
Reg0056790,"Falsen, Enevold de (1812–1867)","Kaptajn II i Livgarden, Afsked 1849, Ejer af Søbysøgaard.",,,,,,M,0.0,0.0,1.0,True,M,S3
Reg0056810,Fangel,Før 31.8.1844.,,,,,,K,0.7885,0.5403,0.5403,True,,
Reg0056820,"Farina, J. M.","Parfumefabrikant (Eau de Cologne), Köln.",,,,,,K,0.9057,0.7518,0.7518,True,,
Reg0056850,Farrobo (1801–1869),"portugisisk Greve, tidligere Baron Quintela.",portugisisk,,,M,titel »greve« i beskrivelsen,M,0.4071,0.178,0.822,True,M,S2
Reg0056860,"Fauconnet, Charles-Isaac-Joseph (1811–1876)","Læge i Nyon, schweizisk Botaniker.",,,,,,M,0.0014,0.0005,0.9995,True,M,S3
Reg0056900,"Favre-Favre, Fritz","President du College des anciens d’église, le Locle.",,M,fornavn »Fritz« 6/6,M,fornavn »Fritz« 6/6,M,0.0269,0.0086,0.9914,True,M,S2
Reg0056910,"Faye, Andreas (1802–1869)","Norsk cand. theol., senere Provst i Nordre Jarlsberg Provsti.",norsk,M,fornavn »Andreas« 3/3,M,fornavn »Andreas« 3/3,M,0.003,0.001,0.999,True,M,S2
Reg0057000,"Fearnley, Thomas (1802–1842)",Norsk Landskabsmaler.,norsk,,,,,M,0.0182,0.0058,0.9942,True,M,S3
Reg0057010,"Feddersen, Benjamin (1824–1902)","Pianist, Musiklærer, Oversætter og Bearbejder af Skuespil for Casino.",,,,,,M,0.0425,0.0138,0.9862,True,M,S3
Reg0057020,"Feddersen, Fr. (1805–1863)","cand. jur., 1835 Auditør, 1841 Medlem af Østifternes Stænderforsamling, 1842 Kommitteret i General-Toldkammer- og Kommercekollegiet, 1851–1855 Guvernør for de d",,M,fornavn »Fr« 3/3,M,fornavn »Fr« 3/3,M,0.0,0.0,1.0,True,M,S2
Reg0057050,"Feddersen, Søren (1866)",,,M,fornavn »Søren« 4/4,M,fornavn »Søren« 4/4,M,0.3112,0.1247,0.8753,True,M,S2
Reg0057060,Federl,Oberammergau 1860.,,,,,,K,0.8071,0.5688,0.5688,True,,
Reg0057080,"Feisthamel, J.","Baron, Geneve 1860.",,,,M,titel »baron« i beskrivelsen,M,0.3714,0.157,0.843,True,M,S2
Reg0057120,"Fenger, C. E. (1814–1884)","Læge og Politiker, Finansminister 1859–1863 og 1870–1872, Finansborgmester i København 1873, Professor ved Universitetet og Direktør for Landbohøjskolen.",,,,,,M,0.0,0.0,1.0,True,M,S3
Reg0057200,Fenzi,"Bankier, Firenze.",,,,,,M,0.0346,0.0112,0.9888,True,M,S3
Reg0057260,Femanda,"prostitueret Tyrkinde, Paris 17.5.1868.",,,,,,K,0.8996,0.7385,0.7385,True,,
Reg0057270,"Fernandes, Vasco (død mellem 1541 og 1543)",portugisisk Maler.,portugisisk,,,M,erhverv »maler« 78/78,M,0.0181,0.0058,0.9942,True,M,S2
Reg0057280,"Ferrari, Francesco","Kammertjener hos F. S. Vogt, senere Hotelvært i Napoli.",,M,fornavn »Francesco« 3/3,M,fornavn »Francesco« 3/3,M,0.0164,0.0052,0.9948,True,M,S2
Reg0057290,"Ferrini, W. Th. (død 1841)",Restauratør.,,M,fornavn »Th« 3/3,M,fornavn »Th« 3/3,M,0.6911,0.4137,0.5863,True,M,S2
Reg0057370,"Fesch, Giuseppe (1763–1839)","Kardinal, Napoléon I's Morbroder, Kunstsamler.",,,,M,titel »kardinal« i beskrivelsen,M,0.0213,0.0068,0.9932,True,M,S2
Reg0057380,Feuerherd,"fra Portugal, Dresden 30.10.1860.",,,,,,K,0.9235,0.792,0.792,True,,
Reg0057460,Fich,Hotelvært i Malmø 1839.,,,,,,M,0.0209,0.0067,0.9933,True,M,S3
Reg0057470,"Fick, Joh. Chr. (1788–1864)","Auktionsdirektør i København, Justitsraad.",,,,,,M,0.0326,0.0105,0.9895,True,M,S3
Reg0057520,"Fiesoie, Giovanni da (1387–1455)",Italiensk Maler.,italiensk,,,M,erhverv »maler« 78/78,M,0.0618,0.0203,0.9797,True,M,S2
Reg0057600,"Finsen, Hilmar (1824–1886)","Stiftamtmand (Landshøvding) på Island 1865, Overpræsident i København 1883, Indenrigsminister 1883–1885, derpaa igen Overpræsident.",,,,,,M,0.0142,0.0045,0.9955,True,M,S3
Reg0057780,"Flacknecker, Wolfgang Ferdinand (1792–efter 1847)",Tysk Maler og Litograf.,tysk,M,fornavn »Wolfgang« 3/3,M,fornavn »Wolfgang« 3/3,M,0.0041,0.0013,0.9987,True,M,S2
Reg0057790,"Fladager, Ole (1832–1871)",Norsk Billedhugger.,norsk,M,fornavn »Ole« 4/4,M,fornavn »Ole« 4/4,M,0.0175,0.0056,0.9944,True,M,S2
Reg0057800,"Flaminius, Gaius (død 217 f. Chr.)",romersk Statsmand og Feltherre.,romersk,,,,,M,0.0,0.0,1.0,True,M,S3
Reg0057810,"Fleischer, Eilert H.",svensk-norsk Konsul i Napoli.,svensk,,,,,M,0.003,0.001,0.999,True,M,S3
Reg0057820,"Fleischer, Esaias (1732–1804)","Amtmand, Naturhistoriker, økonomisk og theologisk Forfatter, Konferensraad.",,,,,,M,0.0,0.0,1.0,True,M,S3
Reg0057860,"Flensborg, Thøger (1820–1869)",Sognepræst til Haurum og Sald.,,,,M,erhverv »sognepræst« 47/47,M,0.0146,0.0046,0.9954,True,M,S2
Reg0057880,Flindt(?),8.9.1859.,,,,,,,0.8349,0.6145,0.6145,False,,
Reg0057900,"Flindt, H. A. (1822–1901)","Landskabsgartner, 1877 Inspektør for de kgl. Lysthaver.",,,,,,M,0.0753,0.025,0.975,True,,
Reg0057930,"Floderus, Manfred Mustafa (1832–1909)","Lektor i Naturvidenskab ved Uppsala Katedralskole, fil. dr., 1866 Rektor sst.",,,,,,M,0.0,0.0,1.0,True,M,S3
Reg0057960,"Flor, Ferd. (1793–1881)",Tysk Maler.,tysk,,,M,erhverv »maler« 78/78,M,0.0128,0.0041,0.9959,True,M,S2
Reg0057980,Florio,Fører af Dampskibet Ferdinand I 1841.,,,,,,K,0.7885,0.5403,0.5403,True,,
Reg0058020,Foersom,"Tryllekunstner, 14.1.1868.",,,,,,M,0.7536,0.491,0.509,True,,
Reg0058070,Fog,"Dansk Turist med Frue og Børn, Brunnen 19.6.1873.",dansk,,,,,K,0.812,0.5765,0.5765,True,,
Reg0058080,"Fog, Bruun Juul (1819–1896)","dr. phil., 1857 residerende Kapellan ved Holmens Kirke, 1867 Holmens Provst, 1881 Biskop i Aarhus, 1884 Sjællands Biskop.",,,,M,titel »biskop« i beskrivelsen,M,0.0977,0.033,0.967,True,M,S2
Reg0058120,"Fogelberg, B. E. (1786–1854)",Svensk Billedhugger.,svensk,,,,,M,0.0738,0.0245,0.9755,True,,
Reg0058140,"Folchi, Clemente",Italiensk Arkitekt.,italiensk,,,,,M,0.5267,0.2598,0.7402,True,,
Reg0058160,"Foltz, Philipp (1805–1877)",Tysk Historiemaler og Genremaler.,tysk,M,fornavn »Philipp« 5/5,M,fornavn »Philipp« 5/5,M,0.0757,0.0252,0.9748,True,M,S2
Reg0058170,"Fonnesbech, C. A. (1817–1880)","Godsejer, Folketingsmand 1858–1872, Finansminister 1865, 1870 Indenrigsminister, KonsejIspræsident 1874–1875, Kammerherre 1868, Gehejmekonferensraad 1876.",,,,,,M,0.0,0.0,1.0,True,M,S3
Reg0058200,"Forchhammer, G. (1794–1865)","Professor i Mineralogi og Geognosi ved Københavns Universitet, Etatsraad 1851, Konferensraad 1857.",,,,,,M,0.0048,0.0015,0.9985,True,M,S3
Reg0058230,"Forestier Demours, Léon","Fransk Journalist, deltog i Journalistbesøget i København August 1867.",fransk,,,,,M,0.0597,0.0196,0.9804,True,M,S3
Reg0058250,"Foroni, Jacopo (1825–1858)","Italiensk Komponist, 1849 Hofkapelmester ved den kgl. Opera i Stockholm.",italiensk,,,,,M,0.3493,0.1448,0.8552,True,,
Reg0058300,"Foscarini, Marco Trabaudi","Italiensk Advokat, italiensk Konsul i København 1869.",italiensk,,,,,M,0.0202,0.0065,0.9935,True,M,S3
Reg0058330,Fouché,"Greve fra Dijon, bor i Dresden med sin Moder, Maxen 10.10.1869.",,,,M,titel »greve« i beskrivelsen,M,0.7215,0.4496,0.5504,True,M,S2
Reg0058370,"Fournel, Victor (1829–1894)","Fransk Journalist, Litteraturhistoriker og Topograf.",fransk,,,,,M,0.003,0.001,0.999,True,M,S3
Reg0058380,Foy. C. A.,"stud, philos., Boston (München 21.6.1852).",,,,,,K,0.8885,0.7153,0.7153,True,,
Reg0058390,"Foy, Maximilien-Sébastian (1775–1825)",Fransk General.,fransk,,,,,M,0.0,0.0,1.0,True,M,S3
Reg0058400,Foyr,Le Locle 4.9.1833.,,,,,,K,0.8427,0.6282,0.6282,True,,
Reg0058480,"Fraenckel, Sally (1820–1886)",Tapetfabrikant.,,M,fornavn »Sally« 3/3,M,fornavn »Sally« 3/3,K,0.802,0.5609,0.5609,True,M,S2
Reg0058500,"Francesca, Piero della (1416–1492)",Italiensk Maler.,italiensk,,,M,erhverv »maler« 78/78,M,0.0423,0.0137,0.9863,True,M,S2
Reg0058510,"Francia, Francesco (1450–1517)",Italiensk Maler.,italiensk,M,fornavn »Francesco« 3/3,M,fornavn »Francesco« 3/3,M,0.0184,0.0059,0.9941,True,M,S2
Reg0058520,Francisque,"Fransk Skuespiller, Medlem af Delcours Selskab fra Berlin.",fransk,,,M,erhverv »skuespiller« 80/81,M,0.2266,0.0846,0.9154,True,M,S2
Reg0058550,"Frandsen, P. S. (1797–1881)","dr. phil., 1854 Director for og 1. Lærer ved Real-Gymnasiet i Rendsborg.",,,,,,M,0.121,0.0416,0.9584,True,,
Reg0058750,Franz (Rössler-Franz),"Hotelejerdynasti i Via Condotti, Rom.",,,,,,K,0.8617,0.6626,0.6626,True,,
Reg0058760,"Franzén, Frans Mikael (1772–1847)","finlandssvensk Digter, 1834 Biskop i Härnösand Stift.",finlandssvensk,,,M,titel »biskop« i beskrivelsen; erhverv »digter« 100/101,M,0.0,0.0,1.0,True,M,S2
Reg0058790,"Franzos, Angelo",Italiensk Billedhugger.,italiensk,,,,,M,0.0213,0.0068,0.9932,True,M,S3
Reg0058800,Frauenlob (Heinrich von Meissen) (ca. 1260–1318),Tysk Mestersanger.,tysk,,,,,M,0.5507,0.2787,0.7213,True,,
Reg0058880,"Frederiksen, H. G. (1840–1921)","Skolemand, Grundlægger af Ordrup højere Skole og Opdragelsesanstalt, Redaktør af Ill. Børneblad.",,,,,,M,0.4071,0.178,0.822,True,,
Reg0058890,"Frederiksen, H. P. (død 1891, 81 år gl.)",Direktør for Industribanken i Købehavn.,,,,,,M,0.0618,0.0203,0.9797,True,,
Reg0058930,"Frederiksen, N. C. (1840–1905)","cand. polit. 1862, 1865 Docent og 1867–1877 Professor i Statsvidenskab, nationaløkonomisk Forfatter, Politiker.",,,,M,erhverv »cand« 57/57,M,0.0,0.0,1.0,True,M,S2
Reg0058990,"Frege, Waldemar von (1811–1890)","Universitetsdocent, dr. jur., Leipzig.",,M,fornavn »Waldemar« 15/15,M,fornavn »Waldemar« 15/15,M,0.0146,0.0046,0.9954,True,M,S2
Reg0059020,Freiing,"Apoteker, Hildesheim (1833).",,,,,,M,0.0213,0.0068,0.9932,True,M,S3
Reg0059100,"Frendrup, L. A. (1807–1869)","Student fra Slagelse 1828, Skolelærer og Kirkesanger i Grønholt ved Fredensborg.",,,,M,erhverv »student« 41/41,M,0.1253,0.0432,0.9568,True,M,S2
Reg0059130,"Freuchen, P. P. (1827–1894)","Lektor i Landmaaling, 1892 Professor.",,,,,,M,0.151,0.0531,0.9469,True,,
Reg0059140,Freund,ældste Søn af J.F.F.,,,,,,K,0.8158,0.5828,0.5828,True,,
Reg0059150,"Freund, Casimir Georg (1831–?)",Koncertmester fra Mannheim.,,,,,,K,0.8236,0.5954,0.5954,True,,
Reg0059170,"Freund, H. E. (1786–1840)",Billedhugger.,,,,,,M,0.0423,0.0137,0.9863,True,M,S3
Reg0059210,Frey,"Baron, München 21.6.1860.",,,,M,titel »baron« i beskrivelsen,M,0.3714,0.157,0.843,True,M,S2
Reg0059220,Frey,"Journalist, Berlin 1874.",,,,,,M,0.4594,0.2113,0.7887,True,,
Reg0059350,Friedsey,"Parfümeur und Erfinder der drey Allierten Wasser, H.C. Andersens Vært 1841 i Rauhensteingasse, Wien.",,,,,,K,0.8071,0.5688,0.5688,True,,
Reg0059360,"Fries, Elias (1794–1878)","Svensk Botaniker, 1824–1859 Professor ved Uppsala Universitet.",svensk,,,,,M,0.0048,0.0015,0.9985,True,M,S3
Reg0059430,"Friis, Immanuel (1819–1911)","Sognepræst i Hanved, Slesvig 1855–1864, 1865 Skolebestyrer i København, 1872 Præst ved Almindeligt Hospital og Abel Cathrines Stiftelse, 1875–1892 Sognepræst i ",,,,M,erhverv »sognepræst« 47/47,M,0.003,0.001,0.999,True,M,S2
Reg0059470,"Friis, Steen (1801–1875)","Stiftsskriver i Roskilde, Domkirkens Godsforvalter og Værge, Kammerraad, senere Justitsraad.",,M,fornavn »Steen« 4/4,M,fornavn »Steen« 4/4,M,0.0117,0.0037,0.9963,True,M,S2
Reg0059700,"Frocheur, Florian (1817–1860)",Belgisk Bibliotekar.,belgisk,,,,,M,0.0014,0.0005,0.9995,True,M,S3
Reg0059770,"Fronteira, José Trazimundo Mascarenhas Barreto, Marques de (1802–1881)",Lissabon.,,M,fornavn »José« 3/3,M,fornavn »José« 3/3,M,0.7197,0.4474,0.5526,True,M,S2
Reg0059850,"Fryxell, Anders (1795–1881)",Svensk Historiker.,svensk,M,fornavn »Anders« 3/3,M,fornavn »Anders« 3/3,M,0.0423,0.0137,0.9863,True,M,S2
Reg0059860,"Fryxell, Daniel (død 1868)","fil .mag., ansat hos Carlos O’Neill i Setübal.",,,,,,M,0.0618,0.0203,0.9797,True,,
Reg0059870,"Fraenkel, Abr.",Grosserer i München.,,,,,,M,0.0423,0.0137,0.9863,True,M,S3
Reg0059900,Fröhlich,Bankier i München.,,,,,,M,0.0387,0.0125,0.9875,True,M,S3
Reg0059910,"Fröhlich, J. F. (1806–1860)",Komponist.,,,,,,M,0.2067,0.0759,0.9241,True,,
Reg0059930,"Frølich, Carolina (Lina), f. in de Betou (1823–1872)",g. 1855 m. Lorenz F.,,K,fornavn »Carolina« 3/3,K,fornavn »Carolina« 3/3,K,1.0,1.0,1.0,True,K,S2
Reg0059980,Frørup,"»Ansøgende i Kjøbenhavn«, 17.9.1869.",,,,,,K,0.7691,0.5123,0.5123,True,,
Reg0060050,"Fugl, Silvio (1844–1924)","Student 1864, cand. phil., Oversætter, senere Translatør og engelsk Vicekonsul.",,,,M,erhverv »student« 41/41,M,0.0,0.0,1.0,True,M,S2
Reg0060120,"Funch, D. E. (1821–1910)","Vekselmægler, Fabrikant, Grosserer.",,,,,,M,0.0248,0.008,0.992,True,M,S3
Reg0060200,"Fürstenberg, Pontus (1827–1902)","Grosserer i Göteborg, Kunstsamler.",,,,,,M,0.0,0.0,1.0,True,M,S3
Reg0060210,"Füssel, Andreas (1809–1865)",Balletdanser ved Det kgl. Teater.,,M,fornavn »Andreas« 3/3,M,fornavn »Andreas« 3/3,M,0.0617,0.0203,0.9797,True,M,S2
Reg0060250,"Fønss, Holger Lauritz Basse (1807–1894)","Sognepræst i Middelfart, 1865–1884 i Vejlby, Fyn, Provst.",,M,fornavn »Holger« 4/4,M,fornavn »Holger« 4/4,M,0.003,0.001,0.999,True,M,S2
Reg0060270,"Fønss, Rogert (1796–1882)","Kammerherre, tidligere Ejer af Søbysøgaard.",,,,,,M,0.0,0.0,1.0,True,M,S3
Reg0060350,"Gad, G. E. G. (1830–1906)",Forlagsboghandler.,,,,,,M,0.0192,0.0061,0.9939,True,M,S3
Reg0060360,"Gad, Knud (1797–1870)",Skibsklarerer i Helsingør.,,M,fornavn »Knud« 3/3,M,fornavn »Knud« 3/3,M,0.16,0.0567,0.9433,True,M,S2
Reg0060370,"Gad, P. G. Stenersen (1797–1851)",Biskop over Fyns Stift 1848–1851.,,,,M,titel »biskop« i beskrivelsen,M,0.0566,0.0186,0.9814,True,M,S2
Reg0060400,"Gade, F. G. (1830–1905)","Købmand i Bergen, amerikansk Konsul.",,,,,,M,0.0,0.0,1.0,True,M,S3
Reg0060420,"Gade, Gerhard (1834–1909)",Amerikansk Konsul i Christiania.,amerikansk,,,,,M,0.0,0.0,1.0,True,M,S3
Reg0060510,"Gaetano, Scipione Pulzone (1550–1598)",Italiensk Maler.,italiensk,,,M,erhverv »maler« 78/78,K,0.9211,0.7864,0.7864,True,M,S2
Reg0060520,Gaetano de Portugale,"Svoger til Brødrene O’Neill, Cintra 1866.",,,,,,K,0.7885,0.5403,0.5403,True,,
Reg0060580,"Galilei, Galileo (1564–1642)",Italiensk Fysiker og Astronom.,italiensk,,,,,M,0.712,0.4381,0.5619,True,,
Reg0060670,"Gallenga, Antonio Carlo Napoleone (1810–1895)","italiensk-engelsk Forfatter og Journalist, 1864 »Times«’ Korrespondent i Danmark.",italiensk,,,M,erhverv »forfatter« 96/98,M,0.1053,0.0358,0.9642,True,M,S2
Reg0060680,"Galli, Pietro (1804–1877)","Italiensk Billedhugger, Thorvaldsens Elev og Medhjælper.",italiensk,,,,,M,0.0575,0.0189,0.9811,True,M,S3
Reg0060690,"Galschiøt, Jomfru",Sorø 26.9.1855.,,,,,,M,0.7347,0.4661,0.5339,True,,
Reg0060780,"Ganivet, Maurice","licencié en droit, Juni 1874.",,,,,,M,0.7524,0.4894,0.5106,True,,
Reg0060800,"Garcia y Santesteban, Rafael (1829–1893)",Spansk Diplomat og Forfatter.,spansk,,,,,M,0.0,0.0,1.0,True,M,S3
Reg0060820,"Garde, Janus August (1823–1893)","Premierløjtnant i Søetaten, 1853–1855 Fører af Postdampskibet Slesvig (Korsør-Kiel), 1858 Løjtnant, 1860 Afsked med Kaptajns Karakter og Havnekaptajn i Københav",,,,M,erhverv »premierløjtnant« 39/39,M,0.0,0.0,1.0,True,M,S2
Reg0060830,"Gardoni, Italo (1821–1882)",Italiensk Operasanger.,italiensk,,,,,M,0.1836,0.0662,0.9338,True,,
Reg0060840,"Garibaldi, Giuseppe (1807–1882)",Italiensk Frihedshelt.,italiensk,,,,,M,0.7537,0.491,0.509,True,,
Reg0060870,"Garlieb, G. (1787–1870)","Kolonialdirektør og Departementschef i Udenrigsministeriet 1848–1858, Konferensraad.",,,,,,M,0.0499,0.0163,0.9837,True,M,S3
Reg0060900,"Garofalo, Benvenuto Tisio (1481–1559)",Italiensk Maler.,italiensk,,,M,erhverv »maler« 78/78,M,0.0135,0.0043,0.9957,True,M,S2
Reg0060910,"Garrick, David (1716–1779)",Engelsk Skuespiller.,engelsk,,,M,erhverv »skuespiller« 80/81,M,0.151,0.0531,0.9469,True,M,S2
Reg0060960,"Gaudenzi, Lorenzo","i Forli, Slægtning af Pepina Tutein.",,,,,,K,0.8349,0.6145,0.6145,True,,
Reg0060970,Gautier,Stockholm 1.7.1837.,,,,,,K,0.8321,0.6097,0.6097,True,,
Reg0060980,"Gautier, Eugène (1802–1878)",Fransk Komponist.,fransk,,,,,K,0.9045,0.749,0.749,True,,
Reg0060990,"Gautier, Théophile (1811–1872)",Fransk Digter.,fransk,,,M,erhverv »digter« 100/101,M,0.1956,0.0712,0.9288,True,M,S2
Reg0061010,"Gaveaux, Pierre (1761–1825)",Fransk Komponist og Operasanger.,fransk,,,,,M,0.0932,0.0314,0.9686,True,,
Reg0061040,"Gayangos y Arce, Pascuâl de (1809–1897)","Professor i orientalske Sprog i Madrid 1843–1872, 1881 Senator.",,,,,,M,0.0452,0.0147,0.9853,True,M,S3
Reg0061190,Geert,"fra Altona, Før 8.9.1844.",,,,,,M,0.4759,0.2226,0.7774,True,,
Reg0061210,"Geffroy, Edmond-Aimé-Florentin (1804–1895)",Fransk Skuespiller.,fransk,,,M,erhverv »skuespiller« 80/81,M,0.0059,0.0019,0.9981,True,M,S2
Reg0061220,Gefroye,Blankenese 23.6.1868.,,,,,,K,0.7929,0.547,0.547,True,,
Reg0061240,"Geibel, Emanuel (1815–1884)",Tysk Digter.,tysk,M,fornavn »Emanuel« 3/3,M,fornavn »Emanuel« 3/3,M,0.003,0.001,0.999,True,M,S2
Reg0061330,"Gellert, C. F. (1715–1769)",Tysk Digter.,tysk,,,M,erhverv »digter« 100/101,M,0.0402,0.013,0.987,True,M,S2
Reg0061360,"Gendt, W. J. van","Baron (faldet 1672 i Slaget ved Solebay), hollandsk Søofficer.",,,,M,titel »baron« i beskrivelsen,M,0.0146,0.0046,0.9954,True,M,S2
Reg0061380,"Genevay, Antoine (1811–ca. 1885)","Fransk Journalist, deltog i Journalistbesøget i København August 1867.",fransk,,,,,K,1.0,1.0,1.0,True,,
Reg0061420,Gerhard (Gert) (ca. 1292–1340),"holstensk Greve, Hertug af Sønderjylland.",holstensk,,,M,titel »greve« i beskrivelsen,M,0.3253,0.132,0.868,True,M,S2
Reg0061440,"Gerlach, G. L. (1833–1893)","Syngemester ved Det kgl. Teater 1863–1888, Komponist.",,,,,,M,0.4949,0.236,0.764,True,,
Reg0061540,"Gertner, J. V. (1818–1871)","Portrætmaler, tit. Professor 1858.",,,,,,M,0.0128,0.0041,0.9959,True,M,S3
Reg0061590,"Gessner, Salomon (1730–1787)","schweizisk Idylforfatter og Maler, Boghandler i Zürich.",schweizisk,,,,,M,0.0,0.0,1.0,True,M,S3
Reg0061600,"Gevaert, F. A. (1828–1908)",Belgisk Komponist og Musikhistoriker.,belgisk,,,,,M,0.1007,0.0341,0.9659,True,,
Reg0061640,"Gherardini, Tommaso (1715–1797)",Italiensk Maler.,italiensk,,,M,erhverv »maler« 78/78,M,0.0423,0.0137,0.9863,True,M,S2
Reg0061650,"Ghiberti, Lorenzo (1378–1455)",Italiensk Billedhugger.,italiensk,,,,,M,0.0952,0.0321,0.9679,True,,
Reg0061660,"Gianelli, Gaudenz (ca. 1820–1887)","Konditor (Stephan à Porta), H.C. Andersens Husvært i Lille Kongensgade 1.",,,,,,M,0.3714,0.157,0.843,True,,
Reg0061770,Giotto di Bondone (1266–1336),Italiensk Maler.,italiensk,,,M,erhverv »maler« 78/78,M,0.0618,0.0203,0.9797,True,M,S2
Reg0061780,"Giovanni, Gondoliere",Venezia 16.5.1872.,,,,,,K,0.8158,0.5828,0.5828,True,,
Reg0061790,"Gipps, Helen Pemberton",London 10.7.1857.,,,,,,M,0.7421,0.4756,0.5244,True,,
Reg0061800,"Girard, Jules-Frédéric Othenin- (1807–1883)",Sognepræst i Les Brenets.,,,,M,erhverv »sognepræst« 47/47,M,0.121,0.0416,0.9584,True,M,S2
Reg0061830,"Girardin, Émile de (1802–1881)",Fransk Journalist og Politiker.,fransk,,,,,M,0.0048,0.0015,0.9985,True,M,S3
Reg0061850,"Giuglini, Antonio (1827–1865)",Italiensk Operasanger.,italiensk,,,,,M,0.3018,0.1199,0.8801,True,,
Reg0061860,Giulio Romano (1499–1546),Italiensk Maler og Arkitekt.,italiensk,,,M,erhverv »maler« 78/78,M,0.0423,0.0137,0.9863,True,M,S2
Reg0061890,"Giødesen, Giøde (1826–1880)","Sekondløjtnant i Søetaten, 1852 Styrmand i Post-dampskibet »Skirner«, s. A. Premierløjtnant, senere kar. Kaptajn og ansat i Svitzers Bjergningsentreprise.",,,,,,M,0.1883,0.0681,0.9319,True,,
Reg0061930,Gjenge(?),Málaga.,,,,,,K,0.7985,0.5555,0.5555,True,,
Reg0061940,Gjerlev,jydsk Proprietær (kalder sig ogsaa: Lund) (1865).,jysk,,,,,M,0.0213,0.0068,0.9932,True,M,S3
Reg0062050,"Gleerup, C.W.K. (1800–1871)",Universitetsboghandler i Lund.,,,,,,M,0.6736,0.3942,0.6058,True,,
Reg0062090,Glogau,Weimar 4.9.1857.,,,,,,K,0.8906,0.7197,0.7197,True,,
Reg0062100,"Glosimodt, O. O. (1821–1901)",Norsk Billedhugger.,norsk,,,,,M,0.0952,0.0321,0.9679,True,,
Reg0062110,"Gluck, Ghristoph Willibald, Ritter von (1714–1787)",Tysk Komponist.,tysk,,,,,M,0.0192,0.0061,0.9939,True,M,S3
Reg0062240,"Glückstadt, Andreas Melchior (1829–1865)",Norsk Litterat.,norsk,M,fornavn »Andreas« 3/3,M,fornavn »Andreas« 3/3,M,0.0326,0.0105,0.9895,True,M,S2
Reg0062260,Glykon (ca. 200),græsk Billedhugger.,græsk,,,,,M,0.1406,0.0491,0.9509,True,,
Reg0062270,"Gnecco, Francesco (1760–1810)",Italiensk Operakomponist.,italiensk,M,fornavn »Francesco« 3/3,M,fornavn »Francesco« 3/3,M,0.2223,0.0827,0.9173,True,M,S2
Reg0062320,"Goes, Hugo van der (død 1482)",flamsk Maler.,flamsk,,,M,erhverv »maler« 78/78,M,0.003,0.001,0.999,True,M,S2
Reg0062330,"Gold, Fritz (1845–1914)","Balletdanser ved Det kgl. Teater, 1864 Medlem af Aarøes Korps, Danselærer.",,M,fornavn »Fritz« 6/6,M,fornavn »Fritz« 6/6,M,0.0146,0.0046,0.9954,True,M,S2
Reg0062360,Goldschmidt,"yngre Broder (16 år) til Otto G., Hamburg 9.9.1857.",,,,,,M,0.7333,0.4644,0.5356,True,,
Reg0062470,"Gomard, Nicolas (1746–1821)",Portner ved Graabrødre Hospital i Odense.,,,,,,M,0.3647,0.1533,0.8467,True,,
Reg0062530,"Gosch, C. C. (1832–1913)","cand. mag. i Zoologi 1835, 1862–1906 Attaché ved det danske Gesandtskab i London, zoologisk og politisk Forfatter.",,,,M,erhverv »cand« 57/57,M,0.003,0.001,0.999,True,M,S2
Reg0062550,"Gosse, Edmund (1849–1928)","Engelsk Litteraturhistoriker, Kritiker og Digter, Biblioteksassistent ved British Museum 1869, senere Bibliotekar i Overhuset.",engelsk,,,,,M,0.0,0.0,1.0,True,M,S3
Reg0062590,"Gotschalk, Friederich (Fritz) (1788–1869)","Grosserer, Generalkonsul.",,,,,,M,0.0,0.0,1.0,True,M,S3
Reg0062620,Gotschalks gifte Søster,"Hamburg 22.7.1851 (hvem H.C. Andersen mener, kan næppe afgøres).",,,,,,K,0.8762,0.6905,0.6905,True,,
Reg0062650,"Gotthelf, Jeremias (Pseud. for Albert Bitzius) (1797–1854)",schweizisk Forfatter og Præst.,schweizisk,,,M,erhverv »forfatter« 96/98,M,0.0016,0.0005,0.9995,True,M,S2
Reg0062740,"Graae, G. F. A. (1810–1886)","Præst for den danske Menighed ved Helligaandskirken i Flensborg 1851–1864, 1867–1884 Sognepræst i Idestrup, Falster.",,,,,,M,0.121,0.0416,0.9584,True,,
Reg0062780,Graff,Kabinetssekretær hos Kong Otto I af Grækenland.,,,,,,M,0.0932,0.0314,0.9686,True,,
Reg0062790,"Grahl, A. (1791–1868)",Tysk Maler.,tysk,,,M,erhverv »maler« 78/78,M,0.0218,0.007,0.993,True,M,S2
Reg0062820,"Gram, Abel Elisabeth (1815–?)","Husholderske hos Gartner Bünger, Bregentved.",,,,,,M,0.0048,0.0015,0.9985,True,M,S3
Reg0062850,"Grandjean, G. F. (1811–1877)",Konditor.,,,,,,M,0.7492,0.485,0.515,True,,
Reg0062860,"Granet, François (1775–1849)",Fransk Maler.,fransk,M,fornavn »François« 3/3,M,fornavn »François« 3/3,M,0.0139,0.0044,0.9956,True,M,S2
Reg0062870,"Granja, Marquis’en af",Sevilla 1862.,,,,,,M,0.3714,0.157,0.843,True,,
Reg0062880,"Grant, Ulysses S. (1822–1885)","Amerikansk General, De Forenede Staters Præsident 1869–1877.",amerikansk,,,,,M,0.0,0.0,1.0,True,M,S3
Reg0062910,Gratianus (359–83),romersk Kejser 375.,romersk,,,M,titel »kejser« i beskrivelsen,M,0.3331,0.1361,0.8639,True,M,S2
Reg0062920,"Grattan, T. C. (1792–1864)",Engelsk Romanforfatter.,engelsk,,,,,M,0.4071,0.178,0.822,True,,
Reg0062970,"Gravenweert, Jan van’s (1790–1870)",Hollandsk Forfatter.,hollandsk,,,M,erhverv »forfatter« 96/98,M,0.0,0.0,1.0,True,M,S2
Reg0063000,Green,Engelsk Konsulatssekretær i Marokko 1862.,engelsk,,,,,K,0.8664,0.6715,0.6715,True,,
Reg0063010,"Grégoire, Ernest","Fransk Journalist, Oversætter af H.C. Andersens Eventyr. Deltager i det franske Journalistbesøg i København August 1867.",fransk,,,,,M,0.0146,0.0046,0.9954,True,M,S3
Reg0063020,Gregor VII (død 1085),Pave 1073.,,,,M,titel »pave« i beskrivelsen,M,0.1733,0.062,0.938,True,M,S2
Reg0063030,Gregor XIV (1535–1591),Pave 1590.,,,,M,titel »pave« i beskrivelsen,M,0.1733,0.062,0.938,True,M,S2
Reg0063040,Gregor XVI (1765–1846),Pave 1831.,,,,M,titel »pave« i beskrivelsen,M,0.1733,0.062,0.938,True,M,S2
Reg0063050,"Grenier, Antoine (1833–1881)","Litteraturhistoriker, 1867–1868 Redaktør af »La Situation«.",,,,,,K,0.9911,0.9723,0.9723,True,,
Reg0063060,Grethe,Tjenestepige hos Frk. Hallager 1868.,,,,,,K,0.7885,0.5403,0.5403,True,,
Reg0063070,"Grétry, André (1741–1813)",Belgisk-fransk Komponist.,belgisk,,,,,M,0.0449,0.0146,0.9854,True,M,S3
Reg0063110,"Griepenkerl, Wolfgang Robert (1810–1868)","Tysk Digter, 1839–1847 Professor ved Karolinum i Braunschweig.",tysk,M,fornavn »Wolfgang« 3/3,M,fornavn »Wolfgang« 3/3,M,0.0,0.0,1.0,True,M,S2
Reg0063140,"Griffin, G. W.","Amerikansk Konsul i København, Forfatter (bl.a. af »My Danish Days« 1875).",amerikansk,,,,,M,0.0128,0.0041,0.9959,True,M,S3
Reg0063160,Grill,Stockholm Juli 1837.,,,,,,K,0.8167,0.5841,0.5841,True,,
Reg0063180,"Grimaldi, Nicolo (1768–1845)","Kardinal, Roms Guvernør.",,,,M,titel »kardinal« i beskrivelsen,M,0.0192,0.0061,0.9939,True,M,S2
Reg0063190,"Grimani, Antonio (1436–1523)",Doge i Venezia 1521–1523.,,,,,,M,0.0826,0.0276,0.9724,True,,
Reg0063280,"Grip, Bo Jonsson (død 1386)",Svensk Stormand.,svensk,,,,,M,0.609,0.3293,0.6707,True,,
Reg0063340,Gross,"Rejsende fra Berlin, Diligencepassager Kassel-Frankfurt a. M. 2.-3.5.1833.",,,,,,K,0.9211,0.7864,0.7864,True,,
Reg0063390,Grossmann,Bade-Læge i Ems 1868.,,,,,,K,0.8304,0.6069,0.6069,True,,
Reg0063400,"Groth, E. P. C. M. (1821–1867)",Kaptajnløjtnant i Søetaten.,,,,,,M,0.0757,0.0252,0.9748,True,,
Reg0063420,"Groth, Klaus (1819–1899)",plattysk Digter.,plattysk,,,M,erhverv »digter« 100/101,M,0.003,0.001,0.999,True,M,S2
Reg0063450,"Groth, Simon (1828–1904)",Møntguardein; bestyrede 1857–1859 sammen med Nicolai Ørsted det første danske kemiske Handels- og analytiske Laboratorium.,,,,,,M,0.2023,0.074,0.926,True,,
Reg0063460,"Grove, C. F. (1822–1883)",Fyringeniør.,,,,,,K,0.7978,0.5544,0.5544,True,,
Reg0063530,"Grubbe, Samuel (1786–1853)","Svensk Filosof, 1813 Professor i Uppsala, Kirkeminister og Medlem af Statsraadet 1840–1844.",svensk,M,fornavn »Samuel« 4/4,M,fornavn »Samuel« 4/4,M,0.0,0.0,1.0,True,M,S2
Reg0063550,"Grundtvig, N.F.S. (1783–1872)",Præst og Digter.,,,,,,M,0.003,0.001,0.999,True,M,S3
Reg0063570,"Gruner, A. W.",Dansk Konsul i Bremen.,dansk,,,,,M,0.1245,0.0429,0.9571,True,,
Reg0063610,"Grün, Anastasius (Pseud. for Grev A. A. Auersperg) (1806–1876)",Østrigsk Digter og Politiker.,østrigsk,,,M,erhverv »digter« 100/101,M,0.0,0.0,1.0,True,M,S2
Reg0063650,"Grützmacher, F riedrioh (1832–1903)",Tysk Violoncellist og Komponist.,tysk,,,,,M,0.1883,0.0682,0.9318,True,,
Reg0063670,"Gräfe, Albrecht von (1828–1870)","Tysk Øjenlæge, Professor ved Berlins Universitet.",tysk,,,,,M,0.0268,0.0086,0.9914,True,M,S3
Reg0063760,"Grøn, L.J. (1827–1910)",Grosserer.,,,,,,M,0.0326,0.0105,0.9895,True,M,S3
Reg0063810,"Gubitz, Friedr. Wilh. (1786–1870)","Tysk Tegner, Xylograf og Publicist, 1835–1869 Udgiver af Deutscher Volkskalender.",tysk,,,,,M,0.0048,0.0015,0.9985,True,M,S3
Reg0063830,"Gude, H. F. (1825–1903)",Norsk Maler.,norsk,,,M,erhverv »maler« 78/78,M,0.0757,0.0252,0.9748,True,M,S2
Reg0063840,"Gudmand, Fr. (død 1879)","islandsk Købmand, Grosserer.",islandsk,M,fornavn »Fr« 3/3,M,fornavn »Fr« 3/3,M,0.0139,0.0044,0.9956,True,M,S2
Reg0063850,"Gudmundsson, Stefan (1814–1865)",islandsk Boghandler i Slesvig.,islandsk,,,,,M,0.0014,0.0005,0.9995,True,M,S3
Reg0063870,Guebhardt,oldenburgsk Konsul i Triest.,oldenburgsk,,,,,M,0.1174,0.0403,0.9597,True,,
Reg0063880,"Guercino, Giovanni Francesco Barbieri (1591–1666)",Italiensk Maler.,italiensk,,,M,erhverv »maler« 78/78,M,0.0618,0.0203,0.9797,True,M,S2
Reg0063940,"Guirao, Angel","Professor, Murcia 1862.",,,,,,M,0.0422,0.0137,0.9863,True,M,S3
Reg0063970,"Guldberg, C. M. (1836–1902)",Professor i anvendt Matematik ved Universitetet i Christiania.,,,,,,M,0.1053,0.0358,0.9642,True,,
Reg0064020,"Guloten, Élise de","Fransk Clairvoyante, København August 1874.",fransk,,,,,K,1.0,1.0,1.0,True,,
Reg0064040,"Gumpert, N. J. (1805–1854)",Boghandler i Göteborg.,,,,,,M,0.0423,0.0137,0.9863,True,M,S3
Reg0064070,"Gundersen, Gunder Emanuel (1817–1890)",Skuespiller ved Det kgl. Teater.,,,,M,erhverv »skuespiller« 80/81,M,0.003,0.001,0.999,True,M,S2
Reg0064090,"Gundersen, Sigvard (1842–1903)",Norsk Skuespiller.,norsk,,,M,erhverv »skuespiller« 80/81,M,0.003,0.001,0.999,True,M,S2
Reg0064100,Gundobad (død 516),Burgunderkonge.,,,,,,K,0.8071,0.5688,0.5688,True,,
Reg0064110,Gunner (ca. 1152–1251),Biskop i Viborg 1222.,,,,M,titel »biskop« i beskrivelsen,M,0.2075,0.0763,0.9237,True,M,S2
Reg0064120,"Gurlitt, Cornelius (1820–1901)",holstensk Komponist.,holstensk,,,,,M,0.0,0.0,1.0,True,M,S3
Reg0064220,Gül-Baba,tyrkisk Helgen.,tyrkisk,,,,,K,0.8071,0.5688,0.5688,True,,
Reg0064310,"Gyldendal, Waldemar (1844–1873)","Student 1863, Rentier.",,M,fornavn »Waldemar« 15/15,M,fornavn »Waldemar« 15/15,M,0.0,0.0,1.0,True,M,S2
Reg0064320,"Gülich, J. Th. (1801–1877)","Over- og Landsretsadvokat i Slesvig, dr. jur., Stænderdeputeret for Aabenraa 1840–1848, slesvigholstensk Politiker, 1859–1876 preusisk Kredsretsraad i Bergen på",,M,fornavn »Th« 3/3,M,fornavn »Th« 3/3,M,0.0215,0.0069,0.9931,True,M,S2
Reg0064360,"Gyllenkrok, Gyllenlog(?)","(Navnet vist misforstået), svensk Løjtnant, Passager på Götakanal-Damperen Maj 1849.",,,,,,M,0.2875,0.1129,0.8871,True,,
Reg0064370,"Gyllenram, Mauritz (1840–1926)","Svensk Løjtnant, 1868–1869 i fransk Tjeneste i Algier, Kaptajn 1878, Afsked 1906, Godsejer.",svensk,,,,,M,0.0,0.0,1.0,True,M,S3
Reg0064430,"Günther, Richard (død 4.4.1874)","hannoveransk Ingeniør, druknet under Forsøg på at redde en Dreng, der var faldet i Kastelsgraven.",hannoveransk,,,,,M,0.0048,0.0015,0.9985,True,M,S3
Reg0064440,"Gyrowetz, Adalbert (1783–1850)",Østrigsk Komponist.,østrigsk,,,,,M,0.0,0.0,1.0,True,M,S3
Reg0064640,Haas,"Præst ved den katolske Menighed i Fredericia 1820–1843, Østriger.",,,,,,M,0.121,0.0416,0.9584,True,,
Reg0064680,"Habsburg, Rudolf I af –, tysk Konge (1218–1291)",Konge 1273.,,M,fornavn »Rudolf« 8/8,M,titel »konge« i beskrivelsen; fornavn »Rudolf« 8/8,M,0.003,0.001,0.999,True,M,S2
Reg0064690,"Hachette, Louis-Christophe-Frangois (1800–1864)",Fransk Forlagsboghandler.,fransk,,,,,M,0.0146,0.0046,0.9954,True,M,S3
Reg0064730,"Hadrianus, Publius Ælius (76–138)",romersk Kejser 117.,romersk,,,M,titel »kejser« i beskrivelsen,M,0.003,0.001,0.999,True,M,S2
Reg0064750,Haffner,General (enten Generalmajor Wenzel H. (1774–1844) eller Generalløjtnant Wolfgang H. (1770–1829)).,,,,,,M,0.131,0.0454,0.9546,True,,
Reg0064790,"Haffner, Waldemar (1816–1894)","Ritmester, senere Oberst.",,M,fornavn »Waldemar« 15/15,M,fornavn »Waldemar« 15/15,M,0.0,0.0,1.0,True,M,S2
Reg0064810,"Hafstrom, H. L. (død 1856)","Skibsklarerer i Helsingør, svensk-norsk Vicekonsul.",,,,,,M,0.0796,0.0266,0.9734,True,,
Reg0064890,"Hage, V.",Trollhättan 1805.,,,,,,M,0.5917,0.3136,0.6864,True,,
Reg0064910,"Hagedoorn, Jan Derk Rolandus (1846–1900)","Hollandsk Kadet, Utrecht 1866, senere Kolonel-intendant i den hollandske Armé i Ostindien.",hollandsk,,,,,M,0.0757,0.0252,0.9748,True,,
Reg0064960,"Hagen, Frants Peter (1795–1874)",Vinhandler.,,,,,,M,0.003,0.001,0.999,True,M,S3
Reg0064980,"Hagen, Joris van der (eller Verhagen) (1615(?)-69)",Hollandsk Maler.,hollandsk,,,M,erhverv »maler« 78/78,M,0.2177,0.0807,0.9193,True,M,S2
Reg0065000,"Hagen, S. A. E. (1842–1929)","Musikforlægger, Musikhistoriker og Komponist.",,,,,,M,0.2829,0.1106,0.8894,True,,
Reg0065030,"Hagenau, Mads (1808–1868)",Brændevinsbrænder i Odense.,,,,,,M,0.3714,0.157,0.843,True,,
Reg0065170,"Hald, P. T. (1802–1864)","lic. theol., 1833 Sognepræst ved Vor Frue K., Aalborg, 1837 ved Budolfi K. sst. og Stiftsprovst, 1856 Sognepræst i Keldby, Møn.",,,,,,M,0.1055,0.0359,0.9641,True,,
Reg0065180,"Halévy, F. (1799–1862)",Fransk Komponist.,fransk,,,,,M,0.2751,0.1069,0.8931,True,,
Reg0065190,"Halkier, Laurits (1841–1930)","Direktør for Alhambra 1868, cand. theol. s. A., senere Sognepræst på Norderø og derefter på Øland, Aalborg St., Afsked 1888.",,M,fornavn »Laurits« 6/6,M,fornavn »Laurits« 6/6,M,0.0,0.0,1.0,True,M,S2
Reg0065210,"Hall, C. C. (1812–1888)",Politiker.,,,,,,M,0.0464,0.0151,0.9849,True,M,S3
Reg0065250,Hallavant,"Restauratør i Palais Royal, Paris 1843.",,,,,,K,0.8996,0.7385,0.7385,True,,
Reg0065260,Hallén,Stockholm 1874.,,,,,,M,0.7492,0.485,0.515,True,,
Reg0065420,"Hamilton, Andrew","skotsk Forfatter, opholdt sig i Danmark 1849–1850.",skotsk,,,M,erhverv »forfatter« 96/98,M,0.2931,0.1156,0.8844,True,M,S2
Reg0065470,"Hamilton, James, Viscount (1811–1885)",Marquess of Abercorn.,,M,fornavn »James« 3/3,M,fornavn »James« 3/3,M,0.5637,0.2894,0.7106,True,M,S2
Reg0065520,"Hamm, Levin (Leo) David (1771–1844)",Historiemaler og Dekoratør.,,,,,,M,0.0146,0.0046,0.9954,True,M,S3
Reg0065540,Hammer,Smedemester i Helsingør.,,,,,,K,0.8437,0.6299,0.6299,True,,
Reg0065560,"Hammer, O. C. (1822–1892)","Kaptajnløjtnant i Søetaten, 1889 kar. Kaptajn, 1865–1871 Leder af »Det danske Fiskeriselskab« (Hval- og Robbefangst i det nordlige Ishav), 1882 Savværksejer i J",,,,,,M,0.0618,0.0203,0.9797,True,,
Reg0065700,"Hanck, J. H. T. (1776–1840)","Adjunkt ved Odense Katedralskole, cand. theol.",,,,,,M,0.0278,0.0089,0.9911,True,M,S3
Reg0065770,Hannibal (ca. 247–ca. 183 f. Chr.),kartageniensisk Hærfører.,kartageniensisk,,,,,K,0.7885,0.5403,0.5403,True,,
Reg0065800,Hans,"Portner i Hotel du Nord, København.",,,,,,K,0.8,0.5578,0.5578,True,,
Reg0065820,Hans,Chr. Thybjergs Tjener.,,,,,,K,0.7885,0.5403,0.5403,True,,
Reg0065840,Hansen,"London 1847, ansat i Hambros Firma?",,,,,,M,0.4439,0.2011,0.7989,True,,
Reg0065850,Hansen,"Isted-Løvens Afsløring, Flensborg 25.7.1862.",,,,,,K,0.7885,0.5403,0.5403,True,,
Reg0065860,Hansen og Frue,"Danske Turister, Bamberg 29.5.1872.",dansk,,,,,M,0.7254,0.4544,0.5456,True,,
Reg0065880,Hansen,Gartner på Holsteinborg 1866.,,,,,,M,0.0387,0.0125,0.9875,True,M,S3
Reg0065890,Hansen,Sadelmager.,,,,,,M,0.7492,0.485,0.515,True,,
Reg0065900,Hansen,"Skomager, der vil laane Penge.",,,,,,M,0.7492,0.485,0.515,True,,
Reg0065930,"Hansen, Aleth (1817–1889)","Provst, Kultusminister 1868–1869, 1870–1881 Sognepræst i Ledøje og Smørum.",,,,,,M,0.3265,0.1326,0.8674,True,,
Reg0065960,"Hansen, Anders (kaldet Traes) (ca. 1751–1827)","Skomager, H.C. Andersens Farfar.",,M,fornavn »Anders« 3/3,M,fornavn »Anders« 3/3,M,0.3331,0.1361,0.8639,True,M,S2
Reg0066010,"Hansen, C. A. (1810–1874)",Domorganist i Ribe 1836–1874.,,,,,,M,0.6273,0.3467,0.6533,True,,
Reg0066040,"Hansen, G. F. (1788–1873)","Generalløjtnant, Krigsminister 1848–1851, 1852–1854 og 1864–1865.",,,,,,M,0.0876,0.0294,0.9706,True,,
Reg0066050,"Hansen, C. J. (1810–1882)","1845 Organist ved Garnisons Kirke i København, 1851 Klokker sst., 1852 Kammermusikus; Komponist og Dirigent.",,,,,,M,0.5299,0.2622,0.7378,True,,
Reg0066150,"Hansen, Constantin (1804–1880)",Maler.,,M,fornavn »Constantin« 3/3,M,fornavn »Constantin« 3/3,M,0.0016,0.0005,0.9995,True,M,S2
Reg0066170,"Hansen, David Julius (død 1889)","Teaterdirektør, »Alhambra« 1864–1865.",,M,fornavn »David« 3/3,M,fornavn »David« 3/3,M,0.3265,0.1326,0.8674,True,M,S2
Reg0066300,"Hansen, Gotfred (1814–1886)",Værtshusholder og Sukkerhusforvalter.,,,,,,M,0.0192,0.0061,0.9939,True,M,S3
Reg0066310,"Hansen, Gunild Margrete",g.m. Jørgen H.,,,,,,K,0.812,0.5765,0.5765,True,,
Reg0066320,"Hansen, H. P. (1797–1861)","Nationalbankdirektør, Landstingsmand, Etatsraad 1856.",,,,,,M,0.0562,0.0184,0.9816,True,M,S3
Reg0066410,"Hansen, Jules (»Spidsmusen«) (1828–1908)",Journalist og Diplomat.,,,,,,M,0.0,0.0,1.0,True,M,S3
Reg0066460,"Hansen, Kristen","Boghandlerlærling, Aalborg 1867.",,,,,,M,0.1592,0.0563,0.9437,True,,
Reg0066490,"Hansen, Mads (1834–1880)","Digter og Landmand, Hundstrup, Fyn.",,,,M,erhverv »digter« 100/101,M,0.0541,0.0177,0.9823,True,M,S2
Reg0066550,"Hansen, N. C. (1834–1922)",Fotograf (Hansen & Schou).,,,,,,M,0.121,0.0416,0.9584,True,,
Reg0066580,"Hansen, Octavius (1838–1903)","cand. jur., 1869 Overretssagfører, 1874 Højesteretssagfører, Politiker.",,,,M,erhverv »cand« 57/57,M,0.0,0.0,1.0,True,M,S2
Reg0066590,"Hansen, P. (1840–1905)","Journalist (Cabiro), Forfatter og Oversætter, 1872–1880 Udgiver af »Nær og Fjern«, 1883 tit. Professor, senere Kommitteret ved Det kgl. Teater, derefter Censor ",,,,,,M,0.0,0.0,1.0,True,M,S3
Reg0066630,"Hansen, Søren (1783–1858)",Prokurator i Odense.,,M,fornavn »Søren« 4/4,M,fornavn »Søren« 4/4,M,0.003,0.001,0.999,True,M,S2
Reg0066680,"Hansen, Urban (1813–1895)","Købmand, Medlem af Odense Kommunalbestyrelse.",,,,,,M,0.0,0.0,1.0,True,M,S3
Reg0066720,Hansen-Sønderkøge (1849–1876),"F riskolelærer i Frederiksværk, Forfatter.",,,,,,M,0.131,0.0454,0.9546,True,,
Reg0066730,Hanssel,Fører ved Golling-Vandfaldet 3.6.1834.,,,,,,K,0.7885,0.5403,0.5403,True,,
Reg0066760,Haphys (Hephys),Pasha i Rustschuk.,,,,,,K,0.8071,0.5688,0.5688,True,,
Reg0066790,"Haraldson, Torsten","Bonde, Gullkroken, Vastergôtland.",,,,,,M,0.2854,0.1118,0.8882,True,,
Reg0066800,"Harboe, Arenthine (1808–1887)","Treschows Stiftelse, holdt under Fru Heibergs Udenlandsrejse 1874–1875 Øje med Huset i Rosenvænget.",,,,,,K,1.0,1.0,1.0,True,,
Reg0066850,"Harboe, Henrich Christian Wilhelm (1835–1880)","Premierløjtnant i Infanteriet, 1876 Kaptajn.",,M,fornavn »Henrich« 14/14,M,fornavn »Henrich« 14/14,M,0.0,0.0,1.0,True,M,S2
Reg0066960,"Harhoff, Georgine, f. von Krogh (1817–1904)","g. 1841 m. Borgmester og Byfoged i Ringsted, Konferensraad Conrad H.",,K,fornavn »Georgine« 3/3,K,fornavn »Georgine« 3/3,K,1.0,1.0,1.0,True,K,S2
Reg0066980,"Harms, Claus (1778–1855)","Tysk Theolog, Sognepræst og Provst i Kiel, dr. theol.",tysk,,,,,M,0.0,0.0,1.0,True,M,S3
Reg0067030,"Harring, Harro (1798–1870)",frisisk Politiker og Forfatter.,frisisk,,,,,M,0.003,0.001,0.999,True,M,S3
Reg0067050,"Hartknoch, Joh. Fr.","Forlagsboghandel, Leipzig.",,,,,,K,0.8137,0.5793,0.5793,True,,
Reg0067100,"Hartmann, Berider",Athen 1841.,,,,,,M,0.0485,0.0158,0.9842,True,M,S3
Reg0067110,Hartmann,"Student, fra Mühlhausen (St. Goar August 1846).",,,,M,erhverv »student« 41/41,M,0.419,0.1853,0.8147,True,M,S2
Reg0067270,— Hans Søster,,,,,,,,0.9057,0.7518,0.7518,False,,
Reg0067280,"Hartmann, Frantz (1841–1916)",Operasanger ved Det kgl. Teater 1871–1890.,,,,,,M,0.0771,0.0257,0.9743,True,,
Reg0067310,"Hartmann, J. P. E. (1805–1900)",Komponist.,,,,,,M,0.1336,0.0463,0.9537,True,,
Reg0067380,"Hartmann, Søren (1815–1912)","Fætter til J.P.E.H., Domkantor i Roskilde.",,M,fornavn »Søren« 4/4,M,fornavn »Søren« 4/4,M,0.3365,0.1379,0.8621,True,M,S2
Reg0067440,Hartvig,Paris Maj 1867.,,,,,,K,0.8888,0.716,0.716,True,,
Reg0067450,"Hartvigsen, W. (1826–1897)","Premierløjtnant, 1856 cand. jur. (Flensborg), senere Justitsraad, 1869–1872 Udgiver af Nyt Aftenblad.",,,,M,erhverv »premierløjtnant« 39/39,M,0.0,0.0,1.0,True,M,S2
Reg0067490,"Hartzenbusch, Juan Eugenio (1806–1880)",Spansk Digter og Litteraturhistoriker.,spansk,,,M,erhverv »digter« 100/101,M,0.0,0.0,1.0,True,M,S2
Reg0067500,"Harum, Ben Mohabit el","Magiker, Beregnings- og Hukommelseskunstner, Casino 25.2.1867.",,,,,,M,0.3844,0.1645,0.8355,True,,
Reg0067510,"Harun al Raschid, Abu Dj afar, Kalif i Bagdad (763–809)",Kalif 786.,,,,,,K,0.8071,0.5688,0.5688,True,,
Reg0067520,Harvin,"Belgisk Operasanger, Det italienske Operaselskab, Hofteatret 1871.",belgisk,,,,,M,0.3112,0.1247,0.8753,True,,
Reg0067530,Hasan,"tyrkisk Kurer, Donau Maj 1841.",tyrkisk,,,,,M,0.7257,0.4548,0.5452,True,,
Reg0067550,"Hascbroek, J. P. (1812–1896)","Hollandsk Digter, Præst i Amsterdam.",hollandsk,,,M,erhverv »digter« 100/101,M,0.011,0.0035,0.9965,True,M,S2
Reg0067560,"Hasle, Søren Niels Peter (1814–1890)","Sognepræst i Asnæs, Odsherred 1841, 1875 Provst for Skippinge og Ods H.",,M,fornavn »Søren« 4/4,M,fornavn »Søren« 4/4,M,0.0117,0.0037,0.9963,True,M,S2
Reg0067640,"Hauch, Carsten (1790–1872)","Digter, Lektor i Naturvidenskaberne ved Sorø Akademi, 1846 Professor i Kiel i nordiske Sprog, 1851 i København i Æstetik, 1858–1859 Medlem af Det kgl. Teaters D",,,,M,erhverv »digter« 100/101,M,0.0,0.0,1.0,True,M,S2
Reg0067750,Hauff,,,,,,,,0.8071,0.5688,0.5688,False,,
Reg0067760,"Haugsted, J. (1804–1889)","Snedkermester, Medlem af Odense Kommunalbestyrelse.",,,,,,M,0.0423,0.0137,0.9863,True,M,S3
Reg0067790,"Haurowitz. Lion V. (død 1905, 80 år gl.)",Hof-Handskemager.,,,,,,K,0.7979,0.5545,0.5545,True,,
Reg0067800,von Hausen,"sachsisk Major, indkvarteret på Maxen 1857.",sachsisk,,,,,K,0.87,0.6784,0.6784,True,,
Reg0067810,"Hauser, Kaspar (død 1833)",Hittebarn.,,,,,,M,0.3155,0.1269,0.8731,True,,
Reg0067820,"Hauser, Miska (Michael) (1822–1887)",ungarsk Violinist.,ungarsk,,,,,K,0.9812,0.9428,0.9428,True,,
Reg0067840,"Hauting, Eremitten af –","(»General og Baron, en Sonderling der eier Hauting og Godser i Rhinprovindsen«), Hautingsheim.",,,,M,titel »baron« i beskrivelsen,M,0.0016,0.0005,0.9995,True,M,S2
Reg0067900,Hay,Løjtnant. Oldenburg 14.12.1845.,,,,,,M,0.0757,0.0252,0.9748,True,,
Reg0067970,Haynes,Engelsk Søofficer 1874.,engelsk,,,,,M,0.1609,0.057,0.943,True,,
Reg0068090,"Hecksher, L. A. (død 1874, 69 år gl.)","Skibsmægler, amerikansk Vicekonsul.",,,,,,M,0.0952,0.0321,0.9679,True,,
Reg0068110,Hedberg,"Svensk Musiker 27.1.1866 (Navnet sikkert en Skrivefejl (Dittografi), muligvis menes Komponisten August Söderman).",svensk,,,,,K,0.8528,0.6462,0.6462,True,,
Reg0068120,"Hedberg, Frans (1828–1908)",Svensk Skuespiller og Forfatter.,svensk,M,fornavn »Frans« 9/9,M,fornavn »Frans« 9/9,M,0.0,0.0,1.0,True,M,S2
Reg0068130,Hedemann,»som længe har indbudt mig« (19.2.1868).,,,,,,K,0.9128,0.7674,0.7674,True,,
Reg0068140,"Hedemann, Anthon Rudolph (1816–1897)","Premierløjtnant i Søetaten, 1856–1858 Fører af Postdampskibet Eideren, 1857 Kaptajnløjtnant, senere kar .Kon treadmiral og Kammerherre.",,M,fornavn »Anthon« 8/8,M,fornavn »Anthon« 8/8,M,0.0,0.0,1.0,True,M,S2
Reg0068190,"Hedemann, O. B. von (1811–1883)","cand. jur., Toldforvalter i Fredericia, 1871 Toldinspektør i Aarhus, Kammerjunker.",,,,M,erhverv »cand« 57/57,M,0.0128,0.0041,0.9959,True,M,S2
Reg0068210,"Hedin, Sven (Svante) (1822–1896)",Svensk Skuespiller.,svensk,,,M,erhverv »skuespiller« 80/81,M,0.0146,0.0046,0.9954,True,M,S2
Reg0068220,"Heegaard, Thomas Wissing (1781–1831)","Klokker ved Viborg Domkirke, Forf. af »Riimposen«.",,,,,,M,0.4682,0.2173,0.7827,True,,
Reg0068250,"Hegel, F. V. (1817–1887)","Forlagsboghandler, Kancelliraad 1861, Justitsraad 1879, Etatsraad 1887.",,,,,,M,0.0,0.0,1.0,True,M,S3
Reg0068290,"Hegermann-Lindencrone, J. H. (1765–1849)",kar.Generalløjtnant.,,,,,,M,0.0643,0.0212,0.9788,True,,
Reg0068390,"Heiberg, Lelia (1855–1917)",Plejedatter af Johanne Luise H.,,,,,,K,1.0,1.0,1.0,True,,
Reg0068410,"Heiberg, Marius (1809–1883)",Distriktslæge i Solør og Odal (med Bopæl i Kongsvinger).,,,,,,M,0.0048,0.0015,0.9985,True,M,S3
Reg0068560,"Hein, Victorin (Victor) (1825–1860)",Privatsekretær på Nørre-Vosborg hos A.E.M.Tang.,,,,,,M,0.1563,0.0552,0.9448,True,,
Reg0068600,"Heine, Salomon (1767–1844)",Bankier i Hamburg.,,,,,,M,0.011,0.0035,0.9965,True,M,S3
Reg0068670,Heinitz,"(muligvis Løjtnant, Kammerherre Paul Adolf Benno v. H. (1834–1899)).",,,,,,M,0.0135,0.0043,0.9957,True,M,S3
Reg0068720,"Heinzel, Max","Redaktør, Bromberg i Posen.",,M,fornavn »Max« 3/3,M,fornavn »Max« 3/3,M,0.0601,0.0198,0.9802,True,M,S2
Reg0068750,Helene,Tjenestepige hos Frk. Hallager 1868.,,,,,,K,0.8071,0.5688,0.5688,True,,
Reg0068810,"Helldorf, Melanie (Lonny) von (1835–1917)","Broderdatter af H.v.H., g.1863 m. preussisk Major Grev Ernst v.d. Schulenburg.",,,,,,K,1.0,1.0,1.0,True,,
Reg0068820,"Heller, J. L. (1778–1847)","Redaktør af Frankfurter Journal og af Didaskalia oder Blätter für Geist, Gemüth und Publizität.",,,,,,M,0.4476,0.2035,0.7965,True,,
Reg0068840,Hellesen og Frue,Rolighed 18.8.1870.,,,,,,K,0.8205,0.5904,0.5904,True,,
Reg0068860,"Helm-Petersen, S. F. (1838–1897)",Boghandler i Odense (Hempelske Boghandel) 1870–1887.,,,,,,M,0.0192,0.0061,0.9939,True,M,S3
Reg0068900,"Helms, Svend Henrik (1814–1878)","Dansk Konsulatssekretær i Leipzig, tysk dr. phil., Oversætter.",dansk,,,,,M,0.0059,0.0019,0.9981,True,M,S3
Reg0068940,"Heltzen, E. (1818–1898)","1864–65 Justitsminister og Kultusminister ad interim, 1869 Stiftamtmand i Odense.",,,,,,M,0.0423,0.0137,0.9863,True,M,S3
Reg0068950,"Helveg, Fr. (1816–1901)","Hovedpræst ved Frue Kirke i Haderslev 1856–1864, 1867 Sognepræst i Købelev, Lolland, 1886–1899 tillige Stiftsprovst, Forfatter.",,M,fornavn »Fr« 3/3,M,fornavn »Fr« 3/3,M,0.0149,0.0047,0.9953,True,M,S2
Reg0068960,"Helweg, H. T. (1820–1899)","fhv. Koffardi-kaptajn, Skibsreder, senere Sparekassedirektør, Medlem af Odense Kommunalbestyrelse.",,,,,,,0.0952,0.0321,0.9679,False,,
Reg0068990,"Hempel, Søren (1775–1844)","Boghandler i Odense, Udgiver af Fyens Stifts Adresseavis (Fyens Stiftstidende).",,M,fornavn »Søren« 4/4,M,fornavn »Søren« 4/4,M,0.0,0.0,1.0,True,M,S2
Reg0069050,"Hengel, A. J. van (1821–1893)","Hollandsk Købmand, Amsterdam.",hollandsk,,,,,M,0.0146,0.0046,0.9954,True,M,S3
Reg0069120,Hengist,"Angelsaksisk Høvding, erobrede England 445.",angelsaksisk,,,,,M,0.4652,0.2153,0.7847,True,,
Reg0069280,"Henrichsen, R. J. F. (1800–1871)","Rektor ved Odense Katedralskole 1843, tit. Professor s.A., Etatsraad 1868.",,,,,,M,0.003,0.001,0.999,True,M,S3
Reg0069300,Henrik (Heinrich),Tjener på Breitenburg 1844.,,,,,,M,0.7292,0.4591,0.5409,True,,
Reg0069310,Henrik,Tjener hos Eisendechers i Oldenburg.,,,,,,M,0.7292,0.4591,0.5409,True,,
Reg0069320,Henrik Fuglefænger,"Tysk Konge (ca. 876–936), Konge 919.",tysk,,,M,titel »konge« i beskrivelsen,M,0.3714,0.157,0.843,True,M,S2
Reg0069330,Henrik III,"Tysk-romersk Kejser (1017–1056), Kejser 1046.",tysk_romersk,,,M,titel »kejser« i beskrivelsen,M,0.3714,0.157,0.843,True,M,S2
Reg0069340,Henrik IV,"Tysk-romersk Kejser (1050–1106), Søn af Henrik III, Kejser 1084–1105.",tysk_romersk,,,M,titel »kejser« i beskrivelsen,M,0.3714,0.157,0.843,True,M,S2
Reg0069370,Henriques’ Broder og Broderens Kone,"(hvem H.C. Andersen mener, kan ikke afgøres), Paris 1868, Rolighed 1871 og 1872.",,,,,,K,0.8217,0.5923,0.5923,True,,
Reg0069480,"Henriques, Meyer R. (1813–1874)","Rabbiner i Göteborg, Rektor ved Göthilda-skolan.",,,,,,M,0.0059,0.0019,0.9981,True,M,S3
Reg0069510,"Henriques, Ruben (1771–1846)",Vekselerer i København.,,,,,,M,0.3331,0.1361,0.8639,True,,
Reg0069670,"Herder, Adele Luise Wilhelmine Pauline von (1831–?)","Sønnedatter af J. G. v. H., g. 1853 m. dr. Karl W. Kuby.",,K,fornavn »Adele« 7/7,K,fornavn »Adele« 7/7,K,0.9875,0.9613,0.9613,True,K,S2
Reg0069680,"Herder, Adele Maria Theresia von (1827–?)",Sønnedatter af J.G.v.H.,,K,fornavn »Adele« 7/7,K,fornavn »Adele« 7/7,K,0.9812,0.9428,0.9428,True,K,S2
Reg0069710,"Herforth, C. L. (1818–1892)","Overretsprokurator, Borgerrepræsentant i København 1865–1884.",,,,,,M,0.0757,0.0252,0.9748,True,,
Reg0069750,"Hermansen, G. (1806–1882)","cand. theol., 1839–1841 Studierejse til Tyskland, Italien, Grækenland og Orienten, 1841 Docent, 1845 Professor ved Københavns Universitet, Orientalist og Theolo",,,,M,erhverv »cand« 57/57,M,0.003,0.001,0.999,True,M,S2
Reg0069770,Herodotos (ca. 484–430 f. Chr.),græsk Historiker.,græsk,,,,,M,0.2792,0.1089,0.8911,True,,
Reg0069850,Hertz,Verdensudstillingen i Paris 17.4.1867.,,,,,,K,0.9176,0.7784,0.7784,True,,
Reg0069950,"Hertz, Martin (1817–1879)","Politiinspektør, Chef for Opdagelsespolitiet.",,M,fornavn »Martin« 3/3,M,fornavn »Martin« 3/3,M,0.1226,0.0422,0.9578,True,M,S2
Reg0070000,"Hertzog, Fr. G. (1821–1892)",Billedhugger.,,M,fornavn »Fr« 3/3,M,fornavn »Fr« 3/3,M,0.0757,0.0252,0.9748,True,M,S2
Reg0070010,"Hertzveld, S. H. (1805–1893)",Embedsmand i det hollandske Finansministerium.,,,,,,K,0.7984,0.5552,0.5552,True,,
Reg0070040,"Herwerden, Galathea van, f. van Deen (1836–1900)","Søsterdatter af M. G. Melchior, g.m. H. van H.",,,,,,K,0.9943,0.9821,0.9821,True,,
Reg0070050,"Herwerden, H. van (1831–1910)",Professor i Græsk ved Universitetet i Utrecht.,,,,,,M,0.0952,0.0321,0.9679,True,,
Reg0070060,Herzfeld,Generalkonsul for Mexiko i Wien 1866.,,,,,,M,0.121,0.0416,0.9584,True,,
Reg0070080,Herzog og Frue,"fra Württemberg, tyske Turister 1852.",,,,,,K,0.9235,0.7919,0.7919,True,,
Reg0070120,Hesse,"Vært i Wittelsbacherhof, Nürnberg 1860.",,,,,,K,0.8885,0.7153,0.7153,True,,
Reg0070130,"Hesse fra Altona, og hans Broder",(25.8.1847).,,,,,,K,0.8854,0.709,0.709,True,,
Reg0070290,"Hetsch, G. F. (1788–1864)","Arkitekt, 1822 Professor ved Kunstakademiet.",,,,,,M,0.0135,0.0043,0.9957,True,M,S3
Reg0070300,"Hetzel, Jules (1814–1886)",Fransk Forlagsboghandler og Børnebogsforfatter.,fransk,,,,,M,0.0,0.0,1.0,True,M,S3
Reg0070350,Heycke,Præst ved Maxen.,,,,,,M,0.6012,0.3222,0.6778,True,,
Reg0070370,"Heydebrand und der Lasa, Tassilo von (1818–1899)","Tysk Diplomat, preussisk Gesandt i København 1865, tysk Gesandt 1871–1879, Skakforfatter.",tysk,,,,,M,0.0014,0.0005,0.9995,True,M,S3
Reg0070380,"Heye, J. P. (1809–1876)",Hollandsk Digter og Læge.,hollandsk,,,M,erhverv »digter« 100/101,M,0.003,0.001,0.999,True,M,S2
Reg0070500,"Hierta, Lars Johan (1801–1872)","1830–52 Udgiver af Aftonbladet i Stockholm, dr. phil., Rigsdagsmand.",,M,fornavn »Lars« 3/3,M,fornavn »Lars« 3/3,M,0.0763,0.0254,0.9746,True,M,S2
Reg0070520,"Higginson, J. A.",Boston 1871.,,,,,,K,0.8296,0.6056,0.6056,True,,
Reg0070540,"Hijmans, Jacobus","Arnhem, Stifter af Firmaet »Jacobus Hymans« i Samarang.",,,,,,M,0.0618,0.0203,0.9797,True,,
Reg0070600,"Hillerup, F. G. (1793–1861)",Forfatter og Oversætter.,,,,M,erhverv »forfatter« 96/98,M,0.121,0.0416,0.9584,True,M,S2
Reg0070650,"Hindenburg, F. L. (1792–1863)","Oberstløjtnant, Chef for 2. Dragonregiment, Itzehoe, 1848 kar. Oberst.",,,,,,M,0.0402,0.013,0.987,True,M,S3
Reg0070790,Hjarne Skjald,Sagnkonge (Sakses 6. Bog).,,,,,,K,0.8349,0.6145,0.6145,True,,
Reg0070810,"Hjelm, Octavia (1834–1918)",g. 1856 m. Wladimir Moltke-Hvitfeldt.,,,,,,K,1.0,1.0,1.0,True,,
Reg0070850,"Hjerrild, Ingvar Smidt (1836–1865)","cand. phil., Teater- og Musikanmelder ved »Dagbladet«.",,,,M,erhverv »cand« 57/57,M,0.0757,0.0252,0.9748,True,M,S2
Reg0070870,"Hjertman, A. G. (1784–?)",Kældermester og Gæstgiver i Uppsala.,,,,,,M,0.0213,0.0068,0.9932,True,M,S3
Reg0070890,Hjordt,"Fører af Dampskibet Arvika, Göta Kanal 1849.",,,,,,K,0.7939,0.5485,0.5485,True,,
Reg0070940,"Hjorth, F. C. (1782–1865)","Naalemagermester, Borgerrepræsentant 1844–1856, Justitsraad 1857.",,,,,,M,0.0423,0.0137,0.9863,True,M,S3
Reg0070950,"Hjortsberg, Max (1825–1880)",Sekretær hos Jenny Lind.,,M,fornavn »Max« 3/3,M,fornavn »Max« 3/3,M,0.2803,0.1094,0.8906,True,M,S2
Reg0070970,"Hoche, Lazare (1768–1797)",Fransk General.,fransk,,,,,M,0.119,0.0408,0.9592,True,,
Reg0070980,Hochmut,"Bergmanns-Lieutenant fra Trier, Diligencepassager 18.12.1845.",,,,,,K,0.9244,0.7941,0.7941,True,,
Reg0071010,"Hoeven, Jan van der (1801–1868)","Professor i Zoologi, Leiden.",,,,,,M,0.003,0.001,0.999,True,M,S3
Reg0071020,"Hofer, Andreas (1767–1810)",tyrolsk Frihedskæmper.,tyrolsk,,,,,M,0.1933,0.0702,0.9298,True,,
Reg0071050,"Hoffmann, E. Th. A. (1776–1822)",Tysk Digter.,tysk,M,fornavn »Th« 3/3,M,fornavn »Th« 3/3,M,0.0952,0.0321,0.9679,True,M,S2
Reg0071080,"Hoffmeyer, Cordulus Henrik Emil (1832–1898)","exam.jur., 1859 konst. Byfoged og Byskriver samt Sandflugtskommissær i Skagen, 1866 Prokurator i Faaborg.",,,,,,M,0.003,0.001,0.999,True,M,S3
Reg0071090,"Hoffmeyer, F. (1835–1910)","cand. pharm. 1856, Apoteker i Grenaa 1867.",,,,M,erhverv »cand« 57/57,M,0.0192,0.0061,0.9939,True,M,S2
Reg0071140,"Hofman-(Bang), N. (1776–1855)","Besidder af Hofmansgave, Botaniker og Agronom, Etatsraad 1852.",,,,,,M,0.0,0.0,1.0,True,M,S3
Reg0071170,Hof præsten i Dresden,(luthersk).,,,,,,K,0.7885,0.5403,0.5403,True,,
Reg0071220,"Hohlenberg, Joh. Chr. Carl (1803–1849)","Kaptajn af Infanteriet, 1848 ved 3. Linie-Bataillon, omkom da Linieskibet »Christian VIII« sprang i Luften under Kampen ved Eckernførde 5.4.1849.",,,,,,M,0.0279,0.009,0.991,True,M,S3
Reg0071250,"Hohwii, Andreas (1803–1885)",sønderjydsk Kronometermager i Amsterdam.,sønderjydsk,,,,,M,0.1946,0.0708,0.9292,True,,
Reg0071270,"Holbech, G. F. (1811–1880)",Billedhugger.,,,,,,M,0.0634,0.0209,0.9791,True,,
Reg0071280,"Holbech, J. A. G. (1815–1885)","Skoledirektør i København, tit. Professor.",,,,,,M,0.2459,0.0932,0.9068,True,,
Reg0071340,"Hogg, Thomas Jefferson (1792–1862)",Engelsk Forfatter.,engelsk,,,M,erhverv »forfatter« 96/98,M,0.0346,0.0112,0.9888,True,M,S2
Reg0071390,"Holbøll, P. J. C. (1828–1911)","Kaptajn i Søetaten, 1866–1870 Fører af Postdampskib, 1877 Afsked og Lodsinspektør i København, 1887 kar. Kommandør.",,,,,,M,0.0262,0.0084,0.9916,True,M,S3
Reg0071480,"Holck, Friderich Carl Ferd. (1761–1836)",Oberst.,,,,,,M,0.0,0.0,1.0,True,M,S3
Reg0071560,"Hollenius, Laurence J.",Dansk-amerikansk Lystspilforfatter (1869).,dansk,,,,,K,0.9682,0.9056,0.9056,True,,
Reg0071580,Holm,"Landmand, Skelskør.",,,,,,K,0.8747,0.6876,0.6876,True,,
Reg0071590,Holm,"Dansk Turist, Nizza 3.12.1869.",dansk,,,,,K,0.9128,0.7674,0.7674,True,,
Reg0071600,"Holm, Anders Gustaf (1786–1852)","Svensk Sproglærer, kaldet »Araben«.",svensk,M,fornavn »Anders« 3/3,M,fornavn »Anders« 3/3,M,0.4905,0.2329,0.7671,True,M,S2
Reg0071610,"Holm, Anders Krag (1767–1851)",Holmens Provst 1823–1848.,,M,fornavn »Anders« 3/3,M,fornavn »Anders« 3/3,M,0.0952,0.0321,0.9679,True,M,S2
Reg0071700,"Holm, Just (1815–1907)",Portrætmaler.,,,,,,M,0.003,0.001,0.999,True,M,S3
Reg0071720,"Holm, Rasmus Hansen (1808–1890)","Sognepræst i Røgen-Sporup 1852, i Torsager-Bregnet 1859–1869.",,M,fornavn »Rasmus« 3/3,M,fornavn »Rasmus« 3/3,M,0.003,0.001,0.999,True,M,S2
Reg0071790,"Holmblad, L. P. (1815–1890)","Fabrikant, Etatsraad.",,,,,,M,0.0,0.0,1.0,True,M,S3
Reg0071810,"Holme, Hildegard",(Pseudonym).,,,,,,M,0.0387,0.0125,0.9875,True,M,S3
Reg0071990,"Holst, H. P. (1811–1893)","Digter, 1836–1861 Lærer ved Landkadetakademiet, 1849–1858 tillige ved Kadetskolen, 1859–1860 Redaktør for Berlingske Tidende, 1862–1864 Direktør for Casino, 186",,,,M,erhverv »digter« 100/101,M,0.0,0.0,1.0,True,M,S2
Reg0072550,"Holten, Mathias (1783–1867)",Vare- og Vekselmægler.,,M,fornavn »Mathias« 3/3,M,fornavn »Mathias« 3/3,M,0.1163,0.0398,0.9602,True,M,S2
Reg0072590,"Holten, Sofus Emil (1836–1885)","Sønnesøn af Nicolai H. (1775–1850), dansk Købmand i London 1863–1882.",,,,,,M,0.0,0.0,1.0,True,M,S3
Reg0072640,"Homberg, Benedict (død 1870)","Bankier, Associé i Huset Rothschild, Frankfurt.",,,,,,M,0.0326,0.0105,0.9895,True,M,S3
Reg0072650,Homeros,græsk Digter.,græsk,,,M,erhverv »digter« 100/101,M,0.1923,0.0698,0.9302,True,M,S2
Reg0072660,"Honthorst, Gerhard (Gerrit) (Gherardo della Notte) (1590–1656)","Hollandsk Maler, virkede i Italien 1610–1621.",hollandsk,,,M,erhverv »maler« 78/78,M,0.0,0.0,1.0,True,M,S2
Reg0072680,"Hoorn (Hornes), Filip van","Greve 1518–1568, Guvernør i Geldern, henrettet 1568.",,M,fornavn »Filip« 5/5,M,titel »greve« i beskrivelsen; fornavn »Filip« 5/5,M,0.003,0.001,0.999,True,M,S2
Reg0072690,"Hope, James (fra 1853: Hope-Scott), (1812–1873)",Engelsk Sagfører.,engelsk,,,,,M,0.4957,0.2366,0.7634,True,,
Reg0072720,Hoppe,"Verdensudstillingen i Paris 1867 (måske Johan Christopher H. (1841–1933), søn af Torkild H., cand. jur., senere Amtmand i Randers og Kammerherre).",,,,,,M,0.0289,0.0093,0.9907,True,M,S3
Reg0072730,"Hoppe, B. A. (1796–1865)","Stadsfysicus i København, dr. med., tit. Professor.",,,,,,M,0.2023,0.074,0.926,True,,
Reg0072760,"Hoppe, F.L.T. (død 1885)",Skibsmægler.,,,,,,K,0.7649,0.5063,0.5063,True,,
Reg0072810,"Hoppe, Torkild (1801–1871)","Amtmand i Sorø 1848, Kammerherre.",,,,,,M,0.0128,0.0041,0.9959,True,M,S3
Reg0072840,"Horatius Flaccus, Q. (65–8 f. Chr.)",romersk Digter.,romersk,,,M,erhverv »digter« 100/101,M,0.0618,0.0203,0.9797,True,M,S2
Reg0072850,Horeb,"Operasanger, Amsterdam og Haag Februar 1866.",,,,,,M,0.4102,0.1798,0.8202,True,,
Reg0072940,"Horneman, G. F. E. (1840–1906)","Komponist, tit. Professor 1888.",,,,,,M,0.0192,0.0061,0.9939,True,M,S3
Reg0073080,"Horner, Leonard (1785–1864)",Engelsk Geolog og pædagogisk Reformator.,engelsk,,,,,M,0.0402,0.013,0.987,True,M,S3
Reg0073110,"Horrocks, James",Weimar 1845.,,M,fornavn »James« 3/3,M,fornavn »James« 3/3,M,0.4102,0.1798,0.8202,True,M,S2
Reg0073140,"Hosemann, Th. (1807–1875)","Tysk Genremaler og Illustrator, bl.a. af H.C. Andersens Eventyr.",tysk,M,fornavn »Th« 3/3,M,fornavn »Th« 3/3,M,0.5904,0.3124,0.6876,True,M,S2
Reg0073250,"Hostrup, C. (1818–1892)","Digter, Sognepræst i Silkeborg og Linaa 1856–1862, i Hillerød og Herlev 1862–1881.",,,,M,erhverv »digter« 100/101,M,0.0016,0.0005,0.9995,True,M,S2
Reg0073260,"Hottenroth, Woldemar (1802–1894)",Tysk Maler.,tysk,,,M,erhverv »maler« 78/78,M,0.0,0.0,1.0,True,M,S2
Reg0073270,"Hougaard, Andreas (1821–1885)",Skuespiller ved Casino.,,M,fornavn »Andreas« 3/3,M,fornavn »Andreas« 3/3,M,0.0423,0.0137,0.9863,True,M,S2
Reg0073310,"Houriet, Jules (1780–1852)",Fabrikant i Le Locle.,,,,,,M,0.0016,0.0005,0.9995,True,M,S3
Reg0073400,"Howitz, Frantz (1828–1912)","Kirurg og Kvindelæge, 1869–1903 Overlæge på Frederiksberg Hospital.",,,,,,M,0.0192,0.0061,0.9939,True,M,S3
Reg0073490,"Hugo, Victor (1802–1885)",Fransk Digter.,fransk,,,M,erhverv »digter« 100/101,M,0.003,0.001,0.999,True,M,S2
Reg0073510,"Hultmann, Fritz (1820–1894)",Skuespiller ved Det kgl. Teater 1843–1877.,,M,fornavn »Fritz« 6/6,M,fornavn »Fritz« 6/6,M,0.0059,0.0019,0.9981,True,M,S2
Reg0073530,"Humbert, Edouard (1825–1889)","Professor, Genève.",,M,fornavn »Edouard« 3/3,M,fornavn »Edouard« 3/3,M,0.0,0.0,1.0,True,M,S2
Reg0073580,"Hummel, C. G. (1811–1872)","Direktør for Polyteknisk Læreanstalt, 1849 tit. Professor, 1867 Etatsraad.",,,,,,M,0.0,0.0,1.0,True,M,S3
Reg0073620,"Hundrup, Andreas (1776–1849)","Distriktskirurg, Slagelse.",,M,fornavn »Andreas« 3/3,M,fornavn »Andreas« 3/3,M,0.114,0.039,0.961,True,M,S2
Reg0073680,Hunt (død 1870),"Amerikaner, Nizza (Søn af Værtinden i Pension suisse?).",,,,,,K,0.9128,0.7674,0.7674,True,,
Reg0073710,"Hunt, Leigh (1784–1859)",Engelsk Forfatter og Kritiker.,engelsk,,,M,erhverv »forfatter« 96/98,M,0.2023,0.074,0.926,True,M,S2
Reg0073730,Hunter,"Englænder, Christiania 1850.",,,,,,K,0.8814,0.701,0.701,True,,
Reg0073740,"Hunæus, Gottfried (død 1845, 90 år gl.)",hertugelig Slotsforvalter på Sønderborg Slot.,,,,,,M,0.1151,0.0394,0.9606,True,,
Reg0073750,"Hurd, Melancthon M.","Amerikansk Forlagsboghandler (Hurd & Houghton), H.C. Andersens Forlægger.",amerikansk,,,,,M,0.003,0.001,0.999,True,M,S3
Reg0073760,Hussein Pasha,"tyrkisk General, 1841 Pasha i Widdin.",tyrkisk,,,,,M,0.0423,0.0137,0.9863,True,M,S3
Reg0073770,Hussein Pasha (død 1841),tyrkisk Krigsminister.,tyrkisk,,,,,K,0.8071,0.5688,0.5688,True,,
Reg0073780,Hussein,"»den fornemste af Tyendet« hos Sir John Drummond Hay, Tanger.",,,,,,M,0.7441,0.4783,0.5217,True,,
Reg0073810,"Huth, A. von (1815–1878)","Premierløjtnant ved 8. Liniebataillon, 1864 kar. Kaptajn, Afsked s.A.",,,,M,erhverv »premierløjtnant« 39/39,M,0.0423,0.0137,0.9863,True,M,S2
Reg0073850,"Huysum, Jan van (1682–1749)",Hollandsk Blomstermaler.,hollandsk,,,,,M,0.0016,0.0005,0.9995,True,M,S3
Reg0073860,Hvid,"(Wied?). GI. Fru Hvid, Roskilde 7.8.1863.",,,,,,M,0.5393,0.2696,0.7304,True,,
Reg0073870,"Hvid, Christoffer (1803–1872)","Skuespiller ved Det kgl. Teater 1829–1858, derefter Inspektør ved Sygehjemmet.",,,,M,erhverv »skuespiller« 80/81,M,0.0,0.0,1.0,True,M,S2
Reg0073880,"Hvide, Stig Andersen (død 1293)",Marsk.,,,,,,M,0.5258,0.259,0.741,True,,
Reg0073890,"Hvidt, Ed. J. (1806–1882)","Assurancemægler, De private Assurandører.",,,,,,M,0.3714,0.157,0.843,True,,
Reg0073930,"Hvorup, Anders Nielsen (1828–1903)",Tømrermester i Aalborg.,,M,fornavn »Anders« 3/3,M,fornavn »Anders« 3/3,M,0.3592,0.1502,0.8498,True,M,S2
Reg0073950,Hübner & Matz,"Kunsthandlere, Königsberg.",,,,,,K,0.8349,0.6145,0.6145,True,,
Reg0073980,"Hübner, Rud. (1806–1882)","Tysk Historiemaler, Professor, 1871 Direktør for Dresdner-Galleriet.",tysk,,,,,M,0.0,0.0,1.0,True,M,S3
Reg0074010,"Hyllested, F. W. (1825–1906)","Grosserer, dansk Vinhandler i Bordeaux.",,,,,,M,0.0423,0.0137,0.9863,True,M,S3
Reg0074040,Hymmen,"Tysk Adelsdame (ikke Baronesse), Giion og Ragatz 1874.",tysk,,,K,titel »baronesse« i beskrivelsen,K,0.8555,0.6512,0.6512,True,K,S2
Reg0074050,"Hägg, J. A. (1850–1928)",Svensk Komponist.,svensk,,,,,M,0.0618,0.0203,0.9797,True,,
Reg0074060,"Händel, G. F. (1685–1759)",tysk-engelsk Komponist.,tysk,,,,,M,0.1823,0.0657,0.9343,True,,
Reg0074300,"Höhling, H. P. K. (1812–1895)","Kaptajn II, 2. Forstærkningsbataillon, senere kar. Oberst.",,,,,,M,0.0423,0.0137,0.9863,True,M,S3
Reg0074350,"Høst, Andreas Frederik (1811–1897)",Forlagsboghandler.,,M,fornavn »Andreas« 3/3,M,fornavn »Andreas« 3/3,M,0.0016,0.0005,0.9995,True,M,S2
Reg0074370,"Høst, Georgia","Flensborg, Forf. af Skuespillet »König Waldemar und Tovelille«.",,,,,,K,1.0,1.0,1.0,True,,
Reg0074380,"Høyberg, Lars Jacob Nøragger (1801–1836)","cand. theol., 1826 Adjunkt ved Sorø Akademis Skole, senere Sognepræst, sidst i Sneum og Tjæreborg.",,M,fornavn »Lars« 3/3,M,fornavn »Lars« 3/3,M,0.0,0.0,1.0,True,M,S2
Reg0074400,"Høyen, N. L. (1798–1870)","Kunsthistoriker, 1829 Professor ved Kunstakademiet, 1856 tillige Docent ved Københavns Universitet.",,,,,,M,0.1109,0.0378,0.9622,True,,
Reg0074450,Ibrahim Agha,"kaldet Kara-Djehennem (»Det sorte Helvede«), Artillerichef ved Tilintetgørelsen af Janitsharerne 1826.",,,,,,K,0.8071,0.5688,0.5688,True,,
Reg0074460,Ibrahim Pasha (1784–1848),ægyptisk Feltherre.,ægyptisk,,,,,M,0.0952,0.0321,0.9679,True,,
Reg0074500,"Ibsen, Ib (1801–1862)","Lektor i Anatomi ved Kirurgisk Akademi, tit. Professor 1849, ordinær Professor 1861.",,,,,,M,0.121,0.0416,0.9584,True,,
Reg0074520,Ignatius,Munk fra Westfalen i Klosteret Bonaventura i Rom 1861.,,,,,,K,0.9244,0.7941,0.7941,True,,
Reg0074530,"Illner, Ignaz (død 1861)",Tysk Operasanger.,tysk,,,,,M,0.0523,0.0171,0.9829,True,M,S3
Reg0074570,"Ingelman, Göran Gabriel (1788–1844)","Svensk Digter og Publicist, Kopist i Riksarkivet, Stockholm.",svensk,,,M,erhverv »digter« 100/101,M,0.0016,0.0005,0.9995,True,M,S2
Reg0074580,"Ingemann, Bernhard Severin (1789–1862)","Digter, Søn af Birgitte I., 1822 Lektor ved Sorø Akademi, kst. Direktor 1842–1849, Etatsraad 1845, Konferensraad 1857.",,M,fornavn »Bernhard« 3/3,M,fornavn »Bernhard« 3/3,M,0.0,0.0,1.0,True,M,S2
Reg0074620,Ingerslev,Præst (1863).,,,,,,M,0.121,0.0416,0.9584,True,,
Reg0074640,"Ingerslev, H. P. (1831–1896)","Godsejer, Besidder af Marselisborg, 1885 Indenrigsminister.",,,,,,M,0.0,0.0,1.0,True,M,S3
Reg0074690,"Insinger, J. H.","Direktør for Nederlandske Bank, Amsterdam.",,,,,,M,0.0726,0.0241,0.9759,True,,
Reg0074700,"Ioannou, Filippos (1796–1880)","Professor i Æstetik ved Universitetet i Athen, Oversætter og Digter.",,,,,,M,0.0,0.0,1.0,True,M,S3
Reg0074720,"Ipsen, Cecilia (1791–1874)",Husholderske på Glorup.,,,,,,K,1.0,1.0,1.0,True,,
Reg0074750,"Ipsen, Svend Chr. Wessel (1812–1886)","Apoteker i Holbæk, Justitsraad.",,,,,,M,0.0,0.0,1.0,True,M,S3
Reg0074800,"Irving, Washington (1783–1859)",Amerikansk Digter.,amerikansk,,,M,erhverv »digter« 100/101,M,0.011,0.0035,0.9965,True,M,S2
Reg0074820,"Isachsen, Andreas (1829–1903)",Norsk Skuespiller.,norsk,M,fornavn »Andreas« 3/3,M,fornavn »Andreas« 3/3,M,0.0146,0.0046,0.9954,True,M,S2
Reg0074830,"Isberg, S. W. (1820–1895)","Bogholder hos Grosserer O. B. Suhr, senere Chef for Handelshuset J.P. Suhr & Søn og Etatsraad.",,,,,,M,0.0,0.0,1.0,True,M,S3
Reg0074880,Iversen,"Seminarist fra Horsensegnen, Soldat i Treårskrigen.",,,,,,K,0.9235,0.792,0.792,True,,
Reg0074890,"Iversen, A. G. (død 1850)",Tømmerhandler.,,,,,,K,0.8396,0.6227,0.6227,True,,
Reg0074900,"Iversen, C. G. (1817–1881)",Boghandler i København.,,,,,,M,0.0618,0.0203,0.9797,True,,
Reg0074940,"Jablonka, Josef","Donat i den souveræne Malteser-Orden, Storpriorats-Sekretær og Inspektions-Sekretær (til 1854) i Böhmen.",,M,fornavn »Josef« 9/9,M,fornavn »Josef« 9/9,M,0.3714,0.157,0.843,True,M,S2
Reg0074950,Jackson,Passager på Dampskibet Batavier 22.6.1847.,,,,,,K,0.885,0.7082,0.7082,True,,
Reg0074960,Jackson Haines,"Skøjteløberdanser, optraadte 15.10.-21.11.1866 24 Gange på Casino og igen i Marts 1870.",,,,,,K,0.9273,0.8009,0.8009,True,,
Reg0074980,"Jacobi, Constance",g. 1861 m. Bogumil Dawison.,,K,fornavn »Constance« 3/3,K,fornavn »Constance« 3/3,K,0.9787,0.9353,0.9353,True,K,S2
Reg0075020,Jacobsen,Besøgende ved Landmandsmødet i Goteborg 1871.,,,,,,K,0.8199,0.5893,0.5893,True,,
Reg0075040,"Jacobsen, Andreas (1801–1870)",Forstander for Brødremenigheden i Christiansfeld.,,M,fornavn »Andreas« 3/3,M,fornavn »Andreas« 3/3,M,0.1946,0.0708,0.9292,True,M,S2
Reg0075070,"Jacobsen, David (1821–1871)",Maler.,,M,fornavn »David« 3/3,M,fornavn »David« 3/3,M,0.0402,0.013,0.987,True,M,S2
Reg0075080,"Jacobsen, Freya (1845–1927)","Broderdatter af Thora Hartmann, g. 1869 m. Vilhelm August Schmidt.",,,,,,K,0.9535,0.866,0.866,True,,
Reg0075090,"Jacobsen, Georges Johan Jakob Preben (1832–1897)","Løjtnant i Søetaten, senere Kongens Jagtkaptajn og kar. Kontreadmiral.",,,,,,M,0.0337,0.0109,0.9891,True,M,S3
Reg0075100,"Jacobsen, Hendrik (1806–1878)",Isenkræmmer og Grosserer.,,M,fornavn »Hendrik« 4/4,M,fornavn »Hendrik« 4/4,M,0.0,0.0,1.0,True,M,S2
Reg0075120,"Jacobsen, Isaak Gerson (1806–1840)","cand. med. 1833, dr. med. (Uppsala) 1838, dansk Læge i Stockholm.",,,,M,erhverv »cand« 57/57,M,0.0952,0.0321,0.9679,True,M,S2
Reg0075130,"Jacobsen, J. G. (1811–1887)","Brygger, GI. Garlsberg, Kaptajn, Garlsbergfondets Stifter.",,,,,,M,0.0952,0.0321,0.9679,True,,
Reg0075260,"Jameson (kaldes af H.C. Andersen ogsaa Jackson), Andrew",skotsk Rejsende April 1834.,skotsk,,,,,M,0.7492,0.485,0.515,True,,
Reg0075290,Jansen,Stockholm 7.7.1837.,,,,,,K,0.8167,0.5841,0.5841,True,,
Reg0075330,"Jansen, E. J. (1833–1903)","Barber, senere Ligtorneoperatør, Kongens Nytorv 18, København.",,,,,,K,0.8694,0.6772,0.6772,True,,
Reg0075370,"Janson, Kristoffer (1841–1917)",Norsk Forfatter.,norsk,,,M,erhverv »forfatter« 96/98,M,0.0048,0.0015,0.9985,True,M,S2
Reg0075400,"Jastrau, Richard (1828–1902)",Operasanger ved Det kgl. Teater.,,,,,,M,0.011,0.0035,0.9965,True,M,S3
Reg0075420,Jean Paul (Pseud. f. Johann Paul Friedrich Richter) (1763–1825),Tysk Digter.,tysk,,,M,erhverv »digter« 100/101,M,0.0852,0.0285,0.9715,True,M,S2
Reg0075430,Jeanne d’Arc (1412–1431),Jomfruen fra Orléans.,,,,,,K,0.9182,0.7797,0.7797,True,,
Reg0075440,"Jeanneret, César-William (1837–1892)","Secrétaire des écoles primaires, Chaux de Fonds, Forfatter.",,,,,,M,0.0139,0.0044,0.9956,True,M,S3
Reg0075470,"Jenisch, Gottlieb (1797–1875)","Storkøbmand og Senator, Hamburg.",,M,fornavn »Gottlieb« 4/4,M,fornavn »Gottlieb« 4/4,M,0.2628,0.101,0.899,True,M,S2
Reg0075500,Jens,H.C. Andersens Tjener på Rolighed 1875.,,,,,,,0.3733,0.1581,0.8419,False,,
Reg0075530,Jensen,"Menig, 2. Infanteri-Regiment, 2. Kompagni, Nr. 273 (1864).",,,,,,K,0.9128,0.7674,0.7674,True,,
Reg0075540,Jensen,"fhv. Opvarter i Café Boulevard, Tigger (Oktober 1872).",,,,,,,0.9128,0.7674,0.7674,False,,
Reg0075560,"Jensen, Bemth (1803–1879)","cand. theol. 1828, Adjunkt ved Metropolitanskolen 1833, Overlærer 1858, Afsked og tit. Professor 1867.",,,,M,erhverv »cand« 57/57,M,0.0952,0.0321,0.9679,True,M,S2
Reg0075570,"Jensen, C. A. (1792–1870)",Portrætmaler.,,,,,,M,0.2359,0.0887,0.9113,True,,
Reg0075580,"Jensen, C. W. (1822–1891)","Vinhandler, Medlem af Odense Kommunalbestyrelse.",,,,,,M,0.003,0.001,0.999,True,M,S3
Reg0075630,"Jensen, J. L. (1800–1856)",Blomstermaler.,,,,,,K,0.8677,0.6741,0.6741,True,,
Reg0075710,"Jensen, Knud (1835–1908)","Boghandler i Roskilde 1858–1864, derefter Medhjælper hos Otto B. Wroblewsky og senere hos H. Hagerup, 1884 Rodemester i Kbh.",,M,fornavn »Knud« 3/3,M,fornavn »Knud« 3/3,M,0.0135,0.0043,0.9957,True,M,S2
Reg0075900,"Jerndorff, Just Ulrik (1806–1847)",Hofmaler i Oldenburg.,,,,,,M,0.0985,0.0333,0.9667,True,,
Reg0075940,"Jerrold, Douglas (1803–1857)",Engelsk Humorist og Dramatiker.,engelsk,,,,,M,0.4102,0.1798,0.8202,True,,
Reg0076030,"Jessen, Joh. Edv. (1840–?)",Kontorist.,,,,,,M,0.636,0.3552,0.6448,True,,
Reg0076040,"Jessen, N. J. (1797–1866)","Overførster, Randers, Kammerherre 1852.",,,,,,M,0.1823,0.0657,0.9343,True,,
Reg0076070,"Jetsmark, J. (1781–1853)",Redaktør af Adresseavisen (Adressecomptoirets Efterretninger).,,,,,,M,0.2995,0.1188,0.8812,True,,
Reg0076130,"Joanny (Jean-Bernard Brisebarre, kaldet -) (1775–1849)",Fransk Skuespiller.,fransk,,,M,erhverv »skuespiller« 80/81,M,0.4612,0.2125,0.7875,True,M,S2
Reg0076140,"Jochumsson, Matthias (1835–1920)",islandsk Præst og Digter.,islandsk,M,fornavn »Matthias« 3/3,M,fornavn »Matthias« 3/3,M,0.0,0.0,1.0,True,M,S2
Reg0076150,"Joelsson, Isac (død 1846)",Grosserer og Lotterikollektør i Helsingør.,,,,,,M,0.0423,0.0137,0.9863,True,M,S3
Reg0076180,Johan (den lille),Randers 26.8.1859.,,,,,,K,0.8039,0.5638,0.5638,True,,
Reg0076190,Johan af Leiden,"Hollandsk Skræder, Gendøbernes Zionskonge i Münster 1534–1535.",hollandsk,,,,,M,0.7258,0.4549,0.5451,True,,
Reg0076200,"Johann, Karantæne-Guardian",Orsova 1841.,,,,,,M,0.0423,0.0137,0.9863,True,M,S3
Reg0076290,"Johnson, Samuel (1709–1784)",Engçlsk Forfatter.,,M,fornavn »Samuel« 4/4,M,fornavn »Samuel« 4/4,M,0.0014,0.0005,0.9995,True,M,S2
Reg0076410,"Jonquiéres, Godefroi Chrétien de Dompierre de (1818–1883)",fhv. Bureauchef i Ministeriet for Slesvig.,,,,,,K,0.8643,0.6675,0.6675,True,,
Reg0076440,"Jordan, Rudolf (1810–1887)",Tysk Maler.,tysk,M,fornavn »Rudolf« 8/8,M,fornavn »Rudolf« 8/8,M,0.0,0.0,1.0,True,M,S2
Reg0076450,Josephine,Tjenestepige hos Anholms.,,,,,,K,0.8457,0.6335,0.6335,True,,
Reg0076460,"Josephson, J. A. (1818–1880)","Svensk Komponist, 1849 Director musices i Uppsala, 1864 Domorganist sst.",svensk,,,,,M,0.1152,0.0395,0.9605,True,,
Reg0076500,Josva,"Nuns Søn, Israels Fører efter Moses’ Død.",,,,,,K,0.8071,0.5688,0.5688,True,,
Reg0076520,Judas,Apostel.,,,,,,K,0.8071,0.5688,0.5688,True,,
Reg0076530,Judas Maccabæus (død 161 f. Chr.),Israels Fører i Kampen mod Syrerne.,,,,,,K,0.7927,0.5466,0.5466,True,,
Reg0076610,"Juel, Knud F. (1766–1847)","fhv. dansk Gesandt i Paris, Generalløjtnant, Besidder af Juelsberg.",,M,fornavn »Knud« 3/3,M,fornavn »Knud« 3/3,M,0.0,0.0,1.0,True,M,S2
Reg0076720,Jung,har Pension i Dresden for unge Piger (1856).,,,,,,K,0.8771,0.6923,0.6923,True,,
Reg0076740,"Jungersen, Fr. (1836–1912)","Højskoleforstander på Skovgaard, Ordrup 1870, Sognepræst f. Blære og Ejdrup 1877, for Vig og Asmindrup 1881, Valgmenighedspræst i København 1890–1911.",,M,fornavn »Fr« 3/3,M,fornavn »Fr« 3/3,M,0.0952,0.0321,0.9679,True,M,S2
Reg0076790,"Jurgensen, N. J. (1809–1882)",Dansk Vinhandler i Bordeaux.,dansk,,,,,M,0.0423,0.0137,0.9863,True,M,S3
Reg0076810,Juringius,Badegæster i Ramlösa 1837.,,,,,,K,0.8396,0.6227,0.6227,True,,
Reg0076970,"Jürgensen, Frants Christian (1804–1864)","Kateket i Helsingør og Førstelærer ved Borgerskolen, 1852 Sognepræst i Bogense og Skovby.",,,,,,M,0.0048,0.0015,0.9985,True,M,S3
Reg0077020,"Jürgensen, L. B. (1812–1872)","Købmand, Manufakturhandler i Odense.",,,,,,M,0.0128,0.0041,0.9959,True,M,S3
Reg0077050,"Jürgensen, Marcus (1798–1879)","Toldforvalter i Næstved, 1862 Toldinspektør i Odense.",,,,,,M,0.0,0.0,1.0,True,M,S3
Reg0077110,"Jæger, Christoffer Laurits (død 1844)","Legationsraad, Hamburg.",,,,,,M,0.011,0.0035,0.9965,True,M,S3
Reg0077210,Jørgen,Kusk på Basnæs (Jørgen Larsen).,,,,,,K,0.9077,0.7562,0.7562,True,,
Reg0077270,Jørgensen og Frue,"Danske Turister, Bozen 19.5.1872.",dansk,,,,,M,0.7254,0.4544,0.5456,True,,
Reg0077300,"Jørgensen, B. S. (1815–1888)","cand. polyt. 1838, Studieophold i Tyskland 1845–1847, 1849 Docent ved Polyteknisk Læreanstalt, 1858–1886 ved Landbohøjskolen, tit. Professor 1852, Landøkonom.",,,,M,erhverv »cand« 57/57,M,0.0942,0.0317,0.9683,True,M,S2
Reg0077410,"Jørgensen, Rasmus (kaldet Specius) (1792–?)","Vognmand, 1838–1858 Vært i Hotel du Nord, Kongens Nytorv, hvor H.C. Andersen boede 1.12.1838–13.5.1847.",,M,fornavn »Rasmus« 3/3,M,fornavn »Rasmus« 3/3,M,0.0595,0.0196,0.9804,True,M,S2
Reg0077430,"Kaalund, H. V. (1818–1885)",Digter.,,,,M,erhverv »digter« 100/101,M,0.1048,0.0356,0.9644,True,M,S2
Reg0077450,"Kaas, Fredrik Christian (1825–1876)","Premierløjtnant 1848, Livgarden til Fods, Kaptajn 1850, Oberst 1870.",,,,M,erhverv »premierløjtnant« 39/39,M,0.0,0.0,1.0,True,M,S2
Reg0077470,"Kabrun, A.","Baron, Berlin.",,,,M,titel »baron« i beskrivelsen,M,0.4651,0.2152,0.7848,True,M,S2
Reg0077480,"Kahl, Achatius (1794–1888)","sv. Orientalist, dr. theol., Provst, Lund.",,,,,,M,0.003,0.001,0.999,True,M,S3
Reg0077500,"Kahrs, Ole Christian (1822–1891)",Sognepræst til Hem og Sem.,,M,fornavn »Ole« 4/4,M,fornavn »Ole« 4/4,M,0.011,0.0035,0.9965,True,M,S2
Reg0077580,"Kalkbrenner, F riedrich (1788–1849)",tysk-fransk Klavervirtuos og Komponist.,tysk,,,,,M,0.0,0.0,1.0,True,M,S3
Reg0077620,"Kalliwoda, J. W. (1801–1866)",Bøhmisk Komponist.,bøhmisk,,,,,M,0.2677,0.1033,0.8967,True,,
Reg0077670,"Kant, Immanuel (1724–1804)",Tysk Filosof.,tysk,,,,,M,0.003,0.001,0.999,True,M,S3
Reg0077690,Karl den Store (742–814),"frankisk Konge 768, romersk Kejser 800.",frankisk,,,M,titel »konge« i beskrivelsen,M,0.3714,0.157,0.843,True,M,S2
Reg0077720,"Karup, W. I. (1829–1870)","Litterat, 1864 Forsikringsinspektør i Dresden.",,,,,,M,0.4251,0.1891,0.8109,True,,
Reg0077740,"Kate, Jan Jakob Lodevijk ten (1819–1889)",Hollandsk Præst og Digter.,hollandsk,,,,,M,0.0,0.0,1.0,True,M,S3
Reg0077780,"Kauffeldt, W. H. Th.",Kancellist i Centralkassen for Hertugdømmet Slesvig.,,M,fornavn »Th« 3/3,M,fornavn »Th« 3/3,M,0.0654,0.0216,0.9784,True,M,S2
Reg0077880,"Kaulbach, Philipp Karl Friedrich (1775–1846)","Guldsmed og Kobberstikker, Malerens Fader.",,M,fornavn »Philipp« 5/5,M,fornavn »Philipp« 5/5,M,0.3714,0.157,0.843,True,M,S2
Reg0077910,"Kayser, G. J. H. (1811–1870)","Student 1828, dr. med., Stiftsfysikus i Odense, 1848 Professor i Statistik og Statsøkonomi, Afsked 1865, 1852–1854 og 1861–1864 Folketingsmand.",,,,M,erhverv »student« 41/41,M,0.003,0.001,0.999,True,M,S2
Reg0077930,"Kayser, J. (ca. 1813–53)",Belgisk Tegner.,belgisk,,,,,M,0.0455,0.0148,0.9852,True,M,S3
Reg0077950,"Kean, Edmond (1787–1833)",Engelsk Skuespiller.,engelsk,,,M,erhverv »skuespiller« 80/81,M,0.0146,0.0046,0.9954,True,M,S2
Reg0077990,"Keilhau, B. M. (1797–1858)","Norsk Geolog, 1834 Professor i Christiania.",norsk,,,,,M,0.0213,0.0068,0.9932,True,M,S3
Reg0078030,Kelly,Bankier i Alicante.,,,,,,M,0.0346,0.0112,0.9888,True,M,S3
Reg0078050,Kelly,"Prinserne af Oudes Tolk, London 10.7.1857.",,,,,,K,0.8071,0.5688,0.5688,True,,
Reg0078100,Kemts,"Frøknerne, 14.11.1861 (Navnet måske misforstået).",,,,,,K,0.9487,0.8535,0.8535,True,,
Reg0078130,Kern,"Købmand, Iglau (8.-9.7.1834).",,,,,,M,0.0389,0.0126,0.9874,True,M,S3
Reg0078150,"Kertbeny, K. M. (1824–1882)",tysk-ungarsk Forfatter og Oversætter.,tysk,,,M,erhverv »forfatter« 96/98,M,0.1183,0.0406,0.9594,True,M,S2
Reg0078200,"Keyser, Nicaise de (1813–1887)","Belgisk Historiemaler, Direktør for Akademiet i Antwerpen.",belgisk,,,,,M,0.141,0.0492,0.9508,True,,
Reg0078240,"Kiellman, Birger Fredrik (1775–1853)","Købmand i Helsingborg, Assessor.",,,,,,M,0.0,0.0,1.0,True,M,S3
Reg0078250,Kier,Slagelse 1826.,,,,,,K,0.8396,0.6227,0.6227,True,,
Reg0078260,"Kier, L. K. (1829–1904)","Købmand i Aalborg, Formand 1860–1864 for Aalborg Sangforening af 1843, senere Etatsraad.",,,,,,M,0.0,0.0,1.0,True,M,S3
Reg0078270,"Kierkegaard, P. C. (1805–1888)","dr.phil., lic.theol., 1842 Sognepræst for Pedersborg og Kindertofte, 1856–1875 Biskop over Aalborg Stift, 1867 Kultusminister.",,,,,,M,0.0757,0.0252,0.9748,True,,
Reg0078320,"Kies, Kelner","Hotel Victoria, Baden-Baden 1868.",,,,,,M,0.121,0.0416,0.9584,True,,
Reg0078330,"Kiesewetter, dr.",holdt »declamatoriske Oplæsninger« i København September 1834.,,,,,,K,0.8524,0.6455,0.6455,True,,
Reg0078340,Kiesewetter,"sachsisk Officer, senere Hauptmann og Fløjadjudant hos Carl Alexander af Sachsen-Weimar-Eisenach, Kammerherre.",sachsisk,,,,,M,0.0157,0.005,0.995,True,M,S3
Reg0078350,"Kingo, Thomas (1634–1703)","Biskop over Fyns Stift, Salmedigter.",,,,M,titel »biskop« i beskrivelsen,M,0.0499,0.0163,0.9837,True,M,S2
Reg0078370,"Kinnander, Isak Herman (1786–1876)","Kontraktsprovst, teol.dr., Vadstena.",,,,,,K,0.7885,0.5403,0.5403,True,,
Reg0078390,Kircher,"Slægtning af Emma Brenner, Basel September 1860.",,,,,,K,0.8457,0.6335,0.6335,True,,
Reg0078410,"Kirchheiner, A. G. E. (1827–?)",Fuldmægtig 1851–1869 på Udskrivningschefens Kontor i Aalborg.,,,,,,M,0.1045,0.0355,0.9645,True,,
Reg0078430,"Kirk, Ole (1788–1876)","Gaardejer, Ebbensgaard, Ulfborg S., Stænderdeputeret i Viborg 1836–1848, Medlem af den grundlovgivende Rigsforsamling.",,M,fornavn »Ole« 4/4,M,fornavn »Ole« 4/4,M,0.003,0.001,0.999,True,M,S2
Reg0078450,"Kimer, Rud.",Tysk Skuespilforfatter.,tysk,,,,,M,0.3815,0.1628,0.8372,True,,
Reg0078460,"Kirstein, C. L. (1793–1862)","Generaldecisor under det slesvigske Ministerium, Konferensraad.",,,,,,M,0.0394,0.0128,0.9872,True,M,S3
Reg0078510,"Kistner, Arnold (1839–1892)","Svensk Løjtnant, i fransk Tjeneste i Algier 1868–1869, Kaptajn 1873.",svensk,,,,,M,0.011,0.0035,0.9965,True,M,S3
Reg0078600,"Kjeldsen, Hertha (1852–1874)",g. 1872 m. Boghandler G. Torst.,,,,,,K,1.0,1.0,1.0,True,,
Reg0078670,Kjærulf,"(24.4.1862: »Middag hos Ørsteds med ... Hr. Kjærulf, der ikke behager mig«).",,,,,,K,0.8026,0.5618,0.5618,True,,
Reg0078680,"Klaumann, G. N. de (1791–1863)",Politimester i Odense.,,,,,,K,0.8026,0.5618,0.5618,True,,
Reg0078690,Klavermann,"Tryllekunstner, Paris 6.4.1866.",,,,,,K,0.9425,0.8378,0.8378,True,,
Reg0078700,"Klavsen, S. Harris (1829–1873)","Lærer i Odense fra 1859, Redaktør af Nordisk Skoletidende.",,,,,,M,0.0523,0.0171,0.9829,True,M,S3
Reg0078710,"Kléber, Jean-Baptiste (1753–1800)",Fransk General.,fransk,,,,,M,0.6008,0.3218,0.6782,True,,
Reg0078720,Klein,"(ung), Klampenborg 7.7.1867.",,,,,,M,0.4682,0.2173,0.7827,True,,
Reg0078730,Klein,"Rat (af en eller anden Slags), Berlin, Svoger til F. A. Serre, Maxen 12.7.1855.",,,,,,M,0.4682,0.2173,0.7827,True,,
Reg0078750,"Klein, C. S. (1824–1900)","Justitsminister 1872–1875, 1877 Assessor i Højesteret, 1891–1899 Overpræsident i København.",,,,,,M,0.0402,0.013,0.987,True,M,S3
Reg0078780,"Klein, Victor",Dreng fra Karlsborg (29.-30.7.1849).,,M,fornavn »Victor« 4/4,M,fornavn »Victor« 4/4,M,0.0423,0.0137,0.9863,True,M,S2
Reg0078830,"Klenze, Leo von (1784–1864)","Tysk Arkitekt, München.",tysk,,,,,M,0.0423,0.0137,0.9863,True,M,S3
Reg0078850,"Klit, Peer","Bondedreng, Hem 2.7.1865.",,,,,,M,0.1245,0.0429,0.9571,True,,
Reg0078880,"Klopstock, Fr. (1724–1803)",Tysk Digter.,tysk,M,fornavn »Fr« 3/3,M,fornavn »Fr« 3/3,M,0.0757,0.0252,0.9748,True,M,S2
Reg0078970,"Kneppelhout, Ursula Martha, f. van Braam (1825–1919)",g.m. J.K.,,,,,,K,0.9809,0.9418,0.9418,True,,
Reg0079010,"Knowles, James Sheridan (1784–1862)",Engelsk Skuespilforfatter og Skuespiller.,engelsk,,,,,M,0.0192,0.0061,0.9939,True,M,S3
Reg0079030,Knudsen,i Tjeneste hos Prinsen af Nør (Augustenborg 24.9.1844).,,,,,,K,0.8308,0.6076,0.6076,True,,
Reg0079050,Knudsen,"Gæstgiver, Holstebro 1859.",,,,,,M,0.0672,0.0222,0.9778,True,,
Reg0079060,"Knudsen, A. A. (1815–1889)","Malermester, Medlem af Komiteen for Modtagelsen af de jydske Sangforeninger 1868.",,,,,,K,0.8386,0.621,0.621,True,,
Reg0079080,"Knudsen, Adrian Benoni (1806–1879)",Garnisonslæge på St. Croix.,,,,,,M,0.0757,0.0252,0.9748,True,,
Reg0079160,"Knudsen, Lauritz (1821–1904)","Premierløjtnant i Artilleriet, senere Kaptajn.",,M,fornavn »Lauritz« 6/6,M,fornavn »Lauritz« 6/6,M,0.0,0.0,1.0,True,M,S2
Reg0079470,"Koch, G. G. (1737–1813)","Professor i Strassburg, fransk Historiker.",,,,,,M,0.2859,0.1121,0.8879,True,,
Reg0079490,"Koch, E. F. (1835–1911)","cand. theol., ledende Senior i Studenterforeningen, 1866 dr. phil., 1872 Sognepræst i Skibet, 1878 i Tiist, 1883 i Houlbjerg og Granslev samt Provst for Lysgaar",,,,M,erhverv »cand« 57/57,M,0.003,0.001,0.999,True,M,S2
Reg0079520,"Koch, G. (1827–1914)","Byfoged (Politimester) i Odense 1866, Borgmester 1877–1897, Politiker, Etatsraad, 1897 Konferensraad.",,,,,,M,0.0952,0.0321,0.9679,True,,
Reg0079780,Kofod,"Polytekniker, Landvæsenselev på Basnæs 1872.",,,,,,K,0.9057,0.7518,0.7518,True,,
Reg0079790,"Kofod, H. A. (1777–1829)","Overlærer ved Metropolitanskolen, Skolebogsforfatter.",,,,,,M,0.0423,0.0137,0.9863,True,M,S3
Reg0079800,"Kofoed-Hansen, H. P. (1813–1893)","cand. theol. 1837, Adjunkt ved Odense Katedralskole s.A., residerende Kapellan ved Vor Frelsers Kirke på Christianshavn 1849, Hovedpræst ved Frue Kirke i Haders",,,,M,erhverv »cand« 57/57,M,0.0,0.0,1.0,True,M,S2
Reg0079820,"Kohan, A.","russisk Rejsende, Odessa.",russisk,,,,,M,0.667,0.3871,0.6129,True,,
Reg0079840,Kohle,"Holstener, bosat i örebro 1837.",,,,,,K,0.8349,0.6145,0.6145,True,,
Reg0079850,"Kok, Martin (1850–1942)","Student 1870, cand. polit. 1884, Forfatter.",,M,fornavn »Martin« 3/3,M,fornavn »Martin« 3/3,M,0.0,0.0,1.0,True,M,S2
Reg0079870,"Kolberg, Andreas (1817–1869)","Billedhugger. 1849 Inspektør ved Kong Frederik VII's Malerisamling, tit. Professor 1850.",,M,fornavn »Andreas« 3/3,M,fornavn »Andreas« 3/3,M,0.0,0.0,1.0,True,M,S2
Reg0079950,"Konow, Wollert (1809–1881)","dr. phil., Ejer af Gaarden Steen ved Bergen 1841, Stortingsmand 1854, Oehlenschlægers Svigersøn.",,,,,,M,0.0,0.0,1.0,True,M,S3
Reg0079960,Konradin af Schwaben (1252–1268),Den sidste Hohenstaufer.,,,,,,K,0.9425,0.8378,0.8378,True,,
Reg0079970,"Koop, Andreas Ludvig (1792–1849)",Maler.,,M,fornavn »Andreas« 3/3,M,fornavn »Andreas« 3/3,M,0.0016,0.0005,0.9995,True,M,S2
Reg0080080,"Kornerup, Mouritz (ca. 1840–83)","Handelsfuldmægtig, København.",,,,,,M,0.0618,0.0203,0.9797,True,,
Reg0080090,"Koscielski o: Koscietoki, Hugo von",Frankfurt 1869.,,,,,,M,0.131,0.0454,0.9546,True,,
Reg0080120,"Koss, J. von (1787–1858)","Chargé d’affaires ved det danske Gesandtskab i Paris, 1836–1845 dansk Gesandt sst., Kammerherre.",,,,,,M,0.003,0.001,0.999,True,M,S3
Reg0080130,"Kossuth, Lajos (1802–1894)",ungarsk Statsmand.,ungarsk,,,,,M,0.0258,0.0083,0.9917,True,M,S3
Reg0080150,Kottwitz (Fritz?),"Baron, Giion 26.5.1873.",,,,M,titel »baron« i beskrivelsen,M,0.5156,0.2513,0.7487,True,M,S2
Reg0080190,"Krag, G. A. (1806–1873)","Amtsforvalter i Aalborg 1852, Kammerjunker, 1865 Etatsraad.",,,,,,M,0.0135,0.0043,0.9957,True,M,S3
Reg0080200,"Krag, Otte, til Voldbjerg (1611–1666)",Rigsraad.,,,,,,K,1.0,1.0,1.0,True,,
Reg0080230,Kragh,(Kraghs Have 10.8.1869).,,,,,,K,0.7929,0.547,0.547,True,,
Reg0080270,"Kragh, P. H. (1820–1890)","Overlærer ved Odense Katedralskole, Medlem af Kommunalbestyrelsen.",,,,,,M,0.0952,0.0321,0.9679,True,,
Reg0080290,"Krak, T. (1830–1908)","Stadskonduktør i København, Udgiver af Københavns Vejviser, Etatsraad 1892.",,,,,,M,0.0175,0.0056,0.9944,True,M,S3
Reg0080320,"Kranold, C.J.C.F. (1833–1917)","Premierløjtnant i Infanteriet, senere Generalmajor.",,,,M,erhverv »premierløjtnant« 39/39,M,0.0245,0.0079,0.9921,True,M,S2
Reg0080370,"Krarup, P. E. C. (1837–1922)","Frivillig 1864 i Aarøes Korps, Ingeniør.",,,,,,M,0.003,0.001,0.999,True,M,S3
Reg0080430,Krauss,"fra Württemberg, tysk Rejsende (Rom 22.2.1841).",,,,,,K,0.9434,0.8401,0.8401,True,,
Reg0080450,"Krebs, F. C. (1814–1881)","Distriktslæge i Skelskør, 1864–1865 Redaktør af Berl. Tid., 1871 Stiftsfysikus i Odense.",,,,,,M,0.0192,0.0061,0.9939,True,M,S3
Reg0080490,"Krefling, Emilius (1862–?)",H.C. Andersens Bydreng 1873–1875.,,,,,,M,0.0152,0.0049,0.9951,True,M,S3
Reg0080530,"Krenchel, H. E. (1801–1864)","Premierløjtnant i Søetaten, Næstkommanderende på Skonnerten Elben 1834, 1840 Kaptajnløjtnant, 1847 Kaptajn, 1853 Afsked, kar. Kommandørkaptajn, 1853–1860 Havnek",,,,M,erhverv »premierløjtnant« 39/39,M,0.0423,0.0137,0.9863,True,M,S2
Reg0080590,"Krieger, A. F. (1817–1893)","Jurist og Politiker, Finansminister 1872–1874.",,,,,,M,0.121,0.0416,0.9584,True,,
Reg0080610,"Krieger, Cornelius (1818–1894)","Oberst, Kammerherre, 1880–1888 Generalmajor.",,,,,,M,0.0,0.0,1.0,True,M,S3
Reg0080650,Kringelbach. G. N. (1839–1912),"cand. jur., Journalist, 1869 Assistent ved Kongerigets Arkiv, senere Arkivar og Chef for Rigsarkivets 2. Afdeling.",,,,M,erhverv »cand« 57/57,M,0.1299,0.0449,0.9551,True,M,S2
Reg0080710,Krogh,Føhr 1844.,,,,,,K,0.849,0.6394,0.6394,True,,
Reg0080730,"Krogh, Andreas Laurits (1816–1881)","Sognepræst i Majbølle, 1863 i Arninge, 1873 i Ønslev og Eskildstrup.",,M,fornavn »Andreas« 3/3,M,fornavn »Andreas« 3/3,M,0.011,0.0035,0.9965,True,M,S2
Reg0080780,"Krogh, Christoph von (1785–1860)","Generalmajor, Øverstbefalende over Felthæren 1850, Generalløjtnant s. A., 1851 kommanderende General i Slesvig, s.A. i Holsten og Lauenborg.",,,,,,M,0.0135,0.0043,0.9957,True,M,S3
Reg0080810,"Krogh, Godske von (1778–1852)","Amtmand over Husum og Bredsten Amter, Kammerherre.",,,,,,M,0.0952,0.0321,0.9679,True,,
Reg0080840,Krohn,Norsk Familie fra Bergen (Prag 26.6.1841).,norsk,,,,,K,0.9244,0.7941,0.7941,True,,
Reg0080850,"Krohn, F. (1806–1883)","Billedhugger, Medaillør ved Møntværkstederne i København og i Altona, 1869 tit. Professor.",,,,,,M,0.0014,0.0005,0.9995,True,M,S3
Reg0080900,Kronberg,Polak (Rom 1833).,,,,,,K,0.8969,0.7327,0.7327,True,,
Reg0080910,Kroock,"Svensk Løjtnant, Malmø 22.6.1837.",svensk,,,,,M,0.0423,0.0137,0.9863,True,M,S3
Reg0080920,"Krossing, Nikolaj (1798–1872)","Kantor ved Citadelskirken, Lærer ved Borgerdydskolen på Christianshavn, Digter.",,M,fornavn »Nikolaj« 4/4,M,fornavn »Nikolaj« 4/4,M,0.0014,0.0005,0.9995,True,M,S2
Reg0080940,"Krum, J. D. (1810–1876)","Traadhandler, Statistformand ved Det kgl. Teater.",,,,,,M,0.5806,0.3038,0.6962,True,,
Reg0080970,Kruse,"(fra Nyborg), dansk Skibsfører på Vej til Valparaiso, Hamburg 23.11.1845.",,,,,,K,0.8891,0.7166,0.7166,True,,
Reg0080990,"Kruse, Laurids (1778–1839)",Forfatter og Oversætter.,,M,fornavn »Laurids« 3/3,M,fornavn »Laurids« 3/3,M,0.003,0.001,0.999,True,M,S2
Reg0081050,Krüger,"Fører af Dampskibet Thomas Telford, Göta Kanal 1849.",,,,,,K,0.9082,0.7572,0.7572,True,,
Reg0081080,"Krüger, Fr. Chr. (1795–1865)","Fysikus i Sønderborg 1828–1853, dr. med.",,M,fornavn »Fr« 3/3,M,fornavn »Fr« 3/3,K,0.8167,0.5841,0.5841,True,M,S2
Reg0081090,"Krüger, Fritz (1817–1871)",Ejer af Hotel d’Angleterre fra 1863.,,M,fornavn »Fritz« 6/6,M,fornavn »Fritz« 6/6,M,0.0016,0.0005,0.9995,True,M,S2
Reg0081100,"Krüger, H. A. (1816–1881)","nordslesvigsk Politiker, Ejer af Bevtoft Mølle.",nordslesvigsk,,,,,M,0.003,0.001,0.999,True,M,S3
Reg0081160,"Krøyer, H. N. (1799–1870)",Inspektor ved Zoologisk Museum.,,,,,,K,0.8457,0.6335,0.6335,True,,
Reg0081220,"Kuhlau, Fr. (1786–1832)",Komponist.,,M,fornavn »Fr« 3/3,M,fornavn »Fr« 3/3,M,0.131,0.0454,0.9546,True,M,S2
Reg0081260,"Kuliman, J.R.",Dansk Vicekonsul i Uddevalla 1849.,dansk,,,,,M,0.0146,0.0046,0.9954,True,M,S3
Reg0081310,Kuntze,"forlovet med Organist Rieffels Datter Henriette, Flensborg 1844.",,,,,,M,0.6717,0.3921,0.6079,True,,
Reg0081340,"Kunzen, F. L. Æ. (1761–1817)",Komponist.,,,,,,M,0.4071,0.178,0.822,True,,
Reg0081400,Kühlmann,"oldenburgsk Konsul, Bordeaux 1866.",oldenburgsk,,,,,M,0.2535,0.0967,0.9033,True,,
Reg0081460,"Käsemodel, G. H. (1798–1849)","Oberstløjtnant, Kommandør for 6. Reservebataillon, faldet ved Fredericia.",,,,,,M,0.0952,0.0321,0.9679,True,,
Reg0081470,Käthchen von Heilbronn,,,,,,,,0.8071,0.5688,0.5688,False,,
Reg0081490,"Köckert, Adoph (1828–1911)",schweizisk Violinist og Komponist.,schweizisk,,,,,M,0.0146,0.0046,0.9954,True,M,S3
Reg0081500,"Koenig, Emile (1832–1892)",Læge i le Locle 1861.,,,,,,M,0.0423,0.0137,0.9863,True,M,S3
Reg0081520,"Königsberger, Elias Colm",Handelsmand fra Fürth.,,,,,,M,0.4234,0.188,0.812,True,,
Reg0081600,Köster,"fra Mecklenburg-Schwerin, tysk Rejsende (27.2.1841).",,,,,,K,0.9487,0.8535,0.8535,True,,
Reg0081660,"Labatt, Leonard (1838–1897)",Svensk Operasanger.,svensk,,,,,M,0.003,0.001,0.999,True,M,S3
Reg0081670,"Labenwolf, Pancraz (1493–1563)",Broncestøber og Billedhugger i Nürnberg.,,,,,,M,0.0423,0.0137,0.9863,True,M,S3
Reg0081700,"Lablache, Luigi (1794–1858)",Italiensk Operasanger.,italiensk,,,,,M,0.0952,0.0321,0.9679,True,,
Reg0081710,Laborde,Fransk Operasanger.,fransk,,,,,M,0.2932,0.1157,0.8843,True,,
Reg0081720,"Laboulaye, Edouard (1811–1883)",Fransk Forfatter og Politiker.,fransk,,,M,erhverv »forfatter« 96/98,M,0.0,0.0,1.0,True,M,S2
Reg0081730,"Laccetti, Antonio","fra Vasto, italiensk Rejsende (20.3.1841).",,,,,,M,0.7579,0.4968,0.5032,True,,
Reg0081740,"Lachambeaudie, Pierre (1806–1872)",Fransk Fabeldigter.,fransk,,,,,M,0.521,0.2553,0.7447,True,,
Reg0081770,"Lacoste, Camille","Vin-Agent (Courtier de vins), Bordeaux 25.8.1866.",,,,,,K,0.9273,0.8009,0.8009,True,,
Reg0081800,"Laffitte, Jacques (1767–1844)",Fransk Finansmand og Politiker.,fransk,,,,,M,0.0215,0.0069,0.9931,True,M,S3
Reg0081810,Lafontaine,Direktør i Konstantinopel for det østrigske Donau-Dampskibsselskab.,,,,,,M,0.0618,0.0203,0.9797,True,,
Reg0081920,Lais,græsk Hetære.,græsk,,,,,K,0.9128,0.7674,0.7674,True,,
Reg0081930,"Lamartine, Alphonse de (1790–1869)",Fransk Digter.,fransk,,,M,erhverv »digter« 100/101,M,0.4627,0.2135,0.7865,True,M,S2
Reg0081950,Lambert,Læge i Altona (Juni 1872).,,,,,,M,0.0139,0.0044,0.9956,True,M,S3
Reg0081960,"Lammers, Lambert (1828–1872)","Hollandsk Digter, oversatte »Det døende Barn«.",hollandsk,,,M,erhverv »digter« 100/101,M,0.0,0.0,1.0,True,M,S2
Reg0081980,"Lanfranco, Giovanni (1581–1647)",Italiensk Maler.,italiensk,,,M,erhverv »maler« 78/78,M,0.0618,0.0203,0.9797,True,M,S2
Reg0082050,"Lange, Daniel (1815–?)","Skræddermester, Odense (London 30.6.1847).",,,,,,M,0.0128,0.0041,0.9959,True,M,S3
Reg0082090,"Lange, J. C. (1785–1850)",Litterat.,,,,,,M,0.2043,0.0749,0.9251,True,,
Reg0082240,"Lange, Rasmus (1777–1848)","Godsejer, Ørbæklunde, Justitsraad.",,M,fornavn »Rasmus« 3/3,M,fornavn »Rasmus« 3/3,M,0.0,0.0,1.0,True,M,S2
Reg0082260,"Lange, Samuel de (1840–1911)",Hollandsk Komponist og Pianist.,hollandsk,,,,,M,0.0,0.0,1.0,True,M,S3
Reg0082270,"Lange, Thomas (1829–1887)","Forfatter, Oversætter af Klaus Groth.",,,,M,erhverv »forfatter« 96/98,M,0.0139,0.0044,0.9956,True,M,S2
Reg0082300,Langenschmidt,Hotelvært i Lingen 1846.,,,,,,M,0.0876,0.0294,0.9706,True,,
Reg0082320,"Langkilde, H. P. (1777–1852)",exam.jur. Besidder af Juulskov.,,,,,,M,0.0423,0.0137,0.9863,True,M,S3
Reg0082360,"Lanjuinais, Victor, Vicomte de (1802–1869)",Fransk Politiker.,fransk,,,,,M,0.003,0.001,0.999,True,M,S3
Reg0082380,Lanoy,"Svoger til Baron Delong, Paris 31.1.1863.",,,,,,K,0.7966,0.5526,0.5526,True,,
Reg0082390,La Roche,Kahytstjener ombord på Dampskibet Navarro 16.8.1866.,,,,,,K,0.8811,0.7004,0.7004,True,,
Reg0082400,Laroche,Opvarter i Paris 1863.,,,,,,K,0.9057,0.7518,0.7518,True,,
Reg0082430,"Larramendi, Donna",g.m. José L.,,,,,,K,0.9911,0.9723,0.9723,True,,
Reg0082460,Lars,"2 år gl., dattersøn af gårdejer Larsen (Holsteinborg 4.6.1874).",,,,,,K,0.7889,0.5409,0.5409,True,,
Reg0082470,Lars,Kusk på Basnæs.,,,,,,K,0.9128,0.7674,0.7674,True,,
Reg0082480,Larsen,"(eller Lassen), jydsk Frivillig 1864.",,,,,,M,0.098,0.0331,0.9669,True,,
Reg0082490,Larsen,"Gaardejer, Holsteinborg 4.6.1874 (og Kone).",,,,,,K,0.7977,0.5542,0.5542,True,,
Reg0082500,Larsen,"Menig, 6. Infanteriregiment, 6. Kompagni, Nr. 424 (1864).",,,,,,K,0.8205,0.5904,0.5904,True,,
Reg0082510,Larsen,Skomagersvend fra Odense (3.1.1875).,,,,,,K,0.7732,0.5181,0.5181,True,,
Reg0082580,"Larsen, Florian (1838–1916)","Assistent i Indenrigsministeriet, senere Højesteretsassessor.",,,,,,M,0.0423,0.0137,0.9863,True,M,S3
Reg0082780,"Lassen, Lauritz Christian Ludvig (1804–1874)",Sognepræst i Tjæreby 1862–1871.,,M,fornavn »Lauritz« 6/6,M,fornavn »Lauritz« 6/6,M,0.0016,0.0005,0.9995,True,M,S2
Reg0082800,"Lassen, Rasmus (1827–1903)","Søstersøn af W. Lind, stud.theol., Menig ved Livgarden 1850–1851, senere Lærer.",,M,fornavn »Rasmus« 3/3,M,fornavn »Rasmus« 3/3,M,0.0,0.0,1.0,True,M,S2
Reg0082810,"Lassen, S. L.","Fabrikant, Brüssel 1866.",,,,,,M,0.0618,0.0203,0.9797,True,,
Reg0082830,"La Tour, Antoine de (1808–1881)",Fransk Forfatter.,fransk,,,M,erhverv »forfatter« 96/98,K,0.9977,0.9928,0.9928,True,M,S2
Reg0082910,Laura (død 1348),Petrarcas Elskede.,,,,,,K,0.8158,0.5828,0.5828,True,,
Reg0082920,"Laurent, Achille","Franskmand, bosiddende i Konstantinopel, Forf. til »Relation historique des affaires de Syrie depuis 1840 jusqu’en 1842 etc.«, Paris 1846.",,,,,,K,0.8977,0.7345,0.7345,True,,
Reg0082930,"Lauria, Amiliare",Advokat i Napoli.,,,,,,M,0.1077,0.0367,0.9633,True,,
Reg0082990,Lauritzen,"Skibsfører, Fanø, Lissabon 31.5.1866.",,,,,,K,0.8071,0.5688,0.5688,True,,
Reg0083000,"Lautrup, J. H. (1798–1856)","Sognepræst i Køng, 1838 Provst, 1839 Sognepræst i Hammer og Lundby, 1850 i Taamby, 1854 Biskop over Lolland-Falsters Stift.",,,,M,titel »biskop« i beskrivelsen; erhverv »sognepræst« 47/47,M,0.0853,0.0286,0.9714,True,M,S2
Reg0083080,"Leemans, Conr. (1809–1893)",Direktør for det historiske Museum i Leiden.,,,,,,M,0.022,0.007,0.993,True,M,S3
Reg0083090,"Leerbech, J. E. (1805–1860)",Inspektør for Gensdarmeriet i Slesvig.,,,,,,M,0.0952,0.0321,0.9679,True,,
Reg0083100,"Leerbeck, J. Th. (1845–1876)","Læge i Clarens, Schweiz.",,M,fornavn »Th« 3/3,M,fornavn »Th« 3/3,M,0.0952,0.0321,0.9679,True,M,S2
Reg0083340,"Lehn, Rasmus Christian (1807–1879)","personel Kapellan i Gislev, 1844 Sognepræst i Sejling og Sinding, 1848–1873 i Mesinge.",,M,fornavn »Rasmus« 3/3,M,fornavn »Rasmus« 3/3,M,0.0016,0.0005,0.9995,True,M,S2
Reg0083360,"Leibnitz, G. W. (1646–1716)",Tysk Filosof.,tysk,,,,,M,0.1732,0.0619,0.9381,True,,
Reg0083380,Leijnden,"hollandske Baronesser, Giion og Ragatz 1873.",hollandsk,,,,,K,0.7885,0.5403,0.5403,True,,
Reg0083470,"Lemon, Mark (1809–1870)","Engelsk Forfatter og Journalist, Udgiver af og Chefredaktør for Punch, or the London Charivari.",engelsk,,,M,erhverv »forfatter« 96/98,M,0.3528,0.1467,0.8533,True,M,S2
Reg0083480,"Lemvigh, Joh. Fr. (død 1876)",Grosserer i København.,,,,,,M,0.0326,0.0105,0.9895,True,M,S3
Reg0083490,"Lenau, Nicolaus (1802–1850)",ungarsk-tysk Digter.,ungarsk,,,M,erhverv »digter« 100/101,M,0.0016,0.0005,0.9995,True,M,S2
Reg0083510,Lennel,"[saaledes H. Hertz’ Dagbøger], fransk Rejsende, Italien 1834.",,,,,,K,0.8071,0.5688,0.5688,True,,
Reg0083660,"Lenz, Reinhold von (1778–1854)",Tysk Skuespiller.,tysk,,,M,erhverv »skuespiller« 80/81,M,0.0343,0.0111,0.9889,True,M,S2
Reg0083670,Leo I (den Store) (død 461),Pave 440.,,,,M,titel »pave« i beskrivelsen,M,0.1733,0.062,0.938,True,M,S2
Reg0083680,Leo IV (død 855),Pave 847.,,,,M,titel »pave« i beskrivelsen,M,0.1327,0.046,0.954,True,M,S2
Reg0083690,Leo XII (1760–1829),Pave 1823.,,,,M,titel »pave« i beskrivelsen,M,0.1733,0.062,0.938,True,M,S2
Reg0083710,"Leo, F. A. (1820–1898)","Tysk Forfatter, Oversætter og Shakespeareforsker, Medarbejder og fra 5.10.1849 Redaktør ved Nordischer Telegraph.",tysk,,,M,erhverv »forfatter« 96/98,M,0.1057,0.0359,0.9641,True,M,S2
Reg0083750,Leonardo da Vinci (1452–1519),Italiensk Videnskabsmand og Kunstner.,italiensk,,,,,M,0.151,0.0531,0.9469,True,,
Reg0083760,Leonhard,Købmand i Ilsenstein (1831).,,,,,,M,0.0423,0.0137,0.9863,True,M,S3
Reg0083780,"Lepeintre ainé, Charles-Emmanuel (1785–1854)",Fransk Skuespiller.,fransk,,,M,erhverv »skuespiller« 80/81,M,0.0048,0.0015,0.9985,True,M,S2
Reg0083860,"Le Sage, Alain-René (1668–1747)",Fransk Forfatter.,fransk,,,M,erhverv »forfatter« 96/98,K,0.9274,0.8011,0.8011,True,M,S2
Reg0083880,"Lessing, Gotthold Ephraim (1729–1781)",Tysk Forfatter.,tysk,,,M,erhverv »forfatter« 96/98,M,0.0192,0.0061,0.9939,True,M,S2
Reg0083890,Leszkoveza,"Præst, Oprørsleder på Balkan 1841.",,,,,,M,0.121,0.0416,0.9584,True,,
Reg0083970,"Leth, Vincents Steensen- (1811–1893)","Løjtnant, Kammerjunker, senere Godsejer.",,,,,,M,0.0,0.0,1.0,True,M,S3
Reg0084010,"Leuven, Adolphe de (Pseud. for Adolphe de Ribbing) (1807–1884)",Fransk Skuespilforfatter.,fransk,,,,,M,0.3684,0.1553,0.8447,True,,
Reg0084020,"Levassor, Pierre (1808–1870)",Fransk Skuespiller.,fransk,,,M,erhverv »skuespiller« 80/81,M,0.121,0.0416,0.9584,True,M,S2
Reg0084140,Levin,(Middagsselskab hos D. B. Adler 18.12.1870).,,,,,,K,0.8261,0.5997,0.5997,True,,
Reg0084150,"Levin, Israel (1810–1883)","Litterat, Sprogmand.",,,,,,M,0.0423,0.0137,0.9863,True,M,S3
Reg0084160,"Levinsen, Johs. (1853–1884)","Medforfatter af Digtsamlingen »Fra »Bragi««; Student (Randers) 1871, cand. theol. 1876, senere Sognepræst ved de Classen’ske Boligers Kirke i København.",,,,,,M,0.0041,0.0013,0.9987,True,M,S3
Reg0084200,Levison,"jødisk Hotelgæst, Bremen 18.6.1844.",jødisk,,,,,K,0.8982,0.7356,0.7356,True,,
Reg0084210,Levison,Dansk Turist i Venezia 3.6.1854.,dansk,,,,,M,0.7442,0.4784,0.5216,True,,
Reg0084230,"Levison, Pinæus (1792–1866)","Silke- og Klædekræmmer, Grosserer.",,,,,,M,0.0014,0.0005,0.9995,True,M,S3
Reg0084240,Levy,"(fra København), Rendsborg 6.6.1860.",,,,,,K,0.9244,0.7941,0.7941,True,,
Reg0084330,"Lewald, David (1788–1846)",Købmand i Königsberg.,,M,fornavn »David« 3/3,M,fornavn »David« 3/3,M,0.0279,0.009,0.991,True,M,S2
Reg0084440,"Lewini, W. I. H. (1810–1887)","Provinsteaterdirektør (Titchens Selskab), Skuespiller.",,,,,,M,0.2799,0.1092,0.8908,True,,
Reg0084450,"Lewinsky, Josef (1835–1907)",Skuespiller ved Burgtheater i Wien.,,M,fornavn »Josef« 9/9,M,fornavn »Josef« 9/9,M,0.0952,0.0321,0.9679,True,M,S2
Reg0084470,"Lewy, B. (1817–1863)","Kemiker, arbejdede 1840–1847 i Paris i J.B.Dumas’ Laboratorium, 1847 Professor i Kemi i Bogota, Columbia, fra 1851 igen i Paris.",,,,,,M,0.1424,0.0498,0.9502,True,,
Reg0084490,"Leyden, Lucas van (1494–1535)",Hollandsk Maler og Grafiker.,hollandsk,,,M,erhverv »maler« 78/78,M,0.011,0.0035,0.9965,True,M,S2
Reg0084540,"Liberi, Pietro (1605–1687)",Italiensk Maler.,italiensk,,,M,erhverv »maler« 78/78,M,0.0618,0.0203,0.9797,True,M,S2
Reg0084620,"Lidner, Bengt (1757–1793)",Svensk Digter.,svensk,,,M,erhverv »digter« 100/101,M,0.1077,0.0367,0.9633,True,M,S2
Reg0084650,"Lie, Jonas (1833–1908)",Norsk Digter.,norsk,,,M,erhverv »digter« 100/101,M,0.0121,0.0039,0.9961,True,M,S2
Reg0084670,"Liebe, C. (1820–1900)","cand. jur., 1851 Højesteretsadvokat, Landstingsmand 1866–1895, Tingets Formand 1869–1894.",,,,M,erhverv »cand« 57/57,M,0.0128,0.0041,0.9959,True,M,S2
Reg0084680,"Liebe, C. F. J. H. (1815–1883)","Statssekretær, Etatsraad.",,,,,,M,0.0423,0.0137,0.9863,True,M,S3
Reg0084760,"Liebmann, F. (1813–1856)","Botaniker, 1852 Professor i Botanik ved Københavns Universitet og Direktør for Botanisk Have.",,,,,,M,0.003,0.001,0.999,True,M,S3
Reg0084800,"Lüsberg, H. (1815–1883)","Købmand og Brændevinsbrænder i Aarhus, Raadmand.",,,,,,M,0.0423,0.0137,0.9863,True,M,S3
Reg0084840,"Liliencron, Roehus von, Rigsfriherre (1820–1912)","dr. phil. & theol., 1855 Ministerialembedsmand i Meiningen, Geheimekabinetsrat, 1869 i München som Redaktør af »Allgemeine deutsche Biographie«, 1876 Provst for",,,,,,M,0.0016,0.0005,0.9995,True,M,S3
Reg0084850,"Liljeblad, Bengt (1834–1882)","teol.kand., Uppsala, 1872 Sognepræst i Norrköping, senere e.o. Hovpredikant og Kontraktsprovst.",,,,,,M,0.0952,0.0321,0.9679,True,,
Reg0084960,"Lind, P. E. (1814–1903)","cand. theol. 1837, 1844 Fængselspræst i København, 1855 Sognepræst i Sæby og Hallenslev, Holbæk Amt, 1875–1888 Biskop i Aalborg; 1839 lic.theol., 1879 dr. theol",,,,M,titel »biskop« i beskrivelsen; erhverv »cand« 57/57,M,0.0135,0.0043,0.9957,True,M,S2
Reg0084970,"Lind, Th. (1823–1896)",Boghandler.,,M,fornavn »Th« 3/3,M,fornavn »Th« 3/3,M,0.0635,0.0209,0.9791,True,M,S2
Reg0084980,"Lind, W. (1807–1891)","cand. jur., 1833 Volontør i Kancelliet, 1839 Auditør, 1841 Sekretær og Bogholder ved Kommissionen for Militæretatens Forsyning med uldne Varer, 1848 Kontorchef ",,,,M,erhverv »cand« 57/57,M,0.0,0.0,1.0,True,M,S2
Reg0084990,Lindberg,"Ven af Chr. Thyberg, Altona 20.2.1843.",,,,,,K,0.8349,0.6145,0.6145,True,,
Reg0085020,"Lindberg, Lars (død 1832, 45 år gl.)",Østrigsk Konsul i Helsingør.,østrigsk,,,,,M,0.0128,0.0041,0.9959,True,M,S3
Reg0085060,"Linde, Andreas (1814–1888)","Kancellist i Universitetsdirektionens Sekretariat, 1847 Kontorchef i Kultusministeriet, 1855 Departementschef, 1866–1876 Chef for Det kgl. Teater, Etatsraad 185",,M,fornavn »Andreas« 3/3,M,fornavn »Andreas« 3/3,M,0.003,0.001,0.999,True,M,S2
Reg0085070,"Linde, C. F. (1825–1886)","Branddirektør, Kammerjunker.",,,,,,M,0.3714,0.157,0.843,True,,
Reg0085120,"Lindegaard, Salomon (1763–1825)","Justitsraad, Besidder af Lykkesholm.",,,,,,M,0.0,0.0,1.0,True,M,S3
Reg0085140,"Lindenau, Bernhard von (1779–1854)","sachsisk Indenrigsminister. (Han var ugift, antagelig foreligger en misforståelse.)",sachsisk,,,,,M,0.0014,0.0005,0.9995,True,M,S3
Reg0085180,Lindley,"Engelsk Rejsende, Napoli 14.3.1841.",engelsk,,,,,K,0.8512,0.6434,0.6434,True,,
Reg0085190,Lindorf,"Grevinde, Dresden 1844 (muligvis Pauline Lehndorff f. Grevinde Schlippenbach).",,,,K,titel »grevinde« i beskrivelsen,M,0.4651,0.2152,0.7848,True,K,S2
Reg0085250,Line,Pige hos Drewsens 1861.,,,,,,K,0.8457,0.6335,0.6335,True,,
Reg0085310,"Linnemann, Ernestine Deichmann (1827–1885)",g. 1850 m. H. J. T. Laub.,,K,fornavn »Ernestine« 3/3,K,fornavn »Ernestine« 3/3,K,1.0,1.0,1.0,True,K,S2
Reg0085330,"Linnemann, Stephan (1824–1896)","Borgmester for Magistratens 1. Afdeling i København 1858, 1863 Departementschef i Indenrigsministeriet, 1869 Nationalbankdirektør, Etatsraad 1863, Konferensraad",,,,,,M,0.0,0.0,1.0,True,M,S3
Reg0085340,"Linnström, Hj. (1836–1914)","Svensk Forlagsboghandler og Bibliograf, 1871–1884 Indehaver af L. J. Hiertas Forlag, Stockholm.",svensk,,,,,M,0.0326,0.0105,0.9895,True,M,S3
Reg0085380,Lise,Fru Signe Læssøes Tjenestepige.,,,,,,K,0.8261,0.5997,0.5997,True,,
Reg0085420,"Liunge, A. P. (1798–1879)","Litterat, Udgiver af »Kjøbenhavnsposten«.",,,,,,M,0.3938,0.17,0.83,True,,
Reg0085480,"Livingstone, David (1813–1873)","Engelsk Opdagelsesrejsende, Missionær.",engelsk,,,,,M,0.7412,0.4745,0.5255,True,,
Reg0085500,"Livius, Titus (59 f. Chr.-17 e. Chr.)",romersk Historiker.,romersk,,,,,M,0.0135,0.0043,0.9957,True,M,S3
Reg0085520,Lloyd,Engelsk Bjørnejæger (Trollhätta 1837 og 1849).,engelsk,,,,,K,0.8814,0.701,0.701,True,,
Reg0085540,"Lobedanz, Edmund (1820–1882)",tysk-dansk Forfatter.,tysk,M,fornavn »Edmund« 4/4,M,fornavn »Edmund« 4/4,M,0.003,0.001,0.999,True,M,S2
Reg0085640,"Longfellow, H. W. (1807–1882)","Amerikansk Digter, Professor i Cambridge ved Boston.",amerikansk,,,M,erhverv »digter« 100/101,M,0.0195,0.0062,0.9938,True,M,S2
Reg0085670,"Longman, Thomas (1804–1879)",Engelsk Forlagsboghandler.,engelsk,,,,,M,0.0192,0.0061,0.9939,True,M,S3
Reg0085690,Lope de Vega (1562–1635),Spansk Digter.,spansk,,,M,erhverv »digter« 100/101,M,0.0876,0.0294,0.9706,True,M,S2
Reg0085700,"Lopez, Bartolome",Cordoba 1862.,,,,,,M,0.5187,0.2536,0.7464,True,,
Reg0085830,Lorentzen,"holstensk Arkitekt, Athen.",holstensk,,,,,M,0.0428,0.0139,0.9861,True,M,S3
Reg0085850,"Lorenzen, C. (1807–1859)","Adjunkt i Sorø 1831–1844, senere Kontrollør ved den kgl. Centralkasse for Slesvig, Forfatter.",,,,,,M,0.0618,0.0203,0.9797,True,,
Reg0085860,"Lorenzen, Lorenz (1795–1866)","Sognepræst i Adelby 1829–1850, Medlem af den slesvigske Stænderforsamling 1834–1846, af den slesvig-holstenske 1848–1851, 1852 Stadtsuperintendent i Lüneburg.",,,,M,erhverv »sognepræst« 47/47,M,0.025,0.008,0.992,True,M,S2
Reg0085870,"Lorenzen, P. (død 1873)","Inspektør på Broholm, senere Ejer af Gaarden Kjølholt, Skibet S., Vejle Amt, Medlem af »Selskabet til Hesteavlens Fremme i de danske Provindser«.",,,,,,M,0.0016,0.0005,0.9995,True,M,S3
Reg0085890,"Lorenzi, Battista (kaldet Battista del Cavaliere) (1527–1594)",Italiensk Billedhugger.,italiensk,,,,,K,0.9211,0.7864,0.7864,True,,
Reg0085900,Lorin,"Fransk Søofficer, Fører af Dampskibet »Leonidas« 1841.",fransk,,,,,M,0.0932,0.0314,0.9686,True,,
Reg0085910,"Lorrain, Claude Gellée, kaldet - (1600–1682)",Fransk Maler.,fransk,,,M,erhverv »maler« 78/78,M,0.2954,0.1168,0.8832,True,M,S2
Reg0085920,"Lortzing, G. A. (1801–1851)",Tysk Operakomponist.,tysk,,,,,M,0.4071,0.178,0.822,True,,
Reg0085940,"Lose, C. C. (1821–1892)","Forlagsboghandler, Musikhandler.",,,,,,M,0.0213,0.0068,0.9932,True,M,S3
Reg0085950,"Lossow, Arnold Hermann (1805–1874)",Tysk Billedhugger.,tysk,,,,,M,0.0135,0.0043,0.9957,True,M,S3
Reg0086010,Louis,"Opvarter, Horgen 23.8.1855.",,,,,,K,0.8396,0.6227,0.6227,True,,
Reg0086030,Louise,(»Kald mig Louise!«).,,,,,,K,0.8101,0.5735,0.5735,True,,
Reg0086040,"Löwenberg, Rougemont de",parisisk Bankier-Firma.,,,,,,M,0.7365,0.4685,0.5315,True,,
Reg0086080,"Loyola, Ignatius (1491–1556)",Jesuitterordenens Stifter.,,,,,,M,0.0146,0.0046,0.9954,True,M,S3
Reg0086110,Lucia,"Tjenestepige i Via Borgognona, Rom April 1846.",,,,,,K,0.9057,0.7518,0.7518,True,,
Reg0086140,Luckner,"Greve (den unge), Innsbruck 9.5.1854.",,,,M,titel »greve« i beskrivelsen,M,0.4719,0.2198,0.7802,True,M,S2
Reg0086170,Ludovika,Tjenestepige hos Frk. Hallager 1872.,,,,,,K,0.8101,0.5736,0.5736,True,,
Reg0086190,Ludwig IV (1287–1347),"Konge af Bayern, tysk-romersk Kejser 1328.",,,,M,titel »konge« i beskrivelsen,M,0.3714,0.157,0.843,True,M,S2
Reg0086230,"Lumbye, H. C. (1810–1874)",Komponist og Dirigent.,,,,,,M,0.3059,0.122,0.878,True,,
Reg0086240,"Lumley, Benjamin (1811–1875)","Engelsk Forfatter, Direktør for Her Majesty’s Theatre i London.",engelsk,,,M,erhverv »forfatter« 96/98,M,0.0,0.0,1.0,True,M,S2
Reg0086250,Lund,Plattenslager (10.3.1861).,,,,,,M,0.6996,0.4234,0.5766,True,,
Reg0086320,"Lund, F. C. (1826–1901)","Historiemaler, tit. Professor 1896.",,,,,,M,0.0048,0.0015,0.9985,True,M,S3
Reg0086350,"Lund, H. C. (død 1871, 69 år gl.)","Maskinfabrikant (H. Gamst & H. G. Lund), Ejer af Vedbygaard 1861.",,,,,,M,0.0192,0.0061,0.9939,True,M,S3
Reg0086450,"Lund, L. (1844–1912)","Zoolog, religions-historisk Forfatter, Digter.",,,,,,M,0.0128,0.0041,0.9959,True,M,S3
Reg0086510,"Lund, Ole (1812–1891)","Garnisonsauditør i Fredericia, 1852 Overauditør, 1852–1870 Herredsfoged i Bølling og Nørre Herreder.",,M,fornavn »Ole« 4/4,M,fornavn »Ole« 4/4,M,0.003,0.001,0.999,True,M,S2
Reg0086530,"Lund, Thorvald (1825–1898)","Premierløjtnant i den norske Marine, senere Kommandør.",,,,M,erhverv »premierløjtnant« 39/39,M,0.003,0.001,0.999,True,M,S2
Reg0086540,"Lund, Troels (1802–1867)","Teatermaler, 1863 tit. Professor.",,,,,,M,0.0048,0.0015,0.9985,True,M,S3
Reg0086570,Lundblad,"Svensker, Wien 8.6.1841.",,,,,,K,0.8077,0.5697,0.5697,True,,
Reg0086590,"Lunde, Andreas (1809–1886)",Landskabsmaler.,,M,fornavn »Andreas« 3/3,M,fornavn »Andreas« 3/3,M,0.011,0.0035,0.9965,True,M,S2
Reg0086600,"Lundgreen, Fredrik (1846–1913)","Norsk Købmand og Legatstifter, Trondhjem.",norsk,,,,,M,0.0,0.0,1.0,True,M,S3
Reg0086610,"Lundgren, Egron S. (1815–1875)",Svensk Maler.,svensk,,,M,erhverv »maler« 78/78,M,0.003,0.001,0.999,True,M,S2
Reg0086620,"Lundgren, Theodora (1853–1928)",g. 1876 m. Nicolaj Bøgh.,,,,,,K,1.0,1.0,1.0,True,,
Reg0086630,"Lundh, Jonas Collin (1825–1911)","Kaptajn i Ingeniørkorpset, senere Oberstløjtnant og Overvej inspektør.",,,,,,M,0.003,0.001,0.999,True,M,S3
Reg0086640,Lundt fra Bergen,Diligencepassager 30.1.1843.,,,,,,K,0.9057,0.7518,0.7518,True,,
Reg0086650,"Luno’s, Bianco",Bogtrykkeri.,,,,,,M,0.4576,0.2101,0.7899,True,,
Reg0086670,"Luther, Martin (1483–1546)","Tysk Kirkereformator, Søn af Hans L.",tysk,M,fornavn »Martin« 3/3,M,fornavn »Martin« 3/3,M,0.121,0.0416,0.9584,True,M,S2
Reg0086680,"Luti, Margherita (la Fornarina) (omkr. 1515)",Rafaels Elskede.,,,,,,K,0.9911,0.9723,0.9723,True,,
Reg0086690,Lutz,Tysk Billedhugger.,tysk,,,,,M,0.0423,0.0137,0.9863,True,M,S3
Reg0086700,"Lutz, Carlotta",5 år 1867.,,K,fornavn »Carlotta« 10/10,K,fornavn »Carlotta« 10/10,K,1.0,1.0,1.0,True,K,S2
Reg0086720,"Lutz, Marietta",8 år 1867.,,K,fornavn »Marietta« 3/3,K,fornavn »Marietta« 3/3,K,1.0,1.0,1.0,True,K,S2
Reg0086730,de Luze,"Vinhandler, Bordeaux (15.6.1868).",,,,,,M,0.0618,0.0203,0.9797,True,,
Reg0086750,Lüders & Strange,"Speditørfirma, Lübeck og Hamburg.",,,,,,M,0.5156,0.2513,0.7487,True,,
Reg0086820,"Lyngbye, Laurids (Lorents) (1809–1869)",Maler.,,M,fornavn »Laurids« 3/3,M,fornavn »Laurids« 3/3,M,0.0016,0.0005,0.9995,True,M,S2
Reg0086860,"Lüth, A. H. F. (1806–1859)",Evangelisk Hofpræst hos Dronning Amalie af Grækenland.,,,,,,M,0.0289,0.0093,0.9907,True,M,S3
Reg0086920,"Lütken, Andrea Christine Charlotte (1809–1884)",,,K,fornavn »Andrea« 3/3,K,fornavn »Andrea« 3/3,K,0.9911,0.9723,0.9723,True,K,S2
Reg0086930,"Lütken, C. F. (1827–1901)","Assistent ved Universitetets zoologiske Museum, dr. phil., 1885–1899 Professor i Zoologi.",,,,,,M,0.0427,0.0139,0.9861,True,M,S3
Reg0086950,"Lütken, J. A. (død 1871)","Konsul i Kiel for Mecklenburg-Schwerin, Ekspeditør for de kgL Dampskibe.",,,,,,M,0.0857,0.0287,0.9713,True,,
Reg0086960,Lütteroth,preussisk Konsul i Triest.,preussisk,,,,,M,0.0412,0.0134,0.9866,True,M,S3
Reg0086980,"Lüttichau, Constant Arnold Ulysses (1847–1906)","Elev på Herlufsholm, Student 1867, senere Bygningsingeniør, Forpagter af Vingegaard, Hofjægermester.",,,,,,M,0.0,0.0,1.0,True,M,S3
Reg0087010,"Lüttichau, Mathias (1795–1870)","Generalmajor i Artilleriet, 1863 Generalløjtnant, Kammerherre.",,M,fornavn »Mathias« 3/3,M,fornavn »Mathias« 3/3,M,0.0,0.0,1.0,True,M,S2
Reg0087020,"Lüttichau, Wolff von (1786–1863)","Generalintendant ved Hofteatret i Dresden, Gehejmeraad.",,,,,,M,0.0939,0.0317,0.9683,True,,
Reg0087070,Lützau,"Baronesse, Schlesien (Maxen 5.8.1857).",,,,K,titel »baronesse« i beskrivelsen,K,0.9264,0.7988,0.7988,True,K,S2
Reg0087140,"Lützen, J.A.J. (1818–1904)","Premierløjtnant i Kavalleriet, Adjudant ved 2. Generalkommando, 1858 Ritmester, Afsked 1864, Kammerjunker.",,,,M,erhverv »premierløjtnant« 39/39,M,0.0139,0.0044,0.9956,True,M,S2
Reg0087180,"Lützow, Gotthard von (1748–1850)",Generalmajor.,,,,,,M,0.0014,0.0005,0.9995,True,M,S3
Reg0087190,"Lützow, Joakim Frederik (1651–1676)","Oberstløjtnant, faldet i Slaget ved Fyllebro.",,M,fornavn »Joakim« 7/7,M,fornavn »Joakim« 7/7,M,0.003,0.001,0.999,True,M,S2
Reg0087420,"Løffler, E. R. (1805–1866)","Kontorchef, Hovedkasserer og Bogholder ved Det kgl. Teater.",,,,,,M,0.0016,0.0005,0.9995,True,M,S3
Reg0087450,"Løitved, Emst Frederik (1842–1893)","Løjtnant i Søetaten, 1868 Premierløjtnant, 1881 Kaptajn.",,,,,,M,0.0,0.0,1.0,True,M,S3
Reg0087470,"Lønborg, G. J. F. (1822–1882)","Kaptajn I i Artilleriet, 1867 Oberst, 1877 Kammerherre.",,,,,,M,0.0128,0.0041,0.9959,True,M,S3
Reg0087520,Løvenskiold,"Baronesse, Passager på Postskibet Skirner 16.5.1852.",,,,K,titel »baronesse« i beskrivelsen,K,0.8828,0.7037,0.7037,True,K,S2
Reg0087590,"Løvenskiold, Emst (1803–1867)","Kammerherre hos Dronning Desideria af Sverrig-Norge, senere Hofmarskal hos Kong Oscar I.",,,,,,M,0.0181,0.0058,0.9942,True,M,S3
Reg0087630,"Løvenskiold, Leopold Herman Severin (1813–1848)","Norsk Frivillig, Sekondløjtnant ved 10. Linie-Bataillon, dødeligt såret ved Stenderup 5.6.1848.",norsk,M,fornavn »Leopold« 5/5,M,fornavn »Leopold« 5/5,M,0.0117,0.0037,0.9963,True,M,S2
Reg0087980,"Machado de Gastro, Joaquim (1732–1822)",portugisisk Billedhugger.,portugisisk,,,,,M,0.011,0.0035,0.9965,True,M,S3
Reg0087990,"Machiavelli, Niccold (1469–1527)",Italiensk Historiker.,italiensk,,,,,M,0.0757,0.0252,0.9748,True,,
Reg0088020,"Mackeprang, A. (1833–1911)",Dyrmaler.,,,,,,M,0.121,0.0416,0.9584,True,,
Reg0088050,"Macpherson, Em.",Engelsk Købmand i Sevilla.,engelsk,,,,,M,0.0181,0.0058,0.9942,True,M,S3
Reg0088100,"Madsen, Jomfru","(»En gal hysterisk Pige på Hospitalet skal elske mig, hedder Jomf Madsen«, Almanak 15.7.1840).",,,,,,K,0.8396,0.6227,0.6227,True,,
Reg0088110,"Madsen, Jfr.","(fra St. Jørgensbjerg, Roskilde?), gæst hos Hartmanns nytår 1869.",,K,fornavn »Jfr« 4/4,K,fornavn »Jfr« 4/4,K,0.9826,0.9469,0.9469,True,K,S2
Reg0088120,"Madsen, Nordmand",København 21.10.1868.,,,,,,M,0.104,0.0353,0.9647,True,,
Reg0088130,"Madsen, A. S. (død 1888)","Købmand i Faaborg, Ejer af den Voigtske Gaard.",,,,,,M,0.0206,0.0066,0.9934,True,M,S3
Reg0088170,"Madsen, Claudius (1825–1906)","Bogtrykker i Middelfart, Sekondløjtnant i Infanteriets Krigsreserve.",,,,,,M,0.0,0.0,1.0,True,M,S3
Reg0088220,"Madvig, J. N. (1804–1886)","klassisk Filolog, Politiker.",,,,,,M,0.0048,0.0015,0.9985,True,M,S3
Reg0088280,Magnus Nielsen (1106–1134),"Kongesøn, Søn af Kong Niels af Danmark.",,,,,,K,0.8396,0.6227,0.6227,True,,
Reg0088290,"Magnus, Emanuel (1803–1876)","Grosserer, Göteborg, Grundlægger af »Göteborg Bank«.",,M,fornavn »Emanuel« 3/3,M,fornavn »Emanuel« 3/3,M,0.003,0.001,0.999,True,M,S2
Reg0088310,"Magnus, Emst (1841–1910)",Grosserer i Göteborg.,,,,,,M,0.003,0.001,0.999,True,M,S3
Reg0088320,"Magnus, H. (1824–1920)","Læge i Hobro, 1871 Distriktslæge sst.",,,,,,M,0.0952,0.0321,0.9679,True,,
Reg0088340,"Magnus, J. C. (1812–1879)",Litterat.,,,,,,M,0.4071,0.178,0.822,True,,
Reg0088360,"Magnusson, Finn (1781–1847)","Gehejme-arkivar, Oldgransker.",,,,,,M,0.2859,0.1121,0.8879,True,,
Reg0088380,"le Maire, Emile (1814–1912)","Bankier, 1848–1884 Medindehaver af Firmaet Smidt & le Maire.",,,,,,M,0.0156,0.005,0.995,True,M,S3
Reg0088390,"Malibran, Eugène",Fransk Finansmand.,fransk,,,,,K,0.9514,0.8606,0.8606,True,,
Reg0088410,"Mallefille, Félicien (1813–1868)",Fransk Forfatter.,fransk,,,M,erhverv »forfatter« 96/98,M,0.0059,0.0019,0.9981,True,M,S2
Reg0088450,"Malling, P. J. (1824–1863)","Premierløjtnant i Livgarden til Fods, 1850 Kaptajn.",,,,M,erhverv »premierløjtnant« 39/39,M,0.0423,0.0137,0.9863,True,M,S2
Reg0088460,"Malm, A. F.","Bud, Arbeiderforeningen af 1860.",,,,,,K,0.7929,0.547,0.547,True,,
Reg0088560,"Mander, Karel van, den Yngste (ca. 1610–70)","Maler, Inspektør ved Kongens Kunstkammer.",,,,M,erhverv »maler« 78/78,M,0.0,0.0,1.0,True,M,S2
Reg0088580,"Manderstierna, Aleander Nicolaus Henrik Georg Anton (1817–1888)","Russisk General, Søn af russisk Infanterigeneral Karl Frederik M.",russisk,,,,,M,0.0,0.0,1.0,True,M,S3
Reg0088690,"Mannheimer, Isac Noa (1793–1865)","Student 1814, cand. phil., 1816–1823 Kateket ved den mosaiske Menighed i København, 1824 Rabbiner i Wien, dr.phil.",,,,M,erhverv »student« 41/41,M,0.003,0.001,0.999,True,M,S2
Reg0088700,"Mannheimer, J. H. (1835–1890)","Grosserer, Borgerrepræsentant i Kbh.",,,,,,M,0.0618,0.0203,0.9797,True,,
Reg0088730,"Mansa, F. V. (1794–1879)","Stabslæge i Søetaten, Etatsraad, medicinalhistorisk Forfatter.",,,,,,M,0.0,0.0,1.0,True,M,S3
Reg0088760,"Mantegna, Andrea (1431–1506)",Italiensk Maler og Kobberstikker.,italiensk,,,M,erhverv »maler« 78/78,M,0.4587,0.2109,0.7891,True,M,S2
Reg0088820,"Mantzius, Kristian (1819–1879)",Skuespiller ved Det kgl. Teater.,,M,fornavn »Kristian« 52/52,M,fornavn »Kristian« 52/52,M,0.0,0.0,1.0,True,M,S2
Reg0088830,Manuela,"Fru Adelaide O’Neills Niece, Setübal 1866.",,,,,,K,0.8071,0.5688,0.5688,True,,
Reg0088880,"Marconi, Rocco (omkr. 1515)",Italiensk Maler.,italiensk,,,M,erhverv »maler« 78/78,M,0.0192,0.0061,0.9939,True,M,S2
Reg0088960,"Marcus, L. N. (1814–1879)",Læge i Altona).,,,,,,M,0.017,0.0054,0.9946,True,M,S3
Reg0088990,"Marcussen, Marcus Pauli (1798–1870)","fhv. Generalkonsul i Marokko, Legationsraad.",,,,,,M,0.003,0.001,0.999,True,M,S3
Reg0089040,Maret,"Badelæge, Montreux og Glion 1873.",,,,,,K,0.9181,0.7794,0.7794,True,,
Reg0089050,Margherita,"H.C. Andersens Værtinde 1840–1841 i Via purificazione, Rom.",,,,,,,0.8071,0.5688,0.5688,False,,
Reg0089100,Mariani,"Tjener i Hotellet Coccumella, Piano di Sorrento 1846.",,,,,,K,0.8617,0.6626,0.6626,True,,
Reg0089110,"Mariava, Marquisen af – (død omkring 1755)",,,,,,,M,0.4071,0.178,0.822,True,,
Reg0089230,"Marini, Ignazio (1815–1873)",Italiensk Operasanger.,italiensk,,,,,M,0.3018,0.1199,0.8801,True,,
Reg0089240,"Mario, Giuseppe (1810–1883)",Italiensk Operasanger.,italiensk,,,,,M,0.2459,0.0932,0.9068,True,,
Reg0089250,Mark,"Engelsk Konsul, Malaga.",engelsk,,,,,M,0.0757,0.0252,0.9748,True,,
Reg0089260,Marko Kraljevitsch (ca. 1335–94),serbisk Fyrste.,serbisk,,,M,titel »fyrste« i beskrivelsen,M,0.5405,0.2706,0.7294,True,M,S2
Reg0089280,"Marmier, Xavier (1809–1892)",Fransk Forfatter.,fransk,,,M,erhverv »forfatter« 96/98,M,0.0059,0.0019,0.9981,True,M,S2
Reg0089310,Marqueza,"Købmand, San Sebastián 26.4.1866.",,,,,,M,0.0192,0.0061,0.9939,True,M,S3
Reg0089320,Marqvard,Hotelejer i Stuttgart 1860.,,,,,,M,0.0952,0.0321,0.9679,True,,
Reg0089360,"Marryat, Horace (1818–1887)",Engelsk Forfatter.,engelsk,,,M,erhverv »forfatter« 96/98,M,0.1946,0.0708,0.9292,True,M,S2
Reg0089390,"Mars, Victor de (død 1866)",Sekretær ved Revue des Deux Mondes.,,M,fornavn »Victor« 4/4,M,fornavn »Victor« 4/4,M,0.1723,0.0616,0.9384,True,M,S2
Reg0089420,"Marshall, J. (1838–1902)","Forvalter af Storhertuginde Maria Pavlovnas Chatolkasse, Weimar, Hof rat, Portrætmaler.",,,,,,M,0.0876,0.0294,0.9706,True,,
Reg0089520,"Martensen, H. L. (1808–1884)","Professor i Theologi ved Københavns Universitet, 1854 Sjællands Biskop.",,,,M,titel »biskop« i beskrivelsen,M,0.0128,0.0041,0.9959,True,M,S2
Reg0089580,"Martin, Nicolas (1814–1877)","Fransk Forfatter, Toldembedsmand.",fransk,,,M,erhverv »forfatter« 96/98,M,0.0855,0.0286,0.9714,True,M,S2
Reg0089600,Martines,"(Martini, Martinho, Martino, Martins), Nabo til Carlos O’Neill, Setübal 1866.",,,,,,K,0.8576,0.655,0.655,True,,
Reg0089610,"Martinez de la Rosa, Francisco (1789–1862)",Spansk Statsmand og Digter.,spansk,,,,,M,0.0,0.0,1.0,True,M,S3
Reg0089630,"Martini, Aristodemo, Calandratore di drappi di seta",Chr. Winthers Vært i Firenze 1831–1832.,,,,,,K,0.8155,0.5821,0.5821,True,,
Reg0089640,"Martini, Ewert Marius Adriaan, Jonkheer (1796–1863)",Hollandsk Ministerresident i København 1843–1854.,hollandsk,,,,,M,0.0014,0.0005,0.9995,True,M,S3
Reg0089650,Marx,Tysk Rejsende fra Mannheim (Barcelona 16.9.1862).,tysk,,,,,K,0.8706,0.6797,0.6797,True,,
Reg0089670,"Mas y Sans, Sinibaldo (1809–1868)","Spansk Forfatter og Diplomat, tidligere Gesandt i Peking.",spansk,,,M,erhverv »forfatter« 96/98,M,0.0,0.0,1.0,True,M,S2
Reg0089680,Masaniello (Tommaso Aniello) (ca. 1623–47),Fører for Oprøret i Napoli 1647.,,,,,,K,0.7896,0.542,0.542,True,,
Reg0089690,"Masséna, André (1753–1817)",Fransk Marskal.,fransk,,,,,M,0.183,0.066,0.934,True,,
Reg0089700,Masson,"Englænder, Athen 12.4.1841.",,,,,,M,0.6811,0.4024,0.5976,True,,
Reg0089720,"Massys, Quentin (ca. 1466–1530)",flamsk Maler.,flamsk,,,M,erhverv »maler« 78/78,M,0.003,0.001,0.999,True,M,S2
Reg0089760,"Mathiasen, N. C. (død 1889, 67 år gl.)",Dansk Vicekonsul i Gibraltar 1852.,dansk,,,,,M,0.121,0.0416,0.9584,True,,
Reg0089780,Mathiesen,"Løjtnant, Konstantinopel 1841 (måske Løjtnant i Brandkorpset, Kobbersmedemester L. Mathiesen).",,,,,,M,0.141,0.0492,0.9508,True,,
Reg0089790,"Mathiesen, Haagen (1759–1842)","Norsk Finansmand, Generalkrigskommissær.",norsk,,,,,M,0.003,0.001,0.999,True,M,S3
Reg0089840,Matthes,"Geheimerat, Berlin 29.12.1845.",,,,,,K,0.8479,0.6374,0.6374,True,,
Reg0089860,"Mathiessen, Nicolaj Edvard August (1814–1885)",praktiserende Læge i Hellebæk 1844–1884.,,M,fornavn »Nicolaj« 4/4,M,fornavn »Nicolaj« 4/4,M,0.0107,0.0034,0.9966,True,M,S2
Reg0089870,"Matthisen, Søren (1653–1740)","Klokker ved Trinitatis Kirke i København, Regnebogsforfatter.",,M,fornavn »Søren« 4/4,M,fornavn »Søren« 4/4,M,0.2887,0.1134,0.8866,True,M,S2
Reg0089910,"Mau, Gerhard Wilhelm (1774–1858)","Postmester i Skelskør 1806–1857, Apoteker sst.",,,,,,M,0.0,0.0,1.0,True,M,S3
Reg0089950,"Maxentius, Marcus Aurelius (død 312)",romersk Kejser 306.,romersk,,,M,titel »kejser« i beskrivelsen,M,0.0269,0.0086,0.9914,True,M,S2
Reg0090020,"Mayer, K. A. (1808–1894)","Tysk Forfatter, ansat ved det højere Skolevæsen i Oldenburg (Gymnasiet) 1839–1851.",tysk,,,M,erhverv »forfatter« 96/98,M,0.131,0.0454,0.9546,True,M,S2
Reg0090030,"Mayer, Balthasar","Bayersk Smed i Kochel (siges at have levet 1644–1705, er muligvis en Sagnfigur), Sønnerne hed Lorenz (død 1705) og Paul (død 1705).",bayersk,,,,,M,0.3112,0.1247,0.8753,True,,
Reg0090080,"Meddlhammer, Albin von (1779–1838)",Tysk Skuespilforfatter (Albini).,tysk,,,,,M,0.131,0.0454,0.9546,True,,
Reg0090090,"Medici, Catarina af – (1519–1589)","Fransk Dronning, g. 1533 m. Kong Henri II af Frankrig.",fransk,,,K,titel »dronning« i beskrivelsen,K,0.9977,0.9928,0.9928,True,K,S2
Reg0090100,Mehmed (Mohammed),Pasha i Rustschuk 1841.,,,,,,K,0.8071,0.5688,0.5688,True,,
Reg0090110,"Méhul, Étienne-Nicolas (1763–1817)",Fransk Komponist.,fransk,,,,,M,0.0877,0.0294,0.9706,True,,
Reg0090120,"Meiborg, Christopher (1857–?)","Gartner i Odense, boende i Hans Jensens Stræde 1875.",,,,,,M,0.0016,0.0005,0.9995,True,M,S3
Reg0090130,"Meidell, C. G. B. (1811–1891)","Sekretær og Bibliotekar hos Enkedronning Caroline Amalie, Justitsraad, Bibliotekssekretær ved Kongens Haandbibliotek.",,,,,,M,0.0,0.0,1.0,True,M,S3
Reg0090170,"Meinert, F. V. (1833–1912)","Entomolog, dr.phil., Assistent ved Zoologisk Museum, 1885–1909 Inspector sst.",,,,,,M,0.4071,0.178,0.822,True,,
Reg0090330,"Meisling, Simon (1787–1856)","Rektor i Slagelse 1822, i Helsingør 1826–1839, Forfatter og Oversætter.",,,,,,M,0.0,0.0,1.0,True,M,S3
Reg0090350,"Melanchton, Philip (1497–1560)",Tysk Kirkereformator.,tysk,M,fornavn »Philip« 5/5,M,fornavn »Philip« 5/5,M,0.5873,0.3097,0.6903,True,M,S2
Reg0090370,Melbye,"Jfr.(»den gamle Jomfru Melby«, Kbhvn. 25.2.1868).",,,,,,K,0.7996,0.5571,0.5571,True,,
Reg0090550,"Melchior, Gerson Moses (1771–1845)","Grosserer, Ejer af Ventegodt.",,M,fornavn »Gerson« 3/3,M,fornavn »Gerson« 3/3,M,0.0,0.0,1.0,True,M,S2
Reg0090850,"Meldahl, F. (1827–1908)","Arkitekt, kgl. Bygningsinspektør 1860–1902, Etatsraad 1867, Kammerherre 1892.",,,,,,M,0.0,0.0,1.0,True,M,S3
Reg0090870,"Mélingue, Étienne Marin, kaldet — (1807–1875)",Fransk Skuespiller.,fransk,,,M,erhverv »skuespiller« 80/81,K,0.9512,0.8601,0.8601,True,M,S2
Reg0090890,"Mellin, G. H. (1803–1876)","Pastorsadjunkt og Vice-Komminister ved Klara Kirke i Stockholm, 1851 Sognepræst i Norra Vrams, Skåne, svensk Forfatter.",,,,,,M,0.0192,0.0061,0.9939,True,M,S3
Reg0090920,"Mendelssohn-Bartholdy, Felix (1809–1847)",Tysk Komponist.,tysk,M,fornavn »Felix« 3/3,M,fornavn »Felix« 3/3,M,0.0876,0.0294,0.9706,True,M,S2
Reg0090940,"Mengs, Raphael (1728–1779)",Tysk Maler.,tysk,,,M,erhverv »maler« 78/78,M,0.0,0.0,1.0,True,M,S2
Reg0090980,"Menzel, Wolfgang (1798–1873)",Tysk Forfatter.,tysk,M,fornavn »Wolfgang« 3/3,M,fornavn »Wolfgang« 3/3,M,0.0159,0.0051,0.9949,True,M,S2
Reg0090990,"Mercadante, Saverio (1797–1810)",Italiensk Operakomponist.,italiensk,,,,,M,0.4651,0.2152,0.7848,True,,
Reg0091010,Merrel,"Amerikansk Familie, bor i Hotel Royal April-Maj 1870.",amerikansk,,,,,K,0.9057,0.7518,0.7518,True,,
Reg0091040,Merseburgs,Kontorist hos Boghandler Vieweg i Braunschweig 1844.,,,,,,M,0.0423,0.0137,0.9863,True,M,S3
Reg0091070,Meszarovitz,Karantænelæge i Orsova 1841.,,,,,,K,0.8814,0.701,0.701,True,,
Reg0091080,"Metastasio, Pietro (1698–1782)",Italiensk Digter.,italiensk,,,M,erhverv »digter« 100/101,M,0.121,0.0416,0.9584,True,M,S2
Reg0091090,"Metella, Cæcilia","g.m. Licinius Crassus, Officer hos Cæsar i Gallien.",,,,,,K,0.9812,0.9428,0.9428,True,,
Reg0091110,Mette,Pige hos Frk. Hallager 1869.,,,,,,K,0.8906,0.7197,0.7197,True,,
Reg0091180,"Metze, F. H. C. (1808–1886)","dr.med., Læge i København.",,,,,,,0.1794,0.0645,0.9355,False,,
Reg0091220,Meyer,"(Mayer) fra Bremen, i Familie med Scholtens, Napoli 2.3.1841.",,,,,,K,0.9487,0.8535,0.8535,True,,
Reg0091230,Meyer,Helsingør 21.6.1837.,,,,,,K,0.8396,0.6227,0.6227,True,,
Reg0091240,Meyer,Dansker fra Syd-Amerika (Köln 2.9.1866).,,,,,,K,0.9447,0.8434,0.8434,True,,
Reg0091250,Meyer,"Dekorationsmaler (i Slægt med N.C.L.Abrahams), Lidköping 2.8.1849.",,,,,,K,0.8396,0.6227,0.6227,True,,
Reg0091260,"Meyer, A. J. (1838–1896)","Redaktionssekretær ved »Dagstelegrafen«, senere Rigsdagsstenograf.",,,,,,K,0.8457,0.6335,0.6335,True,,
Reg0091480,"Meyer, S.","dr.phil., Privatsekretær hos Prins Albert af Sachsen-Goburg-Gotha.",,,,,,M,0.3265,0.1326,0.8674,True,,
Reg0091550,"Meyerbeer, Giacomo (1791–1864)",tyskfransk Komponist.,tysk,,,,,M,0.151,0.0531,0.9469,True,,
Reg0091570,"Meyerson, Lesser (1790–1875)","Fabrikant, Stockholm.",,,,,,M,0.003,0.001,0.999,True,M,S3
Reg0091600,"Meza, G. J. de (1792–1865)","Generalmajor, 1861 Generalløjtnant, 1864 General.",,,,,,M,0.0618,0.0203,0.9797,True,,
Reg0091610,"Miaulis, Andreas (ca. 1770–1835)",græsk Frihedskæmper og Søhelt.,græsk,,,,,M,0.1411,0.0492,0.9508,True,,
Reg0091640,Michel Kræmmer,Vadstena.,,,,,,K,0.8722,0.6828,0.6828,True,,
Reg0091660,"Michel, Francisque (1809–1887)","Professor ved Faculté des Lettres i Bordeaux, fransk Kulturhistoriker og Litteraturhistoriker.",,,,,,M,0.3779,0.1607,0.8393,True,,
Reg0091680,Michelangelo,Æseldriver i Pozzuoli.,,,,,,M,0.111,0.0379,0.9621,True,,
Reg0091690,Michelangelo Buonarroti (1475–1564),"Italiensk Billedhugger, Maler og Arkitekt.",italiensk,,,,,M,0.0326,0.0105,0.9895,True,M,S3
Reg0091700,Michelsen,"Koffardikaptajn, Bordeaux 26.8.1866.",,,,,,K,0.8747,0.6876,0.6876,True,,
Reg0091710,"Michelsen, A. L. J. (1801–1881)","slesvigsk Historiker og Politiker, 1842 Professor i Jena, Geheimejustizrat.",slesvigsk,,,,,M,0.003,0.001,0.999,True,M,S3
Reg0091830,"Middelboe, Stephan (1802–1856)","Kaptajnløjtnant i Søetaten, 1833 Navigationseksaminator i Hertugdømmerne, bosat i Tønningen, 1848–1850 til midlertidig Tjeneste under Krigen, 1856 Generalkrigsk",,,,,,M,0.0,0.0,1.0,True,M,S3
Reg0091840,"Middelthun, J. O. (1820–1886)",Norsk Billedhugger.,norsk,,,,,M,0.0952,0.0321,0.9679,True,,
Reg0091850,"Mieris, Frans van, den Ældre (1635–1681)",Hollandsk Maler.,hollandsk,,,M,erhverv »maler« 78/78,M,0.0,0.0,1.0,True,M,S2
Reg0091860,Mierzciewska,"polsk Grevinde, Paris 23.3.1843.",polsk,,,K,titel »grevinde« i beskrivelsen,M,0.4651,0.2152,0.7848,True,K,S2
Reg0091870,"Migliorati, Giovanni Antonio","Marchese, italiensk Chargé d’affaires i København 1861.",,,,,,K,0.8144,0.5805,0.5805,True,,
Reg0091890,"Milanollo, Maria (1832–1848)",Italiensk Violinvirtuos.,italiensk,,,,,K,1.0,1.0,1.0,True,,
Reg0091920,Miller,"ung Amerikaner, København 28.10.1868.",,,,,,K,0.8898,0.7179,0.7179,True,,
Reg0091940,"Milion de Verteville, Erneste","Greve, fransk Legationssekretær i København 1872.",,,,M,titel »greve« i beskrivelsen,M,0.4302,0.1923,0.8077,True,M,S2
Reg0091960,Miloš Obrenovic (1780–1860),"Fyrste i Serbien 1817–1839, 1858–1860.",,,,M,titel »fyrste« i beskrivelsen,K,0.8071,0.5688,0.5688,True,M,S2
Reg0091970,Milot,Diligencepassager fra Flensborg til Slesvig 23.11.1845.,,,,,,K,0.9487,0.8535,0.8535,True,,
Reg0091990,"Mindermann, Madam",Vaagekone (Rolighed 31.7–10.8.1873).,,K,fornavn »Madam« 3/3,K,fornavn »Madam« 3/3,K,0.8528,0.6462,0.6462,True,K,S2
Reg0092010,Minets Forældre,Calais 10.6.1857.,,,,,,K,0.8071,0.5688,0.5688,True,,
Reg0092020,"Minet, C. M. (død 1865)",Frisør.,,,,,,K,0.831,0.6078,0.6078,True,,
Reg0092060,Minna,"Hotelstuepige, Stockholm Juli 1837.",,,,,,K,0.919,0.7814,0.7814,True,,
Reg0092070,Minna,Selskabsdame hos Fru Serre i Maxen.,,,,,,M,0.7129,0.4391,0.5609,True,,
Reg0092080,Mirsa Said,Pasha i Rustschuk 1841.,,,,,,K,0.8071,0.5688,0.5688,True,,
Reg0092110,Mladen,Oprørsleder på Balkan 1841.,,,,,,K,0.7885,0.5403,0.5403,True,,
Reg0092200,"Moir, David Macbeth (1798–1851)","skotsk Forfatter, Læge i Musselburgh.",skotsk,,,M,erhverv »forfatter« 96/98,M,0.003,0.001,0.999,True,M,S2
Reg0092220,"Molard, Victor","Fransk Skribent, i 1870'erne Sproglærer i København, har leveret den franske Oversættelse af »Historien om en Moder« i Udgaven 1875 på 15 Sprog.",fransk,,,,,M,0.2792,0.1089,0.8911,True,,
Reg0092230,"Molau, Christen",Bregentved 27.7.1842.,,,,,,M,0.188,0.0681,0.9319,True,,
Reg0092240,"Molbech, C. (1783–1857)","Historiker, Sprogforsker og Litteraturhistoriker, 1830–1842 Meddirektør for Det kgl. Teater.",,,,,,M,0.0423,0.0137,0.9863,True,M,S3
Reg0092480,"Moltke, C. F. (1784–1863)","Generalmajor, 1851 Generalløjtnant, Kammerherre 1824.",,,,,,M,0.0155,0.0049,0.9951,True,M,S3
Reg0092600,"Moltke, F. J. von (1799–1874)","Postmester i Aabenraa, 1853–1864 i Flensborg, Kammerherre 1856.",,,,,,M,0.0135,0.0043,0.9957,True,M,S3
Reg0092640,"Moltke, Frits (1820–1909)","Auditør, 1855 Overauditør, 1856 Byfoged i Korsør, 1869 Birkedommer i Kronborg Ø. Birk (Fredensborg).",,M,fornavn »Frits« 6/6,M,fornavn »Frits« 6/6,M,0.0,0.0,1.0,True,M,S2
Reg0093170,"Monnier, Marc (1829–1885)","fransk-schweizisk Publicist og Skuespilforfatter, Professor ved Universitetet i Genève.",fransk,,,,,M,0.029,0.0093,0.9907,True,M,S3
Reg0093190,"Monrad, D. G. (1811–1887)","Politiker, Biskop over Lolland-Falsters Stift, Kultusminister 1848 og 1859, Kultus- og Indenrigsminister 1860, Konsejlspræsident 1863–1864, 1865–1869 på New Zea",,,,M,titel »biskop« i beskrivelsen,M,0.0048,0.0015,0.9985,True,M,S2
Reg0093210,"Monrad, Laurits Vilhelm (1798–1877)","tidligere Sognepræst i Marvede-Hyllinge, Provst.",,M,fornavn »Laurits« 6/6,M,fornavn »Laurits« 6/6,M,0.003,0.001,0.999,True,M,S2
Reg0093220,"Monrad, M. J. (1816–1897)",Professor i Filosofi ved Universitetet i Christiania.,,,,,,M,0.0949,0.032,0.968,True,,
Reg0093240,"Monsigny, Pierre Alexandre (1729–1817)",Fransk Operakomponist.,fransk,,,,,M,0.4169,0.184,0.816,True,,
Reg0093250,"Montanelli, Giuseppe (1813–1862)",Italiensk Forfatter og Politiker.,italiensk,,,M,erhverv »forfatter« 96/98,M,0.0014,0.0005,0.9995,True,M,S2
Reg0093280,"Monti, Gaetano (1776–1847)",Italiensk Billedhugger.,italiensk,,,,,M,0.0952,0.0321,0.9679,True,,
Reg0093290,"Mood, S. A.","Amerikansk Præst, Chappel Hill, Texas.",amerikansk,,,,,M,0.2157,0.0798,0.9202,True,,
Reg0093300,"Moore, Thomas (1779–1852)",irsk Digter.,irsk,,,M,erhverv »digter« 100/101,M,0.0346,0.0112,0.9888,True,M,S2
Reg0093310,"Morel, Benedikt (Pater Gallus) (1803–1872)","Benediktinermunk i Einsiedeln, Rektor ved Stiftsskolen, religiøs Lyriker.",,,,,,M,0.1641,0.0583,0.9417,True,,
Reg0093340,"Moreto y Cabana, Agustin (ca. 1618–69)",Spansk Skuespildigter og Præst.,spansk,,,,,M,0.003,0.001,0.999,True,M,S3
Reg0093350,Morgan,"Engelsk Præst fra Wales, Genève 12.9.1860.",engelsk,,,,,M,0.5877,0.3101,0.6899,True,,
Reg0093360,Morgan,Ven af Richard Bentley (London 9.7.1847).,,,,,,K,0.8884,0.7151,0.7151,True,,
Reg0093390,"Moriani, Napoleone (1806–1878)",Italiensk Operasanger.,italiensk,,,,,K,0.9977,0.9928,0.9928,True,,
Reg0093420,"Morsing, Christen (1704–1760)","Sognepræst til Landet, Taasinge.",,,,M,erhverv »sognepræst« 47/47,M,0.011,0.0035,0.9965,True,M,S2
Reg0093460,"Morton, H. C. (ca. 1848–?)","Dansk-Amerikaner, Telegrafist ved Union Pacific Railway, tjenestegørende på Antelope Station. Nebraska.",dansk,,,,,K,0.9113,0.7642,0.7642,True,,
Reg0093510,"Mosenthai, S. H. (1821–1877)",Tysk Skuespilforfatter.,tysk,,,,,M,0.1319,0.0457,0.9543,True,,
Reg0093520,Moses,Israels Befrier og Lovgiver.,,,,,,K,0.8071,0.5688,0.5688,True,,
Reg0093540,"Mossin, Bertel (1799–1866)","Kaptajn I i Artilleriet, Batterichef, 1850 Major, 1856 Afsked, kar. Oberstløjtnant.",,,,,,M,0.003,0.001,0.999,True,M,S3
Reg0093570,Mottu,"Fotograf, Amsterdam.",,,,,,M,0.1195,0.041,0.959,True,,
Reg0093640,"Mozart, Wolfgang Amadeus (1756–1791)",Østrigsk Komponist.,østrigsk,,,,,M,0.0041,0.0013,0.9987,True,M,S3
Reg0093660,Muck,preussisk Konsul i Napoli 1846.,preussisk,,,,,M,0.0289,0.0093,0.9907,True,M,S3
Reg0093670,Muhammed (ca. 571–632),Stifter af Islam.,,,,,,M,0.674,0.3947,0.6053,True,,
Reg0093690,"Mumm von Scheibler, Gottlieb (1781–1852)","Dansk Generalkonsul i Frankfurt a.M., Grundlægger af Champagne-firmaet Mumm i Reims.",dansk,M,fornavn »Gottlieb« 4/4,M,fornavn »Gottlieb« 4/4,M,0.011,0.0035,0.9965,True,M,S2
Reg0093730,"Munch, Andreas (1811–1884)",Norsk Digter.,norsk,M,fornavn »Andreas« 3/3,M,fornavn »Andreas« 3/3,M,0.003,0.001,0.999,True,M,S2
Reg0093780,"Munch, P. A. (1810–1863)",Norsk Historiker.,norsk,,,,,M,0.2023,0.074,0.926,True,,
Reg0093880,"Munk, Mogens (død 1558)",Landsdommer og Rigsraad.,,,,,,M,0.0346,0.0112,0.9888,True,M,S3
Reg0093890,Munthe,Hotel Helsingborg 1849.,,,,,,K,0.8109,0.5748,0.5748,True,,
Reg0093900,Munthe,ung svensk Gæst hos M. G. Melchior 1871.,,,,,,K,0.7885,0.5403,0.5403,True,,
Reg0093930,"Munthe af Morgenstierne, J. W. von (1788–1859)",Chargé d’affaires ad interim i Haag 1847–1848.,,,,,,M,0.7443,0.4786,0.5214,True,,
Reg0094000,"Murillo, Bartolome Esteban (1617–1682)",Spansk Maler.,spansk,,,M,erhverv »maler« 78/78,M,0.0213,0.0068,0.9932,True,M,S2
Reg0094100,"Muus, Laurids Hack Ludvig (1814–1872)","Kaptajn af Fodfolket, Kommandant på Als 1862, 1865 Oberstløjtnant, 1867 Oberst af Forstærkningen.",,M,fornavn »Laurids« 3/3,M,fornavn »Laurids« 3/3,M,0.0016,0.0005,0.9995,True,M,S2
Reg0094110,"Muus, Thor (1803–1880)","Proprietær, Ejer af Sørup, Vetterslev S., Ringsted H.",,,,,,M,0.003,0.001,0.999,True,M,S3
Reg0094230,"Müller, Adalbert (1802–1879)",Tysk Forfatter.,tysk,,,M,erhverv »forfatter« 96/98,M,0.0,0.0,1.0,True,M,S2
Reg0094280,"Müller, Budtz (1837–1884)","cand. pharm., Fotograf.",,,,M,erhverv »cand« 57/57,M,0.0128,0.0041,0.9959,True,M,S2
Reg0094320,"Müller, Gotthold (1795–1882)","Major i Kavalleriet, 1848 Oberstløjtnant, 1852 Oberst, 1856 Generalmajor, Afsked 1860, Adjunkt hos Arveprins Ferdinand.",,,,,,M,0.0,0.0,1.0,True,M,S3
Reg0094330,"Müller, J. P. (1798–1863)",Direktør for et rejsende Skuespillerselskab.,,,,,,M,0.0289,0.0093,0.9907,True,M,S3
Reg0094480,"Müller, Thorvald (1809–1879)","Adjunkt på Herlufsholm 1833–1841, senere Institutbestyrer i Norge og Lærer i Kbh.",,,,,,M,0.0128,0.0041,0.9959,True,M,S3
Reg0094600,"Mynster, J. P. (1775–1854)",Sjællands Biskop 1834.,,,,M,titel »biskop« i beskrivelsen,M,0.0952,0.0321,0.9679,True,M,S2
Reg0094650,"Münter, Friederich (1761–1830)","Kirkehistoriker, Sjællands Biskop 1808.",,,,M,titel »biskop« i beskrivelsen,M,0.0014,0.0005,0.9995,True,M,S2
Reg0094670,"Mürer, Thomas Christopher (1794–1873)","Distriktslæge i Lyngby, tit. Professor.",,,,,,M,0.0192,0.0061,0.9939,True,M,S3
Reg0094680,"Mæcenas, Gajus Gilnius (død 8 f.Chr.)","romersk Stormand, Ven af Augustus.",romersk,,,,,M,0.0952,0.0321,0.9679,True,,
Reg0094740,Møller,»Skrev Anbefalings Brev for Møller til Gonsul Kirstein i Bordeaux« (Dagbog 10.5.1869).,,,,,,M,0.6719,0.3923,0.6077,True,,
Reg0094750,Møller,"Dansk-Amerikaner, havde som dreng set H.C. Andersen 1859 på Børglumkloster (København 29.10.1873).",dansk,,,,,M,0.5857,0.3083,0.6917,True,,
Reg0094800,Møller,fhv. Kontorchef (ikke i Vejviseren 1875).,,,,,,,0.0861,0.0288,0.9712,False,,
Reg0094820,"Møller, Albrecht Carl Adolph From (1803–1884)","kar. Kaptajn, Regnskabsfører ved 6. Bataillon.",,,,,,M,0.0279,0.009,0.991,True,M,S3
Reg0094860,"Møller, Gaspar (1811–1880)",Galvanoplastiker.,,,,,,M,0.4071,0.178,0.822,True,,
Reg0094880,"Møller, Daniel Christian (1816–1904)",Sognepræst i Fakse 1873–1895.,,,,M,erhverv »sognepræst« 47/47,M,0.0016,0.0005,0.9995,True,M,S2
Reg0094980,"Møller, J. F. (1797–1871)","Dansk Portrætmaler, opholdt sig 1845–1847 i England.",dansk,,,,,M,0.0997,0.0337,0.9663,True,,
Reg0094990,"Møller, J. P. (1783–1854)","Landskabsmaler og Konservator, 1826 tit. Professor, Justitsraad 1845.",,,,,,M,0.0,0.0,1.0,True,M,S3
Reg0095000,"Møller, James Fingal (1816–1881)",Læge i Skelskør.,,M,fornavn »James« 3/3,M,fornavn »James« 3/3,M,0.0257,0.0083,0.9917,True,M,S2
Reg0095080,"Møller, L. R. (1809–1893)",Bogholder hos C. A. Reitzel.,,,,,,M,0.0618,0.0203,0.9797,True,,
Reg0095090,"Møller, Mathias (1770–1857)","Borgmester og Byfoged i Nykøbing F. 1820–1851, Justitsraad.",,M,fornavn »Mathias« 3/3,M,fornavn »Mathias« 3/3,M,0.0048,0.0015,0.9985,True,M,S2
Reg0095110,"Møller, N. P. C. (1842–1871)",personel Kapellan hos Sognepræst Hertel i Haarslev-Tingjellinge.,,,,,,M,0.2134,0.0788,0.9212,True,,
Reg0095130,"Møller, P. L. (1814–1865)",Kritiker.,,,,,,M,0.4651,0.2152,0.7848,True,,
Reg0095160,"Møller, Rasmus (1763–1842)",Biskop over Lolland-Falsters Stift.,,M,fornavn »Rasmus« 3/3,M,titel »biskop« i beskrivelsen; fornavn »Rasmus« 3/3,M,0.0127,0.004,0.996,True,M,S2
Reg0095210,Mønster,Forfatter til Skuespillet »Jagten på Søeborg«.,,,,M,erhverv »forfatter« 96/98,M,0.2327,0.0873,0.9127,True,M,S2
Reg0095220,"Mønster, G. H. (1811–1880)",Hofvinhandler.,,,,,,K,0.9057,0.7518,0.7518,True,,
Reg0095230,"Mønster, Gomme Garl (1813–1884)","Kateket i Vordingborg 1840, Sognepræst i Skørping og Frær 1849–1864.",,,,,,M,0.1507,0.053,0.947,True,,
Reg0095260,"Mørch, O. J. N. (1799–1842)",Gartner ved Universitetets botaniske Have i København.,,,,,,M,0.0222,0.0071,0.9929,True,M,S3
Reg0095290,"Mørk, J. M. (1827–1889)","Konsul, Byraadsmedlem i Aarhus, Folketingsmand 1861–1873, Redaktør af Aarhuus Stiftstidende 1873–1889.",,,,,,M,0.0152,0.0048,0.9952,True,M,S3
Reg0095390,Nansen,"Gartnerelev 1870, Amatørpoet.",,,,,,K,0.8396,0.6227,0.6227,True,,
Reg0095470,"Nathansen, M. (1840–1902)",Redaktionssekretær ved Berlingske Tidende.,,,,,,K,0.8396,0.6227,0.6227,True,,
Reg0095480,"Nathanson, M. L. (1780–1868)","Finansmand, senere Redaktør af Berlingske Tidende, nationaløkonomisk Forfatter.",,,,,,M,0.2806,0.1095,0.8905,True,,
Reg0095530,"Navarro y Canizares, Miguel (1840–?)",Spansk Maler.,spansk,,,M,erhverv »maler« 78/78,M,0.003,0.001,0.999,True,M,S2
Reg0095540,"Nebelong, N. S. (1806–1871)","Arkitekt, 1863 Stadsbygmester i København, Medlem af Bestyrelsen for Arbejderforeningen af 1860, Justitsraad 1864.",,,,,,M,0.003,0.001,0.999,True,M,S3
Reg0095860,Neidhard,F. Provinsskuespiller.,,,,,,,0.8814,0.701,0.701,False,,
Reg0095890,"Nepveu, J. I. D. (1810–1887)","dr.jur., Retsskriver ved Overretten i Utrecht, hollandsk Forfatter og Oversætter (bl.a. af H.C. Andersen).",,,,,,M,0.1077,0.0367,0.9633,True,,
Reg0095900,"Neri, Giovanni",Italiensk Præst (Mola di Gaéta 27.2.1841).,italiensk,,,,,M,0.3265,0.1326,0.8674,True,,
Reg0095910,"Nero, Lucius Domitius (37–68)",romersk Kejser 54–68.,romersk,,,M,titel »kejser« i beskrivelsen,M,0.011,0.0035,0.9965,True,M,S2
Reg0095990,Neumann,Maxen 27.7.1856.,,,,,,K,0.9487,0.8535,0.8535,True,,
Reg0096000,Neumann,Afskriver Fortsættelsen af »Mit Livs Eventyr« 1869.,,,,,,K,0.9197,0.7832,0.7832,True,,
Reg0096020,Neumann,"Kapelmester, Casino i Nizza, Vinteren 1869–1870.",,,,,,K,0.9273,0.8009,0.8009,True,,
Reg0096040,"Neupert, Edmund (1842–1888)","Norsk Pianist og Komponist, 1868–1880 ansat ved Musikkonservatoriet i København.",norsk,M,fornavn »Edmund« 4/4,M,fornavn »Edmund« 4/4,M,0.003,0.001,0.999,True,M,S2
Reg0096060,"Neuville, Abdon-Charles-Félix Dubourg, kaldet — (1813–?)",Fransk Skuespiller.,fransk,,,M,erhverv »skuespiller« 80/81,M,0.1314,0.0455,0.9545,True,M,S2
Reg0096080,"Newnham, J. G. C. L. (1819–?)",Engelsk Konsul i Amsterdam.,engelsk,,,,,M,0.165,0.0586,0.9414,True,,
Reg0096140,Nicolas,"Fransk General, Bordeaux 22.4.1866.",fransk,,,,,M,0.1688,0.0602,0.9398,True,,
Reg0096170,"Nicolaysen, Nicolay (1817–1911)","Norsk cand. jur. 1841, senere Rigsantikvar i Norge, Arkæolog.",norsk,M,fornavn »Nicolay« 8/8,M,fornavn »Nicolay« 8/8,M,0.0164,0.0052,0.9948,True,M,S2
Reg0096190,"Niebuhr, B. G. (1776–1831)",Tysk Historiker og Statsmand.,tysk,,,,,M,0.0014,0.0005,0.9995,True,M,S3
Reg0096210,Nielsen,Barber (Maj 1875).,,,,,,K,0.9057,0.7518,0.7518,True,,
Reg0096220,Nielsen,"Lærer, Juli 1869, ønsker en Samtale.",,,,,,M,0.3744,0.1587,0.8413,True,,
Reg0096230,Nielsen,"Løjtnant (1860) (hvem H.C. Andersen mener, kan ikke oplyses).",,,,,,M,0.121,0.0416,0.9584,True,,
Reg0096360,"Nielsen, F. P.","Underkorporal, 9. Infanteri-Regiment, 2. Kompagni, Nr. 321 (Basnæs Juni 1864).",,,,,,K,0.8533,0.6471,0.6471,True,,
Reg0096390,"Nielsen, Godske (1826–1899)","Journalist, 1855–1864 Redaktør af »Dannevirke« i Haderslev, 1865–1882 Prokurist i Firmaet Drewsen & Sønner.",,,,,,K,0.914,0.7702,0.7702,True,,
Reg0096420,"Nielsen, J. J. (1814–1887)","fhv. Møller, Folketingsmand 1853–1854.",,,,,,,0.102,0.0346,0.9654,False,,
Reg0096450,"Nielsen, Lars",Gaardejer i Jerup (17.8.1859).,,M,fornavn »Lars« 3/3,M,fornavn »Lars« 3/3,M,0.3745,0.1588,0.8412,True,M,S2
Reg0096480,"Nielsen, N. P. (1795–1860)",Skuespiller og Sceneinstruktør ved Det kgl. Teater.,,,,M,erhverv »skuespiller« 80/81,M,0.3211,0.1298,0.8702,True,M,S2
Reg0096490,"Nielsen, Nicolaus (1806–1883)","Sognepræst i Friedrichsberg ved Slesvig og Provst over Hiitten Provsti, 1848–1850 Superintendent i Slesvig, derefter i Eutin, 1853–1879 Hof prædikant i Oldenbur",,,,M,erhverv »sognepræst« 47/47,M,0.003,0.001,0.999,True,M,S2
Reg0096530,"Nielsen, Rasmus (1809–1884)","Filosof, Professor ved Københavns Universitet 1841–1883.",,M,fornavn »Rasmus« 3/3,M,fornavn »Rasmus« 3/3,M,0.003,0.001,0.999,True,M,S2
Reg0096610,"Nieuwenhuis, Coenraad Jacobus Nicolaas (1813–1881)","Dommer i Woerden, senere Medlem af Provinsialretten i Utrecht, dr.jur., Oversætter.",,,,,,M,0.2572,0.0984,0.9016,True,,
Reg0096630,"Nigra, Constantino (1827–1907)","Italiensk Diplomat, Gesandt i Paris 1861–1870.",italiensk,,,,,M,0.0152,0.0048,0.9952,True,M,S3
Reg0096690,"Niss, Thorvald (1842–1905)","Landskabsmaler, 1863–1877 Dekorationsmaler på Den kgl. Porcellænsfabrik, 1864 Medlem af Aarøes Strejfkorps.",,,,,,M,0.0128,0.0041,0.9959,True,M,S3
Reg0096750,"Nocedal, Ramon (1848–1907)",Spansk Forfatter.,spansk,,,M,erhverv »forfatter« 96/98,M,0.0139,0.0044,0.9956,True,M,S2
Reg0096810,"Nordau, Max (1849–1923)","Tysk Forfatter og Læge, Budapest, Zionist.",tysk,M,fornavn »Max« 3/3,M,fornavn »Max« 3/3,M,0.0,0.0,1.0,True,M,S2
Reg0096820,von Norden,"(Taffel hos Friedrich Wilhelm IV af Preussen, Berlin 26.12.1845).",,,,,,K,0.7885,0.5403,0.5403,True,,
Reg0096880,"Nordraak, Richard (1842–1866)",Norsk Komponist.,norsk,,,,,M,0.0131,0.0042,0.9958,True,M,S3
Reg0097000,"Nutzhorn, Ditlev von (1800–1865)",Læge i København.,,,,,,M,0.0546,0.0179,0.9821,True,M,S3
Reg0097040,"Nyblom, C. R. (1832–1907)","Svensk Digter og Oversætter, 1867–1897 Professor i Æstetik ved Uppsala Universitet.",svensk,,,M,erhverv »digter« 100/101,M,0.003,0.001,0.999,True,M,S2
Reg0097100,"Nyegaard, H. H. (1824–1893)","Sagførerfuldmægtig, 1861 Overretsprokurator, Skuespilforfatter.",,,,,,M,0.0146,0.0046,0.9954,True,M,S3
Reg0097110,"Nyegaard, Malthe Bruun (1789–1877)","Overretsprokurator, 1825–1842 Ejer af Stenalt Hovedgaard ved Randers, 1843–1864 af Kokkedal ved Hørsholm, Stænderdeputeret, Justitsraad, 1867 Etatsraad.",,,,,,M,0.0414,0.0134,0.9866,True,M,S3
Reg0097130,"Nyerup, Rasmus (1759–1829)","Universitetsbibliotekar, Professor, Litteraturhistoriker.",,M,fornavn »Rasmus« 3/3,M,fornavn »Rasmus« 3/3,M,0.003,0.001,0.999,True,M,S2
Reg0097140,Nygaard,Ingeniør.,,,,,,M,0.3175,0.1279,0.8721,True,,
Reg0097220,"Nyrop, J. L. (1831–1904)","Operasanger og Skuespiller ved Det kgl. Teater 1862–1882, senere Sanglærer og Klasselotterikollektør.",,,,,,M,0.0423,0.0137,0.9863,True,M,S3
Reg0097320,"Nægier, M. B. (1825–1890)","Kaptajn i Infanteriet, Hofchef hos Kronprins Frederik, Kammerherre 1874, Oberst 1876, Afsked 1877.",,,,,,M,0.0139,0.0044,0.9956,True,M,S3
Reg0097390,"Nørgaard, E. A. (død 1891)",Inspektør ved Rosenborg Brønd-Anstalt.,,,,,,M,0.1019,0.0345,0.9655,True,,
Reg0097400,"Oberlin, Jeremias Jacob (1735–1806)","Professor i Strassburg, Theolog og Bibliograf.",,,,,,M,0.0,0.0,1.0,True,M,S3
Reg0097410,"Obreen, J. M. (1810–1877)","Bibliotekar ved Marineministeriets Bibliotek og Direktør for dets Kort- og Modelsamling, Haag.",,,,,,M,0.003,0.001,0.999,True,M,S3
Reg0097430,"Odencrantz, Tor Hartvig (1817–1886)","Viceherredshøvding, Besidder af Torpa.",,,,,,M,0.0014,0.0005,0.9995,True,M,S3
Reg0097470,"Odry, Jacques-Charles (1781–1853)",Fransk Skuespiller.,fransk,,,M,erhverv »skuespiller« 80/81,M,0.0048,0.0015,0.9985,True,M,S2
Reg0097480,"Offenbach, Jacques (1819–1880)",tyskfransk Komponist.,tysk,,,,,M,0.0423,0.0137,0.9863,True,M,S3
Reg0097540,"Oksen, Kjeld Petersen (1819–1893)","Gaardejer, Moesbøl, Skærbæk.",,,,,,M,0.581,0.3042,0.6958,True,,
Reg0097550,"Olavius, Kirsten (1788–1869)",Bor i Mariager 1865.,,,,,,M,0.4668,0.2163,0.7837,True,,
Reg0097560,"Olbers, Anders Levin (1800–1852)","Sognepræst i Husaby, Provst.",,M,fornavn »Anders« 3/3,M,fornavn »Anders« 3/3,M,0.0135,0.0043,0.9957,True,M,S2
Reg0097580,"Olde, Emanuel Mathias (1802–1885)",Professor i nyeuropæisk Lingvistik og moderne Litteratur ved Lunds Universitet.,,M,fornavn »Emanuel« 3/3,M,fornavn »Emanuel« 3/3,M,0.003,0.001,0.999,True,M,S2
Reg0097680,Oldknow,engelsk Søofficer 1874.,engelsk,,,,,M,0.0952,0.0321,0.9679,True,,
Reg0097690,"Olfers, Ignaz von (1793–1871)",Generaldirektør for Museerne i Berlin.,,,,,,M,0.263,0.1011,0.8989,True,,
Reg0097710,"Olivarius, Thomas (død 1882, 69 år gl.)","Graver ved Trinitatis Kirke, Kammerassessor, senere Overgraver og Kammerraad.",,,,,,M,0.4071,0.178,0.822,True,,
Reg0097720,Olof Tyste,Vadstena.,,,,,,K,0.8046,0.5649,0.5649,True,,
Reg0097750,"Olrik, Holger Ludvig Theodor (1837–1913)","cand. jur., Politiassistent i København 1866–1878, Birkedommer i Samsø Birk 1878, senere Borgmester og Byfoged i Køge og Etatsraad.",,M,fornavn »Holger« 4/4,M,fornavn »Holger« 4/4,M,0.0,0.0,1.0,True,M,S2
Reg0097760,Olsen fra Fredericia,(Haderslev 5.9.1866).,,,,,,K,0.8349,0.6145,0.6145,True,,
Reg0097770,"Olsen, Mile","Diligencepassager, Sverrig 14.7.1837.",,K,fornavn »Mile« 3/3,K,fornavn »Mile« 3/3,K,0.9102,0.7617,0.7617,True,K,S2
Reg0097810,"Olsen, F. C. (1802–1874)","Overlærer i Helsingør, 1837 ved Metropolitanskolen, 1844–1866 Rektor i Viborg, tit. Professor 1856, Filolog og Litteraturhistoriker.",,,,,,M,0.151,0.0531,0.9469,True,,
Reg0097840,"Olsen, Nicolaj Valdemar",Gartner på Holsteinborg 1870.,,M,fornavn »Nicolaj« 4/4,M,fornavn »Nicolaj« 4/4,M,0.003,0.001,0.999,True,M,S2
Reg0097850,"Olsson, O. A. (1803–1848)","Læge i Helsingborg, dr. med.",,,,,,M,0.0904,0.0304,0.9696,True,,
Reg0097900,Omar Pasha,,,,,,,,0.8071,0.5688,0.5688,False,,
Reg0098000,O’Neill,Carolina’s Søster i Setübal.,,,,,,M,0.4888,0.2317,0.7683,True,,
Reg0098010,"O’Neill, Eduardo","Setübal, Søn af José Maria O’N.",,,,,,M,0.1946,0.0708,0.9292,True,,
Reg0098030,"O’Neill, Joana, f. de Brito e Cunha",Lissabon.,,,,,,K,0.9868,0.9593,0.9593,True,,
Reg0098080,"O’Neill, José Maria (1788–1841)","Chef for Handelshuset Torlades O’Neill, Lissabon, dansk Konsul.",,M,fornavn »José« 3/3,M,fornavn »José« 3/3,M,0.0459,0.0149,0.9851,True,M,S2
Reg0098100,Oppenheim,"Bankier, Dresden, Maleren A. Grahls Svigerfader.",,,,,,M,0.0521,0.017,0.983,True,M,S3
Reg0098120,Oppenheimer og Frue,"fra Leipzig, Dresden 20.8.1851.",,,,,,K,0.9235,0.792,0.792,True,,
Reg0098140,"Oppermann, L. (1780–1846)","Overførster, Osnabrück.",,,,,,K,0.8664,0.6715,0.6715,True,,
Reg0098220,"Oranja, Simon d’","portugisisk Proprietær, Lissabon 19.7.1866.",portugisisk,,,,,M,0.003,0.001,0.999,True,M,S3
Reg0098280,"Orlamundt, C. V. (1807–1871)","Teaterdirektør, Odense.",,,,,,M,0.4651,0.2152,0.7848,True,,
Reg0098320,"Orlandi, W. (død 1878)",Hof-Kunstgibser.,,,,,,M,0.488,0.2311,0.7689,True,,
Reg0098390,"Ortwed, Søren (1796–1872)",Domprovst i Roskilde 1841–1866.,,M,fornavn »Søren« 4/4,M,fornavn »Søren« 4/4,M,0.0226,0.0072,0.9928,True,M,S2
Reg0098410,"Ostade, Adriaen van (1610–1684)",Hollandsk Maler.,hollandsk,,,M,erhverv »maler« 78/78,M,0.011,0.0035,0.9965,True,M,S2
Reg0098470,"Ottesen, O. J. C. (1823–1894)","cand. theol., Lærer ved Blindeinstitutet, Økonomidirektør i Studenter-Sangforeningen, 1865 Sognepræst i Ulstrup, 1871 i Jungshoved.",,,,M,erhverv »cand« 57/57,M,0.003,0.001,0.999,True,M,S2
Reg0098530,"Otway, Thomas (1652–1685)",Engelsk Skuespildigter.,engelsk,,,,,M,0.3714,0.157,0.843,True,,
Reg0098600,"Overskou, Thomas (1798–1873)",Skuespiller og Forfatter.,,,,M,erhverv »skuespiller« 80/81,M,0.0048,0.0015,0.9985,True,M,S2
Reg0098610,"Owen, J. (1789–1862)","Fabrikant, Fredens Mølle.",,,,,,M,0.0423,0.0137,0.9863,True,M,S3
Reg0098620,"Owesen, Claus (1816–1881)","Kaptajn i Ingeniørkorpset, dirigerende Officer ved Vej tjenesten i Slesvig, 1859 kar.Major, 1856 Kommissarius ved den sydslesvigske Jernbane, 1868 kar.Oberst.",,,,,,M,0.0,0.0,1.0,True,M,S3
Reg0098650,"Oxholm, de yngre Frøkner","1869, Døtre af Harald O. (Mary Ann (1842–1911), senere Stiftsdame i Vallø), Louise (1843–1913), g. 1871 m. Baron Emil Schaffalitzky de Muckadell) og Georgina (1",,,,,,M,0.5857,0.3083,0.6917,True,,
Reg0098690,"Oxholm, W. (1805–1876)","Major, Hofchef hos Kronprins Frederik (VII) 1842–1847, kar. General major 1848, 1848–1849 i diplomatiske Missioner, 1854–1857 Gesandt i London, 1863 Overhofmars",,,,,,M,0.0,0.0,1.0,True,M,S3
Reg0098770,Pacifico,Vetturin (April 1834).,,,,,,K,0.8158,0.5828,0.5828,True,,
Reg0098830,"Padilla y Ramos, Mariano (1842–1906)",Spansk Operasanger.,spansk,,,,,M,0.3145,0.1264,0.8736,True,,
Reg0098840,"Paer, F. (1771–1839)",Italiensk Operakomponist.,italiensk,,,,,K,0.8071,0.5688,0.5688,True,,
Reg0098850,"Paesiello, Giovanni (1740–1816)",Italiensk Operakomponist.,italiensk,,,,,K,0.8349,0.6145,0.6145,True,,
Reg0098860,"Pagani, Giuseppe","Notar og Gæstgiver i Anacapri, Capri.",,,,,,M,0.0346,0.0112,0.9888,True,M,S3
Reg0098870,"Paganini, Niccold (1782–1840)",Italiensk Violinvirtuos og Komponist.,italiensk,,,,,M,0.1086,0.037,0.963,True,,
Reg0098900,"Pagliani-Gagliardi, D.",Italiensk Operakomponist.,italiensk,,,,,M,0.7414,0.4748,0.5252,True,,
Reg0098920,"Palestrina, Giovanni Pierluigi da (ca. 1526–94)",Italiensk Komponist.,italiensk,,,,,M,0.4651,0.2152,0.7848,True,,
Reg0098940,"Palladio, Andrea (1508–1580)",Italiensk Arkitekt.,italiensk,,,,,M,0.7496,0.4855,0.5145,True,,
Reg0098960,"Palli, Lucchese, Marchese (1808–1864)",senere Hertug della Grazia.,,,,M,titel »hertug« i beskrivelsen,K,0.9724,0.9175,0.9175,True,M,S2
Reg0099020,"Palma il Giovane, Jacopo (1544–1628)",Italiensk Maler.,italiensk,,,M,erhverv »maler« 78/78,M,0.0423,0.0137,0.9863,True,M,S2
Reg0099030,"Palmblad, V. F. (1788–1852)","Professor i græsk Sprog og Litteratur ved Uppsala Universitet, Forfatter og Oversætter.",,,,,,M,0.0048,0.0015,0.9985,True,M,S3
Reg0099120,"Pampaloni, Luigi (1791–1847)",Italiensk Billedhugger.,italiensk,,,,,M,0.011,0.0035,0.9965,True,M,S3
Reg0099140,"Paracelsus, Aureolus Philippus Theophrastus Bombas tu s von Hohenheim (1493–1541)",Tysk Læge.,tysk,,,,,M,0.003,0.001,0.999,True,M,S3
Reg0099160,Parish-Alvars (1808–1849),Engelsk Harpevirtuos og Pianist.,engelsk,,,,,M,0.5522,0.28,0.72,True,,
Reg0099170,"Parmegianino, Francesco Maria Mazzola, kaldet - (1503–1540)",Italiensk Maler.,italiensk,M,fornavn »Francesco« 3/3,M,fornavn »Francesco« 3/3,M,0.0164,0.0052,0.9948,True,M,S2
Reg0099180,Parodi,Bankier i Genova 1861.,,,,,,M,0.0346,0.0112,0.9888,True,M,S3
Reg0099200,Paschwitz,"Forstmester, Tharandt Juli 1844.",,,,,,K,0.9273,0.8009,0.8009,True,,
Reg0099240,"Passaro, A.",Italiensk Librettoforfatter.,italiensk,,,,,K,0.8457,0.6335,0.6335,True,,
Reg0099290,Paul (Paolo),"Karl hos H.C. Andersens Værtinde i Via purificazione, Rom, 1840–1841.",,,,,,K,0.8071,0.5688,0.5688,True,,
Reg0099300,Paul V (1552–1621),Pave 1605.,,,,M,titel »pave« i beskrivelsen,M,0.1327,0.046,0.954,True,M,S2
Reg0099310,"Paul, José de",Jerez de la Frontera 1862.,,M,fornavn »José« 3/3,M,fornavn »José« 3/3,M,0.75,0.486,0.514,True,M,S2
Reg0099340,"Paulli, H. S. (1810–1891)","1861 Kapelmester ved Det kgl. Teater, Komponist.",,,,,,M,0.4651,0.2152,0.7848,True,,
Reg0099380,"Paulsen, Fritz (1780–1843)","Oberst, Kammerherre hos Prinsesse Charlotte Frederikke i Rom.",,M,fornavn »Fritz« 6/6,M,fornavn »Fritz« 6/6,M,0.0,0.0,1.0,True,M,S2
Reg0099410,"Paulsen, Tobias (1808–1885)",fhv. Overauditør.,,,,,,M,0.1924,0.0699,0.9301,True,,
Reg0099420,Paulus (død ca. 64),Apostel.,,,,,,K,0.8071,0.5688,0.5688,True,,
Reg0099450,"Peacock, Gibson",Udgiver af »The Evening Bulletin« i Philadelphia.,,,,,,M,0.0423,0.0137,0.9863,True,M,S3
Reg0099460,"Pearl, Cora (Pseudonym for Emma Crouch-Nicholls) (1842–1882)","Fransk Demimonde, optraadte Januar 1867 på Bouffes-Parisiens i »Orphée aux Enfers«.",fransk,,,,,K,0.9997,0.9989,0.9989,True,,
Reg0099500,Peder,Kammertjener på Lerchenborg Juli 1862.,,,,,,K,0.9264,0.7988,0.7988,True,,
Reg0099550,Pedersen (Petersen?),"Student fra København, Nørre Vosborg 6.7.1859.",,,,M,erhverv »student« 41/41,M,0.2535,0.0967,0.9033,True,M,S2
Reg0099580,"Pedersen, Andreas Vilhelm (1809–1856)","Student 1828, kirurgisk Eksamen 1834, Reservekirurg i Søetaten og Underlæge ved Øresunds Hospital i Helsingør 1836, 1842 Distriktslæge i Herning, 1847 Landfysik",,M,fornavn »Andreas« 3/3,M,fornavn »Andreas« 3/3,M,0.0,0.0,1.0,True,M,S2
Reg0099650,"Pedersen, Michaeline (1823–1878)",Fru Adolphine Pedersens Søster.,,,,,,K,1.0,1.0,1.0,True,,
Reg0099670,"Pedersen, Ole (sen.) (1767–1826)",Brændevinsbrænder i Slagelse.,,M,fornavn »Ole« 4/4,M,fornavn »Ole« 4/4,M,0.121,0.0416,0.9584,True,M,S2
Reg0099690,"Pedersen, Ole (død 1865, 17 år gl.)",Smedelærling.,,M,fornavn »Ole« 4/4,M,fornavn »Ole« 4/4,M,0.121,0.0416,0.9584,True,M,S2
Reg0099710,"Pedersen, Sidse","Marie Henriques’ Barnepige, senere Stuepige og Kokkepige hos Familien Martin R. Henriques, endte som Portnerkone i Ejendommen Tordenskjoldsgade Nr. 1.",,,,,,K,0.9875,0.9614,0.9614,True,,
Reg0099740,"Pedersen, Søren (død 1890)","Hørkræmmer en gros & en detail, Hjørnet af Dronningens Tvergade og Borgergade, Grosserer, Kaptajn i Borgervæbningen.",,M,fornavn »Søren« 4/4,M,fornavn »Søren« 4/4,M,0.0,0.0,1.0,True,M,S2
Reg0099780,Peer Klit,Bondedreng fra Hem.,,,,,,K,0.9231,0.7911,0.7911,True,,
Reg0099790,Peisistratos (ca. 600–527 f. Chr.),Tyran i Athen.,,,,,,M,0.672,0.3924,0.6076,True,,
Reg0099800,Pelissot,"Fransk Kaptajn, Fører af Dampskibet Vatican 1861.",fransk,,,,,M,0.0402,0.013,0.987,True,M,S3
Reg0099810,"Pellegrini, Giulio (1806–1858)","Italiensk Operasanger, München.",italiensk,,,,,M,0.3179,0.1281,0.8719,True,,
Reg0099820,Pellet,Hotelvært i Starnberg 1860.,,,,,,M,0.0618,0.0203,0.9797,True,,
Reg0099830,"Pellico, Silvio (1789–1854)",Italiensk Forfatter.,italiensk,,,M,erhverv »forfatter« 96/98,M,0.113,0.0386,0.9614,True,M,S2
Reg0099840,"Penafiel, Eleuterio",Murcia 1862.,,,,,,M,0.5174,0.2526,0.7474,True,,
Reg0099850,"Penio, Mlle",Stockholm 15.6.1849.,,,,,,K,0.8754,0.6889,0.6889,True,,
Reg0099860,"Penni, Francesco (il Fattore) (ca. 1488–1523)",Italiensk Maler.,italiensk,M,fornavn »Francesco« 3/3,M,fornavn »Francesco« 3/3,M,0.0164,0.0052,0.9948,True,M,S2
Reg0099910,"Peres, Domingo Garcia",portugisisk Læge (Maj 1866).,portugisisk,,,,,M,0.0225,0.0072,0.9928,True,M,S3
Reg0099920,"Périer, Casimir (1777–1832)",Fransk liberal Politiker.,fransk,,,,,M,0.0932,0.0314,0.9686,True,,
Reg0099930,Perikies (ca. 495–429 f.Chr.),Attisk Statsmand.,attisk,,,,,M,0.0952,0.0321,0.9679,True,,
Reg0100000,"Perrot, Jules-Joseph (1810–1892)",Fransk Balletmester.,fransk,,,,,M,0.0139,0.0044,0.9956,True,M,S3
Reg0100010,"Persson, Anders","på Rankhyttan (henrettet 1534), Bondefører fra Dalarne.",,M,fornavn »Anders« 3/3,M,fornavn »Anders« 3/3,M,0.6938,0.4167,0.5833,True,M,S2
Reg0100020,Perthes & Besser,Sortimentsboghandlerfirma i Hamburg.,,,,,,M,0.7171,0.4442,0.5558,True,,
Reg0100030,"Perugino, Pietro di Cristoforo Vanucci, kaldet - (1446–1524)",Italiensk Maler.,italiensk,,,M,erhverv »maler« 78/78,M,0.0423,0.0137,0.9863,True,M,S2
Reg0100040,"Peschior, Eugène (1835–1910)","Hjælpepræst ved den lutherske Kirke i Genève 1859–1863, Digter.",,,,,,M,0.5837,0.3066,0.6934,True,,
Reg0100050,Petaki,"Græker, hos hvem der hentes Adgangskort til Akropolis 1841.",,,,,,K,0.8071,0.5688,0.5688,True,,
Reg0100070,Peter,Apostel.,,,,,,K,0.7976,0.5541,0.5541,True,,
Reg0100080,Peter,Kontorbud hos M. G. Melchior.,,,,,,K,0.7976,0.5541,0.5541,True,,
Reg0100100,Peter,"Tjener hos Otto Scavenius, Basnæs 1870.",,,,,,M,0.7506,0.4869,0.5131,True,,
Reg0100110,Peter af Alcantara (1499–1562),Spansk Helgen.,spansk,,,,,K,0.7721,0.5165,0.5165,True,,
Reg0100220,"Petersen, Mile","Diligencepassager, Sverrig 14.7.1837.",,K,fornavn »Mile« 3/3,K,fornavn »Mile« 3/3,K,0.8952,0.7291,0.7291,True,K,S2
Reg0100280,"Petersen, Børge (1805–1879)","Hattemagermester, Raadmand i København.",,,,,,M,0.141,0.0492,0.9508,True,,
Reg0100340,"Petersen, Clemens (1834–1918)","»Fædrelandet«s Teater- og Litteraturanmelder, cand. mag. i Æstetik 1857, forlod Danmark 1869, i U.S.A. indtil 1904.",,M,fornavn »Clemens« 4/4,M,fornavn »Clemens« 4/4,M,0.0128,0.0041,0.9959,True,M,S2
Reg0100380,"Petersen, J. (1829–1905)",kgl. Hoffotograf.,,,,,,,0.7976,0.5541,0.5541,False,,
Reg0100440,"Petersen, Marinus (1825–1867)",Boghandler i Hjørring.,,,,,,M,0.0016,0.0005,0.9995,True,M,S3
Reg0100450,"Petersen, Marius",Vernex og Genève August 1860.,,,,,,M,0.121,0.0416,0.9584,True,,
Reg0100460,"Petersen, Mozart (1817–1874)","Klarinettist, fra 1832 Medlem af Det kgl. Kapel.",,,,,,M,0.5151,0.2509,0.7491,True,,
Reg0100470,"Petersen, Nicolaus (1798–1881)","holstensk dr.phil., Adjunkt og Kantor (senere Overlærer og Professor) i Grimma, Forfatter.",holstensk,,,,,M,0.0,0.0,1.0,True,M,S3
Reg0100480,"Petersen, P. Holger (1813–1883)","Købmand, Medlem af Odense Kommunalbestyrelse.",,M,fornavn »Holger« 4/4,M,fornavn »Holger« 4/4,M,0.0,0.0,1.0,True,M,S2
Reg0100530,"Petersen, Rasmus (1823–1897)",Tømrermester og Brandmajor i Odense.,,M,fornavn »Rasmus« 3/3,M,fornavn »Rasmus« 3/3,M,0.0289,0.0093,0.9907,True,M,S2
Reg0100570,Petersen Mønsted,Dreng (September 1869).,,,,,,M,0.6755,0.3962,0.6038,True,,
Reg0100640,"Petit-Senn, J. (1792–1870)",schweizisk Forfatter.,schweizisk,,,M,erhverv »forfatter« 96/98,M,0.131,0.0454,0.9546,True,M,S2
Reg0100650,Petra,Tjenestepige på Rolighed 1873.,,,,,,K,0.8396,0.6227,0.6227,True,,
Reg0100660,"Petrarca, Francesco (1304–1374)",Italiensk Digter.,italiensk,M,fornavn »Francesco« 3/3,M,fornavn »Francesco« 3/3,M,0.0213,0.0068,0.9932,True,M,S2
Reg0100670,"Petri, Laurentius (1499–1573)","Svensk Reformator, Ærkebiskop 1531.",svensk,,,,,M,0.0128,0.0041,0.9959,True,M,S3
Reg0100750,"Petöfi, Sandor (Alexander) (1823–1849)",ungarsk Digter og Politiker.,ungarsk,,,M,erhverv »digter« 100/101,M,0.0,0.0,1.0,True,M,S2
Reg0100790,Pfannenschmidt (død 1868),"Arkitekt, Dresden.",,,,,,M,0.2458,0.0932,0.9068,True,,
Reg0100820,"Pfeffel, Gottlieb Konrad (1736–1809)",Tysk Fabeldigter.,tysk,M,fornavn »Gottlieb« 4/4,M,fornavn »Gottlieb« 4/4,M,0.0346,0.0112,0.9888,True,M,S2
Reg0100890,Pheidias (ca. 500–ca. 438 f. Chr.),græsk Billedhugger.,græsk,,,,,M,0.1406,0.0491,0.9509,True,,
Reg0100900,"Phelps jun., Anson G.","fra New York, amerikansk Turist i Italien 1841.",,,,,,M,0.276,0.1073,0.8927,True,,
Reg0100920,"Philemon, Thimoleon (1833–1898)","græsk Universitetslærer, Redaktør og Politiker, i Danmark 1863, da Prins Wilhelm blev Hellenernes Konge.",græsk,,,M,titel »konge« i beskrivelsen,M,0.0,0.0,1.0,True,M,S2
Reg0100940,"Philippovich von Philippsberg, Nikolaus (1795–1858)","Østrigsk Oberstløjtnant, 1843 Oberst, 1848 Generalmajor, 1851 Feltmarskalløjtnant.",østrigsk,,,,,M,0.0,0.0,1.0,True,M,S3
Reg0100950,"Philips, Misses","Niecer af Fru Harriet Bornemann, f. Parsons.",,,,,,M,0.6259,0.3453,0.6547,True,,
Reg0100970,Philipsen,"(»en Hr. Philipsen jeg har seet hos Hartmann«), München August 1855.",,,,,,,0.7976,0.5541,0.5541,False,,
Reg0101110,Pierreboni,"Italiensk Rejsende, April 1834.",italiensk,,,,,K,0.8075,0.5695,0.5695,True,,
Reg0101120,Pierreboni,Signora.,,,,K,titel »signora« i beskrivelsen,K,0.7885,0.5403,0.5403,True,K,S2
Reg0101150,"Pignotto, Lorenzo (1739–1812)","Italiensk Digter, Professor i Pisa.",italiensk,,,M,erhverv »digter« 100/101,M,0.0128,0.0041,0.9959,True,M,S2
Reg0101180,"Pilati, Jervit",Weimar 22.8.1846.,,,,,,K,0.8906,0.7197,0.7197,True,,
Reg0101190,"Pilgram, Mester (omkr. 1512)",Østrigsk Billedhugger og Arkitekt.,østrigsk,,,,,M,0.0,0.0,1.0,True,M,S3
Reg0101220,"Pinquez, J. N. (1814–1876)",Læge i København.,,,,,,M,0.128,0.0442,0.9558,True,,
Reg0101230,"Pinturicchio, Bernardino di Betto Biagio, kaldet - (ca. 1454–1513)",Italiensk Maler.,italiensk,,,M,erhverv »maler« 78/78,M,0.0423,0.0137,0.9863,True,M,S2
Reg0101250,"Pio, Jean (1833–1884)","cand. philol., 1865–1868 Huslærer på Frijsenborg, 1868 Bestyrer af Borgerdydskolen i Kbh., Filolog.",,,,M,erhverv »cand« 57/57,M,0.0,0.0,1.0,True,M,S2
Reg0101260,Piozin,Dansk Vice-Konsul i Cairo (Ischia 7.6.1846).,dansk,,,,,M,0.6154,0.3353,0.6647,True,,
Reg0101340,Pius II (Æneas Silvius Piccolomini) (1405–1464),Pave 1458.,,,,M,titel »pave« i beskrivelsen,M,0.1733,0.062,0.938,True,M,S2
Reg0101360,Pius V (1504–1572),Pave 1566.,,,,M,titel »pave« i beskrivelsen,M,0.1733,0.062,0.938,True,M,S2
Reg0101370,Pius VII (1740–1823),Pave 1800.,,,,M,titel »pave« i beskrivelsen,M,0.1733,0.062,0.938,True,M,S2
Reg0101380,Pius VIII (1761–1830),Pave 1829.,,,,M,titel »pave« i beskrivelsen,M,0.1227,0.0422,0.9578,True,M,S2
Reg0101390,Pius IX (1792–1878),Pave 1846.,,,,M,titel »pave« i beskrivelsen,M,0.1733,0.062,0.938,True,M,S2
Reg0101420,"Planche, James Robinson (1796–1880)",Engelsk Forfatter.,engelsk,,,M,erhverv »forfatter« 96/98,M,0.0326,0.0105,0.9895,True,M,S2
Reg0101430,"Plantamour, Emile (1815–1882)","Professor i Astronomi og fysisk Geografi, Direktør for Observatoriet i Genève.",,,,,,M,0.0,0.0,1.0,True,M,S3
Reg0101450,Platen,Hamburg 9.7.1841.,,,,,,K,0.766,0.508,0.508,True,,
Reg0101530,Platon (427–347 f.Chr.),græsk Filosof.,græsk,,,,,M,0.5132,0.2495,0.7505,True,,
Reg0101540,"Plaw, Hugh","(»af Witths Familie«), Nyborg 17.7.1850.",,,,,,K,0.8309,0.6078,0.6078,True,,
Reg0101550,"Pienge, J. (1822–1889)","fhv. Sognepræst i Saatrup og Ødis og Præst i London, Forfatter.",,,,,,,0.0289,0.0093,0.9907,False,,
Reg0101630,"Piessen, Siegfried von (1646–1723)","Præsident i Rentekammeret, Statsmand, Godsejer.",,,,,,M,0.0,0.0,1.0,True,M,S3
Reg0101650,"Piessis, Alphonsine (død 1847)",Fransk Kurtisane (»Kameliadamen«).,fransk,,,,,K,1.0,1.0,1.0,True,,
Reg0101690,"Plon, Eugéne (1836–1895)",fiansk Kunsthistoriker og Boghandler.,,,,,,M,0.0646,0.0213,0.9787,True,,
Reg0101730,Plowden,"Engelsk Familie fra Basingstoke, Clarens 20.8.1860.",engelsk,,,,,K,0.8977,0.7346,0.7346,True,,
Reg0101780,"Plüskow, I. von","Officer, Oldenburg 7.12.1845.",,,,,,M,0.0618,0.0203,0.9797,True,,
Reg0101870,"Podebusk, Predbjørn (ca. 1460–1541)","til Vosborg, Rigsraad.",,,,,,M,0.3192,0.1288,0.8712,True,,
Reg0101880,"Poelgeest, Jonas (1849–?)","fattig hollandsk Dreng, i Huset hos Johannes Kneppelhout.",,,,,,M,0.1348,0.0468,0.9532,True,,
Reg0101890,Poensyn,Düsseldorf (Giessbach 14.6.1874).,,,,,,K,0.8071,0.5688,0.5688,True,,
Reg0101940,"Poles, Stefan (egl. Rafael Tugenhold) (1847–1875)","polsk Forfatter og Modstandsmand, Emigrant 1863.",polsk,,,M,erhverv »forfatter« 96/98,M,0.0048,0.0015,0.9985,True,M,S2
Reg0101960,"Pollack, Leopold (1806–1880)",Tysk Maler.,tysk,M,fornavn »Leopold« 5/5,M,fornavn »Leopold« 5/5,M,0.0014,0.0005,0.9995,True,M,S2
Reg0101970,"Pompejus, Gnæus (106–48 f.Chr.)",romersk Statsmand og Feltherre.,romersk,,,,,M,0.0,0.0,1.0,True,M,S3
Reg0101990,"Ponchino (Bazzacco), Battista (ca. 1500–1570)",Italiensk Maler.,italiensk,,,M,erhverv »maler« 78/78,K,0.8734,0.6851,0.6851,True,M,S2
Reg0102010,"Ponsard, François (1814–1867)",Fransk Digter.,fransk,M,fornavn »François« 3/3,M,fornavn »François« 3/3,M,0.0824,0.0275,0.9725,True,M,S2
Reg0102030,"Pontoppidan, Hendrik (1814–1901)","Dansk Generalkonsul i Hamburg 1851–1901, 1867 Ejer af Constantinsborg ved Aarhus.",dansk,M,fornavn »Hendrik« 4/4,M,fornavn »Hendrik« 4/4,M,0.0,0.0,1.0,True,M,S2
Reg0102070,"Popp, Frantz Leonhardt (1818–1850)","Premierløjtnant, Kompagnichef i 2. Forstærkningsbataillon.",,,,M,erhverv »premierløjtnant« 39/39,M,0.003,0.001,0.999,True,M,S2
Reg0102080,"Popp, Ivar Valentin Dresler (død 1874, 83 år gl.)",fhv. Stempelforvalter.,,,,,,M,0.3196,0.129,0.871,True,,
Reg0102090,Poppe,"Athen 1841, Bremen 1844.",,,,,,K,0.8026,0.5618,0.5618,True,,
Reg0102100,"Portella, Manuel Maria",portugisisk Forfatter.,portugisisk,,,M,erhverv »forfatter« 96/98,M,0.003,0.001,0.999,True,M,S2
Reg0102140,"Portugal, Fernando, tit. Konge af – (1816–1889)","Dronning Maria II da Glorias Gemal, Hertug af Sachsen-Coburg-Gotha.",,,,M,titel »hertug« i beskrivelsen,M,0.0757,0.0252,0.9748,True,M,S2
Reg0102200,"Portugal, Pedro III, titulær Konge af – (1717–1786)",g. 1760 m. Dronning Maria I af P.,,M,fornavn »Pedro« 3/3,M,fornavn »Pedro« 3/3,M,0.0952,0.0321,0.9679,True,M,S2
Reg0102230,"Portugale (?), Gaetano de",Svoger til Brødrene O’Neill.,,,,,,K,0.8304,0.6069,0.6069,True,,
Reg0102260,"Potgieter, Everhardus Johannes (1808–1875)","Hollandsk Digter, Redaktør af »de Gids«.",hollandsk,,,M,erhverv »digter« 100/101,M,0.011,0.0035,0.9965,True,M,S2
Reg0102290,"Potter, Paulus (1625–1654)",Hollandsk Maler og Raderer.,hollandsk,,,M,erhverv »maler« 78/78,M,0.003,0.001,0.999,True,M,S2
Reg0102440,"Poulsen, V. E. (1826–1884)","Ingeniør, Vandinspektør i København.",,,,,,M,0.2459,0.0932,0.9068,True,,
Reg0102450,"Poussin, Gaspard (1613–1675)",Fransk Maler.,fransk,,,M,erhverv »maler« 78/78,M,0.0,0.0,1.0,True,M,S2
Reg0102460,"Poussin, Nicolas (1593–1665)",Fransk Maler.,fransk,,,M,erhverv »maler« 78/78,M,0.0048,0.0015,0.9985,True,M,S2
Reg0102470,"Povelsen, Søren Kierulff (1788–1861)","Godsinspektør ved Sorø Akademi, Etatsraad.",,M,fornavn »Søren« 4/4,M,fornavn »Søren« 4/4,M,0.011,0.0035,0.9965,True,M,S2
Reg0102500,"Pram, C. (1756–1821)",Forfatter.,,,,M,erhverv »forfatter« 96/98,M,0.131,0.0454,0.9546,True,M,S2
Reg0102540,Praxiteles (ca. 390–330 f.Chr.),græsk Billedhugger.,græsk,,,,,M,0.1923,0.0698,0.9302,True,,
Reg0102550,"Preetzmann, C. (1822–1895)","Digter og Oversætter (Pseud. Caralis), fhv. Politiassessor, 1870–1879 Borgmester og Byfoged i Nibe.",,,,M,erhverv »digter« 100/101,M,0.0128,0.0041,0.9959,True,M,S2
Reg0102570,"Prehn, Thomas (1801–1874)","fhv. Landkommissær for det vestlige Holsten, 1852–1854 Departementschef i det holsten-lauenborgske Ministerium, Etatsraad 1841, Konferensraad 1860.",,,,,,M,0.0146,0.0046,0.9954,True,M,S3
Reg0102590,Preston,"rig Englænder, København 27.9.1861.",,,,,,K,0.9487,0.8535,0.8535,True,,
Reg0102610,"Preuss, Madam","Vaskerkone, Borgergade Nr. 405.",,K,fornavn »Madam« 3/3,K,fornavn »Madam« 3/3,K,0.8422,0.6273,0.6273,True,K,S2
Reg0102760,Prial,fra Rio de Janeiro (1867).,,,,,,K,0.9182,0.7797,0.7797,True,,
Reg0102920,Priess,Bankier i Malaga 1862.,,,,,,M,0.0346,0.0112,0.9888,True,M,S3
Reg0102970,"Prior, H. P. (1813–1875)","Skibsreder, Grosserer.",,,,,,M,0.0192,0.0061,0.9939,True,M,S3
Reg0103050,Prôll,"Tysk Læge i Nizza og Bad Gas tein, Nizza 14.12.1869.",tysk,,,,,M,0.0952,0.0321,0.9679,True,,
Reg0103070,"Prøsilius, Ghristoph Peter Julius (1827–1860)","Sekondløjtnant i Søetaten, 1852 Premierløjtnant, 1858 Løjtnant.",,,,,,M,0.003,0.001,0.999,True,M,S3
Reg0103080,"Prøvensen, A. (1826–1888)","Grosserer, senere Bankdirektør, Medlem af Odense Kommunalbestyrelse.",,,,,,M,0.0,0.0,1.0,True,M,S3
Reg0103120,"Puerari, Marc-Nicolas (1766–1845)","Professor, Genève.",,,,,,M,0.0274,0.0088,0.9912,True,M,S3
Reg0103250,"Putnam, Sally G.","Amerikansk Amatørtegner, Medudgiver af Hans Andersens Good Wishes for the Children.",amerikansk,,,,,M,0.6883,0.4105,0.5895,True,,
Reg0103290,Pyrrhos (318–272 f.Chr.),Konge af Epeiros.,,,,M,titel »konge« i beskrivelsen,M,0.3714,0.157,0.843,True,M,S2
Reg0103350,"Pødenphant, W. S. (1797–1881)",Provinsskuespiller og Teaterdirektør.,,,,,,M,0.5877,0.3101,0.6899,True,,
Reg0103370,"Quehl, Ryne (død 1864)","dr.phil., preussisk Generalkonsul i København 1853–1864, Grundlægger af Central-Press-Amt.",,,,,,K,0.9264,0.7988,0.7988,True,,
Reg0103390,"Querfurth, G. O.",Edler von.,,,,,,K,0.8767,0.6916,0.6916,True,,
Reg0103400,"Quételet, Jacques (1796–1874)","Belgisk Matematiker og Statistiker, Direktør for det kgl. Observatorium i Briissel.",belgisk,,,,,M,0.0128,0.0041,0.9959,True,M,S3
Reg0103430,"Quistgaard, Jeppe Christensen (1781–1850)","Overlærer i Slagelse, Rektor 1826, 1838 Sognepræst i Aagerup, 1840 Konsistorialraad.",,,,,,M,0.003,0.001,0.999,True,M,S3
Reg0103440,"Qvarnstrom, G. G. (1810–1867)",Svensk Billedhugger.,svensk,,,,,M,0.0423,0.0137,0.9863,True,M,S3
Reg0103500,"Qvistgaard, Victor Emilius (1838–1893)","Brodersøn af C.J.R.-Q., Godsejer, Gjerdrup.",,M,fornavn »Victor« 4/4,M,fornavn »Victor« 4/4,M,0.011,0.0035,0.9965,True,M,S2
Reg0103510,"Qvortrup, Christen Hansen (1809–1863)","Elev i Slagelse Skole, Student 1828, senere Sognepræst i Aminge.",,,,,,M,0.0,0.0,1.0,True,M,S3
Reg0103520,"Qvoten, Salomon von (ca. 1690–ca. 1750)","Teaterentreprenør, Tandmedikus.",,,,,,M,0.2909,0.1145,0.8855,True,,
Reg0103540,"Raaschou, Diderik August (1835–1912)","Student 1854, cand. jur. 1862, Sagfører i Hillerød, 1881 Overretsagfører.",,,,M,erhverv »student« 41/41,M,0.0,0.0,1.0,True,M,S2
Reg0103710,"Raben-Levetzau, Siegfriede Victoire, f. von Krogh (1823–1898)","g.1845 m. senere Lensgreve Josias R.-L., Lekkende.",,,,,,K,0.9849,0.9535,0.9535,True,,
Reg0103750,"Radiese witch, Thomas",Vært i Küstendje 1841.,,,,,,M,0.3714,0.157,0.843,True,,
Reg0103770,Rafael (Raffaello Santi) (1483–1520),Italiensk Maler.,italiensk,,,M,erhverv »maler« 78/78,M,0.0618,0.0203,0.9797,True,M,S2
Reg0103810,"Rafn, C. C. (1795–1864)","Stifter af og Sekretær i Det kgl. nordiske Oldskriftsselskab, tit. Professor 1826, Oldforsker.",,,,,,M,0.131,0.0454,0.9546,True,,
Reg0103860,"Rahbek, Knud Lyne (1760–1830)","Professor ved Kbhs. Universitet, Forfatter.",,M,fornavn »Knud« 3/3,M,fornavn »Knud« 3/3,M,0.0034,0.0011,0.9989,True,M,S2
Reg0103910,"Rambusch, H. J. V. (1825–1886)","Sekondløjtnant i Søetaten, 1850 Næstkommanderende i Dampskibet Slesvig, Kaptajn 1868, Afsked 1876, kar. Kommandør.",,,,,,M,0.0346,0.0112,0.9888,True,M,S3
Reg0103920,"Rambusch, Hartvig Heinrich (1785–1870)","Amtsforvalter for Antvorskov og Korsør Amtstuedistrikt 1811–1862, Etatsraad 1835.",,,,,,M,0.0213,0.0068,0.9932,True,M,S3
Reg0103930,"Rambusch, W. T. (1839–1896)","Advokat i Minneapolis (senere i Wisconsin), dansk Vicekonsul.",,,,,,M,0.0423,0.0137,0.9863,True,M,S3
Reg0103960,"Ramsay, Bror Jacob (1802–1873)",Svensk Kammerherre.,svensk,,,,,M,0.0289,0.0093,0.9907,True,M,S3
Reg0104040,"Ranke, Leopold von (1795–1886)",Tysk Historiker.,tysk,M,fornavn »Leopold« 5/5,M,fornavn »Leopold« 5/5,M,0.0181,0.0058,0.9942,True,M,S2
Reg0104050,Rantzau,"Greve, Passager på Dampskibet Stören 14.6.1844.",,,,M,titel »greve« i beskrivelsen,M,0.3727,0.1578,0.8422,True,M,S2
Reg0104220,"Rasch, Iver Iversen (1811–før 1865)","Hotelejer, Flensborg.",,,,,,M,0.0016,0.0005,0.9995,True,M,S3
Reg0104230,"Rasch, Jonas (1834–1887)","Norsk cand. jur., senere Fuldmægtig i Finansdepartementet, Christiania, Kunstkritiker.",norsk,,,M,erhverv »cand« 57/57,M,0.0016,0.0005,0.9995,True,M,S2
Reg0104260,Rasmussen fra Odense,Tigger (19.-20.1.1866).,,,,,,K,0.8015,0.56,0.56,True,,
Reg0104270,Rasmussen fra St. Petersborg,Middagsgæst på »Rolighed« 16.9.1870.,,,,,,K,0.8898,0.7179,0.7179,True,,
Reg0104300,"Rasmussen, H. (død 1900, 79 år gl.)","Hof-Skrædermester, Overkrigskommissær.",,,,,,K,0.8205,0.5904,0.5904,True,,
Reg0104320,"Rasmussen, J. F. (død 1901)","Ansat hos Konsul Kirstein i Bordeaux, senere Grosserer og Vinhandler sst.",,,,,,M,0.0016,0.0005,0.9995,True,M,S3
Reg0104340,"Rasmussen, Theodorus (1814–1893)","Skuespiller og Regissør ved Casino, 1865 Direktør.",,,,M,erhverv »skuespiller« 80/81,M,0.0,0.0,1.0,True,M,S2
Reg0104370,Rath,"Köln, Hotelgæst i Brunnen 28.7.1860.",,,,,,K,0.8767,0.6916,0.6916,True,,
Reg0104380,Rauch,Kapelmusikus (enten Violoncellisten Ferd. Peter Theodor R. (1817–1871) eller Violinisten Jul. Wilh. Emil R. (1818–1888)).,,,,,,M,0.678,0.399,0.601,True,,
Reg0104430,Rausch,Schaffhausen (Basnæs 29.9.1856).,,,,,,K,0.9137,0.7694,0.7694,True,,
Reg0104450,"Raynaud, Amédée",Dansk Vicekonsul i Nizza 1869.,dansk,,,,,M,0.0952,0.0321,0.9679,True,,
Reg0104460,"Raynaud, P.",Dansk Vicekonsul i Nizza 1861.,dansk,,,,,M,0.0952,0.0321,0.9679,True,,
Reg0104490,Reaulty y de Ramsault,"Spansk Greve, 28.11.1862.",spansk,,,M,titel »greve« i beskrivelsen,M,0.3269,0.1328,0.8672,True,M,S2
Reg0104640,"Redon, Erneste (1835–1907)","Fransk Komponist og Pianist, Bordeaux.",fransk,,,,,K,0.9478,0.8512,0.8512,True,,
Reg0104690,"Rée, Isidor (1830–1905)","Købmand i Hamburg, senere i Leeds og Bradford.",,,,,,M,0.0,0.0,1.0,True,M,S3
Reg0104710,"Rée, Siegmund (1814–1881)","fhv. Købmand i London, Godsejer i Altrahlsted ved Hamburg.",,,,,,M,0.0016,0.0005,0.9995,True,M,S3
Reg0104800,"Regnard, J. F. (1655–1709)",Fransk Skuespilforfatter.,fransk,,,,,M,0.4585,0.2107,0.7893,True,,
Reg0104820,"Reichardt, J. F. (1752–1814)",Tysk Komponist.,tysk,,,,,M,0.2023,0.074,0.926,True,,
Reg0104850,"Reiche, Matthias Wilhelm","Justitiar ved Ahrensburg, Wandsbeck og Wellingsbüttel, Hofraad.",,M,fornavn »Matthias« 3/3,M,fornavn »Matthias« 3/3,M,0.121,0.0416,0.9584,True,M,S2
Reg0104890,Reichmann,Hotelejer i Milano.,,,,,,M,0.0618,0.0203,0.9797,True,,
Reg0104960,"Reimers, Martin (1812–1876)","Læge i Gram, 1875 Fysicus sst., Henriette Brandis’ Svoger.",,M,fornavn »Martin« 3/3,M,fornavn »Martin« 3/3,M,0.003,0.001,0.999,True,M,S2
Reg0104970,Reimert,"De unge, Berlin 1845/1846 (måske Sønner af Forlagsboghandler G.A. Reimer, Karl, Georg og Dietrich).",,,,,,M,0.0987,0.0334,0.9666,True,,
Reg0104980,"Reinhardt, G. E. F. (1829–1896)",Kontorchef i Justitsministeriets Departement for Island.,,,,,,M,0.0757,0.0252,0.9748,True,,
Reg0104990,"Reinhardt, J. (1776–1845)",Professor i Zoologi ved Københavns Universitet.,,,,,,M,0.0757,0.0252,0.9748,True,,
Reg0105070,Reiszer,Dresden 7.7.1844.,,,,,,K,0.841,0.6252,0.6252,True,,
Reg0105090,"Reissinger, C. G. (1798–1859)","Tysk Komponist, Leder af Dresdner-Operaen.",tysk,,,,,M,0.4071,0.178,0.822,True,,
Reg0105140,"Reitzel, C. A. (1789–1853)","Boghandler, H.C. Andersens Forlægger.",,,,,,M,0.0423,0.0137,0.9863,True,M,S3
Reg0105210,Rembrandt van Rijn (1606–1669),Hollandsk Maler.,hollandsk,,,M,erhverv »maler« 78/78,M,0.0423,0.0137,0.9863,True,M,S2
Reg0105250,"Renck, Detlev Anton (1809–1867)","Klædefabrikant i Neumünster, kgl. Agent, Medlem af de holstenske Provinsialstænder, 1863 Etatsraad.",,,,,,M,0.0,0.0,1.0,True,M,S3
Reg0105260,"Rendl, Albin",Oberammergau 1.7.1860.,,,,,,M,0.3314,0.1351,0.8649,True,,
Reg0105270,"Rem, Guido (1575–1642)",Italiensk Maler.,italiensk,,,M,erhverv »maler« 78/78,M,0.0326,0.0105,0.9895,True,M,S2
Reg0105310,"Renouard, Antoine Augustin (1765–1853)",Fransk Boghandler.,fransk,,,,,K,0.9977,0.9928,0.9928,True,,
Reg0105320,"Repholtz, Mathias Edvard (1825–1887)",Godsforvalter på Nysø.,,M,fornavn »Mathias« 3/3,M,fornavn »Mathias« 3/3,M,0.0048,0.0015,0.9985,True,M,S2
Reg0105380,"Retzius, Anders Adolf (1795–1860)",Svensk Anatom og Antropolog.,svensk,M,fornavn »Anders« 3/3,M,fornavn »Anders« 3/3,M,0.3358,0.1375,0.8625,True,M,S2
Reg0105460,"Reuter, Andreas Peter (1798–1847)","Orgelbygger, Aabenraa.",,M,fornavn »Andreas« 3/3,M,fornavn »Andreas« 3/3,M,0.2331,0.0875,0.9125,True,M,S2
Reg0105470,"Reuter, Fritz (1810–1874)",Tysk Forfatter.,tysk,M,fornavn »Fritz« 6/6,M,fornavn »Fritz« 6/6,M,0.003,0.001,0.999,True,M,S2
Reg0105490,"Reuterdahl, Bengt Fredrik",Frisørmester og Parykmager i Malmö.,,,,,,K,0.8036,0.5634,0.5634,True,,
Reg0105510,Reventlows,(ikke nærmere angivet).,,,,,,K,0.901,0.7416,0.7416,True,,
Reg0105520,Reventlow,"Komtesse (fra Sandbjerg), Graasten 18.11.1845.",,,,K,titel »komtesse« i beskrivelsen,K,0.9487,0.8535,0.8535,True,K,S2
Reg0105530,Reventlow,Verdensudstillingen i Paris April 1867.,,,,,,K,0.9487,0.8535,0.8535,True,,
Reg0105740,"Ricci, Federico (1809–1877)",Italiensk Operakomponist.,italiensk,,,,,M,0.0952,0.0321,0.9679,True,,
Reg0105760,"Ricciolini, Nicolo (1687–ca. 1763)",Italiensk Maler og Raderer.,italiensk,,,M,erhverv »maler« 78/78,M,0.0192,0.0061,0.9939,True,M,S2
Reg0105890,"Riedell, Joh. Fr. Chr. (1830–1906)","dr. med., 1856–1862 Læge i Frederikshavn, derefter i Hertugdømmerne.",,,,,,M,0.1152,0.0395,0.9605,True,,
Reg0105960,"Riegels, Frederica Christiane, f. von Heinen (1803–1887)",g.1824 m. H.G.R.,,K,fornavn »Frederica« 3/3,K,fornavn »Frederica« 3/3,K,0.9911,0.9723,0.9723,True,K,S2
Reg0106040,"Rienzi, Cola di (1313–1354)",Tribun i Rom 1347–1348.,,,,,,K,0.9849,0.9535,0.9535,True,,
Reg0106050,Riepenhausen,"(enten Franz (1786–1831) eller Johannes (1789–1860)), tyske Malere og Raderere.",,,,,,K,0.9478,0.8512,0.8512,True,,
Reg0106070,"Rietschel, Emst (1804–1861)",Tysk Billedhugger.,tysk,,,,,M,0.003,0.001,0.999,True,M,S3
Reg0106080,Rifaat Pasha (1798–1855),tyrkisk Udenrigsminister.,tyrkisk,,,,,M,0.0648,0.0214,0.9786,True,,
Reg0106090,"Rigas (Regas, Rhigas), Konstantin (1757–1798)",græsk Digter og Frihedsmartyr.,græsk,,,M,erhverv »digter« 100/101,M,0.1991,0.0727,0.9273,True,M,S2
Reg0106170,"Riise, J. C. (1794–1875)","Inspektør og Kollektør ved Klasselotteriet, Udgiver af »Archiv for Historie og Geographie« og »Historisk-geographisk Archiv«, Medstifter af »Musikforeningen«.",,,,,,M,0.0146,0.0046,0.9954,True,M,S3
Reg0106230,"Ring, Lauritz (1802–1876)","Amtsforvalter i Holstebro 1856, i Viborg 1860, Kammerraad, senere Etatsraad.",,M,fornavn »Lauritz« 6/6,M,fornavn »Lauritz« 6/6,M,0.0,0.0,1.0,True,M,S2
Reg0106240,"Ringe, Jfr.",Taasinge.,,K,fornavn »Jfr« 4/4,K,fornavn »Jfr« 4/4,K,0.919,0.7815,0.7815,True,K,S2
Reg0106260,Rist,"(den unge), Før 7.9.1844.",,,,,,K,0.8013,0.5598,0.5598,True,,
Reg0106310,"Ritgen, Hugo von (1811–1889)","Tysk Arkitekt, restaurerede Wartburg 1850 ff.",tysk,,,,,M,0.0128,0.0041,0.9959,True,M,S3
Reg0106320,Ritt,Tysk Student (April 1833).,tysk,,,M,erhverv »student« 41/41,M,0.0952,0.0321,0.9679,True,M,S2
Reg0106350,"Rives, Jefferson","ung Amerikaner, København 1868.",,,,,,M,0.2626,0.1009,0.8991,True,,
Reg0106360,"Rizzio, David (ca. 1540–66)","Italiensk Sanger, Mary Stuarts Sekretær.",italiensk,,,,,K,0.7998,0.5574,0.5574,True,,
Reg0106370,Rob Roy (Robert Macgregor Campbell fra Glengylle) (1671–1734),"Bandefører, Skotlands Robin Hood.",,,,,,K,0.8065,0.5678,0.5678,True,,
Reg0106380,"Robbia, Luca della (ca. 1400–1482)",Italiensk Billedhugger.,italiensk,,,,,M,0.3331,0.1361,0.8639,True,,
Reg0106390,"Robbins, Frank L.","Præst i Philadelphia, The Oxford Presbyterian Church.",,,,,,M,0.2157,0.0798,0.9202,True,,
Reg0106410,"Robert, Léopold (1794–1835)",schweizisk Maler.,schweizisk,,,M,erhverv »maler« 78/78,M,0.0014,0.0005,0.9995,True,M,S2
Reg0106430,"Robespierre, Maximilien (1758–1794)",Fransk Politiker.,fransk,,,,,M,0.0128,0.0041,0.9959,True,M,S3
Reg0106440,Robin,"Taskenspiller, Frankfurt 31.8.1855.",,,,,,M,0.7197,0.4473,0.5527,True,,
Reg0106520,"Roboredo, Joaquim de, Visconde (1808–1864)","portugisisk Gesandt i København 1846, i Berlin 1851.",portugisisk,,,M,erhverv »gesandt« 35/35,M,0.0014,0.0005,0.9995,True,M,S2
Reg0106550,"Rochussen, Hendrik (1779–1852)","Sæbefabrikant, Rotterdam.",,M,fornavn »Hendrik« 4/4,M,fornavn »Hendrik« 4/4,M,0.0146,0.0046,0.9954,True,M,S2
Reg0106570,"Rochussen, Karel (Charles) (1814–1894)","Son af Hendrik R., hollandsk Maler.",,,,,,M,0.0283,0.0091,0.9909,True,M,S3
Reg0106590,"Rochussen, W. F. (1832–1912)","Hollandsk Ministerresident i København 1863–1871, senere Udenrigsminister.",hollandsk,,,,,M,0.0818,0.0273,0.9727,True,,
Reg0106690,"Rodriguez de Guzman, Manuel (1818–1867)",Spansk Maler.,spansk,,,M,erhverv »maler« 78/78,M,0.0016,0.0005,0.9995,True,M,S2
Reg0106750,"Roger, Gustave Hippolyte (1815–1879)",Fransk Operasanger.,fransk,,,,,M,0.2859,0.1121,0.8879,True,,
Reg0106790,"Roldán, Pedro (1624–1700)",Spansk Billedhugger.,spansk,,,,,M,0.0238,0.0076,0.9924,True,M,S3
Reg0106830,Rolli,Bankier i Athen 1841.,,,,,,M,0.0192,0.0061,0.9939,True,M,S3
Reg0106850,"Romani, Philip (død 1854)",Tolk ved det danske Gesandtskab i Konstantinopel.,,M,fornavn »Philip« 5/5,M,fornavn »Philip« 5/5,M,0.0222,0.0071,0.9929,True,M,S2
Reg0106870,Romulus,Roms Grundlægger.,,,,,,K,0.7885,0.5403,0.5403,True,,
Reg0106920,"Rosa, Salvator (1615–1673)","Italiensk Maler, Raderer og Digter.",italiensk,,,M,erhverv »maler« 78/78,M,0.0,0.0,1.0,True,M,S2
Reg0106930,"Rosas, Juan Manuel de (1793–1877)",Præsident i Argentina 1828–1852.,,,,,,M,0.0,0.0,1.0,True,M,S3
Reg0106940,"Rosen, von",(Brev til ham fra H.C. Andersen. 4.8.1850).,,,,,,M,0.6978,0.4214,0.5786,True,,
Reg0107150,"Rosén, J. M. (1806–1885)","Svensk Publicist, Forfatter og Komponist, besøgte Kbhvn. 1838.",svensk,,,,,M,0.0059,0.0019,0.9981,True,M,S3
Reg0107190,"Rosendahl, Erich Peter (1792–1876)","Rektor for Nykøbing Katedralskole 1837–1853, tit. Professor 1853.",,M,fornavn »Erich« 11/11,M,fornavn »Erich« 11/11,M,0.0,0.0,1.0,True,M,S2
Reg0107220,Rosengren,"Fører af Dampskibet Daniel Thunberg, Gota Kanal 1849.",,,,,,K,0.7885,0.5403,0.5403,True,,
Reg0107230,"Rosenhoff, Claudius (1804–1869)",Forfatter.,,,,M,erhverv »forfatter« 96/98,M,0.0016,0.0005,0.9995,True,M,S2
Reg0107260,"Rosenkilde, C. N. (1786–1861)",Skuespiller ved Det kgl. Teater 1816–1861.,,,,M,erhverv »skuespiller« 80/81,M,0.2607,0.1,0.9,True,M,S2
Reg0107290,Rosenkrantz,"Baron, fra Lolland. (Misforstaaelse af H.C. Andersen., se: Rosenørn-Lehn, Otto.)",,,,M,titel »baron« i beskrivelsen,M,0.1933,0.0702,0.9298,True,M,S2
Reg0107470,"Rosenørn, Mathias Hans (1814–1902)","Indenrigsminister 1849–1851, Amtmand over Randers Amt 1854–1885, Kammerherre 1850, Gehejmekonferensraad 1885.",,M,fornavn »Mathias« 3/3,M,fornavn »Mathias« 3/3,M,0.0,0.0,1.0,True,M,S2
Reg0107640,"Rossini, Giacomo (1792–1868)",Italiensk Komponist.,italiensk,,,,,M,0.3501,0.1452,0.8548,True,,
Reg0107700,"Rothe, Andreas Bjørn (1825–1874)","Kaptajnløjtnant i Søetaten, 1866–1869 Chef for Marineministeriets Sekretariats- og Kommandokontor, 1868 Kaptajn, 1873 Kommandør.",,M,fornavn »Andreas« 3/3,M,fornavn »Andreas« 3/3,M,0.003,0.001,0.999,True,M,S2
Reg0107820,"Rothmann, G. T. (1834–1910)","Sadelmagermester, senere Hof-Tapetserer og Direktør i Haandværkerbanken.",,,,,,M,0.0618,0.0203,0.9797,True,,
Reg0107900,"Rothschild, Mayer Anselm (1743–1812)","Bankier, Frankfurt.",,,,,,M,0.0,0.0,1.0,True,M,S3
Reg0107910,Rottbøll,Den unge (formentlig en af Højesteretsjustitiarius G.M.R.'s tre yngste Sønner).,,,,,,K,0.8602,0.6599,0.6599,True,,
Reg0107970,Rougemont de Löwenberg,Bankierfirma i Paris.,,,,,,K,0.9182,0.7797,0.7797,True,,
Reg0107990,"Rousseau, Jean-Jacques (1712–1778)",Fransk Forfatter.,fransk,,,M,erhverv »forfatter« 96/98,M,0.0356,0.0115,0.9885,True,M,S2
Reg0108000,"Roux, Armand (1835–1887)",Fransk Komponist.,fransk,,,,,M,0.0059,0.0019,0.9981,True,M,S3
Reg0108010,"Roux, Hilario",Cartagena 1862.,,,,,,M,0.5173,0.2526,0.7474,True,,
Reg0108020,"Rovsing, Kristen (1812–1889)","Bestyrer af Borgerdydskolen i Kbh. 1853–1868, tit. Professor.",,,,,,M,0.0146,0.0046,0.9954,True,M,S3
Reg0108060,"Ruben, Bernhard (1829–1896)","Grosserer, Fabrikant, senere Etatsraad.",,M,fornavn »Bernhard« 3/3,M,fornavn »Bernhard« 3/3,M,0.0,0.0,1.0,True,M,S2
Reg0108080,"Ruben, Max (død 1867, 56 år gl.)","Kommandersergeant, 2. Forstærkningsbataillon, 1850 Sekondløjtnant i Krigsreserven.",,M,fornavn »Max« 3/3,M,fornavn »Max« 3/3,M,0.0541,0.0177,0.9823,True,M,S2
Reg0108120,"Rubini, Giovanni Battista (1795–1854)","Italiensk Operasanger, Godsejer ved Gomosøen.",italiensk,,,,,M,0.0146,0.0046,0.9954,True,M,S3
Reg0108140,"Rubinstein, Vera f. de Tjekunov",g. 1865 m. Anton R.,,,,,,K,0.9911,0.9723,0.9723,True,,
Reg0108150,"Rudberg, Fredrik (1800–1839)",Professor i Fysik i Uppsala.,,,,,,M,0.0,0.0,1.0,True,M,S3
Reg0108160,"Rudebeck, Pehr Erik (1796–1862)","1831–53 Sognepræst i Vists Sogn, Linkoping Stift, Provst 1841.",,,,M,erhverv »sognepræst« 47/47,M,0.0269,0.0086,0.9914,True,M,S2
Reg0108180,Rudolph,"Dilettantskuespiller, Maxen 18.7.1856.",,,,,,K,0.9242,0.7935,0.7935,True,,
Reg0108190,Ruet,"tyrkisk Redaktør, Konstantinopel 1841.",tyrkisk,,,,,M,0.2788,0.1086,0.8914,True,,
Reg0108220,"Rumohr, C. F. (1785–1843)","Kammerherre, Kunsthistoriker, Raderer og Tegner.",,,,,,M,0.0,0.0,1.0,True,M,S3
Reg0108240,"Rump, Godtfred (1816–1880)","Landskabsmaler, 1874 tit. Professor.",,,,,,M,0.0,0.0,1.0,True,M,S3
Reg0108500,Russisk Præst,Weimar og Kbh.,,,,,,K,0.8212,0.5915,0.5915,True,,
Reg0108510,Rübke,"Vært i »Zum weissen Schwan«, Harburg 27.11.1845.",,,,,,K,0.7953,0.5506,0.5506,True,,
Reg0108560,"Rydberg, Viktor (1828–1895)",Svensk Digter og Journalist.,svensk,M,fornavn »Viktor« 4/4,M,fornavn »Viktor« 4/4,M,0.0128,0.0041,0.9959,True,M,S2
Reg0108600,"Rye, Olaf (1791–1849)",Generalmajor.,,,,,,M,0.003,0.001,0.999,True,M,S3
Reg0108640,"Ryge, J. G. (1780-1842)","dr.med., Skuespiller ved Det kgl. Teater 1813–1842.",,,,,,,0.6736,0.3942,0.6058,False,,
Reg0108750,Rödchen,"Arkitekt, Hamburg 2.6.1843.",,,,,,M,0.1723,0.0616,0.9384,True,,
Reg0108840,"Rømer, F. C. F. D. (1803–1848)","cand. jur., Fuldmægtig i Generalkrigskommissariatet.",,,,M,erhverv »cand« 57/57,M,0.0192,0.0061,0.9939,True,M,S2
Reg0108900,"Rønne, Bone Falch (1764–1833)",Sognepræst i Lyngby.,,,,M,erhverv »sognepræst« 47/47,K,0.9181,0.7794,0.7794,True,M,S2
Reg0109010,"Rørbye, F. C. (1795–1860)",Prokurator i Frederikshavn.,,,,,,M,0.0734,0.0244,0.9756,True,,
Reg0109030,"Rørbye, Martinus (1803–1848)",Maler.,,,,M,erhverv »maler« 78/78,M,0.0016,0.0005,0.9995,True,M,S2
Reg0109100,"Rørdam, Holger Fr. (1830–1913)","dr. phil., 1869 Sognepræst i Kornerup og Svogerslev, 1876 i Brændekilde og Bellinge, 1883 i Lyngby, Kirkehistoriker.",,M,fornavn »Holger« 4/4,M,fornavn »Holger« 4/4,M,0.003,0.001,0.999,True,M,S2
Reg0109190,"Rötger, Friederich Johan Heinrich (død 1874)","Borgmester i Itzehoe, Justitsraad.",,,,,,M,0.0,0.0,1.0,True,M,S3
Reg0109220,"Saabye, A. V. (1823–1916)",Billedhugger.,,,,,,M,0.0618,0.0203,0.9797,True,,
Reg0109270,"Sabbatini, Lorenzo (Lorenzino da Bologna) (ca. 1530–76)",Italiensk Maler.,italiensk,,,M,erhverv »maler« 78/78,M,0.0945,0.0319,0.9681,True,M,S2
Reg0109280,"Sacchi, Andrea (1599–1661)",Italiensk Maler.,italiensk,,,M,erhverv »maler« 78/78,M,0.463,0.2138,0.7862,True,M,S2
Reg0109300,"Sachs, Salomo (1772–1855)","Tysk Astronom, Matematiker og Arkitekt.",tysk,,,,,M,0.0423,0.0137,0.9863,True,M,S3
Reg0109690,"Safft, F. H.","Værtshusholder, Hyskenstræde 10 1869.",,,,,,K,0.8071,0.5688,0.5688,True,,
Reg0109720,"Said Pasha, Mohamed (1822–1863)",Vicekonge over Ægypten 1854.,,,,,,M,0.2778,0.1082,0.8918,True,,
Reg0109730,"Saint-Aubain, A. N. de (1798–1865)",Forfatter (Carl Bernhard).,,,,M,erhverv »forfatter« 96/98,M,0.131,0.0454,0.9546,True,M,S2
Reg0109750,Saint-Cyr,(Sommeren 1848).,,,,,,K,0.8071,0.5688,0.5688,True,,
Reg0109760,"Saint-Ferriol, Vicomte de",Fransk Gesandt i København 1869–1876.,fransk,,,M,erhverv »gesandt« 35/35,M,0.2745,0.1066,0.8934,True,M,S2
Reg0109770,de Saint-Georges,Fransk Gesandt i Rio de Janeiro 1851–1867.,fransk,,,M,erhverv »gesandt« 35/35,M,0.0128,0.0041,0.9959,True,M,S2
Reg0109790,"Saint-Lieu, Marquis","Fransk Journalist, Rolighed 28.7.1870.",fransk,,,,,M,0.1095,0.0373,0.9627,True,,
Reg0109820,"Salaj, Gian Giacomo de’ Caprotti, kaldet - (1480–1524)",Italiensk Maler.,italiensk,,,M,erhverv »maler« 78/78,M,0.0,0.0,1.0,True,M,S2
Reg0109830,Salcéde,"Bankier, Bayonne 24.12.1862.",,,,,,M,0.0346,0.0112,0.9888,True,M,S3
Reg0109840,Saleb,Prins fra Java.,,,,M,titel »prins« i beskrivelsen,M,0.5637,0.2894,0.7106,True,M,S2
Reg0109850,"Sally, Henning (1808–1865)","Fuldmægtig i Overhofmarskallatets Bureau, Kammerjunker, senere Hof inspektør og Justitsraad.",,,,,,M,0.0,0.0,1.0,True,M,S3
Reg0109880,"Salmonsen, M. (1843–1913)","Boghandler, udvandret 1872 til Chicago, her Journalist, senere Magistratsembedsmand.",,,,,,M,0.0139,0.0044,0.9956,True,M,S3
Reg0109900,"Saloman, Siegfried (1816–1899)",Komponist.,,,,,,M,0.0059,0.0019,0.9981,True,M,S3
Reg0109960,"Salomon, Nota (1823–1885)","Overlæge i Hæren, 1873 Stabslæge og Chef for Hærens og Flaadens fælles Lægekorps.",,,,,,K,0.7852,0.5354,0.5354,True,,
Reg0109970,"Salomon, Sally (1815–1883)",Sadelmager og Tapetserer.,,M,fornavn »Sally« 3/3,M,fornavn »Sally« 3/3,M,0.5556,0.2827,0.7173,True,M,S2
Reg0110010,"Salomon, Wulf (ca. 1770–1842)","Brygger og Kornhandler i Odense, opholdt sig 1823–1835 i Hamburg, derefter i København.",,,,,,M,0.1465,0.0514,0.9486,True,,
Reg0110060,"Salomonsen (Salomon), Aron (ca. 1760–1852)",Købmand i Slagelse.,,,,,,M,0.0016,0.0005,0.9995,True,M,S3
Reg0110260,"Samson, Levy",musikalsk Dreng (18.3.1851).,,,,,,M,0.6317,0.351,0.649,True,,
Reg0110300,"Sandberg, Frk.","Datter af J.G.S. (hvem af hans tre Døtre: Eva Sofia (f. 1825), Carolina Bemhardina (f. 1826) og Angelica Dorothea (f. 1827) det drejer sig om, kan ikke afgøres)",,K,fornavn »Frk« 16/16,K,fornavn »Frk« 16/16,K,1.0,1.0,1.0,True,K,S2
Reg0110320,"Sandeau, Jules (1811–1883)",Fransk Forfatter.,fransk,,,M,erhverv »forfatter« 96/98,M,0.0048,0.0015,0.9985,True,M,S2
Reg0110390,"Santarelli, Emilio (1801–1886)",Italiensk Billedhugger.,italiensk,,,,,M,0.0423,0.0137,0.9863,True,M,S3
Reg0110410,"Santen, Jac. Jasper van (1799–1870)",Hotelvært i Haag.,,,,,,M,0.0541,0.0177,0.9823,True,M,S3
Reg0110430,"Santini, Felice (1798–1836)",Italiensk Operasanger.,italiensk,,,,,K,0.8938,0.7263,0.7263,True,,
Reg0110440,Saphet Effendi,Tolk hos Sultan Abd-ul-Medshid.,,,,,,M,0.2165,0.0802,0.9198,True,,
Reg0110520,"Sarmento, Cristoväo Pedro de Morais, Visconde de Torre de Moncorvo (1788–1851)",portugisisk Gesandt i London 1839–1848.,portugisisk,,,M,erhverv »gesandt« 35/35,M,0.003,0.001,0.999,True,M,S2
Reg0110570,"Sarto, Andrea del (1486–1531)",Italiensk Maler.,italiensk,,,M,erhverv »maler« 78/78,M,0.463,0.2138,0.7862,True,M,S2
Reg0110590,"Sass, Lorentz Waage (1818–1889)","Købmand i Aalborg, Direktør for Diskontobanken sst.",,M,fornavn »Lorentz« 3/3,M,fornavn »Lorentz« 3/3,M,0.0016,0.0005,0.9995,True,M,S2
Reg0110600,"Sassoferrato, Giambattista Salvi, kaldet - (1609–1685)",Italiensk Maler.,italiensk,,,M,erhverv »maler« 78/78,K,0.906,0.7525,0.7525,True,M,S2
Reg0110650,"Sauvage, Thomas (1794–1877)",Fransk Skuespilforfatter.,fransk,,,,,M,0.0867,0.0291,0.9709,True,,
Reg0110750,Saxo (omkr. 1200),Historiker.,,,,,,M,0.17,0.0607,0.9393,True,,
Reg0111120,"Schadow, Gottfried (1764–1850)","Tysk Billedhugger, Tegner og Grafiker.",tysk,,,,,M,0.003,0.001,0.999,True,M,S3
Reg0111140,"Schaffner, Taliaferro Preston (1818–1881)","Amerikansk Telegraf ingeniør, Jurist, Opfinder.",amerikansk,,,,,M,0.0346,0.0112,0.9888,True,M,S3
Reg0111150,Schalburg,Kolding 1.2.1866.,,,,,,K,0.7813,0.5298,0.5298,True,,
Reg0111170,"Schall, Claus (1757–1835)","Komponist, Kapelmester ved Det kgl. Teater, 1816 tit. Professor.",,,,,,M,0.0,0.0,1.0,True,M,S3
Reg0111270,"Scharling, G. E. (1803–1877)","Lektor ved Sorø Akademi, 1834 Professor i Theologi ved Københavns Universitet.",,,,,,M,0.0574,0.0188,0.9812,True,M,S3
Reg0111410,Schau,Gadix 11.11.1862.,,,,,,K,0.8767,0.6916,0.6916,True,,
Reg0111420,Schau,"(Skau?), Cordoba 23.11.1862.",,,,,,K,0.8767,0.6916,0.6916,True,,
Reg0111460,"Schau, Hansine",Kammerjomfru på Basnæs.,,K,fornavn »Hansine« 4/4,K,fornavn »Hansine« 4/4,K,1.0,1.0,1.0,True,K,S2
Reg0111480,Schauer,"Træskærer i Oberammergau, udførte 1860 Jesus’ Rolle i Passions-Skuespillet.",,,,,,K,0.8205,0.5904,0.5904,True,,
Reg0111500,Scheel,Odense 1866.,,,,,,M,0.4738,0.2211,0.7789,True,,
Reg0111510,Scheel,"Komtesse, Stiftsdame i Vemmetofte (der findes 1842 adskillige indskrevne af dette Navn).",,,,K,titel »komtesse« i beskrivelsen,M,0.3112,0.1247,0.8753,True,K,S2
Reg0111520,"Scheel, A. W. (1799–1879)","Generalauditør, dr.jur., juridisk Forfatter.",,,,,,M,0.0659,0.0218,0.9782,True,,
Reg0111680,"Scheele, L. N. (1796–1874)","Politiker, Udenrigsminister 1854–1857, Overpræsident i Altona 1861–1863, Kammerherre, 1848 Gehejmekonferensraad, 1857 Ordensvicekansler.",,,,,,M,0.0048,0.0015,0.9985,True,M,S3
Reg0111710,"Scheffer, Ary (1795–1858)",Fransk Maler.,fransk,,,M,erhverv »maler« 78/78,M,0.141,0.0492,0.9508,True,M,S2
Reg0111720,Scheller,"Tysk Kontorist, Det danske Konsulat i Barcelona September 1862.",tysk,,,,,K,0.7985,0.5554,0.5554,True,,
Reg0111830,Scherini,"sachsiske Officerer, Svogere til Carl Serre, Maxen 20.5.1854.",sachsisk,,,,,K,0.8396,0.6227,0.6227,True,,
Reg0111870,"Schidone, Bartolommeo (ca. 1570–1614)",Italiensk Maler.,italiensk,,,M,erhverv »maler« 78/78,M,0.0423,0.0137,0.9863,True,M,S2
Reg0111930,"Schiern, Eigil Waldemar (1818–1865)",Kaptajn i Artilleriet.,,,,,,M,0.0423,0.0137,0.9863,True,M,S3
Reg0112030,Schimmelmann,"2 Komtesser, Dresden 19.10.1860.",,,,,,K,0.8825,0.7031,0.7031,True,,
Reg0112140,"Schive, H. J. Th. C. (død 1869, 50 år gl.)","Sekondløjtnant ved 3. Liniebataillon, 1848 Premierløjtnant, Hofjunker, senere Oberst.",,M,fornavn »Th« 3/3,M,fornavn »Th« 3/3,M,0.0737,0.0245,0.9755,True,M,S2
Reg0112150,Schiødt,Dansker i Strassburg 6.7.1867.,,,,,,K,0.8071,0.5688,0.5688,True,,
Reg0112160,"Schiødte, J. C. (1815–1884)","Zoolog, Professor ved Københavns Universitet.",,,,,,M,0.0952,0.0321,0.9679,True,,
Reg0112220,"Schjørring, P. (1831–1913)","Byfoged og Herredsfoged i Skelskør 1869, Byfoged og Borgmester i Kolding 1877–1909, Folketingsmand 1866–1876.",,,,,,M,0.0289,0.0093,0.9907,True,M,S3
Reg0112230,Schlegel,"Kammerraad, Bregentved 21. Juli 1874.",,,,,,K,0.7885,0.5403,0.5403,True,,
Reg0112290,"Schleich, Martin",Tysk Dialektforfatter.,tysk,M,fornavn »Martin« 3/3,M,fornavn »Martin« 3/3,M,0.0675,0.0223,0.9777,True,M,S2
Reg0112300,Schleiermacher,"fra Darmstadt, tysk Rejsende, Mola di Gaeta 27.2.1841.",,,,,,K,0.9182,0.7797,0.7797,True,,
Reg0112330,"Schleppegrell, F. A. (1792–1850)",Generalmajor.,,,,,,M,0.0808,0.027,0.973,True,,
Reg0112370,"Schlesinger, M.",Stein- und Galanteriehändler aus Turnau in Böhmen (Juli 1834).,,,,,,K,0.914,0.7702,0.7702,True,,
Reg0112400,"Schley, Ludolph (1798–1859)","Svensk Konsulatssekretær i Libau, 1845 svensknorsk Konsul sst., tysk Forfatter og Oversætter.",svensk,,,,,M,0.0,0.0,1.0,True,M,S3
Reg0112420,"Schlichten, J. P. von der (1681–1745)",hollandsk-tysk Maler.,hollandsk,,,M,erhverv »maler« 78/78,M,0.0346,0.0112,0.9888,True,M,S2
Reg0112450,"Schlick, Benjamin (1796–1872)",Arkitekt.,,,,,,M,0.0146,0.0046,0.9954,True,M,S3
Reg0112490,"Schlönbach, Arnold (1807–1866)",Tysk Digter.,tysk,,,M,erhverv »digter« 100/101,M,0.0181,0.0058,0.9942,True,M,S2
Reg0112510,"Schmaltz, Lorentz von (1835–1906)","Svensk Frivillig, Sekondløjtnant 1864, senere Kontorassistent ved de svenske Statsbaner.",svensk,M,fornavn »Lorentz« 3/3,M,fornavn »Lorentz« 3/3,M,0.003,0.001,0.999,True,M,S2
Reg0112520,"Schmalz, Amtmand (med to Døtre)",Maxen 1857 og 1861.,,,,,,M,0.141,0.0492,0.9508,True,,
Reg0112630,Schmidt,"(»Middag hos Hr. Schmidt, stor Spiisning!«), Weimar 19.1.1846.",,,,,,K,0.9079,0.7566,0.7566,True,,
Reg0112640,Schmidt fra Würzburg,(München 6.10.1860).,,,,,,K,0.8075,0.5695,0.5695,True,,
Reg0112650,Schmidt,"Billedskærer, Amatørpoet, København 26.12.1868.",,,,,,K,0.9273,0.8009,0.8009,True,,
Reg0112680,Schmidt,"Købmand, på Rejse fra Odense til Kiel 1.2.1843.",,,,,,M,0.1053,0.0358,0.9642,True,,
Reg0112690,"Schmidt, Sergent","Enghave-Vej 4, Kbh. 29.10.1864.",,,,,,K,0.8805,0.6991,0.6991,True,,
Reg0112710,"Schmidt, Andreas",nederlandsk Konsul i Kiel 1857.,nederlandsk,,,,,M,0.0135,0.0043,0.9957,True,M,S3
Reg0112770,"Schmidt, Joh. Chr. (1797–1868)",Sognepræst i Fodby.,,,,M,erhverv »sognepræst« 47/47,M,0.121,0.0416,0.9584,True,M,S2
Reg0112800,"Schmidt, Julian (1818–1886)",Tysk Litteraturhistoriker.,tysk,,,,,M,0.0,0.0,1.0,True,M,S3
Reg0112820,"Schmidt, Lorentz Peter","Restauratør og Hotelvært, St. Annæ Plads 22.",,M,fornavn »Lorentz« 3/3,M,fornavn »Lorentz« 3/3,M,0.0121,0.0039,0.9961,True,M,S2
Reg0112830,"Schmidt, P. V.","Typograf, Thieles Bogtrykkeri, 11.12.1874.",,,,,,K,0.9079,0.7566,0.7566,True,,
Reg0112890,"Schmidten, H. G. von (1799–1831)",Professor i Matematik ved Københavns Universitet.,,,,,,M,0.0718,0.0238,0.9762,True,,
Reg0112900,"Schmitt, Aloys (1788–1866)",Tysk Klavervirtuos og Komponist.,tysk,,,,,M,0.1087,0.037,0.963,True,,
Reg0112910,Schmol,"fra Pennsylvanien, amerikansk Turist, Piræus 22.3.1841.",,,,,,K,0.9235,0.792,0.792,True,,
Reg0112930,"Schnakenburg, F. A. (1819–1905)","Købmand, Medlem af Odense Kommunalbestyrelse.",,,,,,M,0.0,0.0,1.0,True,M,S3
Reg0112950,Schneer,Bogbinder og Magistratsrath i Nürnberg.,,,,,,K,0.8664,0.6715,0.6715,True,,
Reg0113100,Scholler,"(Schöller?), Bordeaux 26.8.1866.",,,,,,K,0.9354,0.8203,0.8203,True,,
Reg0113110,Scholten,Paris April 1866.,,,,,,K,0.9246,0.7944,0.7944,True,,
Reg0113120,"Scholten, Casimir William von (1816–1876)","Sekondløjtnant i Kavalleriet, 1847 Premierløjtnant, 1852 Ritmester, Afsked 1864, 1869 kar. Oberst.",,,,,,M,0.0146,0.0046,0.9954,True,M,S3
Reg0113150,"Scholtz, E. W. von (død ca. 1866)",Dansk Vicekonsul i Málaga.,dansk,,,,,M,0.0662,0.0219,0.9781,True,,
Reg0113280,"Schou, Carsten Mathias (1814–1876)","Sognepræst 1858 ved Vor Frue Kirke i Aalborg, Provst 1872.",,,,M,erhverv »sognepræst« 47/47,M,0.0146,0.0046,0.9954,True,M,S2
Reg0113300,"Schou, Christen Mandix (1805–1857)","H.C. Andersens Skolekammerat, Student fra Slagelse 1824, Sognepræst 1834–1843 i Visby, afgik af Samvittighedsgrunde, 1843 Branddirektør i Assens og Hindsgavl Am",,,,,,M,0.0016,0.0005,0.9995,True,M,S3
Reg0113310,"Schou, Halvor (1823–1879)","Fabrikejer, Christiania, Legatstifter.",,,,,,M,0.2273,0.0849,0.9151,True,,
Reg0113350,"Schou, O. C. R. (død 1878)",Fotograf.,,,,,,M,0.121,0.0416,0.9584,True,,
Reg0113460,Schoustrup,"(»den lille Skoustrup«), 10.8.1869.",,,,,,K,0.7885,0.5403,0.5403,True,,
Reg0113490,Schouw,"Den unge, Dattersøn af Simon Meisling (enten Handelskontorist Victor Simon S. eller Handelsfuldmægtig Adolph Elis Julius S.).",,,,,,K,0.8161,0.5832,0.5832,True,,
Reg0113500,"Schouw, Henning Johan Petersen (1788–1870)","Ritmester ved Fynske Regiment lette Dragoner 1817–1828, senere kar. Oberstløjtnant.",,,,,,M,0.0048,0.0015,0.9985,True,M,S3
Reg0113550,"Schrader, L. F. G. (1786–1866)","Byfoged og Politimester i Altona 1847, i Flensborg 1850–1860, Etatsraad, 1860 Konferensraad.",,,,,,M,0.0146,0.0046,0.9954,True,M,S3
Reg0113560,"Schrader, Ulla","fra Lingen, Slægtning af Karoline v. Zöllner, Maxen Maj 1854.",,,,,,K,1.0,1.0,1.0,True,,
Reg0113650,"Schröder, Martin (1811–1872)","Sognepræst i Münsterdorf, Holsten 1840, i Neuenbrook 1863.",,M,fornavn »Martin« 3/3,M,fornavn »Martin« 3/3,M,0.003,0.001,0.999,True,M,S2
Reg0113660,"Schrøder, W. (1828–1886)",Fotograf i København.,,,,,,M,0.141,0.0492,0.9508,True,,
Reg0113730,"Schubert, Gotthilf Heinrich von (1780–1860)",Professor i alm. Naturhistorie i München.,,,,,,M,0.0128,0.0041,0.9959,True,M,S3
Reg0113820,Schulthess,Bankier i Zürich 1852.,,,,,,M,0.0326,0.0105,0.9895,True,M,S3
Reg0113840,"Schultz, A. (1797–1875)","kar. Major i Artilleriet, Batterichef, 1854–1864 Postmester i Eckemførde, 1869 kar. Oberst.",,,,,,M,0.003,0.001,0.999,True,M,S3
Reg0113870,"Schultz, Henrich Wilhelm (1808–1855)",Tysk Kunsthistoriker.,tysk,M,fornavn »Henrich« 14/14,M,fornavn »Henrich« 14/14,M,0.0,0.0,1.0,True,M,S2
Reg0113920,Schulz,"dr., Dresden 25.2.1846.",,,,,,K,0.9203,0.7846,0.7846,True,,
Reg0113930,Schulz,Tigger 27.8.1870.,,,,,,K,0.8805,0.6991,0.6991,True,,
Reg0113940,Schulz,Tigger 19.3.1875.,,,,,,K,0.8805,0.6991,0.6991,True,,
Reg0113960,"Schulz, Ferenc (1838–1870)",ungarsk Arkitekt.,ungarsk,,,,,M,0.2023,0.074,0.926,True,,
Reg0113970,Schulze,Hotelvært i Rheine 6.2.1866.,,,,,,M,0.0606,0.0199,0.9801,True,M,S3
Reg0113980,Schulze,"fra Dresden, tysk Rejsende, Mola di Gaeta 27.2.1841.",,,,,,K,0.9031,0.7462,0.7462,True,,
Reg0114010,"Schumacher, H. C. (1780–1850)","Astronom, 1810 Professor ved Københavns Universitet, fra 1816 Direktør for den danske Gradmaaling, Altona.",,,,,,M,0.0048,0.0015,0.9985,True,M,S3
Reg0114130,"Schwab, Siegfried (1837–1880)",Købmand i Hamburg.,,,,,,M,0.0,0.0,1.0,True,M,S3
Reg0114140,"Schwalbe, Ch. (død 1897)","Restauratør, Lille Kongensgade 1.",,,,,,M,0.2343,0.088,0.912,True,,
Reg0114220,"Schwartz, J. A. (1820–1874)",Kunstdrejer.,,,,,,K,0.8396,0.6227,0.6227,True,,
Reg0114260,"Schwartzkopf, C. F. (1817–1893)","Kontorchef i Kultusministeriet, Justitsraad, senere Etatsraad.",,,,,,M,0.0423,0.0137,0.9863,True,M,S3
Reg0114270,"Schwarz, Berthold (ca. 1300)","Franciskanermunk i Freiburg, Krudtets formentlige Opfinder.",,,,,,M,0.3967,0.1717,0.8283,True,,
Reg0114300,"Schweigaard, A. M. (1808–1870)",Norsk Retslærd og Statsmand.,norsk,,,,,M,0.121,0.0416,0.9584,True,,
Reg0114380,Schütte,"Madam, Diligencepassager fra Bremen 12.6.1847.",,,,,,K,0.9724,0.9175,0.9175,True,,
Reg0114400,Schytte,"Dansk Kok, Paris 26.1.1863.",dansk,,,,,K,0.9117,0.765,0.765,True,,
Reg0114410,"Schytte, F. (1800–1873)","Oliemøller, Godsejer, Medlem af Viborg Stænderforsamling 1838–1848, af den grundlovgivende Rigsforsamling 1848–1849, Landstinget 1849–1853 og Folketinget 1858–1",,,,,,M,0.0618,0.0203,0.9797,True,,
Reg0114420,"Schytte, H. V. (1827–1903)","Musikhandler, Kancelliraad, Musikkritiker og Musikforfatter.",,,,,,M,0.1008,0.0341,0.9659,True,,
Reg0114490,Schönberg,"sachsisk Familie, Maxen 1844.",sachsisk,,,,,K,0.9478,0.8512,0.8512,True,,
Reg0114500,Schönberg,"Adjudant, Stockholm 30.6.1837.",,,,,,M,0.0423,0.0137,0.9863,True,M,S3
Reg0114550,"Schønheyder, C. W. (1820–1897)","Kommandør, 1881–1885 Kontreadmiral.",,,,,,M,0.0876,0.0294,0.9706,True,,
Reg0114570,"Schønheyder, Fr. August (1801–1872)",By- og Raadstueskriver i Odense.,,M,fornavn »Fr« 3/3,M,fornavn »Fr« 3/3,M,0.2931,0.1156,0.8844,True,M,S2
Reg0114590,"Scipio Africanus d.Æ., Publius Cornelius (237–183 f.Chr.)",romersk Feltherre.,romersk,,,,,M,0.0,0.0,1.0,True,M,S3
Reg0114620,"Scribe, E. (1791–1861)",Fransk Skuespilforfatter.,fransk,,,,,M,0.2068,0.076,0.924,True,,
Reg0114630,"Scudder, Horace E. (1838–1902)","Amerikansk Børnebogsforfatter, Udgiver af »The Riverside Magazine«.",amerikansk,,,,,M,0.3902,0.1679,0.8321,True,,
Reg0114640,"Seat, W. H.","Amerikansk Præst, samler ind til et Universitet i Texas.",amerikansk,,,,,M,0.2157,0.0798,0.9202,True,,
Reg0114650,Secher,Dresden 9.7.1844.,,,,,,K,0.8615,0.6622,0.6622,True,,
Reg0114660,Seeker,"Mrs. og Miss, fra Windsor, München 26.7.1855.",,,,K,titel »mrs« i beskrivelsen,K,0.9235,0.792,0.792,True,K,S2
Reg0114740,"Seemann, Corfitz (1800–1875)","fhv. Skuespiller ved Det kgl. Teater, Toldinspektør i Nyborg 1849.",,M,fornavn »Corfitz« 3/3,M,fornavn »Corfitz« 3/3,M,0.0882,0.0296,0.9704,True,M,S2
Reg0114780,"Sehested, Fr. (1813–1882)","Godsejer, Besidder af Broholm, Arkæolog, Jægermester, 1860 Hofjægermester, 1882 Kammerherre.",,M,fornavn »Fr« 3/3,M,fornavn »Fr« 3/3,M,0.0,0.0,1.0,True,M,S2
Reg0114800,"Sehested, Hannibal (1609–1666)",Statsmand.,,,,,,M,0.0192,0.0061,0.9939,True,M,S3
Reg0114810,"Sehested, Hannibal (1820–1900)","Ritmester, Afsked 1865.",,,,,,M,0.0192,0.0061,0.9939,True,M,S3
Reg0114950,"Semb, Lars (1822–1891)",Købmand i Christiania.,,M,fornavn »Lars« 3/3,M,fornavn »Lars« 3/3,M,0.003,0.001,0.999,True,M,S2
Reg0115000,"Septimius Severus, Lucius (146–211)",romersk Kejser 193–211.,romersk,,,M,titel »kejser« i beskrivelsen,M,0.011,0.0035,0.9965,True,M,S2
Reg0115010,Seraphin (død 1800),"oprettede et Marionetteater i Versailles, 1781 Direktør for Spectacle des Enfants de France, Palais Royal, Paris.",,,,,,M,0.0423,0.0137,0.9863,True,M,S3
Reg0115090,"Sforza, Francesco (1401–1466)",Hertug af Milano 1450.,,M,fornavn »Francesco« 3/3,M,titel »hertug« i beskrivelsen; fornavn »Francesco« 3/3,M,0.1135,0.0388,0.9612,True,M,S2
Reg0115110,"Shaw, H. Norton (død 1868)","Engelsk Læge, f. på St. Croix, 1863 britisk Konsul sst., 1849 Assistant Secretary ved Royal Geographie Society i London.",engelsk,,,,,M,0.0,0.0,1.0,True,M,S3
Reg0115120,"Sheridan, Richard B. (1751–1816)",Engelsk Lystspildigter og Politiker.,engelsk,,,,,M,0.003,0.001,0.999,True,M,S3
Reg0115130,"Sibbern, F. C. (1785–1872)",Professor i Filosofi ved Københavns Universitet 1813–1870.,,,,,,M,0.0757,0.0252,0.9748,True,,
Reg0115170,"Siboni, Giuseppe (1780–1839)","Syngemester ved Det kgl. Teater, Konservatoriedirektør, Professor.",,,,,,M,0.0757,0.0252,0.9748,True,,
Reg0115190,"Sick, C. E. (1826–1864)","Kancellist i Udenrigsministeriet, 1863 Legationssekretær i Paris, Kammerjunker.",,,,,,M,0.0135,0.0043,0.9957,True,M,S3
Reg0115200,"Sick, Johs. Peter Kr. (1812–1884)","Student 1828, Overlærer ved Odense Katedralskole 1844–1872.",,,,M,erhverv »student« 41/41,M,0.0041,0.0013,0.9987,True,M,S2
Reg0115260,"Sidenius, Isaac (1793–1852)",Sognepræst i Gudbjerg 1846.,,,,M,erhverv »sognepræst« 47/47,M,0.131,0.0454,0.9546,True,M,S2
Reg0115310,"Siebold, P. F. (ca. 1828–?)","Tysk Handelsrejsende fra Kassel, Litterat og Oversætter (bl.a. Ibsens »Brand« og Heibergs »Elverhøj«).",tysk,,,,,M,0.453,0.207,0.793,True,,
Reg0115350,"Siesby, Gottlieb (1803–1884)","Redaktør af Flyveposten 1862–1870, Forfatter.",,M,fornavn »Gottlieb« 4/4,M,fornavn »Gottlieb« 4/4,M,0.0346,0.0112,0.9888,True,M,S2
Reg0115360,Sieveking,"Bankier, Marseille 1846.",,,,,,M,0.0346,0.0112,0.9888,True,M,S3
Reg0115380,Sigbrit,"g.m. Torsten Haraldson, Gullkroken, Västergötland.",,,,,,,0.8071,0.5688,0.5688,False,,
Reg0115400,Sigurd Jorsalfarer (1089/90–1130),Norsk Konge 1103.,norsk,,,M,titel »konge« i beskrivelsen,M,0.3714,0.157,0.843,True,M,S2
Reg0115410,"Silfverling, Jan Andersen (1636–1693)","Svensk Billedhugger, Stenhuggermester i Vadstena.",svensk,,,,,M,0.0,0.0,1.0,True,M,S3
Reg0115450,"Silva-Loureiro, Antonio José da","portugisisk Diplomat, Stockholm 1849.",portugisisk,,,,,M,0.0135,0.0043,0.9957,True,M,S3
Reg0115460,da Silva Pereira,"dr.theol., Coimbra 21.7.1866.",,,,,,M,0.6963,0.4196,0.5804,True,,
Reg0115470,"Silvagni, Giovanni (1790–1853)",Italiensk Maler.,italiensk,,,M,erhverv »maler« 78/78,M,0.0618,0.0203,0.9797,True,M,S2
Reg0115480,"Simion, M. (død 1854)",Forlagsboghandler i Berlin.,,,,,,M,0.0618,0.0203,0.9797,True,,
Reg0115490,Simon,"parisisk Skomager, hos hvem Louis XVII (1785–1795) tilbragte sin sidste Levetid.",,,,,,M,0.7524,0.4893,0.5107,True,,
Reg0115510,Simonsen,"Frøknerne, Døtre af Sophus S.",,,,,,K,0.8657,0.6702,0.6702,True,,
Reg0115520,"Simonsen, A. E. (1809–1876)","Student 1828, cand. phil., senere Kancellist i Generalitetet, Kaptajn og Intendant ved den kgl. Livgarde.",,,,M,erhverv »student« 41/41,M,0.0,0.0,1.0,True,M,S2
Reg0115600,"Simonsen, Simon (1808–1879)","Handelsagent (»den blinde Simonsen«), Svoger til J.H. og M.H.Bing.",,,,,,M,0.1922,0.0698,0.9302,True,,
Reg0115670,"Simpson, James Young (1811–1870)","skotsk Obstetriker og Gynækolog, fra 1840 Professor i Edinburgh.",skotsk,,,,,M,0.0746,0.0248,0.9752,True,,
Reg0115700,"Sina, Simon G. (1810–1876)",Bankier i Wien.,,,,,,M,0.0041,0.0013,0.9987,True,M,S3
Reg0115710,"Sinclair, R. (1826–1889)",Norsk Overbanemester.,norsk,,,,,K,0.8071,0.5688,0.5688,True,,
Reg0115730,Sixtus V (1521–1590),Pave 1585.,,,,M,titel »pave« i beskrivelsen,M,0.1733,0.062,0.938,True,M,S2
Reg0115740,Sjobeck,"Postillon, Diligence-Konduktør, nævnt på Rejsen i Sverrig 1837.",,,,,,K,0.8996,0.7385,0.7385,True,,
Reg0115770,"Skau, Laurids (1817–1864)",sønderjydsk Politiker.,sønderjydsk,,,,,M,0.003,0.001,0.999,True,M,S3
Reg0115810,"Skinkel, Bernike (død 1418)","Rigsraad (til Rugaard, ikke Rygaard).",,,,,,K,0.9794,0.9373,0.9373,True,,
Reg0115820,Skopas fra Paros (4.Aarh.f.Chr.),græsk Billedhugger.,græsk,,,,,M,0.1334,0.0463,0.9537,True,,
Reg0115890,"Skovgaard, P. G. (1817–1875)",Maler.,,,,M,erhverv »maler« 78/78,M,0.0952,0.0321,0.9679,True,M,S2
Reg0116030,Smidt-Larsen,"Stukkatør, 11.3.1872.",,,,,,K,0.8396,0.6227,0.6227,True,,
Reg0116040,"Smidth, Anthon (1809–1868)","Skuespiller ved Casino, Fiskerikonsulent.",,M,fornavn »Anthon« 8/8,M,fornavn »Anthon« 8/8,M,0.0192,0.0061,0.9939,True,M,S2
Reg0116100,Smith,"Englænder, København 13.6.1869.",,,,,,K,0.8814,0.701,0.701,True,,
Reg0116120,Smith,"Hollandsk Søofficer, København 31.3.1870.",hollandsk,,,,,M,0.0952,0.0321,0.9679,True,,
Reg0116140,"Smith, Andreas Niels Christopher (1797–1863)","1ste residerende Kapellan ved Vor Frue Kirke, Kbh. 1837, Sognepræst i Farum og Værløse 1857.",,M,fornavn »Andreas« 3/3,M,fornavn »Andreas« 3/3,M,0.003,0.001,0.999,True,M,S2
Reg0116160,"Smith, Ebenezer Pye (1807–1885)","Engelsk Læge (Kirurg), Ven af Familien Livingstone.",engelsk,,,,,M,0.0128,0.0041,0.9959,True,M,S3
Reg0116180,"Smith, F.","Købmand fra København, Lübeck-Hamburg 17.5.1831.",,,,,,M,0.0715,0.0237,0.9763,True,,
Reg0116220,"Smith, Lawrence",Amerikansk Forfatter (1873).,amerikansk,,,M,erhverv »forfatter« 96/98,M,0.6012,0.3222,0.6778,True,M,S2
Reg0116250,"Smits, Wilhelmus (1804–1869)",Hollandsk Sangpædagog.,hollandsk,,,,,M,0.0786,0.0262,0.9738,True,,
Reg0116260,"Smitt, Fredrik (Frits) Adam (1839–1904)","Docent i Zoologi i Uppsala 1862, Professor og Intendent ved Naturhistoriska Museet, Sthlm. 1871, Ichtyolog.",,,,,,M,0.0,0.0,1.0,True,M,S3
Reg0116270,"Smollett, Tobias (1721–1771)",Engelsk Forfatter.,engelsk,,,M,erhverv »forfatter« 96/98,M,0.0146,0.0046,0.9954,True,M,S2
Reg0116310,"Sodoma, Giovanni Antonio Bazzi, kaldet - (1477–1549)",Italiensk Maler.,italiensk,,,M,erhverv »maler« 78/78,M,0.0729,0.0242,0.9758,True,M,S2
Reg0116320,Sofokles (496–406),græsk Tragediedigter.,græsk,,,,,K,0.9057,0.7518,0.7518,True,,
Reg0116350,Sokrates (ca. 469–399 f.Chr.),græsk Filosof.,græsk,,,,,M,0.2792,0.1089,0.8911,True,,
Reg0116360,Soldi Madame,g.m. David Soldi.,,,,,,,0.8071,0.5688,0.5688,False,,
Reg0116390,"Soldin (senere: Soldi), David (1818–1884)","Student 1837, opholdt sig i Tyskland og senere fast i Frankrig, Oversætter til Fransk af H.C. Andersens Eventyr, Tolk ved den kejserlige Appellationsret (senere",,M,fornavn »David« 3/3,M,fornavn »David« 3/3,M,0.0146,0.0046,0.9954,True,M,S2
Reg0116400,"Soldin, Salomon (1774–1837)","Boghandler, Skribent og Legatstifter, København.",,,,,,M,0.003,0.001,0.999,True,M,S3
Reg0116410,"Soler, Emanuele","Spansk Gendarmeriofficer, Jembanepassager 20.9.1862.",spansk,,,,,K,0.9446,0.8433,0.8433,True,,
Reg0116600,"Sonnleithner, Hippolit (1814–1897)","Østrigsk Legations-Attache i Athen 1841, senere østrigsk Gesandt og befuldmægtiget Minister, Friherre 1869.",østrigsk,,,M,titel »friherre« i beskrivelsen,M,0.0,0.0,1.0,True,M,S2
Reg0116680,"Soulié, Frédéric (1800–1847)",Fransk Skuespilforfatter.,fransk,,,,,M,0.0618,0.0203,0.9797,True,,
Reg0116700,"Souvestre, Emile (1806–1854)",Fransk Forfatter.,fransk,,,M,erhverv »forfatter« 96/98,M,0.0597,0.0196,0.9804,True,M,S2
Reg0116710,"Soveral, A. Pinto de, Visconde (1812–1905)",portugisisk Gesandt i Madrid 1866.,portugisisk,,,M,erhverv »gesandt« 35/35,M,0.003,0.001,0.999,True,M,S2
Reg0116740,"Spada, Leonello (1575–1622)",Italiensk Maler.,italiensk,,,M,erhverv »maler« 78/78,M,0.0181,0.0058,0.9942,True,M,S2
Reg0116760,"Spalla, Giacomo (1775–1834)",Italiensk Billedhugger.,italiensk,,,,,M,0.1152,0.0395,0.9605,True,,
Reg0116830,"Spanien, Fernando V den Katolske (1452–1516)","Konge af Aragonien 1479, af Spanien 1492.",,,,M,titel »konge« i beskrivelsen,M,0.0423,0.0137,0.9863,True,M,S2
Reg0116850,"Spanien, Francisco de Asis (1822–1902)",titulær Konge af S.,,,,M,titel »konge« i beskrivelsen,M,0.0423,0.0137,0.9863,True,M,S2
Reg0116990,Spetz,"(måske: Spatz), Napoli 5.3.1841.",,,,,,K,0.911,0.7634,0.7634,True,,
Reg0117070,"Spontini, GasparO (1774–1851)",Italiensk Operakomponist. Generalmusikdirektor i Berlin.,italiensk,,,,,M,0.6335,0.3528,0.6472,True,,
Reg0117100,"Sporon, B. G. (1822–1917)","Skovrider i det Viborgske Skovriderdistrikt 1863–1891, Kammerjunker.",,,,,,M,0.2608,0.1001,0.8999,True,,
Reg0117130,"Spotturno, Bartolomeo",Dansk Vicekonsul i Cartagena 1853–1882.,dansk,,,,,M,0.0146,0.0046,0.9954,True,M,S3
Reg0117150,"Spring, Marcus (1810–1874)","Amerikansk Forretningsmand, Socialist og Filantrop.",amerikansk,,,,,M,0.0952,0.0321,0.9679,True,,
Reg0117250,"Staahl, Daniel Danielsen (1794–1870)",Skolelærer og Kirkesanger i Skt. Jørgensbjerg ved Roskilde.,,,,,,M,0.0423,0.0137,0.9863,True,M,S3
Reg0117390,"Stage, Gottlob (1791–1845)","Skuespiller ved Det kgl. Teater 1815–1845, Regissør og Instruktør.",,,,M,erhverv »skuespiller« 80/81,M,0.0192,0.0061,0.9939,True,M,S2
Reg0117500,Stallknecht,"Dansk-Amerikaner fra Boston, København 2.8.1869.",dansk,,,,,K,0.9761,0.9278,0.9278,True,,
Reg0117690,"Stanfield, Clarkson (1794–1867)",Engelsk Marinemaler og Teatermaler.,engelsk,,,,,M,0.0146,0.0046,0.9954,True,M,S3
Reg0117710,"Stang, Fredrik (1808–1884)","Norsk Statsraad 1845, Statsminister 1873–1880.",norsk,,,,,M,0.0139,0.0044,0.9956,True,M,S3
Reg0117930,"Steenstrup, Japetus (1813–1897)","Naturforsker, 1840 Lektor ved Sorø Akademi, 1846–1885 Professor i Zoologi ved Københavns Universitet, Etatsraad 1867.",,,,,,M,0.0,0.0,1.0,True,M,S3
Reg0117960,"Steffens, Henrich (1773–1845)","Filosof og Naturforsker, 1832 Professor i Berlin i Filosofi.",,M,fornavn »Henrich« 14/14,M,fornavn »Henrich« 14/14,M,0.0,0.0,1.0,True,M,S2
Reg0117980,"Steffensen, Asmus (1783–1850)",Overlærer ved Pigeskolen i St. Marie S. i Flensborg 1834–1846.,,,,,,M,0.0048,0.0015,0.9985,True,M,S3
Reg0118000,"Stegmann, Christopher (1778–1867)",Skrædermester i Odense.,,,,,,M,0.0876,0.0294,0.9706,True,,
Reg0118030,"Stein, S.A.V. (1797–1868)","Overkirurg ved Frederiks Hospital, Professor ved Universitetet.",,,,,,M,0.0757,0.0252,0.9748,True,,
Reg0118040,"Stein, Th. (1829–1901)",Billedhugger.,,M,fornavn »Th« 3/3,M,fornavn »Th« 3/3,M,0.0666,0.022,0.978,True,M,S2
Reg0118070,"Steinheim, Salomon Levi (1789–1866)","Læge, tysk-jødisk Filosof og Digter.",,,,,,M,0.0,0.0,1.0,True,M,S3
Reg0118090,"Steinmann, P. F. (1812–1894)","Kaptajn i Generalstaben, 1848 Major, 1849 Oberstløjtnant, 1854 Oberst, 1860 Generalmajor, 1864 Generalløjtnant, 1867 General.",,,,,,M,0.0202,0.0065,0.9935,True,M,S3
Reg0118110,Steitz,"fra Frankfurt a.M., tysk Rejsende, Mola di Gaéta 27.2.1841.",,,,,,K,0.8838,0.7058,0.7058,True,,
Reg0118130,"Stella, Jacques (1596–1657)",Fransk Maler.,fransk,,,M,erhverv »maler« 78/78,M,0.0272,0.0087,0.9913,True,M,S2
Reg0118210,"Stenfeldt, J. A. (1783–1858)","Borgmester i Helsingør 1821–1848, Stænderdeputeret.",,,,,,M,0.0417,0.0135,0.9865,True,M,S3
Reg0118270,Stephensen,"Student (enten Hilmar (1846–1889), Student 1864, senere Departementschef i Ministeriet for Island, eller Thorvald (1843–?), Student 1862, cand. phil. 1864, 1866",,,,M,erhverv »student« 41/41,M,0.0128,0.0041,0.9959,True,M,S2
Reg0118280,"Stephensen, Oddgeir (1812–1885)","Departementschef (Justitsministeriets 2. Departement (for islandske Anliggender)), Etatsraad.",,,,,,M,0.0952,0.0321,0.9679,True,,
Reg0118320,"Steuber, Bianca von (død 1893)",Hofdame hos Prinsesse Anna af Hessen-Kassel.,,,,,,K,0.8906,0.7197,0.7197,True,,
Reg0118420,Stiernman,"fra Norrkoping, Stockholm 30.6.1837.",,,,,,K,0.9111,0.7638,0.7638,True,,
Reg0118440,"Stigaard, Lauritz (1829–1889)","Skuespiller ved Folketeatret, 1866 ved Casino.",,M,fornavn »Lauritz« 6/6,M,fornavn »Lauritz« 6/6,M,0.0059,0.0019,0.9981,True,M,S2
Reg0118470,"Stilling, P. M. (1812–1869)","Filosof, mag. art. (dr.phil.) 1844, Studierejse i Udlandet 1845–1847.",,,,,,M,0.0952,0.0321,0.9679,True,,
Reg0118490,Stine,Tjenestepige hos Frøknerne Ballin 1873.,,,,,,K,0.8457,0.6335,0.6335,True,,
Reg0118530,Stockfleth,München Maj 1834.,,,,,,K,0.8944,0.7276,0.7276,True,,
Reg0118540,Stockfleth,"Pastor, Frijsenborg 15.6.1865 (Navnet misforstået).",,,,,,K,0.9273,0.8009,0.8009,True,,
Reg0118550,"Stockfleth, H. G. E. (død 1859, 33 år gl.)","Premierløjtnant ved 2. Forstærkningsbataillon, 1858 kar. Kaptajn.",,,,M,erhverv »premierløjtnant« 39/39,M,0.0952,0.0321,0.9679,True,M,S2
Reg0118580,Stolberg,"(»en stiv, fornem Grev Stolberg«) (Oldenburg 10.6.1847).",,,,,,K,0.7712,0.5151,0.5151,True,,
Reg0118610,"Stolpe, Hjalmar (1841–1905)","Svensk Etnograf og Arkæolog, senere Museums-intendent og Professor.",svensk,,,,,M,0.0135,0.0043,0.9957,True,M,S3
Reg0118650,Stoppel,"holstensk Proprietær, Ejer af Aastrup, St. Hans S., Vennebjerg Herred, Hjørring Amt.",holstensk,,,,,M,0.0192,0.0061,0.9939,True,M,S3
Reg0118800,"Storch, F. L. (1805–1883)",Maler.,,,,M,erhverv »maler« 78/78,M,0.0311,0.01,0.99,True,M,S2
Reg0118810,"Storch, Giertrudmine (Mine) Claudine (1811–1883)",g.1832 m. F.L.S.,,,,,,K,1.0,1.0,1.0,True,,
Reg0118950,"Strande, Ole Rask (1793–1854)",Købmand i Slagelse.,,M,fornavn »Ole« 4/4,M,fornavn »Ole« 4/4,M,0.003,0.001,0.999,True,M,S2
Reg0118990,"Strauss, Flora","Guvernante, Holsteinborg 1874.",,,,,,K,0.9966,0.9891,0.9891,True,,
Reg0119050,Strenz,"Skuespiller, Linz 1855.",,,,M,erhverv »skuespiller« 80/81,M,0.363,0.1523,0.8477,True,M,S2
Reg0119070,"Stricker, Ezechias Hinrich (1734–1814)","Oberst, 1792 Kommandant på Kronborg, 1801 Generalmajor, Afsked 1809 med Generalløjtnants Karakter.",,,,,,M,0.003,0.001,0.999,True,M,S3
Reg0119100,"Strozzi, Bernardo (1581–1644)",Italiensk Maler.,italiensk,,,M,erhverv »maler« 78/78,M,0.0279,0.009,0.991,True,M,S2
Reg0119130,"Strøm, Vincens (1818–1899)","Adjunkt ved Odense Katedralskole, 1868 Overlærer.",,,,,,M,0.0,0.0,1.0,True,M,S3
Reg0119150,"Stub, Nordmand",Livorno (Dresden 30.6.1841).,,,,,,M,0.079,0.0263,0.9737,True,,
Reg0119160,"Stub, Ambrosius (1705–1758)",Digter.,,,,M,erhverv »digter« 100/101,M,0.0016,0.0005,0.9995,True,M,S2
Reg0119170,"Studsgaard, C. L. (1830–1899)","dr.med., Kirurg, 1875 Overkirurg ved Kommunehospitalet.",,,,,,,0.8814,0.701,0.701,False,,
Reg0119180,Sturck,"Amerikaner, Firenze 3.6.1861.",,,,,,K,0.7982,0.5549,0.5549,True,,
Reg0119220,"Sture, Svante Stensson (1517–1567)","sv. Rigsmarsk, myrdet af Erik XIV.",,,,,,M,0.6495,0.3688,0.6312,True,,
Reg0119230,Sturm,"Professor, Musæet i Nizza 1869.",,,,,,M,0.1464,0.0513,0.9487,True,,
Reg0119240,"Sturm, W.","Tysk Litterat, Berlin Januar 1846.",tysk,,,,,M,0.4251,0.1891,0.8109,True,,
Reg0119250,"Sturzen-Becker, Oskar Patrick (1811–1869)",Svensk Forfatter (Orvar Odd) og Journalist.,svensk,M,fornavn »Oskar« 8/8,M,fornavn »Oskar« 8/8,M,0.003,0.001,0.999,True,M,S2
Reg0119270,Stägemann,"Søstersøn (?) af Ed. og Em. Devrient, Hannover 5.2.1866.",,,,,,K,0.8814,0.701,0.701,True,,
Reg0119300,"Stöver, J. H. (1825–1911)",Hollandsk Billedhugger.,hollandsk,,,,,M,0.0423,0.0137,0.9863,True,M,S3
Reg0119310,Støvlet-Cathrine (Anne Cathrine Benthacken) (1745–1805),"Chr. VII's Mætresse, g. 1° 1770 m. Advokat i övelgönne, senere Toldinspektør i Nysted C.D.R.Maës, 2° 1785 m. Musiker, senere Fiskemester H.H.Schweder.",,,,,,M,0.0423,0.0137,0.9863,True,M,S3
Reg0119330,"Sue, Eugène (1804–1857)",Fransk Romanforfatter.,fransk,,,,,K,0.9021,0.7438,0.7438,True,,
Reg0119350,"Suenson, Edouard (1805–1887)","Orlogskaptajn, 1866 kar. Kontreadmiral, Overlods i østlige Distrikt, 1880 kar. Viceadmiral.",,M,fornavn »Edouard« 3/3,M,fornavn »Edouard« 3/3,M,0.0,0.0,1.0,True,M,S2
Reg0119410,"Suhrn, P. F. (1728–1798)",Historiker.,,,,,,M,0.17,0.0607,0.9393,True,,
Reg0119460,"Suhr, Ole Berendt (1789–1858)","Købmand i Nyborg, Agent.",,M,fornavn »Ole« 4/4,M,fornavn »Ole« 4/4,M,0.0016,0.0005,0.9995,True,M,S2
Reg0119490,"Sundby, Thor (1830–1894)","romansk Filolog, cand. mag. 1864, dr.phil. 1869, 1880 Docent og 1887 Professor i romanske Sprog.",,,,,,M,0.003,0.001,0.999,True,M,S3
Reg0119520,Suvarov,"russisk Prins, Flensborg 28.8.1844.",russisk,,,M,titel »prins« i beskrivelsen,M,0.3331,0.1361,0.8639,True,M,S2
Reg0119540,"Suzor, Jules de","Greve, fransk Publicist og Foredragsholder, Leipzig 23.7.1844.",,,,M,titel »greve« i beskrivelsen,M,0.0048,0.0015,0.9985,True,M,S2
Reg0119550,"Svanbeck, Jonas Gustaf (1792–1872)","fhv. Fanejunker, Gæstgiver i Vadstena 1842–1852.",,,,,,M,0.0041,0.0013,0.9987,True,M,S3
Reg0119590,Svarre,"Skibsfører, Fanø, Lissabon 31.5.1866.",,,,,,M,0.7414,0.4748,0.5252,True,,
Reg0119600,"Svedbom, P. E. (1811–1857)","Rektor for Nya Elementarskolan, Stockholm, derefter Redaktør af »Aftonbladet«.",,,,,,M,0.0618,0.0203,0.9797,True,,
Reg0119640,"Svendsen, J. P. (1848–1906)","Student 1867, cand. med. 1880, 1881–1905 Læge (Kommunelæge) i Herløv.",,,,M,erhverv »student« 41/41,M,0.0269,0.0086,0.9914,True,M,S2
Reg0119660,"Svendsen, Nielsine",Syerske i Skelskør 1871.,,,,,,K,1.0,1.0,1.0,True,,
Reg0119670,Svenson,"Svensk Student, København November 1867.",svensk,,,M,erhverv »student« 41/41,M,0.2239,0.0834,0.9166,True,M,S2
Reg0119680,"Svensson, Sven",Gæstgiver i Kolding 1866.,,,,,,M,0.011,0.0035,0.9965,True,M,S3
Reg0120150,"Swane, Lars (1790–1874)",Varemægler.,,M,fornavn »Lars« 3/3,M,fornavn »Lars« 3/3,M,0.3116,0.1249,0.8751,True,M,S2
Reg0120180,"Swoboda, Václav Alois (1791–1849)","Czekisk digter, gymnasialprofessor.",czekisk,,,M,erhverv »digter« 100/101,M,0.0952,0.0321,0.9679,True,M,S2
Reg0120220,Sylvester II (død 1003),Pave 999.,,,,M,titel »pave« i beskrivelsen,M,0.1733,0.062,0.938,True,M,S2
Reg0120230,"Syr, Horatio","Kunstskøjteløber, Casino Oktober 1868.",,,,,,M,0.2728,0.1058,0.8942,True,,
Reg0120350,Söderberg,"Fører af Dampskibet Vester-gotland, Gota-Kanalen 1849.",,,,,,K,0.841,0.6252,0.6252,True,,
Reg0120360,"Södermark, Olof Johan (1790–1848)",Svensk Maler.,svensk,,,M,erhverv »maler« 78/78,M,0.0164,0.0052,0.9948,True,M,S2
Reg0120380,"Sødring, Christopher Hansen (1822–1881)",Mineralvandsfabrikant.,,,,,,M,0.0876,0.0294,0.9706,True,,
Reg0120520,Søren (Søren Ebbesen?),Slagelse 24.3.1826.,,,,,,K,0.7885,0.5403,0.5403,True,,
Reg0120530,"Sørensen, Møller",Slagelse 18.7.1867.,,,,,,M,0.1581,0.0559,0.9441,True,,
Reg0120550,"Sørensen, C. F. (1818–1879)","Marinemaler, tit. Professor 1869.",,,,,,M,0.0128,0.0041,0.9959,True,M,S3
Reg0120640,"Tacitus, Publius Cornelius (ca. 55–ca. 120)",romersk Historiker.,romersk,,,,,M,0.0,0.0,1.0,True,M,S3
Reg0120680,"Taine, Hippolyte (1828–1893)","Fransk Filosof, Historiker og Litteraturhistoriker.",fransk,,,,,K,0.8528,0.6462,0.6462,True,,
Reg0120720,"Talma, François-Joseph (1763–1826)",Fransk Skuespiller.,fransk,,,M,erhverv »skuespiller« 80/81,M,0.0048,0.0015,0.9985,True,M,S2
Reg0120740,"Tamburini, Antonio (1800–1876)",Italiensk Operasanger.,italiensk,,,,,M,0.3018,0.1199,0.8801,True,,
Reg0120770,"Tang, A. E. M. (1803–1868)","Sønnesøn af Peder T. (1737–1826), Godsejer og Politiker, Besidder af Nørre Vosborg, Landstingsmand 1850–1866, Etatsraad.",,,,,,M,0.0,0.0,1.0,True,M,S3
Reg0120800,"Tang, Jeppe (1828–1904)","Forstander for Blaagaards Seminarium, Folketingsmand 1877–1892, Justitsraad 1898.",,,,,,M,0.0285,0.0092,0.9908,True,M,S3
Reg0120890,"Tarantini, Leopoldo (1812–1882)",Italiensk Digter og Skuespilforfatter.,italiensk,,,M,erhverv »digter« 100/101,M,0.0326,0.0105,0.9895,True,M,S2
Reg0120910,"Tarbé des Sablons, Edmond (1838–1900)","Fransk Journalist og Forfatter, Grundlægger af »Le Gaulois«, Deltager i det franske Journalistbesøg i København August 1867.",fransk,,,,,M,0.0059,0.0019,0.9981,True,M,S3
Reg0120950,"Tartini, Giuseppe (1692–1770)",Italiensk Violinvirtuos og Komponist.,italiensk,,,,,M,0.1966,0.0716,0.9284,True,,
Reg0120960,"Tasso, Torquato (1544–1595)",Italiensk Digter.,italiensk,,,M,erhverv »digter« 100/101,M,0.0192,0.0061,0.9939,True,M,S2
Reg0120990,"Tauber, Erich Giørup (1782–1854)","Direktor for Sorø Akademi 1822–1830, Etatsraad 1831.",,M,fornavn »Erich« 11/11,M,fornavn »Erich« 11/11,M,0.0,0.0,1.0,True,M,S2
Reg0121000,"Tauro, N.",Italiensk Operakomponist og Sanger.,italiensk,,,,,M,0.7414,0.4748,0.5252,True,,
Reg0121030,"Tavera, Ernest Schmit von (1839–1904)",Attaché ved det østrigske Gesandtskab i København 1868 ff.,,,,,,M,0.003,0.001,0.999,True,M,S3
Reg0121040,Taylor,"Engelsk Læge (død af Kolera 1849), Ven af Richard Bentley.",engelsk,,,,,M,0.2023,0.074,0.926,True,,
Reg0121060,"Taylor, Bayard (1825–1878)",Amerikansk Digter og Oversætter.,amerikansk,,,M,erhverv »digter« 100/101,M,0.003,0.001,0.999,True,M,S2
Reg0121100,"Teczyn, Constance",polsk Adelsdame (omkr. 1567).,polsk,,,,,K,0.9724,0.9175,0.9175,True,,
Reg0121110,"Tegnér, Elof (1844–1900)","Sønnesøn af Esaias T., fil.dr. 1865, Bibliotekar ved Kungl. Biblioteket, Stockholm 1870–1883, Overbibliotekar ved Lunds Universitetsbibliotek 1883–1900, Histori",,,,,,M,0.0059,0.0019,0.9981,True,M,S3
Reg0121120,"Tegnér, Esaias (1782–1846)",Svensk Digter og Biskop.,svensk,,,M,titel »biskop« i beskrivelsen; erhverv »digter« 100/101,M,0.0016,0.0005,0.9995,True,M,S2
Reg0121140,"Tegner, Martin Peter Wilhelm (1827–1870)","Styrmand, 1849–1851 Maanedsløjtnant i Søetaten, senere Ejer af Sonnerupgaard.",,M,fornavn »Martin« 3/3,M,fornavn »Martin« 3/3,M,0.0,0.0,1.0,True,M,S2
Reg0121170,"Tellefsen, Thomas (1823–1874)","Norsk Pianist og Komponist, Paris.",norsk,,,,,M,0.121,0.0416,0.9584,True,,
Reg0121250,"Terentius Afer, Publius (død 159 f. Chr.)",romersk Komediedigter.,romersk,,,,,M,0.011,0.0035,0.9965,True,M,S3
Reg0121370,"Tetens, Stephan (1773–1855)","Stiftsprovst i Odense 1811, Biskop i Ribe 1819, over Als-Ærø Stift s.A., Afsked 1847.",,,,M,titel »biskop« i beskrivelsen,M,0.0,0.0,1.0,True,M,S2
Reg0121390,"Thaarup, Christen (1795–1849)","Adjunkt i Helsingør, Litterat.",,,,,,M,0.0016,0.0005,0.9995,True,M,S3
Reg0121400,"Thackeray, W. M. (1811–1863)",Engelsk Romanforfatter.,engelsk,,,,,M,0.3103,0.1242,0.8758,True,,
Reg0121410,"Thalberg, Sigismund (1812–1871)",Tysk Klavervirtuos og Komponist.,tysk,,,,,M,0.0048,0.0015,0.9985,True,M,S3
Reg0121420,"Thaulow, Frits (1847–1906)",Norsk Maler.,norsk,M,fornavn »Frits« 6/6,M,fornavn »Frits« 6/6,M,0.0048,0.0015,0.9985,True,M,S2
Reg0121460,"Thejll, W. C. J. (1824–1878)","Branddirektør, Kammerraad, 1878 Justitsraad.",,,,,,M,0.0644,0.0212,0.9788,True,,
Reg0121470,"Thelen, Jean","1. Bassanger ved Hofteatret i Braunschweig, Gæstespil på Vesterbros Teater i København i Juni 1858.",,,,,,M,0.0213,0.0068,0.9932,True,M,S3
Reg0121480,Themistokles (ca. 525–459 f.Chr.),Attisk Statsmand.,attisk,,,,,M,0.0952,0.0321,0.9679,True,,
Reg0121490,Theoderik I (den Store) (454–526),"østgotisk Konge 475, Konge af Italien 493.",østgotisk,,,M,titel »konge« i beskrivelsen,M,0.3714,0.157,0.843,True,M,S2
Reg0121510,Theokritos (f.ca. 300 f.Chr.),græsk Digter.,græsk,,,M,erhverv »digter« 100/101,M,0.1923,0.0698,0.9302,True,M,S2
Reg0121530,"Theorell, J. P. (1791–1861)","fil.mag., Litterat, Redaktør af »Aftonbladet«.",,,,,,M,0.3495,0.1448,0.8552,True,,
Reg0121580,Thiele,"(»Onkel Thiele«, en af J.M.Thieles tre Brødre: Kontorchef i Finansministeriet, Justitsraad, senere Etatsraad Frederik VilhelmT. (1791–1877), Instrumentmager Fre",,,,,,M,0.0952,0.0321,0.9679,True,,
Reg0121630,"Thiele, Just (1823–1876)",Bogtrykker.,,,,,,M,0.0,0.0,1.0,True,M,S3
Reg0121650,"Thiele, Just Mathias (1795–1874)","Forfatter, Sekretær ved Kunstakademiet, 1835 tillige Inspektør ved Kobberstiksamlingen, 1861 Direktør sst., 1839 Bibliotekar ved Kongens Haandbibliotek, 1828 ti",,,,M,erhverv »forfatter« 96/98,M,0.0,0.0,1.0,True,M,S2
Reg0121680,"Thierry, Edouard (1813–1894)","Fransk Forfatter, Direktør for Théâtre-Français i Paris.",fransk,,,M,erhverv »forfatter« 96/98,M,0.0,0.0,1.0,True,M,S2
Reg0121750,Thomsen,Paris 6.4.1866.,,,,,,K,0.9065,0.7535,0.7535,True,,
Reg0121770,"Thomsen, C. J. (1788–1865)","Museumsdirektør, Arkæolog, Justitsraad 1839, Etatsraad 1845, Konferensraad 1854.",,,,,,M,0.003,0.001,0.999,True,M,S3
Reg0121810,"Thomsen, Grimur (1820–1896)","Magister (dr.phil.) 1845, studerede i London 1847, 1848 ansat i Departementet for udenlandske Sager og Kancellist i Udenrigsministeriets Bureau, 1856 Fuldmægtig",,,,,,M,0.003,0.001,0.999,True,M,S3
Reg0121820,"Thomsen, H. B. (1790–1865)",Kommandør.,,,,,,M,0.105,0.0357,0.9643,True,,
Reg0121880,"Thomson, James (1700–1748)",Engelsk Digter.,engelsk,,,M,erhverv »digter« 100/101,M,0.0383,0.0124,0.9876,True,M,S2
Reg0121980,"Thorenfeld, Anker (1839–1907)","Landskabsmaler, Medlem af Det kgl. Teatera Kor 1869–1884.",,,,,,M,0.003,0.001,0.999,True,M,S3
Reg0122010,"Thorkilsen, Christen (1833–1881)","Galanterihandler, Bogbinder og Forlægger.",,,,,,M,0.0016,0.0005,0.9995,True,M,S3
Reg0122020,"Thornam, A. W. (1813–1880)","Overlæge ved Fodgarden 1848–1872, Skuespilforfatter, tit. Professor 1867.",,,,,,M,0.0288,0.0093,0.9907,True,M,S3
Reg0122080,"Thorsen, P. G. (1811–1883)","Student 1828, 1. Underbibliotekar ved Universitetsbiblioteket, 1848–1880 Bibliotekar, nordisk Filolog.",,,,M,erhverv »student« 41/41,M,0.1277,0.0441,0.9559,True,M,S2
Reg0122090,"Thorvaldsen, Bertel (ca. 1770–1844)",Billedhugger.,,,,,,M,0.0128,0.0041,0.9959,True,M,S3
Reg0122180,Thulstrup,Jernbanepassager Altona-Rendsborg 27.8.1851.,,,,,,M,0.4651,0.2152,0.7848,True,,
Reg0122270,"Thyberg, Tybjerg.",,,,,,,K,0.841,0.6252,0.6252,True,,
Reg0122410,"Tiarini, Alessandro (1577–1668)",Italiensk Maler.,italiensk,,,M,erhverv »maler« 78/78,M,0.0269,0.0086,0.9914,True,M,S2
Reg0122420,"Tiberius, Claudius Nero (42 f. Chr.-37 e. Chr.)",romersk Kejser 14 e. Chr.,romersk,,,M,titel »kejser« i beskrivelsen,M,0.011,0.0035,0.9965,True,M,S2
Reg0122440,"Tichy, Antonio","Commerzien-Rath, preussisk Konsul i Wien 1846.",,,,,,M,0.0423,0.0137,0.9863,True,M,S3
Reg0122450,Tidemann(?),Düsseldorf 1843 (NB! ikke Adolph Tidemand).,,,,,,K,0.9425,0.838,0.838,True,,
Reg0122570,"Tiedge, Christoph August (1752–1841)",Tysk Digter.,tysk,,,M,erhverv »digter« 100/101,M,0.0048,0.0015,0.9985,True,M,S2
Reg0122580,"Tietgen, C. F. (1829–1901)","Direktør for Privatbanken, Etatsraad 1867, Gehejmeetatsraad 1888, Gehejmekonferensraad 1898.",,,,,,M,0.0,0.0,1.0,True,M,S3
Reg0122690,"Timmermann, Oswald Andreas (1798–1857)","Tingskriver i Tyrstrup Herred, Haderslev.",,,,,,M,0.378,0.1608,0.8392,True,,
Reg0122720,"Tintoretto, Jacopo Robusti, kaldet - (1518–1594)",Italiensk Maler.,italiensk,,,M,erhverv »maler« 78/78,M,0.0952,0.0321,0.9679,True,M,S2
Reg0122740,"Tissier, L.","Fransk Guvernante i Sverrig, »vil oversætte mig på Fransk« (17.2.1875).",fransk,,,,,M,0.6613,0.3811,0.6189,True,,
Reg0122760,"Titov, Vladimir Pavlovié (død 1891)","russisk Diplomat og Arkæolog, Chargé d’Aff aires i Konstantinopel i 1841, senere Gesandt i Athen.",russisk,,,,,M,0.003,0.001,0.999,True,M,S3
Reg0122770,"Titus, Flavius Vespasianus (41–81)",romersk Kejser 79.,romersk,,,M,titel »kejser« i beskrivelsen,M,0.011,0.0035,0.9965,True,M,S2
Reg0122780,Tiziano Vecellio (1476/77–1576),Italiensk Maler.,italiensk,,,M,erhverv »maler« 78/78,M,0.0618,0.0203,0.9797,True,M,S2
Reg0122830,Togobowski,Flensborg 8.8.1856.,,,,,,K,0.8247,0.5972,0.5972,True,,
Reg0122840,Tola,Løjtnant i Kongeriget Sardiniens Hær (død 1833).,,,,,,M,0.0423,0.0137,0.9863,True,M,S3
Reg0122850,"Tolderlund, Hother (1820–1880)","Militærlæge, skønlitterær Forfatter (Dr. H.).",,,,,,M,0.0128,0.0041,0.9959,True,M,S3
Reg0122890,"Tollin, Israel (1803–1866)","fil.mag., Huslærer på Skabers jo, senere Sognepræst i Skabersjo Pastorat, Skaane, svensk Digter.",,,,,,M,0.0,0.0,1.0,True,M,S3
Reg0122910,"Topelius, Zacharias (1818–1898)",finlandssvensk Digter.,finlandssvensk,,,M,erhverv »digter« 100/101,M,0.0146,0.0046,0.9954,True,M,S2
Reg0122930,"Topsøe, V. C. S. (1840–1881)","cand. jur. 1865, Medarbejder ved »Dagbladet«, 1872 Redaktør, Forfatter.",,,,M,erhverv »cand« 57/57,M,0.0128,0.0041,0.9959,True,M,S2
Reg0122940,"Torbensen, I.","Menig, 3. Infanteri-Regiment, 6. Kompagni, Nr. 39, Basnæs Juni 1864.",,,,,,K,0.8396,0.6227,0.6227,True,,
Reg0122980,"Tornérhjelm, Rudolf (1814–1885)",Svensk Godsejer og Politiker.,svensk,M,fornavn »Rudolf« 8/8,M,fornavn »Rudolf« 8/8,M,0.0,0.0,1.0,True,M,S2
Reg0123020,"Torregiano, Pedro (1470–1522)",Italiensk Billedhugger.,italiensk,,,,,M,0.0212,0.0068,0.9932,True,M,S3
Reg0123030,"Torsslow, Olof Ulrik (1801–1881)","Svensk Skuespiller, 1837–1841 Direktør for Djurgårdsteatret.",svensk,,,M,erhverv »skuespiller« 80/81,M,0.0016,0.0005,0.9995,True,M,S2
Reg0123060,"Torst, Philip Andreas (1799–1881)","cand. phil., Timelærer i Slagelse, Adjunkt sst. 1834–1843, senere Ekspedient i Kultusministeriet og Kancelliraad.",,M,fornavn »Philip« 5/5,M,fornavn »Philip« 5/5,M,0.0,0.0,1.0,True,M,S2
Reg0123170,"Tousez, Alcide (1806–1850)",Fransk Skuespiller.,fransk,,,M,erhverv »skuespiller« 80/81,K,0.8854,0.709,0.709,True,M,S2
Reg0123190,Toy,"Amerikansk Professor, Montreux 28.8.1860.",amerikansk,,,,,M,0.3199,0.1291,0.8709,True,,
Reg0123200,"Trajanus, Marcus Ulpius (ca. 53–117)",romersk Kejser 98–117.,romersk,,,M,titel »kejser« i beskrivelsen,M,0.0192,0.0061,0.9939,True,M,S2
Reg0123280,"Trap, J. P. (1810–1885)","Student 1828, Kabinetssekretær, topografisk Udgiver, Etatsraad 1851, Gehejmeetatsraad 1859, Gehejmekonferensraad 1881.",,,,M,erhverv »student« 41/41,M,0.0,0.0,1.0,True,M,S2
Reg0123320,"Trautvetter, Arno","Præst for den tyskevangeliske Menighed i Cairo, dr.phil., senere Fiirstl. Schwarzburgischer Generalsuperintendent og Hofpræst.",,,,,,M,0.2023,0.074,0.926,True,,
Reg0123350,"Travers, C. C.",Hollandsk og dansk Generalkonsul i Athen.,hollandsk,,,,,M,0.0269,0.0086,0.9914,True,M,S3
Reg0123390,"Tregder, P. H. (1815–1887)","Rektor for Aalborg Katedralskole 1845, for Sorø Akademis Skole 1863, tit. Professor 1853, klassisk Filolog.",,,,,,M,0.151,0.0531,0.9469,True,,
Reg0123410,"Trémoliéres, Pierre (1703–1739)",Fransk Maler.,fransk,,,M,erhverv »maler« 78/78,M,0.0215,0.0069,0.9931,True,M,S2
Reg0123420,"Trenta, Teresa (f.1670)","Adelsdame i Lucca, senere Nonne (Søster Maria Maddalena) i Klostret Santa Maria Maddalena d’Pazzi, Firenze, Frederik IV's Ungdomskærlighed.",,,,,,K,0.9772,0.9312,0.9312,True,,
Reg0123470,"Trepka, Holten Fiirchtegott (1818–1895)","Sekondløjtnant ved Livregimentet lette Dragoner, Itzehoe (1842: 2. Dragonregiment), Ritmester 1854, 1869 Oberst, 1886 kar. Generalmajor, Kammerherre.",,M,fornavn »Holten« 3/3,M,fornavn »Holten« 3/3,M,0.0016,0.0005,0.9995,True,M,S2
Reg0123510,"Treschow, F. (1786–1869)","Højesteretsadvokat, Godsejer, Gehejmekonferensraad.",,,,,,M,0.003,0.001,0.999,True,M,S3
Reg0123540,"Treschow, M. M. (1814–1888)","cand. jur., Regnskabsfører ved 2. lette Bataillon, 1852–1854 Toldkasserer i Tønder, Kammerjunker.",,,,M,erhverv »cand« 57/57,M,0.0952,0.0321,0.9679,True,M,S2
Reg0123570,Trier,Stockholm 18.9.1865.,,,,,,M,0.7347,0.4662,0.5338,True,,
Reg0123630,"Trier, Isaac Moses (1806–1886)",Læge i Altona 1832–1860.,,,,,,M,0.0402,0.013,0.987,True,M,S3
Reg0123680,Trier & Goldschmidt,Manufakturfirma.,,,,,,K,0.8845,0.7071,0.7071,True,,
Reg0123710,Trochi,"(Strochi?), Søn af Direktøren for Wiener-Operette-Selskabet, Tivoli 1874.",,,,,,K,0.8071,0.5688,0.5688,True,,
Reg0123720,"Troil, Samuel von (1804–1880)","Svensk Politiker, Landshøvding i Malmohus Len 1853–1874.",svensk,M,fornavn »Samuel« 4/4,M,fornavn »Samuel« 4/4,M,0.0,0.0,1.0,True,M,S2
Reg0123760,Trothingham,Amerikansk Forfatter.,amerikansk,,,M,erhverv »forfatter« 96/98,M,0.2526,0.0963,0.9037,True,M,S2
Reg0123800,"Tryde, E. C. (1781–1860)",Stiftsprovst og Sognepræst ved Vor Frue Kirke i København 1838–1857.,,,,,,M,0.0952,0.0321,0.9679,True,,
Reg0123810,"Tscherning, A. F. (1795–1874)","Kaptajn i Artilleriet, 1848 Krigsminister, s.A. Oberst, Politiker.",,,,,,M,0.0,0.0,1.0,True,M,S3
Reg0123860,"Turgenjev, Ivan (1818–1883)",russisk Digter.,russisk,,,M,erhverv »digter« 100/101,M,0.0016,0.0005,0.9995,True,M,S2
Reg0124000,"Tuxen, Mandrup Peder (1818–1891)","cand. theol., Huslærer på Bregentved, 1850 Sognepræst i Tandslet, Als, 1867 i Esbønderup og Nøddebo.",,,,M,erhverv »cand« 57/57,M,0.003,0.001,0.999,True,M,S2
Reg0124080,"Tyrell, J.",Engelsk Kunstsamler.,engelsk,,,,,M,0.1731,0.0619,0.9381,True,,
Reg0124150,"Tønder, Arnold (1844–1930)","Sekondløjtnant, senere Kaptajn i Reserven.",,,,,,M,0.0128,0.0041,0.9959,True,M,S3
Reg0124190,Töpfer,"Tysk Turist, Brunnen 25.6.1873.",tysk,,,,,K,0.812,0.5765,0.5765,True,,
Reg0124220,"Toepffer, Rodolphe (1797–1846)",schweizisk Forfatter.,schweizisk,,,M,erhverv »forfatter« 96/98,M,0.2223,0.0827,0.9173,True,M,S2
Reg0124230,Töppel,"(Töpler?), F. A. Serres Svoger, Maxen Juli 1856.",,,,,,K,0.7885,0.5403,0.5403,True,,
Reg0124290,"Udine, Giovanni da (1487–1564)","Italiensk Maler, Arkitekt og Dekoratør.",italiensk,,,M,erhverv »maler« 78/78,M,0.0618,0.0203,0.9797,True,M,S2
Reg0124320,Uggla,"Greve, Mälardamperen 11.6.1849.",,,,M,titel »greve« i beskrivelsen,M,0.3714,0.157,0.843,True,M,S2
Reg0124360,"Uldall, Fr. (1839–1921)","Brodersøn af G.V.U., Arkitekt i Randers, Arkitekturhistoriker.",,M,fornavn »Fr« 3/3,M,fornavn »Fr« 3/3,M,0.0402,0.013,0.987,True,M,S2
Reg0124470,"Ulmann, Glaudius (1810–?)","Læge i Weimar, senere Medicinalrat.",,,,,,M,0.003,0.001,0.999,True,M,S3
Reg0124480,Ulrich,Rejsende fra Kassel på Vej til Breslau 30.5.1831.,,,,,,K,0.8304,0.6069,0.6069,True,,
Reg0124490,"Ulrich, Ulrichs","Den unge, Berlin December 1845.",,,,,,K,0.8401,0.6236,0.6236,True,,
Reg0124650,"Unsgaard, Andreas (1801–1842)","Kontorchef under Statsgældsdirektoratet, Etatsraad.",,M,fornavn »Andreas« 3/3,M,fornavn »Andreas« 3/3,M,0.003,0.001,0.999,True,M,S2
Reg0124660,"Unsgaard, I. J. (1798–1872)","Stiftamtmand i Odense 1848–1856 og 1860–1869, Indenrigsminister 1856–1859.",,,,,,M,0.0952,0.0321,0.9679,True,,
Reg0124670,"Ursin, A. C. (1829–1849)","Sekondløjtnant i Krigsreserven, 8. Liniebataillon, faldet ved Fredericia 6.7.1849.",,,,,,M,0.0423,0.0137,0.9863,True,M,S3
Reg0124700,"Ussing, C. (1823–1849)","cand. jur., Fuldmægtig under Københavns Magistrat, Sekondløjtnant ved 6. Liniebataillon, faldet ved Fredericia 6.7.1849.",,,,M,erhverv »cand« 57/57,M,0.0,0.0,1.0,True,M,S2
Reg0124710,Uthof,preussisk Konsul i Cadix 1862.,preussisk,,,,,M,0.0267,0.0086,0.9914,True,M,S3
Reg0124730,"Uttenreitter, J. L. (1818–1883)",Byfoged i Hjørring 1857–1870.,,,,,,M,0.1163,0.0398,0.9602,True,,
Reg0124740,"Vaccá Berlinghieri, Andrea (1772–1826)",Italiensk Øjenlæge.,italiensk,,,,,K,0.9911,0.9723,0.9723,True,,
Reg0124750,Vácz,ungarsk Eneboer.,ungarsk,,,,,K,0.8349,0.6145,0.6145,True,,
Reg0124790,"Valdés Leal, Juan de (1622–1691)",Spansk Maler.,spansk,,,M,erhverv »maler« 78/78,M,0.0,0.0,1.0,True,M,S2
Reg0124800,Valentin,Berlin Juli 1834.,,,,,,K,0.9772,0.9312,0.9312,True,,
Reg0124820,Valentin de Boulogne (1594–1632),Fransk Maler.,fransk,,,M,erhverv »maler« 78/78,M,0.0402,0.013,0.987,True,M,S2
Reg0124830,"Valentiner, A. (1803–1868)","Ejer af Gjeddesdal ved Taastrup, landøkonomisk Forfatter, Etatsraad 1860.",,,,,,M,0.0,0.0,1.0,True,M,S3
Reg0124840,Valentini,Bankier i Rom.,,,,,,M,0.0618,0.0203,0.9797,True,,
Reg0124860,"Valkendorf, Christoffer (1525–1601)",Rigshofmester.,,,,,,M,0.121,0.0416,0.9584,True,,
Reg0124870,"Vandamme, Dominique-René (1771–1830)",Fransk General.,fransk,,,,,K,0.9068,0.7541,0.7541,True,,
Reg0124920,"Vasari, Giorgio (1511–1574)","Italiensk Maler, Arkitekt og Kunsthistoriker.",italiensk,,,M,erhverv »maler« 78/78,M,0.003,0.001,0.999,True,M,S2
Reg0124930,"Vauban, Sébastian le Prestre, Marquis de - (1633–1707)","Fransk Marskal, Fæstningsingeniør.",fransk,,,,,M,0.003,0.001,0.999,True,M,S3
Reg0124970,"Vecellio, Lucia","g.m. Gregorio V., Officer i veneziansk Tjeneste, Tizianos Moder.",,,,,,K,0.9478,0.8512,0.8512,True,,
Reg0124980,"Vecellio, Marco (1545–1611)",Italiensk Maler.,italiensk,,,M,erhverv »maler« 78/78,M,0.0164,0.0052,0.9948,True,M,S2
Reg0124990,"Vedel, Anders Sørensen (1542–1616)","Historiker, Saxo-Oversætter.",,M,fornavn »Anders« 3/3,M,fornavn »Anders« 3/3,M,0.0423,0.0137,0.9863,True,M,S2
Reg0125020,"Veit, Philipp (1793–1877)","Tysk Maler, Direktør for det Städelske Institut i Frankfurt a.M.",tysk,M,fornavn »Philipp« 5/5,M,fornavn »Philipp« 5/5,M,0.0,0.0,1.0,True,M,S2
Reg0125050,"Verdi, Giuseppe (1813–1901)",Italiensk Komponist.,italiensk,,,,,M,0.1831,0.066,0.934,True,,
Reg0125060,"Verfasser der Gartons, Pseud. for Karl von Hailbronner (s.d.).",,,,,,,M,0.7098,0.4354,0.5646,True,,
Reg0125070,"Vergilius Maro, P. (70–19 f. Chr.)",romersk Digter.,romersk,,,M,erhverv »digter« 100/101,M,0.1257,0.0434,0.9566,True,M,S2
Reg0125090,"Verhulst, J. J. H. (1816–1891)",Hollandsk Komponist og Dirigent.,hollandsk,,,,,M,0.1823,0.0657,0.9343,True,,
Reg0125120,"Vermehren, F. (1823–1910)","Maler, Professor ved Kunstakademiet 1873–1901.",,,,M,erhverv »maler« 78/78,M,0.003,0.001,0.999,True,M,S2
Reg0125160,"Véron, Pierre (1833–1900)",Redaktør af »Charivari« 1865–1899.,,,,,,M,0.131,0.0454,0.9546,True,,
Reg0125170,"Veronese, Paolo Caliari, kaldet — (1528–1588)",Italiensk Maler.,italiensk,,,M,erhverv »maler« 78/78,M,0.0192,0.0061,0.9939,True,M,S2
Reg0125190,"Verveer, M. L. (1817–1903)","Hoffotograf og Maler, Haag.",,,,,,M,0.0328,0.0106,0.9894,True,M,S3
Reg0125250,"Vezin, Sulpice",Hausvogt på Breitenbürg 1844.,,,,,,K,0.9181,0.7794,0.7794,True,,
Reg0125260,"Viana, Joäo Manuel de Meneses, Conde e Marqués de - (1810–1890)",Lissabon og Cintra.,,,,,,M,0.7506,0.4869,0.5131,True,,
Reg0125290,"Vicentino, Andrea Michieli, kaldet — (ca. 1542–ca. 1617)",Italiensk Maler.,italiensk,,,M,erhverv »maler« 78/78,M,0.463,0.2138,0.7862,True,M,S2
Reg0125310,"Vidal, Manuel Claude",portugisisk Vicekonsul i Helsingør 1824–1840.,portugisisk,,,,,M,0.003,0.001,0.999,True,M,S3
Reg0125320,"Videbeck, C. A. (1836–1889)","Læge, cand. med. 1863, 1885 Stiftsfysikus i Nykøbing Falster.",,,,,,M,0.0757,0.0252,0.9748,True,,
Reg0125330,"Viesseux, G. P. (1779–1863)",Italiensk Forfatter og Tidsskriftsredaktør.,italiensk,,,M,erhverv »forfatter« 96/98,M,0.151,0.0531,0.9469,True,M,S2
Reg0125440,Villanis,"Fransk Konsul, Passager på »Rhamses« 24.4.1841.",fransk,,,,,M,0.1152,0.0395,0.9605,True,,
Reg0125470,Vincent,Købmand i Cadix.,,,,,,M,0.0192,0.0061,0.9939,True,M,S3
Reg0125480,"Vincent, Alexandre (1837–1883)","Restauratør i København, Forpagter af Hotel d’Angleterre fra 1874.",,M,fornavn »Alexandre« 3/3,M,fornavn »Alexandre« 3/3,M,0.0041,0.0013,0.9987,True,M,S2
Reg0125510,Vincenzo,Baadfører i Sorrento 27.5.1846.,,,,,,K,0.8071,0.5688,0.5688,True,,
Reg0125520,Vincenzo,Vinbonde på Ischia (7.6.1846).,,,,,,K,0.8071,0.5688,0.5688,True,,
Reg0125530,Vincenzo,"Værtens Søn i Rom 1846, Via Borgognona 58 (April 1846).",,,,,,K,0.8071,0.5688,0.5688,True,,
Reg0125600,"Vinding, Madam (død 1864)",tidligere Husholderske på Nørager.,,K,fornavn »Madam« 3/3,K,fornavn »Madam« 3/3,K,0.7976,0.5541,0.5541,True,K,S2
Reg0125620,"Visby, C. H. (1801–1871)",Sognepræst i Storehedinge.,,,,M,erhverv »sognepræst« 47/47,M,0.0423,0.0137,0.9863,True,M,S2
Reg0125660,Visconti,Nizza 19.12.1869.,,,,,,K,0.8308,0.6076,0.6076,True,,
Reg0125670,"Vissing, Kristian (1836–1908)",Forlagsboghandler i København 1860–1872.,,M,fornavn »Kristian« 52/52,M,fornavn »Kristian« 52/52,M,0.0,0.0,1.0,True,M,S2
Reg0125700,"Vithusen, David (1808–1872)","Elev i Slagelse Skole, Student 1825, senere Hospitals- og Stadslæge i Aalborg.",,M,fornavn »David« 3/3,M,fornavn »David« 3/3,M,0.0702,0.0233,0.9767,True,M,S2
Reg0125710,Vitzthum von Egersberg,"Friherre, Overhofmarskal, Weimar.",,,,M,titel »friherre« i beskrivelsen,M,0.4682,0.2173,0.7827,True,M,S2
Reg0125740,"Vliet, Jacobus Leunis van der (1814–1851)",Redaktør af »de Tijd« i Haag (Boudewijn).,,,,,,M,0.0146,0.0046,0.9954,True,M,S3
Reg0125750,Vogel,"Professor, »i Familie med Maleren Vogel von Vogelstein«, Wien 3.5.1872.",,,,,,M,0.107,0.0364,0.9636,True,,
Reg0125880,"Vogt, Udine (død 1834)",Plejedatter af Frederik Sigfried V.,,,,,,K,1.0,1.0,1.0,True,,
Reg0125890,"Voigt, Bernhard Friedrich (1781–1859)",Boghandler i Weimar.,,M,fornavn »Bernhard« 3/3,M,fornavn »Bernhard« 3/3,M,0.0,0.0,1.0,True,M,S2
Reg0125920,"Voigt, Laurits Peter (1779–1859)","Købmand i Faaborg, Agent.",,M,fornavn »Laurits« 6/6,M,fornavn »Laurits« 6/6,M,0.0,0.0,1.0,True,M,S2
Reg0125980,"Volkersen, M. W. (død 1875)",Bogtrykker.,,,,,,M,0.0952,0.0321,0.9679,True,,
Reg0126020,"Vollenhoven, Jan Messchert van (1802–1881)",Borgmester i Amsterdam.,,,,,,M,0.0,0.0,1.0,True,M,S3
Reg0126030,"Volpi, Vincenzio (død 1856, 66 år gl.)","Ansat fra 1820 ved Biblioteca Medicea Laurenziana, Firenze.",,,,,,M,0.7389,0.4715,0.5285,True,,
Reg0126040,"Volta, Alessandro (1745–1827)",Italiensk Fysiker.,italiensk,,,,,M,0.6483,0.3676,0.6324,True,,
Reg0126050,"Voltaire, François Marie Arouet de (1694–1778)",Fransk Forfatter.,fransk,M,fornavn »François« 3/3,M,fornavn »François« 3/3,M,0.121,0.0416,0.9584,True,M,S2
Reg0126060,"Vol terra, Daniele da (1509–1566)",Italiensk Maler.,italiensk,,,M,erhverv »maler« 78/78,M,0.2459,0.0932,0.9068,True,M,S2
Reg0126070,"Volterrano, Baldassadore Franceschino, kaldet - (1611–1689)",Italiensk Maler.,italiensk,,,M,erhverv »maler« 78/78,M,0.151,0.0531,0.9469,True,M,S2
Reg0126080,"Voss, C. L. (1801–1871)","Professor, dr. med. & chir., Hoftandlæge.",,,,,,M,0.1819,0.0655,0.9345,True,,
Reg0126100,"Voss, Juan (1842–1883)","Nevø af C.L.V., Tandlæge.",,,,,,M,0.0423,0.0137,0.9863,True,M,S3
Reg0126130,"Vries, Adriaen de (1560–efter 1627)",Hollandsk Billedhugger.,hollandsk,,,,,M,0.0192,0.0061,0.9939,True,M,S3
Reg0126140,"Vrolik, Gerardus (1775–1859)",medicinsk Professor i Amsterdam.,,,,,,M,0.0128,0.0041,0.9959,True,M,S3
Reg0126180,"Waage, G. H. (1793–1842)",Direktor for Sorø Akademi og Skole 1837.,,,,,,M,0.7589,0.4981,0.5019,True,,
Reg0126190,"Waage, Olafur (1834–1909)","cand. theol., senere lic.theol. og Provst.",,,,M,erhverv »cand« 57/57,M,0.0128,0.0041,0.9959,True,M,S2
Reg0126210,"Waagepetersen, Mozart (1813–1885)","Hofvinhandler, Kaptajn ved Livjægerkorpset.",,,,,,M,0.0139,0.0044,0.9956,True,M,S3
Reg0126320,Wagner,"fra Wien, Tigger i Dresden 27.10.1860.",,,,,,K,0.9478,0.8512,0.8512,True,,
Reg0126370,"Wagner, Richard (1813–1883)",Tysk Komponist og Digter.,tysk,,,,,M,0.0,0.0,1.0,True,M,S3
Reg0126400,"Wahlund, Elias",Borgmester i Kristinehamn.,,,,,,M,0.0048,0.0015,0.9985,True,M,S3
Reg0126560,"Walin, Daniel Rudolf (1820–1868)",Svensk Operasanger.,svensk,,,,,M,0.0048,0.0015,0.9985,True,M,S3
Reg0126600,"Wallerstoff, se: Wolffersdorff, Albertine. Wallgren, Otto Henrik (1795–1857)",Svensk Historiemaler.,svensk,,,,,M,0.1966,0.0716,0.9284,True,,
Reg0126750,"Wandel, C. F. (1843–1930)","Løjtnant i Søetaten, senere Viceadmiral.",,,,,,M,0.0289,0.0093,0.9907,True,M,S3
Reg0126840,"Warberg, C.","Fører af Dampskibet Götheborg, Göta Kanal 1849.",,,,,,K,0.8747,0.6876,0.6876,True,,
Reg0126850,"Warberg (Vahrberg), Casten Adolf (1785–1868)","Svensk fhv. Oberstløjtnant, Direktør ved Göta Kanal.",svensk,,,,,M,0.0,0.0,1.0,True,M,S3
Reg0126970,"Warburg, Martin (1789–1877)","fhv. Købmand, Rentier i Altona.",,M,fornavn »Martin« 3/3,M,fornavn »Martin« 3/3,M,0.0016,0.0005,0.9995,True,M,S2
Reg0127010,"Warburg, Samuel (1800–1880)",Købmand i Stockholm.,,M,fornavn »Samuel« 4/4,M,fornavn »Samuel« 4/4,M,0.0,0.0,1.0,True,M,S2
Reg0127060,"Warming, Fred. Rudolph (1851–1913)","Elev i Roskilde Katedralskole, senere Sognepræst, sidst i Jungshoved.",,,,,,M,0.0,0.0,1.0,True,M,S3
Reg0127070,Warnatz,Købmand i Dresden 1831.,,,,,,M,0.0326,0.0105,0.9895,True,M,S3
Reg0127130,"Wartan, Josephi",ungarsk Gejstlig og Astronom (Donau 27.5.1841).,ungarsk,,,,,M,0.7471,0.4822,0.5178,True,,
Reg0127140,"Wartel, Pierre François (1806–1882)",Fransk Operasanger og Sangpædagog.,fransk,,,,,M,0.2207,0.082,0.918,True,,
Reg0127200,Watson,Boghandler i Edinburgh 1847.,,,,,,M,0.0594,0.0195,0.9805,True,M,S3
Reg0127240,— Hans Søster »som er gift nede ved Holbek«.,,,,,,,,0.8071,0.5688,0.5688,False,,
Reg0127260,Watteville,"fra Bern, Turist i Riva 12.5.1872.",,,,,,K,0.9244,0.7941,0.7941,True,,
Reg0127270,"Watzdorf, Bernhard von (1804–1870)","dr. jur., Statsminister i Sachsen-Weimar-Eisenach 1843–1870, Geheimerat.",,M,fornavn »Bernhard« 3/3,M,fornavn »Bernhard« 3/3,M,0.0356,0.0115,0.9885,True,M,S2
Reg0127300,"Weber, C. (død 1897, 79 år gl.)","Malermester, København.",,,,,,M,0.6618,0.3816,0.6184,True,,
Reg0127340,"Weber, J. J. (1803–1880)","Forlagsboghandler i Leipzig, Udgiver af »Illustrirte Zeitung«.",,,,,,M,0.003,0.001,0.999,True,M,S3
Reg0127510,"Wedel, Severin Henrik August (1793–1881)","Generaldecisor under Finansministeriet, Konferensraad.",,,,,,M,0.003,0.001,0.999,True,M,S3
Reg0127740,"Wedén, A. P. (1809–1888)","Maskinmester på Casino, 1853 ved Det kgl. Teater.",,,,,,K,0.8167,0.5841,0.5841,True,,
Reg0127770,"Wegener, C. F. (1802–1893)","Gehejmearkivar, Historiker.",,,,,,M,0.131,0.0454,0.9546,True,,
Reg0127810,"Wegescheider, J.A.L. (1771–1849)","Tysk Theolog, Professor i Halle.",tysk,,,,,M,0.0048,0.0015,0.9985,True,M,S3
Reg0127830,Wegner & Mottu,"Fotografer, Amsterdam.",,,,,,K,0.8304,0.6069,0.6069,True,,
Reg0127900,"Weilbach, Philip (1834–1900)","Kunsthistoriker, Sekretær hos Konsul Bravo og Bibliotekar i Den skandinaviske Forening i Rom 1860–1862, 1883 Sekretær og Bibliotekar ved Kunstakademiet; Kritike",,M,fornavn »Philip« 5/5,M,fornavn »Philip« 5/5,M,0.0014,0.0005,0.9995,True,M,S2
Reg0127960,Weise,"Digter, München 2.8.1855.",,,,M,erhverv »digter« 100/101,M,0.141,0.0492,0.9508,True,M,S2
Reg0128030,Weisweiler,"Bankier (Bauer & Weisweiler), Madrid 1862.",,,,,,M,0.0485,0.0158,0.9842,True,M,S3
Reg0128050,Welhaven,Brodersøn af C.F.W.,,,,,,K,0.8026,0.5618,0.5618,True,,
Reg0128060,"Welhaven, Christopher Frederik (1788–1830)",Lærer ved Odense Fattigskole.,,,,,,M,0.003,0.001,0.999,True,M,S3
Reg0128080,"Welhaven, J. S. (1807–1873)","Norsk Digter, Professor i Filosofi ved Christiania Universitetet.",norsk,,,M,erhverv »digter« 100/101,M,0.0128,0.0041,0.9959,True,M,S2
Reg0128100,"Weller, C. (1838–1900)",Fotograf.,,,,,,M,0.131,0.0454,0.9546,True,,
Reg0128150,"Wendelboe, Søren (1775–1852)",Distriktskirurg og Medicus ved Sorø Akademi.,,M,fornavn »Søren« 4/4,M,fornavn »Søren« 4/4,M,0.3179,0.1281,0.8719,True,M,S2
Reg0128160,"Wendell, Henning (1838–1913)","fil.dr., senere Sognepræst i Björnlunda, Strängnäs Stift.",,,,,,M,0.0048,0.0015,0.9985,True,M,S3
Reg0128170,Wendt,preussisk Officer i tyrkisk Tjeneste 1841.,preussisk,,,,,M,0.0192,0.0061,0.9939,True,M,S3
Reg0128180,"Wennberg, Fredrik Wilhelm (1799–1881)","Svensk Grosserer, dansk Konsul Stockholm.",svensk,,,,,M,0.0,0.0,1.0,True,M,S3
Reg0128190,"Wennerberg, Gunnar (1817–1901)","Svensk Digter og Komponist, Docent i Uppsala i Æstetik, senere Kirkeminister og Landshøvding i Växio.",svensk,,,M,erhverv »digter« 100/101,M,0.0,0.0,1.0,True,M,S2
Reg0128200,"Wensioe, Thure (1801–1865)","Sognepræst i Mariestad 1848–1856, fil.dr., 1856 Sognepræst ved S. Klara Kirke i Stockholm.",,,,M,erhverv »sognepræst« 47/47,M,0.0979,0.0331,0.9669,True,M,S2
Reg0128210,Wenzel den Hellige (død 936),Hertug af Bøhmen.,,,,M,titel »hertug« i beskrivelsen,M,0.3714,0.157,0.843,True,M,S2
Reg0128220,"Werff, Adriaen van der (1659–1721)",Hollandsk Maler.,hollandsk,,,M,erhverv »maler« 78/78,M,0.0192,0.0061,0.9939,True,M,S2
Reg0128240,"Werlauff, E. C. (1781–1871)","Professor i Historie ved Københavns Universitet 1828, Overbibliotekar ved Det kgl. Bibliotek 1823–1861, Historiker.",,,,,,M,0.0146,0.0046,0.9954,True,M,S3
Reg0128290,"Werner, Nathalie (død 1866)",Tante til Clara Heinke.,,K,fornavn »Nathalie« 6/6,K,fornavn »Nathalie« 6/6,K,1.0,1.0,1.0,True,K,S2
Reg0128320,Wesley,London 25.6.1857.,,,,,,M,0.7492,0.485,0.515,True,,
Reg0128350,"Wessely, Abraham (1800–1875)","Dispachør, Landstingsmand.",,,,,,M,0.0041,0.0013,0.9987,True,M,S3
Reg0128420,"Westengaard, Lauritz Christian Ditlev (1795–1853)",Sognepræst 1830 ved St. Hans Kirke i Odense.,,M,fornavn »Lauritz« 6/6,M,fornavn »Lauritz« 6/6,M,0.0016,0.0005,0.9995,True,M,S2
Reg0128460,"Westergaard, N. L. (1815–1878)","Professor i indisk-orientalsk Filologi, Etatsraad 1869.",,,,,,M,0.0128,0.0041,0.9959,True,M,S3
Reg0128540,"Westermann, W. (død 1861)",Billetkasserer ved Det kgl. Teater.,,,,,,K,0.8814,0.701,0.701,True,,
Reg0128560,Westphal fra ltzehoe,"(enten Obergerichtsadvokat Eggert W. eller Konsul, Købmand og Tobaksfabrikant Herman W.).",,,,,,M,0.0014,0.0005,0.9995,True,M,S3
Reg0128580,"Westrup, J. M. H. C. (1851–1922)","Assistent, senere Fuldmægtig, bor 1874 Nyhavn 18.",,,,,,M,0.0419,0.0136,0.9864,True,M,S3
Reg0128590,"Westrup, J. S. (1833–1901)","Premierløjtnant i Artilleriet, Asked med Kaptajns Karakter 1875, militærpolitisk Forfatter.",,,,M,erhverv »premierløjtnant« 39/39,M,0.0128,0.0041,0.9959,True,M,S2
Reg0128600,"Wettering, Joh. Karl Ludwig von der",Kirchspielvogt in der Crempes Marsch.,,,,,,M,0.4102,0.1798,0.8202,True,,
Reg0128640,"Weyse, C. E. F. (1774–1842)",Komponist.,,,,,,M,0.2688,0.1038,0.8962,True,,
Reg0128660,"Wibe, Møller","Østfyn, 1.8.1850.",,,,,,M,0.131,0.0454,0.9546,True,,
Reg0128780,"Wiedemann, L. (1824–1893)","Forlagsboghandler i Leipzig 1855–1869, H.C. Andersens Forlægger.",,,,,,M,0.0279,0.009,0.991,True,M,S3
Reg0128940,Wieland,"Den unge, Weimar 1857.",,,,,,K,0.8569,0.6537,0.6537,True,,
Reg0128950,"Wieland, Christoph Martin (1733–1813)",Tysk Digter.,tysk,,,M,erhverv »digter« 100/101,M,0.003,0.001,0.999,True,M,S2
Reg0128970,"Wienbarg, Ludolf Christian (1802–1872)",Tidsskriftsudgiver i Hamburg.,,,,,,M,0.0213,0.0068,0.9932,True,M,S3
Reg0129020,"Wignacourt, Alofio de (død 1622)",Malteserriddernes Stormester 1601–1622.,,,,,,M,0.5209,0.2553,0.7447,True,,
Reg0129050,"Wijk, Olof d.Æ. (1786–1856)","Skibsreder i Göteborg, Kommerceraad, Politiker.",,,,,,M,0.0289,0.0093,0.9907,True,M,S3
Reg0129060,"Wilckens, G.F. (1808–1877)","Thorvaldsens Kammertjener, Kustode ved Thorvaldsens Museum.",,,,,,M,0.3331,0.1361,0.8639,True,,
Reg0129160,Wilke,"fra Berlin, tysk Rejsende, Napoli Marts 1841.",,,,,,K,0.9482,0.8523,0.8523,True,,
Reg0129180,"Wilkens, Gl. (1844–1929)","cand. mag. i Filosofi 1869, Professor 1897, Filosof, Sociolog og Æstetiker.",,,,M,erhverv »cand« 57/57,M,0.0181,0.0058,0.9942,True,M,S2
Reg0129200,"Willemoes, Fr. Chr. (1812–1890)","Herredsfoged i Ning Herred, Aarhus, Etatsraad, 1885 Kammerherre.",,M,fornavn »Fr« 3/3,M,fornavn »Fr« 3/3,M,0.003,0.001,0.999,True,M,S2
Reg0129260,"Willemoes-Suhm, Martin (1787–1865)","fhv. Oberstløjtnant i Kavalleriet, 1843 Land- og Søkrigskommissær i 2det slesvig-holstenske Distrikt.",,M,fornavn »Martin« 3/3,M,fornavn »Martin« 3/3,M,0.003,0.001,0.999,True,M,S2
Reg0129290,Williams & Norgate,"Boghandlerfirma i Govent Garden, London 1847.",,,,,,M,0.6964,0.4197,0.5803,True,,
Reg0129330,Wilmerding,Købmand i Braunschweig 1831.,,,,,,M,0.0192,0.0061,0.9939,True,M,S3
Reg0129340,"Wilnau, Philip Salomon (1806–1879)","Købmand i Nyborg, senere Kommunalrevisor i Roskilde.",,M,fornavn »Philip« 5/5,M,fornavn »Philip« 5/5,M,0.003,0.001,0.999,True,M,S2
Reg0129350,Wilson,"Engelsk Familie, Amiens 16.-17.7.1857.",engelsk,,,,,K,0.8089,0.5717,0.5717,True,,
Reg0129470,"Winckelmann, J. J. (1717–1768)",Tysk Kunsthistoriker.,tysk,,,,,M,0.1843,0.0665,0.9335,True,,
Reg0129500,"Winding, Andreas Frederik (1785–1868)",Sognepræst i Himmelev.,,M,fornavn »Andreas« 3/3,M,fornavn »Andreas« 3/3,M,0.003,0.001,0.999,True,M,S2
Reg0129570,"Winkel Horn, Fr. (1845–1898)","cand. mag. i nordisk Oldtidsvidenskab, Anmelder ved »Fædrelandet«, Litteraturhistoriker.",,M,fornavn »Fr« 3/3,M,fornavn »Fr« 3/3,M,0.0757,0.0252,0.9748,True,M,S2
Reg0129620,Winsløw,to Sønner af Ferd. S.W.,,,,,,K,0.9354,0.8203,0.8203,True,,
Reg0129640,"Winsløw, Ferd. S.","Direktør for den skandinaviske Bank i Chicago, efter Bankens Fallit 1872 Indehaver af en Østersforretning i Virginia, derefter ansat i et Regeringskontor i Wash",,,,,,M,0.0192,0.0061,0.9939,True,M,S3
Reg0129700,"Winther, Geert (1813–1905)","dr.phil., Folketingsmand.",,,,,,M,0.0014,0.0005,0.9995,True,M,S3
Reg0129830,With,Eller Hvidt?.,,,,,,K,0.8664,0.6715,0.6715,True,,
Reg0129850,Witte,"ung Herre fra Lübeck, Rhinen 6.5.1833.",,,,,,K,0.9186,0.7806,0.7806,True,,
Reg0129890,Wittnick,Lissabon 15.7.1866.,,,,,,K,0.7885,0.5403,0.5403,True,,
Reg0129940,"Witzleben, Gerhard August von (1808–1880)",preussisk Generalløjtnant.,preussisk,,,,,M,0.003,0.001,0.999,True,M,S3
Reg0129950,"Witzleben, Leopold von (1789–1862)","kejserlig russisk Ritmester og storhertugelig sachsisk Kammerherre, Weimar 1846.",,M,fornavn »Leopold« 5/5,M,fornavn »Leopold« 5/5,M,0.011,0.0035,0.9965,True,M,S2
Reg0129980,"Wium, H. V. (1840–1906)",Landskabsmaler.,,,,,,M,0.0952,0.0321,0.9679,True,,
Reg0130000,"Woldsen, J. N. (1794–1872)",Dansk Generalkonsul i Amsterdam.,dansk,,,,,M,0.0932,0.0314,0.9686,True,,
Reg0130050,"Wolff, Abraham (1801–1891)","Overrabbiner og Præst ved det mosaiske Trossamfund i København, tit. Professor 1871.",,,,,,M,0.003,0.001,0.999,True,M,S3
Reg0130060,"Wolff, Benjamin (1790–1866)","Besidder af Engelholm, Justitsraad, 1865 Etatsraad.",,,,,,M,0.0,0.0,1.0,True,M,S3
Reg0130150,"Wolff, Oskar Ludwig Bernhard (1799–1851)","Professor i Jena i Skønlitteratur og nyere Sprog, Oversætter og Improvisator.",,M,fornavn »Oskar« 8/8,M,fornavn »Oskar« 8/8,M,0.003,0.001,0.999,True,M,S2
Reg0130160,"Wolffersdorff, Albertine von (død 1864)","Stiftsdame i Joachimstein, Veninde af Fru Serre.",,K,fornavn »Albertine« 4/4,K,fornavn »Albertine« 4/4,K,1.0,1.0,1.0,True,K,S2
Reg0130180,"Wolfhagen, F. (1818–1894)","cand. jur., 1846 Volontær og 1848 Kancellist i det slesvig-holstenske Kancelli, 1851 Amtmand over Flensborg Amt, 1856–1859 og 1860–1863 Minister for Hertugdømme",,,,M,erhverv »cand« 57/57,M,0.003,0.001,0.999,True,M,S2
Reg0130230,"Wollheim da Fonseca, A. E. (1810–1884)","Tysk Litterat, Diplomat og Teatermand.",tysk,,,,,M,0.0128,0.0041,0.9959,True,M,S3
Reg0130260,"Wolsey, Thomas (1474–1530)","Engelsk Kardinal, Lordkansler.",engelsk,,,M,titel »kardinal« i beskrivelsen,M,0.4071,0.178,0.822,True,M,S2
Reg0130300,"Wood, Bradford R. (1800–1889)","Amerikansk Diplomat, 1861–1865 Minister i København.",amerikansk,,,,,M,0.0258,0.0083,0.9917,True,M,S3
Reg0130310,"Worch, Gottfried (1810–1881)","Tysk Folkedigter, Skrædermester i Berlin.",tysk,,,,,M,0.0811,0.0271,0.9729,True,,
Reg0130350,"Worsaae, J. J. A. (1821–1885)","Arkæolog, 1847 Inspektør for De antikvariske Mindesmærkers Bevaring, 1858 Inspektør (1866 Direktør) for Rosenborgsamlingen, 1866 Direktør for det oldnordiske og",,,,,,M,0.0,0.0,1.0,True,M,S3
Reg0130450,"Wrisberg, Gerhard (1816–1896)","Premierløjtnant i Søetaten, 1850 Fører af Dampskibet Slesvig, senere Viceadmiral.",,,,M,erhverv »premierløjtnant« 39/39,M,0.0014,0.0005,0.9995,True,M,S2
Reg0130670,Wunderlich,Bankier i Málaga 1862.,,,,,,M,0.0155,0.0049,0.9951,True,M,S3
Reg0130760,Wærness,Norsk Logerende hos Frk. Hallager 1872.,norsk,,,,,K,0.9128,0.7674,0.7674,True,,
Reg0130780,"Wørishøffer, J. A. P. F. (1804–1892)","Oberst i Infanteriet, 1864 Generalmajor, 1874 Generalløjtnant.",,,,,,M,0.0618,0.0203,0.9797,True,,
Reg0130790,Xenophon (ca. 430–ca. 355 f.Chr.),græsk Historiker.,græsk,,,,,M,0.2459,0.0932,0.9068,True,,
Reg0130800,Xerxes (død 465 f.Chr.),Konge i Persien 485–65.,,,,M,titel »konge« i beskrivelsen,M,0.3714,0.157,0.843,True,M,S2
Reg0130910,Z,"(uidentificeret), Slagelse 1825–1826.",,,,,,K,0.7941,0.5487,0.5487,True,,
Reg0130940,"Zachariae, James (1818–1888)",Karantænelæge i Kbh.,,M,fornavn »James« 3/3,M,fornavn »James« 3/3,M,0.3455,0.1427,0.8573,True,M,S2
Reg0130990,"Zahrtmann, G. C. (1793–1853)","Kommandørkaptajn, Adjudant hos Kong Christian VIII, Marineminister 1848–1850, Kommandør 1849, Kontreadmiral 1851, Viceadmiral 1852.",,,,,,M,0.121,0.0416,0.9584,True,,
Reg0131020,"Zahrtmann, Kristian (1843–1917)","Brodersøn af C.G.Z., Elev i Sorø Akademis Skole, Student 1862, Maler.",,M,fornavn »Kristian« 52/52,M,fornavn »Kristian« 52/52,M,0.0,0.0,1.0,True,M,S2
Reg0131080,Zamora,"(ingen Person, men et spansk Infanteri-Linieregiment, der passerede Odense på Vej til Nyborg i August 1808).",,,,,,K,0.8071,0.5688,0.5688,True,,
Reg0131090,Zamora,Boghandler i Granada 1862.,,,,,,M,0.0192,0.0061,0.9939,True,M,S3
Reg0131150,"Zeggelen, J. W. van (1811–1879)",Hollandsk Digter.,hollandsk,,,M,erhverv »digter« 100/101,M,0.0874,0.0293,0.9707,True,M,S2
Reg0131200,Zemlen (Zelmen),"Napoli 1846, J.A. Josephsons Rejsefælle.",,,,,,K,0.7986,0.5556,0.5556,True,,
Reg0131210,"Zeno, Giambattista (død 1501)",Kardinal i Venezia.,,,,M,titel »kardinal« i beskrivelsen,K,1.0,1.0,1.0,True,M,S2
Reg0131220,"Zeniobia, Septimia Augusta","Dronning af Palmyra 267–72, død i Tibur som romersk Krigsfange.",,,,K,titel »dronning« i beskrivelsen,K,0.9849,0.9535,0.9535,True,K,S2
Reg0131260,"Zeuthen, F. L. B. (1805–1874)","Magister (o: dr.phil.), 1835 Sognepræst i Grimstrup og Aarre, 1842 i Tømmerup, 1849 i Sorø, 1860 ved Michaelis K. i Fredericia og Erritsø.",,,,,,M,0.121,0.0416,0.9584,True,,
Reg0131340,"Ziegler, Margarete (død 1531)","g.m. Hans Luther, Reformatorens Moder.",,,,,,K,0.9911,0.9723,0.9723,True,,
Reg0131350,Zilli,"Indisk ung Pige, Tharandt Juli 1844.",indisk,,,,,K,0.919,0.7815,0.7815,True,,
Reg0131360,Zimmermann,"Poet, Tigger (September 1869).",,,,,,K,0.9211,0.7864,0.7864,True,,
Reg0131370,Zimmermann,"Russisk Diligencepassager, Partenkirchen 3.12.1840.",russisk,,,,,K,0.9078,0.7564,0.7564,True,,
Reg0131380,Zimmermann,"Professor, Berlin 1834.",,,,,,M,0.3199,0.1291,0.8709,True,,
Reg0131400,"Zimmermann, Clemens von (1788–1869)","Tysk Historiemaler, Raderer og Litograf.",tysk,M,fornavn »Clemens« 4/4,M,fornavn »Clemens« 4/4,M,0.0,0.0,1.0,True,M,S2
Reg0131580,"Zobel de Zangroniz, Jacobo (1842–1896)",Spansk Arkæolog og Numismatiker.,spansk,,,,,M,0.131,0.0454,0.9546,True,,
Reg0131610,"Zulsade, Juan",Granada 1862.,,,,,,M,0.0179,0.0057,0.9943,True,M,S3
Reg0131620,Zürker,Læge i Nizza 1870.,,,,,,M,0.131,0.0454,0.9546,True,,
Reg0131700,"Zöllner, von, Hauptmann (død 8.6.1856)",Ven af Serres.,,,,,,M,0.7536,0.491,0.509,True,,
Reg0131730,Æsop (Aisopos),"Græsk Fabeldigter, 6. årh. f. Chr.",græsk,,,,,K,0.8814,0.701,0.701,True,,
Reg0131750,"Ödman, Samuel (1750–1829)","Svensk Theolog, Naturforsker og Komponist, 1799 Professor i Theologi ved Uppsala Universitetet.",svensk,M,fornavn »Samuel« 4/4,M,fornavn »Samuel« 4/4,M,0.0,0.0,1.0,True,M,S2
Reg0131850,"Örbom, Nils Gustaf (1803–1870)","1ste Stadslæge i Mariestad, Læge ved Lenscellefængslet.",,M,fornavn »Nils« 4/4,M,fornavn »Nils« 4/4,M,0.0048,0.0015,0.9985,True,M,S2
Reg0131870,"Ørsted, Anders Sandøe (1778–1860)","Retslærd, Politiker.",,M,fornavn »Anders« 3/3,M,fornavn »Anders« 3/3,M,0.0135,0.0043,0.9957,True,M,S2
Reg0132090,"Österberg, J. E.",Gæstgiver i Uppsala.,,,,,,M,0.0423,0.0137,0.9863,True,M,S3
Reg0132110,"Østergaard, Christen Christensen (1804–1883)","Tidligere Missionær i Upernavik, Student 1828, 1841 Sognepræst i Sønder Felding-Assing, 1850–1877 i Husby og Sønder Nissum.",,,,,,M,0.0016,0.0005,0.9995,True,M,S3
Reg0132260,"Østrig, Stephan, Erkehertug af – (1817–1867)",Civilguvernør i Böhmen.,,,,,,M,0.0128,0.0041,0.9959,True,M,S3
