collin_surname,collin_given_names,collin_birth_year,collin_death_year,match_tier,match_count,match_reg_ids,match_labels
Aagesen,Andreas,1826,1879,exact,1,Reg0030070,"Aagesen, Andreas (1826–1879)"
Aagesen,Nicolai,1783,1861,surname_year_mismatch,1,Reg0030070,"Aagesen, Andreas (1826–1879)"
Aall,Jørgen,1806,1894,exact,1,Reg0030080,"Aall, Jørgen (1806–1894)"
Aman,Johan August,1790,1853,exact,1,Reg0030100,"Aman, Johan August (1790–1853)"
Abildgaard,P. C.,1740,1801,none,0,,
Abrahamson,Joseph,1789,1847,exact,1,Reg0030320,"Abrahamson, Joseph (1789–1847)"
Adler,"Anna Marie, f. Høyer",1786,1857,surname_only,3,Reg0030510;Reg0030520;Reg0030530,"Adler, se også: Lente-Adeler. | Adler | Adler"
Adler,D. B.,1826,1878,exact,1,Reg0030540,"Adler, D. B. (1826–1878)"
Adler,J. G.,1784,1852,exact,1,Reg0030580,"Adler, Johan Gunder (1784–1852)"
Ahlefeldt-Laurvigen,"Frederik, Greve",1834,1888,exact,1,Reg0030950,"Ahlefeldt-Laurvigen, Frederik, Greve (1834–1888)"
Albeck,N. C.,1816,1878,surname_year_mismatch,3,Reg0031130;Reg0031140;Reg0031150,"Albeck, Carl (1830–1905) | Albeck, Hans (1832–1918) | Albeck, Jacobine, f. Holm (1839–1887)"
Albers,Moritz Karl August,1798,1868,exact,1,Reg0031170,"Albers, Moritz Karl August (1798–1868)"
Albrecht,Theodor,1822,1871,exact,1,Reg0031230,"Albrecht, Theodor (1822–1871)"
Aldridge,Ira,1805,1867,surname_only,2,Reg0031260;Reg0031270,"Aldridge, Mrs. | Aldridge, Ira (ca. 1805–67)"
Algreen-Ussing,Frederik,1838,1869,exact,1,Reg0031350,"Algreen-Ussing, Frederik (1838–1869)"
Allen,C. F.,1811,1871,exact,1,Reg0031400,"Allen, C. F. (1811–1871)"
Altmann,Julius,1814,1873,exact,1,Reg0031540,"Altmann, Julius (1814–1873)"
Amberger,Gustav,1831,1896,exact,1,Reg0031570,"Amberger, Gustav Adolph (1831–1896)"
Ancker,C.,1828,1857,surname_year_mismatch,1,Reg0031750,"Ancker, Anders (1801–1854)"
Anderssen,Adolf,1818,1879,exact,1,Reg0032100,"Anderssen, Adolf (1818–1879)"
Andræ,C. G.,1812,1893,exact,1,Reg0032190,"Andræ, C. G. (1812–1893)"
Anholm,"Joachime, f. Oppermann",1812,1886,exact,1,Reg0032350,"Anholm, Joachime, f. Oppermann (1812–1886)"
Anker,Cecilie,1836,1919,exact,1,Reg0032420,"Anker, Cecilie (1836–1919)"
Anker,Johan,1838,1876,ambiguous,2,Reg0032430;Reg0032450,"Anker, Charlotte Amalie, f. Wolff (1838–1919) | Anker, Johan (1838–1876)"
Arendrup,Chr. R.,1803,1871,surname_year_mismatch,2,Reg0032660;Reg0032670,"Arendrup, Christian (1837–1913) | Arendrup, Emil (1838–1871)"
Arendrup,Emil,1838,1871,exact,1,Reg0032670,"Arendrup, Emil (1838–1871)"
Arnesen,A. L.,1808,1860,exact,1,Reg0032910,"Arnesen, A. L. (1808–1860)"
Assen,Cornelis Jacobus van,1788,1859,exact,1,Reg0033100,"Assen, Gornelis Jacobus van (1788–1859)"
Auerbach,Berthold,1812,1882,exact,1,Reg0033220,"Auerbach, Berthold (1812–1882)"
Aufdermauer,Xaver,1822,1904,none,0,,
Augustenborg,"Caroline Amalia, Prinsesse af —",1826,1901,exact,1,Reg0033370,"Augustenborg, Caroline Amalia, Prinsesse af Slesvig-Holsten-Sønderborg- (1826–1901)"
Augustenborg,"Christian, Prins af—",1831,1917,exact,1,Reg0033380,"Augustenborg, Christian, Prins af Slesvig-Holsten-Sønderborg- (1831–1917)"
Augustenborg,"Christian August, Hertug af —",1798,1869,exact,1,Reg0033390,"Augustenborg, Christian August, Hertug af Slesvig-Holsten-Sønderborg- (1798–1869)"
Augustenborg,"Frederik, Prins af —",1829,1880,exact,1,Reg0033400,"Augustenborg, Frederik, Prins af Slesvig-Holsten-Sønderborg- (1829–1880)"
Augustenborg,"Louise Augusta, Prinsesse af —",1824,1872,exact,1,Reg0033440,"Augustenborg, Louise Augusta, Prinsesse af Slesvig-Holsten-Sønderborg- (1824–1872)"
Backman,Karl Johan,1825,1874,none,0,,
Baden,Jacob,1735,1804,surname_year_mismatch,4,Reg0033680;Reg0033690;Reg0033700;Reg0033710,"Baden, Friedrich (I), Prins af – (1826–1907) | Baden, Friedrich (II), Arvestorhertug af – (1857–1928) | Baden, Leopold, Storhertug af – (1790–1852) | Baden, Luise, Storhertuginde af –, f. Prinsesse af Preussen (1838–1923)"
Bagger,Carl,1807,1846,exact,1,Reg0033780,"Bagger, Carl (1807–1846)"
Bagger,Louise,1847,1910,surname_only,3,Reg0033800;Reg0033810;Reg0033820,"Bagger, Louis | Bagger, Peter (død 1888, 77 år gl.) | Bagger, Thora, f. Fiedler, Enke efter Carl B., se: Borum, Thora."
Baggesen,August,1795,1865,exact,1,Reg0033830,"Baggesen, August (1795–1865)"
Baggesen,Carl,1793,1873,exact,1,Reg0033850,"Baggesen, Carl (1793–1873)"
Baggesen,Jens,1764,1826,exact,1,Reg0033870,"Baggesen, Jens (1764–1826)"
Saas,"g. 1860 m. Samuel B. IV, 8. V, 373. Baker, Sir Samuel White",1821,1893,none,0,,
Ballin,Caroline,1838,1901,exact,1,Reg0034150,"Ballin, Caroline (1838–1901)"
Balling,"Helene, f. Næboe",1799,1893,exact,1,Reg0034190,"Balling, Helene, f. Næboe (1799–1893)"
Bang,"Caroline, f. Giersing",1789,1864,surname_only,5,Reg0034240;Reg0034250;Reg0034260;Reg0034270;Reg0034310,"Bang, se også: Hofman-Bang. | Bang, Frøken | Bang | Bang, de, Frøken | Bang, Chr. Asmus (død 1888, 62 år gl.)"
Bang,Claus Chr.,1778,1855,exact,1,Reg0034320,"Bang, Claus Chr. (1778–1855)"
Bang,Emma,1811,1882,exact,1,Reg0034330,"Bang, Emma (1811–1882)"
Bang,F. S.,1810,1889,ambiguous,2,Reg0034350;Reg0034400,"Bang, F. S. (1810–1889) | Bang, Johanne Caroline, f. Michelsen (1810–1886)"
Bang,Hjalmar,1807,1833,surname_only,5,Reg0034240;Reg0034250;Reg0034260;Reg0034270;Reg0034310,"Bang, se også: Hofman-Bang. | Bang, Frøken | Bang | Bang, de, Frøken | Bang, Chr. Asmus (død 1888, 62 år gl.)"
Bang,Ida,1813,1891,exact,1,Reg0034380,"Bang, Ida (1813–1891)"
Bang,"Sophie Marie, f. Dahlerup",1801,1878,exact,1,Reg0034440,"Bang, Sophie Marie, f. Dahlerup (1801–1878)"
Bardua,Caroline,1781,1864,exact,1,Reg0034740,"Bardua, Caroline (1781–1864)"
Barfod,Frederik,1811,1896,exact,1,Reg0034760,"Barfod, Frederik (1811–1896)"
Barham,Richard Harris,1788,1845,none,0,,
Barries,"Læge i Wien II, 75. Bartholin, Frederik",1829,1901,none,0,,
Bartholin,Johanne,1819,1900,exact,1,Reg0034970,"Bartholin, Johanne (Hanne) (1819–1900)"
Baumann,Alexander,1814,1857,exact,1,Reg0035190,"Baumann, Alexander (1814–1857)"
Baur,Johannes,1795,1865,exact,1,Reg0035220,"Baur, Johannes (1795–1865)"
Bay,Rudolph,1791,1856,exact,1,Reg0035250,"Bay, Rudolph (1791–1856)"
Bayer-Bürck,"Marie, f. Bayer",1820,1910,exact,1,Reg0035300,"Bayer (-Bürck), Marie (1820–1910)"
Bayern,"Ludwig I, Konge af—",1786,1868,exact,1,Reg0035340,"Bayern, Ludwig I, Konge af – (1786–1868)"
Bayern,"Ludwig II, Konge af —",1845,1886,exact,1,Reg0035350,"Bayern, Ludwig (II), Kronprins af – (1845–1886)"
Bayern,"Maria Hedewig, Dronning af —, f. Prinsesse af Preussen",1825,1889,exact,1,Reg0035360,"Bayern, Maria Hedewig, Dronning af f. Prinsesse af Preussen (1825–1889)"
Bayern,"Maximilian I, Konge af—",1756,1825,exact,1,Reg0035370,"Bayern, Maximilian I, Konge af – (1756–1825)"
Bayern,"Maximilian II, Konge af —",1811,1864,exact,1,Reg0035380,"Bayern, Maximilian (Max) (II), Kronprins af – (1811–1864)"
Beaulieu-Marconnay,"Anna v., Friherreinde, f. v. Fritsch",1835,1916,exact,1,Reg0035470,"Beaulieu-Marconnay, Anna von, Friherreinde, f. Friherreinde von Fritsch (1835–1916)"
Beaulieu-Marconnay,"Carl Olivier v., Fri­ herre",1811,1889,exact,1,Reg0035480,"Beaulieu-Marconnay, Carl Olivier von, Friherre (1811–1889)"
Beaulieu-Marconnay,"Flavie v., Friherreinde",1851,1925,exact,1,Reg0035520,"Beaulieu-Marconnay, Flavie von, Friherreinde (1851–1925)"
Beaulieu-Marconnay,"Leo v., Friherre",1848,1923,exact,1,Reg0035560,"Beaulieu-Marconnay, Leo von, Friherre (1848–1923)"
Beaulieu-Marconnay,"Ottilie v., Friherreinde, f. v. Staff gen. v. Reitzenstein",1825,1857,exact,1,Reg0035570,"Beaulieu-Marconnay, Ottilie von, Friherreinde, f. von Staff gen. von Reitzenstein (1825–1857)"
Beaulieu-Marconnay,"Wilhelm Ernst v., Fri­ herre",1786,1859,exact,1,Reg0035580,"Beaulieu-Marconnay, Wilhelm Ernst von, Friherre (1786–1859)"
Bech,"Charlotte Amalie, f. Stricker",1793,1880,exact,1,Reg0035630,"Bech, Charlotte Amalie, f. Stricker (1793–1880)"
Bech,"Marie Amalie, f. Callisen",1788,1878,exact,1,Reg0035660,"Bech, Marie Amalie, f. Callisen (1788–1878)"
Beck,"Claudia, f. Jensen",1816,1887,exact,1,Reg0035730,"Beck, Claudia, f. Jensen (1816–1887)"
Beck,Hans Vilh.,1812,1874,exact,1,Reg0035750,"Beck, Hans Vilhelm (1812–1874)"
Becker,Carl Fr.,1784,1858,surname_only,3,Reg0035790;Reg0035800;Reg0035820,"Becker, se også: Becher, Bekker. | Becker, Agnes (død 1913) | Becker, Julius (1803 eller 1804–1848)"
Becker,Karl Friedrich,1777,1806,exact,1,Reg0035830,"Becker, Karl Friedrich (1777–1806)"
Becker,Nikolaus,1809,1845,exact,1,Reg0035840,"Becker, Nikolaus (1809–1845)"
Beethoven,Ludwig van,1770,1827,exact,1,Reg0035920,"Beethoven, Ludwig van (1770–1827)"
Bell,"Currer, se Bronte, Charlotte. Bellini, Vincenzo",1801,1835,surname_only,1,Reg0036150,"Bell, Currer, se: Bronte, Charlotte."
Bender,F.,1847,1891,exact,1,Reg0036290,"Bender, F. (1847–1891)"
Benedict,Julius,1804,1885,exact,1,Reg0036420,"Benedict, Julius (1804–1885)"
Bentley,George,1828,1895,exact,1,Reg0036600,"Bentley, George (1828–1895)"
Bentsen,Bernt,1791,1862,none,0,,
Bentzen,Peter,1785,1866,exact,1,Reg0036730,"Bentzen, Peter (1785–1866)"
Bentzien,V. B.,1800,1857,none,0,,
Benzon,Hartvig,1816,1875,ambiguous,2,Reg0036800;Reg0036810,"Benzon, Christian Albrecht (1816–1849) | Benzon, Hartvig (1816–1875)"
Béranger,Pierre Jean de,1780,1857,exact,1,Reg0036850,"Béranger, Pierre-Jean de (1780–1857)"
Berg,Christiane,1851,1912,exact,1,Reg0036920,"Berg, Christiane (1851–1912)"
Berg,Hans Johan Fredrik,1813,1874,exact,1,Reg0036930,"Berg, Hans Johan Fredrik (1813–1874)"
Berg,Jens Frederik,1807,1847,exact,1,Reg0036970,"Berg, Jens Frederik (1807–1847)"
Bergman,Joh. Wilh.,1796,1871,exact,1,Reg0037030,"Bergman, Joh. Wilhelm (1796–1871)"
Bergsøe,Vilhelm,1835,1911,exact,1,Reg0037100,"Bergsøe, Vilhelm (1835–1911)"
Berner,"Amalia, f. Bügel",1804,1842,exact,1,Reg0037230,"Berner, Amalia, f. Bügel (1804–1842)"
Berner,Gottlob,1823,1914,exact,1,Reg0037270,"Berner, Gottlob (1823–1914)"
Bertouch,"E. R., Baron",1808,1869,exact,1,Reg0037560,"Bertouch, Emst von, Baron (1808–1869)"
Beskow,"Bernhard v., Friherre",1796,1868,exact,1,Reg0037700,"Beskow, Bernhard von, Friherre (1796–1868)"
Beulwitz,August v.,1784,1871,exact,1,Reg0037770,"Beulwitz, August von (1784–1851)"
Beust,"Cécile v., Grevinde, f. Friherreinde v. Gersdorff",1821,1872,exact,1,Reg0037800,"Beust, Cécile von, Grevinde, f. Friherreinde von Gersdorff (1821–1872)"
Beust,"Friedrich v., Greve",1813,1889,exact,1,Reg0037810,"Beust, Friedrich von, Greve (1813–1889)"
Beutner,Fanny,1827,1879,exact,1,Reg0037820,"Beutner, Fanny (1827–1879)"
Beutner,"Nanna, f. Drewsen",1807,1881,exact,1,Reg0037830,"Beutner, Nanna, f. Drewsen (1807–1881)"
Drewsen,"g. m. S. N. B. IV, 160. V, 261, 418, 428. Beutner, S. N.",1794,1880,surname_only,3,Reg0053350;Reg0053410;Reg0053620,"Drewsen, Aage (1855–ca. 1919) | Drewsen, Elisa, f. Hallady (død 1907) | Drewsen, Paul (1866–1907(?))"
Bielke,Rudolph,1810,1855,exact,1,Reg0037950,"Bielke, Rudolph (1810–1855)"
Bille,C. St. A.,1828,1898,exact,1,Reg0038130,"Bille, C. St. A. (1828–1898)"
Bille,Christian,1799,1853,ambiguous,2,Reg0038150;Reg0038180,"Bille, Christian (1799–1853) | Bille, Holger Adolf (1799–1866)"
Bille,Frantz,1832,1918,exact,1,Reg0038170,"Bille, Frantz (1832–1918)"
Bille,"Ida Marie, f. Komtesse Bille-Brahe",1822,1902,exact,1,Reg0038190,"Bille, Ida Marie, f. Komtesse Bille-Brahe (1822–1902)"
Bille,"Louise, f. Ipsen",1841,1926,exact,1,Reg0038220,"Bille, Louise, f. Ipsen (1841–1926)"
Bille-Brahe,"Camilla Sophie, Baronesse, f. af Harmens",1829,1890,exact,1,Reg0038280,"Bille-Brahe, Camilla Sofia, Baronesse, f. af Harmens (1829–1890)"
Bille-Brahe,"Frants Preben, Baron",1824,1882,exact,1,Reg0038350,"Bille-Brahe, Preben, Baron (1824–1882)"
Bindesbøll,Gottlieb,1800,1856,exact,1,Reg0038410,"Bindesbøll, Gottlieb (1800–1856)"
Bindesbøll,Jakob Hornemann,1789,1852,surname_year_mismatch,6,Reg0038400;Reg0038410;Reg0038420;Reg0038430;Reg0038440;Reg0038450,"Bindesbøll, Anna Caroline, f. Løwensøn (1813–1899) | Bindesbøll, Gottlieb (1800–1856) | Bindesbøll, Johan Henrik (1819–1866) | Bindesbøll, Severin (1798–1871) | Bindesbøll, Sophie Amalie, f. Friis (1793–1871) | Bindesbøll, Thorvald (1846–1908)"
Bindesbøll,Johan Henrik,1819,1866,exact,1,Reg0038420,"Bindesbøll, Johan Henrik (1819–1866)"
Bindesbøll,Severin,1798,1871,exact,1,Reg0038430,"Bindesbøll, Severin (1798–1871)"
Bindesbøll,"Sophie Amalie, f. Friis",1793,1871,exact,1,Reg0038440,"Bindesbøll, Sophie Amalie, f. Friis (1793–1871)"
Bing,M. H.,1807,1883,exact,1,Reg0038520,"Bing, Meyer Herman (1807–1883)"
Birch-Pfeiffer,"Charlotte, f. Pfeiffer",1800,1868,exact,1,Reg0038640,"Birch-Pfeiffer, Charlotte, f. Pfeiffer (1800–1868)"
Birckner,M. G.,1756,1798,exact,1,Reg0038660,"Birckner, Michael Gottlieb (1756–1798)"
Birkedal,Vilhelm,1809,1892,exact,1,Reg0038720,"Birkedal, Vilhelm (1809–1892)"
Bismarck,Otto v.,1815,1898,exact,1,Reg0038730,"Bismarck, Otto von, Fyrste (1815–1898)"
Bissen,H. V.,1798,1868,exact,1,Reg0038790,"Bissen, H. V. (1798–1868)"
Bissen,Vilhelm,1836,1913,exact,1,Reg0038810,"Bissen, Vilhelm (1836–1913)"
Bjerring,Anna,1832,1902,exact,1,Reg0038910,"Bjerring, Anna (1832–1902)"
Bjerring,"Mariane, f. Bøggild",1798,1882,exact,1,Reg0038940,"Bjerring, Mariane, f. Bøggild (1798–1882)"
Bjerring,Niels Chr.,1804,1870,surname_only,1,Reg0038920,"Bjerring, Elisa, f. de Livio (død 1892)"
Bjorck,Ernst,1838,1868,exact,1,Reg0038960,"Björck, Ernst Daniel (1838–1868)"
Bjørnson,Bjørnstjerne,1832,1910,exact,1,Reg0039030,"Bjørnson, Bjørnstjeme (1832–1910)"
Bjørnson,Peder,1797,1871,surname_year_mismatch,6,Reg0039020;Reg0039030;Reg0039040;Reg0039050;Reg0039060;Reg0039070,"Bjørnson, Bjørn (1859–1942) | Bjørnson, Bjørnstjeme (1832–1910) | Bjørnson, Caroline, f. Reimers (1835–1934) | Bjørnson, Einar (1864–1942) | Bjørnson, Inger Elise, f. Nordraak (1808–1897) | Bjørnson, Peder (1799–1871)"
Blanvalet,H.,1811,1870,exact,1,Reg0039180,"Blanvalet, Henri (1811–1870)"
Blessington,"Marguerite, Lady, f. Power",1789,1849,exact,1,Reg0039230,"Blessington, Marguerite, Lady, f. Power (1789–1849)"
Blicher,Steen,1782,1848,exact,1,Reg0039250,"Blicher, Steen Steensen (1782–1848)"
Bloch,"Alma, f. Trepka",1845,1886,ambiguous,2,Reg0039370;Reg0039520,"Bloch, Alma, f. Trepka (1845–1886) | Bloch, William (1845–1926)"
Bloch,Carl,1834,1890,exact,1,Reg0039390,"Bloch, Carl (1834–1890)"
Bloch,William,1845,1926,ambiguous,2,Reg0039370;Reg0039520,"Bloch, Alma, f. Trepka (1845–1886) | Bloch, William (1845–1926)"
Blom,Harald Stoltenberg,1820,1913,exact,1,Reg0039600,"Blom, Harald Stoltenberg (1820–1913)"
Blom,Julius,1815,1900,exact,1,Reg0039610,"Blom, Julius (1815–1900)"
Blunck,D. C.,1798,1854,exact,1,Reg0039730,"Blunck, D. C. (1798–1854)"
Blücher,Frederik Emanuel v.,1806,1871,exact,1,Reg0039740,"Blücher, Frederik Emanuel von (1806–1871)"
Biædel,"Henriette, f. Dons",1814,1879,exact,1,Reg0039770,"Biædel, Henriette, f. Dons (1814–1879)"
Biædel,Nicolai Gottlieb,1816,1879,surname_year_mismatch,1,Reg0039770,"Biædel, Henriette, f. Dons (1814–1879)"
Bocage,Manoel Barbosa du,1766,1805,none,0,,
Bodenhausen,"F. v., Autografsamler i Berlin III, 14. Bojesen, E. F. C.",1803,1864,none,0,,
Bojesen,"Maria, f. Weiss",1807,1898,exact,1,Reg0040160,"Bojesen, Maria, f. Weise (1807–1898)"
Bonivard,Franz v.,1496,1570,exact,1,Reg0040320,"Bonivard, Franz von (1496–1570)"
Bonnay,"Catherine de, Marquise, f. O’Neill",1789,1879,exact,1,Reg0040330,"Bonnay, Cathérine de, Marquise, f. O’ Neill (1789–1879)"
Bonnay,"Charles-François de, Marquis",1750,1825,surname_only,1,Reg0040340,"Bonnay, Erneste"
Bonnier,Albert,1820,1900,exact,1,Reg0040390,"Bonnier, Albert (1820–1900)"
Borgaard,Carl,1799,1868,exact,1,Reg0040500,"Borgaard, Carl (1799–1868)"
Bornemann,Ferd. Wilh. Ludw.,1798,1864,exact,1,Reg0040590,"Bornemann, Fred. Wilh. Ludw. (1798–1864)"
Bourbon,Marie Antoinette de,1829,,surname_only,1,Reg0040910,"Bourbon, Marie Antoinette de (1829–?)"
Bournonville,August,1805,1879,exact,1,Reg0040930,"Bournonville, August (1805–1879)"
Bournonville,Augusta,1831,1906,exact,1,Reg0040940,"Bournonville, Augusta (1831–1906)"
Bournonville,Charlotte,1832,1911,exact,1,Reg0040960,"Bournonville, Charlotte (1832–1911)"
Bournonville,"Helene Frederikke, f. Håkans- son",1809,1895,exact,1,Reg0040990,"Bournonville, Helene, f. Håkansson (1809–1895)"
Bournonville,Vilhelmine,1833,1908,exact,1,Reg0041010,"Bournonville, Vilhelmine (1833–1908)"
Boye,Adolph Johannes,1825,1892,ambiguous,2,Reg0041040;Reg0041070,"Boye, Adolph Johannes (1825–1892) | Boye, Carl (1825–1892)"
Boye,Adolph Jonas,1823,1891,exact,1,Reg0041050,"Boye, Adolph Jonas (1823–1891)"
Boye,Caspar Johannes,1791,1853,exact,1,Reg0041080,"Boye, Caspar Johannes (1791–1853)"
Boye,Fr. Chr.,1815,1842,exact,1,Reg0041110,"Boye, Frederik Christian (1815–1842)"
Boye,Gottlieb,1819,1845,surname_only,2,Reg0041020;Reg0041190,"Boye, se også: Böie. | Boye, Peter Vilhelm (død 1842)"
Boye,"Maria, f. Birckner",1796,1880,ambiguous,2,Reg0041160;Reg0041170,"Boye, Maria, f. Birckner (1796–1880) | Boye, Mathias A. (1796–1872)"
Boye,Mathias A.,1796,1872,ambiguous,2,Reg0041160;Reg0041170,"Boye, Maria, f. Birckner (1796–1880) | Boye, Mathias A. (1796–1872)"
Boye,Sigismund,1835,1881,exact,1,Reg0041100,"Boye, Emilie Franzisca, f. Kiinitzer (1835–1916)"
Boye,"Sophie, f. West",1840,1895,exact,1,Reg0041200,"Boye, Sophie, f. West (1840–1895)"
Boye,Theodor,1821,1871,ambiguous,2,Reg0041130;Reg0041230,"Boye, Henriette (Jette) Sophie Dorothea (1821–1895) | Boye, Theodor (1821–1871)"
Boye,Vilhelm,1837,1896,exact,1,Reg0041240,"Boye, Vilhelm (1837–1896)"
N,"369,384, 387, 409. VI, 18. Bramsen, Georgine Nicoline",1811,1890,none,0,,
Bramsen,Lorents,1808,1880,exact,1,Reg0041440,"Bramsen, Lorentz (1808–1880)"
Bramsen,Vilhelmine,1813,1897,exact,1,Reg0041470,"Bramsen, Vilhelmine (1813–1897)"
Brandt,Andreas Heggelund,1846,1913,exact,1,Reg0041650,"Brandt, Andreas Heggelund (1846–1913)"
Brandt,Andreas Ludvig,1820,1882,ambiguous,2,Reg0041660;Reg0041700,"Brandt, Andreas Ludvig (1820–1882) | Brandt, Camilla Augusta, f. Bodenhoff (1820–1895)"
Brandt,C. J.,1817,1889,surname_only,7,Reg0041610;Reg0041620;Reg0041630;Reg0041690;Reg0041730;Reg0041760;Reg0041770,"Brandt | Brandt | Brandt | Brandt, C. (død 1895, 79 år gl.) | Brandt, Frederik Christian (død 1839) | Brandt, Nancy Mathilde | Brandt, Rasmine Johanne"
Brandt,Georg,1830,1889,exact,1,Reg0041750,"Brandt, Georg (1830–1889)"
Brandt,"Petronella Deborah, f. van Eeghen",1822,1897,exact,1,Reg0041710,"Brandt, Deborah Petronella, f. van Eeghen (1822–1897)"
Bravo,Johan,1797,1876,exact,1,Reg0041990,"Bravo, Johan (1797–1876)"
Bredahl,Christian,1784,1860,exact,1,Reg0042010,"Bredahl, Christian (1784–1860)"
Bredal,Ivar,1800,1864,exact,1,Reg0042040,"Bredal, Ivar Fr. (1800–1864)"
Bredsdorff,Christian Hornemann,1802,1848,surname_year_mismatch,5,Reg0042080;Reg0042090;Reg0042100;Reg0042110;Reg0042120,"Bredsdorff, Chr. (1836–1892) | Bredsdorff, Hanne (1840–1906) | Bredsdorff, Jacob Hornemann (1790–1841) | Bredsdorff, Petrine, f. Møller (1801–1859) | Bredsdorff, Ulrikke Palline Wilhelmine (1799–1883)"
Bredsdorff,Christian Johan,1765,1853,surname_year_mismatch,5,Reg0042080;Reg0042090;Reg0042100;Reg0042110;Reg0042120,"Bredsdorff, Chr. (1836–1892) | Bredsdorff, Hanne (1840–1906) | Bredsdorff, Jacob Hornemann (1790–1841) | Bredsdorff, Petrine, f. Møller (1801–1859) | Bredsdorff, Ulrikke Palline Wilhelmine (1799–1883)"
Bredsdorff,Eline,1806,1888,surname_year_mismatch,5,Reg0042080;Reg0042090;Reg0042100;Reg0042110;Reg0042120,"Bredsdorff, Chr. (1836–1892) | Bredsdorff, Hanne (1840–1906) | Bredsdorff, Jacob Hornemann (1790–1841) | Bredsdorff, Petrine, f. Møller (1801–1859) | Bredsdorff, Ulrikke Palline Wilhelmine (1799–1883)"
Bredsdorff,Jacob Hornemann,1790,1841,exact,1,Reg0042100,"Bredsdorff, Jacob Hornemann (1790–1841)"
Bredsdorff,Morten Thomsen,1757,1841,surname_year_mismatch,5,Reg0042080;Reg0042090;Reg0042100;Reg0042110;Reg0042120,"Bredsdorff, Chr. (1836–1892) | Bredsdorff, Hanne (1840–1906) | Bredsdorff, Jacob Hornemann (1790–1841) | Bredsdorff, Petrine, f. Møller (1801–1859) | Bredsdorff, Ulrikke Palline Wilhelmine (1799–1883)"
Bredsdorff,"Petrine Jacobine, f. Møller",1801,1859,exact,1,Reg0042110,"Bredsdorff, Petrine, f. Møller (1801–1859)"
Bredsdorff,"Ulrikke Antoinette, f. Schlegel",1766,1850,surname_year_mismatch,5,Reg0042080;Reg0042090;Reg0042100;Reg0042110;Reg0042120,"Bredsdorff, Chr. (1836–1892) | Bredsdorff, Hanne (1840–1906) | Bredsdorff, Jacob Hornemann (1790–1841) | Bredsdorff, Petrine, f. Møller (1801–1859) | Bredsdorff, Ulrikke Palline Wilhelmine (1799–1883)"
Bredsdorff,Ulrikke Palline Wilhelmine,1799,1883,exact,1,Reg0042120,"Bredsdorff, Ulrikke Palline Wilhelmine (1799–1883)"
Bregendahl,L. N.,1811,1872,exact,1,Reg0042130,"Bregendahl, L. N. (1811–1872)"
Bremer,Fredrika,1801,1865,exact,1,Reg0042200,"Bremer, Fredrika (1801–1865)"
Brenner,"Emma, f. Kron",1823,1875,exact,1,Reg0042220,"Brenner, Emma, f. Kron (1823–1875)"
Brenner,Johann Carl,1814,1883,exact,1,Reg0042240,"Brenner, Johann Carl (1814–1883)"
Bretton,"Emil v., Baron",1830,1890,surname_year_mismatch,4,Reg0042310;Reg0042320;Reg0042330;Reg0042340,"Bretton, Astley Paston Cooper, Baron (1829–1869) | Bretton, Florence, Baronesse (1851–1926) | Bretton, Gertrud Elisabeth de, Baronesse, f. Lilienskiold (1808–1890) | Bretton, Louise, Baronesse, f. Kjerulff (1827–1902)"
Brix,Harald,1841,1881,surname_only,2,Reg0042560;Reg0042570,"Brix, Frederiksholm, Sjælland (Sengeløse S.?) | Brix, Frue"
Broberg,C. A.,1846,1917,surname_only,2,Reg0042610;Reg0042630,"Broberg | Broberg, Chr. & Søn"
Brockdorff,Ferdinand Schack,1814,1881,exact,1,Reg0042700,"Brockdorff, Ferdinand Schack (1814–1881)"
Brockdorff,Frants Biilow Schack,1816,1906,surname_only,3,Reg0042660;Reg0042670;Reg0042680,"Brockdorff, se også: Juel-Brockdorff. | Brockdorff | Brockdorff, Frøknerne"
Brockdorff,"Ulrich, Baron",1806,1875,surname_only,3,Reg0042660;Reg0042670;Reg0042680,"Brockdorff, se også: Juel-Brockdorff. | Brockdorff | Brockdorff, Frøknerne"
Brockenhuus,"Frederik, Greve",1758,1846,exact,1,Reg0042750,"Brockenhuus, Frederik (1758–1846)"
Brockenhuus-Schack,"Knud, Greve",1823,1892,exact,1,Reg0042820,"Brockenhuus-Schack, Knud, Greve (1823–1892)"
Brockhaus,Friedrich,1800,1865,exact,1,Reg0042850,"Brockhaus, Friedrich (1800–1865)"
Brockhaus,Heinrich,1804,1874,exact,1,Reg0042870,"Brockhaus, Heinrich (1804–1874)"
Brockhaus,"Pauline, f. Campe",1808,1886,exact,1,Reg0042920,"Brockhaus, Pauline, f. Campe (1808–1886)"
Brockhausen,"Adolf v., Friherre",1801,1858,exact,1,Reg0042930,"Brockhausen, Adolf von, Friherre (1801–1858)"
Bronté,Charlotte,1816,1855,exact,1,Reg0043070,"Bronte, Charlotte (1816–1855)"
Brorson,H. A.,1694,1764,none,0,,
Brosbøll,Carl,1816,1900,exact,1,Reg0043130,"Brosbøll, Carl (Carit Etlar) (1816–1900)"
Brun,Carl Friderich Balthasar,1784,1869,exact,1,Reg0043290,"Brun, Carl Friderich (1784–1869)"
Brun,M. W.,1819,1891,exact,1,Reg0043380,"Brun, M. W. (1819–1891)"
Bruun,August,1817,1887,surname_only,7,Reg0043520;Reg0043530;Reg0043540;Reg0043550;Reg0043640;Reg0043660;Reg0043760,"Bruun | Bruun | Bruun | Bruun | Bruun, Frederik Christian (død 1870, 73 år gl.) | Bruun, G. L. (død 1892, 65 år gl.) | Bruun, Mary"
Bruun,Camillo,1818,1880,exact,1,Reg0043590,"Bruun, Gamillo (1818–1880)"
Bruun,"Hanne, f. Plum",1798,1878,exact,1,Reg0043680,"Bruun, Hanne Antonie Jacobine Christiane, f. Plum (1798–1878)"
Bruun,Hans Brøchner,1793,1863,exact,1,Reg0043690,"Bruun, Hans Brøchner (1793–1863)"
Bræstrup,Cosmus,1789,1870,exact,1,Reg0043880,"Bræstrup, Cosmus (1789–1870)"
Buchheister,H.,1825,1906,exact,1,Reg0044070,"Buchheister, H. (1825–1906)"
Buchwaldt,"Johanne v., f. Colbiørnsen",1791,1848,none,0,,
Buli,Ole,1810,1880,exact,1,Reg0044310,"Buli, Søren Christian Ørsted (1810–1893)"
Bunkeflod,Anna Margrethe,1759,1849,exact,1,Reg0044340,"Bunkeflod, Anna Margrethe (1759–1849)"
Buntzen,Andreas,1811,1880,exact,1,Reg0044380,"Buntzen, Andreas (1811–1880)"
Buntzen,Heinrich,1803,1892,exact,1,Reg0044430,"Buntzen, Heinrich (1803–1892)"
Burdett-Coutts,Angela Georgina,1814,1907,none,0,,
Burns,Robert,1759,1796,surname_only,1,Reg0044500,"Burns, Cleland"
Butenschøn,"Emma, f. Bang",1811,1882,exact,1,Reg0044570,"Butenschön, Emma, f. Bang (1811–1882)"
Butenschøn,N. P.,1808,1879,exact,1,Reg0044590,"Butenschön, N. P. (1808–1879)"
Bügel,"Catharina, f. Adzer",1767,1845,exact,1,Reg0044620,"Bügel, Catharina, f. Adzer (1767–1845)"
Bülow,"Augusta v., f. Baronesse Güldencrone",1772,1852,surname_only,3,Reg0044640;Reg0044650;Reg0044780,"Bülow | Bülow, Frue | Bülow, Sophie Wilhelmine, f. Hasle (1819–?)"
Bülow,Franz,1818,1900,exact,1,Reg0044680,"Bülow, Franz (1818–1900)"
Bülow,"Frederikke, f. Riegels",1825,1911,exact,1,Reg0044710,"Bülow, Frederikke (Friede), f. Riegels (1825–1911)"
Bülow,Margrethe v.,1809,1845,surname_only,3,Reg0044640;Reg0044650;Reg0044780,"Bülow | Bülow, Frue | Bülow, Sophie Wilhelmine, f. Hasle (1819–?)"
Bürde-Ney,Jenny,1826,1886,exact,1,Reg0044830,"Bürde-Ney, Jenny (1826–1886)"
Bürger,"Elise, f. Hahn",1769,1833,surname_year_mismatch,1,Reg0044840,"Bürger, G. A. (1747–1794)"
Bürger,G. A.,1747,1794,exact,1,Reg0044840,"Bürger, G. A. (1747–1794)"
Byron,"George Gordon, Lord",1788,1824,exact,1,Reg0044850,"Byron, George Gordon, Lord (1788–1824)"
Byström,Constantino,1813,,surname_year_mismatch,1,Reg0044890,"Byström, J. N. (1783–1848)"
Bäckman,W. O. A.,1824,1911,none,0,,
Bærentzen,Em.,1799,1868,none,0,,
Bødtcher,Ludvig,1793,1874,exact,1,Reg0044970,"Bødtcher, Ludvig (1793–1874)"
Bøgh,Frederik,1836,1882,ambiguous,2,Reg0045040;Reg0045060,"Bøgh, Elisabeth (Elisa), f. Plum (1836–1910) | Bøgh, Frederik (1836–1882)"
Böttger,Adolf,1815,1870,exact,1,Reg0045150,"Böttger, Adolf (1815–1870)"
Bøving,Poul Jacob,1799,1885,none,0,,
Cambridge,"Adolphus Frederick, Hertug af —",1774,1850,exact,1,Reg0045420,"Cambridge, Adolphus Frederick, Hertug af – (1774–1850)"
Cambridge,"Augusta, Hertuginde af —, f. Landgrevinde af Hessen-Kassel",1797,1889,exact,1,Reg0045430,"Cambridge, Augusta, Hertuginde af –, f. Prinsesse af Hessen-Kassel (1797–1889)"
Camöes,Luiz Vaz de,1525,1580,surname_year_mismatch,1,Reg0045450,"Camöes, Luis Vaz de (1524–1580)"
Campe,Friedrich,1777,1846,exact,1,Reg0045470,"Campe, Friedrich (1777–1846)"
Canova,Antonio,1757,1822,exact,1,Reg0045560,"Canova, Antonio (1757–1822)"
Teater,"senere i Tivoli III, 67. V, 287. Carstensen, Carl",1837,1922,none,0,,
Carstensen,"Fanny Elizabeth, f. Webb",1824,1846,surname_only,3,Reg0045970;Reg0045990;Reg0046000,"Carstensen, Eduard | Carstensen, Fanny Elizabeth, f. Webb (ca. 1824–46) | Carstensen, Fr. Mylford (død 1873)"
Carstensen,Georg,1812,1857,exact,1,Reg0046010,"Carstensen, Georg (1812–1857)"
Casse,A. L.,1803,1886,exact,1,Reg0046160,"Casse, A. L. (1803–1886)"
Castelli,I. F.,1781,1862,exact,1,Reg0046220,"Castelli, Ignaz Franz (1781–1862)"
Castenschiold,Carl,1837,1919,exact,1,Reg0046270,"Castenschiold, Carl (1837–1919)"
Castenschiold,"Else Marie, f. Olsen",1805,1888,ambiguous,2,Reg0046230;Reg0046310,"Castenschiold, Adolph Frederik Holten (1805–1865) | Castenschiold, Else Marie, f. Olsen (1805–1888)"
Castenschiold,Frederikke,1831,1920,exact,1,Reg0046320,"Castenschiold, Frederikke (1831–1920)"
Castenskiold,Helmuth Grevenkop-,1838,1913,exact,1,Reg0046500,"Castenskiold, Helmuth Grevenkop- (1838–1913)"
Castenschiold,Henrik,1834,1867,exact,1,Reg0046330,"Castenschiold, Henrik Holten (1834–1867)"
Castenskiold,Jørgen Grevenkop-,1804,1874,exact,1,Reg0046520,"Castenskiold, Jørgen Grevenkop- (1804–1874)"
Castenschiold,"Lucie, f. Scavenius",1844,1920,exact,1,Reg0046400,"Castenschiold, Lucie, f. Scavenius (1844–1920)"
Castenskiold,Melchior Grevenkop-,1807,1878,exact,1,Reg0046540,"Castenskiold, Melchior Grevenkop- (1807–1878)"
Castilho,Antonio Feliciano de,1800,1875,exact,1,Reg0046620,"Castilho, Antonio Feliciano de (1800–1875)"
Castlereagh,"Fr. William Rob. Stuart, Vis­ count",1805,1872,exact,1,Reg0046680,"Castlereagh, Frederick William Robert Stewart, Viscount (1805–1872)"
Cavour,Camillo di,1810,1861,exact,1,Reg0046830,"Cavour, Camillo di, Greve (1810–1861)"
Cazalis,"Emilie Clara, f. Tutein",1800,1854,exact,1,Reg0046850,"Cazalis, Clara, f. Tutein (1800–1854)"
Cazalis,William,1803,1878,exact,1,Reg0046870,"Cazalis, William (1803–1878)"
Cerillo,"Gabrielle, f. Knudsen",1804,1884,surname_only,1,Reg0046970,"Cerillo, Pasquale (død ca. 1858)"
Cetti,G. B.,1794,1858,exact,1,Reg0047010,"Cetti, Giovanni Battista (1794–1858)"
Chamisso,Adalbert v.,1781,1838,exact,1,Reg0047060,"Chamisso, Adelbert von (1781–1838)"
Cherubini,Luigi,1760,1842,exact,1,Reg0047280,"Cherubini, Luigi (1760–1842)"
Christensen,C. F.,1805,1883,exact,1,Reg0047490,"Christensen, C. F. (1805–1883)"
Christensen,Christen,1806,1845,ambiguous,2,Reg0047510;Reg0047620,"Christensen, Christen (1806–1845) | Christensen, Sophie Dorothea, f. Byrholdt (1806–1870)"
Christensen,Harald,1823,1892,exact,1,Reg0047560,"Christensen, Harald (1823–1892)"
Christiani,Rudolf,1797,1858,exact,1,Reg0047710,"Christiani, Rudolf (1797–1858)"
Christiansen,Eduard,1831,1884,exact,1,Reg0047750,"Christiansen, Eduard (1831–1884)"
Christides,Demetrios,1795,1879,exact,1,Reg0047760,"Christides, Demetrios (1795–1879)"
Holst,"g. 1869 m. Harald C. IV, 85. V, 397. Christophersen, Harald",1838,1919,surname_only,4,Reg0071930;Reg0071960;Reg0071970;Reg0072010,"Holst, Carl | Holst, Emil | Holst, Emesta, se: Simonsen, Ernesta. | Holst, Marie"
Classen,P. H.,1804,1886,exact,1,Reg0047950,"Classen, P. H. (1804–1886)"
Clement,»Skipper«,1485,1536,none,0,,
Colbiørnsen,"Engelke Margrethe, f. Falbe",1763,1848,exact,1,Reg0048300,"Colbiørnsen, Engelke Margrethe, f. Falbe (1763–1848)"
Cold,Frederikke,1787,1860,exact,1,Reg0048340,"Cold, Frederikke (1787–1860)"
Collett,"to Fruer og to Frøkener IV, 188. V, 429. Collin, Arthur",1844,1925,surname_year_mismatch,7,Reg0048450;Reg0048460;Reg0048470;Reg0048480;Reg0048490;Reg0048500;Reg0048510,"Collett, Camilla, f. Wergeland (1813–1895) | Collett, Elise (1852–1930) | Collett, Hanne, f. Collett (1822–1914) | Collett, Johan Christian (1817–1895) | Collett, Margarethe (1849–1914) | Collett, Oscar (1845–1911) | Collett, Peter (1820–1860)"
Collin,"Augusta, f. Petzholdt",1801,1865,exact,1,Reg0048550,"Collin, Augusta, f. Petzholdt (1801–1865)"
Collin,Edgar,1836,1906,exact,1,Reg0048560,"Collin, Edgar (1836–1906)"
Collin,Elna,1842,1913,exact,1,Reg0048580,"Collin, Elna (1842–1913)"
Collin,Gerda,1841,1845,ambiguous,3,Reg0048620;Reg0048760;Reg0048780,"Collin, Helga (1841–1918) | Collin, Magdalene, f. Hansen (1841–1894) | Collin, Marie, f. Grønberg (1841–1899)"
Collin,Gottlieb,1806,1885,exact,1,Reg0048600,"Collin, Gottlieb (1806–1885)"
Collin,Helga,1841,1918,ambiguous,3,Reg0048620;Reg0048760;Reg0048780,"Collin, Helga (1841–1918) | Collin, Magdalene, f. Hansen (1841–1894) | Collin, Marie, f. Grønberg (1841–1899)"
Collin,Hjalmar,1834,1897,exact,1,Reg0048670,"Collin, Hjalmar (1834–1897)"
Collin,Jonas,1776,1861,exact,1,Reg0048690,"Collin, Jonas d.Æ. (1776–1861)"
Collin,Jonas Sigismund,1840,1905,exact,1,Reg0048700,"Collin, Jonas d.Y. (1840–1905)"
Collin,Louise,1813,1898,ambiguous,2,Reg0048650;Reg0048720,"Collin, Henriette Oline, f.Thyberg (1813–1894) | Collin, Louise (1813–1898)"
Collin,Louise,1839,1920,exact,1,Reg0048740,"Collin, Louise (1839–1920)"
Collin,"Magdalene, f. Hansen",1841,1894,ambiguous,3,Reg0048620;Reg0048760;Reg0048780,"Collin, Helga (1841–1918) | Collin, Magdalene, f. Hansen (1841–1894) | Collin, Marie, f. Grønberg (1841–1899)"
Collin,"Marie, f. Grønberg",1841,1899,ambiguous,3,Reg0048620;Reg0048760;Reg0048780,"Collin, Helga (1841–1918) | Collin, Magdalene, f. Hansen (1841–1894) | Collin, Marie, f. Grønberg (1841–1899)"
HI,"257, 259. IV, 117. V, 343- VI, 19. Collin, Mimi",1842,1855,none,0,,
Collin,Theodor,1815,1902,exact,1,Reg0048800,"Collin, Theodor (1815–1902)"
Collingwood,Cuthbert,1826,1908,none,0,,
Colsmann,Johannes,1771,1830,exact,1,Reg0048880,"Colsmann, Johannes (1771–1830)"
Cooper,J. F.,1789,1851,exact,1,Reg0049050,"Cooper, J. F. (1789–1851)"
Coopmans,Edzard Wilhelm,1782,1853,exact,1,Reg0049060,"Coopmans, Edzard Wilhelm (1782–1853)"
Coppel,Clara,1851,1927,exact,1,Reg0049100,"Coppel, Clara (1851–1927)"
Coppel,S.,1809,1890,exact,1,Reg0049120,"Coppel, S. (1809–1890)"
Corneille,Pierre,1606,1684,exact,1,Reg0049160,"Corneille, Pierre (1606–1684)"
Cornet,"Francisca, f. Kiel",1808,1870,none,0,,
Correggio,Antonio Allegri,1494,1534,exact,1,Reg0049230,"Correggio, Antonio Allegri (1494–1534)"
Cotta,"Georg v., Friherre",1796,1863,exact,1,Reg0049320,"Cotta, Wilhelm von (1796–1874)"
Cottin,"Marie, f. Ristaud",1773,1807,none,0,,
Cramer,Michael J.,1835,1898,exact,1,Reg0049440,"Cramer, Michael John (1835–1898)"
Dahl,Balduin,1834,1891,exact,1,Reg0049830,"Dahl, Balduin (1834–1891)"
Dahl,"Emma, f. Freyse",1819,1896,exact,1,Reg0049860,"Dahl, Emma, f. Freyse-Sessi (1819–1896)"
Dahl,J. C.,1788,1857,exact,1,Reg0049920,"Dahl, Johan Christian (1788–1857)"
Dahl,Johan,1807,1877,exact,1,Reg0049910,"Dahl, Johan (1807–1877)"
Dahl,Siegwald,1827,1902,exact,1,Reg0049940,"Dahl, Siegwald (1827–1902)"
Dahlerup,Jens Wilhelm,1810,1833,surname_year_mismatch,1,Reg0049980,"Dahlerup, Edvard (1812–1882)"
Daisenberger,J. A.,1799,1883,exact,1,Reg0050100,"Daisenberger, J. A. (1799–1883)"
Dalgas,"fra Livorno IV, 320. V, 479. Dalgas, Christian August",1789,1863,exact,1,Reg0050170,"Dalgas, Christian August (1789–1863)"
Dalsgaard,Christen,1824,1907,none,0,,
Damgaard,A. K.,1808,1906,exact,1,Reg0050290,"Damgaard, A. K. (1808–1906)"
Dan,"Adam, se Pedersen, Niels. Dankwart, Fr. Chr.",1782,1856,surname_only,1,Reg0050320,"Dan, Adam, se: Pedersen, Niels."
Danmark,"Alexandra, Prinsesse af —",1844,1925,exact,1,Reg0050380,"Danmark, Alexandra, Prinsesse af – (1844–1925)"
Danmark,"Christian IV, Konge af—",1577,1648,exact,1,Reg0050480,"Danmark, Christian IV, Konge af – (1577–1648)"
Danmark,"Dagmar, Prinsesse af —",1847,1928,exact,1,Reg0050570,"Danmark, Dagmar, Prinsesse af – (1847–1928)"
Danmark,"Ferdinand, Arveprins af —",1792,1863,exact,1,Reg0050600,"Danmark, Ferdinand, Arveprins af – (1792–1863)"
Danmark,"Frederik VI, Konge af —",1768,1839,exact,1,Reg0050660,"Danmark, Frederik VI, Konge af – (1768–1839)"
Danmark,"Frederik VII, Konge af —",1808,1863,exact,1,Reg0050670,"Danmark, Frederik (VII), Kronprins af – (1808–1863)"
Danmark,"Louise, Prinsesse af —, f. Prinsesse af Hessen",1817,1898,exact,1,Reg0050740,"Danmark, Louise, Prinsesse af –, f. Prinsesse af Hessen (1817–1898)"
Danmark,"Thyra, Prinsesse af —",1853,1933,exact,1,Reg0050830,"Danmark, Thyra, Prinsesse af – (1853–1933)"
Danner,"Louise, Lensgrevinde, f. Rasmussen",1815,1874,exact,1,Reg0050970,"Danner, Louise, Lensgrevinde, f. Rasmussen (1815–1874)"
Danneskiold-Samsøe,"Christian, Greve",1800,1886,exact,1,Reg0051010,"Danneskiold-Samsøe, Christian Conrad Sophus, Greve (1800–1886)"
Danneskiold-Samsøe,"Elisabeth, Grevinde, f. Brudenell-Bruce",1807,1847,exact,1,Reg0051040,"Danneskiold-Samsøe, Elisabeth, Grevinde, f. Brudenell-Bruce (1807–1847)"
Danneskiold-Samsøe,"Frederik, Lensgreve",1798,1869,exact,1,Reg0051080,"Danneskiold-Samsøe, Frederik, Lensgreve (1798–1869)"
Danneskiold-Samsøe,"Henriette, Grevinde, f. Komtesse Krag-Juel-Vind-Frijs",1848,1897,exact,1,Reg0051120,"Danneskiold-Samsøe, Henriette, Grevinde, f. Komtesse Krag-Juel-Vind-Frijs (1848–1897)"
Daumas,Eugène,1803,1871,exact,1,Reg0051390,"Daumas, Eugène (1803–1871)"
David,Aron,1795,1868,exact,1,Reg0051470,"David, Aron (1795–1868)"
David,Benny,1791,1884,exact,1,Reg0051490,"David, Benny (1791–1884)"
David,"Caroline, Adoptivdatter af Aron D.",1832,1878,exact,1,Reg0051510,"David, Caroline (1832–1878)"
David,C. N.,1793,1874,exact,1,Reg0051500,"David, C. N. (1793–1874)"
David,Félicien,1810,1876,ambiguous,2,Reg0051530;Reg0051540,"David, Félicien (1810–1876) | David, Ferdinand (1810–1873)"
David,Harald,1819,1871,exact,1,Reg0051560,"David, Harald (1819–1871)"
David,Ludvig,1840,1866,exact,1,Reg0051580,"David, Ludvig (1840–1866)"
Dawison,Bogumil,1818,1872,exact,1,Reg0051660,"Dawison, Bogumil (1818–1872)"
Decken,"Wilhelmine v. d., f. Brauns",1783,1858,exact,1,Reg0051760,"Decken, Wilhelmine von der, f. Brauns (1783–1858)"
Déjazet,Pauline,1797,1875,exact,1,Reg0051960,"Déjazet, Pauline (1797–1875)"
Delavigne,Casimir,1793,1843,exact,1,Reg0052020,"Delavigne, Casimir (1793–1843)"
Delbanco,Georg Christian,1848,1911,exact,1,Reg0052030,"Delbanco, Georg Christian (1848–1911)"
Delbanco,O. H.,1821,1890,exact,1,Reg0052050,"Delbanco, O. H. (1821–1890)"
Delbanco,"Pauline Antonie Augusta, f. Plätzer",1823,1904,exact,1,Reg0052060,"Delbanco, Pauline, f. Plätzer (1823–1904)"
Delong,Albert Herman Peter Gabriel,1797,1865,exact,1,Reg0052110,"Delong, Albert Herman Peter Gabriel (1797–1865)"
Deurs,H. E. van,1807,1868,none,0,,
Devrient,Eduard,1801,1877,exact,1,Reg0052310,"Devrient, Eduard (1801–1877)"
Dichman,"Sophie Frederikke, f. Qyistgaard",1796,1847,none,0,,
Dickens,Charles,1812,1870,exact,1,Reg0052440,"Dickens, Charles (1812–1870)"
Dietrichson,L.,1834,1917,exact,1,Reg0052550,"Dietrichson, L. (1834–1917)"
Dietrichson,"Mathilde, f. Bonnevie",1837,1921,exact,1,Reg0052560,"Dietrichson, Mathilde, f. Bonnevie (1837–1921)"
Dinesen,A. W.,1807,1876,exact,1,Reg0052600,"Dinesen, A. W. (1807–1876)"
Dinesen,Wilhelm,1845,1895,exact,1,Reg0052610,"Dinesen, Wilhelm (1845–1895)"
Dingelstedt,Franz v.,1814,1881,exact,1,Reg0052630,"Dingelstedt, Franz von (1814–1881)"
Dirckinck-Holmfeld,"Selma Henriette, Fri- herreinde",1806,1845,surname_year_mismatch,4,Reg0052670;Reg0052680;Reg0052690;Reg0052700,"Dirckinck-Holmfeld, Constant, Friherre (1799–1880) | Dirckinck-Holmfeld, Edwin, Friherre (1802–1896) | Dirckinck-Holmfeld, Julie Vilhelmine, Friherreinde, f. Rothe (1813–1877) | Dirckinck-Holmfeld, Ulysses, Friherre (1801–1877)"
Djørup,C.,1804,1879,ambiguous,2,Reg0052790;Reg0052800,"Djørup, C. (1804–1879) | Djørup, Michael (1804–1876)"
Dockum,Joost Ferdinand Guillaume van,1808,1868,exact,1,Reg0052830,"Dockum, Joost Ferdinand Guillaume (Vilhelm) van (1808–1868)"
Donner,"Helene, f. v. Schrøder",1819,1909,exact,1,Reg0053030,"Donner, Helene, f. von Schroder (1819–1909)"
Dor,Henri,1835,1913,exact,1,Reg0053120,"Dor, Henri (1835–1913)"
Dorph,A.,1831,1894,none,0,,
Dorph-Petersen,J. F. S.,1845,1927,exact,1,Reg0053150,"Dorph-Petersen, J. F. (1845–1927)"
Drewsen,Adolph,1803,1885,exact,1,Reg0053360,"Drewsen, Adolph (1803–1885)"
Drewsen,Carl,1795,1878,exact,1,Reg0053380,"Drewsen, Carl (1795–1878)"
Drewsen,Einar,1833,1873,exact,1,Reg0053400,"Drewsen, Einar (1833–1873)"
Drewsen,"Emmy, f. Richter",1800,1880,ambiguous,2,Reg0053440;Reg0053470,"Drewsen, Emmy, f. Richter (1800–1880) | Drewsen, Hanne, f. Wismer (1800–1890)"
Drewsen,"Hanne, f. Wismer",1800,1890,ambiguous,2,Reg0053440;Reg0053470,"Drewsen, Emmy, f. Richter (1800–1880) | Drewsen, Hanne, f. Wismer (1800–1890)"
Drewsen,Harald,1836,1878,exact,1,Reg0053480,"Drewsen, Harald (1836–1878)"
Drewsen,"Ingeborg, f. Collin",1804,1877,ambiguous,2,Reg0053490;Reg0053600,"Drewsen, Ingeborg, f. Collin (1804–1877) | Drewsen, Michael (1804–1874)"
Drewsen,"Ingeborg, f. Lind",1841,1924,exact,1,Reg0053500,"Drewsen, Ingeborg, f. Lind (1841–1924)"
Drewsen,J. C.,1777,1851,exact,1,Reg0053520,"Drewsen, J. G. (1777–1851)"
Drewsen,Johanne,1831,1892,ambiguous,2,Reg0053540;Reg0053610,"Drewsen, Johanne (1831–1892) | Drewsen, Olivia, f. Furst (1831–1888)"
Drewsen,Jonna,1827,1878,exact,1,Reg0053560,"Drewsen, Jonna (1827–1878)"
Drewsen,"Louise, f. Collin",1839,1920,exact,1,Reg0053580,"Drewsen, Louise, f. Collin (1839–1920)"
Drewsen,Michael,1804,1874,ambiguous,2,Reg0053490;Reg0053600,"Drewsen, Ingeborg, f. Collin (1804–1877) | Drewsen, Michael (1804–1874)"
Drewsen,Svend,1874,1934,exact,1,Reg0053660,"Drewsen, Svend (1874–1934)"
Drewsen,Viggo,1830,1888,exact,1,Reg0053680,"Drewsen, Viggo (1830–1888)"
Drouet,Henri,1829,1900,exact,1,Reg0053790,"Drouet, Henri (1829–1900)"
Dunlop,Agnes,1830,1908,exact,1,Reg0054060,"Dunlop, Agnes (1830–1908)"
Duntzfelt,William Frederik,1792,1863,exact,1,Reg0054100,"Duntzfelt, William Frederik (1792–1863)"
Duport,Paul,1798,1866,exact,1,Reg0054130,"Duport, Paul (1798–1866)"
Durham,Joseph,1821,1877,exact,1,Reg0054200,"Durham, Joseph (1821–1877)"
Duse,August,1817,1849,exact,1,Reg0054220,"Düse, August (1817–1849)"
Dyck,A. van,1599,1641,exact,1,Reg0054260,"Dyck, A. van (1599–1641)"
Düring-Rosenkrantz,"Ernst v., Baron",1830,1890,exact,1,Reg0054360,"Düring-Rosenkrantz, Ernst von, Baron (1830–1890)"
Ebert,Friedrich Adolf,1791,1834,exact,1,Reg0054560,"Ebert, Friedrich Adolf (1791–1834)"
Eckard,F. A.,1805,1867,exact,1,Reg0054580,"Eckard, F. A. (1805–1867)"
Eckardt,"Josephine, f. Thorberg",1839,1906,exact,1,Reg0054640,"Eckardt, Josephine, f. Thorberg (1839–1906)"
Eckermann,Johann Peter,1792,1854,exact,1,Reg0054690,"Eckermann, Johann Peter (1792–1854)"
Ehlers,E. D.,1812,1893,exact,1,Reg0054980,"Ehlers, E. D. (1812–1893)"
Eichmüller,Georg Vilhelm,1808,1849,exact,1,Reg0055080,"Eichmüller, Georg Vilhelm (1808–1849)"
Eisendecher,Wilhelm v.,1803,1880,exact,1,Reg0055180,"Eisendecher, Wilhelm von (1803–1880)"
Ellbrecht,Anthon Günther v.,1790,1857,none,0,,
Elmquist,A. F.,1788,1868,exact,1,Reg0055270,"Elmquist, A. F. (1788–1868)"
Elssler,Fanny,1810,1884,exact,1,Reg0055290,"Elssler, Fanny (1810–1884)"
Emil,"se Hornemann, Emil. Engel, Max v.",1795,1881,surname_only,1,Reg0055350,"Emil, se: Hartmann, Emil, Hornemann, Emil, Hundrup, Emil og Melchior, Emil."
Engelstoft,C. T.,1805,1889,exact,1,Reg0055460,"Engelstoft, C. T. (1805–1889)"
Engelstoft,"Louise, f. Holm",1817,1898,exact,1,Reg0055510,"Engelstoft, Louise, f. Holm (1817–1898)"
England,"Victoria I, Dronning af—",1819,1901,surname_only,1,Reg0055520,"England, se også: Storbritannien."
Erslev,Emil,1817,1882,exact,1,Reg0055740,"Erslev, Emil (1817–1882)"
Eschricht,D. F.,1798,1863,surname_year_mismatch,1,Reg0055870,"Eschricht, Mariane Lucie Charlotte, f. Petit (1811–1879)"
Estrup,Christen,1790,1868,surname_year_mismatch,3,Reg0055950;Reg0055960;Reg0055970,"Estrup, Arentine Kirstine (1796–1865) | Estrup, H. F. J. (1794–1846) | Estrup, J. B. S. (1825–1913)"
Ewald,Carl v.,1789,1866,exact,1,Reg0056100,"Ewald, Carl von (1789–1866)"
Ewald,H. F.,1821,1908,exact,1,Reg0056110,"Ewald, H.F. (1821–1908)"
Ewald,Johannes,1743,1781,exact,1,Reg0056120,"Ewald, Johannes (1743–1781)"
Faaborg,Christian,1811,1857,exact,1,Reg0056190,"Faaborg, Christian (1811–1857)"
Faaborg,Th.,1814,1864,exact,1,Reg0056200,"Faaborg, Th. (1814–1864)"
Faber,"Frk., Datter af Nicolai F. I, 270, V, 70. Faber, Nicolai",1789,1848,surname_year_mismatch,4,Reg0056230;Reg0056240;Reg0056250;Reg0056260,"Faber, Chr. G. W. (1822–1883) | Faber, Ludvig (1798–1876) | Faber, Marie (1854–1934) | Faber, Peter (1810–1877)"
Fabricius,Frederik,1789,1873,exact,1,Reg0056350,"Fabricius, Frederik (1789–1873)"
Bibliotek,"Regensviceprovst II, 4. V, 118. Fabritius, Cathrine Amalia",1807,1873,none,0,,
Falbe,Christian Frederik,1828,1896,exact,1,Reg0056530,"Falbe, Christian Frederik (1828–1896)"
Falbe,Christian Tuxen,1791,1849,exact,1,Reg0056540,"Falbe, Christian Tuxen (1791–1849)"
Falbe,"Clara, f. Ipsen",1800,1877,exact,1,Reg0056570,"Falbe, Clara, f. Ipsen (1800–1877)"
Herredsfoged,"Etatsraad C. A. F., Odense I, 269. V, 69. Falbe, Vigant",1826,1871,none,0,,
Falkenstein,Constantin,1801,1855,ambiguous,2,Reg0056720;Reg0056740,"Falkenstein, Constantin (1801–1855) | Falkenstein, Johann Paul (1801–1882)"
Falkenstein,"Elise, f. v. Erdmannsdorff",1806,1868,exact,1,Reg0056730,"Falkenstein, Elise, f. von Erdmannsdorff (1806–1868)"
Falkenstein,Johann Paul v.,1801,1882,ambiguous,2,Reg0056720;Reg0056740,"Falkenstein, Constantin (1801–1855) | Falkenstein, Johann Paul (1801–1882)"
Faust,Johann,1490,1539,exact,1,Reg0056890,"Faust, Johann (ca. 1490–1539)"
Faye,Andreas,1802,1869,exact,1,Reg0056910,"Faye, Andreas (1802–1869)"
Fearnley,Henri Emil,1813,1879,exact,1,Reg0056970,"Fearnley, Henri Emil (1813–1879)"
Feddersen,F.,1805,1863,exact,1,Reg0057020,"Feddersen, Fr. (1805–1863)"
Feilberg,"Anna, f. Nutzhorn",1831,1897,none,0,,
Nutzhorn,"g. 1860 m. H. F. F. III, 62. V, 285, 379. Feilberg, H. F.",1831,1921,surname_year_mismatch,4,Reg0097000;Reg0097010;Reg0097020;Reg0097030,"Nutzhorn, Ditlev von (1800–1865) | Nutzhorn, Ditlev Andersen von (1840–1864) | Nutzhorn, Fr. von (1834–1866) | Nutzhorn, Marie von (1840–1932)"
Feilberg,Peter,1835,1925,none,0,,
Feilden,"Sir William Henry, Baronet",1812,1879,none,0,,
Fenger,G. E.,1814,1884,exact,1,Reg0057120,"Fenger, C. E. (1814–1884)"
Fenger,Chr.,1773,1845,surname_only,1,Reg0057170,"Fenger, Tabitha Christence (1861–?)"
Fenger,Frederik,1774,1857,surname_only,1,Reg0057170,"Fenger, Tabitha Christence (1861–?)"
Fenger,"Ida, f. Plockross",1827,1882,exact,1,Reg0057140,"Fenger, Ida Louise, f. Plockross (1827–1882)"
Fenger,Theodor,1816,1889,exact,1,Reg0057180,"Fenger, Theodor (1816–1889)"
Ferslev,Christian,1817,1883,exact,1,Reg0057320,"Ferslev, Christian (1817–1883)"
Fibiger,Ilia,1817,1867,exact,1,Reg0057410,"Fibiger, Ilia (1817–1867)"
Fibiger,Mathilde,1830,1872,exact,1,Reg0057450,"Fibiger, Mathilde (1830–1872)"
Fielding,Henry,1707,1754,none,0,,
Fiesco,"Gianluigi de’, Greve af Lavagna",1523,1547,exact,1,Reg0057510,"Fiesco, Gianluigi de’, Greve af Lavagna (1523–1547)"
Fjeldsted,Caroline,1821,1881,exact,1,Reg0057770,"Fjeldsted, Caroline (1821–1881)"
Flindt,Poulinede,1802,1888,surname_only,1,Reg0057880,Flindt(?)
Floderus,Manfred Mustafa,1832,1909,exact,1,Reg0057930,"Floderus, Manfred Mustafa (1832–1909)"
Flor,Christian,1792,1875,exact,1,Reg0057950,"Flor, Christian (1792–1875)"
Fock,"Hedvig Charlotta Catharina, Friherre- inde, f. v. Saltza",1805,1875,exact,1,Reg0058010,"Fock, Hedvig Charlotta Catharina, Friherreinde, f. Grevinde von Saltza (1805–1875)"
Foersom,Christen,1794,1850,exact,1,Reg0058030,"Foersom, Christen (1794–1850)"
Forchhammer,J. G.,1794,1865,exact,1,Reg0058200,"Forchhammer, G. (1794–1865)"
Fouqué,Friedrich de la Motte,1777,1843,exact,1,Reg0058350,"Fouqué, Friedrich de La Motte, Baron (1777–1843)"
Frankrig,"Charles X, Konge af —",1757,1836,exact,1,Reg0058590,"Frankrig, Charles X, Konge af – (1757–1836)"
Frankrig,"Henri IV, Konge af —",1553,1610,surname_year_mismatch,16,Reg0058590;Reg0058600;Reg0058610;Reg0058620;Reg0058630;Reg0058640;Reg0058650;Reg0058660;Reg0058670;Reg0058680;Reg0058690;Reg0058700;Reg0058710;Reg0058720;Reg0058730;Reg0058740,"Frankrig, Charles X, Konge af – (1757–1836) | Frankrig, Eugénie, Kejserinde af –, f. Komtesse Montijo (1826–1920) | Frankrig, François I, Konge af – (1494–1547) | Frankrig, Henri III, Konge af – (1551–1589) | Frankrig, Josephine, Kejserinde af –, f. Tascher de la Pagerie (1763–1814) | Frankrig, Louis XIV, Konge af – (1638–1715) | Frankrig, Louis XVI, Konge af – (1754–1793) | Frankrig, Louis XVIII, Konge af – (1755–1824) | Frankrig, Louis Philippe, Konge af – (1773–1850) | Frankrig, Maria af Medici, Dronning af – (1573–1642) | Frankrig, Marie-Amélie, Dronning af –, f. Prinsesse af Neapel (1782–1866) | Frankrig, Marie Antoinette, Dronning af –, f. Prinsesse af Østrig (1755–1793) | Frankrig, Marie Louise, Kejserinde af –, f. Prinsesse af Østrig (1791–1847) | Frankrig, Napoléon I, Kejser af – (1769–1821) | Frankrig, Napoléon III, Kejser af – (1808–1873) | Frankrig, Napoléon (IV), Kejserprinsen af – (1856–1879)"
Frankrig,"Louis XVI, Konge af —",1754,1793,exact,1,Reg0058650,"Frankrig, Louis XVI, Konge af – (1754–1793)"
Frankrig,"Louis Philippe, Konge af —",1773,1850,exact,1,Reg0058670,"Frankrig, Louis Philippe, Konge af – (1773–1850)"
Frankrig,"Marie-Amélie, Dronning af —, f. Prinsesse af Neapel",1782,1866,exact,1,Reg0058690,"Frankrig, Marie-Amélie, Dronning af –, f. Prinsesse af Neapel (1782–1866)"
Frankrig,"Marie Antoinette, Dronning af —, f. Prinsesse af Østrig",1755,1793,ambiguous,2,Reg0058660;Reg0058700,"Frankrig, Louis XVIII, Konge af – (1755–1824) | Frankrig, Marie Antoinette, Dronning af –, f. Prinsesse af Østrig (1755–1793)"
Frankrig,"Napoleon I, Kejser af —",1769,1821,exact,1,Reg0058720,"Frankrig, Napoléon I, Kejser af – (1769–1821)"
Frankrig,"Napoleon III, Kejser af —",1808,1873,exact,1,Reg0058730,"Frankrig, Napoléon III, Kejser af – (1808–1873)"
Fredstrup,Axel,1830,1894,exact,1,Reg0058950,"Fredstrup, Axel (1830–1894)"
Fredstrup,"Josephine Amalie, f. Worre",1840,1917,surname_year_mismatch,2,Reg0058950;Reg0058960,"Fredstrup, Axel (1830–1894) | Fredstrup, Petrine (1827–1881)"
Frémont,John Charles,1813,1890,exact,1,Reg0059060,"Frémont, John Charles (1813–1890)"
Freund,"Amalie Elisabeth, f. v. Würden",1807,1866,surname_only,2,Reg0059140;Reg0059150,"Freund | Freund, Casimir Georg (1831–?)"
Freund,Johan Frederik,1785,1857,exact,1,Reg0059190,"Freund, Johan Frederik (1785–1857)"
Friedrich,Friedr.,1828,1890,none,0,,
Fries,Elias,1794,1878,exact,1,Reg0059360,"Fries, Elias (1794–1878)"
Friis,Hans G.,1839,1892,surname_only,3,Reg0059390;Reg0059410;Reg0059450,"Friis, Frøken | Friis, Christine (Kirstine), f. Schrøder (1822–?) | Friis, Jørgen, se: Friis, Johan."
Frijs,"Agnes Krag-Juel-Vind-, Komtesse",1852,1871,exact,1,Reg0059480,"Frijs, Agnes Krag-Juel-Vind-, Komtesse (1852–1871)"
Frijs,"C. E. Krag-Juel-Vind-, Lensgreve",1817,1896,exact,1,Reg0059500,"Frijs, C. E. Krag-Juel-Vind-, Greve (1817–1896)"
Frijs,"Mogens Krag-Juel-Vind-, Greve",1849,1923,exact,1,Reg0059590,"Frijs, Mogens Krag-Juel-Vind-, Greve (1849–1923)"
Frijs,"Thyra Krag-Juel-Vind-, Lensgrevinde, f. Haffner",1821,1881,ambiguous,2,Reg0059580;Reg0059600,"Frijs, Julius Krag-Juel-Vind-, Greve (1821–1885) | Frijs, Thyra Krag-Juel-Vind-, Lensgrevinde, f. Haffner (1821–1881)"
Frisch,Julius Theodor,1818,1895,exact,1,Reg0059640,"Frisch, Julius Theodor (1818–1895)"
Frommann,Friedr. Joh.,1797,1886,exact,1,Reg0059740,"Frommann, Friedrich Johann (1797–1886)"
Fryxell,Anders,1795,1881,exact,1,Reg0059850,"Fryxell, Anders (1795–1881)"
Fröbel,Friedrich,1782,1852,none,0,,
Fröhlich,J. F.,1806,1860,exact,1,Reg0059910,"Fröhlich, J. F. (1806–1860)"
Frölich,Johannes,1800,1865,surname_year_mismatch,5,Reg0059920;Reg0059930;Reg0059940;Reg0059950;Reg0059960,"Frölich, Anna Christina (1773–1850) | Frølich, Carolina (Lina), f. in de Betou (1823–1872) | Frølich, Edina (1859–1958) | Frølich, Johan Jacob (1781–1858) | Frølich, Lorenz (1820–1908)"
Frölich,Lorenz,1820,1908,exact,1,Reg0059960,"Frølich, Lorenz (1820–1908)"
Fugl,August Emil,1813,1849,exact,1,Reg0060030,"Fugl, August Emil (1813–1849)"
Fugl,Ulrik Nicolai,1807,1867,surname_year_mismatch,3,Reg0060030;Reg0060040;Reg0060050,"Fugl, August Emil (1813–1849) | Fugl, George Edward (1841–1900) | Fugl, Silvio (1844–1924)"
Funch,David Emil,1822,1910,surname_year_mismatch,3,Reg0060120;Reg0060130;Reg0060140,"Funch, D. E. (1821–1910) | Funch, Emma Maria, f. Friherreinde Lagerheim (1834–1895) | Funch, William C. F. (1837–1872)"
Funch,William C. A. F.,1837,1872,exact,1,Reg0060140,"Funch, William C. F. (1837–1872)"
Fürst,Olivia,1831,1888,surname_only,1,Reg0060170,"Fürst, Frøken"
Fürst,Thorvald Chr.,1820,1844,surname_only,1,Reg0060170,"Fürst, Frøken"
Fønss,Karen Julie,1814,1844,surname_year_mismatch,5,Reg0060230;Reg0060240;Reg0060250;Reg0060260;Reg0060270,"Fønss, Frederik Jørgen (1794–1885) | Fønss, Henrik (1796–1887) | Fønss, Holger Lauritz Basse (1807–1894) | Fønss, Niels Basse (1793–1858) | Fønss, Rogert (1796–1882)"
Fønss,"Louise, f. Wedel-Heinen",1796,1864,ambiguous,2,Reg0060240;Reg0060270,"Fønss, Henrik (1796–1887) | Fønss, Rogert (1796–1882)"
Gad,H. C.,1807,1865,surname_year_mismatch,7,Reg0060320;Reg0060330;Reg0060340;Reg0060350;Reg0060360;Reg0060370;Reg0060380,"Gad, Christian Sophus (1827–1899) | Gad, Dorothea (Thea), f. Tønsberg (1840–1889) | Gad, Elieser (1823–1852) | Gad, G. E. G. (1830–1906) | Gad, Knud (1797–1870) | Gad, P. G. Stenersen (1797–1851) | Gad, Sophie Georgia, f. Clausen (1799–1875)"
Gade,"Mathilde, f. Stæger",1833,1915,exact,1,Reg0060460,"Gade, Mathilde, f. Stæger (1833–1915)"
Gade,Niels W.,1817,1890,exact,1,Reg0060470,"Gade, Niels W. (1817–1890)"
Galitzin,"Vasilij Petrovic, Fyrste",1800,1862,exact,1,Reg0060600,"Galitzin, Vasiliu Petrovid, Fyrste (1800–1862)"
Gammeltoft,Carl,1855,1934,exact,1,Reg0060730,"Gammeltoft, Carl (1855–1934)"
Gammeltoft,Chr.,1818,1873,exact,1,Reg0060740,"Gammeltoft, Chr. (1818–1873)"
Garcia,Manuel,1805,1906,none,0,,
Gardthausen,Gustav,1807,1872,none,0,,
Garibaldi,Giuseppe,1807,1882,exact,1,Reg0060840,"Garibaldi, Giuseppe (1807–1882)"
Gaskell,Elizabeth,1810,1865,none,0,,
Gaudy,Franz v.,1800,1840,none,0,,
Geel,Jacob,1789,1862,exact,1,Reg0061170,"Geel, Jacob (1789–1862)"
Geibel,Karl,1806,1884,exact,1,Reg0061250,"Geibel, Karl (1806–1884)"
Geibel,Marie,1863,1918,exact,1,Reg0061280,"Geibel, Marie (1863–1918)"
Geijer,Erik Gustaf,1789,1847,surname_year_mismatch,2,Reg0061290;Reg0061300,"Geijer, Erik Gustaf (1783–1847) | Geijer, Knut (1817–1849)"
Gerdislaw,"Charlotte v., tysk Forfatterinde III, 65. Gerson, Nicolai",1802,1865,surname_only,1,Reg0061410,"Gerdislaw, Charlotte von"
Gianelli,"Gipser I, 16. V, 6. Gieti, Franz Xaver, Ritter v.",1803,1888,surname_year_mismatch,1,Reg0061660,"Gianelli, Gaudenz (ca. 1820–1887)"
Gluck,Christoph Willibald,1714,1787,exact,1,Reg0062110,"Gluck, Ghristoph Willibald, Ritter von (1714–1787)"
Goethe,Johann Wolfgang v.,1749,1832,exact,1,Reg0064570,"Goethe, Johann Wolfgang von (1749–1832)"
Goldschmidt,M.,1819,1887,exact,1,Reg0062410,"Goldschmidt, M. (1819–1887)"
Good,"Hannah, f. Nathanson",1822,1885,exact,1,Reg0062500,"Good, Hannah, f. Nathanson (1822–1885)"
Good,William,1819,1879,exact,1,Reg0062510,"Good, William (1819–1879)"
Gotschalk,"Johanne, f. Rosing",1827,1900,exact,1,Reg0062600,"Gotschalk, Johanne, f. Rosing (1827–1900)"
Gotschalk,John Kierulf,1820,1889,exact,1,Reg0062610,"Gotschalk, John Kierulf (1820–1889)"
Gottlieb,"se Collin, Gottlieb. Gounod, Charles",1818,1893,surname_only,1,Reg0062660,"Gottlieb, se: Gollin, Gottlieb."
Gourlie,"John H., Autografsamler i New York IV, 119. Grahl, A.",1791,1868,none,0,,
Grahn,Lucile,1819,1907,exact,1,Reg0062800,"Grahn, Lucile (1819–1907)"
Grandjean,Axel,1847,1932,exact,1,Reg0062840,"Grandjean, Axel (1847–1932)"
Grandjean,C. F.,1811,1877,exact,1,Reg0062850,"Grandjean, G. F. (1811–1877)"
Gravenhorst-Lövenstjerne,Robert,1840,1894,exact,1,Reg0062960,"Gravenhorst-Lovenstjerne, Robert (1840–1894)"
Grevenkop-Castenskiold,"se Castenskiold. Griepenkerl, W. R.",1810,1868,surname_only,1,Reg0063080,"Grevenkop-Castenskiold, se: Castenskiold."
Grossmann,"Badelæge i Ems IV, 57, 58. Groth, E. P. C. M.",1821,1867,surname_only,1,Reg0063390,Grossmann
Grove,C. F.,1822,1883,exact,1,Reg0063460,"Grove, C. F. (1822–1883)"
Grubbe,Marie,1643,1718,exact,1,Reg0063520,"Grubbe, Marie (ca. 1643–1718)"
Grækenland,"Georg I, Konge af —",1845,1913,exact,1,Reg0063700,"Grækenland, Georgios I, Konge af – (1845–1913)"
Grækenland,"Otto I, Konge af —",1815,1867,exact,1,Reg0063730,"Grækenland, Otto I, Konge af – (1815–1867)"
Grøn,"Ada, f. Courtois",1830,1917,exact,1,Reg0063740,"Grøn, Ada, f. Courtois (1830–1917)"
Gudmundsson,Stefan,1814,1865,exact,1,Reg0063850,"Gudmundsson, Stefan (1814–1865)"
Guizot,F.,1787,1874,none,0,,
Guldberg,"se Høegh-Guldberg. Guldbrand, Chr.",1780,1847,surname_only,1,Reg0063960,"Guldberg, se: Høegh-Guldberg."
Gundelach,Fr. C.,1785,1847,none,0,,
Gundersen,G. E.,1817,1890,exact,1,Reg0064070,"Gundersen, Gunder Emanuel (1817–1890)"
Gurlitt,Cornelius,1820,1901,exact,1,Reg0064120,"Gurlitt, Cornelius (1820–1901)"
Gutzkow,Karl,1811,1878,exact,1,Reg0064200,"Gutzkow, Karl (1811–1878)"
Giildencrone,"Emma, Baronesse",1805,1886,none,0,,
Giildencrone,"Isabella, Baronesse, f. Biilow",1796,1873,none,0,,
Giildencrone,"Ludvig Ehrenreich, Baron",1833,1871,none,0,,
Güldencrone,"Ove, Baron",1795,1863,exact,1,Reg0064300,"Güldencrone, Ove, Lensbaron (1795–1863)"
Gyldenfeldt,H. H. af,1785,1866,none,0,,
Gyldenløve,"Ulrik Frederik, Greve",1638,1704,none,0,,
Gyllembourg-Ehrensvärd,"Thomasine, f.Bunt- zen",1773,1856,exact,1,Reg0064350,"Gyllembourg-Ehrensvärd, Thomasine, f. Buntzen (1773–1856)"
Günther,Julius,1818,1904,exact,1,Reg0064420,"Günther, Julius (1818–1904)"
Hackländer,Friedrich Wilhelm v.,1816,1877,exact,1,Reg0064710,"Hackländer, Friedrich Wilhelm von (1816–1877)"
Haffner,Valdemar,1816,1894,exact,1,Reg0064790,"Haffner, Waldemar (1816–1894)"
Haffner,Wentzel,1810,1835,exact,1,Reg0064800,"Haffner, Wolfgang (1810–1887)"
Haffner,Wolfgang,1810,1887,exact,1,Reg0064800,"Haffner, Wolfgang (1810–1887)"
Hage,Alfred,1803,1872,exact,1,Reg0064820,"Hage, Alfred (1803–1872)"
Hage,"Vilhelmine, f. Faber",1810,1891,exact,1,Reg0064900,"Hage, Vilhelmine, f. Faber (1810–1891)"
Hagen,Lauritz Terpager,1791,1873,exact,1,Reg0064990,"Hagen, Lauritz Terpager (1791–1873)"
Hagerup,Hans,1823,1883,none,0,,
Hahn-Hahn,"Ida, Grevinde, f. v. Hahn",1805,1880,exact,1,Reg0065110,"Hahn-Hahn, Ida, Grevinde, f. von Hahn (1805–1880)"
Hallager,Thora,1821,1884,exact,1,Reg0065240,"Hallager, Thora (1821–1884)"
Hambro,"Carl Joachim, Baron",1807,1877,exact,1,Reg0065320,"Hambro, Carl Joachim (1807–1877)"
Hambro,Joseph,1780,1848,exact,1,Reg0065360,"Hambro, Joseph (1780–1848)"
Hamilton,"Adolf, Friherre",1820,1896,exact,1,Reg0065400,"Hamilton, Adolf Ludvig, Greve (1820–1896)"
Hamilton,"Agnes, Friherreinde, f. Geijer",1824,1885,exact,1,Reg0065410,"Hamilton, Agnes, Grevinde, f. Geijer (1824–1885)"
Geijer,"g. m. Adolf H. III, 220. V, 333. Hamilton, Henning, Greve",1814,1886,surname_year_mismatch,2,Reg0061290;Reg0061300,"Geijer, Erik Gustaf (1783–1847) | Geijer, Knut (1817–1849)"
Hammerich,Martin,1811,1881,surname_year_mismatch,4,Reg0065590;Reg0065610;Reg0065620;Reg0065630,"Hammerich, Angul (1848–1931) | Hammerich, Frederik (1809–1877) | Hammerich, Julie, f. Scheuermann (1806–1879) | Hammerich, Thyra (1846–1921)"
Hanck,Caroline,1816,1901,exact,1,Reg0065670,"Hanck, Caroline (1816–1901)"
Hanck,H. T.,1776,1840,exact,1,Reg0065700,"Hanck, J. H. T. (1776–1840)"
Hanck,Henriette,1807,1846,exact,1,Reg0065690,"Hanck, Henriette (Jette) (1807–1846)"
Hanck,"Madseline, f. Iversen",1788,1851,exact,1,Reg0065710,"Hanck, Madseline, f. Iversen (1788–1851)"
Hanfstängl,Franz v.,1804,1877,exact,1,Reg0065740,"Hanfstängl, Franz von (1804–1877)"
Hans,"Tjener hos Chr. Thyberg II, 284. V, 223. Hansen, Christian",1803,1883,surname_only,3,Reg0065800;Reg0065810;Reg0065820,"Hans | Hans, Prins, se: Glücksborg, Johan. | Hans"
Hansen,Christian,1812,1880,ambiguous,2,Reg0066130;Reg0066390,"Hansen, Christian (1812–1880) | Hansen, Jens Peter (1812–1894)"
Hansen,C. P. M.,1803,1879,ambiguous,2,Reg0066110;Reg0066120,"Hansen, Carl Peter Mathias (1803–1879) | Hansen, Christian (1803–1883)"
Hansen,Edvard,1820,1874,exact,1,Reg0066210,"Hansen, Edvard (1820–1874)"
Hansen,"Erhardine, f. Rantzau",1815,1893,ambiguous,2,Reg0066270;Reg0066540,"Hansen, Erhardine, f. Rantzau (1815–1893) | Hansen, Mariane, f. Dam (1815–1902)"
Hansen,F. J.,1810,1852,ambiguous,3,Reg0066010;Reg0066050;Reg0066430,"Hansen, C. A. (1810–1874) | Hansen, C. J. (1810–1882) | Hansen, Jørgen Laurits Vilh. (1810–1884)"
Hansen,Georg E.,1833,1891,exact,1,Reg0066290,"Hansen, Georg E. (1833–1891)"
Hansen,Hans,1801,1830,surname_only,28,Reg0065830;Reg0065840;Reg0065850;Reg0065870;Reg0065880;Reg0065890;Reg0065900;Reg0065920;Reg0065950;Reg0065970;Reg0066060;Reg0066090;Reg0066100;Reg0066160;Reg0066170;Reg0066200;Reg0066310;Reg0066340;Reg0066380;Reg0066400;Reg0066420;Reg0066460;Reg0066470;Reg0066560;Reg0066610;Reg0066620;Reg0066670;Reg0066700,"Hansen (1862), se: Matthison-Hansen, Hans. | Hansen | Hansen | Hansen, Frøken | Hansen | Hansen | Hansen | Hansen, Albert | Hansen, Amalie | Hansen, Anna | Hansen, Carl | Hansen, Carl Emil (1829–?) | Hansen, Carl Georg (ca. 1862–?) | Hansen, Dagmar Caroline Gatinka (ca. 1861–?) | Hansen, David Julius (død 1889) | Hansen, Edmund, Øjenlæge, se: Grut. | Hansen, Gunild Margrete | Hansen, Hans Peter (1841–?) | Hansen, Jens | Hansen, Johannes | Hansen, Jørgen (død 1842) | Hansen, Kristen | Hansen, Laurids Siegfried (1866–?) | Hansen, Nicoline Sophie Georgine, f. Schjødt | Hansen, Peter Christian (1803–?) | Hansen, Poul (Hanssøn, Povel) (død 1617) | Hansen, Thora Lovise Augusta | Hansen, Vilhelmine Jacobine (død 1885, 82 år gl.)"
Paludan-Müller,"Odense I, 28. V, 9. VI, 39. Hansen, Hans Jacob",1797,1830,surname_year_mismatch,5,Reg0099070;Reg0099080;Reg0099090;Reg0099100;Reg0099110,"Paludan-Müller, Benedicte (1843–1916) | Paludan-Müller, Charite, f. Borch (1801–1884) | Paludan-Müller, Charlotte Christiane, f. Tryde (1816–1874) | Paludan-Müller, Frederik (1809–1876) | Paludan-Müller, Jens (1813–1899)"
Hansen,Ida,1815,1889,ambiguous,2,Reg0066270;Reg0066540,"Hansen, Erhardine, f. Rantzau (1815–1893) | Hansen, Mariane, f. Dam (1815–1902)"
Hansen,Jørgen Salomon,1822,1895,ambiguous,2,Reg0066080;Reg0066440,"Hansen, Carl Emil (1822–1888) | Hansen, Jørgen Salomon (1822–1895)"
Hansen,P.,1840,1905,exact,1,Reg0066590,"Hansen, P. (1840–1905)"
Hansen,Theophilus,1813,1891,ambiguous,2,Reg0066660;Reg0066680,"Hansen, Theophilus (1813–1891) | Hansen, Urban (1813–1895)"
Harbou,Johannes,1810,1891,exact,1,Reg0066890,"Harbou, Johannes (1810–1891)"
Hartlaub,Karl,1792,1874,exact,1,Reg0067090,"Hartlaub, Karl (1792–1874)"
Hartmann,"Bolette, f. Puggaard",1844,1929,ambiguous,2,Reg0067160;Reg0067260,"Hartmann, Bolette, f. Puggaard (1844–1929) | Hartmann, Ernst (1844–1911)"
Hartmann,Emil,1836,1898,exact,1,Reg0067220,"Hartmann, Emil (1836–1898)"
Hartmann,"Emma, f. Zinn",1807,1851,ambiguous,2,Reg0067230;Reg0067390,"Hartmann, Emma, f. Zinn (1807–1851) | Hartmann, Thora, f. Jacobsen (1807–1889)"
Hartmann,"Helene, f. Schneeberger",1845,1898,exact,1,Reg0067340,"Hartmann, Maria (1845–1851)"
Hartmann,Moritz,1821,1872,surname_only,3,Reg0067100;Reg0067110;Reg0067180,"Hartmann, Berider | Hartmann | Hartmann, Carl (1818–ca. 57)"
Hartmann,"Thora, f. Jacobsen",1807,1889,ambiguous,2,Reg0067230;Reg0067390,"Hartmann, Emma, f. Zinn (1807–1851) | Hartmann, Thora, f. Jacobsen (1807–1889)"
Hase,Karl August v.,1800,1890,exact,1,Reg0067540,"Hase, Karl August von (1800–1890)"
Hasebroek,J. P.,1812,1896,none,0,,
Hasselbalch,Fr. Deichmann,1779,1860,none,0,,
Hauch,Adam G. 0.,1836,1914,exact,1,Reg0067630,"Hauch, Adam G. 0. (1836–1914)"
Hauch,Carsten,1790,1872,exact,1,Reg0067640,"Hauch, Carsten (1790–1872)"
Hauch,Marie,1834,1915,exact,1,Reg0067680,"Hauch, Marie (1834–1915)"
Haugsted,Jørgen,1804,1889,exact,1,Reg0067760,"Haugsted, J. (1804–1889)"
Hawthorne,Nathaniel,1804,1864,none,0,,
Hay,Sir John Drummond,1816,1893,exact,1,Reg0067930,"Hay, Sir John Drummond (1816–1893)"
Heber,Carl Vilhelm,1771,1839,exact,1,Reg0068040,"Heber, Carl Vilhelm (1771–1839)"
Hecksher,"Ida, f. Bang",1813,1891,surname_only,1,Reg0068090,"Hecksher, L. A. (død 1874, 69 år gl.)"
Hecksher,Wilhelmine,1850,1871,exact,1,Reg0068100,"Hecksher, Wilhelmine (1850–1871)"
Hedemann,Hans,1792,1859,exact,1,Reg0068160,"Hedemann, Hans (1792–1859)"
Heegaard,Thomas,1781,1831,exact,1,Reg0068220,"Heegaard, Thomas Wissing (1781–1831)"
Hegel,F. V.,1817,1887,exact,1,Reg0068250,"Hegel, F. V. (1817–1887)"
Heger,Juliane,1815,1899,surname_year_mismatch,1,Reg0068260,"Heger, Anna Louise (1799–1833)"
Heggelund,"William Christian III, 14, 40. V, 272. Heiberg, Johan Ludvig",1791,1860,surname_only,1,Reg0068330,"Heggelund, Frue"
Heiberg,"Johanne Luise, f. Pätges",1812,1890,exact,1,Reg0068370,"Heiberg, Johanne Luise, f. Pätges (1812–1890)"
Heiberg,P. A.,1758,1841,exact,1,Reg0068440,"Heiberg, Peter Andreas (1758–1841)"
Heide,Louise Catharine Sophie,1793,1856,none,0,,
Heine,Heinrich,1797,1856,exact,1,Reg0068590,"Heine, Heinrich (1797–1856)"
Heine,Salomon,1767,1844,exact,1,Reg0068600,"Heine, Salomon (1767–1844)"
Heinen,"Isabella, f. v. Bülow",1796,1873,exact,1,Reg0068650,"Heinen, Isabella, f. von Bülow (1796–1873)"
Heinke,Clara,1825,1892,exact,1,Reg0068680,"Heinke, Clara (1825–1892)"
Heise,P.,1830,1879,exact,1,Reg0068730,"Heise, Peter (1830–1879)"
Helgesen,Hans,1793,1858,exact,1,Reg0068780,"Helgesen, Hans (1793–1858)"
Helms,Henrik Steffens,1835,1914,exact,1,Reg0068880,"Helms, Henrik Steffens (1835–1914)"
Helst,Bartholomaeus van der,1613,1670,none,0,,
Helsted,Carl,1818,1904,exact,1,Reg0068910,"Helsted, Carl (1818–1904)"
Helsted,Edv.,1816,1900,exact,1,Reg0068920,"Helsted, Edvard (1816–1900)"
Kapelmusikus,"Komponist I, 346. V, 95, 109, 232, 289. Hempel, Søren",1775,1844,none,0,,
Henne,"Johanne Clausine, f. Hornemann",1783,1864,exact,1,Reg0069140,"Henne, Johanne Clausine, f. Hornemann (1783–1864)"
Henrik,"se Stampe, Henrik. Henriques, Benny",1814,1847,surname_only,2,Reg0069290;Reg0069310,"Henrik, se: Stampe, Henrik. | Henrik"
Henriques,"Emma, f. Meyersohn",1838,1930,exact,1,Reg0069410,"Henriques, Emma, f. Meyersohn (1838–1930)"
Henriques,M.,1775,1857,surname_only,1,Reg0069360,Henriques
Henriques,Martin R.,1825,1912,exact,1,Reg0069470,"Henriques, Martin R. (1825–1912)"
Henriques,Robert,1858,1914,exact,1,Reg0069500,"Henriques, Robert (1858–1914)"
Henriques,Simon R.,1828,1890,exact,1,Reg0069540,"Henriques, Simon R. (1828–1890)"
Henriques,"Therese, f. Abrahamson",1833,1882,exact,1,Reg0069550,"Henriques, Therese, f. Abrahamson (1833–1882)"
Herbst,"Anna, f. Rasch",1746,1835,surname_only,1,Reg0069610,"Herbst, Frøknerne"
Herder,Johann Gottfried v.,1744,1803,exact,1,Reg0069690,"Herder, Johann Gottfried von (1744–1803)"
Hertel,Jacob Samuel,1792,1867,surname_year_mismatch,3,Reg0069820;Reg0069830;Reg0069840,"Hertel, Agathe, f. Hertel (1816–1902) | Hertel, Agathe (1850–1892) | Hertel, August Wolfgang (1806–1872)"
Herwerden,"Galathea van, f. van Deen",1836,1900,exact,1,Reg0070040,"Herwerden, Galathea van, f. van Deen (1836–1900)"
Melchior,"g. m. H. van H. III, 250. V, 341. Herwerden, H. van",1831,1910,surname_only,2,Reg0090410;Reg0090660,"Melchior, Familien | Melchior, Mine, se: Melchior, Emilie (Mille)."
Hessen-Kassel,"Anna, Prinsesse af —, f. Prin­ sesse af Preussen",1836,1884,exact,1,Reg0070170,"Hessen-Kassel, Anna, Prinsesse af –, f. Prinsesse af Preussen (1836–1918)"
Hessen-Philippsthal-Barchfeld,"Ernst, Prins af—",1789,1850,none,0,,
Hessen-Philippsthal-Barchfeld,"Juliane So­ phie, Prinsesse af —, f. Prinsesse af Dan­ mark",1788,1850,none,0,,
Hetzel,Jules,1814,1886,exact,1,Reg0070300,"Hetzel, Jules (1814–1886)"
Heyerdahl,Henry van Kervel,1825,1903,exact,1,Reg0070410,"Heyerdahl, Henry (1825–1903)"
Hillerup,F. C.,1793,1861,exact,1,Reg0070600,"Hillerup, F. G. (1793–1861)"
Himmer,Johann Peter,1801,1867,exact,1,Reg0070630,"Himmer, Johann Peter (1801–1867)"
Hindenburg,F. L.,1792,1863,ambiguous,2,Reg0070650;Reg0070660,"Hindenburg, F. L. (1792–1863) | Hindenburg, Georg Daniel (1792–1867)"
Hirschsprung,Heinrich,1836,1908,exact,1,Reg0070750,"Hirschsprung, Heinrich (1836–1908)"
Hirschsprung,Pauline f. Jacobson,1845,1912,exact,1,Reg0070760,"Hirschsprung, Pauline Elisabeth, f. Jacobson (1845–1912)"
Hitzig,Julius Eduard,1780,1849,exact,1,Reg0070770,"Hitzig, Julius Eduard (1780–1849)"
Hjort,Peder,1793,1871,exact,1,Reg0070930,"Hjort, Peder (1793–1871)"
Hoffmann,Carl,1802,1883,exact,1,Reg0071040,"Hoffmann, Carl (1802–1883)"
Hoffmann,E. T. A.,1776,1822,exact,1,Reg0071050,"Hoffmann, E. Th. A. (1776–1822)"
Hoffmeyer,Cordulus Henrik Emil,1832,1898,exact,1,Reg0071080,"Hoffmeyer, Cordulus Henrik Emil (1832–1898)"
Hohlenberg,"Birgitte, f. Malling",1800,1886,exact,1,Reg0071200,"Hohlenberg, Birgitte, f. Malling (1800–1886)"
Hohlenberg,Joh. Chr. Carl,1803,1849,exact,1,Reg0071220,"Hohlenberg, Joh. Chr. Carl (1803–1849)"
Holbeck,H. C. G.,1828,1911,none,0,,
Holberg,Ludvig,1684,1754,exact,1,Reg0071380,"Holberg, Ludvig (1684–1754)"
Holck,"Caroline Elisabeth, Grevinde, f. Møl­ ler",1795,1852,exact,1,Reg0071430,"Holck, Caroline Elisabeth, Grevinde, f. Møller (1795–1852)"
Holck,"Christian, Baron",1847,1919,exact,1,Reg0071450,"Holck, Christian, Baron (1847–1919)"
Holck,"Julius, Greve",1789,1857,exact,1,Reg0071500,"Holck, Julius, Greve (1789–1857)"
Holck,"Natalia, Grevinde, f. Ryge",1816,1895,exact,1,Reg0071510,"Holck, Nathalia, Grevinde, f. Ryge (1816–1895)"
Holck-Winterfeldt,"Christiane, Grevinde, f. Komtesse Danneskiold-Samsøe",1809,1873,exact,1,Reg0071530,"Holck-Winterfeldt, Christiane, Grevinde, f. Komtesse Danneskiold-Samsøe (1809–1873)"
Holck-Winterfeldt,"Gustav Christian, Greve",1802,1885,exact,1,Reg0071540,"Holck-Winterfeldt, Gustav, Greve (1802–1885)"
Holland,"Anna Pavlovna, Dronning af —, f. Storfyrstinde af Rusland",1795,1865,surname_only,1,Reg0071550,"Holland, se: Nederlandene."
Holland,"Sophie, Dronning af —, f. Prinsesse af Württemberg",1818,1877,surname_only,1,Reg0071550,"Holland, se: Nederlandene."
Holland,"Willem II, Konge af —",1792,1849,surname_only,1,Reg0071550,"Holland, se: Nederlandene."
Holland,"Willem III, Konge af —",1817,1890,surname_only,1,Reg0071550,"Holland, se: Nederlandene."
Holm,C. F.,1796,1879,exact,1,Reg0071670,"Holm, Chr. Fr. (1796–1879)"
Holmblad,Jacob,1839,1904,exact,1,Reg0071780,"Holmblad, Jacob (1839–1904)"
Holmblad,L. P.,1815,1890,exact,1,Reg0071790,"Holmblad, L. P. (1815–1890)"
Holmblad,Therese,1847,1923,surname_year_mismatch,3,Reg0071760;Reg0071780;Reg0071790,"Holmblad, Caroline Marie Elisabeth, f. Schack (1820–1899) | Holmblad, Jacob (1839–1904) | Holmblad, L. P. (1815–1890)"
Holst,"Amalia, f. Holm",1815,1894,exact,1,Reg0071910,"Holst, Amalie, f. Holm (1815–1894)"
Holst,"Elisabeth, f. Heger",1811,1891,ambiguous,2,Reg0071950;Reg0071990,"Holst, Elisabeth (Elise), f. Hegner (1811–1891) | Holst, H. P. (1811–1893)"
Holst,H. P.,1811,1893,ambiguous,2,Reg0071950;Reg0071990,"Holst, Elisabeth (Elise), f. Hegner (1811–1891) | Holst, H. P. (1811–1893)"
Holst,P. N. Møller,1784,1872,surname_only,4,Reg0071930;Reg0071960;Reg0071970;Reg0072010,"Holst, Carl | Holst, Emil | Holst, Emesta, se: Simonsen, Ernesta. | Holst, Marie"
Holst,Wilhelm,1807,1898,exact,1,Reg0072020,"Holst, Wilhelm (1807–1898)"
Holstein,"Bodild, Komtesse",1852,1927,exact,1,Reg0072060,"Holstein, Bodild, Komtesse (1852–1927)"
Holstein-Holsteinborg,"Christian Christoph, Greve",1856,1924,exact,1,Reg0072110,"Holstein (-Holsteinborg), Christian Christoph, Greve (1856–1924)"
Holstein,Frederik v.,1771,1853,exact,1,Reg0072150,"Holstein, Frederik Conrad von (1771–1853)"
Holstein-Holsteinborg,"Ludvig, Lensgreve",1815,1892,exact,1,Reg0072270,"Holstein-Holsteinborg, Ludvig, Lensgreve (1815–1892)"
Holstein-Holsteinborg,"Mimi, Lensgrevinde, f. Zahrtmann",1830,1876,surname_year_mismatch,2,Reg0072110;Reg0072270,"Holstein (-Holsteinborg), Christian Christoph, Greve (1856–1924) | Holstein-Holsteinborg, Ludvig, Lensgreve (1815–1892)"
Holstein,"Ulrik Adolph, Greve",1851,1883,exact,1,Reg0072320,"Holstein, Ulrik Adolph, Greve (1851–1883)"
Holstein,"Wilhelmine, Enkegrevinde, f. Kom­ tesse Reventlow",1788,1868,exact,1,Reg0072350,"Holstein, Wilhelmine, Enkegrevinde (1788–1868)"
Holsten-Gharisius,"Adam Christoffer, Baron",1793,1879,none,0,,
Holsten-Charisius,"Magdalene, Baronesse, f. Friccius v. Schilden",1799,1846,surname_year_mismatch,1,Reg0072430,"Holsten-C(h)arisius, Adam Christopher, Baron (1793–1879)"
Holtei,Karl v.,1798,1880,exact,1,Reg0072460,"Holtei, Karl von (1798–1880)"
Homer,"græsk Digter I, 232, 239. IV, 62. V, 483- Hoppe, Emil",1832,1861,none,0,,
Horneman,C. F. E.,1840,1906,exact,1,Reg0072940,"Horneman, G. F. E. (1840–1906)"
Hornemann,Charlotte Oline,1812,1859,exact,1,Reg0072960,"Hornemann, Charlotte (1812–1859)"
Hornemann,Emil,1810,1890,exact,1,Reg0072990,"Hornemann, Emil (1810–1890)"
Hornemann,Emilie,1806,1853,exact,1,Reg0073000,"Hornemann, Emilie (1806–1853)"
Hornemann,Johannes,1853,1871,exact,1,Reg0073050,"Hornemann, Johannes (1853–1871)"
Hornemann,J. W.,1770,1841,exact,1,Reg0073040,"Hornemann, J. W. (1770–1841)"
Hornemann,Marie,1823,1853,surname_only,1,Reg0072950,"Hornemann, Frøknerne"
Toldinspektør,"Justitsraad Claus W. H. I, 26. V, 8-9. Hornemann, Rose",1804,1889,none,0,,
Hornemann,Wilken,1816,1892,exact,1,Reg0073070,"Hornemann, Wilken (1816–1892)"
Hostrup,C.,1818,1892,exact,1,Reg0073250,"Hostrup, C. (1818–1892)"
Houriet,Jules,1782,1852,surname_only,2,Reg0073290;Reg0073300,"Houriet, Madame | Houriet, Mile"
Houriet,Rosalie,1784,1836,exact,1,Reg0073340,"Houriet, Rosalie (1784–1836)"
Howitt,"Mary, f. Botham",1799,1888,exact,1,Reg0073380,"Howitt, Mary, f. Botham (1799–1888)"
Hudtwalcker,Carl,1782,1854,exact,1,Reg0073430,"Hudtwalcker, Carl (1782–1854)"
Hugo,Victor,1802,1885,exact,1,Reg0073490,"Hugo, Victor (1802–1885)"
Hultmann,"Bertine Vilhelmine, f. Branserud",1825,1903,exact,1,Reg0073520,"Hultmann, Hansine Bertine Vilhelmine, f. Brans(e)ru(d) (1825–1903)"
Hunderup,"Cathrine, f. Lind",1802,1880,exact,1,Reg0073600,"Hunderup, Cathrine, f. Lind (1802–1880)"
Hunderup,Niels,1797,1853,exact,1,Reg0073610,"Hunderup, Niels (1797–1853)"
Hvid,Christoffer,1803,1872,exact,1,Reg0073870,"Hvid, Christoffer (1803–1872)"
Hvidt,Edvard J.,1806,1882,exact,1,Reg0073890,"Hvidt, Ed. J. (1806–1882)"
Grossthai,"Kasimir, Baron",1791,1865,none,0,,
Hyllested,F. W.,1825,1906,exact,1,Reg0074010,"Hyllested, F. W. (1825–1906)"
Hägg,J. A.,1850,1928,exact,1,Reg0074050,"Hägg, J. A. (1850–1928)"
Händel,Georg Friedrich,1685,1759,exact,1,Reg0074060,"Händel, G. F. (1685–1759)"
Hänschell,"Augusta, f. Besthorn",1830,1909,exact,1,Reg0074080,"Hänschell, Augusta, f. Besthorn (1830–1909)"
Härtel,Hermann,1803,1875,exact,1,Reg0074130,"Härtel, Hermann (1803–1875)"
Høedt,F. L.,1820,1885,exact,1,Reg0074150,"Høedt, F. L. (1820–1885)"
Høegh-Guldberg,"Anna Dorothea, f. v. Mun­ the af Morgenstjerne",1774,1866,exact,1,Reg0074170,"Høegh-Guldberg, Anna Dorothea, f. von Munthe af Morgenstierne (1774–1766)"
Høegh-Guldberg,Christian,1777,1867,exact,1,Reg0074180,"Høegh-Guldberg, Christian (1777–1867)"
Høegh-Guldberg,Hans Jørgen Christian,1802,1879,surname_year_mismatch,10,Reg0074170;Reg0074180;Reg0074190;Reg0074200;Reg0074210;Reg0074220;Reg0074230;Reg0074240;Reg0074250;Reg0074270,"Høegh-Guldberg, Anna Dorothea, f. von Munthe af Morgenstierne (1774–1766) | Høegh-Guldberg, Christian (1777–1867) | Høegh-Guldberg, Christierne (Stierna) (1806–1888) | Høegh-Guldberg, Frederik (1771–1852) | Høegh-Guldberg, Hanne, f. Bilsted (1812–1871) | Høegh-Guldberg, Ove Christopher (1805–1869) | Høegh-Guldberg, Ove Emmerich (1798–1843) | Høegh-Guldberg, Ove Wilhelm (1807–1848) | Høegh-Guldberg, Petra (1801–1870) | Høegh-Guldberg, Vilhelmine (Mine) (1810–1877)"
Høegh-Guldberg,Julius,1779,1861,surname_year_mismatch,10,Reg0074170;Reg0074180;Reg0074190;Reg0074200;Reg0074210;Reg0074220;Reg0074230;Reg0074240;Reg0074250;Reg0074270,"Høegh-Guldberg, Anna Dorothea, f. von Munthe af Morgenstierne (1774–1766) | Høegh-Guldberg, Christian (1777–1867) | Høegh-Guldberg, Christierne (Stierna) (1806–1888) | Høegh-Guldberg, Frederik (1771–1852) | Høegh-Guldberg, Hanne, f. Bilsted (1812–1871) | Høegh-Guldberg, Ove Christopher (1805–1869) | Høegh-Guldberg, Ove Emmerich (1798–1843) | Høegh-Guldberg, Ove Wilhelm (1807–1848) | Høegh-Guldberg, Petra (1801–1870) | Høegh-Guldberg, Vilhelmine (Mine) (1810–1877)"
Høst,Andreas Frederik,1811,1897,exact,1,Reg0074350,"Høst, Andreas Frederik (1811–1897)"
Høyen,L. N.,1798,1870,exact,1,Reg0074400,"Høyen, N. L. (1798–1870)"
Ibsen,Henrik,1828,1906,exact,1,Reg0074490,"Ibsen, Henrik (1828–1906)"
Ingeborg,"se Drewsen Ingeborg. Ingemann, B. S.",1789,1862,none,0,,
Ingemann,"Lucie, f. Mandix",1792,1868,exact,1,Reg0074610,"Ingemann, Lucie, f. Mandix (1792–1868)"
Ingemann,Søren,1735,1799,surname_only,1,Reg0074600,"Ingemann, Clara (ca. 1845?-ca. 1922)"
Isberg,S. W.,1820,1895,exact,1,Reg0074830,"Isberg, S. W. (1820–1895)"
Isenring,Johann Baptist,1796,1860,exact,1,Reg0074840,"Isenring, Johann Baptist (1796–1860)"
Italien,"Vittorio Emanuele I, Konge af —",1820,1858,exact,1,Reg0074860,"Italien, Vittorio Emanuele II, Konge af – (1820–1878)"
Iversen,C. G.,1817,1881,exact,1,Reg0074900,"Iversen, C. G. (1817–1881)"
Iversen,Chr. H.,1748,1827,surname_only,2,Reg0074880;Reg0074890,"Iversen | Iversen, A. G. (død 1850)"
Jacobsen,"Handelsmand fra Kbh.? I, 160- 61. Jacobsen, Andreas",1801,1870,exact,1,Reg0075040,"Jacobsen, Andreas (1801–1870)"
Jacobsen,Hermann,1838,1907,exact,1,Reg0075110,"Jacobsen, Hermann (1838–1907)"
Jacobsen,J. C.,1811,1887,exact,1,Reg0075130,"Jacobsen, J. G. (1811–1887)"
Jamieson,William,1809,1869,exact,1,Reg0075270,"Jamieson, William (1809–1869)"
Ill,"144. V, 138, 308. Jensen, Claudia",1816,1887,none,0,,
Jensen,H. C.,1836,1903,surname_only,10,Reg0075510;Reg0075520;Reg0075530;Reg0075540;Reg0075550;Reg0075650;Reg0075670;Reg0075680;Reg0075700;Reg0075750,"Jensen | Jensen, Frk. | Jensen | Jensen | Jensen, Anna Jacobine (f. 15.8.1865) | Jensen, Jens (1843–?) | Jensen, Johan | Jensen, Josephine Caroline Vilhelmine, f. Engelmann (1833–?) | Jensen, Kirstine, f. Hansdatter (1816–?) | Jensen, Thora"
Jerdan,William,1782,1869,surname_only,1,Reg0075790,"Jerdan, Mrs."
Jerichau,Harald,1851,1878,exact,1,Reg0075810,"Jerichau, Harald (1851–1878)"
Jerichau,Holger,1861,1900,surname_year_mismatch,5,Reg0075810;Reg0075820;Reg0075830;Reg0075840;Reg0075860,"Jerichau, Harald (1851–1878) | Jerichau, Jens Adolf (1816–1883) | Jerichau, Marie (1850–1893) | Jerichau, Nanny (Agnete) (1853–1897) | Jerichau, Thorald (1848–1909)"
Jerichau,Jens Adolf,1816,1883,exact,1,Reg0075820,"Jerichau, Jens Adolf (1816–1883)"
Jerichau-Baumann,"Elisabeth, f. Baumann",1819,1881,exact,1,Reg0075870,"Jerichau-Baumann, Elisabeth, f. Baumann (1819–1881)"
Jerndorff,Just Ulrik,1806,1847,exact,1,Reg0075900,"Jerndorff, Just Ulrik (1806–1847)"
Jespersen,M. Bohn,1833,1917,surname_only,1,Reg0075960,"Jespersen, Amtmand, se: Esbensen."
Jessen,"Caroline, f. Jessen",1804,1882,exact,1,Reg0076000,"Jessen, Caroline, f. Jessen (1804–1882)"
Jessen,J. G. v.,1817,1884,exact,1,Reg0076020,"Jessen, J. C. von (1817–1884)"
Jessen,Joh. Edv.,1840,,surname_only,1,Reg0076030,"Jessen, Joh. Edv. (1840–?)"
Jessen,Niels Staal,1797,1880,exact,1,Reg0076040,"Jessen, N. J. (1797–1866)"
Jessen,"Sophie Augusta v., f. Dichman",1825,1900,surname_only,1,Reg0076030,"Jessen, Joh. Edv. (1840–?)"
Joachim,Joseph,1831,1907,exact,1,Reg0076120,"Joachim, Joseph (1831–1907)"
John,Johann,1796,1865,none,0,,
Johnson,Samuel,1709,1784,exact,1,Reg0076290,"Johnson, Samuel (1709–1784)"
Joinville,"Francisca, Prinsesse af —, f. Prin­ sesse af Brasilien",1824,1898,exact,1,Reg0076300,"Joinville, Francisca, Prinsesse af –, f. Prinsesse af Brasilien (1824–1898)"
Joinville,"François Ferdinand, Prins af —",1818,1900,exact,1,Reg0076310,"Joinville, François, Prins af – (1818–1900)"
Jonna,"se Drewsen, Jonna. Jonquières, Alice de Dompierre de",1848,1921,surname_only,1,Reg0076370,"Jonna, se: Drewsen, Jonna, og Stampe, Jonna."
Jordan,Ludvig,1813,1889,surname_year_mismatch,1,Reg0076440,"Jordan, Rudolf (1810–1887)"
Josephson,J. A.,1818,1880,exact,1,Reg0076460,"Josephson, J. A. (1818–1880)"
Juel,Niels,1796,1874,exact,1,Reg0076630,"Juel, Niels (1796–1874)"
Jurgensen,N. J.,1809,1882,exact,1,Reg0076790,"Jurgensen, N. J. (1809–1882)"
Lavalette,"g. m. Jules J. II, 344. V, 247. Jürgensen, Fritz",1818,1863,none,0,,
Jürgensen,Jaques-Alfred,1842,1912,exact,1,Reg0076910,"Jürgensen, Alfred (1842–1912)"
Jürgensen,"Jenny Sophie, f. Bojesen",1807,1875,exact,1,Reg0076980,"Jürgensen, Jenny Sophie, f. Bojesen (1807–1875)"
Jürgensen,Jules,1808,1877,ambiguous,2,Reg0076920;Reg0076990,"Jürgensen, Anastasie, f. Lavalette (1808–1877) | Jürgensen, Jules (1808–1877)"
Jürgensen,Jules F. U.,1837,1894,exact,1,Reg0077000,"Jürgensen, Jules F. U. (1837–1894)"
Jürgensen,Louis Urban,1806,1867,exact,1,Reg0077030,"Jürgensen, Louis Urban (1806–1867)"
Jürgensen,Marcus,1798,1879,exact,1,Reg0077050,"Jürgensen, Marcus (1798–1879)"
Jürgensen,Sophie,1813,1882,surname_only,5,Reg0076760;Reg0076800;Reg0076900;Reg0076960;Reg0077100,"Jurgensen, Blanche (1843–?) | Jurgensen, Paul François, Søn af N.J.J., se: Leyssac, Paul Fr. | Jürgensen, se også: Jurgensen og Jørgensen. | Jürgensen, Emma Georgine (1846–?) | Jürgensen, Urban August (død 1866, 28 år gl.)"
Jøhnke,"Julie, f. Reitzel",1830,1905,exact,1,Reg0077180,"Jøhnke, Julie Sophie Andrea, f. Reitzel (1830–1905)"
Jørgensen,Hans Christian,1847,1869,exact,1,Reg0077330,"Jørgensen, Hans Christian (1847–1869)"
Jørgensen,"Jakobine Oline Frederikke, f. Hoff",1827,,surname_only,9,Reg0077220;Reg0077240;Reg0077250;Reg0077260;Reg0077280;Reg0077340;Reg0077370;Reg0077390;Reg0077410,"Jørgensen (1833), se: Jürgensen, Louis Urban. | Jørgensen | Jørgensen | Jørgensen | Jørgensen, Agnes Johanne Marie (1853–?) | Jørgensen, Helga Dorthea Sophie (1856–?) | Jørgensen, Jakobine Oline Frederikke, f. Hoff (1827–?) | Jørgensen, Jørgen | Jørgensen, Rasmus (kaldet Specius) (1792–?)"
Jørgensen,Niels,1822,1907,exact,1,Reg0077400,"Jørgensen, Niels (1822–1907)"
Kaalund,H. V.,1818,1885,exact,1,Reg0077430,"Kaalund, H. V. (1818–1885)"
Kahrs,"Anna, f. de Neergaard",1835,1891,exact,1,Reg0077490,"Kahrs, Anna Henriette, f. Neergaard (1835–1891)"
J97,"201. V, 326. Kahrs, Ole Chr.",1822,1891,none,0,,
Kaiser,Frederik,1808,1872,exact,1,Reg0077510,"Kaiser, Friedrich (1808–1872)"
Kali,"Nancy Gerhardine, f. Rørbye",1813,1863,exact,1,Reg0077590,"Kali, Nancy, f. Rørbye (1813–1863)"
Rørbye,"g. 1835 m. P. J. K. 11,319. V, 237. Kali, Peter Julius",1804,1878,surname_year_mismatch,5,Reg0109010;Reg0109020;Reg0109030;Reg0109040;Reg0109050,"Rørbye, F. C. (1795–1860) | Rørbye, Helga (1840–1919) | Rørbye, Martinus (1803–1848) | Rørbye, Rose Frederikke, f. Schiøtt (1810–1859) | Rørbye, Sophie, f. Henne (1813–1896)"
Karup,W. I.,1829,1870,exact,1,Reg0077720,"Karup, W. I. (1829–1870)"
Kauffmann,Heinr. Aug. Theod.,1819,1905,exact,1,Reg0077800,"Kauffmann, Heinrich (1819–1905)"
Kaulbach,"Josephine v., f. Sutner",1810,1896,exact,1,Reg0077870,"Kaulbach, Josephine von, f. Sutner (1810–1896)"
Kaulbach,Wilhelm v.,1805,1874,exact,1,Reg0077890,"Kaulbach, Wilhelm von (1805–1874)"
Kayser,C. J. H.,1811,1870,exact,1,Reg0077910,"Kayser, G. J. H. (1811–1870)"
Kellermann,"Caroline, f. Fjeldsted",1821,1881,surname_year_mismatch,1,Reg0078020,"Kellermann, Christian (1815–1866)"
Kellermann,Christian,1815,1866,exact,1,Reg0078020,"Kellermann, Christian (1815–1866)"
Kent,"Victoria, Hertuginde af —, f. Prinsesse af Sachsen-Coburg",1786,1861,none,0,,
Kertbeny,K. M.,1824,1882,exact,1,Reg0078150,"Kertbeny, K. M. (1824–1882)"
Kestner,August,1777,1853,exact,1,Reg0078160,"Kestner, August (1777–1853)"
Keyper,Leopold,1793,1854,none,0,,
Kiellerup,Theodor,1818,1850,exact,1,Reg0078230,"Kiellerup, Theodor (1818–1850)"
Kierkegaard,Søren,1813,1855,exact,1,Reg0078290,"Kierkegaard, Søren (1813–1855)"
Kierulff,A. C.,1782,1846,surname_year_mismatch,2,Reg0078300;Reg0078310,"Kierulff, Caroline Emilie Henriette, f. Larsen (1807–1891) | Kierulff, Julie (1814–1875)"
Kierulff,H. A. R.,1793,1866,surname_year_mismatch,2,Reg0078300;Reg0078310,"Kierulff, Caroline Emilie Henriette, f. Larsen (1807–1891) | Kierulff, Julie (1814–1875)"
Kierulff,Julie,1814,1875,exact,1,Reg0078310,"Kierulff, Julie (1814–1875)"
Kiesewetter,"Dr. IV, 110. V, 404. Kingo, Thomas",1634,1703,surname_only,2,Reg0078330;Reg0078340,"Kiesewetter, dr. | Kiesewetter"
Kirchheiner,J. F.,1798,1865,surname_only,1,Reg0078410,"Kirchheiner, A. G. E. (1827–?)"
Kirstein,C. L.,1793,1862,exact,1,Reg0078460,"Kirstein, C. L. (1793–1862)"
Kirstein,Edouard,1835,1899,exact,1,Reg0078470,"Kirstein, Edouard (1835–1899)"
Kjær,"Hedvig Christine, f. Friis",1811,1880,exact,1,Reg0078640,"Kjær, Hedvig Kirstine, f. Friis (1811–1880)"
Kneppelhout,Johannes,1814,1885,exact,1,Reg0078960,"Kneppelhout, Johannes (1814–1885)"
Knudsen,Adrian Benoni,1806,1879,exact,1,Reg0079080,"Knudsen, Adrian Benoni (1806–1879)"
Knudsen,Peter,1819,1854,exact,1,Reg0079180,"Knudsen, Peter (1819–1854)"
Knudsen,"Susanne Elisabeth, f. Miller",1811,1902,exact,1,Reg0079190,"Knudsen, Susanne Elisabeth, f. Miller (1811–1902)"
Knudsen,Thomine,1807,1897,exact,1,Reg0079200,"Knudsen, Thomine (1807–1897)"
Knuth,"Eggert Christopher, Lensgreve",1838,1874,exact,1,Reg0079300,"Knuth, Eggert Christopher, Lensgreve (1838–1874)"
Knuth,"F. M., Lensgreve",1813,1856,exact,1,Reg0079320,"Knuth, F. M., Greve (1813–1856)"
Koch,Henrik,1836,1903,exact,1,Reg0079540,"Koch, Hans Henrik (Henni) (1836–1903)"
Koch,"Ida, f. Wulff",1806,1876,exact,1,Reg0079560,"Koch, Ida, f. Wulff (1806–1876)"
Koch,J. H.,1787,1860,exact,1,Reg0079620,"Koch, Jørgen Hansen (1787–1860)"
Kofoed-Hansen,H. P.,1813,1893,exact,1,Reg0079800,"Kofoed-Hansen, H. P. (1813–1893)"
Kofoed-Hansen,"Sophie Isabella Lætitia, f. Komtesse Moltke",1827,1898,surname_year_mismatch,2,Reg0079800;Reg0079810,"Kofoed-Hansen, H. P. (1813–1893) | Kofoed-Hansen, Sophie Gyrithe (1852–1899)"
Kohl,Johann Georg,1808,1878,exact,1,Reg0079830,"Kohl, Johann Georg (1808–1878)"
Kolb,Gustav,1798,1865,exact,1,Reg0079860,"Kolb, Gustav (1798–1865)"
Kolberg,Andreas,1817,1869,exact,1,Reg0079870,"Kolberg, Andreas (1817–1869)"
Kopp,Joh. Siegfried Julius,1808,1868,none,0,,
Kornerup,Jacob,1825,1913,exact,1,Reg0080060,"Kornerup, Jacob (1825–1913)"
Koss,Joseph Albrecht Friedrich Christopher v.,1787,1858,exact,1,Reg0080120,"Koss, J. von (1787–1858)"
Kotzebue,August v.,1761,1819,exact,1,Reg0080160,"Kotzebue, August von (1761–1819)"
Krabbe,Christopher,1833,1913,none,0,,
Kragh,Christian,1802,1884,exact,1,Reg0080240,"Kragh, Christian (1802–1884)"
Kranold,R. H. C.,1819,1889,exact,1,Reg0080330,"Kranold, R. H. C. (1819–1889)"
Krebs,F. C.,1814,1881,exact,1,Reg0080450,"Krebs, F. C. (1814–1881)"
Krieger,A. F.,1817,1893,exact,1,Reg0080590,"Krieger, A. F. (1817–1893)"
Krieger,Johannes,1810,1833,surname_year_mismatch,5,Reg0080590;Reg0080600;Reg0080610;Reg0080620;Reg0080630,"Krieger, A. F. (1817–1893) | Krieger, Anna Cathrine, f. Falbe (1770–1843) | Krieger, Cornelius (1818–1894) | Krieger, Johan Cornelius (1756–1824) | Krieger, Zarah (1843–1870)"
Krieger,Zarah,1843,1870,exact,1,Reg0080630,"Krieger, Zarah (1843–1870)"
Krohn,J.,1841,1925,exact,1,Reg0080860,"Krohn, Johan (1841–1925)"
Kruse,Laurids,1778,1839,exact,1,Reg0080990,"Kruse, Laurids (1778–1839)"
Kruse,Petrus Janus,1768,1837,surname_only,1,Reg0080970,Kruse
Krüger,Frits,1817,1871,exact,1,Reg0081090,"Krüger, Fritz (1817–1871)"
Krüger,F. T.,1778,1867,surname_only,5,Reg0081030;Reg0081040;Reg0081050;Reg0081060;Reg0081070,"Krüger | Krüger | Krüger | Krüger, Adelaide Sophie, f. Manthey (død 1876, 70 år gl.) | Krüger, Emilie Therese"
Krüger,H. A.,1816,1881,exact,1,Reg0081100,"Krüger, H. A. (1816–1881)"
Kræmer,Robert Fredrik v.,1791,1880,exact,1,Reg0081150,"Kræmer, Robert Fredrik von (1791–1880)"
Krøyer,H. N.,1799,1870,exact,1,Reg0081160,"Krøyer, H. N. (1799–1870)"
Krøyer,P. S.,1851,1909,surname_year_mismatch,1,Reg0081160,"Krøyer, H. N. (1799–1870)"
Küchler,Albert,1803,1886,exact,1,Reg0081370,"Küchler, Albert (1803–1886)"
Kücken,Friedrich Wilhelm,1810,1882,none,0,,
Kühne,Gustav,1806,1888,exact,1,Reg0081410,"Kühne, Gustav (1806–1888)"
Königswarter,"Moritz v., Baron",1837,1893,exact,1,Reg0081530,"Königswarter, Moritz von, Baron (1837–1893)"
Könnentz,Julius v.,1792,1866,none,0,,
Labatt,Leonard,1838,1897,exact,1,Reg0081660,"Labatt, Leonard (1838–1897)"
Lagerheim,"Elias, Friherre",1791,1864,exact,1,Reg0081860,"Lagerheim, Elias, Friherre (1791–1864)"
Lange,Agnes,1841,1903,ambiguous,2,Reg0082020;Reg0082190,"Lange, Agnes (1841–1903) | Lange, Ludvig Classen (1841–1883)"
Lange,Frederikke Nicoline,1812,1892,surname_only,5,Reg0082000;Reg0082010;Reg0082050;Reg0082110;Reg0082170,"Lange | Lange | Lange, Daniel (1815–?) | Lange, Josephine | Lange, Kristian Konrad Sofus (1857–?)"
Teater,"g. 1830 m. P. J. Larcher I, 25, 28. V, 8. Lange, H. V.",1815,1873,none,0,,
Lange,Johan,1818,1898,exact,1,Reg0082100,"Lange, Johan (1818–1898)"
Lange,Rasmus,1777,1848,exact,1,Reg0082240,"Lange, Rasmus (1777–1848)"
Larsen,A. C.,1840,1914,surname_only,8,Reg0082480;Reg0082490;Reg0082500;Reg0082510;Reg0082550;Reg0082610;Reg0082660;Reg0082670,"Larsen | Larsen | Larsen | Larsen | Larsen, Christian | Larsen, Frederikke (1814–?) | Larsen, Peter | Larsen, Wilhelmine Augusta"
Larsen,"Frederika, f. Pommer",1790,1850,surname_only,8,Reg0082480;Reg0082490;Reg0082500;Reg0082510;Reg0082550;Reg0082610;Reg0082660;Reg0082670,"Larsen | Larsen | Larsen | Larsen | Larsen, Christian | Larsen, Frederikke (1814–?) | Larsen, Peter | Larsen, Wilhelmine Augusta"
Lassen,Gotthilf Ferd.,1803,1860,surname_only,5,Reg0082700;Reg0082710;Reg0082730;Reg0082740;Reg0082810,"Lassen, Jfr. | Lassen | Lassen, Elise Frederike (f. ca. 1842) | Lassen, Emma Elsine Petrea, f. Allerup (1837–?) | Lassen, S. L."
Lassen,Jørgen Alexander,1800,1888,surname_only,5,Reg0082700;Reg0082710;Reg0082730;Reg0082740;Reg0082810,"Lassen, Jfr. | Lassen | Lassen, Elise Frederike (f. ca. 1842) | Lassen, Emma Elsine Petrea, f. Allerup (1837–?) | Lassen, S. L."
Laube,Heinrich,1806,1884,exact,1,Reg0082900,"Laube, Heinrich (1806–1884)"
Lehmann,"Arnette Marie Bolette, f. Puggaard",1821,1849,exact,1,Reg0083200,"Lehmann, Eduard Adolf Emilius (1821–1887)"
Lehmann,Nanna,1849,1935,exact,1,Reg0083290,"Lehmann, Nanna (1849–1935)"
Lehmann,Orla,1810,1870,ambiguous,2,Reg0083240;Reg0083310,"Lehmann, Heinrich (Henri) (1810–1890) | Lehmann, Orla (1810–1870)"
Leithoff,Matthias Ludwig,1778,1846,none,0,,
Lembcke,Edvard,1815,1897,exact,1,Reg0083460,"Lembcke, Edvard (1815–1897)"
Lennep,Jacob van,1802,1868,exact,1,Reg0083560,"Lennep, Jacob van (1802–1868)"
Lenz,Ludwig,1813,1896,exact,1,Reg0083650,"Lenz, Ludwig (1813–1896)"
Leo,F. A.,1820,1898,exact,1,Reg0083710,"Leo, F. A. (1820–1898)"
Lerche,"C. A., Lensgreve",1830,1885,exact,1,Reg0083800,"Lerche, C. A., Lensgreve (1830–1885)"
Lerche,"Cornelia, f. Tillisch, Lensgrevinde",1837,1904,exact,1,Reg0083820,"Lerche, Cornelia, Lensgrevinde, f. Tillisch (1837–1904)"
Il,"292. III, 77. V, 227, 288. Lerche, Ferdinand, Greve",1813,1897,none,0,,
Leuchtenberg,"Auguste Amalia, Hertuginde af—, f. Prinsesse af Bayern",1788,1851,exact,1,Reg0083980,"Leuchtenberg, Auguste Amalia, Hertuginde af –, f. Prinsesse af Bayern (1788–1851)"
Lewenhaupt,"Adam Casimir Ludvig, Greve",1820,1895,ambiguous,2,Reg0084360;Reg0084370,"Lewenhaupt, Adam Casimir Ludvig, Greve (1820–1895) | Lewenhaupt, Adelaide Hortense Angelique. Grevinde (1820–1899)"
Levetzau,Joachim Godske,1782,1859,exact,1,Reg0084050,"Levetzau, Joachim Godske (1782–1859)"
Levison,Emilie,1815,1900,exact,1,Reg0084220,"Levison, Emilie (1815–1900)"
Levy,Carl Edvard Marius,1808,1865,exact,1,Reg0084260,"Levy, Carl (1808–1865)"
Libert,Emil,1820,1908,exact,1,Reg0084550,"Libert, G. Emil (1820–1908)"
Libert,"Marie, f. Busch",1830,1904,exact,1,Reg0084560,"Libert, Marie Philippine Caroline, f. Busch (1830–1904)"
Lichtenberg,Georg Christoph,1742,1799,surname_year_mismatch,1,Reg0084590,"Lichtenberg, Hans Henrik de (1803–1867)"
Liebe,"Emilie, f. Egense",1831,1881,exact,1,Reg0084690,"Liebe, Emilie, f. Egense (1831–1881)"
Liebe,Georg Julius,1788,1845,surname_year_mismatch,4,Reg0084670;Reg0084680;Reg0084690;Reg0084700,"Liebe, C. (1820–1900) | Liebe, C. F. J. H. (1815–1883) | Liebe, Emilie, f. Egense (1831–1881) | Liebe, Theodor (1823–1893)"
Liebe,Theodor,1823,1893,exact,1,Reg0084700,"Liebe, Theodor (1823–1893)"
Liebig,Justus v.,1803,1873,exact,1,Reg0084740,"Liebig, Justus von, Friherre (1803–1873)"
Liebmann,Axel,1849,1876,ambiguous,2,Reg0084750;Reg0084780,"Liebmann, Axel (1849–1876) | Liebmann, Nanna, f. Lehmann (1849–1935)"
Lind,Agnete,1849,1915,exact,1,Reg0084890,"Lind, Agnethe (1849–1915)"
Lind,Anna,1843,1915,exact,1,Reg0084900,"Lind, Anna (1843–1915)"
Lind,Ingeborg,1841,1924,exact,1,Reg0084910,"Lind, Ingeborg (1841–1924)"
Lind,Jenny,1820,1887,exact,1,Reg0084930,"Lind, Jenny (1820–1887)"
Lind,"Louise, f. Collin",1813,1898,exact,1,Reg0084940,"Lind, Louise, f. Collin (1813–1898)"
Lind,W.,1807,1891,exact,1,Reg0084980,"Lind, W. (1807–1891)"
Lindegaard,"Johanne Marie, f. Colling",1763,1838,exact,1,Reg0085120,"Lindegaard, Salomon (1763–1825)"
Linstow,Carl Adolph v.,1806,1857,exact,1,Reg0085360,"Linstow, Carl Adolph von (1806–1857)"
Bataillon,"Kam­ merjunker II, 166. V, 180. Linstow, Fr. August v.",1775,1848,none,0,,
Linstow,Otto Ferd. v.,1818,1893,surname_year_mismatch,2,Reg0085350;Reg0085360,"Linstow, August Wilhelm Frantz von (1814–1887) | Linstow, Carl Adolph von (1806–1857)"
Liszt,Franz,1811,1886,exact,1,Reg0085410,"Liszt, Franz (1811–1886)"
Liunge,A. P.,1798,1879,exact,1,Reg0085420,"Liunge, A. P. (1798–1879)"
Livingstone,David,1813,1873,exact,1,Reg0085480,"Livingstone, David (1813–1873)"
Lobedanz,Edmund,1820,1882,exact,1,Reg0085540,"Lobedanz, Edmund (1820–1882)"
Lohmeyer,Charles Beckwith,1810,1874,surname_only,2,Reg0085600;Reg0085610,"Lohmeyer, Charles Beckwith (ca. 1810–74) | Lohmeyer, John Henry Beckwith"
Bentley,"London II, 128, 139. V, 158, 165. Longfellow, H. W.",1807,1882,surname_only,7,Reg0036540;Reg0036550;Reg0036560;Reg0036570;Reg0036580;Reg0036590;Reg0036610,"Bentley, Mrs. George. | Bentley, Mrs. Richard (død 1871) | Bentley, Alfred | Bentley, Annie | Bentley, Charlotte | Bentley, Frederick | Bentley, Horatio"
Lorck,Carl B.,1814,1905,exact,1,Reg0085740,"Lorck, Carl B. (1814–1905)"
Lorck,J. H.,1810,1895,exact,1,Reg0085770,"Lorck, J. H. (1810–1895)"
Lortzing,G. A.,1801,1851,exact,1,Reg0085920,"Lortzing, G. A. (1801–1851)"
Lose,C. C.,1821,1892,exact,1,Reg0085940,"Lose, C. C. (1821–1892)"
Lumbye,H. C.,1810,1874,exact,1,Reg0086230,"Lumbye, H. C. (1810–1874)"
Lund,"Axelline, f. Mørch",1836,1918,ambiguous,2,Reg0086270;Reg0086300,"Lund, Axelline, f. Mørch (1836–1918) | Lund, Christian (1836–1894)"
Lund,Chr. Carl Fr.,1820,1891,surname_only,5,Reg0086250;Reg0086280;Reg0086350;Reg0086360;Reg0086430,"Lund | Lund, Chr., Digter, se: Lund, O. G. | Lund, H. C. (død 1871, 69 år gl.) | Lund, Hans | Lund, Johan R. (død 1893)"
Lund,F. C.,1826,1901,ambiguous,2,Reg0086320;Reg0086470,"Lund, F. C. (1826–1901) | Lund, Louis (1826–1901)"
Lund,Henrik,1825,1889,ambiguous,2,Reg0086370;Reg0086530,"Lund, Henrik (1825–1889) | Lund, Thorvald (1825–1898)"
Lund,Jacob,1831,1891,surname_only,5,Reg0086250;Reg0086280;Reg0086350;Reg0086360;Reg0086430,"Lund | Lund, Chr., Digter, se: Lund, O. G. | Lund, H. C. (død 1871, 69 år gl.) | Lund, Hans | Lund, Johan R. (død 1893)"
Lund,Jens,1796,1836,surname_only,5,Reg0086250;Reg0086280;Reg0086350;Reg0086360;Reg0086430,"Lund | Lund, Chr., Digter, se: Lund, O. G. | Lund, H. C. (død 1871, 69 år gl.) | Lund, Hans | Lund, Johan R. (død 1893)"
Lund,J. J. G.,1801,1884,exact,1,Reg0086400,"Lund, Johan Jacob Georg (1801–1884)"
Lund,"Louise, f. Malling",1829,1895,exact,1,Reg0086500,"Lund, O. C. (1829–1896)"
Lund,Ludvig,1844,1912,exact,1,Reg0086450,"Lund, L. (1844–1912)"
Lund,M. M.,1803,1866,exact,1,Reg0086460,"Lund, Laura Tønder (1803–1831)"
Lund,O. C.,1829,1896,exact,1,Reg0086500,"Lund, O. C. (1829–1896)"
Lund,"Vahlia, f. Hornemann",1807,1890,exact,1,Reg0086550,"Lund, Vahlia, f. Hornemann (1807–1890)"
Luno,Bianco,1795,1852,none,0,,
Luther,Martin,1483,1546,exact,1,Reg0086670,"Luther, Martin (1483–1546)"
Lüth,"Christiane, f. Fischer",1817,1900,exact,1,Reg0086870,"Lüth, Christiane, f. Fischer (1817–1900)"
Lüttichau,Hans Helmuth,1804,1857,surname_year_mismatch,5,Reg0086980;Reg0086990;Reg0087000;Reg0087010;Reg0087020,"Lüttichau, Constant Arnold Ulysses (1847–1906) | Lüttichau, Ida von, f. von Knobelsdorff (1798–1856) | Lüttichau, Idalia, f. Dirckinck Friherreinde af Holmberg (1808–1899) | Lüttichau, Mathias (1795–1870) | Lüttichau, Wolff von (1786–1863)"
Lüttichau,"Idalia, f. Dirckinck Friherreinde af Holmfeld",1808,1899,exact,1,Reg0087000,"Lüttichau, Idalia, f. Dirckinck Friherreinde af Holmberg (1808–1899)"
Lüttichau,Wolff v.,1786,1863,exact,1,Reg0087020,"Lüttichau, Wolff von (1786–1863)"
Lytton,Sir Edward Bulwer-,1803,1873,exact,1,Reg0087040,"Lytton, Sir Edward Bulwer- (1803–1873)"
Lytton,Edward Robert Bulwer-,1831,1891,exact,1,Reg0087050,"Lytton, Edward Robert Bulwer- (1831–1891)"
Læssøe,Axel,1861,1916,exact,1,Reg0087260,"Læssøe, Axel (1861–1916)"
Læssøe,Niels Frederik,1775,1831,surname_only,1,Reg0087360,"Læssøe, Niels Frederik (1869–?)"
Læssøe,"Signe, f. Abrahamson",1781,1870,exact,1,Reg0087370,"Læssøe, Signe, f. Abrahamson (1781–1870)"
Læssøe,Thorald,1816,1878,exact,1,Reg0087380,"Læssøe, Thorald (1816–1878)"
Löffler,Carl,1810,1853,exact,1,Reg0087410,"Løffler, Carl (1810–1853)"
Lønborg,Frederik,1790,1860,surname_only,1,Reg0087480,"Lønborg, Frederikke (død 1904)"
Løvenskiold,H. S.,1815,1870,surname_only,1,Reg0087520,Løvenskiold
Løvenskiold,Leopold Herman Severin,1813,1848,exact,1,Reg0087630,"Løvenskiold, Leopold Herman Severin (1813–1848)"
Löwenstein-Wertheim,"Wilhelm, Prins af —",1783,1847,exact,1,Reg0087800,"Löwenstein-Wertheim, Wilhelm, Prins af – (1783–1847)"
Löwenstern,"Adelaide v., Friherreinde, f. Komtesse Schimmelmann",1796,1876,exact,1,Reg0087830,"Löwenstern, Adelaide von, Baronesse, f. Komtesse Schimmelmann (1796–1876)"
Löwenstern,"Georg Heinrich v., Friherre",1786,1856,exact,1,Reg0087840,"Löwenstern, Georg Heinrich von, Baron (1786–1856)"
Maase,"Olivia v. d., f. Colbiørnsen",1796,1877,surname_year_mismatch,6,Reg0087880;Reg0087900;Reg0087910;Reg0087920;Reg0087930;Reg0087940,"Maase, Caroline von der (1827–1886) | Maase, Caroline Amalie von der, f. Komtesse Holck-Winterfeldt (1842–1914) | Maase, Christian von der (1831–1893) | Maase, Frederik von der (1800–1866) | Maase, Frederik von der (1825–1905) | Maase, Olivia von der, f. Colbiørnsen (1795–1877)"
Madsen,Frederik,1834,1882,exact,1,Reg0088180,"Madsen, Frederik (1834–1882)"
Madvig,J. N.,1804,1886,exact,1,Reg0088220,"Madvig, J. N. (1804–1886)"
Magnus,J. C.,1812,1879,exact,1,Reg0088340,"Magnus, J. C. (1812–1879)"
Maire,Emile le,1814,1912,none,0,,
Malibran,"Maria Felicita, f. Garcia",1808,1836,exact,1,Reg0088400,"Malibran, Maria Félicita, f. Garcia (1808–1836)"
Maltitz,"Franz v., Baron",1794,1857,ambiguous,2,Reg0088520;Reg0088530,"Maltitz, Franz von, Friherre (1794–1857) | Maltitz, Gotthilf August von, Friherre (1794–1837)"
Maltitz,"Gotthilf August v., Friherre",1794,1837,ambiguous,2,Reg0088520;Reg0088530,"Maltitz, Franz von, Friherre (1794–1857) | Maltitz, Gotthilf August von, Friherre (1794–1837)"
Manderstierna,Alexandrine,1836,1913,exact,1,Reg0088590,"Manderstierna, Alexandra (1836–1913)"
Manderstierna,Elisabeth,1821,1904,exact,1,Reg0088600,"Manderstierna, Elisabeth (1821–1904)"
Mannerheim,"A. R., Friherre",1802,1867,exact,1,Reg0088650,"Mannerheim, A. R., Friherre (1802–1867)"
Manthey,Joh. Daniel,1771,1831,surname_only,2,Reg0088780;Reg0088790,"Manthey | Manthey, Frøken"
Mantzius,Kristian,1819,1879,exact,1,Reg0088820,"Mantzius, Kristian (1819–1879)"
Marcus,"Galathea, f. Melchior",1818,1906,exact,1,Reg0088910,"Marcus, Galathea, f. Melchior (1818–1906)"
Melchior,"g. m. L. N. M. IV, 58, 61. V, 388. Marcus, L. N.",1814,1879,exact,1,Reg0090740,"Melchior, Sally (1814–1865)"
Marées,Carl de,1793,1865,exact,1,Reg0089020,"Marées, Carl de (1793–1865)"
Mariager,P.,1827,1894,none,0,,
Marmier,Xavier,1809,1892,exact,1,Reg0089280,"Marmier, Xavier (1809–1892)"
Marr,Heinrich,1797,1871,exact,1,Reg0089330,"Marr, Heinrich (1797–1871)"
Marryat,Frederick,1792,1848,exact,1,Reg0089350,"Marryat, Frederick (1792–1848)"
Marschner,Heinrich,1795,1861,exact,1,Reg0089400,"Marschner, Heinrich (1795–1861)"
Marstrand,Wilhelm,1810,1873,exact,1,Reg0089460,"Marstrand, Wilhelm (1810–1873)"
Martin,Henri,1810,1883,exact,1,Reg0089570,"Martin, Henri (1810–1883)"
Mathiesen,Haagen,1759,1842,exact,1,Reg0089790,"Mathiesen, Haagen (1759–1842)"
Meisling,"Inger Cathrine, f. Hjarup",1793,1854,exact,1,Reg0090280,"Meisling, Inger Cathrine, f. Hjarup (1793–1854)"
Meisling,Peter,1825,1882,exact,1,Reg0090320,"Meisling, Peter (1825–1882)"
Meisling,Simon,1787,1856,exact,1,Reg0090330,"Meisling, Simon (1787–1856)"
Melbye,Anton,1818,1875,exact,1,Reg0090390,"Melbye, Anton (1818–1875)"
Melchior,Anna,1853,1881,exact,1,Reg0090420,"Melchior, Anna (1853–1881)"
Melchior,Carl H.,1855,1931,exact,1,Reg0090460,"Melchior, Carl H. (1855–1931)"
Melchior,"Dorothea, f. Henriques",1823,1885,exact,1,Reg0090490,"Melchior, Dorothea, f. Henriques (1823–1885)"
Melchior,Emil,1857,1881,exact,1,Reg0090500,"Melchior, Emil (1857–1881)"
Melchior,Israel,1827,1893,exact,1,Reg0090610,"Melchior, Israel (1827–1893)"
Melchior,"Johanne, f. Melchior",1848,1911,ambiguous,3,Reg0090620;Reg0090630;Reg0090780,"Melchior, Johanne (1848–1911) | Melchior, Louise (1848–1933) | Melchior, Thea (1848–1928)"
Melchior,Louise,1849,1934,exact,1,Reg0090650,"Melchior, Louise (1849–1934)"
Melchior,Nathan G.,1811,1872,exact,1,Reg0090710,"Melchior, Nathan G. (1811–1872)"
Meldahl,F.,1827,1908,exact,1,Reg0090850,"Meldahl, F. (1827–1908)"
Mellin,G. H.,1803,1876,exact,1,Reg0090890,"Mellin, G. H. (1803–1876)"
Mendelssohn-Bartholdy,Felix,1809,1847,exact,1,Reg0090920,"Mendelssohn-Bartholdy, Felix (1809–1847)"
Mérimée,Prosper,1803,1870,none,0,,
Mexiko,"Maximilian, Kejser af —",1832,1867,none,0,,
Meyer,Wilhelm,1824,1895,exact,1,Reg0091520,"Meyer, Wilhelm (1824–1895)"
Meyerbeer,Giacomo,1791,1864,exact,1,Reg0091550,"Meyerbeer, Giacomo (1791–1864)"
Meza,C. J. de,1792,1865,exact,1,Reg0091600,"Meza, G. J. de (1792–1865)"
Michel,Francisque,1809,1887,exact,1,Reg0091660,"Michel, Francisque (1809–1887)"
Michelsen,"Koffardikaptajn III, 348. V, 363. Michelsen, A. L. J.",1801,1881,exact,1,Reg0091710,"Michelsen, A. L. J. (1801–1881)"
Michelsen,"Marie, f. Duntzfelt",1819,1871,exact,1,Reg0091780,"Michelsen, Marie, f. Duntzfelt (1819–1871)"
Milanollo,Maria,1832,1848,exact,1,Reg0091890,"Milanollo, Maria (1832–1848)"
Milanollo,Teresa,1827,1904,exact,1,Reg0091900,"Milanollo, Teresa (1827–1904)"
Milo,Johan,1788,1861,none,0,,
Molbech,C.,1783,1857,exact,1,Reg0092240,"Molbech, C. (1783–1857)"
Molbech,Chr. K. F.,1821,1888,exact,1,Reg0092250,"Molbech, Chr. K. F. (1821–1888)"
Molière,Jean Baptiste Poquelin,1622,1673,exact,1,Reg0092310,"Moliere, Jean Baptiste Poquelin kaldet - (1622–1673)"
Moltke,"Adam Gottlob, Greve",1798,1863,ambiguous,2,Reg0092400;Reg0092490,"Moltke, Adam Gottlob, Greve (1798–1863) | Moltke, Carl, Greve (1798–1866)"
Moltke,"A. W., Lensgreve",1785,1864,exact,1,Reg0092420,"Moltke, Adam Wilhelm, Lensgreve (1785–1864)"
Moltke,Andreas,1843,1856,ambiguous,2,Reg0092430;Reg0092970,"Moltke, Amalie (Amy), Grevinde, f. Komtesse Danneskiold-Samsøe (1843–1876) | Moltke, Thusnelda (Nelly), Komtesse (1843–1928)"
Moltke,"Carl, Greve",1773,1858,exact,1,Reg0092510,"Moltke, Carl Emil, Greve (1773–1858)"
Moltke,"Carl, Greve",1798,1866,ambiguous,2,Reg0092400;Reg0092490,"Moltke, Adam Gottlob, Greve (1798–1863) | Moltke, Carl, Greve (1798–1866)"
Moltke,"Caroline, Lensgrevinde, f. v. d. Maase",1827,1886,ambiguous,4,Reg0092520;Reg0092810;Reg0092940;Reg0093020,"Moltke, Caroline, Lensgrevinde, f. von der Maase (1827–1886) | Moltke, Maria, Komtesse (1827–1889) | Moltke, Sophie Isabella Lætitia, Komtesse (1827–1898) | Moltke, Wilhelmine Annette Vilsentia, Komtesse (1827–1867)"
Moltke,"Luise Ernestine, f. Bramsen",1806,1878,exact,1,Reg0092660,"Moltke, Gustav Carl (1806–1887)"
Moltke,"Maria, Grevinde, f. v. Buchwald",1809,1895,exact,1,Reg0092800,"Moltke, Maria, Grevinde, f. von Buchwald (1809–1895)"
Moltke,"Marie, Komtesse",1815,1890,exact,1,Reg0092830,"Moltke, Marie, Komtesse (1815–1890)"
Moltke,"Marie Elisabeth, Lensgrevinde, f. Komtesse Knuth",1791,1851,exact,1,Reg0092840,"Moltke, Marie Elisabeth, Lensgrevinde, f. Komtesse Knuth (1791–1851)"
Moltke,"Otto, Greve",1828,1868,ambiguous,2,Reg0092860;Reg0092890,"Moltke, Otto, Greve (1828–1868) | Moltke, Ovine (1828–1908)"
Moltke,"Rosalie, Grevinde, f. Hennings",1801,1885,ambiguous,2,Reg0092910;Reg0093000,"Moltke, Rosalie, Grevinde, f. Hennings (1801–1885) | Moltke, Wilhelm, Greve (1801–1864)"
Moltke,"Thekla, Komtesse",1811,1876,exact,1,Reg0092950,"Moltke, Thekla, Komtesse (1811–1876)"
Moltke-Hvitfeldt,"Adam Gottlob, Greve",1796,1876,exact,1,Reg0093030,"Moltke-Hvitfeldt, Adam Gottlob, Greve (1796–1876)"
Moltke-Hvitfeldt,"Annie, Grevinde, f. Hutton",1836,1889,exact,1,Reg0093040,"Moltke-Hvitfeldt, Annie, Grevinde, f. Hutton (1836–1889)"
Moltke-Hvitfeldt,"Elise, Grevinde, f. Kom­ tesse Razumovska",1811,1892,exact,1,Reg0093050,"Moltke-Hvitfeldt, Elise, Grevinde, f. Grevinde Razumovska (1811–1892)"
Moltke-Hvitfeldt,"Gebhard, Greve",1764,1851,exact,1,Reg0093060,"Moltke-Hvitfeldt, Gebhard, Greve (1764–1851)"
Moltke-Hvitfeldt,"Harald, Greve",1838,1878,exact,1,Reg0093070,"Moltke-Hvitfeldt, Harald, Greve (1838–1878)"
Moltke-Hvitfeldt,"Leon, Greve",1829,1896,exact,1,Reg0093080,"Moltke-Hvitfeldt, Léon, Greve (1829–1896)"
Moltke-Hvitfeldt,"Marie, Grevinde, f. Kom­ tesse Seebach",1843,1902,exact,1,Reg0093090,"Moltke-Hvitfeldt, Maria, Grevinde, f. Grevinde Seebach (1843–1902)"
Monrad,D. G.,1811,1887,exact,1,Reg0093190,"Monrad, D. G. (1811–1887)"
Mosen,Erich,1841,1870,exact,1,Reg0093470,"Mosen, Erich (1841–1870)"
Mosen,Julius,1803,1867,exact,1,Reg0093480,"Mosen, Julius (1803–1867)"
Mosenthai,Salomon Hermann,1821,1877,exact,1,Reg0093510,"Mosenthai, S. H. (1821–1877)"
Mourier,Louis E. A.,1805,1877,exact,1,Reg0093600,"Mourier, Louis (1805–1877)"
Mozart,W. A.,1756,1791,exact,1,Reg0093640,"Mozart, Wolfgang Amadeus (1756–1791)"
Muller,Frederik,1817,1881,exact,1,Reg0093680,"Muller, Frederik (1817–1881)"
Munch,Andreas,1811,1884,exact,1,Reg0093730,"Munch, Andreas (1811–1884)"
Munch,"Anna Marie Amalie, f. Norberg, adopt. Raben",1832,1905,exact,1,Reg0093720,"Munch, Amalia, f. Norberg, adopt. Raben (1832–1905)"
Munch,Helga,1868,1913,exact,1,Reg0093750,"Munch, Helga (1868–1913)"
Munch,Laura,1845,1913,surname_only,2,Reg0093710;Reg0093740,"Munch, Frøknerne | Munch, Caroline (død 1907, 86½ år gl.)"
Munck,Vilhelm,1833,1913,ambiguous,2,Reg0093810;Reg0093840,"Munck, Jens (1833–1885) | Munck, Vilhelm (1833–1913)"
Murillo,Bartolomé Esteban,1617,1682,exact,1,Reg0094000,"Murillo, Bartolome Esteban (1617–1682)"
Murphy,Eduard Falkner,1810,1900,exact,1,Reg0094020,"Murphy, Eduard Falkner (ca. 1810–1900)"
Murray,John,1778,1843,surname_only,2,Reg0094030;Reg0094050,"Murray | Murray, Lady Edythe, f. Fitzpatrick (død 1906)"
Müller,Adam,1811,1844,exact,1,Reg0094240,"Müller, Adam (1811–1844)"
Müller,Friedrich v.,1779,1849,exact,1,Reg0094300,"Müller, Friedrich von(1779–1849)"
Müller,Johannes v.,1752,1809,surname_only,9,Reg0094160;Reg0094170;Reg0094180;Reg0094190;Reg0094200;Reg0094210;Reg0094220;Reg0094420;Reg0094500,"Müller, se også: Møller. | Müller (1833), se: Paludan-Müller, Fr. | Müller | Müller, Brødrene | Müller, Frue | Müller | Müller | Müller, Otto, og hans Kæreste | Müller, Wilhelmine von, f. Lüttich"
Müller,Ludvig,1809,1891,ambiguous,2,Reg0094380;Reg0094480,"Müller, Ludvig (1809–1891) | Müller, Thorvald (1809–1879)"
Müller,Ludvig Christian,1806,1851,exact,1,Reg0094390,"Müller, Ludvig Christian (1806–1851)"
Müller,Otto,1807,1882,exact,1,Reg0094430,"Müller, Otto (1807–1882)"
Müller,P. E.,1840,1926,ambiguous,2,Reg0094310;Reg0094450,"Müller, Georg (1840–1909) | Müller, Peter Erasmus (1840–1926)"
Müller,Sigurd,1844,1918,ambiguous,2,Reg0094400;Reg0094460,"Müller, Marie Louise, f. Biering (1844–1908) | Müller, Sigurd (1844–1918)"
Münch-Bellinghausen,"Eligius Franz Joseph v., Friherre",1806,1871,exact,1,Reg0094530,"Münch-Bellinghausen, Eligius Franz Joseph von, Friherre (1806–1871)"
Møller,Albrecht Carl Adolph From,1803,1884,ambiguous,2,Reg0094820;Reg0094870,"Møller, Albrecht Carl Adolph From (1803–1884) | Møller, Christine Sophie, f. Kellermann (1803–1890)"
Møller,Chr. Edv.,1806,1859,exact,1,Reg0094900,"Møller, Eline, f. Bredsdorff (1806–1888)"
Møller,"Eline, f. Bredsdorff",1806,1888,exact,1,Reg0094900,"Møller, Eline, f. Bredsdorff (1806–1888)"
Møller,Elise Bolette,1813,1877,exact,1,Reg0095070,"Møller, Jørgen Christian (1813–1870)"
Møller,Hans Ulrik,1796,1862,surname_only,12,Reg0094730;Reg0094740;Reg0094750;Reg0094760;Reg0094770;Reg0094780;Reg0094790;Reg0094800;Reg0094810;Reg0095040;Reg0095100;Reg0095120,"Møller, se også: Müller. | Møller | Møller | Møller, Frøken | Møller, Frøken | Møller, Jomfru (1861), se: Müller, Laura. | Møller, Komponist, se: Lange-Müller, P. E. | Møller | Möller, Albert Wilhelm | Møller, Johan Fich | Møller, Minna, se: Müller, Wilhelmine. | Møller, Otto"
Møller,James Fingal,1816,1881,ambiguous,4,Reg0094880;Reg0095000;Reg0095010;Reg0095020,"Møller, Daniel Christian (1816–1904) | Møller, James Fingal (1816–1881) | Møller, Jens Georg Marius (1816–1891) | Møller, Jens Peter (1816–1884)"
Møller,Johan Georg,1779,1840,surname_only,12,Reg0094730;Reg0094740;Reg0094750;Reg0094760;Reg0094770;Reg0094780;Reg0094790;Reg0094800;Reg0094810;Reg0095040;Reg0095100;Reg0095120,"Møller, se også: Müller. | Møller | Møller | Møller, Frøken | Møller, Frøken | Møller, Jomfru (1861), se: Müller, Laura. | Møller, Komponist, se: Lange-Müller, P. E. | Møller | Möller, Albert Wilhelm | Møller, Johan Fich | Møller, Minna, se: Müller, Wilhelmine. | Møller, Otto"
Møller,L. R.,1809,1893,exact,1,Reg0095080,"Møller, L. R. (1809–1893)"
Møller,Poul Martin,1794,1838,exact,1,Reg0095140,"Møller, Poul (1794–1838)"
Mørch,M. W.,1803,1877,surname_year_mismatch,3,Reg0095240;Reg0095250;Reg0095260,"Mørch, Dorothea Juliane, f. Sjobeck (1805–1880) | Mørch, O. A. L. (1828–1878) | Mørch, O. J. N. (1799–1842)"
Mørch,O. A. L.,1828,1878,exact,1,Reg0095250,"Mørch, O. A. L. (1828–1878)"
Mörck,Carl Magnus,1817,1864,exact,1,Reg0095270,"Mörck, Carl Magnus (1817–1864)"
Mørck,Frederik Sigfried,1800,1839,exact,1,Reg0095280,"Mørck, Frederik Sigfried (1800–1839)"
Møsting,J. S. v.,1759,1843,exact,1,Reg0095350,"Møsting, Johan Sigismund (1759–1843)"
Nagel,Carl Friedrich,1794,1873,exact,1,Reg0095360,"Nagel, Carl Friedrich (1794–1873)"
Nathanson,M. L.,1780,1868,exact,1,Reg0095480,"Nathanson, M. L. (1780–1868)"
Neapel,"se Begge Sicilier. Nebelong, N. S.",1806,1871,none,0,,
Nederlandene,"se Holland. Neergaard, Joachim Bruun de",1806,1893,surname_year_mismatch,8,Reg0095550;Reg0095560;Reg0095570;Reg0095580;Reg0095590;Reg0095610;Reg0095620;Reg0095630,"Nederlandene, Amalia, Prinsesse af –, f. Prinsesse af Sachsen-Weimar-Eisenach (1830–1872) | Nederlandene, Anna Pavlovna, Dronning af f. Storfyrstinde af Rusland (1795–1865) | Nederlandene, Louise, Prinsesse af –, f. Prinsesse af Preussen (1808–1870) | Nederlandene, Marie, Prinsesse af – (1841–1910) | Nederlandene, Sophie, Dronning af f. Prinsesse af Württemberg (1818–1877) | Nederlandene, Willem I, Konge af – (1772–1843) | Nederlandene, Willem II, Konge af – (1792–1849) | Nederlandene, Willem III, Konge af – (1817–1890)"
Neergaard,"Louise de, f. Olsen",1808,1866,exact,1,Reg0095760,"Neergaard, Louise, f. Olsen (1808–1866)"
Nees,Fritz,1838,1883,surname_only,1,Reg0095850,"Nees, Wilhelmine (død 1911)"
Nees,"Sophie, f. Jürgensen",1813,1882,exact,1,Reg0095840,"Nees, Sophie, f. Jürgensen (1813–1882)"
Neruda,Franz,1843,1915,exact,1,Reg0095920,"Neruda, Franz (1843–1915)"
Neruda,Joseph,1807,1875,surname_year_mismatch,4,Reg0095920;Reg0095930;Reg0095950;Reg0095960,"Neruda, Franz (1843–1915) | Neruda, Ludovica Camilla, f. Cetti (1848–1935) | Neruda, Marie (1840–1922) | Neruda, Wilhelmine (Wilma) (1838–1911)"
Nestroy,Johann Nepomuk,1802,1862,exact,1,Reg0095970,"Nestroy, Johann Nepomuk (1802–1862)"
Nicolai,Gustav,1795,1852,exact,1,Reg0096110,"Nicolai, Gustav (1795–1852)"
Nicolai,Otto,1810,1849,exact,1,Reg0096130,"Nicolai, Otto (1810–1849)"
Nielsen,August,1828,1868,ambiguous,2,Reg0096280;Reg0096430,"Nielsen, August (1828–1868) | Nielsen, Jens Peter (1828–1893)"
Nielsen,Augusta,1822,1902,exact,1,Reg0096290,"Nielsen, Augusta (1822–1902)"
Nielsen,"Edle Margrethe, f. Nielsen",1815,1893,ambiguous,3,Reg0096330;Reg0096400;Reg0096410,"Nielsen, Edel Margrethe, f. Nielsen (1815–1893) | Nielsen, Henriette (1815–1900) | Nielsen, Ida (1815–1889)"
Nielsen,Fredrik,1846,1907,surname_only,5,Reg0096210;Reg0096220;Reg0096230;Reg0096360;Reg0096450,"Nielsen | Nielsen | Nielsen | Nielsen, F. P. | Nielsen, Lars"
Nielsen,Henriette,1815,1900,ambiguous,3,Reg0096330;Reg0096400;Reg0096410,"Nielsen, Edel Margrethe, f. Nielsen (1815–1893) | Nielsen, Henriette (1815–1900) | Nielsen, Ida (1815–1889)"
Nielsen,Johan Martin,1789,1867,exact,1,Reg0096440,"Nielsen, Johan Martin (1789–1867)"
Nielsen,Michael,1776,1846,surname_only,5,Reg0096210;Reg0096220;Reg0096230;Reg0096360;Reg0096450,"Nielsen | Nielsen | Nielsen | Nielsen, F. P. | Nielsen, Lars"
Nielsen,N. P.,1795,1860,exact,1,Reg0096480,"Nielsen, N. P. (1795–1860)"
Nielsen,Rasmus,1809,1884,exact,1,Reg0096530,"Nielsen, Rasmus (1809–1884)"
Nieuwenhuis,"Augusta, f. Nygaard",1818,1879,exact,1,Reg0096600,"Nieuwenhuis, Augusta, f. Nygaard (1818–1879)"
Nieuwenhuis,Coenraad Jacobus Nicolaas,1813,1881,exact,1,Reg0096610,"Nieuwenhuis, Coenraad Jacobus Nicolaas (1813–1881)"
Nieuwenhuis,P. N.,1842,1924,exact,1,Reg0096620,"Nieuwenhuis, Peder (1842–1924)"
Nilsson,Christina,1843,1921,exact,1,Reg0096650,"Nilsson, Christina (1843–1921)"
Niss,"Caroline Kirstine, f. Christensen",1849,1876,exact,1,Reg0096670,"Niss, Caroline Christine, f. Bjergrav (1849–1876)"
Norman,Ludvig,1831,1885,exact,1,Reg0096910,"Norman, Ludvig (1831–1885)"
Nutzhorn,"Charlotte, f. Feilberg",1802,1879,surname_year_mismatch,4,Reg0097000;Reg0097010;Reg0097020;Reg0097030,"Nutzhorn, Ditlev von (1800–1865) | Nutzhorn, Ditlev Andersen von (1840–1864) | Nutzhorn, Fr. von (1834–1866) | Nutzhorn, Marie von (1840–1932)"
Nutzhorn,Fr. v.,1834,1866,exact,1,Reg0097020,"Nutzhorn, Fr. von (1834–1866)"
Nutzhorn,Marie v.,1840,1932,ambiguous,2,Reg0097010;Reg0097030,"Nutzhorn, Ditlev Andersen von (1840–1864) | Nutzhorn, Marie von (1840–1932)"
Nyerup,R.,1759,1829,exact,1,Reg0097130,"Nyerup, Rasmus (1759–1829)"
Nygren,Carl Daniel,1806,1851,exact,1,Reg0097150,"Nygren, Carl Daniel (1806–1851)"
Nyrop,"Agnes, f. Lange",1841,1903,exact,1,Reg0097170,"Nyrop, Agnes, f. Lange (1841–1903)"
Nyrop,J. L.,1831,1904,exact,1,Reg0097220,"Nyrop, J. L. (1831–1904)"
Odier,Charles,1804,1881,surname_only,1,Reg0097450,"Odier, Lambert, Bankier-Firma i Genéve, se Lombard, Odier & Cie."
Offenbach,Jaques,1819,1880,exact,1,Reg0097480,"Offenbach, Jacques (1819–1880)"
Oksen,E. L.,1849,1924,exact,1,Reg0097520,"Oksen, Erik Lassen (1849–1924)"
Oldenburg,"August, Storhertug af —",1783,1853,exact,1,Reg0097590,"Oldenburg, August, Storhertug af – (1783–1853)"
Olrik,Henrik,1830,1890,exact,1,Reg0097740,"Olrik, Henrik (1830–1890)"
Olsen,Chr. Ludvig,1806,1865,surname_only,3,Reg0097770;Reg0097820;Reg0097840,"Olsen, Mile | Olsen, Herman Carøe (død 1870) | Olsen, Nicolaj Valdemar"
Olsen,"H. C., Sadelmagermester III, i.V, 265. Olsen, P. E.",1818,1876,surname_only,3,Reg0097770;Reg0097820;Reg0097840,"Olsen, Mile | Olsen, Herman Carøe (død 1870) | Olsen, Nicolaj Valdemar"
Oltmann,Caroline,1837,1900,exact,1,Reg0097870,"Oltmann, Caroline (1837–1900)"
Oranien,"Willem, Prins af —",1840,1879,exact,1,Reg0098210,"Oranien, Willem, Prins af – (1840–1879)"
Orlamundt,C. V.,1807,1871,exact,1,Reg0098280,"Orlamundt, C. V. (1807–1871)"
Orléans,"Philippe Ferdinand, Hertug af —",1810,1842,exact,1,Reg0098340,"Orleans, Philippe Ferdinand, Hertug af – (1810–1842)"
Ortwed,"Johanne Marie, f. Møhl, adopt. Pa­ termann",1799,1876,surname_year_mismatch,2,Reg0098380;Reg0098390,"Ortwed, Johanne Marie, f. Møhl, adopt. Patermann (1798–1876) | Ortwed, Søren (1796–1872)"
Ortwed,Søren,1796,1872,exact,1,Reg0098390,"Ortwed, Søren (1796–1872)"
Otto,Carl,1795,1879,exact,1,Reg0098510,"Otto, Carl (1795–1879)"
Oven,"Charlotte v., Baronesse, f. v. Hagen",1809,1891,exact,1,Reg0098560,"Oven, Charlotte von, f. von Hagn (1809–1891)"
Overskou,Thomas,1798,1873,exact,1,Reg0098600,"Overskou, Thomas (1798–1873)"
Oxholm,Oscar O’Neill,1809,1871,surname_only,2,Reg0098640;Reg0098650,"Oxholm, Frøken (den ældre) | Oxholm, de yngre Frøkner"
Oxholm,W.,1805,1876,exact,1,Reg0098690,"Oxholm, W. (1805–1876)"
Paér,F.,1771,1839,exact,1,Reg0098840,"Paer, F. (1771–1839)"
Paetz,Harald,1837,1895,exact,1,Reg0103320,"Paetz, Harald (1837–1895)"
Pallesen,Hans Carl Chr.,1812,1850,exact,1,Reg0098950,"Pallesen, Hans Carl Christian (1812–1850)"
Palmerston,"Henry John Temple, Viscount",1784,1865,exact,1,Reg0099060,"Palmers ton, Henry John Temple, Viscount (1784–1865)"
Paludan-Muller,Amalie,1837,1900,surname_year_mismatch,5,Reg0099070;Reg0099080;Reg0099090;Reg0099100;Reg0099110,"Paludan-Müller, Benedicte (1843–1916) | Paludan-Müller, Charite, f. Borch (1801–1884) | Paludan-Müller, Charlotte Christiane, f. Tryde (1816–1874) | Paludan-Müller, Frederik (1809–1876) | Paludan-Müller, Jens (1813–1899)"
Paludan-Muller,F.,1809,1876,exact,1,Reg0099100,"Paludan-Müller, Frederik (1809–1876)"
Paludan-Müller,J.,1771,1845,surname_year_mismatch,5,Reg0099070;Reg0099080;Reg0099090;Reg0099100;Reg0099110,"Paludan-Müller, Benedicte (1843–1916) | Paludan-Müller, Charite, f. Borch (1801–1884) | Paludan-Müller, Charlotte Christiane, f. Tryde (1816–1874) | Paludan-Müller, Frederik (1809–1876) | Paludan-Müller, Jens (1813–1899)"
Paracelsus,Aureolus Philippus Theophrastus Bombastus v. Hohenheim,1493,1541,exact,1,Reg0099140,"Paracelsus, Aureolus Philippus Theophrastus Bombas tu s von Hohenheim (1493–1541)"
Patti,Adelina,1843,1919,exact,1,Reg0099260,"Patti, Adelina (1843–1919)"
Paulli,H. S.,1810,1891,exact,1,Reg0099340,"Paulli, H. S. (1810–1891)"
Paulli,R.,1846,1911,surname_year_mismatch,3,Reg0099330;Reg0099340;Reg0099350,"Paulli, Alberta, f. Schow (1815–1891) | Paulli, H. S. (1810–1891) | Paulli, J. H. (1809–1865)"
Paulsen,Tobias Andreas Frederik,1808,1885,exact,1,Reg0099410,"Paulsen, Tobias (1808–1885)"
Pechlin,"Elise v., Baronesse",1792,1858,exact,1,Reg0099480,"Pechlin, Elise von, Baronesse (1792–1858)"
Pedersen,Niels,1848,1931,exact,1,Reg0099660,"Pedersen, Niels (1848–1931)"
Pedersen,Ole,1807,1854,exact,1,Reg0099680,"Pedersen, Ole (jun.) (1807–1854)"
Pedersen,Sophie,1844,1908,exact,1,Reg0099720,"Pedersen, Sophie (1844–1908)"
Pedersen,Vilhelm,1820,1859,exact,1,Reg0099750,"Pedersen, Vilhelm (1820–1859)"
Peppo,"se Beppo. Perthes, Friedrich",1772,1843,surname_only,1,Reg0099890,"Peppo, se: Beppo."
Perugino,Pietro,1446,1524,exact,1,Reg0100030,"Perugino, Pietro di Cristoforo Vanucci, kaldet - (1446–1524)"
Petersdorff,"Christian, Greve",1832,1915,exact,1,Reg0100150,"Petersdorff, Christian, Greve (1832–1915)"
Petersen,Christian Severin,1804,1882,surname_only,17,Reg0100160;Reg0100170;Reg0100180;Reg0100190;Reg0100200;Reg0100210;Reg0100220;Reg0100230;Reg0100240;Reg0100290;Reg0100310;Reg0100360;Reg0100370;Reg0100390;Reg0100420;Reg0100430;Reg0100450,"Petersen, se også: Pedersen. | Petersen | Petersen | Petersen, Frøknerne | Petersen | Petersen | Petersen, Mile | Petersen, Skuespiller 1867, se: Dorph-Petersen. | Petersen, Adolph (1791/92–1829) | Petersen, Carl | Petersen, Charlotte Louise Christine, f. Hinrichsen (1794–?) | Petersen, Hans Christian (død 1889, 76 år gl.) | Petersen, Henrik Georg | Petersen, Jens | Petersen, Johanne Marie | Petersen, Ludvig Rudolph (død 1866) | Petersen, Marius"
Petersen,Clemens,1834,1918,exact,1,Reg0100340,"Petersen, Clemens (1834–1918)"
Petersen,F. C.,1786,1859,surname_only,17,Reg0100160;Reg0100170;Reg0100180;Reg0100190;Reg0100200;Reg0100210;Reg0100220;Reg0100230;Reg0100240;Reg0100290;Reg0100310;Reg0100360;Reg0100370;Reg0100390;Reg0100420;Reg0100430;Reg0100450,"Petersen, se også: Pedersen. | Petersen | Petersen | Petersen, Frøknerne | Petersen | Petersen | Petersen, Mile | Petersen, Skuespiller 1867, se: Dorph-Petersen. | Petersen, Adolph (1791/92–1829) | Petersen, Carl | Petersen, Charlotte Louise Christine, f. Hinrichsen (1794–?) | Petersen, Hans Christian (død 1889, 76 år gl.) | Petersen, Henrik Georg | Petersen, Jens | Petersen, Johanne Marie | Petersen, Ludvig Rudolph (død 1866) | Petersen, Marius"
Petersen,Vilhelm,1830,1913,surname_only,17,Reg0100160;Reg0100170;Reg0100180;Reg0100190;Reg0100200;Reg0100210;Reg0100220;Reg0100230;Reg0100240;Reg0100290;Reg0100310;Reg0100360;Reg0100370;Reg0100390;Reg0100420;Reg0100430;Reg0100450,"Petersen, se også: Pedersen. | Petersen | Petersen | Petersen, Frøknerne | Petersen | Petersen | Petersen, Mile | Petersen, Skuespiller 1867, se: Dorph-Petersen. | Petersen, Adolph (1791/92–1829) | Petersen, Carl | Petersen, Charlotte Louise Christine, f. Hinrichsen (1794–?) | Petersen, Hans Christian (død 1889, 76 år gl.) | Petersen, Henrik Georg | Petersen, Jens | Petersen, Johanne Marie | Petersen, Ludvig Rudolph (død 1866) | Petersen, Marius"
Petit,Charles,1811,1885,exact,1,Reg0100580,"Petit, Charles (1811–1885)"
Petit-Senn,J.,1792,1870,exact,1,Reg0100640,"Petit-Senn, J. (1792–1870)"
Petrarca,Francesco,1304,1374,exact,1,Reg0100660,"Petrarca, Francesco (1304–1374)"
Petzholdt,Augusta,1801,1865,exact,1,Reg0100700,"Petzholdt, Augusta (1801–1865)"
Petzholdt,Fritz,1805,1838,exact,1,Reg0100720,"Petzholdt, Fritz (1805–1838)"
Petöfi,Alexander,1823,1849,exact,1,Reg0100750,"Petöfi, Sandor (Alexander) (1823–1849)"
Pfannenschmidt,"Julie, f. Burow",1806,1868,exact,1,Reg0100810,"Pfannenschmidt, Julie, f. Burow (1806–1868)"
Pfeil,Doris,1844,1917,exact,1,Reg0100840,"Pfeil, Doris (1844–1917)"
Phister,"Charlotte, f. Oehlenschlæger",1811,1835,exact,1,Reg0101030,"Phister, Charlotte (Lotte), f. Oehlenschlæger (1811–1835)"
Phister,"Louise, f. Petersen",1816,1914,exact,1,Reg0101060,"Phister, Louise, f. Petersen (1816–1914)"
Phister,Ludvig,1807,1896,exact,1,Reg0101070,"Phister, Ludvig (1807–1896)"
Pichler,"Karoline, f. v. Greiner",1769,1843,none,0,,
Pignatelli,"Adelaide, Prinsesse, f. Nathan- David",1796,1891,none,0,,
Pilatus,"Pontius, romersk Statholder I, 183. V, 46. Pingel, Maria",1840,1913,none,0,,
Pinquez,J. N.,1814,1876,exact,1,Reg0101220,"Pinquez, J. N. (1814–1876)"
Pio,Louis,1841,1894,surname_year_mismatch,2,Reg0101240;Reg0101250,"Pio, Elisabeth Susanne Sophie, f. Komtesse Sponneck (1846–1905) | Pio, Jean (1833–1884)"
Plat,Claude du,1809,1864,surname_only,1,Reg0101440,"Plat, se: du Plat."
Platen-Hallermund,"Julius v., Rigsgreve",1816,1889,surname_year_mismatch,1,Reg0101510,"Platen-Hallermund, Adolf, Greve (1814–1889)"
Piesner,Augusta,1817,1885,exact,1,Reg0101560,"Piesner, Augusta (1817–1885)"
Ploug,Carl,1813,1894,exact,1,Reg0101700,"Ploug, Carl (1813–1894)"
Plum,Frederik,1760,1834,surname_year_mismatch,2,Reg0101750;Reg0101760,"Plum, Peter (1829–1915) | Plum, Tabitha (1795–1856)"
Plum,Tabitha,1795,1856,exact,1,Reg0101760,"Plum, Tabitha (1795–1856)"
Plüskow,"Wilhelmine v., f. v. Witzleben",1793,1872,exact,1,Reg0101800,"Plüskow, Wilhelmine von, f. von Witzleben (1793–1872)"
Plätzer,Joh. Chr.,1783,1873,ambiguous,2,Reg0101810;Reg0101820,"Plätzer, Caroline Wilhelmine, f. Goith (1783–1850) | Plätzer, Johan Christian (1783–1873)"
Pombal,"Hertugen af — III, 330. Pontoppidan, Hendrik",1814,1901,none,0,,
Portugal,"Fernando, tit. Konge af —",1816,1889,exact,1,Reg0102140,"Portugal, Fernando, tit. Konge af – (1816–1889)"
Portugal,"Luis I, Konge af—",1838,1889,exact,1,Reg0102160,"Portugal, Luis I, Konge af – (1838–1889)"
Portugal,"Maria II da Gloria, Dronning af —, f. Prinsesse af Brasilien",1819,1853,exact,1,Reg0102170,"Portugal, Maria II da Gloria, Dronning af –, f. Prinsesse af Brasilien (1819–1853)"
Potter,Paulus,1625,1654,exact,1,Reg0102290,"Potter, Paulus (1625–1654)"
Poulsen,"Anna, f. Næser",1849,1934,ambiguous,2,Reg0102360;Reg0102430,"Poulsen, Anna, f. Næser (1849–1934) | Poulsen, Olaf (1849–1923)"
Poulsen,Emil,1842,1911,exact,1,Reg0102380,"Poulsen, Emil (1842–1911)"
Poulsen,Olaf,1849,1923,ambiguous,2,Reg0102360;Reg0102430,"Poulsen, Anna, f. Næser (1849–1934) | Poulsen, Olaf (1849–1923)"
Poulsen,"Sophie Cathrine, f. Buli",1827,1904,surname_only,4,Reg0102320;Reg0102330;Reg0102340;Reg0102350,"Poulsen, se også: Paulsen. | Poulsen | Poulsen | Poulsen"
Povelsen,Emma,1812,1841,surname_year_mismatch,1,Reg0102470,"Povelsen, Søren Kierulff (1788–1861)"
Sick,"Odense I, 274-75. V, 73. Povelsen, Søren Kierulff",1788,1861,surname_year_mismatch,5,Reg0115180;Reg0115190;Reg0115200;Reg0115210;Reg0115220,"Sick, Anne Dorothea Olavia, f. de Moldrup (1829–1916) | Sick, C. E. (1826–1864) | Sick, Johs. Peter Kr. (1812–1884) | Sick, Julius (1815–1884) | Sick, Th. B. (1827–1893)"
Pram,G. H.,1756,1821,exact,1,Reg0102500,"Pram, C. (1756–1821)"
Preussen,"Elisabeth, Dronning af —, f. Prin­ sesse af Bayern",1801,1873,ambiguous,2,Reg0102630;Reg0102640,"Preussen, Carl, Prins af – (1801–1883) | Preussen, Elisabeth, Dronning af –, f. Prinsesse af Bayern (1801–1873)"
Price,Carl,1839,1909,exact,1,Reg0102830,"Price, Carl (1839–1909)"
Price,"Helga, f. Collin",1841,1918,exact,1,Reg0102840,"Price, Helga, f. Collin (1841–1918)"
Price,Juliette,1831,1906,ambiguous,2,Reg0102800;Reg0102860,"Price, Amalie (1831–1892) | Price, Juliette (1831–1906)"
Price,Julius,1833,1893,ambiguous,2,Reg0102870;Reg0102900,"Price, Julius (1833–1893) | Price, Sophie (1833–1905)"
Price,"Rosa, f. Lewin",1809,1887,exact,1,Reg0102890,"Price, Rosa, f. Lewin (1809–1887)"
Price,Waldemar,1836,1908,exact,1,Reg0102910,"Price, Waldemar (1836–1908)"
Prim,Juan,1814,1870,none,0,,
Printzlau,Ferd.,1794,1865,exact,1,Reg0102950,"Printzlau, Ferdinand (1794–1865)"
Osten,Anton,1795,1876,none,0,,
Puérari,M. N.,1766,1845,exact,1,Reg0103120,"Puerari, Marc-Nicolas (1766–1845)"
Puggaard,Bolette,1844,1829,exact,1,Reg0103140,"Puggaard, Bolette (1844–1929)"
Puggaard,Hans,1788,1866,exact,1,Reg0103170,"Puggaard, Hans (1788–1866)"
Puggaard,Hans,1845,1895,exact,1,Reg0103180,"Puggaard, Hans (1845–1895)"
Puggaard,Rudolf,1818,1885,exact,1,Reg0103190,"Puggaard, Rudolph (1818–1885)"
Puggaard,"Signe, f. Andrea, adopt. Brandt",1824,1897,exact,1,Reg0103210,"Puggaard, Signe, f. Andréa, adopt. Brandt (1824–1897)"
Patges,Johan Anton,1807,1883,exact,1,Reg0103310,"Pätges, Johan Anton (1807–1883)"
Påtges,Johanne Luise,1812,1890,surname_year_mismatch,1,Reg0103310,"Pätges, Johan Anton (1807–1883)"
Raasløff,"Agnete, f. Toft",1814,1891,exact,1,Reg0103550,"Raasløff, Agnete, f. Toft (1814–1891)"
Raasløff,Anna,1843,1907,exact,1,Reg0103560,"Raasløff, Anna (1843–1907)"
Raasløff,Harald,1810,1893,exact,1,Reg0103570,"Raasløff, Harald (1810–1893)"
Raasløff,"Marie Anna, f. Smith",1815,1891,ambiguous,2,Reg0103590;Reg0103600,"Raasløff, Marie Anne Christine Caroline, f. Smith (1815–1891) | Raasløff, Waldemar (1815–1883)"
Raben,Charlotte,1791,1873,exact,1,Reg0103650,"Raben, Charlotte (1791–1873)"
Raben,Elisabeth,1782,1864,exact,1,Reg0103660,"Raben, Elisabeth (Lise) (1782–1864)"
Raben-Levetzau,"Frederik, Greve",1850,1933,exact,1,Reg0103690,"Raben-Levetzau, Frederik, Greve (1850–1933)"
Rachel,Elisabeth,1821,1858,exact,1,Reg0103720,"Rachel, Elisabeth Felix (1821–1858)"
Racine,Jean,1639,1699,exact,1,Reg0103730,"Racine, Jean (1639–1699)"
Radziwill,"Wilhelm, Fyrste",1797,1870,surname_only,1,Reg0103760,"Radziwill, Wilhelm"
Rahbek,K. L.,1760,1830,exact,1,Reg0103860,"Rahbek, Knud Lyne (1760–1830)"
Raimund,Ferdinand,1790,1836,exact,1,Reg0103890,"Raimund, Ferdinand (1790–1836)"
Ramshardt,"Frøken I, 224. V, 57. Rantzau-Breitenburg, Conrad, Rigsgreve",1773,1845,surname_year_mismatch,3,Reg0104000;Reg0104010;Reg0104020,"Ramshardt, Anna Elisabeth (1785–1868) | Ramshardt, Christiane (1790–1843) | Ramshardt, Johanne Jakobe (1781–1852)"
Rasch,"Marie, f. Holtum",1823,1905,exact,1,Reg0104240,"Rasch, Marie, f. Holtum (1823–1905)"
Rasmussen,Sophie,1827,1897,exact,1,Reg0104330,"Rasmussen, Sophie (1827–1897)"
Rasmussen,Theodorus,1814,1893,exact,1,Reg0104340,"Rasmussen, Theodorus (1814–1893)"
Rasmussen,"Wilhelmine, f. Luplau",1813,1868,exact,1,Reg0104350,"Rasmussen, Wilhelmine, f. Luplau (1813–1868)"
Rauch,Christian Daniel,1777,1857,exact,1,Reg0104390,"Rauch, Christian Daniel (1777–1857)"
Ravnkilde,Niels,1823,1890,exact,1,Reg0104440,"Ravnkilde, Niels (1823–1890)"
Recke,"Caroline, f. Lumbye",1833,1901,exact,1,Reg0104560,"Recke, Caroline von der, f. Lumbye (1833–1901)"
Recke,Ernst v. d.,1848,1933,exact,1,Reg0104580,"Recke, Ernst von der (1848–1933)"
Redsted,Margrethe,1814,1879,surname_year_mismatch,1,Reg0104660,"Redsted, Waldemar (1825–1902)"
Reedtz,"Catharine, f. Benzon",1773,1854,exact,1,Reg0104730,"Reedtz, Gatharine, f. Benzon (1773–1854)"
Reedtz-Thott,"Otto, Lensbaron",1785,1862,exact,1,Reg0104780,"Reedtz-Thott, Otto, Lensbaron (1785–1862)"
Reedtz-Thott,"Tage, Lensbaron",1839,1923,exact,1,Reg0104790,"Reedtz-Thott, Tage, Lensbaron (1839–1923)"
Reichenbach,Ludwig,1793,1879,exact,1,Reg0104870,"Reichenbach, Ludwig (1793–1879)"
Reimer,Carl Theodor,1803,1868,surname_year_mismatch,2,Reg0104910;Reg0104920,"Reimer, Carl Theodor (1808–1868) | Reimer, Charlotte (1791–1885)"
Reimer,Charlotte,1791,1885,exact,1,Reg0104920,"Reimer, Charlotte (1791–1885)"
Reinhardt,J.,1816,1882,exact,1,Reg0105000,"Reinhardt, J. Th. (1816–1882)"
Reinick,Robert,1805,1852,exact,1,Reg0105040,"Reinick, Robert (1805–1852)"
Reiser,C. F.,1718,1786,exact,1,Reg0105060,"Reiser, Carl Friederich (1718–1786)"
Reithoffer,Johann Nepomuk,1791,1872,none,0,,
Reitzel,C. A.,1789,1853,exact,1,Reg0105140,"Reitzel, C. A. (1789–1853)"
Reitzel,Carl,1833,1911,exact,1,Reg0105150,"Reitzel, Carl (1833–1911)"
Renck,Detlev Anton,1809,1867,exact,1,Reg0105250,"Renck, Detlev Anton (1809–1867)"
Reuter,Fritz,1810,1874,exact,1,Reg0105470,"Reuter, Fritz (1810–1874)"
Reuterdahl,Henrik,1795,1870,exact,1,Reg0105500,"Reuterdahl, Henrik (1795–1870)"
Reventlow,"Eugen, Greve",1798,1885,exact,1,Reg0105600,"Reventlow, Eugen, Greve (1798–1885)"
Ricasoli,"Bettino, Baron",1809,1880,none,0,,
Richardson,John,1780,1864,exact,1,Reg0105790,"Richardson, John (1780–1864)"
Richardt,Chr.,1831,1892,exact,1,Reg0105800,"Richardt, Chr. (1831–1892)"
Ridderstad,Karl Fredrik,1807,1886,exact,1,Reg0105860,"Ridderstad, Carl Frederik (1807–1886)"
Riedell,Joh. Fr. Chr.,1830,1906,exact,1,Reg0105890,"Riedell, Joh. Fr. Chr. (1830–1906)"
Rieffel,Wilh. Heinrich,1792,1869,exact,1,Reg0105940,"Rieffel, Wilhelm Heinrich (1792–1869)"
Riegels,"Frøknerne, Døtre af H. G. R. II, 168. V, 181. Riegels, H. C.",1793,1861,exact,1,Reg0106010,"Riegels, H. G. (1793–1861)"
Riise,J. C.,1794,1875,exact,1,Reg0106170,"Riise, J. C. (1794–1875)"
Rimestad,C. V.,1816,1879,exact,1,Reg0106190,"Rimestad, C. V. (1816–1879)"
Ristori,Adelaide,1821,1906,surname_year_mismatch,1,Reg0106290,"Ristori, Adelaide (1822–1906)"
Roat,Christian,1788,1827,none,0,,
Rochefoucauld,"Polydor de la, Greve",1801,1855,none,0,,
Rochussen,Jan Jacob,1797,1871,surname_only,1,Reg0106560,"Rochussen, J. B. G., f. Hubert"
Rochussen,W. F.,1832,1912,exact,1,Reg0106590,"Rochussen, W. F. (1832–1912)"
Ill,"254- V, 342. Rode, Gotfred",1830,1878,none,0,,
Rodenberg,Julius,1831,1914,exact,1,Reg0106670,"Rodenberg, Julius (1831–1914)"
Roed,"Emilie Mathilde, f. Kruse",1806,1894,exact,1,Reg0106700,"Roed, Emilie Mathilde, f. Kruse (1806–1894)"
Roed,Jørgen,1808,1888,exact,1,Reg0106740,"Roed, Jørgen (1808–1888)"
Rosen,"Greve IV, 190. V, 430. Rosen, Dorothea Hermine Charlotte v.",1823,1909,exact,1,Reg0107040,"Rosen, Dorothea von (1823–1909)"
Rosen,Wilhelm Carl Ludwig v.,1788,1853,exact,1,Reg0107140,"Rosen, Wilhelm von (1788–1853)"
Rosenberg,G.,1829,1885,exact,1,Reg0107160,"Rosenberg, G. (1829–1885)"
Rosenberg,Gottfried,1784,1849,surname_year_mismatch,2,Reg0107160;Reg0107170,"Rosenberg, G. (1829–1885) | Rosenberg, Sophie Christiane Elisabeth, f. Dahlén (1799–1870)"
Rosendahl,Erich Peter,1792,1876,exact,1,Reg0107190,"Rosendahl, Erich Peter (1792–1876)"
Rosenhoff,Claudius,1804,1869,exact,1,Reg0107230,"Rosenhoff, Claudius (1804–1869)"
Rosenkilde,C. N.,1786,1861,exact,1,Reg0107260,"Rosenkilde, C. N. (1786–1861)"
Rosenkilde,Julie,1823,1894,surname_only,1,Reg0107280,"Rosenkilde, Rose, se: Sødring, Rose."
Rosenkrantz,"Iver, Baron",1813,1873,exact,1,Reg0107360,"Rosenkrantz, Iver, Baron (1813–1873)"
Rosenørn-Teilmann,Theodor,1817,1879,exact,1,Reg0107510,"Rosenørn-Teilmann, Theodor (1817–1879)"
Rosing,Michael,1830,1904,ambiguous,2,Reg0107520;Reg0107550,"Rosing, Agnes, f. Dunlop (1830–1908) | Rosing, Michael (1830–1904)"
Ross,Ludwig,1806,1859,exact,1,Reg0107600,"Ross, Ludwig (1806–1859)"
Rossing,Marie Charlotte,1825,1884,exact,1,Reg0107630,"Rossing, Marie Charlotte (1825–1884)"
Rossini,G.,1792,1868,exact,1,Reg0107640,"Rossini, Giacomo (1792–1868)"
Roth,"Hulda, f. Bockmühl",1825,,surname_only,3,Reg0107660;Reg0107670;Reg0107680,"Roth, Hulda, f. Bockmühl (1825–?) | Roth, Joseph | Roth, Richard (1848–?)"
Roth,Richard,1848,,surname_only,3,Reg0107660;Reg0107670;Reg0107680,"Roth, Hulda, f. Bockmühl (1825–?) | Roth, Joseph | Roth, Richard (1848–?)"
Rothe,Ludvig August,1795,1879,exact,1,Reg0107710,"Rothe, August (1795–1879)"
Rothe,P. C.,1811,1902,exact,1,Reg0107730,"Rothe, Conrad (1811–1902)"
Rothe,Rudolph,1802,1877,exact,1,Reg0107770,"Rothe, Rudolph (1802–1877)"
Rothschild,Karl,1788,1855,exact,1,Reg0107870,"Rothschild, Karl (1788–1855)"
Rottbøll,Chr.,1805,1894,exact,1,Reg0107930,"Rottbøll, Christian Michael (1805–1894)"
Rousseau,Jean Jaques,1712,1778,exact,1,Reg0107990,"Rousseau, Jean-Jacques (1712–1778)"
Roxburghe,"James Henry Robert, Hertug af —",1816,1879,surname_only,1,Reg0108040,"Roxburghe, Susannah Stephania, Hertuginde af –, f. Dalbiac (død 1895)"
Ruben,"Ida, f. Coppel",1845,1913,exact,1,Reg0108070,"Ruben, Ida, f. Goppel (1845–1913)"
Rubens,Peter Paul,1577,1640,exact,1,Reg0108100,"Rubens, Peter Paul (1577–1640)"
Rung,G. A.,1845,1903,exact,1,Reg0108290,"Rung, Georg (1845–1903)"
Rung,Sophie,1850,1929,exact,1,Reg0108310,"Rung, Sophie (1850–1929)"
Rusland,"Alexander II, Kejser af—",1818,1881,exact,1,Reg0108340,"Rusland, Alexander (II), Storfyrstetronfølger af – (1818–1881)"
Rusland,"Alexander Alexandrovic, Storfyrst af —",1845,1894,exact,1,Reg0108350,"Rusland, Alexander (III), Storfyrstetronfølger af – (1845–1894)"
Rusland,"Nikolaj I, Kejser af —",1796,1855,exact,1,Reg0108420,"Rusland, Nikolaj I, Kejser af – (1796–1855)"
Rusland,"Olga, Storfyrstinde af —",1822,1896,exact,1,Reg0108460,"Rusland, Olga Nikolajevna, Storfyrstinde af – (1822–1896)"
Rusland,"Paul I, Kejser af —",1754,1801,exact,1,Reg0108470,"Rusland, Paul I, Kejser af – (1754–1801)"
Rusland,"Peter den Store, Kejser af —",1672,1725,exact,1,Reg0108480,"Rusland, Peter I, den Store, Kejser af – (1672–1725)"
Rydell,Andreas,1775,1859,none,0,,
Rygaard,Viggo,1849,1928,exact,1,Reg0108610,"Rygaard, Viggo (1849–1928)"
Ryge,Immanuel,1813,1891,exact,1,Reg0108620,"Ryge, Immanuel (1813–1891)"
Ryge,J. C.,1780,1842,exact,1,Reg0108640,"Ryge, J. G. (1780-1842)"
Teater,"Dr. med. I, 36, 301, 303. V, 84, 95, >95- Ryge, Natalia",1816,1895,none,0,,
Rørbye,F. C.,1795,1860,exact,1,Reg0109010,"Rørbye, F. C. (1795–1860)"
Rørbye,M.,1803,1848,exact,1,Reg0109030,"Rørbye, Martinus (1803–1848)"
Rørbye,"Sophie, f. Henne",1813,1896,exact,1,Reg0109050,"Rørbye, Sophie, f. Henne (1813–1896)"
Sachs,Hans,1494,1576,exact,1,Reg0109290,"Sachs, Hans (1494–1576)"
Sachsen,"Amalie, Hertuginde af —",1794,1870,exact,1,Reg0109320,"Sachsen, Amalie, Hertuginde af – (1794–1870)"
Sachsen,"Amalie, Prinsesse af —, f. Prinsesse af Bayern",1801,1877,ambiguous,2,Reg0109330;Reg0109390,"Sachsen, Amalie, Prinsesse af –, f. Prinsesse af Bayern (1801–1877) | Sachsen, Johann, Prins af – (1801–1873)"
Sachsen,"Friedrich August II, Konge af —",1797,1854,exact,1,Reg0109360,"Sachsen, Friedrich August II, Konge af – (1797–1854)"
Sachsen,"Georg, Prins af —",1832,1904,exact,1,Reg0109370,"Sachsen, Georg, Prins af – (1832–1904)"
Sachsen,"Johann, Prins af —",1801,1873,ambiguous,2,Reg0109330;Reg0109390,"Sachsen, Amalie, Prinsesse af –, f. Prinsesse af Bayern (1801–1877) | Sachsen, Johann, Prins af – (1801–1873)"
Sachsen,"Marie, Dronning af —, f. Prinsesse af Bayern",1805,1877,exact,1,Reg0109410,"Sachsen, Marie, Dronning af –, f. Prinsesse af Bayern (1805–1877)"
Sachsen,"Marie Anna, Prinsesse af —, f. Prin­ sesse af Portugal",1843,1884,exact,1,Reg0109420,"Sachsen, Marie Anna, Prinsesse af –, f. Prinsesse af Portugal (1843–1884)"
Sachsen,"Sidonie, Prinsesse af —",1834,1862,exact,1,Reg0109430,"Sachsen, Sidonie, Prinsesse af – (1834–1862)"
Sachsen-Coburg-Gotha,"Albert, Prins af —",1819,1861,exact,1,Reg0109450,"Sachsen-Coburg-Gotha, Albert, Prins af – (1819–1861)"
Sachsen-Weimar-Eisenach,"Carl August, Stor­ hertug af —",1758,1828,surname_year_mismatch,16,Reg0109520;Reg0109530;Reg0109540;Reg0109550;Reg0109560;Reg0109570;Reg0109580;Reg0109590;Reg0109600;Reg0109610;Reg0109620;Reg0109630;Reg0109640;Reg0109650;Reg0109660;Reg0109670,"Sachsen-Weimar-Eisenach, Anna, Prinsesse af – (1828–1864) | Sachsen-Weimar-Eisenach, Anna Amalie, Hertuginde af –, f. Prinsesse af Braunschweig (1739–1807) | Sachsen-Weimar-Eisenach, Auguste, Prinsesse af –, f. Prinsesse af Wiirttemberg (1825–1898) | Sachsen-Weimar-Eisenach, Bernhard, Prins af – (1792–1862) | Sachsen-Weimar-Eisenach, Carl Alexander, Arvestorhertug af – (1818–1901) | Sachsen-Weimar-Eisenach, Carl August, Storhertug af – (1757–1828) | Sachsen-Weimar-Eisenach, Carl August, Prins af – (1844–1894) | Sachsen-Weimar-Eisenach, Carl Friedrich, Storhertug af – (1783–1853) | Sachsen-Weimar-Eisenach, Eduard, Prins af – (1823–1902) | Sachsen-Weimar-Eisenach, Hermann, Prins af – (1825–1901) | Sachsen-Weimar-Eisenach, Ida, Prinsesse ai –, f. Prinsesse af Sachsen-Meiningen (1794–1852) | Sachsen-Weimar-Eisenach, Luise, Storhertuginde af –, f. Prinsesse af Hessen-Darmstadt (1757–1830) | Sachsen-Weimar-Eisenach, Maria Pavlovna, Storhertuginde af –, f. Storfyrstinde af Rusland (1786–1859) | Sachsen-Weimar-Eisenach, Marie Alexandrine, Prinsesse af – (1849–1922) | Sachsen-Weimar-Eisenach, Sophie, Arvestorhertuginde af –, f. Prinsesse af Nederlandene (1824–1897) | Sachsen-Weimar-Eisenach, Sophie, Prinsesse af – (1851–1859)"
Sachsen-Weimar-Eisenach,"Carl August, Prins af —",1844,1894,exact,1,Reg0109580,"Sachsen-Weimar-Eisenach, Carl August, Prins af – (1844–1894)"
Sachsen-Weimar-Eisenach,"Elisabeth, Prin­ sesse af —",1854,1908,surname_year_mismatch,16,Reg0109520;Reg0109530;Reg0109540;Reg0109550;Reg0109560;Reg0109570;Reg0109580;Reg0109590;Reg0109600;Reg0109610;Reg0109620;Reg0109630;Reg0109640;Reg0109650;Reg0109660;Reg0109670,"Sachsen-Weimar-Eisenach, Anna, Prinsesse af – (1828–1864) | Sachsen-Weimar-Eisenach, Anna Amalie, Hertuginde af –, f. Prinsesse af Braunschweig (1739–1807) | Sachsen-Weimar-Eisenach, Auguste, Prinsesse af –, f. Prinsesse af Wiirttemberg (1825–1898) | Sachsen-Weimar-Eisenach, Bernhard, Prins af – (1792–1862) | Sachsen-Weimar-Eisenach, Carl Alexander, Arvestorhertug af – (1818–1901) | Sachsen-Weimar-Eisenach, Carl August, Storhertug af – (1757–1828) | Sachsen-Weimar-Eisenach, Carl August, Prins af – (1844–1894) | Sachsen-Weimar-Eisenach, Carl Friedrich, Storhertug af – (1783–1853) | Sachsen-Weimar-Eisenach, Eduard, Prins af – (1823–1902) | Sachsen-Weimar-Eisenach, Hermann, Prins af – (1825–1901) | Sachsen-Weimar-Eisenach, Ida, Prinsesse ai –, f. Prinsesse af Sachsen-Meiningen (1794–1852) | Sachsen-Weimar-Eisenach, Luise, Storhertuginde af –, f. Prinsesse af Hessen-Darmstadt (1757–1830) | Sachsen-Weimar-Eisenach, Maria Pavlovna, Storhertuginde af –, f. Storfyrstinde af Rusland (1786–1859) | Sachsen-Weimar-Eisenach, Marie Alexandrine, Prinsesse af – (1849–1922) | Sachsen-Weimar-Eisenach, Sophie, Arvestorhertuginde af –, f. Prinsesse af Nederlandene (1824–1897) | Sachsen-Weimar-Eisenach, Sophie, Prinsesse af – (1851–1859)"
Sachsen-Weimar-Eisenach,"Sophie, Arvestor- hertuginde af —, f. Prinsesse af Holland",1824,1897,exact,1,Reg0109660,"Sachsen-Weimar-Eisenach, Sophie, Arvestorhertuginde af –, f. Prinsesse af Nederlandene (1824–1897)"
Sachsen-Weimar-Eisenach,"Sophie, Prinsesse af —",1851,1859,exact,1,Reg0109670,"Sachsen-Weimar-Eisenach, Sophie, Prinsesse af – (1851–1859)"
Sager,Hans Carl,1808,1885,exact,1,Reg0109700,"Sager, Hans Carl (1808–1885)"
Saint-Aubain,A. N. de,1798,1865,exact,1,Reg0109730,"Saint-Aubain, A. N. de (1798–1865)"
Saint-Aubain,Anton de,1804,1850,exact,1,Reg0109740,"Saint-Aubain, Anton de (1804–1850)"
Saint-Aubain,Cai de,1843,1925,surname_year_mismatch,2,Reg0109730;Reg0109740,"Saint-Aubain, A. N. de (1798–1865) | Saint-Aubain, Anton de (1804–1850)"
Sally,Henning,1808,1865,exact,1,Reg0109850,"Sally, Henning (1808–1865)"
Salomonsen,"Frederikke, f. Abrahamson",1823,1896,exact,1,Reg0110110,"Salomonsen, Frederikke, f. Abrahamson (1823–1896)"
Saltza,"Edvard Fredrik v., Greve",1775,1859,exact,1,Reg0110220,"Saltza, Edvard Fredrik von, Greve (1775–1859)"
Sandeau,Jules,1811,1883,exact,1,Reg0110320,"Sandeau, Jules (1811–1883)"
Sander,Christian,1756,1819,surname_year_mismatch,1,Reg0110330,"Sander, Johann Heinrich (1810–1865)"
Sauvage,Thomas,1794,1877,exact,1,Reg0110650,"Sauvage, Thomas (1794–1877)"
Savigny,Carl Friedrich v.,1814,1875,exact,1,Reg0110670,"Savigny, Karl Friedrich von (1814–1875)"
Saxtorph,Hans Christian,1813,1875,exact,1,Reg0110790,"Saxtorph, Hans Christian (1813–1875)"
Aagaard,"g. 1870 m. Matthias S. IV, 135. V, 410. Saxtorph, Matthias",1822,1900,surname_only,1,Reg0030030,Aagaard
Scavenius,Lucie,1844,1920,ambiguous,2,Reg0110980;Reg0110990,"Scavenius, Louise Sophie, f. Castonier (1844–1920) | Scavenius, Lucie (1844–1920)"
Scavenius,Otto,1849,1913,exact,1,Reg0111010,"Scavenius, Otto (1849–1913)"
Schall,"Anna Margrethe, f. Schleuther",1775,1852,exact,1,Reg0111190,"Schall, Margrethe, f. Schleuther (1775–1852)"
Schall,Claus,1757,1835,exact,1,Reg0111170,"Schall, Claus (1757–1835)"
Schandorph,Sophus,1836,1901,exact,1,Reg0111210,"Schandorph, Sophus (1836–1901)"
Scharff,Harald,1836,1912,exact,1,Reg0111240,"Scharff, Harald (1836–1912)"
Scharling,Henrik,1836,1920,exact,1,Reg0111320,"Scharling, Henrik (1836–1920)"
Scheel,Hanne Magdalene,1811,1870,surname_only,2,Reg0111500;Reg0111510,Scheel | Scheel
Scheel,Henrik,1797,1865,exact,1,Reg0111570,"Scheel, Henrik (1797–1865)"
Scheel,"Siegfried, Greve",1806,1881,exact,1,Reg0111600,"Scheel, Siegfried, Greve (1806–1881)"
Scheel-Plessen,"Augusta Aurora, Grevinde, f. Komtesse Lewenhaupt",1830,1902,surname_only,1,Reg0111640,"Scheel-Plessen, se også: Piessen."
Scheel-Plessen,"Carl, Baron, senere Greve",1811,1892,surname_only,1,Reg0111640,"Scheel-Plessen, se også: Piessen."
Scheel-Plessen,"W. H. B., Greve",1809,1876,exact,1,Reg0111650,"Scheel-Plessen, Wulff, Lensgreve (1809–1876)"
Scheele,L. N. v.,1796,1874,exact,1,Reg0111680,"Scheele, L. N. (1796–1874)"
Scheltema,Carel Steven Adama van,1815,1897,surname_only,1,Reg0111790,"Scheltema, Carel Steven Adama van, se: Adama van Scheltema, G. S."
Schieck,"Frue, tysk Autografsamlerske III, 14. Schierbeck, Herman",1833,1912,none,0,,
Schiern,Frederik,1816,1882,exact,1,Reg0111950,"Schiern, Frederik (1816–1882)"
Schilden,"Sophie Magdalene v., f. Komtesse Rantzau-Breitenburg",1766,1849,surname_only,1,Reg0111970,"Schilden, se: Friccius von Schilden og Oppen-Schilden."
Schiller,"Charlotte v., f. v. Lengefeld",1766,1826,exact,1,Reg0111990,"Schiller, Charlotte von, f. von Lengefeld (1766–1826)"
Schiller,Fr. v.,1759,1805,exact,1,Reg0112000,"Schiller, Friedrich von (1759–1805)"
Schiødte,J. C.,1815,1884,exact,1,Reg0112160,"Schiødte, J. C. (1815–1884)"
Schiøtt,M. J.,1800,1866,surname_year_mismatch,2,Reg0112170;Reg0112180,"Schiøtt, Charlotte Ophelia, f. Richter (1809–1896) | Schiøtt, Frederik (1798–1861)"
Schlegel,C. F. A.,1809,1878,exact,1,Reg0112250,"Schlegel, Carl Frederik Adolph (1809–1878)"
Schlegel,Hermann,1804,1884,exact,1,Reg0112280,"Schlegel, Hermann (1804–1884)"
Schleiden,Matthias Jakob,1804,1881,none,0,,
Schleisner,Christian,1810,1882,surname_year_mismatch,1,Reg0112320,"Schleisner, Julie Jacobine, f. Bastrup (1814–1898)"
Schleppegrell,Christiane Charlotte Louise v.,1774,1841,surname_year_mismatch,2,Reg0112330;Reg0112340,"Schleppegrell, F. A. (1792–1850) | Schleppegrell, F. A. d. Y. (1838–1905)"
Schley,Ludolph,1798,1859,exact,1,Reg0112400,"Schley, Ludolph (1798–1859)"
Schleyer,Caspar Fr.,1766,1834,none,0,,
Schmettau,"Wilhelmine, Rigsgrevinde, f. Ste- mann",1780,1865,surname_year_mismatch,3,Reg0112540;Reg0112550;Reg0112560,"Schmettau, Alexander Wilhelm, Rigsgreve (1807–1891) | Schmettau, Christian Ludvig Leopold von, Rigsgreve (1806–1878) | Schmettau, Eleonore Dorothea Elisabeth, Rigsgrevinde (1802–1874)"
Baer,Heinrich,1801,1874,none,0,,
Schmidt,Chr.,1822,1865,ambiguous,2,Reg0112720;Reg0112850,"Schmidt, Christian (1822–1865) | Schmidt, Thora, f. Sønderskou (1822–1909)"
Schneider,Hortense,1838,1920,exact,1,Reg0112970,"Schneider, Hortense (1838–1920)"
Schneider,J. L.,1809,1870,exact,1,Reg0112980,"Schneider, Johan Ludvig (1809–1870)"
Schou,Halvor,1823,1879,exact,1,Reg0113310,"Schou, Halvor (1823–1879)"
Schouboe,Dorothea,1774,1844,surname_year_mismatch,1,Reg0113360,"Schouboe, Julie de (1813–1911)"
Schoultz,Johanna v.,1813,1863,exact,1,Reg0113380,"Schoultz, Johanna von (1813–1863)"
Ascheraden,"August Ludwig v., Friherre",1792,1859,none,0,,
Teater,"senere g. Dahl IV, 298. V, 471. Schouw, J. F.",1789,1852,none,0,,
Schouw,"Susette, f. Dalgas",1798,1844,surname_only,1,Reg0113490,Schouw
Schrøder,"Charlotte, f. Westenberg",1786,1868,exact,1,Reg0113630,"Schrøder, Charlotte, f. Westenberg (1786–1868)"
Schroder,Johan Henrik,1791,1857,exact,1,Reg0113640,"Schröder, Johan Henrik (1791–1857)"
Schubert,Franz,1797,1828,exact,1,Reg0113720,"Schubert, Franz (1797–1828)"
Schultz,Chr. W. C.,1833,1909,exact,1,Reg0113860,"Schultz, Chr. Wilh. Carl (1833–1909)"
Schultz,Jens Nicolai Hostrup,1782,1849,surname_only,2,Reg0113830;Reg0113850,"Schultz, Frue | Schultz, Adolph Ludvig Gustav Philip (død 1845, 31 år gl.)"
Schumann,"Clara, f. Wieck",1819,1896,exact,1,Reg0114070,"Schumann, Clara, f. Wieck (1819–1896)"
Schwartsen,Julius,1802,1875,none,0,,
Schwartz,Athalia,1821,1871,exact,1,Reg0114200,"Schwartz, Athalia (1821–1871)"
Schwartz,"Marie Esperance v., f. Brandt",1818,1899,exact,1,Reg0114230,"Schwartz, Marie Esperance von, f. Brandt (1818–1899)"
Schwartzkopf,C. F.,1817,1893,exact,1,Reg0114260,"Schwartzkopf, C. F. (1817–1893)"
Schweigaard,A. M.,1808,1870,exact,1,Reg0114300,"Schweigaard, A. M. (1808–1870)"
Schweigaard,"Caroline, f. Homann",1814,1870,surname_year_mismatch,1,Reg0114300,"Schweigaard, A. M. (1808–1870)"
Schønberg,J. J. A. v.,1782,1841,exact,1,Reg0114510,"Schønberg, Jørgen Johan Albrecht (1782–1841)"
Schønberg,Karl,1832,1908,exact,1,Reg0114520,"Schønberg, Karl (1832–1908)"
Schønheyder,J. F. G.,1773,1850,surname_year_mismatch,4,Reg0114550;Reg0114560;Reg0114570;Reg0114580,"Schønheyder, C. W. (1820–1897) | Schønheyder, Carl Christian (1800–1830) | Schønheyder, Fr. August (1801–1872) | Schønheyder, Gottlieb (1831–1871)"
Scott,Sir Walter,1771,1832,exact,1,Reg0114610,"Scott, Sir Walter (1771–1832)"
Scribe,E.,1791,1861,exact,1,Reg0114620,"Scribe, E. (1791–1861)"
Scudder,Horace,1838,1902,exact,1,Reg0114630,"Scudder, Horace E. (1838–1902)"
Seebach,Marie,1834,1897,exact,1,Reg0114700,"Seebach, Marie (1834–1897)"
Seemann,Corfitz,1800,1875,exact,1,Reg0114740,"Seemann, Corfitz (1800–1875)"
Sehested,Anders,1784,1819,surname_year_mismatch,6,Reg0114770;Reg0114780;Reg0114790;Reg0114800;Reg0114810;Reg0114820,"Sehested, Charlotte Christine, f. Linde (1819–1894) | Sehested, Fr. (1813–1882) | Sehested, Frederik Johan (1818–1899) | Sehested, Hannibal (1609–1666) | Sehested, Hannibal (1820–1900) | Sehested, Julius (1806–1879)"
Sehested,"Charlotte Christine, f. Linde",1819,1894,exact,1,Reg0114770,"Sehested, Charlotte Christine, f. Linde (1819–1894)"
Sehested,"Edel Marie, f. Kjær",1789,1839,surname_year_mismatch,6,Reg0114770;Reg0114780;Reg0114790;Reg0114800;Reg0114810;Reg0114820,"Sehested, Charlotte Christine, f. Linde (1819–1894) | Sehested, Fr. (1813–1882) | Sehested, Frederik Johan (1818–1899) | Sehested, Hannibal (1609–1666) | Sehested, Hannibal (1820–1900) | Sehested, Julius (1806–1879)"
Sehested,Frederik,1813,1882,exact,1,Reg0114780,"Sehested, Fr. (1813–1882)"
Seidl,Johann Gabriel,1804,1875,exact,1,Reg0114870,"Seidl, Johann Gabriel (1804–1875)"
Selchau,"Christiane Annette, f. v. Herbst",1805,1856,none,0,,
Jakobi,"Køge I, 113. V, 28. Selmer, Harald",1814,1879,none,0,,
Semb,Johanne,1854,1901,exact,1,Reg0114940,"Semb, Johanne (1854–1901)"
Semb,Lars,1822,1891,exact,1,Reg0114950,"Semb, Lars (1822–1891)"
Semb,"Stella, f. Boye",1824,1927,exact,1,Reg0114960,"Semb, Stella, f. Boye (1824–1927)"
Serre,Friedrich Anton,1789,1863,exact,1,Reg0115060,"Serre, Friedrich Anton (1789–1863)"
Sevel,Peter,1797,1861,none,0,,
Shakespeare,William,1564,1616,exact,1,Reg0115100,"Shakespeare, William (1564–1616)"
Sibbern,F. C.,1785,1872,exact,1,Reg0115130,"Sibbern, F. C. (1785–1872)"
Siboni,Giuseppe,1780,1839,exact,1,Reg0115170,"Siboni, Giuseppe (1780–1839)"
Sick,C. E.,1826,1864,exact,1,Reg0115190,"Sick, C. E. (1826–1864)"
Sick,Julius,1815,1884,exact,1,Reg0115210,"Sick, Julius (1815–1884)"
Siebold,Karl Theodor Ernst v.,1804,1885,exact,1,Reg0115300,"Siebold, Karl Theodor Ernst von (1804–1885)"
Simonsen,A. E.,1809,1876,exact,1,Reg0115520,"Simonsen, A. E. (1809–1876)"
Simonsen,Niels,1807,1885,exact,1,Reg0115580,"Simonsen, Niels (1807–1885)"
Simrock,Karl,1802,1876,exact,1,Reg0115690,"Simrock, Karl (1802–1876)"
Skau,Laurids,1817,1864,exact,1,Reg0115770,"Skau, Laurids (1817–1864)"
Skotland,"Mary Stuart, Dronning af —",1542,1587,exact,1,Reg0115840,"Skotland, Mary Stuart, Dronning af – (1542–1587)"
Skovgaard,"Georgia, f. Schouw",1828,1868,exact,1,Reg0115880,"Skovgaard, Georgia, f. Schouw (1828–1868)"
Schouw,"g. 1851 m. P. C. S. IV, 66. V, 390. Skovgaard, P. C.",1817,1875,surname_only,1,Reg0113490,Schouw
Skrike,Adolph,1811,1891,exact,1,Reg0115940,"Skrike, Adolf (1811–1891)"
Smidt,Carl Christian,1799,1865,exact,1,Reg0115990,"Smidt, Carl Christian (1799–1865)"
Major,"senere Ju- stitsraad II, 197. V, 195. Smidt, Wilhelm",1801,1884,none,0,,
Smidth,Jens Fr.,1815,1890,exact,1,Reg0116060,"Smidth, Jens Frederik (1815–1890)"
Smidth,Peder Hersleb Classen,1809,1869,ambiguous,2,Reg0116040;Reg0116090,"Smidth, Anthon (1809–1868) | Smidth, Peder Hersleb Classen (1809–1869)"
Smidth,L. A.,1820,1906,surname_year_mismatch,6,Reg0116040;Reg0116050;Reg0116060;Reg0116070;Reg0116080;Reg0116090,"Smidth, Anthon (1809–1868) | Smidth, Betty, f. Christensen (1818–1892) | Smidth, Jens Frederik (1815–1890) | Smidth, Jens Kjørbo (1840–1900) | Smidth, Margrethe Kirstine (1844–1922) | Smidth, Peder Hersleb Classen (1809–1869)"
Sohlman,August,1824,1874,exact,1,Reg0116330,"Sohlman, August (1824–1874)"
Sommer,Frederik L. F.,1813,1878,exact,1,Reg0116460,"Sommer, Frederik Laurentius Fiedler (1813–1878)"
Sommer,"Mary, f. Gumpel",1834,1909,exact,1,Reg0116500,"Sommer, Mary, f. Gümpel (1834–1909)"
Sommer,Otto Schack,1822,1906,exact,1,Reg0116510,"Sommer, Otto Schack (1822–1906)"
Sonne,Edvard,1804,1878,exact,1,Reg0116550,"Sonne, Edvard (1804–1878)"
Sonne,J.V.,1801,1890,exact,1,Reg0116560,"Sonne, J. V. (1801–1890)"
Spanien,"Isabella II, Dronning af—",1830,1904,exact,1,Reg0116870,"Spanien, Isabella II, Dronning af – (1830–1904)"
Speckter,Otto,1807,1871,exact,1,Reg0116970,"Speckter, Otto (1807–1871)"
Spohr,Ludwig,1784,1859,exact,1,Reg0117040,"Spohr, Ludwig (1784–1859)"
Späth,Carl v.,1779,1865,exact,1,Reg0117210,"Späth, Carl von (1779–1865)"
Staffeldt,A. W. Schack v.,1769,1826,surname_year_mismatch,1,Reg0117370,"Staffeldt, Johannes von (1806–1849)"
Stage,"Augusta, f. Koefoed",1816,1894,surname_year_mismatch,3,Reg0117380;Reg0117390;Reg0117400,"Stage, Georg G. (1839–1930) | Stage, Gottlob (1791–1845) | Stage, Marie, f. Sauerländer (1846–1888)"
Stage,Georg G.,1839,1930,exact,1,Reg0117380,"Stage, Georg G. (1839–1930)"
Stage,Gottlob,1791,1845,exact,1,Reg0117390,"Stage, Gottlob (1791–1845)"
Stahr,Adolf,1805,1876,exact,1,Reg0117450,"Stahr, Adolf (1805–1876)"
Stampe,"Astrid, Baronesse",1852,1930,exact,1,Reg0117540,"Stampe, Astrid, Baronesse (1852–1930)"
Stampe,"Carl, Baron",1806,1880,exact,1,Reg0117550,"Stampe, Carl, Baron (1806–1880)"
Stampe,"Christian, Baron",1831,1897,exact,1,Reg0117560,"Stampe, Christian, Baron (1831–1897)"
Stampe,"Christine, Lensbaronesse, f. Dalgas",1797,1868,exact,1,Reg0117570,"Stampe, Christine, Baronesse, f. Dalgas (1797–1868)"
Stampe,"Elise, Baronesse",1824,1883,exact,1,Reg0117580,"Stampe, Elise, Baronesse (1824–1883)"
Stampe,"Hendrik, Lensbaron",1794,1876,exact,1,Reg0117590,"Stampe, Hendrik, Baron (1794–1876)"
Stampe,"Henrik, Baron",1821,1892,exact,1,Reg0117600,"Stampe, Henrik, Baron (1821–1892)"
Stampe,"Holger, Baron",1822,1904,exact,1,Reg0117610,"Stampe, Holger, Baron (1822–1904)"
Stampe,"Jeanina, Baronesse",1833,1861,exact,1,Reg0117630,"Stampe, Jeanina, Baronesse (1833–1861)"
Stampe,"Jeanina, Baronesse",1861,1911,exact,1,Reg0117640,"Stampe, Jeanina, Baronesse (1861–1911)"
Stampe,"Jonna, Baronesse, f. Drewsen",1827,1878,exact,1,Reg0117650,"Stampe, Jonna, Baronesse, f. Drewsen (1827–1878)"
Stampe,"Rigmor, Baronesse",1850,1923,exact,1,Reg0117680,"Stampe, Rigmor, Baronesse (1850–1923)"
Stang,Fredrik,1808,1884,exact,1,Reg0117710,"Stang, Fredrik (1808–1884)"
Stanley,"Edward Geoffroy Smith, Lord",1799,1869,surname_year_mismatch,3,Reg0117750;Reg0117760;Reg0117770,"Stanley, Edward John, Lord (1850 Baron Stanley of Alderley) (1802–1869) | Stanley, Henriette Maria, Lady, f. Dillon (1807–1895) | Stanley, Sir Henry Morton (1841–1904)"
Stedingk,"Eugen Fredrik Oskar Ludvig v., Friherre",1825,1871,exact,1,Reg0117800,"Stedingk, Eugen Fredrik Oskar Ludvig von, Friherre (1825–1871)"
Steenbuch,Hans Thomas Mathias,1811,1875,exact,1,Reg0117850,"Steenbuch, Hans Thomas Mathias (1811–1875)"
Steffensen,Karl,1816,1888,exact,1,Reg0117990,"Steffensen, Karl (1816–1888)"
Steinheim,SalomonLevi,1789,1866,exact,1,Reg0118070,"Steinheim, Salomon Levi (1789–1866)"
Stolpe,Hjalmar,1841,1905,exact,1,Reg0118610,"Stolpe, Hjalmar (1841–1905)"
Stramboe,Fr. Chr.,1833,1908,exact,1,Reg0118900,"Stramboe, Frederik Christian (1833–1908)"
Strandberg,Olof,1816,1882,exact,1,Reg0118940,"Strandberg, Olof (1816–1882)"
Strauss,Johann d. Æ.,1804,1849,exact,1,Reg0119000,"Strauss, Johann d.Æ. (1804–1849)"
Streckfuss,Karl,1778,1844,exact,1,Reg0119020,"Streckfuss, Karl (1778–1844)"
Streit,"Hotelejer i Hamburg II, 35. V, 130. Stricker, Charles Ludvig",1798,,none,0,,
Stub,Ambrosius,1705,1758,exact,1,Reg0119160,"Stub, Ambrosius (1705–1758)"
Studsgaard,C. L.,1830,1899,exact,1,Reg0119170,"Studsgaard, C. L. (1830–1899)"
Stürmer,"Bartholomäus v., Greve",1787,1863,exact,1,Reg0119260,"Stürmer, Bartholomäus von, Greve (1787–1863)"
Suell,"Eva, f. Håkansson",1804,1884,exact,1,Reg0119340,"Suell, Eva, f. Håkansson (1804–1884)"
Suenson,Magnus,1802,1856,exact,1,Reg0119360,"Suenson, Magnus (1802–1856)"
Suenson,Minna,1846,1930,surname_year_mismatch,4,Reg0119350;Reg0119360;Reg0119370;Reg0119380,"Suenson, Edouard (1805–1887) | Suenson, Magnus (1802–1856) | Suenson, Ottilia, f. Uldall (1816–1872) | Suenson, Otto F. (1810–1888)"
Suenson,Otto,1810,1888,exact,1,Reg0119380,"Suenson, Otto F. (1810–1888)"
Suhr,J. E.,1779,1860,surname_year_mismatch,7,Reg0119420;Reg0119430;Reg0119440;Reg0119450;Reg0119460;Reg0119470;Reg0119480,"Suhr, Caroline (1850–1889) | Suhr, Ida Marie, f. Bech (1825–1897) | Suhr, Ida Marie (1853–1938) | Suhr, Johannes Theodor (1842–1888) | Suhr, Ole Berendt (1789–1858) | Suhr, Ole Berendt (1813–1875) | Suhr, Sofie (1851–1882)"
Suhr,Ole Berendt,1789,1858,exact,1,Reg0119460,"Suhr, Ole Berendt (1789–1858)"
Suhr,Ole Bernt,1813,1875,exact,1,Reg0119470,"Suhr, Ole Berendt (1813–1875)"
Swane,Hans Jørgen,1821,1903,exact,1,Reg0120140,"Swane, Jørgen (1821–1903)"
Swane,"Magdalena, f. Bruun",1827,1909,exact,1,Reg0120160,"Swane, Magdalena, f. Bruun (1827–1909)"
Swane,Peter Daniel,1852,1929,exact,1,Reg0120170,"Swane, Peter Daniel (1852–1929)"
Sverrig,"Christina, Dronning af —",1626,1689,exact,1,Reg0119720,"Sverrig, Christina, Dronning af – (1626–1689)"
Sverrig,"Gustaf III, Konge af —",1746,1792,ambiguous,2,Reg0119790;Reg0120080,"Sverrig, Gustaf III, Konge af – (1746–1792) | Sverrig, Sophie Magdalene, Dronning af –, f. Prinsesse af Danmark (1746–1813)"
Sverrig-Norge,"Gustaf, Prins af —",1827,1852,exact,1,Reg0119810,"Sverrig-Norge, Gustaf, Prins af – (1827–1852)"
Sverrig-Norge,"Josefina, Dronning af —, f. Prinsesse af Leuchtenberg",1808,1876,exact,1,Reg0119860,"Sverrig-Norge, Josefina, Kronprinsesse af –, f. Prinsesse af Leuchtenberg (1808–1876)"
Sverrig-Norge,"Karl XIV Johan, Konge af—",1763,1844,exact,1,Reg0119910,"Sverrig-Norge, Karl XIV Johan (f. Jean Baptiste Bernadotte), Konge af – (1763–1844)"
Sverrig-Norge,"Lovisa, Dronning af —, f. Prinsesse af Holland",1828,1871,exact,1,Reg0119970,"Sverrig-Norge, Lovisa, Dronning af –, f. Prinsesse af Nederlandene (1828–1871)"
Sverrig-Norge,"Oscar I, Konge af —",1799,1859,exact,1,Reg0120040,"Sverrig-Norge, Oscar (I), Kronprins af – (1799–1859)"
Fredrik,Prins af —,1829,1907,none,0,,
Széchenyi,"Ludwig, Greve",1781,1855,exact,1,Reg0120290,"Széchenyi, Ludwig, Greve (1781–1855)"
Széchenyi,"Stephan, Greve",1791,1860,exact,1,Reg0120300,"Széchenyi, Stephan, Greve (1791–1860)"
Sødring,Rose,1850,1927,ambiguous,2,Reg0120390;Reg0120440,"Sødring, Edgar (1850–1888) | Sødring, Rose (1850–1927)"
Sønderup,Anna,1841,1870,exact,1,Reg0120510,"Sønderup, Anna (1841–1870)"
Tadolini,"Eugenia, f. Savorini",1809,,surname_only,1,Reg0120650,"Tadolini, Eugenia, f. Savonari (1809–efter 1851, dødsår ubekendt)"
Taglioni,Marie,1804,1884,exact,1,Reg0120660,"Taglioni, Marie (1804–1884)"
Tang,A. E. M.,1803,1868,exact,1,Reg0120770,"Tang, A. E. M. (1803–1868)"
Tang,Nelly,1841,1877,exact,1,Reg0120840,"Tang, Nelly (1841–1877)"
Taylor,Meta,1818,1885,exact,1,Reg0121090,"Taylor, Meta (1818–1885)"
Tegnér,Esaias,1782,1846,exact,1,Reg0121120,"Tegnér, Esaias (1782–1846)"
Thalberg,Sigismund,1812,1871,exact,1,Reg0121410,"Thalberg, Sigismund (1812–1871)"
Theodor,"se Collin, Theodor. Thestrup, Henriette, f. Redsted",1817,1895,surname_only,1,Reg0121500,"Theodor, se: Collin, Theodor."
Thestrup,Peter Mathias,1814,1856,exact,1,Reg0121570,"Thestrup, Peter Mathias (1814–1856)"
Thiele,"Hanne, f. Aagesen",1819,1892,exact,1,Reg0121610,"Thiele, Hanne, f. Aagesen (1819–1892)"
Thiele,J. M.,1795,1874,exact,1,Reg0121650,"Thiele, Just Mathias (1795–1874)"
Thiers,Louis Adolphe,1797,1877,none,0,,
Thoma,"Vært i Hotel Bellevue, Wildbad II, 259- Thomsen, C. J.",1788,1865,none,0,,
Thomsen,Grimur,1820,1896,exact,1,Reg0121810,"Thomsen, Grimur (1820–1896)"
Thomsen,Ove,1801,1862,exact,1,Reg0121850,"Thomsen, Ove (1801–1862)"
Thoresen,Marie,1834,1874,exact,1,Reg0122000,"Thoresen, Marie (1834–1874)"
Thorkilsen,Christen,1833,1881,exact,1,Reg0122010,"Thorkilsen, Christen (1833–1881)"
Thun-Hohenstein,"Joseph Matthias, Greve",1794,1868,exact,1,Reg0122230,"Thun-Hohenstein, Joseph Matthias, Greve (1794–1868)"
Thyberg,"Tybjerg. Tybjerg, Caroline, f. Oltmann",1837,1900,surname_only,1,Reg0122270,"Thyberg, Tybjerg."
Thyberg,Henrik,1776,1844,surname_only,1,Reg0122270,"Thyberg, Tybjerg."
Thyberg,"Oline, f. Falenkam",1781,1853,exact,1,Reg0122370,"Thyberg, Oline, f. Falenkam (1781–1853)"
Tichatschek,Joseph Aloys,1807,1886,exact,1,Reg0122430,"Tichatschek, Joseph Aloys (1807–1886)"
Tidemand,Adolph,1814,1876,exact,1,Reg0122470,"Tidemand, Adolph (1814–1876)"
Tieck,Ludwig,1773,1853,exact,1,Reg0122540,"Tieck, Ludwig (1773–1853)"
Tietgen,C. F.,1829,1901,exact,1,Reg0122580,"Tietgen, C. F. (1829–1901)"
Tillisch,F. F.,1801,1889,exact,1,Reg0122660,"Tillisch, F. (1801–1889)"
Timmermann,Oswald Andreas,1798,1857,exact,1,Reg0122690,"Timmermann, Oswald Andreas (1798–1857)"
Torp,Andreas,1767,1801,surname_only,1,Reg0123010,"Torp, Freya (ca. 1819–?)"
Torrearsa,"Vincenzo Fardella di, Marquis",1808,1889,none,0,,
Toscana,"Marie, Hertuginde af —, f. Prinsesse af Sachsen",1796,1865,exact,1,Reg0123130,"Toscana, Marie, Storhertuginde af –, f. Prinsesse af Sachsen (1796–1865)"
Tottenberg,F. F.,1824,1895,none,0,,
Tramp,"Caroline Amalie, Komtesse",1841,1905,exact,1,Reg0123220,"Tramp, Caroline Amalie, Komtesse (1841–1905)"
Tramp,"Sophie Juliane Charlotte, Komtesse",1844,1894,exact,1,Reg0123240,"Tramp, Sophie Juliane Charlotte, Komtesse (1844–1894)"
Traube,Ludwig,1818,1876,none,0,,
Travers,"C. C., hollandsk Konsul i Athen I, 312. V, 92. Trepka, Chr.",1842,1864,surname_only,2,Reg0123330;Reg0123350,"Travers | Travers, C. C."
Trepka,Holten Fürchtegott,1818,1895,exact,1,Reg0123470,"Trepka, Holten Fiirchtegott (1818–1895)"
Trepka,"Ida, f. Falbe",1822,1849,surname_year_mismatch,6,Reg0123430;Reg0123450;Reg0123460;Reg0123470;Reg0123480;Reg0123490,"Trepka, Alma (1845–1886) | Trepka, Christian (1779–1864) | Trepka, Christian (1842–1864) | Trepka, Holten Fiirchtegott (1818–1895) | Trepka, Joh. Chr. Mathias (1809–1850) | Trepka, Mathiane, f. Bugge (1786–1858)"
Trepka,Johan Christian Mathias,1809,1850,exact,1,Reg0123480,"Trepka, Joh. Chr. Mathias (1809–1850)"
Tscherning,A. F.,1795,1874,exact,1,Reg0123810,"Tscherning, A. F. (1795–1874)"
Tscherning,"Eleonore Christine, f. Lützow",1817,1890,exact,1,Reg0123830,"Tscherning, Eleonora Christine, f. Lützow (1817–1890)"
Tuxen,Mandrup Peter,1818,1891,exact,1,Reg0124000,"Tuxen, Mandrup Peder (1818–1891)"
Tybjerg,"se Thyberg. Töpfer, Karl",1792,1871,surname_only,2,Reg0122280;Reg0124030,"Tybjerg, Asbjørn (født og død 1871) | Tybjerg, se: Thyberg."
Toepfer,Rodolphe,1797,1846,none,0,,
Uldall,Carl Julius,1839,1892,ambiguous,2,Reg0124340;Reg0124360,"Uldall, Carl Julius (1839–1892) | Uldall, Fr. (1839–1921)"
Uldall,Carl Vilhelm,1804,1883,ambiguous,2,Reg0124350;Reg0124380,"Uldall, Carl Vilhelm (1804–1883) | Uldall, Julie Vilhelmine, f. Rottbøll (1804–1879)"
Uldall,"Julie Vilhelmine, f. Rottbøll",1804,1879,ambiguous,2,Reg0124350;Reg0124380,"Uldall, Carl Vilhelm (1804–1883) | Uldall, Julie Vilhelmine, f. Rottbøll (1804–1879)"
Rottbøll,"g. m. C. V. U. II, 319. V, 237. Uldall, Ludvig",1819,1867,surname_only,1,Reg0107910,Rottbøll
Ulfeldt,"Leonora Christina, Grevinde",1621,1698,exact,1,Reg0124440,"Ulfeldt, Leonora Christina, Rigsgrevinde (1621–1698)"
Unsgaard,Andreas,1801,1842,exact,1,Reg0124650,"Unsgaard, Andreas (1801–1842)"
Unsgaard,I. J.,1798,1872,exact,1,Reg0124660,"Unsgaard, I. J. (1798–1872)"
Ussing,Carl,1823,1849,exact,1,Reg0124700,"Ussing, C. (1823–1849)"
Uttenreiter,Charlotte,1823,1886,surname_only,1,Reg0124720,"Uttenreiter, Caroline (død 1886, 72 år gl.)"
Waagepetersen,Christian,1787,1840,surname_year_mismatch,2,Reg0126200;Reg0126210,"Waagepetersen, Mathilde, f. Schram (1814–1898) | Waagepetersen, Mozart (1813–1885)"
Wagner,Richard,1813,1883,exact,1,Reg0126370,"Wagner, Richard (1813–1883)"
Vahl,Johan,1799,1875,exact,1,Reg0124760,"Vahl, Johan (1799–1875)"
Wales,"Edward, Prins af —",1841,1910,exact,1,Reg0126540,"Wales, Edward, Prins af – (1841–1910)"
Wanscher,Marie,1836,1912,exact,1,Reg0126770,"Wanscher, Marie (1836–1912)"
Wanscher,Nanna,1838,1915,exact,1,Reg0126780,"Wanscher, Nanna (1838–1915)"
Wanscher,Wilhelm,1802,1882,exact,1,Reg0126790,"Wanscher, Wilhelm (1802–1882)"
Warburg,John,1812,1895,exact,1,Reg0126930,"Warburg, John (1812–1895)"
Watt,Robert,1837,1894,exact,1,Reg0127230,"Watt, Robert (1837–1894)"
Weber,Carl Maria v.,1786,1826,exact,1,Reg0127310,"Weber, Carl Maria von (1786–1826)"
Weber,J. J.,1803,1880,exact,1,Reg0127340,"Weber, J. J. (1803–1880)"
Weber,Matthias,1850,1933,exact,1,Reg0127370,"Weber, Matthias (1850–1933)"
Wedel,Camilla,1816,1855,exact,1,Reg0127440,"Wedel, Camilla (1816–1855)"
Wedel-Heinen,Jul. Chr. Fr.,1814,1887,exact,1,Reg0127540,"Wedel-Heinen, Julius Christian Friderich (1814–1887)"
Wegener,Jens Frederik Christian,1812,1864,exact,1,Reg0127790,"Wegener, Jens Frederik Christian (1812–1864)"
Wegener,"Marie, f. Bindesbøll",1793,1856,surname_year_mismatch,4,Reg0127770;Reg0127780;Reg0127790;Reg0127800,"Wegener, C. F. (1802–1893) | Wegener, Caroline Mathilde, f. Jacobsen (1806–1897) | Wegener, Jens Frederik Christian (1812–1864) | Wegener, Theodor (1817–1877)"
Wegener,Theodor,1817,1877,exact,1,Reg0127800,"Wegener, Theodor (1817–1877)"
Weilbach,Philip,1834,1900,exact,1,Reg0127900,"Weilbach, Philip (1834–1900)"
Weimar,"se Sachsen-Wcimar-Eisenach. Weis, Carl",1809,1872,surname_only,1,Reg0127910,"Weimar, se: Sachsen-Weimar-Eisenach."
Weis,Ernst,1807,1873,exact,1,Reg0127950,"Weis, Ernst (1807–1873)"
Welhaven,Christopher Frederik,1788,1830,exact,1,Reg0128060,"Welhaven, Christopher Frederik (1788–1830)"
Welhaven,J. S.,1807,1873,exact,1,Reg0128080,"Welhaven, J. S. (1807–1873)"
Weller,C.,1838,1900,exact,1,Reg0128100,"Weller, C. (1838–1900)"
Verdi,Giuseppe,1813,1901,exact,1,Reg0125050,"Verdi, Giuseppe (1813–1901)"
Verhulst,Jan,1816,1891,exact,1,Reg0125090,"Verhulst, J. J. H. (1816–1891)"
Werligh,August,1795,1841,none,0,,
Wessel,J. H.,1742,1785,exact,1,Reg0128340,"Wessel, Johan Herman (1742–1785)"
Ill,"320. V, 53, 302. Westermann, Carl Theodor",1812,1882,none,0,,
Ill,"202. V, 212. Westermann, George",1810,1879,none,0,,
Westermann,"Ida Sophie, f. Fürst",1813,1885,exact,1,Reg0128520,"Westermann, Ida Sophie, f. Fürst (1813–1885)"
Westrheene,Tobias van,1825,1871,none,0,,
Wexschall,"Anna, f. Brenøe",1803,1856,exact,1,Reg0128610,"Wexschall, Anna, f. Brenøe (1803–1856)"
Wexschall,Fr.,1798,1845,surname_year_mismatch,2,Reg0128610;Reg0128630,"Wexschall, Anna, f. Brenøe (1803–1856) | Wexschall, Orpheline (1845–1910), Datter af Violinisten Fr. W., Plejedatter af Peter Schram, se: Schram, Orpheline."
Weyse,C. E. F.,1774,1842,exact,1,Reg0128640,"Weyse, C. E. F. (1774–1842)"
Viborg,"Hansigne Henriette, f. Fogh",1791,1867,surname_year_mismatch,1,Reg0125280,"Viborg, Niels (1785–1863)"
Wiborg,K. F.,1813,1885,none,0,,
Viborg,N.,1785,1863,exact,1,Reg0125280,"Viborg, Niels (1785–1863)"
Wiedemann,Hans Christian,1854,1871,exact,1,Reg0128770,"Wiedemann, Hans Christian (1854–1871)"
Wiedemann,Niels Carl Peder Ferdinand,1849,1871,exact,1,Reg0128790,"Wiedemann, Niels Carl Peter Ferdinand (1849–1871)"
Wiedemann,Søren Martin Gudmand,1855,1871,exact,1,Reg0128810,"Wiedemann, Søren Martin Gudmand (1855–1871)"
Wiehe,"Emilie, f. Thorsen",1821,1891,ambiguous,2,Reg0128850;Reg0128910,"Wiehe, Emilie, f. Thorsen (1821–1891) | Wiehe, Marie Louise (1821–1901)"
Wiehe,Johan,1830,1877,exact,1,Reg0128890,"Wiehe, Johan (1830–1877)"
Wiehe,Michael,1820,1864,exact,1,Reg0128920,"Wiehe, Michael (1820–1864)"
Wiehe,Wilhelm,1826,1884,exact,1,Reg0128930,"Wiehe, Wilhelm (1826–1884)"
Wieland,Christoph Martin,1733,1813,exact,1,Reg0128950,"Wieland, Christoph Martin (1733–1813)"
Vieweg,Eduard,1796,1869,exact,1,Reg0125370,"Vieweg, Eduard (1796–1869)"
Viggo,"se Drewsen, Viggo. Wilckens, Carl Frederik",1808,1877,surname_only,1,Reg0125390,"Viggo, se: Drewsen, Viggo, og Neergaard, Viggo."
Wildt,Johannes,1782,1836,none,0,,
Vilsoet,Pierre Godefroi,1811,1877,none,0,,
Wilster,Christian,1797,1840,exact,1,Reg0129390,"Wilster, Christian (1797–1840)"
Winckler,Bernt,1780,1845,none,0,,
Vind,Chr. Andr.,1794,1869,surname_year_mismatch,4,Reg0125550;Reg0125560;Reg0125570;Reg0125590,"Vind, Anna Sophie Elisabeth, f. Hoppe (1803–1881) | Vind, Emil (1829–1906) | Vind, Sophie (1825–1901) | Vind, Sophus (1842–1913)"
Vind,"Sophie Elisabeth, f. Hoppe",1803,1881,exact,1,Reg0125550,"Vind, Anna Sophie Elisabeth, f. Hoppe (1803–1881)"
Wingård,Carl Fredrik af,1781,1851,exact,1,Reg0129560,"Wingard, Carl Fredrik af (1781–1851)"
Winsløw,Carl,1796,1834,surname_only,3,Reg0129620;Reg0129630;Reg0129640,"Winsløw | Winsløw, Frue, f. Schiøtt | Winsløw, Ferd. S."
Winther,Christian,1796,1876,exact,1,Reg0129670,"Winther, Christian (1796–1876)"
Winther,Chr. M.,1817,1890,exact,1,Reg0129690,"Winther, Chr. M. (1817–1890)"
Winther,Ida,1835,1882,surname_year_mismatch,13,Reg0129660;Reg0129670;Reg0129680;Reg0129690;Reg0129700;Reg0129710;Reg0129720;Reg0129730;Reg0129740;Reg0129760;Reg0129770;Reg0129780;Reg0129790,"Winther, Anna Marie Franziska, f. Popp (1851–1928) | Winther, Christian (1796–1876) | Winther, Christian Ancker (1816–1898) | Winther, Chr. M. (1817–1890) | Winther, Geert (1813–1905) | Winther, Georg (1844–1879) | Winther, Julie, f. Lütthans (1813–1881) | Winther, Laurentius Robert (1811–1877) | Winther, Marie Louise, f. Bentzen (1818–1849) | Winther, Petrine, f. Steffensen (1850–1930) | Winther, Pouline (1848–1849) | Winther, Thor (1846–1870) | Winther, Valdemar Julius (1846–1912)"
Winther,"Julie, f. Lütthans",1813,1881,ambiguous,2,Reg0129700;Reg0129720,"Winther, Geert (1813–1905) | Winther, Julie, f. Lütthans (1813–1881)"
Winther,Laurentius Robert,1811,1877,exact,1,Reg0129730,"Winther, Laurentius Robert (1811–1877)"
Winther,Mathias,1795,1834,surname_year_mismatch,13,Reg0129660;Reg0129670;Reg0129680;Reg0129690;Reg0129700;Reg0129710;Reg0129720;Reg0129730;Reg0129740;Reg0129760;Reg0129770;Reg0129780;Reg0129790,"Winther, Anna Marie Franziska, f. Popp (1851–1928) | Winther, Christian (1796–1876) | Winther, Christian Ancker (1816–1898) | Winther, Chr. M. (1817–1890) | Winther, Geert (1813–1905) | Winther, Georg (1844–1879) | Winther, Julie, f. Lütthans (1813–1881) | Winther, Laurentius Robert (1811–1877) | Winther, Marie Louise, f. Bentzen (1818–1849) | Winther, Petrine, f. Steffensen (1850–1930) | Winther, Pouline (1848–1849) | Winther, Thor (1846–1870) | Winther, Valdemar Julius (1846–1912)"
Witte,Iver Nicolaj,1791,1865,surname_only,2,Reg0129850;Reg0129860,"Witte | Witte, Ernst"
Vliet,Jacobus Leunis van der,1814,1851,exact,1,Reg0125740,"Vliet, Jacobus Leunis van der (1814–1851)"
Vogler,Georg Joseph,1749,1814,none,0,,
Voigt,Christian,1808,1888,surname_only,1,Reg0125900,"Voigt, Charlotte Emilie, f. Hansen (1838–?)"
Voigt,Laurits Peter,1779,1859,exact,1,Reg0125920,"Voigt, Laurits Peter (1779–1859)"
Voigt,Riborg,1806,1883,exact,1,Reg0125940,"Voigt, Riborg (1806–1883)"
Wolff,Bernhard,1799,1851,exact,1,Reg0130150,"Wolff, Oskar Ludwig Bernhard (1799–1851)"
Wolzogen,"Karoline v., f. v. Lengefeld",1763,1847,exact,1,Reg0130270,"Wolzogen, Karoline von, f. von Lengefeld (1763–1847)"
Worsaae,Jens,1780,1840,surname_year_mismatch,3,Reg0130350;Reg0130360;Reg0130370,"Worsaae, J. J. A. (1821–1885) | Worsaae, Jacobine, f. Grevenkop-Castenschiold (1838–1910) | Worsaae, Peter Marius (1816–1877)"
Worsaae,J. J. A.,1821,1885,exact,1,Reg0130350,"Worsaae, J. J. A. (1821–1885)"
Voss,Juan,1842,1883,exact,1,Reg0126100,"Voss, Juan (1842–1883)"
Brehmer,"Augusta Petronella, Friherreinde, f. Wollmar",1812,1873,none,0,,
Brehmer,"Carl Gustaf, Friherre",1803,1872,none,0,,
Wrede,"Louis, Friherre",1816,1901,exact,1,Reg0130440,"Wrede, Ludvig (Louis), Greve (1816–1901)"
Wulff,Christian,1810,1856,exact,1,Reg0130530,"Wulff, Christian (1810–1856)"
Wulff,"Henriette, f. Weinholdt",1784,1836,exact,1,Reg0130550,"Wulff, Henriette, f. Weinholdt (1784–1836)"
Wulff,Louise,1810,1842,exact,1,Reg0130530,"Wulff, Christian (1810–1856)"
Wulff,Peter Frederik,1774,1842,exact,1,Reg0130660,"Wulff, Peter Frederik (1774–1842)"
Württemberg,"Wilhelm I, Konge af—",1781,1864,exact,1,Reg0130730,"Württemberg, Wilhelm I, Konge af – (1781–1864)"
Zahle,Nathalie,1827,1913,exact,1,Reg0130960,"Zahle, Natalie (1827–1913)"
Zahle,P. Chr.,1825,1898,exact,1,Reg0130970,"Zahle, P. G. (1825–1898)"
Zahrtmann,Wanda,1842,1916,exact,1,Reg0131060,"Zahrtmann, Wanda (1842–1916)"
Zeise,Heinrich,1793,1863,exact,1,Reg0131170,"Zeise, Heinrich (1793–1863)"
Zeise,Heinrich,1822,1914,exact,1,Reg0131180,"Zeise, Heinrich (1822–1914)"
Plüskow,"Wei­ mar II, 54. V, 135. Zinck, Ludvig",1776,1851,surname_only,1,Reg0101780,"Plüskow, I. von"
Teater,"Komponist I, 2, 90, 93, 244. V, 3, 63. Zinn, Ludvig",1808,1868,none,0,,
Zinn,"Margrethe Christiane, f. Oldeland",1784,1857,exact,1,Reg0131530,"Zinn, Margrethe Christiane, f. Oldeland (1784–1857)"
Tx-za,Christine,1797,1862,none,0,,
Zöllner,"Karoline v., f. Grape",1795,1868,exact,1,Reg0131710,"Zöllner, Karoline von, f. Grape (1795–1868)"
Oehlenschlæger,Adam,1779,1850,exact,1,Reg0131760,"Oehlenschlæger, Adam (1779–1850)"
Oehlenschlæger,Charlotte,1811,1835,exact,1,Reg0131780,"Oehlenschlæger, Charlotte (Lotte) (1811–1835)"
Oehlenschlæger,"Francisca, f. Hedemann",1822,1861,exact,1,Reg0131800,"Oehlenschlæger, Francisca, f. Hedemann (1822–1861)"
Oehlenschlæger,Johannes,1813,1874,exact,1,Reg0131810,"Oehlenschlæger, Johannes (1813–1874)"
Øllgaard,Ferdinand,1842,1919,exact,1,Reg0131840,"Øllgaard, Ferdinand (1842–1919)"
Ørsted,Anders Sandøe,1778,1860,exact,1,Reg0131870,"Ørsted, Anders Sandøe (1778–1860)"
Ørsted,"Birgitte, f. Ballum",1789,1875,exact,1,Reg0131900,"Ørsted, Birgitte, f. Ballum (1789–1875)"
Ørsted,Hans Christian,1772,1851,surname_year_mismatch,17,Reg0131860;Reg0131870;Reg0131880;Reg0131890;Reg0131900;Reg0131910;Reg0131920;Reg0131930;Reg0131940;Reg0131950;Reg0131960;Reg0131970;Reg0131980;Reg0131990;Reg0132000;Reg0132020;Reg0132040,"Ørsted, A. S. (1816–1872) | Ørsted, Anders Sandøe (1778–1860) | Ørsted, Anders Sandøe (1826–1905) | Ørsted, Antoinette Christine Vilhelmine Rosa Louise, f. Rigsfriherreinde von Eggers (1837–1906) | Ørsted, Birgitte, f. Ballum (1789–1875) | Ørsted, Christian Madsen (1814–1899) | Ørsted, Frederikke (Fride), f. Gebhard (1838–1914) | Ørsted, Hans Christian (1777–1851) | Ørsted, Hans Christian (1863–1936) | Ørsted, Jacob Albert (1780–1828) | Ørsted, Maria (1816–1850) | Ørsted, Mathilde (1824–1906) | Ørsted, Nicolai (1829–1900) | Ørsted, Niels Christian (1816–1849) | Ørsted, Pauline, f. Brøndum (1833–1914) | Ørsted, Sophie (1821–1889) | Ørsted, Viggo (1867–1943)"
Østrig,"Caroline, Kejserinde af —, f. Prinsesse af Bayern",1792,1873,exact,1,Reg0132160,"Østrig, Caroline, Kejserinde af –, f. Prinsesse af Bayern (1792–1873)"
Østrig,"Franz I, Kejser af —",1768,1835,exact,1,Reg0132190,"Østrig, Franz I, Kejser af – (1768–1835)"
Østrig,"Sophie, Erkehertuginde af —, f. Prin­ sesse af Bayern",1805,1872,exact,1,Reg0132250,"Østrig, Sophie, Erkehertuginde af –, f. Prinsesse af Bayern (1805–1872)"
