surname,given_names,birth_year,death_year,year_note,citation_raw,citation_ocr_quality,citation_ocr_noise_chars
Aagesen,Andreas,1826,1879,,", Søn af Ni­ colai A., Professor i Retsvidenskab IV, 24. v, 377- Aagesen, Julie, f. Drewsen (1799—1847), g. m. Nicolai A. I, 324. V, 98, 377.",high,Afgimv
Aagesen,Nicolai,1783,1861,,", National­ bankdirektør, Etatsraad I, 324. V, 98, 377.",clean,
Aall,Jørgen,1806,1894,,", norsk Auditør, se­ nere Amtmand over Bratsberg Amt og Stor­ tingspræsident I, 68, 78. V, 18.",clean,
Aman,Johan August,1790,1853,,", tidligere Stadslæge i Linkôping, Professor II, 193. v, 193- Aarestrup, Emil (1800—1856), Digter III, 328. V, 258, 282.",medium,iv
Abildgaard,P. C.,1740,1801,,", Veterinær III, 318. V, 354-55- Abrahams, N. C. L. (1798—1870), Professor i Fransk og Tysk, 1852 Notarius publicus, Konferensraad I, 290, 302, 334. III, 230. IV, 135. V, 15, 81, 103, 260, 336, 410.",high,CLNi
Abrahamson,Joseph,1789,1847,,", General­ krigskommissær, Oberstløjtnant, Dr. phil. I, 245, 268-69. V, 64. Achard, Anna, Pensionatsværtinde i Genève H, 355, 362. V, 250.",medium,Hi
Adler,"Anna Marie, f. Høyer",1786,1857,,", g. m. J. G. A. I, 333. V, 102.",high,AGJgm
Adler,D. B.,1826,1878,,", Grosserer og Ban­ kier, Politiker IV, 26. V, 282, 378.",clean,
Adler,J. G.,1784,1852,,", Gehejmekabinets- sekretær, 1839—49 Medlem af Direktio­ nen for Det kgl. Teater II, 2, 64, 71, 74, 104, 108, in, 117. V, 71, 102, 109, 117, 123, 140, 142, 154-55..",clean,
Ahlefeldt-Laurvigen,"Frederik, Greve",1834,1888,,", Premierløjtnant, senere Hofjæger­ mester, Besidder af Mollerup III, 158, 165. v, 315- Ahlgrensson, Fritz (1838—1902), svensk Tea­ termaler IV, 75. V, 393.",low,v
Albeck,N. C.,1816,1878,,", Hofbager II, 83. v, 144.",low,v
Albers,Moritz Karl August,1798,1868,,", Læge i Hamburg I, 70, 122, 123. V, 19.",low,i
Albrecht,Theodor,1822,1871,,", Opera­ sanger ved Det kgl. Teater II, 26. V, 127.",clean,
Aldridge,Ira,1805,1867,,", amerikansk Negerskuespiller IV, 11-12. V, 374. Alexander den Store (356—323 f. Chr.) II, 141. Alexis, Willibald (Pseudonym for Wilhelm Häring) (1798—1871), tysk Romanforfatter I, 82.",low,f
Algreen-Ussing,Frederik,1838,1869,,", cand. jur., historisk Forfatter III, 324. V, 355.",clean,
Allen,C. F.,1811,1871,,", Professor i Historie III, 303, 305. V, 352. Almeida, portugisisk Greve, Cintra III, 330. v, 359- Alsing, Hans Frederik (1808—1871), Mønt­ kontrollør i Altona, senere Møntmester, Ju­ stitsraad I, 331. V, 101, 242.",medium,iv
Altmann,Julius,1814,1873,,", tysk Forfatter IV, 115. V, 405.",clean,
Amberger,Gustav,1831,1896,,", tysk Land­ skabsmaler II, 367-68. III, 12. V, 234, 268. d’Ambrosio, Paolo, neapolitansk Diplomat, tidligere Chargé d’Affaires i København I, 209. V, 53.",medium,i’
Ancker,C.,1828,1857,,", Digter og Legat­ stifter II, 188. III, 110. IV, 3. V, 191, 2^2, 299- Anders, Tjener hos Jonas Collin d. Æ. II, 204. V, 199. Andersen, Anne Marie Andersdatter (d. 1833), g. m. Hans A., Digterens Moder I, 144, 176, 202, 276. V, 49, 302. Andersen, Bertel (1815—1884), Fiskerikon­ trollør, Fører af »Havgassen«, Kammerraad IV, 171, 258. V, 422. Andersen, Carl (1828—1883), Forfatter III, 105, 11 o, 121. IV, 77, 178. V, 299, 356, 358, 361, 394- Andersen, Clara (1826—1895), Forfatterinde IV, 173. V, 423. Andersen, Hans (1782—1816), Friskomager, Digterens Fader II, 276. III, 14. V, 302. Andersen, Jannik (1774—1854)5 Apoteker, Indehaver af Løve-Apoteket i Odense I, 28. V, 9. Andersen, Johanne Nicoline (1808—1897), Datter af Jannik A., g. 1837 m. T. A. F. Paulsen I, 28. V, 9. Andersen, S. C. (1808—1899), dansk Gene­ ralkonsul i Christiania IV, 188. V, 429.",high,ACFST^dgimo»
Anderssen,Adolf,1818,1879,,", tysk Skak­ spiller, Professor i Breslau IV, 288. V, 468.",low,i
Andræ,C. G.,1812,1893,,", Politiker II, 301. V, 230.",clean,
Anholm,"Joachime, f. Oppermann",1812,1886,,", g. m. Johannes A. II, 374. III, 41, 45-46, 47, 48, 51, 52-53, 55, 130, 209, 251, 341- V, 255, 284, 304, 331, 332, 334.",medium,Agm
Anholm,Johannes,,1860,,", Skibskaptajn og Gæstgiver, A.s Vært i Nyhavn Nr. 67 II, 363, 3$9> 383, 387? 39°, 394- V, 252, 260.",high,$Ais°
Anker,Cecilie,1836,1919,,", Lærerinde paa Christinelund III, 128. V, 303.",clean,
Anker,Johan,1838,1876,,", Sekondløjtnant i Artilleriet, Skanse II.s Forsvarer, senere Premierløjtnant III, 163, 342. V, 315, 361.",medium,is
Arendrup,Chr. R.,1803,1871,,", Stiftsfysi- kus i Odense, Justitsraad IV, 58. V, 388.",low,i
Arendrup,Emil,1838,1871,,", Søn af Chr. R. A., Læge IV, 8, 58. V, 373, 388. Arentzen, Kristian (1823—^99)5 Adjunkt ved Metropolitanskolen, Digter og Littera­ turhistoriker III, 88, 101, 102, 110. V, 197, 293> 297.",medium,AR^
Arnesen,A. L.,1808,1860,,", Forfatter og Ministerialembedsmand, 1849 Kommitte­ ret ved Det kgl. Teater I, 104, 227, 248. II, 192, 332. V, 64, 65, 84, 192, 227, 242, 423- Arnswald, Bernhard v. (1807—1877), Kom­ mandant paa Wartburg, Oberstløjtnant II, 260. V, 217.",low,v
Assen,Cornelis Jacobus van,1788,1859,,", Professor i Retsvidenskab i Leiden, Dr. jur., Etatsraad II, 136. V, 164.",medium,i
Auerbach,Berthold,1812,1882,,", tysk For­ fatter II, 66, 220, 263, 288-89, 301, 303, 371. IV, 137, 325. V, 139, 217, 231, 255, 411, 483.",clean,
Aufdermauer,Agathe,,1872,,", Søster til Xaver A. II, 297. Ill, 39, 44, 301. IV, 247, 251, 252, 255. V, 281, 351.",low,A
Aufdermauer,Xaver,1822,1904,,", Hotelejer i Brunnen, Oberstløjtnant II, 297, 343. Ill, 39. IV, 249, 255. V, 229, 246, 280, 453. Augusta, se Collin, Augusta.",low,i
Augustenborg,"Caroline Amalia, Prinsesse af —",1826,1901,,", Datter af Christian Au­ gust af A. I, 322. II, 35. V, 130.",low,A
Augustenborg,"Christian, Prins af—",1831,1917,,", Søn af Christian August af A. II, 35- V, 130.",low,A
Augustenborg,"Christian August, Hertug af —",1798,1869,,"I, 321, 322. II, 27, 32—33. V, 76, 96, 123, 127-28, 130, 165.",clean,
Augustenborg,"Frederik, Prins af —",1829,1880,,", Hertug 1863 (Friedrich VIII), Søn af Christian August af A. II, 35. V, 130, 309- Augustenborg, Henriette, Prinsesse af — (1833—1917), Datter af Christian August af A., g. 1872 m. Professor, Dr. med. J. F. A. v. Esmarch II, 35. V, 130.",high,AFJgmv
Augustenborg,"Louise Augusta, Prinsesse af —",1824,1872,,", Datter af Christian Au­ gust af A. II, 35. V, 130. Augustenborg, Louise Sophie, Hertuginde af —, f. Komtesse Danneskiold-Samsøe (1796 1867), g. 1820 m. Christian August af A. I, 321, 322. II, 13-14, 15, 27, 32-33, 35. V, 76, 96, 128, 130. Augustenborg, Prinsesserne af —, Døtre af Prins Emil af A. II, 80. V, 143. Austin, Esther, engelsk Danserinde IV, 315. v, 476-77- Baagøe, Johannes Schønberg (1798—1837), Apoteker, Indehaver af S vane-Apoteket i København I, 70. V, 19.",high,ASfgimv
Backman,Karl Johan,1825,1874,,", svensk Redaktør og Oversætter IV, 231. V, 446.",clean,
Baden,Jacob,1735,1804,,", Professor elo- quentiæ, Filolog og Kritiker I, 32, 39. V, 11.",clean,
Bagger,Carl,1807,1846,,", Forfatter I, 147, 234- V, 37-38, 61, 65, 72, 134, 356.",clean,
Bagger,Louise,1847,1910,,", g. 1866 m. P. N. Nieuwenhuis III, 251. V, 341.",high,NPgm
Baggesen,August,1795,1865,,", Søn af Jens B., Kaptajn, senere Generalmajor I, 95. V, 22.",low,B
Baggesen,Carl,1793,1873,,", Søn af Jens B., Præst i Bern I, 95. III, 37. IV, 23. V, 22, 278.",medium,Bi
Baggesen,Jens,1764,1826,,", Digter I, 74, 95, 162, 168, 172, 213, 241, 341. III, 321. V, 22, 23, 40, 54, 302, 359, 363. Baker, Florence, f. v.",medium,fv
Saas,"g. 1860 m. Samuel B. IV, 8. V, 373. Baker, Sir Samuel White",1821,1893,,", en­ gelsk Opdagelsesrejsende IV, 8. V, 373.",clean,
Baller,Ferdinand,,1864,,", Grosserer, Nizza II, 358. V, 251.",clean,
Ballin,Caroline,1838,1901,,", Søster til Clara B. IV, 261, 263, 282-83, 285, 286, 293, 299, 302-03, 306. V, 454-55> 45^ 485- Ballin, Clara (1824-1887), A.s Værtinde i Ny­ havn Nr. 18 1873—75 IV, 260, 261, 263, 273, 279, 281-83, 285, 286, 287, 293-94, 299, 302-03, 305-06. V, 454-55’ 456, 483, 466, 469-70, 485.",high,AB^is’
Balling,"Helene, f. Næboe",1799,1893,,", Enke efter Forvalter Jonathan B. II, 37, 59, 135- V, 106.",low,B
Bang,"Caroline, f. Giersing",1789,1864,,", g. 1810 m. Claus Chr. B. I, 230, 235.",medium,Bgm
Bang,Claus Chr.,1778,1855,,", Kontorchef ved Provideringskommissionen, Kammer- raad, 1823—37 Ejer af Nørager, derefter af Hummeltofte ved Frederiksdal I, 7, 8, 48, 51, 73, 110, in, 112, 113, 114. II, 189-90, 195. V, 5, 10, 14, 62, 68, 191, 192, 210.",clean,
Bang,Emma,1811,1882,,", Datter af Claus Chr. B., g. 1839 m. N. P. Butenschøn I, 262. V, 68. — Se endvidere Butenschøn, Emma.",high,BNPgm
Bang,F. S.,1810,1889,,", Hovedkasserer i Privatbanken, Justitsraad, senere Etats- raad IV, 278. V, 463.",low,i
Bang,Hjalmar,1807,1833,,", Sekondløjtnant i Søetaten I, 167. V, 41.",low,i
Bang,Ida,1813,1891,,", Datter af Claus Chr. B., g. 1837 m. Skibsmægler, Vicekonsul L. A. Hecksher I, 31, 46. V, 10. — Se end­ videre Hecksher, Ida. Bang, Oluf (Ole) (1788—1877), Professor i Medicin, Konferensraad, senere Gehejme- konferensraad II, 217-18, 341. V, 202, 203, 246, 439- Bang, P. G. (1797—1861), Politiker II, 249. V, 212.",high,ABGLPgim
Bang,"Sophie Marie, f. Dahlerup",1801,1878,,", g. 1826 m. Oluf B. II, 218. V, 202.",medium,Bgm
Bardua,Caroline,1781,1864,,", Portræt- og Historiemalerinde i Berlin II, 46. V, 133.",low,i
Barfod,Frederik,1811,1896,,", historisk For­ fatter, Politiker II, 328. III, 7. V, 241.",clean,
Barham,Richard Harris,1788,1845,,", en­ gelsk Forfatter II, 182. V, 187.",clean,
Barries,"Læge i Wien II, 75. Bartholin, Frederik",1829,1901,,", Kaptajn i Artilleriet IV, 60. V, 388.",low,i
Bartholin,Johanne,1819,1900,,", Søster til F. B., overordentlig Stiftsdame i Vallø IV, 282. V, 466.",medium,BFi
Baumann,Alexander,1814,1857,,", østrigsk Dialektdigter II, 86. V, 145.",clean,
Baur,Johannes,1795,1865,,", Hotelejer i Zü­ rich II, 302. III, 44, 75. IV, 339. V, 231.",low,i
Bay,Rudolph,1791,1856,,", Komponist I, 90.",clean,
Bayer-Bürck,"Marie, f. Bayer",1820,1910,,", tysk Skuespillerinde II, 257. V, 215.",clean,
Bayern,"Ludwig I, Konge af—",1786,1868,,", Søn af Maximilian I af B. I, 211. V, 53, 82, 243.",low,B
Bayern,"Ludwig II, Konge af —",1845,1886,,", Søn af Maximilian II af B. IV, 110. V, 404.",low,B
Bayern,"Maria Hedewig, Dronning af —, f. Prinsesse af Preussen",1825,1889,,", g. 1842 m. Maximilian II af B. II, 333, 338. IV, 110. V, 243, 404.",medium,Bgm
Bayern,"Maximilian I, Konge af—",1756,1825,,", II, 86. V, 143, 144.",clean,
Bayern,"Maximilian II, Konge af —",1811,1864,,", Søn af Ludwig I af B. II, 328, 330- 33'> 333, 338, 367, 372- V, 214, 241, 254, 404- Beaulieu-Marconnay, Alexander v., Friherre (1827—1899), Søn af W. E. B.-M., senere oldenburgsk Kammerherre, Chef for Hof­ forvaltningen i Eutin II, 42, 122. V, 132, 156.",high,'BEWiv
Beaulieu-Marconnay,"Anna v., Friherreinde, f. v. Fritsch",1835,1916,,", g. 1859 m. Carl Olivier B.-M. IV, 205. V, 437. Beaulieu-Marconnay, August (Edmond) v., Friherre (1820—1898), Søn af W. E. B.-M., oldenburgsk Løjtnant, senere Major i øst­ rigsk Tjeneste II, 6, 40, 46. V, ug, 132.",high,BEWgimv
Beaulieu-Marconnay,"Carl Olivier v., Fri­ herre",1811,1889,,", Søn af W. E. B.-M., Geheime-Referendar i Weimar, 1848 Hof­ marskal hos Storhertugen af Sachsen- Weimar - Eisenach, 1853 Overhofmester hos Enkestorhertuginden, 1850—52 og 1854—57 Teaterintendant, 1864—66 Ge­ sandt ved Forbundsdagen i Frankfurt for de thüringiske Stater, levede derefter i Dresden II, 3, 6, 40, 42, 44, 52, 55, 61, 65, 67, 69, 82, 92, 202, 203, 206-10, 212, 224, 260-61, 262, 275, 277, 279. IV, 99, 205, 331. V, 118, 132, 134, 152, 199-201, 206, 207, 217, 220, 222, 401, 437. VI, 25.",high,BEWi
Beaulieu-Marconnay,"Flavie v., Friherreinde",1851,1925,,", Datter af Carl B.-M., g. 1875 m. senere preussisk Oberstløjtnant, Friherre Strahl v. Salis-Soglio IV, 99. V, 207, 401.",high,Bgmv
Beaulieu-Marconnay,"Leo v., Friherre",1848,1923,,", Søn af Carl B.-M., senere preus­ sisk Oberst IV, 99. V, 207, 401.",low,B
Beaulieu-Marconnay,"Ottilie v., Friherreinde, f. v. Staff gen. v. Reitzenstein",1825,1857,,", g. 1847 m. Carl B.-M. II, 224, 262. IV, 205. V, 201, 206-07, 437.",medium,Bgm
Beaulieu-Marconnay,"Wilhelm Ernst v., Fri­ herre",1786,1859,,", Statsminister i Olden­ burg II, 40, 122. V, 119, 132.",low,i
Bech,"Charlotte Amalie, f. Stricker",1793,1880,,", Enke efter Bogholder i Trankebar Siegfried B. III, 256. V, 343.",medium,Bi
Bech,"Marie Amalie, f. Callisen",1788,1878,,", Enke efter Konferensraad Hermann B. II, 198. V, 195. Bech, Suzanne Charlotte Amalie (Mally) (1817—1899), Datter af Marie Amalie B. II, 198. V, 195.",medium,B
Beck,"Claudia, f. Jensen",1816,1887,,", g. m. Hans Vilh. B. III, 173. V, 313. — Se ogsaa Jensen, Claudia.",medium,Bgm
Beck,Hans Vilh.,1812,1874,,", Bogholder og Forvalter ved Sorø Akademi, Kammer- raad III, 173. V, 319.",clean,
Becker,Carl Fr.,1784,1858,,", Generalkrigs­ kommissær, Ejer af Tirsbæk I, 26. V, 8.",clean,
Becker,Karl Friedrich,1777,1806,,", tysk Historiker I, 308. V, 89.",clean,
Becker,Nikolaus,1809,1845,,", tysk Digter I, 292. V, 81-82.",clean,
Beethoven,Ludwig van,1770,1827,,", tysk Komponist I, 289, 290. IV, 121. V, 232. Begge Sicilier, Marie, Dronning af —, f. Prin­ sesse af Bayern (1841—1925), g. 1859 m. Kong Franz II. af B.-S. III, 88. V, 293.",high,Bfgm
Bell,"Currer, se Bronte, Charlotte. Bellini, Vincenzo",1801,1835,,", italiensk Operakomponist I, 233. V, 55, 105, 133, 146, 168, 214, 337.",clean,
Bender,F.,1847,1891,,", stud, phil., Heidel­ berg, 1869 Dr. phil., Gymnasielærer, sidst i Darmstadt, Forfatter III, 301. V, 351.",low,i
Benedict,Julius,1804,1885,,", tysk-engelsk Komponist og Dirigent II, 149- V, i7i.",clean,
Bentley,George,1828,1895,,", Søn af Ri­ chard B., engelsk Forlagsboghandler II, 277. V, 463- Bentley, Richard (1794—1871), engelsk For­ lagsboghandler, A.s Forlægger II, 16, 128- 29, 132, 145-46, 147-48, 155, 169, 178, 180, 181-82, 195, 353, 365-66. V, 123, 129, 157, 158, 167, 171, 172, 181, 187, 245, 250, 252, 463.",medium,ABs
Bentsen,Bernt,1791,1862,,", Borgmester og Byfoged i Korsør I, 244. V, 64.",low,i
Bentzen,Peter,1785,1866,,", Direktør for den Kgl. grønlandske Handel, Konferens- raad III, 209. V, 330.",clean,
Bentzien,V. B.,1800,1857,,", Sognepræst til Kerteminde, senere Provst I, 245. V, 64.",clean,
Benzon,Hartvig,1816,1875,,", Hofjægerme­ ster, 1875 Besidder af Christiansdal IV, 205. V, 437. Beppo, romersk Tigger III, 8, 13, 15, 93, 96. V, 269-70, 295, 494-95.",clean,
Béranger,Pierre Jean de,1780,1857,,", fransk Digter I, 168. V, 41. Berg, C. (1829—^91), Førstelærer paa Bogø, Politiker III, 348, 349, 351-52. V, 363, 449.",medium,C^
Berg,Christiane,1851,1912,,", g. 1872 m. G. A. Rung IV, 212. V, 439.",high,AGgm
Berg,Hans Johan Fredrik,1813,1874,,", norsk Maler II, 122. V, 156.",clean,
Berg,Jens Frederik,1807,1847,,", norsk cand. theol., senere Kateket og Førstelærer i Kragerø I, 212-14. V, 54, 55, 56.",low,i
Bergman,Joh. Wilh.,1796,1871,,", svensk­ norsk Gesandt i Madrid III, 90, 91-92, 97, 99, 197, 202, 203. V, 294, 332, 350.",low,i
Bergsøe,Vilhelm,1835,1911,,", Zoolog og Digter III, 96, 361. IV, 2, 5, 10, 16, 18, 19, 24-25, 36, 98, 100, 104, 142. V, 295, 366, 370, 375, 3&>, 4°3- Berling, Carl (1812—1871), Udgiver af »Ber- lingske Tidende«, Kong Frederik VII.s Pri­ vatsekretær, 1857 Generalintendant for Ci­ villisten, Etatsraad, 1849 Kammerherre II, 177. V, 184.",medium,s°»
Berner,"Amalia, f. Bügel",1804,1842,,", Datter af Catharina Bügel, Enke efter General­ konsul i Tunis, Kammerjunker Edward B. I, 322. V, 96.",medium,Bi
Berner,Gottlob,1823,1914,,", Teatersekre­ tær og Regissør ved Det kgl. Teater, 1866 —76 Intendant sst., Justitsraad, senere Etatsraad III, 275, 351. IV, 202, 299. V, 337,346,356,364,436,471- Bernhard, Carl, se Saint-Aubain, A. N. de. Berri, Caroline (Marie Caroline), Hertuginde af —, f. Prinsesse af Begge Sicilier (1798— 1870), Enke efter Hertug Charles Ferdi- nand af B., g. 1831 m. Marchese Lucchesi Palli, senere Hertug della Grazia, Venedig II, 96. V, 148.",high,ABNfgm
Bertouch,"E. R., Baron",1808,1869,,", Atta­ ché ved Gesandtskabet i Paris, Kammer­ herre, Legationsraad IV, 7. V, 371.",low,i
Beskow,"Bernhard v., Friherre",1796,1868,,", svensk Digter, Hofmarskal, Kammerherre, Svenska Akademiens Sekretær II, 187, 193, 202-03. III, 217, 220, 224, 237. IV, 341- 42. V, 190, 193, 334, 486-87. Beskow, Magdalena (Malin) v., Friherreinde, f. Wåhlberg (1790—1873), g. m. Bernhard v. B. II, 193. V, 193.",high,Bfgmv
Beulwitz,August v.,1784,1871,,", General­ major, Generaladjudant hos Storhertug Carl Friedrich af Sachsen-Weimar-Eise- nach II, 53. V, 135.",clean,
Beust,"Cécile v., Grevinde, f. Friherreinde v. Gersdorff",1821,1872,,", g. m. F. v. B. II, 62-63. V, 138.",high,BFgmv
Beust,"Friedrich v., Greve",1813,1889,,", Ad­ judant, senere Generaladjudant og Over­ hofmarskal hos Storhertug Carl Alexander af Sachsen-Weimar-Eisenach II, 62-63. V, 138.",clean,
Beutner,Fanny,1827,1879,,", Datter af S. N. B., g. 1852 m. Frederik Schiern, Æg­ teskabet opløst 1859 III, 67. V, 287.",high,BNSgm
Beutner,"Nanna, f. Drewsen",1807,1881,,", Datter af J. C.",medium,CJ
Drewsen,"g. m. S. N. B. IV, 160. V, 261, 418, 428. Beutner, S. N.",1794,1880,,", Kaptajn og Oliemøller II, 397. IV, 184. V, 212, 261, 287, 418, 428, 494.",clean,
Bielke,Rudolph,1810,1855,,", Legations­ sekretær i London, 1850 Chargé d’Affaires i Berlin, 1851—54 Gesandt sst. II, 118, 133, 221. V, 755, 174, 205.",medium,i’
Bille,C. St. A.,1828,1898,,", Redaktør af »Dagbladet«, Politiker II, 249, 289, 350. HI, 93, 343- IV, 23, 24, 25-26, 28, 29, 30, 33, 37, 38, 39, 47, 60,61, 64, 67, 68, 70, 98, 129, 140, 144, 145, 155, 158, 159, 163, 164, 184, 196, 208, 219, 225, 247, 249, 251, 259, 298, 308, 311, 328. V, 213, 226, 295, 305, 312, 341, 361, 377, 379, 425, 433-34, 441, 446, 45°, 45 b 472-73, 477, 4S1-82, 494.",medium,b°»
Bille,Christian,1799,1853,,"? dansk Mini­ sterresident i Hansestæderne og General­ konsul i Hamburg, 1847 Gesandt i Stock­ holm, 1852 i London II, 37, 191. V, 131, 732.",high,i
Bille,Frantz,1832,1918,,", Kaptajn i Gene­ ralstaben, Legationssekretær i Paris, senere Gesandt i London og Gehejmekonferens- raad III, 278. V, 347.",medium,i
Bille,"Ida Marie, f. Komtesse Bille-Brahe",1822,1902,,", g. m. Christian B. II, 37. V, 131.",medium,Bgm
Bille,"Louise, f. Ipsen",1841,1926,,", g. 1859 m. C. St. A. B. III, 343. IV, 64, 158, 160. V, 361, 481.",high,ABCgm
Bille-Brahe,"Camilla Sophie, Baronesse, f. af Harmens",1829,1890,,", g. m. F. P. B.-B. III, 271, 287, 315, 348. V, 345.",high,BFPgm
Bille-Brahe,"Frants Preben, Baron",1824,1882,,", Gesandt i Haag III, 256, 261, 270, 272. IV, 342. V, 342.",low,i
Bindesbøll,Gottlieb,1800,1856,,", Arkitekt II, 87, 281. V, 145, 222. VI, 17.",clean,
Bindesbøll,Jakob Hornemann,1789,1852,,", Broder til Gottlieb B., Kammerraad, For­ valter ved Flenstofte og Frederiksgave God­ ser, 1830 Godsinspektør ved Statens Ejen­ domme i Jylland, 1832 Justitsraad, 1845 Amtsforvalter i Skanderborg Amtstuedi- stikt I, 19, 21, 60, 90, 96, 230. V, 7, 19, 234. VI, 77, 19.",medium,Bi
Bindesbøll,Johan Henrik,1819,1866,,", Søn af Jakob Hornemann B., kst. Postekspeditør i Silkeborg II, 197, 313, 315. V, 195, 234. VI, 77.",medium,Bi
Bindesbøll,Severin,1798,1871,,", Broder til Gottlieb B., cand. theol., 1838 Sognepræst i Nakskov, 1851 Biskop i Aalborg, 1856 i Lolland-Falsters Stift I, 159, 175. V, 39, 284. VI, 17.",high,Bi
Bindesbøll,"Sophie Amalie, f. Friis",1793,1871,,", g. m. Jakob Hornemann B. I, 63, 96, 230. II, 313. V, 17, 234.",medium,Bgm
Bing,M. H.,1807,1883,,", Galanterihandler, Boghandler og Fabrikant II, 369-70, 371, 375» 377- HI, 209, 252, 303, 305, 359. V, 254» 33°- Birch, Fr. Sneedorff (1805—1869), Lærer, 1834—38 Adjunkt ved Aarhus Katedral­ skole, Forfatter I, 17.",medium,°»
Birch-Pfeiffer,"Charlotte, f. Pfeiffer",1800,1868,,", tysk Skuespillerinde og Skuespilfor­ fatterinde II, 257. V, 213, 215, 249.",clean,
Birckner,M. G.,1756,1798,,", Præst og Filo­ sof I, 241, 243, 244, 275. III, 134. V, 27, 64. VI, 18.",clean,
Birkedal,Vilhelm,1809,1892,,", Præst i Rys­ linge, Forfatter III, 278. V, 347, 385.",low,i
Bismarck,Otto v.,1815,1898,,", tysk Stats­ mand IV, 166. V, 133, 288, 360, 450.",clean,
Bissen,H. V.,1798,1868,,", Billedhugger I, 215. II, 45. III, 92, 209, 275. IV, 8. V, 50, 51, 259, 290, 327, 330, 346, 372, 413.",clean,
Bissen,Vilhelm,1836,1913,,", Søn af H. V. B., Billedhugger III, 13, 17, 92, 95. IV, 249, 298. V, 272, 449.",medium,BH
Bjerring,Anna,1832,1902,,", Datter af Ma­ riane B., Lærerinde i Aalborg, III, 183, 247, 279. IV, 230, 293. V, 322.",medium,Bi
Bjerring,"Mariane, f. Bøggild",1798,1882,,", Enke efter Stabskaptajn Frederik B. IV, 293- V, 322, 469.",low,B
Bjerring,Niels Chr.,1804,1870,,", Sprog­ lærer, senere Institutbestyrer og tit. Pro­ fessor I, 160, 166, 189. V, 10, 39, 47.",clean,
Bjorck,Ernst,1838,1868,,", svensk Digter III, 220. V, 333, 334.",clean,
Bjørnson,Bjørnstjerne,1832,1910,,", norsk Digter III, 8, 17, 19, 62, 69, 106, 108, 112, 118, 123, 124, 152, 184, 185, 186, 194, 195, 196. IV, 8, 16, 53, 65, 100, 104, 109-10,136, 176, 181, 184, 188, 189-90, 200, 259, 348. V, 270, 272, 279, 285, 233, 301-02, 312, 326, 35°» 39°, 4°2, 4°4> 4I°-Ih 426, 4*7) 428-29, 43°^ 435, 488, 493- Bjørnson, Caroline, f. Reimers (1835—1934), g. 1858 m. Bjørnstjerne B. IV, 188, 189, 190, 348. V, 429.",high,*B^fgm°»
Bjørnson,Peder,1797,1871,,", fhv. Sogne­ præst, Fader til Bjørnstjerne B. IV, 189-90, 348. V, 430.",low,B
Blanvalet,H.,1811,1870,,", schweizisk Dig­ ter II, 357, 362. V, 250.",clean,
Blessington,"Marguerite, Lady, f. Power",1789,1849,,", engelsk Forfatterinde, Enke efter Charles Gardiner, Jarl af B. II, 145. V, 165, 168.",low,B
Blicher,Steen,1782,1848,,", Digter III, 321. V, 7, 356, 415.",clean,
Bloch,"Alma, f. Trepka",1845,1886,,", Datter af Johan Chr. Mathias Trepka, g. 1868 m. Carl B. IV, 67, 69, 76, 298. V, 390.",medium,Bgm
Bloch,Carl,1834,1890,,", Maler III, 110, 154, 326, 343, 348. IV, 10, 24, 36, 67, 69, 72, 88, 149, 163, 220, 222, 223, 225, 249, 259, 298, 308, 311, 315. V, 300, 361, 363, 383, 390, 392, 397, 4*5, 4'9, 420, 44h 4^4- Bloch, Poul Trepka (f. 1869), Søn af Carl B., senere Maler IV, 163. V, 419.",high,'*B^
Bloch,William,1845,1926,,", cand. jur., For­ fatter, senere Sceneinstruktør ved Det kgl. Teater og tit. Professor, Broder til Carl B. IV, 196-201, 205-13, 215-16, 219, 262. V, 433, 435, 437, 43^- Blom, Caroline Frederikke, f. Funch (1824— 1912), g. 1846 m. Julius B. IV, 79, 80. V, 395' Blom, H. J. (1792—1864), Oberstløjtnant, Kommandør for 4. Linie-Bataillon II, 175. V, 184.",high,'BHJ^fgm
Blom,Harald Stoltenberg,1820,1913,,", dansk Boghandler i Bern, senere Indehaver af et Annonce-Agentur IV, 23. V, 377.",low,i
Blom,Julius,1815,1900,,", Tømrermester, 1870 Etatsraad II, 37, 85, 316, 317. III, 42. IV, 12. V, 131, 236, 395, 409. Blondel, Indehaver af Hôtel de la France i Konstantinopel I, 315. V, 92.",low,i
Blunck,D. C.,1798,1854,,", holstensk Hi­ storiemaler I, 198, 212, 294. II, 168.",clean,
Blücher,Frederik Emanuel v.,1806,1871,,", Ritmester, Adjudant hos Kong Christian VIII, Kammerherre, senere kar. General­ major II, 14. V, 123.",clean,
Biædel,"Henriette, f. Dons",1814,1879,,", g. 1844 m. N. G. B. IV, 235, 241, 243. V, 447.",high,BGNgm
Biædel,Nicolai Gottlieb,1816,1879,,", resi­ derende Kapellan ved Garnisons Kirke i Kbh., 1859 Sognepræst sst. II, 268, 360. III, 292, 317. IV, 246. V, 218, 284,447,448.",low,i
Bocage,Manoel Barbosa du,1766,1805,,", portugisisk Digter III, 319. v, 355- Bodenhausen, v., Ritmester i Weimar III, 14.",medium,iv
Bodenhausen,"F. v., Autografsamler i Berlin III, 14. Bojesen, E. F. C.",1803,1864,,", Rektor ved Sorø lærde Skole, tit. Professor, Dr. phil. II, 291, 292. III, 83, 84. V, 227, 291.",clean,
Bojesen,"Maria, f. Weiss",1807,1898,,", Insti­ tutbestyrerinde, Forfatterinde III, 23, 284. V, 276.",clean,
Bokelmann,Georg Wilhelm,,1847,,", dansk Ministerresident i Hansestæderne og Gene­ ralkonsul i Lübeck I, 83, 84. V, 21.",medium,i
Bonivard,Franz v.,1496,1570,,", genfisk Prior, »Fangen i Chillon« I, 173. V, 143.",medium,i»
Bonnay,"Catherine de, Marquise, f. O’Neill",1789,1879,,", Enke efter C.-F. de B. I, 137, 330. V, 34-35.",medium,BC
Bonnay,"Charles-François de, Marquis",1750,1825,,", fransk Diplomat og Politiker I, ’37- V, 35.",low,’
Bonnier,Albert,1820,1900,,", svensk For­ lagsboghandler II, 203. V, 198.",clean,
Borgaard,Carl,1799,1868,,", Forfatter og Oversætter, senere Teaterdirektør I, 348. II, 38. V, 101, 105, 103, 131, 138, 389.",clean,
Bornemann,Ferd. Wilh. Ludw.,1798,1864,,", preussisk Retslærd, 2. Präsident des Ober- tribunals, 1860Kronsyndikus II, 348. V, 248.",clean,
Bourbon,Marie Antoinette de,1829,,death year uncertain (?),", Datter af Karl Wilhelm Naundorf II, 220. V, 204-03.",clean,
Bournonville,August,1805,1879,,", Ballet­ mester og Balletkomponist I, 72, 271, 334. II, 7, 9, 76, 87, 105, 205, 254, 274, 341- III, 23, 65, 171, 221, 234, 235, 255, 275, 283, 295, 300, 316, 323. IV, 103, 110, 128, 135, 191, 278, 323. V, 13, 102, 105, 108, 121, 214, 220, 225, 232, 250, 275-76, 286, 287, 337, 355, 402, 408, 410, 431, 464, 466, 481-82.",clean,
Bournonville,Augusta,1831,1906,,", Datter af August B., g. 1852 m. Pastor Mandrup Peter Tüxen I, 269, 333-34. V, 72, 102.",medium,Bgm
Bournonville,Charlotte,1832,1911,,", Datter af August B., senere Operasangerinde og Skuespillerinde ved Det kgl. Teater I, 271. III, 23, 153. V, 72, 275.",low,B
Bournonville,"Helene Frederikke, f. Håkans- son",1809,1895,,", g. m. August B. II, 56. V, 72, 482.",medium,Bgm
Bournonville,Vilhelmine,1833,1908,,",Adop­ tivdatter af August B. I, 271. V, 72, 482.",low,B
Boye,Adolph Johannes,1825,1892,,", Søn af M. A. B., 1844 Student, cand. theol., senere Sognepræst, sidst til Moss, Norge I, 112. V, 28. VI, 18.",medium,ABM
Boye,Adolph Jonas,1823,1891,,", Søn af C. J. B., 1843 Student, 1849 Sekondløjt­ nant, senere Kaptajn i Vestindisk Hær­ styrke og 1878 Toldforvalter i Christians- sted I, 274. II, 33. V, 73. VI, 18. Boye, Carl (1825—>892), Søn af C. J. B., Toldassistent ved Øresunds Toldkammer, 1861 Kasserer i Sparekassen for Kjøben- havn og Omegn I, 274. III, 63, 64, 71, 76, 78, 132, 147, 209, 211. IV, 139, 179, 269, 270, 272, 339. V, 73, 283-86, 427, 459, 460. VI, 18.",high,BCJi
Boye,Caspar Johannes,1791,1853,,", Sogne­ præst i Søllerød, 1835 ved St. Olai Kirke i Helsingør, 1847 ved Garnisonskirken i Kbh., Digter I, 33, 60, 90, 95. II, 237. III, 331. V, 11, 18, 22, 41, 46, 68, 69, 72, 73, 83, 95, 211, 304, 326, 359, 364, 416. VI, 18, Boye, Edvard (1830—1883), Søn af C. J. B., Kolonibestyrer i Umanak, 1882 Inspektør ved Grønlænderhjemmet i Kbh. III, 351. IV, 133-34- V, 364, 409. VI, 18.",high,BCJi
Boye,Fr. Chr.,1815,1842,,", cand. jur. I, 324-25. V, 98.",clean,
Boye,Gottlieb,1819,1845,,", Søn af C. J. B., 1845 Lærer ved Agerdyrkningsinstitutet paa Hastrup I, 68. V, 18. VI, 18. Boye, Henriette (Jette) Louise (1822—1901), Datter af M. A. B., g. 1853 m. Revisor Peter Henrik Boye I, 273, 325. IV, 53. V, 72, 386. VI, 18, Boye, Henriette (Jette) Sophie Dorothea (1821—1895), Datter af C. J. B., g. 1843 m. Distriktslæge i Herning, senere Land- fysikus paa St. Thomas og St. Jan Andreas Vilhelm Pedersen I, 320, 325, 332-33, 334, 337? 349- V, 72, 95, 96. VI, 18. — Se endvidere Pedersen, Henriette. Boye, Johanne (Hanne), f. Birckner (1797— 1881), Datter af M. G. Birckner, g. 1818 m. M. A. B. I, 108, 273, 320. II, 189, 190. III, 68. IV, 32, 53, 56, 174. V, 27, 28, 69, 72, 95, 123, 191, 386. VI, 18.",high,ABCGJMfgim
Boye,"Maria, f. Birckner",1796,1880,,", Dat­ ter af M. G. Birckner, g. 1818 m. C. J. B. I, 68. II, 237. III, 16, 19, 22, 134, 196, 331. IV, 133, 216. V, 18, 72, 211, 272, 326, 409. VI, 18.",high,BCGJMgm
Boye,Mathias A.,1796,1872,,", Rektor ved Christianssand Katedralskole, 1849 Told­ kasserer i Christianssund, Stortingsmand, Broder til C. J. B. IV, 53, 203. V, 69, 90, 91, 123, 192, 386, 436. VI, 18.",high,BCJi
Boye,Peter Vilh.,,1842,,", stud, theol., Bro­ der til F. C. B. I, 324-25. V, 98.",medium,BCF
Boye,Sigismund,1835,1881,,", Søn af C. J. B., Landmand III, 196. V, 326. VI, 18.",medium,BCJ
Boye,"Sophie, f. West",1840,1895,,", g. 1862 m. Theodor B., 20 1881 m. Grosserer A. F. Kiær III, 68. IV, 189. V, 287, 429. Boye, Stella (1824—*927), Datter afM. A. B., g. 1851 m. Lars Semb II, 16, 24, 25, 28. V, 95, 123. VI, 18. — Se endvidere Semb, Stella.",high,*ABFgm
Boye,Theodor,1821,1871,,", Søn af M. A. B., 1840 Student, 1845 cand. jur., 1859 Fuld­ mægtig i Finansdepartementet, Christiania I, 267. II, 378. III, 68. IV, 189. V, 69, 222, 287, 429. VI, 18.",high,ABMi
Boye,Vilhelm,1837,1896,,", Søn af G. J. B., cand. phil., Arkæolog, 1869 Redaktions­ sekretær ved »Dannevirke« i Haderslev, senere Assistent ved Nationalmuseet IV, 3, 5, 49, 5 b 56, 67, 133, 216.",high,BGJbi»
N,"369,384, 387, 409. VI, 18. Bramsen, Georgine Nicoline",1811,1890,,", Søster til Lorents B., g. 1831 m. C. N. Da­ vid I, 96. V, 22.",high,BCNgm
Bramsen,Lorents,1808,1880,,", Student, 1836 kirurgisk Eksamen, Tandlæge I, 96, 112. III, 193, 210, 348. V, 22, 326.",clean,
Bramsen,Vilhelmine,1813,1897,,", Søster til Lorents B. II, 246, 249. V, 212, 493'94- Brandes, Georg (1842—1927), Kritiker og Litteraturhistoriker IV, 79, 82, 91-92, 97, 202, 220, 221-22, 248, 313-14. V, 348, 393, 396, 398, 438, 44b 44b 449, 474-75- VI, 14- Brandis, Henriette (1819—1874), Forfatter­ inde IV, 77, 155, 322. V, 393, 417.",medium,'B
Brandt,Andreas Heggelund,1846,1913,,", Søn af A. L. B., senere Borgmester i Arn- hem III, 254, 257, 262, 264, 266. IV, 51, 85- V, 342.",high,ABLi
Brandt,Andreas Ludvig,1820,1882,,", dansk Grosserer i Amsterdam, senere dansk Kon­ sul sst. III, 247, 249, 250, 252, 253, 254, 257, 260, 261, 262, 263, 264, 265, 267, 268, 269, 273, 328. IV, 49, 5b 85, 342-44- V, 339'4°, 341, 385, 398.",medium,'i°
Brandt,C. J.,1817,1889,,", Præst ved Var­ tov, Litteraturhistoriker IV, 256. V, 453.",clean,
Brandt,Georg,1830,1889,,", dansk Grosserer i Amsterdam, Broder til A. L. B., dansk Konsul efter dennes Død III, 250, 252, 254, 255, 260, 264, 266, 279, 280, 287, 347, 352. IV, 49, 51, 55, 343. V, 340, 362, 384, 385.",high,ABLi
Brandt,"Petronella Deborah, f. van Eeghen",1822,1897,,", g. 1844 m. A. L. B. III, 247, 250, 252, 253, 254, 256, 257, 260, 262, 264, 279, 328. IV, 51, 85, 342-44. V, 339. Brandt, Sara (f. 1859), Datter af Georg B., g. 1887 m. Conservator ved Rijksmuseum i Amsterdam Jacob F. E. de Neufville III, 254- Brasch, C. H. (1811 —1894), cand. theol., Huslærer paa Bregentved 1838—47, Sogne­ præst til Vemmetofte 1847—86, Historiker I, 323- V, 97, 125« Brasen, Jens August (1802—1869), Kateket i Odense, senere Provst og Sognepræst i Skel­ skør I, 24. V, 8.",high,ABCEFHLgim
Bravo,Johan,1797,1876,,", Maler, 1843 dansk Kunstagent i Rom, 1847 dansk Kon­ sul sst., 1855 tillige svensk-norsk Konsul, 1866 Etatsraad I, 195. III, 2, 7, 8, 82, 87, 92. V, 48, 266, 270, 272.",low,i
Bredahl,Christian,1784,1860,,", Digter I, 100-01, 103. II, 291. III, 321. V, 24, 356.",clean,
Bredal,Ivar,1800,1864,,", Komponist I, 72, 73, 9°, 93, 207, 216. II, 64. V, 19, 52.",low,°
Bredsdorff,Christian Hornemann,1802,1848,,", Søn af M.Th. B., 1828 personel Kapel­ lan hos Faderen, 1834 hans Efterfølger som Sognepræst til V. Skerninge og Ulbølle I, 59- V, 15, 25. VI, 17.",medium,BM
Bredsdorff,Christian Johan,1765,1853,,", Sognepræst til St. Jørgens Hospital og Sø- rup, senere Konsistorialraad I, 55. V, 15, 68.",clean,
Bredsdorff,Eline,1806,1888,,", Datter af M. Th. B., g. 1834 m. Chr. Edv. Møller I, 59, 105. V, 15, 25. VI, 17, 40. — Se end­ videre Møller, Eline.",high,BMgm
Bredsdorff,Jacob Hornemann,1790,1841,,", Søn af M. Th. B., Lektor ved Sorø Akademi i Mineralogi og Botanik I, 274. V, 15, 73, 297. VI, 17.",medium,BMi
Bredsdorff,Morten Thomsen,1757,1841,,", Provst i Salling Herred, Sognepræst til V. Skerninge og Ulbølle I, 59, 60, 105. V, 15, 16, 25, 73, 297. VI, 17.",low,i
Bredsdorff,"Petrine Jacobine, f. Møller",1801,1859,,", Datter af Rasmus Møller, g. 1829 m. J. H. B. I, 274. V, 73.",high,BHJgm
Bredsdorff,"Ulrikke Antoinette, f. Schlegel",1766,1850,,", g. m. C. J. B. I, 55, V, 15.",high,BCJgm
Bredsdorff,Ulrikke Palline Wilhelmine,1799,1883,,", Datter af M. Th. B. I, 59. V, 15. VI, 17.",medium,BM
Bregendahl,L. N.,1811,1872,,", 1838 kon­ stitueret Byfoged i Sorø, 1842 Overrets­ assessor i Viborg, Politiker I, 275. V, 73.",medium,i
Bremer,Fredrika,1801,1865,,", svensk For­ fatterinde I, 345-46. II, 177, 183-84, 194, 224, 257, 278, 365. III, 217, 219-20, 243. V, 69, 108-09, 162, 189, 193, 194, 207, 221, 333, 339- Brendstrup, Thorald (1812—1883), Land­ skabsmaler III, 17. V, 272.",clean,
Brenner,"Emma, f. Kron",1823,1875,,", schweizisk Digterinde, g. m. J. C. B. II, 367-68. V, 254.",high,BCJgm
Brenner,Johann Carl,1814,1883,,", Advo­ kat i Basel, Raadmand, Politiker II, 367. V, 254, 268.",low,i
Bretton,"Emil v., Baron",1830,1890,,", Pre­ mierløjtnant i Infanteriet III, 262. V, 344. Brienen van de Groote Lindt, Arnout Nico- laas van, Baron (1839—1903) III, 270. V, 345- Briggs, Joseph William Claudi, Gæstgiver i Helsingør, Indehaver af Hotel Øresund IV, 185. V, 428, 430, 441.",medium,i
Brix,Harald,1841,1881,,", Forretningsfører ved »Socialisten«, Sekretær i Den interna­ tionale Arbejderforening for Danmark IV, 206, 209. V, 437.",medium,i»
Broberg,C. A.,1846,1917,,", Konsul, Gros­ serer IV, 134. V, 409. Broberg, Camilla, f. Blom (f. 1847), Datter af Julius Blom, g. 1870 m. C. A. B. IV, 134. V, 409.",high,ABCfgm
Brockdorff,Ferdinand Schack,1814,1881,,", dansk Købmand i Antwerpen, 1871 dansk Konsul (senere Generalkonsul) sst. III, 273- V, 346.",low,i
Brockdorff,Frants Biilow Schack,1816,1906,,", Sekondløjtnant ved 6. Dragonregi­ ment, senere kar. Oberstløjtnant og Gods­ ejer i Kurland II, 179- V, 185.",low,i
Brockdorff,"Ulrich, Baron",1806,1875,,", Ge­ sandt i Madrid og Lissabon 1860—63, Kammerherre III, 90. V, 294.",low,i
Brockenhuus,"Frederik, Greve",1758,1846,,", fhv. Attaché ved det danske Gesandtskab i Neapel I, 209, 215. V, 53.",low,i
Brockenhuus-Schack,"Knud, Greve",1823,1892,,", Besidder af Giesegaard, Kammer­ herre IV, 146. V, 414.",clean,
Brockhaus,Friedrich,1800,1865,,", Forlags­ boghandler i Leipzig, senere Bogtrykker II, 67. V, 140.",low,i
Brockhaus,Heinrich,1804,1874,,", Forlags­ boghandler i Leipzig, Broder til Fr. B. I, 77, 92, 96, 290-91. II, 57, 63, 67. IV, 288, 289, 290, 291. V, 20, 139, 140, 493.",medium,Bi
Brockhaus,"Pauline, f. Campe",1808,1886,,", g. m. Heinr. B. I, 291. V, 81.",medium,Bgm
Brockhausen,"Adolf v., Friherre",1801,1858,,", preussisk Gesandt i Neapel, Kam­ merherre II, 109. V, 151, 294.",low,i
Bronté,Charlotte,1816,1855,,", engelsk For­ fatterinde (Currer Bell) II, 287. V, 213, 225.",clean,
Brorson,H. A.,1694,1764,,", Biskop, Salme­ digter III, 320.",clean,
Brosbøll,Carl,1816,1900,,", Forfatter (Carit Etlar) III, 105, 321, 328. IV, 136. V, 197, 299> 356, 358, 410.",clean,
Brun,Carl Friderich Balthasar,1784,1869,,", Besidder af Krogerup, Kammerherre, Hof­ jægermester I, 308. V, 89. Brun, Friderica (Friede), f. Bügel (1789— 1875), Datter af Catharina Bügel, g. m. C. F. B. B. I, 308. V, 89.",high,BCFfgm
Brun,M. W.,1819,1891,,", Teaterdirektør, Forfatter IV, 136. V, 271, 348, 410-11.",clean,
Bruun,August,1817,1887,,", Hof bagerme­ ster, Dampmøller IV, 7. V, 371.",clean,
Bruun,Camillo,1818,1880,,", Redaktør af »Hjørring Amtstidende«, Forfatter II, 329- 30. V, 238, 242.",low,»
Bruun,"Hanne, f. Plum",1798,1878,,", g. m. H. B. B. I, 63. V, 17.",high,BHgm
Bruun,Hans Brøchner,1793,1863,,", Køb­ mand i Assens, Agent I, 63. V, 17.",low,i
Bræstrup,Cosmus,1789,1870,,", Politidirek­ tør i Kbh., 1864 Overpræsident sst., 1864— 65 Justits- og Kultusminister III, 138, 206. V, 306, 329- Brøndsted, P. O. (1780—1842), Arkæolog I, 128-29, 134, 135, 179. V, 32.",medium,OPi
Buchheister,H.,1825,1906,,", Sekretær i Krigsskadeserstatningskommissionen, 1867 Overregnskabsfører ved de jydsk-fynske Jernbaner, senere Afdelingschef i General­ direktoratet og Kommitteret hos General­ direktøren for Statsbanerne III, 248. V, 306, 322, 340.",medium,i
Buchwaldt,"Johanne v., f. Colbiørnsen",1791,1848,,", Datter af Engelke Margrethe Colbiørnsen, Hofdame hos Dronning Marie Sophie Frederikke I, 1. V, 3.",clean,
Buli,Ole,1810,1880,,", norsk Violinspiller I, 338-39- IO5> J53- Bulwer, Edward, se Lytton.",clean,
Bunkeflod,Anna Margrethe,1759,1849,,"II, 134. V, 163.",clean,
Buntzen,Andreas,1811,1880,,", 1840 Lic. med., 1853—72 Professor, 1854—66 Over- kirurg ved Frederiks Hospital I, 337, 340- 41. II, 228. III, 107. IV, 116. V, 104, 208, 299> 405 • Buntzen, Edouard (1809—1885), Højesterets­ advokat, senere Kammeradvokat, Etats- raad, Broder til Andreas B. I, 274. V, 73.",low,B
Buntzen,Heinrich,1803,1892,,", Landskabs­ maler I, 344. V, 107.",clean,
Burdett-Coutts,Angela Georgina,1814,1907,,", engelsk Filantrop, g. 1881 m. Wil­ liam L. Ashmead Bartlett II, 286. V, 224-25.",medium,Lgm
Burns,Robert,1759,1796,,", skotsk Digter II, 182. Burow, Julie, se Pfannenschmidt, Julie. Bushby, Anne S., Oversætterinde III, 229-30. v, 245, 336.",medium,Sv
Butenschøn,"Emma, f. Bang",1811,1882,,", Datter af Claus Chr. Bang, g. 1839 m. N. P. B. II, 189-90. III, 5, 316. V, 191, 192, 354. — Se ogsaa Bang, Emma.",high,BNPgm
Butenschøn,N. P.,1808,1879,,", Skibsreder i Göteborg II, 189-90, 191, 195, 233, 234. III, 127, 140. V, 191.",low,i
Bügel,"Catharina, f. Adzer",1767,1845,,", Enke efter Grosserer C. P. B. I, 241, 261, 266-67. V, 63, 68, 72, 89, 96.",medium,BCP
Bülow,"Augusta v., f. Baronesse Güldencrone",1772,1852,,", Enke efter Stiftamtmand Christopher v. B. I, 294, 307, 316. V, 77, 82.",medium,Bv
Bülow,Franz,1818,1900,,", fhv. Husfoged i Broager III, 150. V, 312.",low,i
Bülow,"Frederikke, f. Riegels",1825,1911,,", Datter af H. C. Riegels, g. 1851 m. Major, senere Generalløjtnant og Gesandt, Kam­ merherre Johan B. II, 246. V, 212.",high,BCHgm
Bülow,Margrethe v.,1809,1845,,", Datter af Augusta B. I, 307, 316. V, 82. Bülow, Sophie Eleonore (Nelly), f. Baronesse Selby (1785—1842), g. m. Generalløjtnant Frants B. I, 5, 83. V, 4.",high,Bfgm
Bürde-Ney,Jenny,1826,1886,,", tysk Opera­ sangerinde, g. m. Skuespiller E. Bürde III, 53. V, 283.",medium,Egm
Bürger,"Elise, f. Hahn",1769,1833,,", g. m. G. A. B. I, 19. V, 7.",high,ABGgm
Bürger,G. A.,1747,1794,,", tysk Digter I, 19, 21. V, 7.",clean,
Byron,"George Gordon, Lord",1788,1824,,", engelsk Digter I, 168, 173, 180-81, 185, 228. II, 117, 182, 347. III, 304. V, 41, 43, 154, 187, 352.",clean,
Byström,Constantino,1813,,death year uncertain (?),", svensk-ita­ liensk Billedhugger og Sproglærer III, 88- 89- V, 293.",clean,
Bäckman,W. O. A.,1824,1911,,", svensk Eventyrdigter, Telegrafist II, 203. V, 198.",clean,
Bærentzen,Em.,1799,1868,,", Portrætmaler, Litograf II, 16. V, 123.",clean,
Bødtcher,Ludvig,1793,1874,,", Digter I, 78, 196, 197, 198, 200, 219, 227, 235, 328. V, 20, 49, ÖL 52, 358- Bøgh, Erik (1822—1899), Forfatter II, 200. III, 9, 321, 328. V, 197, 238, 271, 358, 494.",clean,
Bøgh,Frederik,1836,1882,,", Forfatter, 1866 cand. jur. III, 154, 317, 326. IV, 88. V, W>,354, 357> 439- Bøgh, Nicolai (1843—1905), Broder til Frede­ rik B., cand. phil., senere tit. Professor, For­ fatter og Litteraturhistoriker IV, 208, 212, 230-35» 238-41, 243-47, 250-57, 262, 277, 288, 301. V, 135, 438, 439, 444, 445, 447- 4^ 452-53, 455-56, 462, 475, 495.",medium,B^»
Böttger,Adolf,1815,1870,,", tysk Digter og Oversætter II 117. V, 154.",clean,
Bøving,Poul Jacob,1799,1885,,", Forst­ mand, senere Skovrider paa Brahesminde I, 80, 285. V, 20, 77.",clean,
Calon,P.,,1918,,", 1865 dansk Konsul i Paris, 1873—97 Generalkonsul III, 279, 280, 284. IV, 11, 12, 13, 14, 15. V, 348, 412.",low,i
Cambridge,"Adolphus Frederick, Hertug af —",1774,1850,,", yngste Søn af Kong George III af England II, 141. V, 167.",clean,
Cambridge,"Augusta, Hertuginde af —, f. Landgrevinde af Hessen-Kassel",1797,1889,,", g. m. Adolphus Frederick af C. I, 308. V, 89.",medium,Cgm
Camöes,Luiz Vaz de,1525,1580,,", portu­ gisisk Digter I, 225. III, 326. V, 58, 357.",clean,
Campe,Friedrich,1777,1846,,", Boghandler i Nürnberg I, 291-92. V, 81.",low,i
Canova,Antonio,1757,1822,,", italiensk Bil­ ledhugger I, 193. II, 92. V, 146.",clean,
Capretz,"Joh., Konditor I, 371. V, 12. Carey, Gustave",,1881,,", fransk Balletdan­ ser, 1862—64 Balletmester ved Det kgl.",clean,
Teater,"senere i Tivoli III, 67. V, 287. Carstensen, Carl",1837,1922,,", cand. polit., Journalist, 1871 Redaktør af »Dagens Ny­ heder« III, 250. V, 340.",low,»
Carstensen,"Fanny Elizabeth, f. Webb",1824,1846,,", g. 1845 m. Georg C. II, 79, 87, 88. V, 143.",medium,Cgm
Carstensen,Georg,1812,1857,,", Officer, Bladudgiver, Tivolis Grundlægger II, 11, 34, 79, 87, 88. V, 98, 120, 130, 143, 245, 294- Carus, Carl Gustav (1779—1868), Livlæge hos Kongen af Sachsen, Gehejmeraad II, 268, 273, 373. V, 144, 219.",clean,
Casse,A. L.,1803,1886,,", fhv. Justitsmini­ ster, Folketingsmand, Etatsraad III, 185. V, 323.",clean,
Castelli,I. F.,1781,1862,,", østrigsk Digter H, 92-93, 96- V, H5, l47- Castenschiold, Adolph Frederik Holten (1805 —1865), cand. jur., Besidder af Borreby II, 265. V, 217-18, 311, 339.",low,H
Castenschiold,Carl,1837,1919,,", Søn af A. F. H. C., Sekondløjtnant i Artilleriet, 1867 Premierløjtnant og Besidder af Borre­ by III, 342, 346, 357, 362. IV, 42-43, 89. V, 361, 382.",high,ACFHi
Castenschiold,"Else Marie, f. Olsen",1805,1888,,", g. m. A. F. H. G. II, 265. III, 243, 357, 362. IV, 89. V, 218, 365.",high,AFGHgm
Castenschiold,Frederikke,1831,1920,,", g. 1880 m. Overpræsident i Kbh., Kammer­ herre Carl Benzon III, 150. V, 311.",medium,gim
Castenskiold,Helmuth Grevenkop-,1838,1913,,", Sekondløjtnant, senere Besidder af Store og Lille Frederikslund, Kammerjun­ ker III, 278. V, 347.",clean,
Castenschiold,Henrik,1834,1867,,", Søn af A. F. H. C., cand. polit., 1865 Besidder af Borreby III, 243, V, 339.",high,ACFH
Castenskiold,Jørgen Grevenkop-,1804,1874,,", Major, Besidder af Store og Lille Frederikslund, Kammerherre IV, 43. V, 300, 382.",clean,
Castenschiold,"Lucie, f. Scavenius",1844,1920,,", Datter af Henriette Scavenius, g. 1867 m. Carl C. IV, 42-43, 94, 121, 218. V, 440. — Se ogsaa Scavenius, Lucie. Castenschiold, Marie Elisabeth (f. ogd. 1872), Datter af Carl C. IV, 218. V, 440.",high,Cgm
Castenskiold,Melchior Grevenkop-,1807,1878,,", cand. jur., 1832 Attaché ved Ge­ sandtskabet i Paris, 1836—47 Legations­ sekretær i Wien, senere Besidder af Hørby- gaard og Kammerherre I, 142, 154, 157, 161, 162, 163, 171, 190. II, 80, 86, 87, 88, 93, 95, I23- HI, 112. V, 36, 136, 143, 300.",medium,i
Castilho,Antonio Feliciano de,1800,1875,,", portugisisk Digter III, 331. V, 355, 359.",clean,
Castlereagh,"Fr. William Rob. Stuart, Vis­ count",1805,1872,,", senere Marquis af Londonderry II, 141, 145. V, 167.",clean,
Castro,Ines de,,1355,,", portugisisk Hof­ dame, Infanten Dom Pedros Elskede HI, 326. V, 357.",clean,
Cavour,Camillo di,1810,1861,,", italiensk Statsmand HI, 22, 26, 30. V, 274.",clean,
Cazalis,"Emilie Clara, f. Tutein",1800,1854,,", g. m. William C. II, 101. V, 149.",medium,Cgm
Cazalis,William,1803,1878,,", Købmand i Cette II, 100-101. V, 149.",low,i
Cerillo,"Gabrielle, f. Knudsen",1804,1884,,", g. 1844 m. Kontorchef i Neapel Pasquale C. IV, 314. V, 476.",high,Cgim
Cetti,G. B.,1794,1858,,", Operasanger og Skuespiller ved Det kgl. Teater I, 36, 173. III, 41. V, 281.",clean,
Chamisso,Adalbert v.,1781,1838,,", fransk­ tysk Digter og Naturforsker I, 82, 83, 252- 53. V, 21, 66, 149.",clean,
Cherubini,Luigi,1760,1842,,", italiensk­ fransk Komponist I, 149, 155. V, 38.",clean,
Chiaveri,Luigi,,1837,,", dansk Konsul i Rom I, 217, 219. V, 56.",low,i
Christensen,C. F.,1805,1883,,", Teatermaler II, 318. V, 236.",clean,
Christensen,Christen,1806,1845,,", Medal- jør, Billedhugger I, 190, 191, 196, 198.",clean,
Christensen,Harald,1823,1892,,", Borgme­ ster og Byfoged i Hobro, Justitsraad, senere Etatsraad III, 201. IV, 241. V, 218,228,529. Christensen, Mathilde (Illa) (1851—1922), Datter af Harald C., Forfatterinde (F. C. van der Burgh) III, 201. V, 329. Christensen, Wenzeline Christiane Frede­ rikke, f. Stæger (1824—^o), g- m- Ha­ rald C. III, 201. V, 329.",high,C^fi
Christiani,Rudolf,1797,1858,,", Dr. jur., tidligere Stadssekretær i Lüneburg II, 132. V, 162, 493.",low,i
Christiansen,Eduard,1831,1884,,", Løjt­ nant i Søetaten, senere Kommandør III, 290-91, 347-48. V, 349.",low,i
Christides,Demetrios,1795,1879,,", græsk Gesandt i Konstantinopel, Politiker I, 315. y 93- Christophersen, Ernesta, f. Simonsen (1843— 1916), Plejedatter af H. P.",high,HPfiy
Holst,"g. 1869 m. Harald C. IV, 85. V, 397. Christophersen, Harald",1838,1919,,", Ope­ rasanger IV, 85. V, 397. Cicero, Marcus Tullius (106—43 f. Chr.), ro­ mersk Statsmand I, 213. Clasen, Laura, Frue III, 52, 248. V, 283, 340. Classen, Clara Charlotte, f. Skeel (Scheel) (1809—1898), g. 1828 m. P. H. C. II, 21, 23, 24, 228. V, 125.",high,CHPfgm
Classen,P. H.,1804,1886,,", Direktør for det Classenske Fideikommis, Kammerherre, se­ nere Gehejmekonferensraad II, 21. V, 125, 208. Clauren (Pseudonym for Karl G. S. Heun) (1771—1854), tysk Romanforfatter I, 32, 39- V, ii- Clausen-Schütz, Christian Ludwig, Over- og Landsretsadvokat i Wandsbeck II, 99. V, I49> 171- Claussen, K. A. (1843—1895), stud, art., Christiania, senere Litterat IV, 96. V, 599- 400, 487.",high,AGKSi
Clement,»Skipper«,1485,1536,,", jysk Bondefører I, 16, 27. V, 7, 9.",clean,
Colbiørnsen,"Engelke Margrethe, f. Falbe",1763,1848,,", Enke efter Højesteretsjusti- tiarius Christian C. I, 316. V, 3, 93, 469.",low,C
Cold,Frederikke,1787,1860,,", Konventual- inde i Gisselfeld adelige Jomfrukloster II, 395. V, 260.",low,i
Collett,"to Fruer og to Frøkener IV, 188. V, 429. Collin, Arthur",1844,1925,,", Søn af Gottlieb C., senere Landmand m. m. III, 211, 212. IV, 97, 117. V, 330, VI, 19.",medium,Cm
Collin,"Augusta, f. Petzholdt",1801,1865,,", g. 1833 m. Gottlieb C. I, 215, 236, 244, 245, 276, 282, 294, 317, 331, 336, 337. II, 36, 45, 52, 57, 83, HL 149, 150, 151, 211, 225, 245, 246, 248, 288, 300, 318, 338, 349, 385. III, 22, 37, 52, 60, 154, 170, 185, 186, 187, 193, 196, 197, 199, 202, 205, 210, 211, 212, 217, 218-19, 222, 223, 224. V, 61, 134, 257,550, 394. VI, 19. — Se ogsaa Petzholdt, Au­ gusta.",medium,Cgm
Collin,Edgar,1836,1906,,", Søn af Gottlieb C., 1856 Student, Journalist, Teaterhisto­ riker, 1906 tit. Professor II, 52, 258, 259, 278, 304, 343, 350. III, 51, 164, 167-68, 170, 221, 233, 261, 316, 351. IV, 7, 9, n, 18, 20, 22, 23, 26, 27, 117, 149, 151, 152, 153-54, 156, 170, 235, 266, 344. V, 134, 216, 217, 221, 246, 283, 337> 354, 372, 378, 405-06, 417. VI, 19.",medium,Cn
Collin,Elna,1842,1913,,", Datter af Gott­ lieb C., g. 1869 m. Handelsfuldmægtig, se­ nere Grosserer Chr. Valdemar Glad II, 166. III, 218, 317. V, 180, 332. VI, 19.",medium,Cgm
Collin,Gerda,1841,1845,,", Datter af Edvard C. I, 320, 323. II, 51, 229. V, 95, 124, 131, 134, 209. VI, 21.",low,C
Collin,Gottlieb,1806,1885,,", Søn af Jonas C., 1825 Student, 1831 cand. jur., 1832 Fuldmægtig ved Pensionskassen, 1834 Re­ gistrator og Kasserer sst., 1842 entlediget, Kammerassessor I, 23, 28, 46, 72, 84, 90, 94, 106, 121, 125, 137, 144, 146, 148, 150, 161, 167, 176, 181, 189, 190, 202, 209, 219, 227, 235, 244, 245, 269, 276, 288, 294, 309, 3J7, 33 b 34°- H, 25, 37, 52, 152, 166, i99, 225, 244, 246, 248, 275, 288, 328, 365. III, 4, 124, 141, 154, 205, 209, 211, 217-18, 224, 274, 276, 285, 303, 317, 318, 322. IV, 41, 97, 117, 133, 175, 178, 225, 242-43, 248, 253, 254, 256-57, 263, 282, 283, 284, 290, 292, 294, 304, 311, 315, 317, 320. V, 8, 41, 58, 64, 91, 134, 180, 181, 274, 307, 319, 330, 332, 346, 394, 400. VI, 9, 19, 24.",high,CHb°
Collin,Helga,1841,1918,,", Datter af Gott­ lieb C., g. 1868 m. Carl Price III, 22, 238, 261, 317. IV, 48. V, 274, 319. — Se end­ videre Price, Helga. VI, 19, Collin, Henriette Christine, f. Hornemann (1772—1845), g. i° 1795 m. M. G. Birck- ner, 20 1803 m. Jonas C. I, 8, 28, 46, 55, 72, 108, 109, 113, 121, 125, 137, 144, 147, 176, 181, 209, 219, 226, 227, 232, 235, 236, 237, 243, 245, 248, 254, 261, 264, 273, 274, 275, 294, 295, 3°2, 3°7, 3l6, 32o? 324- n, 7, 20, 59, 150. III, 142, 226. IV, 88. V, 7, 9, 15, 2b 27, 59, 61,64, 82,124,125, 215, 237, 388, 398. VI, 17-18.",high,CGMfgmn°
Collin,Hjalmar,1834,1897,,", Søn af Gott­ lieb C., 1852 Student, cand. phil., Land­ mand, senere Journalist I, 236. II, 37, 225- 26, 246, 266, 288, 349. III, 51, 257. IV, 18, 20, 25, 117. V, 61, 207, 225, 249, 283, 343, VI, 19. Collin, Ingeborg Mimi (Vulle) (1837—1843), Datter af Edvard C. I, 272, 275, 276, 279, 280, 281, 282, 283, 286, 287, 291, 294, 302, 3°3, 3°7, 3!5, 3J7, 3l8, 32°, 322, 323, 325, 33°, 331, 334, 339, 348- n, 9, 5’- V, 72, 91, 102-03, 134. VI, 21.",high,Cn°’
Collin,Jonas,1776,1861,,", Finansdeputeret, 1821—29 og 1842—49 Medlem af Det kgl. Teaters Direktion, Etatsraad, 1829 Kon- ferensraad, 1847 Gehejmekonferensraad I, 1, 2, 8, 10, 13, 17, 18, 19, 20, 23, 28, 30, 33, 37. 40, 4’, 43, 46, 49, 5b 53, 55, 57, 58, 60, 61,62,64,70,72,77,80,84,93,96,102,104, 105, 108, 109, 112, 113, 114, 115, 116, 120, 121,125,127,133,137,139,140,144,146, 147, 148, 156, 160, 161, 175, 176, 179, 181, 182, 184, I90, 194, I97, I99, 201, 203, 2O6, 208, 209, 215, 216, 218, 219, 226, 227, 232, 235, 237, 24b 243, 244, 245, 248, 249, 250, 252, 261, 264, 265, 268, 270, 275, 277, 286, 294, 295, 298, 299, 300, 304, 305-06, 307, 310, 316, 320, 322, 324, 325, 330, 335-36, 338, 339, 340, 34b 346, 347, 34Ö, 349, 35°- 51. II, 2, 3, 4, 8-9, 12, 13, 14, 19, 25, 26, 27- 28, 31, 33, 39, 40, 43, 50, 52, 58, 61, 68, 69, 70, 73-74, 86, 89, 90, 91, 93, 94, 97, 98, 99, 103, 104, 105, 108, HO, III, 113, I 14, 115, I 17, 118, 120, 121, 123, 124, 126, 127, 130, ’33, ’34, ’35, ’36-37, ’38, ’43, ’44, ’45, 148, 149, 151, 172, 176, 178, 182, 184, 186, 199, 201, 204, 206, 212, 221, 222, 226, 231, 232, 233, 234, 237, 238, 239, 244, 247, 257, 259, 265, 269, 271, 272, 277, 278, 288, 290, 292, 294, 301, 306, 307, 318, 319, 320, 322, 328, 332, 335, 338, 339, 340-41, 347, 349, 353, 357, 364, 365, 366, 369, 370, 375, 377, 388, 393, 394, 395. III, 4, 6, 9, 13, 16, 20, 21-22, 25-30, 32-34, 39, 40, 41, 43, 44, 47- 48, 5’-53, 55-58, 60-61, 134, 188, 212, 227. IV, 6, 44, 88, 138, 149, 260, 342. V, 3, 7, 24, 25, 26-27, 29-30, 38, 39'4°> 47, 49, 5°, 5 b 5b 53, 56, 64, 65, 70, 72, 73, 75, 79, 83, 84, 87, 88, 90, 91, 92, 94, 96, 98, 100, 104, 116-17, 119, 120-21, 122, 124, 125, 134, 140, 141-42, 145, 146, 147, 148, 151, 164, 181, 196, *97, *99, 206, 216, 225, 252, 254, 273, 284, 335, 338, 363, 364, 398, 404, 4’5, 456- VI, 3, 4, 9, 14, 15-17, 18, 20, 24, 25-26.",high,'*b°’
Collin,Jonas Sigismund,1840,1905,,", Søn af Edvard C., 1859 Student, 1865 cand. mag. i Zoologi, 1870 Konsulent for Østers­ fiskeriet, Zoolog, 1900 Etatsraad I, 287, 294, 3’6, 3’7, 320, 322, 323, 337. II, 22, 28, 36,46, 48, 51, 93,94,96, 189, 190, 194, 224, 237, 241, 243, 244, 250, 257, 258, 259, 260, 262, 268, 270, 272, 273, 274, 275, 279, 280- 82, 285, 288, 292, 294, 304, 305, 307, 308, 31°, 3’3, 3'4> 3’6, 317, 3’8, 32°, 321, 323, 328, 333, 334, 335, 338, 342, 345, 349, 357, 359, 365, 370, 375, 377, 383, 385, 395- HI, 2-60, 61, 62, 66, 67, 69, 70, 72, 73-74, 75, 76, 77, 78, 79, 80-125, ’26, 127, 128, 129, 130, 131, 132, 133, 134, 135, 136, 137, 138, 139, 140, 141, 142, 143, 146, 148, 149, 150, 15b 153, 154-55, i56, ’57, 159, ’60, 164, 165, 166, 167, 169, 170, 172, 174, 175, 177, 178, 179, 183, i84> «85, i87, 190, 194, 195, 196, 197, 199, 208, 209, 210, 212, 213, 215, 217, 219, 221, 226, 227, 228, 229, 232, 233, 235, 236, 240, 244, 246, 249, 251, 252, 253- 54, 256, 257, 258, 261, 262, 265, 267, 269, 271, 272, 274, 276, 277-78, 285, 288, 289, 296, 297, 300, 302, 305, 312, 313, 315, 318, 322, 326, 327, 332, 333, 337, 339, 340, 341, 342, 343, 344, 347, 348-49, 35°, 354, 356, 358, 361, 362. IV, 2, 4, 7, 8-9, 12, 13, 14, 16, 18, 19, 20, 22, 23, 24, 25, 27, 29, 31, 32, 33, 35, 36, 39, 4b 42, 44, 5b 52, 54, 55, 56, 59, 6o, 61, 62, 63, 65, 66, 67, 68, 70, 73, 74, 75, 76, 77, 78, 82, 85, 89, 90, 91, 92, 93, 94, 95-96,98, 100, 108, 110, 114, ”9, >21,122- 23, 125, 126, 127-45, ’46, 147, ’5b 152, ’54, ’55, ’57-58, ’59, ’60, 161, 162, 163, 164, 165, 167, 170, 171, 174, 175, 178, 182, 183, 186, 189, 190, 191, 193, 198, 199, 201, 202, 203, 205, 207, 208, 209, 213, 215, 216, 219, 225, 226, 228, 230, 233, 235, 236, 240, 242, 245, 247, 250, 251, 254, 255, 257-58, 259, 261, 262, 264, 269, 271, 272, 273, 274, 275> 277, 278, 280, 282, 283, 285, 286, 290, 294, 298, 299, 303, 306, 310, 313, 314, 315, 3’6, 3’7-’8, 3’9, 320, 32’, 323, 325, 326, 328, 338-40, 348. V, 20, 73, 94, 163, 224, 266, 268, 263-70, 273, 276-78, 273, 280, 281, 283-84,285,230-31,233,234,236-33,301,310, 3”, 321, 341, 344, 355, 356, 358, 36b 363, 370, 384, 387, 400,406,407,408-13,421,433, 438, 448, 449, 45 b 459-. 480, 46’, 465, 466, 474, 478, 480, 484, 485, 488, 495. VI, 4, 6, 9, 13, 21, 24, 27. Collin, Kaj Jonas (f. 1867), Søn af Edgar C., senere Arkivar IV, 26, 27. V, 378.",high,'Cbi°’
Collin,Louise,1813,1898,,", Datter af Jonas C., g. 1840 m. W. Lind I, 28, 43, 72, 102, 104, 105, 106, 107, 109, 110, in, 112, 121, 124, 133, 138, 139, 144, 147, 149, 161, 167, 176, 181, 190, 197, 207, 215, 216, 220, 224, 226, 230, 232-33, 234, 236, 239, 241, 242, 243, 245, 248, 252, 253, 254, 257, 258, 261, 263, 264, 268, 273, 275, 276, 282, 286, 291, 294, 296, 298. V, 10, 27, 31, 38, 42, 52, 59, 63, 68, 72, 89. VI, 13. — Se endvidere Lind, Louise.",high,CWgm
Collin,Louise,1839,1920,,", Datter af Ed­ vard C., g. 1872 m. Viggo Drewsen I, 272, 275, 279> 28o, 286, 287, 294, 302, 307, 316, 3’7, 32O> 322> 323, 337- H, 12, 17, 22, 36, 46,48,94,177,178,190,194,213, 224,232, 234, 243, 250, 257, 258, 259, 262, 268, 270, 273, 275, 279, 282, 285, 286, 288, 292, 294, 297, 299, 300, 304, 305, 307, 310, 314-15, 316, 317, 318, 320, 321, 323, 328, 333, 334, 338, 34b 342, 345, 349, 357, 365, 37°, 375, 383, 385. III, 2, 3, 4, 6, 14, 19, 20, 21, 22, 23, 25, 28, 32, 36, 37, 39, 43, 46, 47, 48, 51, 55, 59, 60, 61, 62, 66, 70, 73, 74, 76, 79, 82, 83-84, 86, 87-88, 8g, 90, 93, 94, 96, 97, 98, 99, 101, 102, 104, 105-06, 108, 109, in, 113, 116, 119, 121, 122, 125, 127, 128, 130, 13b >32> >34, i353 ’S6, 138, 14°, Hb >43, ’44, 149, 15°, ’53, !54, '56, >59, l62, i65, 167, 169, 170, 172, 173, 174, 175, 176, 178, 183, 184, 185, 190, 194, 195, 197, 199, 208, 209, 210, 215, 217, 219, 221, 226, 227, 228, 229, 232, 235, 240, 244, 246, 249> 252, 257, 262, 265, 267, 274, 276, 277-78, 285, 289, 304, 310, 311, 313, 315, 318, 322, 326, 333, 342, 344, 347, 348, 354, 357, 358- IV, 2, 5, 7, 12, 18, 22, 23, 25, 27, 29, 31, 32, 33, 35, 39, 4», 42, 44, 5b 52> 56, 59, 60, 6b 62, 63, 65, 67, 70, 7 b 73, 74, 75, 78, 77, 78, 79-8°, 82, 85, 89, 91, 94, 95, 100, 108, no, 114, 118, 119, 123, 134, 138, 140, 143, 144, 147, i5b !53> !55> 158, 160, 163, 165, 167, 169, 171, 174, 175, 183, 186, 187, 189, 190, 191, 193, 194, 198, 199, 201, 205, 207, 208, 213, 216, 217, 218, 219-20, 222, 223, 224, 225, 226, 347, 348. V, 72, 244, 285, 290, 291, 293, 295, 298, 299, 347, 361, 379, 430-431. VI, 9, 2/, 27. — Se endvidere Drewsen, Louise.",high,'CHbgm°»’
Collin,"Magdalene, f. Hansen",1841,1894,,", Datter af Kammersanger Christian Han­ sen, g. 1866 m. Edgar C. IV, 22, 151. V, 337, 354, 376, 378- VI, 19.",medium,Cgm
Collin,"Marie, f. Grønberg",1841,1899,,", g. 1862 m. Hjalmar C.",medium,Cgm
HI,"257, 259. IV, 117. V, 343- VI, 19. Collin, Mimi",1842,1855,,", Datter af Edvard C. II, 22, 36, 46, 60, 174, 189, 190, 194, 213-14, 224, 243, 250, 254. V, ioi, 123, 183, 215. VI, 21.",low,C
Collin,Theodor,1815,1902,,"Søn af Jonas C., 1833 Student, 1841 cand. med., 1847- 48 Overskibslæge, 1849—94 Teater læge, 1859 tit. Professor I, 68, 72, 107, 121, 125, 137, 141, 144, 147, 176, 181, 190, 241, 245, 249, 250, 266-67, 272, 273, 275, 276, 282, 294, 295, 329, 334, 335*36, 337, 338, 339, 343. II, 5, 7, 8, 24, 25, 28, 33, 37, 72, 108, 118, 135, 137, 164, 167, 168, 172, 200, 202, 212, 237, 238, 244, 248, 249, 269, 300, 313- 14, 317, 335, 338, 349, 373, 385- HI, 3, 22, 25, 26, 27, 36, 40, 52, 56, 66, 67, 69, 70, 79, 107, 135, 140, 142, 153, 154, 156, 168, 170, 176, 184, 185, 192, 195, 197, 199, 202, 208, 210, 213, 214, 215, 219, 224, 227, 229, 232, 236, 24O, 242-43, 249, 252, 256, 257, 272, 274, 276, 277, 285, 289, 3OO, 316, 322, 333, 337? 344? 347? 358- IV, 5, 7, 13, 16, 22, 24, 25, 27, 29, 31, 32, 36, 37, 44, 58, 60, 61, 65, 69, 74, 76, 77, 82, 87, 109, 129, 136, 139, 143, 144, 148, 152, 155, 158, 159, 161, 163, 165, 166, 167, 170, 171, 173, 178, 180, 183, 184, 189, 190, 191, 194, 200, 202, 218-19, 221, 225, 226, 237, 238, 240, 244, 247, 248, 251, 253, 254, 257, 261, 262, 267, 268, 271, 275, 280, 281, 282, 283, 285, 290, 292, 294, 299? 303? 307? 308, 314? 315? 317? 320, 323, 326, 341, 344, 348. V, 18, 64, 83, 96, 100-01, 103, 124, 164, 181, 212-13, 227, 255, 257? 288, 299, 310, 322, 380, 422, 431, 433? 434? 443, 444, 445? 447? 454? 45^, 458, 460, 484, 488. VI, 16, 19, 24.",medium,*C^
Collingwood,Cuthbert,1826,1908,,", Læge i Liverpool, Zoolog IV, 230. V, 445.",low,i
Colsmann,Johannes,1771,1830,,", Professor ved Kirurgisk Akademi og Generaldirektør for Kirurgien, Hof kirurg IV, 314. V, 476- Coninck, Louis de (1788—1840), Kaptajn i Søetaten, senere Kommandørkaptajn I, 142-43. V, 36, 58.",low,i
Cooper,J. F.,1789,1851,,", amerikansk Ro­ manforfatter II, 146, 302. V, 169, 231.",clean,
Coopmans,Edzard Wilhelm,1782,1853,,", Gesandt i Dresden, Kammerherre I, 77. V, 20.",low,i
Coppel,Clara,1851,1927,,", Datter af S. C., senere g. m. Løjtnant i den russiske Garde- Marine Adrien v. Lavroff IV, 201. V, 435.",high,CSgimv
Coppel,S.,1809,1890,,", Bankier i Hannover IV, 200-01. V, 435.",low,i
Corneille,Pierre,1606,1684,,", fransk Digter I, 338.",clean,
Cornet,"Francisca, f. Kiel",1808,1870,,", tysk Operasangerinde, g. m. Julius C. I, 18, 25. V, 7- Cornet, Julius (1793—1860), tysk Opera­ sanger, senere Operadirektør i Hamburg og Wien I, 18. V, 7.",high,Cgim
Correggio,Antonio Allegri,1494,1534,,"? italiensk Maler I, 77. II, 239. III, 93. V, 211. Coster von Voorhout, Jenny, hollandsk Auto­ grafsamler IV, 231.",clean,
Cotta,"Georg v., Friherre",1796,1863,,", For­ lagsboghandler i Stuttgart II, 368. V, 254.",low,i
Cottin,"Marie, f. Ristaud",1773,1807,,", fransk Romanforfatterinde I, 165, 166.",clean,
Cramer,Michael J.,1835,1898,,", U. S. A.s Gesandt i Kbh., 1881 i Bern, Dr. phil., Teo­ log IV 223, 309, 311, 313. V, 442, 473, 474.",high,ASUis
Dahl,Balduin,1834,1891,,", Kapelmester, Komponist IV, 76. V, 393.",clean,
Dahl,"Emma, f. Freyse",1819,1896,,", norsk Sangerinde, g. m. Johan D. IV, 189. V, 429.",medium,Dgm
Dahl,J. C.,1788,1857,,", norsk Landskabs­ maler, Dresden I, 77, 79. II, 220, 268, 270. V, 20, 205, 211, 215, 219, 488.",clean,
Dahl,Johan,1807,1877,,", Boghandler i Chri­ stiania IV, 189. V, 42g, 430.",low,i
Dahl,Siegwald,1827,1902,,", Søn afj. C. D., norsk Maler II, 270, 273, 274. V, 219.",medium,CD
Dahlerup,Jens Wilhelm,1810,1833,,", Se­ kondløjtnant i Søetaten I, 167. V, 41. Dahlstrøm, Frederik (Fritz) (1815—1894), Stiftamtmand i Aalborg, Kammerherre II, 316, 320, 328. V, 235-36, 241.",medium,i
Daisenberger,J. A.,1799,1883,,", Sognepræst i Oberammergau II, 336. V, 244.",low,i
Dalgas,"fra Livorno IV, 320. V, 479. Dalgas, Christian August",1789,1863,,", dansk Konsul i Livorno III, 8. V, 269, 479.",low,i
Dalsgaard,Christen,1824,1907,,", Maler III, 10, V, 271, 415.",clean,
Damgaard,A. K.,1808,1906,,", Stiftsprovst i Odense IV, 44. V, 383.",low,i
Dan,"Adam, se Pedersen, Niels. Dankwart, Fr. Chr.",1782,1856,,", Direktør for det udenlandske Departement, Konfe- rensraad, senere Gehejmekonferensraad II, 9, 16, 18. V, 120.",clean,
Danmark,"Alexandra, Prinsesse af —",1844,1925,,", Datter af Christian IX af D., g. 1863 m. Prins Edward af Wales (Edward VII) III, 23, 118. V, 276, 301. — Se ogsaa Wales, Alexandra, Prinsesse af —. Danmark, Caroline Amalie, Prinsesse af —, f. Prinsesse af Augustenborg (1796—1881), g. 1815 m. Prins Christian (VIII) af D., Dronning 1839 I, 281. II, 13-15, 30, 117, 143, 180. III, 161. IV, 88, 317. V, 6, 76, 97, 122, 123, 130, 152, 154, 167, 187, 221, 275, 37^ Danmark, Caroline Mathilde, Dronning af —, f. Prinsesse af England (1751—1775), g. 1766 m. Kong Christian VII af D. III, 249, 250, 256. V, 340, 343. Danmark, Charlotte Frederikke, Prinsesse af —, f. Prinsesse af Mecklenburg-Schwerin (1784—1840), g. 1806 m. Prins Christian (VIII) af D., Ægteskabet opløst 1810 I, 211. V, 53.",high,D^fgm
Danmark,"Christian IV, Konge af—",1577,1648,,"I, 22. V, 8. Danmark, Christian (VIII), Prins af — (1786—1848), Konge 1839 I, 176, 179, 199, 201, 224, 281, 306, 323, 331. II, 13-15, 27, 56, 58, 70-71, 74-75, 104, 111-12, 117, 118, 137, 164. III, 97. IV, 110. V, 44, 57, 84, 86, 88, gy, 98, 100, 109, 114, 122,123, 142, 147, <50, 15L 152, 154-55, J58, i62, j74, *79- Danmark, Christian IX, Konge af — (1818— 1906) III, 145, 217, 222, 284, 341. IV, 15, 20, 22, 23, 46, 88, 238, 239, 240, 281, 288, 289, 306, 311, 317. V, 234, 276, 305, 309, 312, 316, 334, 338, 354, 361, 372, 373-74, 375, 376, 377, 3^3, 397, 398, 404, 422, 447, 463,474,48i- Danmark, Christian (X), Prins af — (f. 1870), Konge 1912 IV, 172, 317. V, 422.",medium,*^
Danmark,"Dagmar, Prinsesse af —",1847,1928,,", Datter af Christian IX af D., g. 1866 m. Storfyrst Alexander Alexandrovic (Alex­ ander III) af Rusland III, 278, 310, 317, 3*8, 323, 35°- IV, 120. V, 347, 353, 354, 5^5, 366, 463.",high,*D^gm°
Danmark,"Ferdinand, Arveprins af —",1792,1863,,", Broder til Christian VIII af D. III, 136. V, 305.",low,D
Danmark,"Frederik VI, Konge af —",1768,1839,,"I, 6, 16, 18, 36, 71, 167, 239, 247. II, 25, 119. V, 6, 9, 29-30, 41, 71, 86, 104, 124, 284. VI, 14, 16.",clean,
Danmark,"Frederik VII, Konge af —",1808,1863,,"II, 208, 226-27, 334, 341, 346, 357, 366, 371. III, 4, 22, 23. V, 3, 53, 125, 184, 192, 208, 217, 233, 239, 241, 243, 245-46, 250, 255, 274, 276, 295. VI, 39. Danmark, Frederik (VIII), Kronprins af — (1843—1912), Konge 1906 III, 261, 278- 79, 283-84, 285, 286-87, 289, 290, 310, 316, 361. IV, 17, 23, 66, 78, 88, 277. V, 343, 347, 353> 366, 377, 390, 392, 394, 395, 39$, 398, 400, 462-63.",low,$
Danmark,"Louise, Prinsesse af —, f. Prinsesse af Hessen",1817,1898,,", g. 1842 m. Prins Christian af Glucksborg (Christian IX), Dronning 1863 III, 23, 359. IV, 7, 9, 17, 23, 88. V, 276, 288, 372, 373-74, 376, 377, 398, 4^3- Danmark, Louise (Lovisa), Kronprinsesse af —, f. Prinsesse af Sverrig-Norge (1851— 1926), g. 1869 m. Kronprins Frederik (VIII) af D. IV, 97, 110, 169, 232. V, 394, 395, 398, 463- — Se ogsaa Sverrig-Norge, Lovisa, Prinsesse af —. Danmark, Marie Sophie Frederikke, Dron­ ning af —, f. Prinsesse af Hessen-Kassel (1767—1852), g. 1790 m. Frederik VI af D. I, i, 93. II, 86, 180. V, 3, 22, 26, 187, 386, 469. Danmark, Sophie Amalie, Dronning af —, f. Prinsesse af Braunschweig-Lüneburg (1628—1685), g. m. Kong Frederik III af D. IV, 77.",high,D^fgim
Danmark,"Thyra, Prinsesse af —",1853,1933,,", Datter af Christian IX af D., g. 1878 m. Hertug Ernst August af Cumber­ land IV, 110, 321. V, 374, 404. Dannemand, Frederikke, f. Andersen (Raf- sted) (1790—1862), Kong Frederik VI.s Mætresse I, 28, 83. V, 9.",high,Dfgms
Danner,"Louise, Lensgrevinde, f. Rasmussen",1815,1874,,", g- t85O m. Kong Frederik VII II, 226-27, 341, 366. III, 22, 23, 49. V, 208, 253, 274, 276, 282.",low,m
Danneskiold-Samsøe,"Christian, Greve",1800,1886,,", Søn af Henriette D.-S., Overstald­ mester hos Kong Christian VIII, Over­ skænk hos Kong Frederik VII, 1867 Ge- hejmekonferensraad, 1869 Lensgreve og Besidder af Grevskabet Samsø II, 127. III, 170- V, 158, 317-18. Danneskiold - Samsøe, Christian Frederik, Greve (1838—1914), Søn af Christian D.-S., Hofjægermester, 1886 Lensgreve og Besidder af Grevskabet Samsø III, 278, 289. V, 347, 414.",medium,D
Danneskiold-Samsøe,"Elisabeth, Grevinde, f. Brudenell-Bruce",1807,1847,,", g. 1833 m. Christian D.-S. I, 319-20, 321. V, 95.",medium,Dgm
Danneskiold-Samsøe,"Frederik, Lensgreve",1798,1869,,", Søn af Henriette D.-S., Be­ sidder af Grevskabet Samsø, Overdirektør for Gisselfeld adelige Jomfrukloster I, 319. V, 94\ Danneskiold-Samsøe, Henriette, Lensgrev­ inde, f. Kaas (1776—1843), Enke efter Amtmand, Lensgreve Conrad D.-S. til Grevskabet Samsø I, 319, 343. V, 76, 94, 106.",medium,Df
Danneskiold-Samsøe,"Henriette, Grevinde, f. Komtesse Krag-Juel-Vind-Frijs",1848,1897,,", Datter af C. E. Krag-Juel-Vind- Frijs, g. 1867 m. Christian Frederik D.-S. IV, 146. V, 306, 414. Dante Alighieri (1265—1321), italiensk Dig­ ter II, 386. V, 59-60, 427.",high,CDEgm
Daumas,Eugène,1803,1871,,", fransk Gene­ ral, Gouvernementskommandant i Bor­ deaux III, 290, 292, 335. V, 349.",low,i
David,Aron,1795,1868,,", Ejer af Rungsted- lund, Folehavegaard og Rungstedgaard I, 343. II, 154, 158. III, 220, 221. V, 53, 105, 141, 150, 172, 313, 345. VI, 20.",clean,
David,Benny,1791,1884,,", Broder til Aron D., Partikulier III, 154. V. 150, 313.",low,D
David,"Caroline, Adoptivdatter af Aron D.",1832,1878,,", g. 1851 m. Harald D. III, 267. V, 345.",medium,Dgm
David,C. N.,1793,1874,,", Broder til Aron D., Professor i Statsøkonomi, 1854 Chef for Statistisk Departement, 1858 Medlem af Nationalbankens Direktion, 1864—65 Fi­ nansminister, Politiker, 1858 Konferens- raad I, 96, 337. III, 282. IV, 10, 220, 223. V, 4, 18, 22, 53, 104, 150, 348, 373, 440.",medium,Di
David,Félicien,1810,1876,,", fransk Kom­ ponist III, in. V, 300.",clean,
David,Harald,1819,1871,,", Søn af Aron D., efter dennes Død Ejer af Rungstedlund etc. II, 22. V, 125-26, 345.",low,D
David,Ludvig,1840,1866,,", Søn af C. N. D., cand. jur. III, 282, 289. V, 348.",medium,CDN
Dawison,Bogumil,1818,1872,,", tysk Skue­ spiller II, 382, 384. III, 6, 54. V, 256.",clean,
Decken,"Wilhelmine v. d., f. Brauns",1783,1858,,", Enke efter Oberst i den engelsk­ tyske Legion Claus Benedikt v. d. D. II, 68, 80, 200. V, 140.",high,Ddiv
Déjazet,Pauline,1797,1875,,", fransk Skue­ spillerinde I, 336. V, 34, 103, 104.",clean,
Delavigne,Casimir,1793,1843,,", fransk Dig­ ter I, 217, 340. V, 82.",clean,
Delbanco,Georg Christian,1848,1911,,", Søn af O. H. D., senere Sognepræst i Ka­ lundborg II, 224. V, 207.",high,DHOi
Delbanco,O. H.,1821,1890,,", Boghandler, Udgiver af »Illustreret Tidende« II, 131, 182, 194, 217, 224, 249, 328, 332, 333, 336, 345> 347, 366, 371. V, 162, 315, 377, 464.",low,»
Delbanco,"Pauline Antonie Augusta, f. Plätzer",1823,1904,,", Datter af Joh. Chr. Plätzer, g. 1847 m. O. H. D. II, 224. V, 207. Delius, Ed., tysk Købmand i Malaga III, 85. V, 292.",high,DHOgim
Delong,Albert Herman Peter Gabriel,1797,1865,,", 1836 dansk Konsul i Paris, 1838 Generalkonsul, 1849 Titel af Baron I, 163, 165, 342. III, 103, 125. V, 40, 106, 300. Demouceaux, Louis, fransk Forfatter, Over­ sætter af A.s Eventyr IV, 272-73. V, 460-61.",medium,Ais
Deurs,H. E. van,1807,1868,,", cand. jur., Besidder af Bøstrup, Landstingsmand, Hofjægermester III, 248. V, 340.",clean,
Devrient,Eduard,1801,1877,,", tysk Skue­ spiller og Dramaturg, Intendant ved Hof­ teatret i Karlsruhe II, 357, 368. V, 250-51, 254- Devrient, Emil (1803—1872), Broder til Eduard D., tysk Skuespiller II, 257-58. V, 215.",medium,Di
Dichman,"Sophie Frederikke, f. Qyistgaard",1796,1847,,", g. m. Toldinspektør i Svend­ borg, kar. Kaptajn F. C. D. II, 131. V, 161.",high,CDFgim
Dickens,"Catherine, f. Hogarth",,1879,,", g. 1836 m. Charles D., Ægteskabet opløst 1858 HI, 256.",medium,Dgm
Dickens,Charles,1812,1870,,", engelsk Dig­ ter II, 150, 153, 154, 159, 191, 192, 250, 271, 283, 289, 332, 385. III, 136, 255, 256. IV, 152-53, 348. V, 165, 168, 172, 175, 193, 213, 224, 225, 257, 274, 288, 342, 416, 470.",clean,
Dietrichson,L.,1834,1917,,", norsk Kunst- og Litteraturhistoriker, Docent ved Upp­ sala Universitet, 1869 Professor ved Kunst­ akademiet i Stockholm, 1875 Professor i vi,7 Kunsthistorie i Christiania III, no. IV, 105-06. V, 295, 299-300, 403-04.",medium,i
Dietrichson,"Mathilde, f. Bonnevie",1837,1921,,", norsk Malerinde, g. 1862 m. L. D. IV, 105. V, 403—04.",high,DLgm
Dinesen,A. W.,1807,1876,,", Premierløjt­ nant i Artilleriet, senere Major og Besidder af Katholm I, 128, 134, 142, 144, 152, 171, 179, 188, 191-95- V, 32, 474.",low,i
Dinesen,Wilhelm,1845,1895,,", Søn af A. W. D., Kaptajn, Forfatter (Boganis) IV, 310-11. V, 474.",medium,ADW
Dingelstedt,Franz v.,1814,1881,,", tysk Dig­ ter, 1867 Direktør for Wiener Hofoperaen, senere tillige for Burgteatret sst. IV, 101. V, 402. Diogenes fra Sinope (f. 414 f. Chr.), græsk Filosof II, 141. V, 167.",low,f
Dirckinck-Holmfeld,"Selma Henriette, Fri- herreinde",1806,1845,,", g. 1832 m. Over- førster, Kammerherre N. J. v. Jessen I, 16. v. 7- Ditzel, Chr. Andr. (1805—1893), Distrikts­ læge i Hammel, Kancelliraad III, 138, 139, 197, 202, 207. IV, 69. V, 303.",high,JNgimv
Djørup,C.,1804,1879,,", Sognepræst til Hjør­ ring samt til St. Hans og St. Olufs, Provst for Vennebjerg og Horns Herred, 1863 Sognepræst til Karlebo og Provst for Lynge- Kronborg Herred II, 320. V, 238.",clean,
Dockum,Joost Ferdinand Guillaume van,1808,1868,,", Sekondløjtnant i Søetaten, senere kar. Kaptajn og Bogholder ved Hel­ singørs Lodseri I, 144, 149. V, 36.",low,i
Donner,"Helene, f. v. Schrøder",1819,1909,,", Enke efter Etatsraad Bernhard D., Altona IV, 60-61. V, 389.",low,D
Dor,Henri,1835,1913,,", Professor ved Uni­ versitetet i Bern, 1876 Øjenlæge i Lyon IV, 234—35, 245, 251. V, 446-47, 449, 451, 495.",medium,i
Dorph,A.,1831,1894,,", Maler IV, 249. V, 449- Dorph, N. V. (1783—1858), 1829—33 Rektor i Horsens, 1840 tit. Professor, 1856—57 Di­ rektør for Det kgl. Teater, Oversætter I, 22. II, 277, 279. V, 8, 218, 221, 222, 227.",medium,Ni
Dorph-Petersen,J. F. S.,1845,1927,,", Skue­ spiller, senere Direktør for Folketeatret IV, 121. V, 406-07.",clean,
Drakenberg,Christian Jacobsen,,1772,,", Sømand I, 16. IV, 327. V, 6.",clean,
Drewsen,Adolph,1803,1885,,", Auditør ved Søkadetkorpset, 1832 Assessor i Kbh.s Po­ litiret, 1845 i Kriminal- og Politiretten, 1847 Justitiarius sst., 1846 Justitsraad, 1852 Etatsraad, 1869 Konferensraad I, 28, 72, 84, 108, 112, 114, 121, 124, 138, 144, 147, 215, 235, 243, 252, 254, 276, 281, 282, 294, 297, 341. II, 33, 199, 218, 221, 224, 241, 242, 245, 246, 252, 277, 278, 280, 298, 306, 316, 320, 321, 329, 333, 334, 338, 349, 364, 365, 375, 376, 394- IH, 4, >6, 26, 28, 33, 67, 70, 80, 124, 142, 150, 154, 156, 164, 190, 209, 226, 227, 240, 250, 252, 256, 258, 274, 279, 285, 289, 300, 304, 312, 327, 343. IV, 3, 5, 18, 24, 25, 66, 82, 109, 133, 174, 184, 194, 198, 201, 208, 211, 212, 216, 218, 221, 236, 242, 249, 256, 259, 274, 276, 292, 294, 297, 317, 319, 320. V, 5, 10, 22, 28, 31, 64, 70, 72, 75, 76, 98, 105, 119, 181, 203, 203, 221, 283, 283-30, 298, 303, 305, 311, 312, 346, 377, 383, 336, 337, 434, 455, 467, 468, 471, 477, 478-73. VI, 18. Drewsen, Amalie (Malle), f. Kümmel (1808 —1863), g. 1830 m. Michael D. II, 196, 197, 246, 250. III, 139. V, 195, 212, 274, 3°^ Drewsen, Anna Christine Dorothea, f. Lassen (1777—1852), Enke efter Papirmager Chri­ stian D., Strandmøllen I, 125. V, 31.",high,D^fgims°
Drewsen,Carl,1795,1878,,", Broder til Adolph D., fhv. Skovfoged i 3die kronborg­ ske Skovdistrikt IV, 24. V, 377.",medium,Di
Drewsen,Einar,1833,1873,,", Søn af Adolph D., 1852 Student, cand. phil., 1856 Assi­ stent i Nationalbanken I, 129. II, 225-26, 233, 251-54, 255, 256, 304, 35°- ni, J425 166, 168, 171, 218, 312. IV, 3, 52, 53, 54, 65, 106, 133, 147, 183, 192, 197, 199, 200, 201-02, 204, 206, 208-09, 212, 213-15, 217, 220, 221, 223, 249, 253, 254, 256. V, 32, 207, 213, 214, 254, 309, 318, 331-32, 369, 404, 414, 433, 434, 439, 440, 442, 453. VI, 19.",medium,Di°
Drewsen,"Emmy, f. Richter",1800,1880,,", g. 1828 m. J. C. D. II, 6. V, 119. Drewsen, Gerd (f. 1873), Datter af Viggo D., g. 1899 m. Rigsdagsstenograf C. G. Casse IV, 263, 264, 273, 276, 278, 283, 284, 290, 292, 294, 297, 298, 299, 302, 303, 305, 306, 326, 328. V, 456, 457, 461, 462, 485.",high,CDGJgm
Drewsen,"Hanne, f. Wismer",1800,1890,,", g. m. Carl D. IV, 24. V, 377. VI, 41.",medium,Dgm
Drewsen,Harald,1836,1878,,", Søn af Adolph D., Arkitekt, senere Bygningsin­ spektør for Frederiksberg Sogn I, 310. II, 293> 297-306, 343, 350. III, 142, 149, 166, 168. IV, 52, 54, 117, 133, 212, 282, 287. V, 229, 231, 234, 246, 278, 311, 405, 466, 467. VI, 19.",low,D
Drewsen,"Ingeborg, f. Collin",1804,1877,,", Datter af Jonas Collin, g. 1826 m. Adolph D. I, 2, 28, 72, 107-08, 109, 110, in, 114, 121, 124, 138, 144, 147, 176, 181, 190, 197, 212, 215, 216, 217, 220, 224, 231, 235, 237, 242, 243, 248, 250, 252, 253, 254, 258, 268, 273, 275, 276, 281, 282, 283, 285, 290, 291, 294, 297, 299, 310, 316, 320, 324, 326, 329, 33 b 336> 343, 349- H, 7, 24, 25, 26, 29, 32, 33, 34, 35, 36, 52, 64, 71, 72, 77, 79, 83, 98, 103, 108, in, 112, 113, 114, 115, 137, 141, 149, 150, 151, 158, 166, 170, 172, 174, 176, 178, 189, 209-10, 217, 226, 230, 238, 243, 247, 251, 253, 254, 267, 268, 271, 275, 277, 279, 298, 299, 300, 301, 306, 316, 335, 338, 34b 345, 353, 354, 375, 393- HI, 9, 16, 22, 25, 26, 27, 30, 41, 57, 59, 60, 65-66, 67, 68, 70, 80, 87, 93, 138, 141, 145, 150-51, 162, 164, 166, 167, 169, 172, 174, 175, 184, 196, 197, 199, 200, 202, 205, 211, 222, 226, 240, 245, 256, 257-58, 259, 261, 262, 271, 276, 292, 303. IV, 3, 32, 35, 37, 41, 53, 65, 78, 79, 97, 109, ii7, i33, 164, 167, 193, 197, 199-200, 201, 202, 203, 204, 206, 207-08, 209, 213-15, 217, 221, 223, 226, 236, 238, 240, 242, 245, 248, 253, 254, 256, 262, 277, 279, 287, 294, 31 o, 317, 319, 320, 344. V, 3, 5, 10, 22, 72, 81, 90, 101, 142, 148, 130, 190, 213, 214, 286, 309, 311-12, 321, 386, 395, 404, 4i6> 420, 430-31, 434, 442, 453, 455> 461, 468, 474, 478, 481. VI, 3, 9, 18, 22.",high,DHbgmo
Drewsen,"Ingeborg, f. Lind",1841,1924,,", Datter af W. Lind, g. 1874 m- Harald D. IV, 282. V, 466, 467. VI, 19. — Se ogsaa Lind, Ingeborg.",medium,DWg
Drewsen,J. C.,1777,1851,,", Halvbroder til Adolph D., Papirfabrikant, Ejer af Strand­ møllen, Stænderdeputeret, Kammerraad II, 6. V, 105, 118-19.",low,D
Drewsen,Johanne,1831,1892,,", Datter af Michael D., g. 1855 m. Kaptajn i Livgar­ den til Fods, senere Generalmajor Corne­ lius Krieger II, 196, 238. V, 195.",high,Dgim
Drewsen,Jonna,1827,1878,,", Datter af Adolph D., g. 1850 m. Henrik Stampe I, 8, 129, 147, 148, 294, 298-99, 307, 320, 332, 333-34, 336, 338- II, 7-8, i1, 33, 39, 57, 64, IO3, 121, 152, 17O, 172, 174, 176, 177, 178, 188. V, 5, 119-20. VI, 18. — Se endvidere Stampe, Jonna.",medium,Dgm
Drewsen,"Louise, f. Collin",1839,1920,,", Dat­ ter af Edvard Collin, g. 1872 m. Viggo D. IV, 235, 236, 240, 242, 245, 247, 248, 249, 252-53, 254, 256, 260-61, 262, 264, 276, 278, 283, 284, 286, 290, 292, 294, 297, 298, 299, 3°2, 303, 305? 320, 321, 326, 328. V, 443, 456, 461, 462, 478. VI, 19. — Se ogsaa Collin, Louise.",high,Dgm°
Drewsen,Michael,1804,1874,,", Søn af J. C. D., Papirfabrikant, Silkeborgs Grundlæg­ ger II, 196, 197, 239, 249, 312, 313. IV, 6-7, 12. V, 119,195, 212, 230, 234, 261, 274, 494- Drewsen, Pauline, f. Beutner (1828—1908), Datter af S. N. Beutner, g. 1854 m. Valde­ mar D. II, 300, 376. III, 350, 355. IV, 184. V, 230, 287, 428. VI, 18.",high,CDJNSfgm
Drewsen,Svend,1874,1934,,", Søn af Viggo D., senere Oversætter IV, 326, 328. V, 478, 485- Drewsen, Valdemar (1828—1892), Søn af Adolph D., 1849 Fabrikmester paa Silke­ borg, 1858 Bestyrer af Ben tse Brug, Papir­ fabrikved Christiania I, 129, 147, 148, 243- 44, 279. II, 167, 168, 170, 172, 173, 176-77, 178, 249, 300. III, 22, 25, 350. IV, 188, 215, 287. V, 180, 182, 185, 212, 230, 286, 304, 429. VI, 18.",medium,D
Drewsen,Viggo,1830,1888,,", Søn af Adolph D., 1850 Student, cand. phil., 1859 Assi­ stent i Finansministeriet, 1870 Fuldmægtig sst., 1873 Kontorchef i »Livsforsikringsan­ stalten af 1871«, filosofisk Forfatter I, 94, 102, 106, m, 112, 114, 121, 124, 129, 144, 147, 148, 165-66, 177, 181, 190, 216, 227, 235, 242. II, 116, 210, 217-22, 224, 225, 227, 304, 346, 350. III, 42, 84, 87, 124, 134, 149, 150-51, 154, 156, 162, 164, 169, 174, 175-76, 177, 196, 229, 261, 312. IV, 106, 183, 217, 218, 219, 220, 221, 224, 235, 236, 242, 245, 247, 248-49, 250, 252-53, 267, 268, 269, 270, 274, 276, 278, 283, 284, 290, 294, 297, 298, 299, 303, 305, 306, 326, 344. V, 22, 35, 201, 202, 203-04, 203, 213, 279, 304, 309» 310-12, 313, 335-36, 443, 447, 449, 45 b 453) 46L 4$2> 47477) 478- VI, 18- 19, 21, 24.",high,$Dbim»
Drouet,Henri,1829,1900,,", Præfekt i Dijon, Konkyliolog IV, 55, 123. V, 297, 386-87, 407- Due, Alette Wilhelmine, f. Sibbern (1812— 1887), g. m. Fredrik D. IV, 105. V, 403- Due, Fredrik (1796—1873), svensk-norsk Gesandt i Wien, tidligere norsk Statsmini­ ster IV, 105. V, 403.",high,Dfgim
Duff-Gordon,"Lucy, Lady, f. Austin",,1869,,", g. m. Sir Alexander Cornewall D.-G., Ba­ ronet II, 145. V, 168. Dumas père, Alexandre (1803—1870), fransk Forfatter I, 337. II, 358. V, 250, 231, 366. Dumas fils, Alexandre (1824—1895), fransk Forfatter IV, 6.",medium,Dgm
Dunlop,Agnes,1830,1908,,", Selskabsdame paa Basnæs, g. 1863 m. Michael Rosing III, i39, '43- V, 306, 3°7- Duntzfelt, Birthe, f. Christmas (1797—1872), g. m. William Frederik D. III, 45. V, 282.",high,'Dfgm°
Duntzfelt,William Frederik,1792,1863,,", Grosserer, Bestyrer af Fredens Mølles Fa­ brikker, Etatsraad III, 45. V, 282.",clean,
Duport,Paul,1798,1866,,", fransk Vaude­ villeforfatter I, 162. V, 35.",clean,
Durham,Joseph,1821,1877,,", engelsk Bil­ ledhugger II, 149, 152, 159, 169. V, 170, 172, 176.",clean,
Duse,August,1817,1849,,", svensk Frivillig, Sekondløjtnant ved 1. lette Bataillon II, 198. V, 196.",clean,
Dyck,A. van,1599,1641,,", flamsk Maler HI, 273. Dührssen, Herm. Chr., Tysklærer ved Liceu de Coimbra, Coimbra III, 326, V, 557, 359* Dürer, Albrecht (1471—1528), tysk Maler I, 291.",low,*
Düring-Rosenkrantz,"Ernst v., Baron",1830,1890,,", Premierløjtnant i Kavallenets Krigs­ reserve, senere Ritmester III, 231, 237. V, 336, 338.",low,i
Ebert,Friedrich Adolf,1791,1834,,", Over­ bibliotekar ved det kgl. Bibliotek i Dresden I, 78. V, 20.",low,i
Eckard,F. A.,1805,1867,,", Medlem af den holstenske Overret i Glückstadt, senere Di­ rektør for Tugthuset sst., Kammerjunker II, 2. V, 115.",low,i
Eckardt,"Josephine, f. Thorberg",1839,1906,,", Skuespillerinde ved Det kgl. Teater, g. 1863 m. L. E. III, 153, 186, 275, 302. V, 313, 346- Eckardt, L. (1829—1889), Skuespiller ved Det kgl. Teater II, 338. III, 65, 186, 190, 205-06, 312, 316, 326. IV, 88, 106, 164. V, 244, 286.",high,ELgm
Eckermann,Johann Peter,1792,1854,,", tysk Forfatter, Bibliotekar hos Storhertuginden af Sachsen-Weimar-Eisenach II, 4. V, 118.",clean,
Ehlers,E. D.,1812,1893,,", Fabrikkontrolør i Altona, senere Borgmester i Kbh. I, 331. II, 116, 136. V, 101, 154, 164.",medium,i
Eichmüller,Georg Vilhelm,1808,1849,,", Sekondløjtnant ved 1. Reservejægerkorps II, 198. V, 195-96. Eisendecher, Caroline (Lina) v., f. Hartlaub (1821—1875), g. m. Wilhelm v. E. II, 39, 42, 122, 170-71. V, 132, 216.",high,Efgmv
Eisendecher,Wilhelm v.,1803,1880,,", Dr. phil., Kabinetssekretær, senere Minister i Oldenburg, oldenburgsk Gesandt ved For­ bundsdagen i Frankfurt II, 39, 41, 115, 122, 297. V, 131-32, 155, 164, 229.",medium,i
Ellbrecht,Anthon Günther v.,1790,1857,,", Kaptajnløjtnant i Søetaten, senere kar. Kommandør I, 167. V, 41. Ellbrecht, Christian Conrad v. (1827—^33)5 Søn af A. G. E. I, 167. V, 41.",high,AEG^iv
Elmquist,A. F.,1788,1868,,", Overkrigskom­ missær, Redaktør af »Aarhuus Stiftstidende«, Udg. af »Læsefrugter« I, 16. V, 6, 20-21.",medium,»
Elssler,Fanny,1810,1884,,", østrigsk Danser­ inde II, 96. V, 148.",clean,
Emil,"se Hornemann, Emil. Engel, Max v.",1795,1881,,", sachsisk Gene­ ralløjtnant og Generaladjudant, Overstald­ mester II, 300. V, 230.",clean,
Engelstoft,C. T.,1805,1889,,", Biskop over Fyns Stift II, 387. IV, 44-46, 60, 200. V, 258, 253, 302, 365, 382, 384, 389, 392. VI, 30.",clean,
Engelstoft,"Louise, f. Holm",1817,1898,,", g. 1837 m. C. T. E. IV, 200. V, 435.",high,CETgm
England,"Victoria I, Dronning af—",1819,1901,,"II, 138, 180. III, 22. V, 166, 167, 171, 174, 274-75, 283.",clean,
Erslev,Emil,1817,1882,,", Musikhandler IV, 255- V, 225, 453.",clean,
Eschricht,D. F.,1798,1863,,", Professor i Fy­ siologi III, 98, 114. V, 296, 300.",low,i
Estrup,Christen,1790,1868,,", Borgmester i Kolding, senere i Odense I, 27. V, 9.",medium,i
Ewald,Carl v.,1789,1866,,", Generalmajor, Generaladjudant hos Kong Christian VIII, Kammerherre II, 14. V, 123, 250.",clean,
Ewald,H. F.,1821,1908,,", Søn af Carl E., Forfatter III, 94. IV, 154. V, 295, 416.",low,E
Ewald,Johannes,1743,1781,,", Digter II, 12. III, 320. IV, 293. V, 116, 121, 122, 415, 469.",clean,
Faaborg,Christian,1811,1857,,", Opera­ sanger II, 257, 347. V, 215.",clean,
Faaborg,Th.,1814,1864,,", Sekondløjtnant i Artilleriet, senere Oberst I, 286. V, 78.",low,i
Faber,"Frk., Datter af Nicolai F. I, 270, V, 70. Faber, Nicolai",1789,1848,,", Biskop over Fyns Stift I, 270. V, 70.",clean,
Fabricius,Frederik,1789,1873,,", Sekretær ved Det kgl.",clean,
Bibliotek,"Regensviceprovst II, 4. V, 118. Fabritius, Cathrine Amalia",1807,1873,,", Fi- gurantinde, senere Paaklæderske ved Det kgl. Teater I, 303. V, 86.",clean,
Falbe,Christian Frederik,1828,1896,,", Søn af C. T. F., Premierløjtnant, 1853 Volontør i Udenrigsministeriet, 1856 Legationssekre­ tær i Wien, 1863 Ministerresident i Madrid og Lissabon, 1865 Gesandt i Wien, 1880 i London II, 246, 249. III, 189, 197, 199. IV, 40, 99, 101, 103, 105, 205. V, 212, 213, 325, 326, 381, 393, 401, 437.",high,CFTi
Falbe,Christian Tuxen,1791,1849,,", dansk Generalkonsul i Grækenland, General­ krigskommissær, senere Direktør for Kong Christian VIII.s partikulære arkæologiske Samling, kar. Kommandørkaptajn og Kammerherre I, 156, 163. V, 39, 212.",medium,is
Falbe,"Clara, f. Ipsen",1800,1877,,", g. m. C. T. F. I, 153, 156. III, 170. V, 39, 318. Falbe, Ellen (Eline), f. Bech (1782—1857), g. m.",high,CFTfgm
Herredsfoged,"Etatsraad C. A. F., Odense I, 269. V, 69. Falbe, Vigant",1826,1871,,", Søn af C. T. F., Premierløjtnant i Søetaten, senere kar. Kaptajn II, 249. V, 213. Falkens tein, Arthur, Søn af Constantin F. III, 50. V, 283.",high,CFTi
Falkenstein,Constantin,1801,1855,,", Over­ bibliotekar ved det kgl. Bibliotek i Dresden II, 289. III, 50. V, 226, 283.",low,i
Falkenstein,"Elise, f. v. Erdmannsdorff",1806,1868,,", Enke efter Constantin F. II, 289. V, 226.",low,F
Falkenstein,Johann Paul v.,1801,1882,,", Undervisningsminister i Sachsen, senere Premierminister, Dr. phil. II, 275> 386. V, 220, 257. Falls, Charles G., amerikansk Student III, 296. Falsen, Jørgine (Georgette) de, f. Rosen- krantz (1799—1869), Enke efter kar. Kon­ treadmiral J. C. de F. IV, 57, 58-59. V, 387.",high,CFGJfi
Faust,Johann,1490,1539,,", tysk Mager og Sortekunstner III, 326. V, 357.",clean,
Faye,Andreas,1802,1869,,", norsk cand. theol., senere Provst i Nordre Jarlsberg Provsti I, 78. V, 20.",low,i
Fearnley,Henri Emil,1813,1879,,", Sogne­ præst til Eidskog, Norge IV, 190. V, 430, 487.",clean,
Feddersen,F.,1805,1863,,", cand. jur., 1835 Auditør, senere Guvernør for de dansk­ vestindiske Øer og Kammerherre I, 127. V, 32.",clean,
Feilberg,"Anna, f. Nutzhorn",1831,1897,,", Datter af Ditlev v.",low,v
Nutzhorn,"g. 1860 m. H. F. F. III, 62. V, 285, 379. Feilberg, H. F.",1831,1921,,"Sognepræst til Valsbøl, senere til Darum og Bramminge, Folklorist og Dialektforsker, Dr. phil. III, 62, 168-69. 285,5/7.",clean,
Feilberg,Peter,1835,1925,,", Broder til H. F. F., Landbrugskandidat, Bestyrer af Rungstedgaard og Rungstedlund, senere Godsforvalter paa forskellige Herregaarde, Kulturtekniker III, 141. V, 307.",medium,FH
Feilden,"Sir William Henry, Baronet",1812,1879,,", Esquire of Feniscowles, Lancashire III, 83. V, 291. VI, 41. Fenger, Carl Martin (f. 1866), Søn af C. E. F., senere Landbrugskandidat og Grosserer III, 254. V, 342.",medium,CEF
Fenger,G. E.,1814,1884,,", Professor i Ana­ tomi og Patologi, 1849 Folketingsmand, senere Finansminister og Finansborgmester i Kbh. II, 108. III, 54, 199. IV, 60. V, 151, 283, 284, 328, 342, 433.",medium,i
Fenger,Chr.,1773,1845,,", Generaldirektør for Kirurgien, Livkirurg hos Kong Frederik VI, Etatsraad, senere Konferensraad I, 59. V, 16.",clean,
Fenger,Frederik,1774,1857,,", Broder til Chr. F., Ejer af Maegaard ved Svendborg I, 59. V, 16.",low,F
Fenger,"Ida, f. Plockross",1827,1882,,", g. 1846 m. C. E. F. II, 108. III, 254. V, 151, 342.",high,CEFgm
Fenger,Theodor,1816,1889,,", Broder til G. E. F., Sognepræst til Hyllested, Venslev og Holsteinborg, 1872 til Hvedstrup og Fløng III, 343. V, 362.",medium,EFG
Ferslev,Christian,1817,1883,,", Skuespiller ved Det kgl. Teater og Operasanger III, 142. IV, 104. V, 307.",clean,
Fibiger,Ilia,1817,1867,,", Forfatterinde, Fi­ lantrop II, 360-61. III, 206-07, 208-09, 212, 3’6, 344, 347- IV, 47. V, 251, 274, 329, 362.",low,’
Fibiger,Mathilde,1830,1872,,", Søster til Ilia F., Forfatterinde II, 361, 371. IV, 62- 63, 104, 220, 221. V, 25z, 255, 274, 3l8, 4°3> 441.",medium,F°
Fielding,Henry,1707,1754,,", engelsk Ro­ manforfatter I, 329-30.",clean,
Fiesco,"Gianluigi de’, Greve af Lavagna",1523,1547,,", genuesisk Adelsmand I, 192. ¥,48.",clean,
Fjeldsted,Caroline,1821,1881,,", Solodan­ serinde, g. 1849 m. Chr. Kellermann II, 60, 187. V, 137, 130. — Se endvidere Keller­ mann, Caroline.",medium,gm
Fleischer,Johan Seckmann,,1852,,", dansk Generalkonsul i Neapel I, 306. II, 92, 94. V, 88.",low,i
Flindt,Poulinede,1802,1888,,"I, 273. V, 73.",clean,
Floderus,Manfred Mustafa,1832,1909,,", Lektor i Naturvidenskab ved Uppsala Ka­ tedralskole, Filos. d:r, 1866 Rektor sst. III, 67, 68, 218. V, 286, 552, 333.",low,i
Flor,Christian,1792,1875,,", Professor, Sko­ lemand og Politiker II, 189. V, 191.",clean,
Fock,"Hedvig Charlotta Catharina, Friherre- inde, f. v. Saltza",1805,1875,,", Datter af E. F. v. Saltza, Enke efter Friherre Henrik Vilh. F. II, 193. V, 193.",high,EFv
Foersom,Christen,1794,1850,,", Skuespiller ved Det kgl. Teater I, 19, 23, 28, 29, 46, 52, 105, 258, 346. V, 8, 24.",clean,
Forchhammer,J. G.,1794,1865,,", Professor i Mineralogi og Geognosi, Konferensraad III, 228, 233. V, 335.",low,i
Fouqué,Friedrich de la Motte,1777,1843,,", tysk Digter I, 82. II, 129. III, 4. V, 105, 158, 267. Fra Diavolo (1760—1806), italiensk Røver­ høvding I, 212. V, 54.",clean,
Frankrig,"Charles X, Konge af —",1757,1836,,"I, 154. V, 39, 148.",clean,
Frankrig,"Henri IV, Konge af —",1553,1610,,"I, 150.",clean,
Frankrig,"Louis XVI, Konge af —",1754,1793,,"I51- V, 38, 204. Frankrig, Louis XVII, se Naundorf, Karl Wilhelm.",clean,
Frankrig,"Louis Philippe, Konge af —",1773,1850,,"I, 133, 151-55, 322. V, 34, 38, 248.",clean,
Frankrig,"Marie-Amélie, Dronning af —, f. Prinsesse af Neapel",1782,1866,,", g. m. Louis Philippe af F. I, 154-55, 322. V, 39.",medium,Fgm
Frankrig,"Marie Antoinette, Dronning af —, f. Prinsesse af Østrig",1755,1793,,", g. m. Louis XVI af F. I, 151. II, 220.",medium,Fgm
Frankrig,"Napoleon I, Kejser af —",1769,1821,,"I, 28, 151-52, 187. III, 124. V, 38.",clean,
Frankrig,"Napoleon III, Kejser af —",1808,1873,,"II, 366. III, 99, 279, 310, 323, 337, 340. IV, 15, 142, 166, 346. V, 234, 253, 296, 356, 360, 420-21, 450. Frederici, Frk., tidligere Guvernante paa Frij­ senborg IV, 201.",clean,
Fredstrup,Axel,1830,1894,,", Balletdanser, senere Regissør ved Det kgl. Teater III, 67, 185, 261. V, 287, 323.",clean,
Fredstrup,"Josephine Amalie, f. Worre",1840,1917,,", g. m. A. F. III, 185. V, 323.",high,AFgm
Frémont,John Charles,1813,1890,,", ameri­ kansk General og Politiker IV, 85. V, 396- 97- French, William, Forlagsboghandler i Leip­ zig (Joh. Fr. Hartknoch) IV, 201. V, 433.",low,i
Freund,"Amalie Elisabeth, f. v. Würden",1807,1866,,", Enke efter Billedhugger H. E. F. III, 10. V, 271. Freund, Christian, Maskinfabrikant (Mecha- nicus) i Berlin I, 79.",high,EFHi
Freund,Johan Frederik,1785,1857,,", Bro­ der til Chr. F., kgl. Møntmester i Altona I, 70, 77, 83, 123. V, 19.",medium,Fi
Friedrich,Friedr.,1828,1890,,", tysk Forfat­ ter II, 294. V, 229.",clean,
Fries,Elias,1794,1878,,", Professor i Botanik ved Uppsala Universitet III, 220. V, 333.",low,i
Friis,Hans G.,1839,1892,,", Landskabsmaler III, 186. V, 323.",clean,
Frijs,"Agnes Krag-Juel-Vind-, Komtesse",1852,1871,,", Datter af C. E. F. IV, 69. V, 306.",medium,CEF
Frijs,"C. E. Krag-Juel-Vind-, Lensgreve",1817,1896,,", Besidder af Grevskabet Frijsen­ borg, Politiker, KonsejIspræsident 1865— 70 III, 137, 139, 193, 198, 200, 202, 205, 208. IV, 26, 69, 83, 84, 201. V, 304, 326, 341, 385, 396,414,475.",clean,
Frijs,"Mogens Krag-Juel-Vind-, Greve",1849,1923,,", Søn af C. E. F., 1868 Student, cand. phil., Politiker, 1896 Lensgreve og Besidder af Grevskabet Frijsenborg IV, 69, 142, 146. V, 412.",medium,CEF
Frijs,"Thyra Krag-Juel-Vind-, Lensgrevinde, f. Haffner",1821,1881,,", g. 1847 m. C. E. F. III, 137, 139, 193, 195, 198, 200, 208-09, 211, 212, 261, 316. IV, 28, 33, 38, 47, 121, 146, 310-11, 344. V, 305,306,480, 481.",high,CEFgm
Frisch,Julius Theodor,1818,1895,,", dansk Vicekonsul i Marseille, senere Konsul sst. II, 101. V, 149.",low,i
Frommann,Friedr. Joh.,1797,1886,,", For­ lagsboghandler i Jena II, 65. V, 139. Fryxell, svensk Kontorist, ansat hos Carlos O’Neill i Setubal III, 315.",medium,i’
Fryxell,Anders,1795,1881,,", svensk Histo­ riker III, 315. V, 354.",clean,
Fröbel,Friedrich,1782,1852,,", tysk Pæda­ gog, Grundlægger af Allgemeiner deutsche Kindergarten II, 288. V, 225.",clean,
Fröhlich,J. F.,1806,1860,,", Komponist I, 78, 79. V, 20, 220.",clean,
Frölich,Johannes,1800,1865,,", Hosekræm­ mer III, 9. V, 270.",clean,
Frölich,Lorenz,1820,1908,,", Maler, Illu­ strator af A.s Eventyr II, 82. III, 279, 285, 286, 291, 301, 338, 355. IV, 12, 38, 164, 315, 320. V, 143-44, 347-48, 349, 381, 420, 477, 479, 485- Frölich, Maren Louise Amalie (ca. 1822— ca. 1896), Datter af Johannes F., Korist- inde ved Det kgl. Teater III, 9. V, 270.",medium,AFs
Fugl,August Emil,1813,1849,,", Kaptajn ved 2. lette Bataillon II, 198. V, 196.",clean,
Fugl,Ulrik Nicolai,1807,1867,,", Direktor for Privatbanken, Etatsraad III, 64, 76, 78. IV, 339. V, 286.",clean,
Funch,David Emil,1822,1910,,", Veksel­ mægler, Grosserer II, 37. V, 131.",clean,
Funch,William C. A. F.,1837,1872,,", Løjt­ nant i Søetaten, 1869 kar. Kaptajn, Adju­ dant hos Kong Georg I af Grækenland IV, 15. V, 375.",low,i
Fürst,Olivia,1831,1888,,", Søster til Th. C. F., g. 1856 m. Fabrikant Joh. Chr. Drew- sen, Silkeborg II, 246. V, 212.",high,CFgm
Fürst,Thorvald Chr.,1820,1844,,", Sekond­ løjtnant i Artilleriet II, 9. V, 120, 212.",low,i
Fønss,Karen Julie,1814,1844,,", Datter af Louise F., g. 1837 m. Otto Reedtz-Thott I, 246, 270. V, 65.",medium,Fgm
Fønss,"Louise, f. Wedel-Heinen",1796,1864,,", g. m. Stamhusbesidder Niels Basse F. til Hindsgavl I, 246. V, 65.",medium,Fgm
Gad,H. C.,1807,1865,,", Byfoged og By­ skriver i Sæby, Herredsfoged i Dronning­ lund Herred, Justitsraad II, 231. V, 238. Gade, Ludvig (1823—^97), Balletdanser og Balletdirigent III, 67. V, 287.",medium,^i
Gade,"Mathilde, f. Stæger",1833,1915,,", g. 1857 m. Niels W. G. IV, 193. V, 329. — Se ogsaa Stæger, Mathilde.",high,GWgm
Gade,Niels W.,1817,1890,,", Komponist II, 51, 55, 61, 74, 204, 206, 211, 214, 250, 287. III, 97, 158, 162, 255, 261, 262. IV, 193, 255, 278. V, 105, 137, 199, 225, 227, 314, 329> 342, 379, 397, 428, 481- Gade, Sophie, f. Hartmann (1831—1855), Datter af J. P. E. Hartmann, g. 1852 m. Niels W. G. II, 250. — Se ogsaa Hartmann, Sophie.",high,EGJPWfgm
Galitzin,"Vasilij Petrovic, Fyrste",1800,1862,,", russisk Kunstmæcen II, 94, 95. V, 147.",clean,
Gammeltoft,Carl,1855,1934,,", Søn af Chr. G., senere Direktør for De danske Sukker­ fabrikker, Konferensraad IV, 185. V, 428.",low,G
Gammeltoft,Chr.,1818,1873,,", Borgmester for Magistratens 2. Afd., Kbh., Etatsraad IV, 185. V, 428.",clean,
Garcia,Manuel,1805,1906,,", spansk-engelsk Sanglærer I, 338, 341. V, 105.",clean,
Gardthausen,Gustav,1807,1872,,", 2. Com- pastor i Barmstedt, Holsten, 1865 Sogne­ præst til Ulkebøl paa Als II, 2, 254. V, 115, 214.",low,i
Garibaldi,Giuseppe,1807,1882,,", italiensk Frihedshelt II, 362, 370. III, 18, 22, 88. V, 244-45, 251, 252, 253, 272-73, 233.",clean,
Gaskell,Elizabeth,1810,1865,,", engelsk For­ fatterinde II, 287. V, 225.",clean,
Gaudy,Franz v.,1800,1840,,", tysk Forfatter I, 253. V, 66.",clean,
Geel,Jacob,1789,1862,,", Overbibliotekar i Leiden, Professor i klassisk Filologi II, 136. V, 164.",medium,i
Geibel,Karl,1806,1884,,", Boghandler i Leipzig IV, 121, 201. V, 406.",low,i
Geibel,Marie,1863,1918,,", Datter af Karl G., senere g. Semon IV, 121. V, 406.",medium,Gg
Geijer,Erik Gustaf,1789,1847,,", svensk Hi­ storiker og Digter III, 220. IV, 19. V, 333- Geleff, Paul (1842—1928), Kasserer i Den internationale Arbejderforening for Dan­ mark, socialistisk Agitator IV, 206, 209. v, 437- Georg, Heinrich (1828—?), Boghandler i Ge­ neve II, 379- V, 256.",medium,iv
Gerdislaw,"Charlotte v., tysk Forfatterinde III, 65. Gerson, Nicolai",1802,1865,,", Grosserer, Pia­ nist I, 316, 337. II, 37, 141, 211, 285, 346, 365. III, 46. V, 33-34, 104.",clean,
Gianelli,"Gipser I, 16. V, 6. Gieti, Franz Xaver, Ritter v.",1803,1888,,", Livlæge hos Kongen af Bayern, Gehejme- raad II, 370, 372. IV, 106, 109, 215. V, 214, 254, 404, 453. Glad, Jens (d. 1842, 74 Aar gi.), Degn paa Strynø I, 59-60. V, 16.",clean,
Gluck,Christoph Willibald,1714,1787,,", tysk Komponist I, 341. III, 46. V, 270.",clean,
Goes,Hugo van der,,1482,,", flamsk Maler I, 82. V, 21.",clean,
Goethe,Johann Wolfgang v.,1749,1832,,", tysk Digter I, 178, 239, 308. II, 3, 4, 53, 54, 56, 62, 63, 65, 208, 221, 275, 276, 277, 282- 83, 289. III, 54, 266, 280, 345. V, 118, 127, 138, 139, 147, 151, 214, 221, 222-23, 22$« Goethe, Walther v. (1818—1885), Sønnesøn afj. W. G., Komponist. II, 276, 277. V, 221.",high,$GWv
Goldschmidt,M.,1819,1887,,", Digter og Publicist II, 49. III, 5, 94, 110. IV, 35, 38, 154. V, 120, 134, 137, 299, 300, 356, 379.",clean,
Good,"Hannah, f. Nathanson",1822,1885,,", g. 1852 m. William G. III, 273. V, 346.",medium,Ggm
Good,William,1819,1879,,", dansk Køb­ mand i Antwerpen III, 273. V, 346. Gotschalk, Frøken, Datter af Grosserer Frede­ rik G. III, 303. V, 352.",medium,Gi
Gotschalk,"Johanne, f. Rosing",1827,1900,,", g. m. J. K. G. III, 143. V, 307.",high,GJKgm
Gotschalk,John Kierulf,1820,1889,,", Gros­ serer III, 143. V, 307. Gotthelf, Jeremias (Pseudonym f. Albert Bitzius) (1797—1854), schweizisk Digter II, 263. V, 217.",low,f
Gottlieb,"se Collin, Gottlieb. Gounod, Charles",1818,1893,,", fransk Kom­ ponist III, 100, in, 124. IV, 121. V, 297, 300, 321. VI, 27.",clean,
Gourlie,"John H., Autografsamler i New York IV, 119. Grahl, A.",1791,1868,,", tysk Miniaturemaler II, 80, 95. V, 143.",clean,
Grahn,Lucile,1819,1907,,", Danserinde, g. 1856 m. Tenorsangeren Friederich Young I, 289. II, 145. V, 80, 168.",medium,gm
Grandjean,Axel,1847,1932,,", Søn af C. F. G., Komponist, senere Syngemester ved Det kgl. Teater IV, 262. V, 456-57.",medium,CFG
Grandjean,C. F.,1811,1877,,", Konditor II, 233. V, 210, 456. Gravenhorst (senere : Gravenhorst-Löven- stjerne), Anton Herman (1810—1899), dansk Læge i Stockholm II, 189. III, 217, 218, 224. IV, 135. V, 19z, 410.",low,i
Gravenhorst-Lövenstjerne,Robert,1840,1894,,", Søn af A. H. G. (-L.), svensk Pre­ mierløjtnant i Flaaden, senere Godsejer og Kammerherre IV, 135. V, 410. Grégoire, Ernest, tidligere Lærer ved Collège Stanislas, Paris, Oversætter af A.s Eventyr IV, 266, 272-73, 277, 328. V, 445, 458, 460, 462, 485. Gregor XVI, Pave (1765—1846) I, 210, 308. V; 53, 89.",high,AGHis
Grevenkop-Castenskiold,"se Castenskiold. Griepenkerl, W. R.",1810,1868,,", tysk Digter II, 277. V, 221. Groom, Clara, f. Stirrup III, 65.",low,f
Grossmann,"Badelæge i Ems IV, 57, 58. Groth, E. P. C. M.",1821,1867,,", Kaptajn­ løjtnant i Søetaten III, 133, 139. V, 230, 304. VI, 18. Groth, Magdalene (Magda), (1856—1928), Datter af E. P. C. M. G., g. 1874 m. Fred­ rik Nielsen IV, 210. VI, 18. Groth, Margrethe, f. Boye (1827— Datter af C. J. Boye, g. 1845 m. E. P. C. M. G. II, 300. IV, 175, 210. V, 230, 304, 423. VI, 18.",high,CEGJMPfgim
Grove,C. F.,1822,1883,,", Fyringeniør, cand. polyt. III, 273. V, 346.",clean,
Grubbe,Marie,1643,1718,,", g. i° 1660 m. Grev Ulrik Frederik Gyldenløve, 20 m. Palle Dyre til Nørbygaard, 30 m. Lade­ foged Søren Sørensen Møller IV, 78. V, 394- Grundtvig, N. F. S. (1783—1872), Præst og Digter II, 87, 261. III, 23, 321. IV, 7, 9, 43, 237. V, 27, 74, 120, 145, 217, 233, 275, 344, 371-72, 4’5- Grützmacher, Friederich (1832—1903), tysk Violoncel-Virtuos og Komponist IV, 205. v, 436-37- Grækenland, Amalie, Dronning af —, f. Prin­ sesse af Oldenburg (1818—1875), g. m. Otto I af G. I, 312. V, 92.",high,FGNSfgmv°’
Grækenland,"Georg I, Konge af —",1845,1913,,", Søn af Christian IX af Danmark IV, 12, 15, 17. V, 305, 306, 375.",clean,
Grækenland,"Otto I, Konge af —",1815,1867,,"I, 312. V, 92.",clean,
Grøn,"Ada, f. Courtois",1830,1917,,", g. 1852 m. L. J. G. IV, 6. V, 370. Grøn, L. J. (1827—Grosserer IV, 6, «5- V, 370.",high,GJLgm
Gudmundsson,Stefan,1814,1865,,", islandsk Boghandler i Slesvig II, 165. V, 179-80.",low,i
Guizot,F.,1787,1874,,", fransk Statsmand og Historiker III, 136.",clean,
Guldberg,"se Høegh-Guldberg. Guldbrand, Chr.",1780,1847,,", Stiftsfysikus i Odense, Justitsraad, senere Etatsraad I, 259- V, 67. Guloten, Elise de, fransk Clairvoyante IV, 315- V, 477.",low,i
Gundelach,Fr. C.,1785,1847,,", Byfoged i Lemvig, Kancelliraad I, 22.",low,i
Gundersen,G. E.,1817,1890,,", Skuespiller ved Det kgl. Teater I, 320. IV, 118, 175. V, 95, 406.",clean,
Gurlitt,Cornelius,1820,1901,,", holstensk Komponist II, 74. V, 141.",clean,
Gutzkow,Karl,1811,1878,,", tysk Forfatter I, 289. II, 258, 275. V, 80, 132. Giildencrone, Baronesse, Datter af Ove G. II, 236. V, 210.",low,G
Giildencrone,"Emma, Baronesse",1805,1886,,", g. 1836 m. Sognepræst til Beder og Malling N. C. Weisner I, 34. V, 12.",high,CNgm
Giildencrone,"Isabella, Baronesse, f. Biilow",1796,1873,,", g. 1850 m. Ove G. II, 230. IV, 253. V, 209, 452. — Se ogsaa Heinen, Isabella.",medium,Ggm
Giildencrone,"Ludvig Ehrenreich, Baron",1833,1871,,", Legationssekretær i Berlin, senere i London III, 278. V, 347.",medium,i
Güldencrone,"Ove, Baron",1795,1863,,", Be­ sidder af Vilhelmsborg, Kammerherre II, 236. V, 77, 209, 210.",clean,
Gyldenfeldt,H. H. af,1785,1866,,", Byfoged i Sorø, Justitsraad I, 275. V, 73.",low,i
Gyldenløve,"Ulrik Frederik, Greve",1638,1704,,", Søn af Kong Frederik III, Stat­ holder i Norge IV, 78.",low,i
Gyllembourg-Ehrensvärd,"Thomasine, f.Bunt- zen",1773,1856,,", Forfatterinde, g. i° 1790 m. P. A. Heiberg, 20 1801 m. Baron C. F. G.-E. III, 231. V, 210, 356, 358, 415. Gynther, Frederikke, Husjomfru hos C. J. Boye II, 237. V, 211.",high,ACFGJPgm°
Günther,Julius,1818,1904,,", svensk Opera­ sanger I, 345. II, 50, 60, 92. V, 108-09, 134, 190. Haber, Adolph, Baron (d. ca. 1887), dansk Generalkonsul i Madrid, Legationsraad III, 294, 298. V, 350.",low,i
Hackländer,Friedrich Wilhelm v.,1816,1877,,", tysk Forfatter IV, 101-02. V, 402.",clean,
Haffner,Valdemar,1816,1894,,", Ritmester, 1869 kar. Oberst III, 195. V, 326.",clean,
Haffner,Wentzel,1810,1835,,", Sekondløjt­ nant i Ingeniørkorpset, Kammerjunker I, 152, 163, 193. V, 38.",low,i
Haffner,Wolfgang,1810,1887,,", Broder til Valdemar H., Besidder af Egholm, Kam­ merherre, Politiker III, 195. V, 326.",low,H
Hage,Alfred,1803,1872,,"Grosserer, Folke­ tingsmand III, 54. IV, 6. V, 283, 373.",clean,
Hage,"Vilhelmine, f. Faber",1810,1891,,", g. m. Alfred H. IV, 8, 16. V, 373.",medium,Hgm
Hagen,Lauritz Terpager,1791,1873,,", fhv. Apoteker I, 70. V, 19.",clean,
Hagerup,Hans,1823,1883,,", Forlagsbog­ handler III, 274, 277. V, 346.",clean,
Hahn-Hahn,"Ida, Grevinde, f. v. Hahn",1805,1880,,", tysk Digterinde II, 6. V, 119.",clean,
Hallager,Thora,1821,1884,,", Fotograf, A.s Værtinde 1866—69 i Lille Kongensgade Nr. 1 og 1871—73 i Nyhavn Nr. 18 III, 323, 33 b 340, 34b 344, 345, 35 b 353, 355, 356. IV, 8, 22, 24, 31, 42, 55-56, 65, 70, 75, 90, 119, 129, 149, 170, 179, 180-81, 182, 192, 193, 218, 225, 262, 263. V, 356, 362, 382, 391, 408, 426, 427, 431, 443, 452, 454, 457- Halle, Louise v. (1830—1912), g. 1850 m. Henrik Hertz II, 186, 199. V, 190. — Se endvidere Hertz, Louise. Hambro & Søn, Bankierfirma i Kbh. I, 176, 194. II, 51, 127.",high,Abgimsv
Hambro,"Carl Joachim, Baron",1807,1877,,", Søn af Joseph H., Bankier i London II, 144, 146-47, 154, 156-57, 158, 368. V, 167, 168, 169, 172, 173-74’ '75’ 245.",high,'Hi’
Hambro,Joseph,1780,1848,,", Bankier, Hof- raad I, 176, 194. II, 127, 142, 143-44, 145, 146, 147-48, 151, 155, 172, 180, 369. V, 44, 163, 167, 169, 172, 183, 186.",clean,
Hamilton,"Adolf, Friherre",1820,1896,,", Landshøvding i Uppsala, Besidder af Blom- berg III, 220. V, 194, 333.",low,i
Hamilton,"Agnes, Friherreinde, f. Geijer",1824,1885,,", Datter af E. G.",medium,EG
Geijer,"g. m. Adolf H. III, 220. V, 333. Hamilton, Henning, Greve",1814,1886,,", svensk-norsk Gesandt i København 1861 — 64 III, 68. V, 287. Hammerich (Hamerik), Asger (1843—1923), Komponist III, 326. IV, 100, 104, 105. V, 357, 402, 403, 474.",low,i
Hammerich,Martin,1811,1881,,", Bestyrer af Borgerdydskolen paa Christianshavn, Dr. phil. III, 140. V, 307.",clean,
Hanck,Caroline,1816,1901,,", Datter af H. T. H. II, 98. IV, 40. V, 148, 381.",medium,HT
Hanck,H. T.,1776,1840,,", Adjunkt i Oden­ se, Bladudgiver I, 235. V, 27, 61, 77, 148, 258.",low,i
Hanck,Henriette,1807,1846,,", Datter af H. T. H., Forfatterinde I, 269, 270, 310. II, 98. V, 30, 61, 70, 72, 75, 79, 91,149, 335. VI, 14, 15, 28.",medium,HT
Hanck,"Madseline, f. Iversen",1788,1851,,", g. m. H. T. H. II, 98. V, 149, 258. Hanfstängl, Erwin, tysk Fotograf i Paris, se­ nere i Stuttgart III, 118. V, 301.",high,HTgim
Hanfstängl,Franz v.,1804,1877,,", Litograf og Fotograf i München, Hofraad II, 342- 43, 369-70. 375. 377- V, 246. Hans, Portner i Hotel du Nord, Kbh. II, 133.",medium,i
Hans,"Tjener hos Chr. Thyberg II, 284. V, 223. Hansen, Christian",1803,1883,,", Arkitekt I, 198, 200. V, 49, 402.",clean,
Hansen,Christian,1812,1880,,", Operasan­ ger og Skuespiller ved Det kgl. Teater, Kammersanger I, 340. II, 347. V, 105, 337, 354- Hansen, Constantin (1804—1880), Maler I, 202, 223. II, 246. V, 57, 415.",clean,
Hansen,C. P. M.,1803,1879,,", Dr. med., Forstander for Vakcinationsinstituttet i Kbh., Etatsraad IV, 184. V, 428.",low,i
Hansen,Edvard,1820,1874,,", Skuespiller ved Det kgl. Teater, senere Teaterdirektør i Provinsen I, 301, 303. V, 84.",low,i
Hansen,"Erhardine, f. Rantzau",1815,1893,,", Skuespillerinde ved Det kgl. Teater II, 58. III, 23. V, 136, 275.",clean,
Hansen,F. J.,1810,1852,,", Digter I, 205. V, 51.",clean,
Hansen,Georg E.,1833,1891,,", Hoffotograf III, 305, 309. V, 352, 464.",clean,
Hansen,Hans,1801,1830,,", Gaardskarl hos Stiftsprovst J.",low,J
Paludan-Müller,"Odense I, 28. V, 9. VI, 39. Hansen, Hans Jacob",1797,1830,,", Premier­ løjtnant i Søetaten II, 265. V, 218.",low,i
Hansen,Ida,1815,1889,,", g. 1847 m. Hof­ juvelerer Anton Michelsen I, 224. V, 38.",medium,gm
Hansen,Jørgen Salomon,1822,1895,,", Post­ ekspeditør i Herning, 1862 Postmester i Præstø II, 315. V, 235.",medium,i
Hansen,P.,1840,1905,,", Forfatter, Jour­ nalist IV, 98, 178. V, 397, 400, 425.",clean,
Hansen,Theophilus,1813,1891,,", Broder til Arkitekt Christian H., Arkitekt i Wien IV, 103. V, 402.",medium,Hi
Harbou,Johannes,1810,1891,,", General­ major III, 185. V, 323.",clean,
Hartlaub,Karl,1792,1874,,", Købmand og Senator i Bremen II, 122. V, 156.",low,i
Hartmann,"Bolette, f. Puggaard",1844,1929,,", Datter af Rudolph Puggaard, g. 1864 m. Emil H. IV, 241, 308. V, 448. — Se ogsaa Puggaard, Bolette. Hartmann, Carl (1818—ca. 1857), tysk Maler og Raderer II, 139. V, 163, Hartmann, Carl (1837—1901), Søn afj. P. E. H., Billedhugger III, 257. V, 343.",high,EHPgm
Hartmann,Emil,1836,1898,,", Søn af J. P. E. H., Komponist III, 143. IV, 230, 241, 308. V, 445, 448.",high,EHJP
Hartmann,"Emma, f. Zinn",1807,1851,,", Komponist (Fr. Palmer), g. 1829 m. J. P. E. H. II, 25, 39, 56, 73, 123, 134, 136. V, 91, 131, 202, 227. VI, 12. Hartmann, Frederik (Frits) (1843—1908), Søn afj. P. E. H., cand. jur., senere Over­ retssagfører IV, 56. V, 387.",high,EHJPgm
Hartmann,"Helene, f. Schneeberger",1845,1898,,", tysk Skuespillerinde IV, 103. V, 402- °3- Hartmann, J. P. E. (1805—1900), Kompo­ nist I, 18, 21, 62, 63, 72, 90, 93, 176-77, 287, 290, 291, 297, 309, 335. II, 20, 25, 39, 44, 56, 58, 73, 75, 79, 83, 91, 113, 123, 127, 134, 136, 142, 149, 158, 163-64, 185, 192, 201, 206, 214, 224, 250, 262, 280, 330, 371, 392, 394- IH, 30, 59, 80, 97, 137, ^39, H3, 144, 155, 167, 176, 232, 237, 241, 256, 257, 266, 269, 270, 326, 344. IV, 2, 7, 116, 193, 195, 238, 262, 278, 281, 284, 285. V, 7, 79, 81,91, 105, 108, 109,124, 131,144,170, 201, 213, 222, 242, 23g, 260, 299, 304, 306, 307, 3H. 3'7, 322, 336, 338, 343. 344, 352, 387, 397, 393, 402, 405, 433, 434, 445, 4^3, 4^, 467, 481. VI, 20, 40.",high,'EJP^°
Hartmann,Moritz,1821,1872,,", østrigsk Journalist og politisk Digter II, 318. V, 236-37- Hartmann, Sophie (1831—1855), Datter af J. P. E. H., g. 1852 m. Niels W. Gade II, 204, 205-06, 211, 214. V, 199. — Se end­ videre Gade, Sophie.",high,EHJPWgm
Hartmann,"Thora, f. Jacobsen",1807,1889,,", g. 1855 m. J. P. E. H. II, 394. III, 143, 237. IV, 281. V, 260.",high,EHJPgm
Hase,Karl August v.,1800,1890,,", tysk Kirkehistoriker, Professor i Jena II, 65, 67, 277- V, 139.",low,i
Hasebroek,J. P.,1812,1896,,", hollandsk Digter, Præst i Amsterdam III, 255. V, 342.",low,i
Hasselbalch,Fr. Deichmann,1779,1860,,", Rektor ved Viborg Katedralskole I, 21. V, 8.",clean,
Hauch,Adam G. 0.,1836,1914,,", Søn af C. H., cand. philol., senere Skolebestyrer i Kbh. og Rektor i Roskilde IV, 80, 117-18. v, 395- Hauch, Albertine Louise (1839—1844), Dat­ ter af C. H. I, 275. V, 74.",high,CHiv
Hauch,Carsten,1790,1872,,", Digter, Lek­ tor i Naturvidenskaberne ved Sorø Akade­ mi, 1846 Professor i nordiske Sprog i Kiel, 1851 i Æstetik i Kbh., 1858—59 Medlem af Det kgl. Teaters Direktion I, 29, 101, 103, 225, 239, 242-43, 267, 268, 273, 274, 275, 345- H, 24, 56, 57-58, 64, 71, 74, 77, 78, 80, 202, 229, 33O. III, 93, 32I, 328. IV, 74, 75, 77, 78, 80, 166, 168, 220, 221-22. V, 10, 18, 24-25, 58, 62, 73, 108, 135-36, 140-41, 142, 198, 209, 242, 265, 312, 336, 397, 39Ö, 4^ 426-27, 440-41, 493. Hauch, Frederikke (Renna), f. Brun Juul (1811—1896), g. 1829 m- C. H. I, 243. IV, 168.",high,CH^fgi
Hauch,Marie,1834,1915,,", Datter af G. H., g. 1858 m. cand. theol., senere Biskop T. Skat Rørdam I, 243. V, 63.",high,GHTgm
Haugsted,Jørgen,1804,1889,,", Snedker­ mester, Medlem af Odense Kommunal­ bestyrelse IV, 45. V, 383.",clean,
Hawthorne,Nathaniel,1804,1864,,", ameri­ kansk Digter II, 340. V, 245.",clean,
Hay,Sir John Drummond,1816,1893,,", en­ gelsk Chargé d’Affaires og Generalkonsul i Marokko III, 90. V, 293, 294.",medium,i’
Heber,Carl Vilhelm,1771,1839,,", Sogne­ præst til Vor Frue Kirke i Svendborg I, 55, 58, 59- V, 15.",low,i
Hecksher,"Ida, f. Bang",1813,1891,,", Datter af Cl. Ghr. Bang, g. 1837 m- Skibsmægler, Vicekonsul L. A. H. II, 233. V, 210, 414. — Se ogsaa Bang, Ida.",high,AHLg
Hecksher,Wilhelmine,1850,1871,,", Datter af Ida H. IV, 147, 156, 159. V, 414.",low,H
Hedemann,Hans,1792,1859,,", General­ major, 1854 knr. Generalløjtnant II, 167- 68. V, 179, 181.",clean,
Heegaard,Thomas,1781,1831,,", Klokker ved Domkirken i Viborg, Forfatter I, 23. V, 8.",low,i
Hegel,F. V.,1817,1887,,", Forlagsboghand­ ler (Gyldendalske Boghandel), Kancelli- raad, senere Etatsraad IV, 231—32, 239, 245- V, 446.",clean,
Heger,Juliane,1815,1899,,", Husbestyrer­ inde hos Etatsraad Hans Puggaard II, 394. V, 260.",clean,
Heggelund,"William Christian III, 14, 40. V, 272. Heiberg, Johan Ludvig",1791,1860,,", Søn af P. A. H., Digter, 1839 Censor ved Det kgl. Teater, 1849—56 Chef for Det kgl. Teater, derefter paany Censor I, 28, 29, 31, 32, 34, 36, 71, 93, 215, 225, 268, 271, 296, 301, 306, 307, 322, 324, 325-26, 346-47, 348, 351- II, 10, 11-12, 106, 158, 191-92, 266, 311, 352- 53, 359, 364, 389- IH, 231, 264, 274, 280, 321. IV, 8, 86. V, 5, 8, 10, 18, 24, 30, 40, 48, 58, 70, 79, 83, 86, 88, 96,98-99, 106, 109, 114, 116-17, 120-21, 122, 124, 127, 128, 129, 145, 150, 151, 175, 192, 210, 218, 221, 233, 249,230, 252, 267, 272, 302, 327, 346, 403, 415,422,429,447.",medium,AHP
Heiberg,"Johanne Luise, f. Pätges",1812,1890,,", Skuespillerinde ved Det kgl. Teater, g. 1831 m. Johan Ludvig H. I, 94, 190, 215, 287, 302-03, 333, 340. II, 43, 49, 158, 279, 3’7, 352-53, 389- HI, 10, 34, 153, 176, 274, 302. IV, 162-63, 223. V, 79, 80, 84, 89, 102, 105, 121, 133, 236, 258, 271, 278, 287, 320, 350, 397, 398, 4*5, 4‘9> 493- — Se ogsaa Pätges, Johanne Luise.",high,*Hgm’
Heiberg,P. A.,1758,1841,,", Forfatter I, 133.",clean,
Heide,Louise Catharine Sophie,1793,1856,,", Priorinde for Odense adelige Jom­ frukloster I, 245. V, 64.",clean,
Heine,Heinrich,1797,1856,,", tysk Digter I, 28, 95, 141, 337. II, 4. III, 183, 187-88, V, 9, 35, 162, 250.",clean,
Heine,Salomon,1767,1844,,", Bankier i Hamburg I, 124. V, 31.",low,i
Heinen,"Isabella, f. v. Bülow",1796,1873,,", Datter af Augusta Bülow, Enke efter Klasse­ lotteriinspektør, Kammerjunker Casper Herman H., g. 20 1850 m. Ove Gülden- crone I, 283, 285. V, 77. — Se endvidere Güldencrone, Isabella.",medium,Hgm
Heinke,Clara,1825,1892,,", Datter af Frie­ derike H., tysk Portrætmalerinde, Breslau, senere Berlin II, 380. III, 37, 245-46, 279, 327, 33$, 339- IV> 95, 97, 224. V, 236, 278-79, 299, 3j6.",medium,$H
Heinke,"Friederike Charlotte Philippine, f. Werner",,1868,,", Enke efter Politidirektør og Universitetskurator i Breslau Ferd. H. HI, 38. Heinke, Ottilie, Datter af Friederike H., Komponist IV, 95. V, 278.",medium,Hi
Heise,P.,1830,1879,,", Komponist III, 232. V, 260, 336, 373, 408.",clean,
Helgesen,Hans,1793,1858,,", Frederiksstads Forsvarer, Oberstløjtnant, Kommandant i Slesvig, 1856 Oberst II, 220. V, 204.",low,i
Helms,Henrik Steffens,1835,1914,,", cand. jur., Sagførerfuldmægtig i Sønderborg, se­ nere Skolebestyrer, Kaptajn III, 3. V, 266.",low,i
Helst,Bartholomaeus van der,1613,1670,,", hollandsk Maler III, 247. V, 339.",clean,
Helsted,Carl,1818,1904,,", kgl. Kapel­ musikus, Komponist, Sanglærer I, 338, 339, 341. IV, 278. V, 105, 289.",clean,
Helsted,Edv.,1816,1900,,", Broder til Carl H., kgl.",low,H
Kapelmusikus,"Komponist I, 346. V, 95, 109, 232, 289. Hempel, Søren",1775,1844,,", Boghandler i Odense, Udgiver af »Fyns Stifts Adresse­ avis« I, 234. V, 61. Henckhusen, Rejsende fra Libau I, 33-34, 49. Hengel, W. P. van, hollandsk Købmand III, 255> 347> 352. V, 342.",high,PWi»
Henne,"Johanne Clausine, f. Hornemann",1783,1864,,", Enke efter Havne- og Fyr­ inspektør, Kommandørkaptajn Claus Hart­ vig H. II, 319. V, 237, 388.",low,H
Henrik,"se Stampe, Henrik. Henriques, Benny",1814,1847,,", Antikvitets-, Kunst- og Juvelhandler II, 58. V, 136.",clean,
Henriques,"Emma, f. Meyersohn",1838,1930,,", g. m. Simon H. IV, 94. V, 399.",medium,Hgm
Henriques,M.,1775,1857,,", Juvelerer I, 163. V, 492.",clean,
Henriques,Martin R.,1825,1912,,", Veksel­ mægler III, 194, 216, 219, 279, 300. IV, 72, 75, 81, 84, 86, 106, 154, 157, 158, 191, 193, 224, 323. V, 163, 316, 324, 332, 354, 361, 381, 391, 392, 393, 396, 397, 401, 404, 408, 410, 422, 423-26, 442, 436, 460, 467.",clean,
Henriques,Robert,1858,1914,,", Søn af Mar­ tin H., 1876 Student, senere Komponist og Musikkritiker IV, 323. V, 456, 464, 480.",low,H
Henriques,Simon R.,1828,1890,,", Broder til Martin H., Bankier i Hamburg IV, 51, 94- V, 385, 387.",medium,Hi
Henriques,"Therese, f. Abrahamson",1833,1882,,", g. m. Martin H. III, 164, 194-95, 216, 219, 232, 279. IV, 324. V, 277, 278, 292,3i6> 351, 370, 377, 394, 427, 442- Herbst, Adolph Tobias (1746—1825), Vice­ admiral III, 226. V, 335.",medium,Hgm
Herbst,"Anna, f. Rasch",1746,1835,,", g. 1770 m. A. T. H. III, 226. V, 335.",high,AHTgm
Herder,Johann Gottfried v.,1744,1803,,", tysk Forfatter II, 63, 115, 277. V, 138, 154, 168. Hermann, tysk Skuespiller og Oversætter II, 55- V, 135.",clean,
Hertel,Jacob Samuel,1792,1867,,", reside­ rende Kapellan i Kolding, senere Sogne­ præst til Eltang-Vilstrup og Provst I, 27. v, 9- Hertz, Henrik (1798—1870), Digter I, 144, 146, 184, 186, 191, 197, 198, 200, 205, 209, 211, 212-14, 225, 267-68, 306, 325. II, 10, 138, 158, 186, 199, 271, 322, 353, 359. III, 93, !39, Hb J42, 266, 321. IV, 130, 144, 145. V, 18, 36, 37, 49, 51, 56, 58, 69, 85, 88, 90-91, 98, 99, 102, 106, 163, 167, 175, 196, 219, 251, 292, 406, 408, 413, 416, 423, 492- Hertz, Louise, f. v. Halle (1830—1912), g. 1850 m. Henrik H. IV, 144, 145. V, 413. — Se ogsaa Halle, Louise v.",high,Hfgimv
Herwerden,"Galathea van, f. van Deen",1836,1900,,", Søsterdatter af M. G.",medium,GM
Melchior,"g. m. H. van H. III, 250. V, 341. Herwerden, H. van",1831,1910,,", Professor i Græsk ved Universitetet i Utrecht III, 250- V, 340-41. Herzfeld, Generalkonsul for Mexiko i Wien III, 282-83, 287. V, 348.",medium,i
Hessen-Kassel,"Anna, Prinsesse af —, f. Prin­ sesse af Preussen",1836,1884,,", g. 1853 m. Landgreve Frederik af H.-K. III, 70. V, 288.",medium,Hgm
Hessen-Philippsthal-Barchfeld,"Ernst, Prins af—",1789,1850,,", russisk General II, 127, 130. V, 158.",clean,
Hessen-Philippsthal-Barchfeld,"Juliane So­ phie, Prinsesse af —, f. Prinsesse af Dan­ mark",1788,1850,,", Søster til Kong Chri­ stian VIII af Danmark, Enke efter Prins Wilhelm af H.-P.-B. II, 130. V, 158.",low,H
Hetzel,Jules,1814,1886,,", fransk Forlags­ boghandler og Børnebogsforfatter III, 286, 288, 291. V, 348-49.",clean,
Heyerdahl,Henry van Kervel,1825,1903,,", norsk Fabrikant, Ingeniørkaptajn IV, 184. V, 428. Hierta, L. J., Forlagsboghandel i Stockholm, A/B. IV, 231-32, 239, 246. V, 446.",medium,JLi
Hillerup,F. C.,1793,1861,,", Litterat I, 248. V, 27, 65.",clean,
Himmer,Johann Peter,1801,1867,,", Inde­ haver af den Rieger’ske Boghandel i Augs­ burg I, 293.",medium,i’
Hindenburg,F. L.,1792,1863,,", Oberst­ løjtnant, Chef for 2. Dragonregiment, Itze­ hoe, 1848 kar. Oberst II, 2. V, 115.",clean,
Hirschsprung,Heinrich,1836,1908,,", To­ baksfabrikant, Kunstsamler IV, 401. V, 381.",clean,
Hirschsprung,Pauline f. Jacobson,1845,1912,,", g. 1864 m. Heinrich H. IV, 40. V, 381.",medium,Hgm
Hitzig,Julius Eduard,1780,1849,,", tysk For­ fatter og Kriminalist I, 82. V, 21.",clean,
Hjort,Peder,1793,1871,,", Forfatter, Lektor i Tysk ved Sorø Akademi I, 29. V, 10.",low,i
Hoffmann,Carl,1802,1883,,", Forlagsbog­ handler i Stuttgart II, 368, 369. V, 254.",low,i
Hoffmann,E. T. A.,1776,1822,,", tysk Dig­ ter I, 70. V, 19, 21, 80.",clean,
Hoffmeyer,Cordulus Henrik Emil,1832,1898,,", exam, juris, 1859 konst. Byfoged og Byskriver samt Sandflugtskommissær i Ska­ gen, 1866 Prokurator i Faaborg II, 319, 321. V, 237, Hofman (Bang), Charlotte, f. Malling (1786 —1879), g. m. Niels H. (B.) I, 38, 39. V, 12. Hofman (Bang), Christiane (1806—1837), Datter af Niels H. (B.) I, 38, 40. V, 12. Hofman (Bang), Louise Nicoline (1811— 1884), Datter af Niels H. (B.) I, 38, 40, 105. V, 12, 25. Hofman (Bang), Niels (1776—1855), Bota­ niker og Agronom, Besidder af Hofmans­ gave I, 30, 31, 38, 40. V, 10. Hofman Bang, Niels Erik (1803—1886), Søn af Niels H. (B.), Landøkonom, 1855 Be­ sidder af Hofmansgave, Etatsraad IV, 6. V, 13, 37°- Hofman Bang, Peter Ulrik Louische (1814— 1873), Søn af Niels H. (B.), Direktør for de kgl. Schæferier i Sverrig III, 225. V, 334.",high,Hfgim°
Hohlenberg,"Birgitte, f. Malling",1800,1886,,", Enke efter Chef for Frederiksnagor J. S. H. IV, 77. V, 393. Hohlenberg, Christiane (Christy) (1829— 1897), Datter af Birgitte H., g. 1852 m. Emil Hornemann II, 225, 227. V, 199. VI, 27. — Se endvidere Hornemann, Chri­ stiane.",high,HJSgm
Hohlenberg,Joh. Chr. Carl,1803,1849,,", Kaptajn i Infanteriet II, 166. V, 180.",low,i
Holbeck,H. C. G.,1828,1911,,", Grosserer, Odense IV, 214. V, 439.",clean,
Holberg,Ludvig,1684,1754,,", Digter, Hi­ storiker og Filosofi, 239, 280. II, 371, 393. III, 218, 253, 256, 260, 263-64, 266, 271, 287, 320, 327, 347. IV, 86. V, 11, 120, 139, 153, 163, 218, 260, 406. VI, 31.",clean,
Holck,"Caroline Elisabeth, Grevinde, f. Møl­ ler",1795,1852,,", g. m. Julius H. I, 289. V, 80.",medium,Hgm
Holck,"Christian, Baron",1847,1919,,", 1877 Lensbaron og Besidder af Baroniet Hol- ckenhavn, Hofjægermester IV, 208. V, 438.",clean,
Holck,"Julius, Greve",1789,1857,,", Brevpost­ inspektør ved det danske Postamt i Ham­ burg, Major I, 289. II, 3, 36, 37. V, 80, 131.",low,i
Holck,"Natalia, Grevinde, f. Ryge",1816,1895,,", g. 1853 m. Grev Valdemar H. IV, 197. V, 434. — Se ogsaa Ryge, Natalia.",medium,Hgm
Holck-Winterfeldt,"Christiane, Grevinde, f. Komtesse Danneskiold-Samsøe",1809,1873,,", Datter af Henriette D.-S., g. m. Gustav Chr. H.-W. I, 281. V, 76.",high,DHgm
Holck-Winterfeldt,"Gustav Christian, Greve",1802,1885,,", Forpagter af Grevens Vænge, senere Besidder af Rosendal og Fjellebro, Kammerherre, Hofjægermester I, 281. V, 76.",clean,
Holland,"Anna Pavlovna, Dronning af —, f. Storfyrstinde af Rusland",1795,1865,,", g. m. Willem II af H. II, 56. V, 136.",medium,Hgm
Holland,"Sophie, Dronning af —, f. Prinsesse af Württemberg",1818,1877,,", g. m. Willem III af H. III, 270. V, 345.",medium,Hgm
Holland,"Willem II, Konge af —",1792,1849,,"II, 4, 56, 62, in, 115, 138. V, 118, 136.",clean,
Holland,"Willem III, Konge af —",1817,1890,,", Søn af Willem II af H. III, 256.",low,H
Holm,C. F.,1796,1879,,", Finansdeputeret, Etatsraad, 1848 Departementschef i Fi­ nansministeriet, Konferensraad II, 75. V, 142.",low,i
Holmblad,Jacob,1839,1904,,", Søn af L. P. H., Grosserer III, 250. V, 340.",medium,HLP
Holmblad,L. P.,1815,1890,,", Fabrikant, Etatsraad IV, 135. V, 410.",clean,
Holmblad,Therese,1847,1923,,", Datter af L. P. H., g. 1870 m. Robert Gravenhorst- Lövenstjerne IV, 135. V, 410.",high,HLPgm
Holst,"Amalia, f. Holm",1815,1894,,", g. 1836 m. H. P. H. I, 293. V, 82, 100.",high,HPgm
Holst,"Elisabeth, f. Heger",1811,1891,,", Skuespillerinde ved Det kgl. Teater, g. m. Wilhelm H. I, 301, 302, 303, 306. V, 79, 84, 86.",medium,Hgm
Holst,H. P.,1811,1893,,", Digter I, 205, 285- 86, 292, 293, 294, 295, 296, 297, 298, 299, 304,305» 313> 328,330, 332, 334, 348. II, 2, 9, 10, 34, 49, 58,64, 70, 76, 79,87, 113, 143, 364, 365, 367. III, 85, 170, 182, 221, 271, 321. IV, 85-86, 104, 118, 131, 139, 152, 170, 220, 221, 281. V, 46, 48, 62, 82, 87-88, 91, 100, 102, 115, 117, 120, 121, 129, 134, 142, i43, >45, 249, 252, 271, 312, 317, 325, 333, 336, 345, 346, 356, 364, 397, 4°5, 4°6, 4^, 440, 466, 495. VI, 5, 6.",high,^°»
Holst,P. N. Møller,1784,1872,,", Sogne­ præst til Elmelunde, Møn I, 6. V, 4.",clean,
Holst,Wilhelm,1807,1898,,", Skuespiller ved Det kgl. Teater I, 94, 301, 303, 333, 340, 343. II, 26. IV, 104, 202. V, 84, 102, 105, 106, 121, 127, 436.",clean,
Holstein,"Bodild, Komtesse",1852,1927,,", Dat­ ter af Ludvig H.-H., g. 1873 m. Friherre Conrad v. Donner, Altona II, 268. IV, 1, 4, 43. V, 218.",high,Hgmv
Holstein-Holsteinborg,"Christian Christoph, Greve",1856,1924,,", Søn af Ludvig H.-H., 1892 Lensgreve og Besidder af Grevskabet Holsteinborg, Politiker III, 229. IV, 93. v, 336. Holstein, Elisabeth (Else), Komtesse (1859— 1935), Datter af Ludvig H.-H., g. 1879 m. cand. jur. God tfred Bruun de Neergaard III, 356. V, 365.",high,Hgmv
Holstein,Frederik v.,1771,1853,,", General­ major, 1836 Generalløjtnant, 1811—40 Chef for Det kgl. Teater I, 176, 177, 271. v, 44, 71.",low,v
Holstein-Holsteinborg,"Ludvig, Lensgreve",1815,1892,,", Søn af Wilhelmine H., Besidder af Grevskabet Holsteinborg, Po­ litiker, 1870—74 KonsejIspræsident II, 267. III, 129, 186-87, 226, 343, 346. IV, 1, 4, 43, 47, 89, 93, 146, 156, 281, 282. V, 218, 323, 326, 362, 433.",low,H
Holstein-Holsteinborg,"Mimi, Lensgrevinde, f. Zahrtmann",1830,1876,,", g. 1850 m. Ludvig H.-H. II, 267, 270, 272, 391. III, 226, 245, 343, 346, 356. IV, 26, 34, 38, 39, 43? 93, 94, 99, 284-85, 286, 289, 291, 293. V, 218, 382, 389, 464, 481, 495.",medium,Hgm
Holstein,"Ulrik Adolph, Greve",1851,1883,,", Søn af Ludvig H.-H. II, 268. IV, 281. V, 218, 466.",low,H
Holstein,"Wilhelmine, Enkegrevinde, f. Kom­ tesse Reventlow",1788,1868,,", Enke efter Lensgreve F. A. H. II, 267, 268, 269, 270, 272-73. HI, 70, 343, 356. IV, 281. V, 218.",medium,AFH
Holsten-Gharisius,"Adam Christoffer, Baron",1793,1879,,", Kammerherre, senere Besid­ der af Baroniet Holstenshus, Gehejmekon- ferensraad I, 284. III, 105. V, 77, 113, 298.",clean,
Holsten-Charisius,"Magdalene, Baronesse, f. Friccius v. Schilden",1799,1846,,", g. m. A. C. H.-C. I, 284. V, 77.",high,ACHgm
Holtei,Karl v.,1798,1880,,", tysk Forfatter I, 82. V, 21.",clean,
Homer,"græsk Digter I, 232, 239. IV, 62. V, 483- Hoppe, Emil",1832,1861,,", cand. jur. II, 357. V, 250.",clean,
Horneman,C. F. E.,1840,1906,,", Kompo­ nist III, 275. V, 346.",clean,
Hornemann,Charlotte Oline,1812,1859,,", Datter af J. W. H., g. 1839 m. Læge Jørgen Peter Blicher I, 215. V, 38, 55. VI, 17. Hornemann, Christiane (Christy), f. Hohlen- berg (1829—1897), Datter af Birgitte Hoh- lenberg, g. 1852 m. Emil H. II, 228. IV, 25- V, 377, 393,481. VI, 17. — Se ogsaa Hohlenberg, Christiane.",high,HJWfgm
Hornemann,Emil,1810,1890,,", Søn af J. W. H., 1827 Student, 1834 cand. med., 1839 Dr. med., praktiserende Læge i Kbh. fra 1841, 1853 tit. Professor, Hygiejniker 1,85,105,125,149,193,209,215,227,236, 239, 248-49, 250, 255, 257, 259, 267, 270, 295, 317, 323-24, 33°, 337, 338- II, 22, 23, 24, 26, 28-29, 39, 134, 154, 166, 179, 201, 206, 225, 227, 228, 243, 247, 250, 345. III, 77, 244, 254, 310. IV, 25, 36, 74, 80, 154- 55, 235, 236, 238, 240, 244, 245, 258, 261, 271, 275, 278-79, 285, 304, 306, 308,309, 311-12, 314, 317, 326. V, 21, 38, 55,94, 125, 126, 163, 199, 207, 211, 284, 288, 323, 377, 392, 432, 44 b 444, 447, 45$, 460, 463, 484. VI, 17.",high,$HJWbi°
Hornemann,Emilie,1806,1853,,", Datter af J. W. H. I, 263-64, 294, 316. II, 26, 243-44. V, 38, 68, 492. VI, 17.",medium,HJW
Hornemann,Johannes,1853,1871,,", Sønaf Emil H. IV, 73-74, 80. V, 392, 395.",low,H
Hornemann,J. W.,1770,1841,,", Professor i Botanik, Broder til Fru Henriette Collin d. Æ. I, 149, 215, 257, 294, 316. V, 21, 38, 68, 82, 237. VI, 17.",medium,di
Hornemann,Marie,1823,1853,,", Datter af J. W. H., g. 1846 m. Professor i Botanik Fr. M. Liebmann I, 263, 294, 316. II, 26, 241. V, 38, 68, 211, 441, 492. VI, 17.",high,HJMWgim
Hornemann,"Palline, f. Gottschalck",,1835,,", g. m.",medium,gm
Toldinspektør,"Justitsraad Claus W. H. I, 26. V, 8-9. Hornemann, Rose",1804,1889,,", Datter af J. W. H. I, 294, 316. II, 26. IV, 294. V, 238, 470, VI, 17.",medium,HJW
Hornemann,Wilken,1816,1892,,", Søn af J. W. H., 1834 Student, 1841 cand. med., 1846 Underlæge i Søetaten, 1863 Overlæge, 1867 Korpslæge, 1880 fungerende Stabs­ læge I, 294, 295. IV, 180, 183-84, 219. V, 38, 323, 426. VI, 17.",high,HJWi
Hostrup,C.,1818,1892,,", Digter og Præst III, 321. V, 120, 274, 423.",clean,
Houriet,Jules,1782,1852,,", Urfabrikant i Le Locle I, 159, 161, 173, 186. II, 344. V, 39,43- Houriet, Lydie (1786—ca. 1840), Søster til Jules H. I, 174, 180, 186. II, 344. V, 44, 247.",medium,Hi
Houriet,Rosalie,1784,1836,,", Søster til Jules H., 174, 180, 186. II, 344. V, 44, 247.",low,H
Howitt,"Mary, f. Botham",1799,1888,,", en­ gelsk Forfatterinde og Oversætterinde, g. m. William H. II, 16, 17, 18, 116, 117-18, 128- 29, ’32, 133, 146, 147-48. ’55- V, 123, 154, 157, 158, 163, 165, 167, 163, 170, 172, 391- Howitt, William (1795—1879), engelsk Dig­ ter II, 128-29, 132, 133, 155. V, 123, 158, 167.",high,Hgm’
Hudtwalcker,Carl,1782,1854,,", Købmand i Hamburg I, 72, 76. V, 13.",low,i
Hugo,Victor,1802,1885,,", fransk Digter I, 214. V, 55, 66, 104.",clean,
Hultmann,"Bertine Vilhelmine, f. Branserud",1825,1903,,", g. 1858 m. Fritz H. III, 316. v, 354- Hultmann, Fritz (1820—1894), Skuespiller ved Det kgl. Teater III, 175, 261, 316. V, 313, 3*9- Humboldt, Alexander v. (1769—1859), tysk Naturforsker, Kammerherre hos Kong Friedrich Wilhelm IV af Preussen II, 5, 19, 42, 45, 283, 341, 346. V, 118, 132, 133, 246, 248.",high,*Hgmv
Hunderup,"Cathrine, f. Lind",1802,1880,,", g. m. Niels H. II, 198. V, 195.",medium,Hgm
Hunderup,Niels,1797,1853,,", Herredsfoged i Tyrsting og Vrads Herreder (Brædstrup) II, 198. V, 195.",low,i
Hvid,Christoffer,1803,1872,,", Skuespiller ved Det kgl. Teater I, 36, 40. V, 12.",clean,
Hvidt,Edvard J.,1806,1882,,", Mægler, se­ nere Direktør for De private Assurandeurer i København II, 188. III, 167, 348. V, 191, 363- Hübner, Rud. (1806—1882), tysk Historie­ maler, 1871 Direktør for Dresdner-Galle- riet IV, 205. V, 437. Hübsch v.",medium,iv
Grossthai,"Kasimir, Baron",1791,1865,,", Gesandt i Konstantinopel, Kammer­ herre I, 315. V, 92.",low,i
Hyllested,F. W.,1825,1906,,", Grosserer, dansk Vinhandler i Bordeaux III, 209, 289, 335- V, 330.",low,i
Hägg,J. A.,1850,1928,,", svensk Komponist IV, 186, 193, 291. V, 425, 428, 432, 469.",clean,
Händel,Georg Friedrich,1685,1759,,", tysk­ engelsk Komponist I, 341.",clean,
Hänschell,"Augusta, f. Besthorn",1830,1909,,", Enke efter Sognepræst til Christians- sted Hother H. III, 83. IV, 120, 169, 180, 226. V, 231, 337, 421. Hänschell, Helga, Adoptivdatter af Augusta H., senere g. m. Koffardikaptajn Warming III, 233, 235-36. IV, 120, 180. V, 337.",high,Hgm
Härtel,Hermann,1803,1875,,", Forlagsbog­ handler i Leipzig II, 63, 67. V, 138.",low,i
Høedt,F. L.,1820,1885,,", Søn af Marie H., Skuespiller, Sceneinstruktør og Forfatter, 1859 tit. Professor I, 343. II, 222. III, 10, 238. IV, 40, 104. V, 206, 227, 228, 271, 2^2, 320, 325, 337, 381, 397, 398, 400, 409, 494- Høedt, Marie, f. Hansen (1795—1887), Enke efter Marskandiser C. O. H. IV, 97. V, 400.",high,CHO^f
Høegh-Guldberg,"Anna Dorothea, f. v. Mun­ the af Morgenstjerne",1774,1866,,", g. m. Christian H.-G. I, 32, 33, 34, 39, 43.",medium,Hgm
Høegh-Guldberg,Christian,1777,1867,,", Oberst af Rytteriet, senere Generalløjt­ nant I, 32, 33, 34, 39, 43, 52, 53, 55, 56, 60, 63, 100, 101, 102, 242. V, 6, 11, 12, 16, 26, 63.",clean,
Høegh-Guldberg,Hans Jørgen Christian,1802,1879,,", Brodersøn af Chr. H.-G., Postmester i Vordingborg, kst. Post­ inspektør II, 24. V, 126.",medium,Hi
Høegh-Guldberg,Julius,1779,1861,,", Bro­ der til Chr. H.-G., Oberst, Land- og Sø­ krigskommissær i Aarhus I, 16. V, 6.",medium,Hi
Høst,Andreas Frederik,1811,1897,,", For­ lagsboghandler II, 39. V, 131, 167.",clean,
Høyen,L. N.,1798,1870,,", Kunsthistoriker, Professor ved Kunstakademiet I, 78. III, 276. V, 236, 271. Høyer, Julius A. W., Musiklærer III, 137, 138, 147. V, 305.",medium,AW
Ibsen,Henrik,1828,1906,,", norsk Digter III, 297. IV, 36, 98, 100-01, 104, 135, 136, 163, 164, 165, 181. V, 350, 380, 419, 420, 467, 468. VI, 40.",clean,
Ingeborg,"se Drewsen Ingeborg. Ingemann, B. S.",1789,1862,,", Søn af Søren L, Digter, Lektor ved Sorø Akademi I, 37, 41, 71, 100, 169, 209, 221, 242, 267, 274, 276, 308. II, 231, 268, 270, 290-91, 292, 307, 309, 3io, 323» 326, 341, 391, 392. III, 42, 54» 58, 59» 60, 65, 93, 133, 173, 178,200- 01, 321. IV, 8, 30. V, 24, 29, 30, 32, 37, 4^-43^ 53» 62, 74, 89, 96, 107, 128, 136, 172- 73, 185, 194, 197, 210, 227, 228, 233, 238, 249, 266, 277, 280, 281, 286, 304, 320, 327, 329» 335» 359- VI, 14, 40.",high,L^»
Ingemann,"Lucie, f. Mandix",1792,1868,,", g. m. B. S. I. I, 100, 242, 275. II, 292, 310, 323, 391. III, 60, 133, 173, 177, 178, 210, 226, 353, 356. IV, 2, 8, 10, 30. V, 232, 290, 3°4, 3*9» 320, 351, 365, 378.",high,*BSgm°»
Ingemann,Søren,1735,1799,,"? Sognepræst til Torkildstrup II, 310. V, 233.",clean,
Isberg,S. W.,1820,1895,,", Bogholder hos Grosserer O. B. Suhr, senere Chef for Han­ delshuset J. P. Suhr & Søn, Etatsraad IV, 271-72. V, 460.",high,BJOP
Isenring,Johann Baptist,1796,1860,,", schweizisk Maler og Daguerreotypist I, 293. V, 82.",clean,
Italien,"Vittorio Emanuele I, Konge af —",1820,1858,,"II, 334. III, 22, 48. V, 243.",clean,
Iversen,C. G.,1817,1881,,", Boghandler II, 261. V, 216, 217.",clean,
Iversen,Chr. H.,1748,1827,,", Bogtrykker i Odense, Udgiver af »Fyens Avis« I, 32, 34. V,5- Iversen, Kirstine Marie, f. Nielsen (1767— 1837), Enke efter Chr. H. I. I, 7, 17, 23, 32, 46, 64, 179, 248, 249, 258. V, 5, 48, 61, 62, 65.",high,Hfi»
Jacobsen,"Handelsmand fra Kbh.? I, 160- 61. Jacobsen, Andreas",1801,1870,,", Forstander for Brødremenigheden i Christiansfeld 1849 —70 III, 198, 200, 207. V, 327, 329.",low,i
Jacobsen,Hermann,1838,1907,,", Søn af Andreas J., Lærer i Brødremenigheden, senere Præst III, 187, 198-99, 200, 205, 207. V, 323, 326-28, 329.",medium,Ji
Jacobsen,J. C.,1811,1887,,", Brygger, Kap- tajn, Grundlægger af Carlsberg IV, 26. V, 363,378- Jacobsen, Numa (1815— 1860), Vekselmægler, Broder til Fru Thora Hartmann II, 394. V, 260.",clean,
Jamieson,William,1809,1869,,", Præst ved den episkopale Kirke i Amsterdam III, 260, 261. IV, 343, 344. V, 343.",low,i
Jansen,J. M.,,1890,,", dansk Konsul i Cette II, 100-02. V, 149. Jean Paul (Pseudonym for Johann Paul Fried­ rich Richter) (1763—1825), tysk Digter II, 63.",low,i
Ill,"144. V, 138, 308. Jensen, Claudia",1816,1887,,", senere g. m. Hans Vilh. Beck I, 330. V, 101. — Se end­ videre Beck, Claudia.",medium,gm
Jensen,H. C.,1836,1903,,", Portrætmaler III, 164, 168. V, 316. Jenssen (fra 1841: Jenssen-Tusch), Georg Friederich (1789—1888), Major, Oversæt­ ter I, 290. V, 81, 82, 122, 433.",clean,
Jerdan,William,1782,1869,,", engelsk Publi­ cist, Udgiver af »The Literary Gazette« II, 159. V, 157, 168, 175-76, 182.",low,»
Jerichau,Harald,1851,1878,,", Søn af J. A. J., Landskabsmaler IV, 102. V, 402.",medium,AJ
Jerichau,Holger,1861,1900,,", Søn af J. A. J., senere Landskabsmaler III, 10. V, 271.",medium,AJ
Jerichau,Jens Adolf,1816,1883,,", Billed- hugger II, 93-94, 95, 180, 248, 277, 317, 335. Ill, 142, 275, 324. IV, 16, 53, 314, 345- V, 147, 186, 236, 271, 346, 386, 397, 45^-59- Jerichau, Marie (1850—1893), Datter af J. A. J. IV, 10, 314. V, 374. Jerichau, Sophie (f. 1859), Datter af J. A. J., g. 1878 m. senere Stamhusbesidder Chr. Fr. Emil v. Holstein-Rathlou IV, 238. V, 447.",high,AJ^gmv
Jerichau-Baumann,"Elisabeth, f. Baumann",1819,1881,,", Malerinde, g. 1846 m.J. A. Jerichau II, 94, 95, 248, 317. III, 10. IV, 6, 10, 16, 53, 102, 103, 151, 238, 314. V, 147, 386, 397, 398, 402, 415.",high,AJgm
Jerndorff,Just Ulrik,1806,1847,,", Hofmaler i Oldenburg II, 122. V, 136.",low,i
Jespersen,M. Bohn,1833,1917,,", Adjunkt i Rønne, senere Overlærer i Nykøbing F., Geolog III, 7. V, 269.",medium,Fi
Jessen,"Caroline, f. Jessen",1804,1882,,", g. m. Overførster, Kammerherre N. J. J., Ran­ ders III, 202. V, 329.",high,JNgm
Jessen,J. G. v.,1817,1884,,", Borgmester og Byfoged i Svendborg, 1859 i Horsens, s. A. Indenrigsminister i Ministeriet Rotwitt, Kammerherre II, 131. III, 287, 315, 348. V, 161, 185, 349.",high,Ais
Jessen,Joh. Edv.,1840,,death year uncertain (?),", Søn af Niels Staal J., Kontorist III, 7. V, 26g.",low,J
Jessen,Niels Staal,1797,1880,,", Bøssemager i Søetaten, Krigsraad II, 322, 323, 326-28. V, 240, 241, 269.",low,i
Jessen,"Sophie Augusta v., f. Dichman",1825,1900,,", Datter af Sophie Dichman, g. 1847 m.J. C. v. J. II, 131. V, 161.",high,CJgmv
Joachim,Joseph,1831,1907,,", ungarsk-tysk Violinvirtuos og Komponist II, 383, 384. v, 257.",low,v
Johansson,Louise,,1894,,", Selskabsdame hos Jenny Lind, senere g. m. Destillatør Celsing II, 42-43, 61. V, 133.",medium,gm
John,Johann,1796,1865,,", Diakonus ved St. Petri Kirke i Hamburg, Dr. theol. II, 286. V, 225.",low,i
Johnson,Samuel,1709,1784,,", engelsk For­ fatter II, 157. V, 173.",clean,
Joinville,"Francisca, Prinsesse af —, f. Prin­ sesse af Brasilien",1824,1898,,", Datter af Kejser Pedro I af Brasilien, g. 1843 m. François Ferdinand af J. II, 347- V, 248.",medium,Jgm
Joinville,"François Ferdinand, Prins af —",1818,1900,,", Søn af Kong Louis Philippe af Frankrig, tidligere fransk Admiral II, 347. V, 248.",clean,
Jonna,"se Drewsen, Jonna. Jonquières, Alice de Dompierre de",1848,1921,,", g. 1871 m. Frederik (Fritz) Hart­ mann IV, 56. V, 387.",medium,gm
Jordan,Ludvig,1813,1889,,", Boghandler, Udgiver og Oversætter II, 142. V, 167.",clean,
Josephson,J. A.,1818,1880,,", svensk Kom­ ponist, Director musices ved Uppsala Uni­ versitet II, 193. V, 192, igg.",clean,
Juel,Niels,1796,1874,,", Amtsforvalter for Hjørring Amtstuedistrikt, Etatsraad II, 320. V, 238.",clean,
Jurgensen,N. J.,1809,1882,,", dansk Vin­ handler i Bordeaux III, 101, 288, 290, 291, 335- V, 297. Jürgensen, Anastasie, f.",medium,fi
Lavalette,"g. m. Jules J. II, 344. V, 247. Jürgensen, Fritz",1818,1863,,", Tegner, Ur­ mager II, 131. III, 120, 121-22, 203. IV, 306. V, 161, 261, 301, 345, 472, 4gi.",clean,
Jürgensen,Jaques-Alfred,1842,1912,,", Søn af Jules J., Urfabrikant i Le Locle II, 348. IV, 55. V, 247, 249, 387.",medium,Ji
Jürgensen,"Jenny Sophie, f. Bojesen",1807,1875,,", g. m. Marcus J. II, 396, 397. V, 261.",medium,Jgm
Jürgensen,Jules,1808,1877,,", Søn af Urban J., Urfabrikant i Le Locle II, 344, 348-49, 35!-52, 355- 5-6, i48- IV, 6, 11, 13, 15, 16, 18, 20, 21, 22, 23, 25, 52, 54, 55, 247. V, 247, 268, 449.",medium,Ji
Jürgensen,Jules F. U.,1837,1894,,", Søn af Jules J., Urfabrikant i Le Locle II, 348. IV, 23. V, 247, 24g, 268.",medium,Ji
Jürgensen,Louis Urban,1806,1867,,", Søn af Urban J., Hofurmager I, 180. II, 348. IV, 18. V, 46, 247, 249,375.",low,J
Jürgensen,Marcus,1798,1879,,", Toldfor­ valter i Næstved, 1862 Toldinspektør i Odense II, 396, 397. V, 261.",medium,i
Jürgensen,Sophie,1813,1882,,", Søster til Fritz J., g. 1835 m. Løjtnant, cand. polyt. Chr. Nees I, 63. V, 17. — Se endvidere Nees, Sophie. Jürgensen, Sophie Henriette, f. Houriet (d. 1852, henved 72 Aar gi.), Søster til Jules Houriet, Enke efter Urban J. I, 159, 173, 174, »77- V, 39> 46- Jürgensen, Urban (1776—1830), Hofurmager II, 348. V, 46, 247.",high,Jfgm»
Jøhnke,"Julie, f. Reitzel",1830,1905,,", Datter af C. A. Reitzel, g. 1860 m. Løjtnant i Søetaten, senere Marineminister og kar. Viceadmiral Ferdinand J. IV, 262. V, 457.",high,ACJgim
Jørgensen,Hans Christian,1847,1869,,", Kontorist III, 359-60. IV, 25-29, 30, 33- 35, 37> 38-39, 47, 49-50, 68. V, 365-66,377- 78, 384-85.",clean,
Jørgensen,"Jakobine Oline Frederikke, f. Hoff",1827,,death year uncertain (?),"> S- m- Læge i Silkeborg J. H. J., Husbestyrerinde hos Michael Drewsen, 1872 g. m. Lægej. Th. Leerbeck IV, 6-7, 12. V, 371. Jørgensen, Jørgen, Tjener hos Chr. Thyberg II, 186, 189, 248, 250. V, 190.",high,HJgim
Jørgensen,Niels,1822,1907,,", Premierløjt­ nant i Infanteriets Krigsreserve, 1868 Kap­ tajn i Forstærkningen III, 229. V, 335-36.",medium,i
Kaalund,H. V.,1818,1885,,", Digter III, 105, 321. V, 218, 356, 397.",clean,
Kahrs,"Anna, f. de Neergaard",1835,1891,,", Datter af Louise N., g. m. O. C. K. III, i93?",high,CKNOgm
J97,"201. V, 326. Kahrs, Ole Chr.",1822,1891,,", Sognepræst til Hem og Sem III, 193, 197, 198, 200-01. V, 326.",clean,
Kaiser,Frederik,1808,1872,,", Professor i Astronomi i Leiden, Direktør for Observa­ toriet sst. III, 270. V, 345.",medium,i
Kali,"Nancy Gerhardine, f. Rørbye",1813,1863,,", Søster til F. C.",medium,CF
Rørbye,"g. 1835 m. P. J. K. 11,319. V, 237. Kali, Peter Julius",1804,1878,,", svensk-norsk Vicekonsul i Frederikshavn, Kommerce- raad II, 319. V, 237.",low,i
Karup,W. I.,1829,1870,,", Litterat, 1864 Forsikringsinspektør i Dresden II, 392-93. V, 2gg-6o, 4g4. Kauffeldt, W. H. Th., Kancellist i Central­ kassen for Hertugdømmet Slesvig i Flens­ borg III, 58. V, 284.",high,HWi
Kauffmann,Heinr. Aug. Theod.,1819,1905,,", Generalmajor, Chef for Kongens Adjudantstab III, 278, 284, 289, 362. V, 347- Kauffmann, Mathilde, f. Fønss (1829— g. 1851 m. H. A. T. K. III, 362. V, 366.",high,AHKTfgm
Kaulbach,"Josephine v., f. Sutner",1810,1896,,", g. m. Wilhelm v. K. II, 378. IV, 106. V, 243, 256.",high,Kgmv
Kaulbach,Wilhelm v.,1805,1874,,", tysk Hi­ storiemaler II, 333, 338, 378. III, 287, 292, 300. IV, 103, 106, 109-10, 146. V, 243, 299, 453, 483.",clean,
Kayser,C. J. H.,1811,1870,,", Dr. med., Stiftsfysikus i Odense, 1848 Professor i Sta­ tistik og Statsøkonomi, 1852 Folketings­ mand II, 166, 179. V, 180.",medium,i
Kellermann,"Caroline, f. Fjeldsted",1821,1881,,", Solodanserinde, g. 1849 m. Chri­ stian K. III, 23. V, 275. — Se ogsaa Fjeld­ sted, Caroline.",medium,Kgm
Kellermann,Christian,1815,1866,,", Violon­ celvirtuos I, 284, 285. II, 187. III, 258. V, 77, ^90.",low,^
Kent,"Victoria, Hertuginde af —, f. Prinsesse af Sachsen-Coburg",1786,1861,,", Enke ef­ ter Hertug Edward af K., Moder til Dron­ ning Victoria af England II, 138. V, 165.",low,K
Kertbeny,K. M.,1824,1882,,", tysk-ungarsk Forfatter og Oversætter II, 378-81, 384. V, 233-36, 494. VI, 25.",clean,
Kestner,August,1777,1853,,", hannoveransk Ministerresident i Rom II, 109-10. V, 151, 152.",low,i
Keyper,Leopold,1793,1854,,", Kaptajn i Artilleriet, senere Oberst og Departements­ chef i Krigsministeriet I, 283. II, 255. V, 77, 214- Keyser, Nicaise de (1813—1887), belgisk Hi­ storiemaler III, 273. V, 346.",medium,i
Kiellerup,Theodor,1818,1850,,", Dyrmaler I, 294. V, 82.",clean,
Kierkegaard,Søren,1813,1855,,", Filosof II, 60. III, 13, 169, 321. V, 137, 278, 317, 358, 382. Kierulff, Frøken, Datter af Kaptajn i Søeta­ ten A. C. K. II, 236. V, 210-11.",high,ACKi
Kierulff,A. C.,1782,1846,,", Overpræsident i Kbh., Gehejmekonferensraad III, 337. V, 273, 360.",low,i
Kierulff,H. A. R.,1793,1866,,", Broder til Overpræsident A. G. K., Toldkontrollør, Etatsraad III, 337. V, 360.",medium,AGK
Kierulff,Julie,1814,1875,,", Adoptivdatter af Overpræsident A. C. K. III, 18. IV, 40. V, 273, 381.",medium,ACK
Kiesewetter,"Dr. IV, 110. V, 404. Kingo, Thomas",1634,1703,,", Biskop, Digter III, 320.",clean,
Kirchheiner,J. F.,1798,1865,,", Operasan­ ger I, 105, 109. V, 25.",clean,
Kirstein,C. L.,1793,1862,,", Generaldecisor under det slesvigske Ministerium, Konfe- rensraad, 1831—38 Medlem af Det kgl. Teaters Direktion III, 97. V, 25,99-100, 293.",clean,
Kirstein,Edouard,1835,1899,,", dansk Kon­ sul i Bordeaux III, 97, 101, 285, 289, 290- 9b 3O7> 332, 335, 338, 348. V, 295, 349. Kirstein, Gabrielle, f. Duch, g. m. E. K. III, 290, 335- V, 349. Kittler, R., Forlagsboghandler i Hamburg H, 36, 39. V, 130, 131.",high,EHKRfgim
Kjær,"Hedvig Christine, f. Friis",1811,1880,,", g. m. Sognepræst Hans Magnus K., Gudme I, 254. V, 66-67.",medium,Kgm
Kneppelhout,Johannes,1814,1885,,", hol­ landsk Forfatter II, 136. III, 251, 253, 260- 61, 266-67, 270, 271. IV, 55, 67, 181, 182, 342. V, 164, 341, 344, 345, 387, 427. Kneppelhout, Ursula Martha, f. van Braam, g. m. J. K. III, 266, 271. IV, 67. V, 345, 427- Knowles, James Sheridan (1784—1862), en- gelsk Skuespiller og Skuespilforfatter II, 221. V, 205.",high,JKfgm
Knudsen,Adrian Benoni,1806,1879,,", Gar­ nisonslæge paa St. Croix IV, 314. V, 476.",clean,
Knudsen,Peter,1819,1854,,", Skuespiller ved Det kgl. Teater II, 26. V, 127.",clean,
Knudsen,"Susanne Elisabeth, f. Miller",1811,1902,,", g. 1833 m. A. B. K. IV, 314. V, 476.",high,ABKgm
Knudsen,Thomine,1807,1897,,", Søster til A. B. K., Lærerinde IV, 314. V, 476.",medium,ABK
Knuth,"Eggert Christopher, Lensgreve",1838,1874,,", Søn af F. M. K., Besidder af Grev­ skabet Knuthenborg, Kammerherre III, 278, 289. V, 347.",medium,FKM
Knuth,"F. M., Lensgreve",1813,1856,,", Be­ sidder af Grevskabet Knuthenborg, Poli­ tiker I, 327. V, 99.",clean,
Koch,Henrik,1836,1903,,", Søn af J. H. K., Løjtnant i Søetaten, 1873 Kaptajn, senere Viceadmiral III, 333. V, 360.",high,HJKi
Koch,"Ida, f. Wulff",1806,1876,,", Datter af P. F. Wulff, g. m. J. H. K. III, 345, 353. IV, 84, 103, 194, 262, 326. V, 28, 223, 331, 360, 362, 397, 434, 481. VI, 15.",high,FHJKPgm
Koch,J. H.,1787,1860,,", Hofbygmester, 1835 Professor i Bygningskunst, 1850 Di­ rektør for Statens Bygningsvæsen, 1832 Etatsraad, 1848 Konferensraad I, 114, 115. II, 1 22, 180, 184, 246, 370. V, 28, 29, 186, 360, 362.",low,i
Kofoed-Hansen,H. P.,1813,1893,,", Provst, tidligere Sognepræst til GI. Haderslev, 1867 Sognepræst til Thoreby, 1879 Stiftsprovst for Lolland-Falsters Stift, Forfatter (Jean- Pierre) IV, 43. V, 382.",clean,
Kofoed-Hansen,"Sophie Isabella Lætitia, f. Komtesse Moltke",1827,1898,,", Datter af Adam Gottlob Moltke, g. 1851 m. H. P. K.-H. IV, 43. V, 382.",high,HKPgm
Kohl,Johann Georg,1808,1878,,", tysk Geo­ graf og Rejsende II, 34, 220, 302. V, 129, 231.",clean,
Kolb,Gustav,1798,1865,,", Redaktør af »Allgemeine Zeitung« i Augsburg I, 293. V, 82.",medium,i»
Kolberg,Andreas,1817,1869,,", Billedhug­ ger II, 95. III, 275. V, 147, 346.",clean,
Kopp,Joh. Siegfried Julius,1808,1868,,", Dragonløjtnant, senere kar. Major og Post­ mester i Svendborg I, 14-15. V, 6.",low,i
Kornerup,Jacob,1825,1913,,", Arkitektur­ maler og Arkæolog III, 140. V, 306-07.",clean,
Koss,Joseph Albrecht Friedrich Christopher v.,1787,1858,,", Chargé d’Affaires i Paris, senere Gesandt sst., Kammerherre I, 142, 153- V, 36.",medium,i’
Kotzebue,August v.,1761,1819,,", tysk Skue­ spilforfatter II, 52. V, 37, 101, 135.",clean,
Krabbe,Christopher,1833,1913,,", Redaktør af »Danmark«, cand. jur., senere Politiker III, 138. V, 305-06.",low,»
Kragh,Christian,1802,1884,,", Skuespiller ved Det kgl. Teater I, 303. V, 86.",clean,
Kranold,R. H. C.,1819,1889,,", General- decisor under det slesvigske Ministerium, 1864—66 Chef for Det kgl. Teater, Etats­ raad, 1866 Konferensraad III, 175, 176, 182, 232-33, 238, 243, 246, 256, 261, 271, 273,275,285,295,301, 302,305,308,312, 316, 323. IV, 344. V, 307, 319, 322, 337, 346, 356.",clean,
Krebs,F. C.,1814,1881,,", Distriktslæge i Skelskør, senere Stiftsfysikus i Odense, so­ cialøkonomisk Forfatter, 1864—65 Redak­ tør af »Berlingske Tidende« III, 184. V, 322, 415.",medium,i»
Krieger,A. F.,1817,1893,,", Søn af Anna Elisa K., Jurist og Politiker I, 342. V, 106, 27h 493- Krieger, Anna Elisa, f. Finne (1791—1863), Enke efter Kommandørkaptajn Johannes K. I, 342. V, 106.",medium,Kf
Krieger,Johannes,1810,1833,,", Sekondløjt­ nant i Søetaten I, 166-67. V, 41.",low,i
Krieger,Zarah,1843,1870,,", Datter af Kap- tajnløjtnant i Søetaten Chr. K., g. 1868 m. Læge Peter Wilken Heiberg III, 139. V, 306.",high,Kgim
Krohn,J.,1841,1925,,", stud, theol., 1867 cand. theol., Skolemand og Forfatter III, 85. V, 291-92, 309, 484, 485, 495.",clean,
Kruse,Laurids,1778,1839,,", Forfatter og Oversætter I, 70, 123. V, 19, 31, 58.",clean,
Kruse,Petrus Janus,1768,1837,,", Amts­ provst i Randers I, 16.",low,i
Krüger,Frits,1817,1871,,", Ejer af Hotel d’Angleterre i Kbh. III, 242. V, 339, 423.",medium,i’
Krüger,F. T.,1778,1867,,", fhv. Apoteker, tidligere Indehaver af Svaneapoteket i Odense I, 245. V, 64.",low,i
Krüger,H. A.,1816,1881,,", sønderjydsk Po­ litiker III, 248. V, 282, 340, 373. Krüger, Marie (Mary), f. Mertens (1824— 1891), g. m. Hotelejer Hermann K. IV, 173. V, 423.",high,Kfgm
Kræmer,Robert Fredrik v.,1791,1880,,", Landshøvding i Uppsala Len II, 187. V, 190.",low,i
Krøyer,H. N.,1799,1870,,", Inspektor ved Zoologisk Museum, Zoolog IV, 140. V, 412.",clean,
Krøyer,P. S.,1851,1909,,", Maler IV, 298.",clean,
Küchler,Albert,1803,1886,,", Maler I, 78, 198. III, 7, 13, 89, 92. IV, 277. V, 20, 50, 51, 269, 272.",clean,
Kücken,Friedrich Wilhelm,1810,1882,,", tysk Komponist II, 346. V, 248.",clean,
Kühne,Gustav,1806,1888,,", tysk Forfatter, Udgiver af Tidsskriftet »Europa« II, 289. V, 226, 256. Köhler II, 384.",low,»
Königswarter,"Moritz v., Baron",1837,1893,,", Bankier i Wien, dansk Generalkonsul IV, 101. V, 402.",low,i
Könnentz,Julius v.,1792,1866,,", sachsisk Justitsminister II, 80. V, 143.",clean,
Labatt,Leonard,1838,1897,,", svensk Ope­ rasanger IV, 102. V, 402. Lafayette, Marie Joseph Paul de, Marquis (i757—1834), fransk Officer og Politiker I, 136. V, 34. La Fontaine, Jean de (1621—1695), fransk Digter I, 160, 166. IV, 302. V, 471.",clean,
Lagerheim,"Elias, Friherre",1791,1864,,", svensk-norsk Gesandt i Kbh., 1856 Uden­ rigsminister II, 189. V, 180, 191, 344.",low,i
Lange,Agnes,1841,1903,,", Datter af H. V. L., Skuespillerinde ved Det kgl. Teater, g. 1868 m. J. L. Nyrop III, 153, 176, 285. IV, 58- V, 313,319-20, 325, 335, 388. — Se end- videre Nyrop, Agnes.",high,HJLgm
Lange,Frederikke Nicoline,1812,1892,,", Skuespillerinde ved Det kgl.",clean,
Teater,"g. 1830 m. P. J. Larcher I, 25, 28. V, 8. Lange, H. V.",1815,1873,,", Direktør for Ca- sino, 1855 f°r Hofteatret, 1857 for Folke­ teatret, Kammerraad II, 203, 291. III, 285. V, 199, 227, 319, 348.",low,°
Lange,Johan,1818,1898,,", Direktør for Bo­ tanisk Have, Lærer i Botanik ved Landbo­ højskolen III, 100. V, 297.",low,i
Lange,Rasmus,1777,1848,,", Ejer af Ørbæk- lunde, Justitsraad I, 286. V, 67, 78. Larcher, Pierre (Peter) Joseph (1801—1847), Solodanser ved Det kgl. Teater I, 25, 28. II, 164. V, 179.",clean,
Larsen,A. C.,1840,1914,,", Assistent ved Det kgl. Bibliotek, senere Bibliotekar, Teo­ log IV, 203. V, 436.",clean,
Larsen,"Frederika, f. Pommer",1790,1850,,", g. m. Skomager Hans Jørgen L. IV, 52. V, 386.",medium,Lgm
Lassen,Gotthilf Ferd.,1803,1860,,", Øko­ nomiinspektør ved Det kgl. Teater, Ud- laansinspektør ved Det kgl. Bibliotek II, 181. V, 187.",clean,
Lassen,Jørgen Alexander,1800,1888,,", Sog­ nepræst til Kværndrup, senere Provst I, 234. V, 61.",clean,
Laube,Heinrich,1806,1884,,", tysk Forfat­ ter, 1869—70 Direktør for Leipziger Stadt- theater IV, 95. V, 399. Laura (d. 1348), Petrarcas Elskede II, 99.",clean,
Lehmann,"Arnette Marie Bolette, f. Puggaard",1821,1849,,", g. 1844 m. Orla L. II, 190. V, 152.",medium,Lgm
Lehmann,Nanna,1849,1935,,", g. 1874 m. Axel Liebmann IV, 220. V, 441.",medium,gm
Lehmann,Orla,1810,1870,,", Politiker I, 144. II, 24-25, 166, 190, 198, 246, 365, 394. III, 97. IV, 53, 149, 151, 155, 168, 171,220, 221. V, 22, 103, 120, 126-27, I92i *95, 200, 252, 260, 309, 380, 386, 411, 415, 421, 440, 441.",low,*
Leithoff,Matthias Ludwig,1778,1846,,", Læge, Leder af et ortopædisk Institut i Lübeck I, 58. V, 17-18.",low,i
Lembcke,Edvard,1815,1897,,", Skolemand, Digter og Oversætter IV, 43, 181. V, 382, 427.",clean,
Lennep,Jacob van,1802,1868,,", hollandsk Digter III, 255, 260. IV, 343. V, 342.",clean,
Lenz,Ludwig,1813,1896,,", tysk Forfatter og Tidsskriftsredaktør II, 1. V, 113.",clean,
Leo,F. A.,1820,1898,,", tysk Digter, Over­ sætter og Shakespeareforsker II, 142, 151, 160. V, 167, 179.",clean,
Lerche,"C. A., Lensgreve",1830,1885,,", Be­ sidder af Grevskabet Lerchenborg II, 255, 292, 317. III, 77, 78, 79, 80. IV, 26, 281. V, 208, 227, 244, 288, 466.",clean,
Lerche,"Cornelia, f. Tillisch, Lensgrevinde",1837,1904,,", g. 1855 m. C. A. L.",high,ACLgm
Il,"292. III, 77. V, 227, 288. Lerche, Ferdinand, Greve",1813,1897,,", Be­ sidder af Astrup, Kammerjunker III, 26, 4°, 46> 7b i35> 204. V, 244, 277.",low,°
Leuchtenberg,"Auguste Amalia, Hertuginde af—, f. Prinsesse af Bayern",1788,1851,,", Datter af Maximilian I af Bayern, Enke efter Hertug Eugène af L. (Eugène Beau- harnais) I, 211. V, 53. le Vaillant, Madame, Værtinde i Hôtel Va­ lois, Paris I, 334. V, 103.",medium,Li
Lewenhaupt,"Adam Casimir Ludvig, Greve",1820,1895,,", Overkammerherre hos Dron­ ning Lovisa af Sverrig III, 216. V, 332.",clean,
Levetzau,Joachim Godske,1782,1859,,", Hofmarskal, 1845 Overhofmarskal, 1840— 49 Chef for Det kgl. Teater II, 13, 64, 74, 192, 193- V, 97, 100, 109, 117, 121, 122, 192, 193- Levin, Israel (1810—1883), Litterat, Sprog­ mand II, 88, 260, 261. III, 23. V, 145, 216, 217, 278.",clean,
Levison,Emilie,1815,1900,,", tidligere Hus­ bestyrerinde hos Martin R. Henriques IV, 178, 180. V, 425-26.",low,R
Levy,Carl Edvard Marius,1808,1865,,", Dr. med., 1841 Professor i Fødsels videnskab I, 219. V, 56. L’Hardy, Anastasie-Sophie-Rosalie, f. Jür­ gensen (1839—1907), Datter af Jules Jür­ gensen II, 344. V, 247.",medium,fi’
Libert,Emil,1820,1908,,", Landskabsmaler II, 298. V, 229.",clean,
Libert,"Marie, f. Busch",1830,1904,,", g. 1852 m. Emil L. II, 298. V, 229.",medium,Lgm
Lichtenberg,Georg Christoph,1742,1799,,", tysk Fysiker, Satiriker og Aforistiker I, 139. V,35- Lie, Jonas (1833—1908), norsk Digter IV, 259, 307- V, 455, 472.",clean,
Liebe,"Emilie, f. Egense",1831,1881,,", Ope­ rasangerinde, g. 1856 med Th. L. IV, 58, 297-98. V, 388.",medium,Lg
Liebe,Georg Julius,1788,1845,,", Skuespiller og Regissør ved Det kgl. Teater I, 14, 336. V, 6.",clean,
Liebe,Theodor,1823,1893,,", Operasanger og Skuespiller ved Det kgl. Teater II, 257. IV, 58, 104, 297-98. V, 215, 388.",clean,
Liebig,Justus v.,1803,1873,,", tysk Kemiker, Professor i München II, 283. V, 223.",low,i
Liebmann,Axel,1849,1876,,", Komponist IV, 220. V, 441. VI, 17.",clean,
Lind,Agnete,1849,1915,,", Datter af W. L. II, 205, 279. V, 199, 222, 316. VI, 19.",medium,LW
Lind,Anna,1843,1915,,", Datter af W. L. III, 165. V, 101, 316, 454. VI, 19.",medium,LW
Lind,Ingeborg,1841,1924,,", Datter af W. L., g. 1874 m. Harald Drewsen II, 279. III, 25, 165. IV, 282. V, 222, 277, 316. VI, 19. — Se endvidere Drewsen, Ingeborg, f. Lind.",high,LWfgm
Lind,Jenny,1820,1887,,", svensk Sanger­ inde, g. 1852 m. Pianisten Otto Gold­ schmidt I, 345-46. II, 21, 31, 40, 42, 46, 54-55, 61, 65, 92, 95, 96, 105, 118, 129, 139, 140, 144-45, 152, 154, J59> 169. III, 89, 92, 127. V, 108-09, 125, 133, 135, 146, 166, 168, 169, 170, 171, 178-79, 292, 293, 294, 428, 464.",medium,gm
Lind,"Louise, f. Collin",1813,1898,,", Datter af Jonas Collin, g. 1840 m. W. L. I, 308, 33L 334, 342, 349- H, 22, 24, 25, 27-28, 29, 33, 34, 39, 40, 52, 64, 91, 103, 108, 135, 141, 147, H9, !5O, 15L J94, !95, J99, 212, 244, 27L 279, 333, 338, 342, 353, 357, 375- ni, 16, 24, 25, 28, 60, 93, 138, 165, 168, 195, 245, 261, 262, 271, 289, 300, 303, 310, 322. IV, 53, 68, 83, 109, 212, 238, 245, 262, 317, 320, 344. V, 83, 101, 194, 222, 294, 311, 321, 379, 404, 434. VI, 6, 19, 22. — Se ogsaa Collin, Louise.",high,HLWgm
Lind,W.,1807,1891,,", cand. jur., 1833 Vo­ lontør i Kancelliet, 1839 Auditør, 1841 Se­ kretær og Bogholder ved Kommissionen for Militæretatens Forsyning med uldne Varer, 1848 Kontorchef i Krigsministeriet, Justits- raad I, 107, 124, 137, 144, 147, 216, 226, 230, 234, 236, 239, 243, 245, 248, 252, 264, 286, 291, 294, 296, 298, 335. II, 5, 6, 10, 11, 18, 22, 25, 39, 91, 104, 126, 199, 201, 205, 225, 233, 244, 275, 289, 349, 365, 376. III, 4, 141, 144, 150, 153, 165, 196, 274, 279, 289, 300. IV, 18, 65, 68, 133, 183, 198, 201, 207, 208, 235, 276. V, 27, 31, 68, 83, 150, 181, 199, 210, 255, 298, 346, 373, 389. VI, Linde, Andreas (1814—1888), Departements­ chef i Kultusministeriet, 1866—76 kst. Chef for Det kgl. Teater III, 323, 337, 351. IV, 202, 299. V, 346, 336, 364, 436, 471.",medium,i
Lindegaard,"Johanne Marie, f. Colling",1763,1838,,", Enke efter Justitsraad Salomon L. til Lykkesholm I, 224, 231, 237, 246. V, 10, 37, 58, 67.",low,L
Linstow,Carl Adolph v.,1806,1857,,", cand. jur., Regnskabsfører ved 3.",clean,
Bataillon,"Kam­ merjunker II, 166. V, 180. Linstow, Fr. August v.",1775,1848,,", Amt­ mand i Lauenburg, Kammerherre II, 13. V, 122-23.",low,i
Linstow,Otto Ferd. v.,1818,1893,,", Søn af F. A. L., Landskriver paa Pellworm II, 13. V, 123.",medium,AFL
Liszt,Franz,1811,1886,,", ungarsk Klaver­ spiller og Komponist I, 289. II, 4, 5, 224, 262. III, 97. V, 80-81, 113, 207.",clean,
Liunge,A. P.,1798,1879,,", Litterat, Udgi­ ver af »Kjøbenhavnsposten« I, 138, 156, 163, 165, 166, 197, 198, 200, 216. V, 3, 6, 35, 40, 48, 49, 126. Livingstone, Anna Mary (f. 1858), Datter af David L., senere g. m. Købmand, senere Missionær Wilson IV, 100, 224. V, 401.",high,Lgm»
Livingstone,David,1813,1873,,", engelsk Opdagelsesrejsende, Missionær IV, 100, 224. V, 401.",clean,
Lobedanz,Edmund,1820,1882,,", tysk­ dansk Forfatter og Oversætter II, 2. V, 1*5- Lobedanz, Theodor (1809—1889), Broder til E. L., Privatsekretær hos Grev C. Rant- zau-Breitenburg, senere Notar i Kelling­ husen II, 2. V, 115.",high,*CELi
Lohmeyer,Charles Beckwith,1810,1874,,", Sproglærer i Engelsk, Ingeniør, se­ nere Institutbestyrer, Oversætter af A.s Værker II, 128-29, 139, 146, 167, 168, 169, 173-74, 178, 181-82, 211. V, 138, 165, 181, 187. Lohmeyer, John Henry Beckwith, Broder til C. B. L., ansat hos Rich.",high,ABCLis
Bentley,"London II, 128, 139. V, 158, 165. Longfellow, H. W.",1807,1882,,", amerikansk Digter, Professor i Cambridge ved Boston III, 296. IV, 115. V, 350.",low,i
Lorck,Carl B.,1814,1905,,", A.s Forlægger i Leipzig, 1856 dansk Generalkonsul sst. II, 63, 66-68, 69, 80, 94, 97, 98, 105, 109, 112, 114, 117, 118, 120, 122, 125, 126, 129, I3L ^2, HH2, i46, H8, J5L *54, J55, 160, 162, 163, 164, 180, 182, 188, 194, 211, 217, 224, 378-82, 384. IV, 95, 201. V, 138, 140, 143, 151, 154, 162, 176, 186, 188, 191, 207, 229, 256.",high,*A^is
Lorck,J. H.,1810,1895,,", Broder til C. B. L., Militærlæge, senere Distriktslæge paa Fanø og i Assens II, 23. V, 67, 126, 138.",high,BCLi
Lorenzen,P.,,1873,,", Inspektør paa Bro­ holm I, 254. V, 66.",clean,
Lortzing,G. A.,1801,1851,,", tysk Opera­ komponist III, 4, 54. V, 267.",clean,
Lose,C. C.,1821,1892,,", Forlagsboghand­ ler, Musikhandler II, 224, 249, 328. III, 216, 217, 248. Louise, se Collin, Lind og Drewsen, Louise. Ludvig, se Müller, Ludvig. Lukian (2. Aarh. e. Chr.), græsk Forfatter I, 239- Lumbye, Georg (1843—1922), Søn afH. C. L., senere Komponist og Dirigent IV, 6. V, 370.",medium,CLe
Lumbye,H. C.,1810,1874,,", Komponist og Dirigent IV, 6, 12. V, 370, 406.",clean,
Lund,"Axelline, f. Mørch",1836,1918,,", For­ fatterinde, g. 1859 m. F. C. L. IV, 33, 35, 36, 39> 4‘, 59, 60, 73, 77, 80, 85, 89, 93, 106, 129-3O, I55, I59, 162, 184, 222, 251, 262, 315, 317- V, 377, 379, 30°, 4i7- Lund, Christian (1836—1894), Søn af Jens L., Fuldmægtig i Finansministeriet, senere Kontorchef IV, 294. V, 470. VI, 17.",high,CFLgim°
Lund,Chr. Carl Fr.,1820,1891,,", Fører af Postdampskibet Hermoder, senere Hav­ nemester i Kbh. IV, 39. V, 381.",low,i
Lund,F. C.,1826,1901,,", Historiemaler III, 110. IV, 24, 25, 36, 41, 53-54, 59, 60, 61, 68, 7o, 75, 77, 78, 82, 85, 91, 129-30, 155, 162, 184, 222, 249, 259, 315, 317. V, 300, 377, 386, 417.",clean,
Lund,Henrik,1825,1889,,", Læge i Øverød, senere Ejer af Friheden ved Hørsholm III, 165, 169. V, 316, 317.",low,i
Lund,Jacob,1831,1891,,", Søn af Jens L., Boghandler III, 359. IV, 47, 148. V, 365, 414, 472. VI, 17.",low,L
Lund,Jens,1796,1836,,", Kopist i Direktio­ nen for Universitetet og de lærde Skoler, senere Kontorchef, Kancelliraad I, 40. V, 13, 323. VI, 17.",low,i
Lund,J. J. G.,1801,1884,,", Dr. med., fun­ gerende Livlæge hos Kong Christian IX, Konferensraad IV, 12. V, 374.",clean,
Lund,"Louise, f. Malling",1829,1895,,", g. 1857 m. Jacob L. IV, 148. V, 414.",medium,Lgm
Lund,Ludvig,1844,1912,,", Zoolog og Re­ ligionshistoriker IV, 202-03. V, 436.",clean,
Lund,M. M.,1803,1866,,", Købmand i Ka­ lundborg III, 179. V, 321.",low,i
Lund,O. C.,1829,1896,,", Broder til C. C. F. L., Digter III, 105. V, 298, 381.",high,CFL
Lund,"Vahlia, f. Hornemann",1807,1890,,", Datter af J. W. Hornemann, g. 1830 m. Jens L. III, 185, 293, 318. IV, 63, 64, 176, 294- V, 13, 38, 323, 414, 424, 441, 470. VI, 17.",high,JLWgm
Luno,Bianco,1795,1852,,", Hof bogtrykker II, 184, 205, 211, 215, 222. V, 189.",clean,
Luther,Martin,1483,1546,,", tysk Kirke­ reformator I, 77. II, 53. Lykke, Cai (d. ca. 1699), Adelsmand I, 223. v, 57' Lüth, A. H. F. (1806—1859), evangelisk Hof­ præst i Athen, Dr. phil. I, 313. V, 92.",high,'AFHiv
Lüth,"Christiane, f. Fischer",1817,1900,,", g. m. A. H. F. L. I, 313. V, 92.",high,AFHLgm
Lüttichau,Hans Helmuth,1804,1857,,", Be­ sidder af Tjele, Kammerjunker I, 16. V, 7.",clean,
Lüttichau,"Idalia, f. Dirckinck Friherreinde af Holmfeld",1808,1899,,", g. m. H. H. L. I, 16. V, 7, 491.",high,HLgm
Lüttichau,Wolff v.,1786,1863,,", General­ intendant ved Hofteatret i Dresden, Ge- hejmeraad II, 6, 252, 253, 254, 373, 386. III, 53-54. V, 118, 399.",low,i
Lytton,Sir Edward Bulwer-,1803,1873,,", 1866 Baron, engelsk Romanforfatter (Ed­ ward Bulwer) I, 224, 228, 233, 239, 258, 308. II, 146, 150. III, 304, 329. IV, 100. V, 59, 89, 137, 158, 168.",clean,
Lytton,Edward Robert Bulwer-,1831,1891,,", Søn af E. L., 1873 Baron, 1880 Jarl, engelsk Diplomat og Forfatter (Owen Meredith), 1863-64 Legationssekretær i Kbh., 1865 i Lissabon, 1868 iWien, senere Vicekonge i Indien III, 304, 329. IV, 100. V, 552, 401. Ly tzen, Andreas Christian (1813—1874), Læ­ rer i Thorshavn, Lagtingsmand IV, 311. v, 474- Lützow, Frk. v., Datter af Generalmajor Gotthard v. L. III, 150. V, 311.",high,ELiv
Læssøe,Axel,1861,1916,,", Søn af Thorald L., senere Assistent ved Kobberstiksamlin­ gen IV, 40. V, 381. Læssøe, Emmy (f. 1863), Datter af Thorald L., g. 1887 m. cand. jur., senere Dommer i Middelfart Karl Stephensen IV, 40. V, 38i> 475- Læssøe, Frederik (1811—1850), Søn af Niels Frederik L., Kaptajn af Generalstaben, 1850 Oberst II, 167. V, 94, 398.",high,Lgim
Læssøe,Niels Frederik,1775,1831,,", Told­ inspektør I, 84. V, 21.",clean,
Læssøe,"Signe, f. Abrahamson",1781,1870,,", Søster til Joseph Abrahamson, Enke efter N. F. L. I, 84, 162-63, 166, 179, 181, 310, 341. II, 316. V, 21, 47, 52, 64, 76, 88, 97, i95> 23^ 39^ VI, 15.",high,FLN^
Læssøe,Thorald,1816,1878,,", Søn afN. F. L., Landskabsmaler IV, 40. V, 254, 381, 475.",medium,FL
Löffler,Carl,1810,1853,,", Dekorationsmaler I, 3°9- V, 90.",low,°
Lønborg,Frederik,1790,1860,,", Oberst, Chef for 1. Reservejægerkorps, senere Chef for den militære Højskole II, 176.",clean,
Løvenskiold,H. S.,1815,1870,,", Komponist I, 347. II, 83. V, 109, 144.",clean,
Løvenskiold,Leopold Herman Severin,1813,1848,,", norsk Frivillig, Sekondløjtnant ved 10. Linie-Bataillon II, 175. V, 183-84.",clean,
Löwenstein-Wertheim,"Wilhelm, Prins af —",1783,1847,,"II, 80. V, 143.",clean,
Löwenstern,"Adelaide v., Friherreinde, f. Komtesse Schimmelmann",1796,1876,,", g. m. G. H. L. II, 86, 93, 96. V, 144.",high,GHLgm
Löwenstern,"Georg Heinrich v., Friherre",1786,1856,,", Gesandt i Wien, General­ major II, 83, 86, 93, 96. V, 144.",low,i
Maase,"Olivia v. d., f. Colbiørnsen",1796,1877,,", Datter af Engelke Margrethe Col­ biørnsen, Enke efter Hofchef hos Enke­ dronning Marie Sophie Frederikke, Rit­ mester, Kammerherre Frederik v. d. M. IV, 291. V, 469.",medium,Mdv
Madsen,Frederik,1834,1882,,", Skuespiller ved Folketeatret, senere i Provinsen IV, 118. V, 406. Madsen, Hans (d. ca. 1562), Sognepræst i Svanninge ved Faaborg I, 64. V, 17.",medium,i
Madvig,J. N.,1804,1886,,", klassisk Filolog, Politiker II, 192. V, 195, 344, 482. Magnus, H. (1824—I92O)5 Læge i Hobro, 1871 Distriktslæge sst. III, 201. V, 329.",medium,Hi
Magnus,J. C.,1812,1879,,", Litterat III, 308. IV, 40. V, 59, 241, 353, 381.",clean,
Maire,Emile le,1814,1912,,", Bankier, Med­ indehaver af Firmaet Smidt & le Maire II, 172. IV, 104. V, 183.",clean,
Malibran,"Maria Felicita, f. Garcia",1808,1836,,", fransk-spansk Operasangerinde I, 214, 216. II, 145. V, 55, 168-63. Malmström, J. A. (1829—svensk Ma­ ler III, 122-23, 125. V, 302.",medium,AJ
Maltitz,"Franz v., Baron",1794,1857,,", rus­ sisk Gesandt i Haag, Oversætter II, 136. V, 164.",low,i
Maltitz,"Gotthilf August v., Friherre",1794,1837,,", tysk Forfatter I, 70, 83. V, 19, 21.",clean,
Manderstierna,Alexandrine,1836,1913,,", g. 1863 m- Friherre Joseph v. Döpfner III, 116. IV, 120. V, 300, 406.",medium,gv
Manderstierna,Elisabeth,1821,1904,,", Sø­ ster til Alexandra M. III, 116, 187, 205. IV, 120, 121. V, 300, 329. Manderstierna, Wilhelmine (Mimi) (1841 — 1921), Søster til Alexandra M., g. 1872 m. Kaptajn Paul Hermann v. Heyden III, 116, 187. IV, 120. V, 300, 406. Mangold, Alice Georgina, engelsk Forfatter­ inde af en Eventyrsamling II, 237, 250. V, 211.",high,Mgmv
Mannerheim,"A. R., Friherre",1802,1867,,", Kaptajn ved Skaraborgs Regiment, senere Oberstløjtnant II, 184. V, 189.",clean,
Manthey,Joh. Daniel,1771,1831,,", Chef for Ordenskapitulets Kontor, 1829 Med­ lem af Det kgl. Teaters Direktion, Konfe- rensraad I, 18, 21, 24, 36, 58, 61, 62, 67. V, 7, 16.",clean,
Mantzius,Kristian,1819,1879,,", Skuespiller ved Det kgl. Teater IV, 104, 173. V, 275, 410, 423.",clean,
Marcus,"Galathea, f. Melchior",1818,1906,,", Søster til M. G.",medium,GM
Melchior,"g. m. L. N. M. IV, 58, 61. V, 388. Marcus, L. N.",1814,1879,,", Læge i Altona IV, 58, 60, 61. V, 388.",low,i
Marées,Carl de,1793,1865,,", Faktor ved Fürstenberger Porcelænsfabrikens Filial i Braunschweig II, 122. V, 156.",low,i
Mariager,P.,1827,1894,,", Forfatter og Oversætter IV, 284. V, 467. Markmann IV, 332.",clean,
Marmier,Xavier,1809,1892,,", fransk For- fatter I, 315. V, 93, 259. Marr, Ejer af Hotel Der König von England i Hamburg I, 122. V, 19, 30.",low,i
Marr,Heinrich,1797,1871,,", Søn af Hotel­ ejer M., tysk Skuespiller og Regissør I, 71. V, 19, 30.",low,M
Marryat,Frederick,1792,1848,,", engelsk Sø­ officer og Romanforfatter I, 320.",clean,
Marschner,Heinrich,1795,1861,,", tysk Komponist II, 5- V, 118.",clean,
Marstrand,Wilhelm,1810,1873,,", Maler I, 295. II, 94. IV, 8, 16, 24, 36. V, 83, 283, 298» 373, 4’5- Martens, Matheus Friederich (1795—1879), fhv. Sekondløjtnant ved Dragonerne, Over­ toldbetjent i Faaborg, senere Toldkontrolør i Odense, Krigsassessor I, 60. V, 16.",high,i»’
Martin,Henri,1810,1883,,", fransk Histori­ ker IV, 94. V, 399. Martinez, portugisisk Proprietær, Setubal III, 3I3- Mas y Sans, Sinibaldo (1809—1868), spansk Forfatter og Diplomat, tidligere Gesandt i Kina III, 97, 99. V, 296.",medium,iy
Mathiesen,Haagen,1759,1842,,", General­ krigskommissær, norsk Finansmand I, 214. v, 55- Meier, Emma (1829—1890), Skuespillerinde ved Det kgl. Teater, senere i Provinsen, g. i° m. Skuespiller Frederik Sørensen, 20 1859 m. Teaterdirektør Th. Cortes II, 49. v, 134- Meinertz, John (1841—1867), Assistent IV, 7- V, 371.",high,gimv°
Meisling,"Inger Cathrine, f. Hjarup",1793,1854,,", g- ni. Simon M. I, 101, 191, 239. V, 24, 48.",low,M
Meisling,Peter,1825,1882,,", Søn af Simon M., Gartner paa Lerchenborg, senere An­ lægsgartner i Kbh. III, 79-80. V, 289.",medium,Mi
Meisling,Simon,1787,1856,,", A.s Rektor i Slagelse og Helsingør III, 10, 79, 195. IV, 43-44, 113. V, 48, 52, 69, 363, 382. VI, 25-26.",medium,Ais
Melbye,Anton,1818,1875,,", Marinemaler II, 38. V, 131.",clean,
Melchior,Anna,1853,1881,,", Datter af M. G. M. IV, 75, 84, 160, 163, 179-80, 183, 191, 193, 220, 222. V, 393, 396, 421, 449- Melchior, Birgitte (f. 1858), Datter af Israel M., g. 1884 m. Grosserer Jacob Salomon IV, 247. V, 448.",high,GMgm
Melchior,Carl H.,1855,1931,,", Søn af M. G. M., senere Grosserer IV, 191, 193, 234. V, 448.",medium,GM
Melchior,"Dorothea, f. Henriques",1823,1885,,", Søster til Martin R. Henriques, g. 1846 m. M. G. M. III, 232, 261, 272, 279, 280, 284, 307, 343, 350, 355. IV, 7, 20, 26, 30, 39, 44, 61, 64, 66, 79, 81, 82, 83, 84, 100, 101, 108-09, IJ4? I2I> 130, 146? H7? J54? *59? 160, i62> i64? 167, 179, 185, 193, 196, 207-08, 217, 219, 221, 223, 230, 245, 258, 259, 263, 281, 293, 294, 299, 303, 306, 310, 311, 314, 316, 317, 320, 326, 344. V, 3^, 33$? 347? 360? 374? 377? 378, 381, 386, 389? 393? 394? 398, 402, 404, 408, 412, 414, 416, 419, 421, 424, 428, 433, 439, 440, 445, 453? 454, 457? 4^, 4^4? 469-70, 473, 474, 47Ö, 481, 484. VI, 30.",high,$*GMR^gm
Melchior,Emil,1857,1881,,", Søn af M. G. M., 1874 Student IV, 71, 73, 75, 315. V, 39 b ^4- Melchior, Harriet (1851—1917), Datter af M. G. M. IV, 160, 163, 179-80. V, 421,440, 475- Melchior, Henriette (Jette) (1813—1892), Sø­ ster til M. G. M. IV, 58, 260. V, 388.",high,GM^b
Melchior,Israel,1827,1893,,", Broder til M. G. M., Grosserer, Fabrikant IV, 160, 163, 164, 167, 247, 318, 347. V, 418, 425, 448.",medium,GM
Melchior,"Johanne, f. Melchior",1848,1911,,", Datter af M. G. M., g. 1867 m. Israel M. IV, 160, 163, 164, 167, 318, 347. V, 418, 421.",high,GMgm
Melchior,Louise,1849,1934,,", Datter af M. G. M. IV, 191. V, 433, 449, 455, 464- Melchior, Moritz G. (1816—1884), Grosserer, 1873 Formand i Grosserersocietetet, senere Etatsraad III, 164, 250, 279, 338, 343, 344, 348. IV, 24, 26, 29, 30, 31-32, 39, 51, 58, 61, 64, 68, 71, 73, 75, 76, 78-79, 80, 84, 85, 88, 101, 103, 113, 115, 127, 152, 154, 157, 160, 165, 169, 170, 176, 179, 182, 184, 186, 188, 191, 193, 194, 197, 216, 217, 219, 222, 224, 243, 245, 249, 258, 259, 260, 261, 263, 271, 274, 292, 303, 308, 309, 315, 325, 328. V, 316, 341, 360, 361, 363, 365, 378, 379, 381,383, 388,393, 413-14, 418, 419, 424, 423, 428, 432, 433, 444, 445, 453, 454, 457, 458, 465, 467, 469, 472, 473, 478, 481, 483, 484. VI, 28, 39. Melchior, Moses (1825—!912)? Broder til M. G. M., Grosserer IV, 26, 27, 28, 29, 33, 34- 35? 37? 38-39? 50? 68, 76, 228. V, 365, 378, 379? 3fy, 388.",high,GMi
Melchior,Nathan G.,1811,1872,,", Broder til M. G. M., Øjenlæge, Professor, Dr. med. IV, 64, 65. VI, 39.",medium,GM
Meldahl,F.,1827,1908,,", Arkitekt, Professor i Bygningskunst, kgl. Bygningsinspektør, Etatsraad, III, 193. V, 234, 325, 391, 481- 82.",low,i
Mellin,G. H.,1803,1876,,", svensk Præst og Forfatter IV, 118. V, 190, 406.",clean,
Mendelssohn-Bartholdy,Felix,1809,1847,,", tysk Komponist I, 290-91. II, 61, 63-64, 66, 118. V, 81, 139, 155.",clean,
Mérimée,Prosper,1803,1870,,", fransk Dig­ ter II 159.",clean,
Mexiko,"Maximilian, Kejser af —",1832,1867,,", Søn af Erkehertuginde Sophie af Østrig III, 282, 287. V, 348.",clean,
Meyer,Wilhelm,1824,1895,,", Ørelæge II, 257. IV, 73, 117, 140, 183-84, 220, 326, 328. V, 213, 412, 484. VI, ly.",clean,
Meyerbeer,Giacomo,1791,1864,,", tysk­ fransk Komponist II, 55, 383. III, 249, 255-56, 273, 291. IV, 119, 201. V, 39, 134, 215, 257, 261, 340, 348, 406.",clean,
Meza,C. J. de,1792,1865,,", Generalmajor, 1861 Generalløjtnant, 1864 General II, 255. III, 217. V, 214, 332.",clean,
Michel,Francisque,1809,1887,,", Professor ved Faculté des Lettres i Bordeaux, Kultur­ historiker og Litteraturhistoriker III, 292. V, 349.",low,i
Michelsen,"Koffardikaptajn III, 348. V, 363. Michelsen, A. L. J.",1801,1881,,", slesvigsk Historiker og Politiker, 1842 Professor i Jena II, 55, 65. V, 135.",low,i
Michelsen,"Marie, f. Duntzfelt",1819,1871,,", Datter af W. F. Duntzfelt, g. 1856 m. forhv. Marineminister, kar. Kontreadmiral O. W. M. III, 45. V, 282. Mickaelson & Bendicks, Bankierfirma i Stock­ holm II, 191. V, 192.",high,FMOWgim
Milanollo,Maria,1832,1848,,", italiensk Vio­ linvirtuos II, 55. V, 135.",clean,
Milanollo,Teresa,1827,1904,,", Søster til Maria M., italiensk Violinvirtuos II, 55. v, 135- Millot, Claude-François-Xavier (1726— 1785), fransk Historiker I, 204. V, 50.",medium,Mv
Milo,Johan,1788,1861,,", Boghandler i Odense, Kancelliraad I, 235. V, 61.",low,i
Minet,C.,,1865,,", Frisør III, 93, 176. V, 294- Moe, Jørgen (1813—1882), norsk Eventyr­ samler og Digter, Sognepræst til Vester Aker ved Christiania, 1875 Biskop i Chri- stianssand IV, 348. V, 430, 488.",low,i
Molbech,C.,1783,1857,,", Historiker, Sprog­ forsker og Litteraturhistoriker, 1830—42 Medlem af Det kgl. Teaters Direktion I, 49? 58, 61, 62, 63, 78, 93, 95, 97, 110, in, 118, 177, 205, 225, 234, 271. II, 97. III, 324, 328. IV, 196. V, 14, 16, 25, 27, 29, 39’4°, 45, 50, 5 L 58, ^°’6h $3, 71, 124, 148, 250, 357, 358.",high,$L^°’
Molbech,Chr. K. F.,1821,1888,,", Søn af Chr. M., Digter og Oversætter IV, 60, 74. v, 99, 356, 358, 427- Moldenhawer, Maria, f. Brockhausen (1807— 1891), Enke efter Inspektør paa Det kgl. Biblioteks Læsesal, Justitsraad Carl Edvard M. IV, 253. V, 452.",high,Mfv
Molière,Jean Baptiste Poquelin,1622,1673,,", fransk Komediedigter I, 338. V, 462.",clean,
Moltke,"Adam Gottlob, Greve",1798,1863,,", Besidder af Espe og Bonderup III, 140. V, 306, 382.",clean,
Moltke,"A. W., Lensgreve",1785,1864,,", Be­ sidder af Grevskabet Bregentved, 1831 Fi­ nansminister og Gehejmestatsminister, 1848 —52 KonsejIspræsident I, 266-67, 325, 328, 336, 351. II, 170, 208. IV, 296. V, 69, 75, 96, 182, 200, 467, 470.",clean,
Moltke,Andreas,1843,1856,,", Søn af Lud­ vig M. II, 271, 273. V, 219.",low,M
Moltke,"Carl, Greve",1773,1858,,", Besidder af Aagaard og Nørager, Ordenssekretær, Gehejmekonferensraad III, 173- V, 319.",clean,
Moltke,"Carl, Greve",1798,1866,,", Besidder af Nütschau og Assiden, Deputeret i Rente­ kammeret, senere Minister for Slesvig I, 326. V, 99, 188.",low,i
Moltke,"Caroline, Lensgrevinde, f. v. d. Maase",1827,1886,,", Datter af Olivia v. d. Maase, g. 1851 m. Frederik M. IV, 291, 308. V, 467, 472, 484. Moltke, Frederik (Fritz), Greve (1825— 1875), Søn af A. W. M., 1864 Lensgreve og Besidder af Grevskabet Bregentved, 1875 Udenrigsminister I, 327, 336. IV, 232, 284, 289, 291, 292-93. V, 98,^, 446, 466-67, 472, 484. Moltke, Julie (Lilly), Grevinde, f. Sehestedt Juul (1845—1899), Datter af Chr. Sehe­ stedt Juul, g. 1864 m. Otto M., 2° 1871 m. Grev Carl Rantzau til Frederikslund III, 184, 237. IV, 43. V, 323, 366, 382, 423- Moltke, Ludvig (1805—1872), cand. jur., Sekretær i Borgerrepræsentationen, Over­ sætter II, 271. V, 219, 288.",high,AMW^dfgimv°
Moltke,"Luise Ernestine, f. Bramsen",1806,1878,,", g. m. Ludvig M. II, 271. V, 219.",medium,Mgm
Moltke,"Maria, Grevinde, f. v. Buchwald",1809,1895,,", Enke efter Amtmand, Højesterets­ assessor Grev Henrik M. til Mullerup II, 197. IV, 69-70. V, 185, 195, 391.",low,M
Moltke,"Marie, Komtesse",1815,1890,,", Dat­ ter af Carl M. til Aagaard III, 173-V, 319. Moltke, Marie, Komtesse (1827—*889), Dat­ ter af A. W. M., g. 1852 m. Kommitteret i Domænedirektionen, senere Stiftamtmand over Sjællands Stift, Baron Christian Bille- Brahe I, 323. II, 2. V, 97, 98, 115.",high,*AMWgim
Moltke,"Marie Elisabeth, Lensgrevinde, f. Komtesse Knuth",1791,1851,,", g. m. A. W. M. I, 325, 351. V, 98.",high,AMWgm
Moltke,"Otto, Greve",1828,1868,,", Søn af Adam Gottlob M., Besidder af Espe, Hof­ jægermester III, 237, 362. V, 323, 362.",low,M
Moltke,"Rosalie, Grevinde, f. Hennings",1801,1885,,", Enke efter Adam Gottlob M. IV, 42-43. V, 382.",low,M
Moltke,"Thekla, Komtesse",1811,1876,,", Dat­ ter af Carl M. til Aagaard, Besidder af Con- radineslyst III, 173. V, 319.",low,M
Moltke-Hvitfeldt,"Adam Gottlob, Greve",1796,1876,,", Søn af Gebhard M.-H., 1851 Be­ sidder af Stamhuset Moltkenborg (Glorup m. v.), Gehejmekonferensraad II, 238-39, 240. III, 70, 73, 134, 137, 143, 209. IV, 26, 28, 34, 38, 43, 47, 69-70, 75, 89, 91, 94. V, 211, 255, 307, 363, 391.",medium,Mmv
Moltke-Hvitfeldt,"Annie, Grevinde, f. Hutton",1836,1889,,", g. i860 m. Harald M.-H. III, 278. V, 347.",medium,Mgm
Moltke-Hvitfeldt,"Elise, Grevinde, f. Kom­ tesse Razumovska",1811,1892,,", g. 1828 m. A. G. M.-H. II, 241. III, 73, 113, 246. IV, 30. V, 211, 300, 330.",high,AGMgm
Moltke-Hvitfeldt,"Gebhard, Greve",1764,1851,,", Besidder af Stamhuset Moltkenborg (Glorup m. v.), Gehejmekonferensraad I, 279, 283-86. II, 31-32, 125, 165, 173, 175, 181, 197-98, 203, 204-05, 210-11, 215. III, 209. IV, 69. V, 75, 129, 185, 195, 211.",medium,mv
Moltke-Hvitfeldt,"Harald, Greve",1838,1878,,", Søn af A. G. M.-H., senere Ritme- mester og Attaché ved Gesandtskabet i Pa­ ris II, 239. III, 278. V, 211, 347.",high,AGMi
Moltke-Hvitfeldt,"Leon, Greve",1829,1896,,", Søn af A. G. M.-H., 1860 Gesandt i Paris, 1876 Besidder af Stamhuset Moltkenborg II, 377, 394- HI, 92, 103, 119, 122, 134, 278, 279, 282, 285, 287. IV, 15-16, 142. V, 255, 294, 297, 300, 347, 412.",high,AGMi
Moltke-Hvitfeldt,"Marie, Grevinde, f. Kom­ tesse Seebach",1843,1902,,", g. 1863 m. Leon M.-H. III, 279. IV, 16. V, 347, 375.",medium,Mgm
Monrad,D. G.,1811,1887,,", Biskop, Poli­ tiker II, 322-23. III, 139. IV, 74, 75-76, 77, 78, 137-38. V, 61, 200, 238-39, 240, 306, 310, 3^, 392, 412, 436. Morel, Benedikt (Pater Gallus) (1803—1872), Benediktinermunk i Einsiedeln, Rektor ved Stiftsskolen, religiøs Lyriker III, 44-45, 74, 75-76. IV, 339. V, 281, 288. Mortier de Fontaine, Henri Louis Stanislaus (1816—1883), polsk Klavervirtuos I, 224. V, 38.",medium,^i
Mosen,Erich,1841,1870,,", Søn af Julius M., senere stud, jur., faldet ved Mars-la-Tour II, 41. V, 132.",low,M
Mosen,Julius,1803,1867,,", tysk Digter, Dramaturg ved Hofteatret i Oldenburg II, 39, 41. V, 132.",low,i
Mosenthai,Salomon Hermann,1821,1877,,", tysk Skuespilforfatter II, 258, 265, 266. V, 216, 340.",clean,
Mourier,Louis E. A.,1805,1877,,", Borg­ mester i Odense, Justitsraad IV, 45, 50. V, 383.",low,i
Mozart,W. A.,1756,1791,,", østrigsk Kom­ ponist IV, 207. V, 5, 31, 52, 348, 439, 441.",clean,
Muller,Frederik,1817,1881,,", Antikvarbog- handler i Amsterdam III, 260, 268-69, 271, 274, 275, 277. V, 343.",low,i
Munch,Andreas,1811,1884,,", norsk Digter IV, 16, 118, 176, 184. V, 375, 397,39$ 406, 424.",low,$
Munch,"Anna Marie Amalie, f. Norberg, adopt. Raben",1832,1905,,", g. m. Andreas M. IV, 176. V, 424.",medium,Mgm
Munch,Helga,1868,1913,,", Datter af An­ dreas M. IV, 176. V, 424.",low,M
Munch,Laura,1845,1913,,", Datter af Hi­ storikeren P. A. M., senere g. m. Læge Claus Larsen-Naur III, 69. V, 287.",high,AMPgm
Munck,Vilhelm,1833,1913,,", Kateket ved den frie danske Menighed i Flensborg, se­ nere Sognepræst til Herlufsholm III, 143. V, 307. Munthe af Morgenstierne, Jacob v. (1788— 1859), Chargé d’Affaires i Haag II, 136. V, 164. Munthe af Morgenstierne, Otto Ludvig v. (1792—1848), Oberstløjtnant, Komman­ dør for 12. Liniebataillon II, 175. V, 184.",high,iv’
Murillo,Bartolomé Esteban,1617,1682,,", spansk Maler III, 93, 99.",clean,
Murphy,Eduard Falkner,1810,1900,,", Hof junker, Sekondløjtnant å la suite, se­ nere Kammerherre I, 143. V, 36.",clean,
Murray,John,1778,1843,,", engelsk Forlags­ boghandler II, 182. V, 187. Müller, Gebrüder, tysk Kvartetensemble, Braunschweig (den ældre Kvartet) II, 133. V, 163. Müller, Gebrüder, tysk Kvartetensemble, Meiningen (den yngre Kvartet) II, 332. V, 242.",clean,
Müller,Adam,1811,1844,,", Søn af P. E. M., Maler I, 306. V, 88.",medium,EMP
Müller,Friedrich v.,1779,1849,,", Kansler, Weimar II, 3-4, 5. V, 118, 154.",clean,
Müller,Johannes v.,1752,1809,,", tysk Hi­ storiker, preussisk Historiografi, 71. V, 19.",clean,
Müller,Ludvig,1809,1891,,", Søn af P. E. M., cand. theol., 1836 Lic. theol., 1855 Dr. phil., 1842 Inspektør ved Møntsamlingen og Antiksamlingen I, 111, 113, 115, 125, 140,141,145,149,158,159,178,179,182, 189, 190, 194, 198, 200, 287, 306, 313. II, 143, 298. III, 225, 274, 276. V, 28, 35, 38, 52, 88, 335, 350. VI, 23.",medium,EMP
Müller,Ludvig Christian,1806,1851,,", Præst og Seminarieforstander, A.s Manuduktør til Studentereksamen III, 348. IV, 40. V, 106, 363, 381.",medium,As
Müller,Otto,1807,1882,,", Søn af P. E. M., Auditør, 1839 Overauditør, 1846 Overrets­ assessor, 1860 Højesteretsassessor I, 149, 150-55, 158, 161, 163, 165, 166, 171, 178, 179, 3°$- n> 34$ 349- HI, 150. V, 38, 88, 3i i- Müller, P. E. (1776—1834), Biskop over Sjæl­ lands Stift, Historiker I, 69, 138, 159, 176, 204. V, 27, 28, 29, 50.",high,$EMP°
Müller,P. E.,1840,1926,,", Søn af Ludvig M., Landbrugskandidat, 1867 Forstkandi­ dat, 1871 Dr. phil., senere Overførster III, 297. IV, 125, 142, 160, 162, 164, 191, 230, 283. V, 350, 407, 412, 418.",low,M
Müller,Sigurd,1844,1918,,", Søn af Ludv. Chr. M., stud, med., 1872 cand. mag. i Æstetik, 1886 Rektor i Kolding, Kunst­ historiker og Litteraturhistoriker IV, 40. V, 381- Müller, Svend (1849—1879), Søn af Ludv. Chr. M., senere cand. phil. og Lærer ved Efterslægtens Skole III, 348. V, 363.",high,Mi
Münch-Bellinghausen,"Eligius Franz Joseph v., Friherre",1806,1871,,", østrigsk Digter (Friedrich Halm), 1867 Præfekt for Hof­ biblioteket og Generalintendant for begge Hofteatre i Wien IV, 100. V, 101, 401.",low,i
Møller,Albrecht Carl Adolph From,1803,1884,,", kar. Kaptajn, Regnskabsfører ved 6. Bataillon II, 198. V, 196.",clean,
Møller,Chr. Edv.,1806,1859,,", cand. theol., 1834 Sognepræst til 0. Nykirke og Give, senere til Dalby-Stubberup I, 105. V, 25, 313.",clean,
Møller,"Eline, f. Bredsdorff",1806,1888,,", Datter af M. Th. Bredsdorff, g. 1834 m. Chr. Edv. M. III, 153. V, 313. — Se ogsaa Bredsdorff, Eline.",high,Mgm
Møller,Elise Bolette,1813,1877,,", g. 1834 m. Christian Hornemann Bredsdorff I, 105. V, 25.",medium,gm
Møller,Hans Ulrik,1796,1862,,", Søn af Rasmus M., Magister, Spgnepræst til Rad­ sted, senere Stiftsprovst i Lolland-Falsters Stift I, 274. V, 73.",medium,Mi
Møller,James Fingal,1816,1881,,", Læge i Skelskør IV, 148, 151. V, 414-15.",low,i
Møller,Johan Georg,1779,1840,,", Sogne­ præst til Bjerreby paa Taasinge I, 59. V, 16.",clean,
Møller,L. R.,1809,1893,,", Bogholder hos C. A. Reitzel III, 215, 251. IV, 108. V, 331, 404, 479- Møller, P. L. (1814—1865), Kritiker I, 302. H, 33, 37-38> 5Ö, 77, 106-07. HI, 123, 125, 231-32. V, 84, 98, 99, 122, 130, 131, 134, 137, 142, 151, 302, 336, 375, 495. VI, 10.",high,ACHLP
Møller,Poul Martin,1794,1838,,", Søn af Rasmus M., Digter og Filosof I, 234. V, 60-^, 73, 358, 358- Møller, Rasmus (1763—1842), Biskop over Lolland-Falsters Stift I, 274. V, 73.",medium,M^
Mørch,M. W.,1803,1877,,", Manufaktur­ handler IV, 89, 92, 93. V, 398.",clean,
Mørch,O. A. L.,1828,1878,,", Konkyliolog IV, 123. V, 407.",clean,
Mörck,Carl Magnus,1817,1864,,", svensk Frivillig, Sekondløjtnant ved 3. Linieba­ taillon, senere Toldembedsmand i Lands- krona II, 169-70. V, 182.",low,i
Mørck,Frederik Sigfried,1800,1839,,", Pre­ mierløjtnant i Søetaten, senere Guvernør paa Guinea-Kysten I, 123. V, 30.",low,i
Møsting,J. S. v.,1759,1843,,", Statsminister, Gehejmekonferensraad I, 194, 202, 207. V, 48.",clean,
Nagel,Carl Friedrich,1794,1873,,", Stads- fysikus i Altona, Professor, Hof-Medikus II, 13, 14. V, 122.",low,i
Nathanson,M. L.,1780,1868,,", Redaktør af »Berlingske Tidende« II, 211. V, 27, 165, 167, 169, 190, 201, 322. Natt och Dag, Axel Vilhelm Magnus (1826— 1900), Underløjtnant i Elfsborgs Regiment, senere Kaptajn, Godsejer og Politiker II, 178. V, 184.",medium,i»
Naundorf,Karl Wilhelm,,1845,,", tysk Urmager, foregav at være Louis XVII af Frankrig II, 220. V, 204-03.",clean,
Neapel,"se Begge Sicilier. Nebelong, N. S.",1806,1871,,", Arkitekt, 1863 Stadsbygmester i Kbh. II, 387. V, 258.",low,i
Nederlandene,"se Holland. Neergaard, Joachim Bruun de",1806,1893,,", Auskultant i Rentekammeret, Kammerjun­ ker, senere Besidder af Svenstrup, Gehejme­ konferensraad og kongevalgt Landstings­ mand I, 179, 188, 191-95. IV, 146. V, 46, 414.",low,i
Neergaard,"Louise de, f. Olsen",1808,1866,,", Enke efter Amtmand over Præstø Amt, Kammerherre J. F. de N. III, 156, 158, 161, 165, 167, 168, 169, 193, 197, 201, 210, 215, 339- V, 277, 313, 315, 317, 326, 331.",medium,FJN
Nees,Fritz,1838,1883,,", Søn af Sophie N., Gartner II, 397. V, 261.",low,N
Nees,"Sophie, f. Jürgensen",1813,1882,,", Sø­ ster til Fritz Jürgensen, g. 1835 m. Løjt­ nant, cand. polyt. Chr. Nees II, 396, 397. III, 42, 196, 197. IV, 176, 182-83, 313, 315, 318. V, 261, 318. — Se ogsaa Jürgensen, Sophie.",medium,gm
Neruda,Franz,1843,1915,,", Søn af Joseph N., Violoncellist og Komponist IV, 99. V, 401.",low,N
Neruda,Joseph,1807,1875,,", Domorganist i Brünn IV, 99. V, 401. Neruda, Wilhelmine (Wilma) (1838—1911), Datter af Joseph N., Violinvirtuos, g. i° 1864 m. Ludvig Norman, 2° 1888 m. Diri­ genten og Pianisten Sir Charles Hallé III, 216. V, 332.",high,Ngim°
Nestroy,Johann Nepomuk,1802,1862,,", øst­ rigsk Skuespiller, Teaterdirektør og Ko­ mediedigter II, 96. V, 74, 273.",clean,
Nicolai,Gustav,1795,1852,,", preussisk Di­ visionsauditør, Forfatter II, 120. V, 155.",clean,
Nicolai,Otto,1810,1849,,", tysk Komponist II, 258. V, 216. Nielsen, Anna, f. Brenøe (1803—*856), Skue­ spillerinde ved Det kgl. Teater, g. 1834 m. N. P. N. II, 43, 74, 75. V, 121, 133, 141. — Se ogsaa Wexschall, Anna.",high,*NPfgm
Nielsen,August,1828,1868,,", Søn af N. P. N., Skuespiller ved Det kgl. Teater IV, 66. V, 390.",medium,NP
Nielsen,Augusta,1822,1902,,", Solodanser­ inde ved Det kgl. Teater, g. 1849 m. Told­ forvalter A. J. Afzelius I, 334. V, 102.",high,AJgm
Nielsen,"Edle Margrethe, f. Nielsen",1815,1893,,", g- 1837 m. Rasmus N. III, 343. V, 362.",medium,Nm
Nielsen,Fredrik,1846,1907,,", cand. theol., senere Biskop i Aarhus, Kirkehistoriker IV, 210. V, 438.",low,i
Nielsen,Henriette,1815,1900,,", Forfatter­ inde III, 245. V, 250.",clean,
Nielsen,Johan Martin,1789,1867,,", Oberst­ løjtnant, Kommandør for 3. Bataillon II, 166. V, 180.",clean,
Nielsen,Michael,1776,1846,,", Bestyrer af Borgerdydskolen i Kjøbenhavn, tit. Pro­ fessor I, 270. V, 70.",low,i
Nielsen,N. P.,1795,1860,,", Skuespiller og Sceneinstruktør ved Det kgl. Teater I, 31, 3$, 37, 7L 94, 108-09, 320, 321, 341. II, 43. V, 10, 16, /9, 84, 95, 106, 121, 133, 228, 390.",low,$
Nielsen,Rasmus,1809,1884,,", Filosof II, 260. III, 161, 343. V, 243, 325, 435.",clean,
Nieuwenhuis,"Augusta, f. Nygaard",1818,1879,,", g- m- C. J. N. N. III, 251. V, 341.",high,CJN
Nieuwenhuis,Coenraad Jacobus Nicolaas,1813,1881,,", Medlem af Provinsialretten i Utrecht, Dr. jur., Oversætter III, 251, 260. IV, 343. V, 341.",low,i
Nieuwenhuis,P. N.,1842,1924,,", Søn af C. J. N. N., Sekondløjtnant i Artilleriet, senere Generalmajor III, 251. V, 341.",high,CJNi
Nilsson,Christina,1843,1921,,", svensk Ope­ rasangerinde, g. 1887 m. Grev Casa Mi­ randa III, 284, 289. IV, 190. V, 348, 430.",medium,gm
Niss,"Caroline Kirstine, f. Christensen",1849,1876,,", g. 1872 m. Thorvald N. IV, 258. v, 454- Niss, Thorvald (1842—1905), Landskabsma­ ler IV, 258. V, 454. Nokken Carl Adam v., Friherre (1811— 1857), svensk Forfatter, senere Godsejer I, 5- V, 3-4.",high,Ngmv
Norman,Ludvig,1831,1885,,", svensk Pia­ nist og Komponist III, 216-17. IV, 99. V, 332.",clean,
Nutzhorn,"Charlotte, f. Feilberg",1802,1879,,", Enke efter Ditlev v. N. III, 258. V, 343- Nutzhorn, Ditlev v. (1800—1865), Læge IV, 32. V, 317, 343, 379.",medium,Nv
Nutzhorn,Fr. v.,1834,1866,,", Søn af Ditlev v. N., cand. philol., 1863 Dr. phil., klassisk Filolog III, 135, 258. V, 299, 304,343, 379.",medium,Nv
Nutzhorn,Marie v.,1840,1932,,", Datter af Ditlev v. N., senere Konventualinde i Ros­ kilde adelige Jomfrukloster III, 105, 135. IV, 198. V, 285, 299, 307, 379.",medium,Niv
Nyerup,R.,1759,1829,,", Universitetsbiblio­ tekar, Litteraturhistoriker I, 162.",clean,
Nygren,Carl Daniel,1806,1851,,", Korrek­ tør paa Tegnestuen ved Motala mekaniske Værksted II, 194. V, 193-94.",clean,
Nyrop,"Agnes, f. Lange",1841,1903,,", Datter af H. V. Lange, Skuespillerinde ved Det kgl. Teater, g. 1868 m.J. L. N. IV, 85, 104. V, 397. — Se ogsaa Lange, Agnes.",high,HJLNgm
Nyrop,J. L.,1831,1904,,", Operasanger III, 66, io6. IV, 58. V, 286, 299, 320, 321, 388. Næboe, Augusta (d. 1900, 95 Aar gl.) I, 342. II, 59. V, 106.",clean,
Odier,Charles,1804,1881,,", Bankier i Ge­ nève, Seniorchef for Huset Lombard, Odier & Cie II, 345, 351. V, 248. Oertzen, Georg v., Friherre (1829— 1857—63 tjenestegørende Kammerherre og Hofchef hos Prinsesse Anna af Hessen- Kassel, senere tysk Generalkonsul i Chri­ stiania, Lyriker III, 70. V, 287-88.",medium,iv
Offenbach,Jaques,1819,1880,,", tysk-fransk Komponist III, 285. IV, 6. V, 270-71, 333, 348’ 370.",low,’
Oksen,E. L.,1849,1924,,", stud, theol., 1874 cand. theol., 1874—79 Huslærer paa Bre- gentved, senere Sognepræst til Herfølge og Provst IV, 230, 235, 274, 281, 291. V, 445, 436, 461-62, 466, 467, 470, 484.",clean,
Oldenburg,"August, Storhertug af —",1783,1853,,"II, 39, 40, 69, 122. V, 131, 132.",clean,
Olrik,Henrik,1830,1890,,", Maler II, 328, 353, 366. III, 110. V, 241, 300, 463.",clean,
Olsen,Chr. Ludvig,1806,1865,,", Bager­ mester, 1863 kgl. Hofbager II, 314. V, 234-35- Olsen, G. H. (1760—1829), Notarius publi­ cus, Medlem af Det kgl. Teaters Direktion, Etatsraad II, 265. V, 218.",medium,GH
Olsen,"H. C., Sadelmagermester III, i.V, 265. Olsen, P. E.",1818,1876,,", Folketingsmand, Malermester III, 186. V, 323.",clean,
Oltmann,Caroline,1837,1900,,", g. 1868 m. Chr. Tybjerg IV, 59. V, 388. — Se end­ videre Tybjerg, Caroline. O’Neill, Adelaide, f. Custance, g. m. Carlos O’N. 111,311,315. IV, 85. V, 353. O’Neill, Arthur (1852—1880), Søn af Jorge Torlades O’N. III, 299, 303, 307, 311. V, 351- O’Neill, Carlos (1820—1874), Søn af José Maria O’N., portugisisk Købmand i Setu- bal III, 303, 306, 311, 312, 313, 314, 315, 319, 320, 331. IV, 85, 100. V, 352. O’Neill, Carlos (1846—1917), Søn af Carlos O’N. III, 311, 314, 315, 320. IV, 85. O’Neill, Carlota Ignes, Datter af Joana O’N., senere g. m. Dr. Antonio Emilio de Så Brandäo III, 307. V, 352. O’Neill, Carolina Theresa, f. O’Neill (1822— 1894), Datter af Joana O’N., g. m. Jorge Torlades O’N. Ill, 299, 303, 305, 307, 311, 316, 332. V, 351. O’Neill, Joana, f. de Brito e Cunha III, 307. V, 353. O’Neill, Jorge (George) (1848—1925), Søn af Jorge Torlades O’N. Ill, 299, 303, 307, 311. V, 351. O’Neill, Jorge (George) Torlades (1817— 1890), Søn af José Maria O’N., portugisisk Købmand, dansk Generalkonsul i Lissabon III, 188-90, 207, 214-15, 225, 228, 234, 235, 237, 239, 243, 259, 291, 295, 298, 299, 300, 303, 304, 305, 306, 307, 309, 311, 312, 314, 319, 322, 325, 326, 330, 331, 333, 334, 352. IV, 342, 346. V, 323-24, 343, 350, 351, 352, 353, 355, 337. O’Neill, José Carlos (1816—1889), Søn af José Maria O’N., Partikulier III, 295, 303, 306, 315, 322, 325, 329, 331. V, 324, 350, 357> 358. O’Neill, José Maria, Chef for Handelshuset Torlades O’Neill, dansk Konsul i Lissabon III, 312. V, 324.",high,efgim’
Oranien,"Willem, Prins af —",1840,1879,,", Søn af Kong Willem III af Holland, III, 270. V, 345.",clean,
Orlamundt,C. V.,1807,1871,,", Teater­ direktør, Odense IV, 50. V, 385.",clean,
Orléans,"Philippe Ferdinand, Hertug af —",1810,1842,,", Søn af Kong Louis Philippe af Frankrig I, 153, 154, 322. V, 97.",clean,
Ortwed,"Johanne Marie, f. Møhl, adopt. Pa­ termann",1799,1876,,", g. m. Søren O. III, 80. V, 290.",medium,Ogm
Ortwed,Søren,1796,1872,,", Domprovst i Roskilde III, 79, 80, 143, 175. V, 227, 288, 290, 3°7> 3J9- Osterroth, Georg (1833—?), Huslærer hos Fru Hulda Roth, senere Præst III, 123. V, 302. VI, 39.",medium,i°
Otto,Carl,1795,1879,,", Dr. med., 1832— 62 Professor i Farmakologi I, 70, 111, 113, 147. III, 166. V, 19.",low,i
Oven,"Charlotte v., Baronesse, f. v. Hagen",1809,1891,,", tidligere Skuespillerinde ved Berlins Hofteater, g. 1846 m. Godsejer, Ba­ ron Alexander v. O., Ægteskabet opløst 1851 II, 337-38. V, 244.",high,Ogmv
Overskou,Thomas,1798,1873,,", Skuespiller og Forfatter I, 25, 28, 207, 216, 346-47. II, 106, 311. III, 268. IV, 75. V, 8, 52, 53, 55, 64, 109, 150-51, 233, 345, 356, 374, 392-93, 423- Oxe, Peder (1520—1575), Rigshofmester I, 320. V, 95.",clean,
Oxholm,Oscar O’Neill,1809,1871,,", Se­ kondløjtnant i Livgarden til Fods, Kam­ merjunker, senere Besidder af Rosenfeldt og kar. Generalmajor I, 123. VI, 39.",low,i
Oxholm,W.,1805,1876,,", Broder til Oscar O., Generalmajor, 1863 Overhofmester II, 313. V, 234.",low,O
Paér,F.,1771,1839,,", italiensk Operakom­ ponist I, 162. V, 40.",clean,
Paetz,Harald,1837,1895,,", Hoffotograf, tidligere Skuespiller ved Det kgl. Teater III, 219. V, 333.",clean,
Pallesen,Hans Carl Chr.,1812,1850,,", Skue­ spiller ved Det kgl. Teater I, 289. V, 81.",clean,
Palmerston,"Henry John Temple, Viscount",1784,1865,,", engelsk Statsmand, Uden­ rigsminister II, 141, 145. V, 167, 180, 315.",clean,
Paludan-Muller,Amalie,1837,1900,,", Dat­ ter af Rektor Caspar P.-M., senere Institut­ bestyrerinde III, 258. V, 343.",low,P
Paludan-Muller,F.,1809,1876,,", Søn af J. P.-M., Digter I, 205, 233, 236. II, 322. III, 22, 93, 105, 321, 328. IV, 129, 144. V, 51, 61, 203, 275, 292, 299, 358, 366, 408, 481.",medium,JP
Paludan-Müller,J.,1771,1845,,", Stiftsprovst i Odense, 1830 Biskop over Aarhus Stift I, 28. V, 9. VI, 39. Paolo, italiensk Tjenestekarl I, 304-05.",low,i
Paracelsus,Aureolus Philippus Theophrastus Bombastus v. Hohenheim,1493,1541,,"? tysk Læge III, 326. IV, 207. V, 357.",clean,
Patti,Adelina,1843,1919,,", italiensk Opera­ sangerinde III, 284. V, 348.",clean,
Paulli,H. S.,1810,1891,,", kgl. Kapelmusi­ kus, 1849 Koncertmester, 1861 Kapelme­ ster, Komponist I, 258, 259. IV, 278. V, 63, 67, 232, 250, 464.",clean,
Paulli,R.,1846,1911,,", cand. med., senere Dr. med. og Overlæge ved Diakonissestif­ telsen, tit. Professor IV, 215, 217. ^,439. Paulsen, J. A. (d. 1838, 64^2 Aar gi.), Bryg­ ger i Odense, Kirkeværge I, 104. V, 9, 25.",high,AJ^i
Paulsen,Tobias Andreas Frederik,1808,1885,,", Søn af J. A. P., stud, jur., senere Overauditør og Etatsraad I, 28, 103-04, 107. V, 9, 25.",medium,AJP
Pechlin,"Elise v., Baronesse",1792,1858,,", Hofdame hos Prinsesse Juliane af Hessen- Philippsthal-Barchfeld II, 127, 130, 133. V, 158.",clean,
Pedersdatter,Gjertrud,,1829,,", Stuepige hos J. Paludan-Müller I, 28. V, 9. VI, 39. Pedersen, Henriette (Jette), f. Boye (1821— 1895), Datter af C. J. Boye, g. 1843 m. Di­ striktslæge i Herning, senere Landfysikus paa St. Thomas og St. Jan Andreas Vil- helm P. II, 25, 315, 341, 345, 365,370, 375. HI, 22, 25, 28, 51, 52, 57, 59, 212, 231,275. IV, 151, 153, 177-78, 203, 216, 222-23. V, 127, 233, 336, 415. VI, 18. — Se ogsaa Boye, Henriette.",high,CJPfgim
Pedersen,Niels,1848,1931,,", Elev paa Gjed­ ved Seminarium, senere dansk Præst i Ame­ rika og Digter (Adam Dan) III, 281. V, 348.",low,i
Pedersen,Ole,1807,1854,,", Brændevins­ brænder i Slagelse, Hippolog I, 254. V, 66.",low,i
Pedersen,Sophie,1844,1908,,", Datter af Henriette P., g. 1874 m. Kapelmusikus Otto Bendix II, 25, 345. III, 22, 25, 51, 196, 212. IV, 3, 31, 32, 42, 139, 142, 151, 153, 176, 177-78, 203, 216, 222-23. V, 127, 361, 378, 415. VI, 18.",medium,Pgm
Pedersen,Vilhelm,1820,1859,,", Sekondløjt­ nant i Søetaten, 1850 Premierløjtnant, Illu­ strator af A.s Eventyr II, 131. IV, 274. V, 140, 162, 189, 285, 347, 348, 444, 460, 479- Pepita de Olivå (1830—1868), spansk Dan­ serinde III, 4-5, 9-10, 23, 56. V, 267, 274.",medium,Ais
Peppo,"se Beppo. Perthes, Friedrich",1772,1843,,", Forlagsbog­ handler i Hamburg og Gotha I, 92.",low,i
Perugino,Pietro,1446,1524,,", italiensk Ma­ ler I, 195. III, 7, 13. V, 269.",clean,
Petersdorff,"Christian, Greve",1832,1915,,", Besidder af Grevskabet Roepstorfflll, 112. V, 300.",clean,
Petersen,Christian Severin,1804,1882,,", Adjunkt ved Vordingborg lærde Skole, cand. theol., senere Provst og Sognepræst i Nakskov I, 6. V, 4.",low,i
Petersen,Clemens,1834,1918,,", »Fædrelan­ ders Teater- og Litteraturanmelder III, 297. IV, 53, 65. V, 225-26, 279, 350, 390.",low,»
Petersen,F. C.,1786,1859,,", Professor i klas­ sisk Filologi, Regensprovst I, 49, 57. V, 74- Petersen, Hans Mathias (1819—1880), Folke­ tingsmand for Bogense-Kredsen II, 324. V, 240. Petersen, Marius II, 357. V, 250. Petersen, P. J. (d. 1833, 64 Aar gi.), Land- maaler, Kammerassessor I, 167. V, 41.",medium,JPi
Petersen,Vilhelm,1830,1913,,", Arkitekt III, 115. V, 300.",clean,
Petit,Charles,1811,1885,,", dansk Konsul i Lübeck IV, 255. V, 453.",low,i
Petit-Senn,J.,1792,1870,,", schweizisk Dig­ ter II, 357, 362. V, 250.",clean,
Petrarca,Francesco,1304,1374,,", italiensk Digter II, 99.",clean,
Petzholdt,Augusta,1801,1865,,", Datter af J. J. P., g. 1833 m. Gottlieb Collin I, 46, 106, 107, 121, 125, 137, 144, 148, 150, 167, 189. V, 14, 41. VI, 15. — Se endvidere Collin, Augusta.",high,JPgm
Petzholdt,Fritz,1805,1838,,", Søn afj. J. P., Landskabsmaler I, 78, 106, 157, 197, 198, 205, 209, 227, 235. V, 20, 49. VI, J9- Petzholdt, Johan Jakob (1766—1836), Gros­ serer I, 167. V, 41.",medium,JP
Petöfi,Alexander,1823,1849,,", ungarsk Dig­ ter II, 378. V, 255, 256.",clean,
Pfannenschmidt,"Julie, f. Burow",1806,1868,,", tysk Forfatterinde (Julie Burow) II, 284. V, 223-24.",clean,
Pfeil,Doris,1844,1917,,", Operasangerinde, g. 1872 m. Operasanger Erhard Hansen IV, 166. V, 420.",medium,gm
Phister,"Charlotte, f. Oehlenschlæger",1811,1835,,", Datter af Adam Oehlenschlæger, g. 1832 m. Ludvig P. I, 167. V, 41. — Se ogsaa Oehlenschlæger, Charlotte. Phister, Charlotte (f. 1851), Datter af Ludvig P., senere g. m. Forpagter Nic. Andresen IV, 157. V, 418.",high,Pgm
Phister,"Louise, f. Petersen",1816,1914,,", Skuespillerinde ved Det kgl. Teater, g. 1846 m. Ludvig P. II, 60, 88. III, 153. IV, 298. V, 136, 137, 145, 313.",medium,Pgm
Phister,Ludvig,1807,1896,,", Skuespiller ved Det kgl. Teater I, 303, 320-21, 335, 336, 346. II, 43, 58, 60, 77, 88, 90. IV, 74, 86, 156-57, 237, 297-98. V, 24, 41, 86, 89, 95, 103, 133, r37, 145, 312, 447, 471.",clean,
Pichler,"Karoline, f. v. Greiner",1769,1843,,", tysk Forfatterinde I, 38.",clean,
Pignatelli,"Adelaide, Prinsesse, f. Nathan- David",1796,1891,,", Søster til Aron David, g. 1826 m. Prins Antonio Pignatelli-Ruffo I, 209. V, 55, 150.",medium,gm
Pilatus,"Pontius, romersk Statholder I, 183. V, 46. Pingel, Maria",1840,1913,,", Forfatterinde IV, 160. V, 418.",clean,
Pinquez,J. N.,1814,1876,,", Læge IV, 180. V, 426.",clean,
Pio,Louis,1841,1894,,", Redaktør af »So­ cialisten«, Stormester i Den internationale Arbejderforening for Danmark IV, 206, 209. V, 437, 438. Pius IX (1792—1878), Pave 1846 II, 136. III, 18, 115. IV, 172. V, 253, 293, 422. Plat, du, Premierløjtnant, Kammerjunker I, 122. V, 30.",medium,i»
Plat,Claude du,1809,1864,,", Oberstløjtnant af Infanteriet, senere Generalmajor II, 208. V, 200—01.",clean,
Platen-Hallermund,"Julius v., Rigsgreve",1816,1889,,", 1862 Generalintendant ved Hof­ teatret i Dresden IV, 95. V, 211, 333. Platen-Hallermund, Wilhelmine v., Rigsgrev­ inde, f. v. Düring (1825—g- ^52 m. Julius P.-H. II, 241. V, 211.",high,P^fimv
Piesner,Augusta,1817,1885,,", Oversætter­ inde IV, 52. V, 385, 431.",clean,
Ploug,Carl,1813,1894,,", Redaktør af »Fæd­ relandet«, Digter og Politiker II, 171, 330, 338. III, 23, 241, 262, 321. IV, 178, 200. V, 182, 225, 244, 275, 338, 344, 356, 380, 397, 416, 435, 481. VI, 30.",low,»
Plum,Frederik,1760,1834,,", Biskop over Fyns Stift I, 63. V, 17, 25, 68.",clean,
Plum,Tabitha,1795,1856,,", Datter af Fre­ derik P., Legatstifterske I, 264. V, 68.",low,P
Plüskow,"Wilhelmine v., f. v. Witzleben",1793,1872,,", Overhofmesterinde hos Dronning Amalie af Grækenland I, 312. V, 92.",clean,
Plätzer,Joh. Chr.,1783,1873,,", Hotelejer i Leipzig II, 252. V, 213. Pomare IV, Dronning paa Tahiti (1818— 1877) II, 21. V, 125.",low,i
Pombal,"Hertugen af — III, 330. Pontoppidan, Hendrik",1814,1901,,", dansk Generalkonsul i Hamburg III, 171. V, 215, 318.",low,i
Portugal,"Fernando, tit. Konge af —",1816,1889,,", Dronning Maria II da Glorias Ge­ mal, Hertug af Sachsen-Coburg-Gotha III, 304. V, 257, 352.",clean,
Portugal,"Luis I, Konge af—",1838,1889,,", Søn af Fernando af P. III, 304, V, 352.",low,P
Portugal,"Maria II da Gloria, Dronning af —, f. Prinsesse af Brasilien",1819,1853,,", g. 1836 m. Hertug Ferdinand af Sachsen- Coburg-Gotha II, 386. V, 257, 352.",medium,gm
Potter,Paulus,1625,1654,,", hollandsk Maler III, 274. V, 346.",clean,
Poulsen,"Anna, f. Næser",1849,1934,,", g. 1871 m. Emil P. IV, 297. V, 470.",medium,Pgm
Poulsen,Emil,1842,1911,,", Skuespiller ved Det kgl. Teater IV, 297. V, 470.",clean,
Poulsen,Olaf,1849,1923,,", Broder til Emil P., Skuespiller ved Det kgl. Teater IV, 117. V, 406.",low,P
Poulsen,"Sophie Cathrine, f. Buli",1827,1904,,", g- i855 m- v- E- P- IV, 262- v> 457- Poulsen, V. E. (1826—1884), Ingeniør, Vand­ inspektør i Kbh. IV, 262. V, 457.",medium,Ei
Povelsen,Emma,1812,1841,,", Datter af S. K. P., g. 1839 m. Overlærer J. P. C.",high,CJKPSgm
Sick,"Odense I, 274-75. V, 73. Povelsen, Søren Kierulff",1788,1861,,", Gods­ inspektør ved Sorø Akademi, Justitsraad, senere Etatsraad I, 274-75. V, 73.",clean,
Pram,G. H.,1756,1821,,", Forfatter III, 352. V, 364. Preussen, Augusta, Prinsesse af —, f. Prin­ sesse af Sachsen-Weimar-Eisenach (1811— 1890), Datter af Carl Friedrich af Sachsen- Weimar-Eisenach, g. 1829 m- Wilhelm af P., 1861 Dronning, 1871 Kejserinde II, 5, 46-47, 57- V, 118, 133, 421, 450.",medium,Pfg
Preussen,"Elisabeth, Dronning af —, f. Prin­ sesse af Bayern",1801,1873,,", Datter af Maximilian I af Bayern, g. m. Friedrich Wilhelm IV af P. II, 45, 71, 81. V, 133, 140, 143, 145. Preussen, Friedrich Wilhelm IV, Konge af — (i795—’861) II, 19, 20, 42, 45, 46, 47, 63, 69, 70, 137, 200. V, 82, I24, 132, 133, I34, I5b 275. Preussen, Maria, Prinsesse af —, f. Prinsesse afSachsen-Weimar-Eisenach (1808—1877), Datter af Carl Friedrich af Sachsen-Wei- mar-Eisenach, g. 1827 m. Prins Carl af P. II, 47- V, 133. Preussen, Wilhelm (I), Prins af — (1797— 1888), Broder til Friedrich Wilhelm IV af P., 1861 Konge, 1871 tysk Kejser II, 5. IV, 168, 172. V, 118, 134, 275, 371-72,427,450. Preusser, Gustav Ludwig, Konsul, Storkøb­ mand i Leipzig II, 65. V, 139. Price, Aage (f. 1869), Søn af Carl P. IV, 133. V, 409.",high,Pfgim’
Price,Carl,1839,1909,,", Søn af Rosa P., Skuespiller ved Det kgl. Teater III, 175, 261. IV, 48, 97, 117, 129, 133, 175, 205. V, 199, 3^9, 330, 384, 400, 409- VI, 19.",medium,P^
Price,"Helga, f. Collin",1841,1918,,", Datter af Gottlieb Collin, g. 1868 m. Carl P. IV, 117, 133. V, 400. VI, 19. — Se ogsaa Collin, Helga.",medium,Pgm
Price,Juliette,1831,1906,,", Solodanserinde ved Det kgl. Teater III, 184, 302, 323. V, 322, 351, 452.",clean,
Price,Julius,1833,1893,,", Søn af Rosa P., Balletdanser ved Hofoperaen i Wien IV, 205. V, 422, 437.",medium,Pi
Price,"Rosa, f. Lewin",1809,1887,,", Danser­ inde, g. m. Mimikeren James P. II, 203-04. V, 198-99- Price, Sophie (1833—1905), Søster til Juliette P., Danserinde ved Det kgl. Teater III, 184. V, 322, 452.",high,Pgm
Price,Waldemar,1836,1908,,", Broder til Juliette P., Danser ved Det kgl. Teater III, 184. V, 322.",low,P
Prim,Juan,1814,1870,,", spansk General og Statsmand III, 246. V, 339.",clean,
Printzlau,Ferd.,1794,1865,,", Sekretær ved Det kgl. Teaters Kontor, senere Bogholder og Hovedkasserer sst., Kammerraad I, 18, 90, 92, in, 113. V, 7, 21-22. Prokesch v.",low,v
Osten,Anton,1795,1876,,", øst­ rigsk Diplomat og Forfatter I, 311, 313. V, 91.",clean,
Puérari,M. N.,1766,1845,,", Professor, Ge­ nève I, 172-73. V, 43.",clean,
Puggaard,Bolette,1844,1829,,", Datter af Rudolf P., g. 1864 m. Emil Hartmann III, 143. V, 307, 318. — Se endvidere Hart­ mann, Bolette.",medium,Pgm
Puggaard,Hans,1788,1866,,", Grosserer, Etatsraad II, 394. III, 7, 13, 289. V, 260, 269,349.",clean,
Puggaard,Hans,1845,1895,,", Grosserer, Søn af Rudolf P. IV, 7. V, 371.",low,P
Puggaard,Rudolf,1818,1885,,", Grosserer, Søn af Hans P. II, 394. III, 289. IV, 64-65. V, 260, 307, 318, 349, 371, 389.",low,P
Puggaard,"Signe, f. Andrea, adopt. Brandt",1824,1897,,", g- 1843 m. Rudolf P. III, 171, 175, 289. IV, 26, 241. V, 318, 349, 389.",medium,Pm
Patges,Johan Anton,1807,1883,,", Skuespil­ ler ved Det kgl. Teater II, 39. V, 131.",clean,
Påtges,Johanne Luise,1812,1890,,", Søster til J. A. P., Skuespillerinde ved Det kgl. Teater, g. 1831 m. J. L. Heiberg I, 36, 40. — Se endvidere Heiberg, Johanne Luise.",high,AJLPgm
Quist,J. D.,,1866,,", Bogtrykker I, 92. V, 22.",clean,
Raasløff,"Agnete, f. Toft",1814,1891,,", g. 1842 m. Harald R. II, 305. V, 231.",medium,Rgm
Raasløff,Anna,1843,1907,,", Datter af Val­ demar R., g. 1875 m. Præst for den tysk­ evangeliske Menighed i Cairo, senere Fürstl. Schwarzburgischer Generalsuperintendent og Hofpræst, Dr. theol. Arno Trautvetter IV, 66, 82, 85, 96, 205. V, 390, 400.",high,Rgim
Raasløff,Harald,1810,1893,,", Konferens- raad, 1854—56 Minister for Slesvig, 1860— 61 for Holsten II, 305. III, 4, 5. V, 231, 268.",clean,
Raasløff,"Marie Anna, f. Smith",1815,1891,,", g. 1842 m. Valdemar R. IV, 66, 82, 95, 200, 202, 203, 205, 206, 209, 212. V, 39°- Raasløff, Valdemar (1815—1883), Broder til Harald R., Generalmajor, 1866—70 Krigs­ minister, 1870 kar. Generalløjtnant IV, 60, 61, 68, 96, 201, 205. V, 390, 397, 464.",high,Rgm°
Raben,Charlotte,1791,1873,,"I? 285. II, 31-32, 197-98. V, 77, 128, 185.",clean,
Raben,Elisabeth,1782,1864,,", Søster til Charlotte R., Klosterfrøken i St. Johannis Kloster, Slesvig II, 31-32. V, 128-23.",medium,Ri
Raben-Levetzau,"Frederik, Greve",1850,1933,,", stud, polit., senere Udenrigsminister og Besidder af Aalholm IV, 208. V, 438.",clean,
Rachel,Elisabeth,1821,1858,,", fransk Skue­ spillerinde I, 336. V, 103.",clean,
Racine,Jean,1639,1699,,", fransk Digter I, 338- Radziwill, Mathilde, Fyrstinde, f. Prinsesse af Clary og Aldringen (1806—1896), g. m. Wilhelm R. II, 46-47. V, 133.",high,Rfgm
Radziwill,"Wilhelm, Fyrste",1797,1870,,", preussisk Generalmajor II, 46-47. V, 133. Rafael Santi (1483—1520), italiensk Maler 1, n, 195-97- ni, 93,99. v, 48. Rahbek, Karen Margrethe (Kamma), f. He­ ger (1775—1829), g. m. K. L. R. IV, 72.",high,KLRfgmnv
Rahbek,K. L.,1760,1830,,", Forfatter I, 162. IV, 72. V, 99.",clean,
Raimund,Ferdinand,1790,1836,,", østrigsk Skuespiller og Eventyrkomedie-Forfatter I, 347- V, 71.",clean,
Ramshardt,"Frøken I, 224. V, 57. Rantzau-Breitenburg, Conrad, Rigsgreve",1773,1845,,", Besidder af Breitenburg, Ge- hejmestatsminister I, 284, 287, 288-89, 293, 323, 329> 331- H, b I3-J5, 357- V, 69, 77, 80, 113, 115, 122, 250.",medium,Hb
Rasch,"Marie, f. Holtum",1823,1905,,", S- m- Hotelejer i Flensborg J. J. R. III, 3, 249. V, 266, 302.",high,JRi
Rasmussen,"H., Hofskræder III, 359. Rasmussen, J. F.",,1901,,", Grosserer, dansk Vinhandler i Bordeaux III, 335. V, 360.",low,i
Rasmussen,Sophie,1827,1897,,", Fru Inge- manns Pige III, 173. V, 313.",clean,
Rasmussen,Theodorus,1814,1893,,", Skue­ spiller ved Casino, senere Direktør sst. III, 9. V, 270.",clean,
Rasmussen,"Wilhelmine, f. Luplau",1813,1868,,", Skuespillerinde ved Casino, g. m. Th. R. III, 9. V, 270.",medium,Rgm
Rauch,Christian Daniel,1777,1857,,", tysk Billedhugger II, 45. V, 133.",clean,
Ravnkilde,Niels,1823,1890,,", Komponist III, 8, 19, 69, 89, 92. V, 270, 293.",clean,
Recke,"Caroline, f. Lumbye",1833,1901,,", Datter af H. C. Lumbye, Enke efter For­ fatteren Adolph R., Skuespillerinde ved Folketeatret, g. 1870 m. Frederik Madsen IV, 118. V, 406.",high,CHRgm
Recke,Ernst v. d.,1848,1933,,", Digter IV, 223. V, 442.",clean,
Redsted,Margrethe,1814,1879,,", g. 1841 m. Frederik Sommer I, 287. V, 79. — Se endvidere Sommer, Margrethe.",medium,gm
Reedtz,"Catharine, f. Benzon",1773,1854,,", Enke efter Major Niels R. til Palsgaard II, 198. V, 195.",low,R
Reedtz-Thott,"Otto, Lensbaron",1785,1862,,", Besidder af Baroniet Gaunø I, 270. V, 65, 70.",clean,
Reedtz-Thott,"Tage, Lensbaron",1839,1923,,", Søn af Otto R.-T., 1862 Besidder af Baroniet Gaunø, senere Konsej Ispræsident III, 361. V, 366.",low,R
Reichenbach,Ludwig,1793,1879,,", tysk Bo­ taniker, Professor i Botanik ved det kirur- gisk-medicinske Akademi i Dresden samt Direktør for det kgl. Naturaliekabinet og den botaniske Have III, 50. V, 283.",medium,i
Reimer,Carl Theodor,1803,1868,,", exam. jur., Kasserer paa St. Thomas I, 270. V, 70,89.",clean,
Reimer,Charlotte,1791,1885,,", Søster til C. Th. R. I, 308, 316. II, 37, 141, 285, 346, 360, 365. III, 198. IV, 187, 264. V, 89, 457.",medium,CR
Reinhardt,J.,1816,1882,,", Inspektor ved Zoologisk Museum, Docent, tit. Professor IV, 242, 249. V, 407, 448.",clean,
Reinick,Robert,1805,1852,,", tysk Maler, Kobberstikker og Digter II, 220. V, 203.",clean,
Reiser,C. F.,1718,1786,,", Stadskirurg, For­ fatter II, 255. V, 127, 214.",clean,
Reithoffer,Johann Nepomuk,1791,1872,,", Kautsjuk-Fabrikant i Wien II, 83. V, 144.",low,i
Reitzel,C. A.,1789,1853,,", Boghandler, A.s Forlægger I, n, 84, 90, 92, 93, 127, 130, 13b ’38, H0- ‘44> H6, 175, ’78, 179, >9b 198, 202, 2O6, 215, 220-22, 266-67, 328. II, 29, 41, 44, 51, 68, 155, 163, 164, 184, 185, 201, 203, 215, 230, 231, 232. V, 21, 57, 69, 140, 189, 209, 210, 331.",high,Ans’
Reitzel,Carl,1833,1911,,", Søn af C. A. R., Forlagsboghandler IV, 197, 246. V, 434, 457- Reitzel, Theodor (1828—1906), Søn af C. A. R., Boghandler, A.s Forlægger II, 230, 231, 232. 351» 366. III, 63, 71, 78, 93, 130, 131, *79> 247, 251, 252, 303. IV, 38, 82, 86, 92, IO7, IO8, III, I 12, I 14, I l8, I 19, 125, 131, 136, 144, 21 I, 228, 239, 245, 246. V, 209, 240, 285,340, 347, 348, 408, 419, 420, 431, 434, 444, 457, 464, 479, 48'- Renck, Catharine Marie Dorothee Pauline, f. Röseler (1821 —1899), g. m. D. A. R. II, 305, 386. V, 232, 258.",high,'*ACDRfgms»
Renck,Detlev Anton,1809,1867,,", Klæde­ fabrikant i Neumünster, kgl. Agent, Med­ lem af de holstenske Provinsialstænder, 1863 Etatsraad II, 386. III, 26, 223. V, 232, 257-55. Reuscher, Julius, tysk Oversætter af A.s Vær­ ker II, 37, 66, 117, 118, 119, 121. V, 81, 131, 134, 493.",medium,Ais
Reuter,Fritz,1810,1874,,", tysk Forfatter IV, 137- V, 411, 453.",clean,
Reuterdahl,Henrik,1795,1870,,", Ærkebi­ skop i Uppsala III, 220. V, 333.",low,i
Reventlow,"Eugen, Greve",1798,1885,,", Ge­ sandt i Berlin 1829—46, Gehejmekonfe- rensraad II, 43, 70. V, 133. Reventlow, Frederik (Frits), Greve (1791 — 1851), Gesandt i London 1841-51 II, 139, 141, 142, 145, 146, 180. III, 109. V, 163, 168, 171, 174, 175, 178, 186.",medium,i
Ricasoli,"Bettino, Baron",1809,1880,,", ita­ liensk Statsmand III, 22. V, 274.",clean,
Richardson,John,1780,1864,,", engelsk Sag­ fører II, 154, 158. V, 168, 172.",clean,
Richardt,Chr.,1831,1892,,", Digter, senere Præst III, 32, 321. IV, 4. V, 260, 278, 282, 355» 356, 369, 397.",low,»
Ridderstad,Karl Fredrik,1807,1886,,", svensk Digter, Redaktør af »Ostgotha Cor- respondenten« i Linkoping II, 193. V, 193.",medium,i»
Riedell,Joh. Fr. Chr.,1830,1906,,", Dr. med., 1856—62 Læge i Frederikshavn, der­ efter i Hertugdømmerne II, 318, 319. V, 237- Rieffel, Amalia (1820—1877), Datter af W. H. R., Pianistinde, senere g. m. Købmand Wege, Hamburg I, 282, 289. II, 35- V, 76, 130.",high,HRWgim
Rieffel,Wilh. Heinrich,1792,1869,,", Orga­ nist ved St. Nicolai-Kirken i Flensborg II, 35. V, 76, 130.",low,i
Riegels,"Frøknerne, Døtre af H. G. R. II, 168. V, 181. Riegels, H. C.",1793,1861,,", Oberst, Ejer af Snoghøj ved Fredericia, Forstmand II, 168, 170, 198, 246. V, 181.",clean,
Riise,J. C.,1794,1875,,", Inspektør og Kol- lektør ved Klasselotteriet, Udgiver af »Hi- storisk-geographisk Archiv«, Medstifter af »Musikforeningen« II, 333, 334, 371. IV, 248. V, 67, 243, 449.",medium,»
Rimestad,C. V.,1816,1879,,", Redaktør, Po- litiker, Stifter af og Formand for »Arbeider- foreningen af i860« IV, 325. V, 282, 377, 398, 4^4- Risbrich, Friderich Carl (1754—1835), Vice­ admiral I, 224. V, 58.",medium,^»
Ristori,Adelaide,1821,1906,,", italiensk Skuespillerinde III, 291, 295. V, 349.",clean,
Roat,Christian,1788,1827,,", Linedanser I, 45, V, 13. Roberedo, Elisabeth (Leila) de, Vicomtesse, f. Zahrtmann (1828—1897), Datter af Vice­ admiral C. C. Zahrtmann, Enke efter Vi­ comte Joaquino de R. III, 285, 294, 298, 330- V, 348.",high,CRf
Rochefoucauld,"Polydor de la, Greve",1801,1855,,", fransk Gesandt i Weimar II, 53. V, 135- Rochefoucauld, Rosemonde de la, Grevinde, f. de Bussch (d. 1847), g. m. Polydor de la R. II, 53. V, 135.",high,Rfgim
Rochussen,Jan Jacob,1797,1871,,", hol­ landsk Kolonialpolitiker III, 254. V, 342.",clean,
Rochussen,W. F.,1832,1912,,", Søn af J. J. R., hollandsk Ministerresident i Kbh.",high,JRi
Ill,"254- V, 342. Rode, Gotfred",1830,1878,,", Dr. phil., Litte­ raturhistoriker, Digter IV, 53. V, 231, 386, 428.",clean,
Rodenberg,Julius,1831,1914,,", tysk For­ fatter og Redaktør, Grundlægger af »Deut­ sche Rundschau« IV, 48. V, 384.",low,»
Roed,"Emilie Mathilde, f. Kruse",1806,1894,,", g. 1842 m. Jørgen R. IV, 237. V, 447- Roed, Holger (1846—1874), Søn af Jørgen R., Maler IV, 105. V, 403.",high,Rgm
Roed,Jørgen,1808,1888,,", Maler I, 202, 248. III, 22. IV, 60, 103, 166. V, 275, 403, 415, 447- Rollett, Hermann (1819—1904), østrigsk Dig­ ter II, 65. V, 139.",clean,
Rosen,"Greve IV, 190. V, 430. Rosen, Dorothea Hermine Charlotte v.",1823,1909,,", Datter af Wilh. R., 1844 Hof­ dame, senere Kammerfrøken, hos Dron­ ning Caroline Amalie II, 13, 14. III, 161. V, 122.",low,R
Rosen,Wilhelm Carl Ludwig v.,1788,1853,,", Amtmand i Segeberg, Kammer­ herre II, 14. V, 123.",low,i
Rosenberg,G.,1829,1885,,", Søn af Gottfried R., Dr. phil., Litteraturhistoriker, 1884 Do­ cent i dansk Litteratur IV, 189. V, 249, 380, 429-30, 436.",medium,Ri
Rosenberg,Gottfried,1784,1849,,", Oberst­ løjtnant ved Vejkorpset, senere Oberst I, 22. V, 8.",clean,
Rosendahl,Erich Peter,1792,1876,,", Rektor ved Nykøbing Kathedralskole II, 23. V, 126.",clean,
Rosenhoff,Claudius,1804,1869,,", Forfatter II, 322-23, 324, 328. V, 239.",clean,
Rosenkilde,C. N.,1786,1861,,", Skuespiller ved Det kgl. Teater I, 7-8, 279. II, 60, 77, 148. V, 5, 75, 364.",clean,
Rosenkilde,Julie,1823,1894,,", Datter af C. N. R., Skuespillerinde ved Det kgl. Teater, g. 1849 m. Fabrikant C. H. Sødring II, 88. V, 145. — Se ogsaa Sødring, Julie.",high,CHNRgm
Rosenkrantz,"Iver, Baron",1813,1873,,", cand. jur., Udskrivningschef i Korsør, 1863 —66 dansk Ministerresident i Turin, Kam­ merherre, Politiker III, 70, 138. V, 288, 306.",medium,i
Rosenørn-Teilmann,Theodor,1817,1879,,", Besidder af Nørholm, 1865—67 Kultusmi­ nister III, 316. V, 354.",clean,
Rosing,Michael,1830,1904,,", Adjunkt ved Sorø lærde Skole, 1882 Overlærer sst., Dig­ ter III, 143, 215. V, 306, 307, 331.",clean,
Ross,Ludwig,1806,1859,,", tysk Arkæolog, Professor i Athen I, 311 -13, 316. V, 92. Rossi, Pietro, italiensk Operasanger III, 104. V, 297-98.",low,i
Rossing,Marie Charlotte,1825,1884,,"og Emerentze (1837—1917), A.s Værtinder 1870—71 i Tordenskjoldsgade Nr. 17 IV, 149, 154, 160, 193, 347. V, 415, 421.",medium,Ais
Rossini,G.,1792,1868,,", italiensk Kompo­ nist I, 77, 173. III, 286. V, 55, 104, 105, 129, 301, 349, 482.",clean,
Roth,"Hulda, f. Bockmühl",1825,,death year uncertain (?),", Enke efter Købmand Richard R., Düsseldorf, se­ nere g. m. Georg Osterroth III, 123, 128, 130* V, 302. VI, 5p.",high,*Rgm
Roth,Richard,1848,,death year uncertain (?),", Søn af Hulda R. III, 123. V, 102. VI, 39.",low,R
Rothe,Ludvig August,1795,1879,,", fhv. Lektor ved Sorø Akademi, Professor III, 178. V, 320.",clean,
Rothe,P. C.,1811,1902,,", 1. residerende Kapellan ved Vor Frue Kirke i Kbh., 1865 Sognepræst sst. og Stiftsprovst III, 74, 75, 339- V, 88, 91, 288. VI, 30.",low,i
Rothe,Rudolph,1802,1877,,", Inspektør for de offentlige Lysthaver, Forstraad III, 178. V, 320. Rothschild, Sir Anthony de, Baronet (181 o— 1876), Medindehaver af Bankier-Huset Rothschild i London II, 145. V, 168.",low,i
Rothschild,Karl,1788,1855,,", Bankier i Ne­ apel II, 90. V, 146.",low,i
Rottbøll,Chr.,1805,1894,,", Besidder af Børglumkloster II, 319. V, 336, 337.",clean,
Rousseau,Jean Jaques,1712,1778,,", fransk Forfatter II, 347. V, 248.",clean,
Roxburghe,"James Henry Robert, Hertug af —",1816,1879,,", engelsk Generalløjtnant IV, 188. V, 429. Roxburghe, Susanna Stephania, Hertuginde af—, f. Dalbiac, g. 1836 m. J. H. R. R. IV, 188. V, 429.",high,HJRfgm
Ruben,"Ida, f. Coppel",1845,1913,,", Datter af S. Coppel, g. m. Grosserer Bernhard R. IV, 201. V, 435.",high,RSgm
Rubens,Peter Paul,1577,1640,,", flamsk Ma­ ler III, 273.",clean,
Rung,G. A.,1845,1903,,", Søn af Henrik R., 1864 Student, 1867 Sekondløjtnant, 1872 ansat ved Det meteorologiske Institut, 1883 Underbestyrer sst. II, 89. IV, 212. V, 146, 439- Rung, Henrik (1807—1871), Komponist I, 351- n, 34,39, 44,50-51,55,57,61,271. V, 109, I IO, 120, 127, 128, 129, 134, 141, 2I9> 422, 439> 446- Rung, Pauline, f. Lichtenstein (1818—1890), Operasangerinde, g. 1841 m. Henrik R. II, 74, 75, 89. V, 141.",high,Rfgmn
Rung,Sophie,1850,1929,,", Datter af Hen­ rik R., Operasangerinde, g. 1877 m- cand. jur. C. E. T. Keller IV, 170. V, 422.",high,CERTg
Rusland,"Alexander II, Kejser af—",1818,1881,,", Søn af Nikolaj I af R. III, 310. v, 450.",medium,Rv
Rusland,"Alexander Alexandrovic, Storfyrst af —",1845,1894,,", Søn af Alexander II, 1881 Kejser (Alexander III) III, 278, 318, 323- V, 347, 353. Rusland, Alexandra Feodorovna, Kejserinde af —, f. Prinsesse af Preussen (1798—1860), Datter af Kong Friedrich Wilhelm III af Preussen, g. m. Nikolaj I af R. II, 96. V, 148.",high,Rfgm
Rusland,"Nikolaj I, Kejser af —",1796,1855,,", Søn af Paul I af R. II, 4, 54, 224, 312. V, 118, 148, 430.",low,R
Rusland,"Olga, Storfyrstinde af —",1822,1896,,", Datter af Nikolaj I af R., g. 1846 m. Kong Karl I af Württemberg II, 96. V, 148.",medium,Rgm
Rusland,"Paul I, Kejser af —",1754,1801,,"II, 276. V, 220-21.",clean,
Rusland,"Peter den Store, Kejser af —",1672,1725,,"III, 126. V, 303.",clean,
Rydell,Andreas,1775,1859,,", Gæstgiver i Randers I, 16. V, 7.",low,i
Rygaard,Viggo,1849,1928,,", Gartner IV, I31- VI, 39-40.",clean,
Ryge,Immanuel,1813,1891,,", Søn af J. C. R., Distriktslæge i Tem, senere i Roskilde II, 197. V, 195.",high,CJRi
Ryge,J. C.,1780,1842,,", Skuespiller ved Det kgl.",clean,
Teater,"Dr. med. I, 36, 301, 303. V, 84, 95, >95- Ryge, Natalia",1816,1895,,", Datter af J. C. R., Skuespillerinde ved Det kgl. Teater, g. i° 1848 m. Kaptajn, Grev Fr. Chr. Ahle- feldt-Laurvigen, 20 1853 m- Grev Valde­ mar Hoick I, 300-01, 303. II, 88. V, 84, 121, 145. — Se endvidere Hoick, Natalia.",high,CJRgm°
Rørbye,F. C.,1795,1860,,", Prokurator i Frederikshavn II, 318, 319. V, 237.",low,i
Rørbye,M.,1803,1848,,", Maler I, 15, 16. v, 6, 491.",low,v
Rørbye,"Sophie, f. Henne",1813,1896,,", Dat­ ter af Johanne Clausine Henne, g. 1851 m. F. C. R. II, 319. V, 237.",high,CFRgm
Sachs,Hans,1494,1576,,", tysk Digter I, 291.",clean,
Sachsen,"Amalie, Hertuginde af —",1794,1870,,", Søster til Friedrich August II af S., Skuespilforfatterinde (Amalie Heiter) II, 386. V, 257.",low,S
Sachsen,"Amalie, Prinsesse af —, f. Prinsesse af Bayern",1801,1877,,", Datter af Maxi­ milian I af Bayern, g. m. Johann af S., Dronning 1854 81, 274, 386. V, 143, 145, 220.",medium,Sgm
Sachsen,"Friedrich August II, Konge af —",1797,1854,,"II, 80. V, 143, 257.",clean,
Sachsen,"Georg, Prins af —",1832,1904,,", Søn af Johann af S., Konge 1902 II, 386. v, 257.",medium,Sv
Sachsen,"Johann, Prins af —",1801,1873,,", Broder til Friedrich August II af S., Præsi­ dent i Statsraadet, Konge 1854 II, 81, 274, 386. V, 143, 220, 230, 257.",medium,Si
Sachsen,"Marie, Dronning af —, f. Prinsesse af Bayern",1805,1877,,", Datter af Maxi­ milian I af Bayern, g. m. Friedrich August II af S. II, 71, 80, 86, 283. V, 140, 143, 145, 223.",medium,Sgm
Sachsen,"Marie Anna, Prinsesse af —, f. Prin­ sesse af Portugal",1843,1884,,", g. 1859 m. Georg af S. II, 386. V, 257.",medium,Sgm
Sachsen,"Sidonie, Prinsesse af —",1834,1862,,", Datter af Johann af S. II, 274. V, 220.",low,S
Sachsen-Coburg-Gotha,"Albert, Prins af —",1819,1861,,", g. 1840 m. Victoria af Eng­ land, Prinsgemal II, 154, 158. V, 171, 174, 274. Sachsen -Weimar - Eisenach, Carl Alexan­ der, Arvestorhertug af — (1818—1901), Søn af Carl Friedrich af S.-W.-E., 1853 Storhertug II, 4-5, 42, 52-55, 56, 58, 61-63, 65-66, 69, 82, 103, 105, 110, in, 112, 115- 16, 118, 138, 139-40, 141, 145, 164, 173, 191, 192, 195, 200, 203, 223, 228, 237, 255, 272, 276, 277, 279, 289, 301, 305, 306, 308, 312. IV, 279-80, 331. V, 117-18, 134, 135, 136, 138, 139, 147, 152, 154, 158, 165-66, 183, 186, 133, 194, 196, 206, 208, 211, 213, 216, 217, 222, 226, 234, 252, 377, 453, 465, 468.",medium,Sgm
Sachsen-Weimar-Eisenach,"Carl August, Stor­ hertug af —",1758,1828,,"II, 4, 54, 62. V, 118, 226.",clean,
Sachsen-Weimar-Eisenach,"Carl August, Prins af —",1844,1894,,", Søn af Carl Alexander af S.-W.-E., 1853 Arvestorhertug II, 54. V,I35' Sachsen-Weimar Eisenach, Carl Friedrich, Storhertug af — (1783—1853), Søn af Carl August af S.-W.-E. II, 4, 53, 54, 62, 115, 223, 277. V, 118, 135, 138.",medium,'S
Sachsen-Weimar-Eisenach,"Elisabeth, Prin­ sesse af —",1854,1908,,", Datter af Carl Alexander af S.-W.-E., g. 1886 m. Hertug Johann Albrecht af Mecklenburg-Schwe­ rin II, 276. V, 220. Sachsen-Weimar-Eisenach, Maria Pavlovna, Storhertuginde af—, f. Storfyrstinde af Rus­ land (1786—1859), Datter af Paul I af Rusland, g. m. Carl Friedrich af S.-W.-E. II, 4, 54, 56> 63, 110, 115, 223, 276, 277. V, 118, 136, 220-21.",high,Sfgm
Sachsen-Weimar-Eisenach,"Sophie, Arvestor- hertuginde af —, f. Prinsesse af Holland",1824,1897,,", Datter af Willem II af Hol­ land, g.m. Carl Alexander af S.-W.-E., 1853 Storhertuginde II, 4, 54, 56, 62, 111, 115, 138, 276. V, 118, 135, 136.",medium,Sgm
Sachsen-Weimar-Eisenach,"Sophie, Prinsesse af —",1851,1859,,", Datter af Carl Alexan­ der af S.-W.-E. II, 276, 312. V, 220, 234.",low,S
Sager,Hans Carl,1808,1885,,", cand. jur., 1836—46 Bagermester i Kbh., 1849 By- og Herredsfoged i Rudkøbing I, 134, 193. III, 112. V, 34, 300.",medium,i
Saint-Aubain,A. N. de,1798,1865,,", Forfat­ ter (Carl Bernhard) II, 324. IV, 192. V, 4, 240, 431.",clean,
Saint-Aubain,Anton de,1804,1850,,", Se­ kondløjtnant i Infanteriet, senere Major I, 6. II, 323, 324. V, 4, 240.",low,i
Saint-Aubain,Cai de,1843,1925,,", Søn af Anton de S.-A., Elev i Sorø lærde Skole, senere Oberst i Rytteriet II, 323. V, 240.",medium,Si
Sally,Henning,1808,1865,,", Fuldmægtig i Overhofmarskallatets Bureau, Kammer­ junker, senere Hofinspektør og Justitsraad II, 15, 41. V, 123.",low,i
Salomonsen,"Frederikke, f. Abrahamson",1823,1896,,", Søster til Therese Henriques, g. m. Generalkonsul Moritz S. III, 171. V, 318. Salomonsen, J. S., Klædehandler i Kbh. I, 160-61.",high,JSgim
Saltza,"Edvard Fredrik v., Greve",1775,1859,,", tidligere svensk Hofmarskal, Over- stekammarjunkare II, 193. V, 192, 133. Sand, George (Pseudonym for Aurore Dude- vant, f. Dupin) (1804—1876), fransk For­ fatterinde III, 286, 291, 354, 357.",low,f
Sandeau,Jules,1811,1883,,", fransk Forfatter III, 286.",clean,
Sander,Christian,1756,1819,,", Forfatter I, 162. V, 40.",clean,
Sauvage,Thomas,1794,1877,,"? fransk Skue­ spilforfatter III, 286. V, 349.",clean,
Savigny,Carl Friedrich v.,1814,1875,,", preussisk Diplomat og Politiker II, 44. V, 133- Saxtorph, Ernestine (1811 —1892), Datter af Jacob S., Guvernante for Wanda Zahrt- mann II, 268. V, 218.",low,S
Saxtorph,Hans Christian,1813,1875,,", Søn af Jacob S., Dr. med., Læge ved Børne- hospitalet, tit. Professor II, 273. V, 218, Saxtorph, Jacob (1771—1850), Rektor ved Odense Katedralskole, tit. Professor I, 234. V, 61, 218. Saxtorph, Maria (Mimi), f. Aagaard (1846— 1928), Datter af E. S.",high,ESf
Aagaard,"g. 1870 m. Matthias S. IV, 135. V, 410. Saxtorph, Matthias",1822,1900,,", Overki­ rurg ved Frederiks Hospital, Professor IV, 135- V, 410- Scavenius, Henriette, f. Komtesse Moltke (1819—1898), Enke efter Godsejer J. B. S. til Basnæs II, 264-65, 267, 290, 310, 367, 388, 389, 395. III, 54, 58, 65, 67, 124, 137, 139-40, 143, 150, 156, 174, 178, 184, 185, 187, 188, 233, 237, 239, 246, 344, 346-47, 357-58, 362. IV, 2, 5, 29, 30, 33, 43, 75, 76, 77, 78, 82, 89, 94, 146, 153, 155, 176, 197-98, 218, 220, 224, 225, 293, 317, 322. V, 217, 233, 258, 260, 284, 285, 306, 323, 324, 362, 364, 382, 393, 416, 417, 431, 432, 443, 447, 481.",high,BJSf
Scavenius,Lucie,1844,1920,,", Datter af Henriette S., g. 1867 m. Carl Castenschiold II, 310, 393, 396. III, 178, 188, 237, 342, 346, 357- IV, 33. V, 233, 261, 362, 382. — Se endvidere Castenschiold, Lucie.",medium,Sgm
Scavenius,Otto,1849,1913,,", Søn af Hen­ riette S., 1867 Student, 1867—1907 Besid­ der af Basnæs, Hippolog og Politiker III, 23 L 237, 346. IV, 29, 33, 43, 146, 220. V, 287, 336, 4^ 4i7, 435- Scavenius, Peder Brønnum (1795—1868), Be­ sidder af Gjorslev, Erikstrup, Søholm og Klintholm, Kammerherre III, 355-56. IV, 43- V, 364-65- Schalburg, Joh. Frederik (d. 1862), Indehaver af Postgaarden i Nyborg, Vinhandler, Kommerceraad I, 283. V, 77.",high,LS^i
Schall,"Anna Margrethe, f. Schleuther",1775,1852,,", Solodanserinde ved Det kgl. Teater III, 251, 256. V, 341.",clean,
Schall,Claus,1757,1835,,"? Komponist, Ka­ pelmester ved Det kgl. Teater I, 90, 239. V, 62.",clean,
Schandorph,Sophus,1836,1901,,", Forfatter HI, 93. V, 295.",clean,
Scharff,Harald,1836,1912,,", Solodanser, senere Skuespiller ved Det kgl. Teater og Folketeatret II, 338. III, 65, 93, 94, 184, 206, 252, 261, 285, 312, 316, 326, 359. IV, 88, 109, 164, 245. V, 244, 286, 318, 322, 404,448- Scharling, E. A. (1807—1866), Professor i Kemi III, 341. V, 361.",medium,AEi
Scharling,Henrik,1836,1920,,", cand. theol., 1865 Lic. theol., 1870 Professor i Etik, Teo­ log og Digter III, 93, 112, 119, 122, 125, 126, 219, 252, 253, 256, 340. V, 295, 300, 333,339-40,342,384.",low,i
Scheel,Hanne Magdalene,1811,1870,,", g. 1843 m. Godsforvalter J. P. E. Thiele I, 19, 21. V, 7.",high,EJPgm
Scheel,Henrik,1797,1865,,", dansk General­ konsul i Göteborg II, 190. V, 191-92.",low,i
Scheel,"Siegfried, Greve",1806,1881,,"III, 209. V, 330.",clean,
Scheel-Plessen,"Augusta Aurora, Grevinde, f. Komtesse Lewenhaupt",1830,1902,,", g. m. W. S.-P. III, 216. V, 332.",high,SWgm
Scheel-Plessen,"Carl, Baron, senere Greve",1811,1892,,", Præsident for den holstenske Stænderforsamling, Besidder af Selsø m. v. III, 4, 222. V, 267, 334.",medium,mv
Scheel-Plessen,"W. H. B., Greve",1809,1876,,", Gesandt i Stockholm III, 216, 217. v, 332.",medium,iv
Scheele,L. N. v.,1796,1874,,", Overpræsi­ dent i Altona, Politiker III, 145. V, 297, 309- Scheele, Ludvig v. (1833—19°3)? Søn af L. N. S., 2. Staldmester ved Staldetaten, Kammerjunker, 1869 Kammerherre III, 101. V, 297.",high,LNSiv°
Scheltema,Carel Steven Adama van,1815,1897,,", Præst i Amsterdam, religiøs Digter III, 260. IV, 343. V, 343.",low,i
Schieck,"Frue, tysk Autografsamlerske III, 14. Schierbeck, Herman",1833,1912,,", dansk Købmand i Barcelona, 1881 dansk Konsul sst., Etatsraad III, 82. V, 291.",low,i
Schiern,Frederik,1816,1882,,", Professor i Historie, Dr. phil., Folketingsmand II, 343. V, 246-47, 287, 312.",low,i
Schilden,"Sophie Magdalene v., f. Komtesse Rantzau-Breitenburg",1766,1849,,", Sø­ ster til Conrad Rantzau-Breitenburg, g. m. Amtmand i Steinburg, Kammerherre Chr. Fr. Friccius v. S. I, 284. V, 77.",high,Sgimv
Schiller,"Charlotte v., f. v. Lengefeld",1766,1826,,", Enke efter Fr. S. II, 62. V, 138.",low,S
Schiller,Fr. v.,1759,1805,,", tysk Digter I, 7, 31, 162, 185, 239. II, 3, 56, 63, 65, 208, 277, 289, 343, 368. III, 265, 345. V, 5, 22, 28, 118, 138, 226, 247, 254, 257, 258. Schimmelpenninck van der Oye, Alexander, Baron (1796—1877), 1823—25 hollandsk Legationssekretær i Kbh. III, 270. V, 345- Schirach, Wilh. v. (1779—1866), Director for den holstenske Overret i Glückstadt, Kon- ferensraad II, 2. V, 115.",medium,iv
Schiødte,J. C.,1815,1884,,", Zoolog IV, 126, 146. V, 407.",clean,
Schiøtt,M. J.,1800,1866,,", Ejer af Søholm, Justitsraad III, 62. V, 285.",clean,
Schlegel,C. F. A.,1809,1878,,", Stiftskasserer i Odense, Etatsraad IV, 44. V, 383.",low,i
Schlegel,Hermann,1804,1884,,", Professor i Leiden, Konservator, senere Overdirektør, ved det naturhistoriske Museum II, 136. III, 270. V, 164.",low,i
Schleiden,Matthias Jakob,1804,1881,,", tysk Botaniker, Professor i Jena II, 283. V, 223.",low,i
Schleisner,Christian,1810,1882,,", Genre­ maler, Professor III, 275. V, 346.",clean,
Schleppegrell,Christiane Charlotte Louise v.,1774,1841,,", Konventualinde i Odense adelige Jomfrukloster I, 245, 269. V, 64.",low,i
Schley,Ludolph,1798,1859,,", svensk Kon­ sulats-Sekretær i Libau, 1845 svensk-norsk Konsul sst., tysk Forfatter og Oversætter I, 29, 33, 92. V, 10.",low,i
Schleyer,Caspar Fr.,1766,1834,,", Depute­ ret i General-Toldkammeret og Commerce- Kollegiet, Konferensraad I, 217. V, 56.",low,i
Schmettau,"Wilhelmine, Rigsgrevinde, f. Ste- mann",1780,1865,,", Enke efter General­ løjtnant, Rigsgreve G. W. C. S., Dekanesse paa Vallø I, 351. V, 110. Schmid v.",high,CGSWv
Baer,Heinrich,1801,1874,,", Fyrst-Abbed i Einsiedeln III, 45. V, 281.",low,i
Schmidt,Chr.,1822,1865,,", Skuespiller ved Casino III, 18, 94. V, 273, 235, 335. Schmidt, Lorentz Peter, Restauratør III, 1. V, 265.",clean,
Schneider,Hortense,1838,1920,,", fransk Operettesangerinde III, 285, 338. V, 348.",clean,
Schneider,J. L.,1809,1870,,", Skuespiller ved Det kgl. Teater I, 320-21. II, 60. V, 95, 137- Schnoor, D., Frøken, Pensionatsværtinde III, 240-41, 244, 245. V, 338. Scholtz Hermensdorff, Henry W. v. (d. 1893), dansk Konsul i Malaga III, 85. V, 292.",high,DWiv
Schou,Halvor,1823,1879,,", norsk Fabrik­ ejer og Legatstifter IV, 188. V, 429.",clean,
Schouboe,Dorothea,1774,1844,,", Loge­ rende hos Henrik Thyberg I, 307. V, 82.",clean,
Schoultz,Johanna v.,1813,1863,,", svensk­ finsk Operasangerinde, g. 1842 m. Vice- landmätaren Felix Brand I, 189. V, 47. Schoultz v.",medium,gmv
Ascheraden,"August Ludwig v., Friherre",1792,1859,,", preussisk Gesandt i Kbh., Kammerherre II, 19, 20. V, 124. Schousgaard, Charlotte (f. 1854), Sekonddan- serinde ved Det kgl.",low,i
Teater,"senere g. Dahl IV, 298. V, 471. Schouw, J. F.",1789,1852,,", Botaniker og Politiker IV, 6. V, 75, 136, 140, 370, 390.",clean,
Schouw,"Susette, f. Dalgas",1798,1844,,", Sø­ ster til Christine Stampe, g. m. J. F. S. I, 280. V, 75.",high,FJSgm
Schow,Laurits Svitzer,,1850,,", Oberstløjt­ nant, Kommandør for 2. Reserve-Bataillon, 1849 Oberst II, 176. Schram (Skram), Gustav (1802—1865), Fuld­ mægtig i Enkekassens Bogholderikontor, Lærer i Fransk ved Søkadetakademiet, se­ nere Jernbanedirektør I, 134, 141, 142, 146, 157, 158, 161, 163, 165, 185. V, 34.",medium,i
Schrøder,"Charlotte, f. Westenberg",1786,1868,,", Enke efter Kaptajn, Regimentskvar­ termester ved Holstenske Infanteriregiment Fr. S., A.s Værtinde 1828—33 i St. Kon­ gensgade Nr. 33 I, 107, 115. V, 27, 29.",high,ASis
Schroder,Johan Henrik,1791,1857,,", Pro­ fessor i Litteraturhistorie i Uppsala, Uni­ versitetsbibliotekar II, 187. V, 190.",medium,i
Schubert,Franz,1797,1828,,", østrigsk Kom­ ponist I, 342.",clean,
Schultz,Chr. W. C.,1833,1909,,", Premier­ løjtnant, Kompagnichef ved Aarøes Strejf­ korps, senere Oberst III, 155. V, 313.",clean,
Schultz,Jens Nicolai Hostrup,1782,1849,,", Bogtrykker I, 169.",clean,
Schumann,"Clara, f. Wieck",1819,1896,,", tysk Pianistinde og Komponist, Enke efter Komponisten Robert S. II, 383, 384. III, 113. V, 256-57.",low,S
Schwartsen,Julius,1802,1875,,", Skuespiller og Operasanger ved Det kgl. Teater I, 127, 134, 138, 143, 158, 163. V, 32.",clean,
Schwartz,Athalia,1821,1871,,", Forfatter­ inde III, 275. V, 346.",clean,
Schwartz,"Marie Esperance v., f. Brandt",1818,1899,,", engelsk-tysk Forfatterinde (Elpis Melena) III, 18, 88. V, 272-73.",clean,
Schwartzkopf,C. F.,1817,1893,,", Kontor­ chef i Kultusministeriet, Justitsraad, senere Etatsraad III, 337. V, 360.",low,i
Schweigaard,A. M.,1808,1870,,", norsk Retslærd og Statsmand IV, 135, 136. V, 410.",clean,
Schweigaard,"Caroline, f. Homann",1814,1870,,", g. m. A. M. S. IV, 135, 136. V, 410.",high,AMSgm
Schønberg,J. J. A. v.,1782,1841,,", Archia­ ter (Hoflæge) I, 35, 40. V, 12.",clean,
Schønberg,Karl,1832,1908,,", Forlagsbog­ handler III, 349, 351-52. V, 363.",clean,
Schønheyder,J. F. G.,1773,1850,,", Stift­ amtmand i Viborg I, 17, 23.",low,i
Scott,Sir Walter,1771,1832,,", engelsk Dig­ ter I, 22, 239. II, 154, 157, 158. V, 172, 173.",clean,
Scribe,E.,1791,1861,,", fransk Skuespilfor­ fatter I, 155-56, 162, 173. III, 286. V, 19, 54, 83, 150, 213, 349, 389, 409.",clean,
Scudder,Horace,1838,1902,,", amerikansk Børnebogsforfatter, Udgiver af »The River­ side Magazine« IV, 100, 115-16, 130. V, 401, 405, 416, 421, 473. Seat, W. H., Præst i Texas, U. S. A. IV, 85. V, 396.",high,AHSUWi»
Seebach,Marie,1834,1897,,", tysk Skue­ spillerinde II, 252. V, 213.",clean,
Seemann,Corfitz,1800,1875,,", Skuespiller ved Det kgl. Teater, senere Toldinspektør i Nyborg I, 127, 134, 138, 143, 157, 158, 160, 163. V, 32.",low,i
Sehested,Anders,1784,1819,,", Sekondløjt­ nant, Besidder af Broholm I, 253. V, 66.",clean,
Sehested,"Charlotte Christine, f. Linde",1819,1894,,", g. m. Frederik S. II, 175. V, 183.",medium,Sgm
Sehested,"Edel Marie, f. Kjær",1789,1839,,", Enke efter Anders S. I, 253-54. V, 66.",low,S
Sehested,Frederik,1813,1882,,", Søn af An­ ders S., Besidder af Broholm, Arkæolog II, 175. V, 183. Sehestedt Juul, Chr. (1806—1861), Major, Besidder af Ravnholt, Kammerherre III, 237- V, 323, 338. Sehestedt Juul, Ove (1830—1882), Søn af Chr. S. J., fhv. østrigsk Ritmester, Besidder af Ravnholt og Villestrup, Kammerherre III, 362. V, 366.",medium,JS
Seidl,Johann Gabriel,1804,1875,,", østrigsk Digter II, 87. V, 145.",clean,
Selchau,"Christiane Annette, f. v. Herbst",1805,1856,,", Enke efter Godsejer J. C. S. til Selchausdal, senere g. m. Toldforvalter H. A.",high,ACHJSgm
Jakobi,"Køge I, 113. V, 28. Selmer, Harald",1814,1879,,", Overlæge ved Sindssygehospitalet ved Aarhus (Jydske Asyl) III, 243. V, 339.",clean,
Semb,Johanne,1854,1901,,", Datter af Lars S., senere g. m. Grosserer Ludvig Woxen, Christiania IV, 174-75. VI, 18.",medium,Sgm
Semb,Lars,1822,1891,,", Købmand i Chri­ stiania IV, 189. V, 222, 429. VI, 18.",low,i
Semb,"Stella, f. Boye",1824,1927,,", Datter af M. A. Boye, g. 1851 m. Lars S. II, 278. IV, 174. V, 221-22, 429. — Se ogsaa Boye, Stella.",high,AMSgm
Serre,Friedrich Anton,1789,1863,,", Major, Besidder af Maxen ved Pirna, Stifter af Schiller-Lotteriet II, 6, 220, 221, 252-53, 265, 270, 283, 289, 298, 303, 304, 305, 369, 372, 373, 374, 384- HI, 36, 40, 42, 43, 45, 50, 109, 113, 115, 117- V, 119, 129, 205, 213, 215-16, 223, 226, 232, 256, 257, 278, 299, 301- Serre, Friederike, f. Hammerdörfer (1800— 1872), g. m. F. A. S. II, 220, 251, 252, 253, 258, 264, 266, 273, 274, 279, 284, 289, 301, 303, 305, 3J2, 363, 373, 377, 383, 385, 386, 393. III, 2, 40, 42, 45, 46, 47, 50, 113, 117, 245, 246, 279, 327. IV, 91, 95, 97, 144’45, 201, 202, 204-05, 224. V, 205, 215-16, 220, 223, 226, 231, 299, 435, 443. VI, 40.",high,AFSfgm’
Sevel,Peter,1797,1861,,", Portrætmaler I, 15. V, 6.",clean,
Shakespeare,William,1564,1616,,", engelsk Digter I, 71, 78, 228. II, 55, 258, 382. III, 136-37. IV, 181, 250. V, ii, 134, 305, 395, 427, 432, 451, 483.",clean,
Sibbern,F. C.,1785,1872,,", Professor i Filo­ sofi I, 10, 236.",low,i
Siboni,Giuseppe,1780,1839,,", Konserva- toriedirektør, Leder af Det kgl. Teaters Syngeskole, Professor I, 36, 90. V, 47, 398.",clean,
Sick,C. E.,1826,1864,,", Legationssekretær i Paris III, 120, 122. V, 301.",low,i
Sick,Julius,1815,1884,,", Kancellist i det udenrigske Departement, Kammerjunker, senere Ministerresident i Brüssel og Haag, 1865 Gesandt i overordentlig Mission i Stockholm, Kammerherre I, 331. II, 59, 79, 117-18. III, 217, 221, 222, 224-25. V, 101, 136, 155, 191, 332. Sick, Sophie v., Autografsamler, Stuttgart IV, 231.",high,iv
Siebold,Karl Theodor Ernst v.,1804,1885,,", tysk Zoolog, Professor i sammenlignende Anatomi i München, Conservator ved den zoologiske Statssamling III, 35- V, 278.",medium,i
Simion,M.,,1854,,", Forlagsboghandler i Berlin II, 47, 57, 66-67. V, 131, 134.",low,i
Simonsen,A. E.,1809,1876,,", Kancellist i Generalitetet, cand. phil., senere Intendant i Hæren I, 286. V, 78.",medium,i
Simonsen,Niels,1807,1885,,", Billedhugger og Maler I, 31. V, 11.",clean,
Simrock,Karl,1802,1876,,", tysk Digter og Germanist, 1850 Professor i Bonn I, 82. V, 21.",low,i
Skau,Laurids,1817,1864,,", sønderjysk Poli­ tiker II, 165. V, 114, 120, 180, 282.",clean,
Skotland,"Mary Stuart, Dronning af —",1542,1587,,"II, 157.",clean,
Skovgaard,"Georgia, f. Schouw",1828,1868,,", Datter afj. F.",low,F
Schouw,"g. 1851 m. P. C. S. IV, 66. V, 390. Skovgaard, P. C.",1817,1875,,", Maler III, 10. V, 271, 390.",clean,
Skrike,Adolph,1811,1891,,", Kolonialdirek­ tør III, 199. V, 328.",clean,
Smidt,Carl Christian,1799,1865,,", Post­ mester i Horsens, kar.",low,i
Major,"senere Ju- stitsraad II, 197. V, 195. Smidt, Wilhelm",1801,1884,,", Bankier, 1840 —48 Leder af C. J. Hambro & Søns Ban­ kierforretning i Kbh., 1848 Medindehaver af Firmaet Smidt & le Maire II, 11, 127, 188. III, 103. IV, 104, 278. V, 120, 183, 191.",medium,CJi
Smidth,Jens Fr.,1815,1890,,", Sekretær hos Grev Frederik Danneskiold-Samsøe, senere Forpagter af Rønnede Mølle, Justitsraad I, 3J9> 320, 321. V, 94.",clean,
Smidth,Peder Hersleb Classen,1809,1869,,", Sekondløjtnant i Søetaten, senere Kom­ mandør I, 276. V, 74.",low,i
Smidth,L. A.,1820,1906,,", Genremaler III, 10. V, 271.",clean,
Soelberg,H. N.,,1884,,", Vognmand III, 240. V, 338.",clean,
Sohlman,August,1824,1874,,", Redaktør af »Aftonbladet« i Stockholm, Dr. phil. IV, 223. V, 442.",medium,i»
Sommer,Frederik L. F.,1813,1878,,", Pre­ mierløjtnant i Søetaten, 1848 Kaptajnløjt­ nant, 1856 Kaptajn, 1858 Orlogskaptajn, 1868 Kommandør, 1874 Admiral I, 287. II, 272. IV, 29, 287. V, 79, 97, 215, 219, 318, 378, 468. Sommer, Margrethe (Grethe), f. Redsted (1814—1879), g. 1841 m. Frederik S. I, 324, 344. II, 33, 35. III, 171. IV, 158, 287. V, 97, 318. — Se ogsaa Redsted, Margrethe.",high,Sfgim
Sommer,"Mary, f. Gumpel",1834,1909,,", g. 1853 m. Otto Schack S. II, 257. V, 215.",medium,Sgm
Sommer,Otto Schack,1822,1906,,", Broder til Frederik S., Købmand, dansk Vicekon- sul i Hamburg II, 257. V, 213.",medium,Si
Sonne,Edvard,1804,1878,,", Kobberstikker I, 193. V, 48.",clean,
Sonne,J.V.,1801,1890,,", Maler 1,198. V, 49. Soveral, Pinto de, portugisisk Gesandt i Ma­ drid III, 294, 298. V, 350. Spanien, Cristina (Maria Cristina), Dron­ ning af — (1808—1878), Enke efter Kong Ferdinand VII af S. I, 308. III, 292. v, 89, 90, 91.",medium,Siv
Spanien,"Isabella II, Dronning af—",1830,1904,,", Datter af Cristina af S. III, 86, 292. V, 292, 401.",low,S
Speckter,Otto,1807,1871,,", tysk Illustrator (bl. a. af A.s Eventyr) og Litograf II, 18, 24, 35-36, 37- IV, 57- V, ^4, W 387- Spindler, Martin (ca. 1810—1843), Skuespil­ ler ved Christiania Teater I, 333. V, 102.",high,AW^as
Spohr,Ludwig,1784,1859,,", tysk Kompo­ nist, Kapelmester i Kassel II, 149. V, /70- 7Z- Sponneck, Wilhelm, Rigsgreve (1815—1888), Nationalbankdirektør, Politiker IV, 223. V, 200, 442.",low,i
Spring,Marcus,,1874,,", amerikansk Han­ delsmand, Socialist og Filantrop II, 278. V, 221.",clean,
Späth,Carl v.,1779,1865,,", Oberst, Post­ mester i Kiel, Kammerherre I, 287. V, 80.",low,i
Staffeldt,A. W. Schack v.,1769,1826,,", Digter III, 320.",clean,
Stage,"Augusta, f. Koefoed",1816,1894,,", Operasangerinde, g. 1836 m. Gottlob S. II, 238, 246, 249. V, 211.",medium,Sgm
Stage,Georg G.,1839,1930,,", Søn af Gott­ lob S., Student, senere Børnelæge, Dr. med. II, 246, 249. V, 212.",low,S
Stage,Gottlob,1791,1845,,", Skuespiller ved Det kgl. Teater I, 94, 95, 148, 151, 156, 160, 161, 163, 165, 185, 212. V, 53, 83, 211, 492.",clean,
Stahr,Adolf,1805,1876,,", tysk Forfatter, Kunsthistoriker II, 368. V, 254.",clean,
Stampe,"Astrid, Baronesse",1852,1930,,", Dat­ ter af Henrik S., g. 1881 m. Stiftamtmand G. H. V. Feddersen IV, 62, 117, 133, 232, 287, 310. V, 303, 405, 473. VI, 18.",high,GHSgm
Stampe,"Carl, Baron",1806,1880,,", Broder til Hendrik S., Kaptajn III, 88. V, 21, 293.",low,S
Stampe,"Christian, Baron",1831,1897,,", Søn af Hendrik S., østrigsk Dragonløjtnant, Ejer af Aldershvile II, 341. III, 196. V, 245, 326.",low,S
Stampe,"Christine, Lensbaronesse, f. Dalgas",1797,1868,,", g. m. Hendrik S. I, 275-76, 280-82, 331, 344. II, 18, 21, 64, 74, 87, 202, 265, 267-68, 314, 317, 341. III, 23, 27, 196, 197, 275. IV, 52, 53. V, 74, 75, 101, 107, 119, 125, 138, 138, 234, 324, 326, 385, 386, 416, 479. VI, 7.",medium,Sgm
Stampe,"Elise, Baronesse",1824,1883,,", Dat­ ter af Hendrik S. II, 18, 21, 87. IV, 262. V, 124, 145.",low,S
Stampe,"Hendrik, Lensbaron",1794,1876,,", Besidder af Baroniet Stampenborg (Nysø m. v.) I, 282. II, 18, 21, 341. IV, 53. V, 21, 74, 75, 76*, 293, 386.",medium,*mv
Stampe,"Henrik, Baron",1821,1892,,", Søn af Hendrik S., stud, jur., 1850 Forpagter af Christinelund, 1876 Lensbaron og Besidder af Baroniet Stampenborg I, 343. II, 5, 7-8, 33, 39, 64, 152, 167, 168, 170, 172, 173, 176, 177, 178, 180, 202, 229, 302, 341. III, 63- 64, 128, 146, 147, 172, 179, 180, 196, 197, 211, 359. IV, 1, 2, 3, 46, 47, 53, 62, 117, 133, 194, 200, 224, 237, 309, 310, 314. V, 107, 118,119-20, 138, 180,196-97, 198, 245, 318, 386, 473. VI, 18.",low,S
Stampe,"Holger, Baron",1822,1904,,", Søn af Hendrik S., Forpagter, 1892 Lensbaron og Besidder af Baroniet Stampenborg II, 65. V, 70, 138, 139. Stampe, Ingeborg, Baronesse (f. og d. 1859), Datter af Henrik S. II, 317. V, 236.",medium,Sd
Stampe,"Jeanina, Baronesse",1833,1861,,", Datter af Hendrik S. III, 23, 24-25, 27. V, 276, 277.",low,S
Stampe,"Jeanina, Baronesse",1861,1911,,", Datter af Henrik S., g. 1882 m. senere Over­ præsident i Kbh. Fr. de Jonquières III, 172. IV, 310, 314. V, 318-19, 473-74, 475- VI, 18.",high,Sgim
Stampe,"Jonna, Baronesse, f. Drewsen",1827,1878,,", Datter af Adolph Drewsen, g. 1850 m. Henrik Stampe II, 199, 202, 233, 300, 3'4> 3i7> 339, 34 b 350, 352, 389, 393- HI, 16, 22, 27, 58, 59, 128, 129, 144, I50, 167, 169, 172, 186, 196, 197, 199, 205, 210, 237, 245, 300, 310, 312, 327. IV, 32, 33, 37, 39, 41, 53, 62, 68, 82, 109, 164, 208, 213, 224, 245, 249, 310, 314, 343. V, 196-97, 198, 199, 234, 245, 284, 315, 318, 420, 453, 473-74, 493. VI, 9, 18. — Se ogsaa Drewsen, Jonna.",high,'bgm
Stampe,"Rigmor, Baronesse",1850,1923,,", Datter af Henrik S., g. 1879 m- Kompo­ nisten Victor Bendix, Forfatterinde IV, 62, 117, 133, 136, 200, 225, 237, 263, 287, 310, 320. V,303, 405, 430-31, 473, 479. VI, 9, 10, 16, 18, 21, 22, 41.",medium,Sg
Stang,Fredrik,1808,1884,,", norsk Stats- raad, 1873 Statsminister IV, 348. V, 487.",clean,
Stanley,"Edward Geoffroy Smith, Lord",1799,1869,,", senere Jarl af Derby, engelsk Poli­ tiker II, 145. V, 168.",clean,
Stedingk,"Eugen Fredrik Oskar Ludvig v., Friherre",1825,1871,,", Chef for Hofkapel­ let og de kgl. Teatre i Stockholm, 1866 svensk-norsk Ministerresident i Madrid III, 217, 221, 294. V, 332,550. VI, 41. Steele, F. M., Autografsamler IV, 213.",high,FMi
Steenbuch,Hans Thomas Mathias,1811,1875,,", Godslæge paa Holsteinborg III, 362. IV, 1, 286. V, 363, 366, 467.",clean,
Steffensen,Karl,1816,1888,,", Dr. phil., Lærer for Prinserne af Augustenborg, 1854 Professor i Filosofi i Basel II, 35. V, 130.",medium,i
Steinheim,SalomonLevi,1789,1866,,", Læge, tysk-jødisk Filosof og Digter III, 84, 164. V, 291. Stockfleth, Joachim Godske (d. 1831, 49 Aar gi.), Major i Vejkorpset I, 28. V, 9.",low,i
Stolpe,Hjalmar,1841,1905,,", svensk Etno­ graf og Arkæolog III, 67, 68. V, 286, 333- Storbritannien, se England.",clean,
Stramboe,Fr. Chr.,1833,1908,,", Billedhug­ ger III, 10. V, 271.",clean,
Strandberg,Olof,1816,1882,,", svensk Ope­ rasanger II, 187. V, 190.",clean,
Strauss,Johann d. Æ.,1804,1849,,", østrigsk Dansekomponist II, 96. V, 148.",clean,
Streckfuss,Karl,1778,1844,,", tysk Digter og Oversætter I, 82.",clean,
Streit,"Hotelejer i Hamburg II, 35. V, 130. Stricker, Charles Ludvig",1798,,death year uncertain (?),", dansk Partikuler i Amsterdam III, 256. V, 342- 43- Striegler, R. (d. 1876), Hoffotograf III, 323. v, 356.",medium,Riv
Stub,Ambrosius,1705,1758,,", Digter III, 320.",clean,
Studsgaard,C. L.,1830,1899,,", Dr. med., Kirurg, 1875 Overkirurg ved Kommune­ hospitalet IV, 214, 219, 221. V, 432, 439.",clean,
Stürmer,"Bartholomäus v., Greve",1787,1863,,", østrigsk Internuntius og befuldmæg­ tiget Minister i Konstantinopel I, 315-16. v, 92-93, 94- Stürmer, Ermance Katharina v., Grevinde, f. v. Boutet (1797—1863), g. m. Bartholo­ mäus S. I, 316. V, 93. Stæger, Mathilde (1833—g- ^57 m- Niels W. Gade II, 287. V, 223. — Se end­ videre Gade, Mathilde.",high,SW^fgimv
Suell,"Eva, f. Håkansson",1804,1884,,", Søster til Helene Bournonville I, 271. V, 72.",clean,
Suenson,Magnus,1802,1856,,", Premierløjt­ nant i Søetaten, senere Kommandørkap­ tajn I, 123. V, 30.",low,i
Suenson,Minna,1846,1930,,", Datter af Ad­ miral Ed. S., senere Konventualinde i Ros­ kilde adelige Jomfrukloster IV, 216. V, 440.",medium,Si
Suenson,Otto,1810,1888,,", Marineminister, Kaptajn i Søetaten IV, 29. V, 378.",low,i
Suhr,J. E.,1779,1860,,", Rektor ved Vor­ dingborg lærde Skole I, 6. V, 4.",clean,
Suhr,Ole Berendt,1789,1858,,", Købmand i Nyborg, Agent II, 165-66. V, 180.",low,i
Suhr,Ole Bernt,1813,1875,,", Søn af O. B. S., Grosserer, cand. theol., Etatsraad IV, 268, 271, 272. V, 458, 460. Sutherland, Harriet Elizabeth Georgiana Le- veson-Gower, Hertuginde af —, f. Howard (1806—1868), g. m. George Granville Le- veson-Gower, Hertug af S. II, 141. V, 167. Suzor, Jules de, Greve, fransk Publicist II, 132. V, 162, 493.",high,BOSfgm
Swane,Hans Jørgen,1821,1903,,", cand. theol., 1850 Adjunkt ved Sorø lærde Skole, 1857 Sognepræst til Hjermind, senere Bi­ skop over Viborg Stift II, 229. V, 209.",clean,
Swane,"Magdalena, f. Bruun",1827,1909,,", g. 1850 m. H. J. S. II, 229. V, 209.",high,HJSgm
Swane,Peter Daniel,1852,1929,,", Søn af H. J. S., senere kgl. Borgmester i Randers II, 229. V, 209. Svendsen, Peter, Fisker ved Ellekilde IV, 263, 283. V, 443.",high,HJSi
Sverrig,"Christina, Dronning af —",1626,1689,,"I, 308.",clean,
Sverrig,"Gustaf III, Konge af —",1746,1792,,"I> >55- V, 39.",clean,
Sverrig-Norge,"Gustaf, Prins af —",1827,1852,,", Søn af Oscar I af S.-N., Komponist II, 188.",low,S
Sverrig-Norge,"Josefina, Dronning af —, f. Prinsesse af Leuchtenberg",1808,1876,,", Datter af Auguste Amalia af Leuchtenberg, g. m. Oscar I af S.-N. II, 187-88. III, 220, 224. IV, 110. V, 191, 333.",medium,Sgm
Sverrig-Norge,"Karl XIV Johan, Konge af—",1763,1844,,"IV, 341. V, 101, 486-87. Sverrig-Norge, Karl (XV), Kronprins af — (1826—1872), Søn af Oskar I af S.-N., Konge 1859 II, 167, 338. III, 216, 220, 224, 225, 271. IV, 15, 100-01, 193, 288. V, 180, 244, 245-46, 275, 332, 333, 334, 353, 374, 401-02, 431-32.",low,S
Sverrig-Norge,"Lovisa, Dronning af —, f. Prinsesse af Holland",1828,1871,,", g. m. Karl XV af S.-N. III, 220, 225. IV, 100- 01. V, 244, 332, 333, 334, 401-02. Sverrig-Norge, Lovisa (Louise), Prinsesse af — (1851—1926), Datter af Karl XV af S.-N., g. i86gm. Kronprins Frederik (VIII) af Danmark III, 310, 316. IV, 79, 80. V, 353, 390. — Se endvidere Danmark, Louise, Kronprinsesse af.",high,Sgm
Sverrig-Norge,"Oscar I, Konge af —",1799,1859,,", Søn afKarl XIV af S.-N. II, 182, 186, 187-88, 189, 203. V, 188,190, 191, 193, 275. Sverrig-Norge, Oscar (II)",low,S
Fredrik,Prins af —,1829,1907,,", Søn af Oscar I af S.-N., Konge 1872 III, 220. IV, 11. V, 182,555, 374- Széchenyi, Francisca de Paula, Grevinde, f. Grevinde Wurmbrand (1797—1873), g. m. Ludwig S. II, 86. V, 145.",high,Sfgm
Széchenyi,"Ludwig, Greve",1781,1855,,", Overhofmester hos Erkehertuginde Sophie af Østrig II, 86. V, 145.",clean,
Széchenyi,"Stephan, Greve",1791,1860,,", Broder til Ludwig S., ungarsk Statsmand og Forfatter II, 86, 93. V, 145. Sødring, Julie, f. Rosenkilde (1823—*894), Datter af C. N. Rosenkilde, Skuespillerinde ved Det kgl. Teater, g. 1849 med Fabrikant C. H. S. III, 153. IV, 241. V, 313,525, 4°7, 448, 464. — Se ogsaa Rosenkilde, Julie.",high,*CHNSfg°
Sødring,Rose,1850,1927,,", Datter af Julie S., g. 1872 m. J. F. S. Dorph-Petersen IV, 121. V, 407.",high,FJSgm
Sønderup,Anna,1841,1870,,", Forfatterinde, g. 1868 m. den ungarske Arkitekt Schulz Ferenz IV, 48. V, 374, 384.",medium,gm
Tadolini,"Eugenia, f. Savorini",1809,,death year uncertain (?),", ita­ liensk Operasangerinde II, 96. V, 148.",clean,
Taglioni,Marie,1804,1884,,", italiensk Bal­ letdanserinde I, 160. V, 39, 168.",clean,
Tang,A. E. M.,1803,1868,,", Ejer af Nørre Vosborg, Landstingsmand, Etatsraad II, 315. III, 217. V, 235.",clean,
Tang,Nelly,1841,1877,,", Datter af A. E. M. T., g. 1872 m. Proprietær Parmo Carl Pe­ tersen III, 217. V, 332.",high,AEMTgm
Taylor,Meta,1818,1885,,", engelsk Over­ sætterinde, Forfatterinde af religiøse Børne­ bøger II, 129. V, 158.",clean,
Tegnér,Esaias,1782,1846,,", svensk Digter og Biskop I, 149. IV, 19, 190. V, 430. ten Kate, Jan Jakob Lodewijk (1819—1889), hollandsk Digter III, 255, 260, 280. IV, 118, 343. V, 342.",clean,
Thalberg,Sigismund,1812,1871,,", tysk Kla­ vervirtuos og Komponist II, 127. V, 158.",clean,
Theodor,"se Collin, Theodor. Thestrup, Henriette, f. Redsted",1817,1895,,", Søster til Margrethe Redsted, g. m. P. M. T. I, 344. V, 107.",high,MPTgm
Thestrup,Peter Mathias,1814,1856,,", Sog­ nepræst til Jungshoved, senere til Stavreby I, 344. V, 107.",clean,
Thiele,"Hanne, f. Aagesen",1819,1892,,", Datter af Nicolai Aagesen, g. 1837 m. J. M. T. IV, 24. V, 377, 400.",high,JMTgm
Thiele,J. M.,1795,1874,,", Forfatter, Sekre­ tær ved Kunstakademiet, 1835 tillige In­ spektør for Kobberstiksamlingen, 1861 Di­ rektør sst., Kongens Haandbibliotekar, Etatsraad I, 46, 125, 179, 203-05, 215, 287, 302. II, 123, 145, 292, 342, 364. III, 321. IV, 24, 72, 88. V, 30, 50-51, 52, 168, 227, 236, 242, 245, 356, 377, 397, 398, 400. V!, 32.",clean,
Thiers,Louis Adolphe,1797,1877,,", fransk Statsmand I, 161. IV, 243. V, 39, 81, 448. VI, 14.",clean,
Thoma,"Vært i Hotel Bellevue, Wildbad II, 259- Thomsen, C. J.",1788,1865,,", Arkæolog, Be­ styrer for Musæet for nordiske Oldsager I, 27. IV, 8. V, 9, 369, 373.",clean,
Thomsen,Grimur,1820,1896,,", islandsk­ dansk Kritiker, Diplomat, Politiker og Dig­ ter II, 167, 170, 171, 174, 177. V, 181, 182.",clean,
Thomsen,Ove,1801,1862,,", Redaktør af »Fyens Stifts Avis«, senere Postmester, Poli­ tiker I, 248, 310. V, 11, 65, 75, 91, 161.",low,»
Thoresen,Marie,1834,1874,,", Husbestyrer­ inde hos Adolph Drewsen IV, 287. V, 467- 68, 479.",clean,
Thorkilsen,Christen,1833,1881,,", Galan­ ter ihandler, Bogbinder og Forlægger IV, 78, 116, 119, 125. V, 334, 405. Thortsen, Axel (d. 1854, 42 Aar gi.), Sekond­ løjtnant å la suite i Jydske Jægerkorps, se­ nere Kaptajn i Livgarden I, 97. V, 23. Thorvaldsen, Bertel (1770 (?)—1844), Billed­ hugger I, 71, 196-97, 275-76, 279, 280-82, 284,331. n, 1,46,137,144,147,274,369- III, 39, 227. IV, 95, 100, 110. V, 15, 48, 5b 58, 74, 75, 76, 101, 107, 113, 124, 198, 280, 324, 335, 352, 401, 404, 419, 429, 463. Thott, Greve I, 271-72. V, 72.",medium,in
Thun-Hohenstein,"Joseph Matthias, Greve",1794,1868,,", Oberstkämmerer for Konge­ riget Böhmen, Gehejmeraad II, 82. V, 144.",clean,
Thyberg,"Tybjerg. Tybjerg, Caroline, f. Oltmann",1837,1900,,", g. 1868 m. Chr. T. IV, 96. — Se ogsaa Olt­ mann, Caroline. Thyberg (fra 1866: Tybjerg), Christian (1815 —1879), Søn af Henrik T., Arkitekt I, 286, 3°7, 3l6, 322, 323, 346, 349. II, 11, 20, 21- 22, 47, 56, 60, 64, 75, 76, 77, 80, 83, 84-85, 89, 92, 94-95, 97, 99, 123, 127, 131, 141, 142, 149, i5', '54, 158, 165, 170, 186-87, 188, 189-90, 191, 201, 205, 2l8, 219, 227, 238, 243, 247, 248, 25O, 254, 258, 268, 270, 273, 278, 279, 280, 282, 284-85, 289, 292, 338, 346, 365. III, 4, 25, 74, 81, 140, 153, 176, 198, 257, 272, 274, 278, 285, 316, 317- 18, 344, 347, 35°, 354, 358, 362. IV, 5, 18, 25, 52, 59, 86, 96, 98, 110, 118, 158, 174. V, 78, 82, 101, 144, 171, 190, 210, 220, 223, s45, 274, 343, 347, 35b 377, 3^8, 410- VI, 20. Thyberg (fra 1866: Tybjerg), Erland (1863— 1925), Søn af Chr. T., senere Højesterets­ dommer III, 257. IV, 158. V, 343.",high,'T^gm°
Thyberg,Henrik,1776,1844,,", Oldermand for Tømrerlauget og eligeret Borger I, 102, 106, 114, 125, 149, 236, 244, 245, 264, 270, 287, 294, 307, 316, 323, 337, 349. IV, 169, 230, 258. V, 24, 26, 77, 82, 115. VI, 20. Tybjerg, Inger (f. 1867), Datter af Chr. T., g. 1893 m. Assessor i Kriminalretten, se­ nere Højesteretspræsident, Dr. jur. R. S. Gram IV, 20, 22, 158. V, 376. Thyberg (fra 1866: Tybjerg), Juliane, f. Poulsen (1835—1867), g. 1858 m. Christian T. II, 338, 346, 365. III, 25, 67, 74, 81, 135, 140, 176, 257, 272, 316, 323, 355. IV, 5, 20, 22. V, 245, 274, 290, 356, 376. Thyberg, Marie (Mimi) (1810—1837), Datter af Henrik T. I, 112, 149, 150, 348. V, 28, 70, 72, 89, 102, 109.",high,RSTfgim
Thyberg,"Oline, f. Falenkam",1781,1853,,", g. m. Henrik T. I, 102, 149, 244, 273, 276, 282, 286, 307, 316, 323, 327, 328, 330, 335, 337, 338, 346- n, 20, 22, 25, 33, 36, 37, 39, 57, 60, 65, 85, 89, 91, 92, 94-95, 97, 118, 123, 127, 131, 141, 142, 149, 154, 158, 170, 172, 184, 187, 190, 194, 205, 218, 227, 230, 238, 242, 243-44, 248, 319. V, 24, 82, 212, 319. VI, 20. Thyberg (fra 1866: Tybjerg), Oluf (f. 1859), Søn af Chr. T., senere Ingeniør II, 346. III, 66, 74, 79, 81, 128, 135, 137, 140, 170, 175, 176, 233, 235, 257, 267. IV, 119, 120. V, 248, 286, 289, 290, 388, 441.",high,Tgmn
Tichatschek,Joseph Aloys,1807,1886,,", tysk Operasanger II, 257. V, 215.",clean,
Tidemand,Adolph,1814,1876,,", norsk Ma­ ler, Düsseldorf III, 123. V, 302.",clean,
Tieck,Ludwig,1773,1853,,", tysk Digter I, 31, 33, 53, 78, 80. II, 222. V, 205-06.",clean,
Tietgen,C. F.,1829,1901,,", Direktør for Privatbanken, Etatsraad III, 64. IV, 13. V, 286.",clean,
Tillisch,F. F.,1801,1889,,", Politiker, Ge- hejmekonferensraad, 1859—64 Chef for Det kgl. Teater II, 332, 334, 351. III, 170. V, 242, 265, 317, 320.",clean,
Timmermann,Oswald Andreas,1798,1857,,", Tingskriver i Tyrstrup Herred, Ha­ derslev I, 329. V, 101.",low,i
Titov,Vladimir Pavlovic,,1891,,", russisk Diplomat og Arkæolog I, 315. V, 93. Tiziano Vecellio (ca. 1477—1576), italiensk Maler I, 195. III, 93. Toldi, italiensk Operasangerinde I, 209, 216. v> 55- Torlonia, Marino, Hertug af Bracciano (1796. —1865), Bankier i Rom I, 176, 194, 196, 197. III, 102. V, 44, 56.",low,i
Torp,Andreas,1767,1801,,", Borgmester og Byfoged i Korsør I, 243. V, 64. Torre, Napoleone, Direktør for den italienske Operatrup paa Hofteatret i Kbh. 1844—47 II, 60. V, 137.",medium,i
Torrearsa,"Vincenzo Fardella di, Marquis",1808,1889,,", italiensk Statsmand III, 48. V, 282.",clean,
Toscana,"Marie, Hertuginde af —, f. Prinsesse af Sachsen",1796,1865,,", Søster til Fried­ rich August II af Sachsen, Enke efter Stor­ hertug Ferdinand III af T. II, 274, 386. V, 220, 257.",low,T
Tottenberg,F. F.,1824,1895,,", Vinhandler og Hotelejer II, 376. V, 255.",clean,
Tramp,"Caroline Amalie, Komtesse",1841,1905,,"III, 201. V, 329.",clean,
Tramp,"Sophie Juliane Charlotte, Komtesse",1844,1894,,", Søster til Caroline T. III, 201. V, 329.",low,T
Traube,Ludwig,1818,1876,,", Professor ved det medicinske Fakultet i Berlin, Dr. med. IV, 84, 85. V, 396.",low,i
Travers,"C. C., hollandsk Konsul i Athen I, 312. V, 92. Trepka, Chr.",1842,1864,,", Søn af J. C. M. T., stud, jur., Sekondløjtnant ved 18. Regi­ ment III, 170. V, 318.",high,CJMT
Trepka,Holten Fürchtegott,1818,1895,,", Sekondløjtnant i Livregimentet lette Dra­ goner, senere kar. Generalmajor I, 287, 330. V, 80.",low,i
Trepka,"Ida, f. Falbe",1822,1849,,", Datter af Christian Tüxen Falbe, g. 1841 m. J. C. M. T. I, 330. V, 101.",high,CJMTgm
Trepka,Johan Christian Mathias,1809,1850,,", Kaptajn i Generalstaben, senere Oberst I, 330. V, 101, 318, 390. Trier, Cecilie (Cille), f. Melchior (1819— 1891), Søster til M. G. Melchior, g. m. Manufakturhandler L. M. T. IV, 257. V, 453- Trier, Isaac Moses (1806—1886), dansk Læge i Altona I, 123. V, 30-31.",high,GLMTfgim
Tscherning,A. F.,1795,1874,,", Oberst, Poli­ tiker II, 322, 324. IV, 314. V, 200, 239, 476.",clean,
Tscherning,"Eleonore Christine, f. Lützow",1817,1890,,", g. 1845 m. A. F. T. IV, 314. V, 476.",high,AFTgm
Tuxen,Mandrup Peter,1818,1891,,", cand. theol., Huslærer paa Bregen tved, 1850 Sog­ nepræst til Tandslet, Als, 1867 til Esbønde- rup I, 351. V, 110.",clean,
Tybjerg,"se Thyberg. Töpfer, Karl",1792,1871,,", tysk Lystspil­ digter og Tidsskriftsredaktør I, 250. V, 65, 106.",clean,
Toepfer,Rodolphe,1797,1846,,", schweizisk Novelleforfatter II, 357. V, 250.",clean,
Uldall,Carl Julius,1839,1892,,", Søn af C. V. U., Student, senere Kontorchef i Ma- rineministeriet II, 319, 321. V, 237, 238.",medium,CUi
Uldall,Carl Vilhelm,1804,1883,,", fhv. Overauditør, Ejer af Knivholt ved Frede­ rikshavn II, 319, 321. V, 237.",clean,
Uldall,"Julie Vilhelmine, f. Rottbøll",1804,1879,,", Søster til Chr.",clean,
Rottbøll,"g. m. C. V. U. II, 319. V, 237. Uldall, Ludvig",1819,1867,,", Læge II, 93, V, 147.",clean,
Ulfeldt,"Leonora Christina, Grevinde",1621,1698,,", Datter af Kong Christian IV, g. 1636 m. senere Rigshofmester Corfitz U. iv, 77. V, 393-94.",medium,Ugm
Unsgaard,Andreas,1801,1842,,", Kontor­ chef under Statsgældsdirektoratet, Etats- raad I, 322. V, 96.",clean,
Unsgaard,I. J.,1798,1872,,", Stiftamtmand i Odense IV, 44. V, 383.",low,i
Ussing,Carl,1823,1849,,", Fuldmægtig un­ der Kbh.s Magistrat, Sekondløjtnant ved 6. Bataillon II, 198. V, 196.",low,s
Uttenreiter,Charlotte,1823,1886,,", Pen­ sionatsværtinde II, 376. V, 255.",clean,
Waagepetersen,Christian,1787,1840,,", Vin­ handler, Hof-Agent I, 163. V, 432.",clean,
Wagner,Richard,1813,1883,,", tysk Kompo­ nist II, 224, 338. III, 54. IV, 95, 163. V, 207, 419, 423.",clean,
Vahl,Johan,1799,1875,,", Major i Artille­ riet, senere kar. Generalmajor II, 198. V, 195- Wales, Alexandra, Prinsesse af—, f. Prinsesse af Danmark (1844—1925), g. 1863 m. Ed­ ward af W., Dronning af England 1901 IV, 7, 9, 12, 20, 317, 321. V, 372, 375. — Se ogsaa Danmark, Alexandra, Prinsesse af.",high,Wfgim
Wales,"Edward, Prins af —",1841,1910,,", Søn af Victoria af England, Konge af Eng­ land (Edward VII) 1901 III, 23. V, 276, 301, 375- Waltz, Johan Rudolph (d. 1853), Skuespiller ved Det kgl. Teater I, 105, 108, 109. II, 26. V, 25, 127. Wanscher, Johanne (Hanna), f. Wegener (1814—1879), Datter af Marie Wegener, g. 1834 m. Wilhelm W. I, 217, 230. III, 20, 28. V, 31, 56, 83, 95, 298. VI, 17, 40.",high,Wfgm
Wanscher,Marie,1836,1912,,", Datter af Wilhelm W. III, 21, 22. V, 274.",low,W
Wanscher,Nanna,1838,1915,,", Datter af Wilhelm W., g. 1865 m. Læge, senere Stifts- fysikus C. A. Videbech II, 299, 300, 304. V, 230, 298.",high,ACWgm
Wanscher,Wilhelm,1802,1882,,", Papir­ handler, senere Grosserer I, 125, 217, 223, 230. II, 277, 278, 279, 280, 317. III, 13, 36, 46, 123-24. IV, 341. V, 31, 221, 230, 266, 274, 298. VI, 17.",clean,
Warburg,John,1812,1895,,", Købmand i Al- tona IV, 57-58, 61. V, 387.",low,i
Warburg,"Laura, f. Stettiner",,1881,,", g. m. John W. IV, 57-58. V, 387. Ward, Harry Leigh Douglas, engelsk Over­ sætter IV, 52. V, 385, 431. Wassenaer de Katwijck, Willem Frederik Hendrik, Baron (1820—1892), hollandsk Godsejer, Kammerherre hos Dronningen III, 270. V, 345.",medium,Wgm
Watt,Robert,1837,1894,,", Forfatter og Journalist, 1866 Redaktør af »Figaro«, 1868 af »Dagens Nyheder«, 1876 Direktør for Folketeatret III, 316, 351. IV, 7, 18, 22, 23, 39-4°, i89> 230, 266. V, 354, 361, 364. 372, 375, 376, 381, 383, 394, 405, 4^9- 30, 445- Vaupell, Otto (1823—1899), Oberst, Krigs­ historiker IV, 44. V, 383.",high,^°»
Weber,Carl Maria v.,1786,1826,,", tysk Komponist II, 145. V, 14, 18, 20, 169.",clean,
Weber,J. J.,1803,1880,,", Forlagsboghand­ ler i Leipzig, Udg. af »111. Zeitung« II, 108. V, 138, 151.",medium,i»
Weber,Matthias,1850,1933,,", stud, theol., 1874 cand. theol., senere Sognepræst til Haslev og Provst IV, 274. V, 445, 461.",clean,
Wedel,Camilla,1816,1855,,", Datter af fhv. Sekondløjtnant i Søetaten Jens W. til Sø- bysøgaard, senere g. m. Postmester, Kam­ merjunker Krabbe Krogh I, 246, 283, 285. V, 65.",high,Wgim
Wedel-Heinen,Jul. Chr. Fr.,1814,1887,,", Kommitteret i Generalpostdirektoratet, Kammerjunker, senere Hofchef hos Enke­ dronning Caroline Amalie, Gehejmekon- ferensraad II, 35. V, 130. Vedel Simonsen, L. S. (1780—1858), Histo­ riker, Besidder af Elvedgaard I, 7, 30, 52. v, 5- Wedell-Wedellsborg, Gustav, Baron (1829— 1903), Forpagter af Oredrevsgaarden IV, 146. V, 414.",high,LSiv
Wegener,Jens Frederik Christian,1812,1864,,", Søn af Marie W., Forstinspektør ved Gisselfeld Kloster, 1860 Skovrider for Ods­ herreds Distrikt og Overinspektør ved Sorø Akademis Skove I, 319. V, 94-95. VI, 17.",low,W
Wegener,"Marie, f. Bindesbøll",1793,1856,,", Søster til Gottlieb Bindesbøll, g. m. Konsi- storialraad, fhv. Forstander for Jonstrup Seminarium Jens Ernst W. I, 298. V, 31, 56, 82-83. VI, 17, 40.",medium,Wgm
Wegener,Theodor,1817,1877,,", Søn af Ma­ rie W., Maler I, 295, 298. V, 82-83, 95. VI, 17.",low,W
Weilbach,Philip,1834,1900,,", Kunsthisto­ riker, cand. phil., 1860—62 Sekretær hos Konsul Bravo i Rom, 1883 Kunstakade­ miets Sekretær og Bibliotekar III, 16. V, 272.",low,i
Weimar,"se Sachsen-Wcimar-Eisenach. Weis, Carl",1809,1872,,", Fuldmægtig i Kan­ celliet, 1848 Departementschef i Kultus­ ministeriet II, 113, 123, 127. V, 153.",medium,i
Weis,Ernst,1807,1873,,", Broder til Carl W., Overretsassessor I, 346. II, 37, 57, 74, 75- 76, 79, 83, 87, 91, 127, 130, 135, 142, 145, 149, 158, 185, 253. V, /09, 144, 153, 159. Velasquez de Silva, Don Diego (1599— 1660), spansk Maler III, 93.",low,W
Welhaven,Christopher Frederik,1788,1830,,", Lærer ved Odense Fattigskole IV, 265. V, 457, 488.",clean,
Welhaven,J. S.,1807,1873,,", norsk Digter I, 239. II, 305. IV, 118, 265. V, 488.",clean,
Weller,C.,1838,1900,,", Fotograf IV, 297. V, 470-71.",clean,
Verdi,Giuseppe,1813,1901,,", italiensk Kom­ ponist IV, 6. V, 257, 300, 337, 370.",clean,
Verhulst,Jan,1816,1891,,", hollandsk Kom- ponist og Dirigent II, 137. III, 255. V, 164.",clean,
Werligh,August,1795,1841,,", Teaterdirek­ tør I, 101. V, 24. Werner, Therese (Pseudonym for Engelline Verdelin) (1820—1904), Forfatterinde III, 337- V, 360. Wessberg, F. & H. G., Mæglerfirma i Göte­ borg II, 195. V, 194.",high,FGHi
Wessel,J. H.,1742,1785,,", Digter II, 341.",clean,
Ill,"320. V, 53, 302. Westermann, Carl Theodor",1812,1882,,", Grosserer, borgerlig Raadmand og tysk Konsul i Randers II, 246.",low,i
Ill,"202. V, 212. Westermann, George",1810,1879,,", Forlags­ boghandler i Braunschweig II, 283. V, 223.",low,i
Westermann,"Ida Sophie, f. Fürst",1813,1885,,", Søster til Th. Chr. Fürst, g. m. Carl Theodor W. II, 246. V, 212.",medium,Wgm
Westrheene,Tobias van,1825,1871,,", hol­ landsk Maler, Kunsthistoriker, Digter og Redaktør III, 274, 276. V, 346.",clean,
Wexschall,"Anna, f. Brenøe",1803,1856,,", Skuespillerinde ved Det kgl. Teater, g. i° 1823 m. Fr. W., Ægteskabet opløst 1831, 2° 1834 m. N. P. Nielsen I, 63, 94. V, 4, 16. — Se endvidere Nielsen, Anna.",high,NPWgm°
Wexschall,Fr.,1798,1845,,", Violinist, Ka­ pelmusikus I, 63. V, 16.",clean,
Weyse,C. E. F.,1774,1842,,", Komponist I, 90, 105, 110, 149, 179. II, 331, 333. V, 28, 38, 67, 141, 157, 398.",clean,
Viborg,"Hansigne Henriette, f. Fogh",1791,1867,,", g. m. N. V. I, 91, 143. V, 22, 36.",medium,Ngm
Wiborg,K. F.,1813,1885,,", Magister, Kunstkritiker, 1845 Sognepræst til Rynkeby og Revninge, 1862 til St. Mikkels Kirke i Slagelse II, 90. V, 144, 146.",low,i
Viborg,N.,1785,1863,,", Admiralitetskom­ missær, Justitsraad, senere Departements­ direktør i Marineministeriet I, 8, 14, 74, 125, 143, 313. V, 5, 6, 22, 36. Wiedemann, Frederik (1829—Fisker ved Ellekilde IV, 177, 263. V, 424, 443.",low,i
Wiedemann,Hans Christian,1854,1871,,", Søn af Frederik W., Fisker IV, 177. V, 424. Wiedemann, L., Forlagsboghandler i Leipzig 1855—69, A.s Forlægger II, 294, 305, 332- 33, 382. V, 229, 232, 435.",high,ALWis
Wiedemann,Niels Carl Peder Ferdinand,1849,1871,,", Søn af Frederik W., Fisker IV, 177. V, 424.",low,W
Wiedemann,Søren Martin Gudmand,1855,1871,,", Søn af Frederik W., Fisker IV, 177- V, 424.",low,W
Wiehe,"Emilie, f. Thorsen",1821,1891,,", g. 1844 m. Michael W. III, 238. V, 338.",medium,Wgm
Wiehe,Johan,1830,1877,,", Broder til Mi­ chael W., Skuespiller ved Det kgl. Teater III, 66. V, 277, 286. Wiehe, Johanne (Hanne) (1813—1891), Sø­ ster til Michael W. III, 25. V, 277.",medium,W
Wiehe,Michael,1820,1864,,", Skuespiller ved Det kgl. Teater II, 26. III, 10, 25, 153, 175, 176. V, 127, 227, 272, 277, 286, 319, 320, 338, 409.",clean,
Wiehe,Wilhelm,1826,1884,,", Broder til Mi­ chael W., Skuespiller ved Casino, 1863 ved Det kgl. Teater II, 366. IV, 135. V, 252- 33, 277, 286, 410.",low,W
Wieland,Christoph Martin,1733,1813,,", tysk Digter II, 63, 277. V, 226.",clean,
Vieweg,Eduard,1796,1869,,", Forlagsbog­ handler i Braunschweig I, 289-90, 330, 334. II, 283. IV, 231. V, 81, 156, 223, 493.",low,i
Vieweg,"Louise, f. Campe",,1872,,", g. m. Eduard V. I, 289. V, 81.",medium,gm
Viggo,"se Drewsen, Viggo. Wilckens, Carl Frederik",1808,1877,,", Thor­ valdsens Kammertjener, senere Kustode ved Thorvaldsens Museum I, 331. V, 101.",clean,
Wildt,Johannes,1782,1836,,", Romanfor­ fatter II, 323. V, 240. Vilsoét, Elise Marie Grégoire (f. 1850), Dat­ ter af G. E. Gundersen, adopt, af P. G. V., g. 1871 m. Adam Hauch IV, 118. V, 406.",high,EGPgm
Vilsoet,Pierre Godefroi,1811,1877,,", Trans­ latør, tit. Professor IV, 118. V, 406.",clean,
Wilster,Christian,1797,1840,,", Lektor i Græsk og Engelsk ved Sorø Akademi, Dig­ ter og Oversætter I, 29, 101, 118, 236. V, 10, 29, 33, 36, 37, 38, 46, 60-61, a, 356.",medium,ai
Winckler,Bernt,1780,1845,,", Stabslæge i Søetaten II, 72. V, 141.",low,i
Vind,Chr. Andr.,1794,1869,,", Premierløjt­ nant, senere Ritmester, Besidder af Sande- rumgaard I, 109. V, 27.",clean,
Vind,"Sophie Elisabeth, f. Hoppe",1803,1881,,", g. m. C. A. V. I, 109. V, 27.",high,ACgm
Wingård,Carl Fredrik af,1781,1851,,", Ær­ kebiskop i Uppsala II, 187. V, 190.",low,i
Winsløw,Carl,1796,1834,,", Skuespiller ved Det kgl. Teater I, 36, 94, 217. V, 56.",clean,
Winther,Christian,1796,1876,,", Digter I, 205, 234. II, 322. III, 30, 32-33, 34, 40, 93, 105, 110, 139, 321. IV, 118, 149, 156. V, 60-61, 272, 298-99, 358, 379, 408, 415, 417.",clean,
Winther,Chr. M.,1817,1890,,", Overrets- prokurator IV, 27, 28, 34. V, 378.",clean,
Winther,Ida,1835,1882,,", Steddatter af Chr. W. IV, 156. V, 417-18.",low,W
Winther,"Julie, f. Lütthans",1813,1881,,", g. m. Chr. W. IV, 156. V, 417.",medium,Wgm
Winther,Laurentius Robert,1811,1877,,", Godslæge paa Glorup II, 32, 172. V, 129, 185.",clean,
Winther,Mathias,1795,1834,,", afskediget Regimentskirurg, Udg. af »Raketten« I, 106. V, 26, 27. Virgil (70 f. Chr.—19), romersk Digter I, 214. v> 55- Visby, Lauri Christian (1828—1889), dansk Fabriksleder i Granada, senere Forretnings­ fører hos Burmeister & Wain III, 86. V, 292.",medium,fi»
Witte,Iver Nicolaj,1791,1865,,", Postmester i Næstved, Kancelliraad II, 24. V, 126. Vliet, Christian van der, Søn af J. van der V. II, 137. V, 164.",medium,Ji
Vliet,Jacobus Leunis van der,1814,1851,,", Redaktør af »De Tijd« i Haag II, 16, 18, 136-37. V, 123, 164. Voges (Foges?), Dr. phil. IV, 126. V, 407.",medium,i»
Vogler,Georg Joseph,1749,1814,,", tysk Mu­ siker og Komponist, Abbed I, 282. V, 69, 76- Vogt, Frederik Sigfried (1777—1855), Chargé d’Affaires i Neapel, Etatsraad I, 209, 214, 215- V, 53.",medium,i’
Voigt,Christian,1808,1888,,", Søn af L. P. V., cand. phil., senere Købmand I, 60, 284-86. V, 16, 20, 34, 52, 77, 78.",medium,LP
Voigt,Laurits Peter,1779,1859,,", Købmand i Faaborg, Agent I, 60, 63, 284. V, 16, 77.",low,i
Voigt,Riborg,1806,1883,,", Datter af L. P. V., g. 1831 m. P. J. Bøving I, 60, 80, 169, 209, 262, 284-85. V, 16, 17, 20, 31, 42, 53, 68, 77. VI, 10, 23.",high,JLPgm
Woldsen,J. N.,,1872,,", dansk Generalkon­ sul i Amsterdam III, 256, 262. IV, 344. V, 342.",low,i
Wolff,Bernhard,1799,1851,,", Professor i Jena i Skønlitteratur og nyere Sprog, Over­ sætter og Improvisator II, 57, 59, 67, 116, 122. V, 136, 154, 178. Wolf hagen, F. (1818—1894), Kammerherre, Præsident for Danmarks Deltagelse i Ver­ densudstillingen i Paris 1867, tidligere Mi­ nister for Slesvig IV, 6, 8, 15, 40. V, 372, 374- Wolf hagen, Friederike (1813—1878), Forfat­ terinde (Marie Norden) II, 305. V, 231-32. Wollheim da Fonseca, A. E. ( 181 o— 1884), tysk Forfatter I, 337. V, 103-04. Wollheim da Fonseca, Doris, f. Leffmann (1805—1873), g. m. A. E. W. I, 337. V, 104.",high,AEFWfgim
Wolzogen,"Karoline v., f. v. Lengefeld",1763,1847,,", Søster til Charlotte Schiller, For­ fatterinde II, 62, 63. V, 137-38.",clean,
Worsaae,Jens,1780,1840,,", Amtsforvalter i Vejle, Justitsraad I, 22, 26, 27. V, 8.",low,i
Worsaae,J. J. A.,1821,1885,,", Søn af Jens W., Arkæolog og Historiker, 1874—75 Kul­ tusminister IV, 197, 306. V, 8, 369, 435, 472- Worsaae, Peter Marius (1816—1877), Søn af Jens W., Herredsskriver, Vejle IV, 197. V, 435- Wosemose, H. C. (1784—1862), cand. jur., Sproglærer, Litterat I, 214. V, 55.",high,CHW
Voss,Juan,1842,1883,,", Tandlæge IV, 228. v, 444’ Wrangel v.",medium,v’
Brehmer,"Augusta Petronella, Friherreinde, f. Wollmar",1812,1873,,", g. m. Carl Gustaf W. I, 272. V, 72. Wrangel v.",high,Wgmv
Brehmer,"Carl Gustaf, Friherre",1803,1872,,", Besidder af Hyby Fideikom- mis, Skåne I, 272. V, 72.",clean,
Wrede,"Louis, Friherre",1816,1901,,", svensk­ norsk Gesandt i Haag III, 270-71. V, 345- Wulff, Christian (1777—1843), Broder til P. F. W., Kommandørkaptajn, senere Kontre­ admiral I, 6. V, 4.",high,FPWi
Wulff,Christian,1810,1856,,", Søn af P. F. W., Sekondløjtnant i Søetaten, 1834 Pre­ mierløjtnant, 1841 Kaptajnløjtnant, 1851 Kaptajn I, 31, 33, 100, 121. II, 178, 246, 283. III, 303. V, 11, 25, 30, 58, 69, 70, 183, 221, 223, 362.",high,FPWi
Wulff,"Henriette, f. Weinholdt",1784,1836,,", g. m. P. F. W. I, 28, 31, 33, 50, 72. V, 10, 11, 5p. Wulff, Henriette (Jette) (1804—1858), Datter af P. F. W. I, 31, 33, 113, 115, 121, 129, 144, 149, 156, 162-63, 166, 176, 178, 179, 181, 182, 188, 190, 193, 198, 236, 248. II, 246, 299, 305-06. III, 288, 303, 330. IV, 346. V, 11, 28, 30, 46, 49, 52, 59, 67, 88, 89, 91, 172, 189, 191, 206, 221, 223, 224, 232,324, 360, 362. VI, 14, 15, 24, 28. Wulff, Jørgen Peter Frederik (1808—1881,) Søn af P. F. W., Premierløjtnant i Søetaten, senere Admiral I, 121. V, 30.",high,FPWgim
Wulff,Louise,1810,1842,,", Adoptivdatter af Christian W., g. 1831 m. Sekondløjtnant i Søetaten, senere Kommandør Hermann Ipsen I, 6. V, 4.",high,Wgim
Wulff,Peter Frederik,1774,1842,,", Kom­ mandørkaptajn, 1834 Kommandør, 1840 Kontreadmiral I, 28, 72, 144. II, 220. V, 4, 10, II, 28, 30, 36, 75, 204, 260,324, 352, 398. VI, 15.",clean,
Württemberg,"Wilhelm I, Konge af—",1781,1864,,"II, 372. V, 255.",clean,
Zahle,Nathalie,1827,1913,,", Skolebestyrer­ inde IV, 84. V, 361, 396, 481.",clean,
Zahle,P. Chr.,1825,1898,,", cand. theol., Folketingsmand, senere Sognepræst II, 322, 324. V, 239.",clean,
Zahrtmann,Wanda,1842,1916,,", Datter af Viceadmiral C. C. Z., g. 1863 m. cand. polit., senere Chef for Det kgl. Teater, Grev Christian Danneskiold-Samsøe II, 268, 377, 391-92, 394. V, 218, 464.",high,CZgm
Zeise,Heinrich,1793,1863,,", Apoteker i Al­ tona II, 37. V, 131.",low,i
Zeise,Heinrich,1822,1914,,", Søn af Hein­ rich Z., Farmaceut, holstensk Digter og Oversætter II, 37, 64, 74. V, 130, 131, 176, J79- Zeuthen, F. L. B. (1805—1874), Magister, 1835 Sognepræst til Grimstrup og Aarre, 1849 til Sorø, 1860 til Michaelis Kirke i Fredericia I, 212-14. II, 322, 324, 326. V, 54, 56, 238. 240-41. Ziegesar, Marie v. (1824—g- 1847 m- senere Hofmarskal Ernst v.",high,BFLZiv
Plüskow,"Wei­ mar II, 54. V, 135. Zinck, Ludvig",1776,1851,,", Syngemester ved Det kgl.",clean,
Teater,"Komponist I, 2, 90, 93, 244. V, 3, 63. Zinn, Ludvig",1808,1868,,", Søn af Agent J. F. Z., Grosserer, Major i det borgerlige Artilleri II, 290. IV, 66. V, 227, 390.",high,FJZi
Zinn,"Margrethe Christiane, f. Oldeland",1784,1857,,", Enke efter Agent J. F. Z. II, 290. V, 227.",medium,FJZ
Tx-za,Christine,1797,1862,,", Operasanger­ inde I, 36. II, 26. V, 12.",clean,
Zöllner,"Karoline v., f. Grape",1795,1868,,", tysk Forfatterinde (Karoline v. Göhren) II, 220, 284. V, 205, 220, 224.",low,v
Oehlenschlæger,Adam,1779,1850,,", Digter I, 28, 32, 37, 40, 41, 59, 71, 92, 114, 116, 117, 144, 162, 166, 179, 204, 213, 224, 239, 268, 327. II, 6, 9, 32, 33, 38, 86-87, T93- HI, 140, 208, 231, 260, 264, 265, 287, 320, 327, 347. IV, 95, 104, 110, 341, 343. V, 3, 10, 11, 16, 24, 28, 29, 30, 36-37, 41, 47, 54, 57, 62, 64, 6g, 74, 93, 99, 108, 118, 126, 127, 129, 140, 141, 145, 156-57, 162, 169, 192, 193, 199, 327, 338, 344, 359, 390, 403, 404, 429, 486.",clean,
Oehlenschlæger,Charlotte,1811,1835,,", Datter af Adam 0., g. 1832 m. Ludv. Phi- ster I, 77, 92, 101. V, 20, 24. — Se ogsaa Phister, Charlotte.",medium,gm
Oehlenschlæger,"Francisca, f. Hedemann",1822,1861,,", g. 1844 m. Johannes 0. II, 24. V, 126.",medium,gm
Oehlenschlæger,Johannes,1813,1874,,", Søn af Adam 0., konst. Konsumtionsforvalter i Sorø, senere Toldinspektør, Kammerjun­ ker II, 24. V, 126.",low,i
Øllgaard,Ferdinand,1842,1919,,", cand. jur., Manuduktør, senere Birkedommer i Amager Birk IV, 198. V, 435.",low,i
Ørsted,Anders Sandøe,1778,1860,,", Rets­ lærd, Politiker I, 111. V, 28.",clean,
Ørsted,"Birgitte, f. Ballum",1789,1875,,", g. m. Hans Christian 0. II, 72, 184. IV, 264. V, 141, 321, 457. VI, 15.",medium,gm
Ørsted,Hans Christian,1772,1851,,", Broder til A. S. 0., Fysiker I, 179, 182, 293. II, 2, 71, m, 123, 143, 261. III, 109, 231, 324, 341. IV, 95, 149, 154, 157, 268, 269, 270, 345. V, 21, 29, 30, 46, 65, 140-41, 152, 165, 197, 217, 236, 299, 361, 398, 415, 457, 458. VI, 12. Ørsted, Mathilde (1824—^oG), Datter af H. C. 0. II, 261, 275, 367. III, 20, 136. IV, 3, 52, 84, 149, 262. V, 197, 216, 217, 397> 4i5, 457> 481- Øst, Niels Chr. (1779—1842), Overkrigskom­ missær, Litterat I, 123. V, 31, 122.",high,ACHS^m
Østerberg,Vilhelmine Frederikke,,1888,,", Skuespillerinde ved Det kgl. Teater I, 320, 321. V, 95.",clean,
Østrig,"Caroline, Kejserinde af —, f. Prinsesse af Bayern",1792,1873,,", Datter af Kong Maximilian I af Bayern, Enke efter Kejser Franz I af 0. II, 86. V, 144.",clean,
Østrig,"Franz I, Kejser af —",1768,1835,,", II, 86. V, 144.",clean,
Østrig,"Sophie, Erkehertuginde af —, f. Prin­ sesse af Bayern",1805,1872,,", Datter af Maximilian I af Bayern, g. m. Erkehertug Franz Karl af 0. II, 80-81, 86, 88. V, 143, 144, *45- Østrig, Stephan, Erkehertug af — (1817— 1867), Civilguvernør i Bohmen II, 62, 82. v, 137-",high,*gimv
