kind	reference_name	reference_desc	reference_refs
candidate_missing	Aagaard	»ude fra Kalundborg-Kanten(?)« (19.5.1872)	IX:280
candidate_missing	Abbott, John	Engelsk Ingeniør i Indien.	VI:263
candidate_missing	Abd-el-Kader (1807–1883)	Emir af Maskara, algiersk Frihedskæmper.	VII:178
candidate_missing	Achard, Anna	Pensionatsværtinde i Genève 1860.	IV:422–423;IV:425;IV:429;IV:433;IV:434
candidate_missing	Agrippina d.Æ. (død 33)	g.m. Germanicus, Moder til Caligula.	II:139
candidate_missing	Aken(?)	Athen 6.4.1841.	II:175
candidate_missing	Aldridge, Mrs.	g.m. Ira A.	VII:275
candidate_missing	Alexander den Store (356–23 f.Chr.)	makedonisk Konge.	I:335;I:339;II:54;II:132
candidate_missing	Alexander III (død 1181)	Pave 1159.	I:380;I:400
candidate_missing	Alexander VII (1599–1667)	Pave 1655.	I:380
candidate_missing	Alexis, Willibald (Pseud, f. Georg Wilh. Heinr. Häring) (1798–1871)	Tysk Forfatter.	I:111;I:188;I:505;II:353;III:30
candidate_missing	Almeida, Carlos Augusto de, Visconde, senere (1875) Conde de - (1845–?)	Søn af P. M. de A., Attaché ved det portugisiske Gesandtskab i Paris 1866.	VII:78;VII:115;VII:149;VII:153–154;VII:156;VII:160
candidate_missing	Almlöf, Nils Vilhelm (1799–1875)	Skuespiller ved Det kgl. Teater i Stockholm.	III:314
candidate_missing	Amberger, Anna Barbara, f. Esslinger	Enke efter Boghandler i Solingen Fr. Gerh. A.	IV:435–436;V:24
candidate_missing	Amé’s Far (død 1867)	Bordeaux 1866.	VII:89;VII:173;VII:176–177;VII:342
candidate_missing	Amundin	fra Vejle (tidligere Sømand) 26.4.1868.	VIII:56
candidate_missing	Ancker (Anker?)	Sorø 20.5.1850.	III:386
candidate_missing	Andkjær, Augusta Jutta (Jytte) (1859–1934)	Skuespillerinde ved Det kgl. Teater 1870–1872, g.m. Kunstforlægger, Litograf Alfred Jacobsen.	VIII:415
candidate_missing	Andrié, Jean-François-Daniel (1792–1866)	Sognepræst i le Locle 1830–1843, i Berlin (l’Eglise du Refuge) fra 1843.	IV:407
candidate_missing	Anhalt-Bernburg, Frederikke, Hertuginde af –, f. Prinsesse af Slesvig-Holsten-Sønderborg-Glücksborg (1811–1902)	Søster til Kong Christian IX af Danmark, g. 1834 m. Hertug Alexander af A.-B.	IV:472
candidate_missing	Anholm, Frieda (Friede) (1848–1930)	Datter af Johannes A., senere Institutbestyrerinde.	VI:92–93;VI:94
candidate_missing	Apfelstedt, Paul	Tysk Autografsamler, Frankfurt a.M. 1875.	X:451
candidate_missing	Armand, Madame	Fransk Skuespillerinde, Medlem af Delcours Selskab fra Berlin.	II:407
candidate_missing	Arndt, Ernst Moritz (1769–1860)	Tysk Digter.	II:313;II:372–373
candidate_missing	Amesen Kali, Benedicte (1813–1895)	Forfatterinde og Oversætter.	VIII:447;VIII:449;X:390;X:433–434
candidate_missing	Arnkiel, Hans Michael (1785–1858)	Forpagter af Postekspeditionen i Gaabense, 1852 Postekspeditør.	III:428
candidate_missing	Aron	Moses’ Broder, Ypperstepræst.	II:167
candidate_missing	Asschenfeldt, G. G. J. (1792–1856)	Hovedpræst ved St. Nicolai Kirke i Flensborg, 1850–1854 Superintendent i den tysktalende Del af Slesvig, 1854 Overkonsistorialraad, tysk Salmedigter.	II:422
candidate_missing	Assen, Gornelis Jacobus van (1788–1859)	Professor i Romerret i Leiden.	III:195;III:197
candidate_missing	Assor, S.	Privatlehrer, dr. phil., Altona.	VIII:88–89;VIII:91;VIII:107;VIII:114
candidate_missing	Aubert, Ludvig Cæsar Martin (1807–1887)	Norsk Gymnasielærer, 1840–1875 Professor i latinsk Filologi ved Christiania Universitet.	I:455
candidate_missing	d’Auchamp, F. L. F. (1810–1872)	Overretsprokurator i København, Kancelliraad.	VIII:146
candidate_missing	Auerbach, Eugen	Søn af Berthold A.	IV:52
candidate_missing	Auerbach, Ottilie	Datter af Berthold A.	IV:52
candidate_missing	August	Le Locle 14.9.1833.	I:175
candidate_missing	Augustenborg, Prinsesserne af Slesvig-Holsten-Sønderborg	Døtre af Prins Emil af A. (Charlotte (1803–1880), Pauline (1804–1887), Amalie (1813–1870), Sophie (1815–1861)).	II:407;III:64–65
candidate_missing	Augustenborg, Frederik, Prins af Slesvig-Holsten-Sønderborg- (1829–1880)	Søn af Christian August af A., Hertug 1863 (Friedrich der Achte).	II:276–277;II:440;II:448;III:6;III:10;V:449;VI:25
candidate_missing	Avisard, Sougey	»en Ven af Bindesbøll«, Berlin 28.12.1845.	III:35
candidate_missing	Baade, Knud (1808–1879)	Norsk Maler, München 1852.	IV:105
candidate_missing	Bache, Andrea Kirstine Martine, f. Kjerulf (død 1905, 74 år gl.)	g.m. C.G.B., efter hvis Død hun overtog Forpagtningen af Søbygaard.	VI:238
candidate_missing	Bahrt, Daniel Nicolaus	Overinspektør på de hertugelige Godser, Hofraad, Augustenborg.	II:277
candidate_missing	Bahrt, Michael Christian	Broder til D.N.B., cand. theol., Huslærer for Prinsesserne på Augustenborg.	II:277
candidate_missing	Baker, Lady Florence, f. von Saas	g. 1860 m. Samuel B.	VII:270–271
candidate_missing	Bang, de, Frøken	(enten Henriette Marie (1809–1855) eller Augusta Christine (1805–1887)), Kusine til Fritz von Eggers.	II:260
candidate_missing	Bang, Caroline Amalie, f. Ibsen (1815–1893)	g. 1842 m. F. S.B.	III:207
candidate_missing	- Hendes Søster og Søsterdatter	Sorø 22.12.1861.	V:137
candidate_missing	Bang, Oluf (Ole) (1788–1877)	Professor i Medicin ved Københavns Universitet, Forfatter, Konferensraad 1848, Gehejmekonferensraad 1874.	IV:28;IV:34;IV:35;V:138;V:388;VI:10–11;VII:361;VII:395;VIII:186;IX:234;IX:454;IX:463–464;X:32
candidate_missing	Bardenfleth, Johan Frederik (Fritz) (1835–1890)	Søn af C.E.B., cand. jur. 1860, Kammerjunker, senere Stiftamtmand i Nykøbing F. og Kammerherre.	V:20;VI:261;VI:279
candidate_missing	Bardua, Wilhehnine (Mine) (1798–1865)	Søster til Caroline B.	III:40
candidate_missing	Bartholin, Johanne (Hanne) (1819–1900)	Datter af Elise Margrethe B., Hofdame hos Landgrevinde Charlotte af Hessen 1855–1861.	V:72;V:390;VII:252;VII:279;VII:380;VIII:203;VIII:260;VIII:354;IX:26;IX:183;X:258–259
candidate_missing	Bastrup, Marie	Kolding 1870.	VIII:348–349
candidate_missing	Bayer, Ohr. Fr. (1841–1933)	Assistent i »Bikuben« 1867, Fuldmægtig 1881–1919.	VIII:399–400;X:431
candidate_missing	Belani, H. E. R. (Pseud, for Carl Ludwig Häberlin) (1784–1858)	Tysk Forfatter.	III:352
candidate_missing	Bell & Daldy	Forlagsboghandel i London.	VIII:154;VIII:181–182;VIII:234;VIII:362;VIII:368;VIII:446
candidate_missing	Bentley, Mrs. Richard (død 1871)		III:222;III:243–244;IV:252
candidate_missing	Bentley, Alfred	Søn af Richard B.	III:222;IV:252;IV:262
candidate_missing	Bentley, Annie	ældste Datter af Richard B.	III:222;III:244;III:263;IV:252;IV:262–264;V:293;IX:146;IX:147;IX:150
candidate_missing	Bentley, Frederick	Søn af Richard B.	III:222;IV:252;IV:262
candidate_missing	Bentley, Horatio	Søn af Richard B.	III:222;IV:252;IV:262
candidate_missing	Bentley’s Brodersønner		III:222;III:244;III:264;IV:262
candidate_missing	Bentley’s Søstre		III:244
candidate_missing	Bentzen, Anne Rosine (død 1870, 70 år gl.)	Datter af Karen B.	II:286–287;II:295;III:414;IV:35
candidate_missing	Bentzen, Karen, f. Knudsen (død 1845, 84¼ år gl.)	Enke efter Borgmester i Skien, Justitsraad Bent Mogens B.	II:286–287;II:295
candidate_missing	Bentzen, Sophie (død 1875, 80 år gl.)	Datter af Karen B.	II:286–287;II:295;III:414;IV:35
candidate_missing	Berry, Grevinde	»født i Svendborg«, Paris 19.4.1867.	VII:269
candidate_missing	Bertall (Pseud. for Charles-Albert d’Arnoux) (1820–1883)	Fransk Illustrator af H.C. Andersens Eventyr og Fotograf (Bayard & Bertall).	VII:80
candidate_missing	Bertran de Bom (12. århundrede)	provencalsk Ridder og Trubadur.	X:4–5
candidate_missing	Bielke	(»der døde af Snive«).	VII:326
candidate_missing	Billes	(ikke nærmere angivet).	V:5
candidate_missing	Bilsted, Emst Frederik August (1808–1871)	Student 1828, cand. jur. 1836, fra 1833 Besidder af Høvdingsgaard, Mern S., 1862 Hofjægermester.	VII:15;VII:246;IX:12
candidate_missing	Birger Jarl (død 1266)	Svensk Stormand.	III:339;III:360
candidate_missing	Birger Persson til Finsta (død 1327)	Lagman over Uppland. Skt. Birgittas Far.	II:18
candidate_missing	Bissen, Johanne (Hanne) (1862–1930)	Datter af Vilh.B., g. 1888 m. Apoteker og Fabrikejer Alfred Benzon.	IX:56
candidate_missing	Bjerre	Basnæs 7.10.1857.	IV:294
candidate_missing	Bjørnson, Bjørnstjeme (1832–1910)	Søn af Peder B., norsk Digter.	V:18–19;V:35–36;V:39;V:42;V:44–45;V:47;V:48–49;V:50;V:53;V:58–59;V:82;V:97;V:107;V:139;V:145;V:353–356;V:360;V:368–370;V:372;V:374;V:378;V:382;VI:24;VI:52;VI:71;VI:99;VI:128;VI:171;VI:172;VI:200;VI:229;VI:240;VI:263;VI:264;VI:323;VI:331;VI:335;VII:2;VII:271;VII:336;VII:357;VII:362;VII:390;VII:392–393;VIII:5;VIII:16;VIII:25;VIII:49;VIII:99;VIII:101;VIII:105;VIII:120;VIII:123–124;VIII:153;VIII:172;VIII:451–452;IX:26;IX:31;IX:84;IX:86;IX:89;IX:91;IX:113–124;IX:126–27;IX:133–134;IX:139;IX:147;IX:148;IX:162–163;IX:167;IX:177;IX:179;IX:299;IX:329;IX:331;IX:346;IX:351;IX:380–381;IX:387;IX:390–391;X:11;X:152;X:438
candidate_missing	Bjömstjema, Oscar Magnus Fredrik, Greve (1819–1905)	Svensk Generalmajor, 1864 svensk Minister ad interim i København, Udenrigsminister 1872–1880.	IX:137
candidate_missing	Black	Amerikansk Beundrer (1871).	IX:10
candidate_missing	Bloch (Block), Karoline Amalie Ulrike Ottilie Adolfine Augusta (1803–54 (?))	Hofdame hos Prinsesse Maria af Preussen.	III:41
candidate_missing	Blom, Caroline (Lili) (1851–1928)	Datter af Julius B., g. 1878 m. senere Generalkonsul i Berlin Robert Gädeke.	VIII:240
candidate_missing	Bock, Petrine Vilhehnine, f. Petersen (1818–1877)	g. 1845 m. J.C.A.B.	IV:231
candidate_missing	Bonaparte, Lucien, Fyrste af Ganino (1775–1840)	Broder til Napoléon I.	II:132
candidate_missing	Boom, J. M. (død 1875)	Dansk Konsul i Cadix.	V:291–293
candidate_missing	Borring	(»Brev fra Hr. Borring om at komme til ham og see hvad han havde hjembragt fra Færøerne og Island«, 12.4.1875).	X:433
candidate_missing	Bétzaris, Marko (ca. 1788–1823)	græsk Frihedskæmper.	II:168
candidate_missing	Bouffé, Marie (1800–1888)	Fransk Skuespiller.	II:340
candidate_missing	Boye, Emilie Franzisca, f. Kiinitzer (1835–1916)	g. 1855 m. Edvard B.	VI:340;VIII:344
candidate_missing	Boye, Peter Vilhelm (død 1842)	Broder til F.G.B., stud.theol.	II:284
candidate_missing	Brahe, Aurore Vilhelmina, Enkegrevinde, f. Friherreinde Koskuli (1778–1852)	Enke efter Grev Magnus Frederik B. til Salsta.	III:332
candidate_missing	Braminer	Jfr., Christinelund 1851.	IV:26–27
candidate_missing	Brandis, Henriette (Henny) (1819–1874)	Datter af J.D.B., Forfatterinde.	IV:196;IV:198;IV:238–239;V:169;V:172;V:176–177;VI:33;VI:345;VI:349–351;VII:1–3;VII:4;VII:6;VII:198;VII:320;VII:323;VII:365–366
candidate_missing	Brandt, Frederik Christian (død 1839)	Korist ved Det kgl. Teater 1820–1825.	III:387
candidate_missing	Braun, Familien	fra Rio de Janeiro.	III:275–276
candidate_missing	Breitkopf & Härtel	Bogforlag i Leipzig.	III:59
candidate_missing	Brinck-Seidelin, Maria Ghristophina, f. von Westen (1777–1860)	g. 1809 m. H.D.B.-S.	I:2
candidate_missing	Brinckmann, Wilhelmine	Datter af Maria B., Itzehoe, Juni 1843.	II:379–380
candidate_missing	Briquet, Suzanne-Mathilde, f. Archinard	g.m. Etienne-Emile B.	IV:429
candidate_missing	Brix, Frederiksholm, Sjælland (Sengeløse S.?)	Hotel d’Angleterre 5.7.1870.	VIII:393
candidate_missing	Brix, Frue	Frederiksholm.	VIII:393
candidate_missing	Broberg	Svensk Løjtnant fra Jônkôping (1849).	III:342
candidate_missing	Brodersen, Charlotte, f. Hornemann (1812–1859)	Datter af J. W. Hornemann, g. 1839 m. J.P.B.B.	IV:359
candidate_missing	Bronzino, Agnlolo (1503–1572)	Italiensk Maler.	I:253;I:432–433;II:79
candidate_missing	Brosbøll, Carl (Carit Etlar) (1816–1900)	Forfatter.	III:80;III:182;IV:360;V:7;V:15;V:156;V:157;VI:43–45;VI:129;VI:157;VI:213–214;VII:235;VII:246;VII:259;IX:6;IX:21;IX:55;IX:187;IX:231
candidate_missing	Brown, Hannah, f. Meredith	Veninde af Miss Burdett-Coutts.	IV:242–243
candidate_missing	Brun, Adelaide (Ida), f. Rantzau (1825–1909)	tidligere Operasangerinde ved Det kgl. Teater, g. 1851 m. M.W.B.	IX:133
candidate_missing	Brun, Ella Amalie, f. Bluhme (1838–1905)	g. 1859 m. Kaptajn af Artilleriet, senere Generalmajor Carl August B.	VIII:47
candidate_missing	Brunnow, Elisabeth von, Baronesse	Datter af E.G.v.B.	II:406
candidate_missing	Brunnow, Emst Georg von, Baron (1796–1845)	Tysk Romanforfatter.	II:406;II:408;II:413
candidate_missing	Brunswick (Pseud. for Léon Lhérie) (1805–1850)	Fransk Skuespilforfatter.	II:332
candidate_missing	Brutus, Marcus Junius (85–42 f.Chr.)	Cæsars Morder.	II:139
candidate_missing	Bruun, Gamillo (1818–1880)	Søn af J.S. B., Redaktør af Hjørring Amtstidende, Forfatter, 1869 Assistent i Bikuben i København.	IV:352;VII:269–270
candidate_missing	Bruun, Frederik (Fritz) (1835–1906)	Søn af Palle Chr.B., 1865 Overgartner hos Hertugen af Frias ved Madrid, derefter hos Hertugen af Fernan-Nunez, 1868–1905 Slotsgartner på Bernstorff Slot.	VIII:6
candidate_missing	Bruun, G. L. (død 1892, 65 år gl.)	Grosserer, H.C. Andersens Nabo i Lille Kongensgade Nr. 1.	VII:260;VIII:43;IX:193
candidate_missing	Bruun, Mary	Datter af G.L.B.	VII:260;VIII:43;IX:193
candidate_missing	Brüggeman, Hans	(omkring 1520), Billedhugger og Billedskærer.	IV:47
candidate_missing	Brüggemann	(Brev fra ham til H.C. Andersen Leipzig 8.9.1846).	III:177
candidate_missing	Brøndsted	(»en ung Brøndsted i Besøg«, Asmild Kloster 4.9.1859).	IV:364
candidate_missing	Brøndum, Alfred G. (død 1893, 53 år gl.)	Søn af Anton B., Brændevinsbrænder, Fabriksejer.	X:328
candidate_missing	Buchheister	(»fra Hamborg«), Konsulatsembedsmand, Barcelona.	V:213;V:216–219;V:224
candidate_missing	Bueck, Anne Clémy (kaldet Marthe), f. Rousse	g.m. Forretningsmand i Königsberg Henri Auguste B., Svigermoder til Konsul Eduard Kirstein (1835–1899) i Bordeaux.	VIII:89
candidate_missing	Buli fra København	Göteborg 29.7.1871.	IX:107
candidate_missing	Buli, Bodil Dorothea, f. Holst (1826–1903)	Søsterdatter af H. C. Ørsted, g. 1867 m. Georg Albert B.	IX:166
candidate_missing	Buli, Georg Albert (1827–1913)	fhv. Kapellan i Lindaas, Afsked 1870, boede i København til 1903.	IX:166
candidate_missing	Buli, Georg Jacob (1849–1916)	Søn af A.S.Ø.B., cand. jur. 1870, senere Justitiarius i Overretten i Christiania.	IX:125
candidate_missing	Buli, Johan Chr. Dahl (1850–1895)	Søn af A.S.Ø.B., Student 1869, senere kgl. Fuldmægtig i Christiania.	IX:125
candidate_missing	Buli, Johanne (Hanne) (1809–1886)	Datter af Albertine B.	IX:125;IX:134
candidate_missing	Buil, Ole (1810–1880)	Norsk Violinvirtuos.	II:253;II:377;III:139–140;III:146;IV:4;IV:14–15;IV:470;VII:7–8;VII:10–14;VII:17–18
candidate_missing	Buli, Sofie (1811–1886)	Datter af Albertine B.	IX:125;IX:134
candidate_missing	Buli, Søren Christian Ørsted (1810–1893)	Søn af Albertine B., Ekspeditionssekretær i Armédepartementet i Christiania.	IX:121–122;IX:124–125;IX:128;IX:134
candidate_missing	Burdett-Goutts, Angela (1814–1907)	Engelsk Filantrop.	III:265;IV:242–243;IV:246–247;IV:251;X:315
candidate_missing	Burenstam, Gari Reinhold (1829–1907)	Svensk Diplomat, 1859–1870 svensk-norsk Legationssekretær i Wien.	VIII:286
candidate_missing	Burns, Cleland	skotsk Turist, Fribourg 6.-7.6.1873.	X:97–98;X:110
candidate_missing	— Hans Broder fra Amerika.		V:157
candidate_missing	Boegekamp, Heinrich (død 1870)	Tysk Publicist, Geograf og Indsamler af westfalske Sagn og Eventyr.	IV:223–224
candidate_missing	Bøgh, Frk.	En af Frederik og Nicolaj Bøghs Søstre.	IX:293
candidate_missing	Bötcher, Frøken	Badegæst fra Kurland i Kreischa Juli 1844.	II:411–412
candidate_missing	Galiari, Gabriele (1560–1631)	Italiensk Maler, Søn af Paolo Veronese.	I:400
candidate_missing	Caligula, Gaius Cæsar (12–41)	Romersk Kejser 37.	I:353–354;II:139;III:227;V:83
candidate_missing	Calmet(?)	30.6.1839.	II:39
candidate_missing	Galon, Madame	g.m. P.G.	VIII:334
candidate_missing	Galon, P. (død 1918)	Dansk Konsul i Paris, 1873–1897 Generalkonsul.	VIII:70;VIII:331;VIII:334
candidate_missing	Gambiaso, Luca (1527–1585)	Italiensk Maler.	II:103
candidate_missing	Camphausen, Frue	g.m. Wilh. C.	V:376
candidate_missing	Camprubi, Mariano	Spansk Danser.	II:41–42;II:344
candidate_missing	Caracalla, Marcus Aurelius Antoninus Bassianus (188–217)	romersk Kejser 211.	I:333
candidate_missing	Carstens	Søn af Fedder C. (1872).	IX:336
candidate_missing	Cartwright, Maria Elizabeth, Lady, f. Grevinde von Sandizell (død 1902)	g.m. Sir Thomas C.	III:336
candidate_missing	Carus, Frøknerne	Døtre af Carl Gustav C. (Marianne Albertine (1814–1868) og Caroline Cäcilie (1819–1895)).	V:110
candidate_missing	Casse, Christine Bothilde Petrea, f. Winding (død 1917)	g. 1866 m. P.E.C.	VIII:141
candidate_missing	Gastex, Blanche, f. Jurgensen (1843–?)	Datter af N. J. Jurgensen, g. 1866 m. Paul C.	VII:172
candidate_missing	Castiglione, Giovanni Benedetto (il Grechetto) (1610–1665)	Italiensk Maler.	I:253
candidate_missing	Castilho, Charlotte de, f. Vidal	Datter af M. C. Vidal, g.m. A. F. de C.	VII:109–110;VII:112
candidate_missing	Gastillien, Pedro I, den Grusomme, Konge af – (1334–1369)	Konge 1350.	V:300
candidate_missing	Castlereagh, Elisabeth Frances Charlotte, Lady, f. Jocelyn (død 1884)	Enke efter Viscount Richard of Powerscourt, g. 1846 m. Frederick William Robert Stewart G.	III:219
candidate_missing	Gastrén	(Navnet misforstået?).	II:398
candidate_missing	Gaubet	Fransk Operasanger, Amsterdam 20.2.1866.	VII:40
candidate_missing	Gaus, Salomon de (1576–ca. 1630)	Fransk Ingeniør.	IV:150
candidate_missing	Cazalis, Gustave	Søn af William G.	III:153–154
candidate_missing	Gazin	Svigerfader til Chr. A. Benzon.	II:314
candidate_missing	Gederfeld de Simonsen, Carl (1782–1853)	Borgmester i Kalundborg, Justitsraad.	II:258–259
candidate_missing	Cerrito, Francesca (Fanny) (1817–1909)	Italiensk Balletdanserinde, g. 1845 m. Arthur Saint-Léon, Ægteskabet opløst 1851.	III:238
candidate_missing	Chambord, Henri, Greve af – (1820–1883)	Søn af Hertug Charles Ferdinand af Berry, fransk Tronprætendent.	I:489
candidate_missing	Chlodvig (Chlodovech) (ca. 466–511)	Frankerrigets Grundlægger, Konge 481.	II:54
candidate_missing	Chosrew Pasha	tyrkisk Guvernør i Belgrad (1841).	II:230
candidate_missing	Christensen, Madam	Moder til Musikeren C.	X:386–387;X:388
candidate_missing	Christensen, Dagmar	Datter af C.Th.C.	VIII:370
candidate_missing	Christensen, Mathilde (Illa.) (1851–1922)	Datter af Harald G., Forfatterinde (F. C. van der Burgh).	X:80;X:82–83;X:196
candidate_missing	Christian & Cocelles	Bankfirma, Wien.	I:478
candidate_missing	Christmas-Dirckinck-Holmfeld, Tusky, f. FriherreindeDirckinck-Holmfeld (1839–1924)	Datter af Constant Dirckinck-Holmfeld, g. 1859 m. senere Oberstløjtnant, Kammerherre og Hofjægermester Walter Edmund C.-D.-H.	VIII:85
candidate_missing	Claudi, G. B. (1799–1880)	Stifter af Redningsvæsenet på Jyllands Vestkyst, konstitueret Inspektør for Redningsvæsenet 1852–1869, Sandflugtskommissær, Translatør i Engelsk og Tysk i Ribe Amt, Justitsraad.	IV:342
candidate_missing	Clausen, Hans A. (død 1891, 85 år gl.)	Agent, græsk Generalkonsul, senere Grosserer og Etatsraad.	VIII:198
candidate_missing	Clausen-Schiitz, Christian Ludwig	Over- og Landsretsadvokat i Wandsbeck.	III:147;III:149–150;III:240;III:242;III:245
candidate_missing	Clemens III (død 1191)	Pave 1187.	I:402
candidate_missing	Clemens VIII (1536–1605)	Pave 1592.	I:304
candidate_missing	Clemens XII (1652–1740)	Pave 1730.	III:83
candidate_missing	Clemens XIII (1693–1769)	Pave 1758.	I:393
candidate_missing	Clemens XIV (1705–1774)	Pave 1769.	II:88
candidate_missing	Glevermann	Fransk Tryllekunstner, Paris 13.2.1870.	VIII:332
candidate_missing	Codes, Publius Horatius (ca. 500 f. Chr.)	romersk Helt.	I:219
candidate_missing	Gohen, den unge	Maxen 29.7.1861.	V:107
candidate_missing	Colbiørnsen, Angelique Wigan tine (1798–1862)	Datter af Engelke C., Hofdame hos Arveprinsesse Caroline.	I:32
candidate_missing	Colchrane, Charles (død 1855, 48 år gl.)	Engelsk Forfatter, Parlamentskandidat i Westminster ved Valget 1847.	III:237
candidate_missing	Colditz, Frøken	Datter af H.F.C.C.	II:425
candidate_missing	Collin, Hjalmar (1834–1897)	Son af Gottlieb C., Student 1852, cand. phil., Landmand, senere Journalist.	IV:198–199;IV:323;IV:363;IV:364;IV:365–366;V:5;V:141;V:756;VI:245;VII:339;VIII:759;VIII:164;VIII:408;IX:165;IX:180;IX:383
candidate_missing	Collin, Ingeborg Mimi (Vulle) (1837–1843)	Datter af Edvard C.	II:308
candidate_missing	Golloredo-Mansfeld, Hieronymus, Greve (1775–1822)	Østrigsk Felttøjmester.	I:496–497
candidate_missing	Cornelius, Gertruda von, f. Fervatini (død 1859)	g. 1835 m. Peter von G.	II:63
candidate_missing	Cranach. Barbara, f. Brengbier (død 1540)	g. 1505 m. Lucas C. d.Æ.	II:55–56
candidate_missing	Crowquill, Alfred (Pseudonym for Alfred Henry Forrester) (1804–1872)	Engelsk Digter, Tegner og Illustrator.	III:243
candidate_missing	Crusenstiema	Fører af Dampskibet Eric Nordwall, Gôta Kanal 1849.	III:375
candidate_missing	Dahlstrøm, Frederik (Fritz) (1815–1894)	Student 1831, cand. jur. 1835, 1840 Auditør i Armeen, 1842 Kancellist i Danske Kancelli, 1848 Departementschef i Justitsministeriet, 1856–1880 Stiftamtmand over Aalborg Stift, 1850 Etatsraad, 1865 Kammerherre.	II:32;IV:325;IV:338;IV:343–345;IV:350;IV:355;IV:361;IV:472;V:163–164;V:384–386;VII:262;IX:59;IX:61;IX:66;IX:155;X:245;X:447
candidate_missing	d’Alton, Agnes, f. Rauch	Datter af Chr. D. Rauch, g. 1829 m. J. S. E. d’A.	III:39
candidate_missing	d’Alton, Johann Samuel Eduard (1803–1854)	Professor, dr med., sidst i Halle, Svigersøn af G. D. Rauch.	III:39
candidate_missing	Danmark, Charlotte Frederikke, Prinsesse af –, f. Prinsesse af Mecklenburg-Schwerin (1784–1840)	g. 1806 m. Prins Christian (VIII) Frederik, Ægteskabet ophævet 1810.	II:128;II:149;VI:212
candidate_missing	Danmark, Dagmar, Dronning af –, f. Prinsesse af Bøhmen (død 1212)	g. 1205 m. Valdemar II Sejr af D.	II:285
candidate_missing	Danmark, Marie Sophie Frederikke, Dronning af –, f. Prinsesse af Hessen-Kassel (1767–1852)	g. 1790 m. Kong Frederik VI af D.	I:213;I:225;II:31;II:305;IV:21;IV:80–81;VIII:384;IX:32
candidate_missing	Danmark, Sophie Amalie, Dronning af-, f. Prinsesse af Braunschweig-Liineburg (1628–1685)	g. 1643 m. Frederik III af D.	X:203
candidate_missing	Danneskiolds	(ikke nærmere angivet).	V:5
candidate_missing	Danneskiold-Samsøe, Henriette, Grevinde, f. Komtesse Krag-Juel-Vind-Frijs (1848–1897)	Datter af C. E. Krag-Juel-Vind-Frijs, g. 1867 m. senere Lensgreve Christian D.-S. (1838–1914).	VIII:31;VIII:114–115;VIII:200;VIII:231;VIII:356
candidate_missing	Dante Alighieri (1265–1321)	Italiensk Digter.	II:65;II:79;V:66
candidate_missing	Daoust, Charles Louis	Fransk Officer, Nizza 1869.	VIII:314–315;VIII:320;VIII:322;VIII:326–327;IX:7
candidate_missing	Daquin	London 1847.	III:263
candidate_missing	Darius III (død 330 f. Chr.)	persisk Konge 336–30.	I:335
candidate_missing	d'Aubert, Eduard (1813–1873)	Svensk Violinist.	III:381
candidate_missing	- Hans Datter	gift i Paris.	VII:176–177
candidate_missing	d’Avezac, A. G. V. (1780–1851)	Amerikansk Gesandt i Haag.	III:199
candidate_missing	David, Augusta (Gustave), (1823–?)	Datter af Nathan D.	I:10
candidate_missing	Dawison, Constance, f. Jacobi	g. 1861 m. Bogumil D.	V:111
candidate_missing	Decebalus (død 107)	Dacierfyrste.	II:215
candidate_missing	De Gazes de Glücksbierg, Frøken	11.8.1869.	VIII:239
candidate_missing	Deckner, Carlotta	ungarsk Violinistinde, København November 1865.	VI:320–322;VI:334;VII:9;VII:19–20
candidate_missing	De la Rose (eller: Roche)	Hovmester i Hotel Rydberg, Stockholm 1865.	VI:286;VI:287
candidate_missing	Delius, Ed.	Tysk Købmand, Málaga 1862.	V:238;V:240;V:241–242;V:244;V:270;V:272–273;VI:200
candidate_missing	delle Grazie, Cesare	Passager på Donau-Dampskibet Argo Maj 1841.	II:218
candidate_missing	Delong, Frue, f. Tugnot Delanoy	g. ca. 1838 m. A.H.P.G.D.	II:339
candidate_missing	Demcray (Danscray?)	(Navnet synes forskrevet), Braunschweig 22.6.1844.	II:395
candidate_missing	de Pallins, Madame	Pensionatsværtinde i Montreux 1862.	V:200–201
candidate_missing	Descombaz, Edouard Aimé	Præst i Geneve 1868.	VIII:73–77
candidate_missing	Dessau, Frøken	fra Hamburg, København 16.5.1863.	VI:226
candidate_missing	Dessauer		X:404
candidate_missing	Dickens, Catherine (Kate) (1839–1929)	Datter af Charles D., g. 1° 1860 m. Charles Allston Collins, 2° m. C. E. Perugini.	III:265;IV:242–244;IV:249;IV:256;IV:258;IV:260;IV:262;IV:415
candidate_missing	Dickson, Frue, f. Hoskier	Göteborg 1.8.1871.	IX:109
candidate_missing	d’Ohsson, Abraham Constantin Mouradgea, Friherre (1779–1851)	Historiker, svensk Gesandt i Berlin 1835–1850.	III:33
candidate_missing	d’Orsay, Alfred, Greve (1801–1852)	Lady Blessingtons Svigersøn.	III:219;III:230;III:241
candidate_missing	Dou, Gerrit (Gerard) (1613–1675)	Hollandsk Maler.	I:429–430;I:462;IV:178
candidate_missing	Douglas, Marian	Boston, amerikansk Beundrerinde.	IX:316–317
candidate_missing	Drewsen, Amalie (Malle), f. Kümmel (1808–1863)	g. 1830 m. Michael D.	III:390;III:396;V:20;V:135;V:285;V:321;V:405;VII:244
candidate_missing	Drewsen, Elisa, f. Hallady (død 1907)	g.m. Peter D.	VIII:360
candidate_missing	Drewsen, J. G. (1777–1851)	Halvbroder til Adolph D., Papirmøller på Strandmøllen, Stænderdeputeret, Kammerraad.	II:253–255;II:406;IX:291
candidate_missing	Drewsen, Paul (1866–1907(?))	Søn af Valdemar D., senere Ingeniør.	IX:96
candidate_missing	Dreyer (Dreier?)	Glorup 16.8.1856.	IV:234
candidate_missing	Dreyschock, Frue	g.m. Alexander D.	IV:206
candidate_missing	Droscher	Menig, 9. Infanteri-Regiment, 8. Kompagni, Nr. 405 (1864).	VI:74–79
candidate_missing	Du Bois, Henricus Garel, dr. (1814–1880)	Hollandsk Ministerresident i København 1856–1860, senere i Konstantinopel.	VII:41
candidate_missing	Duch, Madame, f. Dübelt	Bordeaux 4.1.1863.	V:338–339
candidate_missing	Duej Frederik (1796–1873)	Norsk Statsminister i Stockholm 1841, svensk-norsk Gesandt i Wien 1858–1871.	III:88–90;III:92;III:311–312;III:314;III:324;III:325;VII:251;VIII:285–286;IX:198;IX:220–221;IX:224;IX:226
candidate_missing	Dunlop, Christiane (Christine), f. Larsdatter (Larsen) (1801–1875)	Enke efter Plantageejer på St. Croix John Balthazar D.	V:406;V:408;VI:170;IX:79–80
candidate_missing	du Plat, Cæsar (1804–1874)	Premierløjtnant i Kavalleriet, 1839 Ritmester, 1848 Major, gik s.A. over til Insurgenterne, 1852 udelukket fra Amnestien, Kostskoleleder i Hamburg, Kammerjunker 1823.	I:119–120;I:122;II:442–443
candidate_missing	du Plat, Giode (1809–1864)	Broder til Cæsar d.P., 1850 Oberstløjtnant og Chef for 2. Forstærkningsbataillon, 1856 Oberst, 1860 Generalmajor og Kommandant i Rendsborg, Kammerherre 1848; faldet 18.4.1864.	III:405–406;III:421;IV:370
candidate_missing	Düb, Adolph	Director, Pest (1841).	II:241
candidate_missing	Dührssen, Herman Chr.	Tysklærer ved Liceu de Coimbra, Coimbra.	VII:146–147;VII:154;X:406
candidate_missing	von Düring	ung tysk Baron, der skriver Digte (1869).	VIII:268
candidate_missing	Döbler, Döbel, Dupel	F. A. Serres Svoger, Koncertmester, Gotha.	IV:219–220;IV:318;IV:321
candidate_missing	Doeblin, Eugen	Professor fra St. Petersborg, Tryllekunstner, optræder på Casino Februar 1867.	VII:241–242
candidate_missing	Döring, Th. (Pseud, for Theodor Häring) (1803–1878)	Tysk Skuespiller.	II:263
candidate_missing	Eaton	Engelsk Diligencepassager, Bologna 10.12.1840.	II:78
candidate_missing	Eckardt, Frue	g.m. Ludwig E.	V:97–98;V:99
candidate_missing	Eckardt, G. E. (1825–1907)	Proprietær, Gathrineholm, Krummerup S., 0. Flakkebjerg H.	X:288
candidate_missing	Eckhoff, Magdalene (Lehnchen) (ca. 1834–1913)	Datter af J.W.E.	II:304–305
candidate_missing	Egidius, Frøknerne	Hildur (1835–1892), Inga (1841–1919) og Iduna (1844–1925), Døtre af norsk Konsul Th. Egidius, Amsterdam.	VII:47
candidate_missing	Egloffstein, Gottfried Emst, Friherre (1769–1848)	Generalmajor, Generaladjudant hos Storhertugen af Sachsen-Weimar-Eisenach, Kammerherre.	III:274
candidate_missing	Engel, Frk.	Datter af G.F.E.E. (enten Emma Henriche, f. 1850, eller Marie Vilhelmine, f. 1851).	IX:327
candidate_missing	Enholm, Lorentz Peter (død 1841)	Skuespiller ved Det kgl. Teater.	I:133;I:456
candidate_missing	Épée, Charles-Michel, Abbé de 1’ (1712–1789)	Grundlæggeren af den skolemæssige Døvstummeundervisning.	II:341
candidate_missing	Eriksen, Christian	Overtjener på Holsteinborg.	VII:331–332;X:258;X:271;X:377
candidate_missing	Eriksen, Jens (Josse Eriksson) (død 1436)	Dansk Foged i Sverrig, Lensmand på Vesterås Slot.	III:356
candidate_missing	Esbensen, Betty Sophie	Datter af J.R.E.	IV:33
candidate_missing	Esbensen, Marie Cathrine Lucie	Datter af J.R.E.	IV:33
candidate_missing	Euripides (480(?)-406 f. Chr.)	græsk Tragediedigter.	II:139
candidate_missing	Ewald. Madam	Vaagekone (December 1872).	IX:368–369
candidate_missing	Eyckholt	Fader til Fru Löwener, Gent 8.9.5.1868.	VIII:64–65
candidate_missing	Faaborg, Christian (1811–1857)	Operasanger ved Det kgl. Teater 1835–1850, 1851 Klasselotterikollektør i København, 1855 Kammerassessor.	IV:414
candidate_missing	Fabricius, Frue	Augustenborg 19–20.9.1844.	II:441–442
candidate_missing	Fabricius, Caroline, f. Andersen (1812–1891)	Enke efter Forpagter af Basnæs, cand. phil. Ferdinand Erik F.	IV:199;IV:475;V:1–2;V:115;V:392;V:454;VI:72;VI:74;VI:79;VIII:259;VIII:374
candidate_missing	Falbe, Wilhelmine (Mine) Ulrikke (1782 1858)	Søster til Engelke Colbiørnsen.	I:32;I:37
candidate_missing	Falkman-Petersen (senere: Falkman), Adolf (død 1903, 66 år gl.)	cand. phil., Journalist.	VI:325–326
candidate_missing	Feisthamel, J.	Baron, Geneve 1860.	IV:422–423;IV:425;IV:431–434
candidate_missing	Femmer, Frederikke, f. Klem (død 1832)	Enke efter Postmester Oluf F.	I:55
candidate_missing	Femmer, Ole	Søn af Henriette Cathrine Orelius, f. Kikkebusch, Elev i Slagelse Skole.	I:55
candidate_missing	Femanda	prostitueret Tyrkinde, Paris 17.5.1868.	VIII:69–70
candidate_missing	Feuerherd, Frk.	Datter af F. fra Portugal, Dresden 30.10.1860.	IV:457
candidate_missing	Fibiger, Laura (1845–1912) eller Margrethe (1846–1927)	Døtre af Axel F.	VI:247
candidate_missing	Firmenich	Broder til Johann Mathias F.	IV:178
candidate_missing	Firmenich (Richartz), Johann Mathias (1808–1889)	Tysk Forfatter og Oversætter, Professor 1860.	I:419;I:421–422;I:430;I:438–439;IV:178
candidate_missing	Fischer, Johanne (Hanne) (1819–1910)	Søster til Fru Christiane Liith, g. 1858 m. Arkitekt Laurits Albert Winstrup.	II:155
candidate_missing	Fisker, Frederikke Wilhelmine Pauline, f. Govi (1830–1905)	Enke efter Læge Lorentz Henrik F.	VI:256–257
candidate_missing	Flindt(?)	8.9.1859.	IV:365
candidate_missing	Forster, Eliza Ann, f. Crosbie	Enke efter Forlæggeren Henry Colburn, g. 2° m. John F.	IV:244
candidate_missing	Fouché	Greve fra Dijon, bor i Dresden med sin Moder, Maxen 10.10.1869.	VIII:270
candidate_missing	Foy. C. A.	stud, philos., Boston (München 21.6.1852).	IV:101
candidate_missing	Frankenberg und Ludwigsdorff, An tonie von, Grevinde, f. Grevinde von Teczin-Paczinsky (1801–1877)	Enke efter Grev Fr.v.F.-L.	VIII:294
candidate_missing	Frankrig, François I, Konge af – (1494–1547)	Konge 1515.	V:348
candidate_missing	Frederiksen, Anna Gicilie (ca. 1843–?)	Datter af H.P.F.	X:116
candidate_missing	Frederiksen, H. G. (1840–1921)	Skolemand, Grundlægger af Ordrup højere Skole og Opdragelsesanstalt, Redaktør af Ill. Børneblad.	IX:350
candidate_missing	Frederiksen, H. P. (død 1891, 81 år gl.)	Direktør for Industribanken i Købehavn.	X:116
candidate_missing	Frederiksen, Ulrike Christiane Dorothca, f. Heering (død 1885, 77 år gl.)	g.m. H.P.F.	X:116
candidate_missing	Freiing	Apoteker, Hildesheim (1833).	I:141
candidate_missing	Frijs, Charlotte Frederikke Krag-Juel-Vind-, Grevinde, f. von Roepstorff (1795–1861)	g. 1818 m. Ritmester, Kammerherre Carl Ludvig Krag-Juel-Vind-F.	I:37–38;I:39
candidate_missing	- Hans Hustru		IV:278;VIII:270
candidate_missing	Gad, G. E. G. (1830–1906)	Forlagsboghandler.	VII:240
candidate_missing	Gadow, Louise von, f. Komtesse Krag-Juel-Vind-Frijs (1820–1883)	Datter af Christian Krag-Juel-Vind-Fri js, g. 1839 m. Adolph Carl Ludwig Hans von G. til Hugodstorf, Neuhof, Drechow, Teschow og Kossow.	VI:249
candidate_missing	Galitzin, Vasiliu Petrovid, Fyrste (1800–1862)	russisk Kunstsamler.	III:92
candidate_missing	Gall, Leonore von, Friherre inde, f. von Gall (1806–1878)	g. 1835 m. Ferdinand v. G.	II:391;III:17;III:20–21;III:23–24;III:169;IV:439
candidate_missing	Gallenga, Familien		VI:97
candidate_missing	Gallenga, Mrs.	g. 1858 m. A.G.N.G.	VI:97
candidate_missing	Garlieb, Frøknerne Anna Sophie Louise, Wilhelmine Elisabeth og Augusta Friderike	Døtre af G.G.	III:375
candidate_missing	Gayangos y Arce, Emilia	Datter af Pascuâl de G. y A.	V:326;V:328
candidate_missing	Geldhaar, Wilhelmina (Mina) (1837–1923)	Svensk Operasangerinde, g. 1° 1870 m. Friherre Eugen von Stedingk, 2° 1883 m. Kammarrättsradet Joh. Aug. Wallensteen.	VI:290
candidate_missing	Genevay, Antoine (1811–ca. 1885)	Fransk Journalist, deltog i Journalistbesøget i København August 1867.	VII:343–344;VII:348;VII:360;VII:377;VII:396;X:197
candidate_missing	Gerdislaw, Charlotte von	Tysk Forfatterinde, Rügen (»en Ubekjendt på Rygen«).	V:169
candidate_missing	Gerlach, G. L. (1833–1893)	Syngemester ved Det kgl. Teater 1863–1888, Komponist.	VIII:364
candidate_missing	Gerlaöh, Leocadie, f. Bergnehr (1826–1919)	Operasangerinde ved Det kgl. Teater, g. 1° 1852 m. Lysestøber Carl Edvard Fossum, 2° 1861 m. Syngemester Carl Ludvig G.	V:165;VI:182;VII:378;VIII:34;IX:39–40;IX:45;X:339
candidate_missing	Gerstenberg, Juliane (Lulu), (1842–1930)	g. 1872 m. Frederik Tutein.	IX:314
candidate_missing	Gheezy, Peter von	ungarsk Godsejer (Garamezegh), Svigersøn af Fr. Bielke i Weimar.	III:55–56
candidate_missing	Giovanni, Gondoliere	Venezia 16.5.1872.	IX:277–278
candidate_missing	Gjenge(?)	Málaga.	V:271
candidate_missing	Gjerlev	jydsk Proprietær (kalder sig ogsaa: Lund) (1865).	VI:339
candidate_missing	Glücksborg, Christian, Prins af Slesvig-Holsten-Sønderborg-G. (1818–1906)	Broder til Hertug Carl af G., 1863 Konge af Danmark (Christian IX).	II:422;II:424;IV:127
candidate_missing	Gotthelf, Jeremias (Pseud. for Albert Bitzius) (1797–1854)	schweizisk Forfatter og Præst.	IV:187
candidate_missing	Govi, Doris, f. Risler (død 1874)	Enke efter Ritmester Carl Fr. G., Præstø.	V:388;VI:256
candidate_missing	Govi, Povline (1834–1882)	Datter af Doris G., Lærerinde ved N. Zahles Skole 1866, Forstanderinde sst. 1870.	V:388;VI:256
candidate_missing	Grandjean, G. F. (1811–1877)	Konditor.	X:157
candidate_missing	Grassett, Mr.	London Juni 1857.	IV:246–247
candidate_missing	Gregor XVI (1765–1846)	Pave 1831.	II:93;II:106;II:111;II:120–121;II:126;II:129;II:231;III:88–89;III:91;III:108;III:123
candidate_missing	Griff in, Alice McClure	Amerikansk Forfatterinde, g.m. G.W.G.	IX:191–192;IX:225–226
candidate_missing	Griffin, G. W.	Amerikansk Konsul i København, Forfatter (bl.a. af »My Danish Days« 1875).	IX:191–194;IX:196;IX:203;IX:225;IX:317–318;X:177
candidate_missing	Grimm, Hermann (1828–1901)	Søn af Wilhelm G., tysk digter, kunst- og litteraturhistoriker, professor i Berlin i nyere kunsthistorie.	VII:31
candidate_missing	Grimm, Theodor (død 1878, 72 år gl.)	Statsraad, forfatter, Kejser Nikolaj I's børns opdrager.	IV:209
candidate_missing	Gruner, A. W.	Dansk Konsul i Bremen.	II:310
candidate_missing	Grøn, M. G. (1854–1939)	Søn af L.J.G., senere Grosserer og Fabrikejer.	IX:61
candidate_missing	Guillaumo, Louise, f. de Basseux	Husbestyrerinde hos Frederik Sigfried Vogt.	I:314–316;II:141;III:106
candidate_missing	Guirao, Angel	Professor, Murcia 1862.	V:231–232
candidate_missing	Göschel, Frue	Triest Marts 1846.	III:81–82
candidate_missing	Haffner	General (enten Generalmajor Wenzel H. (1774–1844) eller Generalløjtnant Wolfgang H. (1770–1829)).	VI:120
candidate_missing	Hage, Maria Sophia	Trollhättan 1805.	III:380
candidate_missing	Hage, V.	Trollhättan 1805.	III:380
candidate_missing	Hage, Vilhelmine, f. Faber (1810–1891)	g. 1840 m. Alfred H.	VI:46
candidate_missing	Hahn, Christian Heinrich Carl (1802–1868)	Divisionskirurg.	I:506
candidate_missing	Hamann, Caroline, f. Lindberg (død 1898, 81 år gl.)	g.m. P. H. H.	VIII:103
candidate_missing	Hamann, Peter Heinrich Chr. (død 1875, 61 år gl.)	Dyrlæge, Kursmed.	VIII:103
candidate_missing	Hamann, Petra Henriette Christine (f. ca. 1842)	Datter af P.H.C.H.	VIII:103
candidate_missing	Hamilton, Mrs.	Loch Lomond 21.8.1847.	III:257–258
candidate_missing	Hamilton, Mrs.	Marseille 29.11.1869.	VIII:301–302
candidate_missing	Hamilton, Maria Gharlotta, Grevinde, f. von Hofsten (1795–1874)	g. 1816 m. Hugo H.	III:367–369;III:371
candidate_missing	Hanck, Christiane (Jane) (1808–1881)	Datter af J. H. T. H.	VI:338;IX:124;IX:128;IX:158–159;IX:161
candidate_missing	Hanck, Henriette (Jette) (1807–1846)	Datter af J. H. T. H., Forfatterinde.	I:122;I:349;I:434
candidate_missing	Hansen, Frøken	Logerende hos Thora Hallager 1875, samler anbefalinger for Frk. Hallager til opnåelse af en Lotterikollektion.	X:409–411
candidate_missing	Hansen, Anders (kaldet Traes) (ca. 1751–1827)	Skomager, H.C. Andersens Farfar.	VIII:53
candidate_missing	Hansen, G. A. V. (1836–1895)	Søn af G. B. H., Hofstolemager, Holmens Kanal 2.	VIII:180
candidate_missing	Hansen, Dagmar Caroline Gatinka (ca. 1861–?)	Datter af Georg E. H.	X:380
candidate_missing	Hansen, Doris Erhard, f. Pfeil (1844–1927)	Operasangerinde ved Det kgl. Teater 1867–1885, g. 1871 m. Erhard H.	X:249
candidate_missing	Hansen, Gunild Margrete	g.m. Jørgen H.	I:79
candidate_missing	Hansen, Jules (»Spidsmusen«) (1828–1908)	Journalist og Diplomat.	VII:343–344;VIII:67
candidate_missing	Hansen, Jørgen (død 1842)	Handskemager, Oldermand for Lauget 1829–1837.	I:79
candidate_missing	Hansen, Vilhelmine Jacobine (død 1885, 82 år gl.)	Datter af Arkitekten C.F.H. (1756–1845).	VI:99
candidate_missing	Hansen-Sønderkøge (1849–1876)	F riskolelærer i Frederiksværk, Forfatter.	IX:318
candidate_missing	Haphys (Hephys)	Pasha i Rustschuk.	II:215
candidate_missing	Harboe, Marie, f. Mohns (død 1880)	g. 1862 m. H.C.W.H.	VI:111
candidate_missing	Harboe, Wilhelmine Margrethe, f. Schickerling (død 1905)	g.m. H.F.M.H.	IX:98
candidate_missing	Hardwick, John	Engelsk fhv. Retspræsident, Svoger til Fru Lina Frølich.	VII:79;VII:276
candidate_missing	Harkort, Frue	Leipzig Februar 1846.	III:61–62
candidate_missing	Harmsen, Alexander junior	Søn af Alexander H., Alicante.	V:229–230
candidate_missing	— Hans Søster		VIII:276
candidate_missing	Hartmann, Frederik (Fritz) (1843–1908)	Søn af J.P.E.H., Student 1861, cand. jur. 1968, Overretssagfører 1873.	VI:10;VI:23;VII:204;VII:254;VIII:146;VIII:162;VIII:428;X:234;X:284;X:342;X:425;X:446
candidate_missing	Harum, Ben Mohabit el	Magiker, Beregnings- og Hukommelseskunstner, Casino 25.2.1867.	VII:251–252
candidate_missing	Harun al Raschid, Abu Dj afar, Kalif i Bagdad (763–809)	Kalif 786.	V:295
candidate_missing	Haucke, Grevinde, f. von Rhode	Dessau 1844.	II:420
candidate_missing	Hauff		IV:175
candidate_missing	Haulleville, Melusine Charlotte Julie Wilhelmine, Baronesse, f. von Piessen (1828–1892)	g.m. Prosper H.	VII:67
candidate_missing	Haulleville, Prosper, Baron (død 1898)	Brüssel.	VII:68;VIII:10
candidate_missing	Haurowitz. Lion V. (død 1905, 80 år gl.)	Hof-Handskemager.	X:396
candidate_missing	Hauser, Miska (Michael) (1822–1887)	ungarsk Violinist.	VII:251
candidate_missing	Healey, Agnes Isabella	Danserinde ved Det kgl. Teater 1864–1865.	VI:129
candidate_missing	Hedin, Sven (Svante) (1822–1896)	Svensk Skuespiller.	V:289
candidate_missing	Hegermann-Lindencrone, Gai (1807–1893)	Søn af J.H.H.-L., Oberstløjtnant, Chef for 2. Dragonregiment 1851–1858, senere Generalløjtnant.	IV:205
candidate_missing	Hegermann-Lindencrone, Johan Frederik (Fritz) (1840–1938)	Søn af Cai H.-L., Premierløjtnant ved 5. Dragonregiment, senere Generalmajor og Kammerherre.	VIII:226
candidate_missing	Heilmann, Anna Henriette, f. Bøcher (1801–1872)	g. 1830 m. H.E.H.	VI:72
candidate_missing	Heinitz	(muligvis Løjtnant, Kammerherre Paul Adolf Benno v. H. (1834–1899)).	V:111
candidate_missing	Heins, Frøken	fra Fyn (måske: Hein).	VI:223
candidate_missing	Heinzel, Max	Redaktør, Bromberg i Posen.	VIII:234
candidate_missing	Hennecke, Johann Heinrich	Købmand i Goslar, Senator.	I:77;I:75
candidate_missing	Hennecke, Johann Heinrich Erdwin (død 1855)	Søn af J.H.H., Købmand i Goslar.	I:71–74
candidate_missing	Henrik Fuglefænger	Tysk Konge (ca. 876–936), Konge 919.	I:73
candidate_missing	Henrik III	Tysk-romersk Kejser (1017–1056), Kejser 1046.	I:73
candidate_missing	Henrik IV	Tysk-romersk Kejser (1050–1106), Søn af Henrik III, Kejser 1084–1105.	II:370
candidate_missing	Henselt, Rosalie, f. Manger	g. 1837 m. Adolf H.	IV:160–163;IV:228;V:107
candidate_missing	Hermansen, G. (1806–1882)	cand. theol., 1839–1841 Studierejse til Tyskland, Italien, Grækenland og Orienten, 1841 Docent, 1845 Professor ved Københavns Universitet, Orientalist og Theolog.	II:85–86;II:89
candidate_missing	Herskind, Carl Ludvig (død 1919)	Godsforvalter på Basnæs.	VIII:226
candidate_missing	Herskind, Marie	g.m. C.L.H.	VIII:226
candidate_missing	Herzog og Frue	fra Württemberg, tyske Turister 1852.	IV:109–110;IV:112
candidate_missing	Hessen-Kassel, Friedrich II, Landgreve af – (død 1785)	Landgreve 1760.	I:129–130
candidate_missing	Heycke, Frøken	Præstedatter, Maxen 15.7.1856.	IV:223–224
candidate_missing	Hijmans, Jacobus	Arnhem, Stifter af Firmaet »Jacobus Hymans« i Samarang.	VII:61
candidate_missing	Hilfling, Ludvig (død 1861, 82 år gl.)	Inspektør på Glasværket på Holmegaard, tidligere Huslærer på Gisselfeldt.	II:271–272
candidate_missing	Hjelm, Octavia (1834–1918)	g. 1856 m. Wladimir Moltke-Hvitfeldt.	IV:233
candidate_missing	Hjelm, Sophie (1828–1872)	Søster til Octavia H.	IV:233
candidate_missing	Hoffmann von Hoffmannsegg, Johann Genturius, Greve (1766–1849)	Tysk Entomolog og Botaniker.	I:61
candidate_missing	Hofman-Bang, Charlotte, f. Müller (1851–1934)	Datter af Ludvig Müller, g. 1871 m. Niels Erik H.-B.	X:385
candidate_missing	Hohwii, Frk.	Datter af A.H.	VII:44
candidate_missing	Hohwii, Andreas (1803–1885)	sønderjydsk Kronometermager i Amsterdam.	VII:34–35;VII:44;VIII:61
candidate_missing	Holbech, J. A. G. (1815–1885)	Skoledirektør i København, tit. Professor.	X:403
candidate_missing	Hollenius, Laurence J.	Dansk-amerikansk Lystspilforfatter (1869).	VIII:190
candidate_missing	Holm, Bartholomine (Mine) (1837–1925)	Datter af Deputeret i Danske Kancelli, Konferensraad Lars Jess H., senere Konventualinde på Støvringgaard Kloster.	IX:330
candidate_missing	Holst, Emil	fhv. Møller, Komedieskriver (1.4.1862).	V:158–159
candidate_missing	Holstein	Familie fra Holbæk-Egnen (1869).	VIII:197
candidate_missing	Holstein (-Ledreborg), Henriette, Grevinde, f. Løvenørn (1842–1915)	Datter af Frederik de Løvenøm, g. 1867 m. Lensgreve Ludvig (Louis) H.-L.	VIII:110–111
candidate_missing	Holsten-C(h)arisius, Adam Christopher, Baron (1793–1879)	Søn af Admiral Hans Holsten, 1849 Besidder af Baroniet Holstenshuus, Kammerherre, 1866 Gehejmekonferensraad.	II:276;II:378;II:387–388;V:350;V:352;V:353;V:356;V:358–360;VII:383;IX:12;IX:194;IX:200
candidate_missing	Holsten-Lehn-Gharisius, Frederik (Fritz), Baron (1796–1888)	Broder til A.G. Holsten-Charisius, Besidder af det Charisiske Fideikommis, Gehejmekonferensraad, Kammerherre.	III:406;IV:18;VII:396;IX:12;IX:23–24
candidate_missing	Holten	Brødrene (1861).	V:4
candidate_missing	Honthorst, Gerhard (Gerrit) (Gherardo della Notte) (1590–1656)	Hollandsk Maler, virkede i Italien 1610–1621.	I:249–250;I:276;II:103
candidate_missing	Hope, James (fra 1853: Hope-Scott), (1812–1873)	Engelsk Sagfører.	III:238
candidate_missing	Hoppe	Verdensudstillingen i Paris 1867 (måske Johan Christopher H. (1841–1933), søn af Torkild H., cand. jur., senere Amtmand i Randers og Kammerherre).	VII:267;VII:274
candidate_missing	Horn, Grevinde	Datter af Claes H., Lærerinde på Espe (Grev Horn havde fire ugifte Døtre: Anna, Fredrika, Brita Maria og Julie; hvem af dem der menes, kan næppe oplyses).	IX:71
candidate_missing	Horn, Franz (1781 (83 ?)-1837)	Tysk Digter og Litteraturhistoriker.	I:106–107
candidate_missing	Horneman, G. F. E. (1840–1906)	Komponist, tit. Professor 1888.	VI:266;VI:268–269;IX:76;IX:240–241
candidate_missing	Horrocks, James	Weimar 1845.	III:53
candidate_missing	Horrocks, John	fhv. britisk Kaptajn, Weimar 1846.	III:53
candidate_missing	Houghton, Henry O.	Amerikansk Forlagsboghandler (Hurd & Houghton), H.C. Andersens Forlægger.	VIII:369–370
candidate_missing	Houriet, Mile	Datter af Jules H.	I:173
candidate_missing	Hundt, Garlotta, Grevinde, f. Marchesa di Florenzi (1820–?)	Enke efter bayrisk Kämmerer und Oberaufschlagsbeamter von Niederbayern, Grev Ferdinand H.	VIII:305
candidate_missing	Hunt, John	Broder til Leigh H.	III:231
candidate_missing	Hunt, Marianne, f. Kent	g.m. Leigh H.	III:231
candidate_missing	- Hendes Søsterdatter		X:289
candidate_missing	Hvid	(Wied?). GI. Fru Hvid, Roskilde 7.8.1863.	V:410
candidate_missing	Hübner & Matz	Kunsthandlere, Königsberg.	IX:36
candidate_missing	Hübsch von Grossthai, Alphonse, Baron (død 1856)	Søn af Kasimir H.v.G., 1846–1848 og 1854–1856 dansk Legationssekretær i Konstantinopel.	II:199
candidate_missing	- Hendes Søster og dennes Børn		IX:102
candidate_missing	Høegh-Guldberg, Christierne (Stierna) (1806–1888)	Datter af Christian H.-G.	I:31
candidate_missing	Høegh-Guldberg, Vilhelmine (Mine) (1810–1877)	Datter af Christian H.-G., g. 1840 m. J. A. Brasen.	II:1
candidate_missing	Høhling, Thora, f. Baronesse Reedtz-Thott (1824–1895)	Datter af Otto Reedtz-Thott, g. 1851 m. Theodor H.	VIII:260
candidate_missing	Iacobæus, Anton Holger (1810–1882)	Student 1828, cand. jur. 1834, Forpagter af forskellige Gaarde 1842–1874, Ejer af Appelbjerggaard, Hyllested S. 1874.	I:119
candidate_missing	Ingemann, Bernhard Severin (1789–1862)	Digter, Søn af Birgitte I., 1822 Lektor ved Sorø Akademi, kst. Direktor 1842–1849, Etatsraad 1845, Konferensraad 1857.	I:2;I:45–46;I:118;I:186;I:469–470;VII:28;VII:202;VII:234;VIII:10;VIII:81;VIII:222–223;VIII:252;VIII:380;X:5;X:171;X:269;X:340;X:381;X:428
candidate_missing	Ingerslev	Præst (1863).	V:404
candidate_missing	Insinger, J. H.	Direktør for Nederlandske Bank, Amsterdam.	VII:47;VII:54;X:133
candidate_missing	Iwanowsky, Peter von	polsk Adelsmand, Fader til Fyrstinde Caroline Sayn-Wittgenstein.	IV:80
candidate_missing	Jablonka, Josef	Donat i den souveræne Malteser-Orden, Storpriorats-Sekretær og Inspektions-Sekretær (til 1854) i Böhmen.	IV:160
candidate_missing	Jacobi, Constance	g. 1861 m. Bogumil Dawison.	IV:131;IV:193;IV:455
candidate_missing	Jacobi, Emma (1831–1880)	Datter af Prokurator J.D.J., Helsingør.	VIII:261
candidate_missing	Jacobsen, J. G. (1811–1887)	Brygger, GI. Garlsberg, Kaptajn, Garlsbergfondets Stifter.	V:16;VII:240;VII:242;VII:247;VII:249;VII:369;IX:179;IX:305;X:217;X:343;X:388;X:435
candidate_missing	Jameson (kaldes af H.C. Andersen ogsaa Jackson), Andrew	skotsk Rejsende April 1834.	I:407–409;I:411–413
candidate_missing	Janauschek, Franziska (Fanny) (1829–1904)	Tysk Skuespillerinde.	IV:301
candidate_missing	Jansen, Ida (Marie) (1847–1920)	g. 1873 m. Ernst Løffler.	IX:331
candidate_missing	Jaque	(Navnet måske misforstået), »den unge Sangerinde som vor Dronning har taget sig af« (23.11.1845).	III:12
candidate_missing	Jean Paul (Pseud. f. Johann Paul Friedrich Richter) (1763–1825)	Tysk Digter.	II:54;II:225;III:54–55;III:67;IV:82
candidate_missing	Jeanne d’Arc (1412–1431)	Jomfruen fra Orléans.	II:363;II:373;III:7;III:235;V:348–349
candidate_missing	Jensen, Thora	Skuespillerinde ved Casino 1855–1862.	V:413;VI:128
candidate_missing	Jenssen-Tusch, Wilhelm Theodor Amalrich (død 1894)	Søn af Georg Friedrich J.(-T.), Sekondløjtnant ved 2. Dragonregiment i Itzehoe, 1852 udelukket fra Amnestien, død som fhv. Preussisk Major.	II:303–305;II:379
candidate_missing	Jerichau, Nanny (Agnete) (1853–1897)	Datter af J.A.J., Forfatterinde, g. 1837 m. Albert Frederik Læssøe.	VIII:199;VIII:246;VIII:396
candidate_missing	Jerndorff, Frk.	Søster til J.U.J. (enten Pouline Cathrine (1811–1887) eller Petrine Christiane (1817–1894).	III:17
candidate_missing	Jeunesse, Madame	g.m. Auguste J.	II:323
candidate_missing	Jeunesse, Auguste	Fransk Forfatter.	II:323
candidate_missing	Joanny (Jean-Bernard Brisebarre, kaldet -) (1775–1849)	Fransk Skuespiller.	II:351
candidate_missing	Johan (den lille)	Randers 26.8.1859.	IV:359
candidate_missing	Johann, Karantæne-Guardian	Orsova 1841.	II:219–220;II:222
candidate_missing	Jonquiéres, Frederik de Dompierre de (1854–1925)	Søn af G. C. de Dompierre de J., Student 1872, cand. jur. 1878, senere Stiftamtmand over Fyns Stift og Overpræsident i København.	X:285–288;X:296;X:379;X:388;X:428
candidate_missing	Josika, Mikols, Baron (1796–1865)	ungarsk Forfatter af historiske Romaner.	II:241
candidate_missing	Josva	Nuns Søn, Israels Fører efter Moses’ Død.	II:54
candidate_missing	Juan d’Austria (1547–1548)	Søn af Kejser Karl V og Barbara Blomberg fra Regensburg, spansk Flaadefører, 1576 Statholder i Nederlandene.	IV:382
candidate_missing	Juel, Frederikke, f. Komtesse Knuth (1777–1861)	g. 1797 m. Knud F. J.	II:286
candidate_missing	Julia (død 14)	Datter af Kejser Augustus, g. 1° Marcellus, 2° Feltherren Agrippa, 3° den senere Kejser Tiberius.	IV:97
candidate_missing	Julienne, Mile (1793–?)	Fransk Skuespillerinde ved Gymnase, Paris, 1824–1843, Specialist i Anstands-Dameroller.	II:340
candidate_missing	Junck, Karl (1814/16–78)	Østrigsk Major, Krigshistoriker.	IX:269
candidate_missing	Junck, Karoline (død ca. 1891)	g.m. Karl J.	IX:269
candidate_missing	Junck, Wilhelm	Søn af Karl J., østrigsk Violinist.	IX:201–202;IX:205;IX:207;IX:209;IX:211;IX:268–269
candidate_missing	Jung	har Pension i Dresden for unge Piger (1856).	IV:225
candidate_missing	Jørgensen, Jørgen	Tjener hos Chr. Thyberg.	III:74–75
candidate_missing	Jørgensen, Rasmus (kaldet Specius) (1792–?)	Vognmand, 1838–1858 Vært i Hotel du Nord, Kongens Nytorv, hvor H.C. Andersen boede 1.12.1838–13.5.1847.	X:473
candidate_missing	Kali, Nancy, f. Rørbye (1813–1863)	Søster til F. G. Rørbye, g. 1835 m. P.J.K.	IV:353
candidate_missing	Kali, Peter Julius (1804–1878)	svensknorsk Vicekonsul i Frederikshavn, Kommerceraad.	IV:344;IV:353;IV:355–356
candidate_missing	Kayser, G. J. H. (1811–1870)	Student 1828, dr. med., Stiftsfysikus i Odense, 1848 Professor i Statistik og Statsøkonomi, Afsked 1865, 1852–1854 og 1861–1864 Folketingsmand.	III:279;III:285;III:290–291;VI:340;VII:34
candidate_missing	Kircher, Frøknerne	Basel September 1860.	IV:436–437
candidate_missing	Kirchheiner, A. G. E. (1827–?)	Fuldmægtig 1851–1869 på Udskrivningschefens Kontor i Aalborg.	IV:345
candidate_missing	Kirk, Mette, f. Ghristensdatter (1799–1869)	g.1816 m. Ole K.	IV:336
candidate_missing	Kiær, Emilie	Datter af Fritz K.	VIII:232
candidate_missing	Kiær, Frederik (Fritz) (1825–1893)	Sekondløjtnant i Kavalleriet 1842, Premierløjtnant 1849, Ritmester 1859, kar. Oberst 1872, kar. Generalmajor 1883, Gesandt i Rom 1872, i Wien 1880, i St. Petersborg 1884; Kammerjunker 1849, Kammerherre 1869.	III:288–289;V:430;V:433–434;VII:312;VIII:34;IX:92;IX:140–141;IX:152
candidate_missing	Kiær, Regitze Christiane Johanne	Datter af Fritz K.	VIII:232
candidate_missing	Kjærulf	(24.4.1862: »Middag hos Ørsteds med ... Hr. Kjærulf, der ikke behager mig«).	V:163
candidate_missing	Klein, Caroline, f. Serre	Søster til F. A. Serre, g.m. Rat K., Berlin.	IV:163;IV:276–277;IV:281;IV:283
candidate_missing	Klein, Victor	Dreng fra Karlsborg (29.-30.7.1849).	III:366–367
candidate_missing	Klock, Frue	Weimar 1846.	III:51
candidate_missing	Klock (Klok), Frk.	Hofdame, Weimar.	III:272
candidate_missing	Knudsen, Frøken	Aalborg Juli-August 1859.	IV:343–344;IV:358
candidate_missing	Knuth, Anna Eleonore Frederikke Elisabeth, Grevinde, f. Komtesse Holck-Winterfeldt (1841–1917)	Datter af Gustav Hoick-Winterfeldt, g. 1862 m. Julius K.	X:284
candidate_missing	Knör & Sohn	Bankierfirma, Luzern.	IV:404
candidate_missing	Koch, G. G. (1737–1813)	Professor i Strassburg, fransk Historiker.	II:364
candidate_missing	Koch, Hans Henrik (Henni) (1836–1903)	Søn af J.H.K. (1787–1860), Kadet 1850, Sekondløjtnant i Søetaten 1856, Løjtnant 1858, Kaptajn 1873, senere Viceadmiral.	V:414;V:449–450;VI:59–60;VI:154;VI:196;VI:197;VI:202;VI:231;VI:247;VIII:34;VIII:209;VIII:248;VIII:347;VIII:350;VIII:352;VIII:453;IX:18;IX:206;IX:212–214;IX:217;IX:230;IX:336
candidate_missing	Koch, Jørgen Hansen (»Jøn«) (1861–1935)	Søn af Peter K., senere Præsident i Sø- og Handelsretten.	V:7;V:414;VI:3;VI:66;VI:76;VI:139–140;VI:325;VII:216;VII:238;VIII:9–10;VIII:157;VIII:161;VIII:323;VIII:333;VIII:425;VIII:453;IX:82;X:136;X:140;X:152;X:197
candidate_missing	Kohan, A.	russisk Rejsende, Odessa.	V:299–300;VI:275
candidate_missing	Kohle	Holstener, bosat i örebro 1837.	II:33–34
candidate_missing	Koopmann & Comp.	Hamburg.	X:264
candidate_missing	Koscielski o: Koscietoki, Hugo von	Frankfurt 1869.	VIII:253
candidate_missing	Kottwitz (Fritz?)	Baron, Giion 26.5.1873.	X:91–92
candidate_missing	Kragh	(Kraghs Have 10.8.1869).	VIII:239
candidate_missing	Krog-Meyer, Frøken	Søster til H.W.K.- M. (enten Louise Augusta (1811–1891) eller Marie Margrete (1814–1907)), Ulkebøl 17.9.1844.	II:440
candidate_missing	Krogh, Frøknerne	Døtre af Georg Frederik von K.	II:43;II:303–305
candidate_missing	Kruse	(fra Nyborg), dansk Skibsfører på Vej til Valparaiso, Hamburg 23.11.1845.	III:12
candidate_missing	Kuhlau, Georg Frederik (død 1878)	Brodersøn af Fr. K., senere Pianist og kgl. Kammermusikus.	I:37
candidate_missing	Kuliman	Broder til J.R.K., Sodertelge 25.5.1849.	III:302
candidate_missing	Kunze, Frau	»Bondekone som digter«, Maxen 1869.	VIII:268–269
candidate_missing	Kutzner, Maria (Mimmy) (1851–1876)	Søsterdatter af Elisabeth Jerichau-Baumann, g. 1875 m. Harald Jerichau.	IX:142
candidate_missing	- Hans Moder		IV:211
candidate_missing	Käsemodel, G. H. (1798–1849)	Oberstløjtnant, Kommandør for 6. Reservebataillon, faldet ved Fredericia.	III:400
candidate_missing	Käthchen von Heilbronn		IV:184
candidate_missing	Königsberger, Elias Colm	Handelsmand fra Fürth.	II:52–53
candidate_missing	Køppen, Adolph Ludvig (1804–ca. 1873)	Informator, rejste 1834 til Grækenland, Professor i Historie og Geografi ved Miltær-Gymnasiet i Piræus, senere ved Universitetet i Athen, Afsked 1843, 1846 Professor i Arkæologi ved Universitetet i Philadelphia, derefter Lærer i Historie og tysk Litteratur ved Franklin and Marshall College, Pennsylvania, fra 1863 i Kong Georg I af Grækenlands Tjeneste som Bibliotekar.	I:424–425;I:431;I:446;II:152–154;II:156;II:160;II:173–175;II:177–80;II:184;II:187;V:416;VII:277
candidate_missing	Køster, Nicolette (1841–1897)	Datter af Apoteker S. L. K., Randers, g. 1865 m. Apoteker J. P. Karmark Obel.	IV:360
candidate_missing	Lange, Juliana Maria, f. Michaelsen (1799–1866)	g. 1835 m. H.W.L.	VI:314
candidate_missing	Larramendi, Donna	g.m. José L.	V:248–249;V:267
candidate_missing	Larramendi, José	Spansk Oberstløj tntnt, Granada.	V:247–251;V:254–255;V:263–64;V:266;V:268
candidate_missing	Lassen, Jfr.	Søster til Fr.Chr.L., Sæby Præstegaard 1829.	III:388
candidate_missing	Lavaggi(?), Carolina	Italiensk Danserinde, Milano 10.6.1861.	V:75
candidate_missing	Le Beuf, Madame	g.m. Ferdinand L.B.	VII:91
candidate_missing	Le Beuf, Ferdinand	Bayonne 25.4.1866.	VII:91
candidate_missing	Lehmann, Heinrich (Henri) (1810–1890)	tysk-fransk Historie- og Portrætmaler.	III:99
candidate_missing	Leijonhufvud, Birgitta (Brita) (1514–1572)	Søster til Dronning Margareta Leijonhufvud af Sverrig, g. 1531 m. Gustaf Olofsson Stenbock.	III:355;III:360–363
candidate_missing	Leo I (den Store) (død 461)	Pave 440.	I:282
candidate_missing	Leo IV (død 855)	Pave 847.	I:282
candidate_missing	Leo XII (1760–1829)	Pave 1823.	I:238
candidate_missing	Léon, Emilie & Virgile	Bayonne 25.4.1866.	VII:91
candidate_missing	Leonhard	Købmand i Ilsenstein (1831).	I:75
candidate_missing	Levetzau, Friederike (1817–1885)	Broderdatter af J.G.L., Stiftsdame i Vallø.	X:287
candidate_missing	Levin	(Middagsselskab hos D. B. Adler 18.12.1870).	VIII:447
candidate_missing	Levy	(fra København), Rendsborg 6.6.1860.	IV:372
candidate_missing	Lewini, Ida	Datter af W.L., Skuespillerinde ved Casino.	IX:16–17
candidate_missing	Lewis, Mrs.	g.m. engelsk Konsul i Amsterdam J.G.C.L. (1868).	VIII:62
candidate_missing	l’Hardy, Anastasie-Sophie-Rosalie, f. Jürgensen (1839–1907)	Datter af Jules Jürgensen, g.m. Paul François l’H., Ægteskabet opløst 1873.	IV:406–410;V:201–202;VII:289;VII:291–293;VIII:73;X:96–97
candidate_missing	l’Hardy, Anne	Datter af Paul François l’H.	IV:407–408;IV:411;V:201;VII:289;VII:293;VIII:72–73;VIII:75
candidate_missing	l’Hardy, Paul François	Jules Jürgensens Svigersøn.	V:25
candidate_missing	Lichtenstein, Gustav	preussisk Konsul i Marseille (1846).	III:140
candidate_missing	Lüsberg, H. (1815–1883)	Købmand og Brændevinsbrænder i Aarhus, Raadmand.	V:403
candidate_missing	Lindemann-F römmel, Karl (1819–1891)	Tysk Maler.	V:46
candidate_missing	Linharas, Rodrigo Domingos de Sousa Gontinho Teixeira de Andrade Barbon, Greve (1745–1812)	Byggede 1801–1808 Kanalen til Aveiro.	VII:143–144
candidate_missing	Lockhart, Charlotte Harriet Jane (død 1858)	Datter af J. G. L., g. 1847 m. Advokat James Hope(-Scott).	III:224–225;III:238
candidate_missing	Lorck, Jean Etienne (fra 1914: Stefan) (1860–1933)	Søn af Carl Julius L., senere Professor i Filologi ved Kölns Universitet.	VIII:264
candidate_missing	Lorenzi, Battista (kaldet Battista del Cavaliere) (1527–1594)	Italiensk Billedhugger.	I:207
candidate_missing	Lough, Mrs., f. Paget	g.m. J.G.L.	III:236
candidate_missing	Lumbye, Caroline (1833–1901)	Skuespillerinde, Datter af H. C. L., g. 1 ° m. Adolph Recke 1851, 2° 1870 m. Skuespiller Frederik Madsen.	IV:10
candidate_missing	Lund, Margaretha, f. Amemann (1839–1902)	Datter af C. Th. Amemann, g. 1857 m. Fr. E. A. E. L.	IV:448;V:157;VIII:236;IX:206;IX:227
candidate_missing	Lutz, Carlotta	5 år 1867.	VII:296
candidate_missing	Lutz, Elisabeth	13 år 1867.	VII:296
candidate_missing	Lutz, Marietta	8 år 1867.	VII:296
candidate_missing	Lücke, Caroline	Magdeburg, Passager på Jernbanen mellem Leipzig og Dresden 3.7.1844.	II:406
candidate_missing	Lüders & Strange	Speditørfirma, Lübeck og Hamburg.	IX:34
candidate_missing	Lyngbye, Laurids (Lorents) (1809–1869)	Maler.	II:339
candidate_missing	Lytton, Edith, Lady, f. Villiers (Clarendon) (død 1936, 95 år gl.)	g. 1864 m. Edward Robert Bulwer L., senere Lady of the Bedchamber hos Dronningerne Victoria og Alexandra af Storbritannien.	VII:149;VII:152;VII:157;VII:161;VIII:277–278;VIII:286
candidate_missing	Lützau	Baronesse, Schlesien (Maxen 5.8.1857).	IV:275
candidate_missing	Lützau, Augusta (1855–1932)	Datter af F.G.L., g. 1881 m. Købmand i Slagelse E. Th. B. Ohmeyer.	IX:76–77
candidate_missing	Lützau, Frederik Georg (1809–1891)	kar. Oberst, Højstbefalende ved Korsør Søbatteri.	IX:76–77
candidate_missing	Lützau, Hugo (1857–1932)	Søn af F.G.L., senere Fabrikant.	IX:76–77
candidate_missing	Lützau, Juliane, f. Borberg (1824–1903)	g. 1853 m. F.G.L.	IX:76–77
candidate_missing	Læssøe, Emy, f. Komtesse Krag-Juel-Vind-Frijs (1825–1863)	Datter af Jens Chr. Carl Krag-Juel-Vind-Frijs, g. 1857 m. Thorald L.	V:403–404;V:419–420;X:301–302
candidate_missing	Læssøe, Niels Frederik (1869–?)	Søn af Viggo L.	IX:298
candidate_missing	Løitved, Emst Frederik (1842–1893)	Løjtnant i Søetaten, 1868 Premierløjtnant, 1881 Kaptajn.	VIII:3
candidate_missing	Løvenskiold, Gharlotta Eugénie Louise Augusta, f. Friherreinde Lagerheim (1828–1892)	Datter af Elias Lagerheim, g. 1852 m. Garl Ludvig L.	VIII:48
candidate_missing	Løvenskiold, Eggert (Aga), Baron (1788–1861)	Overførster, Hofjægermester.	I:495
candidate_missing	Løvenskiold, Emst (1803–1867)	Kammerherre hos Dronning Desideria af Sverrig-Norge, senere Hofmarskal hos Kong Oscar I.	II:64;II:69
candidate_missing	Løvenskiold, Franciska Veronika Johanne Josephine, f. Baronesse Seckendorf-Aberdar (1807–1873)	Statsfrue hos Dronning Desideria af Sverrig-Norge, senere Overhofmesterinde hos Dronning Josefina, g. 1827 m. Emst L.	II:64
candidate_missing	Løwe, Vilhelm (død 1879, 52 år gl.)	Handelsgartner.	IX:86–87;IX:88
candidate_missing	Løwener, Fanny, f. Eyckholt	g.m. Sophus L.	VIII:63–65
candidate_missing	Maag, Sophie (1846–1870)	g. 1869 m. Otto v. Düring.	VIII:221–222
candidate_missing	Månsdotter, Cecilia	Moder til Gustaf I Vasa af Sverrig.	I:151
candidate_missing	Machado de Gastro, Joaquim (1732–1822)	portugisisk Billedhugger.	VII:117
candidate_missing	Madsen, Jomfru	(»En gal hysterisk Pige på Hospitalet skal elske mig, hedder Jomf Madsen«, Almanak 15.7.1840).	X:474–475
candidate_missing	Madsen, Nordmand	København 21.10.1868.	VIII:136–137
candidate_missing	Madsen, A. S. (død 1888)	Købmand i Faaborg, Ejer af den Voigtske Gaard.	VIII:261–262
candidate_missing	Madsen, Chr. (død 1848)	Proprietær, Daurup, Medlem af Commiteen for Sjælland i Selskabet til Hesteavlens Fremme i de danske Provindser.	II:5
candidate_missing	- Hans Datter (enten Göthilda (1831–1905)	g. 1854 m. Fabrikant i Norrköping John Philipson, eller Amelie (1838–1910), g. 1860 m. Godsejer Oscar Philipson, Marieborg).	IX:300
candidate_missing	Mallefille, Léon	Broder til Félicien M., fransk Forfatter, København 1867.	VII:373–376;VIII:53
candidate_missing	Maltitz, Fru von	Amerikanerinde, g.m. Franz v. M.	III:199
candidate_missing	Manthey, G. F. Poul (1777–1858)	Amtsforvalter i Sønderborg Amt, Etatsraad.	II:440;II:447–448
candidate_missing	Margoldt, Louise von (1823–1865)	Datter af Henriette von M.	II:409
candidate_missing	Marlow, Mathilde (Mathilde Homolatich) (1826–1888)	Tysk Operasangerinde.	IV:274
candidate_missing	Marokko, Sidi Muhammed, Sultan af – (død 1873)	Søn af Abd-ur-Rahman af M., Sultan 1859.	V:280
candidate_missing	Martin y Rodriguez, José (ca. 1825–1881)	Spansk Figurmaler og Billedhugger, Professor ved Kunstskolen i Granada.	V:255;V:257
candidate_missing	Martines	(Martini, Martinho, Martino, Martins), Nabo til Carlos O’Neill, Setübal 1866.	VII:124;VII:128;VII:131;VII:133;VII:134;VII:137;VII:155
candidate_missing	- Deres Datter		X:94
candidate_missing	Mehmed (Mohammed)	Pasha i Rustschuk 1841.	II:215
candidate_missing	Meisling, Bentine (Tine) (1813–1884)	Datter af Simon M., g.1839 m. Kontrollør ved Øresunds Toldkammer Carl Eduard Theodor Schouw.	I:22;I:24;I:44;I:46–47;I:53;I:56;VIII:348
candidate_missing	- Hendes Søster og dennes Børn		VIII:108
candidate_missing	Melchior, Henriette (Tante Jette) (1813–1892)	Datter af Gerson Moses M.	VII:19;VII:311;VII:315–316;VII:359
candidate_missing	Merrel, Mrs.	København 29.4.1870.	VIII:362
candidate_missing	Mertens, Christiane	Frøken, Hannover, Søster til Fru Marie (Mary) Krüger, Hotel d’Angleterre, København.	VI:311–312;VIII:394–395;VIII:428
candidate_missing	Metella, Cæcilia	g.m. Licinius Crassus, Officer hos Cæsar i Gallien.	I:219;I:284;II:102;II:134;V:55
candidate_missing	Metternich, Sybilla Wolff gen. von Friherreinde	Datter(?) af Clemens W.v.M.	IV:95
candidate_missing	Milion de Verteville, Erneste	Greve, fransk Legationssekretær i København 1872.	IX:209
candidate_missing	Milnes, Richard Monckton (fra 1863: Lord Houghton) (1809–1885)	Engelsk Digter og Politiker.	III:263
candidate_missing	Mindermann, Madam	Vaagekone (Rolighed 31.7–10.8.1873).	X:139–142
candidate_missing	Moltke, Julie, Komtesse (1830–1889)	Datter af A.W.M., g. 1854 m. Herredsfoged i Eckernförde Herred, senere Amtmand over Svendborg Amt, Grev Ludvig Brockenhuus-Schack.	II:275
candidate_missing	Monies, Adolph (Abraham) (1816–1882)	Detailhandler i Kbhvn., Ungdomsven af Albert Bonnier.	II:23
candidate_missing	Montgomery, Mrs.	Engelsk Beundrerinde 14.7.1847.	III:227–228
candidate_missing	Morel, Benedikt (Pater Gallus) (1803–1872)	Benediktinermunk i Einsiedeln, Rektor ved Stiftsskolen, religiøs Lyriker.	V:100–101;V:191–192;X:111
candidate_missing	Morsing, Johanne (død 1776, 55 år gl.)	Enke efter Chr.M.	I:58
candidate_missing	Mosenthai, Karoline, f. Weil (ca. 1830–62)	g.m. S.H.M.	IV:228
candidate_missing	Moslim	(Navnet synes misforstået), Frue, Oldenburg 15.12.1845.	III:24
candidate_missing	Mozart, Maria-Anna (Nannerl) (1751–1829)	Pianistinde, Søster til W.A.M., g. 1784 m. Baron Barthold.	I:441
candidate_missing	Munch, Frøknerne	Døtre af P.A.M., Rom 23.5.1861.	V:56
candidate_missing	Munch, Caroline (død 1907, 86½ år gl.)	Søster til Andreas M.	IV:449
candidate_missing	Müller, Brødrene	Kvartetspillere, Kammervirtuoser i Meiningen (Carl Müller-Berghaus (1829–1907, Violino 1), Hugo Müller (1832–86, Violino II), Bernhard Müller (1825–95, Viola), Wilhelm Müller (1834–97, Violoncello)).	IV:377–379
candidate_missing	Müller, Frue	Meiningen 12.6.1860.	IV:377–378
candidate_missing	Müller, Otto, og hans Kæreste	Oldenburg 1846.	III:181
candidate_missing	Münster, Clare Lovisa Petrine	Datter af Helga M., Koncertsangerinde.	VII:278–279;VIII:217–218
candidate_missing	Münster, Helga Clare Marie Sophie, f. Fahnøe (død 1894)	g.m. Premierløjtnant Gutzon M., Ejer af Hegnsholt, Grønholt S.	VII:278–279
candidate_missing	Møller, Eline, f. Biilow (1804–1876)	g. 1836 m. Poul M.	III:423
candidate_missing	Møller, Joachim Otto (1781–1873)	(i Folketællingen 1834: Müller), Regimentskirurg, Overkirurg ved Øresunds Hospital i Helsingør 1834–1853.	II:29
candidate_missing	Mønster, G. H. (1811–1880)	Hofvinhandler.	II:418;V:124;VI:11;VII:356;VIII:451–452;IX:39;IX:49;IX:51;IX:235
candidate_missing	Mønster, Gomme Garl (1813–1884)	Kateket i Vordingborg 1840, Sognepræst i Skørping og Frær 1849–1864.	II:296
candidate_missing	Mörner, Garl, Greve (1792–1870)	Landshøvding i Kronobergs Len.	III:311
candidate_missing	Nagel, Hans Garl Fog (1813–1872)	Købmand i Skelskør.	VIII:379
candidate_missing	Nathansen, M. (1840–1902)	Redaktionssekretær ved Berlingske Tidende.	VII:318
candidate_missing	Naumann, Frue	Berlin (1871).	IX:175
candidate_missing	Neergaard, Frøken	København 13.4.1875 (NB! ikke fra Førslev).	X:453
candidate_missing	Neergaard, Elisabeth (Betzy) (1848–1927)	Datter af Godsejer Christopher N. til Julianeholm, Kusine til Marie N., Konventualinde i Roskilde adelige Jomfrukloster.	X:389
candidate_missing	Neergaard, Marie, f. Gastenschiold (1850–1913)	Datter af L.V.Castenschiold, g. 1869 m. Johan N.	IX:238
candidate_missing	Neruda, Wilhelmine (Wilma) (1838–1911)	Czekisk Violinvirtuos, Søster til Franz N., g. 1° 1864–1869 m. Ludvig Norman, 2° 1888 m. Sir Charles Halle.	V:158;V:162;V:164–165;VIII:274;X:96;X:246;X:330
candidate_missing	Neumann, Frue	g.m. Kapelmester N., Nizza.	VIII:303–304;VIII:307–308;VIII:314;VIII:324
candidate_missing	Nicolai, Martha	Frue, Dresden, Slægtning af Chamisso (1864).	VI:264
candidate_missing	Nielsen, F. P.	Underkorporal, 9. Infanteri-Regiment, 2. Kompagni, Nr. 321 (Basnæs Juni 1864).	VI:74–75;VI:76–77;VI:78–79
candidate_missing	Nieuwenhuis, Coenraad Jacobus Nicolaas (1813–1881)	Dommer i Woerden, senere Medlem af Provinsialretten i Utrecht, dr.jur., Oversætter.	III:229;VII:28–29;VII:34;VII:47;VIII:231;X:436;X:440
candidate_missing	Nocedal, Ramon (1848–1907)	Spansk Forfatter.	VIII:302
candidate_missing	Nolcken, Carl Adam von, Friherre (1811–1857)	Svensk Forfatter og Godsejer (Jordberga, Skåne).	VI:305
candidate_missing	von Norden	(Taffel hos Friedrich Wilhelm IV af Preussen, Berlin 26.12.1845).	III:34
candidate_missing	- Hans Søster		VI:310
candidate_missing	Norton, Caroline E. S., f. Sheridan (senere Lady Sterling-Maxwell) (1808–1877)	Engelsk Forfatterinde, g. 1 ° 1827 m. Advokat George Chapple N., 2° 1877 m. Sir William Stirling-Maxwell.	III:241
candidate_missing	Nyegaard, Frøken	Datter af Malthe Bruun N.	II:260
candidate_missing	Næb, Frøken	(Navnet forskrevet, NB ikke = Næboe).	IX:369
candidate_missing	Nør, Frederik, Prins af Slesvig-Holsten-Sønderborg-Augustenborg (1800–1865)	Søn af Frederik Christian af Augustenborg, Statholder og kommanderende General i Slesvig og Holsten 1842–1846, Besidder af Nør.	II:432–434;II:441–447;III:188;III:288;III:407;IV:176;IV:370;X:316
candidate_missing	Olsen fra Fredericia	(Haderslev 5.9.1866).	VII:181–182
candidate_missing	Oltmann, Caroline, f. Wagner (død 1874, 64 år gl.)	Enke efter Skræddermester J.K.O.O.	VIII:81
candidate_missing	Omar Pasha		IV:172
candidate_missing	O’Neill, Frue	Enke efter José Maria O’N.	VII:142–143
candidate_missing	O’Neill, Adelaide, f. Custance (død efter 1905)	g.m. Carlos O’N. (1820–1874).	VIII:105;VIII:241;IX:156
candidate_missing	O’Neill, Eduardo	Setübal, Søn af José Maria O’N.	VII:133
candidate_missing	O’Neill, Enrico	Søn af José Maria O’N.	VII:133
candidate_missing	O’Neill, Joaquim	Søn af José Maria O’N., ansat på Broderen Carlos’ Kontor i Setübal.	VII:121;VII:130;VII:133–134
candidate_missing	Oppenheimer og Frue	fra Leipzig, Dresden 20.8.1851.	IV:67
candidate_missing	Ortenbach, Alexander (død 1881)	Dansk Konsul i Barcelona.	V:215–216;V:222
candidate_missing	Ostfriesland, Johan, Greve af – (omkr. 1560)	Broder til Edzard II af O.	III:359–360
candidate_missing	Oude, Mirza Mohummed Hamid Allie, Kronprins af –	(London 10.7.1857).	IV:264
candidate_missing	Oude, Mirza Mohummed Jowaad Allie Sekunder Husmut Bahadorr, Prins af –	Broder til Kongen af Oude (London 10.7.1857).	IV:264
candidate_missing	Oxenstiema, Axel Gustafsson, Greve (1583–1654)	Svensk Statsmand, Rigskansler.	III:347
candidate_missing	Oxholm, de yngre Frøkner	1869, Døtre af Harald O. (Mary Ann (1842–1911), senere Stiftsdame i Vallø), Louise (1843–1913), g. 1871 m. Baron Emil Schaffalitzky de Muckadell) og Georgina (1846–1912), senere Hofdame hos Dronning Louise).	VIII:259
candidate_missing	Paganini, Niccold (1782–1840)	Italiensk Violinvirtuos og Komponist.	I:176
candidate_missing	Palmers ton, Henry John Temple, Viscount (1784–1865)	Engelsk Statsmand, Udenrigsminister 1830–1841 og 1846–1851, Premierminister 1855–1858 og fra 1859.	III:208–209;III:218;III:223
candidate_missing	Parish-Alvars (1808–1849)	Engelsk Harpevirtuos og Pianist.	III:63
candidate_missing	Paschwitz	Forstmester, Tharandt Juli 1844.	II:409–410;II:413;III:176
candidate_missing	Paul (Paolo)	Karl hos H.C. Andersens Værtinde i Via purificazione, Rom, 1840–1841.	II:132
candidate_missing	Paul V (1552–1621)	Pave 1605.	I:304
candidate_missing	Peacock, Gibson	Udgiver af »The Evening Bulletin« i Philadelphia.	X:318–319;X:384
candidate_missing	Pearl, Cora (Pseudonym for Emma Crouch-Nicholls) (1842–1882)	Fransk Demimonde, optraadte Januar 1867 på Bouffes-Parisiens i »Orphée aux Enfers«.	III:347
candidate_missing	Pedersen, Ole (jun.) (1807–1854)	Søn af Ole P. (sen.), Elev i Slagelse Skole, senere Brændevinsbrænder i Slagelse og Heste-Ejer (»Heste-Petersen«), ivrig Deltager i Væddeløb.	II:444
candidate_missing	Peer Klit	Bondedreng fra Hem.	VI:244;VI:245
candidate_missing	Peisistratos (ca. 600–527 f. Chr.)	Tyran i Athen.	II:166
candidate_missing	Penni, Francesco (il Fattore) (ca. 1488–1523)	Italiensk Maler.	I:244
candidate_missing	Peres, Domingo Garcia	portugisisk Læge (Maj 1866).	VII:97–99;VII:104;VII:122
candidate_missing	Perikies (ca. 495–429 f.Chr.)	Attisk Statsmand.	II:167
candidate_missing	Persson, Anders	på Rankhyttan (henrettet 1534), Bondefører fra Dalarne.	III:334
candidate_missing	Perthes & Besser	Sortimentsboghandlerfirma i Hamburg.	II:390;IV:127–128
candidate_missing	Petersen, Clemens (1834–1918)	»Fædrelandet«s Teater- og Litteraturanmelder, cand. mag. i Æstetik 1857, forlod Danmark 1869, i U.S.A. indtil 1904.	V:7;V:12–13;V:49;V:418;V:422;V:437;VI:310;VI:332–333;VII:213;VII:336;VIII:8;VIII:16;VIII:36;VIII:49;VIII:102;VIII:156;VIII:186–190;IX:31
candidate_missing	Petit, Frederik (Fritz) (1809–1854)	Broder til Charles P., dansk-tysk Forfatter og Oversætter.	I:421;II:390–391;II:407;II:419;II:421;III:3;III:4;III:176–177;III:188–189
candidate_missing	Pfaffins, Baronesse, f. Grevinde Mierzciewska		II:332–334
candidate_missing	Pfordten, Adelgunde von der, Friherreinde, f. Marx (1823–1873)	g. 1844 m. Ludwig v.d.P.	III:63;IV:169;X:114–115
candidate_missing	Pfordten, Marie von der, Friherreinde (1848–19?)	Datter af Ludwig v.d.P., g. 1881 m. dr.med. Friedr. Ohlenschlager.	X:114–115
candidate_missing	Philips, Mrs., f. Parson	Søster til Fru Harriet Bornemann.	III:244
candidate_missing	Philipsen	(»en Hr. Philipsen jeg har seet hos Hartmann«), München August 1855.	IV:173–175
candidate_missing	Pius II (Æneas Silvius Piccolomini) (1405–1464)	Pave 1458.	I:380
candidate_missing	Pius V (1504–1572)	Pave 1566.	I:304
candidate_missing	Pius VII (1740–1823)	Pave 1800.	I:289;I:464;III:98
candidate_missing	Pius VIII (1761–1830)	Pave 1829.	I:242
candidate_missing	Pius IX (1792–1878)	Pave 1846.	III:131;III:135;III:136;III:217;III:237;V:43–44;V:46;V:54;V:59;V:61;VII:361;VIII:412;X:265
candidate_missing	Platen, Frk.	fra Omegnen af Berlin, Jernbanepassager fra Biichen 18.5.1852.	IV:77–78
candidate_missing	Pienge, J. (1822–1889)	fhv. Sognepræst i Saatrup og Ødis og Præst i London, Forfatter.	X:199
candidate_missing	Piesner, Augusta (1817–1885)	Oversætter af H.C. Andersens Eventyr, en årrække fast bosat i London.	VII:262;X:157–158
candidate_missing	Plesner, G. (1826–1882)	Broder til Augusta P., Registrator ved Gehejmearkivet, Løjtnant i Artilleriets Reserve.	VIII:445
candidate_missing	Piessen, Baron	(paa hvis Gods Corfitz Ulfeldts Lig skulde være fundet).	II:271
candidate_missing	Piessen (fra 1853: Scheel-Plessen), Cail, Baron, senere Greve (1811–1892)	slesvig- holstensk Politiker, 1843–1845 Amtmand over Nordborg og Sønderborg Amter, 1866 preussisk Overpræsident for Slesvig-Holsten.	II:441
candidate_missing	Piessen, Siegfried von (1646–1723)	Præsident i Rentekammeret, Statsmand, Godsejer.	II:294
candidate_missing	Piessen, Vilhelmine, f. Gutfeld (1793–1881)	Datter af F.G.Gutfeld, g. 1812 m. senere Oberstøjtnant G.L.P., Enke 1855.	IX:17
candidate_missing	Piessis, Alphonsine (død 1847)	Fransk Kurtisane (»Kameliadamen«).	VIII:67
candidate_missing	Piessy, Jeanne (1819–1897)	Fransk Skuespillerinde.	II:362;II:348–349
candidate_missing	Plätzer, Caroline Wilhelmine, f. Goith (1783–1850)	g.m. Johan Christian P.	III:274
candidate_missing	Poles, Stefan (egl. Rafael Tugenhold) (1847–1875)	polsk Forfatter og Modstandsmand, Emigrant 1863.	V:393;X:1–3;X:163
candidate_missing	Pontoppidan, Ingeborg Magdalene (1845–19?)	Datter af Hendrik P., g. 1869 m. Købmand Heinrich Arthur Drishaus.	VI:97
candidate_missing	Portella, Manuel Maria	portugisisk Forfatter.	VII:124;VII:131;VII:332
candidate_missing	Portilla (Portielje), Frøken	Amsterdam 5.5.1868.	VIII:62
candidate_missing	Prial	fra Rio de Janeiro (1867).	VII:266
candidate_missing	Prutz, Ida, f. Biode (1819–?)	g.1841 m. Robert P.	II:417
candidate_missing	Prøsilius, Ghristoph Peter Julius (1827–1860)	Sekondløjtnant i Søetaten, 1852 Premierløjtnant, 1858 Løjtnant.	III:189
candidate_missing	Pulszky, Franz Aurel, Edler von Lebocz und Gsesalm (1814–1897)	ungarsk Forfatter, Arkæolog og Politiker.	III:76
candidate_missing	Pødenphant, W. S. (1797–1881)	Provinsskuespiller og Teaterdirektør.	IV:462
candidate_missing	Quatrefages de Bréau, Jean Louis Armand de (1810–1892)	Fransk Naturforsker og Antropolog, Professor ved Musée d’histoire naturelle i Paris, deltog i den internationale arkæologiske Kongres i København 27.8.-5.9.1869.	VIII:454;VIII:463–464
candidate_missing	Querfurth, G. O.	Edler von.	IV:281
candidate_missing	Qvoten, Salomon von (ca. 1690–ca. 1750)	Teaterentreprenør, Tandmedikus.	I:176
candidate_missing	Raben, Frue	Berlin (Wildbad August 1855).	IV:177–178
candidate_missing	Radiese witch, Thomas	Vært i Küstendje 1841.	II:212
candidate_missing	Radziwill, Wilhelm	Fyrste (1797–1870), preussisk Generalmajor.	III:39–40
candidate_missing	Rafael (Raffaello Santi) (1483–1520)	Italiensk Maler.	III:124;IV:165;IV:208;IV:229;V:41;V:56;V:65;V:68;V:73;V:322;V:325–327;VII:323;VII:325
candidate_missing	Ramsay, Christina Gharlotta, f. Wästfelt (1812–1895)	g.1836 m. Otto Joh. R.	III:341
candidate_missing	Rantzau, August	Lensgreve (1840–1904) til det grevelige Rantzauske Forlods, senere Hofjægermester.	V:404
candidate_missing	Rasmussen, Frk.	rejsende Skuespillerinde (16.4.1875).	X:434–435
candidate_missing	Rasmussen, Frederik	Skomagersvend, Poet (April 1874).	X:234–235
candidate_missing	Rauch	Kapelmusikus (enten Violoncellisten Ferd. Peter Theodor R. (1817–1871) eller Violinisten Jul. Wilh. Emil R. (1818–1888)).	VI:236
candidate_missing	Reedtz, Gatharine, f. Benzon (1773–1854)	Enke efter Major Niels R. til Palsgaard.	III:404
candidate_missing	Reiche, Hermann	Søn af M.W.R.	II:383
candidate_missing	Reiche, Matthias Wilhelm	Justitiar ved Ahrensburg, Wandsbeck og Wellingsbüttel, Hofraad.	II:383
candidate_missing	Reinhardt, G. E. F. (1829–1896)	Kontorchef i Justitsministeriets Departement for Island.	VI:180
candidate_missing	Reissinger, Marie, f. Stobwasser	g. 1828 m. C.G.R.	IV:222
candidate_missing	Rem, Guido (1575–1642)	Italiensk Maler.	II:79;II:88;II:91;II:94;II:102;II:416;X:72
candidate_missing	Retzsch, Frue	g.m. Moritz R.	II:415–416
candidate_missing	Reuter, Louise, f. Kuntze	g. 1851 m. Fritz R.	X:131–132
candidate_missing	Reventlows	(ikke nærmere angivet).	V:160
candidate_missing	Riedell, Nicoline, f. Horn	g.m. Joh.Fr. R.	IV:355
candidate_missing	Riegels, Frederik (Fritz) (1829–1917)	Søn af Fr.Wilh.R., 1848–1852 Leder af Planteskolen på Snoghøj hos sin Farbroder H.C.R., senere Ejer af flere Gaarde og Redaktør af »Landbovennen«.	III:401
candidate_missing	Riepenhausen	(enten Franz (1786–1831) eller Johannes (1789–1860)), tyske Malere og Raderere.	II:86
candidate_missing	Rietschel, Emst (1804–1861)	Tysk Billedhugger.	IV:284
candidate_missing	Rist	(den unge), Før 7.9.1844.	II:433–434
candidate_missing	Rob Roy (Robert Macgregor Campbell fra Glengylle) (1671–1734)	Bandefører, Skotlands Robin Hood.	III:257
candidate_missing	Rochussen, J. B. G., f. Hubert	g.m. Hendrik R.	III:202
candidate_missing	Rode, Frue	Königsberg, Hotelgæst i Brunnen.	IV:402–403;V:192
candidate_missing	Rolle tt, Herman (1819–1904)	Østrigsk Digter.	III:51;III:59–60;III:168
candidate_missing	- Hans Smaapiger	1873 (Sophie (f. 1861), Benedicte (f. 1863), Charlotte (f.1865) og Caroline (f.1867)).	X:67
candidate_missing	Rosenberg, G. (1829–1885)	Søn af Sophie R., cand. jur. 1854, ansat i Kultusministeriet, 1863 Fuldmægtig, 1856–1867 Medarbejder ved »Dansk Maanedsskrift«, 1884 midlertidig Docent i dansk Litteraturhistorie ved Københavns Universitet, Litteraturhistoriker.	IV:409;VIII:447;IX:37;IX:117;X:296–297;X:305
candidate_missing	Rosenkrantz	Baron, fra Lolland. (Misforstaaelse af H.C. Andersen., se: Rosenørn-Lehn, Otto.)	VI:329
candidate_missing	Rosenkrantz, Birgitte Charlotte, Baronesse, f. Baronesse Reedtz-Thott (1788–1868)	Enke efter Ritmester, Baron Jørgen R. til Vedø og Sophiendal.	VI:328
candidate_missing	Rosenstand, Niels Peter (død 1859, 55 år gl.)	Skovrider under Corselitze.	III:425–426
candidate_missing	Ross, Charles (Carl) (1816–1858)	holstensk Maler.	II:59
candidate_missing	Rothe, Vilhelmine Susanne, f. Kolderup-Rosenvinge (1823–1888)	g. 1845 m. C.R.	IX:203
candidate_missing	Rothmann, G. T. (1834–1910)	Sadelmagermester, senere Hof-Tapetserer og Direktør i Haandværkerbanken.	IX:88
candidate_missing	Rothschild, Hannah, f. Gohen (død 1850)	Enke efter Bankier Nathan Mayer R.	III:225
candidate_missing	Rothschild. Louisa, Lady, f. Montefiore (1821–1910)	Datter af Henrietta Montefiore, g. 1840 m. Anthony R.	III:225
candidate_missing	Ruben, Ida, f. Goppel (1845–1913)	Datter af S.Coppel, g. 1865 m. Bernhard R.	VIII:219;X:56–57;X:70;X:198;X:200;X:232;X:388
candidate_missing	Rusland, Nikolaj Alexandrovitj, Storfyrst - tronfølger af – (1843–1865)	Søn af Kejser Alexander II af R.	V:323;VI:119;VI:133–134;VI:215;VI:216;VI:230
candidate_missing	Russell, John (1861 Jarl af R.) (1792–1878)	Engelsk Politiker, 1846–1852 og 1865–1866 Premierminister.	III:237
candidate_missing	Rüdiger, Karl (død 1862)	Ober-Regierungsrat, Minden in Westfalen.	III:30–31
candidate_missing	Röhl, Frøken	Datter af Wilhelmine R., tysk-slesvigsk Forfatterinde.	VIII:16;VIII:51
candidate_missing	Rönckendorff, Franz (1808–ca. 1850)	Vinhandler i Braunschweig.	II:48
candidate_missing	Röscher, Paul (f. ca. 1832)	Søn af Julius J. R., Nevø af Robert Prutz.	II:418
candidate_missing	Sabbatini, Lorenzo (Lorenzino da Bologna) (ca. 1530–76)	Italiensk Maler.	I:393
candidate_missing	Sachsen-Weimar-Eisenach, Ida, Prinsesse ai –, f. Prinsesse af Sachsen-Meiningen (1794–1852)	g.1816 m. Bernhard af S.-W.-E.	IV:81
candidate_missing	Sachsen-Weimar-Eisenach, Luise, Storhertuginde af –, f. Prinsesse af Hessen-Darmstadt (1757–1830)	g.1775 m. Carl August af S.-W.-E.	II:402
candidate_missing	Saint-Cyr	(Sommeren 1848).	III:289
candidate_missing	Saint-Ferriol, Vicomte de	Fransk Gesandt i København 1869–1876.	IX:209–211;IX:234
candidate_missing	Saint-Lieu, Marquis	Fransk Journalist, Rolighed 28.7.1870.	VIII:407–408
candidate_missing	Salmonsen, M. (1843–1913)	Boghandler, udvandret 1872 til Chicago, her Journalist, senere Magistratsembedsmand.	X:363
candidate_missing	Saloman, Siegfried (1816–1899)	Komponist.	VIII:146;VIII:242–243;IX:106;IX:314;X:298
candidate_missing	Salomon, Israels Konge (ca. 975–35 f. Chr.)	Søn af David.	IV:56;VII:252
candidate_missing	Saltza, Charlotta von, Friherreinde (f. og d. 1764)	Datter af Carl Fredrik von S.	III:345
candidate_missing	Sanne, Nanna (ved Daaben: Anne) (1837–1880)	Søster til Emma S., Pianistinde, Musiklærerinde, g.m. Komponisten, Kantor Louis Hornbeck.	VI:264
candidate_missing	San ten, Frederika Christina van, f. Bernhard (1802–1880)	g.m. Jac. Jasper v. S.	III:202;VII:58–59
candidate_missing	Saraceni, Carlo (Carlo Veneziano) (1585–1620)	Italiensk Maler.	I:254
candidate_missing	Saurmar-Stenzendorf, Roda von, Grevinde, f. Grevinde von Wurmbrand-Stuppenbach (1844–1916)	g. 1867 m. preussisk Ritmester Joseph Johan v. S.-S.	VIII:268
candidate_missing	Saxo (omkr. 1200)	Historiker.	III:416
candidate_missing	Saxtoiph, Augusta, f. Brun (død 1888)	Enkefrue.	VIII:453
candidate_missing	Sayn-Wittgens tein-Berleburg, Pulcheria, Prinsesse af –, f. Prinsesse Cantacazenos (1840–1865)	g. 1856 m. Emil S.-W.-B.	IV:230–231
candidate_missing	Scavenius, Peder (Peer) (1845–1919)	Søn af Peder Brønnum S., Student (Herlufsholm) 1864, cand. jur. 1870, 1872 Ejer af Vorgaard.	VI:173;VI:176;VI:177;VII:197–198;VII:231;VII:363;VIII:13;VIII:18;VIII:172;VIII:186
candidate_missing	Scavenius, Thyra, f. Gastonier (1850–1930)	Datter af Annie Castonier, g. 1869 m. Carl S.	IX:72–73
candidate_missing	Scheele, Frøken	Søster til L.N.Scheele (han havde 6 ugifte Søstre, hvoraf de 5 var indskrevet i Vemmetofte, hvem H.C. Andersen mener, kan ikke afgøres).	IV:292–293
candidate_missing	Schellow, Frue	fra Preussen, Wildbad August 1855.	IV:177–178
candidate_missing	Schepelem	to Frøkner, København 7.2.1873.	X:25
candidate_missing	Schepelem, Georg (1839–1900)	stud, theol., 1864 cand. theol., 1869 residerende Kapellan ved Trinitatis Kirke, København, 1878 Sognepræst sst.	V:156
candidate_missing	Schibbye, Jacobine, f. Bruun (død 1890, 83 år gl.)	g. 1841 m. Jens S.	III:188
candidate_missing	Schill, Ferdinand von (1774–1809)	Tysk Major, Frikorpsfører.	II:395
candidate_missing	Schirmann, Frue, f. Manger	Søster til Fru Rosalie Henselt, Maxen Juli 1855.	IV:161–162
candidate_missing	Schirmann, Frk.	Datter af Fru S., Maxen Juli 1855.	IV:161–162
candidate_missing	Schlesinger, Frue	g.m. M.S.	I:485–486;I:488;II:256
candidate_missing	Schlesinger, M.	Stein- und Galanteriehändler aus Turnau in Böhmen (Juli 1834).	I:485–486;I:488
candidate_missing	Schletter, Louise von, f. Behr	Enke efter Købmand Salomo Ferdinand v. S., Leipzig 14.2.1846.	III:62
candidate_missing	Schlönbach, Auguste, f. Schröder	Tysk Skuespillerinde, g. 1° Gerlach, 2° 1855 m. Arnold S.; hun var Søster til Wilhelmine Schröder-Devrient.	IV:387
candidate_missing	Schmidt fra Würzburg	(München 6.10.1860).	IV:445
candidate_missing	Schmidt, Frue	g.m. Julian S.	IV:217
candidate_missing	Schmidt, Christian Wilhelm Michael	Søn af Chr. S.	VI:338
candidate_missing	Scholler	(Schöller?), Bordeaux 26.8.1866.	VII:176
candidate_missing	Scholtz Hermensdorff, Fru von	g.m. Henry W. von S. H.	V:238–239;V:241;V:245
candidate_missing	Scholtz Hermensdorff, Henry W. von (død 1893)	Adjungeret Konsul i Málaga hos Onkelen E. W. von S., 1865 dansk Vicekonsul sst.	VII:302;VIII:417;VIII:419
candidate_missing	Schousboe (f. ca. 1859)	Datter af Otto S., Rolighed 2.9.1870.	VIII:409
candidate_missing	- Hendes Søster		IX:98
candidate_missing	Schousboe, Herman	Søn af O. S.	IX:98–99;IX:304
candidate_missing	Schoustrup	(»den lille Skoustrup«), 10.8.1869.	VIII:238
candidate_missing	Schrader, Ulla	fra Lingen, Slægtning af Karoline v. Zöllner, Maxen Maj 1854.	IV:134–135
candidate_missing	Schulenburg, Karen Hjort von der	Rigsgrevinde, f. de Seue, g.1841 m. C.O.F. v.d.S.	II:308–309
candidate_missing	Seat, W. H.	Amerikansk Præst, samler ind til et Universitet i Texas.	VIII:240–241
candidate_missing	Seeker	Mrs. og Miss, fra Windsor, München 26.7.1855.	IV:168
candidate_missing	Seebach, Wilhelmine	Tysk Skuespillerinde, Søster til Marie S. (1834–1897).	IV:171
candidate_missing	Seiler, Otto	Tysk Godsejer, Jernbanepassager Leipzig-Dresden 24.7.1851.	IV:50–51
candidate_missing	Semmler, Julius	holstensk Musiker fra Itzehoe, Brüssel 5.3.1843.	II:318
candidate_missing	Serral, Dolorés	Spansk Danserinde.	II:41–42;II:344
candidate_missing	Sidenius, Jfr.	Datter af Isaac S. (enten Marie (1823–1899) eller Nicoline (1826–1893)).	IV:31
candidate_missing	Siebold, Antonie von, f. Nôldechen	g. 1856 m. K.Th.E.v.S.	IV:386;IV:396;IV:445;V:102–104
candidate_missing	Silva-Loureiro, Antonio José da	portugisisk Diplomat, Stockholm 1849.	III:324
candidate_missing	da Silva Pereira	dr.theol., Coimbra 21.7.1866.	VII:145
candidate_missing	Simion, M. (død 1854)	Forlagsboghandler i Berlin.	III:35–36;III:39;III:66
candidate_missing	Simon	parisisk Skomager, hos hvem Louis XVII (1785–1795) tilbragte sin sidste Levetid.	IV:52
candidate_missing	Simonsen, Emesta (1843–1916)	Datter af Sophus S., Plejedatter af H.P.Holst, g. 1869 m. Harald Christophersen.	VI:54;VIII:243–244
candidate_missing	Simony, Anna Sophie, f. Faber (1812–1896)	g. 1837 m. Carl S.	IV:344
candidate_missing	Skinkel, Bernike (død 1418)	Rigsraad (til Rugaard, ikke Rygaard).	II:294
candidate_missing	Skovgaard, P. G. (1817–1875)	Maler.	V:274;VII:323;VII:325;VIII:276–278;X:434
candidate_missing	Skram, Erik (1847–1923)	Søn af Gustav Schram, Rigsdagsstenograf 1872, Protokolsekretær 1894–1918, Forfatter.	X:220
candidate_missing	Soveral, Elisa, Viscondessa, f. Bayne	g. 1838 m. A. Pinto de S.	VII:95–96
candidate_missing	Spetz	(måske: Spatz), Napoli 5.3.1841.	II:140
candidate_missing	Spitzeder, Betty, f. Vio (død 1872)	Tysk Operasangerinde, g. 1831 m. Joseph S.	I:428
candidate_missing	Spontini, GasparO (1774–1851)	Italiensk Operakomponist. Generalmusikdirektor i Berlin.	I:495–496;IV:60;IV:281
candidate_missing	Sporon, G. G. W. (1824–1890)	Broder til B.G.S., Assessor i Kriminal- og Politiretten, 1871 i Landsoverretten.	VI:150
candidate_missing	Spotturno, Bartolomeo	Dansk Vicekonsul i Cartagena 1853–1882.	V:233–236
candidate_missing	Spotturno, Ricardo	Søn af Bartolomeo S., russisk Vicekonsul i Cartagena 1862.	V:234–235
candidate_missing	Spur, Frøknerne	Døtre af Johan Henrik S., Hobro 6.7.1865.	VI:246
candidate_missing	Staggemeier, Frøknerne	(Wilhelmine (1832–1898), Rosa (1837–1915)), Døtre af Oberst, senere Generalmajor E.F.S., Aalborg 26.7.1859.	IV:344
candidate_missing	Stahn, Frk.	ledsager Frøknerne Heinke 1874 på Rejsen til København.	X:254–256
candidate_missing	Stahr, Marie, f. Kraetz	g. 1833 m. Adolf S., Ægteskabet opløst 1854.	III:22
candidate_missing	Stanley, Edward John, Lord (1850 Baron Stanley of Alderley) (1802–1869)	Under-secretary for Foreign Affairs 1846–1852.	III:220
candidate_missing	Steenbuch	Søn af H.T.M.S. (enten Augustinus S. (1846–1879), senere cand. pharm., eller Hans S. (1847–1899), senere exam.jur.).	VII:228
candidate_missing	Steinheim, Johanna (Hannah) (1793–1882)	g.1814 m. S.L.S.	VI:130
candidate_missing	Stephensen	Student (enten Hilmar (1846–1889), Student 1864, senere Departementschef i Ministeriet for Island, eller Thorvald (1843–?), Student 1862, cand. phil. 1864, 1866 udvandret til Amerika).	VI:246
candidate_missing	Stolberg	(»en stiv, fornem Grev Stolberg«) (Oldenburg 10.6.1847).	III:191
candidate_missing	Stramboe, Signe, f. Hollensted (død 1884)	g.m. Edvard S.	X:135
candidate_missing	Stöver, J. H. (1825–1911)	Hollandsk Billedhugger.	VII:49–50
candidate_missing	Støvlet-Cathrine (Anne Cathrine Benthacken) (1745–1805)	Chr. VII's Mætresse, g. 1° 1770 m. Advokat i övelgönne, senere Toldinspektør i Nysted C.D.R.Maës, 2° 1785 m. Musiker, senere Fiskemester H.H.Schweder.	VI:330
candidate_missing	Suhrn, P. F. (1728–1798)	Historiker.	X:260
candidate_missing	Suzor, Madame de, Grevinde, f. de Livio	Søster til Fru Elisa Bjerring, g.m. Jules de S.	II:417
candidate_missing	Suzor, Jules de	Greve, fransk Publicist og Foredragsholder, Leipzig 23.7.1844.	II:417
candidate_missing	Svensson, Sven	Gæstgiver i Kolding 1866.	VII:20–21
candidate_missing	Sverrig, Inge den Yngre, Konge af – (død 1125)	Konge ca. 1110.	II:11
candidate_missing	Sverrig, Ragvald Knapfofde, Konge af – (ca. 1130?)		II:11
candidate_missing	Sylow, Frøken	Tidligere Guvernante.	III:368
candidate_missing	Sylvester II (død 1003)	Pave 999.	II:236
candidate_missing	Sønderup, Anna (1841–1870)	Forfatterinde, g. 1868 m. den ungarske Arkitekt Ferenc Schulz.	VII:12;VII:277;VII:346;VIII:2
candidate_missing	Søren (Søren Ebbesen?)	Slagelse 24.3.1826.	I:50
candidate_missing	Sørensen	Skuespillerinde (?) (1863).	V:438
candidate_missing	Tacitus, Publius Cornelius (ca. 55–ca. 120)	romersk Historiker.	III:85
candidate_missing	Talleyrand-Périgord, Charles-Angelique, Baron (1821–?)	Fransk Gesandt i Weimar 1852–1854, senere i St. Petersborg.	IV:84–85;IV:87;IV:89;IV:216
candidate_missing	Tann, Ludwig von der (fra 1868 Friherre von und zu Ratsamhausen) (1815–1881)	Bayrisk Officer, deltog i 1ste slesvigske Krig (Affæren ved Hoptrup, Slaget ved Isted, Angrebet på Frederiksstad), Oberstløjtnant 1848, 1855 Generalmajor, 1869 General.	IV:98;IV:102;IV:105;IV:150;IV:152–153;IV:167;IV:379
candidate_missing	Tardini, Anna (Jeanette) (1845–1918)	Balletdanserinde, g. 1864 m. Emil Hansen.	VI:143
candidate_missing	Tauro, N.	Italiensk Operakomponist og Sanger.	II:140–141
candidate_missing	- Hans Søster		V:194
candidate_missing	Terkelsen, Peter Christian	Hornblæser, Dannebrogsmand.	IV:6–7
candidate_missing	Tesdorpf, Dorthea (Dora) (1850–1852)	Datter af Edward T.	III:425
candidate_missing	Theoderik I (den Store) (454–526)	østgotisk Konge 475, Konge af Italien 493.	I:309
candidate_missing	Theokritos (f.ca. 300 f.Chr.)	græsk Digter.	X:54
candidate_missing	Theresia (Santa Teresa de Jesus) (1515–1582)	Spansk Helgeninde.	II:149
candidate_missing	Thiele	(»Onkel Thiele«, en af J.M.Thieles tre Brødre: Kontorchef i Finansministeriet, Justitsraad, senere Etatsraad Frederik VilhelmT. (1791–1877), Instrumentmager Frederik Anton T. (1793–1859), Instrumentmager Johan Christopher T. (1798–1854)).	IV:28
candidate_missing	Thomas, Margrethe (Margarith)	Fru Serres Selskabsdame.	IV:162–163;IV:208;IV:280;IV:460;V:106;V:109;VIII:266–267;IX:261;X:289
candidate_missing	Thomsen, Bolette, f. Nielsen	g.m. Klokker ved Vartov Kirke Lars T.	VI:221
candidate_missing	Thomsen, Rosalinde (Magda von Dolcke) (1837–1926)	Skuespillerinde ved Det kgl. Teater 1859–1863, derefter i Tyskland, g. 1886 m. Fabrikant Bosse.	IV:469;VI:334;VIII:4–5;VIII:16–17;IX:204
candidate_missing	Thott, Frederik (Fritz) (1803–1882)	Løjtnant ved Skånska Husarregiment, senere Generalmajor.	II:33;II:40
candidate_missing	Thrane, Chr. W. Fr. G. C. (1802–1880)	Oberst.	IV:229
candidate_missing	Tybjerg, Asbjørn (født og død 1871)	Søn af Chr. T.	IX:25
candidate_missing	Thyberg (fra 1866: Tybjerg), Christian (1815–1879)	Søn af Oline T., Arkitekt.	II:306;III:72;III:74–75;III:321;III:324;III:335–337;III:340–41;III:365;IV:208;IV:211;IV:217–219;IV:221–27;IV:229–231;IV:235;V:184;V:197;V:380;V:383;V:395;V:424;V:436;VI:49;IX:25;IX:27
candidate_missing	Tyberg (fra 1866: Tybjerg), Erland (1863–1925)	Søn af Chr. T., senere Højesteretsdommer.	VII:302
candidate_missing	Tyberg, Henriette (Jette) (1813–1894)	Datter af Oline T., g. 1836 m. Edvard Collin.	I:119;I:178
candidate_missing	Thyberg (fra 1866: Tybjerg), Juliane, f. Poulsen (1835–1867)	g. 1858 m. Chr. T.	VI:101–102;VI:130;VI:331;VII:215;VII:302
candidate_missing	Thyberg, Marie (Mimi) (1810–1837)	Datter af Oline T.	II:308
candidate_missing	Tichy, Antonio	Commerzien-Rath, preussisk Konsul i Wien 1846.	III:73;III:75–76
candidate_missing	Tidemann(?)	Düsseldorf 1843 (NB! ikke Adolph Tidemand).	II:313
candidate_missing	Titov, Frue	g.m. Vladimir Pavlovié T.	II:195
candidate_missing	Titov, Vladimir Pavlovié (død 1891)	russisk Diplomat og Arkæolog, Chargé d’Aff aires i Konstantinopel i 1841, senere Gesandt i Athen.	II:195
candidate_missing	Toli, Johan Christoffer von (1816–1887)	Underløjtnant ved Sodra skånska Infanteriregiment 1835–1841, senere dr. phil., Sognepræst, Statsrevisor m.m., Friherre 1865.	II:9–10
candidate_missing	Torbensen, I.	Menig, 3. Infanteri-Regiment, 6. Kompagni, Nr. 39, Basnæs Juni 1864.	VI:74–79
candidate_missing	Torlonia, Anna, Hertuginde, f. Sforza-Gesarini (1803–1874)	g.m. Marino T.	I:239
candidate_missing	Trane, Carl Christian (1823–1849)	Sekondløjtnant, faldet ved Kolding 23.4.1849.	III:345
candidate_missing	Travers, C. C.	Hollandsk og dansk Generalkonsul i Athen.	II:155–156;II:173;II:180;II:183–184
candidate_missing	Trémoliéres, Pierre (1703–1739)	Fransk Maler.	I:304
candidate_missing	Treu, Emil	fra Halle (Weimar Sept. 1857).	IV:286–287
candidate_missing	Trier & Goldschmidt	Manufakturfirma.	VII:236
candidate_missing	Tristan l’Hermite, Louis (omkr.1450)	Fransk Adelsmand, Profos hos Kongerne Charles VII og Louis XI.	V:346
candidate_missing	Trochi	(Strochi?), Søn af Direktøren for Wiener-Operette-Selskabet, Tivoli 1874.	X:307–308
candidate_missing	Trothingham, O. B.	Frue, g.m. Forfatteren T., Bodensøen 10.7.1873.	X:123
candidate_missing	Ulmann, Glaudius (1810–?)	Læge i Weimar, senere Medicinalrat.	IV:285–286
candidate_missing	Ulrich, Ulrichs	Den unge, Berlin December 1845.	III:30–32
candidate_missing	Ulrich & Brot	Bankierfirma i Milano.	IV:111
candidate_missing	Ungarn, Geisa (Geza) I, Konge af – (død 1077)	Konge 1074.	II:239–240
candidate_missing	Uttenreiter, Caroline (død 1886, 72 år gl.)	Hotel garni, Gothersgade 9 (1874).	X:231
candidate_missing	Vaccá Berlinghieri, Andrea (1772–1826)	Italiensk Øjenlæge.	I:201
candidate_missing	Valdemar (Knudsen) (1158–1236)	Søn af Kong Knud (III) Magnussen, Biskop af Slesvig 1179.	VIII:205
candidate_missing	Verhulst, Anna (1858–efter 1934)	Datter af J.J.H.V., senere Pianistinde og g. Elischer.	VII:32
candidate_missing	Véron, Pierre (1833–1900)	Redaktør af »Charivari« 1865–1899.	VII:348
candidate_missing	Vespermann, Catharina Sigi, f. Sigi (1802–1877)	Tysk Operasangerinde, g. 1827 m. Wilhelm V.	II:64;II:69
candidate_missing	Vezin, Benedicte Friederike Caroline Louise	Datter af S.V.	II:385
candidate_missing	Vezin, Elisabeth Dorothea Louise, f. Schnauer	g.m. S.V.	II:385
candidate_missing	Vezin, Sulpice	Hausvogt på Breitenbürg 1844.	II:385
candidate_missing	Villers, Karl (død 1890)	Tysk Læge, dr. med.	IV:62
candidate_missing	Vincent & Vives	Handelshus i Cadix 1862.	V:291
candidate_missing	Vliet, Anna Maria Christina van der (f. 1847)	Datter af J.L.v.d.V.	III:200
candidate_missing	Vogt, Udine (død 1834)	Plejedatter af Frederik Sigfried V.	I:314–317;I:333;I:456
candidate_missing	Volkonsky, Sophie, Fyrstinde, f. Wolonsky (død 1868)	g.m. russisk Feltmarskal, kejserlig Husminister, Fyrst Peter Mikhailovitch.	V:401–402
candidate_missing	Volpi, Vincenzio (død 1856, 66 år gl.)	Ansat fra 1820 ved Biblioteca Medicea Laurenziana, Firenze.	I:387–388
candidate_missing	Vol terra, Daniele da (1509–1566)	Italiensk Maler.	II:111
candidate_missing	Wåhlberg, Broder til Fru Malin von Beskow (enten Gustaf af W. (1786–1858)	kgl. Rentemester, eller Göran Didrik W. (1792–1873), Ekspeditionssekretær, Stockholm).	III:341
candidate_missing	Wåhlberg, Frøken de	Søster til Fru Malin von Beskov (enten Catharina Elisabet (1789–1879) eller Hedvig Charlotta (1798–1875)).	III:337;III:339–341;VI:299
candidate_missing	Wackinhusen, Frøken	Mecklenburg, ledsager Pianistinden Emma Brandes August 1872 i København.	IX:313–315
candidate_missing	Wagner, Richard (1813–1883)	Tysk Komponist og Digter.	V:79;V:89;V:155;V:183;VI:164;VIII:277;VIII:292;VIII:362–364;VIII:403;VIII:422;IX:42;IX:245
candidate_missing	Wain, Ellen (død 1876, 25 år gl.)	Datter af William W.	VIII:82–83
candidate_missing	Wansrat, Albert (død 1901)	Tysk Arkitekt, 1854–1859 Professor i Tegning og Bygningskunst ved Polyteknisk Institut Collegium Carolinum, Braunschweig.	II:260
candidate_missing	Warberg, Frøken	Datter af K.G.W., Trollhättan August 1849.	III:375;III:378
candidate_missing	Warberg, C.	Fører af Dampskibet Götheborg, Göta Kanal 1849.	III:375
candidate_missing	Warberg (Vahrberg), Casten Adolf (1785–1868)	Svensk fhv. Oberstløjtnant, Direktør ved Göta Kanal.	III:374;III:375;III:377–378;III:394
candidate_missing	Warburg, Pinches (Pius) (1816–1900)	Broder til John W., Medindehaver af Bankierfirmaet W. S. Warburg i Altona.	VIII:89–93
candidate_missing	Wartan, Josephi	ungarsk Gejstlig og Astronom (Donau 27.5.1841).	II:230–231
candidate_missing	— Hans Søster »som er gift nede ved Holbek«.		IX:5
candidate_missing	Weber, Katharina von, Friherreinde, f. Kramer (død 1874)	g.m. Max Maria v. W.	IV:282;IV:397
candidate_missing	Wegner & Mottu	Fotografer, Amsterdam.	VII:45
candidate_missing	Weiss, Johann	dr.phil., »fra Pest«, Farbroder til Leonore Geibel, Nizza December 1869.	VIII:309–310;VIII:312;VIII:334
candidate_missing	Wennberg, Fredrik Wilhelm (1799–1881)	Svensk Grosserer, dansk Konsul Stockholm.	III:340
candidate_missing	Wennerberg, Gunnar (1817–1901)	Svensk Digter og Komponist, Docent i Uppsala i Æstetik, senere Kirkeminister og Landshøvding i Växio.	III:316;III:318–319
candidate_missing	Wensioe, Thure (1801–1865)	Sognepræst i Mariestad 1848–1856, fil.dr., 1856 Sognepræst ved S. Klara Kirke i Stockholm.	III:365–366
candidate_missing	Wenzel den Hellige (død 936)	Hertug af Bøhmen.	I:492;IX:264
candidate_missing	Werff, Adriaen van der (1659–1721)	Hollandsk Maler.	I:384
candidate_missing	Wergeland, Henrik (1808–1845)	Norsk Digter.	II:22;V:47;IX:26;IX:114
candidate_missing	Werlauff, E. C. (1781–1871)	Professor i Historie ved Københavns Universitet 1828, Overbibliotekar ved Det kgl. Bibliotek 1823–1861, Historiker.	V:133–134;X:357;X:402
candidate_missing	Werligh-Staahl, Daniel Theodor (1834–?)	Søn af Daniel Staahl, menig Soldat 1864.	VI:112–113
candidate_missing	Werliin, Christian (1804–1866)	Student 1824, 1827 kst. Adjunkt i Helsingør, cand. theol. 1829, lic.theol. 1838, 1841 Sognepræst til Hasle, Skejby og Lisbjerg, 1850 til Ferslev og Vellerup.	I:33–34
candidate_missing	Werliin, Henri (1837–1892)	Søn af Chr. W., Stedsøn af Chr. Winther, Fuldmægtig i Finansministeriet.	VIII:222
candidate_missing	Werner, Karl Fr. Heinr. (1808–1894)	Tysk Maler.	II:131
candidate_missing	Werner, Nathalie (død 1866)	Tante til Clara Heinke.	IV:276–277;IV:320;VII:47
candidate_missing	Werning, Marie (1798–1871)	tidligere Solodanserinde ved Det kgl. Teater, Afsked 1837, g. s.A. m. Artisten Jean d'Abis.	VI:67
candidate_missing	Wesley	London 25.6.1857.	IV:251
candidate_missing	Wessel, Johan Herman (1742–1785)	Digter.	V:372;V:385;VII:268;VIII:49;VIII:252
candidate_missing	Wessely, Abraham (1800–1875)	Dispachør, Landstingsmand.	VI:274
candidate_missing	West, Hans Frederik (1821–1866)	Skovrider, Glorup.	III:184;III:405
candidate_missing	West, Johan Wilhelm (1801–1865)	tidligere Huslærer på Bregentved, 1832 Sognepræst i Hellested.	II:280;II:284
candidate_missing	Westberg, Maria (1853–1893)	Solodanserinde ved Det kgl. Teater 1871–1890.	IX:157;X:443
candidate_missing	Westengaard, Carl Theodor (1824–1915)	Skolelærer i Bisserup ved Holsteinborg.	VII:330;X:258
candidate_missing	Westengaard, Caroline Jensine, f. Borup (1822–1904)	Søster til Hansine Borup, g.m. Carl Theodor W.	VII:330;X:258
candidate_missing	Westengaard, Else Marie, f. Høyen (1800–1847)	g. 1820 m. L.C.D.W.	II:435
candidate_missing	Westengaard, Lauritz Christian Ditlev (1795–1853)	Sognepræst 1830 ved St. Hans Kirke i Odense.	II:431;II:435
candidate_missing	Wester, Anders Magnus (1844–?)	Svensk Publicist og Maler. »Som tidningsutgivare skrev han sig artisten Anders Magnus Wester Manhem, men om hans konstnärliga verksamhet är intet känt« (Svensk konstnarslexikon).	IX:100
candidate_missing	Westergaard, Anna, f. Bille (1831–1889)	Søster til C.St.A. Bille, g. 1852 m. Chr. Jørgensen W.	VII:319
candidate_missing	Westergaard, Otto (1822–1906)	Premierløjtnant ved 5. Forstærkningsbataillon, senere Oberst.	III:399
candidate_missing	Westermann, Blanka, f. Vieweg (død 1879)	Søster til Eduard Vieweg, g. 1838 m. George W.	II:48
candidate_missing	Westermann, Carl Ludvig Theodor (1840–?)	Søn af Carl Th. W.	IV:359
candidate_missing	Westermann, Carl Th. (1812–1882)	Grosserer, borgerlig Raadmand og tysk Konsul i Randers.	IV:326;IV:359–360;VI:247
candidate_missing	Westermann, George (1810–1879)	Forlagsboghandler i Braunschweig.	II:48;IV:223;IV:225;IV:230
candidate_missing	Westermann, Ida Sophie, f. Fürst (1813–1885)	Søster til Augusta Fürst, g.m. Carl Theodor W.	IV:326;IV:357;IV:358;V:424;VI:281;VII:227
candidate_missing	Westermann, Paul Anton (1838–1909)	Boghandler i Leipzig.	X:355
candidate_missing	Westermann, W. (død 1861)	Billetkasserer ved Det kgl. Teater.	V:120
candidate_missing	Westmoreland, John Fane, Jarl af – (1784–1859)	Engelsk Diplomat, 1841 Gesandt i Berlin, 1851–1855 i Wien.	III:37
candidate_missing	Westphal fra ltzehoe	(enten Obergerichtsadvokat Eggert W. eller Konsul, Købmand og Tobaksfabrikant Herman W.).	II:438
candidate_missing	Westrup, August (1838–1897)	Forlagsboghandler, Medredaktør og -udgiver af Illustreret Børneblad 1871 og Ugeblad for Børn 1872.	IX:97–98;IX:139;IX:221–222;IX:225;X:422
candidate_missing	Wettering, Joh. Karl Ludwig von der	Kirchspielvogt in der Crempes Marsch.	II:385
candidate_missing	Wexschall, Anna, f. Brenøe (1803–1856)	Skuespillerinde ved Det kgl. Teater, g. 1° 1823 m. Violinisten F. W., Ægteskabet opløst 1831, 2° 1834 m. Skuespiller N.P. Nielsen.	I:471–472
candidate_missing	Weyse, C. E. F. (1774–1842)	Komponist.	I:63;I:118;I:129;I:144;I:332;II:69;II:297;II:344;IV:195;IV:413;VI:326;VII:263;VIII:65;VIII:151;VIII:157;VIII:459;X:223;X:388–389
candidate_missing	Whitte, Hans Kofod (1810–1894)	Student 1828, dr.phil., Rektor ved Randers lærde Skole 1857–1885, tit. Professor 1858.	VIII:137
candidate_missing	Wibe, Møller	Østfyn, 1.8.1850.	III:422
candidate_missing	Wich, Edouard Herløw (1846–1873)	Søn af Peder Jørgen W., Skræddersvend i Odense.	VII:385
candidate_missing	Wich, Peder (1765–1828)	Skræddermester i Odense.	VII:383
candidate_missing	Wich, Peder Jørgen (1809–1873)	Søn af Peder W., Skræddermester, Medlem af Odense Kommunalbestyrelse.	VII:383;VII:385
candidate_missing	Wichfeld, Jørgen (1800–1888)	cand. jur. 1824, Kammerjunker, 1846 Besidder af Engestofte og Ulriksdal, Landstingsmand, 1847 Kammerherre.	I:105;VI:328–329;VIII:45;VIII:137;VIII:349
candidate_missing	Wichfeld, Warinka, f. Baronesse Rosenkrantz (1822–1908)	g.1842 m. Jørgen W.	VIII:45;IX:41
candidate_missing	Wichmann, Ludwig (1788–1859)	Tysk Billedhugger.	III:313
candidate_missing	Wilckens, G.F. (1808–1877)	Thorvaldsens Kammertjener, Kustode ved Thorvaldsens Museum.	VIII:434–435;X:231;X:242
candidate_missing	Wilkens, Gl. (1844–1929)	cand. mag. i Filosofi 1869, Professor 1897, Filosof, Sociolog og Æstetiker.	IX:220
candidate_missing	Willemoes-Suhm, Frøknerne	Døtre af Martin W.-S.	II:301
candidate_missing	Williams & Norgate	Boghandlerfirma i Govent Garden, London 1847.	III:225
candidate_missing	Willich, Mrs.	London 8.8.1847. Beundrerinde af H.C. Andersen og af Jenny Lind.	III:245–246
candidate_missing	Winsløw, Ferd. S.	Direktør for den skandinaviske Bank i Chicago, efter Bankens Fallit 1872 Indehaver af en Østersforretning i Virginia, derefter ansat i et Regeringskontor i Washington.	IX:201
candidate_missing	Winther, Petrine, f. Steffensen (1850–1930)	Datter af Fisker Steffen Olsen, Taarbæk, g. 1873 m. Georg W.	X:180
candidate_missing	With	Eller Hvidt?.	III:415
candidate_missing	Witzleben, Fru von	Hofdame hos Dronning Amalia af Grækenland (Navnet vist misforstået af H.C. Andersen).	II:255–256
candidate_missing	Wulff, Henriette (Jette) (1804–1858)	Datter af P.F.W.	V:34;V:106;VII:102;VII:139;VII:168
candidate_missing	Wørishøffer, J. A. P. F. (1804–1892)	Oberst i Infanteriet, 1864 Generalmajor, 1874 Generalløjtnant.	V:127
candidate_missing	Xenophon (ca. 430–ca. 355 f.Chr.)	græsk Historiker.	I:49
candidate_missing	Xerxes (død 465 f.Chr.)	Konge i Persien 485–65.	IV:386
candidate_missing	Ûxküll (Uexküll), Clara, Friherreinde, f. Walter (1823–1909)	g. 1843 m. Boris v.U.	IV:66;VIII:319
candidate_missing	Zeise, Frk.	Datter af Heinrich Z. (1793–1863).	III:15
candidate_missing	Zemlen (Zelmen)	Napoli 1846, J.A. Josephsons Rejsefælle.	III:109;III:115–118;III:120–22;III:126–127
candidate_missing	Zimmermann, Clemens von (1788–1869)	Tysk Historiemaler, Raderer og Litograf.	II:67
candidate_missing	Zytphen-Adeler, Anna Charlotte, Baronesse (1837–1876)	Hofdame hos Kronprinsesse Louise af Danmark.	IX:181
candidate_missing	Zöllner, von, Hauptmann (død 8.6.1856)	Ven af Serres.	III:66–67;III:69;IV:53;IV:68;IV:134–135;IV:207–208
candidate_missing	Æsop (Aisopos)	Græsk Fabeldigter, 6. årh. f. Chr.	II:132;III:197;X:391
candidate_missing	Oehlenschlæger, Charlotte (Lotte) (1811–1835)	Datter af Adam O., g. 1832 m. Ludvig Phister.	I:33;I:36–37;I:88–90;I:92;I:118;I:493;II:51;VII:369
candidate_missing	Oertzen, Friherreinde	g.m. Georg v. Oe.	III:269
candidate_missing	Oesterreicher, Joseph Renner von (død 1865)	Dansk Generalkonsul i Triest, senere Etatsraad.	III:79–82;IV:139
