pag_id,vol,page,kb_url,source
Pag010001,I,1,https://epub3.kb.dk/hcadag/epub3/EPUB/hcadag01_041_1.xhtml,workbook
Pag010002,I,2,https://epub3.kb.dk/hcadag/epub3/EPUB/hcadag01_042_2.xhtml,workbook
Pag010003,I,3,https://epub3.kb.dk/hcadag/epub3/EPUB/hcadag01_043_3.xhtml,workbook
Pag010004,I,4,https://epub3.kb.dk/hcadag/epub3/EPUB/hcadag01_044_4.xhtml,workbook
Pag010005,I,5,https://epub3.kb.dk/hcadag/epub3/EPUB/hcadag01_045_5.xhtml,workbook
Pag010006,I,6,https://epub3.kb.dk/hcadag/epub3/EPUB/hcadag01_046_6.xhtml,workbook
Pag010007,I,7,https://epub3.kb.dk/hcadag/epub3/EPUB/hcadag01_047_7.xhtml,workbook
Pag010008,I,8,https://epub3.kb.dk/hcadag/epub3/EPUB/hcadag01_048_8.xhtml,workbook
Pag010009,I,9,https://epub3.kb.dk/hcadag/epub3/EPUB/hcadag01_049_9.xhtml,workbook
Pag010010,I,10,https://epub3.kb.dk/hcadag/epub3/EPUB/hcadag01_050_10.xhtml,workbook
Pag010011,I,11,https://epub3.kb.dk/hcadag/epub3/EPUB/hcadag01_051_11.xhtml,workbook
Pag010012,I,12,https://epub3.kb.dk/hcadag/epub3/EPUB/hcadag01_052_12.xhtml,workbook
Pag010013,I,13,https://epub3.kb.dk/hcadag/epub3/EPUB/hcadag01_053_13.xhtml,computed
Pag010014,I,14,https://epub3.kb.dk/hcadag/epub3/EPUB/hcadag01_054_14.xhtml,workbook
Pag010015,I,15,https://epub3.kb.dk/hcadag/epub3/EPUB/hcadag01_055_15.xhtml,workbook
Pag010016,I,16,https://epub3.kb.dk/hcadag/epub3/EPUB/hcadag01_056_16.xhtml,workbook
Pag010017,I,17,https://epub3.kb.dk/hcadag/epub3/EPUB/hcadag01_057_17.xhtml,workbook
Pag010018,I,18,https://epub3.kb.dk/hcadag/epub3/EPUB/hcadag01_058_18.xhtml,workbook
Pag010019,I,19,https://epub3.kb.dk/hcadag/epub3/EPUB/hcadag01_059_19.xhtml,workbook
Pag010020,I,20,https://epub3.kb.dk/hcadag/epub3/EPUB/hcadag01_060_20.xhtml,workbook
Pag010021,I,21,https://epub3.kb.dk/hcadag/epub3/EPUB/hcadag01_061_21.xhtml,workbook
Pag010022,I,22,https://epub3.kb.dk/hcadag/epub3/EPUB/hcadag01_062_22.xhtml,workbook
Pag010023,I,23,https://epub3.kb.dk/hcadag/epub3/EPUB/hcadag01_063_23.xhtml,workbook
Pag010024,I,24,https://epub3.kb.dk/hcadag/epub3/EPUB/hcadag01_064_24.xhtml,workbook
Pag010025,I,25,https://epub3.kb.dk/hcadag/epub3/EPUB/hcadag01_065_25.xhtml,workbook
Pag010026,I,26,https://epub3.kb.dk/hcadag/epub3/EPUB/hcadag01_066_26.xhtml,workbook
Pag010027,I,27,https://epub3.kb.dk/hcadag/epub3/EPUB/hcadag01_067_27.xhtml,workbook
Pag010028,I,28,https://epub3.kb.dk/hcadag/epub3/EPUB/hcadag01_068_28.xhtml,workbook
Pag010029,I,29,https://epub3.kb.dk/hcadag/epub3/EPUB/hcadag01_069_29.xhtml,workbook
Pag010030,I,30,https://epub3.kb.dk/hcadag/epub3/EPUB/hcadag01_070_30.xhtml,workbook
Pag010031,I,31,https://epub3.kb.dk/hcadag/epub3/EPUB/hcadag01_071_31.xhtml,workbook
Pag010032,I,32,https://epub3.kb.dk/hcadag/epub3/EPUB/hcadag01_072_32.xhtml,workbook
Pag010033,I,33,https://epub3.kb.dk/hcadag/epub3/EPUB/hcadag01_073_33.xhtml,workbook
Pag010034,I,34,https://epub3.kb.dk/hcadag/epub3/EPUB/hcadag01_074_34.xhtml,workbook
Pag010035,I,35,https://epub3.kb.dk/hcadag/epub3/EPUB/hcadag01_075_35.xhtml,workbook
Pag010036,I,36,https://epub3.kb.dk/hcadag/epub3/EPUB/hcadag01_076_36.xhtml,workbook
Pag010037,I,37,https://epub3.kb.dk/hcadag/epub3/EPUB/hcadag01_077_37.xhtml,workbook
Pag010038,I,38,https://epub3.kb.dk/hcadag/epub3/EPUB/hcadag01_078_38.xhtml,workbook
Pag010039,I,39,https://epub3.kb.dk/hcadag/epub3/EPUB/hcadag01_079_39.xhtml,workbook
Pag010040,I,40,https://epub3.kb.dk/hcadag/epub3/EPUB/hcadag01_080_40.xhtml,workbook
Pag010041,I,41,https://epub3.kb.dk/hcadag/epub3/EPUB/hcadag01_081_41.xhtml,workbook
Pag010042,I,42,https://epub3.kb.dk/hcadag/epub3/EPUB/hcadag01_082_42.xhtml,workbook
Pag010043,I,43,https://epub3.kb.dk/hcadag/epub3/EPUB/hcadag01_083_43.xhtml,workbook
Pag010044,I,44,https://epub3.kb.dk/hcadag/epub3/EPUB/hcadag01_084_44.xhtml,workbook
Pag010045,I,45,https://epub3.kb.dk/hcadag/epub3/EPUB/hcadag01_085_45.xhtml,workbook
Pag010046,I,46,https://epub3.kb.dk/hcadag/epub3/EPUB/hcadag01_086_46.xhtml,workbook
Pag010047,I,47,https://epub3.kb.dk/hcadag/epub3/EPUB/hcadag01_087_47.xhtml,workbook
Pag010048,I,48,https://epub3.kb.dk/hcadag/epub3/EPUB/hcadag01_088_48.xhtml,workbook
Pag010049,I,49,https://epub3.kb.dk/hcadag/epub3/EPUB/hcadag01_089_49.xhtml,workbook
Pag010050,I,50,https://epub3.kb.dk/hcadag/epub3/EPUB/hcadag01_090_50.xhtml,workbook
Pag010051,I,51,https://epub3.kb.dk/hcadag/epub3/EPUB/hcadag01_091_51.xhtml,workbook
Pag010052,I,52,https://epub3.kb.dk/hcadag/epub3/EPUB/hcadag01_092_52.xhtml,workbook
Pag010053,I,53,https://epub3.kb.dk/hcadag/epub3/EPUB/hcadag01_093_53.xhtml,workbook
Pag010054,I,54,https://epub3.kb.dk/hcadag/epub3/EPUB/hcadag01_094_54.xhtml,workbook
Pag010055,I,55,https://epub3.kb.dk/hcadag/epub3/EPUB/hcadag01_095_55.xhtml,workbook
Pag010056,I,56,https://epub3.kb.dk/hcadag/epub3/EPUB/hcadag01_096_56.xhtml,workbook
Pag010057,I,57,https://epub3.kb.dk/hcadag/epub3/EPUB/hcadag01_097_57.xhtml,workbook
Pag010058,I,58,https://epub3.kb.dk/hcadag/epub3/EPUB/hcadag01_098_58.xhtml,workbook
Pag010059,I,59,https://epub3.kb.dk/hcadag/epub3/EPUB/hcadag01_099_59.xhtml,workbook
Pag010060,I,60,https://epub3.kb.dk/hcadag/epub3/EPUB/hcadag01_100_60.xhtml,workbook
Pag010061,I,61,https://epub3.kb.dk/hcadag/epub3/EPUB/hcadag01_101_61.xhtml,workbook
Pag010062,I,62,https://epub3.kb.dk/hcadag/epub3/EPUB/hcadag01_102_62.xhtml,workbook
Pag010063,I,63,https://epub3.kb.dk/hcadag/epub3/EPUB/hcadag01_103_63.xhtml,workbook
Pag010064,I,64,https://epub3.kb.dk/hcadag/epub3/EPUB/hcadag01_104_64.xhtml,workbook
Pag010065,I,65,https://epub3.kb.dk/hcadag/epub3/EPUB/hcadag01_105_65.xhtml,workbook
Pag010066,I,66,https://epub3.kb.dk/hcadag/epub3/EPUB/hcadag01_106_66.xhtml,workbook
Pag010067,I,67,https://epub3.kb.dk/hcadag/epub3/EPUB/hcadag01_107_67.xhtml,workbook
Pag010068,I,68,https://epub3.kb.dk/hcadag/epub3/EPUB/hcadag01_108_68.xhtml,workbook
Pag010069,I,69,https://epub3.kb.dk/hcadag/epub3/EPUB/hcadag01_109_69.xhtml,workbook
Pag010070,I,70,https://epub3.kb.dk/hcadag/epub3/EPUB/hcadag01_110_70.xhtml,workbook
Pag010071,I,71,https://epub3.kb.dk/hcadag/epub3/EPUB/hcadag01_111_71.xhtml,workbook
Pag010072,I,72,https://epub3.kb.dk/hcadag/epub3/EPUB/hcadag01_112_72.xhtml,workbook
Pag010073,I,73,https://epub3.kb.dk/hcadag/epub3/EPUB/hcadag01_113_73.xhtml,workbook
Pag010074,I,74,https://epub3.kb.dk/hcadag/epub3/EPUB/hcadag01_114_74.xhtml,workbook
Pag010075,I,75,https://epub3.kb.dk/hcadag/epub3/EPUB/hcadag01_115_75.xhtml,workbook
Pag010076,I,76,https://epub3.kb.dk/hcadag/epub3/EPUB/hcadag01_116_76.xhtml,workbook
Pag010077,I,77,https://epub3.kb.dk/hcadag/epub3/EPUB/hcadag01_117_77.xhtml,workbook
Pag010078,I,78,https://epub3.kb.dk/hcadag/epub3/EPUB/hcadag01_118_78.xhtml,workbook
Pag010079,I,79,https://epub3.kb.dk/hcadag/epub3/EPUB/hcadag01_119_79.xhtml,workbook
Pag010080,I,80,https://epub3.kb.dk/hcadag/epub3/EPUB/hcadag01_120_80.xhtml,workbook
Pag010081,I,81,https://epub3.kb.dk/hcadag/epub3/EPUB/hcadag01_121_81.xhtml,workbook
Pag010082,I,82,https://epub3.kb.dk/hcadag/epub3/EPUB/hcadag01_122_82.xhtml,workbook
Pag010083,I,83,https://epub3.kb.dk/hcadag/epub3/EPUB/hcadag01_123_83.xhtml,workbook
Pag010084,I,84,https://epub3.kb.dk/hcadag/epub3/EPUB/hcadag01_124_84.xhtml,workbook
Pag010085,I,85,https://epub3.kb.dk/hcadag/epub3/EPUB/hcadag01_125_85.xhtml,workbook
Pag010086,I,86,https://epub3.kb.dk/hcadag/epub3/EPUB/hcadag01_126_86.xhtml,workbook
Pag010087,I,87,https://epub3.kb.dk/hcadag/epub3/EPUB/hcadag01_127_87.xhtml,workbook
Pag010088,I,88,https://epub3.kb.dk/hcadag/epub3/EPUB/hcadag01_128_88.xhtml,workbook
Pag010089,I,89,https://epub3.kb.dk/hcadag/epub3/EPUB/hcadag01_129_89.xhtml,workbook
Pag010090,I,90,https://epub3.kb.dk/hcadag/epub3/EPUB/hcadag01_130_90.xhtml,workbook
Pag010091,I,91,https://epub3.kb.dk/hcadag/epub3/EPUB/hcadag01_131_91.xhtml,workbook
Pag010092,I,92,https://epub3.kb.dk/hcadag/epub3/EPUB/hcadag01_132_92.xhtml,workbook
Pag010093,I,93,https://epub3.kb.dk/hcadag/epub3/EPUB/hcadag01_133_93.xhtml,workbook
Pag010094,I,94,https://epub3.kb.dk/hcadag/epub3/EPUB/hcadag01_134_94.xhtml,workbook
Pag010095,I,95,https://epub3.kb.dk/hcadag/epub3/EPUB/hcadag01_135_95.xhtml,workbook
Pag010096,I,96,https://epub3.kb.dk/hcadag/epub3/EPUB/hcadag01_136_96.xhtml,workbook
Pag010097,I,97,https://epub3.kb.dk/hcadag/epub3/EPUB/hcadag01_137_97.xhtml,workbook
Pag010098,I,98,https://epub3.kb.dk/hcadag/epub3/EPUB/hcadag01_138_98.xhtml,workbook
Pag010099,I,99,https://epub3.kb.dk/hcadag/epub3/EPUB/hcadag01_139_99.xhtml,workbook
Pag010100,I,100,https://epub3.kb.dk/hcadag/epub3/EPUB/hcadag01_140_100.xhtml,workbook
Pag010101,I,101,https://epub3.kb.dk/hcadag/epub3/EPUB/hcadag01_141_101.xhtml,workbook
Pag010102,I,102,https://epub3.kb.dk/hcadag/epub3/EPUB/hcadag01_142_102.xhtml,workbook
Pag010103,I,103,https://epub3.kb.dk/hcadag/epub3/EPUB/hcadag01_143_103.xhtml,workbook
Pag010104,I,104,https://epub3.kb.dk/hcadag/epub3/EPUB/hcadag01_144_104.xhtml,workbook
Pag010105,I,105,https://epub3.kb.dk/hcadag/epub3/EPUB/hcadag01_145_105.xhtml,workbook
Pag010106,I,106,https://epub3.kb.dk/hcadag/epub3/EPUB/hcadag01_146_106.xhtml,workbook
Pag010107,I,107,https://epub3.kb.dk/hcadag/epub3/EPUB/hcadag01_147_107.xhtml,workbook
Pag010108,I,108,https://epub3.kb.dk/hcadag/epub3/EPUB/hcadag01_148_108.xhtml,workbook
Pag010109,I,109,https://epub3.kb.dk/hcadag/epub3/EPUB/hcadag01_149_109.xhtml,workbook
Pag010110,I,110,https://epub3.kb.dk/hcadag/epub3/EPUB/hcadag01_150_110.xhtml,workbook
Pag010111,I,111,https://epub3.kb.dk/hcadag/epub3/EPUB/hcadag01_151_111.xhtml,workbook
Pag010112,I,112,https://epub3.kb.dk/hcadag/epub3/EPUB/hcadag01_152_112.xhtml,workbook
Pag010113,I,113,https://epub3.kb.dk/hcadag/epub3/EPUB/hcadag01_153_113.xhtml,workbook
Pag010114,I,114,https://epub3.kb.dk/hcadag/epub3/EPUB/hcadag01_154_114.xhtml,workbook
Pag010115,I,115,https://epub3.kb.dk/hcadag/epub3/EPUB/hcadag01_155_115.xhtml,workbook
Pag010116,I,116,https://epub3.kb.dk/hcadag/epub3/EPUB/hcadag01_156_116.xhtml,workbook
Pag010117,I,117,https://epub3.kb.dk/hcadag/epub3/EPUB/hcadag01_157_117.xhtml,workbook
Pag010118,I,118,https://epub3.kb.dk/hcadag/epub3/EPUB/hcadag01_158_118.xhtml,workbook
Pag010119,I,119,https://epub3.kb.dk/hcadag/epub3/EPUB/hcadag01_159_119.xhtml,workbook
Pag010120,I,120,https://epub3.kb.dk/hcadag/epub3/EPUB/hcadag01_160_120.xhtml,workbook
Pag010121,I,121,https://epub3.kb.dk/hcadag/epub3/EPUB/hcadag01_161_121.xhtml,workbook
Pag010122,I,122,https://epub3.kb.dk/hcadag/epub3/EPUB/hcadag01_162_122.xhtml,workbook
Pag010123,I,123,https://epub3.kb.dk/hcadag/epub3/EPUB/hcadag01_163_123.xhtml,workbook
Pag010124,I,124,https://epub3.kb.dk/hcadag/epub3/EPUB/hcadag01_164_124.xhtml,workbook
Pag010125,I,125,https://epub3.kb.dk/hcadag/epub3/EPUB/hcadag01_165_125.xhtml,workbook
Pag010126,I,126,https://epub3.kb.dk/hcadag/epub3/EPUB/hcadag01_166_126.xhtml,workbook
Pag010127,I,127,https://epub3.kb.dk/hcadag/epub3/EPUB/hcadag01_167_127.xhtml,workbook
Pag010128,I,128,https://epub3.kb.dk/hcadag/epub3/EPUB/hcadag01_168_128.xhtml,workbook
Pag010129,I,129,https://epub3.kb.dk/hcadag/epub3/EPUB/hcadag01_169_129.xhtml,workbook
Pag010130,I,130,https://epub3.kb.dk/hcadag/epub3/EPUB/hcadag01_170_130.xhtml,workbook
Pag010131,I,131,https://epub3.kb.dk/hcadag/epub3/EPUB/hcadag01_171_131.xhtml,workbook
Pag010132,I,132,https://epub3.kb.dk/hcadag/epub3/EPUB/hcadag01_172_132.xhtml,workbook
Pag010133,I,133,https://epub3.kb.dk/hcadag/epub3/EPUB/hcadag01_173_133.xhtml,workbook
Pag010134,I,134,https://epub3.kb.dk/hcadag/epub3/EPUB/hcadag01_174_134.xhtml,workbook
Pag010135,I,135,https://epub3.kb.dk/hcadag/epub3/EPUB/hcadag01_175_135.xhtml,workbook
Pag010136,I,136,https://epub3.kb.dk/hcadag/epub3/EPUB/hcadag01_176_136.xhtml,workbook
Pag010137,I,137,https://epub3.kb.dk/hcadag/epub3/EPUB/hcadag01_177_137.xhtml,workbook
Pag010138,I,138,https://epub3.kb.dk/hcadag/epub3/EPUB/hcadag01_178_138.xhtml,workbook
Pag010139,I,139,https://epub3.kb.dk/hcadag/epub3/EPUB/hcadag01_179_139.xhtml,workbook
Pag010140,I,140,https://epub3.kb.dk/hcadag/epub3/EPUB/hcadag01_180_140.xhtml,workbook
Pag010141,I,141,https://epub3.kb.dk/hcadag/epub3/EPUB/hcadag01_181_141.xhtml,workbook
Pag010142,I,142,https://epub3.kb.dk/hcadag/epub3/EPUB/hcadag01_182_142.xhtml,workbook
Pag010143,I,143,https://epub3.kb.dk/hcadag/epub3/EPUB/hcadag01_183_143.xhtml,workbook
Pag010144,I,144,https://epub3.kb.dk/hcadag/epub3/EPUB/hcadag01_184_144.xhtml,workbook
Pag010145,I,145,https://epub3.kb.dk/hcadag/epub3/EPUB/hcadag01_185_145.xhtml,workbook
Pag010146,I,146,https://epub3.kb.dk/hcadag/epub3/EPUB/hcadag01_186_146.xhtml,workbook
Pag010147,I,147,https://epub3.kb.dk/hcadag/epub3/EPUB/hcadag01_187_147.xhtml,workbook
Pag010148,I,148,https://epub3.kb.dk/hcadag/epub3/EPUB/hcadag01_188_148.xhtml,workbook
Pag010149,I,149,https://epub3.kb.dk/hcadag/epub3/EPUB/hcadag01_189_149.xhtml,workbook
Pag010150,I,150,https://epub3.kb.dk/hcadag/epub3/EPUB/hcadag01_190_150.xhtml,workbook
Pag010151,I,151,https://epub3.kb.dk/hcadag/epub3/EPUB/hcadag01_191_151.xhtml,workbook
Pag010152,I,152,https://epub3.kb.dk/hcadag/epub3/EPUB/hcadag01_192_152.xhtml,workbook
Pag010153,I,153,https://epub3.kb.dk/hcadag/epub3/EPUB/hcadag01_193_153.xhtml,workbook
Pag010154,I,154,https://epub3.kb.dk/hcadag/epub3/EPUB/hcadag01_194_154.xhtml,workbook
Pag010155,I,155,https://epub3.kb.dk/hcadag/epub3/EPUB/hcadag01_195_155.xhtml,workbook
Pag010156,I,156,https://epub3.kb.dk/hcadag/epub3/EPUB/hcadag01_196_156.xhtml,workbook
Pag010157,I,157,https://epub3.kb.dk/hcadag/epub3/EPUB/hcadag01_197_157.xhtml,workbook
Pag010158,I,158,https://epub3.kb.dk/hcadag/epub3/EPUB/hcadag01_198_158.xhtml,workbook
Pag010159,I,159,https://epub3.kb.dk/hcadag/epub3/EPUB/hcadag01_199_159.xhtml,workbook
Pag010160,I,160,https://epub3.kb.dk/hcadag/epub3/EPUB/hcadag01_200_160.xhtml,workbook
Pag010161,I,161,https://epub3.kb.dk/hcadag/epub3/EPUB/hcadag01_201_161.xhtml,workbook
Pag010162,I,162,https://epub3.kb.dk/hcadag/epub3/EPUB/hcadag01_202_162.xhtml,workbook
Pag010163,I,163,https://epub3.kb.dk/hcadag/epub3/EPUB/hcadag01_203_163.xhtml,workbook
Pag010164,I,164,https://epub3.kb.dk/hcadag/epub3/EPUB/hcadag01_204_164.xhtml,workbook
Pag010165,I,165,https://epub3.kb.dk/hcadag/epub3/EPUB/hcadag01_205_165.xhtml,workbook
Pag010166,I,166,https://epub3.kb.dk/hcadag/epub3/EPUB/hcadag01_206_166.xhtml,workbook
Pag010167,I,167,https://epub3.kb.dk/hcadag/epub3/EPUB/hcadag01_207_167.xhtml,workbook
Pag010168,I,168,https://epub3.kb.dk/hcadag/epub3/EPUB/hcadag01_208_168.xhtml,workbook
Pag010169,I,169,https://epub3.kb.dk/hcadag/epub3/EPUB/hcadag01_209_169.xhtml,workbook
Pag010170,I,170,https://epub3.kb.dk/hcadag/epub3/EPUB/hcadag01_210_170.xhtml,workbook
Pag010171,I,171,https://epub3.kb.dk/hcadag/epub3/EPUB/hcadag01_211_171.xhtml,workbook
Pag010172,I,172,https://epub3.kb.dk/hcadag/epub3/EPUB/hcadag01_212_172.xhtml,workbook
Pag010173,I,173,https://epub3.kb.dk/hcadag/epub3/EPUB/hcadag01_213_173.xhtml,workbook
Pag010174,I,174,https://epub3.kb.dk/hcadag/epub3/EPUB/hcadag01_214_174.xhtml,workbook
Pag010175,I,175,https://epub3.kb.dk/hcadag/epub3/EPUB/hcadag01_215_175.xhtml,workbook
Pag010176,I,176,https://epub3.kb.dk/hcadag/epub3/EPUB/hcadag01_216_176.xhtml,workbook
Pag010177,I,177,https://epub3.kb.dk/hcadag/epub3/EPUB/hcadag01_217_177.xhtml,workbook
Pag010178,I,178,https://epub3.kb.dk/hcadag/epub3/EPUB/hcadag01_218_178.xhtml,workbook
Pag010179,I,179,https://epub3.kb.dk/hcadag/epub3/EPUB/hcadag01_219_179.xhtml,workbook
Pag010180,I,180,https://epub3.kb.dk/hcadag/epub3/EPUB/hcadag01_220_180.xhtml,workbook
Pag010181,I,181,https://epub3.kb.dk/hcadag/epub3/EPUB/hcadag01_221_181.xhtml,workbook
Pag010182,I,182,https://epub3.kb.dk/hcadag/epub3/EPUB/hcadag01_222_182.xhtml,workbook
Pag010183,I,183,https://epub3.kb.dk/hcadag/epub3/EPUB/hcadag01_223_183.xhtml,workbook
Pag010184,I,184,https://epub3.kb.dk/hcadag/epub3/EPUB/hcadag01_224_184.xhtml,workbook
Pag010185,I,185,https://epub3.kb.dk/hcadag/epub3/EPUB/hcadag01_225_185.xhtml,workbook
Pag010186,I,186,https://epub3.kb.dk/hcadag/epub3/EPUB/hcadag01_226_186.xhtml,workbook
Pag010187,I,187,https://epub3.kb.dk/hcadag/epub3/EPUB/hcadag01_227_187.xhtml,workbook
Pag010188,I,188,https://epub3.kb.dk/hcadag/epub3/EPUB/hcadag01_228_188.xhtml,workbook
Pag010189,I,189,https://epub3.kb.dk/hcadag/epub3/EPUB/hcadag01_229_189.xhtml,workbook
Pag010190,I,190,https://epub3.kb.dk/hcadag/epub3/EPUB/hcadag01_230_190.xhtml,workbook
Pag010191,I,191,https://epub3.kb.dk/hcadag/epub3/EPUB/hcadag01_231_191.xhtml,workbook
Pag010192,I,192,https://epub3.kb.dk/hcadag/epub3/EPUB/hcadag01_232_192.xhtml,workbook
Pag010193,I,193,https://epub3.kb.dk/hcadag/epub3/EPUB/hcadag01_233_193.xhtml,workbook
Pag010194,I,194,https://epub3.kb.dk/hcadag/epub3/EPUB/hcadag01_234_194.xhtml,workbook
Pag010195,I,195,https://epub3.kb.dk/hcadag/epub3/EPUB/hcadag01_235_195.xhtml,workbook
Pag010196,I,196,https://epub3.kb.dk/hcadag/epub3/EPUB/hcadag01_236_196.xhtml,workbook
Pag010197,I,197,https://epub3.kb.dk/hcadag/epub3/EPUB/hcadag01_237_197.xhtml,workbook
Pag010198,I,198,https://epub3.kb.dk/hcadag/epub3/EPUB/hcadag01_238_198.xhtml,workbook
Pag010199,I,199,https://epub3.kb.dk/hcadag/epub3/EPUB/hcadag01_239_199.xhtml,workbook
Pag010200,I,200,https://epub3.kb.dk/hcadag/epub3/EPUB/hcadag01_240_200.xhtml,workbook
Pag010201,I,201,https://epub3.kb.dk/hcadag/epub3/EPUB/hcadag01_241_201.xhtml,workbook
Pag010202,I,202,https://epub3.kb.dk/hcadag/epub3/EPUB/hcadag01_242_202.xhtml,workbook
Pag010203,I,203,https://epub3.kb.dk/hcadag/epub3/EPUB/hcadag01_243_203.xhtml,workbook
Pag010204,I,204,https://epub3.kb.dk/hcadag/epub3/EPUB/hcadag01_244_204.xhtml,workbook
Pag010205,I,205,https://epub3.kb.dk/hcadag/epub3/EPUB/hcadag01_245_205.xhtml,workbook
Pag010206,I,206,https://epub3.kb.dk/hcadag/epub3/EPUB/hcadag01_246_206.xhtml,workbook
Pag010207,I,207,https://epub3.kb.dk/hcadag/epub3/EPUB/hcadag01_247_207.xhtml,workbook
Pag010208,I,208,https://epub3.kb.dk/hcadag/epub3/EPUB/hcadag01_248_208.xhtml,workbook
Pag010209,I,209,https://epub3.kb.dk/hcadag/epub3/EPUB/hcadag01_249_209.xhtml,workbook
Pag010210,I,210,https://epub3.kb.dk/hcadag/epub3/EPUB/hcadag01_250_210.xhtml,workbook
Pag010211,I,211,https://epub3.kb.dk/hcadag/epub3/EPUB/hcadag01_251_211.xhtml,workbook
Pag010212,I,212,https://epub3.kb.dk/hcadag/epub3/EPUB/hcadag01_252_212.xhtml,workbook
Pag010213,I,213,https://epub3.kb.dk/hcadag/epub3/EPUB/hcadag01_253_213.xhtml,workbook
Pag010214,I,214,https://epub3.kb.dk/hcadag/epub3/EPUB/hcadag01_254_214.xhtml,workbook
Pag010215,I,215,https://epub3.kb.dk/hcadag/epub3/EPUB/hcadag01_255_215.xhtml,workbook
Pag010216,I,216,https://epub3.kb.dk/hcadag/epub3/EPUB/hcadag01_256_216.xhtml,workbook
Pag010217,I,217,https://epub3.kb.dk/hcadag/epub3/EPUB/hcadag01_257_217.xhtml,workbook
Pag010218,I,218,https://epub3.kb.dk/hcadag/epub3/EPUB/hcadag01_258_218.xhtml,workbook
Pag010219,I,219,https://epub3.kb.dk/hcadag/epub3/EPUB/hcadag01_259_219.xhtml,workbook
Pag010220,I,220,https://epub3.kb.dk/hcadag/epub3/EPUB/hcadag01_260_220.xhtml,workbook
Pag010221,I,221,https://epub3.kb.dk/hcadag/epub3/EPUB/hcadag01_261_221.xhtml,workbook
Pag010222,I,222,https://epub3.kb.dk/hcadag/epub3/EPUB/hcadag01_262_222.xhtml,workbook
Pag010223,I,223,https://epub3.kb.dk/hcadag/epub3/EPUB/hcadag01_263_223.xhtml,workbook
Pag010224,I,224,https://epub3.kb.dk/hcadag/epub3/EPUB/hcadag01_264_224.xhtml,workbook
Pag010225,I,225,https://epub3.kb.dk/hcadag/epub3/EPUB/hcadag01_265_225.xhtml,workbook
Pag010226,I,226,https://epub3.kb.dk/hcadag/epub3/EPUB/hcadag01_266_226.xhtml,workbook
Pag010227,I,227,https://epub3.kb.dk/hcadag/epub3/EPUB/hcadag01_267_227.xhtml,workbook
Pag010228,I,228,https://epub3.kb.dk/hcadag/epub3/EPUB/hcadag01_268_228.xhtml,workbook
Pag010229,I,229,https://epub3.kb.dk/hcadag/epub3/EPUB/hcadag01_269_229.xhtml,workbook
Pag010230,I,230,https://epub3.kb.dk/hcadag/epub3/EPUB/hcadag01_270_230.xhtml,workbook
Pag010231,I,231,https://epub3.kb.dk/hcadag/epub3/EPUB/hcadag01_271_231.xhtml,workbook
Pag010232,I,232,https://epub3.kb.dk/hcadag/epub3/EPUB/hcadag01_272_232.xhtml,workbook
Pag010233,I,233,https://epub3.kb.dk/hcadag/epub3/EPUB/hcadag01_273_233.xhtml,workbook
Pag010234,I,234,https://epub3.kb.dk/hcadag/epub3/EPUB/hcadag01_274_234.xhtml,workbook
Pag010235,I,235,https://epub3.kb.dk/hcadag/epub3/EPUB/hcadag01_275_235.xhtml,workbook
Pag010236,I,236,https://epub3.kb.dk/hcadag/epub3/EPUB/hcadag01_276_236.xhtml,workbook
Pag010237,I,237,https://epub3.kb.dk/hcadag/epub3/EPUB/hcadag01_277_237.xhtml,workbook
Pag010238,I,238,https://epub3.kb.dk/hcadag/epub3/EPUB/hcadag01_278_238.xhtml,workbook
Pag010239,I,239,https://epub3.kb.dk/hcadag/epub3/EPUB/hcadag01_279_239.xhtml,workbook
Pag010240,I,240,https://epub3.kb.dk/hcadag/epub3/EPUB/hcadag01_280_240.xhtml,workbook
Pag010241,I,241,https://epub3.kb.dk/hcadag/epub3/EPUB/hcadag01_281_241.xhtml,workbook
Pag010242,I,242,https://epub3.kb.dk/hcadag/epub3/EPUB/hcadag01_282_242.xhtml,workbook
Pag010243,I,243,https://epub3.kb.dk/hcadag/epub3/EPUB/hcadag01_283_243.xhtml,workbook
Pag010244,I,244,https://epub3.kb.dk/hcadag/epub3/EPUB/hcadag01_284_244.xhtml,workbook
Pag010245,I,245,https://epub3.kb.dk/hcadag/epub3/EPUB/hcadag01_285_245.xhtml,workbook
Pag010246,I,246,https://epub3.kb.dk/hcadag/epub3/EPUB/hcadag01_286_246.xhtml,workbook
Pag010247,I,247,https://epub3.kb.dk/hcadag/epub3/EPUB/hcadag01_287_247.xhtml,workbook
Pag010248,I,248,https://epub3.kb.dk/hcadag/epub3/EPUB/hcadag01_288_248.xhtml,workbook
Pag010249,I,249,https://epub3.kb.dk/hcadag/epub3/EPUB/hcadag01_289_249.xhtml,workbook
Pag010250,I,250,https://epub3.kb.dk/hcadag/epub3/EPUB/hcadag01_290_250.xhtml,workbook
Pag010251,I,251,https://epub3.kb.dk/hcadag/epub3/EPUB/hcadag01_291_251.xhtml,workbook
Pag010252,I,252,https://epub3.kb.dk/hcadag/epub3/EPUB/hcadag01_292_252.xhtml,workbook
Pag010253,I,253,https://epub3.kb.dk/hcadag/epub3/EPUB/hcadag01_293_253.xhtml,workbook
Pag010254,I,254,https://epub3.kb.dk/hcadag/epub3/EPUB/hcadag01_294_254.xhtml,workbook
Pag010255,I,255,https://epub3.kb.dk/hcadag/epub3/EPUB/hcadag01_295_255.xhtml,workbook
Pag010256,I,256,https://epub3.kb.dk/hcadag/epub3/EPUB/hcadag01_296_256.xhtml,workbook
Pag010257,I,257,https://epub3.kb.dk/hcadag/epub3/EPUB/hcadag01_297_257.xhtml,workbook
Pag010258,I,258,https://epub3.kb.dk/hcadag/epub3/EPUB/hcadag01_298_258.xhtml,workbook
Pag010259,I,259,https://epub3.kb.dk/hcadag/epub3/EPUB/hcadag01_299_259.xhtml,workbook
Pag010260,I,260,https://epub3.kb.dk/hcadag/epub3/EPUB/hcadag01_300_260.xhtml,workbook
Pag010261,I,261,https://epub3.kb.dk/hcadag/epub3/EPUB/hcadag01_301_261.xhtml,workbook
Pag010262,I,262,https://epub3.kb.dk/hcadag/epub3/EPUB/hcadag01_302_262.xhtml,workbook
Pag010263,I,263,https://epub3.kb.dk/hcadag/epub3/EPUB/hcadag01_303_263.xhtml,workbook
Pag010264,I,264,https://epub3.kb.dk/hcadag/epub3/EPUB/hcadag01_304_264.xhtml,workbook
Pag010265,I,265,https://epub3.kb.dk/hcadag/epub3/EPUB/hcadag01_305_265.xhtml,workbook
Pag010266,I,266,https://epub3.kb.dk/hcadag/epub3/EPUB/hcadag01_306_266.xhtml,workbook
Pag010267,I,267,https://epub3.kb.dk/hcadag/epub3/EPUB/hcadag01_307_267.xhtml,workbook
Pag010268,I,268,https://epub3.kb.dk/hcadag/epub3/EPUB/hcadag01_308_268.xhtml,workbook
Pag010269,I,269,https://epub3.kb.dk/hcadag/epub3/EPUB/hcadag01_309_269.xhtml,workbook
Pag010270,I,270,https://epub3.kb.dk/hcadag/epub3/EPUB/hcadag01_310_270.xhtml,workbook
Pag010271,I,271,https://epub3.kb.dk/hcadag/epub3/EPUB/hcadag01_311_271.xhtml,workbook
Pag010272,I,272,https://epub3.kb.dk/hcadag/epub3/EPUB/hcadag01_312_272.xhtml,workbook
Pag010273,I,273,https://epub3.kb.dk/hcadag/epub3/EPUB/hcadag01_313_273.xhtml,workbook
Pag010274,I,274,https://epub3.kb.dk/hcadag/epub3/EPUB/hcadag01_314_274.xhtml,workbook
Pag010275,I,275,https://epub3.kb.dk/hcadag/epub3/EPUB/hcadag01_315_275.xhtml,workbook
Pag010276,I,276,https://epub3.kb.dk/hcadag/epub3/EPUB/hcadag01_316_276.xhtml,workbook
Pag010277,I,277,https://epub3.kb.dk/hcadag/epub3/EPUB/hcadag01_317_277.xhtml,workbook
Pag010278,I,278,https://epub3.kb.dk/hcadag/epub3/EPUB/hcadag01_318_278.xhtml,workbook
Pag010279,I,279,https://epub3.kb.dk/hcadag/epub3/EPUB/hcadag01_319_279.xhtml,workbook
Pag010280,I,280,https://epub3.kb.dk/hcadag/epub3/EPUB/hcadag01_320_280.xhtml,workbook
Pag010281,I,281,https://epub3.kb.dk/hcadag/epub3/EPUB/hcadag01_321_281.xhtml,workbook
Pag010282,I,282,https://epub3.kb.dk/hcadag/epub3/EPUB/hcadag01_322_282.xhtml,workbook
Pag010283,I,283,https://epub3.kb.dk/hcadag/epub3/EPUB/hcadag01_323_283.xhtml,workbook
Pag010284,I,284,https://epub3.kb.dk/hcadag/epub3/EPUB/hcadag01_324_284.xhtml,workbook
Pag010285,I,285,https://epub3.kb.dk/hcadag/epub3/EPUB/hcadag01_325_285.xhtml,workbook
Pag010286,I,286,https://epub3.kb.dk/hcadag/epub3/EPUB/hcadag01_326_286.xhtml,workbook
Pag010287,I,287,https://epub3.kb.dk/hcadag/epub3/EPUB/hcadag01_327_287.xhtml,workbook
Pag010288,I,288,https://epub3.kb.dk/hcadag/epub3/EPUB/hcadag01_328_288.xhtml,workbook
Pag010289,I,289,https://epub3.kb.dk/hcadag/epub3/EPUB/hcadag01_329_289.xhtml,workbook
Pag010290,I,290,https://epub3.kb.dk/hcadag/epub3/EPUB/hcadag01_330_290.xhtml,workbook
Pag010291,I,291,https://epub3.kb.dk/hcadag/epub3/EPUB/hcadag01_331_291.xhtml,workbook
Pag010292,I,292,https://epub3.kb.dk/hcadag/epub3/EPUB/hcadag01_332_292.xhtml,workbook
Pag010293,I,293,https://epub3.kb.dk/hcadag/epub3/EPUB/hcadag01_333_293.xhtml,workbook
Pag010294,I,294,https://epub3.kb.dk/hcadag/epub3/EPUB/hcadag01_334_294.xhtml,workbook
Pag010295,I,295,https://epub3.kb.dk/hcadag/epub3/EPUB/hcadag01_335_295.xhtml,workbook
Pag010296,I,296,https://epub3.kb.dk/hcadag/epub3/EPUB/hcadag01_336_296.xhtml,workbook
Pag010297,I,297,https://epub3.kb.dk/hcadag/epub3/EPUB/hcadag01_337_297.xhtml,workbook
Pag010298,I,298,https://epub3.kb.dk/hcadag/epub3/EPUB/hcadag01_338_298.xhtml,workbook
Pag010299,I,299,https://epub3.kb.dk/hcadag/epub3/EPUB/hcadag01_339_299.xhtml,workbook
Pag010300,I,300,https://epub3.kb.dk/hcadag/epub3/EPUB/hcadag01_340_300.xhtml,workbook
Pag010301,I,301,https://epub3.kb.dk/hcadag/epub3/EPUB/hcadag01_341_301.xhtml,workbook
Pag010302,I,302,https://epub3.kb.dk/hcadag/epub3/EPUB/hcadag01_342_302.xhtml,workbook
Pag010303,I,303,https://epub3.kb.dk/hcadag/epub3/EPUB/hcadag01_343_303.xhtml,workbook
Pag010304,I,304,https://epub3.kb.dk/hcadag/epub3/EPUB/hcadag01_344_304.xhtml,workbook
Pag010305,I,305,https://epub3.kb.dk/hcadag/epub3/EPUB/hcadag01_345_305.xhtml,workbook
Pag010306,I,306,https://epub3.kb.dk/hcadag/epub3/EPUB/hcadag01_346_306.xhtml,workbook
Pag010307,I,307,https://epub3.kb.dk/hcadag/epub3/EPUB/hcadag01_347_307.xhtml,workbook
Pag010308,I,308,https://epub3.kb.dk/hcadag/epub3/EPUB/hcadag01_348_308.xhtml,workbook
Pag010309,I,309,https://epub3.kb.dk/hcadag/epub3/EPUB/hcadag01_349_309.xhtml,workbook
Pag010310,I,310,https://epub3.kb.dk/hcadag/epub3/EPUB/hcadag01_350_310.xhtml,workbook
Pag010311,I,311,https://epub3.kb.dk/hcadag/epub3/EPUB/hcadag01_351_311.xhtml,workbook
Pag010312,I,312,https://epub3.kb.dk/hcadag/epub3/EPUB/hcadag01_352_312.xhtml,workbook
Pag010313,I,313,https://epub3.kb.dk/hcadag/epub3/EPUB/hcadag01_353_313.xhtml,workbook
Pag010314,I,314,https://epub3.kb.dk/hcadag/epub3/EPUB/hcadag01_354_314.xhtml,workbook
Pag010315,I,315,https://epub3.kb.dk/hcadag/epub3/EPUB/hcadag01_355_315.xhtml,workbook
Pag010316,I,316,https://epub3.kb.dk/hcadag/epub3/EPUB/hcadag01_356_316.xhtml,workbook
Pag010317,I,317,https://epub3.kb.dk/hcadag/epub3/EPUB/hcadag01_357_317.xhtml,workbook
Pag010318,I,318,https://epub3.kb.dk/hcadag/epub3/EPUB/hcadag01_358_318.xhtml,workbook
Pag010319,I,319,https://epub3.kb.dk/hcadag/epub3/EPUB/hcadag01_359_319.xhtml,workbook
Pag010320,I,320,https://epub3.kb.dk/hcadag/epub3/EPUB/hcadag01_360_320.xhtml,workbook
Pag010321,I,321,https://epub3.kb.dk/hcadag/epub3/EPUB/hcadag01_361_321.xhtml,workbook
Pag010322,I,322,https://epub3.kb.dk/hcadag/epub3/EPUB/hcadag01_362_322.xhtml,workbook
Pag010323,I,323,https://epub3.kb.dk/hcadag/epub3/EPUB/hcadag01_363_323.xhtml,workbook
Pag010324,I,324,https://epub3.kb.dk/hcadag/epub3/EPUB/hcadag01_364_324.xhtml,workbook
Pag010325,I,325,https://epub3.kb.dk/hcadag/epub3/EPUB/hcadag01_365_325.xhtml,workbook
Pag010326,I,326,https://epub3.kb.dk/hcadag/epub3/EPUB/hcadag01_366_326.xhtml,workbook
Pag010327,I,327,https://epub3.kb.dk/hcadag/epub3/EPUB/hcadag01_367_327.xhtml,workbook
Pag010328,I,328,https://epub3.kb.dk/hcadag/epub3/EPUB/hcadag01_368_328.xhtml,workbook
Pag010329,I,329,https://epub3.kb.dk/hcadag/epub3/EPUB/hcadag01_369_329.xhtml,workbook
Pag010330,I,330,https://epub3.kb.dk/hcadag/epub3/EPUB/hcadag01_370_330.xhtml,workbook
Pag010331,I,331,https://epub3.kb.dk/hcadag/epub3/EPUB/hcadag01_371_331.xhtml,workbook
Pag010332,I,332,https://epub3.kb.dk/hcadag/epub3/EPUB/hcadag01_372_332.xhtml,workbook
Pag010333,I,333,https://epub3.kb.dk/hcadag/epub3/EPUB/hcadag01_373_333.xhtml,workbook
Pag010334,I,334,https://epub3.kb.dk/hcadag/epub3/EPUB/hcadag01_374_334.xhtml,workbook
Pag010335,I,335,https://epub3.kb.dk/hcadag/epub3/EPUB/hcadag01_375_335.xhtml,workbook
Pag010336,I,336,https://epub3.kb.dk/hcadag/epub3/EPUB/hcadag01_376_336.xhtml,workbook
Pag010337,I,337,https://epub3.kb.dk/hcadag/epub3/EPUB/hcadag01_377_337.xhtml,workbook
Pag010338,I,338,https://epub3.kb.dk/hcadag/epub3/EPUB/hcadag01_378_338.xhtml,workbook
Pag010339,I,339,https://epub3.kb.dk/hcadag/epub3/EPUB/hcadag01_379_339.xhtml,workbook
Pag010340,I,340,https://epub3.kb.dk/hcadag/epub3/EPUB/hcadag01_380_340.xhtml,workbook
Pag010341,I,341,https://epub3.kb.dk/hcadag/epub3/EPUB/hcadag01_381_341.xhtml,workbook
Pag010342,I,342,https://epub3.kb.dk/hcadag/epub3/EPUB/hcadag01_382_342.xhtml,workbook
Pag010343,I,343,https://epub3.kb.dk/hcadag/epub3/EPUB/hcadag01_383_343.xhtml,workbook
Pag010344,I,344,https://epub3.kb.dk/hcadag/epub3/EPUB/hcadag01_384_344.xhtml,workbook
Pag010345,I,345,https://epub3.kb.dk/hcadag/epub3/EPUB/hcadag01_385_345.xhtml,workbook
Pag010346,I,346,https://epub3.kb.dk/hcadag/epub3/EPUB/hcadag01_386_346.xhtml,workbook
Pag010347,I,347,https://epub3.kb.dk/hcadag/epub3/EPUB/hcadag01_387_347.xhtml,workbook
Pag010348,I,348,https://epub3.kb.dk/hcadag/epub3/EPUB/hcadag01_388_348.xhtml,workbook
Pag010349,I,349,https://epub3.kb.dk/hcadag/epub3/EPUB/hcadag01_389_349.xhtml,workbook
Pag010350,I,350,https://epub3.kb.dk/hcadag/epub3/EPUB/hcadag01_390_350.xhtml,workbook
Pag010351,I,351,https://epub3.kb.dk/hcadag/epub3/EPUB/hcadag01_391_351.xhtml,workbook
Pag010352,I,352,https://epub3.kb.dk/hcadag/epub3/EPUB/hcadag01_392_352.xhtml,workbook
Pag010353,I,353,https://epub3.kb.dk/hcadag/epub3/EPUB/hcadag01_393_353.xhtml,workbook
Pag010354,I,354,https://epub3.kb.dk/hcadag/epub3/EPUB/hcadag01_394_354.xhtml,workbook
Pag010355,I,355,https://epub3.kb.dk/hcadag/epub3/EPUB/hcadag01_395_355.xhtml,workbook
Pag010356,I,356,https://epub3.kb.dk/hcadag/epub3/EPUB/hcadag01_396_356.xhtml,workbook
Pag010357,I,357,https://epub3.kb.dk/hcadag/epub3/EPUB/hcadag01_397_357.xhtml,workbook
Pag010358,I,358,https://epub3.kb.dk/hcadag/epub3/EPUB/hcadag01_398_358.xhtml,workbook
Pag010359,I,359,https://epub3.kb.dk/hcadag/epub3/EPUB/hcadag01_399_359.xhtml,workbook
Pag010360,I,360,https://epub3.kb.dk/hcadag/epub3/EPUB/hcadag01_400_360.xhtml,workbook
Pag010361,I,361,https://epub3.kb.dk/hcadag/epub3/EPUB/hcadag01_401_361.xhtml,workbook
Pag010362,I,362,https://epub3.kb.dk/hcadag/epub3/EPUB/hcadag01_402_362.xhtml,workbook
Pag010363,I,363,https://epub3.kb.dk/hcadag/epub3/EPUB/hcadag01_403_363.xhtml,workbook
Pag010364,I,364,https://epub3.kb.dk/hcadag/epub3/EPUB/hcadag01_404_364.xhtml,workbook
Pag010365,I,365,https://epub3.kb.dk/hcadag/epub3/EPUB/hcadag01_405_365.xhtml,workbook
Pag010366,I,366,https://epub3.kb.dk/hcadag/epub3/EPUB/hcadag01_406_366.xhtml,workbook
Pag010367,I,367,https://epub3.kb.dk/hcadag/epub3/EPUB/hcadag01_407_367.xhtml,workbook
Pag010368,I,368,https://epub3.kb.dk/hcadag/epub3/EPUB/hcadag01_408_368.xhtml,workbook
Pag010369,I,369,https://epub3.kb.dk/hcadag/epub3/EPUB/hcadag01_409_369.xhtml,workbook
Pag010370,I,370,https://epub3.kb.dk/hcadag/epub3/EPUB/hcadag01_410_370.xhtml,workbook
Pag010371,I,371,https://epub3.kb.dk/hcadag/epub3/EPUB/hcadag01_411_371.xhtml,workbook
Pag010372,I,372,https://epub3.kb.dk/hcadag/epub3/EPUB/hcadag01_412_372.xhtml,workbook
Pag010373,I,373,https://epub3.kb.dk/hcadag/epub3/EPUB/hcadag01_413_373.xhtml,workbook
Pag010374,I,374,https://epub3.kb.dk/hcadag/epub3/EPUB/hcadag01_414_374.xhtml,workbook
Pag010375,I,375,https://epub3.kb.dk/hcadag/epub3/EPUB/hcadag01_415_375.xhtml,workbook
Pag010376,I,376,https://epub3.kb.dk/hcadag/epub3/EPUB/hcadag01_416_376.xhtml,workbook
Pag010377,I,377,https://epub3.kb.dk/hcadag/epub3/EPUB/hcadag01_417_377.xhtml,workbook
Pag010378,I,378,https://epub3.kb.dk/hcadag/epub3/EPUB/hcadag01_418_378.xhtml,workbook
Pag010379,I,379,https://epub3.kb.dk/hcadag/epub3/EPUB/hcadag01_419_379.xhtml,workbook
Pag010380,I,380,https://epub3.kb.dk/hcadag/epub3/EPUB/hcadag01_420_380.xhtml,workbook
Pag010381,I,381,https://epub3.kb.dk/hcadag/epub3/EPUB/hcadag01_421_381.xhtml,workbook
Pag010382,I,382,https://epub3.kb.dk/hcadag/epub3/EPUB/hcadag01_422_382.xhtml,workbook
Pag010383,I,383,https://epub3.kb.dk/hcadag/epub3/EPUB/hcadag01_423_383.xhtml,workbook
Pag010384,I,384,https://epub3.kb.dk/hcadag/epub3/EPUB/hcadag01_424_384.xhtml,workbook
Pag010385,I,385,https://epub3.kb.dk/hcadag/epub3/EPUB/hcadag01_425_385.xhtml,workbook
Pag010386,I,386,https://epub3.kb.dk/hcadag/epub3/EPUB/hcadag01_426_386.xhtml,workbook
Pag010387,I,387,https://epub3.kb.dk/hcadag/epub3/EPUB/hcadag01_427_387.xhtml,workbook
Pag010388,I,388,https://epub3.kb.dk/hcadag/epub3/EPUB/hcadag01_428_388.xhtml,workbook
Pag010389,I,389,https://epub3.kb.dk/hcadag/epub3/EPUB/hcadag01_429_389.xhtml,workbook
Pag010390,I,390,https://epub3.kb.dk/hcadag/epub3/EPUB/hcadag01_430_390.xhtml,workbook
Pag010391,I,391,https://epub3.kb.dk/hcadag/epub3/EPUB/hcadag01_431_391.xhtml,workbook
Pag010392,I,392,https://epub3.kb.dk/hcadag/epub3/EPUB/hcadag01_432_392.xhtml,workbook
Pag010393,I,393,https://epub3.kb.dk/hcadag/epub3/EPUB/hcadag01_433_393.xhtml,workbook
Pag010394,I,394,https://epub3.kb.dk/hcadag/epub3/EPUB/hcadag01_434_394.xhtml,workbook
Pag010395,I,395,https://epub3.kb.dk/hcadag/epub3/EPUB/hcadag01_435_395.xhtml,workbook
Pag010396,I,396,https://epub3.kb.dk/hcadag/epub3/EPUB/hcadag01_436_396.xhtml,workbook
Pag010397,I,397,https://epub3.kb.dk/hcadag/epub3/EPUB/hcadag01_437_397.xhtml,workbook
Pag010398,I,398,https://epub3.kb.dk/hcadag/epub3/EPUB/hcadag01_438_398.xhtml,workbook
Pag010399,I,399,https://epub3.kb.dk/hcadag/epub3/EPUB/hcadag01_439_399.xhtml,workbook
Pag010400,I,400,https://epub3.kb.dk/hcadag/epub3/EPUB/hcadag01_440_400.xhtml,workbook
Pag010401,I,401,https://epub3.kb.dk/hcadag/epub3/EPUB/hcadag01_441_401.xhtml,workbook
Pag010402,I,402,https://epub3.kb.dk/hcadag/epub3/EPUB/hcadag01_442_402.xhtml,workbook
Pag010403,I,403,https://epub3.kb.dk/hcadag/epub3/EPUB/hcadag01_443_403.xhtml,workbook
Pag010404,I,404,https://epub3.kb.dk/hcadag/epub3/EPUB/hcadag01_444_404.xhtml,workbook
Pag010405,I,405,https://epub3.kb.dk/hcadag/epub3/EPUB/hcadag01_445_405.xhtml,workbook
Pag010406,I,406,https://epub3.kb.dk/hcadag/epub3/EPUB/hcadag01_446_406.xhtml,workbook
Pag010407,I,407,https://epub3.kb.dk/hcadag/epub3/EPUB/hcadag01_447_407.xhtml,workbook
Pag010408,I,408,https://epub3.kb.dk/hcadag/epub3/EPUB/hcadag01_448_408.xhtml,workbook
Pag010409,I,409,https://epub3.kb.dk/hcadag/epub3/EPUB/hcadag01_449_409.xhtml,workbook
Pag010410,I,410,https://epub3.kb.dk/hcadag/epub3/EPUB/hcadag01_450_410.xhtml,workbook
Pag010411,I,411,https://epub3.kb.dk/hcadag/epub3/EPUB/hcadag01_451_411.xhtml,workbook
Pag010412,I,412,https://epub3.kb.dk/hcadag/epub3/EPUB/hcadag01_452_412.xhtml,workbook
Pag010413,I,413,https://epub3.kb.dk/hcadag/epub3/EPUB/hcadag01_453_413.xhtml,workbook
Pag010414,I,414,https://epub3.kb.dk/hcadag/epub3/EPUB/hcadag01_454_414.xhtml,workbook
Pag010415,I,415,https://epub3.kb.dk/hcadag/epub3/EPUB/hcadag01_455_415.xhtml,workbook
Pag010416,I,416,https://epub3.kb.dk/hcadag/epub3/EPUB/hcadag01_456_416.xhtml,workbook
Pag010417,I,417,https://epub3.kb.dk/hcadag/epub3/EPUB/hcadag01_457_417.xhtml,workbook
Pag010418,I,418,https://epub3.kb.dk/hcadag/epub3/EPUB/hcadag01_458_418.xhtml,workbook
Pag010419,I,419,https://epub3.kb.dk/hcadag/epub3/EPUB/hcadag01_459_419.xhtml,workbook
Pag010420,I,420,https://epub3.kb.dk/hcadag/epub3/EPUB/hcadag01_460_420.xhtml,workbook
Pag010421,I,421,https://epub3.kb.dk/hcadag/epub3/EPUB/hcadag01_461_421.xhtml,workbook
Pag010422,I,422,https://epub3.kb.dk/hcadag/epub3/EPUB/hcadag01_462_422.xhtml,workbook
Pag010423,I,423,https://epub3.kb.dk/hcadag/epub3/EPUB/hcadag01_463_423.xhtml,workbook
Pag010424,I,424,https://epub3.kb.dk/hcadag/epub3/EPUB/hcadag01_464_424.xhtml,workbook
Pag010425,I,425,https://epub3.kb.dk/hcadag/epub3/EPUB/hcadag01_465_425.xhtml,workbook
Pag010426,I,426,https://epub3.kb.dk/hcadag/epub3/EPUB/hcadag01_466_426.xhtml,workbook
Pag010427,I,427,https://epub3.kb.dk/hcadag/epub3/EPUB/hcadag01_467_427.xhtml,workbook
Pag010428,I,428,https://epub3.kb.dk/hcadag/epub3/EPUB/hcadag01_468_428.xhtml,workbook
Pag010429,I,429,https://epub3.kb.dk/hcadag/epub3/EPUB/hcadag01_469_429.xhtml,workbook
Pag010430,I,430,https://epub3.kb.dk/hcadag/epub3/EPUB/hcadag01_470_430.xhtml,workbook
Pag010431,I,431,https://epub3.kb.dk/hcadag/epub3/EPUB/hcadag01_471_431.xhtml,workbook
Pag010432,I,432,https://epub3.kb.dk/hcadag/epub3/EPUB/hcadag01_472_432.xhtml,workbook
Pag010433,I,433,https://epub3.kb.dk/hcadag/epub3/EPUB/hcadag01_473_433.xhtml,workbook
Pag010434,I,434,https://epub3.kb.dk/hcadag/epub3/EPUB/hcadag01_474_434.xhtml,workbook
Pag010435,I,435,https://epub3.kb.dk/hcadag/epub3/EPUB/hcadag01_475_435.xhtml,workbook
Pag010436,I,436,https://epub3.kb.dk/hcadag/epub3/EPUB/hcadag01_476_436.xhtml,workbook
Pag010437,I,437,https://epub3.kb.dk/hcadag/epub3/EPUB/hcadag01_477_437.xhtml,workbook
Pag010438,I,438,https://epub3.kb.dk/hcadag/epub3/EPUB/hcadag01_478_438.xhtml,workbook
Pag010439,I,439,https://epub3.kb.dk/hcadag/epub3/EPUB/hcadag01_479_439.xhtml,workbook
Pag010440,I,440,https://epub3.kb.dk/hcadag/epub3/EPUB/hcadag01_480_440.xhtml,workbook
Pag010441,I,441,https://epub3.kb.dk/hcadag/epub3/EPUB/hcadag01_481_441.xhtml,workbook
Pag010442,I,442,https://epub3.kb.dk/hcadag/epub3/EPUB/hcadag01_482_442.xhtml,workbook
Pag010443,I,443,https://epub3.kb.dk/hcadag/epub3/EPUB/hcadag01_483_443.xhtml,workbook
Pag010444,I,444,https://epub3.kb.dk/hcadag/epub3/EPUB/hcadag01_484_444.xhtml,workbook
Pag010445,I,445,https://epub3.kb.dk/hcadag/epub3/EPUB/hcadag01_485_445.xhtml,workbook
Pag010446,I,446,https://epub3.kb.dk/hcadag/epub3/EPUB/hcadag01_486_446.xhtml,workbook
Pag010447,I,447,https://epub3.kb.dk/hcadag/epub3/EPUB/hcadag01_487_447.xhtml,workbook
Pag010448,I,448,https://epub3.kb.dk/hcadag/epub3/EPUB/hcadag01_488_448.xhtml,workbook
Pag010449,I,449,https://epub3.kb.dk/hcadag/epub3/EPUB/hcadag01_489_449.xhtml,workbook
Pag010450,I,450,https://epub3.kb.dk/hcadag/epub3/EPUB/hcadag01_490_450.xhtml,workbook
Pag010451,I,451,https://epub3.kb.dk/hcadag/epub3/EPUB/hcadag01_491_451.xhtml,workbook
Pag010452,I,452,https://epub3.kb.dk/hcadag/epub3/EPUB/hcadag01_492_452.xhtml,workbook
Pag010453,I,453,https://epub3.kb.dk/hcadag/epub3/EPUB/hcadag01_493_453.xhtml,workbook
Pag010454,I,454,https://epub3.kb.dk/hcadag/epub3/EPUB/hcadag01_494_454.xhtml,workbook
Pag010455,I,455,https://epub3.kb.dk/hcadag/epub3/EPUB/hcadag01_495_455.xhtml,workbook
Pag010456,I,456,https://epub3.kb.dk/hcadag/epub3/EPUB/hcadag01_496_456.xhtml,workbook
Pag010457,I,457,https://epub3.kb.dk/hcadag/epub3/EPUB/hcadag01_497_457.xhtml,workbook
Pag010458,I,458,https://epub3.kb.dk/hcadag/epub3/EPUB/hcadag01_498_458.xhtml,workbook
Pag010459,I,459,https://epub3.kb.dk/hcadag/epub3/EPUB/hcadag01_499_459.xhtml,workbook
Pag010460,I,460,https://epub3.kb.dk/hcadag/epub3/EPUB/hcadag01_500_460.xhtml,workbook
Pag010461,I,461,https://epub3.kb.dk/hcadag/epub3/EPUB/hcadag01_501_461.xhtml,workbook
Pag010462,I,462,https://epub3.kb.dk/hcadag/epub3/EPUB/hcadag01_502_462.xhtml,workbook
Pag010463,I,463,https://epub3.kb.dk/hcadag/epub3/EPUB/hcadag01_503_463.xhtml,workbook
Pag010464,I,464,https://epub3.kb.dk/hcadag/epub3/EPUB/hcadag01_504_464.xhtml,workbook
Pag010465,I,465,https://epub3.kb.dk/hcadag/epub3/EPUB/hcadag01_505_465.xhtml,workbook
Pag010466,I,466,https://epub3.kb.dk/hcadag/epub3/EPUB/hcadag01_506_466.xhtml,workbook
Pag010467,I,467,https://epub3.kb.dk/hcadag/epub3/EPUB/hcadag01_507_467.xhtml,workbook
Pag010468,I,468,https://epub3.kb.dk/hcadag/epub3/EPUB/hcadag01_508_468.xhtml,workbook
Pag010469,I,469,https://epub3.kb.dk/hcadag/epub3/EPUB/hcadag01_509_469.xhtml,workbook
Pag010470,I,470,https://epub3.kb.dk/hcadag/epub3/EPUB/hcadag01_510_470.xhtml,workbook
Pag010471,I,471,https://epub3.kb.dk/hcadag/epub3/EPUB/hcadag01_511_471.xhtml,workbook
Pag010472,I,472,https://epub3.kb.dk/hcadag/epub3/EPUB/hcadag01_512_472.xhtml,workbook
Pag010473,I,473,https://epub3.kb.dk/hcadag/epub3/EPUB/hcadag01_513_473.xhtml,workbook
Pag010474,I,474,https://epub3.kb.dk/hcadag/epub3/EPUB/hcadag01_514_474.xhtml,workbook
Pag010475,I,475,https://epub3.kb.dk/hcadag/epub3/EPUB/hcadag01_515_475.xhtml,workbook
Pag010476,I,476,https://epub3.kb.dk/hcadag/epub3/EPUB/hcadag01_516_476.xhtml,workbook
Pag010477,I,477,https://epub3.kb.dk/hcadag/epub3/EPUB/hcadag01_517_477.xhtml,workbook
Pag010478,I,478,https://epub3.kb.dk/hcadag/epub3/EPUB/hcadag01_518_478.xhtml,workbook
Pag010479,I,479,https://epub3.kb.dk/hcadag/epub3/EPUB/hcadag01_519_479.xhtml,workbook
Pag010480,I,480,https://epub3.kb.dk/hcadag/epub3/EPUB/hcadag01_520_480.xhtml,workbook
Pag010481,I,481,https://epub3.kb.dk/hcadag/epub3/EPUB/hcadag01_521_481.xhtml,workbook
Pag010482,I,482,https://epub3.kb.dk/hcadag/epub3/EPUB/hcadag01_522_482.xhtml,workbook
Pag010483,I,483,https://epub3.kb.dk/hcadag/epub3/EPUB/hcadag01_523_483.xhtml,workbook
Pag010484,I,484,https://epub3.kb.dk/hcadag/epub3/EPUB/hcadag01_524_484.xhtml,workbook
Pag010485,I,485,https://epub3.kb.dk/hcadag/epub3/EPUB/hcadag01_525_485.xhtml,workbook
Pag010486,I,486,https://epub3.kb.dk/hcadag/epub3/EPUB/hcadag01_526_486.xhtml,workbook
Pag010487,I,487,https://epub3.kb.dk/hcadag/epub3/EPUB/hcadag01_527_487.xhtml,workbook
Pag010488,I,488,https://epub3.kb.dk/hcadag/epub3/EPUB/hcadag01_528_488.xhtml,workbook
Pag010489,I,489,https://epub3.kb.dk/hcadag/epub3/EPUB/hcadag01_529_489.xhtml,workbook
Pag010490,I,490,https://epub3.kb.dk/hcadag/epub3/EPUB/hcadag01_530_490.xhtml,workbook
Pag010491,I,491,https://epub3.kb.dk/hcadag/epub3/EPUB/hcadag01_531_491.xhtml,workbook
Pag010492,I,492,https://epub3.kb.dk/hcadag/epub3/EPUB/hcadag01_532_492.xhtml,workbook
Pag010493,I,493,https://epub3.kb.dk/hcadag/epub3/EPUB/hcadag01_533_493.xhtml,workbook
Pag010494,I,494,https://epub3.kb.dk/hcadag/epub3/EPUB/hcadag01_534_494.xhtml,workbook
Pag010495,I,495,https://epub3.kb.dk/hcadag/epub3/EPUB/hcadag01_535_495.xhtml,workbook
Pag010496,I,496,https://epub3.kb.dk/hcadag/epub3/EPUB/hcadag01_536_496.xhtml,workbook
Pag010497,I,497,https://epub3.kb.dk/hcadag/epub3/EPUB/hcadag01_537_497.xhtml,workbook
Pag010498,I,498,https://epub3.kb.dk/hcadag/epub3/EPUB/hcadag01_538_498.xhtml,workbook
Pag010499,I,499,https://epub3.kb.dk/hcadag/epub3/EPUB/hcadag01_539_499.xhtml,workbook
Pag010500,I,500,https://epub3.kb.dk/hcadag/epub3/EPUB/hcadag01_540_500.xhtml,workbook
Pag010501,I,501,https://epub3.kb.dk/hcadag/epub3/EPUB/hcadag01_541_501.xhtml,workbook
Pag010502,I,502,https://epub3.kb.dk/hcadag/epub3/EPUB/hcadag01_542_502.xhtml,workbook
Pag010503,I,503,https://epub3.kb.dk/hcadag/epub3/EPUB/hcadag01_543_503.xhtml,workbook
Pag010504,I,504,https://epub3.kb.dk/hcadag/epub3/EPUB/hcadag01_544_504.xhtml,workbook
Pag010505,I,505,https://epub3.kb.dk/hcadag/epub3/EPUB/hcadag01_545_505.xhtml,workbook
Pag010506,I,506,https://epub3.kb.dk/hcadag/epub3/EPUB/hcadag01_546_506.xhtml,workbook
Pag010507,I,507,https://epub3.kb.dk/hcadag/epub3/EPUB/hcadag01_547_507.xhtml,workbook
Pag010508,I,508,https://epub3.kb.dk/hcadag/epub3/EPUB/hcadag01_548_508.xhtml,workbook
Pag010509,I,509,https://epub3.kb.dk/hcadag/epub3/EPUB/hcadag01_549_509.xhtml,workbook
Pag010510,I,510,https://epub3.kb.dk/hcadag/epub3/EPUB/hcadag01_550_510.xhtml,workbook
Pag010511,I,511,https://epub3.kb.dk/hcadag/epub3/EPUB/hcadag01_551_511.xhtml,workbook
Pag020001,II,1,https://epub3.kb.dk/hcadag/epub3/EPUB/hcadag02_029_1.xhtml,workbook
Pag020002,II,2,https://epub3.kb.dk/hcadag/epub3/EPUB/hcadag02_030_2.xhtml,workbook
Pag020003,II,3,https://epub3.kb.dk/hcadag/epub3/EPUB/hcadag02_031_3.xhtml,workbook
Pag020004,II,4,https://epub3.kb.dk/hcadag/epub3/EPUB/hcadag02_032_4.xhtml,workbook
Pag020005,II,5,https://epub3.kb.dk/hcadag/epub3/EPUB/hcadag02_033_5.xhtml,workbook
Pag020006,II,6,https://epub3.kb.dk/hcadag/epub3/EPUB/hcadag02_034_6.xhtml,workbook
Pag020007,II,7,https://epub3.kb.dk/hcadag/epub3/EPUB/hcadag02_035_7.xhtml,workbook
Pag020008,II,8,https://epub3.kb.dk/hcadag/epub3/EPUB/hcadag02_036_8.xhtml,workbook
Pag020009,II,9,https://epub3.kb.dk/hcadag/epub3/EPUB/hcadag02_037_9.xhtml,workbook
Pag020010,II,10,https://epub3.kb.dk/hcadag/epub3/EPUB/hcadag02_038_10.xhtml,workbook
Pag020011,II,11,https://epub3.kb.dk/hcadag/epub3/EPUB/hcadag02_039_11.xhtml,workbook
Pag020012,II,12,https://epub3.kb.dk/hcadag/epub3/EPUB/hcadag02_040_12.xhtml,workbook
Pag020013,II,13,https://epub3.kb.dk/hcadag/epub3/EPUB/hcadag02_041_13.xhtml,workbook
Pag020014,II,14,https://epub3.kb.dk/hcadag/epub3/EPUB/hcadag02_042_14.xhtml,workbook
Pag020015,II,15,https://epub3.kb.dk/hcadag/epub3/EPUB/hcadag02_043_15.xhtml,workbook
Pag020016,II,16,https://epub3.kb.dk/hcadag/epub3/EPUB/hcadag02_044_16.xhtml,workbook
Pag020017,II,17,https://epub3.kb.dk/hcadag/epub3/EPUB/hcadag02_045_17.xhtml,workbook
Pag020018,II,18,https://epub3.kb.dk/hcadag/epub3/EPUB/hcadag02_046_18.xhtml,workbook
Pag020019,II,19,https://epub3.kb.dk/hcadag/epub3/EPUB/hcadag02_047_19.xhtml,workbook
Pag020020,II,20,https://epub3.kb.dk/hcadag/epub3/EPUB/hcadag02_048_20.xhtml,workbook
Pag020021,II,21,https://epub3.kb.dk/hcadag/epub3/EPUB/hcadag02_049_21.xhtml,workbook
Pag020022,II,22,https://epub3.kb.dk/hcadag/epub3/EPUB/hcadag02_050_22.xhtml,workbook
Pag020023,II,23,https://epub3.kb.dk/hcadag/epub3/EPUB/hcadag02_051_23.xhtml,workbook
Pag020024,II,24,https://epub3.kb.dk/hcadag/epub3/EPUB/hcadag02_052_24.xhtml,workbook
Pag020025,II,25,https://epub3.kb.dk/hcadag/epub3/EPUB/hcadag02_053_25.xhtml,workbook
Pag020026,II,26,https://epub3.kb.dk/hcadag/epub3/EPUB/hcadag02_054_26.xhtml,workbook
Pag020027,II,27,https://epub3.kb.dk/hcadag/epub3/EPUB/hcadag02_055_27.xhtml,workbook
Pag020028,II,28,https://epub3.kb.dk/hcadag/epub3/EPUB/hcadag02_056_28.xhtml,workbook
Pag020029,II,29,https://epub3.kb.dk/hcadag/epub3/EPUB/hcadag02_057_29.xhtml,workbook
Pag020030,II,30,https://epub3.kb.dk/hcadag/epub3/EPUB/hcadag02_058_30.xhtml,workbook
Pag020031,II,31,https://epub3.kb.dk/hcadag/epub3/EPUB/hcadag02_059_31.xhtml,workbook
Pag020032,II,32,https://epub3.kb.dk/hcadag/epub3/EPUB/hcadag02_060_32.xhtml,workbook
Pag020033,II,33,https://epub3.kb.dk/hcadag/epub3/EPUB/hcadag02_061_33.xhtml,workbook
Pag020034,II,34,https://epub3.kb.dk/hcadag/epub3/EPUB/hcadag02_062_34.xhtml,workbook
Pag020035,II,35,https://epub3.kb.dk/hcadag/epub3/EPUB/hcadag02_063_35.xhtml,workbook
Pag020036,II,36,https://epub3.kb.dk/hcadag/epub3/EPUB/hcadag02_064_36.xhtml,workbook
Pag020037,II,37,https://epub3.kb.dk/hcadag/epub3/EPUB/hcadag02_065_37.xhtml,workbook
Pag020038,II,38,https://epub3.kb.dk/hcadag/epub3/EPUB/hcadag02_066_38.xhtml,workbook
Pag020039,II,39,https://epub3.kb.dk/hcadag/epub3/EPUB/hcadag02_067_39.xhtml,workbook
Pag020040,II,40,https://epub3.kb.dk/hcadag/epub3/EPUB/hcadag02_068_40.xhtml,workbook
Pag020041,II,41,https://epub3.kb.dk/hcadag/epub3/EPUB/hcadag02_069_41.xhtml,workbook
Pag020042,II,42,https://epub3.kb.dk/hcadag/epub3/EPUB/hcadag02_070_42.xhtml,workbook
Pag020043,II,43,https://epub3.kb.dk/hcadag/epub3/EPUB/hcadag02_071_43.xhtml,workbook
Pag020044,II,44,https://epub3.kb.dk/hcadag/epub3/EPUB/hcadag02_072_44.xhtml,workbook
Pag020045,II,45,https://epub3.kb.dk/hcadag/epub3/EPUB/hcadag02_073_45.xhtml,workbook
Pag020046,II,46,https://epub3.kb.dk/hcadag/epub3/EPUB/hcadag02_074_46.xhtml,workbook
Pag020047,II,47,https://epub3.kb.dk/hcadag/epub3/EPUB/hcadag02_075_47.xhtml,workbook
Pag020048,II,48,https://epub3.kb.dk/hcadag/epub3/EPUB/hcadag02_076_48.xhtml,workbook
Pag020049,II,49,https://epub3.kb.dk/hcadag/epub3/EPUB/hcadag02_077_49.xhtml,workbook
Pag020050,II,50,https://epub3.kb.dk/hcadag/epub3/EPUB/hcadag02_078_50.xhtml,workbook
Pag020051,II,51,https://epub3.kb.dk/hcadag/epub3/EPUB/hcadag02_079_51.xhtml,workbook
Pag020052,II,52,https://epub3.kb.dk/hcadag/epub3/EPUB/hcadag02_080_52.xhtml,workbook
Pag020053,II,53,https://epub3.kb.dk/hcadag/epub3/EPUB/hcadag02_081_53.xhtml,workbook
Pag020054,II,54,https://epub3.kb.dk/hcadag/epub3/EPUB/hcadag02_082_54.xhtml,workbook
Pag020055,II,55,https://epub3.kb.dk/hcadag/epub3/EPUB/hcadag02_083_55.xhtml,workbook
Pag020056,II,56,https://epub3.kb.dk/hcadag/epub3/EPUB/hcadag02_084_56.xhtml,workbook
Pag020057,II,57,https://epub3.kb.dk/hcadag/epub3/EPUB/hcadag02_085_57.xhtml,workbook
Pag020058,II,58,https://epub3.kb.dk/hcadag/epub3/EPUB/hcadag02_086_58.xhtml,workbook
Pag020059,II,59,https://epub3.kb.dk/hcadag/epub3/EPUB/hcadag02_087_59.xhtml,workbook
Pag020060,II,60,https://epub3.kb.dk/hcadag/epub3/EPUB/hcadag02_088_60.xhtml,workbook
Pag020061,II,61,https://epub3.kb.dk/hcadag/epub3/EPUB/hcadag02_089_61.xhtml,workbook
Pag020062,II,62,https://epub3.kb.dk/hcadag/epub3/EPUB/hcadag02_090_62.xhtml,workbook
Pag020063,II,63,https://epub3.kb.dk/hcadag/epub3/EPUB/hcadag02_091_63.xhtml,workbook
Pag020064,II,64,https://epub3.kb.dk/hcadag/epub3/EPUB/hcadag02_092_64.xhtml,workbook
Pag020065,II,65,https://epub3.kb.dk/hcadag/epub3/EPUB/hcadag02_093_65.xhtml,workbook
Pag020066,II,66,https://epub3.kb.dk/hcadag/epub3/EPUB/hcadag02_094_66.xhtml,workbook
Pag020067,II,67,https://epub3.kb.dk/hcadag/epub3/EPUB/hcadag02_095_67.xhtml,workbook
Pag020068,II,68,https://epub3.kb.dk/hcadag/epub3/EPUB/hcadag02_096_68.xhtml,workbook
Pag020069,II,69,https://epub3.kb.dk/hcadag/epub3/EPUB/hcadag02_097_69.xhtml,workbook
Pag020070,II,70,https://epub3.kb.dk/hcadag/epub3/EPUB/hcadag02_098_70.xhtml,workbook
Pag020071,II,71,https://epub3.kb.dk/hcadag/epub3/EPUB/hcadag02_099_71.xhtml,workbook
Pag020072,II,72,https://epub3.kb.dk/hcadag/epub3/EPUB/hcadag02_100_72.xhtml,workbook
Pag020073,II,73,https://epub3.kb.dk/hcadag/epub3/EPUB/hcadag02_101_73.xhtml,workbook
Pag020074,II,74,https://epub3.kb.dk/hcadag/epub3/EPUB/hcadag02_102_74.xhtml,workbook
Pag020075,II,75,https://epub3.kb.dk/hcadag/epub3/EPUB/hcadag02_103_75.xhtml,workbook
Pag020076,II,76,https://epub3.kb.dk/hcadag/epub3/EPUB/hcadag02_104_76.xhtml,workbook
Pag020077,II,77,https://epub3.kb.dk/hcadag/epub3/EPUB/hcadag02_105_77.xhtml,workbook
Pag020078,II,78,https://epub3.kb.dk/hcadag/epub3/EPUB/hcadag02_106_78.xhtml,workbook
Pag020079,II,79,https://epub3.kb.dk/hcadag/epub3/EPUB/hcadag02_107_79.xhtml,workbook
Pag020080,II,80,https://epub3.kb.dk/hcadag/epub3/EPUB/hcadag02_108_80.xhtml,workbook
Pag020081,II,81,https://epub3.kb.dk/hcadag/epub3/EPUB/hcadag02_109_81.xhtml,workbook
Pag020082,II,82,https://epub3.kb.dk/hcadag/epub3/EPUB/hcadag02_110_82.xhtml,workbook
Pag020083,II,83,https://epub3.kb.dk/hcadag/epub3/EPUB/hcadag02_111_83.xhtml,workbook
Pag020084,II,84,https://epub3.kb.dk/hcadag/epub3/EPUB/hcadag02_112_84.xhtml,workbook
Pag020085,II,85,https://epub3.kb.dk/hcadag/epub3/EPUB/hcadag02_113_85.xhtml,workbook
Pag020086,II,86,https://epub3.kb.dk/hcadag/epub3/EPUB/hcadag02_114_86.xhtml,workbook
Pag020087,II,87,https://epub3.kb.dk/hcadag/epub3/EPUB/hcadag02_115_87.xhtml,workbook
Pag020088,II,88,https://epub3.kb.dk/hcadag/epub3/EPUB/hcadag02_116_88.xhtml,workbook
Pag020089,II,89,https://epub3.kb.dk/hcadag/epub3/EPUB/hcadag02_117_89.xhtml,workbook
Pag020090,II,90,https://epub3.kb.dk/hcadag/epub3/EPUB/hcadag02_118_90.xhtml,workbook
Pag020091,II,91,https://epub3.kb.dk/hcadag/epub3/EPUB/hcadag02_119_91.xhtml,workbook
Pag020092,II,92,https://epub3.kb.dk/hcadag/epub3/EPUB/hcadag02_120_92.xhtml,workbook
Pag020093,II,93,https://epub3.kb.dk/hcadag/epub3/EPUB/hcadag02_121_93.xhtml,workbook
Pag020094,II,94,https://epub3.kb.dk/hcadag/epub3/EPUB/hcadag02_122_94.xhtml,workbook
Pag020095,II,95,https://epub3.kb.dk/hcadag/epub3/EPUB/hcadag02_123_95.xhtml,workbook
Pag020096,II,96,https://epub3.kb.dk/hcadag/epub3/EPUB/hcadag02_124_96.xhtml,workbook
Pag020097,II,97,https://epub3.kb.dk/hcadag/epub3/EPUB/hcadag02_125_97.xhtml,workbook
Pag020098,II,98,https://epub3.kb.dk/hcadag/epub3/EPUB/hcadag02_126_98.xhtml,workbook
Pag020099,II,99,https://epub3.kb.dk/hcadag/epub3/EPUB/hcadag02_127_99.xhtml,workbook
Pag020100,II,100,https://epub3.kb.dk/hcadag/epub3/EPUB/hcadag02_128_100.xhtml,workbook
Pag020101,II,101,https://epub3.kb.dk/hcadag/epub3/EPUB/hcadag02_129_101.xhtml,workbook
Pag020102,II,102,https://epub3.kb.dk/hcadag/epub3/EPUB/hcadag02_130_102.xhtml,workbook
Pag020103,II,103,https://epub3.kb.dk/hcadag/epub3/EPUB/hcadag02_131_103.xhtml,workbook
Pag020104,II,104,https://epub3.kb.dk/hcadag/epub3/EPUB/hcadag02_132_104.xhtml,workbook
Pag020105,II,105,https://epub3.kb.dk/hcadag/epub3/EPUB/hcadag02_133_105.xhtml,workbook
Pag020106,II,106,https://epub3.kb.dk/hcadag/epub3/EPUB/hcadag02_134_106.xhtml,workbook
Pag020107,II,107,https://epub3.kb.dk/hcadag/epub3/EPUB/hcadag02_135_107.xhtml,workbook
Pag020108,II,108,https://epub3.kb.dk/hcadag/epub3/EPUB/hcadag02_136_108.xhtml,workbook
Pag020109,II,109,https://epub3.kb.dk/hcadag/epub3/EPUB/hcadag02_137_109.xhtml,workbook
Pag020110,II,110,https://epub3.kb.dk/hcadag/epub3/EPUB/hcadag02_138_110.xhtml,workbook
Pag020111,II,111,https://epub3.kb.dk/hcadag/epub3/EPUB/hcadag02_139_111.xhtml,workbook
Pag020112,II,112,https://epub3.kb.dk/hcadag/epub3/EPUB/hcadag02_140_112.xhtml,workbook
Pag020113,II,113,https://epub3.kb.dk/hcadag/epub3/EPUB/hcadag02_141_113.xhtml,workbook
Pag020114,II,114,https://epub3.kb.dk/hcadag/epub3/EPUB/hcadag02_142_114.xhtml,workbook
Pag020115,II,115,https://epub3.kb.dk/hcadag/epub3/EPUB/hcadag02_143_115.xhtml,workbook
Pag020116,II,116,https://epub3.kb.dk/hcadag/epub3/EPUB/hcadag02_144_116.xhtml,workbook
Pag020117,II,117,https://epub3.kb.dk/hcadag/epub3/EPUB/hcadag02_145_117.xhtml,workbook
Pag020118,II,118,https://epub3.kb.dk/hcadag/epub3/EPUB/hcadag02_146_118.xhtml,workbook
Pag020119,II,119,https://epub3.kb.dk/hcadag/epub3/EPUB/hcadag02_147_119.xhtml,workbook
Pag020120,II,120,https://epub3.kb.dk/hcadag/epub3/EPUB/hcadag02_148_120.xhtml,workbook
Pag020121,II,121,https://epub3.kb.dk/hcadag/epub3/EPUB/hcadag02_149_121.xhtml,workbook
Pag020122,II,122,https://epub3.kb.dk/hcadag/epub3/EPUB/hcadag02_150_122.xhtml,workbook
Pag020123,II,123,https://epub3.kb.dk/hcadag/epub3/EPUB/hcadag02_151_123.xhtml,workbook
Pag020124,II,124,https://epub3.kb.dk/hcadag/epub3/EPUB/hcadag02_152_124.xhtml,workbook
Pag020125,II,125,https://epub3.kb.dk/hcadag/epub3/EPUB/hcadag02_153_125.xhtml,workbook
Pag020126,II,126,https://epub3.kb.dk/hcadag/epub3/EPUB/hcadag02_154_126.xhtml,workbook
Pag020127,II,127,https://epub3.kb.dk/hcadag/epub3/EPUB/hcadag02_155_127.xhtml,workbook
Pag020128,II,128,https://epub3.kb.dk/hcadag/epub3/EPUB/hcadag02_156_128.xhtml,workbook
Pag020129,II,129,https://epub3.kb.dk/hcadag/epub3/EPUB/hcadag02_157_129.xhtml,workbook
Pag020130,II,130,https://epub3.kb.dk/hcadag/epub3/EPUB/hcadag02_158_130.xhtml,workbook
Pag020131,II,131,https://epub3.kb.dk/hcadag/epub3/EPUB/hcadag02_159_131.xhtml,workbook
Pag020132,II,132,https://epub3.kb.dk/hcadag/epub3/EPUB/hcadag02_160_132.xhtml,workbook
Pag020133,II,133,https://epub3.kb.dk/hcadag/epub3/EPUB/hcadag02_161_133.xhtml,workbook
Pag020134,II,134,https://epub3.kb.dk/hcadag/epub3/EPUB/hcadag02_162_134.xhtml,workbook
Pag020135,II,135,https://epub3.kb.dk/hcadag/epub3/EPUB/hcadag02_163_135.xhtml,workbook
Pag020136,II,136,https://epub3.kb.dk/hcadag/epub3/EPUB/hcadag02_164_136.xhtml,workbook
Pag020137,II,137,https://epub3.kb.dk/hcadag/epub3/EPUB/hcadag02_165_137.xhtml,workbook
Pag020138,II,138,https://epub3.kb.dk/hcadag/epub3/EPUB/hcadag02_166_138.xhtml,workbook
Pag020139,II,139,https://epub3.kb.dk/hcadag/epub3/EPUB/hcadag02_167_139.xhtml,workbook
Pag020140,II,140,https://epub3.kb.dk/hcadag/epub3/EPUB/hcadag02_168_140.xhtml,workbook
Pag020141,II,141,https://epub3.kb.dk/hcadag/epub3/EPUB/hcadag02_169_141.xhtml,workbook
Pag020142,II,142,https://epub3.kb.dk/hcadag/epub3/EPUB/hcadag02_170_142.xhtml,workbook
Pag020143,II,143,https://epub3.kb.dk/hcadag/epub3/EPUB/hcadag02_171_143.xhtml,workbook
Pag020144,II,144,https://epub3.kb.dk/hcadag/epub3/EPUB/hcadag02_172_144.xhtml,workbook
Pag020145,II,145,https://epub3.kb.dk/hcadag/epub3/EPUB/hcadag02_173_145.xhtml,workbook
Pag020146,II,146,https://epub3.kb.dk/hcadag/epub3/EPUB/hcadag02_174_146.xhtml,workbook
Pag020147,II,147,https://epub3.kb.dk/hcadag/epub3/EPUB/hcadag02_175_147.xhtml,workbook
Pag020148,II,148,https://epub3.kb.dk/hcadag/epub3/EPUB/hcadag02_176_148.xhtml,workbook
Pag020149,II,149,https://epub3.kb.dk/hcadag/epub3/EPUB/hcadag02_177_149.xhtml,workbook
Pag020150,II,150,https://epub3.kb.dk/hcadag/epub3/EPUB/hcadag02_178_150.xhtml,workbook
Pag020151,II,151,https://epub3.kb.dk/hcadag/epub3/EPUB/hcadag02_179_151.xhtml,workbook
Pag020152,II,152,https://epub3.kb.dk/hcadag/epub3/EPUB/hcadag02_180_152.xhtml,workbook
Pag020153,II,153,https://epub3.kb.dk/hcadag/epub3/EPUB/hcadag02_181_153.xhtml,workbook
Pag020154,II,154,https://epub3.kb.dk/hcadag/epub3/EPUB/hcadag02_182_154.xhtml,workbook
Pag020155,II,155,https://epub3.kb.dk/hcadag/epub3/EPUB/hcadag02_183_155.xhtml,workbook
Pag020156,II,156,https://epub3.kb.dk/hcadag/epub3/EPUB/hcadag02_184_156.xhtml,workbook
Pag020157,II,157,https://epub3.kb.dk/hcadag/epub3/EPUB/hcadag02_185_157.xhtml,workbook
Pag020158,II,158,https://epub3.kb.dk/hcadag/epub3/EPUB/hcadag02_186_158.xhtml,workbook
Pag020159,II,159,https://epub3.kb.dk/hcadag/epub3/EPUB/hcadag02_187_159.xhtml,workbook
Pag020160,II,160,https://epub3.kb.dk/hcadag/epub3/EPUB/hcadag02_188_160.xhtml,workbook
Pag020161,II,161,https://epub3.kb.dk/hcadag/epub3/EPUB/hcadag02_189_161.xhtml,workbook
Pag020162,II,162,https://epub3.kb.dk/hcadag/epub3/EPUB/hcadag02_190_162.xhtml,workbook
Pag020163,II,163,https://epub3.kb.dk/hcadag/epub3/EPUB/hcadag02_191_163.xhtml,workbook
Pag020164,II,164,https://epub3.kb.dk/hcadag/epub3/EPUB/hcadag02_192_164.xhtml,workbook
Pag020165,II,165,https://epub3.kb.dk/hcadag/epub3/EPUB/hcadag02_193_165.xhtml,workbook
Pag020166,II,166,https://epub3.kb.dk/hcadag/epub3/EPUB/hcadag02_194_166.xhtml,workbook
Pag020167,II,167,https://epub3.kb.dk/hcadag/epub3/EPUB/hcadag02_195_167.xhtml,workbook
Pag020168,II,168,https://epub3.kb.dk/hcadag/epub3/EPUB/hcadag02_196_168.xhtml,workbook
Pag020169,II,169,https://epub3.kb.dk/hcadag/epub3/EPUB/hcadag02_197_169.xhtml,workbook
Pag020170,II,170,https://epub3.kb.dk/hcadag/epub3/EPUB/hcadag02_198_170.xhtml,workbook
Pag020171,II,171,https://epub3.kb.dk/hcadag/epub3/EPUB/hcadag02_199_171.xhtml,workbook
Pag020172,II,172,https://epub3.kb.dk/hcadag/epub3/EPUB/hcadag02_200_172.xhtml,workbook
Pag020173,II,173,https://epub3.kb.dk/hcadag/epub3/EPUB/hcadag02_201_173.xhtml,workbook
Pag020174,II,174,https://epub3.kb.dk/hcadag/epub3/EPUB/hcadag02_202_174.xhtml,workbook
Pag020175,II,175,https://epub3.kb.dk/hcadag/epub3/EPUB/hcadag02_203_175.xhtml,workbook
Pag020176,II,176,https://epub3.kb.dk/hcadag/epub3/EPUB/hcadag02_204_176.xhtml,workbook
Pag020177,II,177,https://epub3.kb.dk/hcadag/epub3/EPUB/hcadag02_205_177.xhtml,workbook
Pag020178,II,178,https://epub3.kb.dk/hcadag/epub3/EPUB/hcadag02_206_178.xhtml,workbook
Pag020179,II,179,https://epub3.kb.dk/hcadag/epub3/EPUB/hcadag02_207_179.xhtml,workbook
Pag020180,II,180,https://epub3.kb.dk/hcadag/epub3/EPUB/hcadag02_208_180.xhtml,workbook
Pag020181,II,181,https://epub3.kb.dk/hcadag/epub3/EPUB/hcadag02_209_181.xhtml,workbook
Pag020182,II,182,https://epub3.kb.dk/hcadag/epub3/EPUB/hcadag02_210_182.xhtml,workbook
Pag020183,II,183,https://epub3.kb.dk/hcadag/epub3/EPUB/hcadag02_211_183.xhtml,workbook
Pag020184,II,184,https://epub3.kb.dk/hcadag/epub3/EPUB/hcadag02_212_184.xhtml,workbook
Pag020185,II,185,https://epub3.kb.dk/hcadag/epub3/EPUB/hcadag02_213_185.xhtml,workbook
Pag020186,II,186,https://epub3.kb.dk/hcadag/epub3/EPUB/hcadag02_214_186.xhtml,workbook
Pag020187,II,187,https://epub3.kb.dk/hcadag/epub3/EPUB/hcadag02_215_187.xhtml,workbook
Pag020188,II,188,https://epub3.kb.dk/hcadag/epub3/EPUB/hcadag02_216_188.xhtml,workbook
Pag020189,II,189,https://epub3.kb.dk/hcadag/epub3/EPUB/hcadag02_217_189.xhtml,workbook
Pag020190,II,190,https://epub3.kb.dk/hcadag/epub3/EPUB/hcadag02_218_190.xhtml,workbook
Pag020191,II,191,https://epub3.kb.dk/hcadag/epub3/EPUB/hcadag02_219_191.xhtml,workbook
Pag020192,II,192,https://epub3.kb.dk/hcadag/epub3/EPUB/hcadag02_220_192.xhtml,workbook
Pag020193,II,193,https://epub3.kb.dk/hcadag/epub3/EPUB/hcadag02_221_193.xhtml,workbook
Pag020194,II,194,https://epub3.kb.dk/hcadag/epub3/EPUB/hcadag02_222_194.xhtml,workbook
Pag020195,II,195,https://epub3.kb.dk/hcadag/epub3/EPUB/hcadag02_223_195.xhtml,workbook
Pag020196,II,196,https://epub3.kb.dk/hcadag/epub3/EPUB/hcadag02_224_196.xhtml,workbook
Pag020197,II,197,https://epub3.kb.dk/hcadag/epub3/EPUB/hcadag02_225_197.xhtml,workbook
Pag020198,II,198,https://epub3.kb.dk/hcadag/epub3/EPUB/hcadag02_226_198.xhtml,workbook
Pag020199,II,199,https://epub3.kb.dk/hcadag/epub3/EPUB/hcadag02_227_199.xhtml,workbook
Pag020200,II,200,https://epub3.kb.dk/hcadag/epub3/EPUB/hcadag02_228_200.xhtml,workbook
Pag020201,II,201,https://epub3.kb.dk/hcadag/epub3/EPUB/hcadag02_229_201.xhtml,workbook
Pag020202,II,202,https://epub3.kb.dk/hcadag/epub3/EPUB/hcadag02_230_202.xhtml,workbook
Pag020203,II,203,https://epub3.kb.dk/hcadag/epub3/EPUB/hcadag02_231_203.xhtml,workbook
Pag020204,II,204,https://epub3.kb.dk/hcadag/epub3/EPUB/hcadag02_232_204.xhtml,workbook
Pag020205,II,205,https://epub3.kb.dk/hcadag/epub3/EPUB/hcadag02_233_205.xhtml,workbook
Pag020206,II,206,https://epub3.kb.dk/hcadag/epub3/EPUB/hcadag02_234_206.xhtml,workbook
Pag020207,II,207,https://epub3.kb.dk/hcadag/epub3/EPUB/hcadag02_235_207.xhtml,workbook
Pag020208,II,208,https://epub3.kb.dk/hcadag/epub3/EPUB/hcadag02_236_208.xhtml,workbook
Pag020209,II,209,https://epub3.kb.dk/hcadag/epub3/EPUB/hcadag02_237_209.xhtml,workbook
Pag020210,II,210,https://epub3.kb.dk/hcadag/epub3/EPUB/hcadag02_238_210.xhtml,workbook
Pag020211,II,211,https://epub3.kb.dk/hcadag/epub3/EPUB/hcadag02_239_211.xhtml,workbook
Pag020212,II,212,https://epub3.kb.dk/hcadag/epub3/EPUB/hcadag02_240_212.xhtml,workbook
Pag020213,II,213,https://epub3.kb.dk/hcadag/epub3/EPUB/hcadag02_241_213.xhtml,workbook
Pag020214,II,214,https://epub3.kb.dk/hcadag/epub3/EPUB/hcadag02_242_214.xhtml,workbook
Pag020215,II,215,https://epub3.kb.dk/hcadag/epub3/EPUB/hcadag02_243_215.xhtml,workbook
Pag020216,II,216,https://epub3.kb.dk/hcadag/epub3/EPUB/hcadag02_244_216.xhtml,workbook
Pag020217,II,217,https://epub3.kb.dk/hcadag/epub3/EPUB/hcadag02_245_217.xhtml,workbook
Pag020218,II,218,https://epub3.kb.dk/hcadag/epub3/EPUB/hcadag02_246_218.xhtml,workbook
Pag020219,II,219,https://epub3.kb.dk/hcadag/epub3/EPUB/hcadag02_247_219.xhtml,workbook
Pag020220,II,220,https://epub3.kb.dk/hcadag/epub3/EPUB/hcadag02_248_220.xhtml,workbook
Pag020221,II,221,https://epub3.kb.dk/hcadag/epub3/EPUB/hcadag02_249_221.xhtml,workbook
Pag020222,II,222,https://epub3.kb.dk/hcadag/epub3/EPUB/hcadag02_250_222.xhtml,workbook
Pag020223,II,223,https://epub3.kb.dk/hcadag/epub3/EPUB/hcadag02_251_223.xhtml,workbook
Pag020224,II,224,https://epub3.kb.dk/hcadag/epub3/EPUB/hcadag02_252_224.xhtml,workbook
Pag020225,II,225,https://epub3.kb.dk/hcadag/epub3/EPUB/hcadag02_253_225.xhtml,workbook
Pag020226,II,226,https://epub3.kb.dk/hcadag/epub3/EPUB/hcadag02_254_226.xhtml,workbook
Pag020227,II,227,https://epub3.kb.dk/hcadag/epub3/EPUB/hcadag02_255_227.xhtml,workbook
Pag020228,II,228,https://epub3.kb.dk/hcadag/epub3/EPUB/hcadag02_256_228.xhtml,workbook
Pag020229,II,229,https://epub3.kb.dk/hcadag/epub3/EPUB/hcadag02_257_229.xhtml,workbook
Pag020230,II,230,https://epub3.kb.dk/hcadag/epub3/EPUB/hcadag02_258_230.xhtml,workbook
Pag020231,II,231,https://epub3.kb.dk/hcadag/epub3/EPUB/hcadag02_259_231.xhtml,workbook
Pag020232,II,232,https://epub3.kb.dk/hcadag/epub3/EPUB/hcadag02_260_232.xhtml,workbook
Pag020233,II,233,https://epub3.kb.dk/hcadag/epub3/EPUB/hcadag02_261_233.xhtml,workbook
Pag020234,II,234,https://epub3.kb.dk/hcadag/epub3/EPUB/hcadag02_262_234.xhtml,workbook
Pag020235,II,235,https://epub3.kb.dk/hcadag/epub3/EPUB/hcadag02_263_235.xhtml,workbook
Pag020236,II,236,https://epub3.kb.dk/hcadag/epub3/EPUB/hcadag02_264_236.xhtml,workbook
Pag020237,II,237,https://epub3.kb.dk/hcadag/epub3/EPUB/hcadag02_265_237.xhtml,workbook
Pag020238,II,238,https://epub3.kb.dk/hcadag/epub3/EPUB/hcadag02_266_238.xhtml,workbook
Pag020239,II,239,https://epub3.kb.dk/hcadag/epub3/EPUB/hcadag02_267_239.xhtml,workbook
Pag020240,II,240,https://epub3.kb.dk/hcadag/epub3/EPUB/hcadag02_268_240.xhtml,workbook
Pag020241,II,241,https://epub3.kb.dk/hcadag/epub3/EPUB/hcadag02_269_241.xhtml,workbook
Pag020242,II,242,https://epub3.kb.dk/hcadag/epub3/EPUB/hcadag02_270_242.xhtml,workbook
Pag020243,II,243,https://epub3.kb.dk/hcadag/epub3/EPUB/hcadag02_271_243.xhtml,workbook
Pag020244,II,244,https://epub3.kb.dk/hcadag/epub3/EPUB/hcadag02_272_244.xhtml,workbook
Pag020245,II,245,https://epub3.kb.dk/hcadag/epub3/EPUB/hcadag02_273_245.xhtml,workbook
Pag020246,II,246,https://epub3.kb.dk/hcadag/epub3/EPUB/hcadag02_274_246.xhtml,workbook
Pag020247,II,247,https://epub3.kb.dk/hcadag/epub3/EPUB/hcadag02_275_247.xhtml,workbook
Pag020248,II,248,https://epub3.kb.dk/hcadag/epub3/EPUB/hcadag02_276_248.xhtml,workbook
Pag020249,II,249,https://epub3.kb.dk/hcadag/epub3/EPUB/hcadag02_277_249.xhtml,workbook
Pag020250,II,250,https://epub3.kb.dk/hcadag/epub3/EPUB/hcadag02_278_250.xhtml,workbook
Pag020251,II,251,https://epub3.kb.dk/hcadag/epub3/EPUB/hcadag02_279_251.xhtml,workbook
Pag020252,II,252,https://epub3.kb.dk/hcadag/epub3/EPUB/hcadag02_280_252.xhtml,workbook
Pag020253,II,253,https://epub3.kb.dk/hcadag/epub3/EPUB/hcadag02_281_253.xhtml,workbook
Pag020254,II,254,https://epub3.kb.dk/hcadag/epub3/EPUB/hcadag02_282_254.xhtml,workbook
Pag020255,II,255,https://epub3.kb.dk/hcadag/epub3/EPUB/hcadag02_283_255.xhtml,workbook
Pag020256,II,256,https://epub3.kb.dk/hcadag/epub3/EPUB/hcadag02_284_256.xhtml,workbook
Pag020257,II,257,https://epub3.kb.dk/hcadag/epub3/EPUB/hcadag02_285_257.xhtml,workbook
Pag020258,II,258,https://epub3.kb.dk/hcadag/epub3/EPUB/hcadag02_286_258.xhtml,workbook
Pag020259,II,259,https://epub3.kb.dk/hcadag/epub3/EPUB/hcadag02_287_259.xhtml,workbook
Pag020260,II,260,https://epub3.kb.dk/hcadag/epub3/EPUB/hcadag02_288_260.xhtml,workbook
Pag020261,II,261,https://epub3.kb.dk/hcadag/epub3/EPUB/hcadag02_289_261.xhtml,workbook
Pag020262,II,262,https://epub3.kb.dk/hcadag/epub3/EPUB/hcadag02_290_262.xhtml,workbook
Pag020263,II,263,https://epub3.kb.dk/hcadag/epub3/EPUB/hcadag02_291_263.xhtml,workbook
Pag020264,II,264,https://epub3.kb.dk/hcadag/epub3/EPUB/hcadag02_292_264.xhtml,workbook
Pag020265,II,265,https://epub3.kb.dk/hcadag/epub3/EPUB/hcadag02_293_265.xhtml,workbook
Pag020266,II,266,https://epub3.kb.dk/hcadag/epub3/EPUB/hcadag02_294_266.xhtml,workbook
Pag020267,II,267,https://epub3.kb.dk/hcadag/epub3/EPUB/hcadag02_295_267.xhtml,workbook
Pag020268,II,268,https://epub3.kb.dk/hcadag/epub3/EPUB/hcadag02_296_268.xhtml,workbook
Pag020269,II,269,https://epub3.kb.dk/hcadag/epub3/EPUB/hcadag02_297_269.xhtml,workbook
Pag020270,II,270,https://epub3.kb.dk/hcadag/epub3/EPUB/hcadag02_298_270.xhtml,workbook
Pag020271,II,271,https://epub3.kb.dk/hcadag/epub3/EPUB/hcadag02_299_271.xhtml,workbook
Pag020272,II,272,https://epub3.kb.dk/hcadag/epub3/EPUB/hcadag02_300_272.xhtml,workbook
Pag020273,II,273,https://epub3.kb.dk/hcadag/epub3/EPUB/hcadag02_301_273.xhtml,workbook
Pag020274,II,274,https://epub3.kb.dk/hcadag/epub3/EPUB/hcadag02_302_274.xhtml,workbook
Pag020275,II,275,https://epub3.kb.dk/hcadag/epub3/EPUB/hcadag02_303_275.xhtml,workbook
Pag020276,II,276,https://epub3.kb.dk/hcadag/epub3/EPUB/hcadag02_304_276.xhtml,workbook
Pag020277,II,277,https://epub3.kb.dk/hcadag/epub3/EPUB/hcadag02_305_277.xhtml,workbook
Pag020278,II,278,https://epub3.kb.dk/hcadag/epub3/EPUB/hcadag02_306_278.xhtml,workbook
Pag020279,II,279,https://epub3.kb.dk/hcadag/epub3/EPUB/hcadag02_307_279.xhtml,workbook
Pag020280,II,280,https://epub3.kb.dk/hcadag/epub3/EPUB/hcadag02_308_280.xhtml,workbook
Pag020281,II,281,https://epub3.kb.dk/hcadag/epub3/EPUB/hcadag02_309_281.xhtml,workbook
Pag020282,II,282,https://epub3.kb.dk/hcadag/epub3/EPUB/hcadag02_310_282.xhtml,workbook
Pag020283,II,283,https://epub3.kb.dk/hcadag/epub3/EPUB/hcadag02_311_283.xhtml,workbook
Pag020284,II,284,https://epub3.kb.dk/hcadag/epub3/EPUB/hcadag02_312_284.xhtml,workbook
Pag020285,II,285,https://epub3.kb.dk/hcadag/epub3/EPUB/hcadag02_313_285.xhtml,workbook
Pag020286,II,286,https://epub3.kb.dk/hcadag/epub3/EPUB/hcadag02_314_286.xhtml,workbook
Pag020287,II,287,https://epub3.kb.dk/hcadag/epub3/EPUB/hcadag02_315_287.xhtml,workbook
Pag020288,II,288,https://epub3.kb.dk/hcadag/epub3/EPUB/hcadag02_316_288.xhtml,workbook
Pag020289,II,289,https://epub3.kb.dk/hcadag/epub3/EPUB/hcadag02_317_289.xhtml,workbook
Pag020290,II,290,https://epub3.kb.dk/hcadag/epub3/EPUB/hcadag02_318_290.xhtml,workbook
Pag020291,II,291,https://epub3.kb.dk/hcadag/epub3/EPUB/hcadag02_319_291.xhtml,workbook
Pag020292,II,292,https://epub3.kb.dk/hcadag/epub3/EPUB/hcadag02_320_292.xhtml,workbook
Pag020293,II,293,https://epub3.kb.dk/hcadag/epub3/EPUB/hcadag02_321_293.xhtml,workbook
Pag020294,II,294,https://epub3.kb.dk/hcadag/epub3/EPUB/hcadag02_322_294.xhtml,workbook
Pag020295,II,295,https://epub3.kb.dk/hcadag/epub3/EPUB/hcadag02_323_295.xhtml,workbook
Pag020296,II,296,https://epub3.kb.dk/hcadag/epub3/EPUB/hcadag02_324_296.xhtml,workbook
Pag020297,II,297,https://epub3.kb.dk/hcadag/epub3/EPUB/hcadag02_325_297.xhtml,workbook
Pag020298,II,298,https://epub3.kb.dk/hcadag/epub3/EPUB/hcadag02_326_298.xhtml,workbook
Pag020299,II,299,https://epub3.kb.dk/hcadag/epub3/EPUB/hcadag02_327_299.xhtml,workbook
Pag020300,II,300,https://epub3.kb.dk/hcadag/epub3/EPUB/hcadag02_328_300.xhtml,workbook
Pag020301,II,301,https://epub3.kb.dk/hcadag/epub3/EPUB/hcadag02_329_301.xhtml,workbook
Pag020302,II,302,https://epub3.kb.dk/hcadag/epub3/EPUB/hcadag02_330_302.xhtml,workbook
Pag020303,II,303,https://epub3.kb.dk/hcadag/epub3/EPUB/hcadag02_331_303.xhtml,workbook
Pag020304,II,304,https://epub3.kb.dk/hcadag/epub3/EPUB/hcadag02_332_304.xhtml,workbook
Pag020305,II,305,https://epub3.kb.dk/hcadag/epub3/EPUB/hcadag02_333_305.xhtml,workbook
Pag020306,II,306,https://epub3.kb.dk/hcadag/epub3/EPUB/hcadag02_334_306.xhtml,workbook
Pag020307,II,307,https://epub3.kb.dk/hcadag/epub3/EPUB/hcadag02_335_307.xhtml,workbook
Pag020308,II,308,https://epub3.kb.dk/hcadag/epub3/EPUB/hcadag02_336_308.xhtml,workbook
Pag020309,II,309,https://epub3.kb.dk/hcadag/epub3/EPUB/hcadag02_337_309.xhtml,workbook
Pag020310,II,310,https://epub3.kb.dk/hcadag/epub3/EPUB/hcadag02_338_310.xhtml,workbook
Pag020311,II,311,https://epub3.kb.dk/hcadag/epub3/EPUB/hcadag02_339_311.xhtml,workbook
Pag020312,II,312,https://epub3.kb.dk/hcadag/epub3/EPUB/hcadag02_340_312.xhtml,workbook
Pag020313,II,313,https://epub3.kb.dk/hcadag/epub3/EPUB/hcadag02_341_313.xhtml,workbook
Pag020314,II,314,https://epub3.kb.dk/hcadag/epub3/EPUB/hcadag02_342_314.xhtml,workbook
Pag020315,II,315,https://epub3.kb.dk/hcadag/epub3/EPUB/hcadag02_343_315.xhtml,workbook
Pag020316,II,316,https://epub3.kb.dk/hcadag/epub3/EPUB/hcadag02_344_316.xhtml,workbook
Pag020317,II,317,https://epub3.kb.dk/hcadag/epub3/EPUB/hcadag02_345_317.xhtml,workbook
Pag020318,II,318,https://epub3.kb.dk/hcadag/epub3/EPUB/hcadag02_346_318.xhtml,workbook
Pag020319,II,319,https://epub3.kb.dk/hcadag/epub3/EPUB/hcadag02_347_319.xhtml,workbook
Pag020320,II,320,https://epub3.kb.dk/hcadag/epub3/EPUB/hcadag02_348_320.xhtml,workbook
Pag020321,II,321,https://epub3.kb.dk/hcadag/epub3/EPUB/hcadag02_349_321.xhtml,workbook
Pag020322,II,322,https://epub3.kb.dk/hcadag/epub3/EPUB/hcadag02_350_322.xhtml,workbook
Pag020323,II,323,https://epub3.kb.dk/hcadag/epub3/EPUB/hcadag02_351_323.xhtml,workbook
Pag020324,II,324,https://epub3.kb.dk/hcadag/epub3/EPUB/hcadag02_352_324.xhtml,workbook
Pag020325,II,325,https://epub3.kb.dk/hcadag/epub3/EPUB/hcadag02_353_325.xhtml,workbook
Pag020326,II,326,https://epub3.kb.dk/hcadag/epub3/EPUB/hcadag02_354_326.xhtml,workbook
Pag020327,II,327,https://epub3.kb.dk/hcadag/epub3/EPUB/hcadag02_355_327.xhtml,workbook
Pag020328,II,328,https://epub3.kb.dk/hcadag/epub3/EPUB/hcadag02_356_328.xhtml,workbook
Pag020329,II,329,https://epub3.kb.dk/hcadag/epub3/EPUB/hcadag02_357_329.xhtml,workbook
Pag020330,II,330,https://epub3.kb.dk/hcadag/epub3/EPUB/hcadag02_358_330.xhtml,workbook
Pag020331,II,331,https://epub3.kb.dk/hcadag/epub3/EPUB/hcadag02_359_331.xhtml,workbook
Pag020332,II,332,https://epub3.kb.dk/hcadag/epub3/EPUB/hcadag02_360_332.xhtml,workbook
Pag020333,II,333,https://epub3.kb.dk/hcadag/epub3/EPUB/hcadag02_361_333.xhtml,workbook
Pag020334,II,334,https://epub3.kb.dk/hcadag/epub3/EPUB/hcadag02_362_334.xhtml,workbook
Pag020335,II,335,https://epub3.kb.dk/hcadag/epub3/EPUB/hcadag02_363_335.xhtml,workbook
Pag020336,II,336,https://epub3.kb.dk/hcadag/epub3/EPUB/hcadag02_364_336.xhtml,workbook
Pag020337,II,337,https://epub3.kb.dk/hcadag/epub3/EPUB/hcadag02_365_337.xhtml,workbook
Pag020338,II,338,https://epub3.kb.dk/hcadag/epub3/EPUB/hcadag02_366_338.xhtml,workbook
Pag020339,II,339,https://epub3.kb.dk/hcadag/epub3/EPUB/hcadag02_367_339.xhtml,workbook
Pag020340,II,340,https://epub3.kb.dk/hcadag/epub3/EPUB/hcadag02_368_340.xhtml,workbook
Pag020341,II,341,https://epub3.kb.dk/hcadag/epub3/EPUB/hcadag02_369_341.xhtml,workbook
Pag020342,II,342,https://epub3.kb.dk/hcadag/epub3/EPUB/hcadag02_370_342.xhtml,workbook
Pag020343,II,343,https://epub3.kb.dk/hcadag/epub3/EPUB/hcadag02_371_343.xhtml,workbook
Pag020344,II,344,https://epub3.kb.dk/hcadag/epub3/EPUB/hcadag02_372_344.xhtml,workbook
Pag020345,II,345,https://epub3.kb.dk/hcadag/epub3/EPUB/hcadag02_373_345.xhtml,workbook
Pag020346,II,346,https://epub3.kb.dk/hcadag/epub3/EPUB/hcadag02_374_346.xhtml,workbook
Pag020347,II,347,https://epub3.kb.dk/hcadag/epub3/EPUB/hcadag02_375_347.xhtml,workbook
Pag020348,II,348,https://epub3.kb.dk/hcadag/epub3/EPUB/hcadag02_376_348.xhtml,workbook
Pag020349,II,349,https://epub3.kb.dk/hcadag/epub3/EPUB/hcadag02_377_349.xhtml,workbook
Pag020350,II,350,https://epub3.kb.dk/hcadag/epub3/EPUB/hcadag02_378_350.xhtml,workbook
Pag020351,II,351,https://epub3.kb.dk/hcadag/epub3/EPUB/hcadag02_379_351.xhtml,workbook
Pag020352,II,352,https://epub3.kb.dk/hcadag/epub3/EPUB/hcadag02_380_352.xhtml,workbook
Pag020353,II,353,https://epub3.kb.dk/hcadag/epub3/EPUB/hcadag02_381_353.xhtml,workbook
Pag020354,II,354,https://epub3.kb.dk/hcadag/epub3/EPUB/hcadag02_382_354.xhtml,workbook
Pag020355,II,355,https://epub3.kb.dk/hcadag/epub3/EPUB/hcadag02_383_355.xhtml,workbook
Pag020356,II,356,https://epub3.kb.dk/hcadag/epub3/EPUB/hcadag02_384_356.xhtml,workbook
Pag020357,II,357,https://epub3.kb.dk/hcadag/epub3/EPUB/hcadag02_385_357.xhtml,workbook
Pag020358,II,358,https://epub3.kb.dk/hcadag/epub3/EPUB/hcadag02_386_358.xhtml,workbook
Pag020359,II,359,https://epub3.kb.dk/hcadag/epub3/EPUB/hcadag02_387_359.xhtml,workbook
Pag020360,II,360,https://epub3.kb.dk/hcadag/epub3/EPUB/hcadag02_388_360.xhtml,workbook
Pag020361,II,361,https://epub3.kb.dk/hcadag/epub3/EPUB/hcadag02_389_361.xhtml,workbook
Pag020362,II,362,https://epub3.kb.dk/hcadag/epub3/EPUB/hcadag02_390_362.xhtml,workbook
Pag020363,II,363,https://epub3.kb.dk/hcadag/epub3/EPUB/hcadag02_391_363.xhtml,workbook
Pag020364,II,364,https://epub3.kb.dk/hcadag/epub3/EPUB/hcadag02_392_364.xhtml,workbook
Pag020365,II,365,https://epub3.kb.dk/hcadag/epub3/EPUB/hcadag02_393_365.xhtml,workbook
Pag020366,II,366,https://epub3.kb.dk/hcadag/epub3/EPUB/hcadag02_394_366.xhtml,workbook
Pag020367,II,367,https://epub3.kb.dk/hcadag/epub3/EPUB/hcadag02_395_367.xhtml,workbook
Pag020368,II,368,https://epub3.kb.dk/hcadag/epub3/EPUB/hcadag02_396_368.xhtml,workbook
Pag020369,II,369,https://epub3.kb.dk/hcadag/epub3/EPUB/hcadag02_397_369.xhtml,workbook
Pag020370,II,370,https://epub3.kb.dk/hcadag/epub3/EPUB/hcadag02_398_370.xhtml,workbook
Pag020371,II,371,https://epub3.kb.dk/hcadag/epub3/EPUB/hcadag02_399_371.xhtml,workbook
Pag020372,II,372,https://epub3.kb.dk/hcadag/epub3/EPUB/hcadag02_400_372.xhtml,workbook
Pag020373,II,373,https://epub3.kb.dk/hcadag/epub3/EPUB/hcadag02_401_373.xhtml,workbook
Pag020374,II,374,https://epub3.kb.dk/hcadag/epub3/EPUB/hcadag02_402_374.xhtml,workbook
Pag020375,II,375,https://epub3.kb.dk/hcadag/epub3/EPUB/hcadag02_403_375.xhtml,workbook
Pag020376,II,376,https://epub3.kb.dk/hcadag/epub3/EPUB/hcadag02_404_376.xhtml,workbook
Pag020377,II,377,https://epub3.kb.dk/hcadag/epub3/EPUB/hcadag02_405_377.xhtml,workbook
Pag020378,II,378,https://epub3.kb.dk/hcadag/epub3/EPUB/hcadag02_406_378.xhtml,workbook
Pag020379,II,379,https://epub3.kb.dk/hcadag/epub3/EPUB/hcadag02_407_379.xhtml,workbook
Pag020380,II,380,https://epub3.kb.dk/hcadag/epub3/EPUB/hcadag02_408_380.xhtml,workbook
Pag020381,II,381,https://epub3.kb.dk/hcadag/epub3/EPUB/hcadag02_409_381.xhtml,workbook
Pag020382,II,382,https://epub3.kb.dk/hcadag/epub3/EPUB/hcadag02_410_382.xhtml,workbook
Pag020383,II,383,https://epub3.kb.dk/hcadag/epub3/EPUB/hcadag02_411_383.xhtml,workbook
Pag020384,II,384,https://epub3.kb.dk/hcadag/epub3/EPUB/hcadag02_412_384.xhtml,workbook
Pag020385,II,385,https://epub3.kb.dk/hcadag/epub3/EPUB/hcadag02_413_385.xhtml,workbook
Pag020386,II,386,https://epub3.kb.dk/hcadag/epub3/EPUB/hcadag02_414_386.xhtml,workbook
Pag020387,II,387,https://epub3.kb.dk/hcadag/epub3/EPUB/hcadag02_415_387.xhtml,workbook
Pag020388,II,388,https://epub3.kb.dk/hcadag/epub3/EPUB/hcadag02_416_388.xhtml,workbook
Pag020389,II,389,https://epub3.kb.dk/hcadag/epub3/EPUB/hcadag02_417_389.xhtml,workbook
Pag020390,II,390,https://epub3.kb.dk/hcadag/epub3/EPUB/hcadag02_418_390.xhtml,workbook
Pag020391,II,391,https://epub3.kb.dk/hcadag/epub3/EPUB/hcadag02_419_391.xhtml,workbook
Pag020392,II,392,https://epub3.kb.dk/hcadag/epub3/EPUB/hcadag02_420_392.xhtml,workbook
Pag020393,II,393,https://epub3.kb.dk/hcadag/epub3/EPUB/hcadag02_421_393.xhtml,workbook
Pag020394,II,394,https://epub3.kb.dk/hcadag/epub3/EPUB/hcadag02_422_394.xhtml,workbook
Pag020395,II,395,https://epub3.kb.dk/hcadag/epub3/EPUB/hcadag02_423_395.xhtml,workbook
Pag020396,II,396,https://epub3.kb.dk/hcadag/epub3/EPUB/hcadag02_424_396.xhtml,workbook
Pag020397,II,397,https://epub3.kb.dk/hcadag/epub3/EPUB/hcadag02_425_397.xhtml,workbook
Pag020398,II,398,https://epub3.kb.dk/hcadag/epub3/EPUB/hcadag02_426_398.xhtml,workbook
Pag020399,II,399,https://epub3.kb.dk/hcadag/epub3/EPUB/hcadag02_427_399.xhtml,workbook
Pag020400,II,400,https://epub3.kb.dk/hcadag/epub3/EPUB/hcadag02_428_400.xhtml,workbook
Pag020401,II,401,https://epub3.kb.dk/hcadag/epub3/EPUB/hcadag02_429_401.xhtml,workbook
Pag020402,II,402,https://epub3.kb.dk/hcadag/epub3/EPUB/hcadag02_430_402.xhtml,workbook
Pag020403,II,403,https://epub3.kb.dk/hcadag/epub3/EPUB/hcadag02_431_403.xhtml,workbook
Pag020404,II,404,https://epub3.kb.dk/hcadag/epub3/EPUB/hcadag02_432_404.xhtml,workbook
Pag020405,II,405,https://epub3.kb.dk/hcadag/epub3/EPUB/hcadag02_433_405.xhtml,workbook
Pag020406,II,406,https://epub3.kb.dk/hcadag/epub3/EPUB/hcadag02_434_406.xhtml,workbook
Pag020407,II,407,https://epub3.kb.dk/hcadag/epub3/EPUB/hcadag02_435_407.xhtml,workbook
Pag020408,II,408,https://epub3.kb.dk/hcadag/epub3/EPUB/hcadag02_436_408.xhtml,workbook
Pag020409,II,409,https://epub3.kb.dk/hcadag/epub3/EPUB/hcadag02_437_409.xhtml,workbook
Pag020410,II,410,https://epub3.kb.dk/hcadag/epub3/EPUB/hcadag02_438_410.xhtml,workbook
Pag020411,II,411,https://epub3.kb.dk/hcadag/epub3/EPUB/hcadag02_439_411.xhtml,workbook
Pag020412,II,412,https://epub3.kb.dk/hcadag/epub3/EPUB/hcadag02_440_412.xhtml,workbook
Pag020413,II,413,https://epub3.kb.dk/hcadag/epub3/EPUB/hcadag02_441_413.xhtml,workbook
Pag020414,II,414,https://epub3.kb.dk/hcadag/epub3/EPUB/hcadag02_442_414.xhtml,workbook
Pag020415,II,415,https://epub3.kb.dk/hcadag/epub3/EPUB/hcadag02_443_415.xhtml,workbook
Pag020416,II,416,https://epub3.kb.dk/hcadag/epub3/EPUB/hcadag02_444_416.xhtml,workbook
Pag020417,II,417,https://epub3.kb.dk/hcadag/epub3/EPUB/hcadag02_445_417.xhtml,workbook
Pag020418,II,418,https://epub3.kb.dk/hcadag/epub3/EPUB/hcadag02_446_418.xhtml,workbook
Pag020419,II,419,https://epub3.kb.dk/hcadag/epub3/EPUB/hcadag02_447_419.xhtml,workbook
Pag020420,II,420,https://epub3.kb.dk/hcadag/epub3/EPUB/hcadag02_448_420.xhtml,workbook
Pag020421,II,421,https://epub3.kb.dk/hcadag/epub3/EPUB/hcadag02_449_421.xhtml,workbook
Pag020422,II,422,https://epub3.kb.dk/hcadag/epub3/EPUB/hcadag02_450_422.xhtml,workbook
Pag020423,II,423,https://epub3.kb.dk/hcadag/epub3/EPUB/hcadag02_451_423.xhtml,workbook
Pag020424,II,424,https://epub3.kb.dk/hcadag/epub3/EPUB/hcadag02_452_424.xhtml,workbook
Pag020425,II,425,https://epub3.kb.dk/hcadag/epub3/EPUB/hcadag02_453_425.xhtml,workbook
Pag020426,II,426,https://epub3.kb.dk/hcadag/epub3/EPUB/hcadag02_454_426.xhtml,workbook
Pag020427,II,427,https://epub3.kb.dk/hcadag/epub3/EPUB/hcadag02_455_427.xhtml,workbook
Pag020428,II,428,https://epub3.kb.dk/hcadag/epub3/EPUB/hcadag02_456_428.xhtml,workbook
Pag020429,II,429,https://epub3.kb.dk/hcadag/epub3/EPUB/hcadag02_457_429.xhtml,workbook
Pag020430,II,430,https://epub3.kb.dk/hcadag/epub3/EPUB/hcadag02_458_430.xhtml,workbook
Pag020431,II,431,https://epub3.kb.dk/hcadag/epub3/EPUB/hcadag02_459_431.xhtml,workbook
Pag020432,II,432,https://epub3.kb.dk/hcadag/epub3/EPUB/hcadag02_460_432.xhtml,workbook
Pag020433,II,433,https://epub3.kb.dk/hcadag/epub3/EPUB/hcadag02_461_433.xhtml,workbook
Pag020434,II,434,https://epub3.kb.dk/hcadag/epub3/EPUB/hcadag02_462_434.xhtml,workbook
Pag020435,II,435,https://epub3.kb.dk/hcadag/epub3/EPUB/hcadag02_463_435.xhtml,workbook
Pag020436,II,436,https://epub3.kb.dk/hcadag/epub3/EPUB/hcadag02_464_436.xhtml,workbook
Pag020437,II,437,https://epub3.kb.dk/hcadag/epub3/EPUB/hcadag02_465_437.xhtml,workbook
Pag020438,II,438,https://epub3.kb.dk/hcadag/epub3/EPUB/hcadag02_466_438.xhtml,workbook
Pag020439,II,439,https://epub3.kb.dk/hcadag/epub3/EPUB/hcadag02_467_439.xhtml,workbook
Pag020440,II,440,https://epub3.kb.dk/hcadag/epub3/EPUB/hcadag02_468_440.xhtml,workbook
Pag020441,II,441,https://epub3.kb.dk/hcadag/epub3/EPUB/hcadag02_469_441.xhtml,workbook
Pag020442,II,442,https://epub3.kb.dk/hcadag/epub3/EPUB/hcadag02_470_442.xhtml,workbook
Pag020443,II,443,https://epub3.kb.dk/hcadag/epub3/EPUB/hcadag02_471_443.xhtml,workbook
Pag020444,II,444,https://epub3.kb.dk/hcadag/epub3/EPUB/hcadag02_472_444.xhtml,workbook
Pag020445,II,445,https://epub3.kb.dk/hcadag/epub3/EPUB/hcadag02_473_445.xhtml,workbook
Pag020446,II,446,https://epub3.kb.dk/hcadag/epub3/EPUB/hcadag02_474_446.xhtml,workbook
Pag020447,II,447,https://epub3.kb.dk/hcadag/epub3/EPUB/hcadag02_475_447.xhtml,workbook
Pag020448,II,448,https://epub3.kb.dk/hcadag/epub3/EPUB/hcadag02_476_448.xhtml,workbook
Pag030001,III,1,https://epub3.kb.dk/hcadag/epub3/EPUB/hcadag03_025_1.xhtml,workbook
Pag030002,III,2,https://epub3.kb.dk/hcadag/epub3/EPUB/hcadag03_026_2.xhtml,workbook
Pag030003,III,3,https://epub3.kb.dk/hcadag/epub3/EPUB/hcadag03_027_3.xhtml,workbook
Pag030004,III,4,https://epub3.kb.dk/hcadag/epub3/EPUB/hcadag03_028_4.xhtml,workbook
Pag030005,III,5,https://epub3.kb.dk/hcadag/epub3/EPUB/hcadag03_029_5.xhtml,workbook
Pag030006,III,6,https://epub3.kb.dk/hcadag/epub3/EPUB/hcadag03_030_6.xhtml,workbook
Pag030007,III,7,https://epub3.kb.dk/hcadag/epub3/EPUB/hcadag03_031_7.xhtml,workbook
Pag030008,III,8,https://epub3.kb.dk/hcadag/epub3/EPUB/hcadag03_032_8.xhtml,workbook
Pag030009,III,9,https://epub3.kb.dk/hcadag/epub3/EPUB/hcadag03_033_9.xhtml,workbook
Pag030010,III,10,https://epub3.kb.dk/hcadag/epub3/EPUB/hcadag03_034_10.xhtml,workbook
Pag030011,III,11,https://epub3.kb.dk/hcadag/epub3/EPUB/hcadag03_035_11.xhtml,workbook
Pag030012,III,12,https://epub3.kb.dk/hcadag/epub3/EPUB/hcadag03_036_12.xhtml,workbook
Pag030013,III,13,https://epub3.kb.dk/hcadag/epub3/EPUB/hcadag03_037_13.xhtml,workbook
Pag030014,III,14,https://epub3.kb.dk/hcadag/epub3/EPUB/hcadag03_038_14.xhtml,workbook
Pag030015,III,15,https://epub3.kb.dk/hcadag/epub3/EPUB/hcadag03_039_15.xhtml,workbook
Pag030016,III,16,https://epub3.kb.dk/hcadag/epub3/EPUB/hcadag03_040_16.xhtml,workbook
Pag030017,III,17,https://epub3.kb.dk/hcadag/epub3/EPUB/hcadag03_041_17.xhtml,workbook
Pag030018,III,18,https://epub3.kb.dk/hcadag/epub3/EPUB/hcadag03_042_18.xhtml,workbook
Pag030019,III,19,https://epub3.kb.dk/hcadag/epub3/EPUB/hcadag03_043_19.xhtml,workbook
Pag030020,III,20,https://epub3.kb.dk/hcadag/epub3/EPUB/hcadag03_044_20.xhtml,workbook
Pag030021,III,21,https://epub3.kb.dk/hcadag/epub3/EPUB/hcadag03_045_21.xhtml,workbook
Pag030022,III,22,https://epub3.kb.dk/hcadag/epub3/EPUB/hcadag03_046_22.xhtml,workbook
Pag030023,III,23,https://epub3.kb.dk/hcadag/epub3/EPUB/hcadag03_047_23.xhtml,workbook
Pag030024,III,24,https://epub3.kb.dk/hcadag/epub3/EPUB/hcadag03_048_24.xhtml,workbook
Pag030025,III,25,https://epub3.kb.dk/hcadag/epub3/EPUB/hcadag03_049_25.xhtml,workbook
Pag030026,III,26,https://epub3.kb.dk/hcadag/epub3/EPUB/hcadag03_050_26.xhtml,workbook
Pag030027,III,27,https://epub3.kb.dk/hcadag/epub3/EPUB/hcadag03_051_27.xhtml,workbook
Pag030028,III,28,https://epub3.kb.dk/hcadag/epub3/EPUB/hcadag03_052_28.xhtml,workbook
Pag030029,III,29,https://epub3.kb.dk/hcadag/epub3/EPUB/hcadag03_053_29.xhtml,workbook
Pag030030,III,30,https://epub3.kb.dk/hcadag/epub3/EPUB/hcadag03_054_30.xhtml,workbook
Pag030031,III,31,https://epub3.kb.dk/hcadag/epub3/EPUB/hcadag03_055_31.xhtml,workbook
Pag030032,III,32,https://epub3.kb.dk/hcadag/epub3/EPUB/hcadag03_056_32.xhtml,workbook
Pag030033,III,33,https://epub3.kb.dk/hcadag/epub3/EPUB/hcadag03_057_33.xhtml,workbook
Pag030034,III,34,https://epub3.kb.dk/hcadag/epub3/EPUB/hcadag03_058_34.xhtml,workbook
Pag030035,III,35,https://epub3.kb.dk/hcadag/epub3/EPUB/hcadag03_059_35.xhtml,workbook
Pag030036,III,36,https://epub3.kb.dk/hcadag/epub3/EPUB/hcadag03_060_36.xhtml,workbook
Pag030037,III,37,https://epub3.kb.dk/hcadag/epub3/EPUB/hcadag03_061_37.xhtml,workbook
Pag030038,III,38,https://epub3.kb.dk/hcadag/epub3/EPUB/hcadag03_062_38.xhtml,workbook
Pag030039,III,39,https://epub3.kb.dk/hcadag/epub3/EPUB/hcadag03_063_39.xhtml,workbook
Pag030040,III,40,https://epub3.kb.dk/hcadag/epub3/EPUB/hcadag03_064_40.xhtml,workbook
Pag030041,III,41,https://epub3.kb.dk/hcadag/epub3/EPUB/hcadag03_065_41.xhtml,workbook
Pag030042,III,42,https://epub3.kb.dk/hcadag/epub3/EPUB/hcadag03_066_42.xhtml,workbook
Pag030043,III,43,https://epub3.kb.dk/hcadag/epub3/EPUB/hcadag03_067_43.xhtml,workbook
Pag030044,III,44,https://epub3.kb.dk/hcadag/epub3/EPUB/hcadag03_068_44.xhtml,workbook
Pag030045,III,45,https://epub3.kb.dk/hcadag/epub3/EPUB/hcadag03_069_45.xhtml,workbook
Pag030046,III,46,https://epub3.kb.dk/hcadag/epub3/EPUB/hcadag03_070_46.xhtml,workbook
Pag030047,III,47,https://epub3.kb.dk/hcadag/epub3/EPUB/hcadag03_071_47.xhtml,workbook
Pag030048,III,48,https://epub3.kb.dk/hcadag/epub3/EPUB/hcadag03_072_48.xhtml,workbook
Pag030049,III,49,https://epub3.kb.dk/hcadag/epub3/EPUB/hcadag03_073_49.xhtml,workbook
Pag030050,III,50,https://epub3.kb.dk/hcadag/epub3/EPUB/hcadag03_074_50.xhtml,workbook
Pag030051,III,51,https://epub3.kb.dk/hcadag/epub3/EPUB/hcadag03_075_51.xhtml,workbook
Pag030052,III,52,https://epub3.kb.dk/hcadag/epub3/EPUB/hcadag03_076_52.xhtml,workbook
Pag030053,III,53,https://epub3.kb.dk/hcadag/epub3/EPUB/hcadag03_077_53.xhtml,workbook
Pag030054,III,54,https://epub3.kb.dk/hcadag/epub3/EPUB/hcadag03_078_54.xhtml,workbook
Pag030055,III,55,https://epub3.kb.dk/hcadag/epub3/EPUB/hcadag03_079_55.xhtml,workbook
Pag030056,III,56,https://epub3.kb.dk/hcadag/epub3/EPUB/hcadag03_080_56.xhtml,workbook
Pag030057,III,57,https://epub3.kb.dk/hcadag/epub3/EPUB/hcadag03_081_57.xhtml,workbook
Pag030058,III,58,https://epub3.kb.dk/hcadag/epub3/EPUB/hcadag03_082_58.xhtml,workbook
Pag030059,III,59,https://epub3.kb.dk/hcadag/epub3/EPUB/hcadag03_083_59.xhtml,workbook
Pag030060,III,60,https://epub3.kb.dk/hcadag/epub3/EPUB/hcadag03_084_60.xhtml,workbook
Pag030061,III,61,https://epub3.kb.dk/hcadag/epub3/EPUB/hcadag03_085_61.xhtml,workbook
Pag030062,III,62,https://epub3.kb.dk/hcadag/epub3/EPUB/hcadag03_086_62.xhtml,workbook
Pag030063,III,63,https://epub3.kb.dk/hcadag/epub3/EPUB/hcadag03_087_63.xhtml,workbook
Pag030064,III,64,https://epub3.kb.dk/hcadag/epub3/EPUB/hcadag03_088_64.xhtml,workbook
Pag030065,III,65,https://epub3.kb.dk/hcadag/epub3/EPUB/hcadag03_089_65.xhtml,workbook
Pag030066,III,66,https://epub3.kb.dk/hcadag/epub3/EPUB/hcadag03_090_66.xhtml,workbook
Pag030067,III,67,https://epub3.kb.dk/hcadag/epub3/EPUB/hcadag03_091_67.xhtml,workbook
Pag030068,III,68,https://epub3.kb.dk/hcadag/epub3/EPUB/hcadag03_092_68.xhtml,workbook
Pag030069,III,69,https://epub3.kb.dk/hcadag/epub3/EPUB/hcadag03_093_69.xhtml,workbook
Pag030070,III,70,https://epub3.kb.dk/hcadag/epub3/EPUB/hcadag03_094_70.xhtml,workbook
Pag030071,III,71,https://epub3.kb.dk/hcadag/epub3/EPUB/hcadag03_095_71.xhtml,workbook
Pag030072,III,72,https://epub3.kb.dk/hcadag/epub3/EPUB/hcadag03_096_72.xhtml,workbook
Pag030073,III,73,https://epub3.kb.dk/hcadag/epub3/EPUB/hcadag03_097_73.xhtml,workbook
Pag030074,III,74,https://epub3.kb.dk/hcadag/epub3/EPUB/hcadag03_098_74.xhtml,workbook
Pag030075,III,75,https://epub3.kb.dk/hcadag/epub3/EPUB/hcadag03_099_75.xhtml,workbook
Pag030076,III,76,https://epub3.kb.dk/hcadag/epub3/EPUB/hcadag03_100_76.xhtml,workbook
Pag030077,III,77,https://epub3.kb.dk/hcadag/epub3/EPUB/hcadag03_101_77.xhtml,workbook
Pag030078,III,78,https://epub3.kb.dk/hcadag/epub3/EPUB/hcadag03_102_78.xhtml,workbook
Pag030079,III,79,https://epub3.kb.dk/hcadag/epub3/EPUB/hcadag03_103_79.xhtml,workbook
Pag030080,III,80,https://epub3.kb.dk/hcadag/epub3/EPUB/hcadag03_104_80.xhtml,workbook
Pag030081,III,81,https://epub3.kb.dk/hcadag/epub3/EPUB/hcadag03_105_81.xhtml,workbook
Pag030082,III,82,https://epub3.kb.dk/hcadag/epub3/EPUB/hcadag03_106_82.xhtml,workbook
Pag030083,III,83,https://epub3.kb.dk/hcadag/epub3/EPUB/hcadag03_107_83.xhtml,workbook
Pag030084,III,84,https://epub3.kb.dk/hcadag/epub3/EPUB/hcadag03_108_84.xhtml,workbook
Pag030085,III,85,https://epub3.kb.dk/hcadag/epub3/EPUB/hcadag03_109_85.xhtml,workbook
Pag030086,III,86,https://epub3.kb.dk/hcadag/epub3/EPUB/hcadag03_110_86.xhtml,workbook
Pag030087,III,87,https://epub3.kb.dk/hcadag/epub3/EPUB/hcadag03_111_87.xhtml,workbook
Pag030088,III,88,https://epub3.kb.dk/hcadag/epub3/EPUB/hcadag03_112_88.xhtml,workbook
Pag030089,III,89,https://epub3.kb.dk/hcadag/epub3/EPUB/hcadag03_113_89.xhtml,workbook
Pag030090,III,90,https://epub3.kb.dk/hcadag/epub3/EPUB/hcadag03_114_90.xhtml,workbook
Pag030091,III,91,https://epub3.kb.dk/hcadag/epub3/EPUB/hcadag03_115_91.xhtml,workbook
Pag030092,III,92,https://epub3.kb.dk/hcadag/epub3/EPUB/hcadag03_116_92.xhtml,workbook
Pag030093,III,93,https://epub3.kb.dk/hcadag/epub3/EPUB/hcadag03_117_93.xhtml,workbook
Pag030094,III,94,https://epub3.kb.dk/hcadag/epub3/EPUB/hcadag03_118_94.xhtml,workbook
Pag030095,III,95,https://epub3.kb.dk/hcadag/epub3/EPUB/hcadag03_119_95.xhtml,workbook
Pag030096,III,96,https://epub3.kb.dk/hcadag/epub3/EPUB/hcadag03_120_96.xhtml,workbook
Pag030097,III,97,https://epub3.kb.dk/hcadag/epub3/EPUB/hcadag03_121_97.xhtml,workbook
Pag030098,III,98,https://epub3.kb.dk/hcadag/epub3/EPUB/hcadag03_122_98.xhtml,workbook
Pag030099,III,99,https://epub3.kb.dk/hcadag/epub3/EPUB/hcadag03_123_99.xhtml,workbook
Pag030100,III,100,https://epub3.kb.dk/hcadag/epub3/EPUB/hcadag03_124_100.xhtml,workbook
Pag030101,III,101,https://epub3.kb.dk/hcadag/epub3/EPUB/hcadag03_125_101.xhtml,workbook
Pag030102,III,102,https://epub3.kb.dk/hcadag/epub3/EPUB/hcadag03_126_102.xhtml,workbook
Pag030103,III,103,https://epub3.kb.dk/hcadag/epub3/EPUB/hcadag03_127_103.xhtml,workbook
Pag030104,III,104,https://epub3.kb.dk/hcadag/epub3/EPUB/hcadag03_128_104.xhtml,workbook
Pag030105,III,105,https://epub3.kb.dk/hcadag/epub3/EPUB/hcadag03_129_105.xhtml,workbook
Pag030106,III,106,https://epub3.kb.dk/hcadag/epub3/EPUB/hcadag03_130_106.xhtml,workbook
Pag030107,III,107,https://epub3.kb.dk/hcadag/epub3/EPUB/hcadag03_131_107.xhtml,workbook
Pag030108,III,108,https://epub3.kb.dk/hcadag/epub3/EPUB/hcadag03_132_108.xhtml,workbook
Pag030109,III,109,https://epub3.kb.dk/hcadag/epub3/EPUB/hcadag03_133_109.xhtml,workbook
Pag030110,III,110,https://epub3.kb.dk/hcadag/epub3/EPUB/hcadag03_134_110.xhtml,workbook
Pag030111,III,111,https://epub3.kb.dk/hcadag/epub3/EPUB/hcadag03_135_111.xhtml,workbook
Pag030112,III,112,https://epub3.kb.dk/hcadag/epub3/EPUB/hcadag03_136_112.xhtml,workbook
Pag030113,III,113,https://epub3.kb.dk/hcadag/epub3/EPUB/hcadag03_137_113.xhtml,workbook
Pag030114,III,114,https://epub3.kb.dk/hcadag/epub3/EPUB/hcadag03_138_114.xhtml,workbook
Pag030115,III,115,https://epub3.kb.dk/hcadag/epub3/EPUB/hcadag03_139_115.xhtml,workbook
Pag030116,III,116,https://epub3.kb.dk/hcadag/epub3/EPUB/hcadag03_140_116.xhtml,workbook
Pag030117,III,117,https://epub3.kb.dk/hcadag/epub3/EPUB/hcadag03_141_117.xhtml,workbook
Pag030118,III,118,https://epub3.kb.dk/hcadag/epub3/EPUB/hcadag03_142_118.xhtml,workbook
Pag030119,III,119,https://epub3.kb.dk/hcadag/epub3/EPUB/hcadag03_143_119.xhtml,workbook
Pag030120,III,120,https://epub3.kb.dk/hcadag/epub3/EPUB/hcadag03_144_120.xhtml,workbook
Pag030121,III,121,https://epub3.kb.dk/hcadag/epub3/EPUB/hcadag03_145_121.xhtml,workbook
Pag030122,III,122,https://epub3.kb.dk/hcadag/epub3/EPUB/hcadag03_146_122.xhtml,workbook
Pag030123,III,123,https://epub3.kb.dk/hcadag/epub3/EPUB/hcadag03_147_123.xhtml,workbook
Pag030124,III,124,https://epub3.kb.dk/hcadag/epub3/EPUB/hcadag03_148_124.xhtml,workbook
Pag030125,III,125,https://epub3.kb.dk/hcadag/epub3/EPUB/hcadag03_149_125.xhtml,workbook
Pag030126,III,126,https://epub3.kb.dk/hcadag/epub3/EPUB/hcadag03_150_126.xhtml,workbook
Pag030127,III,127,https://epub3.kb.dk/hcadag/epub3/EPUB/hcadag03_151_127.xhtml,workbook
Pag030128,III,128,https://epub3.kb.dk/hcadag/epub3/EPUB/hcadag03_152_128.xhtml,workbook
Pag030129,III,129,https://epub3.kb.dk/hcadag/epub3/EPUB/hcadag03_153_129.xhtml,workbook
Pag030130,III,130,https://epub3.kb.dk/hcadag/epub3/EPUB/hcadag03_154_130.xhtml,workbook
Pag030131,III,131,https://epub3.kb.dk/hcadag/epub3/EPUB/hcadag03_155_131.xhtml,workbook
Pag030132,III,132,https://epub3.kb.dk/hcadag/epub3/EPUB/hcadag03_156_132.xhtml,workbook
Pag030133,III,133,https://epub3.kb.dk/hcadag/epub3/EPUB/hcadag03_157_133.xhtml,workbook
Pag030134,III,134,https://epub3.kb.dk/hcadag/epub3/EPUB/hcadag03_158_134.xhtml,workbook
Pag030135,III,135,https://epub3.kb.dk/hcadag/epub3/EPUB/hcadag03_159_135.xhtml,workbook
Pag030136,III,136,https://epub3.kb.dk/hcadag/epub3/EPUB/hcadag03_160_136.xhtml,workbook
Pag030137,III,137,https://epub3.kb.dk/hcadag/epub3/EPUB/hcadag03_161_137.xhtml,workbook
Pag030138,III,138,https://epub3.kb.dk/hcadag/epub3/EPUB/hcadag03_162_138.xhtml,workbook
Pag030139,III,139,https://epub3.kb.dk/hcadag/epub3/EPUB/hcadag03_163_139.xhtml,workbook
Pag030140,III,140,https://epub3.kb.dk/hcadag/epub3/EPUB/hcadag03_164_140.xhtml,workbook
Pag030141,III,141,https://epub3.kb.dk/hcadag/epub3/EPUB/hcadag03_165_141.xhtml,workbook
Pag030142,III,142,https://epub3.kb.dk/hcadag/epub3/EPUB/hcadag03_166_142.xhtml,workbook
Pag030143,III,143,https://epub3.kb.dk/hcadag/epub3/EPUB/hcadag03_167_143.xhtml,workbook
Pag030144,III,144,https://epub3.kb.dk/hcadag/epub3/EPUB/hcadag03_168_144.xhtml,workbook
Pag030145,III,145,https://epub3.kb.dk/hcadag/epub3/EPUB/hcadag03_169_145.xhtml,workbook
Pag030146,III,146,https://epub3.kb.dk/hcadag/epub3/EPUB/hcadag03_170_146.xhtml,workbook
Pag030147,III,147,https://epub3.kb.dk/hcadag/epub3/EPUB/hcadag03_171_147.xhtml,workbook
Pag030148,III,148,https://epub3.kb.dk/hcadag/epub3/EPUB/hcadag03_172_148.xhtml,workbook
Pag030149,III,149,https://epub3.kb.dk/hcadag/epub3/EPUB/hcadag03_173_149.xhtml,workbook
Pag030150,III,150,https://epub3.kb.dk/hcadag/epub3/EPUB/hcadag03_174_150.xhtml,workbook
Pag030151,III,151,https://epub3.kb.dk/hcadag/epub3/EPUB/hcadag03_175_151.xhtml,workbook
Pag030152,III,152,https://epub3.kb.dk/hcadag/epub3/EPUB/hcadag03_176_152.xhtml,workbook
Pag030153,III,153,https://epub3.kb.dk/hcadag/epub3/EPUB/hcadag03_177_153.xhtml,workbook
Pag030154,III,154,https://epub3.kb.dk/hcadag/epub3/EPUB/hcadag03_178_154.xhtml,workbook
Pag030155,III,155,https://epub3.kb.dk/hcadag/epub3/EPUB/hcadag03_179_155.xhtml,workbook
Pag030156,III,156,https://epub3.kb.dk/hcadag/epub3/EPUB/hcadag03_180_156.xhtml,workbook
Pag030157,III,157,https://epub3.kb.dk/hcadag/epub3/EPUB/hcadag03_181_157.xhtml,workbook
Pag030158,III,158,https://epub3.kb.dk/hcadag/epub3/EPUB/hcadag03_182_158.xhtml,workbook
Pag030159,III,159,https://epub3.kb.dk/hcadag/epub3/EPUB/hcadag03_183_159.xhtml,workbook
Pag030160,III,160,https://epub3.kb.dk/hcadag/epub3/EPUB/hcadag03_184_160.xhtml,workbook
Pag030161,III,161,https://epub3.kb.dk/hcadag/epub3/EPUB/hcadag03_185_161.xhtml,workbook
Pag030162,III,162,https://epub3.kb.dk/hcadag/epub3/EPUB/hcadag03_186_162.xhtml,workbook
Pag030163,III,163,https://epub3.kb.dk/hcadag/epub3/EPUB/hcadag03_187_163.xhtml,workbook
Pag030164,III,164,https://epub3.kb.dk/hcadag/epub3/EPUB/hcadag03_188_164.xhtml,workbook
Pag030165,III,165,https://epub3.kb.dk/hcadag/epub3/EPUB/hcadag03_189_165.xhtml,workbook
Pag030166,III,166,https://epub3.kb.dk/hcadag/epub3/EPUB/hcadag03_190_166.xhtml,workbook
Pag030167,III,167,https://epub3.kb.dk/hcadag/epub3/EPUB/hcadag03_191_167.xhtml,workbook
Pag030168,III,168,https://epub3.kb.dk/hcadag/epub3/EPUB/hcadag03_192_168.xhtml,workbook
Pag030169,III,169,https://epub3.kb.dk/hcadag/epub3/EPUB/hcadag03_193_169.xhtml,workbook
Pag030170,III,170,https://epub3.kb.dk/hcadag/epub3/EPUB/hcadag03_194_170.xhtml,workbook
Pag030171,III,171,https://epub3.kb.dk/hcadag/epub3/EPUB/hcadag03_195_171.xhtml,workbook
Pag030172,III,172,https://epub3.kb.dk/hcadag/epub3/EPUB/hcadag03_196_172.xhtml,workbook
Pag030173,III,173,https://epub3.kb.dk/hcadag/epub3/EPUB/hcadag03_197_173.xhtml,workbook
Pag030174,III,174,https://epub3.kb.dk/hcadag/epub3/EPUB/hcadag03_198_174.xhtml,workbook
Pag030175,III,175,https://epub3.kb.dk/hcadag/epub3/EPUB/hcadag03_199_175.xhtml,workbook
Pag030176,III,176,https://epub3.kb.dk/hcadag/epub3/EPUB/hcadag03_200_176.xhtml,workbook
Pag030177,III,177,https://epub3.kb.dk/hcadag/epub3/EPUB/hcadag03_201_177.xhtml,workbook
Pag030178,III,178,https://epub3.kb.dk/hcadag/epub3/EPUB/hcadag03_202_178.xhtml,workbook
Pag030179,III,179,https://epub3.kb.dk/hcadag/epub3/EPUB/hcadag03_203_179.xhtml,workbook
Pag030180,III,180,https://epub3.kb.dk/hcadag/epub3/EPUB/hcadag03_204_180.xhtml,workbook
Pag030181,III,181,https://epub3.kb.dk/hcadag/epub3/EPUB/hcadag03_205_181.xhtml,workbook
Pag030182,III,182,https://epub3.kb.dk/hcadag/epub3/EPUB/hcadag03_206_182.xhtml,workbook
Pag030183,III,183,https://epub3.kb.dk/hcadag/epub3/EPUB/hcadag03_207_183.xhtml,workbook
Pag030184,III,184,https://epub3.kb.dk/hcadag/epub3/EPUB/hcadag03_208_184.xhtml,workbook
Pag030185,III,185,https://epub3.kb.dk/hcadag/epub3/EPUB/hcadag03_209_185.xhtml,workbook
Pag030186,III,186,https://epub3.kb.dk/hcadag/epub3/EPUB/hcadag03_210_186.xhtml,workbook
Pag030187,III,187,https://epub3.kb.dk/hcadag/epub3/EPUB/hcadag03_211_187.xhtml,workbook
Pag030188,III,188,https://epub3.kb.dk/hcadag/epub3/EPUB/hcadag03_212_188.xhtml,workbook
Pag030189,III,189,https://epub3.kb.dk/hcadag/epub3/EPUB/hcadag03_213_189.xhtml,workbook
Pag030190,III,190,https://epub3.kb.dk/hcadag/epub3/EPUB/hcadag03_214_190.xhtml,workbook
Pag030191,III,191,https://epub3.kb.dk/hcadag/epub3/EPUB/hcadag03_215_191.xhtml,workbook
Pag030192,III,192,https://epub3.kb.dk/hcadag/epub3/EPUB/hcadag03_216_192.xhtml,workbook
Pag030193,III,193,https://epub3.kb.dk/hcadag/epub3/EPUB/hcadag03_217_193.xhtml,workbook
Pag030194,III,194,https://epub3.kb.dk/hcadag/epub3/EPUB/hcadag03_218_194.xhtml,workbook
Pag030195,III,195,https://epub3.kb.dk/hcadag/epub3/EPUB/hcadag03_219_195.xhtml,workbook
Pag030196,III,196,https://epub3.kb.dk/hcadag/epub3/EPUB/hcadag03_220_196.xhtml,workbook
Pag030197,III,197,https://epub3.kb.dk/hcadag/epub3/EPUB/hcadag03_221_197.xhtml,workbook
Pag030198,III,198,https://epub3.kb.dk/hcadag/epub3/EPUB/hcadag03_222_198.xhtml,workbook
Pag030199,III,199,https://epub3.kb.dk/hcadag/epub3/EPUB/hcadag03_223_199.xhtml,workbook
Pag030200,III,200,https://epub3.kb.dk/hcadag/epub3/EPUB/hcadag03_224_200.xhtml,workbook
Pag030201,III,201,https://epub3.kb.dk/hcadag/epub3/EPUB/hcadag03_225_201.xhtml,workbook
Pag030202,III,202,https://epub3.kb.dk/hcadag/epub3/EPUB/hcadag03_226_202.xhtml,workbook
Pag030203,III,203,https://epub3.kb.dk/hcadag/epub3/EPUB/hcadag03_227_203.xhtml,workbook
Pag030204,III,204,https://epub3.kb.dk/hcadag/epub3/EPUB/hcadag03_228_204.xhtml,workbook
Pag030205,III,205,https://epub3.kb.dk/hcadag/epub3/EPUB/hcadag03_229_205.xhtml,workbook
Pag030206,III,206,https://epub3.kb.dk/hcadag/epub3/EPUB/hcadag03_230_206.xhtml,workbook
Pag030207,III,207,https://epub3.kb.dk/hcadag/epub3/EPUB/hcadag03_231_207.xhtml,workbook
Pag030208,III,208,https://epub3.kb.dk/hcadag/epub3/EPUB/hcadag03_232_208.xhtml,workbook
Pag030209,III,209,https://epub3.kb.dk/hcadag/epub3/EPUB/hcadag03_233_209.xhtml,workbook
Pag030210,III,210,https://epub3.kb.dk/hcadag/epub3/EPUB/hcadag03_234_210.xhtml,workbook
Pag030211,III,211,https://epub3.kb.dk/hcadag/epub3/EPUB/hcadag03_235_211.xhtml,workbook
Pag030212,III,212,https://epub3.kb.dk/hcadag/epub3/EPUB/hcadag03_236_212.xhtml,workbook
Pag030213,III,213,https://epub3.kb.dk/hcadag/epub3/EPUB/hcadag03_237_213.xhtml,workbook
Pag030214,III,214,https://epub3.kb.dk/hcadag/epub3/EPUB/hcadag03_238_214.xhtml,workbook
Pag030215,III,215,https://epub3.kb.dk/hcadag/epub3/EPUB/hcadag03_239_215.xhtml,workbook
Pag030216,III,216,https://epub3.kb.dk/hcadag/epub3/EPUB/hcadag03_240_216.xhtml,workbook
Pag030217,III,217,https://epub3.kb.dk/hcadag/epub3/EPUB/hcadag03_241_217.xhtml,workbook
Pag030218,III,218,https://epub3.kb.dk/hcadag/epub3/EPUB/hcadag03_242_218.xhtml,workbook
Pag030219,III,219,https://epub3.kb.dk/hcadag/epub3/EPUB/hcadag03_243_219.xhtml,workbook
Pag030220,III,220,https://epub3.kb.dk/hcadag/epub3/EPUB/hcadag03_244_220.xhtml,workbook
Pag030221,III,221,https://epub3.kb.dk/hcadag/epub3/EPUB/hcadag03_245_221.xhtml,workbook
Pag030222,III,222,https://epub3.kb.dk/hcadag/epub3/EPUB/hcadag03_246_222.xhtml,workbook
Pag030223,III,223,https://epub3.kb.dk/hcadag/epub3/EPUB/hcadag03_247_223.xhtml,workbook
Pag030224,III,224,https://epub3.kb.dk/hcadag/epub3/EPUB/hcadag03_248_224.xhtml,workbook
Pag030225,III,225,https://epub3.kb.dk/hcadag/epub3/EPUB/hcadag03_249_225.xhtml,workbook
Pag030226,III,226,https://epub3.kb.dk/hcadag/epub3/EPUB/hcadag03_250_226.xhtml,workbook
Pag030227,III,227,https://epub3.kb.dk/hcadag/epub3/EPUB/hcadag03_251_227.xhtml,workbook
Pag030228,III,228,https://epub3.kb.dk/hcadag/epub3/EPUB/hcadag03_252_228.xhtml,workbook
Pag030229,III,229,https://epub3.kb.dk/hcadag/epub3/EPUB/hcadag03_253_229.xhtml,workbook
Pag030230,III,230,https://epub3.kb.dk/hcadag/epub3/EPUB/hcadag03_254_230.xhtml,workbook
Pag030231,III,231,https://epub3.kb.dk/hcadag/epub3/EPUB/hcadag03_255_231.xhtml,workbook
Pag030232,III,232,https://epub3.kb.dk/hcadag/epub3/EPUB/hcadag03_256_232.xhtml,workbook
Pag030233,III,233,https://epub3.kb.dk/hcadag/epub3/EPUB/hcadag03_257_233.xhtml,workbook
Pag030234,III,234,https://epub3.kb.dk/hcadag/epub3/EPUB/hcadag03_258_234.xhtml,workbook
Pag030235,III,235,https://epub3.kb.dk/hcadag/epub3/EPUB/hcadag03_259_235.xhtml,workbook
Pag030236,III,236,https://epub3.kb.dk/hcadag/epub3/EPUB/hcadag03_260_236.xhtml,workbook
Pag030237,III,237,https://epub3.kb.dk/hcadag/epub3/EPUB/hcadag03_261_237.xhtml,workbook
Pag030238,III,238,https://epub3.kb.dk/hcadag/epub3/EPUB/hcadag03_262_238.xhtml,workbook
Pag030239,III,239,https://epub3.kb.dk/hcadag/epub3/EPUB/hcadag03_263_239.xhtml,workbook
Pag030240,III,240,https://epub3.kb.dk/hcadag/epub3/EPUB/hcadag03_264_240.xhtml,workbook
Pag030241,III,241,https://epub3.kb.dk/hcadag/epub3/EPUB/hcadag03_265_241.xhtml,workbook
Pag030242,III,242,https://epub3.kb.dk/hcadag/epub3/EPUB/hcadag03_266_242.xhtml,workbook
Pag030243,III,243,https://epub3.kb.dk/hcadag/epub3/EPUB/hcadag03_267_243.xhtml,workbook
Pag030244,III,244,https://epub3.kb.dk/hcadag/epub3/EPUB/hcadag03_268_244.xhtml,workbook
Pag030245,III,245,https://epub3.kb.dk/hcadag/epub3/EPUB/hcadag03_269_245.xhtml,workbook
Pag030246,III,246,https://epub3.kb.dk/hcadag/epub3/EPUB/hcadag03_270_246.xhtml,workbook
Pag030247,III,247,https://epub3.kb.dk/hcadag/epub3/EPUB/hcadag03_271_247.xhtml,workbook
Pag030248,III,248,https://epub3.kb.dk/hcadag/epub3/EPUB/hcadag03_272_248.xhtml,workbook
Pag030249,III,249,https://epub3.kb.dk/hcadag/epub3/EPUB/hcadag03_273_249.xhtml,workbook
Pag030250,III,250,https://epub3.kb.dk/hcadag/epub3/EPUB/hcadag03_274_250.xhtml,workbook
Pag030251,III,251,https://epub3.kb.dk/hcadag/epub3/EPUB/hcadag03_275_251.xhtml,workbook
Pag030252,III,252,https://epub3.kb.dk/hcadag/epub3/EPUB/hcadag03_276_252.xhtml,workbook
Pag030253,III,253,https://epub3.kb.dk/hcadag/epub3/EPUB/hcadag03_277_253.xhtml,workbook
Pag030254,III,254,https://epub3.kb.dk/hcadag/epub3/EPUB/hcadag03_278_254.xhtml,workbook
Pag030255,III,255,https://epub3.kb.dk/hcadag/epub3/EPUB/hcadag03_279_255.xhtml,workbook
Pag030256,III,256,https://epub3.kb.dk/hcadag/epub3/EPUB/hcadag03_280_256.xhtml,workbook
Pag030257,III,257,https://epub3.kb.dk/hcadag/epub3/EPUB/hcadag03_281_257.xhtml,workbook
Pag030258,III,258,https://epub3.kb.dk/hcadag/epub3/EPUB/hcadag03_282_258.xhtml,workbook
Pag030259,III,259,https://epub3.kb.dk/hcadag/epub3/EPUB/hcadag03_283_259.xhtml,workbook
Pag030260,III,260,https://epub3.kb.dk/hcadag/epub3/EPUB/hcadag03_284_260.xhtml,workbook
Pag030261,III,261,https://epub3.kb.dk/hcadag/epub3/EPUB/hcadag03_285_261.xhtml,workbook
Pag030262,III,262,https://epub3.kb.dk/hcadag/epub3/EPUB/hcadag03_286_262.xhtml,workbook
Pag030263,III,263,https://epub3.kb.dk/hcadag/epub3/EPUB/hcadag03_287_263.xhtml,workbook
Pag030264,III,264,https://epub3.kb.dk/hcadag/epub3/EPUB/hcadag03_288_264.xhtml,workbook
Pag030265,III,265,https://epub3.kb.dk/hcadag/epub3/EPUB/hcadag03_289_265.xhtml,workbook
Pag030266,III,266,https://epub3.kb.dk/hcadag/epub3/EPUB/hcadag03_290_266.xhtml,workbook
Pag030267,III,267,https://epub3.kb.dk/hcadag/epub3/EPUB/hcadag03_291_267.xhtml,workbook
Pag030268,III,268,https://epub3.kb.dk/hcadag/epub3/EPUB/hcadag03_292_268.xhtml,workbook
Pag030269,III,269,https://epub3.kb.dk/hcadag/epub3/EPUB/hcadag03_293_269.xhtml,workbook
Pag030270,III,270,https://epub3.kb.dk/hcadag/epub3/EPUB/hcadag03_294_270.xhtml,workbook
Pag030271,III,271,https://epub3.kb.dk/hcadag/epub3/EPUB/hcadag03_295_271.xhtml,workbook
Pag030272,III,272,https://epub3.kb.dk/hcadag/epub3/EPUB/hcadag03_296_272.xhtml,workbook
Pag030273,III,273,https://epub3.kb.dk/hcadag/epub3/EPUB/hcadag03_297_273.xhtml,workbook
Pag030274,III,274,https://epub3.kb.dk/hcadag/epub3/EPUB/hcadag03_298_274.xhtml,workbook
Pag030275,III,275,https://epub3.kb.dk/hcadag/epub3/EPUB/hcadag03_299_275.xhtml,workbook
Pag030276,III,276,https://epub3.kb.dk/hcadag/epub3/EPUB/hcadag03_300_276.xhtml,workbook
Pag030277,III,277,https://epub3.kb.dk/hcadag/epub3/EPUB/hcadag03_301_277.xhtml,workbook
Pag030278,III,278,https://epub3.kb.dk/hcadag/epub3/EPUB/hcadag03_302_278.xhtml,workbook
Pag030279,III,279,https://epub3.kb.dk/hcadag/epub3/EPUB/hcadag03_303_279.xhtml,workbook
Pag030280,III,280,https://epub3.kb.dk/hcadag/epub3/EPUB/hcadag03_304_280.xhtml,workbook
Pag030281,III,281,https://epub3.kb.dk/hcadag/epub3/EPUB/hcadag03_305_281.xhtml,workbook
Pag030282,III,282,https://epub3.kb.dk/hcadag/epub3/EPUB/hcadag03_306_282.xhtml,workbook
Pag030283,III,283,https://epub3.kb.dk/hcadag/epub3/EPUB/hcadag03_307_283.xhtml,workbook
Pag030284,III,284,https://epub3.kb.dk/hcadag/epub3/EPUB/hcadag03_308_284.xhtml,workbook
Pag030285,III,285,https://epub3.kb.dk/hcadag/epub3/EPUB/hcadag03_309_285.xhtml,workbook
Pag030286,III,286,https://epub3.kb.dk/hcadag/epub3/EPUB/hcadag03_310_286.xhtml,workbook
Pag030287,III,287,https://epub3.kb.dk/hcadag/epub3/EPUB/hcadag03_311_287.xhtml,workbook
Pag030288,III,288,https://epub3.kb.dk/hcadag/epub3/EPUB/hcadag03_312_288.xhtml,workbook
Pag030289,III,289,https://epub3.kb.dk/hcadag/epub3/EPUB/hcadag03_313_289.xhtml,workbook
Pag030290,III,290,https://epub3.kb.dk/hcadag/epub3/EPUB/hcadag03_314_290.xhtml,workbook
Pag030291,III,291,https://epub3.kb.dk/hcadag/epub3/EPUB/hcadag03_315_291.xhtml,workbook
Pag030292,III,292,https://epub3.kb.dk/hcadag/epub3/EPUB/hcadag03_316_292.xhtml,workbook
Pag030293,III,293,https://epub3.kb.dk/hcadag/epub3/EPUB/hcadag03_317_293.xhtml,workbook
Pag030294,III,294,https://epub3.kb.dk/hcadag/epub3/EPUB/hcadag03_318_294.xhtml,workbook
Pag030295,III,295,https://epub3.kb.dk/hcadag/epub3/EPUB/hcadag03_319_295.xhtml,workbook
Pag030296,III,296,https://epub3.kb.dk/hcadag/epub3/EPUB/hcadag03_320_296.xhtml,workbook
Pag030297,III,297,https://epub3.kb.dk/hcadag/epub3/EPUB/hcadag03_321_297.xhtml,workbook
Pag030298,III,298,https://epub3.kb.dk/hcadag/epub3/EPUB/hcadag03_322_298.xhtml,workbook
Pag030299,III,299,https://epub3.kb.dk/hcadag/epub3/EPUB/hcadag03_323_299.xhtml,workbook
Pag030300,III,300,https://epub3.kb.dk/hcadag/epub3/EPUB/hcadag03_324_300.xhtml,workbook
Pag030301,III,301,https://epub3.kb.dk/hcadag/epub3/EPUB/hcadag03_325_301.xhtml,workbook
Pag030302,III,302,https://epub3.kb.dk/hcadag/epub3/EPUB/hcadag03_326_302.xhtml,workbook
Pag030303,III,303,https://epub3.kb.dk/hcadag/epub3/EPUB/hcadag03_327_303.xhtml,workbook
Pag030304,III,304,https://epub3.kb.dk/hcadag/epub3/EPUB/hcadag03_328_304.xhtml,workbook
Pag030305,III,305,https://epub3.kb.dk/hcadag/epub3/EPUB/hcadag03_329_305.xhtml,workbook
Pag030306,III,306,https://epub3.kb.dk/hcadag/epub3/EPUB/hcadag03_330_306.xhtml,workbook
Pag030307,III,307,https://epub3.kb.dk/hcadag/epub3/EPUB/hcadag03_331_307.xhtml,workbook
Pag030308,III,308,https://epub3.kb.dk/hcadag/epub3/EPUB/hcadag03_332_308.xhtml,workbook
Pag030309,III,309,https://epub3.kb.dk/hcadag/epub3/EPUB/hcadag03_333_309.xhtml,workbook
Pag030310,III,310,https://epub3.kb.dk/hcadag/epub3/EPUB/hcadag03_334_310.xhtml,workbook
Pag030311,III,311,https://epub3.kb.dk/hcadag/epub3/EPUB/hcadag03_335_311.xhtml,workbook
Pag030312,III,312,https://epub3.kb.dk/hcadag/epub3/EPUB/hcadag03_336_312.xhtml,workbook
Pag030313,III,313,https://epub3.kb.dk/hcadag/epub3/EPUB/hcadag03_337_313.xhtml,workbook
Pag030314,III,314,https://epub3.kb.dk/hcadag/epub3/EPUB/hcadag03_338_314.xhtml,workbook
Pag030315,III,315,https://epub3.kb.dk/hcadag/epub3/EPUB/hcadag03_339_315.xhtml,workbook
Pag030316,III,316,https://epub3.kb.dk/hcadag/epub3/EPUB/hcadag03_340_316.xhtml,workbook
Pag030317,III,317,https://epub3.kb.dk/hcadag/epub3/EPUB/hcadag03_341_317.xhtml,workbook
Pag030318,III,318,https://epub3.kb.dk/hcadag/epub3/EPUB/hcadag03_342_318.xhtml,workbook
Pag030319,III,319,https://epub3.kb.dk/hcadag/epub3/EPUB/hcadag03_343_319.xhtml,workbook
Pag030320,III,320,https://epub3.kb.dk/hcadag/epub3/EPUB/hcadag03_344_320.xhtml,workbook
Pag030321,III,321,https://epub3.kb.dk/hcadag/epub3/EPUB/hcadag03_345_321.xhtml,workbook
Pag030322,III,322,https://epub3.kb.dk/hcadag/epub3/EPUB/hcadag03_346_322.xhtml,workbook
Pag030323,III,323,https://epub3.kb.dk/hcadag/epub3/EPUB/hcadag03_347_323.xhtml,workbook
Pag030324,III,324,https://epub3.kb.dk/hcadag/epub3/EPUB/hcadag03_348_324.xhtml,workbook
Pag030325,III,325,https://epub3.kb.dk/hcadag/epub3/EPUB/hcadag03_349_325.xhtml,workbook
Pag030326,III,326,https://epub3.kb.dk/hcadag/epub3/EPUB/hcadag03_350_326.xhtml,workbook
Pag030327,III,327,https://epub3.kb.dk/hcadag/epub3/EPUB/hcadag03_351_327.xhtml,workbook
Pag030328,III,328,https://epub3.kb.dk/hcadag/epub3/EPUB/hcadag03_352_328.xhtml,workbook
Pag030329,III,329,https://epub3.kb.dk/hcadag/epub3/EPUB/hcadag03_353_329.xhtml,workbook
Pag030330,III,330,https://epub3.kb.dk/hcadag/epub3/EPUB/hcadag03_354_330.xhtml,workbook
Pag030331,III,331,https://epub3.kb.dk/hcadag/epub3/EPUB/hcadag03_355_331.xhtml,workbook
Pag030332,III,332,https://epub3.kb.dk/hcadag/epub3/EPUB/hcadag03_356_332.xhtml,workbook
Pag030333,III,333,https://epub3.kb.dk/hcadag/epub3/EPUB/hcadag03_357_333.xhtml,workbook
Pag030334,III,334,https://epub3.kb.dk/hcadag/epub3/EPUB/hcadag03_358_334.xhtml,workbook
Pag030335,III,335,https://epub3.kb.dk/hcadag/epub3/EPUB/hcadag03_359_335.xhtml,workbook
Pag030336,III,336,https://epub3.kb.dk/hcadag/epub3/EPUB/hcadag03_360_336.xhtml,workbook
Pag030337,III,337,https://epub3.kb.dk/hcadag/epub3/EPUB/hcadag03_361_337.xhtml,workbook
Pag030338,III,338,https://epub3.kb.dk/hcadag/epub3/EPUB/hcadag03_362_338.xhtml,workbook
Pag030339,III,339,https://epub3.kb.dk/hcadag/epub3/EPUB/hcadag03_363_339.xhtml,workbook
Pag030340,III,340,https://epub3.kb.dk/hcadag/epub3/EPUB/hcadag03_364_340.xhtml,workbook
Pag030341,III,341,https://epub3.kb.dk/hcadag/epub3/EPUB/hcadag03_365_341.xhtml,workbook
Pag030342,III,342,https://epub3.kb.dk/hcadag/epub3/EPUB/hcadag03_366_342.xhtml,workbook
Pag030343,III,343,https://epub3.kb.dk/hcadag/epub3/EPUB/hcadag03_367_343.xhtml,workbook
Pag030344,III,344,https://epub3.kb.dk/hcadag/epub3/EPUB/hcadag03_368_344.xhtml,workbook
Pag030345,III,345,https://epub3.kb.dk/hcadag/epub3/EPUB/hcadag03_369_345.xhtml,workbook
Pag030346,III,346,https://epub3.kb.dk/hcadag/epub3/EPUB/hcadag03_370_346.xhtml,workbook
Pag030347,III,347,https://epub3.kb.dk/hcadag/epub3/EPUB/hcadag03_371_347.xhtml,workbook
Pag030348,III,348,https://epub3.kb.dk/hcadag/epub3/EPUB/hcadag03_372_348.xhtml,workbook
Pag030349,III,349,https://epub3.kb.dk/hcadag/epub3/EPUB/hcadag03_373_349.xhtml,workbook
Pag030350,III,350,https://epub3.kb.dk/hcadag/epub3/EPUB/hcadag03_374_350.xhtml,workbook
Pag030351,III,351,https://epub3.kb.dk/hcadag/epub3/EPUB/hcadag03_375_351.xhtml,workbook
Pag030352,III,352,https://epub3.kb.dk/hcadag/epub3/EPUB/hcadag03_376_352.xhtml,workbook
Pag030353,III,353,https://epub3.kb.dk/hcadag/epub3/EPUB/hcadag03_377_353.xhtml,workbook
Pag030354,III,354,https://epub3.kb.dk/hcadag/epub3/EPUB/hcadag03_378_354.xhtml,workbook
Pag030355,III,355,https://epub3.kb.dk/hcadag/epub3/EPUB/hcadag03_379_355.xhtml,workbook
Pag030356,III,356,https://epub3.kb.dk/hcadag/epub3/EPUB/hcadag03_380_356.xhtml,workbook
Pag030357,III,357,https://epub3.kb.dk/hcadag/epub3/EPUB/hcadag03_381_357.xhtml,workbook
Pag030358,III,358,https://epub3.kb.dk/hcadag/epub3/EPUB/hcadag03_382_358.xhtml,workbook
Pag030359,III,359,https://epub3.kb.dk/hcadag/epub3/EPUB/hcadag03_383_359.xhtml,workbook
Pag030360,III,360,https://epub3.kb.dk/hcadag/epub3/EPUB/hcadag03_384_360.xhtml,workbook
Pag030361,III,361,https://epub3.kb.dk/hcadag/epub3/EPUB/hcadag03_385_361.xhtml,workbook
Pag030362,III,362,https://epub3.kb.dk/hcadag/epub3/EPUB/hcadag03_386_362.xhtml,workbook
Pag030363,III,363,https://epub3.kb.dk/hcadag/epub3/EPUB/hcadag03_387_363.xhtml,workbook
Pag030364,III,364,https://epub3.kb.dk/hcadag/epub3/EPUB/hcadag03_388_364.xhtml,workbook
Pag030365,III,365,https://epub3.kb.dk/hcadag/epub3/EPUB/hcadag03_389_365.xhtml,workbook
Pag030366,III,366,https://epub3.kb.dk/hcadag/epub3/EPUB/hcadag03_390_366.xhtml,workbook
Pag030367,III,367,https://epub3.kb.dk/hcadag/epub3/EPUB/hcadag03_391_367.xhtml,workbook
Pag030368,III,368,https://epub3.kb.dk/hcadag/epub3/EPUB/hcadag03_392_368.xhtml,workbook
Pag030369,III,369,https://epub3.kb.dk/hcadag/epub3/EPUB/hcadag03_393_369.xhtml,workbook
Pag030370,III,370,https://epub3.kb.dk/hcadag/epub3/EPUB/hcadag03_394_370.xhtml,workbook
Pag030371,III,371,https://epub3.kb.dk/hcadag/epub3/EPUB/hcadag03_395_371.xhtml,workbook
Pag030372,III,372,https://epub3.kb.dk/hcadag/epub3/EPUB/hcadag03_396_372.xhtml,workbook
Pag030373,III,373,https://epub3.kb.dk/hcadag/epub3/EPUB/hcadag03_397_373.xhtml,workbook
Pag030374,III,374,https://epub3.kb.dk/hcadag/epub3/EPUB/hcadag03_398_374.xhtml,workbook
Pag030375,III,375,https://epub3.kb.dk/hcadag/epub3/EPUB/hcadag03_399_375.xhtml,workbook
Pag030376,III,376,https://epub3.kb.dk/hcadag/epub3/EPUB/hcadag03_400_376.xhtml,workbook
Pag030377,III,377,https://epub3.kb.dk/hcadag/epub3/EPUB/hcadag03_401_377.xhtml,workbook
Pag030378,III,378,https://epub3.kb.dk/hcadag/epub3/EPUB/hcadag03_402_378.xhtml,workbook
Pag030379,III,379,https://epub3.kb.dk/hcadag/epub3/EPUB/hcadag03_403_379.xhtml,workbook
Pag030380,III,380,https://epub3.kb.dk/hcadag/epub3/EPUB/hcadag03_404_380.xhtml,workbook
Pag030381,III,381,https://epub3.kb.dk/hcadag/epub3/EPUB/hcadag03_405_381.xhtml,workbook
Pag030382,III,382,https://epub3.kb.dk/hcadag/epub3/EPUB/hcadag03_406_382.xhtml,workbook
Pag030383,III,383,https://epub3.kb.dk/hcadag/epub3/EPUB/hcadag03_407_383.xhtml,workbook
Pag030384,III,384,https://epub3.kb.dk/hcadag/epub3/EPUB/hcadag03_408_384.xhtml,workbook
Pag030385,III,385,https://epub3.kb.dk/hcadag/epub3/EPUB/hcadag03_409_385.xhtml,workbook
Pag030386,III,386,https://epub3.kb.dk/hcadag/epub3/EPUB/hcadag03_410_386.xhtml,workbook
Pag030387,III,387,https://epub3.kb.dk/hcadag/epub3/EPUB/hcadag03_411_387.xhtml,workbook
Pag030388,III,388,https://epub3.kb.dk/hcadag/epub3/EPUB/hcadag03_412_388.xhtml,workbook
Pag030389,III,389,https://epub3.kb.dk/hcadag/epub3/EPUB/hcadag03_413_389.xhtml,workbook
Pag030390,III,390,https://epub3.kb.dk/hcadag/epub3/EPUB/hcadag03_414_390.xhtml,workbook
Pag030391,III,391,https://epub3.kb.dk/hcadag/epub3/EPUB/hcadag03_415_391.xhtml,workbook
Pag030392,III,392,https://epub3.kb.dk/hcadag/epub3/EPUB/hcadag03_416_392.xhtml,workbook
Pag030393,III,393,https://epub3.kb.dk/hcadag/epub3/EPUB/hcadag03_417_393.xhtml,workbook
Pag030394,III,394,https://epub3.kb.dk/hcadag/epub3/EPUB/hcadag03_418_394.xhtml,workbook
Pag030395,III,395,https://epub3.kb.dk/hcadag/epub3/EPUB/hcadag03_419_395.xhtml,workbook
Pag030396,III,396,https://epub3.kb.dk/hcadag/epub3/EPUB/hcadag03_420_396.xhtml,workbook
Pag030397,III,397,https://epub3.kb.dk/hcadag/epub3/EPUB/hcadag03_421_397.xhtml,workbook
Pag030398,III,398,https://epub3.kb.dk/hcadag/epub3/EPUB/hcadag03_422_398.xhtml,workbook
Pag030399,III,399,https://epub3.kb.dk/hcadag/epub3/EPUB/hcadag03_423_399.xhtml,workbook
Pag030400,III,400,https://epub3.kb.dk/hcadag/epub3/EPUB/hcadag03_424_400.xhtml,workbook
Pag030401,III,401,https://epub3.kb.dk/hcadag/epub3/EPUB/hcadag03_425_401.xhtml,workbook
Pag030402,III,402,https://epub3.kb.dk/hcadag/epub3/EPUB/hcadag03_426_402.xhtml,workbook
Pag030403,III,403,https://epub3.kb.dk/hcadag/epub3/EPUB/hcadag03_427_403.xhtml,workbook
Pag030404,III,404,https://epub3.kb.dk/hcadag/epub3/EPUB/hcadag03_428_404.xhtml,workbook
Pag030405,III,405,https://epub3.kb.dk/hcadag/epub3/EPUB/hcadag03_429_405.xhtml,workbook
Pag030406,III,406,https://epub3.kb.dk/hcadag/epub3/EPUB/hcadag03_430_406.xhtml,workbook
Pag030407,III,407,https://epub3.kb.dk/hcadag/epub3/EPUB/hcadag03_431_407.xhtml,workbook
Pag030408,III,408,https://epub3.kb.dk/hcadag/epub3/EPUB/hcadag03_432_408.xhtml,workbook
Pag030409,III,409,https://epub3.kb.dk/hcadag/epub3/EPUB/hcadag03_433_409.xhtml,workbook
Pag030410,III,410,https://epub3.kb.dk/hcadag/epub3/EPUB/hcadag03_434_410.xhtml,workbook
Pag030411,III,411,https://epub3.kb.dk/hcadag/epub3/EPUB/hcadag03_435_411.xhtml,workbook
Pag030412,III,412,https://epub3.kb.dk/hcadag/epub3/EPUB/hcadag03_436_412.xhtml,workbook
Pag030413,III,413,https://epub3.kb.dk/hcadag/epub3/EPUB/hcadag03_437_413.xhtml,workbook
Pag030414,III,414,https://epub3.kb.dk/hcadag/epub3/EPUB/hcadag03_438_414.xhtml,workbook
Pag030415,III,415,https://epub3.kb.dk/hcadag/epub3/EPUB/hcadag03_439_415.xhtml,workbook
Pag030416,III,416,https://epub3.kb.dk/hcadag/epub3/EPUB/hcadag03_440_416.xhtml,workbook
Pag030417,III,417,https://epub3.kb.dk/hcadag/epub3/EPUB/hcadag03_441_417.xhtml,workbook
Pag030418,III,418,https://epub3.kb.dk/hcadag/epub3/EPUB/hcadag03_442_418.xhtml,workbook
Pag030419,III,419,https://epub3.kb.dk/hcadag/epub3/EPUB/hcadag03_443_419.xhtml,workbook
Pag030420,III,420,https://epub3.kb.dk/hcadag/epub3/EPUB/hcadag03_444_420.xhtml,workbook
Pag030421,III,421,https://epub3.kb.dk/hcadag/epub3/EPUB/hcadag03_445_421.xhtml,workbook
Pag030422,III,422,https://epub3.kb.dk/hcadag/epub3/EPUB/hcadag03_446_422.xhtml,workbook
Pag030423,III,423,https://epub3.kb.dk/hcadag/epub3/EPUB/hcadag03_447_423.xhtml,workbook
Pag030424,III,424,https://epub3.kb.dk/hcadag/epub3/EPUB/hcadag03_448_424.xhtml,workbook
Pag030425,III,425,https://epub3.kb.dk/hcadag/epub3/EPUB/hcadag03_449_425.xhtml,workbook
Pag030426,III,426,https://epub3.kb.dk/hcadag/epub3/EPUB/hcadag03_450_426.xhtml,workbook
Pag030427,III,427,https://epub3.kb.dk/hcadag/epub3/EPUB/hcadag03_451_427.xhtml,workbook
Pag030428,III,428,https://epub3.kb.dk/hcadag/epub3/EPUB/hcadag03_452_428.xhtml,workbook
Pag040001,IV,1,https://epub3.kb.dk/hcadag/epub3/EPUB/hcadag04_032_1.xhtml,workbook
Pag040002,IV,2,https://epub3.kb.dk/hcadag/epub3/EPUB/hcadag04_033_2.xhtml,workbook
Pag040003,IV,3,https://epub3.kb.dk/hcadag/epub3/EPUB/hcadag04_034_3.xhtml,workbook
Pag040004,IV,4,https://epub3.kb.dk/hcadag/epub3/EPUB/hcadag04_035_4.xhtml,workbook
Pag040005,IV,5,https://epub3.kb.dk/hcadag/epub3/EPUB/hcadag04_036_5.xhtml,workbook
Pag040006,IV,6,https://epub3.kb.dk/hcadag/epub3/EPUB/hcadag04_037_6.xhtml,workbook
Pag040007,IV,7,https://epub3.kb.dk/hcadag/epub3/EPUB/hcadag04_038_7.xhtml,workbook
Pag040008,IV,8,https://epub3.kb.dk/hcadag/epub3/EPUB/hcadag04_039_8.xhtml,workbook
Pag040009,IV,9,https://epub3.kb.dk/hcadag/epub3/EPUB/hcadag04_040_9.xhtml,workbook
Pag040010,IV,10,https://epub3.kb.dk/hcadag/epub3/EPUB/hcadag04_041_10.xhtml,workbook
Pag040011,IV,11,https://epub3.kb.dk/hcadag/epub3/EPUB/hcadag04_042_11.xhtml,workbook
Pag040012,IV,12,https://epub3.kb.dk/hcadag/epub3/EPUB/hcadag04_043_12.xhtml,workbook
Pag040013,IV,13,https://epub3.kb.dk/hcadag/epub3/EPUB/hcadag04_044_13.xhtml,workbook
Pag040014,IV,14,https://epub3.kb.dk/hcadag/epub3/EPUB/hcadag04_045_14.xhtml,workbook
Pag040015,IV,15,https://epub3.kb.dk/hcadag/epub3/EPUB/hcadag04_046_15.xhtml,workbook
Pag040016,IV,16,https://epub3.kb.dk/hcadag/epub3/EPUB/hcadag04_047_16.xhtml,workbook
Pag040017,IV,17,https://epub3.kb.dk/hcadag/epub3/EPUB/hcadag04_048_17.xhtml,workbook
Pag040018,IV,18,https://epub3.kb.dk/hcadag/epub3/EPUB/hcadag04_049_18.xhtml,workbook
Pag040019,IV,19,https://epub3.kb.dk/hcadag/epub3/EPUB/hcadag04_050_19.xhtml,workbook
Pag040020,IV,20,https://epub3.kb.dk/hcadag/epub3/EPUB/hcadag04_051_20.xhtml,workbook
Pag040021,IV,21,https://epub3.kb.dk/hcadag/epub3/EPUB/hcadag04_052_21.xhtml,workbook
Pag040022,IV,22,https://epub3.kb.dk/hcadag/epub3/EPUB/hcadag04_053_22.xhtml,workbook
Pag040023,IV,23,https://epub3.kb.dk/hcadag/epub3/EPUB/hcadag04_054_23.xhtml,workbook
Pag040024,IV,24,https://epub3.kb.dk/hcadag/epub3/EPUB/hcadag04_055_24.xhtml,workbook
Pag040025,IV,25,https://epub3.kb.dk/hcadag/epub3/EPUB/hcadag04_056_25.xhtml,workbook
Pag040026,IV,26,https://epub3.kb.dk/hcadag/epub3/EPUB/hcadag04_057_26.xhtml,workbook
Pag040027,IV,27,https://epub3.kb.dk/hcadag/epub3/EPUB/hcadag04_058_27.xhtml,workbook
Pag040028,IV,28,https://epub3.kb.dk/hcadag/epub3/EPUB/hcadag04_059_28.xhtml,workbook
Pag040029,IV,29,https://epub3.kb.dk/hcadag/epub3/EPUB/hcadag04_060_29.xhtml,workbook
Pag040030,IV,30,https://epub3.kb.dk/hcadag/epub3/EPUB/hcadag04_061_30.xhtml,workbook
Pag040031,IV,31,https://epub3.kb.dk/hcadag/epub3/EPUB/hcadag04_062_31.xhtml,workbook
Pag040032,IV,32,https://epub3.kb.dk/hcadag/epub3/EPUB/hcadag04_063_32.xhtml,workbook
Pag040033,IV,33,https://epub3.kb.dk/hcadag/epub3/EPUB/hcadag04_064_33.xhtml,workbook
Pag040034,IV,34,https://epub3.kb.dk/hcadag/epub3/EPUB/hcadag04_065_34.xhtml,workbook
Pag040035,IV,35,https://epub3.kb.dk/hcadag/epub3/EPUB/hcadag04_066_35.xhtml,workbook
Pag040036,IV,36,https://epub3.kb.dk/hcadag/epub3/EPUB/hcadag04_067_36.xhtml,workbook
Pag040037,IV,37,https://epub3.kb.dk/hcadag/epub3/EPUB/hcadag04_068_37.xhtml,workbook
Pag040038,IV,38,https://epub3.kb.dk/hcadag/epub3/EPUB/hcadag04_069_38.xhtml,workbook
Pag040039,IV,39,https://epub3.kb.dk/hcadag/epub3/EPUB/hcadag04_070_39.xhtml,workbook
Pag040040,IV,40,https://epub3.kb.dk/hcadag/epub3/EPUB/hcadag04_071_40.xhtml,workbook
Pag040041,IV,41,https://epub3.kb.dk/hcadag/epub3/EPUB/hcadag04_072_41.xhtml,workbook
Pag040042,IV,42,https://epub3.kb.dk/hcadag/epub3/EPUB/hcadag04_073_42.xhtml,workbook
Pag040043,IV,43,https://epub3.kb.dk/hcadag/epub3/EPUB/hcadag04_074_43.xhtml,workbook
Pag040044,IV,44,https://epub3.kb.dk/hcadag/epub3/EPUB/hcadag04_075_44.xhtml,workbook
Pag040045,IV,45,https://epub3.kb.dk/hcadag/epub3/EPUB/hcadag04_076_45.xhtml,workbook
Pag040046,IV,46,https://epub3.kb.dk/hcadag/epub3/EPUB/hcadag04_077_46.xhtml,workbook
Pag040047,IV,47,https://epub3.kb.dk/hcadag/epub3/EPUB/hcadag04_078_47.xhtml,workbook
Pag040048,IV,48,https://epub3.kb.dk/hcadag/epub3/EPUB/hcadag04_079_48.xhtml,workbook
Pag040049,IV,49,https://epub3.kb.dk/hcadag/epub3/EPUB/hcadag04_080_49.xhtml,workbook
Pag040050,IV,50,https://epub3.kb.dk/hcadag/epub3/EPUB/hcadag04_081_50.xhtml,workbook
Pag040051,IV,51,https://epub3.kb.dk/hcadag/epub3/EPUB/hcadag04_082_51.xhtml,workbook
Pag040052,IV,52,https://epub3.kb.dk/hcadag/epub3/EPUB/hcadag04_083_52.xhtml,workbook
Pag040053,IV,53,https://epub3.kb.dk/hcadag/epub3/EPUB/hcadag04_084_53.xhtml,workbook
Pag040054,IV,54,https://epub3.kb.dk/hcadag/epub3/EPUB/hcadag04_085_54.xhtml,workbook
Pag040055,IV,55,https://epub3.kb.dk/hcadag/epub3/EPUB/hcadag04_086_55.xhtml,workbook
Pag040056,IV,56,https://epub3.kb.dk/hcadag/epub3/EPUB/hcadag04_087_56.xhtml,workbook
Pag040057,IV,57,https://epub3.kb.dk/hcadag/epub3/EPUB/hcadag04_088_57.xhtml,workbook
Pag040058,IV,58,https://epub3.kb.dk/hcadag/epub3/EPUB/hcadag04_089_58.xhtml,workbook
Pag040059,IV,59,https://epub3.kb.dk/hcadag/epub3/EPUB/hcadag04_090_59.xhtml,workbook
Pag040060,IV,60,https://epub3.kb.dk/hcadag/epub3/EPUB/hcadag04_091_60.xhtml,workbook
Pag040061,IV,61,https://epub3.kb.dk/hcadag/epub3/EPUB/hcadag04_092_61.xhtml,workbook
Pag040062,IV,62,https://epub3.kb.dk/hcadag/epub3/EPUB/hcadag04_093_62.xhtml,workbook
Pag040063,IV,63,https://epub3.kb.dk/hcadag/epub3/EPUB/hcadag04_094_63.xhtml,workbook
Pag040064,IV,64,https://epub3.kb.dk/hcadag/epub3/EPUB/hcadag04_095_64.xhtml,workbook
Pag040065,IV,65,https://epub3.kb.dk/hcadag/epub3/EPUB/hcadag04_096_65.xhtml,workbook
Pag040066,IV,66,https://epub3.kb.dk/hcadag/epub3/EPUB/hcadag04_097_66.xhtml,workbook
Pag040067,IV,67,https://epub3.kb.dk/hcadag/epub3/EPUB/hcadag04_098_67.xhtml,workbook
Pag040068,IV,68,https://epub3.kb.dk/hcadag/epub3/EPUB/hcadag04_099_68.xhtml,workbook
Pag040069,IV,69,https://epub3.kb.dk/hcadag/epub3/EPUB/hcadag04_100_69.xhtml,workbook
Pag040070,IV,70,https://epub3.kb.dk/hcadag/epub3/EPUB/hcadag04_101_70.xhtml,workbook
Pag040071,IV,71,https://epub3.kb.dk/hcadag/epub3/EPUB/hcadag04_102_71.xhtml,workbook
Pag040072,IV,72,https://epub3.kb.dk/hcadag/epub3/EPUB/hcadag04_103_72.xhtml,workbook
Pag040073,IV,73,https://epub3.kb.dk/hcadag/epub3/EPUB/hcadag04_104_73.xhtml,workbook
Pag040074,IV,74,https://epub3.kb.dk/hcadag/epub3/EPUB/hcadag04_105_74.xhtml,workbook
Pag040075,IV,75,https://epub3.kb.dk/hcadag/epub3/EPUB/hcadag04_106_75.xhtml,workbook
Pag040076,IV,76,https://epub3.kb.dk/hcadag/epub3/EPUB/hcadag04_107_76.xhtml,workbook
Pag040077,IV,77,https://epub3.kb.dk/hcadag/epub3/EPUB/hcadag04_108_77.xhtml,workbook
Pag040078,IV,78,https://epub3.kb.dk/hcadag/epub3/EPUB/hcadag04_109_78.xhtml,workbook
Pag040079,IV,79,https://epub3.kb.dk/hcadag/epub3/EPUB/hcadag04_110_79.xhtml,workbook
Pag040080,IV,80,https://epub3.kb.dk/hcadag/epub3/EPUB/hcadag04_111_80.xhtml,workbook
Pag040081,IV,81,https://epub3.kb.dk/hcadag/epub3/EPUB/hcadag04_112_81.xhtml,workbook
Pag040082,IV,82,https://epub3.kb.dk/hcadag/epub3/EPUB/hcadag04_113_82.xhtml,workbook
Pag040083,IV,83,https://epub3.kb.dk/hcadag/epub3/EPUB/hcadag04_114_83.xhtml,workbook
Pag040084,IV,84,https://epub3.kb.dk/hcadag/epub3/EPUB/hcadag04_115_84.xhtml,workbook
Pag040085,IV,85,https://epub3.kb.dk/hcadag/epub3/EPUB/hcadag04_116_85.xhtml,workbook
Pag040086,IV,86,https://epub3.kb.dk/hcadag/epub3/EPUB/hcadag04_117_86.xhtml,workbook
Pag040087,IV,87,https://epub3.kb.dk/hcadag/epub3/EPUB/hcadag04_118_87.xhtml,workbook
Pag040088,IV,88,https://epub3.kb.dk/hcadag/epub3/EPUB/hcadag04_119_88.xhtml,workbook
Pag040089,IV,89,https://epub3.kb.dk/hcadag/epub3/EPUB/hcadag04_120_89.xhtml,workbook
Pag040090,IV,90,https://epub3.kb.dk/hcadag/epub3/EPUB/hcadag04_121_90.xhtml,workbook
Pag040091,IV,91,https://epub3.kb.dk/hcadag/epub3/EPUB/hcadag04_122_91.xhtml,workbook
Pag040092,IV,92,https://epub3.kb.dk/hcadag/epub3/EPUB/hcadag04_123_92.xhtml,workbook
Pag040093,IV,93,https://epub3.kb.dk/hcadag/epub3/EPUB/hcadag04_124_93.xhtml,workbook
Pag040094,IV,94,https://epub3.kb.dk/hcadag/epub3/EPUB/hcadag04_125_94.xhtml,workbook
Pag040095,IV,95,https://epub3.kb.dk/hcadag/epub3/EPUB/hcadag04_126_95.xhtml,workbook
Pag040096,IV,96,https://epub3.kb.dk/hcadag/epub3/EPUB/hcadag04_127_96.xhtml,workbook
Pag040097,IV,97,https://epub3.kb.dk/hcadag/epub3/EPUB/hcadag04_128_97.xhtml,workbook
Pag040098,IV,98,https://epub3.kb.dk/hcadag/epub3/EPUB/hcadag04_129_98.xhtml,workbook
Pag040099,IV,99,https://epub3.kb.dk/hcadag/epub3/EPUB/hcadag04_130_99.xhtml,workbook
Pag040100,IV,100,https://epub3.kb.dk/hcadag/epub3/EPUB/hcadag04_131_100.xhtml,workbook
Pag040101,IV,101,https://epub3.kb.dk/hcadag/epub3/EPUB/hcadag04_132_101.xhtml,workbook
Pag040102,IV,102,https://epub3.kb.dk/hcadag/epub3/EPUB/hcadag04_133_102.xhtml,workbook
Pag040103,IV,103,https://epub3.kb.dk/hcadag/epub3/EPUB/hcadag04_134_103.xhtml,workbook
Pag040104,IV,104,https://epub3.kb.dk/hcadag/epub3/EPUB/hcadag04_135_104.xhtml,workbook
Pag040105,IV,105,https://epub3.kb.dk/hcadag/epub3/EPUB/hcadag04_136_105.xhtml,workbook
Pag040106,IV,106,https://epub3.kb.dk/hcadag/epub3/EPUB/hcadag04_137_106.xhtml,workbook
Pag040107,IV,107,https://epub3.kb.dk/hcadag/epub3/EPUB/hcadag04_138_107.xhtml,workbook
Pag040108,IV,108,https://epub3.kb.dk/hcadag/epub3/EPUB/hcadag04_139_108.xhtml,workbook
Pag040109,IV,109,https://epub3.kb.dk/hcadag/epub3/EPUB/hcadag04_140_109.xhtml,workbook
Pag040110,IV,110,https://epub3.kb.dk/hcadag/epub3/EPUB/hcadag04_141_110.xhtml,workbook
Pag040111,IV,111,https://epub3.kb.dk/hcadag/epub3/EPUB/hcadag04_142_111.xhtml,workbook
Pag040112,IV,112,https://epub3.kb.dk/hcadag/epub3/EPUB/hcadag04_143_112.xhtml,workbook
Pag040113,IV,113,https://epub3.kb.dk/hcadag/epub3/EPUB/hcadag04_144_113.xhtml,workbook
Pag040114,IV,114,https://epub3.kb.dk/hcadag/epub3/EPUB/hcadag04_145_114.xhtml,workbook
Pag040115,IV,115,https://epub3.kb.dk/hcadag/epub3/EPUB/hcadag04_146_115.xhtml,workbook
Pag040116,IV,116,https://epub3.kb.dk/hcadag/epub3/EPUB/hcadag04_147_116.xhtml,workbook
Pag040117,IV,117,https://epub3.kb.dk/hcadag/epub3/EPUB/hcadag04_148_117.xhtml,workbook
Pag040118,IV,118,https://epub3.kb.dk/hcadag/epub3/EPUB/hcadag04_149_118.xhtml,workbook
Pag040119,IV,119,https://epub3.kb.dk/hcadag/epub3/EPUB/hcadag04_150_119.xhtml,workbook
Pag040120,IV,120,https://epub3.kb.dk/hcadag/epub3/EPUB/hcadag04_151_120.xhtml,workbook
Pag040121,IV,121,https://epub3.kb.dk/hcadag/epub3/EPUB/hcadag04_152_121.xhtml,workbook
Pag040122,IV,122,https://epub3.kb.dk/hcadag/epub3/EPUB/hcadag04_153_122.xhtml,workbook
Pag040123,IV,123,https://epub3.kb.dk/hcadag/epub3/EPUB/hcadag04_154_123.xhtml,workbook
Pag040124,IV,124,https://epub3.kb.dk/hcadag/epub3/EPUB/hcadag04_155_124.xhtml,workbook
Pag040125,IV,125,https://epub3.kb.dk/hcadag/epub3/EPUB/hcadag04_156_125.xhtml,workbook
Pag040126,IV,126,https://epub3.kb.dk/hcadag/epub3/EPUB/hcadag04_157_126.xhtml,workbook
Pag040127,IV,127,https://epub3.kb.dk/hcadag/epub3/EPUB/hcadag04_158_127.xhtml,workbook
Pag040128,IV,128,https://epub3.kb.dk/hcadag/epub3/EPUB/hcadag04_159_128.xhtml,workbook
Pag040129,IV,129,https://epub3.kb.dk/hcadag/epub3/EPUB/hcadag04_160_129.xhtml,workbook
Pag040130,IV,130,https://epub3.kb.dk/hcadag/epub3/EPUB/hcadag04_161_130.xhtml,workbook
Pag040131,IV,131,https://epub3.kb.dk/hcadag/epub3/EPUB/hcadag04_162_131.xhtml,workbook
Pag040132,IV,132,https://epub3.kb.dk/hcadag/epub3/EPUB/hcadag04_163_132.xhtml,workbook
Pag040133,IV,133,https://epub3.kb.dk/hcadag/epub3/EPUB/hcadag04_164_133.xhtml,workbook
Pag040134,IV,134,https://epub3.kb.dk/hcadag/epub3/EPUB/hcadag04_165_134.xhtml,workbook
Pag040135,IV,135,https://epub3.kb.dk/hcadag/epub3/EPUB/hcadag04_166_135.xhtml,workbook
Pag040136,IV,136,https://epub3.kb.dk/hcadag/epub3/EPUB/hcadag04_167_136.xhtml,workbook
Pag040137,IV,137,https://epub3.kb.dk/hcadag/epub3/EPUB/hcadag04_168_137.xhtml,workbook
Pag040138,IV,138,https://epub3.kb.dk/hcadag/epub3/EPUB/hcadag04_169_138.xhtml,workbook
Pag040139,IV,139,https://epub3.kb.dk/hcadag/epub3/EPUB/hcadag04_170_139.xhtml,workbook
Pag040140,IV,140,https://epub3.kb.dk/hcadag/epub3/EPUB/hcadag04_171_140.xhtml,workbook
Pag040141,IV,141,https://epub3.kb.dk/hcadag/epub3/EPUB/hcadag04_172_141.xhtml,workbook
Pag040142,IV,142,https://epub3.kb.dk/hcadag/epub3/EPUB/hcadag04_173_142.xhtml,workbook
Pag040143,IV,143,https://epub3.kb.dk/hcadag/epub3/EPUB/hcadag04_174_143.xhtml,workbook
Pag040144,IV,144,https://epub3.kb.dk/hcadag/epub3/EPUB/hcadag04_175_144.xhtml,workbook
Pag040145,IV,145,https://epub3.kb.dk/hcadag/epub3/EPUB/hcadag04_176_145.xhtml,workbook
Pag040146,IV,146,https://epub3.kb.dk/hcadag/epub3/EPUB/hcadag04_177_146.xhtml,workbook
Pag040147,IV,147,https://epub3.kb.dk/hcadag/epub3/EPUB/hcadag04_178_147.xhtml,workbook
Pag040148,IV,148,https://epub3.kb.dk/hcadag/epub3/EPUB/hcadag04_179_148.xhtml,workbook
Pag040149,IV,149,https://epub3.kb.dk/hcadag/epub3/EPUB/hcadag04_180_149.xhtml,workbook
Pag040150,IV,150,https://epub3.kb.dk/hcadag/epub3/EPUB/hcadag04_181_150.xhtml,workbook
Pag040151,IV,151,https://epub3.kb.dk/hcadag/epub3/EPUB/hcadag04_182_151.xhtml,workbook
Pag040152,IV,152,https://epub3.kb.dk/hcadag/epub3/EPUB/hcadag04_183_152.xhtml,workbook
Pag040153,IV,153,https://epub3.kb.dk/hcadag/epub3/EPUB/hcadag04_184_153.xhtml,workbook
Pag040154,IV,154,https://epub3.kb.dk/hcadag/epub3/EPUB/hcadag04_185_154.xhtml,workbook
Pag040155,IV,155,https://epub3.kb.dk/hcadag/epub3/EPUB/hcadag04_186_155.xhtml,workbook
Pag040156,IV,156,https://epub3.kb.dk/hcadag/epub3/EPUB/hcadag04_187_156.xhtml,workbook
Pag040157,IV,157,https://epub3.kb.dk/hcadag/epub3/EPUB/hcadag04_188_157.xhtml,workbook
Pag040158,IV,158,https://epub3.kb.dk/hcadag/epub3/EPUB/hcadag04_189_158.xhtml,workbook
Pag040159,IV,159,https://epub3.kb.dk/hcadag/epub3/EPUB/hcadag04_190_159.xhtml,workbook
Pag040160,IV,160,https://epub3.kb.dk/hcadag/epub3/EPUB/hcadag04_191_160.xhtml,workbook
Pag040161,IV,161,https://epub3.kb.dk/hcadag/epub3/EPUB/hcadag04_192_161.xhtml,workbook
Pag040162,IV,162,https://epub3.kb.dk/hcadag/epub3/EPUB/hcadag04_193_162.xhtml,workbook
Pag040163,IV,163,https://epub3.kb.dk/hcadag/epub3/EPUB/hcadag04_194_163.xhtml,workbook
Pag040164,IV,164,https://epub3.kb.dk/hcadag/epub3/EPUB/hcadag04_195_164.xhtml,workbook
Pag040165,IV,165,https://epub3.kb.dk/hcadag/epub3/EPUB/hcadag04_196_165.xhtml,workbook
Pag040166,IV,166,https://epub3.kb.dk/hcadag/epub3/EPUB/hcadag04_197_166.xhtml,workbook
Pag040167,IV,167,https://epub3.kb.dk/hcadag/epub3/EPUB/hcadag04_198_167.xhtml,workbook
Pag040168,IV,168,https://epub3.kb.dk/hcadag/epub3/EPUB/hcadag04_199_168.xhtml,workbook
Pag040169,IV,169,https://epub3.kb.dk/hcadag/epub3/EPUB/hcadag04_200_169.xhtml,workbook
Pag040170,IV,170,https://epub3.kb.dk/hcadag/epub3/EPUB/hcadag04_201_170.xhtml,workbook
Pag040171,IV,171,https://epub3.kb.dk/hcadag/epub3/EPUB/hcadag04_202_171.xhtml,workbook
Pag040172,IV,172,https://epub3.kb.dk/hcadag/epub3/EPUB/hcadag04_203_172.xhtml,workbook
Pag040173,IV,173,https://epub3.kb.dk/hcadag/epub3/EPUB/hcadag04_204_173.xhtml,workbook
Pag040174,IV,174,https://epub3.kb.dk/hcadag/epub3/EPUB/hcadag04_205_174.xhtml,workbook
Pag040175,IV,175,https://epub3.kb.dk/hcadag/epub3/EPUB/hcadag04_206_175.xhtml,workbook
Pag040176,IV,176,https://epub3.kb.dk/hcadag/epub3/EPUB/hcadag04_207_176.xhtml,workbook
Pag040177,IV,177,https://epub3.kb.dk/hcadag/epub3/EPUB/hcadag04_208_177.xhtml,workbook
Pag040178,IV,178,https://epub3.kb.dk/hcadag/epub3/EPUB/hcadag04_209_178.xhtml,workbook
Pag040179,IV,179,https://epub3.kb.dk/hcadag/epub3/EPUB/hcadag04_210_179.xhtml,workbook
Pag040180,IV,180,https://epub3.kb.dk/hcadag/epub3/EPUB/hcadag04_211_180.xhtml,workbook
Pag040181,IV,181,https://epub3.kb.dk/hcadag/epub3/EPUB/hcadag04_212_181.xhtml,workbook
Pag040182,IV,182,https://epub3.kb.dk/hcadag/epub3/EPUB/hcadag04_213_182.xhtml,workbook
Pag040183,IV,183,https://epub3.kb.dk/hcadag/epub3/EPUB/hcadag04_214_183.xhtml,workbook
Pag040184,IV,184,https://epub3.kb.dk/hcadag/epub3/EPUB/hcadag04_215_184.xhtml,workbook
Pag040185,IV,185,https://epub3.kb.dk/hcadag/epub3/EPUB/hcadag04_216_185.xhtml,workbook
Pag040186,IV,186,https://epub3.kb.dk/hcadag/epub3/EPUB/hcadag04_217_186.xhtml,workbook
Pag040187,IV,187,https://epub3.kb.dk/hcadag/epub3/EPUB/hcadag04_218_187.xhtml,workbook
Pag040188,IV,188,https://epub3.kb.dk/hcadag/epub3/EPUB/hcadag04_219_188.xhtml,workbook
Pag040189,IV,189,https://epub3.kb.dk/hcadag/epub3/EPUB/hcadag04_220_189.xhtml,workbook
Pag040190,IV,190,https://epub3.kb.dk/hcadag/epub3/EPUB/hcadag04_221_190.xhtml,workbook
Pag040191,IV,191,https://epub3.kb.dk/hcadag/epub3/EPUB/hcadag04_222_191.xhtml,workbook
Pag040192,IV,192,https://epub3.kb.dk/hcadag/epub3/EPUB/hcadag04_223_192.xhtml,workbook
Pag040193,IV,193,https://epub3.kb.dk/hcadag/epub3/EPUB/hcadag04_224_193.xhtml,workbook
Pag040194,IV,194,https://epub3.kb.dk/hcadag/epub3/EPUB/hcadag04_225_194.xhtml,workbook
Pag040195,IV,195,https://epub3.kb.dk/hcadag/epub3/EPUB/hcadag04_226_195.xhtml,workbook
Pag040196,IV,196,https://epub3.kb.dk/hcadag/epub3/EPUB/hcadag04_227_196.xhtml,workbook
Pag040197,IV,197,https://epub3.kb.dk/hcadag/epub3/EPUB/hcadag04_228_197.xhtml,workbook
Pag040198,IV,198,https://epub3.kb.dk/hcadag/epub3/EPUB/hcadag04_229_198.xhtml,workbook
Pag040199,IV,199,https://epub3.kb.dk/hcadag/epub3/EPUB/hcadag04_230_199.xhtml,workbook
Pag040200,IV,200,https://epub3.kb.dk/hcadag/epub3/EPUB/hcadag04_231_200.xhtml,workbook
Pag040201,IV,201,https://epub3.kb.dk/hcadag/epub3/EPUB/hcadag04_232_201.xhtml,workbook
Pag040202,IV,202,https://epub3.kb.dk/hcadag/epub3/EPUB/hcadag04_233_202.xhtml,workbook
Pag040203,IV,203,https://epub3.kb.dk/hcadag/epub3/EPUB/hcadag04_234_203.xhtml,workbook
Pag040204,IV,204,https://epub3.kb.dk/hcadag/epub3/EPUB/hcadag04_235_204.xhtml,workbook
Pag040205,IV,205,https://epub3.kb.dk/hcadag/epub3/EPUB/hcadag04_236_205.xhtml,workbook
Pag040206,IV,206,https://epub3.kb.dk/hcadag/epub3/EPUB/hcadag04_237_206.xhtml,workbook
Pag040207,IV,207,https://epub3.kb.dk/hcadag/epub3/EPUB/hcadag04_238_207.xhtml,workbook
Pag040208,IV,208,https://epub3.kb.dk/hcadag/epub3/EPUB/hcadag04_239_208.xhtml,workbook
Pag040209,IV,209,https://epub3.kb.dk/hcadag/epub3/EPUB/hcadag04_240_209.xhtml,workbook
Pag040210,IV,210,https://epub3.kb.dk/hcadag/epub3/EPUB/hcadag04_241_210.xhtml,workbook
Pag040211,IV,211,https://epub3.kb.dk/hcadag/epub3/EPUB/hcadag04_242_211.xhtml,workbook
Pag040212,IV,212,https://epub3.kb.dk/hcadag/epub3/EPUB/hcadag04_243_212.xhtml,workbook
Pag040213,IV,213,https://epub3.kb.dk/hcadag/epub3/EPUB/hcadag04_244_213.xhtml,workbook
Pag040214,IV,214,https://epub3.kb.dk/hcadag/epub3/EPUB/hcadag04_245_214.xhtml,workbook
Pag040215,IV,215,https://epub3.kb.dk/hcadag/epub3/EPUB/hcadag04_246_215.xhtml,workbook
Pag040216,IV,216,https://epub3.kb.dk/hcadag/epub3/EPUB/hcadag04_247_216.xhtml,workbook
Pag040217,IV,217,https://epub3.kb.dk/hcadag/epub3/EPUB/hcadag04_248_217.xhtml,workbook
Pag040218,IV,218,https://epub3.kb.dk/hcadag/epub3/EPUB/hcadag04_249_218.xhtml,workbook
Pag040219,IV,219,https://epub3.kb.dk/hcadag/epub3/EPUB/hcadag04_250_219.xhtml,workbook
Pag040220,IV,220,https://epub3.kb.dk/hcadag/epub3/EPUB/hcadag04_251_220.xhtml,workbook
Pag040221,IV,221,https://epub3.kb.dk/hcadag/epub3/EPUB/hcadag04_252_221.xhtml,workbook
Pag040222,IV,222,https://epub3.kb.dk/hcadag/epub3/EPUB/hcadag04_253_222.xhtml,workbook
Pag040223,IV,223,https://epub3.kb.dk/hcadag/epub3/EPUB/hcadag04_254_223.xhtml,workbook
Pag040224,IV,224,https://epub3.kb.dk/hcadag/epub3/EPUB/hcadag04_255_224.xhtml,workbook
Pag040225,IV,225,https://epub3.kb.dk/hcadag/epub3/EPUB/hcadag04_256_225.xhtml,workbook
Pag040226,IV,226,https://epub3.kb.dk/hcadag/epub3/EPUB/hcadag04_257_226.xhtml,workbook
Pag040227,IV,227,https://epub3.kb.dk/hcadag/epub3/EPUB/hcadag04_258_227.xhtml,workbook
Pag040228,IV,228,https://epub3.kb.dk/hcadag/epub3/EPUB/hcadag04_259_228.xhtml,workbook
Pag040229,IV,229,https://epub3.kb.dk/hcadag/epub3/EPUB/hcadag04_260_229.xhtml,workbook
Pag040230,IV,230,https://epub3.kb.dk/hcadag/epub3/EPUB/hcadag04_261_230.xhtml,workbook
Pag040231,IV,231,https://epub3.kb.dk/hcadag/epub3/EPUB/hcadag04_262_231.xhtml,workbook
Pag040232,IV,232,https://epub3.kb.dk/hcadag/epub3/EPUB/hcadag04_263_232.xhtml,workbook
Pag040233,IV,233,https://epub3.kb.dk/hcadag/epub3/EPUB/hcadag04_264_233.xhtml,workbook
Pag040234,IV,234,https://epub3.kb.dk/hcadag/epub3/EPUB/hcadag04_265_234.xhtml,workbook
Pag040235,IV,235,https://epub3.kb.dk/hcadag/epub3/EPUB/hcadag04_266_235.xhtml,workbook
Pag040236,IV,236,https://epub3.kb.dk/hcadag/epub3/EPUB/hcadag04_267_236.xhtml,workbook
Pag040237,IV,237,https://epub3.kb.dk/hcadag/epub3/EPUB/hcadag04_268_237.xhtml,workbook
Pag040238,IV,238,https://epub3.kb.dk/hcadag/epub3/EPUB/hcadag04_269_238.xhtml,workbook
Pag040239,IV,239,https://epub3.kb.dk/hcadag/epub3/EPUB/hcadag04_270_239.xhtml,workbook
Pag040240,IV,240,https://epub3.kb.dk/hcadag/epub3/EPUB/hcadag04_271_240.xhtml,workbook
Pag040241,IV,241,https://epub3.kb.dk/hcadag/epub3/EPUB/hcadag04_272_241.xhtml,workbook
Pag040242,IV,242,https://epub3.kb.dk/hcadag/epub3/EPUB/hcadag04_273_242.xhtml,workbook
Pag040243,IV,243,https://epub3.kb.dk/hcadag/epub3/EPUB/hcadag04_274_243.xhtml,workbook
Pag040244,IV,244,https://epub3.kb.dk/hcadag/epub3/EPUB/hcadag04_275_244.xhtml,workbook
Pag040245,IV,245,https://epub3.kb.dk/hcadag/epub3/EPUB/hcadag04_276_245.xhtml,workbook
Pag040246,IV,246,https://epub3.kb.dk/hcadag/epub3/EPUB/hcadag04_277_246.xhtml,workbook
Pag040247,IV,247,https://epub3.kb.dk/hcadag/epub3/EPUB/hcadag04_278_247.xhtml,workbook
Pag040248,IV,248,https://epub3.kb.dk/hcadag/epub3/EPUB/hcadag04_279_248.xhtml,workbook
Pag040249,IV,249,https://epub3.kb.dk/hcadag/epub3/EPUB/hcadag04_280_249.xhtml,workbook
Pag040250,IV,250,https://epub3.kb.dk/hcadag/epub3/EPUB/hcadag04_281_250.xhtml,workbook
Pag040251,IV,251,https://epub3.kb.dk/hcadag/epub3/EPUB/hcadag04_282_251.xhtml,workbook
Pag040252,IV,252,https://epub3.kb.dk/hcadag/epub3/EPUB/hcadag04_283_252.xhtml,workbook
Pag040253,IV,253,https://epub3.kb.dk/hcadag/epub3/EPUB/hcadag04_284_253.xhtml,workbook
Pag040254,IV,254,https://epub3.kb.dk/hcadag/epub3/EPUB/hcadag04_285_254.xhtml,workbook
Pag040255,IV,255,https://epub3.kb.dk/hcadag/epub3/EPUB/hcadag04_286_255.xhtml,workbook
Pag040256,IV,256,https://epub3.kb.dk/hcadag/epub3/EPUB/hcadag04_287_256.xhtml,workbook
Pag040257,IV,257,https://epub3.kb.dk/hcadag/epub3/EPUB/hcadag04_288_257.xhtml,workbook
Pag040258,IV,258,https://epub3.kb.dk/hcadag/epub3/EPUB/hcadag04_289_258.xhtml,workbook
Pag040259,IV,259,https://epub3.kb.dk/hcadag/epub3/EPUB/hcadag04_290_259.xhtml,workbook
Pag040260,IV,260,https://epub3.kb.dk/hcadag/epub3/EPUB/hcadag04_291_260.xhtml,workbook
Pag040261,IV,261,https://epub3.kb.dk/hcadag/epub3/EPUB/hcadag04_292_261.xhtml,workbook
Pag040262,IV,262,https://epub3.kb.dk/hcadag/epub3/EPUB/hcadag04_293_262.xhtml,workbook
Pag040263,IV,263,https://epub3.kb.dk/hcadag/epub3/EPUB/hcadag04_294_263.xhtml,workbook
Pag040264,IV,264,https://epub3.kb.dk/hcadag/epub3/EPUB/hcadag04_295_264.xhtml,workbook
Pag040265,IV,265,https://epub3.kb.dk/hcadag/epub3/EPUB/hcadag04_296_265.xhtml,workbook
Pag040266,IV,266,https://epub3.kb.dk/hcadag/epub3/EPUB/hcadag04_297_266.xhtml,workbook
Pag040267,IV,267,https://epub3.kb.dk/hcadag/epub3/EPUB/hcadag04_298_267.xhtml,workbook
Pag040268,IV,268,https://epub3.kb.dk/hcadag/epub3/EPUB/hcadag04_299_268.xhtml,workbook
Pag040269,IV,269,https://epub3.kb.dk/hcadag/epub3/EPUB/hcadag04_300_269.xhtml,workbook
Pag040270,IV,270,https://epub3.kb.dk/hcadag/epub3/EPUB/hcadag04_301_270.xhtml,workbook
Pag040271,IV,271,https://epub3.kb.dk/hcadag/epub3/EPUB/hcadag04_302_271.xhtml,workbook
Pag040272,IV,272,https://epub3.kb.dk/hcadag/epub3/EPUB/hcadag04_303_272.xhtml,workbook
Pag040273,IV,273,https://epub3.kb.dk/hcadag/epub3/EPUB/hcadag04_304_273.xhtml,workbook
Pag040274,IV,274,https://epub3.kb.dk/hcadag/epub3/EPUB/hcadag04_305_274.xhtml,workbook
Pag040275,IV,275,https://epub3.kb.dk/hcadag/epub3/EPUB/hcadag04_306_275.xhtml,workbook
Pag040276,IV,276,https://epub3.kb.dk/hcadag/epub3/EPUB/hcadag04_307_276.xhtml,workbook
Pag040277,IV,277,https://epub3.kb.dk/hcadag/epub3/EPUB/hcadag04_308_277.xhtml,workbook
Pag040278,IV,278,https://epub3.kb.dk/hcadag/epub3/EPUB/hcadag04_309_278.xhtml,workbook
Pag040279,IV,279,https://epub3.kb.dk/hcadag/epub3/EPUB/hcadag04_310_279.xhtml,workbook
Pag040280,IV,280,https://epub3.kb.dk/hcadag/epub3/EPUB/hcadag04_311_280.xhtml,workbook
Pag040281,IV,281,https://epub3.kb.dk/hcadag/epub3/EPUB/hcadag04_312_281.xhtml,workbook
Pag040282,IV,282,https://epub3.kb.dk/hcadag/epub3/EPUB/hcadag04_313_282.xhtml,workbook
Pag040283,IV,283,https://epub3.kb.dk/hcadag/epub3/EPUB/hcadag04_314_283.xhtml,workbook
Pag040284,IV,284,https://epub3.kb.dk/hcadag/epub3/EPUB/hcadag04_315_284.xhtml,workbook
Pag040285,IV,285,https://epub3.kb.dk/hcadag/epub3/EPUB/hcadag04_316_285.xhtml,workbook
Pag040286,IV,286,https://epub3.kb.dk/hcadag/epub3/EPUB/hcadag04_317_286.xhtml,workbook
Pag040287,IV,287,https://epub3.kb.dk/hcadag/epub3/EPUB/hcadag04_318_287.xhtml,workbook
Pag040288,IV,288,https://epub3.kb.dk/hcadag/epub3/EPUB/hcadag04_319_288.xhtml,workbook
Pag040289,IV,289,https://epub3.kb.dk/hcadag/epub3/EPUB/hcadag04_320_289.xhtml,workbook
Pag040290,IV,290,https://epub3.kb.dk/hcadag/epub3/EPUB/hcadag04_321_290.xhtml,workbook
Pag040291,IV,291,https://epub3.kb.dk/hcadag/epub3/EPUB/hcadag04_322_291.xhtml,workbook
Pag040292,IV,292,https://epub3.kb.dk/hcadag/epub3/EPUB/hcadag04_323_292.xhtml,workbook
Pag040293,IV,293,https://epub3.kb.dk/hcadag/epub3/EPUB/hcadag04_324_293.xhtml,workbook
Pag040294,IV,294,https://epub3.kb.dk/hcadag/epub3/EPUB/hcadag04_325_294.xhtml,workbook
Pag040295,IV,295,https://epub3.kb.dk/hcadag/epub3/EPUB/hcadag04_326_295.xhtml,workbook
Pag040296,IV,296,https://epub3.kb.dk/hcadag/epub3/EPUB/hcadag04_327_296.xhtml,workbook
Pag040297,IV,297,https://epub3.kb.dk/hcadag/epub3/EPUB/hcadag04_328_297.xhtml,workbook
Pag040298,IV,298,https://epub3.kb.dk/hcadag/epub3/EPUB/hcadag04_329_298.xhtml,workbook
Pag040299,IV,299,https://epub3.kb.dk/hcadag/epub3/EPUB/hcadag04_330_299.xhtml,workbook
Pag040300,IV,300,https://epub3.kb.dk/hcadag/epub3/EPUB/hcadag04_331_300.xhtml,workbook
Pag040301,IV,301,https://epub3.kb.dk/hcadag/epub3/EPUB/hcadag04_332_301.xhtml,workbook
Pag040302,IV,302,https://epub3.kb.dk/hcadag/epub3/EPUB/hcadag04_333_302.xhtml,workbook
Pag040303,IV,303,https://epub3.kb.dk/hcadag/epub3/EPUB/hcadag04_334_303.xhtml,workbook
Pag040304,IV,304,https://epub3.kb.dk/hcadag/epub3/EPUB/hcadag04_335_304.xhtml,workbook
Pag040305,IV,305,https://epub3.kb.dk/hcadag/epub3/EPUB/hcadag04_336_305.xhtml,workbook
Pag040306,IV,306,https://epub3.kb.dk/hcadag/epub3/EPUB/hcadag04_337_306.xhtml,workbook
Pag040307,IV,307,https://epub3.kb.dk/hcadag/epub3/EPUB/hcadag04_338_307.xhtml,workbook
Pag040308,IV,308,https://epub3.kb.dk/hcadag/epub3/EPUB/hcadag04_339_308.xhtml,workbook
Pag040309,IV,309,https://epub3.kb.dk/hcadag/epub3/EPUB/hcadag04_340_309.xhtml,workbook
Pag040310,IV,310,https://epub3.kb.dk/hcadag/epub3/EPUB/hcadag04_341_310.xhtml,workbook
Pag040311,IV,311,https://epub3.kb.dk/hcadag/epub3/EPUB/hcadag04_342_311.xhtml,workbook
Pag040312,IV,312,https://epub3.kb.dk/hcadag/epub3/EPUB/hcadag04_343_312.xhtml,workbook
Pag040313,IV,313,https://epub3.kb.dk/hcadag/epub3/EPUB/hcadag04_344_313.xhtml,workbook
Pag040314,IV,314,https://epub3.kb.dk/hcadag/epub3/EPUB/hcadag04_345_314.xhtml,workbook
Pag040315,IV,315,https://epub3.kb.dk/hcadag/epub3/EPUB/hcadag04_346_315.xhtml,workbook
Pag040316,IV,316,https://epub3.kb.dk/hcadag/epub3/EPUB/hcadag04_347_316.xhtml,workbook
Pag040317,IV,317,https://epub3.kb.dk/hcadag/epub3/EPUB/hcadag04_348_317.xhtml,workbook
Pag040318,IV,318,https://epub3.kb.dk/hcadag/epub3/EPUB/hcadag04_349_318.xhtml,workbook
Pag040319,IV,319,https://epub3.kb.dk/hcadag/epub3/EPUB/hcadag04_350_319.xhtml,workbook
Pag040320,IV,320,https://epub3.kb.dk/hcadag/epub3/EPUB/hcadag04_351_320.xhtml,workbook
Pag040321,IV,321,https://epub3.kb.dk/hcadag/epub3/EPUB/hcadag04_352_321.xhtml,workbook
Pag040322,IV,322,https://epub3.kb.dk/hcadag/epub3/EPUB/hcadag04_353_322.xhtml,workbook
Pag040323,IV,323,https://epub3.kb.dk/hcadag/epub3/EPUB/hcadag04_354_323.xhtml,workbook
Pag040324,IV,324,https://epub3.kb.dk/hcadag/epub3/EPUB/hcadag04_355_324.xhtml,workbook
Pag040325,IV,325,https://epub3.kb.dk/hcadag/epub3/EPUB/hcadag04_356_325.xhtml,workbook
Pag040326,IV,326,https://epub3.kb.dk/hcadag/epub3/EPUB/hcadag04_357_326.xhtml,workbook
Pag040327,IV,327,https://epub3.kb.dk/hcadag/epub3/EPUB/hcadag04_358_327.xhtml,workbook
Pag040328,IV,328,https://epub3.kb.dk/hcadag/epub3/EPUB/hcadag04_359_328.xhtml,workbook
Pag040329,IV,329,https://epub3.kb.dk/hcadag/epub3/EPUB/hcadag04_360_329.xhtml,workbook
Pag040330,IV,330,https://epub3.kb.dk/hcadag/epub3/EPUB/hcadag04_361_330.xhtml,workbook
Pag040331,IV,331,https://epub3.kb.dk/hcadag/epub3/EPUB/hcadag04_362_331.xhtml,workbook
Pag040332,IV,332,https://epub3.kb.dk/hcadag/epub3/EPUB/hcadag04_363_332.xhtml,workbook
Pag040333,IV,333,https://epub3.kb.dk/hcadag/epub3/EPUB/hcadag04_364_333.xhtml,workbook
Pag040334,IV,334,https://epub3.kb.dk/hcadag/epub3/EPUB/hcadag04_365_334.xhtml,workbook
Pag040335,IV,335,https://epub3.kb.dk/hcadag/epub3/EPUB/hcadag04_366_335.xhtml,workbook
Pag040336,IV,336,https://epub3.kb.dk/hcadag/epub3/EPUB/hcadag04_367_336.xhtml,workbook
Pag040337,IV,337,https://epub3.kb.dk/hcadag/epub3/EPUB/hcadag04_368_337.xhtml,workbook
Pag040338,IV,338,https://epub3.kb.dk/hcadag/epub3/EPUB/hcadag04_369_338.xhtml,workbook
Pag040339,IV,339,https://epub3.kb.dk/hcadag/epub3/EPUB/hcadag04_370_339.xhtml,workbook
Pag040340,IV,340,https://epub3.kb.dk/hcadag/epub3/EPUB/hcadag04_371_340.xhtml,workbook
Pag040341,IV,341,https://epub3.kb.dk/hcadag/epub3/EPUB/hcadag04_372_341.xhtml,workbook
Pag040342,IV,342,https://epub3.kb.dk/hcadag/epub3/EPUB/hcadag04_373_342.xhtml,workbook
Pag040343,IV,343,https://epub3.kb.dk/hcadag/epub3/EPUB/hcadag04_374_343.xhtml,workbook
Pag040344,IV,344,https://epub3.kb.dk/hcadag/epub3/EPUB/hcadag04_375_344.xhtml,workbook
Pag040345,IV,345,https://epub3.kb.dk/hcadag/epub3/EPUB/hcadag04_376_345.xhtml,workbook
Pag040346,IV,346,https://epub3.kb.dk/hcadag/epub3/EPUB/hcadag04_377_346.xhtml,workbook
Pag040347,IV,347,https://epub3.kb.dk/hcadag/epub3/EPUB/hcadag04_378_347.xhtml,workbook
Pag040348,IV,348,https://epub3.kb.dk/hcadag/epub3/EPUB/hcadag04_379_348.xhtml,workbook
Pag040349,IV,349,https://epub3.kb.dk/hcadag/epub3/EPUB/hcadag04_380_349.xhtml,workbook
Pag040350,IV,350,https://epub3.kb.dk/hcadag/epub3/EPUB/hcadag04_381_350.xhtml,workbook
Pag040351,IV,351,https://epub3.kb.dk/hcadag/epub3/EPUB/hcadag04_382_351.xhtml,workbook
Pag040352,IV,352,https://epub3.kb.dk/hcadag/epub3/EPUB/hcadag04_383_352.xhtml,workbook
Pag040353,IV,353,https://epub3.kb.dk/hcadag/epub3/EPUB/hcadag04_384_353.xhtml,workbook
Pag040354,IV,354,https://epub3.kb.dk/hcadag/epub3/EPUB/hcadag04_385_354.xhtml,workbook
Pag040355,IV,355,https://epub3.kb.dk/hcadag/epub3/EPUB/hcadag04_386_355.xhtml,workbook
Pag040356,IV,356,https://epub3.kb.dk/hcadag/epub3/EPUB/hcadag04_387_356.xhtml,workbook
Pag040357,IV,357,https://epub3.kb.dk/hcadag/epub3/EPUB/hcadag04_388_357.xhtml,workbook
Pag040358,IV,358,https://epub3.kb.dk/hcadag/epub3/EPUB/hcadag04_389_358.xhtml,workbook
Pag040359,IV,359,https://epub3.kb.dk/hcadag/epub3/EPUB/hcadag04_390_359.xhtml,workbook
Pag040360,IV,360,https://epub3.kb.dk/hcadag/epub3/EPUB/hcadag04_391_360.xhtml,workbook
Pag040361,IV,361,https://epub3.kb.dk/hcadag/epub3/EPUB/hcadag04_392_361.xhtml,workbook
Pag040362,IV,362,https://epub3.kb.dk/hcadag/epub3/EPUB/hcadag04_393_362.xhtml,workbook
Pag040363,IV,363,https://epub3.kb.dk/hcadag/epub3/EPUB/hcadag04_394_363.xhtml,workbook
Pag040364,IV,364,https://epub3.kb.dk/hcadag/epub3/EPUB/hcadag04_395_364.xhtml,workbook
Pag040365,IV,365,https://epub3.kb.dk/hcadag/epub3/EPUB/hcadag04_396_365.xhtml,workbook
Pag040366,IV,366,https://epub3.kb.dk/hcadag/epub3/EPUB/hcadag04_397_366.xhtml,workbook
Pag040367,IV,367,https://epub3.kb.dk/hcadag/epub3/EPUB/hcadag04_398_367.xhtml,workbook
Pag040368,IV,368,https://epub3.kb.dk/hcadag/epub3/EPUB/hcadag04_399_368.xhtml,workbook
Pag040369,IV,369,https://epub3.kb.dk/hcadag/epub3/EPUB/hcadag04_400_369.xhtml,workbook
Pag040370,IV,370,https://epub3.kb.dk/hcadag/epub3/EPUB/hcadag04_401_370.xhtml,workbook
Pag040371,IV,371,https://epub3.kb.dk/hcadag/epub3/EPUB/hcadag04_402_371.xhtml,workbook
Pag040372,IV,372,https://epub3.kb.dk/hcadag/epub3/EPUB/hcadag04_403_372.xhtml,workbook
Pag040373,IV,373,https://epub3.kb.dk/hcadag/epub3/EPUB/hcadag04_404_373.xhtml,workbook
Pag040374,IV,374,https://epub3.kb.dk/hcadag/epub3/EPUB/hcadag04_405_374.xhtml,workbook
Pag040375,IV,375,https://epub3.kb.dk/hcadag/epub3/EPUB/hcadag04_406_375.xhtml,workbook
Pag040376,IV,376,https://epub3.kb.dk/hcadag/epub3/EPUB/hcadag04_407_376.xhtml,workbook
Pag040377,IV,377,https://epub3.kb.dk/hcadag/epub3/EPUB/hcadag04_408_377.xhtml,workbook
Pag040378,IV,378,https://epub3.kb.dk/hcadag/epub3/EPUB/hcadag04_409_378.xhtml,workbook
Pag040379,IV,379,https://epub3.kb.dk/hcadag/epub3/EPUB/hcadag04_410_379.xhtml,workbook
Pag040380,IV,380,https://epub3.kb.dk/hcadag/epub3/EPUB/hcadag04_411_380.xhtml,workbook
Pag040381,IV,381,https://epub3.kb.dk/hcadag/epub3/EPUB/hcadag04_412_381.xhtml,workbook
Pag040382,IV,382,https://epub3.kb.dk/hcadag/epub3/EPUB/hcadag04_413_382.xhtml,workbook
Pag040383,IV,383,https://epub3.kb.dk/hcadag/epub3/EPUB/hcadag04_414_383.xhtml,workbook
Pag040384,IV,384,https://epub3.kb.dk/hcadag/epub3/EPUB/hcadag04_415_384.xhtml,workbook
Pag040385,IV,385,https://epub3.kb.dk/hcadag/epub3/EPUB/hcadag04_416_385.xhtml,workbook
Pag040386,IV,386,https://epub3.kb.dk/hcadag/epub3/EPUB/hcadag04_417_386.xhtml,workbook
Pag040387,IV,387,https://epub3.kb.dk/hcadag/epub3/EPUB/hcadag04_418_387.xhtml,workbook
Pag040388,IV,388,https://epub3.kb.dk/hcadag/epub3/EPUB/hcadag04_419_388.xhtml,workbook
Pag040389,IV,389,https://epub3.kb.dk/hcadag/epub3/EPUB/hcadag04_420_389.xhtml,workbook
Pag040390,IV,390,https://epub3.kb.dk/hcadag/epub3/EPUB/hcadag04_421_390.xhtml,workbook
Pag040391,IV,391,https://epub3.kb.dk/hcadag/epub3/EPUB/hcadag04_422_391.xhtml,workbook
Pag040392,IV,392,https://epub3.kb.dk/hcadag/epub3/EPUB/hcadag04_423_392.xhtml,workbook
Pag040393,IV,393,https://epub3.kb.dk/hcadag/epub3/EPUB/hcadag04_424_393.xhtml,workbook
Pag040394,IV,394,https://epub3.kb.dk/hcadag/epub3/EPUB/hcadag04_425_394.xhtml,workbook
Pag040395,IV,395,https://epub3.kb.dk/hcadag/epub3/EPUB/hcadag04_426_395.xhtml,workbook
Pag040396,IV,396,https://epub3.kb.dk/hcadag/epub3/EPUB/hcadag04_427_396.xhtml,workbook
Pag040397,IV,397,https://epub3.kb.dk/hcadag/epub3/EPUB/hcadag04_428_397.xhtml,workbook
Pag040398,IV,398,https://epub3.kb.dk/hcadag/epub3/EPUB/hcadag04_429_398.xhtml,workbook
Pag040399,IV,399,https://epub3.kb.dk/hcadag/epub3/EPUB/hcadag04_430_399.xhtml,workbook
Pag040400,IV,400,https://epub3.kb.dk/hcadag/epub3/EPUB/hcadag04_431_400.xhtml,workbook
Pag040401,IV,401,https://epub3.kb.dk/hcadag/epub3/EPUB/hcadag04_432_401.xhtml,workbook
Pag040402,IV,402,https://epub3.kb.dk/hcadag/epub3/EPUB/hcadag04_433_402.xhtml,workbook
Pag040403,IV,403,https://epub3.kb.dk/hcadag/epub3/EPUB/hcadag04_434_403.xhtml,workbook
Pag040404,IV,404,https://epub3.kb.dk/hcadag/epub3/EPUB/hcadag04_435_404.xhtml,workbook
Pag040405,IV,405,https://epub3.kb.dk/hcadag/epub3/EPUB/hcadag04_436_405.xhtml,workbook
Pag040406,IV,406,https://epub3.kb.dk/hcadag/epub3/EPUB/hcadag04_437_406.xhtml,workbook
Pag040407,IV,407,https://epub3.kb.dk/hcadag/epub3/EPUB/hcadag04_438_407.xhtml,workbook
Pag040408,IV,408,https://epub3.kb.dk/hcadag/epub3/EPUB/hcadag04_439_408.xhtml,workbook
Pag040409,IV,409,https://epub3.kb.dk/hcadag/epub3/EPUB/hcadag04_440_409.xhtml,workbook
Pag040410,IV,410,https://epub3.kb.dk/hcadag/epub3/EPUB/hcadag04_441_410.xhtml,workbook
Pag040411,IV,411,https://epub3.kb.dk/hcadag/epub3/EPUB/hcadag04_442_411.xhtml,workbook
Pag040412,IV,412,https://epub3.kb.dk/hcadag/epub3/EPUB/hcadag04_443_412.xhtml,workbook
Pag040413,IV,413,https://epub3.kb.dk/hcadag/epub3/EPUB/hcadag04_444_413.xhtml,workbook
Pag040414,IV,414,https://epub3.kb.dk/hcadag/epub3/EPUB/hcadag04_445_414.xhtml,workbook
Pag040415,IV,415,https://epub3.kb.dk/hcadag/epub3/EPUB/hcadag04_446_415.xhtml,workbook
Pag040416,IV,416,https://epub3.kb.dk/hcadag/epub3/EPUB/hcadag04_447_416.xhtml,workbook
Pag040417,IV,417,https://epub3.kb.dk/hcadag/epub3/EPUB/hcadag04_448_417.xhtml,workbook
Pag040418,IV,418,https://epub3.kb.dk/hcadag/epub3/EPUB/hcadag04_449_418.xhtml,workbook
Pag040419,IV,419,https://epub3.kb.dk/hcadag/epub3/EPUB/hcadag04_450_419.xhtml,workbook
Pag040420,IV,420,https://epub3.kb.dk/hcadag/epub3/EPUB/hcadag04_451_420.xhtml,workbook
Pag040421,IV,421,https://epub3.kb.dk/hcadag/epub3/EPUB/hcadag04_452_421.xhtml,workbook
Pag040422,IV,422,https://epub3.kb.dk/hcadag/epub3/EPUB/hcadag04_453_422.xhtml,workbook
Pag040423,IV,423,https://epub3.kb.dk/hcadag/epub3/EPUB/hcadag04_454_423.xhtml,workbook
Pag040424,IV,424,https://epub3.kb.dk/hcadag/epub3/EPUB/hcadag04_455_424.xhtml,workbook
Pag040425,IV,425,https://epub3.kb.dk/hcadag/epub3/EPUB/hcadag04_456_425.xhtml,workbook
Pag040426,IV,426,https://epub3.kb.dk/hcadag/epub3/EPUB/hcadag04_457_426.xhtml,workbook
Pag040427,IV,427,https://epub3.kb.dk/hcadag/epub3/EPUB/hcadag04_458_427.xhtml,workbook
Pag040428,IV,428,https://epub3.kb.dk/hcadag/epub3/EPUB/hcadag04_459_428.xhtml,workbook
Pag040429,IV,429,https://epub3.kb.dk/hcadag/epub3/EPUB/hcadag04_460_429.xhtml,workbook
Pag040430,IV,430,https://epub3.kb.dk/hcadag/epub3/EPUB/hcadag04_461_430.xhtml,workbook
Pag040431,IV,431,https://epub3.kb.dk/hcadag/epub3/EPUB/hcadag04_462_431.xhtml,workbook
Pag040432,IV,432,https://epub3.kb.dk/hcadag/epub3/EPUB/hcadag04_463_432.xhtml,workbook
Pag040433,IV,433,https://epub3.kb.dk/hcadag/epub3/EPUB/hcadag04_464_433.xhtml,workbook
Pag040434,IV,434,https://epub3.kb.dk/hcadag/epub3/EPUB/hcadag04_465_434.xhtml,workbook
Pag040435,IV,435,https://epub3.kb.dk/hcadag/epub3/EPUB/hcadag04_466_435.xhtml,workbook
Pag040436,IV,436,https://epub3.kb.dk/hcadag/epub3/EPUB/hcadag04_467_436.xhtml,workbook
Pag040437,IV,437,https://epub3.kb.dk/hcadag/epub3/EPUB/hcadag04_468_437.xhtml,workbook
Pag040438,IV,438,https://epub3.kb.dk/hcadag/epub3/EPUB/hcadag04_469_438.xhtml,workbook
Pag040439,IV,439,https://epub3.kb.dk/hcadag/epub3/EPUB/hcadag04_470_439.xhtml,workbook
Pag040440,IV,440,https://epub3.kb.dk/hcadag/epub3/EPUB/hcadag04_471_440.xhtml,workbook
Pag040441,IV,441,https://epub3.kb.dk/hcadag/epub3/EPUB/hcadag04_472_441.xhtml,workbook
Pag040442,IV,442,https://epub3.kb.dk/hcadag/epub3/EPUB/hcadag04_473_442.xhtml,workbook
Pag040443,IV,443,https://epub3.kb.dk/hcadag/epub3/EPUB/hcadag04_474_443.xhtml,workbook
Pag040444,IV,444,https://epub3.kb.dk/hcadag/epub3/EPUB/hcadag04_475_444.xhtml,workbook
Pag040445,IV,445,https://epub3.kb.dk/hcadag/epub3/EPUB/hcadag04_476_445.xhtml,workbook
Pag040446,IV,446,https://epub3.kb.dk/hcadag/epub3/EPUB/hcadag04_477_446.xhtml,workbook
Pag040447,IV,447,https://epub3.kb.dk/hcadag/epub3/EPUB/hcadag04_478_447.xhtml,workbook
Pag040448,IV,448,https://epub3.kb.dk/hcadag/epub3/EPUB/hcadag04_479_448.xhtml,workbook
Pag040449,IV,449,https://epub3.kb.dk/hcadag/epub3/EPUB/hcadag04_480_449.xhtml,workbook
Pag040450,IV,450,https://epub3.kb.dk/hcadag/epub3/EPUB/hcadag04_481_450.xhtml,workbook
Pag040451,IV,451,https://epub3.kb.dk/hcadag/epub3/EPUB/hcadag04_482_451.xhtml,workbook
Pag040452,IV,452,https://epub3.kb.dk/hcadag/epub3/EPUB/hcadag04_483_452.xhtml,workbook
Pag040453,IV,453,https://epub3.kb.dk/hcadag/epub3/EPUB/hcadag04_484_453.xhtml,workbook
Pag040454,IV,454,https://epub3.kb.dk/hcadag/epub3/EPUB/hcadag04_485_454.xhtml,workbook
Pag040455,IV,455,https://epub3.kb.dk/hcadag/epub3/EPUB/hcadag04_486_455.xhtml,workbook
Pag040456,IV,456,https://epub3.kb.dk/hcadag/epub3/EPUB/hcadag04_487_456.xhtml,workbook
Pag040457,IV,457,https://epub3.kb.dk/hcadag/epub3/EPUB/hcadag04_488_457.xhtml,workbook
Pag040458,IV,458,https://epub3.kb.dk/hcadag/epub3/EPUB/hcadag04_489_458.xhtml,workbook
Pag040459,IV,459,https://epub3.kb.dk/hcadag/epub3/EPUB/hcadag04_490_459.xhtml,workbook
Pag040460,IV,460,https://epub3.kb.dk/hcadag/epub3/EPUB/hcadag04_491_460.xhtml,workbook
Pag040461,IV,461,https://epub3.kb.dk/hcadag/epub3/EPUB/hcadag04_492_461.xhtml,workbook
Pag040462,IV,462,https://epub3.kb.dk/hcadag/epub3/EPUB/hcadag04_493_462.xhtml,workbook
Pag040463,IV,463,https://epub3.kb.dk/hcadag/epub3/EPUB/hcadag04_494_463.xhtml,workbook
Pag040464,IV,464,https://epub3.kb.dk/hcadag/epub3/EPUB/hcadag04_495_464.xhtml,workbook
Pag040465,IV,465,https://epub3.kb.dk/hcadag/epub3/EPUB/hcadag04_496_465.xhtml,workbook
Pag040466,IV,466,https://epub3.kb.dk/hcadag/epub3/EPUB/hcadag04_497_466.xhtml,workbook
Pag040467,IV,467,https://epub3.kb.dk/hcadag/epub3/EPUB/hcadag04_498_467.xhtml,workbook
Pag040468,IV,468,https://epub3.kb.dk/hcadag/epub3/EPUB/hcadag04_499_468.xhtml,workbook
Pag040469,IV,469,https://epub3.kb.dk/hcadag/epub3/EPUB/hcadag04_500_469.xhtml,workbook
Pag040470,IV,470,https://epub3.kb.dk/hcadag/epub3/EPUB/hcadag04_501_470.xhtml,workbook
Pag040471,IV,471,https://epub3.kb.dk/hcadag/epub3/EPUB/hcadag04_502_471.xhtml,workbook
Pag040472,IV,472,https://epub3.kb.dk/hcadag/epub3/EPUB/hcadag04_503_472.xhtml,workbook
Pag040473,IV,473,https://epub3.kb.dk/hcadag/epub3/EPUB/hcadag04_504_473.xhtml,workbook
Pag040474,IV,474,https://epub3.kb.dk/hcadag/epub3/EPUB/hcadag04_505_474.xhtml,workbook
Pag040475,IV,475,https://epub3.kb.dk/hcadag/epub3/EPUB/hcadag04_506_475.xhtml,workbook
Pag040476,IV,476,https://epub3.kb.dk/hcadag/epub3/EPUB/hcadag04_507_476.xhtml,workbook
Pag050001,V,1,https://epub3.kb.dk/hcadag/epub3/EPUB/hcadag05_021_1.xhtml,workbook
Pag050002,V,2,https://epub3.kb.dk/hcadag/epub3/EPUB/hcadag05_022_2.xhtml,workbook
Pag050003,V,3,https://epub3.kb.dk/hcadag/epub3/EPUB/hcadag05_023_3.xhtml,workbook
Pag050004,V,4,https://epub3.kb.dk/hcadag/epub3/EPUB/hcadag05_024_4.xhtml,workbook
Pag050005,V,5,https://epub3.kb.dk/hcadag/epub3/EPUB/hcadag05_025_5.xhtml,workbook
Pag050006,V,6,https://epub3.kb.dk/hcadag/epub3/EPUB/hcadag05_026_6.xhtml,workbook
Pag050007,V,7,https://epub3.kb.dk/hcadag/epub3/EPUB/hcadag05_027_7.xhtml,workbook
Pag050008,V,8,https://epub3.kb.dk/hcadag/epub3/EPUB/hcadag05_028_8.xhtml,workbook
Pag050009,V,9,https://epub3.kb.dk/hcadag/epub3/EPUB/hcadag05_029_9.xhtml,workbook
Pag050010,V,10,https://epub3.kb.dk/hcadag/epub3/EPUB/hcadag05_030_10.xhtml,workbook
Pag050011,V,11,https://epub3.kb.dk/hcadag/epub3/EPUB/hcadag05_031_11.xhtml,workbook
Pag050012,V,12,https://epub3.kb.dk/hcadag/epub3/EPUB/hcadag05_032_12.xhtml,workbook
Pag050013,V,13,https://epub3.kb.dk/hcadag/epub3/EPUB/hcadag05_033_13.xhtml,workbook
Pag050014,V,14,https://epub3.kb.dk/hcadag/epub3/EPUB/hcadag05_034_14.xhtml,workbook
Pag050015,V,15,https://epub3.kb.dk/hcadag/epub3/EPUB/hcadag05_035_15.xhtml,workbook
Pag050016,V,16,https://epub3.kb.dk/hcadag/epub3/EPUB/hcadag05_036_16.xhtml,workbook
Pag050017,V,17,https://epub3.kb.dk/hcadag/epub3/EPUB/hcadag05_037_17.xhtml,workbook
Pag050018,V,18,https://epub3.kb.dk/hcadag/epub3/EPUB/hcadag05_038_18.xhtml,workbook
Pag050019,V,19,https://epub3.kb.dk/hcadag/epub3/EPUB/hcadag05_039_19.xhtml,workbook
Pag050020,V,20,https://epub3.kb.dk/hcadag/epub3/EPUB/hcadag05_040_20.xhtml,workbook
Pag050021,V,21,https://epub3.kb.dk/hcadag/epub3/EPUB/hcadag05_041_21.xhtml,workbook
Pag050022,V,22,https://epub3.kb.dk/hcadag/epub3/EPUB/hcadag05_042_22.xhtml,workbook
Pag050023,V,23,https://epub3.kb.dk/hcadag/epub3/EPUB/hcadag05_043_23.xhtml,workbook
Pag050024,V,24,https://epub3.kb.dk/hcadag/epub3/EPUB/hcadag05_044_24.xhtml,workbook
Pag050025,V,25,https://epub3.kb.dk/hcadag/epub3/EPUB/hcadag05_045_25.xhtml,workbook
Pag050026,V,26,https://epub3.kb.dk/hcadag/epub3/EPUB/hcadag05_046_26.xhtml,workbook
Pag050027,V,27,https://epub3.kb.dk/hcadag/epub3/EPUB/hcadag05_047_27.xhtml,workbook
Pag050028,V,28,https://epub3.kb.dk/hcadag/epub3/EPUB/hcadag05_048_28.xhtml,workbook
Pag050029,V,29,https://epub3.kb.dk/hcadag/epub3/EPUB/hcadag05_049_29.xhtml,workbook
Pag050030,V,30,https://epub3.kb.dk/hcadag/epub3/EPUB/hcadag05_050_30.xhtml,workbook
Pag050031,V,31,https://epub3.kb.dk/hcadag/epub3/EPUB/hcadag05_051_31.xhtml,workbook
Pag050032,V,32,https://epub3.kb.dk/hcadag/epub3/EPUB/hcadag05_052_32.xhtml,workbook
Pag050033,V,33,https://epub3.kb.dk/hcadag/epub3/EPUB/hcadag05_053_33.xhtml,workbook
Pag050034,V,34,https://epub3.kb.dk/hcadag/epub3/EPUB/hcadag05_054_34.xhtml,workbook
Pag050035,V,35,https://epub3.kb.dk/hcadag/epub3/EPUB/hcadag05_055_35.xhtml,workbook
Pag050036,V,36,https://epub3.kb.dk/hcadag/epub3/EPUB/hcadag05_056_36.xhtml,workbook
Pag050037,V,37,https://epub3.kb.dk/hcadag/epub3/EPUB/hcadag05_057_37.xhtml,workbook
Pag050038,V,38,https://epub3.kb.dk/hcadag/epub3/EPUB/hcadag05_058_38.xhtml,workbook
Pag050039,V,39,https://epub3.kb.dk/hcadag/epub3/EPUB/hcadag05_059_39.xhtml,workbook
Pag050040,V,40,https://epub3.kb.dk/hcadag/epub3/EPUB/hcadag05_060_40.xhtml,workbook
Pag050041,V,41,https://epub3.kb.dk/hcadag/epub3/EPUB/hcadag05_061_41.xhtml,workbook
Pag050042,V,42,https://epub3.kb.dk/hcadag/epub3/EPUB/hcadag05_062_42.xhtml,workbook
Pag050043,V,43,https://epub3.kb.dk/hcadag/epub3/EPUB/hcadag05_063_43.xhtml,workbook
Pag050044,V,44,https://epub3.kb.dk/hcadag/epub3/EPUB/hcadag05_064_44.xhtml,workbook
Pag050045,V,45,https://epub3.kb.dk/hcadag/epub3/EPUB/hcadag05_065_45.xhtml,workbook
Pag050046,V,46,https://epub3.kb.dk/hcadag/epub3/EPUB/hcadag05_066_46.xhtml,workbook
Pag050047,V,47,https://epub3.kb.dk/hcadag/epub3/EPUB/hcadag05_067_47.xhtml,workbook
Pag050048,V,48,https://epub3.kb.dk/hcadag/epub3/EPUB/hcadag05_068_48.xhtml,workbook
Pag050049,V,49,https://epub3.kb.dk/hcadag/epub3/EPUB/hcadag05_069_49.xhtml,workbook
Pag050050,V,50,https://epub3.kb.dk/hcadag/epub3/EPUB/hcadag05_070_50.xhtml,workbook
Pag050051,V,51,https://epub3.kb.dk/hcadag/epub3/EPUB/hcadag05_071_51.xhtml,workbook
Pag050052,V,52,https://epub3.kb.dk/hcadag/epub3/EPUB/hcadag05_072_52.xhtml,workbook
Pag050053,V,53,https://epub3.kb.dk/hcadag/epub3/EPUB/hcadag05_073_53.xhtml,workbook
Pag050054,V,54,https://epub3.kb.dk/hcadag/epub3/EPUB/hcadag05_074_54.xhtml,workbook
Pag050055,V,55,https://epub3.kb.dk/hcadag/epub3/EPUB/hcadag05_075_55.xhtml,workbook
Pag050056,V,56,https://epub3.kb.dk/hcadag/epub3/EPUB/hcadag05_076_56.xhtml,workbook
Pag050057,V,57,https://epub3.kb.dk/hcadag/epub3/EPUB/hcadag05_077_57.xhtml,workbook
Pag050058,V,58,https://epub3.kb.dk/hcadag/epub3/EPUB/hcadag05_078_58.xhtml,workbook
Pag050059,V,59,https://epub3.kb.dk/hcadag/epub3/EPUB/hcadag05_079_59.xhtml,workbook
Pag050060,V,60,https://epub3.kb.dk/hcadag/epub3/EPUB/hcadag05_080_60.xhtml,workbook
Pag050061,V,61,https://epub3.kb.dk/hcadag/epub3/EPUB/hcadag05_081_61.xhtml,workbook
Pag050062,V,62,https://epub3.kb.dk/hcadag/epub3/EPUB/hcadag05_082_62.xhtml,workbook
Pag050063,V,63,https://epub3.kb.dk/hcadag/epub3/EPUB/hcadag05_083_63.xhtml,workbook
Pag050064,V,64,https://epub3.kb.dk/hcadag/epub3/EPUB/hcadag05_084_64.xhtml,workbook
Pag050065,V,65,https://epub3.kb.dk/hcadag/epub3/EPUB/hcadag05_085_65.xhtml,workbook
Pag050066,V,66,https://epub3.kb.dk/hcadag/epub3/EPUB/hcadag05_086_66.xhtml,workbook
Pag050067,V,67,https://epub3.kb.dk/hcadag/epub3/EPUB/hcadag05_087_67.xhtml,workbook
Pag050068,V,68,https://epub3.kb.dk/hcadag/epub3/EPUB/hcadag05_088_68.xhtml,workbook
Pag050069,V,69,https://epub3.kb.dk/hcadag/epub3/EPUB/hcadag05_089_69.xhtml,workbook
Pag050070,V,70,https://epub3.kb.dk/hcadag/epub3/EPUB/hcadag05_090_70.xhtml,workbook
Pag050071,V,71,https://epub3.kb.dk/hcadag/epub3/EPUB/hcadag05_091_71.xhtml,workbook
Pag050072,V,72,https://epub3.kb.dk/hcadag/epub3/EPUB/hcadag05_092_72.xhtml,workbook
Pag050073,V,73,https://epub3.kb.dk/hcadag/epub3/EPUB/hcadag05_093_73.xhtml,workbook
Pag050074,V,74,https://epub3.kb.dk/hcadag/epub3/EPUB/hcadag05_094_74.xhtml,workbook
Pag050075,V,75,https://epub3.kb.dk/hcadag/epub3/EPUB/hcadag05_095_75.xhtml,workbook
Pag050076,V,76,https://epub3.kb.dk/hcadag/epub3/EPUB/hcadag05_096_76.xhtml,workbook
Pag050077,V,77,https://epub3.kb.dk/hcadag/epub3/EPUB/hcadag05_097_77.xhtml,workbook
Pag050078,V,78,https://epub3.kb.dk/hcadag/epub3/EPUB/hcadag05_098_78.xhtml,workbook
Pag050079,V,79,https://epub3.kb.dk/hcadag/epub3/EPUB/hcadag05_099_79.xhtml,workbook
Pag050080,V,80,https://epub3.kb.dk/hcadag/epub3/EPUB/hcadag05_100_80.xhtml,workbook
Pag050081,V,81,https://epub3.kb.dk/hcadag/epub3/EPUB/hcadag05_101_81.xhtml,workbook
Pag050082,V,82,https://epub3.kb.dk/hcadag/epub3/EPUB/hcadag05_102_82.xhtml,workbook
Pag050083,V,83,https://epub3.kb.dk/hcadag/epub3/EPUB/hcadag05_103_83.xhtml,workbook
Pag050084,V,84,https://epub3.kb.dk/hcadag/epub3/EPUB/hcadag05_104_84.xhtml,workbook
Pag050085,V,85,https://epub3.kb.dk/hcadag/epub3/EPUB/hcadag05_105_85.xhtml,workbook
Pag050086,V,86,https://epub3.kb.dk/hcadag/epub3/EPUB/hcadag05_106_86.xhtml,workbook
Pag050087,V,87,https://epub3.kb.dk/hcadag/epub3/EPUB/hcadag05_107_87.xhtml,workbook
Pag050088,V,88,https://epub3.kb.dk/hcadag/epub3/EPUB/hcadag05_108_88.xhtml,workbook
Pag050089,V,89,https://epub3.kb.dk/hcadag/epub3/EPUB/hcadag05_109_89.xhtml,workbook
Pag050090,V,90,https://epub3.kb.dk/hcadag/epub3/EPUB/hcadag05_110_90.xhtml,workbook
Pag050091,V,91,https://epub3.kb.dk/hcadag/epub3/EPUB/hcadag05_111_91.xhtml,workbook
Pag050092,V,92,https://epub3.kb.dk/hcadag/epub3/EPUB/hcadag05_112_92.xhtml,workbook
Pag050093,V,93,https://epub3.kb.dk/hcadag/epub3/EPUB/hcadag05_113_93.xhtml,workbook
Pag050094,V,94,https://epub3.kb.dk/hcadag/epub3/EPUB/hcadag05_114_94.xhtml,workbook
Pag050095,V,95,https://epub3.kb.dk/hcadag/epub3/EPUB/hcadag05_115_95.xhtml,workbook
Pag050096,V,96,https://epub3.kb.dk/hcadag/epub3/EPUB/hcadag05_116_96.xhtml,workbook
Pag050097,V,97,https://epub3.kb.dk/hcadag/epub3/EPUB/hcadag05_117_97.xhtml,workbook
Pag050098,V,98,https://epub3.kb.dk/hcadag/epub3/EPUB/hcadag05_118_98.xhtml,workbook
Pag050099,V,99,https://epub3.kb.dk/hcadag/epub3/EPUB/hcadag05_119_99.xhtml,workbook
Pag050100,V,100,https://epub3.kb.dk/hcadag/epub3/EPUB/hcadag05_120_100.xhtml,workbook
Pag050101,V,101,https://epub3.kb.dk/hcadag/epub3/EPUB/hcadag05_121_101.xhtml,workbook
Pag050102,V,102,https://epub3.kb.dk/hcadag/epub3/EPUB/hcadag05_122_102.xhtml,workbook
Pag050103,V,103,https://epub3.kb.dk/hcadag/epub3/EPUB/hcadag05_123_103.xhtml,workbook
Pag050104,V,104,https://epub3.kb.dk/hcadag/epub3/EPUB/hcadag05_124_104.xhtml,workbook
Pag050105,V,105,https://epub3.kb.dk/hcadag/epub3/EPUB/hcadag05_125_105.xhtml,workbook
Pag050106,V,106,https://epub3.kb.dk/hcadag/epub3/EPUB/hcadag05_126_106.xhtml,workbook
Pag050107,V,107,https://epub3.kb.dk/hcadag/epub3/EPUB/hcadag05_127_107.xhtml,workbook
Pag050108,V,108,https://epub3.kb.dk/hcadag/epub3/EPUB/hcadag05_128_108.xhtml,workbook
Pag050109,V,109,https://epub3.kb.dk/hcadag/epub3/EPUB/hcadag05_129_109.xhtml,workbook
Pag050110,V,110,https://epub3.kb.dk/hcadag/epub3/EPUB/hcadag05_130_110.xhtml,workbook
Pag050111,V,111,https://epub3.kb.dk/hcadag/epub3/EPUB/hcadag05_131_111.xhtml,workbook
Pag050112,V,112,https://epub3.kb.dk/hcadag/epub3/EPUB/hcadag05_132_112.xhtml,workbook
Pag050113,V,113,https://epub3.kb.dk/hcadag/epub3/EPUB/hcadag05_133_113.xhtml,workbook
Pag050114,V,114,https://epub3.kb.dk/hcadag/epub3/EPUB/hcadag05_134_114.xhtml,workbook
Pag050115,V,115,https://epub3.kb.dk/hcadag/epub3/EPUB/hcadag05_135_115.xhtml,workbook
Pag050116,V,116,https://epub3.kb.dk/hcadag/epub3/EPUB/hcadag05_136_116.xhtml,workbook
Pag050117,V,117,https://epub3.kb.dk/hcadag/epub3/EPUB/hcadag05_137_117.xhtml,workbook
Pag050118,V,118,https://epub3.kb.dk/hcadag/epub3/EPUB/hcadag05_138_118.xhtml,workbook
Pag050119,V,119,https://epub3.kb.dk/hcadag/epub3/EPUB/hcadag05_139_119.xhtml,workbook
Pag050120,V,120,https://epub3.kb.dk/hcadag/epub3/EPUB/hcadag05_140_120.xhtml,workbook
Pag050121,V,121,https://epub3.kb.dk/hcadag/epub3/EPUB/hcadag05_141_121.xhtml,workbook
Pag050122,V,122,https://epub3.kb.dk/hcadag/epub3/EPUB/hcadag05_142_122.xhtml,workbook
Pag050123,V,123,https://epub3.kb.dk/hcadag/epub3/EPUB/hcadag05_143_123.xhtml,workbook
Pag050124,V,124,https://epub3.kb.dk/hcadag/epub3/EPUB/hcadag05_144_124.xhtml,workbook
Pag050125,V,125,https://epub3.kb.dk/hcadag/epub3/EPUB/hcadag05_145_125.xhtml,workbook
Pag050126,V,126,https://epub3.kb.dk/hcadag/epub3/EPUB/hcadag05_146_126.xhtml,workbook
Pag050127,V,127,https://epub3.kb.dk/hcadag/epub3/EPUB/hcadag05_147_127.xhtml,workbook
Pag050128,V,128,https://epub3.kb.dk/hcadag/epub3/EPUB/hcadag05_148_128.xhtml,workbook
Pag050129,V,129,https://epub3.kb.dk/hcadag/epub3/EPUB/hcadag05_149_129.xhtml,workbook
Pag050130,V,130,https://epub3.kb.dk/hcadag/epub3/EPUB/hcadag05_150_130.xhtml,workbook
Pag050131,V,131,https://epub3.kb.dk/hcadag/epub3/EPUB/hcadag05_151_131.xhtml,workbook
Pag050132,V,132,https://epub3.kb.dk/hcadag/epub3/EPUB/hcadag05_152_132.xhtml,workbook
Pag050133,V,133,https://epub3.kb.dk/hcadag/epub3/EPUB/hcadag05_153_133.xhtml,workbook
Pag050134,V,134,https://epub3.kb.dk/hcadag/epub3/EPUB/hcadag05_154_134.xhtml,workbook
Pag050135,V,135,https://epub3.kb.dk/hcadag/epub3/EPUB/hcadag05_155_135.xhtml,workbook
Pag050136,V,136,https://epub3.kb.dk/hcadag/epub3/EPUB/hcadag05_156_136.xhtml,workbook
Pag050137,V,137,https://epub3.kb.dk/hcadag/epub3/EPUB/hcadag05_157_137.xhtml,workbook
Pag050138,V,138,https://epub3.kb.dk/hcadag/epub3/EPUB/hcadag05_158_138.xhtml,workbook
Pag050139,V,139,https://epub3.kb.dk/hcadag/epub3/EPUB/hcadag05_159_139.xhtml,workbook
Pag050140,V,140,https://epub3.kb.dk/hcadag/epub3/EPUB/hcadag05_160_140.xhtml,workbook
Pag050141,V,141,https://epub3.kb.dk/hcadag/epub3/EPUB/hcadag05_161_141.xhtml,workbook
Pag050142,V,142,https://epub3.kb.dk/hcadag/epub3/EPUB/hcadag05_162_142.xhtml,workbook
Pag050143,V,143,https://epub3.kb.dk/hcadag/epub3/EPUB/hcadag05_163_143.xhtml,workbook
Pag050144,V,144,https://epub3.kb.dk/hcadag/epub3/EPUB/hcadag05_164_144.xhtml,workbook
Pag050145,V,145,https://epub3.kb.dk/hcadag/epub3/EPUB/hcadag05_165_145.xhtml,workbook
Pag050146,V,146,https://epub3.kb.dk/hcadag/epub3/EPUB/hcadag05_166_146.xhtml,workbook
Pag050147,V,147,https://epub3.kb.dk/hcadag/epub3/EPUB/hcadag05_167_147.xhtml,workbook
Pag050148,V,148,https://epub3.kb.dk/hcadag/epub3/EPUB/hcadag05_168_148.xhtml,workbook
Pag050149,V,149,https://epub3.kb.dk/hcadag/epub3/EPUB/hcadag05_169_149.xhtml,workbook
Pag050150,V,150,https://epub3.kb.dk/hcadag/epub3/EPUB/hcadag05_170_150.xhtml,workbook
Pag050151,V,151,https://epub3.kb.dk/hcadag/epub3/EPUB/hcadag05_171_151.xhtml,workbook
Pag050152,V,152,https://epub3.kb.dk/hcadag/epub3/EPUB/hcadag05_172_152.xhtml,workbook
Pag050153,V,153,https://epub3.kb.dk/hcadag/epub3/EPUB/hcadag05_173_153.xhtml,workbook
Pag050154,V,154,https://epub3.kb.dk/hcadag/epub3/EPUB/hcadag05_174_154.xhtml,workbook
Pag050155,V,155,https://epub3.kb.dk/hcadag/epub3/EPUB/hcadag05_175_155.xhtml,workbook
Pag050156,V,156,https://epub3.kb.dk/hcadag/epub3/EPUB/hcadag05_176_156.xhtml,workbook
Pag050157,V,157,https://epub3.kb.dk/hcadag/epub3/EPUB/hcadag05_177_157.xhtml,workbook
Pag050158,V,158,https://epub3.kb.dk/hcadag/epub3/EPUB/hcadag05_178_158.xhtml,workbook
Pag050159,V,159,https://epub3.kb.dk/hcadag/epub3/EPUB/hcadag05_179_159.xhtml,workbook
Pag050160,V,160,https://epub3.kb.dk/hcadag/epub3/EPUB/hcadag05_180_160.xhtml,workbook
Pag050161,V,161,https://epub3.kb.dk/hcadag/epub3/EPUB/hcadag05_181_161.xhtml,workbook
Pag050162,V,162,https://epub3.kb.dk/hcadag/epub3/EPUB/hcadag05_182_162.xhtml,workbook
Pag050163,V,163,https://epub3.kb.dk/hcadag/epub3/EPUB/hcadag05_183_163.xhtml,workbook
Pag050164,V,164,https://epub3.kb.dk/hcadag/epub3/EPUB/hcadag05_184_164.xhtml,workbook
Pag050165,V,165,https://epub3.kb.dk/hcadag/epub3/EPUB/hcadag05_185_165.xhtml,workbook
Pag050166,V,166,https://epub3.kb.dk/hcadag/epub3/EPUB/hcadag05_186_166.xhtml,workbook
Pag050167,V,167,https://epub3.kb.dk/hcadag/epub3/EPUB/hcadag05_187_167.xhtml,workbook
Pag050168,V,168,https://epub3.kb.dk/hcadag/epub3/EPUB/hcadag05_188_168.xhtml,workbook
Pag050169,V,169,https://epub3.kb.dk/hcadag/epub3/EPUB/hcadag05_189_169.xhtml,workbook
Pag050170,V,170,https://epub3.kb.dk/hcadag/epub3/EPUB/hcadag05_190_170.xhtml,workbook
Pag050171,V,171,https://epub3.kb.dk/hcadag/epub3/EPUB/hcadag05_191_171.xhtml,workbook
Pag050172,V,172,https://epub3.kb.dk/hcadag/epub3/EPUB/hcadag05_192_172.xhtml,workbook
Pag050173,V,173,https://epub3.kb.dk/hcadag/epub3/EPUB/hcadag05_193_173.xhtml,workbook
Pag050174,V,174,https://epub3.kb.dk/hcadag/epub3/EPUB/hcadag05_194_174.xhtml,workbook
Pag050175,V,175,https://epub3.kb.dk/hcadag/epub3/EPUB/hcadag05_195_175.xhtml,workbook
Pag050176,V,176,https://epub3.kb.dk/hcadag/epub3/EPUB/hcadag05_196_176.xhtml,workbook
Pag050177,V,177,https://epub3.kb.dk/hcadag/epub3/EPUB/hcadag05_197_177.xhtml,workbook
Pag050178,V,178,https://epub3.kb.dk/hcadag/epub3/EPUB/hcadag05_198_178.xhtml,workbook
Pag050179,V,179,https://epub3.kb.dk/hcadag/epub3/EPUB/hcadag05_199_179.xhtml,workbook
Pag050180,V,180,https://epub3.kb.dk/hcadag/epub3/EPUB/hcadag05_200_180.xhtml,workbook
Pag050181,V,181,https://epub3.kb.dk/hcadag/epub3/EPUB/hcadag05_201_181.xhtml,workbook
Pag050182,V,182,https://epub3.kb.dk/hcadag/epub3/EPUB/hcadag05_202_182.xhtml,workbook
Pag050183,V,183,https://epub3.kb.dk/hcadag/epub3/EPUB/hcadag05_203_183.xhtml,workbook
Pag050184,V,184,https://epub3.kb.dk/hcadag/epub3/EPUB/hcadag05_204_184.xhtml,workbook
Pag050185,V,185,https://epub3.kb.dk/hcadag/epub3/EPUB/hcadag05_205_185.xhtml,workbook
Pag050186,V,186,https://epub3.kb.dk/hcadag/epub3/EPUB/hcadag05_206_186.xhtml,workbook
Pag050187,V,187,https://epub3.kb.dk/hcadag/epub3/EPUB/hcadag05_207_187.xhtml,workbook
Pag050188,V,188,https://epub3.kb.dk/hcadag/epub3/EPUB/hcadag05_208_188.xhtml,workbook
Pag050189,V,189,https://epub3.kb.dk/hcadag/epub3/EPUB/hcadag05_209_189.xhtml,workbook
Pag050190,V,190,https://epub3.kb.dk/hcadag/epub3/EPUB/hcadag05_210_190.xhtml,workbook
Pag050191,V,191,https://epub3.kb.dk/hcadag/epub3/EPUB/hcadag05_211_191.xhtml,workbook
Pag050192,V,192,https://epub3.kb.dk/hcadag/epub3/EPUB/hcadag05_212_192.xhtml,workbook
Pag050193,V,193,https://epub3.kb.dk/hcadag/epub3/EPUB/hcadag05_213_193.xhtml,workbook
Pag050194,V,194,https://epub3.kb.dk/hcadag/epub3/EPUB/hcadag05_214_194.xhtml,workbook
Pag050195,V,195,https://epub3.kb.dk/hcadag/epub3/EPUB/hcadag05_215_195.xhtml,workbook
Pag050196,V,196,https://epub3.kb.dk/hcadag/epub3/EPUB/hcadag05_216_196.xhtml,workbook
Pag050197,V,197,https://epub3.kb.dk/hcadag/epub3/EPUB/hcadag05_217_197.xhtml,workbook
Pag050198,V,198,https://epub3.kb.dk/hcadag/epub3/EPUB/hcadag05_218_198.xhtml,workbook
Pag050199,V,199,https://epub3.kb.dk/hcadag/epub3/EPUB/hcadag05_219_199.xhtml,workbook
Pag050200,V,200,https://epub3.kb.dk/hcadag/epub3/EPUB/hcadag05_220_200.xhtml,workbook
Pag050201,V,201,https://epub3.kb.dk/hcadag/epub3/EPUB/hcadag05_221_201.xhtml,workbook
Pag050202,V,202,https://epub3.kb.dk/hcadag/epub3/EPUB/hcadag05_222_202.xhtml,workbook
Pag050203,V,203,https://epub3.kb.dk/hcadag/epub3/EPUB/hcadag05_223_203.xhtml,workbook
Pag050204,V,204,https://epub3.kb.dk/hcadag/epub3/EPUB/hcadag05_224_204.xhtml,workbook
Pag050205,V,205,https://epub3.kb.dk/hcadag/epub3/EPUB/hcadag05_225_205.xhtml,workbook
Pag050206,V,206,https://epub3.kb.dk/hcadag/epub3/EPUB/hcadag05_226_206.xhtml,workbook
Pag050207,V,207,https://epub3.kb.dk/hcadag/epub3/EPUB/hcadag05_227_207.xhtml,workbook
Pag050208,V,208,https://epub3.kb.dk/hcadag/epub3/EPUB/hcadag05_228_208.xhtml,workbook
Pag050209,V,209,https://epub3.kb.dk/hcadag/epub3/EPUB/hcadag05_229_209.xhtml,workbook
Pag050210,V,210,https://epub3.kb.dk/hcadag/epub3/EPUB/hcadag05_230_210.xhtml,workbook
Pag050211,V,211,https://epub3.kb.dk/hcadag/epub3/EPUB/hcadag05_231_211.xhtml,workbook
Pag050212,V,212,https://epub3.kb.dk/hcadag/epub3/EPUB/hcadag05_232_212.xhtml,workbook
Pag050213,V,213,https://epub3.kb.dk/hcadag/epub3/EPUB/hcadag05_233_213.xhtml,workbook
Pag050214,V,214,https://epub3.kb.dk/hcadag/epub3/EPUB/hcadag05_234_214.xhtml,workbook
Pag050215,V,215,https://epub3.kb.dk/hcadag/epub3/EPUB/hcadag05_235_215.xhtml,workbook
Pag050216,V,216,https://epub3.kb.dk/hcadag/epub3/EPUB/hcadag05_236_216.xhtml,workbook
Pag050217,V,217,https://epub3.kb.dk/hcadag/epub3/EPUB/hcadag05_237_217.xhtml,workbook
Pag050218,V,218,https://epub3.kb.dk/hcadag/epub3/EPUB/hcadag05_238_218.xhtml,workbook
Pag050219,V,219,https://epub3.kb.dk/hcadag/epub3/EPUB/hcadag05_239_219.xhtml,workbook
Pag050220,V,220,https://epub3.kb.dk/hcadag/epub3/EPUB/hcadag05_240_220.xhtml,workbook
Pag050221,V,221,https://epub3.kb.dk/hcadag/epub3/EPUB/hcadag05_241_221.xhtml,workbook
Pag050222,V,222,https://epub3.kb.dk/hcadag/epub3/EPUB/hcadag05_242_222.xhtml,workbook
Pag050223,V,223,https://epub3.kb.dk/hcadag/epub3/EPUB/hcadag05_243_223.xhtml,workbook
Pag050224,V,224,https://epub3.kb.dk/hcadag/epub3/EPUB/hcadag05_244_224.xhtml,workbook
Pag050225,V,225,https://epub3.kb.dk/hcadag/epub3/EPUB/hcadag05_245_225.xhtml,workbook
Pag050226,V,226,https://epub3.kb.dk/hcadag/epub3/EPUB/hcadag05_246_226.xhtml,workbook
Pag050227,V,227,https://epub3.kb.dk/hcadag/epub3/EPUB/hcadag05_247_227.xhtml,workbook
Pag050228,V,228,https://epub3.kb.dk/hcadag/epub3/EPUB/hcadag05_248_228.xhtml,workbook
Pag050229,V,229,https://epub3.kb.dk/hcadag/epub3/EPUB/hcadag05_249_229.xhtml,workbook
Pag050230,V,230,https://epub3.kb.dk/hcadag/epub3/EPUB/hcadag05_250_230.xhtml,workbook
Pag050231,V,231,https://epub3.kb.dk/hcadag/epub3/EPUB/hcadag05_251_231.xhtml,workbook
Pag050232,V,232,https://epub3.kb.dk/hcadag/epub3/EPUB/hcadag05_252_232.xhtml,workbook
Pag050233,V,233,https://epub3.kb.dk/hcadag/epub3/EPUB/hcadag05_253_233.xhtml,workbook
Pag050234,V,234,https://epub3.kb.dk/hcadag/epub3/EPUB/hcadag05_254_234.xhtml,workbook
Pag050235,V,235,https://epub3.kb.dk/hcadag/epub3/EPUB/hcadag05_255_235.xhtml,workbook
Pag050236,V,236,https://epub3.kb.dk/hcadag/epub3/EPUB/hcadag05_256_236.xhtml,workbook
Pag050237,V,237,https://epub3.kb.dk/hcadag/epub3/EPUB/hcadag05_257_237.xhtml,workbook
Pag050238,V,238,https://epub3.kb.dk/hcadag/epub3/EPUB/hcadag05_258_238.xhtml,workbook
Pag050239,V,239,https://epub3.kb.dk/hcadag/epub3/EPUB/hcadag05_259_239.xhtml,workbook
Pag050240,V,240,https://epub3.kb.dk/hcadag/epub3/EPUB/hcadag05_260_240.xhtml,workbook
Pag050241,V,241,https://epub3.kb.dk/hcadag/epub3/EPUB/hcadag05_261_241.xhtml,workbook
Pag050242,V,242,https://epub3.kb.dk/hcadag/epub3/EPUB/hcadag05_262_242.xhtml,workbook
Pag050243,V,243,https://epub3.kb.dk/hcadag/epub3/EPUB/hcadag05_263_243.xhtml,workbook
Pag050244,V,244,https://epub3.kb.dk/hcadag/epub3/EPUB/hcadag05_264_244.xhtml,workbook
Pag050245,V,245,https://epub3.kb.dk/hcadag/epub3/EPUB/hcadag05_265_245.xhtml,workbook
Pag050246,V,246,https://epub3.kb.dk/hcadag/epub3/EPUB/hcadag05_266_246.xhtml,workbook
Pag050247,V,247,https://epub3.kb.dk/hcadag/epub3/EPUB/hcadag05_267_247.xhtml,workbook
Pag050248,V,248,https://epub3.kb.dk/hcadag/epub3/EPUB/hcadag05_268_248.xhtml,workbook
Pag050249,V,249,https://epub3.kb.dk/hcadag/epub3/EPUB/hcadag05_269_249.xhtml,workbook
Pag050250,V,250,https://epub3.kb.dk/hcadag/epub3/EPUB/hcadag05_270_250.xhtml,workbook
Pag050251,V,251,https://epub3.kb.dk/hcadag/epub3/EPUB/hcadag05_271_251.xhtml,workbook
Pag050252,V,252,https://epub3.kb.dk/hcadag/epub3/EPUB/hcadag05_272_252.xhtml,workbook
Pag050253,V,253,https://epub3.kb.dk/hcadag/epub3/EPUB/hcadag05_273_253.xhtml,workbook
Pag050254,V,254,https://epub3.kb.dk/hcadag/epub3/EPUB/hcadag05_274_254.xhtml,workbook
Pag050255,V,255,https://epub3.kb.dk/hcadag/epub3/EPUB/hcadag05_275_255.xhtml,workbook
Pag050256,V,256,https://epub3.kb.dk/hcadag/epub3/EPUB/hcadag05_276_256.xhtml,workbook
Pag050257,V,257,https://epub3.kb.dk/hcadag/epub3/EPUB/hcadag05_277_257.xhtml,workbook
Pag050258,V,258,https://epub3.kb.dk/hcadag/epub3/EPUB/hcadag05_278_258.xhtml,workbook
Pag050259,V,259,https://epub3.kb.dk/hcadag/epub3/EPUB/hcadag05_279_259.xhtml,workbook
Pag050260,V,260,https://epub3.kb.dk/hcadag/epub3/EPUB/hcadag05_280_260.xhtml,workbook
Pag050261,V,261,https://epub3.kb.dk/hcadag/epub3/EPUB/hcadag05_281_261.xhtml,workbook
Pag050262,V,262,https://epub3.kb.dk/hcadag/epub3/EPUB/hcadag05_282_262.xhtml,workbook
Pag050263,V,263,https://epub3.kb.dk/hcadag/epub3/EPUB/hcadag05_283_263.xhtml,workbook
Pag050264,V,264,https://epub3.kb.dk/hcadag/epub3/EPUB/hcadag05_284_264.xhtml,workbook
Pag050265,V,265,https://epub3.kb.dk/hcadag/epub3/EPUB/hcadag05_285_265.xhtml,workbook
Pag050266,V,266,https://epub3.kb.dk/hcadag/epub3/EPUB/hcadag05_286_266.xhtml,workbook
Pag050267,V,267,https://epub3.kb.dk/hcadag/epub3/EPUB/hcadag05_287_267.xhtml,workbook
Pag050268,V,268,https://epub3.kb.dk/hcadag/epub3/EPUB/hcadag05_288_268.xhtml,workbook
Pag050269,V,269,https://epub3.kb.dk/hcadag/epub3/EPUB/hcadag05_289_269.xhtml,workbook
Pag050270,V,270,https://epub3.kb.dk/hcadag/epub3/EPUB/hcadag05_290_270.xhtml,workbook
Pag050271,V,271,https://epub3.kb.dk/hcadag/epub3/EPUB/hcadag05_291_271.xhtml,workbook
Pag050272,V,272,https://epub3.kb.dk/hcadag/epub3/EPUB/hcadag05_292_272.xhtml,workbook
Pag050273,V,273,https://epub3.kb.dk/hcadag/epub3/EPUB/hcadag05_293_273.xhtml,workbook
Pag050274,V,274,https://epub3.kb.dk/hcadag/epub3/EPUB/hcadag05_294_274.xhtml,workbook
Pag050275,V,275,https://epub3.kb.dk/hcadag/epub3/EPUB/hcadag05_295_275.xhtml,workbook
Pag050276,V,276,https://epub3.kb.dk/hcadag/epub3/EPUB/hcadag05_296_276.xhtml,workbook
Pag050277,V,277,https://epub3.kb.dk/hcadag/epub3/EPUB/hcadag05_297_277.xhtml,workbook
Pag050278,V,278,https://epub3.kb.dk/hcadag/epub3/EPUB/hcadag05_298_278.xhtml,workbook
Pag050279,V,279,https://epub3.kb.dk/hcadag/epub3/EPUB/hcadag05_299_279.xhtml,workbook
Pag050280,V,280,https://epub3.kb.dk/hcadag/epub3/EPUB/hcadag05_300_280.xhtml,workbook
Pag050281,V,281,https://epub3.kb.dk/hcadag/epub3/EPUB/hcadag05_301_281.xhtml,workbook
Pag050282,V,282,https://epub3.kb.dk/hcadag/epub3/EPUB/hcadag05_302_282.xhtml,workbook
Pag050283,V,283,https://epub3.kb.dk/hcadag/epub3/EPUB/hcadag05_303_283.xhtml,workbook
Pag050284,V,284,https://epub3.kb.dk/hcadag/epub3/EPUB/hcadag05_304_284.xhtml,workbook
Pag050285,V,285,https://epub3.kb.dk/hcadag/epub3/EPUB/hcadag05_305_285.xhtml,workbook
Pag050286,V,286,https://epub3.kb.dk/hcadag/epub3/EPUB/hcadag05_306_286.xhtml,workbook
Pag050287,V,287,https://epub3.kb.dk/hcadag/epub3/EPUB/hcadag05_307_287.xhtml,workbook
Pag050288,V,288,https://epub3.kb.dk/hcadag/epub3/EPUB/hcadag05_308_288.xhtml,workbook
Pag050289,V,289,https://epub3.kb.dk/hcadag/epub3/EPUB/hcadag05_309_289.xhtml,workbook
Pag050290,V,290,https://epub3.kb.dk/hcadag/epub3/EPUB/hcadag05_310_290.xhtml,workbook
Pag050291,V,291,https://epub3.kb.dk/hcadag/epub3/EPUB/hcadag05_311_291.xhtml,workbook
Pag050292,V,292,https://epub3.kb.dk/hcadag/epub3/EPUB/hcadag05_312_292.xhtml,workbook
Pag050293,V,293,https://epub3.kb.dk/hcadag/epub3/EPUB/hcadag05_313_293.xhtml,workbook
Pag050294,V,294,https://epub3.kb.dk/hcadag/epub3/EPUB/hcadag05_314_294.xhtml,workbook
Pag050295,V,295,https://epub3.kb.dk/hcadag/epub3/EPUB/hcadag05_315_295.xhtml,workbook
Pag050296,V,296,https://epub3.kb.dk/hcadag/epub3/EPUB/hcadag05_316_296.xhtml,workbook
Pag050297,V,297,https://epub3.kb.dk/hcadag/epub3/EPUB/hcadag05_317_297.xhtml,workbook
Pag050298,V,298,https://epub3.kb.dk/hcadag/epub3/EPUB/hcadag05_318_298.xhtml,workbook
Pag050299,V,299,https://epub3.kb.dk/hcadag/epub3/EPUB/hcadag05_319_299.xhtml,workbook
Pag050300,V,300,https://epub3.kb.dk/hcadag/epub3/EPUB/hcadag05_320_300.xhtml,workbook
Pag050301,V,301,https://epub3.kb.dk/hcadag/epub3/EPUB/hcadag05_321_301.xhtml,workbook
Pag050302,V,302,https://epub3.kb.dk/hcadag/epub3/EPUB/hcadag05_322_302.xhtml,workbook
Pag050303,V,303,https://epub3.kb.dk/hcadag/epub3/EPUB/hcadag05_323_303.xhtml,workbook
Pag050304,V,304,https://epub3.kb.dk/hcadag/epub3/EPUB/hcadag05_324_304.xhtml,workbook
Pag050305,V,305,https://epub3.kb.dk/hcadag/epub3/EPUB/hcadag05_325_305.xhtml,workbook
Pag050306,V,306,https://epub3.kb.dk/hcadag/epub3/EPUB/hcadag05_326_306.xhtml,workbook
Pag050307,V,307,https://epub3.kb.dk/hcadag/epub3/EPUB/hcadag05_327_307.xhtml,workbook
Pag050308,V,308,https://epub3.kb.dk/hcadag/epub3/EPUB/hcadag05_328_308.xhtml,workbook
Pag050309,V,309,https://epub3.kb.dk/hcadag/epub3/EPUB/hcadag05_329_309.xhtml,workbook
Pag050310,V,310,https://epub3.kb.dk/hcadag/epub3/EPUB/hcadag05_330_310.xhtml,workbook
Pag050311,V,311,https://epub3.kb.dk/hcadag/epub3/EPUB/hcadag05_331_311.xhtml,workbook
Pag050312,V,312,https://epub3.kb.dk/hcadag/epub3/EPUB/hcadag05_332_312.xhtml,workbook
Pag050313,V,313,https://epub3.kb.dk/hcadag/epub3/EPUB/hcadag05_333_313.xhtml,workbook
Pag050314,V,314,https://epub3.kb.dk/hcadag/epub3/EPUB/hcadag05_334_314.xhtml,workbook
Pag050315,V,315,https://epub3.kb.dk/hcadag/epub3/EPUB/hcadag05_335_315.xhtml,workbook
Pag050316,V,316,https://epub3.kb.dk/hcadag/epub3/EPUB/hcadag05_336_316.xhtml,workbook
Pag050317,V,317,https://epub3.kb.dk/hcadag/epub3/EPUB/hcadag05_337_317.xhtml,workbook
Pag050318,V,318,https://epub3.kb.dk/hcadag/epub3/EPUB/hcadag05_338_318.xhtml,workbook
Pag050319,V,319,https://epub3.kb.dk/hcadag/epub3/EPUB/hcadag05_339_319.xhtml,workbook
Pag050320,V,320,https://epub3.kb.dk/hcadag/epub3/EPUB/hcadag05_340_320.xhtml,workbook
Pag050321,V,321,https://epub3.kb.dk/hcadag/epub3/EPUB/hcadag05_341_321.xhtml,workbook
Pag050322,V,322,https://epub3.kb.dk/hcadag/epub3/EPUB/hcadag05_342_322.xhtml,workbook
Pag050323,V,323,https://epub3.kb.dk/hcadag/epub3/EPUB/hcadag05_343_323.xhtml,workbook
Pag050324,V,324,https://epub3.kb.dk/hcadag/epub3/EPUB/hcadag05_344_324.xhtml,workbook
Pag050325,V,325,https://epub3.kb.dk/hcadag/epub3/EPUB/hcadag05_345_325.xhtml,workbook
Pag050326,V,326,https://epub3.kb.dk/hcadag/epub3/EPUB/hcadag05_346_326.xhtml,workbook
Pag050327,V,327,https://epub3.kb.dk/hcadag/epub3/EPUB/hcadag05_347_327.xhtml,workbook
Pag050328,V,328,https://epub3.kb.dk/hcadag/epub3/EPUB/hcadag05_348_328.xhtml,workbook
Pag050329,V,329,https://epub3.kb.dk/hcadag/epub3/EPUB/hcadag05_349_329.xhtml,workbook
Pag050330,V,330,https://epub3.kb.dk/hcadag/epub3/EPUB/hcadag05_350_330.xhtml,workbook
Pag050331,V,331,https://epub3.kb.dk/hcadag/epub3/EPUB/hcadag05_351_331.xhtml,workbook
Pag050332,V,332,https://epub3.kb.dk/hcadag/epub3/EPUB/hcadag05_352_332.xhtml,workbook
Pag050333,V,333,https://epub3.kb.dk/hcadag/epub3/EPUB/hcadag05_353_333.xhtml,workbook
Pag050334,V,334,https://epub3.kb.dk/hcadag/epub3/EPUB/hcadag05_354_334.xhtml,workbook
Pag050335,V,335,https://epub3.kb.dk/hcadag/epub3/EPUB/hcadag05_355_335.xhtml,workbook
Pag050336,V,336,https://epub3.kb.dk/hcadag/epub3/EPUB/hcadag05_356_336.xhtml,workbook
Pag050337,V,337,https://epub3.kb.dk/hcadag/epub3/EPUB/hcadag05_357_337.xhtml,workbook
Pag050338,V,338,https://epub3.kb.dk/hcadag/epub3/EPUB/hcadag05_358_338.xhtml,workbook
Pag050339,V,339,https://epub3.kb.dk/hcadag/epub3/EPUB/hcadag05_359_339.xhtml,workbook
Pag050340,V,340,https://epub3.kb.dk/hcadag/epub3/EPUB/hcadag05_360_340.xhtml,workbook
Pag050341,V,341,https://epub3.kb.dk/hcadag/epub3/EPUB/hcadag05_361_341.xhtml,workbook
Pag050342,V,342,https://epub3.kb.dk/hcadag/epub3/EPUB/hcadag05_362_342.xhtml,workbook
Pag050343,V,343,https://epub3.kb.dk/hcadag/epub3/EPUB/hcadag05_363_343.xhtml,workbook
Pag050344,V,344,https://epub3.kb.dk/hcadag/epub3/EPUB/hcadag05_364_344.xhtml,workbook
Pag050345,V,345,https://epub3.kb.dk/hcadag/epub3/EPUB/hcadag05_365_345.xhtml,workbook
Pag050346,V,346,https://epub3.kb.dk/hcadag/epub3/EPUB/hcadag05_366_346.xhtml,workbook
Pag050347,V,347,https://epub3.kb.dk/hcadag/epub3/EPUB/hcadag05_367_347.xhtml,workbook
Pag050348,V,348,https://epub3.kb.dk/hcadag/epub3/EPUB/hcadag05_368_348.xhtml,workbook
Pag050349,V,349,https://epub3.kb.dk/hcadag/epub3/EPUB/hcadag05_369_349.xhtml,workbook
Pag050350,V,350,https://epub3.kb.dk/hcadag/epub3/EPUB/hcadag05_370_350.xhtml,workbook
Pag050351,V,351,https://epub3.kb.dk/hcadag/epub3/EPUB/hcadag05_371_351.xhtml,workbook
Pag050352,V,352,https://epub3.kb.dk/hcadag/epub3/EPUB/hcadag05_372_352.xhtml,workbook
Pag050353,V,353,https://epub3.kb.dk/hcadag/epub3/EPUB/hcadag05_373_353.xhtml,workbook
Pag050354,V,354,https://epub3.kb.dk/hcadag/epub3/EPUB/hcadag05_374_354.xhtml,workbook
Pag050355,V,355,https://epub3.kb.dk/hcadag/epub3/EPUB/hcadag05_375_355.xhtml,workbook
Pag050356,V,356,https://epub3.kb.dk/hcadag/epub3/EPUB/hcadag05_376_356.xhtml,workbook
Pag050357,V,357,https://epub3.kb.dk/hcadag/epub3/EPUB/hcadag05_377_357.xhtml,workbook
Pag050358,V,358,https://epub3.kb.dk/hcadag/epub3/EPUB/hcadag05_378_358.xhtml,workbook
Pag050359,V,359,https://epub3.kb.dk/hcadag/epub3/EPUB/hcadag05_379_359.xhtml,workbook
Pag050360,V,360,https://epub3.kb.dk/hcadag/epub3/EPUB/hcadag05_380_360.xhtml,workbook
Pag050361,V,361,https://epub3.kb.dk/hcadag/epub3/EPUB/hcadag05_381_361.xhtml,workbook
Pag050362,V,362,https://epub3.kb.dk/hcadag/epub3/EPUB/hcadag05_382_362.xhtml,workbook
Pag050363,V,363,https://epub3.kb.dk/hcadag/epub3/EPUB/hcadag05_383_363.xhtml,workbook
Pag050364,V,364,https://epub3.kb.dk/hcadag/epub3/EPUB/hcadag05_384_364.xhtml,workbook
Pag050365,V,365,https://epub3.kb.dk/hcadag/epub3/EPUB/hcadag05_385_365.xhtml,workbook
Pag050366,V,366,https://epub3.kb.dk/hcadag/epub3/EPUB/hcadag05_386_366.xhtml,workbook
Pag050367,V,367,https://epub3.kb.dk/hcadag/epub3/EPUB/hcadag05_387_367.xhtml,workbook
Pag050368,V,368,https://epub3.kb.dk/hcadag/epub3/EPUB/hcadag05_388_368.xhtml,workbook
Pag050369,V,369,https://epub3.kb.dk/hcadag/epub3/EPUB/hcadag05_389_369.xhtml,workbook
Pag050370,V,370,https://epub3.kb.dk/hcadag/epub3/EPUB/hcadag05_390_370.xhtml,workbook
Pag050371,V,371,https://epub3.kb.dk/hcadag/epub3/EPUB/hcadag05_391_371.xhtml,workbook
Pag050372,V,372,https://epub3.kb.dk/hcadag/epub3/EPUB/hcadag05_392_372.xhtml,workbook
Pag050373,V,373,https://epub3.kb.dk/hcadag/epub3/EPUB/hcadag05_393_373.xhtml,workbook
Pag050374,V,374,https://epub3.kb.dk/hcadag/epub3/EPUB/hcadag05_394_374.xhtml,workbook
Pag050375,V,375,https://epub3.kb.dk/hcadag/epub3/EPUB/hcadag05_395_375.xhtml,workbook
Pag050376,V,376,https://epub3.kb.dk/hcadag/epub3/EPUB/hcadag05_396_376.xhtml,workbook
Pag050377,V,377,https://epub3.kb.dk/hcadag/epub3/EPUB/hcadag05_397_377.xhtml,workbook
Pag050378,V,378,https://epub3.kb.dk/hcadag/epub3/EPUB/hcadag05_398_378.xhtml,workbook
Pag050379,V,379,https://epub3.kb.dk/hcadag/epub3/EPUB/hcadag05_399_379.xhtml,workbook
Pag050380,V,380,https://epub3.kb.dk/hcadag/epub3/EPUB/hcadag05_400_380.xhtml,workbook
Pag050381,V,381,https://epub3.kb.dk/hcadag/epub3/EPUB/hcadag05_401_381.xhtml,workbook
Pag050382,V,382,https://epub3.kb.dk/hcadag/epub3/EPUB/hcadag05_402_382.xhtml,workbook
Pag050383,V,383,https://epub3.kb.dk/hcadag/epub3/EPUB/hcadag05_403_383.xhtml,workbook
Pag050384,V,384,https://epub3.kb.dk/hcadag/epub3/EPUB/hcadag05_404_384.xhtml,workbook
Pag050385,V,385,https://epub3.kb.dk/hcadag/epub3/EPUB/hcadag05_405_385.xhtml,workbook
Pag050386,V,386,https://epub3.kb.dk/hcadag/epub3/EPUB/hcadag05_406_386.xhtml,workbook
Pag050387,V,387,https://epub3.kb.dk/hcadag/epub3/EPUB/hcadag05_407_387.xhtml,workbook
Pag050388,V,388,https://epub3.kb.dk/hcadag/epub3/EPUB/hcadag05_408_388.xhtml,workbook
Pag050389,V,389,https://epub3.kb.dk/hcadag/epub3/EPUB/hcadag05_409_389.xhtml,workbook
Pag050390,V,390,https://epub3.kb.dk/hcadag/epub3/EPUB/hcadag05_410_390.xhtml,workbook
Pag050391,V,391,https://epub3.kb.dk/hcadag/epub3/EPUB/hcadag05_411_391.xhtml,workbook
Pag050392,V,392,https://epub3.kb.dk/hcadag/epub3/EPUB/hcadag05_412_392.xhtml,workbook
Pag050393,V,393,https://epub3.kb.dk/hcadag/epub3/EPUB/hcadag05_413_393.xhtml,workbook
Pag050394,V,394,https://epub3.kb.dk/hcadag/epub3/EPUB/hcadag05_414_394.xhtml,workbook
Pag050395,V,395,https://epub3.kb.dk/hcadag/epub3/EPUB/hcadag05_415_395.xhtml,workbook
Pag050396,V,396,https://epub3.kb.dk/hcadag/epub3/EPUB/hcadag05_416_396.xhtml,workbook
Pag050397,V,397,https://epub3.kb.dk/hcadag/epub3/EPUB/hcadag05_417_397.xhtml,workbook
Pag050398,V,398,https://epub3.kb.dk/hcadag/epub3/EPUB/hcadag05_418_398.xhtml,workbook
Pag050399,V,399,https://epub3.kb.dk/hcadag/epub3/EPUB/hcadag05_419_399.xhtml,workbook
Pag050400,V,400,https://epub3.kb.dk/hcadag/epub3/EPUB/hcadag05_420_400.xhtml,workbook
Pag050401,V,401,https://epub3.kb.dk/hcadag/epub3/EPUB/hcadag05_421_401.xhtml,workbook
Pag050402,V,402,https://epub3.kb.dk/hcadag/epub3/EPUB/hcadag05_422_402.xhtml,workbook
Pag050403,V,403,https://epub3.kb.dk/hcadag/epub3/EPUB/hcadag05_423_403.xhtml,workbook
Pag050404,V,404,https://epub3.kb.dk/hcadag/epub3/EPUB/hcadag05_424_404.xhtml,workbook
Pag050405,V,405,https://epub3.kb.dk/hcadag/epub3/EPUB/hcadag05_425_405.xhtml,workbook
Pag050406,V,406,https://epub3.kb.dk/hcadag/epub3/EPUB/hcadag05_426_406.xhtml,workbook
Pag050407,V,407,https://epub3.kb.dk/hcadag/epub3/EPUB/hcadag05_427_407.xhtml,workbook
Pag050408,V,408,https://epub3.kb.dk/hcadag/epub3/EPUB/hcadag05_428_408.xhtml,workbook
Pag050409,V,409,https://epub3.kb.dk/hcadag/epub3/EPUB/hcadag05_429_409.xhtml,workbook
Pag050410,V,410,https://epub3.kb.dk/hcadag/epub3/EPUB/hcadag05_430_410.xhtml,workbook
Pag050411,V,411,https://epub3.kb.dk/hcadag/epub3/EPUB/hcadag05_431_411.xhtml,workbook
Pag050412,V,412,https://epub3.kb.dk/hcadag/epub3/EPUB/hcadag05_432_412.xhtml,workbook
Pag050413,V,413,https://epub3.kb.dk/hcadag/epub3/EPUB/hcadag05_433_413.xhtml,workbook
Pag050414,V,414,https://epub3.kb.dk/hcadag/epub3/EPUB/hcadag05_434_414.xhtml,workbook
Pag050415,V,415,https://epub3.kb.dk/hcadag/epub3/EPUB/hcadag05_435_415.xhtml,workbook
Pag050416,V,416,https://epub3.kb.dk/hcadag/epub3/EPUB/hcadag05_436_416.xhtml,workbook
Pag050417,V,417,https://epub3.kb.dk/hcadag/epub3/EPUB/hcadag05_437_417.xhtml,workbook
Pag050418,V,418,https://epub3.kb.dk/hcadag/epub3/EPUB/hcadag05_438_418.xhtml,workbook
Pag050419,V,419,https://epub3.kb.dk/hcadag/epub3/EPUB/hcadag05_439_419.xhtml,workbook
Pag050420,V,420,https://epub3.kb.dk/hcadag/epub3/EPUB/hcadag05_440_420.xhtml,workbook
Pag050421,V,421,https://epub3.kb.dk/hcadag/epub3/EPUB/hcadag05_441_421.xhtml,workbook
Pag050422,V,422,https://epub3.kb.dk/hcadag/epub3/EPUB/hcadag05_442_422.xhtml,workbook
Pag050423,V,423,https://epub3.kb.dk/hcadag/epub3/EPUB/hcadag05_443_423.xhtml,workbook
Pag050424,V,424,https://epub3.kb.dk/hcadag/epub3/EPUB/hcadag05_444_424.xhtml,workbook
Pag050425,V,425,https://epub3.kb.dk/hcadag/epub3/EPUB/hcadag05_445_425.xhtml,workbook
Pag050426,V,426,https://epub3.kb.dk/hcadag/epub3/EPUB/hcadag05_446_426.xhtml,workbook
Pag050427,V,427,https://epub3.kb.dk/hcadag/epub3/EPUB/hcadag05_447_427.xhtml,workbook
Pag050428,V,428,https://epub3.kb.dk/hcadag/epub3/EPUB/hcadag05_448_428.xhtml,workbook
Pag050429,V,429,https://epub3.kb.dk/hcadag/epub3/EPUB/hcadag05_449_429.xhtml,workbook
Pag050430,V,430,https://epub3.kb.dk/hcadag/epub3/EPUB/hcadag05_450_430.xhtml,workbook
Pag050431,V,431,https://epub3.kb.dk/hcadag/epub3/EPUB/hcadag05_451_431.xhtml,workbook
Pag050432,V,432,https://epub3.kb.dk/hcadag/epub3/EPUB/hcadag05_452_432.xhtml,workbook
Pag050433,V,433,https://epub3.kb.dk/hcadag/epub3/EPUB/hcadag05_453_433.xhtml,workbook
Pag050434,V,434,https://epub3.kb.dk/hcadag/epub3/EPUB/hcadag05_454_434.xhtml,workbook
Pag050435,V,435,https://epub3.kb.dk/hcadag/epub3/EPUB/hcadag05_455_435.xhtml,workbook
Pag050436,V,436,https://epub3.kb.dk/hcadag/epub3/EPUB/hcadag05_456_436.xhtml,workbook
Pag050437,V,437,https://epub3.kb.dk/hcadag/epub3/EPUB/hcadag05_457_437.xhtml,workbook
Pag050438,V,438,https://epub3.kb.dk/hcadag/epub3/EPUB/hcadag05_458_438.xhtml,workbook
Pag050439,V,439,https://epub3.kb.dk/hcadag/epub3/EPUB/hcadag05_459_439.xhtml,workbook
Pag050440,V,440,https://epub3.kb.dk/hcadag/epub3/EPUB/hcadag05_460_440.xhtml,workbook
Pag050441,V,441,https://epub3.kb.dk/hcadag/epub3/EPUB/hcadag05_461_441.xhtml,workbook
Pag050442,V,442,https://epub3.kb.dk/hcadag/epub3/EPUB/hcadag05_462_442.xhtml,workbook
Pag050443,V,443,https://epub3.kb.dk/hcadag/epub3/EPUB/hcadag05_463_443.xhtml,workbook
Pag050444,V,444,https://epub3.kb.dk/hcadag/epub3/EPUB/hcadag05_464_444.xhtml,workbook
Pag050445,V,445,https://epub3.kb.dk/hcadag/epub3/EPUB/hcadag05_465_445.xhtml,workbook
Pag050446,V,446,https://epub3.kb.dk/hcadag/epub3/EPUB/hcadag05_466_446.xhtml,workbook
Pag050447,V,447,https://epub3.kb.dk/hcadag/epub3/EPUB/hcadag05_467_447.xhtml,workbook
Pag050448,V,448,https://epub3.kb.dk/hcadag/epub3/EPUB/hcadag05_468_448.xhtml,workbook
Pag050449,V,449,https://epub3.kb.dk/hcadag/epub3/EPUB/hcadag05_469_449.xhtml,workbook
Pag050450,V,450,https://epub3.kb.dk/hcadag/epub3/EPUB/hcadag05_470_450.xhtml,workbook
Pag050451,V,451,https://epub3.kb.dk/hcadag/epub3/EPUB/hcadag05_471_451.xhtml,workbook
Pag050452,V,452,https://epub3.kb.dk/hcadag/epub3/EPUB/hcadag05_472_452.xhtml,workbook
Pag050453,V,453,https://epub3.kb.dk/hcadag/epub3/EPUB/hcadag05_473_453.xhtml,workbook
Pag050454,V,454,https://epub3.kb.dk/hcadag/epub3/EPUB/hcadag05_474_454.xhtml,workbook
Pag050455,V,455,https://epub3.kb.dk/hcadag/epub3/EPUB/hcadag05_475_455.xhtml,workbook
Pag050456,V,456,https://epub3.kb.dk/hcadag/epub3/EPUB/hcadag05_476_456.xhtml,workbook
Pag060001,VI,1,https://epub3.kb.dk/hcadag/epub3/EPUB/hcadag06_013_1.xhtml,workbook
Pag060002,VI,2,https://epub3.kb.dk/hcadag/epub3/EPUB/hcadag06_014_2.xhtml,workbook
Pag060003,VI,3,https://epub3.kb.dk/hcadag/epub3/EPUB/hcadag06_015_3.xhtml,workbook
Pag060004,VI,4,https://epub3.kb.dk/hcadag/epub3/EPUB/hcadag06_016_4.xhtml,workbook
Pag060005,VI,5,https://epub3.kb.dk/hcadag/epub3/EPUB/hcadag06_017_5.xhtml,workbook
Pag060006,VI,6,https://epub3.kb.dk/hcadag/epub3/EPUB/hcadag06_018_6.xhtml,workbook
Pag060007,VI,7,https://epub3.kb.dk/hcadag/epub3/EPUB/hcadag06_019_7.xhtml,workbook
Pag060008,VI,8,https://epub3.kb.dk/hcadag/epub3/EPUB/hcadag06_020_8.xhtml,workbook
Pag060009,VI,9,https://epub3.kb.dk/hcadag/epub3/EPUB/hcadag06_021_9.xhtml,workbook
Pag060010,VI,10,https://epub3.kb.dk/hcadag/epub3/EPUB/hcadag06_022_10.xhtml,workbook
Pag060011,VI,11,https://epub3.kb.dk/hcadag/epub3/EPUB/hcadag06_023_11.xhtml,workbook
Pag060012,VI,12,https://epub3.kb.dk/hcadag/epub3/EPUB/hcadag06_024_12.xhtml,workbook
Pag060013,VI,13,https://epub3.kb.dk/hcadag/epub3/EPUB/hcadag06_025_13.xhtml,workbook
Pag060014,VI,14,https://epub3.kb.dk/hcadag/epub3/EPUB/hcadag06_026_14.xhtml,workbook
Pag060015,VI,15,https://epub3.kb.dk/hcadag/epub3/EPUB/hcadag06_027_15.xhtml,workbook
Pag060016,VI,16,https://epub3.kb.dk/hcadag/epub3/EPUB/hcadag06_028_16.xhtml,workbook
Pag060017,VI,17,https://epub3.kb.dk/hcadag/epub3/EPUB/hcadag06_029_17.xhtml,workbook
Pag060018,VI,18,https://epub3.kb.dk/hcadag/epub3/EPUB/hcadag06_030_18.xhtml,workbook
Pag060019,VI,19,https://epub3.kb.dk/hcadag/epub3/EPUB/hcadag06_031_19.xhtml,workbook
Pag060020,VI,20,https://epub3.kb.dk/hcadag/epub3/EPUB/hcadag06_032_20.xhtml,workbook
Pag060021,VI,21,https://epub3.kb.dk/hcadag/epub3/EPUB/hcadag06_033_21.xhtml,workbook
Pag060022,VI,22,https://epub3.kb.dk/hcadag/epub3/EPUB/hcadag06_034_22.xhtml,workbook
Pag060023,VI,23,https://epub3.kb.dk/hcadag/epub3/EPUB/hcadag06_035_23.xhtml,workbook
Pag060024,VI,24,https://epub3.kb.dk/hcadag/epub3/EPUB/hcadag06_036_24.xhtml,workbook
Pag060025,VI,25,https://epub3.kb.dk/hcadag/epub3/EPUB/hcadag06_037_25.xhtml,workbook
Pag060026,VI,26,https://epub3.kb.dk/hcadag/epub3/EPUB/hcadag06_038_26.xhtml,workbook
Pag060027,VI,27,https://epub3.kb.dk/hcadag/epub3/EPUB/hcadag06_039_27.xhtml,workbook
Pag060028,VI,28,https://epub3.kb.dk/hcadag/epub3/EPUB/hcadag06_040_28.xhtml,workbook
Pag060029,VI,29,https://epub3.kb.dk/hcadag/epub3/EPUB/hcadag06_041_29.xhtml,workbook
Pag060030,VI,30,https://epub3.kb.dk/hcadag/epub3/EPUB/hcadag06_042_30.xhtml,workbook
Pag060031,VI,31,https://epub3.kb.dk/hcadag/epub3/EPUB/hcadag06_043_31.xhtml,workbook
Pag060032,VI,32,https://epub3.kb.dk/hcadag/epub3/EPUB/hcadag06_044_32.xhtml,workbook
Pag060033,VI,33,https://epub3.kb.dk/hcadag/epub3/EPUB/hcadag06_045_33.xhtml,workbook
Pag060034,VI,34,https://epub3.kb.dk/hcadag/epub3/EPUB/hcadag06_046_34.xhtml,workbook
Pag060035,VI,35,https://epub3.kb.dk/hcadag/epub3/EPUB/hcadag06_047_35.xhtml,workbook
Pag060036,VI,36,https://epub3.kb.dk/hcadag/epub3/EPUB/hcadag06_048_36.xhtml,workbook
Pag060037,VI,37,https://epub3.kb.dk/hcadag/epub3/EPUB/hcadag06_049_37.xhtml,workbook
Pag060038,VI,38,https://epub3.kb.dk/hcadag/epub3/EPUB/hcadag06_050_38.xhtml,workbook
Pag060039,VI,39,https://epub3.kb.dk/hcadag/epub3/EPUB/hcadag06_051_39.xhtml,workbook
Pag060040,VI,40,https://epub3.kb.dk/hcadag/epub3/EPUB/hcadag06_052_40.xhtml,workbook
Pag060041,VI,41,https://epub3.kb.dk/hcadag/epub3/EPUB/hcadag06_053_41.xhtml,workbook
Pag060042,VI,42,https://epub3.kb.dk/hcadag/epub3/EPUB/hcadag06_054_42.xhtml,workbook
Pag060043,VI,43,https://epub3.kb.dk/hcadag/epub3/EPUB/hcadag06_055_43.xhtml,workbook
Pag060044,VI,44,https://epub3.kb.dk/hcadag/epub3/EPUB/hcadag06_056_44.xhtml,workbook
Pag060045,VI,45,https://epub3.kb.dk/hcadag/epub3/EPUB/hcadag06_057_45.xhtml,workbook
Pag060046,VI,46,https://epub3.kb.dk/hcadag/epub3/EPUB/hcadag06_058_46.xhtml,workbook
Pag060047,VI,47,https://epub3.kb.dk/hcadag/epub3/EPUB/hcadag06_059_47.xhtml,workbook
Pag060048,VI,48,https://epub3.kb.dk/hcadag/epub3/EPUB/hcadag06_060_48.xhtml,workbook
Pag060049,VI,49,https://epub3.kb.dk/hcadag/epub3/EPUB/hcadag06_061_49.xhtml,workbook
Pag060050,VI,50,https://epub3.kb.dk/hcadag/epub3/EPUB/hcadag06_062_50.xhtml,workbook
Pag060051,VI,51,https://epub3.kb.dk/hcadag/epub3/EPUB/hcadag06_063_51.xhtml,workbook
Pag060052,VI,52,https://epub3.kb.dk/hcadag/epub3/EPUB/hcadag06_064_52.xhtml,workbook
Pag060053,VI,53,https://epub3.kb.dk/hcadag/epub3/EPUB/hcadag06_065_53.xhtml,workbook
Pag060054,VI,54,https://epub3.kb.dk/hcadag/epub3/EPUB/hcadag06_066_54.xhtml,workbook
Pag060055,VI,55,https://epub3.kb.dk/hcadag/epub3/EPUB/hcadag06_067_55.xhtml,workbook
Pag060056,VI,56,https://epub3.kb.dk/hcadag/epub3/EPUB/hcadag06_068_56.xhtml,workbook
Pag060057,VI,57,https://epub3.kb.dk/hcadag/epub3/EPUB/hcadag06_069_57.xhtml,workbook
Pag060058,VI,58,https://epub3.kb.dk/hcadag/epub3/EPUB/hcadag06_070_58.xhtml,workbook
Pag060059,VI,59,https://epub3.kb.dk/hcadag/epub3/EPUB/hcadag06_071_59.xhtml,workbook
Pag060060,VI,60,https://epub3.kb.dk/hcadag/epub3/EPUB/hcadag06_072_60.xhtml,workbook
Pag060061,VI,61,https://epub3.kb.dk/hcadag/epub3/EPUB/hcadag06_073_61.xhtml,workbook
Pag060062,VI,62,https://epub3.kb.dk/hcadag/epub3/EPUB/hcadag06_074_62.xhtml,workbook
Pag060063,VI,63,https://epub3.kb.dk/hcadag/epub3/EPUB/hcadag06_075_63.xhtml,workbook
Pag060064,VI,64,https://epub3.kb.dk/hcadag/epub3/EPUB/hcadag06_076_64.xhtml,workbook
Pag060065,VI,65,https://epub3.kb.dk/hcadag/epub3/EPUB/hcadag06_077_65.xhtml,workbook
Pag060066,VI,66,https://epub3.kb.dk/hcadag/epub3/EPUB/hcadag06_078_66.xhtml,workbook
Pag060067,VI,67,https://epub3.kb.dk/hcadag/epub3/EPUB/hcadag06_079_67.xhtml,workbook
Pag060068,VI,68,https://epub3.kb.dk/hcadag/epub3/EPUB/hcadag06_080_68.xhtml,workbook
Pag060069,VI,69,https://epub3.kb.dk/hcadag/epub3/EPUB/hcadag06_081_69.xhtml,workbook
Pag060070,VI,70,https://epub3.kb.dk/hcadag/epub3/EPUB/hcadag06_082_70.xhtml,workbook
Pag060071,VI,71,https://epub3.kb.dk/hcadag/epub3/EPUB/hcadag06_083_71.xhtml,workbook
Pag060072,VI,72,https://epub3.kb.dk/hcadag/epub3/EPUB/hcadag06_084_72.xhtml,workbook
Pag060073,VI,73,https://epub3.kb.dk/hcadag/epub3/EPUB/hcadag06_085_73.xhtml,workbook
Pag060074,VI,74,https://epub3.kb.dk/hcadag/epub3/EPUB/hcadag06_086_74.xhtml,workbook
Pag060075,VI,75,https://epub3.kb.dk/hcadag/epub3/EPUB/hcadag06_087_75.xhtml,workbook
Pag060076,VI,76,https://epub3.kb.dk/hcadag/epub3/EPUB/hcadag06_088_76.xhtml,workbook
Pag060077,VI,77,https://epub3.kb.dk/hcadag/epub3/EPUB/hcadag06_089_77.xhtml,workbook
Pag060078,VI,78,https://epub3.kb.dk/hcadag/epub3/EPUB/hcadag06_090_78.xhtml,workbook
Pag060079,VI,79,https://epub3.kb.dk/hcadag/epub3/EPUB/hcadag06_091_79.xhtml,workbook
Pag060080,VI,80,https://epub3.kb.dk/hcadag/epub3/EPUB/hcadag06_092_80.xhtml,workbook
Pag060081,VI,81,https://epub3.kb.dk/hcadag/epub3/EPUB/hcadag06_093_81.xhtml,workbook
Pag060082,VI,82,https://epub3.kb.dk/hcadag/epub3/EPUB/hcadag06_094_82.xhtml,workbook
Pag060083,VI,83,https://epub3.kb.dk/hcadag/epub3/EPUB/hcadag06_095_83.xhtml,workbook
Pag060084,VI,84,https://epub3.kb.dk/hcadag/epub3/EPUB/hcadag06_096_84.xhtml,workbook
Pag060085,VI,85,https://epub3.kb.dk/hcadag/epub3/EPUB/hcadag06_097_85.xhtml,workbook
Pag060086,VI,86,https://epub3.kb.dk/hcadag/epub3/EPUB/hcadag06_098_86.xhtml,workbook
Pag060087,VI,87,https://epub3.kb.dk/hcadag/epub3/EPUB/hcadag06_099_87.xhtml,workbook
Pag060088,VI,88,https://epub3.kb.dk/hcadag/epub3/EPUB/hcadag06_100_88.xhtml,workbook
Pag060089,VI,89,https://epub3.kb.dk/hcadag/epub3/EPUB/hcadag06_101_89.xhtml,workbook
Pag060090,VI,90,https://epub3.kb.dk/hcadag/epub3/EPUB/hcadag06_102_90.xhtml,workbook
Pag060091,VI,91,https://epub3.kb.dk/hcadag/epub3/EPUB/hcadag06_103_91.xhtml,workbook
Pag060092,VI,92,https://epub3.kb.dk/hcadag/epub3/EPUB/hcadag06_104_92.xhtml,workbook
Pag060093,VI,93,https://epub3.kb.dk/hcadag/epub3/EPUB/hcadag06_105_93.xhtml,workbook
Pag060094,VI,94,https://epub3.kb.dk/hcadag/epub3/EPUB/hcadag06_106_94.xhtml,workbook
Pag060095,VI,95,https://epub3.kb.dk/hcadag/epub3/EPUB/hcadag06_107_95.xhtml,workbook
Pag060096,VI,96,https://epub3.kb.dk/hcadag/epub3/EPUB/hcadag06_108_96.xhtml,workbook
Pag060097,VI,97,https://epub3.kb.dk/hcadag/epub3/EPUB/hcadag06_109_97.xhtml,workbook
Pag060098,VI,98,https://epub3.kb.dk/hcadag/epub3/EPUB/hcadag06_110_98.xhtml,workbook
Pag060099,VI,99,https://epub3.kb.dk/hcadag/epub3/EPUB/hcadag06_111_99.xhtml,workbook
Pag060100,VI,100,https://epub3.kb.dk/hcadag/epub3/EPUB/hcadag06_112_100.xhtml,workbook
Pag060101,VI,101,https://epub3.kb.dk/hcadag/epub3/EPUB/hcadag06_113_101.xhtml,workbook
Pag060102,VI,102,https://epub3.kb.dk/hcadag/epub3/EPUB/hcadag06_114_102.xhtml,workbook
Pag060103,VI,103,https://epub3.kb.dk/hcadag/epub3/EPUB/hcadag06_115_103.xhtml,workbook
Pag060104,VI,104,https://epub3.kb.dk/hcadag/epub3/EPUB/hcadag06_116_104.xhtml,workbook
Pag060105,VI,105,https://epub3.kb.dk/hcadag/epub3/EPUB/hcadag06_117_105.xhtml,workbook
Pag060106,VI,106,https://epub3.kb.dk/hcadag/epub3/EPUB/hcadag06_118_106.xhtml,workbook
Pag060107,VI,107,https://epub3.kb.dk/hcadag/epub3/EPUB/hcadag06_119_107.xhtml,workbook
Pag060108,VI,108,https://epub3.kb.dk/hcadag/epub3/EPUB/hcadag06_120_108.xhtml,workbook
Pag060109,VI,109,https://epub3.kb.dk/hcadag/epub3/EPUB/hcadag06_121_109.xhtml,workbook
Pag060110,VI,110,https://epub3.kb.dk/hcadag/epub3/EPUB/hcadag06_122_110.xhtml,workbook
Pag060111,VI,111,https://epub3.kb.dk/hcadag/epub3/EPUB/hcadag06_123_111.xhtml,workbook
Pag060112,VI,112,https://epub3.kb.dk/hcadag/epub3/EPUB/hcadag06_124_112.xhtml,workbook
Pag060113,VI,113,https://epub3.kb.dk/hcadag/epub3/EPUB/hcadag06_125_113.xhtml,workbook
Pag060114,VI,114,https://epub3.kb.dk/hcadag/epub3/EPUB/hcadag06_126_114.xhtml,workbook
Pag060115,VI,115,https://epub3.kb.dk/hcadag/epub3/EPUB/hcadag06_127_115.xhtml,workbook
Pag060116,VI,116,https://epub3.kb.dk/hcadag/epub3/EPUB/hcadag06_128_116.xhtml,workbook
Pag060117,VI,117,https://epub3.kb.dk/hcadag/epub3/EPUB/hcadag06_129_117.xhtml,workbook
Pag060118,VI,118,https://epub3.kb.dk/hcadag/epub3/EPUB/hcadag06_130_118.xhtml,workbook
Pag060119,VI,119,https://epub3.kb.dk/hcadag/epub3/EPUB/hcadag06_131_119.xhtml,workbook
Pag060120,VI,120,https://epub3.kb.dk/hcadag/epub3/EPUB/hcadag06_132_120.xhtml,workbook
Pag060121,VI,121,https://epub3.kb.dk/hcadag/epub3/EPUB/hcadag06_133_121.xhtml,workbook
Pag060122,VI,122,https://epub3.kb.dk/hcadag/epub3/EPUB/hcadag06_134_122.xhtml,workbook
Pag060123,VI,123,https://epub3.kb.dk/hcadag/epub3/EPUB/hcadag06_135_123.xhtml,workbook
Pag060124,VI,124,https://epub3.kb.dk/hcadag/epub3/EPUB/hcadag06_136_124.xhtml,workbook
Pag060125,VI,125,https://epub3.kb.dk/hcadag/epub3/EPUB/hcadag06_137_125.xhtml,workbook
Pag060126,VI,126,https://epub3.kb.dk/hcadag/epub3/EPUB/hcadag06_138_126.xhtml,workbook
Pag060127,VI,127,https://epub3.kb.dk/hcadag/epub3/EPUB/hcadag06_139_127.xhtml,workbook
Pag060128,VI,128,https://epub3.kb.dk/hcadag/epub3/EPUB/hcadag06_140_128.xhtml,workbook
Pag060129,VI,129,https://epub3.kb.dk/hcadag/epub3/EPUB/hcadag06_141_129.xhtml,workbook
Pag060130,VI,130,https://epub3.kb.dk/hcadag/epub3/EPUB/hcadag06_142_130.xhtml,workbook
Pag060131,VI,131,https://epub3.kb.dk/hcadag/epub3/EPUB/hcadag06_143_131.xhtml,workbook
Pag060132,VI,132,https://epub3.kb.dk/hcadag/epub3/EPUB/hcadag06_144_132.xhtml,workbook
Pag060133,VI,133,https://epub3.kb.dk/hcadag/epub3/EPUB/hcadag06_145_133.xhtml,workbook
Pag060134,VI,134,https://epub3.kb.dk/hcadag/epub3/EPUB/hcadag06_146_134.xhtml,workbook
Pag060135,VI,135,https://epub3.kb.dk/hcadag/epub3/EPUB/hcadag06_147_135.xhtml,workbook
Pag060136,VI,136,https://epub3.kb.dk/hcadag/epub3/EPUB/hcadag06_148_136.xhtml,workbook
Pag060137,VI,137,https://epub3.kb.dk/hcadag/epub3/EPUB/hcadag06_149_137.xhtml,workbook
Pag060138,VI,138,https://epub3.kb.dk/hcadag/epub3/EPUB/hcadag06_150_138.xhtml,workbook
Pag060139,VI,139,https://epub3.kb.dk/hcadag/epub3/EPUB/hcadag06_151_139.xhtml,workbook
Pag060140,VI,140,https://epub3.kb.dk/hcadag/epub3/EPUB/hcadag06_152_140.xhtml,workbook
Pag060141,VI,141,https://epub3.kb.dk/hcadag/epub3/EPUB/hcadag06_153_141.xhtml,workbook
Pag060142,VI,142,https://epub3.kb.dk/hcadag/epub3/EPUB/hcadag06_154_142.xhtml,workbook
Pag060143,VI,143,https://epub3.kb.dk/hcadag/epub3/EPUB/hcadag06_155_143.xhtml,workbook
Pag060144,VI,144,https://epub3.kb.dk/hcadag/epub3/EPUB/hcadag06_156_144.xhtml,workbook
Pag060145,VI,145,https://epub3.kb.dk/hcadag/epub3/EPUB/hcadag06_157_145.xhtml,workbook
Pag060146,VI,146,https://epub3.kb.dk/hcadag/epub3/EPUB/hcadag06_158_146.xhtml,workbook
Pag060147,VI,147,https://epub3.kb.dk/hcadag/epub3/EPUB/hcadag06_159_147.xhtml,workbook
Pag060148,VI,148,https://epub3.kb.dk/hcadag/epub3/EPUB/hcadag06_160_148.xhtml,workbook
Pag060149,VI,149,https://epub3.kb.dk/hcadag/epub3/EPUB/hcadag06_161_149.xhtml,workbook
Pag060150,VI,150,https://epub3.kb.dk/hcadag/epub3/EPUB/hcadag06_162_150.xhtml,workbook
Pag060151,VI,151,https://epub3.kb.dk/hcadag/epub3/EPUB/hcadag06_163_151.xhtml,workbook
Pag060152,VI,152,https://epub3.kb.dk/hcadag/epub3/EPUB/hcadag06_164_152.xhtml,workbook
Pag060153,VI,153,https://epub3.kb.dk/hcadag/epub3/EPUB/hcadag06_165_153.xhtml,workbook
Pag060154,VI,154,https://epub3.kb.dk/hcadag/epub3/EPUB/hcadag06_166_154.xhtml,workbook
Pag060155,VI,155,https://epub3.kb.dk/hcadag/epub3/EPUB/hcadag06_167_155.xhtml,workbook
Pag060156,VI,156,https://epub3.kb.dk/hcadag/epub3/EPUB/hcadag06_168_156.xhtml,workbook
Pag060157,VI,157,https://epub3.kb.dk/hcadag/epub3/EPUB/hcadag06_169_157.xhtml,workbook
Pag060158,VI,158,https://epub3.kb.dk/hcadag/epub3/EPUB/hcadag06_170_158.xhtml,workbook
Pag060159,VI,159,https://epub3.kb.dk/hcadag/epub3/EPUB/hcadag06_171_159.xhtml,workbook
Pag060160,VI,160,https://epub3.kb.dk/hcadag/epub3/EPUB/hcadag06_172_160.xhtml,workbook
Pag060161,VI,161,https://epub3.kb.dk/hcadag/epub3/EPUB/hcadag06_173_161.xhtml,workbook
Pag060162,VI,162,https://epub3.kb.dk/hcadag/epub3/EPUB/hcadag06_174_162.xhtml,workbook
Pag060163,VI,163,https://epub3.kb.dk/hcadag/epub3/EPUB/hcadag06_175_163.xhtml,workbook
Pag060164,VI,164,https://epub3.kb.dk/hcadag/epub3/EPUB/hcadag06_176_164.xhtml,workbook
Pag060165,VI,165,https://epub3.kb.dk/hcadag/epub3/EPUB/hcadag06_177_165.xhtml,workbook
Pag060166,VI,166,https://epub3.kb.dk/hcadag/epub3/EPUB/hcadag06_178_166.xhtml,workbook
Pag060167,VI,167,https://epub3.kb.dk/hcadag/epub3/EPUB/hcadag06_179_167.xhtml,workbook
Pag060168,VI,168,https://epub3.kb.dk/hcadag/epub3/EPUB/hcadag06_180_168.xhtml,workbook
Pag060169,VI,169,https://epub3.kb.dk/hcadag/epub3/EPUB/hcadag06_181_169.xhtml,workbook
Pag060170,VI,170,https://epub3.kb.dk/hcadag/epub3/EPUB/hcadag06_182_170.xhtml,workbook
Pag060171,VI,171,https://epub3.kb.dk/hcadag/epub3/EPUB/hcadag06_183_171.xhtml,workbook
Pag060172,VI,172,https://epub3.kb.dk/hcadag/epub3/EPUB/hcadag06_184_172.xhtml,workbook
Pag060173,VI,173,https://epub3.kb.dk/hcadag/epub3/EPUB/hcadag06_185_173.xhtml,workbook
Pag060174,VI,174,https://epub3.kb.dk/hcadag/epub3/EPUB/hcadag06_186_174.xhtml,workbook
Pag060175,VI,175,https://epub3.kb.dk/hcadag/epub3/EPUB/hcadag06_187_175.xhtml,workbook
Pag060176,VI,176,https://epub3.kb.dk/hcadag/epub3/EPUB/hcadag06_188_176.xhtml,workbook
Pag060177,VI,177,https://epub3.kb.dk/hcadag/epub3/EPUB/hcadag06_189_177.xhtml,workbook
Pag060178,VI,178,https://epub3.kb.dk/hcadag/epub3/EPUB/hcadag06_190_178.xhtml,workbook
Pag060179,VI,179,https://epub3.kb.dk/hcadag/epub3/EPUB/hcadag06_191_179.xhtml,workbook
Pag060180,VI,180,https://epub3.kb.dk/hcadag/epub3/EPUB/hcadag06_192_180.xhtml,workbook
Pag060181,VI,181,https://epub3.kb.dk/hcadag/epub3/EPUB/hcadag06_193_181.xhtml,workbook
Pag060182,VI,182,https://epub3.kb.dk/hcadag/epub3/EPUB/hcadag06_194_182.xhtml,workbook
Pag060183,VI,183,https://epub3.kb.dk/hcadag/epub3/EPUB/hcadag06_195_183.xhtml,workbook
Pag060184,VI,184,https://epub3.kb.dk/hcadag/epub3/EPUB/hcadag06_196_184.xhtml,workbook
Pag060185,VI,185,https://epub3.kb.dk/hcadag/epub3/EPUB/hcadag06_197_185.xhtml,workbook
Pag060186,VI,186,https://epub3.kb.dk/hcadag/epub3/EPUB/hcadag06_198_186.xhtml,workbook
Pag060187,VI,187,https://epub3.kb.dk/hcadag/epub3/EPUB/hcadag06_199_187.xhtml,workbook
Pag060188,VI,188,https://epub3.kb.dk/hcadag/epub3/EPUB/hcadag06_200_188.xhtml,workbook
Pag060189,VI,189,https://epub3.kb.dk/hcadag/epub3/EPUB/hcadag06_201_189.xhtml,workbook
Pag060190,VI,190,https://epub3.kb.dk/hcadag/epub3/EPUB/hcadag06_202_190.xhtml,workbook
Pag060191,VI,191,https://epub3.kb.dk/hcadag/epub3/EPUB/hcadag06_203_191.xhtml,workbook
Pag060192,VI,192,https://epub3.kb.dk/hcadag/epub3/EPUB/hcadag06_204_192.xhtml,workbook
Pag060193,VI,193,https://epub3.kb.dk/hcadag/epub3/EPUB/hcadag06_205_193.xhtml,workbook
Pag060194,VI,194,https://epub3.kb.dk/hcadag/epub3/EPUB/hcadag06_206_194.xhtml,workbook
Pag060195,VI,195,https://epub3.kb.dk/hcadag/epub3/EPUB/hcadag06_207_195.xhtml,workbook
Pag060196,VI,196,https://epub3.kb.dk/hcadag/epub3/EPUB/hcadag06_208_196.xhtml,workbook
Pag060197,VI,197,https://epub3.kb.dk/hcadag/epub3/EPUB/hcadag06_209_197.xhtml,workbook
Pag060198,VI,198,https://epub3.kb.dk/hcadag/epub3/EPUB/hcadag06_210_198.xhtml,workbook
Pag060199,VI,199,https://epub3.kb.dk/hcadag/epub3/EPUB/hcadag06_211_199.xhtml,workbook
Pag060200,VI,200,https://epub3.kb.dk/hcadag/epub3/EPUB/hcadag06_212_200.xhtml,workbook
Pag060201,VI,201,https://epub3.kb.dk/hcadag/epub3/EPUB/hcadag06_213_201.xhtml,workbook
Pag060202,VI,202,https://epub3.kb.dk/hcadag/epub3/EPUB/hcadag06_214_202.xhtml,workbook
Pag060203,VI,203,https://epub3.kb.dk/hcadag/epub3/EPUB/hcadag06_215_203.xhtml,workbook
Pag060204,VI,204,https://epub3.kb.dk/hcadag/epub3/EPUB/hcadag06_216_204.xhtml,workbook
Pag060205,VI,205,https://epub3.kb.dk/hcadag/epub3/EPUB/hcadag06_217_205.xhtml,workbook
Pag060206,VI,206,https://epub3.kb.dk/hcadag/epub3/EPUB/hcadag06_218_206.xhtml,workbook
Pag060207,VI,207,https://epub3.kb.dk/hcadag/epub3/EPUB/hcadag06_219_207.xhtml,workbook
Pag060208,VI,208,https://epub3.kb.dk/hcadag/epub3/EPUB/hcadag06_220_208.xhtml,workbook
Pag060209,VI,209,https://epub3.kb.dk/hcadag/epub3/EPUB/hcadag06_221_209.xhtml,workbook
Pag060210,VI,210,https://epub3.kb.dk/hcadag/epub3/EPUB/hcadag06_222_210.xhtml,workbook
Pag060211,VI,211,https://epub3.kb.dk/hcadag/epub3/EPUB/hcadag06_223_211.xhtml,workbook
Pag060212,VI,212,https://epub3.kb.dk/hcadag/epub3/EPUB/hcadag06_224_212.xhtml,workbook
Pag060213,VI,213,https://epub3.kb.dk/hcadag/epub3/EPUB/hcadag06_225_213.xhtml,workbook
Pag060214,VI,214,https://epub3.kb.dk/hcadag/epub3/EPUB/hcadag06_226_214.xhtml,workbook
Pag060215,VI,215,https://epub3.kb.dk/hcadag/epub3/EPUB/hcadag06_227_215.xhtml,workbook
Pag060216,VI,216,https://epub3.kb.dk/hcadag/epub3/EPUB/hcadag06_228_216.xhtml,workbook
Pag060217,VI,217,https://epub3.kb.dk/hcadag/epub3/EPUB/hcadag06_229_217.xhtml,workbook
Pag060218,VI,218,https://epub3.kb.dk/hcadag/epub3/EPUB/hcadag06_230_218.xhtml,workbook
Pag060219,VI,219,https://epub3.kb.dk/hcadag/epub3/EPUB/hcadag06_231_219.xhtml,workbook
Pag060220,VI,220,https://epub3.kb.dk/hcadag/epub3/EPUB/hcadag06_232_220.xhtml,workbook
Pag060221,VI,221,https://epub3.kb.dk/hcadag/epub3/EPUB/hcadag06_233_221.xhtml,workbook
Pag060222,VI,222,https://epub3.kb.dk/hcadag/epub3/EPUB/hcadag06_234_222.xhtml,workbook
Pag060223,VI,223,https://epub3.kb.dk/hcadag/epub3/EPUB/hcadag06_235_223.xhtml,workbook
Pag060224,VI,224,https://epub3.kb.dk/hcadag/epub3/EPUB/hcadag06_236_224.xhtml,workbook
Pag060225,VI,225,https://epub3.kb.dk/hcadag/epub3/EPUB/hcadag06_237_225.xhtml,workbook
Pag060226,VI,226,https://epub3.kb.dk/hcadag/epub3/EPUB/hcadag06_238_226.xhtml,workbook
Pag060227,VI,227,https://epub3.kb.dk/hcadag/epub3/EPUB/hcadag06_239_227.xhtml,workbook
Pag060228,VI,228,https://epub3.kb.dk/hcadag/epub3/EPUB/hcadag06_240_228.xhtml,workbook
Pag060229,VI,229,https://epub3.kb.dk/hcadag/epub3/EPUB/hcadag06_241_229.xhtml,workbook
Pag060230,VI,230,https://epub3.kb.dk/hcadag/epub3/EPUB/hcadag06_242_230.xhtml,workbook
Pag060231,VI,231,https://epub3.kb.dk/hcadag/epub3/EPUB/hcadag06_243_231.xhtml,workbook
Pag060232,VI,232,https://epub3.kb.dk/hcadag/epub3/EPUB/hcadag06_244_232.xhtml,workbook
Pag060233,VI,233,https://epub3.kb.dk/hcadag/epub3/EPUB/hcadag06_245_233.xhtml,workbook
Pag060234,VI,234,https://epub3.kb.dk/hcadag/epub3/EPUB/hcadag06_246_234.xhtml,workbook
Pag060235,VI,235,https://epub3.kb.dk/hcadag/epub3/EPUB/hcadag06_247_235.xhtml,workbook
Pag060236,VI,236,https://epub3.kb.dk/hcadag/epub3/EPUB/hcadag06_248_236.xhtml,workbook
Pag060237,VI,237,https://epub3.kb.dk/hcadag/epub3/EPUB/hcadag06_249_237.xhtml,workbook
Pag060238,VI,238,https://epub3.kb.dk/hcadag/epub3/EPUB/hcadag06_250_238.xhtml,workbook
Pag060239,VI,239,https://epub3.kb.dk/hcadag/epub3/EPUB/hcadag06_251_239.xhtml,workbook
Pag060240,VI,240,https://epub3.kb.dk/hcadag/epub3/EPUB/hcadag06_252_240.xhtml,workbook
Pag060241,VI,241,https://epub3.kb.dk/hcadag/epub3/EPUB/hcadag06_253_241.xhtml,workbook
Pag060242,VI,242,https://epub3.kb.dk/hcadag/epub3/EPUB/hcadag06_254_242.xhtml,workbook
Pag060243,VI,243,https://epub3.kb.dk/hcadag/epub3/EPUB/hcadag06_255_243.xhtml,workbook
Pag060244,VI,244,https://epub3.kb.dk/hcadag/epub3/EPUB/hcadag06_256_244.xhtml,workbook
Pag060245,VI,245,https://epub3.kb.dk/hcadag/epub3/EPUB/hcadag06_257_245.xhtml,workbook
Pag060246,VI,246,https://epub3.kb.dk/hcadag/epub3/EPUB/hcadag06_258_246.xhtml,workbook
Pag060247,VI,247,https://epub3.kb.dk/hcadag/epub3/EPUB/hcadag06_259_247.xhtml,workbook
Pag060248,VI,248,https://epub3.kb.dk/hcadag/epub3/EPUB/hcadag06_260_248.xhtml,workbook
Pag060249,VI,249,https://epub3.kb.dk/hcadag/epub3/EPUB/hcadag06_261_249.xhtml,workbook
Pag060250,VI,250,https://epub3.kb.dk/hcadag/epub3/EPUB/hcadag06_262_250.xhtml,workbook
Pag060251,VI,251,https://epub3.kb.dk/hcadag/epub3/EPUB/hcadag06_263_251.xhtml,workbook
Pag060252,VI,252,https://epub3.kb.dk/hcadag/epub3/EPUB/hcadag06_264_252.xhtml,workbook
Pag060253,VI,253,https://epub3.kb.dk/hcadag/epub3/EPUB/hcadag06_265_253.xhtml,workbook
Pag060254,VI,254,https://epub3.kb.dk/hcadag/epub3/EPUB/hcadag06_266_254.xhtml,workbook
Pag060255,VI,255,https://epub3.kb.dk/hcadag/epub3/EPUB/hcadag06_267_255.xhtml,workbook
Pag060256,VI,256,https://epub3.kb.dk/hcadag/epub3/EPUB/hcadag06_268_256.xhtml,workbook
Pag060257,VI,257,https://epub3.kb.dk/hcadag/epub3/EPUB/hcadag06_269_257.xhtml,workbook
Pag060258,VI,258,https://epub3.kb.dk/hcadag/epub3/EPUB/hcadag06_270_258.xhtml,workbook
Pag060259,VI,259,https://epub3.kb.dk/hcadag/epub3/EPUB/hcadag06_271_259.xhtml,workbook
Pag060260,VI,260,https://epub3.kb.dk/hcadag/epub3/EPUB/hcadag06_272_260.xhtml,workbook
Pag060261,VI,261,https://epub3.kb.dk/hcadag/epub3/EPUB/hcadag06_273_261.xhtml,workbook
Pag060262,VI,262,https://epub3.kb.dk/hcadag/epub3/EPUB/hcadag06_274_262.xhtml,workbook
Pag060263,VI,263,https://epub3.kb.dk/hcadag/epub3/EPUB/hcadag06_275_263.xhtml,workbook
Pag060264,VI,264,https://epub3.kb.dk/hcadag/epub3/EPUB/hcadag06_276_264.xhtml,workbook
Pag060265,VI,265,https://epub3.kb.dk/hcadag/epub3/EPUB/hcadag06_277_265.xhtml,workbook
Pag060266,VI,266,https://epub3.kb.dk/hcadag/epub3/EPUB/hcadag06_278_266.xhtml,workbook
Pag060267,VI,267,https://epub3.kb.dk/hcadag/epub3/EPUB/hcadag06_279_267.xhtml,workbook
Pag060268,VI,268,https://epub3.kb.dk/hcadag/epub3/EPUB/hcadag06_280_268.xhtml,workbook
Pag060269,VI,269,https://epub3.kb.dk/hcadag/epub3/EPUB/hcadag06_281_269.xhtml,workbook
Pag060270,VI,270,https://epub3.kb.dk/hcadag/epub3/EPUB/hcadag06_282_270.xhtml,workbook
Pag060271,VI,271,https://epub3.kb.dk/hcadag/epub3/EPUB/hcadag06_283_271.xhtml,workbook
Pag060272,VI,272,https://epub3.kb.dk/hcadag/epub3/EPUB/hcadag06_284_272.xhtml,workbook
Pag060273,VI,273,https://epub3.kb.dk/hcadag/epub3/EPUB/hcadag06_285_273.xhtml,workbook
Pag060274,VI,274,https://epub3.kb.dk/hcadag/epub3/EPUB/hcadag06_286_274.xhtml,workbook
Pag060275,VI,275,https://epub3.kb.dk/hcadag/epub3/EPUB/hcadag06_287_275.xhtml,workbook
Pag060276,VI,276,https://epub3.kb.dk/hcadag/epub3/EPUB/hcadag06_288_276.xhtml,workbook
Pag060277,VI,277,https://epub3.kb.dk/hcadag/epub3/EPUB/hcadag06_289_277.xhtml,workbook
Pag060278,VI,278,https://epub3.kb.dk/hcadag/epub3/EPUB/hcadag06_290_278.xhtml,workbook
Pag060279,VI,279,https://epub3.kb.dk/hcadag/epub3/EPUB/hcadag06_291_279.xhtml,workbook
Pag060280,VI,280,https://epub3.kb.dk/hcadag/epub3/EPUB/hcadag06_292_280.xhtml,workbook
Pag060281,VI,281,https://epub3.kb.dk/hcadag/epub3/EPUB/hcadag06_293_281.xhtml,workbook
Pag060282,VI,282,https://epub3.kb.dk/hcadag/epub3/EPUB/hcadag06_294_282.xhtml,workbook
Pag060283,VI,283,https://epub3.kb.dk/hcadag/epub3/EPUB/hcadag06_295_283.xhtml,workbook
Pag060284,VI,284,https://epub3.kb.dk/hcadag/epub3/EPUB/hcadag06_296_284.xhtml,workbook
Pag060285,VI,285,https://epub3.kb.dk/hcadag/epub3/EPUB/hcadag06_297_285.xhtml,workbook
Pag060286,VI,286,https://epub3.kb.dk/hcadag/epub3/EPUB/hcadag06_298_286.xhtml,workbook
Pag060287,VI,287,https://epub3.kb.dk/hcadag/epub3/EPUB/hcadag06_299_287.xhtml,workbook
Pag060288,VI,288,https://epub3.kb.dk/hcadag/epub3/EPUB/hcadag06_300_288.xhtml,workbook
Pag060289,VI,289,https://epub3.kb.dk/hcadag/epub3/EPUB/hcadag06_301_289.xhtml,workbook
Pag060290,VI,290,https://epub3.kb.dk/hcadag/epub3/EPUB/hcadag06_302_290.xhtml,workbook
Pag060291,VI,291,https://epub3.kb.dk/hcadag/epub3/EPUB/hcadag06_303_291.xhtml,workbook
Pag060292,VI,292,https://epub3.kb.dk/hcadag/epub3/EPUB/hcadag06_304_292.xhtml,workbook
Pag060293,VI,293,https://epub3.kb.dk/hcadag/epub3/EPUB/hcadag06_305_293.xhtml,workbook
Pag060294,VI,294,https://epub3.kb.dk/hcadag/epub3/EPUB/hcadag06_306_294.xhtml,workbook
Pag060295,VI,295,https://epub3.kb.dk/hcadag/epub3/EPUB/hcadag06_307_295.xhtml,workbook
Pag060296,VI,296,https://epub3.kb.dk/hcadag/epub3/EPUB/hcadag06_308_296.xhtml,workbook
Pag060297,VI,297,https://epub3.kb.dk/hcadag/epub3/EPUB/hcadag06_309_297.xhtml,workbook
Pag060298,VI,298,https://epub3.kb.dk/hcadag/epub3/EPUB/hcadag06_310_298.xhtml,workbook
Pag060299,VI,299,https://epub3.kb.dk/hcadag/epub3/EPUB/hcadag06_311_299.xhtml,workbook
Pag060300,VI,300,https://epub3.kb.dk/hcadag/epub3/EPUB/hcadag06_312_300.xhtml,workbook
Pag060301,VI,301,https://epub3.kb.dk/hcadag/epub3/EPUB/hcadag06_313_301.xhtml,workbook
Pag060302,VI,302,https://epub3.kb.dk/hcadag/epub3/EPUB/hcadag06_314_302.xhtml,workbook
Pag060303,VI,303,https://epub3.kb.dk/hcadag/epub3/EPUB/hcadag06_315_303.xhtml,workbook
Pag060304,VI,304,https://epub3.kb.dk/hcadag/epub3/EPUB/hcadag06_316_304.xhtml,workbook
Pag060305,VI,305,https://epub3.kb.dk/hcadag/epub3/EPUB/hcadag06_317_305.xhtml,workbook
Pag060306,VI,306,https://epub3.kb.dk/hcadag/epub3/EPUB/hcadag06_318_306.xhtml,workbook
Pag060307,VI,307,https://epub3.kb.dk/hcadag/epub3/EPUB/hcadag06_319_307.xhtml,workbook
Pag060308,VI,308,https://epub3.kb.dk/hcadag/epub3/EPUB/hcadag06_320_308.xhtml,workbook
Pag060309,VI,309,https://epub3.kb.dk/hcadag/epub3/EPUB/hcadag06_321_309.xhtml,workbook
Pag060310,VI,310,https://epub3.kb.dk/hcadag/epub3/EPUB/hcadag06_322_310.xhtml,workbook
Pag060311,VI,311,https://epub3.kb.dk/hcadag/epub3/EPUB/hcadag06_323_311.xhtml,workbook
Pag060312,VI,312,https://epub3.kb.dk/hcadag/epub3/EPUB/hcadag06_324_312.xhtml,workbook
Pag060313,VI,313,https://epub3.kb.dk/hcadag/epub3/EPUB/hcadag06_325_313.xhtml,workbook
Pag060314,VI,314,https://epub3.kb.dk/hcadag/epub3/EPUB/hcadag06_326_314.xhtml,workbook
Pag060315,VI,315,https://epub3.kb.dk/hcadag/epub3/EPUB/hcadag06_327_315.xhtml,workbook
Pag060316,VI,316,https://epub3.kb.dk/hcadag/epub3/EPUB/hcadag06_328_316.xhtml,workbook
Pag060317,VI,317,https://epub3.kb.dk/hcadag/epub3/EPUB/hcadag06_329_317.xhtml,workbook
Pag060318,VI,318,https://epub3.kb.dk/hcadag/epub3/EPUB/hcadag06_330_318.xhtml,workbook
Pag060319,VI,319,https://epub3.kb.dk/hcadag/epub3/EPUB/hcadag06_331_319.xhtml,workbook
Pag060320,VI,320,https://epub3.kb.dk/hcadag/epub3/EPUB/hcadag06_332_320.xhtml,workbook
Pag060321,VI,321,https://epub3.kb.dk/hcadag/epub3/EPUB/hcadag06_333_321.xhtml,workbook
Pag060322,VI,322,https://epub3.kb.dk/hcadag/epub3/EPUB/hcadag06_334_322.xhtml,workbook
Pag060323,VI,323,https://epub3.kb.dk/hcadag/epub3/EPUB/hcadag06_335_323.xhtml,workbook
Pag060324,VI,324,https://epub3.kb.dk/hcadag/epub3/EPUB/hcadag06_336_324.xhtml,workbook
Pag060325,VI,325,https://epub3.kb.dk/hcadag/epub3/EPUB/hcadag06_337_325.xhtml,workbook
Pag060326,VI,326,https://epub3.kb.dk/hcadag/epub3/EPUB/hcadag06_338_326.xhtml,workbook
Pag060327,VI,327,https://epub3.kb.dk/hcadag/epub3/EPUB/hcadag06_339_327.xhtml,workbook
Pag060328,VI,328,https://epub3.kb.dk/hcadag/epub3/EPUB/hcadag06_340_328.xhtml,workbook
Pag060329,VI,329,https://epub3.kb.dk/hcadag/epub3/EPUB/hcadag06_341_329.xhtml,workbook
Pag060330,VI,330,https://epub3.kb.dk/hcadag/epub3/EPUB/hcadag06_342_330.xhtml,workbook
Pag060331,VI,331,https://epub3.kb.dk/hcadag/epub3/EPUB/hcadag06_343_331.xhtml,workbook
Pag060332,VI,332,https://epub3.kb.dk/hcadag/epub3/EPUB/hcadag06_344_332.xhtml,workbook
Pag060333,VI,333,https://epub3.kb.dk/hcadag/epub3/EPUB/hcadag06_345_333.xhtml,workbook
Pag060334,VI,334,https://epub3.kb.dk/hcadag/epub3/EPUB/hcadag06_346_334.xhtml,workbook
Pag060335,VI,335,https://epub3.kb.dk/hcadag/epub3/EPUB/hcadag06_347_335.xhtml,workbook
Pag060336,VI,336,https://epub3.kb.dk/hcadag/epub3/EPUB/hcadag06_348_336.xhtml,workbook
Pag060337,VI,337,https://epub3.kb.dk/hcadag/epub3/EPUB/hcadag06_349_337.xhtml,workbook
Pag060338,VI,338,https://epub3.kb.dk/hcadag/epub3/EPUB/hcadag06_350_338.xhtml,workbook
Pag060339,VI,339,https://epub3.kb.dk/hcadag/epub3/EPUB/hcadag06_351_339.xhtml,workbook
Pag060340,VI,340,https://epub3.kb.dk/hcadag/epub3/EPUB/hcadag06_352_340.xhtml,workbook
Pag060341,VI,341,https://epub3.kb.dk/hcadag/epub3/EPUB/hcadag06_353_341.xhtml,workbook
Pag060342,VI,342,https://epub3.kb.dk/hcadag/epub3/EPUB/hcadag06_354_342.xhtml,workbook
Pag060343,VI,343,https://epub3.kb.dk/hcadag/epub3/EPUB/hcadag06_355_343.xhtml,workbook
Pag060344,VI,344,https://epub3.kb.dk/hcadag/epub3/EPUB/hcadag06_356_344.xhtml,workbook
Pag060345,VI,345,https://epub3.kb.dk/hcadag/epub3/EPUB/hcadag06_357_345.xhtml,workbook
Pag060346,VI,346,https://epub3.kb.dk/hcadag/epub3/EPUB/hcadag06_358_346.xhtml,workbook
Pag060347,VI,347,https://epub3.kb.dk/hcadag/epub3/EPUB/hcadag06_359_347.xhtml,workbook
Pag060348,VI,348,https://epub3.kb.dk/hcadag/epub3/EPUB/hcadag06_360_348.xhtml,workbook
Pag060349,VI,349,https://epub3.kb.dk/hcadag/epub3/EPUB/hcadag06_361_349.xhtml,workbook
Pag060350,VI,350,https://epub3.kb.dk/hcadag/epub3/EPUB/hcadag06_362_350.xhtml,workbook
Pag060351,VI,351,https://epub3.kb.dk/hcadag/epub3/EPUB/hcadag06_363_351.xhtml,workbook
Pag060352,VI,352,https://epub3.kb.dk/hcadag/epub3/EPUB/hcadag06_364_352.xhtml,workbook
Pag060353,VI,353,https://epub3.kb.dk/hcadag/epub3/EPUB/hcadag06_365_353.xhtml,workbook
Pag070001,VII,1,https://epub3.kb.dk/hcadag/epub3/EPUB/hcadag07_016_1.xhtml,workbook
Pag070002,VII,2,https://epub3.kb.dk/hcadag/epub3/EPUB/hcadag07_017_2.xhtml,workbook
Pag070003,VII,3,https://epub3.kb.dk/hcadag/epub3/EPUB/hcadag07_018_3.xhtml,workbook
Pag070004,VII,4,https://epub3.kb.dk/hcadag/epub3/EPUB/hcadag07_019_4.xhtml,workbook
Pag070005,VII,5,https://epub3.kb.dk/hcadag/epub3/EPUB/hcadag07_020_5.xhtml,workbook
Pag070006,VII,6,https://epub3.kb.dk/hcadag/epub3/EPUB/hcadag07_021_6.xhtml,workbook
Pag070007,VII,7,https://epub3.kb.dk/hcadag/epub3/EPUB/hcadag07_022_7.xhtml,workbook
Pag070008,VII,8,https://epub3.kb.dk/hcadag/epub3/EPUB/hcadag07_023_8.xhtml,workbook
Pag070009,VII,9,https://epub3.kb.dk/hcadag/epub3/EPUB/hcadag07_024_9.xhtml,workbook
Pag070010,VII,10,https://epub3.kb.dk/hcadag/epub3/EPUB/hcadag07_025_10.xhtml,workbook
Pag070011,VII,11,https://epub3.kb.dk/hcadag/epub3/EPUB/hcadag07_026_11.xhtml,workbook
Pag070012,VII,12,https://epub3.kb.dk/hcadag/epub3/EPUB/hcadag07_027_12.xhtml,workbook
Pag070013,VII,13,https://epub3.kb.dk/hcadag/epub3/EPUB/hcadag07_028_13.xhtml,workbook
Pag070014,VII,14,https://epub3.kb.dk/hcadag/epub3/EPUB/hcadag07_029_14.xhtml,workbook
Pag070015,VII,15,https://epub3.kb.dk/hcadag/epub3/EPUB/hcadag07_030_15.xhtml,workbook
Pag070016,VII,16,https://epub3.kb.dk/hcadag/epub3/EPUB/hcadag07_031_16.xhtml,workbook
Pag070017,VII,17,https://epub3.kb.dk/hcadag/epub3/EPUB/hcadag07_032_17.xhtml,workbook
Pag070018,VII,18,https://epub3.kb.dk/hcadag/epub3/EPUB/hcadag07_033_18.xhtml,workbook
Pag070019,VII,19,https://epub3.kb.dk/hcadag/epub3/EPUB/hcadag07_034_19.xhtml,workbook
Pag070020,VII,20,https://epub3.kb.dk/hcadag/epub3/EPUB/hcadag07_035_20.xhtml,workbook
Pag070021,VII,21,https://epub3.kb.dk/hcadag/epub3/EPUB/hcadag07_036_21.xhtml,workbook
Pag070022,VII,22,https://epub3.kb.dk/hcadag/epub3/EPUB/hcadag07_037_22.xhtml,workbook
Pag070023,VII,23,https://epub3.kb.dk/hcadag/epub3/EPUB/hcadag07_038_23.xhtml,workbook
Pag070024,VII,24,https://epub3.kb.dk/hcadag/epub3/EPUB/hcadag07_039_24.xhtml,workbook
Pag070025,VII,25,https://epub3.kb.dk/hcadag/epub3/EPUB/hcadag07_040_25.xhtml,workbook
Pag070026,VII,26,https://epub3.kb.dk/hcadag/epub3/EPUB/hcadag07_041_26.xhtml,workbook
Pag070027,VII,27,https://epub3.kb.dk/hcadag/epub3/EPUB/hcadag07_042_27.xhtml,workbook
Pag070028,VII,28,https://epub3.kb.dk/hcadag/epub3/EPUB/hcadag07_043_28.xhtml,workbook
Pag070029,VII,29,https://epub3.kb.dk/hcadag/epub3/EPUB/hcadag07_044_29.xhtml,workbook
Pag070030,VII,30,https://epub3.kb.dk/hcadag/epub3/EPUB/hcadag07_045_30.xhtml,workbook
Pag070031,VII,31,https://epub3.kb.dk/hcadag/epub3/EPUB/hcadag07_046_31.xhtml,workbook
Pag070032,VII,32,https://epub3.kb.dk/hcadag/epub3/EPUB/hcadag07_047_32.xhtml,workbook
Pag070033,VII,33,https://epub3.kb.dk/hcadag/epub3/EPUB/hcadag07_048_33.xhtml,workbook
Pag070034,VII,34,https://epub3.kb.dk/hcadag/epub3/EPUB/hcadag07_049_34.xhtml,workbook
Pag070035,VII,35,https://epub3.kb.dk/hcadag/epub3/EPUB/hcadag07_050_35.xhtml,workbook
Pag070036,VII,36,https://epub3.kb.dk/hcadag/epub3/EPUB/hcadag07_051_36.xhtml,workbook
Pag070037,VII,37,https://epub3.kb.dk/hcadag/epub3/EPUB/hcadag07_052_37.xhtml,workbook
Pag070038,VII,38,https://epub3.kb.dk/hcadag/epub3/EPUB/hcadag07_053_38.xhtml,workbook
Pag070039,VII,39,https://epub3.kb.dk/hcadag/epub3/EPUB/hcadag07_054_39.xhtml,workbook
Pag070040,VII,40,https://epub3.kb.dk/hcadag/epub3/EPUB/hcadag07_055_40.xhtml,workbook
Pag070041,VII,41,https://epub3.kb.dk/hcadag/epub3/EPUB/hcadag07_056_41.xhtml,workbook
Pag070042,VII,42,https://epub3.kb.dk/hcadag/epub3/EPUB/hcadag07_057_42.xhtml,workbook
Pag070043,VII,43,https://epub3.kb.dk/hcadag/epub3/EPUB/hcadag07_058_43.xhtml,workbook
Pag070044,VII,44,https://epub3.kb.dk/hcadag/epub3/EPUB/hcadag07_059_44.xhtml,workbook
Pag070045,VII,45,https://epub3.kb.dk/hcadag/epub3/EPUB/hcadag07_060_45.xhtml,workbook
Pag070046,VII,46,https://epub3.kb.dk/hcadag/epub3/EPUB/hcadag07_061_46.xhtml,workbook
Pag070047,VII,47,https://epub3.kb.dk/hcadag/epub3/EPUB/hcadag07_062_47.xhtml,workbook
Pag070048,VII,48,https://epub3.kb.dk/hcadag/epub3/EPUB/hcadag07_063_48.xhtml,workbook
Pag070049,VII,49,https://epub3.kb.dk/hcadag/epub3/EPUB/hcadag07_064_49.xhtml,workbook
Pag070050,VII,50,https://epub3.kb.dk/hcadag/epub3/EPUB/hcadag07_065_50.xhtml,workbook
Pag070051,VII,51,https://epub3.kb.dk/hcadag/epub3/EPUB/hcadag07_066_51.xhtml,workbook
Pag070052,VII,52,https://epub3.kb.dk/hcadag/epub3/EPUB/hcadag07_067_52.xhtml,workbook
Pag070053,VII,53,https://epub3.kb.dk/hcadag/epub3/EPUB/hcadag07_068_53.xhtml,workbook
Pag070054,VII,54,https://epub3.kb.dk/hcadag/epub3/EPUB/hcadag07_069_54.xhtml,workbook
Pag070055,VII,55,https://epub3.kb.dk/hcadag/epub3/EPUB/hcadag07_070_55.xhtml,workbook
Pag070056,VII,56,https://epub3.kb.dk/hcadag/epub3/EPUB/hcadag07_071_56.xhtml,workbook
Pag070057,VII,57,https://epub3.kb.dk/hcadag/epub3/EPUB/hcadag07_072_57.xhtml,workbook
Pag070058,VII,58,https://epub3.kb.dk/hcadag/epub3/EPUB/hcadag07_073_58.xhtml,workbook
Pag070059,VII,59,https://epub3.kb.dk/hcadag/epub3/EPUB/hcadag07_074_59.xhtml,workbook
Pag070060,VII,60,https://epub3.kb.dk/hcadag/epub3/EPUB/hcadag07_075_60.xhtml,workbook
Pag070061,VII,61,https://epub3.kb.dk/hcadag/epub3/EPUB/hcadag07_076_61.xhtml,workbook
Pag070062,VII,62,https://epub3.kb.dk/hcadag/epub3/EPUB/hcadag07_077_62.xhtml,workbook
Pag070063,VII,63,https://epub3.kb.dk/hcadag/epub3/EPUB/hcadag07_078_63.xhtml,workbook
Pag070064,VII,64,https://epub3.kb.dk/hcadag/epub3/EPUB/hcadag07_079_64.xhtml,workbook
Pag070065,VII,65,https://epub3.kb.dk/hcadag/epub3/EPUB/hcadag07_080_65.xhtml,workbook
Pag070066,VII,66,https://epub3.kb.dk/hcadag/epub3/EPUB/hcadag07_081_66.xhtml,workbook
Pag070067,VII,67,https://epub3.kb.dk/hcadag/epub3/EPUB/hcadag07_082_67.xhtml,workbook
Pag070068,VII,68,https://epub3.kb.dk/hcadag/epub3/EPUB/hcadag07_083_68.xhtml,workbook
Pag070069,VII,69,https://epub3.kb.dk/hcadag/epub3/EPUB/hcadag07_084_69.xhtml,workbook
Pag070070,VII,70,https://epub3.kb.dk/hcadag/epub3/EPUB/hcadag07_085_70.xhtml,workbook
Pag070071,VII,71,https://epub3.kb.dk/hcadag/epub3/EPUB/hcadag07_086_71.xhtml,workbook
Pag070072,VII,72,https://epub3.kb.dk/hcadag/epub3/EPUB/hcadag07_087_72.xhtml,workbook
Pag070073,VII,73,https://epub3.kb.dk/hcadag/epub3/EPUB/hcadag07_088_73.xhtml,workbook
Pag070074,VII,74,https://epub3.kb.dk/hcadag/epub3/EPUB/hcadag07_089_74.xhtml,workbook
Pag070075,VII,75,https://epub3.kb.dk/hcadag/epub3/EPUB/hcadag07_090_75.xhtml,workbook
Pag070076,VII,76,https://epub3.kb.dk/hcadag/epub3/EPUB/hcadag07_091_76.xhtml,workbook
Pag070077,VII,77,https://epub3.kb.dk/hcadag/epub3/EPUB/hcadag07_092_77.xhtml,workbook
Pag070078,VII,78,https://epub3.kb.dk/hcadag/epub3/EPUB/hcadag07_093_78.xhtml,workbook
Pag070079,VII,79,https://epub3.kb.dk/hcadag/epub3/EPUB/hcadag07_094_79.xhtml,workbook
Pag070080,VII,80,https://epub3.kb.dk/hcadag/epub3/EPUB/hcadag07_095_80.xhtml,workbook
Pag070081,VII,81,https://epub3.kb.dk/hcadag/epub3/EPUB/hcadag07_096_81.xhtml,workbook
Pag070082,VII,82,https://epub3.kb.dk/hcadag/epub3/EPUB/hcadag07_097_82.xhtml,workbook
Pag070083,VII,83,https://epub3.kb.dk/hcadag/epub3/EPUB/hcadag07_098_83.xhtml,workbook
Pag070084,VII,84,https://epub3.kb.dk/hcadag/epub3/EPUB/hcadag07_099_84.xhtml,workbook
Pag070085,VII,85,https://epub3.kb.dk/hcadag/epub3/EPUB/hcadag07_100_85.xhtml,workbook
Pag070086,VII,86,https://epub3.kb.dk/hcadag/epub3/EPUB/hcadag07_101_86.xhtml,workbook
Pag070087,VII,87,https://epub3.kb.dk/hcadag/epub3/EPUB/hcadag07_102_87.xhtml,workbook
Pag070088,VII,88,https://epub3.kb.dk/hcadag/epub3/EPUB/hcadag07_103_88.xhtml,workbook
Pag070089,VII,89,https://epub3.kb.dk/hcadag/epub3/EPUB/hcadag07_104_89.xhtml,workbook
Pag070090,VII,90,https://epub3.kb.dk/hcadag/epub3/EPUB/hcadag07_105_90.xhtml,workbook
Pag070091,VII,91,https://epub3.kb.dk/hcadag/epub3/EPUB/hcadag07_106_91.xhtml,workbook
Pag070092,VII,92,https://epub3.kb.dk/hcadag/epub3/EPUB/hcadag07_107_92.xhtml,workbook
Pag070093,VII,93,https://epub3.kb.dk/hcadag/epub3/EPUB/hcadag07_108_93.xhtml,workbook
Pag070094,VII,94,https://epub3.kb.dk/hcadag/epub3/EPUB/hcadag07_109_94.xhtml,workbook
Pag070095,VII,95,https://epub3.kb.dk/hcadag/epub3/EPUB/hcadag07_110_95.xhtml,workbook
Pag070096,VII,96,https://epub3.kb.dk/hcadag/epub3/EPUB/hcadag07_111_96.xhtml,workbook
Pag070097,VII,97,https://epub3.kb.dk/hcadag/epub3/EPUB/hcadag07_112_97.xhtml,workbook
Pag070098,VII,98,https://epub3.kb.dk/hcadag/epub3/EPUB/hcadag07_113_98.xhtml,workbook
Pag070099,VII,99,https://epub3.kb.dk/hcadag/epub3/EPUB/hcadag07_114_99.xhtml,workbook
Pag070100,VII,100,https://epub3.kb.dk/hcadag/epub3/EPUB/hcadag07_115_100.xhtml,workbook
Pag070101,VII,101,https://epub3.kb.dk/hcadag/epub3/EPUB/hcadag07_116_101.xhtml,workbook
Pag070102,VII,102,https://epub3.kb.dk/hcadag/epub3/EPUB/hcadag07_117_102.xhtml,workbook
Pag070103,VII,103,https://epub3.kb.dk/hcadag/epub3/EPUB/hcadag07_118_103.xhtml,workbook
Pag070104,VII,104,https://epub3.kb.dk/hcadag/epub3/EPUB/hcadag07_119_104.xhtml,workbook
Pag070105,VII,105,https://epub3.kb.dk/hcadag/epub3/EPUB/hcadag07_120_105.xhtml,workbook
Pag070106,VII,106,https://epub3.kb.dk/hcadag/epub3/EPUB/hcadag07_121_106.xhtml,workbook
Pag070107,VII,107,https://epub3.kb.dk/hcadag/epub3/EPUB/hcadag07_122_107.xhtml,workbook
Pag070108,VII,108,https://epub3.kb.dk/hcadag/epub3/EPUB/hcadag07_123_108.xhtml,workbook
Pag070109,VII,109,https://epub3.kb.dk/hcadag/epub3/EPUB/hcadag07_124_109.xhtml,workbook
Pag070110,VII,110,https://epub3.kb.dk/hcadag/epub3/EPUB/hcadag07_125_110.xhtml,workbook
Pag070111,VII,111,https://epub3.kb.dk/hcadag/epub3/EPUB/hcadag07_126_111.xhtml,workbook
Pag070112,VII,112,https://epub3.kb.dk/hcadag/epub3/EPUB/hcadag07_127_112.xhtml,workbook
Pag070113,VII,113,https://epub3.kb.dk/hcadag/epub3/EPUB/hcadag07_128_113.xhtml,workbook
Pag070114,VII,114,https://epub3.kb.dk/hcadag/epub3/EPUB/hcadag07_129_114.xhtml,workbook
Pag070115,VII,115,https://epub3.kb.dk/hcadag/epub3/EPUB/hcadag07_130_115.xhtml,workbook
Pag070116,VII,116,https://epub3.kb.dk/hcadag/epub3/EPUB/hcadag07_131_116.xhtml,workbook
Pag070117,VII,117,https://epub3.kb.dk/hcadag/epub3/EPUB/hcadag07_132_117.xhtml,workbook
Pag070118,VII,118,https://epub3.kb.dk/hcadag/epub3/EPUB/hcadag07_133_118.xhtml,workbook
Pag070119,VII,119,https://epub3.kb.dk/hcadag/epub3/EPUB/hcadag07_134_119.xhtml,workbook
Pag070120,VII,120,https://epub3.kb.dk/hcadag/epub3/EPUB/hcadag07_135_120.xhtml,workbook
Pag070121,VII,121,https://epub3.kb.dk/hcadag/epub3/EPUB/hcadag07_136_121.xhtml,workbook
Pag070122,VII,122,https://epub3.kb.dk/hcadag/epub3/EPUB/hcadag07_137_122.xhtml,workbook
Pag070123,VII,123,https://epub3.kb.dk/hcadag/epub3/EPUB/hcadag07_138_123.xhtml,workbook
Pag070124,VII,124,https://epub3.kb.dk/hcadag/epub3/EPUB/hcadag07_139_124.xhtml,workbook
Pag070125,VII,125,https://epub3.kb.dk/hcadag/epub3/EPUB/hcadag07_140_125.xhtml,workbook
Pag070126,VII,126,https://epub3.kb.dk/hcadag/epub3/EPUB/hcadag07_141_126.xhtml,workbook
Pag070127,VII,127,https://epub3.kb.dk/hcadag/epub3/EPUB/hcadag07_142_127.xhtml,workbook
Pag070128,VII,128,https://epub3.kb.dk/hcadag/epub3/EPUB/hcadag07_143_128.xhtml,workbook
Pag070129,VII,129,https://epub3.kb.dk/hcadag/epub3/EPUB/hcadag07_144_129.xhtml,workbook
Pag070130,VII,130,https://epub3.kb.dk/hcadag/epub3/EPUB/hcadag07_145_130.xhtml,workbook
Pag070131,VII,131,https://epub3.kb.dk/hcadag/epub3/EPUB/hcadag07_146_131.xhtml,workbook
Pag070132,VII,132,https://epub3.kb.dk/hcadag/epub3/EPUB/hcadag07_147_132.xhtml,workbook
Pag070133,VII,133,https://epub3.kb.dk/hcadag/epub3/EPUB/hcadag07_148_133.xhtml,workbook
Pag070134,VII,134,https://epub3.kb.dk/hcadag/epub3/EPUB/hcadag07_149_134.xhtml,workbook
Pag070135,VII,135,https://epub3.kb.dk/hcadag/epub3/EPUB/hcadag07_150_135.xhtml,workbook
Pag070136,VII,136,https://epub3.kb.dk/hcadag/epub3/EPUB/hcadag07_151_136.xhtml,workbook
Pag070137,VII,137,https://epub3.kb.dk/hcadag/epub3/EPUB/hcadag07_152_137.xhtml,workbook
Pag070138,VII,138,https://epub3.kb.dk/hcadag/epub3/EPUB/hcadag07_153_138.xhtml,workbook
Pag070139,VII,139,https://epub3.kb.dk/hcadag/epub3/EPUB/hcadag07_154_139.xhtml,workbook
Pag070140,VII,140,https://epub3.kb.dk/hcadag/epub3/EPUB/hcadag07_155_140.xhtml,workbook
Pag070141,VII,141,https://epub3.kb.dk/hcadag/epub3/EPUB/hcadag07_156_141.xhtml,workbook
Pag070142,VII,142,https://epub3.kb.dk/hcadag/epub3/EPUB/hcadag07_157_142.xhtml,workbook
Pag070143,VII,143,https://epub3.kb.dk/hcadag/epub3/EPUB/hcadag07_158_143.xhtml,workbook
Pag070144,VII,144,https://epub3.kb.dk/hcadag/epub3/EPUB/hcadag07_159_144.xhtml,workbook
Pag070145,VII,145,https://epub3.kb.dk/hcadag/epub3/EPUB/hcadag07_160_145.xhtml,workbook
Pag070146,VII,146,https://epub3.kb.dk/hcadag/epub3/EPUB/hcadag07_161_146.xhtml,workbook
Pag070147,VII,147,https://epub3.kb.dk/hcadag/epub3/EPUB/hcadag07_162_147.xhtml,workbook
Pag070148,VII,148,https://epub3.kb.dk/hcadag/epub3/EPUB/hcadag07_163_148.xhtml,workbook
Pag070149,VII,149,https://epub3.kb.dk/hcadag/epub3/EPUB/hcadag07_164_149.xhtml,workbook
Pag070150,VII,150,https://epub3.kb.dk/hcadag/epub3/EPUB/hcadag07_165_150.xhtml,workbook
Pag070151,VII,151,https://epub3.kb.dk/hcadag/epub3/EPUB/hcadag07_166_151.xhtml,workbook
Pag070152,VII,152,https://epub3.kb.dk/hcadag/epub3/EPUB/hcadag07_167_152.xhtml,workbook
Pag070153,VII,153,https://epub3.kb.dk/hcadag/epub3/EPUB/hcadag07_168_153.xhtml,workbook
Pag070154,VII,154,https://epub3.kb.dk/hcadag/epub3/EPUB/hcadag07_169_154.xhtml,workbook
Pag070155,VII,155,https://epub3.kb.dk/hcadag/epub3/EPUB/hcadag07_170_155.xhtml,workbook
Pag070156,VII,156,https://epub3.kb.dk/hcadag/epub3/EPUB/hcadag07_171_156.xhtml,workbook
Pag070157,VII,157,https://epub3.kb.dk/hcadag/epub3/EPUB/hcadag07_172_157.xhtml,workbook
Pag070158,VII,158,https://epub3.kb.dk/hcadag/epub3/EPUB/hcadag07_173_158.xhtml,workbook
Pag070159,VII,159,https://epub3.kb.dk/hcadag/epub3/EPUB/hcadag07_174_159.xhtml,workbook
Pag070160,VII,160,https://epub3.kb.dk/hcadag/epub3/EPUB/hcadag07_175_160.xhtml,workbook
Pag070161,VII,161,https://epub3.kb.dk/hcadag/epub3/EPUB/hcadag07_176_161.xhtml,workbook
Pag070162,VII,162,https://epub3.kb.dk/hcadag/epub3/EPUB/hcadag07_177_162.xhtml,workbook
Pag070163,VII,163,https://epub3.kb.dk/hcadag/epub3/EPUB/hcadag07_178_163.xhtml,workbook
Pag070164,VII,164,https://epub3.kb.dk/hcadag/epub3/EPUB/hcadag07_179_164.xhtml,workbook
Pag070165,VII,165,https://epub3.kb.dk/hcadag/epub3/EPUB/hcadag07_180_165.xhtml,workbook
Pag070166,VII,166,https://epub3.kb.dk/hcadag/epub3/EPUB/hcadag07_181_166.xhtml,workbook
Pag070167,VII,167,https://epub3.kb.dk/hcadag/epub3/EPUB/hcadag07_182_167.xhtml,workbook
Pag070168,VII,168,https://epub3.kb.dk/hcadag/epub3/EPUB/hcadag07_183_168.xhtml,workbook
Pag070169,VII,169,https://epub3.kb.dk/hcadag/epub3/EPUB/hcadag07_184_169.xhtml,workbook
Pag070170,VII,170,https://epub3.kb.dk/hcadag/epub3/EPUB/hcadag07_185_170.xhtml,workbook
Pag070171,VII,171,https://epub3.kb.dk/hcadag/epub3/EPUB/hcadag07_186_171.xhtml,workbook
Pag070172,VII,172,https://epub3.kb.dk/hcadag/epub3/EPUB/hcadag07_187_172.xhtml,workbook
Pag070173,VII,173,https://epub3.kb.dk/hcadag/epub3/EPUB/hcadag07_188_173.xhtml,workbook
Pag070174,VII,174,https://epub3.kb.dk/hcadag/epub3/EPUB/hcadag07_189_174.xhtml,workbook
Pag070175,VII,175,https://epub3.kb.dk/hcadag/epub3/EPUB/hcadag07_190_175.xhtml,workbook
Pag070176,VII,176,https://epub3.kb.dk/hcadag/epub3/EPUB/hcadag07_191_176.xhtml,workbook
Pag070177,VII,177,https://epub3.kb.dk/hcadag/epub3/EPUB/hcadag07_192_177.xhtml,workbook
Pag070178,VII,178,https://epub3.kb.dk/hcadag/epub3/EPUB/hcadag07_193_178.xhtml,workbook
Pag070179,VII,179,https://epub3.kb.dk/hcadag/epub3/EPUB/hcadag07_194_179.xhtml,workbook
Pag070180,VII,180,https://epub3.kb.dk/hcadag/epub3/EPUB/hcadag07_195_180.xhtml,workbook
Pag070181,VII,181,https://epub3.kb.dk/hcadag/epub3/EPUB/hcadag07_196_181.xhtml,workbook
Pag070182,VII,182,https://epub3.kb.dk/hcadag/epub3/EPUB/hcadag07_197_182.xhtml,workbook
Pag070183,VII,183,https://epub3.kb.dk/hcadag/epub3/EPUB/hcadag07_198_183.xhtml,workbook
Pag070184,VII,184,https://epub3.kb.dk/hcadag/epub3/EPUB/hcadag07_199_184.xhtml,workbook
Pag070185,VII,185,https://epub3.kb.dk/hcadag/epub3/EPUB/hcadag07_200_185.xhtml,workbook
Pag070186,VII,186,https://epub3.kb.dk/hcadag/epub3/EPUB/hcadag07_201_186.xhtml,workbook
Pag070187,VII,187,https://epub3.kb.dk/hcadag/epub3/EPUB/hcadag07_202_187.xhtml,workbook
Pag070188,VII,188,https://epub3.kb.dk/hcadag/epub3/EPUB/hcadag07_203_188.xhtml,workbook
Pag070189,VII,189,https://epub3.kb.dk/hcadag/epub3/EPUB/hcadag07_204_189.xhtml,workbook
Pag070190,VII,190,https://epub3.kb.dk/hcadag/epub3/EPUB/hcadag07_205_190.xhtml,workbook
Pag070191,VII,191,https://epub3.kb.dk/hcadag/epub3/EPUB/hcadag07_206_191.xhtml,workbook
Pag070192,VII,192,https://epub3.kb.dk/hcadag/epub3/EPUB/hcadag07_207_192.xhtml,workbook
Pag070193,VII,193,https://epub3.kb.dk/hcadag/epub3/EPUB/hcadag07_208_193.xhtml,workbook
Pag070194,VII,194,https://epub3.kb.dk/hcadag/epub3/EPUB/hcadag07_209_194.xhtml,workbook
Pag070195,VII,195,https://epub3.kb.dk/hcadag/epub3/EPUB/hcadag07_210_195.xhtml,workbook
Pag070196,VII,196,https://epub3.kb.dk/hcadag/epub3/EPUB/hcadag07_211_196.xhtml,workbook
Pag070197,VII,197,https://epub3.kb.dk/hcadag/epub3/EPUB/hcadag07_212_197.xhtml,workbook
Pag070198,VII,198,https://epub3.kb.dk/hcadag/epub3/EPUB/hcadag07_213_198.xhtml,workbook
Pag070199,VII,199,https://epub3.kb.dk/hcadag/epub3/EPUB/hcadag07_214_199.xhtml,workbook
Pag070200,VII,200,https://epub3.kb.dk/hcadag/epub3/EPUB/hcadag07_215_200.xhtml,workbook
Pag070201,VII,201,https://epub3.kb.dk/hcadag/epub3/EPUB/hcadag07_216_201.xhtml,workbook
Pag070202,VII,202,https://epub3.kb.dk/hcadag/epub3/EPUB/hcadag07_217_202.xhtml,workbook
Pag070203,VII,203,https://epub3.kb.dk/hcadag/epub3/EPUB/hcadag07_218_203.xhtml,workbook
Pag070204,VII,204,https://epub3.kb.dk/hcadag/epub3/EPUB/hcadag07_219_204.xhtml,workbook
Pag070205,VII,205,https://epub3.kb.dk/hcadag/epub3/EPUB/hcadag07_220_205.xhtml,workbook
Pag070206,VII,206,https://epub3.kb.dk/hcadag/epub3/EPUB/hcadag07_221_206.xhtml,workbook
Pag070207,VII,207,https://epub3.kb.dk/hcadag/epub3/EPUB/hcadag07_222_207.xhtml,workbook
Pag070208,VII,208,https://epub3.kb.dk/hcadag/epub3/EPUB/hcadag07_223_208.xhtml,workbook
Pag070209,VII,209,https://epub3.kb.dk/hcadag/epub3/EPUB/hcadag07_224_209.xhtml,workbook
Pag070210,VII,210,https://epub3.kb.dk/hcadag/epub3/EPUB/hcadag07_225_210.xhtml,workbook
Pag070211,VII,211,https://epub3.kb.dk/hcadag/epub3/EPUB/hcadag07_226_211.xhtml,workbook
Pag070212,VII,212,https://epub3.kb.dk/hcadag/epub3/EPUB/hcadag07_227_212.xhtml,workbook
Pag070213,VII,213,https://epub3.kb.dk/hcadag/epub3/EPUB/hcadag07_228_213.xhtml,workbook
Pag070214,VII,214,https://epub3.kb.dk/hcadag/epub3/EPUB/hcadag07_229_214.xhtml,workbook
Pag070215,VII,215,https://epub3.kb.dk/hcadag/epub3/EPUB/hcadag07_230_215.xhtml,workbook
Pag070216,VII,216,https://epub3.kb.dk/hcadag/epub3/EPUB/hcadag07_231_216.xhtml,workbook
Pag070217,VII,217,https://epub3.kb.dk/hcadag/epub3/EPUB/hcadag07_232_217.xhtml,workbook
Pag070218,VII,218,https://epub3.kb.dk/hcadag/epub3/EPUB/hcadag07_233_218.xhtml,workbook
Pag070219,VII,219,https://epub3.kb.dk/hcadag/epub3/EPUB/hcadag07_234_219.xhtml,workbook
Pag070220,VII,220,https://epub3.kb.dk/hcadag/epub3/EPUB/hcadag07_235_220.xhtml,workbook
Pag070221,VII,221,https://epub3.kb.dk/hcadag/epub3/EPUB/hcadag07_236_221.xhtml,workbook
Pag070222,VII,222,https://epub3.kb.dk/hcadag/epub3/EPUB/hcadag07_237_222.xhtml,workbook
Pag070223,VII,223,https://epub3.kb.dk/hcadag/epub3/EPUB/hcadag07_238_223.xhtml,workbook
Pag070224,VII,224,https://epub3.kb.dk/hcadag/epub3/EPUB/hcadag07_239_224.xhtml,workbook
Pag070225,VII,225,https://epub3.kb.dk/hcadag/epub3/EPUB/hcadag07_240_225.xhtml,workbook
Pag070226,VII,226,https://epub3.kb.dk/hcadag/epub3/EPUB/hcadag07_241_226.xhtml,workbook
Pag070227,VII,227,https://epub3.kb.dk/hcadag/epub3/EPUB/hcadag07_242_227.xhtml,workbook
Pag070228,VII,228,https://epub3.kb.dk/hcadag/epub3/EPUB/hcadag07_243_228.xhtml,workbook
Pag070229,VII,229,https://epub3.kb.dk/hcadag/epub3/EPUB/hcadag07_244_229.xhtml,workbook
Pag070230,VII,230,https://epub3.kb.dk/hcadag/epub3/EPUB/hcadag07_245_230.xhtml,workbook
Pag070231,VII,231,https://epub3.kb.dk/hcadag/epub3/EPUB/hcadag07_246_231.xhtml,workbook
Pag070232,VII,232,https://epub3.kb.dk/hcadag/epub3/EPUB/hcadag07_247_232.xhtml,workbook
Pag070233,VII,233,https://epub3.kb.dk/hcadag/epub3/EPUB/hcadag07_248_233.xhtml,workbook
Pag070234,VII,234,https://epub3.kb.dk/hcadag/epub3/EPUB/hcadag07_249_234.xhtml,workbook
Pag070235,VII,235,https://epub3.kb.dk/hcadag/epub3/EPUB/hcadag07_250_235.xhtml,workbook
Pag070236,VII,236,https://epub3.kb.dk/hcadag/epub3/EPUB/hcadag07_251_236.xhtml,workbook
Pag070237,VII,237,https://epub3.kb.dk/hcadag/epub3/EPUB/hcadag07_252_237.xhtml,workbook
Pag070238,VII,238,https://epub3.kb.dk/hcadag/epub3/EPUB/hcadag07_253_238.xhtml,workbook
Pag070239,VII,239,https://epub3.kb.dk/hcadag/epub3/EPUB/hcadag07_254_239.xhtml,workbook
Pag070240,VII,240,https://epub3.kb.dk/hcadag/epub3/EPUB/hcadag07_255_240.xhtml,workbook
Pag070241,VII,241,https://epub3.kb.dk/hcadag/epub3/EPUB/hcadag07_256_241.xhtml,workbook
Pag070242,VII,242,https://epub3.kb.dk/hcadag/epub3/EPUB/hcadag07_257_242.xhtml,workbook
Pag070243,VII,243,https://epub3.kb.dk/hcadag/epub3/EPUB/hcadag07_258_243.xhtml,workbook
Pag070244,VII,244,https://epub3.kb.dk/hcadag/epub3/EPUB/hcadag07_259_244.xhtml,workbook
Pag070245,VII,245,https://epub3.kb.dk/hcadag/epub3/EPUB/hcadag07_260_245.xhtml,workbook
Pag070246,VII,246,https://epub3.kb.dk/hcadag/epub3/EPUB/hcadag07_261_246.xhtml,workbook
Pag070247,VII,247,https://epub3.kb.dk/hcadag/epub3/EPUB/hcadag07_262_247.xhtml,workbook
Pag070248,VII,248,https://epub3.kb.dk/hcadag/epub3/EPUB/hcadag07_263_248.xhtml,workbook
Pag070249,VII,249,https://epub3.kb.dk/hcadag/epub3/EPUB/hcadag07_264_249.xhtml,workbook
Pag070250,VII,250,https://epub3.kb.dk/hcadag/epub3/EPUB/hcadag07_265_250.xhtml,workbook
Pag070251,VII,251,https://epub3.kb.dk/hcadag/epub3/EPUB/hcadag07_266_251.xhtml,workbook
Pag070252,VII,252,https://epub3.kb.dk/hcadag/epub3/EPUB/hcadag07_267_252.xhtml,workbook
Pag070253,VII,253,https://epub3.kb.dk/hcadag/epub3/EPUB/hcadag07_268_253.xhtml,workbook
Pag070254,VII,254,https://epub3.kb.dk/hcadag/epub3/EPUB/hcadag07_269_254.xhtml,workbook
Pag070255,VII,255,https://epub3.kb.dk/hcadag/epub3/EPUB/hcadag07_270_255.xhtml,workbook
Pag070256,VII,256,https://epub3.kb.dk/hcadag/epub3/EPUB/hcadag07_271_256.xhtml,workbook
Pag070257,VII,257,https://epub3.kb.dk/hcadag/epub3/EPUB/hcadag07_272_257.xhtml,workbook
Pag070258,VII,258,https://epub3.kb.dk/hcadag/epub3/EPUB/hcadag07_273_258.xhtml,workbook
Pag070259,VII,259,https://epub3.kb.dk/hcadag/epub3/EPUB/hcadag07_274_259.xhtml,workbook
Pag070260,VII,260,https://epub3.kb.dk/hcadag/epub3/EPUB/hcadag07_275_260.xhtml,workbook
Pag070261,VII,261,https://epub3.kb.dk/hcadag/epub3/EPUB/hcadag07_276_261.xhtml,workbook
Pag070262,VII,262,https://epub3.kb.dk/hcadag/epub3/EPUB/hcadag07_277_262.xhtml,workbook
Pag070263,VII,263,https://epub3.kb.dk/hcadag/epub3/EPUB/hcadag07_278_263.xhtml,workbook
Pag070264,VII,264,https://epub3.kb.dk/hcadag/epub3/EPUB/hcadag07_279_264.xhtml,workbook
Pag070265,VII,265,https://epub3.kb.dk/hcadag/epub3/EPUB/hcadag07_280_265.xhtml,workbook
Pag070266,VII,266,https://epub3.kb.dk/hcadag/epub3/EPUB/hcadag07_281_266.xhtml,workbook
Pag070267,VII,267,https://epub3.kb.dk/hcadag/epub3/EPUB/hcadag07_282_267.xhtml,workbook
Pag070268,VII,268,https://epub3.kb.dk/hcadag/epub3/EPUB/hcadag07_283_268.xhtml,workbook
Pag070269,VII,269,https://epub3.kb.dk/hcadag/epub3/EPUB/hcadag07_284_269.xhtml,workbook
Pag070270,VII,270,https://epub3.kb.dk/hcadag/epub3/EPUB/hcadag07_285_270.xhtml,workbook
Pag070271,VII,271,https://epub3.kb.dk/hcadag/epub3/EPUB/hcadag07_286_271.xhtml,workbook
Pag070272,VII,272,https://epub3.kb.dk/hcadag/epub3/EPUB/hcadag07_287_272.xhtml,workbook
Pag070273,VII,273,https://epub3.kb.dk/hcadag/epub3/EPUB/hcadag07_288_273.xhtml,workbook
Pag070274,VII,274,https://epub3.kb.dk/hcadag/epub3/EPUB/hcadag07_289_274.xhtml,workbook
Pag070275,VII,275,https://epub3.kb.dk/hcadag/epub3/EPUB/hcadag07_290_275.xhtml,workbook
Pag070276,VII,276,https://epub3.kb.dk/hcadag/epub3/EPUB/hcadag07_291_276.xhtml,workbook
Pag070277,VII,277,https://epub3.kb.dk/hcadag/epub3/EPUB/hcadag07_292_277.xhtml,workbook
Pag070278,VII,278,https://epub3.kb.dk/hcadag/epub3/EPUB/hcadag07_293_278.xhtml,workbook
Pag070279,VII,279,https://epub3.kb.dk/hcadag/epub3/EPUB/hcadag07_294_279.xhtml,workbook
Pag070280,VII,280,https://epub3.kb.dk/hcadag/epub3/EPUB/hcadag07_295_280.xhtml,workbook
Pag070281,VII,281,https://epub3.kb.dk/hcadag/epub3/EPUB/hcadag07_296_281.xhtml,workbook
Pag070282,VII,282,https://epub3.kb.dk/hcadag/epub3/EPUB/hcadag07_297_282.xhtml,workbook
Pag070283,VII,283,https://epub3.kb.dk/hcadag/epub3/EPUB/hcadag07_298_283.xhtml,workbook
Pag070284,VII,284,https://epub3.kb.dk/hcadag/epub3/EPUB/hcadag07_299_284.xhtml,workbook
Pag070285,VII,285,https://epub3.kb.dk/hcadag/epub3/EPUB/hcadag07_300_285.xhtml,workbook
Pag070286,VII,286,https://epub3.kb.dk/hcadag/epub3/EPUB/hcadag07_301_286.xhtml,workbook
Pag070287,VII,287,https://epub3.kb.dk/hcadag/epub3/EPUB/hcadag07_302_287.xhtml,workbook
Pag070288,VII,288,https://epub3.kb.dk/hcadag/epub3/EPUB/hcadag07_303_288.xhtml,workbook
Pag070289,VII,289,https://epub3.kb.dk/hcadag/epub3/EPUB/hcadag07_304_289.xhtml,workbook
Pag070290,VII,290,https://epub3.kb.dk/hcadag/epub3/EPUB/hcadag07_305_290.xhtml,workbook
Pag070291,VII,291,https://epub3.kb.dk/hcadag/epub3/EPUB/hcadag07_306_291.xhtml,workbook
Pag070292,VII,292,https://epub3.kb.dk/hcadag/epub3/EPUB/hcadag07_307_292.xhtml,workbook
Pag070293,VII,293,https://epub3.kb.dk/hcadag/epub3/EPUB/hcadag07_308_293.xhtml,workbook
Pag070294,VII,294,https://epub3.kb.dk/hcadag/epub3/EPUB/hcadag07_309_294.xhtml,workbook
Pag070295,VII,295,https://epub3.kb.dk/hcadag/epub3/EPUB/hcadag07_310_295.xhtml,workbook
Pag070296,VII,296,https://epub3.kb.dk/hcadag/epub3/EPUB/hcadag07_311_296.xhtml,workbook
Pag070297,VII,297,https://epub3.kb.dk/hcadag/epub3/EPUB/hcadag07_312_297.xhtml,workbook
Pag070298,VII,298,https://epub3.kb.dk/hcadag/epub3/EPUB/hcadag07_313_298.xhtml,workbook
Pag070299,VII,299,https://epub3.kb.dk/hcadag/epub3/EPUB/hcadag07_314_299.xhtml,workbook
Pag070300,VII,300,https://epub3.kb.dk/hcadag/epub3/EPUB/hcadag07_315_300.xhtml,workbook
Pag070301,VII,301,https://epub3.kb.dk/hcadag/epub3/EPUB/hcadag07_316_301.xhtml,workbook
Pag070302,VII,302,https://epub3.kb.dk/hcadag/epub3/EPUB/hcadag07_317_302.xhtml,workbook
Pag070303,VII,303,https://epub3.kb.dk/hcadag/epub3/EPUB/hcadag07_318_303.xhtml,workbook
Pag070304,VII,304,https://epub3.kb.dk/hcadag/epub3/EPUB/hcadag07_319_304.xhtml,workbook
Pag070305,VII,305,https://epub3.kb.dk/hcadag/epub3/EPUB/hcadag07_320_305.xhtml,workbook
Pag070306,VII,306,https://epub3.kb.dk/hcadag/epub3/EPUB/hcadag07_321_306.xhtml,workbook
Pag070307,VII,307,https://epub3.kb.dk/hcadag/epub3/EPUB/hcadag07_322_307.xhtml,workbook
Pag070308,VII,308,https://epub3.kb.dk/hcadag/epub3/EPUB/hcadag07_323_308.xhtml,workbook
Pag070309,VII,309,https://epub3.kb.dk/hcadag/epub3/EPUB/hcadag07_324_309.xhtml,workbook
Pag070310,VII,310,https://epub3.kb.dk/hcadag/epub3/EPUB/hcadag07_325_310.xhtml,workbook
Pag070311,VII,311,https://epub3.kb.dk/hcadag/epub3/EPUB/hcadag07_326_311.xhtml,workbook
Pag070312,VII,312,https://epub3.kb.dk/hcadag/epub3/EPUB/hcadag07_327_312.xhtml,workbook
Pag070313,VII,313,https://epub3.kb.dk/hcadag/epub3/EPUB/hcadag07_328_313.xhtml,workbook
Pag070314,VII,314,https://epub3.kb.dk/hcadag/epub3/EPUB/hcadag07_329_314.xhtml,workbook
Pag070315,VII,315,https://epub3.kb.dk/hcadag/epub3/EPUB/hcadag07_330_315.xhtml,workbook
Pag070316,VII,316,https://epub3.kb.dk/hcadag/epub3/EPUB/hcadag07_331_316.xhtml,workbook
Pag070317,VII,317,https://epub3.kb.dk/hcadag/epub3/EPUB/hcadag07_332_317.xhtml,workbook
Pag070318,VII,318,https://epub3.kb.dk/hcadag/epub3/EPUB/hcadag07_333_318.xhtml,workbook
Pag070319,VII,319,https://epub3.kb.dk/hcadag/epub3/EPUB/hcadag07_334_319.xhtml,workbook
Pag070320,VII,320,https://epub3.kb.dk/hcadag/epub3/EPUB/hcadag07_335_320.xhtml,workbook
Pag070321,VII,321,https://epub3.kb.dk/hcadag/epub3/EPUB/hcadag07_336_321.xhtml,workbook
Pag070322,VII,322,https://epub3.kb.dk/hcadag/epub3/EPUB/hcadag07_337_322.xhtml,workbook
Pag070323,VII,323,https://epub3.kb.dk/hcadag/epub3/EPUB/hcadag07_338_323.xhtml,workbook
Pag070324,VII,324,https://epub3.kb.dk/hcadag/epub3/EPUB/hcadag07_339_324.xhtml,workbook
Pag070325,VII,325,https://epub3.kb.dk/hcadag/epub3/EPUB/hcadag07_340_325.xhtml,workbook
Pag070326,VII,326,https://epub3.kb.dk/hcadag/epub3/EPUB/hcadag07_341_326.xhtml,workbook
Pag070327,VII,327,https://epub3.kb.dk/hcadag/epub3/EPUB/hcadag07_342_327.xhtml,workbook
Pag070328,VII,328,https://epub3.kb.dk/hcadag/epub3/EPUB/hcadag07_343_328.xhtml,workbook
Pag070329,VII,329,https://epub3.kb.dk/hcadag/epub3/EPUB/hcadag07_344_329.xhtml,workbook
Pag070330,VII,330,https://epub3.kb.dk/hcadag/epub3/EPUB/hcadag07_345_330.xhtml,workbook
Pag070331,VII,331,https://epub3.kb.dk/hcadag/epub3/EPUB/hcadag07_346_331.xhtml,workbook
Pag070332,VII,332,https://epub3.kb.dk/hcadag/epub3/EPUB/hcadag07_347_332.xhtml,workbook
Pag070333,VII,333,https://epub3.kb.dk/hcadag/epub3/EPUB/hcadag07_348_333.xhtml,workbook
Pag070334,VII,334,https://epub3.kb.dk/hcadag/epub3/EPUB/hcadag07_349_334.xhtml,workbook
Pag070335,VII,335,https://epub3.kb.dk/hcadag/epub3/EPUB/hcadag07_350_335.xhtml,workbook
Pag070336,VII,336,https://epub3.kb.dk/hcadag/epub3/EPUB/hcadag07_351_336.xhtml,workbook
Pag070337,VII,337,https://epub3.kb.dk/hcadag/epub3/EPUB/hcadag07_352_337.xhtml,workbook
Pag070338,VII,338,https://epub3.kb.dk/hcadag/epub3/EPUB/hcadag07_353_338.xhtml,workbook
Pag070339,VII,339,https://epub3.kb.dk/hcadag/epub3/EPUB/hcadag07_354_339.xhtml,workbook
Pag070340,VII,340,https://epub3.kb.dk/hcadag/epub3/EPUB/hcadag07_355_340.xhtml,workbook
Pag070341,VII,341,https://epub3.kb.dk/hcadag/epub3/EPUB/hcadag07_356_341.xhtml,workbook
Pag070342,VII,342,https://epub3.kb.dk/hcadag/epub3/EPUB/hcadag07_357_342.xhtml,workbook
Pag070343,VII,343,https://epub3.kb.dk/hcadag/epub3/EPUB/hcadag07_358_343.xhtml,workbook
Pag070344,VII,344,https://epub3.kb.dk/hcadag/epub3/EPUB/hcadag07_359_344.xhtml,workbook
Pag070345,VII,345,https://epub3.kb.dk/hcadag/epub3/EPUB/hcadag07_360_345.xhtml,workbook
Pag070346,VII,346,https://epub3.kb.dk/hcadag/epub3/EPUB/hcadag07_361_346.xhtml,workbook
Pag070347,VII,347,https://epub3.kb.dk/hcadag/epub3/EPUB/hcadag07_362_347.xhtml,workbook
Pag070348,VII,348,https://epub3.kb.dk/hcadag/epub3/EPUB/hcadag07_363_348.xhtml,workbook
Pag070349,VII,349,https://epub3.kb.dk/hcadag/epub3/EPUB/hcadag07_364_349.xhtml,workbook
Pag070350,VII,350,https://epub3.kb.dk/hcadag/epub3/EPUB/hcadag07_365_350.xhtml,workbook
Pag070351,VII,351,https://epub3.kb.dk/hcadag/epub3/EPUB/hcadag07_366_351.xhtml,workbook
Pag070352,VII,352,https://epub3.kb.dk/hcadag/epub3/EPUB/hcadag07_367_352.xhtml,workbook
Pag070353,VII,353,https://epub3.kb.dk/hcadag/epub3/EPUB/hcadag07_368_353.xhtml,workbook
Pag070354,VII,354,https://epub3.kb.dk/hcadag/epub3/EPUB/hcadag07_369_354.xhtml,workbook
Pag070355,VII,355,https://epub3.kb.dk/hcadag/epub3/EPUB/hcadag07_370_355.xhtml,workbook
Pag070356,VII,356,https://epub3.kb.dk/hcadag/epub3/EPUB/hcadag07_371_356.xhtml,workbook
Pag070357,VII,357,https://epub3.kb.dk/hcadag/epub3/EPUB/hcadag07_372_357.xhtml,workbook
Pag070358,VII,358,https://epub3.kb.dk/hcadag/epub3/EPUB/hcadag07_373_358.xhtml,workbook
Pag070359,VII,359,https://epub3.kb.dk/hcadag/epub3/EPUB/hcadag07_374_359.xhtml,workbook
Pag070360,VII,360,https://epub3.kb.dk/hcadag/epub3/EPUB/hcadag07_375_360.xhtml,workbook
Pag070361,VII,361,https://epub3.kb.dk/hcadag/epub3/EPUB/hcadag07_376_361.xhtml,workbook
Pag070362,VII,362,https://epub3.kb.dk/hcadag/epub3/EPUB/hcadag07_377_362.xhtml,workbook
Pag070363,VII,363,https://epub3.kb.dk/hcadag/epub3/EPUB/hcadag07_378_363.xhtml,workbook
Pag070364,VII,364,https://epub3.kb.dk/hcadag/epub3/EPUB/hcadag07_379_364.xhtml,workbook
Pag070365,VII,365,https://epub3.kb.dk/hcadag/epub3/EPUB/hcadag07_380_365.xhtml,workbook
Pag070366,VII,366,https://epub3.kb.dk/hcadag/epub3/EPUB/hcadag07_381_366.xhtml,workbook
Pag070367,VII,367,https://epub3.kb.dk/hcadag/epub3/EPUB/hcadag07_382_367.xhtml,workbook
Pag070368,VII,368,https://epub3.kb.dk/hcadag/epub3/EPUB/hcadag07_383_368.xhtml,workbook
Pag070369,VII,369,https://epub3.kb.dk/hcadag/epub3/EPUB/hcadag07_384_369.xhtml,workbook
Pag070370,VII,370,https://epub3.kb.dk/hcadag/epub3/EPUB/hcadag07_385_370.xhtml,workbook
Pag070371,VII,371,https://epub3.kb.dk/hcadag/epub3/EPUB/hcadag07_386_371.xhtml,workbook
Pag070372,VII,372,https://epub3.kb.dk/hcadag/epub3/EPUB/hcadag07_387_372.xhtml,workbook
Pag070373,VII,373,https://epub3.kb.dk/hcadag/epub3/EPUB/hcadag07_388_373.xhtml,workbook
Pag070374,VII,374,https://epub3.kb.dk/hcadag/epub3/EPUB/hcadag07_389_374.xhtml,workbook
Pag070375,VII,375,https://epub3.kb.dk/hcadag/epub3/EPUB/hcadag07_390_375.xhtml,workbook
Pag070376,VII,376,https://epub3.kb.dk/hcadag/epub3/EPUB/hcadag07_391_376.xhtml,workbook
Pag070377,VII,377,https://epub3.kb.dk/hcadag/epub3/EPUB/hcadag07_392_377.xhtml,workbook
Pag070378,VII,378,https://epub3.kb.dk/hcadag/epub3/EPUB/hcadag07_393_378.xhtml,workbook
Pag070379,VII,379,https://epub3.kb.dk/hcadag/epub3/EPUB/hcadag07_394_379.xhtml,workbook
Pag070380,VII,380,https://epub3.kb.dk/hcadag/epub3/EPUB/hcadag07_395_380.xhtml,workbook
Pag070381,VII,381,https://epub3.kb.dk/hcadag/epub3/EPUB/hcadag07_396_381.xhtml,workbook
Pag070382,VII,382,https://epub3.kb.dk/hcadag/epub3/EPUB/hcadag07_397_382.xhtml,workbook
Pag070383,VII,383,https://epub3.kb.dk/hcadag/epub3/EPUB/hcadag07_398_383.xhtml,workbook
Pag070384,VII,384,https://epub3.kb.dk/hcadag/epub3/EPUB/hcadag07_399_384.xhtml,workbook
Pag070385,VII,385,https://epub3.kb.dk/hcadag/epub3/EPUB/hcadag07_400_385.xhtml,workbook
Pag070386,VII,386,https://epub3.kb.dk/hcadag/epub3/EPUB/hcadag07_401_386.xhtml,workbook
Pag070387,VII,387,https://epub3.kb.dk/hcadag/epub3/EPUB/hcadag07_402_387.xhtml,workbook
Pag070388,VII,388,https://epub3.kb.dk/hcadag/epub3/EPUB/hcadag07_403_388.xhtml,workbook
Pag070389,VII,389,https://epub3.kb.dk/hcadag/epub3/EPUB/hcadag07_404_389.xhtml,workbook
Pag070390,VII,390,https://epub3.kb.dk/hcadag/epub3/EPUB/hcadag07_405_390.xhtml,workbook
Pag070391,VII,391,https://epub3.kb.dk/hcadag/epub3/EPUB/hcadag07_406_391.xhtml,workbook
Pag070392,VII,392,https://epub3.kb.dk/hcadag/epub3/EPUB/hcadag07_407_392.xhtml,workbook
Pag070393,VII,393,https://epub3.kb.dk/hcadag/epub3/EPUB/hcadag07_408_393.xhtml,workbook
Pag070394,VII,394,https://epub3.kb.dk/hcadag/epub3/EPUB/hcadag07_409_394.xhtml,workbook
Pag070395,VII,395,https://epub3.kb.dk/hcadag/epub3/EPUB/hcadag07_410_395.xhtml,workbook
Pag070396,VII,396,https://epub3.kb.dk/hcadag/epub3/EPUB/hcadag07_411_396.xhtml,workbook
Pag070397,VII,397,https://epub3.kb.dk/hcadag/epub3/EPUB/hcadag07_412_397.xhtml,workbook
Pag070398,VII,398,https://epub3.kb.dk/hcadag/epub3/EPUB/hcadag07_413_398.xhtml,workbook
Pag080001,VIII,1,https://epub3.kb.dk/hcadag/epub3/EPUB/hcadag08_016_1.xhtml,workbook
Pag080002,VIII,2,https://epub3.kb.dk/hcadag/epub3/EPUB/hcadag08_017_2.xhtml,workbook
Pag080003,VIII,3,https://epub3.kb.dk/hcadag/epub3/EPUB/hcadag08_018_3.xhtml,workbook
Pag080004,VIII,4,https://epub3.kb.dk/hcadag/epub3/EPUB/hcadag08_019_4.xhtml,workbook
Pag080005,VIII,5,https://epub3.kb.dk/hcadag/epub3/EPUB/hcadag08_020_5.xhtml,workbook
Pag080006,VIII,6,https://epub3.kb.dk/hcadag/epub3/EPUB/hcadag08_021_6.xhtml,workbook
Pag080007,VIII,7,https://epub3.kb.dk/hcadag/epub3/EPUB/hcadag08_022_7.xhtml,workbook
Pag080008,VIII,8,https://epub3.kb.dk/hcadag/epub3/EPUB/hcadag08_023_8.xhtml,workbook
Pag080009,VIII,9,https://epub3.kb.dk/hcadag/epub3/EPUB/hcadag08_024_9.xhtml,workbook
Pag080010,VIII,10,https://epub3.kb.dk/hcadag/epub3/EPUB/hcadag08_025_10.xhtml,workbook
Pag080011,VIII,11,https://epub3.kb.dk/hcadag/epub3/EPUB/hcadag08_026_11.xhtml,workbook
Pag080012,VIII,12,https://epub3.kb.dk/hcadag/epub3/EPUB/hcadag08_027_12.xhtml,workbook
Pag080013,VIII,13,https://epub3.kb.dk/hcadag/epub3/EPUB/hcadag08_028_13.xhtml,workbook
Pag080014,VIII,14,https://epub3.kb.dk/hcadag/epub3/EPUB/hcadag08_029_14.xhtml,workbook
Pag080015,VIII,15,https://epub3.kb.dk/hcadag/epub3/EPUB/hcadag08_030_15.xhtml,workbook
Pag080016,VIII,16,https://epub3.kb.dk/hcadag/epub3/EPUB/hcadag08_031_16.xhtml,workbook
Pag080017,VIII,17,https://epub3.kb.dk/hcadag/epub3/EPUB/hcadag08_032_17.xhtml,workbook
Pag080018,VIII,18,https://epub3.kb.dk/hcadag/epub3/EPUB/hcadag08_033_18.xhtml,workbook
Pag080019,VIII,19,https://epub3.kb.dk/hcadag/epub3/EPUB/hcadag08_034_19.xhtml,workbook
Pag080020,VIII,20,https://epub3.kb.dk/hcadag/epub3/EPUB/hcadag08_035_20.xhtml,workbook
Pag080021,VIII,21,https://epub3.kb.dk/hcadag/epub3/EPUB/hcadag08_036_21.xhtml,workbook
Pag080022,VIII,22,https://epub3.kb.dk/hcadag/epub3/EPUB/hcadag08_037_22.xhtml,workbook
Pag080023,VIII,23,https://epub3.kb.dk/hcadag/epub3/EPUB/hcadag08_038_23.xhtml,workbook
Pag080024,VIII,24,https://epub3.kb.dk/hcadag/epub3/EPUB/hcadag08_039_24.xhtml,workbook
Pag080025,VIII,25,https://epub3.kb.dk/hcadag/epub3/EPUB/hcadag08_040_25.xhtml,workbook
Pag080026,VIII,26,https://epub3.kb.dk/hcadag/epub3/EPUB/hcadag08_041_26.xhtml,workbook
Pag080027,VIII,27,https://epub3.kb.dk/hcadag/epub3/EPUB/hcadag08_042_27.xhtml,workbook
Pag080028,VIII,28,https://epub3.kb.dk/hcadag/epub3/EPUB/hcadag08_043_28.xhtml,workbook
Pag080029,VIII,29,https://epub3.kb.dk/hcadag/epub3/EPUB/hcadag08_044_29.xhtml,workbook
Pag080030,VIII,30,https://epub3.kb.dk/hcadag/epub3/EPUB/hcadag08_045_30.xhtml,workbook
Pag080031,VIII,31,https://epub3.kb.dk/hcadag/epub3/EPUB/hcadag08_046_31.xhtml,workbook
Pag080032,VIII,32,https://epub3.kb.dk/hcadag/epub3/EPUB/hcadag08_047_32.xhtml,workbook
Pag080033,VIII,33,https://epub3.kb.dk/hcadag/epub3/EPUB/hcadag08_048_33.xhtml,workbook
Pag080034,VIII,34,https://epub3.kb.dk/hcadag/epub3/EPUB/hcadag08_049_34.xhtml,workbook
Pag080035,VIII,35,https://epub3.kb.dk/hcadag/epub3/EPUB/hcadag08_050_35.xhtml,workbook
Pag080036,VIII,36,https://epub3.kb.dk/hcadag/epub3/EPUB/hcadag08_051_36.xhtml,workbook
Pag080037,VIII,37,https://epub3.kb.dk/hcadag/epub3/EPUB/hcadag08_052_37.xhtml,workbook
Pag080038,VIII,38,https://epub3.kb.dk/hcadag/epub3/EPUB/hcadag08_053_38.xhtml,workbook
Pag080039,VIII,39,https://epub3.kb.dk/hcadag/epub3/EPUB/hcadag08_054_39.xhtml,workbook
Pag080040,VIII,40,https://epub3.kb.dk/hcadag/epub3/EPUB/hcadag08_055_40.xhtml,workbook
Pag080041,VIII,41,https://epub3.kb.dk/hcadag/epub3/EPUB/hcadag08_056_41.xhtml,workbook
Pag080042,VIII,42,https://epub3.kb.dk/hcadag/epub3/EPUB/hcadag08_057_42.xhtml,workbook
Pag080043,VIII,43,https://epub3.kb.dk/hcadag/epub3/EPUB/hcadag08_058_43.xhtml,workbook
Pag080044,VIII,44,https://epub3.kb.dk/hcadag/epub3/EPUB/hcadag08_059_44.xhtml,workbook
Pag080045,VIII,45,https://epub3.kb.dk/hcadag/epub3/EPUB/hcadag08_060_45.xhtml,workbook
Pag080046,VIII,46,https://epub3.kb.dk/hcadag/epub3/EPUB/hcadag08_061_46.xhtml,workbook
Pag080047,VIII,47,https://epub3.kb.dk/hcadag/epub3/EPUB/hcadag08_062_47.xhtml,workbook
Pag080048,VIII,48,https://epub3.kb.dk/hcadag/epub3/EPUB/hcadag08_063_48.xhtml,workbook
Pag080049,VIII,49,https://epub3.kb.dk/hcadag/epub3/EPUB/hcadag08_064_49.xhtml,workbook
Pag080050,VIII,50,https://epub3.kb.dk/hcadag/epub3/EPUB/hcadag08_065_50.xhtml,workbook
Pag080051,VIII,51,https://epub3.kb.dk/hcadag/epub3/EPUB/hcadag08_066_51.xhtml,workbook
Pag080052,VIII,52,https://epub3.kb.dk/hcadag/epub3/EPUB/hcadag08_067_52.xhtml,workbook
Pag080053,VIII,53,https://epub3.kb.dk/hcadag/epub3/EPUB/hcadag08_068_53.xhtml,workbook
Pag080054,VIII,54,https://epub3.kb.dk/hcadag/epub3/EPUB/hcadag08_069_54.xhtml,workbook
Pag080055,VIII,55,https://epub3.kb.dk/hcadag/epub3/EPUB/hcadag08_070_55.xhtml,workbook
Pag080056,VIII,56,https://epub3.kb.dk/hcadag/epub3/EPUB/hcadag08_071_56.xhtml,workbook
Pag080057,VIII,57,https://epub3.kb.dk/hcadag/epub3/EPUB/hcadag08_072_57.xhtml,workbook
Pag080058,VIII,58,https://epub3.kb.dk/hcadag/epub3/EPUB/hcadag08_073_58.xhtml,workbook
Pag080059,VIII,59,https://epub3.kb.dk/hcadag/epub3/EPUB/hcadag08_074_59.xhtml,workbook
Pag080060,VIII,60,https://epub3.kb.dk/hcadag/epub3/EPUB/hcadag08_075_60.xhtml,workbook
Pag080061,VIII,61,https://epub3.kb.dk/hcadag/epub3/EPUB/hcadag08_076_61.xhtml,workbook
Pag080062,VIII,62,https://epub3.kb.dk/hcadag/epub3/EPUB/hcadag08_077_62.xhtml,workbook
Pag080063,VIII,63,https://epub3.kb.dk/hcadag/epub3/EPUB/hcadag08_078_63.xhtml,workbook
Pag080064,VIII,64,https://epub3.kb.dk/hcadag/epub3/EPUB/hcadag08_079_64.xhtml,workbook
Pag080065,VIII,65,https://epub3.kb.dk/hcadag/epub3/EPUB/hcadag08_080_65.xhtml,workbook
Pag080066,VIII,66,https://epub3.kb.dk/hcadag/epub3/EPUB/hcadag08_081_66.xhtml,workbook
Pag080067,VIII,67,https://epub3.kb.dk/hcadag/epub3/EPUB/hcadag08_082_67.xhtml,workbook
Pag080068,VIII,68,https://epub3.kb.dk/hcadag/epub3/EPUB/hcadag08_083_68.xhtml,workbook
Pag080069,VIII,69,https://epub3.kb.dk/hcadag/epub3/EPUB/hcadag08_084_69.xhtml,workbook
Pag080070,VIII,70,https://epub3.kb.dk/hcadag/epub3/EPUB/hcadag08_085_70.xhtml,workbook
Pag080071,VIII,71,https://epub3.kb.dk/hcadag/epub3/EPUB/hcadag08_086_71.xhtml,workbook
Pag080072,VIII,72,https://epub3.kb.dk/hcadag/epub3/EPUB/hcadag08_087_72.xhtml,workbook
Pag080073,VIII,73,https://epub3.kb.dk/hcadag/epub3/EPUB/hcadag08_088_73.xhtml,workbook
Pag080074,VIII,74,https://epub3.kb.dk/hcadag/epub3/EPUB/hcadag08_089_74.xhtml,workbook
Pag080075,VIII,75,https://epub3.kb.dk/hcadag/epub3/EPUB/hcadag08_090_75.xhtml,workbook
Pag080076,VIII,76,https://epub3.kb.dk/hcadag/epub3/EPUB/hcadag08_091_76.xhtml,workbook
Pag080077,VIII,77,https://epub3.kb.dk/hcadag/epub3/EPUB/hcadag08_092_77.xhtml,workbook
Pag080078,VIII,78,https://epub3.kb.dk/hcadag/epub3/EPUB/hcadag08_093_78.xhtml,workbook
Pag080079,VIII,79,https://epub3.kb.dk/hcadag/epub3/EPUB/hcadag08_094_79.xhtml,workbook
Pag080080,VIII,80,https://epub3.kb.dk/hcadag/epub3/EPUB/hcadag08_095_80.xhtml,workbook
Pag080081,VIII,81,https://epub3.kb.dk/hcadag/epub3/EPUB/hcadag08_096_81.xhtml,workbook
Pag080082,VIII,82,https://epub3.kb.dk/hcadag/epub3/EPUB/hcadag08_097_82.xhtml,workbook
Pag080083,VIII,83,https://epub3.kb.dk/hcadag/epub3/EPUB/hcadag08_098_83.xhtml,workbook
Pag080084,VIII,84,https://epub3.kb.dk/hcadag/epub3/EPUB/hcadag08_099_84.xhtml,workbook
Pag080085,VIII,85,https://epub3.kb.dk/hcadag/epub3/EPUB/hcadag08_100_85.xhtml,workbook
Pag080086,VIII,86,https://epub3.kb.dk/hcadag/epub3/EPUB/hcadag08_101_86.xhtml,workbook
Pag080087,VIII,87,https://epub3.kb.dk/hcadag/epub3/EPUB/hcadag08_102_87.xhtml,workbook
Pag080088,VIII,88,https://epub3.kb.dk/hcadag/epub3/EPUB/hcadag08_103_88.xhtml,workbook
Pag080089,VIII,89,https://epub3.kb.dk/hcadag/epub3/EPUB/hcadag08_104_89.xhtml,workbook
Pag080090,VIII,90,https://epub3.kb.dk/hcadag/epub3/EPUB/hcadag08_105_90.xhtml,workbook
Pag080091,VIII,91,https://epub3.kb.dk/hcadag/epub3/EPUB/hcadag08_106_91.xhtml,workbook
Pag080092,VIII,92,https://epub3.kb.dk/hcadag/epub3/EPUB/hcadag08_107_92.xhtml,workbook
Pag080093,VIII,93,https://epub3.kb.dk/hcadag/epub3/EPUB/hcadag08_108_93.xhtml,workbook
Pag080094,VIII,94,https://epub3.kb.dk/hcadag/epub3/EPUB/hcadag08_109_94.xhtml,workbook
Pag080095,VIII,95,https://epub3.kb.dk/hcadag/epub3/EPUB/hcadag08_110_95.xhtml,workbook
Pag080096,VIII,96,https://epub3.kb.dk/hcadag/epub3/EPUB/hcadag08_111_96.xhtml,workbook
Pag080097,VIII,97,https://epub3.kb.dk/hcadag/epub3/EPUB/hcadag08_112_97.xhtml,workbook
Pag080098,VIII,98,https://epub3.kb.dk/hcadag/epub3/EPUB/hcadag08_113_98.xhtml,workbook
Pag080099,VIII,99,https://epub3.kb.dk/hcadag/epub3/EPUB/hcadag08_114_99.xhtml,workbook
Pag080100,VIII,100,https://epub3.kb.dk/hcadag/epub3/EPUB/hcadag08_115_100.xhtml,workbook
Pag080101,VIII,101,https://epub3.kb.dk/hcadag/epub3/EPUB/hcadag08_116_101.xhtml,workbook
Pag080102,VIII,102,https://epub3.kb.dk/hcadag/epub3/EPUB/hcadag08_117_102.xhtml,workbook
Pag080103,VIII,103,https://epub3.kb.dk/hcadag/epub3/EPUB/hcadag08_118_103.xhtml,workbook
Pag080104,VIII,104,https://epub3.kb.dk/hcadag/epub3/EPUB/hcadag08_119_104.xhtml,workbook
Pag080105,VIII,105,https://epub3.kb.dk/hcadag/epub3/EPUB/hcadag08_120_105.xhtml,workbook
Pag080106,VIII,106,https://epub3.kb.dk/hcadag/epub3/EPUB/hcadag08_121_106.xhtml,workbook
Pag080107,VIII,107,https://epub3.kb.dk/hcadag/epub3/EPUB/hcadag08_122_107.xhtml,workbook
Pag080108,VIII,108,https://epub3.kb.dk/hcadag/epub3/EPUB/hcadag08_123_108.xhtml,workbook
Pag080109,VIII,109,https://epub3.kb.dk/hcadag/epub3/EPUB/hcadag08_124_109.xhtml,workbook
Pag080110,VIII,110,https://epub3.kb.dk/hcadag/epub3/EPUB/hcadag08_125_110.xhtml,workbook
Pag080111,VIII,111,https://epub3.kb.dk/hcadag/epub3/EPUB/hcadag08_126_111.xhtml,workbook
Pag080112,VIII,112,https://epub3.kb.dk/hcadag/epub3/EPUB/hcadag08_127_112.xhtml,workbook
Pag080113,VIII,113,https://epub3.kb.dk/hcadag/epub3/EPUB/hcadag08_128_113.xhtml,workbook
Pag080114,VIII,114,https://epub3.kb.dk/hcadag/epub3/EPUB/hcadag08_129_114.xhtml,workbook
Pag080115,VIII,115,https://epub3.kb.dk/hcadag/epub3/EPUB/hcadag08_130_115.xhtml,workbook
Pag080116,VIII,116,https://epub3.kb.dk/hcadag/epub3/EPUB/hcadag08_131_116.xhtml,workbook
Pag080117,VIII,117,https://epub3.kb.dk/hcadag/epub3/EPUB/hcadag08_132_117.xhtml,workbook
Pag080118,VIII,118,https://epub3.kb.dk/hcadag/epub3/EPUB/hcadag08_133_118.xhtml,workbook
Pag080119,VIII,119,https://epub3.kb.dk/hcadag/epub3/EPUB/hcadag08_134_119.xhtml,workbook
Pag080120,VIII,120,https://epub3.kb.dk/hcadag/epub3/EPUB/hcadag08_135_120.xhtml,workbook
Pag080121,VIII,121,https://epub3.kb.dk/hcadag/epub3/EPUB/hcadag08_136_121.xhtml,workbook
Pag080122,VIII,122,https://epub3.kb.dk/hcadag/epub3/EPUB/hcadag08_137_122.xhtml,workbook
Pag080123,VIII,123,https://epub3.kb.dk/hcadag/epub3/EPUB/hcadag08_138_123.xhtml,workbook
Pag080124,VIII,124,https://epub3.kb.dk/hcadag/epub3/EPUB/hcadag08_139_124.xhtml,workbook
Pag080125,VIII,125,https://epub3.kb.dk/hcadag/epub3/EPUB/hcadag08_140_125.xhtml,workbook
Pag080126,VIII,126,https://epub3.kb.dk/hcadag/epub3/EPUB/hcadag08_141_126.xhtml,workbook
Pag080127,VIII,127,https://epub3.kb.dk/hcadag/epub3/EPUB/hcadag08_142_127.xhtml,workbook
Pag080128,VIII,128,https://epub3.kb.dk/hcadag/epub3/EPUB/hcadag08_143_128.xhtml,workbook
Pag080129,VIII,129,https://epub3.kb.dk/hcadag/epub3/EPUB/hcadag08_144_129.xhtml,workbook
Pag080130,VIII,130,https://epub3.kb.dk/hcadag/epub3/EPUB/hcadag08_145_130.xhtml,workbook
Pag080131,VIII,131,https://epub3.kb.dk/hcadag/epub3/EPUB/hcadag08_146_131.xhtml,workbook
Pag080132,VIII,132,https://epub3.kb.dk/hcadag/epub3/EPUB/hcadag08_147_132.xhtml,workbook
Pag080133,VIII,133,https://epub3.kb.dk/hcadag/epub3/EPUB/hcadag08_148_133.xhtml,workbook
Pag080134,VIII,134,https://epub3.kb.dk/hcadag/epub3/EPUB/hcadag08_149_134.xhtml,workbook
Pag080135,VIII,135,https://epub3.kb.dk/hcadag/epub3/EPUB/hcadag08_150_135.xhtml,workbook
Pag080136,VIII,136,https://epub3.kb.dk/hcadag/epub3/EPUB/hcadag08_151_136.xhtml,workbook
Pag080137,VIII,137,https://epub3.kb.dk/hcadag/epub3/EPUB/hcadag08_152_137.xhtml,workbook
Pag080138,VIII,138,https://epub3.kb.dk/hcadag/epub3/EPUB/hcadag08_153_138.xhtml,workbook
Pag080139,VIII,139,https://epub3.kb.dk/hcadag/epub3/EPUB/hcadag08_154_139.xhtml,workbook
Pag080140,VIII,140,https://epub3.kb.dk/hcadag/epub3/EPUB/hcadag08_155_140.xhtml,workbook
Pag080141,VIII,141,https://epub3.kb.dk/hcadag/epub3/EPUB/hcadag08_156_141.xhtml,workbook
Pag080142,VIII,142,https://epub3.kb.dk/hcadag/epub3/EPUB/hcadag08_157_142.xhtml,workbook
Pag080143,VIII,143,https://epub3.kb.dk/hcadag/epub3/EPUB/hcadag08_158_143.xhtml,workbook
Pag080144,VIII,144,https://epub3.kb.dk/hcadag/epub3/EPUB/hcadag08_159_144.xhtml,workbook
Pag080145,VIII,145,https://epub3.kb.dk/hcadag/epub3/EPUB/hcadag08_160_145.xhtml,workbook
Pag080146,VIII,146,https://epub3.kb.dk/hcadag/epub3/EPUB/hcadag08_161_146.xhtml,workbook
Pag080147,VIII,147,https://epub3.kb.dk/hcadag/epub3/EPUB/hcadag08_162_147.xhtml,workbook
Pag080148,VIII,148,https://epub3.kb.dk/hcadag/epub3/EPUB/hcadag08_163_148.xhtml,workbook
Pag080149,VIII,149,https://epub3.kb.dk/hcadag/epub3/EPUB/hcadag08_164_149.xhtml,workbook
Pag080150,VIII,150,https://epub3.kb.dk/hcadag/epub3/EPUB/hcadag08_165_150.xhtml,workbook
Pag080151,VIII,151,https://epub3.kb.dk/hcadag/epub3/EPUB/hcadag08_166_151.xhtml,workbook
Pag080152,VIII,152,https://epub3.kb.dk/hcadag/epub3/EPUB/hcadag08_167_152.xhtml,workbook
Pag080153,VIII,153,https://epub3.kb.dk/hcadag/epub3/EPUB/hcadag08_168_153.xhtml,workbook
Pag080154,VIII,154,https://epub3.kb.dk/hcadag/epub3/EPUB/hcadag08_169_154.xhtml,workbook
Pag080155,VIII,155,https://epub3.kb.dk/hcadag/epub3/EPUB/hcadag08_170_155.xhtml,workbook
Pag080156,VIII,156,https://epub3.kb.dk/hcadag/epub3/EPUB/hcadag08_171_156.xhtml,workbook
Pag080157,VIII,157,https://epub3.kb.dk/hcadag/epub3/EPUB/hcadag08_172_157.xhtml,workbook
Pag080158,VIII,158,https://epub3.kb.dk/hcadag/epub3/EPUB/hcadag08_173_158.xhtml,workbook
Pag080159,VIII,159,https://epub3.kb.dk/hcadag/epub3/EPUB/hcadag08_174_159.xhtml,workbook
Pag080160,VIII,160,https://epub3.kb.dk/hcadag/epub3/EPUB/hcadag08_175_160.xhtml,workbook
Pag080161,VIII,161,https://epub3.kb.dk/hcadag/epub3/EPUB/hcadag08_176_161.xhtml,workbook
Pag080162,VIII,162,https://epub3.kb.dk/hcadag/epub3/EPUB/hcadag08_177_162.xhtml,workbook
Pag080163,VIII,163,https://epub3.kb.dk/hcadag/epub3/EPUB/hcadag08_178_163.xhtml,workbook
Pag080164,VIII,164,https://epub3.kb.dk/hcadag/epub3/EPUB/hcadag08_179_164.xhtml,workbook
Pag080165,VIII,165,https://epub3.kb.dk/hcadag/epub3/EPUB/hcadag08_180_165.xhtml,workbook
Pag080166,VIII,166,https://epub3.kb.dk/hcadag/epub3/EPUB/hcadag08_181_166.xhtml,workbook
Pag080167,VIII,167,https://epub3.kb.dk/hcadag/epub3/EPUB/hcadag08_182_167.xhtml,workbook
Pag080168,VIII,168,https://epub3.kb.dk/hcadag/epub3/EPUB/hcadag08_183_168.xhtml,workbook
Pag080169,VIII,169,https://epub3.kb.dk/hcadag/epub3/EPUB/hcadag08_184_169.xhtml,workbook
Pag080170,VIII,170,https://epub3.kb.dk/hcadag/epub3/EPUB/hcadag08_185_170.xhtml,workbook
Pag080171,VIII,171,https://epub3.kb.dk/hcadag/epub3/EPUB/hcadag08_186_171.xhtml,workbook
Pag080172,VIII,172,https://epub3.kb.dk/hcadag/epub3/EPUB/hcadag08_187_172.xhtml,workbook
Pag080173,VIII,173,https://epub3.kb.dk/hcadag/epub3/EPUB/hcadag08_188_173.xhtml,workbook
Pag080174,VIII,174,https://epub3.kb.dk/hcadag/epub3/EPUB/hcadag08_189_174.xhtml,workbook
Pag080175,VIII,175,https://epub3.kb.dk/hcadag/epub3/EPUB/hcadag08_190_175.xhtml,workbook
Pag080176,VIII,176,https://epub3.kb.dk/hcadag/epub3/EPUB/hcadag08_191_176.xhtml,workbook
Pag080177,VIII,177,https://epub3.kb.dk/hcadag/epub3/EPUB/hcadag08_192_177.xhtml,workbook
Pag080178,VIII,178,https://epub3.kb.dk/hcadag/epub3/EPUB/hcadag08_193_178.xhtml,workbook
Pag080179,VIII,179,https://epub3.kb.dk/hcadag/epub3/EPUB/hcadag08_194_179.xhtml,workbook
Pag080180,VIII,180,https://epub3.kb.dk/hcadag/epub3/EPUB/hcadag08_195_180.xhtml,workbook
Pag080181,VIII,181,https://epub3.kb.dk/hcadag/epub3/EPUB/hcadag08_196_181.xhtml,workbook
Pag080182,VIII,182,https://epub3.kb.dk/hcadag/epub3/EPUB/hcadag08_197_182.xhtml,workbook
Pag080183,VIII,183,https://epub3.kb.dk/hcadag/epub3/EPUB/hcadag08_198_183.xhtml,workbook
Pag080184,VIII,184,https://epub3.kb.dk/hcadag/epub3/EPUB/hcadag08_199_184.xhtml,workbook
Pag080185,VIII,185,https://epub3.kb.dk/hcadag/epub3/EPUB/hcadag08_200_185.xhtml,workbook
Pag080186,VIII,186,https://epub3.kb.dk/hcadag/epub3/EPUB/hcadag08_201_186.xhtml,workbook
Pag080187,VIII,187,https://epub3.kb.dk/hcadag/epub3/EPUB/hcadag08_202_187.xhtml,workbook
Pag080188,VIII,188,https://epub3.kb.dk/hcadag/epub3/EPUB/hcadag08_203_188.xhtml,workbook
Pag080189,VIII,189,https://epub3.kb.dk/hcadag/epub3/EPUB/hcadag08_204_189.xhtml,workbook
Pag080190,VIII,190,https://epub3.kb.dk/hcadag/epub3/EPUB/hcadag08_205_190.xhtml,workbook
Pag080191,VIII,191,https://epub3.kb.dk/hcadag/epub3/EPUB/hcadag08_206_191.xhtml,workbook
Pag080192,VIII,192,https://epub3.kb.dk/hcadag/epub3/EPUB/hcadag08_207_192.xhtml,workbook
Pag080193,VIII,193,https://epub3.kb.dk/hcadag/epub3/EPUB/hcadag08_208_193.xhtml,workbook
Pag080194,VIII,194,https://epub3.kb.dk/hcadag/epub3/EPUB/hcadag08_209_194.xhtml,workbook
Pag080195,VIII,195,https://epub3.kb.dk/hcadag/epub3/EPUB/hcadag08_210_195.xhtml,workbook
Pag080196,VIII,196,https://epub3.kb.dk/hcadag/epub3/EPUB/hcadag08_211_196.xhtml,workbook
Pag080197,VIII,197,https://epub3.kb.dk/hcadag/epub3/EPUB/hcadag08_212_197.xhtml,workbook
Pag080198,VIII,198,https://epub3.kb.dk/hcadag/epub3/EPUB/hcadag08_213_198.xhtml,workbook
Pag080199,VIII,199,https://epub3.kb.dk/hcadag/epub3/EPUB/hcadag08_214_199.xhtml,workbook
Pag080200,VIII,200,https://epub3.kb.dk/hcadag/epub3/EPUB/hcadag08_215_200.xhtml,workbook
Pag080201,VIII,201,https://epub3.kb.dk/hcadag/epub3/EPUB/hcadag08_216_201.xhtml,workbook
Pag080202,VIII,202,https://epub3.kb.dk/hcadag/epub3/EPUB/hcadag08_217_202.xhtml,workbook
Pag080203,VIII,203,https://epub3.kb.dk/hcadag/epub3/EPUB/hcadag08_218_203.xhtml,workbook
Pag080204,VIII,204,https://epub3.kb.dk/hcadag/epub3/EPUB/hcadag08_219_204.xhtml,workbook
Pag080205,VIII,205,https://epub3.kb.dk/hcadag/epub3/EPUB/hcadag08_220_205.xhtml,workbook
Pag080206,VIII,206,https://epub3.kb.dk/hcadag/epub3/EPUB/hcadag08_221_206.xhtml,workbook
Pag080207,VIII,207,https://epub3.kb.dk/hcadag/epub3/EPUB/hcadag08_222_207.xhtml,workbook
Pag080208,VIII,208,https://epub3.kb.dk/hcadag/epub3/EPUB/hcadag08_223_208.xhtml,workbook
Pag080209,VIII,209,https://epub3.kb.dk/hcadag/epub3/EPUB/hcadag08_224_209.xhtml,workbook
Pag080210,VIII,210,https://epub3.kb.dk/hcadag/epub3/EPUB/hcadag08_225_210.xhtml,workbook
Pag080211,VIII,211,https://epub3.kb.dk/hcadag/epub3/EPUB/hcadag08_226_211.xhtml,workbook
Pag080212,VIII,212,https://epub3.kb.dk/hcadag/epub3/EPUB/hcadag08_227_212.xhtml,workbook
Pag080213,VIII,213,https://epub3.kb.dk/hcadag/epub3/EPUB/hcadag08_228_213.xhtml,workbook
Pag080214,VIII,214,https://epub3.kb.dk/hcadag/epub3/EPUB/hcadag08_229_214.xhtml,workbook
Pag080215,VIII,215,https://epub3.kb.dk/hcadag/epub3/EPUB/hcadag08_230_215.xhtml,workbook
Pag080216,VIII,216,https://epub3.kb.dk/hcadag/epub3/EPUB/hcadag08_231_216.xhtml,workbook
Pag080217,VIII,217,https://epub3.kb.dk/hcadag/epub3/EPUB/hcadag08_232_217.xhtml,workbook
Pag080218,VIII,218,https://epub3.kb.dk/hcadag/epub3/EPUB/hcadag08_233_218.xhtml,workbook
Pag080219,VIII,219,https://epub3.kb.dk/hcadag/epub3/EPUB/hcadag08_234_219.xhtml,workbook
Pag080220,VIII,220,https://epub3.kb.dk/hcadag/epub3/EPUB/hcadag08_235_220.xhtml,workbook
Pag080221,VIII,221,https://epub3.kb.dk/hcadag/epub3/EPUB/hcadag08_236_221.xhtml,workbook
Pag080222,VIII,222,https://epub3.kb.dk/hcadag/epub3/EPUB/hcadag08_237_222.xhtml,workbook
Pag080223,VIII,223,https://epub3.kb.dk/hcadag/epub3/EPUB/hcadag08_238_223.xhtml,workbook
Pag080224,VIII,224,https://epub3.kb.dk/hcadag/epub3/EPUB/hcadag08_239_224.xhtml,workbook
Pag080225,VIII,225,https://epub3.kb.dk/hcadag/epub3/EPUB/hcadag08_240_225.xhtml,workbook
Pag080226,VIII,226,https://epub3.kb.dk/hcadag/epub3/EPUB/hcadag08_241_226.xhtml,workbook
Pag080227,VIII,227,https://epub3.kb.dk/hcadag/epub3/EPUB/hcadag08_242_227.xhtml,workbook
Pag080228,VIII,228,https://epub3.kb.dk/hcadag/epub3/EPUB/hcadag08_243_228.xhtml,workbook
Pag080229,VIII,229,https://epub3.kb.dk/hcadag/epub3/EPUB/hcadag08_244_229.xhtml,workbook
Pag080230,VIII,230,https://epub3.kb.dk/hcadag/epub3/EPUB/hcadag08_245_230.xhtml,workbook
Pag080231,VIII,231,https://epub3.kb.dk/hcadag/epub3/EPUB/hcadag08_246_231.xhtml,workbook
Pag080232,VIII,232,https://epub3.kb.dk/hcadag/epub3/EPUB/hcadag08_247_232.xhtml,workbook
Pag080233,VIII,233,https://epub3.kb.dk/hcadag/epub3/EPUB/hcadag08_248_233.xhtml,workbook
Pag080234,VIII,234,https://epub3.kb.dk/hcadag/epub3/EPUB/hcadag08_249_234.xhtml,workbook
Pag080235,VIII,235,https://epub3.kb.dk/hcadag/epub3/EPUB/hcadag08_250_235.xhtml,workbook
Pag080236,VIII,236,https://epub3.kb.dk/hcadag/epub3/EPUB/hcadag08_251_236.xhtml,workbook
Pag080237,VIII,237,https://epub3.kb.dk/hcadag/epub3/EPUB/hcadag08_252_237.xhtml,workbook
Pag080238,VIII,238,https://epub3.kb.dk/hcadag/epub3/EPUB/hcadag08_253_238.xhtml,workbook
Pag080239,VIII,239,https://epub3.kb.dk/hcadag/epub3/EPUB/hcadag08_254_239.xhtml,workbook
Pag080240,VIII,240,https://epub3.kb.dk/hcadag/epub3/EPUB/hcadag08_255_240.xhtml,workbook
Pag080241,VIII,241,https://epub3.kb.dk/hcadag/epub3/EPUB/hcadag08_256_241.xhtml,workbook
Pag080242,VIII,242,https://epub3.kb.dk/hcadag/epub3/EPUB/hcadag08_257_242.xhtml,workbook
Pag080243,VIII,243,https://epub3.kb.dk/hcadag/epub3/EPUB/hcadag08_258_243.xhtml,workbook
Pag080244,VIII,244,https://epub3.kb.dk/hcadag/epub3/EPUB/hcadag08_259_244.xhtml,workbook
Pag080245,VIII,245,https://epub3.kb.dk/hcadag/epub3/EPUB/hcadag08_260_245.xhtml,workbook
Pag080246,VIII,246,https://epub3.kb.dk/hcadag/epub3/EPUB/hcadag08_261_246.xhtml,workbook
Pag080247,VIII,247,https://epub3.kb.dk/hcadag/epub3/EPUB/hcadag08_262_247.xhtml,workbook
Pag080248,VIII,248,https://epub3.kb.dk/hcadag/epub3/EPUB/hcadag08_263_248.xhtml,workbook
Pag080249,VIII,249,https://epub3.kb.dk/hcadag/epub3/EPUB/hcadag08_264_249.xhtml,workbook
Pag080250,VIII,250,https://epub3.kb.dk/hcadag/epub3/EPUB/hcadag08_265_250.xhtml,workbook
Pag080251,VIII,251,https://epub3.kb.dk/hcadag/epub3/EPUB/hcadag08_266_251.xhtml,workbook
Pag080252,VIII,252,https://epub3.kb.dk/hcadag/epub3/EPUB/hcadag08_267_252.xhtml,workbook
Pag080253,VIII,253,https://epub3.kb.dk/hcadag/epub3/EPUB/hcadag08_268_253.xhtml,workbook
Pag080254,VIII,254,https://epub3.kb.dk/hcadag/epub3/EPUB/hcadag08_269_254.xhtml,workbook
Pag080255,VIII,255,https://epub3.kb.dk/hcadag/epub3/EPUB/hcadag08_270_255.xhtml,workbook
Pag080256,VIII,256,https://epub3.kb.dk/hcadag/epub3/EPUB/hcadag08_271_256.xhtml,workbook
Pag080257,VIII,257,https://epub3.kb.dk/hcadag/epub3/EPUB/hcadag08_272_257.xhtml,workbook
Pag080258,VIII,258,https://epub3.kb.dk/hcadag/epub3/EPUB/hcadag08_273_258.xhtml,workbook
Pag080259,VIII,259,https://epub3.kb.dk/hcadag/epub3/EPUB/hcadag08_274_259.xhtml,workbook
Pag080260,VIII,260,https://epub3.kb.dk/hcadag/epub3/EPUB/hcadag08_275_260.xhtml,workbook
Pag080261,VIII,261,https://epub3.kb.dk/hcadag/epub3/EPUB/hcadag08_276_261.xhtml,workbook
Pag080262,VIII,262,https://epub3.kb.dk/hcadag/epub3/EPUB/hcadag08_277_262.xhtml,workbook
Pag080263,VIII,263,https://epub3.kb.dk/hcadag/epub3/EPUB/hcadag08_278_263.xhtml,workbook
Pag080264,VIII,264,https://epub3.kb.dk/hcadag/epub3/EPUB/hcadag08_279_264.xhtml,workbook
Pag080265,VIII,265,https://epub3.kb.dk/hcadag/epub3/EPUB/hcadag08_280_265.xhtml,workbook
Pag080266,VIII,266,https://epub3.kb.dk/hcadag/epub3/EPUB/hcadag08_281_266.xhtml,workbook
Pag080267,VIII,267,https://epub3.kb.dk/hcadag/epub3/EPUB/hcadag08_282_267.xhtml,workbook
Pag080268,VIII,268,https://epub3.kb.dk/hcadag/epub3/EPUB/hcadag08_283_268.xhtml,workbook
Pag080269,VIII,269,https://epub3.kb.dk/hcadag/epub3/EPUB/hcadag08_284_269.xhtml,workbook
Pag080270,VIII,270,https://epub3.kb.dk/hcadag/epub3/EPUB/hcadag08_285_270.xhtml,workbook
Pag080271,VIII,271,https://epub3.kb.dk/hcadag/epub3/EPUB/hcadag08_286_271.xhtml,workbook
Pag080272,VIII,272,https://epub3.kb.dk/hcadag/epub3/EPUB/hcadag08_287_272.xhtml,workbook
Pag080273,VIII,273,https://epub3.kb.dk/hcadag/epub3/EPUB/hcadag08_288_273.xhtml,workbook
Pag080274,VIII,274,https://epub3.kb.dk/hcadag/epub3/EPUB/hcadag08_289_274.xhtml,workbook
Pag080275,VIII,275,https://epub3.kb.dk/hcadag/epub3/EPUB/hcadag08_290_275.xhtml,workbook
Pag080276,VIII,276,https://epub3.kb.dk/hcadag/epub3/EPUB/hcadag08_291_276.xhtml,workbook
Pag080277,VIII,277,https://epub3.kb.dk/hcadag/epub3/EPUB/hcadag08_292_277.xhtml,workbook
Pag080278,VIII,278,https://epub3.kb.dk/hcadag/epub3/EPUB/hcadag08_293_278.xhtml,workbook
Pag080279,VIII,279,https://epub3.kb.dk/hcadag/epub3/EPUB/hcadag08_294_279.xhtml,workbook
Pag080280,VIII,280,https://epub3.kb.dk/hcadag/epub3/EPUB/hcadag08_295_280.xhtml,workbook
Pag080281,VIII,281,https://epub3.kb.dk/hcadag/epub3/EPUB/hcadag08_296_281.xhtml,workbook
Pag080282,VIII,282,https://epub3.kb.dk/hcadag/epub3/EPUB/hcadag08_297_282.xhtml,workbook
Pag080283,VIII,283,https://epub3.kb.dk/hcadag/epub3/EPUB/hcadag08_298_283.xhtml,workbook
Pag080284,VIII,284,https://epub3.kb.dk/hcadag/epub3/EPUB/hcadag08_299_284.xhtml,workbook
Pag080285,VIII,285,https://epub3.kb.dk/hcadag/epub3/EPUB/hcadag08_300_285.xhtml,workbook
Pag080286,VIII,286,https://epub3.kb.dk/hcadag/epub3/EPUB/hcadag08_301_286.xhtml,workbook
Pag080287,VIII,287,https://epub3.kb.dk/hcadag/epub3/EPUB/hcadag08_302_287.xhtml,workbook
Pag080288,VIII,288,https://epub3.kb.dk/hcadag/epub3/EPUB/hcadag08_303_288.xhtml,workbook
Pag080289,VIII,289,https://epub3.kb.dk/hcadag/epub3/EPUB/hcadag08_304_289.xhtml,workbook
Pag080290,VIII,290,https://epub3.kb.dk/hcadag/epub3/EPUB/hcadag08_305_290.xhtml,workbook
Pag080291,VIII,291,https://epub3.kb.dk/hcadag/epub3/EPUB/hcadag08_306_291.xhtml,workbook
Pag080292,VIII,292,https://epub3.kb.dk/hcadag/epub3/EPUB/hcadag08_307_292.xhtml,workbook
Pag080293,VIII,293,https://epub3.kb.dk/hcadag/epub3/EPUB/hcadag08_308_293.xhtml,workbook
Pag080294,VIII,294,https://epub3.kb.dk/hcadag/epub3/EPUB/hcadag08_309_294.xhtml,workbook
Pag080295,VIII,295,https://epub3.kb.dk/hcadag/epub3/EPUB/hcadag08_310_295.xhtml,workbook
Pag080296,VIII,296,https://epub3.kb.dk/hcadag/epub3/EPUB/hcadag08_311_296.xhtml,workbook
Pag080297,VIII,297,https://epub3.kb.dk/hcadag/epub3/EPUB/hcadag08_312_297.xhtml,workbook
Pag080298,VIII,298,https://epub3.kb.dk/hcadag/epub3/EPUB/hcadag08_313_298.xhtml,workbook
Pag080299,VIII,299,https://epub3.kb.dk/hcadag/epub3/EPUB/hcadag08_314_299.xhtml,workbook
Pag080300,VIII,300,https://epub3.kb.dk/hcadag/epub3/EPUB/hcadag08_315_300.xhtml,workbook
Pag080301,VIII,301,https://epub3.kb.dk/hcadag/epub3/EPUB/hcadag08_316_301.xhtml,workbook
Pag080302,VIII,302,https://epub3.kb.dk/hcadag/epub3/EPUB/hcadag08_317_302.xhtml,workbook
Pag080303,VIII,303,https://epub3.kb.dk/hcadag/epub3/EPUB/hcadag08_318_303.xhtml,workbook
Pag080304,VIII,304,https://epub3.kb.dk/hcadag/epub3/EPUB/hcadag08_319_304.xhtml,workbook
Pag080305,VIII,305,https://epub3.kb.dk/hcadag/epub3/EPUB/hcadag08_320_305.xhtml,workbook
Pag080306,VIII,306,https://epub3.kb.dk/hcadag/epub3/EPUB/hcadag08_321_306.xhtml,workbook
Pag080307,VIII,307,https://epub3.kb.dk/hcadag/epub3/EPUB/hcadag08_322_307.xhtml,workbook
Pag080308,VIII,308,https://epub3.kb.dk/hcadag/epub3/EPUB/hcadag08_323_308.xhtml,workbook
Pag080309,VIII,309,https://epub3.kb.dk/hcadag/epub3/EPUB/hcadag08_324_309.xhtml,workbook
Pag080310,VIII,310,https://epub3.kb.dk/hcadag/epub3/EPUB/hcadag08_325_310.xhtml,workbook
Pag080311,VIII,311,https://epub3.kb.dk/hcadag/epub3/EPUB/hcadag08_326_311.xhtml,workbook
Pag080312,VIII,312,https://epub3.kb.dk/hcadag/epub3/EPUB/hcadag08_327_312.xhtml,workbook
Pag080313,VIII,313,https://epub3.kb.dk/hcadag/epub3/EPUB/hcadag08_328_313.xhtml,workbook
Pag080314,VIII,314,https://epub3.kb.dk/hcadag/epub3/EPUB/hcadag08_329_314.xhtml,workbook
Pag080315,VIII,315,https://epub3.kb.dk/hcadag/epub3/EPUB/hcadag08_330_315.xhtml,workbook
Pag080316,VIII,316,https://epub3.kb.dk/hcadag/epub3/EPUB/hcadag08_331_316.xhtml,workbook
Pag080317,VIII,317,https://epub3.kb.dk/hcadag/epub3/EPUB/hcadag08_332_317.xhtml,workbook
Pag080318,VIII,318,https://epub3.kb.dk/hcadag/epub3/EPUB/hcadag08_333_318.xhtml,workbook
Pag080319,VIII,319,https://epub3.kb.dk/hcadag/epub3/EPUB/hcadag08_334_319.xhtml,workbook
Pag080320,VIII,320,https://epub3.kb.dk/hcadag/epub3/EPUB/hcadag08_335_320.xhtml,workbook
Pag080321,VIII,321,https://epub3.kb.dk/hcadag/epub3/EPUB/hcadag08_336_321.xhtml,workbook
Pag080322,VIII,322,https://epub3.kb.dk/hcadag/epub3/EPUB/hcadag08_337_322.xhtml,workbook
Pag080323,VIII,323,https://epub3.kb.dk/hcadag/epub3/EPUB/hcadag08_338_323.xhtml,workbook
Pag080324,VIII,324,https://epub3.kb.dk/hcadag/epub3/EPUB/hcadag08_339_324.xhtml,workbook
Pag080325,VIII,325,https://epub3.kb.dk/hcadag/epub3/EPUB/hcadag08_340_325.xhtml,workbook
Pag080326,VIII,326,https://epub3.kb.dk/hcadag/epub3/EPUB/hcadag08_341_326.xhtml,workbook
Pag080327,VIII,327,https://epub3.kb.dk/hcadag/epub3/EPUB/hcadag08_342_327.xhtml,workbook
Pag080328,VIII,328,https://epub3.kb.dk/hcadag/epub3/EPUB/hcadag08_343_328.xhtml,workbook
Pag080329,VIII,329,https://epub3.kb.dk/hcadag/epub3/EPUB/hcadag08_344_329.xhtml,workbook
Pag080330,VIII,330,https://epub3.kb.dk/hcadag/epub3/EPUB/hcadag08_345_330.xhtml,workbook
Pag080331,VIII,331,https://epub3.kb.dk/hcadag/epub3/EPUB/hcadag08_346_331.xhtml,workbook
Pag080332,VIII,332,https://epub3.kb.dk/hcadag/epub3/EPUB/hcadag08_347_332.xhtml,workbook
Pag080333,VIII,333,https://epub3.kb.dk/hcadag/epub3/EPUB/hcadag08_348_333.xhtml,workbook
Pag080334,VIII,334,https://epub3.kb.dk/hcadag/epub3/EPUB/hcadag08_349_334.xhtml,workbook
Pag080335,VIII,335,https://epub3.kb.dk/hcadag/epub3/EPUB/hcadag08_350_335.xhtml,workbook
Pag080336,VIII,336,https://epub3.kb.dk/hcadag/epub3/EPUB/hcadag08_351_336.xhtml,workbook
Pag080337,VIII,337,https://epub3.kb.dk/hcadag/epub3/EPUB/hcadag08_352_337.xhtml,workbook
Pag080338,VIII,338,https://epub3.kb.dk/hcadag/epub3/EPUB/hcadag08_353_338.xhtml,workbook
Pag080339,VIII,339,https://epub3.kb.dk/hcadag/epub3/EPUB/hcadag08_354_339.xhtml,workbook
Pag080340,VIII,340,https://epub3.kb.dk/hcadag/epub3/EPUB/hcadag08_355_340.xhtml,workbook
Pag080341,VIII,341,https://epub3.kb.dk/hcadag/epub3/EPUB/hcadag08_356_341.xhtml,workbook
Pag080342,VIII,342,https://epub3.kb.dk/hcadag/epub3/EPUB/hcadag08_357_342.xhtml,workbook
Pag080343,VIII,343,https://epub3.kb.dk/hcadag/epub3/EPUB/hcadag08_358_343.xhtml,workbook
Pag080344,VIII,344,https://epub3.kb.dk/hcadag/epub3/EPUB/hcadag08_359_344.xhtml,workbook
Pag080345,VIII,345,https://epub3.kb.dk/hcadag/epub3/EPUB/hcadag08_360_345.xhtml,workbook
Pag080346,VIII,346,https://epub3.kb.dk/hcadag/epub3/EPUB/hcadag08_361_346.xhtml,workbook
Pag080347,VIII,347,https://epub3.kb.dk/hcadag/epub3/EPUB/hcadag08_362_347.xhtml,workbook
Pag080348,VIII,348,https://epub3.kb.dk/hcadag/epub3/EPUB/hcadag08_363_348.xhtml,workbook
Pag080349,VIII,349,https://epub3.kb.dk/hcadag/epub3/EPUB/hcadag08_364_349.xhtml,workbook
Pag080350,VIII,350,https://epub3.kb.dk/hcadag/epub3/EPUB/hcadag08_365_350.xhtml,workbook
Pag080351,VIII,351,https://epub3.kb.dk/hcadag/epub3/EPUB/hcadag08_366_351.xhtml,workbook
Pag080352,VIII,352,https://epub3.kb.dk/hcadag/epub3/EPUB/hcadag08_367_352.xhtml,workbook
Pag080353,VIII,353,https://epub3.kb.dk/hcadag/epub3/EPUB/hcadag08_368_353.xhtml,workbook
Pag080354,VIII,354,https://epub3.kb.dk/hcadag/epub3/EPUB/hcadag08_369_354.xhtml,workbook
Pag080355,VIII,355,https://epub3.kb.dk/hcadag/epub3/EPUB/hcadag08_370_355.xhtml,workbook
Pag080356,VIII,356,https://epub3.kb.dk/hcadag/epub3/EPUB/hcadag08_371_356.xhtml,workbook
Pag080357,VIII,357,https://epub3.kb.dk/hcadag/epub3/EPUB/hcadag08_372_357.xhtml,workbook
Pag080358,VIII,358,https://epub3.kb.dk/hcadag/epub3/EPUB/hcadag08_373_358.xhtml,workbook
Pag080359,VIII,359,https://epub3.kb.dk/hcadag/epub3/EPUB/hcadag08_374_359.xhtml,workbook
Pag080360,VIII,360,https://epub3.kb.dk/hcadag/epub3/EPUB/hcadag08_375_360.xhtml,workbook
Pag080361,VIII,361,https://epub3.kb.dk/hcadag/epub3/EPUB/hcadag08_376_361.xhtml,workbook
Pag080362,VIII,362,https://epub3.kb.dk/hcadag/epub3/EPUB/hcadag08_377_362.xhtml,workbook
Pag080363,VIII,363,https://epub3.kb.dk/hcadag/epub3/EPUB/hcadag08_378_363.xhtml,workbook
Pag080364,VIII,364,https://epub3.kb.dk/hcadag/epub3/EPUB/hcadag08_379_364.xhtml,workbook
Pag080365,VIII,365,https://epub3.kb.dk/hcadag/epub3/EPUB/hcadag08_380_365.xhtml,workbook
Pag080366,VIII,366,https://epub3.kb.dk/hcadag/epub3/EPUB/hcadag08_381_366.xhtml,workbook
Pag080367,VIII,367,https://epub3.kb.dk/hcadag/epub3/EPUB/hcadag08_382_367.xhtml,workbook
Pag080368,VIII,368,https://epub3.kb.dk/hcadag/epub3/EPUB/hcadag08_383_368.xhtml,workbook
Pag080369,VIII,369,https://epub3.kb.dk/hcadag/epub3/EPUB/hcadag08_384_369.xhtml,workbook
Pag080370,VIII,370,https://epub3.kb.dk/hcadag/epub3/EPUB/hcadag08_385_370.xhtml,workbook
Pag080371,VIII,371,https://epub3.kb.dk/hcadag/epub3/EPUB/hcadag08_386_371.xhtml,workbook
Pag080372,VIII,372,https://epub3.kb.dk/hcadag/epub3/EPUB/hcadag08_387_372.xhtml,workbook
Pag080373,VIII,373,https://epub3.kb.dk/hcadag/epub3/EPUB/hcadag08_388_373.xhtml,workbook
Pag080374,VIII,374,https://epub3.kb.dk/hcadag/epub3/EPUB/hcadag08_389_374.xhtml,workbook
Pag080375,VIII,375,https://epub3.kb.dk/hcadag/epub3/EPUB/hcadag08_390_375.xhtml,workbook
Pag080376,VIII,376,https://epub3.kb.dk/hcadag/epub3/EPUB/hcadag08_391_376.xhtml,workbook
Pag080377,VIII,377,https://epub3.kb.dk/hcadag/epub3/EPUB/hcadag08_392_377.xhtml,workbook
Pag080378,VIII,378,https://epub3.kb.dk/hcadag/epub3/EPUB/hcadag08_393_378.xhtml,workbook
Pag080379,VIII,379,https://epub3.kb.dk/hcadag/epub3/EPUB/hcadag08_394_379.xhtml,workbook
Pag080380,VIII,380,https://epub3.kb.dk/hcadag/epub3/EPUB/hcadag08_395_380.xhtml,workbook
Pag080381,VIII,381,https://epub3.kb.dk/hcadag/epub3/EPUB/hcadag08_396_381.xhtml,workbook
Pag080382,VIII,382,https://epub3.kb.dk/hcadag/epub3/EPUB/hcadag08_397_382.xhtml,workbook
Pag080383,VIII,383,https://epub3.kb.dk/hcadag/epub3/EPUB/hcadag08_398_383.xhtml,workbook
Pag080384,VIII,384,https://epub3.kb.dk/hcadag/epub3/EPUB/hcadag08_399_384.xhtml,workbook
Pag080385,VIII,385,https://epub3.kb.dk/hcadag/epub3/EPUB/hcadag08_400_385.xhtml,workbook
Pag080386,VIII,386,https://epub3.kb.dk/hcadag/epub3/EPUB/hcadag08_401_386.xhtml,workbook
Pag080387,VIII,387,https://epub3.kb.dk/hcadag/epub3/EPUB/hcadag08_402_387.xhtml,workbook
Pag080388,VIII,388,https://epub3.kb.dk/hcadag/epub3/EPUB/hcadag08_403_388.xhtml,workbook
Pag080389,VIII,389,https://epub3.kb.dk/hcadag/epub3/EPUB/hcadag08_404_389.xhtml,workbook
Pag080390,VIII,390,https://epub3.kb.dk/hcadag/epub3/EPUB/hcadag08_405_390.xhtml,workbook
Pag080391,VIII,391,https://epub3.kb.dk/hcadag/epub3/EPUB/hcadag08_406_391.xhtml,workbook
Pag080392,VIII,392,https://epub3.kb.dk/hcadag/epub3/EPUB/hcadag08_407_392.xhtml,workbook
Pag080393,VIII,393,https://epub3.kb.dk/hcadag/epub3/EPUB/hcadag08_408_393.xhtml,workbook
Pag080394,VIII,394,https://epub3.kb.dk/hcadag/epub3/EPUB/hcadag08_409_394.xhtml,workbook
Pag080395,VIII,395,https://epub3.kb.dk/hcadag/epub3/EPUB/hcadag08_410_395.xhtml,workbook
Pag080396,VIII,396,https://epub3.kb.dk/hcadag/epub3/EPUB/hcadag08_411_396.xhtml,workbook
Pag080397,VIII,397,https://epub3.kb.dk/hcadag/epub3/EPUB/hcadag08_412_397.xhtml,workbook
Pag080398,VIII,398,https://epub3.kb.dk/hcadag/epub3/EPUB/hcadag08_413_398.xhtml,workbook
Pag080399,VIII,399,https://epub3.kb.dk/hcadag/epub3/EPUB/hcadag08_414_399.xhtml,workbook
Pag080400,VIII,400,https://epub3.kb.dk/hcadag/epub3/EPUB/hcadag08_415_400.xhtml,workbook
Pag080401,VIII,401,https://epub3.kb.dk/hcadag/epub3/EPUB/hcadag08_416_401.xhtml,workbook
Pag080402,VIII,402,https://epub3.kb.dk/hcadag/epub3/EPUB/hcadag08_417_402.xhtml,workbook
Pag080403,VIII,403,https://epub3.kb.dk/hcadag/epub3/EPUB/hcadag08_418_403.xhtml,workbook
Pag080404,VIII,404,https://epub3.kb.dk/hcadag/epub3/EPUB/hcadag08_419_404.xhtml,workbook
Pag080405,VIII,405,https://epub3.kb.dk/hcadag/epub3/EPUB/hcadag08_420_405.xhtml,workbook
Pag080406,VIII,406,https://epub3.kb.dk/hcadag/epub3/EPUB/hcadag08_421_406.xhtml,workbook
Pag080407,VIII,407,https://epub3.kb.dk/hcadag/epub3/EPUB/hcadag08_422_407.xhtml,workbook
Pag080408,VIII,408,https://epub3.kb.dk/hcadag/epub3/EPUB/hcadag08_423_408.xhtml,workbook
Pag080409,VIII,409,https://epub3.kb.dk/hcadag/epub3/EPUB/hcadag08_424_409.xhtml,workbook
Pag080410,VIII,410,https://epub3.kb.dk/hcadag/epub3/EPUB/hcadag08_425_410.xhtml,workbook
Pag080411,VIII,411,https://epub3.kb.dk/hcadag/epub3/EPUB/hcadag08_426_411.xhtml,workbook
Pag080412,VIII,412,https://epub3.kb.dk/hcadag/epub3/EPUB/hcadag08_427_412.xhtml,workbook
Pag080413,VIII,413,https://epub3.kb.dk/hcadag/epub3/EPUB/hcadag08_428_413.xhtml,workbook
Pag080414,VIII,414,https://epub3.kb.dk/hcadag/epub3/EPUB/hcadag08_429_414.xhtml,workbook
Pag080415,VIII,415,https://epub3.kb.dk/hcadag/epub3/EPUB/hcadag08_430_415.xhtml,workbook
Pag080416,VIII,416,https://epub3.kb.dk/hcadag/epub3/EPUB/hcadag08_431_416.xhtml,workbook
Pag080417,VIII,417,https://epub3.kb.dk/hcadag/epub3/EPUB/hcadag08_432_417.xhtml,workbook
Pag080418,VIII,418,https://epub3.kb.dk/hcadag/epub3/EPUB/hcadag08_433_418.xhtml,workbook
Pag080419,VIII,419,https://epub3.kb.dk/hcadag/epub3/EPUB/hcadag08_434_419.xhtml,workbook
Pag080420,VIII,420,https://epub3.kb.dk/hcadag/epub3/EPUB/hcadag08_435_420.xhtml,workbook
Pag080421,VIII,421,https://epub3.kb.dk/hcadag/epub3/EPUB/hcadag08_436_421.xhtml,workbook
Pag080422,VIII,422,https://epub3.kb.dk/hcadag/epub3/EPUB/hcadag08_437_422.xhtml,workbook
Pag080423,VIII,423,https://epub3.kb.dk/hcadag/epub3/EPUB/hcadag08_438_423.xhtml,workbook
Pag080424,VIII,424,https://epub3.kb.dk/hcadag/epub3/EPUB/hcadag08_439_424.xhtml,workbook
Pag080425,VIII,425,https://epub3.kb.dk/hcadag/epub3/EPUB/hcadag08_440_425.xhtml,workbook
Pag080426,VIII,426,https://epub3.kb.dk/hcadag/epub3/EPUB/hcadag08_441_426.xhtml,workbook
Pag080427,VIII,427,https://epub3.kb.dk/hcadag/epub3/EPUB/hcadag08_442_427.xhtml,workbook
Pag080428,VIII,428,https://epub3.kb.dk/hcadag/epub3/EPUB/hcadag08_443_428.xhtml,workbook
Pag080429,VIII,429,https://epub3.kb.dk/hcadag/epub3/EPUB/hcadag08_444_429.xhtml,workbook
Pag080430,VIII,430,https://epub3.kb.dk/hcadag/epub3/EPUB/hcadag08_445_430.xhtml,workbook
Pag080431,VIII,431,https://epub3.kb.dk/hcadag/epub3/EPUB/hcadag08_446_431.xhtml,workbook
Pag080432,VIII,432,https://epub3.kb.dk/hcadag/epub3/EPUB/hcadag08_447_432.xhtml,workbook
Pag080433,VIII,433,https://epub3.kb.dk/hcadag/epub3/EPUB/hcadag08_448_433.xhtml,workbook
Pag080434,VIII,434,https://epub3.kb.dk/hcadag/epub3/EPUB/hcadag08_449_434.xhtml,workbook
Pag080435,VIII,435,https://epub3.kb.dk/hcadag/epub3/EPUB/hcadag08_450_435.xhtml,workbook
Pag080436,VIII,436,https://epub3.kb.dk/hcadag/epub3/EPUB/hcadag08_451_436.xhtml,workbook
Pag080437,VIII,437,https://epub3.kb.dk/hcadag/epub3/EPUB/hcadag08_452_437.xhtml,workbook
Pag080438,VIII,438,https://epub3.kb.dk/hcadag/epub3/EPUB/hcadag08_453_438.xhtml,workbook
Pag080439,VIII,439,https://epub3.kb.dk/hcadag/epub3/EPUB/hcadag08_454_439.xhtml,workbook
Pag080440,VIII,440,https://epub3.kb.dk/hcadag/epub3/EPUB/hcadag08_455_440.xhtml,workbook
Pag080441,VIII,441,https://epub3.kb.dk/hcadag/epub3/EPUB/hcadag08_456_441.xhtml,workbook
Pag080442,VIII,442,https://epub3.kb.dk/hcadag/epub3/EPUB/hcadag08_457_442.xhtml,workbook
Pag080443,VIII,443,https://epub3.kb.dk/hcadag/epub3/EPUB/hcadag08_458_443.xhtml,workbook
Pag080444,VIII,444,https://epub3.kb.dk/hcadag/epub3/EPUB/hcadag08_459_444.xhtml,workbook
Pag080445,VIII,445,https://epub3.kb.dk/hcadag/epub3/EPUB/hcadag08_460_445.xhtml,workbook
Pag080446,VIII,446,https://epub3.kb.dk/hcadag/epub3/EPUB/hcadag08_461_446.xhtml,workbook
Pag080447,VIII,447,https://epub3.kb.dk/hcadag/epub3/EPUB/hcadag08_462_447.xhtml,workbook
Pag080448,VIII,448,https://epub3.kb.dk/hcadag/epub3/EPUB/hcadag08_463_448.xhtml,workbook
Pag080449,VIII,449,https://epub3.kb.dk/hcadag/epub3/EPUB/hcadag08_464_449.xhtml,workbook
Pag080450,VIII,450,https://epub3.kb.dk/hcadag/epub3/EPUB/hcadag08_465_450.xhtml,workbook
Pag080451,VIII,451,https://epub3.kb.dk/hcadag/epub3/EPUB/hcadag08_466_451.xhtml,workbook
Pag080452,VIII,452,https://epub3.kb.dk/hcadag/epub3/EPUB/hcadag08_467_452.xhtml,workbook
Pag080453,VIII,453,https://epub3.kb.dk/hcadag/epub3/EPUB/hcadag08_468_453.xhtml,workbook
Pag080454,VIII,454,https://epub3.kb.dk/hcadag/epub3/EPUB/hcadag08_469_454.xhtml,workbook
Pag080455,VIII,455,https://epub3.kb.dk/hcadag/epub3/EPUB/hcadag08_470_455.xhtml,workbook
Pag080456,VIII,456,https://epub3.kb.dk/hcadag/epub3/EPUB/hcadag08_471_456.xhtml,workbook
Pag080457,VIII,457,https://epub3.kb.dk/hcadag/epub3/EPUB/hcadag08_472_457.xhtml,workbook
Pag080458,VIII,458,https://epub3.kb.dk/hcadag/epub3/EPUB/hcadag08_473_458.xhtml,workbook
Pag080459,VIII,459,https://epub3.kb.dk/hcadag/epub3/EPUB/hcadag08_474_459.xhtml,workbook
Pag080460,VIII,460,https://epub3.kb.dk/hcadag/epub3/EPUB/hcadag08_475_460.xhtml,workbook
Pag080461,VIII,461,https://epub3.kb.dk/hcadag/epub3/EPUB/hcadag08_476_461.xhtml,workbook
Pag080462,VIII,462,https://epub3.kb.dk/hcadag/epub3/EPUB/hcadag08_477_462.xhtml,workbook
Pag080463,VIII,463,https://epub3.kb.dk/hcadag/epub3/EPUB/hcadag08_478_463.xhtml,workbook
Pag080464,VIII,464,https://epub3.kb.dk/hcadag/epub3/EPUB/hcadag08_479_464.xhtml,workbook
Pag090001,IX,1,https://epub3.kb.dk/hcadag/epub3/EPUB/hcadag09_013_1.xhtml,workbook
Pag090002,IX,2,https://epub3.kb.dk/hcadag/epub3/EPUB/hcadag09_014_2.xhtml,workbook
Pag090003,IX,3,https://epub3.kb.dk/hcadag/epub3/EPUB/hcadag09_015_3.xhtml,workbook
Pag090004,IX,4,https://epub3.kb.dk/hcadag/epub3/EPUB/hcadag09_016_4.xhtml,workbook
Pag090005,IX,5,https://epub3.kb.dk/hcadag/epub3/EPUB/hcadag09_017_5.xhtml,workbook
Pag090006,IX,6,https://epub3.kb.dk/hcadag/epub3/EPUB/hcadag09_018_6.xhtml,workbook
Pag090007,IX,7,https://epub3.kb.dk/hcadag/epub3/EPUB/hcadag09_019_7.xhtml,workbook
Pag090008,IX,8,https://epub3.kb.dk/hcadag/epub3/EPUB/hcadag09_020_8.xhtml,workbook
Pag090009,IX,9,https://epub3.kb.dk/hcadag/epub3/EPUB/hcadag09_021_9.xhtml,workbook
Pag090010,IX,10,https://epub3.kb.dk/hcadag/epub3/EPUB/hcadag09_022_10.xhtml,workbook
Pag090011,IX,11,https://epub3.kb.dk/hcadag/epub3/EPUB/hcadag09_023_11.xhtml,workbook
Pag090012,IX,12,https://epub3.kb.dk/hcadag/epub3/EPUB/hcadag09_024_12.xhtml,workbook
Pag090013,IX,13,https://epub3.kb.dk/hcadag/epub3/EPUB/hcadag09_025_13.xhtml,workbook
Pag090014,IX,14,https://epub3.kb.dk/hcadag/epub3/EPUB/hcadag09_026_14.xhtml,workbook
Pag090015,IX,15,https://epub3.kb.dk/hcadag/epub3/EPUB/hcadag09_027_15.xhtml,workbook
Pag090016,IX,16,https://epub3.kb.dk/hcadag/epub3/EPUB/hcadag09_028_16.xhtml,workbook
Pag090017,IX,17,https://epub3.kb.dk/hcadag/epub3/EPUB/hcadag09_029_17.xhtml,workbook
Pag090018,IX,18,https://epub3.kb.dk/hcadag/epub3/EPUB/hcadag09_030_18.xhtml,workbook
Pag090019,IX,19,https://epub3.kb.dk/hcadag/epub3/EPUB/hcadag09_031_19.xhtml,workbook
Pag090020,IX,20,https://epub3.kb.dk/hcadag/epub3/EPUB/hcadag09_032_20.xhtml,workbook
Pag090021,IX,21,https://epub3.kb.dk/hcadag/epub3/EPUB/hcadag09_033_21.xhtml,workbook
Pag090022,IX,22,https://epub3.kb.dk/hcadag/epub3/EPUB/hcadag09_034_22.xhtml,workbook
Pag090023,IX,23,https://epub3.kb.dk/hcadag/epub3/EPUB/hcadag09_035_23.xhtml,workbook
Pag090024,IX,24,https://epub3.kb.dk/hcadag/epub3/EPUB/hcadag09_036_24.xhtml,workbook
Pag090025,IX,25,https://epub3.kb.dk/hcadag/epub3/EPUB/hcadag09_037_25.xhtml,workbook
Pag090026,IX,26,https://epub3.kb.dk/hcadag/epub3/EPUB/hcadag09_038_26.xhtml,workbook
Pag090027,IX,27,https://epub3.kb.dk/hcadag/epub3/EPUB/hcadag09_039_27.xhtml,workbook
Pag090028,IX,28,https://epub3.kb.dk/hcadag/epub3/EPUB/hcadag09_040_28.xhtml,workbook
Pag090029,IX,29,https://epub3.kb.dk/hcadag/epub3/EPUB/hcadag09_041_29.xhtml,workbook
Pag090030,IX,30,https://epub3.kb.dk/hcadag/epub3/EPUB/hcadag09_042_30.xhtml,workbook
Pag090031,IX,31,https://epub3.kb.dk/hcadag/epub3/EPUB/hcadag09_043_31.xhtml,workbook
Pag090032,IX,32,https://epub3.kb.dk/hcadag/epub3/EPUB/hcadag09_044_32.xhtml,workbook
Pag090033,IX,33,https://epub3.kb.dk/hcadag/epub3/EPUB/hcadag09_045_33.xhtml,workbook
Pag090034,IX,34,https://epub3.kb.dk/hcadag/epub3/EPUB/hcadag09_046_34.xhtml,workbook
Pag090035,IX,35,https://epub3.kb.dk/hcadag/epub3/EPUB/hcadag09_047_35.xhtml,workbook
Pag090036,IX,36,https://epub3.kb.dk/hcadag/epub3/EPUB/hcadag09_048_36.xhtml,workbook
Pag090037,IX,37,https://epub3.kb.dk/hcadag/epub3/EPUB/hcadag09_049_37.xhtml,workbook
Pag090038,IX,38,https://epub3.kb.dk/hcadag/epub3/EPUB/hcadag09_050_38.xhtml,workbook
Pag090039,IX,39,https://epub3.kb.dk/hcadag/epub3/EPUB/hcadag09_051_39.xhtml,workbook
Pag090040,IX,40,https://epub3.kb.dk/hcadag/epub3/EPUB/hcadag09_052_40.xhtml,workbook
Pag090041,IX,41,https://epub3.kb.dk/hcadag/epub3/EPUB/hcadag09_053_41.xhtml,workbook
Pag090042,IX,42,https://epub3.kb.dk/hcadag/epub3/EPUB/hcadag09_054_42.xhtml,workbook
Pag090043,IX,43,https://epub3.kb.dk/hcadag/epub3/EPUB/hcadag09_055_43.xhtml,workbook
Pag090044,IX,44,https://epub3.kb.dk/hcadag/epub3/EPUB/hcadag09_056_44.xhtml,workbook
Pag090045,IX,45,https://epub3.kb.dk/hcadag/epub3/EPUB/hcadag09_057_45.xhtml,workbook
Pag090046,IX,46,https://epub3.kb.dk/hcadag/epub3/EPUB/hcadag09_058_46.xhtml,workbook
Pag090047,IX,47,https://epub3.kb.dk/hcadag/epub3/EPUB/hcadag09_059_47.xhtml,workbook
Pag090048,IX,48,https://epub3.kb.dk/hcadag/epub3/EPUB/hcadag09_060_48.xhtml,workbook
Pag090049,IX,49,https://epub3.kb.dk/hcadag/epub3/EPUB/hcadag09_061_49.xhtml,workbook
Pag090050,IX,50,https://epub3.kb.dk/hcadag/epub3/EPUB/hcadag09_062_50.xhtml,workbook
Pag090051,IX,51,https://epub3.kb.dk/hcadag/epub3/EPUB/hcadag09_063_51.xhtml,workbook
Pag090052,IX,52,https://epub3.kb.dk/hcadag/epub3/EPUB/hcadag09_064_52.xhtml,workbook
Pag090053,IX,53,https://epub3.kb.dk/hcadag/epub3/EPUB/hcadag09_065_53.xhtml,workbook
Pag090054,IX,54,https://epub3.kb.dk/hcadag/epub3/EPUB/hcadag09_066_54.xhtml,workbook
Pag090055,IX,55,https://epub3.kb.dk/hcadag/epub3/EPUB/hcadag09_067_55.xhtml,workbook
Pag090056,IX,56,https://epub3.kb.dk/hcadag/epub3/EPUB/hcadag09_068_56.xhtml,workbook
Pag090057,IX,57,https://epub3.kb.dk/hcadag/epub3/EPUB/hcadag09_069_57.xhtml,workbook
Pag090058,IX,58,https://epub3.kb.dk/hcadag/epub3/EPUB/hcadag09_070_58.xhtml,workbook
Pag090059,IX,59,https://epub3.kb.dk/hcadag/epub3/EPUB/hcadag09_071_59.xhtml,workbook
Pag090060,IX,60,https://epub3.kb.dk/hcadag/epub3/EPUB/hcadag09_072_60.xhtml,workbook
Pag090061,IX,61,https://epub3.kb.dk/hcadag/epub3/EPUB/hcadag09_073_61.xhtml,workbook
Pag090062,IX,62,https://epub3.kb.dk/hcadag/epub3/EPUB/hcadag09_074_62.xhtml,workbook
Pag090063,IX,63,https://epub3.kb.dk/hcadag/epub3/EPUB/hcadag09_075_63.xhtml,workbook
Pag090064,IX,64,https://epub3.kb.dk/hcadag/epub3/EPUB/hcadag09_076_64.xhtml,workbook
Pag090065,IX,65,https://epub3.kb.dk/hcadag/epub3/EPUB/hcadag09_077_65.xhtml,workbook
Pag090066,IX,66,https://epub3.kb.dk/hcadag/epub3/EPUB/hcadag09_078_66.xhtml,workbook
Pag090067,IX,67,https://epub3.kb.dk/hcadag/epub3/EPUB/hcadag09_079_67.xhtml,workbook
Pag090068,IX,68,https://epub3.kb.dk/hcadag/epub3/EPUB/hcadag09_080_68.xhtml,workbook
Pag090069,IX,69,https://epub3.kb.dk/hcadag/epub3/EPUB/hcadag09_081_69.xhtml,workbook
Pag090070,IX,70,https://epub3.kb.dk/hcadag/epub3/EPUB/hcadag09_082_70.xhtml,workbook
Pag090071,IX,71,https://epub3.kb.dk/hcadag/epub3/EPUB/hcadag09_083_71.xhtml,workbook
Pag090072,IX,72,https://epub3.kb.dk/hcadag/epub3/EPUB/hcadag09_084_72.xhtml,workbook
Pag090073,IX,73,https://epub3.kb.dk/hcadag/epub3/EPUB/hcadag09_085_73.xhtml,workbook
Pag090074,IX,74,https://epub3.kb.dk/hcadag/epub3/EPUB/hcadag09_086_74.xhtml,workbook
Pag090075,IX,75,https://epub3.kb.dk/hcadag/epub3/EPUB/hcadag09_087_75.xhtml,workbook
Pag090076,IX,76,https://epub3.kb.dk/hcadag/epub3/EPUB/hcadag09_088_76.xhtml,workbook
Pag090077,IX,77,https://epub3.kb.dk/hcadag/epub3/EPUB/hcadag09_089_77.xhtml,workbook
Pag090078,IX,78,https://epub3.kb.dk/hcadag/epub3/EPUB/hcadag09_090_78.xhtml,workbook
Pag090079,IX,79,https://epub3.kb.dk/hcadag/epub3/EPUB/hcadag09_091_79.xhtml,workbook
Pag090080,IX,80,https://epub3.kb.dk/hcadag/epub3/EPUB/hcadag09_092_80.xhtml,workbook
Pag090081,IX,81,https://epub3.kb.dk/hcadag/epub3/EPUB/hcadag09_093_81.xhtml,workbook
Pag090082,IX,82,https://epub3.kb.dk/hcadag/epub3/EPUB/hcadag09_094_82.xhtml,workbook
Pag090083,IX,83,https://epub3.kb.dk/hcadag/epub3/EPUB/hcadag09_095_83.xhtml,workbook
Pag090084,IX,84,https://epub3.kb.dk/hcadag/epub3/EPUB/hcadag09_096_84.xhtml,workbook
Pag090085,IX,85,https://epub3.kb.dk/hcadag/epub3/EPUB/hcadag09_097_85.xhtml,workbook
Pag090086,IX,86,https://epub3.kb.dk/hcadag/epub3/EPUB/hcadag09_098_86.xhtml,workbook
Pag090087,IX,87,https://epub3.kb.dk/hcadag/epub3/EPUB/hcadag09_099_87.xhtml,workbook
Pag090088,IX,88,https://epub3.kb.dk/hcadag/epub3/EPUB/hcadag09_100_88.xhtml,workbook
Pag090089,IX,89,https://epub3.kb.dk/hcadag/epub3/EPUB/hcadag09_101_89.xhtml,workbook
Pag090090,IX,90,https://epub3.kb.dk/hcadag/epub3/EPUB/hcadag09_102_90.xhtml,workbook
Pag090091,IX,91,https://epub3.kb.dk/hcadag/epub3/EPUB/hcadag09_103_91.xhtml,workbook
Pag090092,IX,92,https://epub3.kb.dk/hcadag/epub3/EPUB/hcadag09_104_92.xhtml,workbook
Pag090093,IX,93,https://epub3.kb.dk/hcadag/epub3/EPUB/hcadag09_105_93.xhtml,workbook
Pag090094,IX,94,https://epub3.kb.dk/hcadag/epub3/EPUB/hcadag09_106_94.xhtml,workbook
Pag090095,IX,95,https://epub3.kb.dk/hcadag/epub3/EPUB/hcadag09_107_95.xhtml,workbook
Pag090096,IX,96,https://epub3.kb.dk/hcadag/epub3/EPUB/hcadag09_108_96.xhtml,workbook
Pag090097,IX,97,https://epub3.kb.dk/hcadag/epub3/EPUB/hcadag09_109_97.xhtml,workbook
Pag090098,IX,98,https://epub3.kb.dk/hcadag/epub3/EPUB/hcadag09_110_98.xhtml,workbook
Pag090099,IX,99,https://epub3.kb.dk/hcadag/epub3/EPUB/hcadag09_111_99.xhtml,workbook
Pag090100,IX,100,https://epub3.kb.dk/hcadag/epub3/EPUB/hcadag09_112_100.xhtml,workbook
Pag090101,IX,101,https://epub3.kb.dk/hcadag/epub3/EPUB/hcadag09_113_101.xhtml,workbook
Pag090102,IX,102,https://epub3.kb.dk/hcadag/epub3/EPUB/hcadag09_114_102.xhtml,workbook
Pag090103,IX,103,https://epub3.kb.dk/hcadag/epub3/EPUB/hcadag09_115_103.xhtml,workbook
Pag090104,IX,104,https://epub3.kb.dk/hcadag/epub3/EPUB/hcadag09_116_104.xhtml,workbook
Pag090105,IX,105,https://epub3.kb.dk/hcadag/epub3/EPUB/hcadag09_117_105.xhtml,workbook
Pag090106,IX,106,https://epub3.kb.dk/hcadag/epub3/EPUB/hcadag09_118_106.xhtml,workbook
Pag090107,IX,107,https://epub3.kb.dk/hcadag/epub3/EPUB/hcadag09_119_107.xhtml,workbook
Pag090108,IX,108,https://epub3.kb.dk/hcadag/epub3/EPUB/hcadag09_120_108.xhtml,workbook
Pag090109,IX,109,https://epub3.kb.dk/hcadag/epub3/EPUB/hcadag09_121_109.xhtml,workbook
Pag090110,IX,110,https://epub3.kb.dk/hcadag/epub3/EPUB/hcadag09_122_110.xhtml,workbook
Pag090111,IX,111,https://epub3.kb.dk/hcadag/epub3/EPUB/hcadag09_123_111.xhtml,workbook
Pag090112,IX,112,https://epub3.kb.dk/hcadag/epub3/EPUB/hcadag09_124_112.xhtml,workbook
Pag090113,IX,113,https://epub3.kb.dk/hcadag/epub3/EPUB/hcadag09_125_113.xhtml,workbook
Pag090114,IX,114,https://epub3.kb.dk/hcadag/epub3/EPUB/hcadag09_126_114.xhtml,workbook
Pag090115,IX,115,https://epub3.kb.dk/hcadag/epub3/EPUB/hcadag09_127_115.xhtml,workbook
Pag090116,IX,116,https://epub3.kb.dk/hcadag/epub3/EPUB/hcadag09_128_116.xhtml,workbook
Pag090117,IX,117,https://epub3.kb.dk/hcadag/epub3/EPUB/hcadag09_129_117.xhtml,workbook
Pag090118,IX,118,https://epub3.kb.dk/hcadag/epub3/EPUB/hcadag09_130_118.xhtml,workbook
Pag090119,IX,119,https://epub3.kb.dk/hcadag/epub3/EPUB/hcadag09_131_119.xhtml,workbook
Pag090120,IX,120,https://epub3.kb.dk/hcadag/epub3/EPUB/hcadag09_132_120.xhtml,workbook
Pag090121,IX,121,https://epub3.kb.dk/hcadag/epub3/EPUB/hcadag09_133_121.xhtml,workbook
Pag090122,IX,122,https://epub3.kb.dk/hcadag/epub3/EPUB/hcadag09_134_122.xhtml,workbook
Pag090123,IX,123,https://epub3.kb.dk/hcadag/epub3/EPUB/hcadag09_135_123.xhtml,workbook
Pag090124,IX,124,https://epub3.kb.dk/hcadag/epub3/EPUB/hcadag09_136_124.xhtml,workbook
Pag090125,IX,125,https://epub3.kb.dk/hcadag/epub3/EPUB/hcadag09_137_125.xhtml,workbook
Pag090126,IX,126,https://epub3.kb.dk/hcadag/epub3/EPUB/hcadag09_138_126.xhtml,workbook
Pag090127,IX,127,https://epub3.kb.dk/hcadag/epub3/EPUB/hcadag09_139_127.xhtml,workbook
Pag090128,IX,128,https://epub3.kb.dk/hcadag/epub3/EPUB/hcadag09_140_128.xhtml,workbook
Pag090129,IX,129,https://epub3.kb.dk/hcadag/epub3/EPUB/hcadag09_141_129.xhtml,workbook
Pag090130,IX,130,https://epub3.kb.dk/hcadag/epub3/EPUB/hcadag09_142_130.xhtml,workbook
Pag090131,IX,131,https://epub3.kb.dk/hcadag/epub3/EPUB/hcadag09_143_131.xhtml,workbook
Pag090132,IX,132,https://epub3.kb.dk/hcadag/epub3/EPUB/hcadag09_144_132.xhtml,workbook
Pag090133,IX,133,https://epub3.kb.dk/hcadag/epub3/EPUB/hcadag09_145_133.xhtml,workbook
Pag090134,IX,134,https://epub3.kb.dk/hcadag/epub3/EPUB/hcadag09_146_134.xhtml,workbook
Pag090135,IX,135,https://epub3.kb.dk/hcadag/epub3/EPUB/hcadag09_147_135.xhtml,workbook
Pag090136,IX,136,https://epub3.kb.dk/hcadag/epub3/EPUB/hcadag09_148_136.xhtml,workbook
Pag090137,IX,137,https://epub3.kb.dk/hcadag/epub3/EPUB/hcadag09_149_137.xhtml,workbook
Pag090138,IX,138,https://epub3.kb.dk/hcadag/epub3/EPUB/hcadag09_150_138.xhtml,workbook
Pag090139,IX,139,https://epub3.kb.dk/hcadag/epub3/EPUB/hcadag09_151_139.xhtml,workbook
Pag090140,IX,140,https://epub3.kb.dk/hcadag/epub3/EPUB/hcadag09_152_140.xhtml,workbook
Pag090141,IX,141,https://epub3.kb.dk/hcadag/epub3/EPUB/hcadag09_153_141.xhtml,workbook
Pag090142,IX,142,https://epub3.kb.dk/hcadag/epub3/EPUB/hcadag09_154_142.xhtml,workbook
Pag090143,IX,143,https://epub3.kb.dk/hcadag/epub3/EPUB/hcadag09_155_143.xhtml,workbook
Pag090144,IX,144,https://epub3.kb.dk/hcadag/epub3/EPUB/hcadag09_156_144.xhtml,workbook
Pag090145,IX,145,https://epub3.kb.dk/hcadag/epub3/EPUB/hcadag09_157_145.xhtml,workbook
Pag090146,IX,146,https://epub3.kb.dk/hcadag/epub3/EPUB/hcadag09_158_146.xhtml,workbook
Pag090147,IX,147,https://epub3.kb.dk/hcadag/epub3/EPUB/hcadag09_159_147.xhtml,workbook
Pag090148,IX,148,https://epub3.kb.dk/hcadag/epub3/EPUB/hcadag09_160_148.xhtml,workbook
Pag090149,IX,149,https://epub3.kb.dk/hcadag/epub3/EPUB/hcadag09_161_149.xhtml,workbook
Pag090150,IX,150,https://epub3.kb.dk/hcadag/epub3/EPUB/hcadag09_162_150.xhtml,workbook
Pag090151,IX,151,https://epub3.kb.dk/hcadag/epub3/EPUB/hcadag09_163_151.xhtml,workbook
Pag090152,IX,152,https://epub3.kb.dk/hcadag/epub3/EPUB/hcadag09_164_152.xhtml,workbook
Pag090153,IX,153,https://epub3.kb.dk/hcadag/epub3/EPUB/hcadag09_165_153.xhtml,workbook
Pag090154,IX,154,https://epub3.kb.dk/hcadag/epub3/EPUB/hcadag09_166_154.xhtml,workbook
Pag090155,IX,155,https://epub3.kb.dk/hcadag/epub3/EPUB/hcadag09_167_155.xhtml,workbook
Pag090156,IX,156,https://epub3.kb.dk/hcadag/epub3/EPUB/hcadag09_168_156.xhtml,workbook
Pag090157,IX,157,https://epub3.kb.dk/hcadag/epub3/EPUB/hcadag09_169_157.xhtml,workbook
Pag090158,IX,158,https://epub3.kb.dk/hcadag/epub3/EPUB/hcadag09_170_158.xhtml,workbook
Pag090159,IX,159,https://epub3.kb.dk/hcadag/epub3/EPUB/hcadag09_171_159.xhtml,workbook
Pag090160,IX,160,https://epub3.kb.dk/hcadag/epub3/EPUB/hcadag09_172_160.xhtml,workbook
Pag090161,IX,161,https://epub3.kb.dk/hcadag/epub3/EPUB/hcadag09_173_161.xhtml,workbook
Pag090162,IX,162,https://epub3.kb.dk/hcadag/epub3/EPUB/hcadag09_174_162.xhtml,workbook
Pag090163,IX,163,https://epub3.kb.dk/hcadag/epub3/EPUB/hcadag09_175_163.xhtml,workbook
Pag090164,IX,164,https://epub3.kb.dk/hcadag/epub3/EPUB/hcadag09_176_164.xhtml,workbook
Pag090165,IX,165,https://epub3.kb.dk/hcadag/epub3/EPUB/hcadag09_177_165.xhtml,workbook
Pag090166,IX,166,https://epub3.kb.dk/hcadag/epub3/EPUB/hcadag09_178_166.xhtml,workbook
Pag090167,IX,167,https://epub3.kb.dk/hcadag/epub3/EPUB/hcadag09_179_167.xhtml,workbook
Pag090168,IX,168,https://epub3.kb.dk/hcadag/epub3/EPUB/hcadag09_180_168.xhtml,workbook
Pag090169,IX,169,https://epub3.kb.dk/hcadag/epub3/EPUB/hcadag09_181_169.xhtml,workbook
Pag090170,IX,170,https://epub3.kb.dk/hcadag/epub3/EPUB/hcadag09_182_170.xhtml,workbook
Pag090171,IX,171,https://epub3.kb.dk/hcadag/epub3/EPUB/hcadag09_183_171.xhtml,workbook
Pag090172,IX,172,https://epub3.kb.dk/hcadag/epub3/EPUB/hcadag09_184_172.xhtml,workbook
Pag090173,IX,173,https://epub3.kb.dk/hcadag/epub3/EPUB/hcadag09_185_173.xhtml,workbook
Pag090174,IX,174,https://epub3.kb.dk/hcadag/epub3/EPUB/hcadag09_186_174.xhtml,workbook
Pag090175,IX,175,https://epub3.kb.dk/hcadag/epub3/EPUB/hcadag09_187_175.xhtml,workbook
Pag090176,IX,176,https://epub3.kb.dk/hcadag/epub3/EPUB/hcadag09_188_176.xhtml,workbook
Pag090177,IX,177,https://epub3.kb.dk/hcadag/epub3/EPUB/hcadag09_189_177.xhtml,workbook
Pag090178,IX,178,https://epub3.kb.dk/hcadag/epub3/EPUB/hcadag09_190_178.xhtml,workbook
Pag090179,IX,179,https://epub3.kb.dk/hcadag/epub3/EPUB/hcadag09_191_179.xhtml,workbook
Pag090180,IX,180,https://epub3.kb.dk/hcadag/epub3/EPUB/hcadag09_192_180.xhtml,workbook
Pag090181,IX,181,https://epub3.kb.dk/hcadag/epub3/EPUB/hcadag09_193_181.xhtml,workbook
Pag090182,IX,182,https://epub3.kb.dk/hcadag/epub3/EPUB/hcadag09_194_182.xhtml,workbook
Pag090183,IX,183,https://epub3.kb.dk/hcadag/epub3/EPUB/hcadag09_195_183.xhtml,workbook
Pag090184,IX,184,https://epub3.kb.dk/hcadag/epub3/EPUB/hcadag09_196_184.xhtml,workbook
Pag090185,IX,185,https://epub3.kb.dk/hcadag/epub3/EPUB/hcadag09_197_185.xhtml,workbook
Pag090186,IX,186,https://epub3.kb.dk/hcadag/epub3/EPUB/hcadag09_198_186.xhtml,workbook
Pag090187,IX,187,https://epub3.kb.dk/hcadag/epub3/EPUB/hcadag09_199_187.xhtml,workbook
Pag090188,IX,188,https://epub3.kb.dk/hcadag/epub3/EPUB/hcadag09_200_188.xhtml,workbook
Pag090189,IX,189,https://epub3.kb.dk/hcadag/epub3/EPUB/hcadag09_201_189.xhtml,workbook
Pag090190,IX,190,https://epub3.kb.dk/hcadag/epub3/EPUB/hcadag09_202_190.xhtml,workbook
Pag090191,IX,191,https://epub3.kb.dk/hcadag/epub3/EPUB/hcadag09_203_191.xhtml,workbook
Pag090192,IX,192,https://epub3.kb.dk/hcadag/epub3/EPUB/hcadag09_204_192.xhtml,workbook
Pag090193,IX,193,https://epub3.kb.dk/hcadag/epub3/EPUB/hcadag09_205_193.xhtml,workbook
Pag090194,IX,194,https://epub3.kb.dk/hcadag/epub3/EPUB/hcadag09_206_194.xhtml,workbook
Pag090195,IX,195,https://epub3.kb.dk/hcadag/epub3/EPUB/hcadag09_207_195.xhtml,workbook
Pag090196,IX,196,https://epub3.kb.dk/hcadag/epub3/EPUB/hcadag09_208_196.xhtml,workbook
Pag090197,IX,197,https://epub3.kb.dk/hcadag/epub3/EPUB/hcadag09_209_197.xhtml,workbook
Pag090198,IX,198,https://epub3.kb.dk/hcadag/epub3/EPUB/hcadag09_210_198.xhtml,workbook
Pag090199,IX,199,https://epub3.kb.dk/hcadag/epub3/EPUB/hcadag09_211_199.xhtml,workbook
Pag090200,IX,200,https://epub3.kb.dk/hcadag/epub3/EPUB/hcadag09_212_200.xhtml,workbook
Pag090201,IX,201,https://epub3.kb.dk/hcadag/epub3/EPUB/hcadag09_213_201.xhtml,workbook
Pag090202,IX,202,https://epub3.kb.dk/hcadag/epub3/EPUB/hcadag09_214_202.xhtml,workbook
Pag090203,IX,203,https://epub3.kb.dk/hcadag/epub3/EPUB/hcadag09_215_203.xhtml,workbook
Pag090204,IX,204,https://epub3.kb.dk/hcadag/epub3/EPUB/hcadag09_216_204.xhtml,workbook
Pag090205,IX,205,https://epub3.kb.dk/hcadag/epub3/EPUB/hcadag09_217_205.xhtml,workbook
Pag090206,IX,206,https://epub3.kb.dk/hcadag/epub3/EPUB/hcadag09_218_206.xhtml,workbook
Pag090207,IX,207,https://epub3.kb.dk/hcadag/epub3/EPUB/hcadag09_219_207.xhtml,workbook
Pag090208,IX,208,https://epub3.kb.dk/hcadag/epub3/EPUB/hcadag09_220_208.xhtml,workbook
Pag090209,IX,209,https://epub3.kb.dk/hcadag/epub3/EPUB/hcadag09_221_209.xhtml,workbook
Pag090210,IX,210,https://epub3.kb.dk/hcadag/epub3/EPUB/hcadag09_222_210.xhtml,workbook
Pag090211,IX,211,https://epub3.kb.dk/hcadag/epub3/EPUB/hcadag09_223_211.xhtml,workbook
Pag090212,IX,212,https://epub3.kb.dk/hcadag/epub3/EPUB/hcadag09_224_212.xhtml,workbook
Pag090213,IX,213,https://epub3.kb.dk/hcadag/epub3/EPUB/hcadag09_225_213.xhtml,workbook
Pag090214,IX,214,https://epub3.kb.dk/hcadag/epub3/EPUB/hcadag09_226_214.xhtml,workbook
Pag090215,IX,215,https://epub3.kb.dk/hcadag/epub3/EPUB/hcadag09_227_215.xhtml,workbook
Pag090216,IX,216,https://epub3.kb.dk/hcadag/epub3/EPUB/hcadag09_228_216.xhtml,workbook
Pag090217,IX,217,https://epub3.kb.dk/hcadag/epub3/EPUB/hcadag09_229_217.xhtml,workbook
Pag090218,IX,218,https://epub3.kb.dk/hcadag/epub3/EPUB/hcadag09_230_218.xhtml,workbook
Pag090219,IX,219,https://epub3.kb.dk/hcadag/epub3/EPUB/hcadag09_231_219.xhtml,workbook
Pag090220,IX,220,https://epub3.kb.dk/hcadag/epub3/EPUB/hcadag09_232_220.xhtml,workbook
Pag090221,IX,221,https://epub3.kb.dk/hcadag/epub3/EPUB/hcadag09_233_221.xhtml,workbook
Pag090222,IX,222,https://epub3.kb.dk/hcadag/epub3/EPUB/hcadag09_234_222.xhtml,workbook
Pag090223,IX,223,https://epub3.kb.dk/hcadag/epub3/EPUB/hcadag09_235_223.xhtml,workbook
Pag090224,IX,224,https://epub3.kb.dk/hcadag/epub3/EPUB/hcadag09_236_224.xhtml,workbook
Pag090225,IX,225,https://epub3.kb.dk/hcadag/epub3/EPUB/hcadag09_237_225.xhtml,workbook
Pag090226,IX,226,https://epub3.kb.dk/hcadag/epub3/EPUB/hcadag09_238_226.xhtml,workbook
Pag090227,IX,227,https://epub3.kb.dk/hcadag/epub3/EPUB/hcadag09_239_227.xhtml,workbook
Pag090228,IX,228,https://epub3.kb.dk/hcadag/epub3/EPUB/hcadag09_240_228.xhtml,workbook
Pag090229,IX,229,https://epub3.kb.dk/hcadag/epub3/EPUB/hcadag09_241_229.xhtml,workbook
Pag090230,IX,230,https://epub3.kb.dk/hcadag/epub3/EPUB/hcadag09_242_230.xhtml,workbook
Pag090231,IX,231,https://epub3.kb.dk/hcadag/epub3/EPUB/hcadag09_243_231.xhtml,workbook
Pag090232,IX,232,https://epub3.kb.dk/hcadag/epub3/EPUB/hcadag09_244_232.xhtml,workbook
Pag090233,IX,233,https://epub3.kb.dk/hcadag/epub3/EPUB/hcadag09_245_233.xhtml,workbook
Pag090234,IX,234,https://epub3.kb.dk/hcadag/epub3/EPUB/hcadag09_246_234.xhtml,workbook
Pag090235,IX,235,https://epub3.kb.dk/hcadag/epub3/EPUB/hcadag09_247_235.xhtml,workbook
Pag090236,IX,236,https://epub3.kb.dk/hcadag/epub3/EPUB/hcadag09_248_236.xhtml,workbook
Pag090237,IX,237,https://epub3.kb.dk/hcadag/epub3/EPUB/hcadag09_249_237.xhtml,workbook
Pag090238,IX,238,https://epub3.kb.dk/hcadag/epub3/EPUB/hcadag09_250_238.xhtml,workbook
Pag090239,IX,239,https://epub3.kb.dk/hcadag/epub3/EPUB/hcadag09_251_239.xhtml,workbook
Pag090240,IX,240,https://epub3.kb.dk/hcadag/epub3/EPUB/hcadag09_252_240.xhtml,workbook
Pag090241,IX,241,https://epub3.kb.dk/hcadag/epub3/EPUB/hcadag09_253_241.xhtml,workbook
Pag090242,IX,242,https://epub3.kb.dk/hcadag/epub3/EPUB/hcadag09_254_242.xhtml,workbook
Pag090243,IX,243,https://epub3.kb.dk/hcadag/epub3/EPUB/hcadag09_255_243.xhtml,workbook
Pag090244,IX,244,https://epub3.kb.dk/hcadag/epub3/EPUB/hcadag09_256_244.xhtml,workbook
Pag090245,IX,245,https://epub3.kb.dk/hcadag/epub3/EPUB/hcadag09_257_245.xhtml,workbook
Pag090246,IX,246,https://epub3.kb.dk/hcadag/epub3/EPUB/hcadag09_258_246.xhtml,workbook
Pag090247,IX,247,https://epub3.kb.dk/hcadag/epub3/EPUB/hcadag09_259_247.xhtml,workbook
Pag090248,IX,248,https://epub3.kb.dk/hcadag/epub3/EPUB/hcadag09_260_248.xhtml,workbook
Pag090249,IX,249,https://epub3.kb.dk/hcadag/epub3/EPUB/hcadag09_261_249.xhtml,workbook
Pag090250,IX,250,https://epub3.kb.dk/hcadag/epub3/EPUB/hcadag09_262_250.xhtml,workbook
Pag090251,IX,251,https://epub3.kb.dk/hcadag/epub3/EPUB/hcadag09_263_251.xhtml,workbook
Pag090252,IX,252,https://epub3.kb.dk/hcadag/epub3/EPUB/hcadag09_264_252.xhtml,workbook
Pag090253,IX,253,https://epub3.kb.dk/hcadag/epub3/EPUB/hcadag09_265_253.xhtml,workbook
Pag090254,IX,254,https://epub3.kb.dk/hcadag/epub3/EPUB/hcadag09_266_254.xhtml,workbook
Pag090255,IX,255,https://epub3.kb.dk/hcadag/epub3/EPUB/hcadag09_267_255.xhtml,workbook
Pag090256,IX,256,https://epub3.kb.dk/hcadag/epub3/EPUB/hcadag09_268_256.xhtml,workbook
Pag090257,IX,257,https://epub3.kb.dk/hcadag/epub3/EPUB/hcadag09_269_257.xhtml,workbook
Pag090258,IX,258,https://epub3.kb.dk/hcadag/epub3/EPUB/hcadag09_270_258.xhtml,workbook
Pag090259,IX,259,https://epub3.kb.dk/hcadag/epub3/EPUB/hcadag09_271_259.xhtml,workbook
Pag090260,IX,260,https://epub3.kb.dk/hcadag/epub3/EPUB/hcadag09_272_260.xhtml,workbook
Pag090261,IX,261,https://epub3.kb.dk/hcadag/epub3/EPUB/hcadag09_273_261.xhtml,workbook
Pag090262,IX,262,https://epub3.kb.dk/hcadag/epub3/EPUB/hcadag09_274_262.xhtml,workbook
Pag090263,IX,263,https://epub3.kb.dk/hcadag/epub3/EPUB/hcadag09_275_263.xhtml,workbook
Pag090264,IX,264,https://epub3.kb.dk/hcadag/epub3/EPUB/hcadag09_276_264.xhtml,workbook
Pag090265,IX,265,https://epub3.kb.dk/hcadag/epub3/EPUB/hcadag09_277_265.xhtml,workbook
Pag090266,IX,266,https://epub3.kb.dk/hcadag/epub3/EPUB/hcadag09_278_266.xhtml,workbook
Pag090267,IX,267,https://epub3.kb.dk/hcadag/epub3/EPUB/hcadag09_279_267.xhtml,workbook
Pag090268,IX,268,https://epub3.kb.dk/hcadag/epub3/EPUB/hcadag09_280_268.xhtml,workbook
Pag090269,IX,269,https://epub3.kb.dk/hcadag/epub3/EPUB/hcadag09_281_269.xhtml,workbook
Pag090270,IX,270,https://epub3.kb.dk/hcadag/epub3/EPUB/hcadag09_282_270.xhtml,workbook
Pag090271,IX,271,https://epub3.kb.dk/hcadag/epub3/EPUB/hcadag09_283_271.xhtml,workbook
Pag090272,IX,272,https://epub3.kb.dk/hcadag/epub3/EPUB/hcadag09_284_272.xhtml,workbook
Pag090273,IX,273,https://epub3.kb.dk/hcadag/epub3/EPUB/hcadag09_285_273.xhtml,workbook
Pag090274,IX,274,https://epub3.kb.dk/hcadag/epub3/EPUB/hcadag09_286_274.xhtml,workbook
Pag090275,IX,275,https://epub3.kb.dk/hcadag/epub3/EPUB/hcadag09_287_275.xhtml,workbook
Pag090276,IX,276,https://epub3.kb.dk/hcadag/epub3/EPUB/hcadag09_288_276.xhtml,workbook
Pag090277,IX,277,https://epub3.kb.dk/hcadag/epub3/EPUB/hcadag09_289_277.xhtml,workbook
Pag090278,IX,278,https://epub3.kb.dk/hcadag/epub3/EPUB/hcadag09_290_278.xhtml,workbook
Pag090279,IX,279,https://epub3.kb.dk/hcadag/epub3/EPUB/hcadag09_291_279.xhtml,workbook
Pag090280,IX,280,https://epub3.kb.dk/hcadag/epub3/EPUB/hcadag09_292_280.xhtml,workbook
Pag090281,IX,281,https://epub3.kb.dk/hcadag/epub3/EPUB/hcadag09_293_281.xhtml,workbook
Pag090282,IX,282,https://epub3.kb.dk/hcadag/epub3/EPUB/hcadag09_294_282.xhtml,workbook
Pag090283,IX,283,https://epub3.kb.dk/hcadag/epub3/EPUB/hcadag09_295_283.xhtml,workbook
Pag090284,IX,284,https://epub3.kb.dk/hcadag/epub3/EPUB/hcadag09_296_284.xhtml,workbook
Pag090285,IX,285,https://epub3.kb.dk/hcadag/epub3/EPUB/hcadag09_297_285.xhtml,workbook
Pag090286,IX,286,https://epub3.kb.dk/hcadag/epub3/EPUB/hcadag09_298_286.xhtml,workbook
Pag090287,IX,287,https://epub3.kb.dk/hcadag/epub3/EPUB/hcadag09_299_287.xhtml,workbook
Pag090288,IX,288,https://epub3.kb.dk/hcadag/epub3/EPUB/hcadag09_300_288.xhtml,workbook
Pag090289,IX,289,https://epub3.kb.dk/hcadag/epub3/EPUB/hcadag09_301_289.xhtml,workbook
Pag090290,IX,290,https://epub3.kb.dk/hcadag/epub3/EPUB/hcadag09_302_290.xhtml,workbook
Pag090291,IX,291,https://epub3.kb.dk/hcadag/epub3/EPUB/hcadag09_303_291.xhtml,workbook
Pag090292,IX,292,https://epub3.kb.dk/hcadag/epub3/EPUB/hcadag09_304_292.xhtml,workbook
Pag090293,IX,293,https://epub3.kb.dk/hcadag/epub3/EPUB/hcadag09_305_293.xhtml,workbook
Pag090294,IX,294,https://epub3.kb.dk/hcadag/epub3/EPUB/hcadag09_306_294.xhtml,workbook
Pag090295,IX,295,https://epub3.kb.dk/hcadag/epub3/EPUB/hcadag09_307_295.xhtml,workbook
Pag090296,IX,296,https://epub3.kb.dk/hcadag/epub3/EPUB/hcadag09_308_296.xhtml,workbook
Pag090297,IX,297,https://epub3.kb.dk/hcadag/epub3/EPUB/hcadag09_309_297.xhtml,workbook
Pag090298,IX,298,https://epub3.kb.dk/hcadag/epub3/EPUB/hcadag09_310_298.xhtml,workbook
Pag090299,IX,299,https://epub3.kb.dk/hcadag/epub3/EPUB/hcadag09_311_299.xhtml,workbook
Pag090300,IX,300,https://epub3.kb.dk/hcadag/epub3/EPUB/hcadag09_312_300.xhtml,workbook
Pag090301,IX,301,https://epub3.kb.dk/hcadag/epub3/EPUB/hcadag09_313_301.xhtml,workbook
Pag090302,IX,302,https://epub3.kb.dk/hcadag/epub3/EPUB/hcadag09_314_302.xhtml,workbook
Pag090303,IX,303,https://epub3.kb.dk/hcadag/epub3/EPUB/hcadag09_315_303.xhtml,workbook
Pag090304,IX,304,https://epub3.kb.dk/hcadag/epub3/EPUB/hcadag09_316_304.xhtml,workbook
Pag090305,IX,305,https://epub3.kb.dk/hcadag/epub3/EPUB/hcadag09_317_305.xhtml,workbook
Pag090306,IX,306,https://epub3.kb.dk/hcadag/epub3/EPUB/hcadag09_318_306.xhtml,workbook
Pag090307,IX,307,https://epub3.kb.dk/hcadag/epub3/EPUB/hcadag09_319_307.xhtml,workbook
Pag090308,IX,308,https://epub3.kb.dk/hcadag/epub3/EPUB/hcadag09_320_308.xhtml,workbook
Pag090309,IX,309,https://epub3.kb.dk/hcadag/epub3/EPUB/hcadag09_321_309.xhtml,workbook
Pag090310,IX,310,https://epub3.kb.dk/hcadag/epub3/EPUB/hcadag09_322_310.xhtml,workbook
Pag090311,IX,311,https://epub3.kb.dk/hcadag/epub3/EPUB/hcadag09_323_311.xhtml,workbook
Pag090312,IX,312,https://epub3.kb.dk/hcadag/epub3/EPUB/hcadag09_324_312.xhtml,workbook
Pag090313,IX,313,https://epub3.kb.dk/hcadag/epub3/EPUB/hcadag09_325_313.xhtml,workbook
Pag090314,IX,314,https://epub3.kb.dk/hcadag/epub3/EPUB/hcadag09_326_314.xhtml,workbook
Pag090315,IX,315,https://epub3.kb.dk/hcadag/epub3/EPUB/hcadag09_327_315.xhtml,workbook
Pag090316,IX,316,https://epub3.kb.dk/hcadag/epub3/EPUB/hcadag09_328_316.xhtml,workbook
Pag090317,IX,317,https://epub3.kb.dk/hcadag/epub3/EPUB/hcadag09_329_317.xhtml,workbook
Pag090318,IX,318,https://epub3.kb.dk/hcadag/epub3/EPUB/hcadag09_330_318.xhtml,workbook
Pag090319,IX,319,https://epub3.kb.dk/hcadag/epub3/EPUB/hcadag09_331_319.xhtml,workbook
Pag090320,IX,320,https://epub3.kb.dk/hcadag/epub3/EPUB/hcadag09_332_320.xhtml,workbook
Pag090321,IX,321,https://epub3.kb.dk/hcadag/epub3/EPUB/hcadag09_333_321.xhtml,workbook
Pag090322,IX,322,https://epub3.kb.dk/hcadag/epub3/EPUB/hcadag09_334_322.xhtml,workbook
Pag090323,IX,323,https://epub3.kb.dk/hcadag/epub3/EPUB/hcadag09_335_323.xhtml,workbook
Pag090324,IX,324,https://epub3.kb.dk/hcadag/epub3/EPUB/hcadag09_336_324.xhtml,workbook
Pag090325,IX,325,https://epub3.kb.dk/hcadag/epub3/EPUB/hcadag09_337_325.xhtml,workbook
Pag090326,IX,326,https://epub3.kb.dk/hcadag/epub3/EPUB/hcadag09_338_326.xhtml,workbook
Pag090327,IX,327,https://epub3.kb.dk/hcadag/epub3/EPUB/hcadag09_339_327.xhtml,workbook
Pag090328,IX,328,https://epub3.kb.dk/hcadag/epub3/EPUB/hcadag09_340_328.xhtml,workbook
Pag090329,IX,329,https://epub3.kb.dk/hcadag/epub3/EPUB/hcadag09_341_329.xhtml,workbook
Pag090330,IX,330,https://epub3.kb.dk/hcadag/epub3/EPUB/hcadag09_342_330.xhtml,workbook
Pag090331,IX,331,https://epub3.kb.dk/hcadag/epub3/EPUB/hcadag09_343_331.xhtml,workbook
Pag090332,IX,332,https://epub3.kb.dk/hcadag/epub3/EPUB/hcadag09_344_332.xhtml,workbook
Pag090333,IX,333,https://epub3.kb.dk/hcadag/epub3/EPUB/hcadag09_345_333.xhtml,workbook
Pag090334,IX,334,https://epub3.kb.dk/hcadag/epub3/EPUB/hcadag09_346_334.xhtml,workbook
Pag090335,IX,335,https://epub3.kb.dk/hcadag/epub3/EPUB/hcadag09_347_335.xhtml,workbook
Pag090336,IX,336,https://epub3.kb.dk/hcadag/epub3/EPUB/hcadag09_348_336.xhtml,workbook
Pag090337,IX,337,https://epub3.kb.dk/hcadag/epub3/EPUB/hcadag09_349_337.xhtml,workbook
Pag090338,IX,338,https://epub3.kb.dk/hcadag/epub3/EPUB/hcadag09_350_338.xhtml,workbook
Pag090339,IX,339,https://epub3.kb.dk/hcadag/epub3/EPUB/hcadag09_351_339.xhtml,workbook
Pag090340,IX,340,https://epub3.kb.dk/hcadag/epub3/EPUB/hcadag09_352_340.xhtml,workbook
Pag090341,IX,341,https://epub3.kb.dk/hcadag/epub3/EPUB/hcadag09_353_341.xhtml,workbook
Pag090342,IX,342,https://epub3.kb.dk/hcadag/epub3/EPUB/hcadag09_354_342.xhtml,workbook
Pag090343,IX,343,https://epub3.kb.dk/hcadag/epub3/EPUB/hcadag09_355_343.xhtml,workbook
Pag090344,IX,344,https://epub3.kb.dk/hcadag/epub3/EPUB/hcadag09_356_344.xhtml,workbook
Pag090345,IX,345,https://epub3.kb.dk/hcadag/epub3/EPUB/hcadag09_357_345.xhtml,workbook
Pag090346,IX,346,https://epub3.kb.dk/hcadag/epub3/EPUB/hcadag09_358_346.xhtml,workbook
Pag090347,IX,347,https://epub3.kb.dk/hcadag/epub3/EPUB/hcadag09_359_347.xhtml,workbook
Pag090348,IX,348,https://epub3.kb.dk/hcadag/epub3/EPUB/hcadag09_360_348.xhtml,workbook
Pag090349,IX,349,https://epub3.kb.dk/hcadag/epub3/EPUB/hcadag09_361_349.xhtml,workbook
Pag090350,IX,350,https://epub3.kb.dk/hcadag/epub3/EPUB/hcadag09_362_350.xhtml,workbook
Pag090351,IX,351,https://epub3.kb.dk/hcadag/epub3/EPUB/hcadag09_363_351.xhtml,workbook
Pag090352,IX,352,https://epub3.kb.dk/hcadag/epub3/EPUB/hcadag09_364_352.xhtml,workbook
Pag090353,IX,353,https://epub3.kb.dk/hcadag/epub3/EPUB/hcadag09_365_353.xhtml,workbook
Pag090354,IX,354,https://epub3.kb.dk/hcadag/epub3/EPUB/hcadag09_366_354.xhtml,workbook
Pag090355,IX,355,https://epub3.kb.dk/hcadag/epub3/EPUB/hcadag09_367_355.xhtml,workbook
Pag090356,IX,356,https://epub3.kb.dk/hcadag/epub3/EPUB/hcadag09_368_356.xhtml,workbook
Pag090357,IX,357,https://epub3.kb.dk/hcadag/epub3/EPUB/hcadag09_369_357.xhtml,workbook
Pag090358,IX,358,https://epub3.kb.dk/hcadag/epub3/EPUB/hcadag09_370_358.xhtml,workbook
Pag090359,IX,359,https://epub3.kb.dk/hcadag/epub3/EPUB/hcadag09_371_359.xhtml,workbook
Pag090360,IX,360,https://epub3.kb.dk/hcadag/epub3/EPUB/hcadag09_372_360.xhtml,workbook
Pag090361,IX,361,https://epub3.kb.dk/hcadag/epub3/EPUB/hcadag09_373_361.xhtml,workbook
Pag090362,IX,362,https://epub3.kb.dk/hcadag/epub3/EPUB/hcadag09_374_362.xhtml,workbook
Pag090363,IX,363,https://epub3.kb.dk/hcadag/epub3/EPUB/hcadag09_375_363.xhtml,workbook
Pag090364,IX,364,https://epub3.kb.dk/hcadag/epub3/EPUB/hcadag09_376_364.xhtml,workbook
Pag090365,IX,365,https://epub3.kb.dk/hcadag/epub3/EPUB/hcadag09_377_365.xhtml,workbook
Pag090366,IX,366,https://epub3.kb.dk/hcadag/epub3/EPUB/hcadag09_378_366.xhtml,workbook
Pag090367,IX,367,https://epub3.kb.dk/hcadag/epub3/EPUB/hcadag09_379_367.xhtml,workbook
Pag090368,IX,368,https://epub3.kb.dk/hcadag/epub3/EPUB/hcadag09_380_368.xhtml,workbook
Pag090369,IX,369,https://epub3.kb.dk/hcadag/epub3/EPUB/hcadag09_381_369.xhtml,workbook
Pag090370,IX,370,https://epub3.kb.dk/hcadag/epub3/EPUB/hcadag09_382_370.xhtml,workbook
Pag090371,IX,371,https://epub3.kb.dk/hcadag/epub3/EPUB/hcadag09_383_371.xhtml,workbook
Pag090372,IX,372,https://epub3.kb.dk/hcadag/epub3/EPUB/hcadag09_384_372.xhtml,workbook
Pag090373,IX,373,https://epub3.kb.dk/hcadag/epub3/EPUB/hcadag09_385_373.xhtml,workbook
Pag090374,IX,374,https://epub3.kb.dk/hcadag/epub3/EPUB/hcadag09_386_374.xhtml,workbook
Pag090375,IX,375,https://epub3.kb.dk/hcadag/epub3/EPUB/hcadag09_387_375.xhtml,workbook
Pag090376,IX,376,https://epub3.kb.dk/hcadag/epub3/EPUB/hcadag09_388_376.xhtml,workbook
Pag090377,IX,377,https://epub3.kb.dk/hcadag/epub3/EPUB/hcadag09_389_377.xhtml,workbook
Pag090378,IX,378,https://epub3.kb.dk/hcadag/epub3/EPUB/hcadag09_390_378.xhtml,workbook
Pag090379,IX,379,https://epub3.kb.dk/hcadag/epub3/EPUB/hcadag09_391_379.xhtml,workbook
Pag090380,IX,380,https://epub3.kb.dk/hcadag/epub3/EPUB/hcadag09_392_380.xhtml,workbook
Pag090381,IX,381,https://epub3.kb.dk/hcadag/epub3/EPUB/hcadag09_393_381.xhtml,workbook
Pag090382,IX,382,https://epub3.kb.dk/hcadag/epub3/EPUB/hcadag09_394_382.xhtml,workbook
Pag090383,IX,383,https://epub3.kb.dk/hcadag/epub3/EPUB/hcadag09_395_383.xhtml,workbook
Pag090384,IX,384,https://epub3.kb.dk/hcadag/epub3/EPUB/hcadag09_396_384.xhtml,workbook
Pag090385,IX,385,https://epub3.kb.dk/hcadag/epub3/EPUB/hcadag09_397_385.xhtml,workbook
Pag090386,IX,386,https://epub3.kb.dk/hcadag/epub3/EPUB/hcadag09_398_386.xhtml,workbook
Pag090387,IX,387,https://epub3.kb.dk/hcadag/epub3/EPUB/hcadag09_399_387.xhtml,workbook
Pag090388,IX,388,https://epub3.kb.dk/hcadag/epub3/EPUB/hcadag09_400_388.xhtml,workbook
Pag090389,IX,389,https://epub3.kb.dk/hcadag/epub3/EPUB/hcadag09_401_389.xhtml,workbook
Pag090390,IX,390,https://epub3.kb.dk/hcadag/epub3/EPUB/hcadag09_402_390.xhtml,workbook
Pag090391,IX,391,https://epub3.kb.dk/hcadag/epub3/EPUB/hcadag09_403_391.xhtml,workbook
Pag090392,IX,392,https://epub3.kb.dk/hcadag/epub3/EPUB/hcadag09_404_392.xhtml,workbook
Pag090393,IX,393,https://epub3.kb.dk/hcadag/epub3/EPUB/hcadag09_405_393.xhtml,workbook
Pag090394,IX,394,https://epub3.kb.dk/hcadag/epub3/EPUB/hcadag09_406_394.xhtml,workbook
Pag090395,IX,395,https://epub3.kb.dk/hcadag/epub3/EPUB/hcadag09_407_395.xhtml,workbook
Pag090396,IX,396,https://epub3.kb.dk/hcadag/epub3/EPUB/hcadag09_408_396.xhtml,workbook
Pag090397,IX,397,https://epub3.kb.dk/hcadag/epub3/EPUB/hcadag09_409_397.xhtml,workbook
Pag100001,X,1,https://epub3.kb.dk/hcadag/epub3/EPUB/hcadag10_016_1.xhtml,workbook
Pag100002,X,2,https://epub3.kb.dk/hcadag/epub3/EPUB/hcadag10_017_2.xhtml,workbook
Pag100003,X,3,https://epub3.kb.dk/hcadag/epub3/EPUB/hcadag10_018_3.xhtml,workbook
Pag100004,X,4,https://epub3.kb.dk/hcadag/epub3/EPUB/hcadag10_019_4.xhtml,workbook
Pag100005,X,5,https://epub3.kb.dk/hcadag/epub3/EPUB/hcadag10_020_5.xhtml,workbook
Pag100006,X,6,https://epub3.kb.dk/hcadag/epub3/EPUB/hcadag10_021_6.xhtml,workbook
Pag100007,X,7,https://epub3.kb.dk/hcadag/epub3/EPUB/hcadag10_022_7.xhtml,workbook
Pag100008,X,8,https://epub3.kb.dk/hcadag/epub3/EPUB/hcadag10_023_8.xhtml,workbook
Pag100009,X,9,https://epub3.kb.dk/hcadag/epub3/EPUB/hcadag10_024_9.xhtml,workbook
Pag100010,X,10,https://epub3.kb.dk/hcadag/epub3/EPUB/hcadag10_025_10.xhtml,workbook
Pag100011,X,11,https://epub3.kb.dk/hcadag/epub3/EPUB/hcadag10_026_11.xhtml,workbook
Pag100012,X,12,https://epub3.kb.dk/hcadag/epub3/EPUB/hcadag10_027_12.xhtml,workbook
Pag100013,X,13,https://epub3.kb.dk/hcadag/epub3/EPUB/hcadag10_028_13.xhtml,workbook
Pag100014,X,14,https://epub3.kb.dk/hcadag/epub3/EPUB/hcadag10_029_14.xhtml,workbook
Pag100015,X,15,https://epub3.kb.dk/hcadag/epub3/EPUB/hcadag10_030_15.xhtml,workbook
Pag100016,X,16,https://epub3.kb.dk/hcadag/epub3/EPUB/hcadag10_031_16.xhtml,workbook
Pag100017,X,17,https://epub3.kb.dk/hcadag/epub3/EPUB/hcadag10_032_17.xhtml,workbook
Pag100018,X,18,https://epub3.kb.dk/hcadag/epub3/EPUB/hcadag10_033_18.xhtml,workbook
Pag100019,X,19,https://epub3.kb.dk/hcadag/epub3/EPUB/hcadag10_034_19.xhtml,workbook
Pag100020,X,20,https://epub3.kb.dk/hcadag/epub3/EPUB/hcadag10_035_20.xhtml,workbook
Pag100021,X,21,https://epub3.kb.dk/hcadag/epub3/EPUB/hcadag10_036_21.xhtml,workbook
Pag100022,X,22,https://epub3.kb.dk/hcadag/epub3/EPUB/hcadag10_037_22.xhtml,workbook
Pag100023,X,23,https://epub3.kb.dk/hcadag/epub3/EPUB/hcadag10_038_23.xhtml,workbook
Pag100024,X,24,https://epub3.kb.dk/hcadag/epub3/EPUB/hcadag10_039_24.xhtml,workbook
Pag100025,X,25,https://epub3.kb.dk/hcadag/epub3/EPUB/hcadag10_040_25.xhtml,workbook
Pag100026,X,26,https://epub3.kb.dk/hcadag/epub3/EPUB/hcadag10_041_26.xhtml,workbook
Pag100027,X,27,https://epub3.kb.dk/hcadag/epub3/EPUB/hcadag10_042_27.xhtml,workbook
Pag100028,X,28,https://epub3.kb.dk/hcadag/epub3/EPUB/hcadag10_043_28.xhtml,workbook
Pag100029,X,29,https://epub3.kb.dk/hcadag/epub3/EPUB/hcadag10_044_29.xhtml,workbook
Pag100030,X,30,https://epub3.kb.dk/hcadag/epub3/EPUB/hcadag10_045_30.xhtml,workbook
Pag100031,X,31,https://epub3.kb.dk/hcadag/epub3/EPUB/hcadag10_046_31.xhtml,workbook
Pag100032,X,32,https://epub3.kb.dk/hcadag/epub3/EPUB/hcadag10_047_32.xhtml,workbook
Pag100033,X,33,https://epub3.kb.dk/hcadag/epub3/EPUB/hcadag10_048_33.xhtml,workbook
Pag100034,X,34,https://epub3.kb.dk/hcadag/epub3/EPUB/hcadag10_049_34.xhtml,workbook
Pag100035,X,35,https://epub3.kb.dk/hcadag/epub3/EPUB/hcadag10_050_35.xhtml,workbook
Pag100036,X,36,https://epub3.kb.dk/hcadag/epub3/EPUB/hcadag10_051_36.xhtml,workbook
Pag100037,X,37,https://epub3.kb.dk/hcadag/epub3/EPUB/hcadag10_052_37.xhtml,workbook
Pag100038,X,38,https://epub3.kb.dk/hcadag/epub3/EPUB/hcadag10_053_38.xhtml,workbook
Pag100039,X,39,https://epub3.kb.dk/hcadag/epub3/EPUB/hcadag10_054_39.xhtml,workbook
Pag100040,X,40,https://epub3.kb.dk/hcadag/epub3/EPUB/hcadag10_055_40.xhtml,workbook
Pag100041,X,41,https://epub3.kb.dk/hcadag/epub3/EPUB/hcadag10_056_41.xhtml,workbook
Pag100042,X,42,https://epub3.kb.dk/hcadag/epub3/EPUB/hcadag10_057_42.xhtml,workbook
Pag100043,X,43,https://epub3.kb.dk/hcadag/epub3/EPUB/hcadag10_058_43.xhtml,workbook
Pag100044,X,44,https://epub3.kb.dk/hcadag/epub3/EPUB/hcadag10_059_44.xhtml,workbook
Pag100045,X,45,https://epub3.kb.dk/hcadag/epub3/EPUB/hcadag10_060_45.xhtml,workbook
Pag100046,X,46,https://epub3.kb.dk/hcadag/epub3/EPUB/hcadag10_061_46.xhtml,workbook
Pag100047,X,47,https://epub3.kb.dk/hcadag/epub3/EPUB/hcadag10_062_47.xhtml,workbook
Pag100048,X,48,https://epub3.kb.dk/hcadag/epub3/EPUB/hcadag10_063_48.xhtml,workbook
Pag100049,X,49,https://epub3.kb.dk/hcadag/epub3/EPUB/hcadag10_064_49.xhtml,workbook
Pag100050,X,50,https://epub3.kb.dk/hcadag/epub3/EPUB/hcadag10_065_50.xhtml,workbook
Pag100051,X,51,https://epub3.kb.dk/hcadag/epub3/EPUB/hcadag10_066_51.xhtml,workbook
Pag100052,X,52,https://epub3.kb.dk/hcadag/epub3/EPUB/hcadag10_067_52.xhtml,workbook
Pag100053,X,53,https://epub3.kb.dk/hcadag/epub3/EPUB/hcadag10_068_53.xhtml,workbook
Pag100054,X,54,https://epub3.kb.dk/hcadag/epub3/EPUB/hcadag10_069_54.xhtml,workbook
Pag100055,X,55,https://epub3.kb.dk/hcadag/epub3/EPUB/hcadag10_070_55.xhtml,workbook
Pag100056,X,56,https://epub3.kb.dk/hcadag/epub3/EPUB/hcadag10_071_56.xhtml,workbook
Pag100057,X,57,https://epub3.kb.dk/hcadag/epub3/EPUB/hcadag10_072_57.xhtml,workbook
Pag100058,X,58,https://epub3.kb.dk/hcadag/epub3/EPUB/hcadag10_073_58.xhtml,workbook
Pag100059,X,59,https://epub3.kb.dk/hcadag/epub3/EPUB/hcadag10_074_59.xhtml,workbook
Pag100060,X,60,https://epub3.kb.dk/hcadag/epub3/EPUB/hcadag10_075_60.xhtml,workbook
Pag100061,X,61,https://epub3.kb.dk/hcadag/epub3/EPUB/hcadag10_076_61.xhtml,workbook
Pag100062,X,62,https://epub3.kb.dk/hcadag/epub3/EPUB/hcadag10_077_62.xhtml,workbook
Pag100063,X,63,https://epub3.kb.dk/hcadag/epub3/EPUB/hcadag10_078_63.xhtml,workbook
Pag100064,X,64,https://epub3.kb.dk/hcadag/epub3/EPUB/hcadag10_079_64.xhtml,workbook
Pag100065,X,65,https://epub3.kb.dk/hcadag/epub3/EPUB/hcadag10_080_65.xhtml,workbook
Pag100066,X,66,https://epub3.kb.dk/hcadag/epub3/EPUB/hcadag10_081_66.xhtml,workbook
Pag100067,X,67,https://epub3.kb.dk/hcadag/epub3/EPUB/hcadag10_082_67.xhtml,workbook
Pag100068,X,68,https://epub3.kb.dk/hcadag/epub3/EPUB/hcadag10_083_68.xhtml,workbook
Pag100069,X,69,https://epub3.kb.dk/hcadag/epub3/EPUB/hcadag10_084_69.xhtml,workbook
Pag100070,X,70,https://epub3.kb.dk/hcadag/epub3/EPUB/hcadag10_085_70.xhtml,workbook
Pag100071,X,71,https://epub3.kb.dk/hcadag/epub3/EPUB/hcadag10_086_71.xhtml,workbook
Pag100072,X,72,https://epub3.kb.dk/hcadag/epub3/EPUB/hcadag10_087_72.xhtml,workbook
Pag100073,X,73,https://epub3.kb.dk/hcadag/epub3/EPUB/hcadag10_088_73.xhtml,workbook
Pag100074,X,74,https://epub3.kb.dk/hcadag/epub3/EPUB/hcadag10_089_74.xhtml,workbook
Pag100075,X,75,https://epub3.kb.dk/hcadag/epub3/EPUB/hcadag10_090_75.xhtml,workbook
Pag100076,X,76,https://epub3.kb.dk/hcadag/epub3/EPUB/hcadag10_091_76.xhtml,workbook
Pag100077,X,77,https://epub3.kb.dk/hcadag/epub3/EPUB/hcadag10_092_77.xhtml,workbook
Pag100078,X,78,https://epub3.kb.dk/hcadag/epub3/EPUB/hcadag10_093_78.xhtml,workbook
Pag100079,X,79,https://epub3.kb.dk/hcadag/epub3/EPUB/hcadag10_094_79.xhtml,workbook
Pag100080,X,80,https://epub3.kb.dk/hcadag/epub3/EPUB/hcadag10_095_80.xhtml,workbook
Pag100081,X,81,https://epub3.kb.dk/hcadag/epub3/EPUB/hcadag10_096_81.xhtml,workbook
Pag100082,X,82,https://epub3.kb.dk/hcadag/epub3/EPUB/hcadag10_097_82.xhtml,workbook
Pag100083,X,83,https://epub3.kb.dk/hcadag/epub3/EPUB/hcadag10_098_83.xhtml,workbook
Pag100084,X,84,https://epub3.kb.dk/hcadag/epub3/EPUB/hcadag10_099_84.xhtml,workbook
Pag100085,X,85,https://epub3.kb.dk/hcadag/epub3/EPUB/hcadag10_100_85.xhtml,workbook
Pag100086,X,86,https://epub3.kb.dk/hcadag/epub3/EPUB/hcadag10_101_86.xhtml,workbook
Pag100087,X,87,https://epub3.kb.dk/hcadag/epub3/EPUB/hcadag10_102_87.xhtml,workbook
Pag100088,X,88,https://epub3.kb.dk/hcadag/epub3/EPUB/hcadag10_103_88.xhtml,workbook
Pag100089,X,89,https://epub3.kb.dk/hcadag/epub3/EPUB/hcadag10_104_89.xhtml,workbook
Pag100090,X,90,https://epub3.kb.dk/hcadag/epub3/EPUB/hcadag10_105_90.xhtml,workbook
Pag100091,X,91,https://epub3.kb.dk/hcadag/epub3/EPUB/hcadag10_106_91.xhtml,workbook
Pag100092,X,92,https://epub3.kb.dk/hcadag/epub3/EPUB/hcadag10_107_92.xhtml,workbook
Pag100093,X,93,https://epub3.kb.dk/hcadag/epub3/EPUB/hcadag10_108_93.xhtml,workbook
Pag100094,X,94,https://epub3.kb.dk/hcadag/epub3/EPUB/hcadag10_109_94.xhtml,workbook
Pag100095,X,95,https://epub3.kb.dk/hcadag/epub3/EPUB/hcadag10_110_95.xhtml,workbook
Pag100096,X,96,https://epub3.kb.dk/hcadag/epub3/EPUB/hcadag10_111_96.xhtml,workbook
Pag100097,X,97,https://epub3.kb.dk/hcadag/epub3/EPUB/hcadag10_112_97.xhtml,workbook
Pag100098,X,98,https://epub3.kb.dk/hcadag/epub3/EPUB/hcadag10_113_98.xhtml,workbook
Pag100099,X,99,https://epub3.kb.dk/hcadag/epub3/EPUB/hcadag10_114_99.xhtml,workbook
Pag100100,X,100,https://epub3.kb.dk/hcadag/epub3/EPUB/hcadag10_115_100.xhtml,workbook
Pag100101,X,101,https://epub3.kb.dk/hcadag/epub3/EPUB/hcadag10_116_101.xhtml,workbook
Pag100102,X,102,https://epub3.kb.dk/hcadag/epub3/EPUB/hcadag10_117_102.xhtml,workbook
Pag100103,X,103,https://epub3.kb.dk/hcadag/epub3/EPUB/hcadag10_118_103.xhtml,workbook
Pag100104,X,104,https://epub3.kb.dk/hcadag/epub3/EPUB/hcadag10_119_104.xhtml,workbook
Pag100105,X,105,https://epub3.kb.dk/hcadag/epub3/EPUB/hcadag10_120_105.xhtml,workbook
Pag100106,X,106,https://epub3.kb.dk/hcadag/epub3/EPUB/hcadag10_121_106.xhtml,workbook
Pag100107,X,107,https://epub3.kb.dk/hcadag/epub3/EPUB/hcadag10_122_107.xhtml,workbook
Pag100108,X,108,https://epub3.kb.dk/hcadag/epub3/EPUB/hcadag10_123_108.xhtml,workbook
Pag100109,X,109,https://epub3.kb.dk/hcadag/epub3/EPUB/hcadag10_124_109.xhtml,workbook
Pag100110,X,110,https://epub3.kb.dk/hcadag/epub3/EPUB/hcadag10_125_110.xhtml,workbook
Pag100111,X,111,https://epub3.kb.dk/hcadag/epub3/EPUB/hcadag10_126_111.xhtml,workbook
Pag100112,X,112,https://epub3.kb.dk/hcadag/epub3/EPUB/hcadag10_127_112.xhtml,workbook
Pag100113,X,113,https://epub3.kb.dk/hcadag/epub3/EPUB/hcadag10_128_113.xhtml,workbook
Pag100114,X,114,https://epub3.kb.dk/hcadag/epub3/EPUB/hcadag10_129_114.xhtml,workbook
Pag100115,X,115,https://epub3.kb.dk/hcadag/epub3/EPUB/hcadag10_130_115.xhtml,workbook
Pag100116,X,116,https://epub3.kb.dk/hcadag/epub3/EPUB/hcadag10_131_116.xhtml,workbook
Pag100117,X,117,https://epub3.kb.dk/hcadag/epub3/EPUB/hcadag10_132_117.xhtml,workbook
Pag100118,X,118,https://epub3.kb.dk/hcadag/epub3/EPUB/hcadag10_133_118.xhtml,workbook
Pag100119,X,119,https://epub3.kb.dk/hcadag/epub3/EPUB/hcadag10_134_119.xhtml,workbook
Pag100120,X,120,https://epub3.kb.dk/hcadag/epub3/EPUB/hcadag10_135_120.xhtml,workbook
Pag100121,X,121,https://epub3.kb.dk/hcadag/epub3/EPUB/hcadag10_136_121.xhtml,workbook
Pag100122,X,122,https://epub3.kb.dk/hcadag/epub3/EPUB/hcadag10_137_122.xhtml,workbook
Pag100123,X,123,https://epub3.kb.dk/hcadag/epub3/EPUB/hcadag10_138_123.xhtml,workbook
Pag100124,X,124,https://epub3.kb.dk/hcadag/epub3/EPUB/hcadag10_139_124.xhtml,workbook
Pag100125,X,125,https://epub3.kb.dk/hcadag/epub3/EPUB/hcadag10_140_125.xhtml,workbook
Pag100126,X,126,https://epub3.kb.dk/hcadag/epub3/EPUB/hcadag10_141_126.xhtml,workbook
Pag100127,X,127,https://epub3.kb.dk/hcadag/epub3/EPUB/hcadag10_142_127.xhtml,workbook
Pag100128,X,128,https://epub3.kb.dk/hcadag/epub3/EPUB/hcadag10_143_128.xhtml,workbook
Pag100129,X,129,https://epub3.kb.dk/hcadag/epub3/EPUB/hcadag10_144_129.xhtml,workbook
Pag100130,X,130,https://epub3.kb.dk/hcadag/epub3/EPUB/hcadag10_145_130.xhtml,workbook
Pag100131,X,131,https://epub3.kb.dk/hcadag/epub3/EPUB/hcadag10_146_131.xhtml,workbook
Pag100132,X,132,https://epub3.kb.dk/hcadag/epub3/EPUB/hcadag10_147_132.xhtml,workbook
Pag100133,X,133,https://epub3.kb.dk/hcadag/epub3/EPUB/hcadag10_148_133.xhtml,workbook
Pag100134,X,134,https://epub3.kb.dk/hcadag/epub3/EPUB/hcadag10_149_134.xhtml,workbook
Pag100135,X,135,https://epub3.kb.dk/hcadag/epub3/EPUB/hcadag10_150_135.xhtml,workbook
Pag100136,X,136,https://epub3.kb.dk/hcadag/epub3/EPUB/hcadag10_151_136.xhtml,workbook
Pag100137,X,137,https://epub3.kb.dk/hcadag/epub3/EPUB/hcadag10_152_137.xhtml,workbook
Pag100138,X,138,https://epub3.kb.dk/hcadag/epub3/EPUB/hcadag10_153_138.xhtml,workbook
Pag100139,X,139,https://epub3.kb.dk/hcadag/epub3/EPUB/hcadag10_154_139.xhtml,workbook
Pag100140,X,140,https://epub3.kb.dk/hcadag/epub3/EPUB/hcadag10_155_140.xhtml,workbook
Pag100141,X,141,https://epub3.kb.dk/hcadag/epub3/EPUB/hcadag10_156_141.xhtml,workbook
Pag100142,X,142,https://epub3.kb.dk/hcadag/epub3/EPUB/hcadag10_157_142.xhtml,workbook
Pag100143,X,143,https://epub3.kb.dk/hcadag/epub3/EPUB/hcadag10_158_143.xhtml,workbook
Pag100144,X,144,https://epub3.kb.dk/hcadag/epub3/EPUB/hcadag10_159_144.xhtml,workbook
Pag100145,X,145,https://epub3.kb.dk/hcadag/epub3/EPUB/hcadag10_160_145.xhtml,workbook
Pag100146,X,146,https://epub3.kb.dk/hcadag/epub3/EPUB/hcadag10_161_146.xhtml,workbook
Pag100147,X,147,https://epub3.kb.dk/hcadag/epub3/EPUB/hcadag10_162_147.xhtml,workbook
Pag100148,X,148,https://epub3.kb.dk/hcadag/epub3/EPUB/hcadag10_163_148.xhtml,workbook
Pag100149,X,149,https://epub3.kb.dk/hcadag/epub3/EPUB/hcadag10_164_149.xhtml,workbook
Pag100150,X,150,https://epub3.kb.dk/hcadag/epub3/EPUB/hcadag10_165_150.xhtml,workbook
Pag100151,X,151,https://epub3.kb.dk/hcadag/epub3/EPUB/hcadag10_166_151.xhtml,workbook
Pag100152,X,152,https://epub3.kb.dk/hcadag/epub3/EPUB/hcadag10_167_152.xhtml,workbook
Pag100153,X,153,https://epub3.kb.dk/hcadag/epub3/EPUB/hcadag10_168_153.xhtml,workbook
Pag100154,X,154,https://epub3.kb.dk/hcadag/epub3/EPUB/hcadag10_169_154.xhtml,workbook
Pag100155,X,155,https://epub3.kb.dk/hcadag/epub3/EPUB/hcadag10_170_155.xhtml,workbook
Pag100156,X,156,https://epub3.kb.dk/hcadag/epub3/EPUB/hcadag10_171_156.xhtml,workbook
Pag100157,X,157,https://epub3.kb.dk/hcadag/epub3/EPUB/hcadag10_172_157.xhtml,workbook
Pag100158,X,158,https://epub3.kb.dk/hcadag/epub3/EPUB/hcadag10_173_158.xhtml,workbook
Pag100159,X,159,https://epub3.kb.dk/hcadag/epub3/EPUB/hcadag10_174_159.xhtml,workbook
Pag100160,X,160,https://epub3.kb.dk/hcadag/epub3/EPUB/hcadag10_175_160.xhtml,workbook
Pag100161,X,161,https://epub3.kb.dk/hcadag/epub3/EPUB/hcadag10_176_161.xhtml,workbook
Pag100162,X,162,https://epub3.kb.dk/hcadag/epub3/EPUB/hcadag10_177_162.xhtml,workbook
Pag100163,X,163,https://epub3.kb.dk/hcadag/epub3/EPUB/hcadag10_178_163.xhtml,workbook
Pag100164,X,164,https://epub3.kb.dk/hcadag/epub3/EPUB/hcadag10_179_164.xhtml,workbook
Pag100165,X,165,https://epub3.kb.dk/hcadag/epub3/EPUB/hcadag10_180_165.xhtml,workbook
Pag100166,X,166,https://epub3.kb.dk/hcadag/epub3/EPUB/hcadag10_181_166.xhtml,workbook
Pag100167,X,167,https://epub3.kb.dk/hcadag/epub3/EPUB/hcadag10_182_167.xhtml,workbook
Pag100168,X,168,https://epub3.kb.dk/hcadag/epub3/EPUB/hcadag10_183_168.xhtml,workbook
Pag100169,X,169,https://epub3.kb.dk/hcadag/epub3/EPUB/hcadag10_184_169.xhtml,workbook
Pag100170,X,170,https://epub3.kb.dk/hcadag/epub3/EPUB/hcadag10_185_170.xhtml,workbook
Pag100171,X,171,https://epub3.kb.dk/hcadag/epub3/EPUB/hcadag10_186_171.xhtml,workbook
Pag100172,X,172,https://epub3.kb.dk/hcadag/epub3/EPUB/hcadag10_187_172.xhtml,workbook
Pag100173,X,173,https://epub3.kb.dk/hcadag/epub3/EPUB/hcadag10_188_173.xhtml,workbook
Pag100174,X,174,https://epub3.kb.dk/hcadag/epub3/EPUB/hcadag10_189_174.xhtml,workbook
Pag100175,X,175,https://epub3.kb.dk/hcadag/epub3/EPUB/hcadag10_190_175.xhtml,workbook
Pag100176,X,176,https://epub3.kb.dk/hcadag/epub3/EPUB/hcadag10_191_176.xhtml,workbook
Pag100177,X,177,https://epub3.kb.dk/hcadag/epub3/EPUB/hcadag10_192_177.xhtml,workbook
Pag100178,X,178,https://epub3.kb.dk/hcadag/epub3/EPUB/hcadag10_193_178.xhtml,workbook
Pag100179,X,179,https://epub3.kb.dk/hcadag/epub3/EPUB/hcadag10_194_179.xhtml,workbook
Pag100180,X,180,https://epub3.kb.dk/hcadag/epub3/EPUB/hcadag10_195_180.xhtml,workbook
Pag100181,X,181,https://epub3.kb.dk/hcadag/epub3/EPUB/hcadag10_196_181.xhtml,workbook
Pag100182,X,182,https://epub3.kb.dk/hcadag/epub3/EPUB/hcadag10_197_182.xhtml,workbook
Pag100183,X,183,https://epub3.kb.dk/hcadag/epub3/EPUB/hcadag10_198_183.xhtml,workbook
Pag100184,X,184,https://epub3.kb.dk/hcadag/epub3/EPUB/hcadag10_199_184.xhtml,workbook
Pag100185,X,185,https://epub3.kb.dk/hcadag/epub3/EPUB/hcadag10_200_185.xhtml,workbook
Pag100186,X,186,https://epub3.kb.dk/hcadag/epub3/EPUB/hcadag10_201_186.xhtml,workbook
Pag100187,X,187,https://epub3.kb.dk/hcadag/epub3/EPUB/hcadag10_202_187.xhtml,workbook
Pag100188,X,188,https://epub3.kb.dk/hcadag/epub3/EPUB/hcadag10_203_188.xhtml,workbook
Pag100189,X,189,https://epub3.kb.dk/hcadag/epub3/EPUB/hcadag10_204_189.xhtml,workbook
Pag100190,X,190,https://epub3.kb.dk/hcadag/epub3/EPUB/hcadag10_205_190.xhtml,workbook
Pag100191,X,191,https://epub3.kb.dk/hcadag/epub3/EPUB/hcadag10_206_191.xhtml,workbook
Pag100192,X,192,https://epub3.kb.dk/hcadag/epub3/EPUB/hcadag10_207_192.xhtml,workbook
Pag100193,X,193,https://epub3.kb.dk/hcadag/epub3/EPUB/hcadag10_208_193.xhtml,workbook
Pag100194,X,194,https://epub3.kb.dk/hcadag/epub3/EPUB/hcadag10_209_194.xhtml,workbook
Pag100195,X,195,https://epub3.kb.dk/hcadag/epub3/EPUB/hcadag10_210_195.xhtml,workbook
Pag100196,X,196,https://epub3.kb.dk/hcadag/epub3/EPUB/hcadag10_211_196.xhtml,workbook
Pag100197,X,197,https://epub3.kb.dk/hcadag/epub3/EPUB/hcadag10_212_197.xhtml,workbook
Pag100198,X,198,https://epub3.kb.dk/hcadag/epub3/EPUB/hcadag10_213_198.xhtml,workbook
Pag100199,X,199,https://epub3.kb.dk/hcadag/epub3/EPUB/hcadag10_214_199.xhtml,workbook
Pag100200,X,200,https://epub3.kb.dk/hcadag/epub3/EPUB/hcadag10_215_200.xhtml,workbook
Pag100201,X,201,https://epub3.kb.dk/hcadag/epub3/EPUB/hcadag10_216_201.xhtml,workbook
Pag100202,X,202,https://epub3.kb.dk/hcadag/epub3/EPUB/hcadag10_217_202.xhtml,workbook
Pag100203,X,203,https://epub3.kb.dk/hcadag/epub3/EPUB/hcadag10_218_203.xhtml,workbook
Pag100204,X,204,https://epub3.kb.dk/hcadag/epub3/EPUB/hcadag10_219_204.xhtml,workbook
Pag100205,X,205,https://epub3.kb.dk/hcadag/epub3/EPUB/hcadag10_220_205.xhtml,workbook
Pag100206,X,206,https://epub3.kb.dk/hcadag/epub3/EPUB/hcadag10_221_206.xhtml,workbook
Pag100207,X,207,https://epub3.kb.dk/hcadag/epub3/EPUB/hcadag10_222_207.xhtml,workbook
Pag100208,X,208,https://epub3.kb.dk/hcadag/epub3/EPUB/hcadag10_223_208.xhtml,workbook
Pag100209,X,209,https://epub3.kb.dk/hcadag/epub3/EPUB/hcadag10_224_209.xhtml,workbook
Pag100210,X,210,https://epub3.kb.dk/hcadag/epub3/EPUB/hcadag10_225_210.xhtml,workbook
Pag100211,X,211,https://epub3.kb.dk/hcadag/epub3/EPUB/hcadag10_226_211.xhtml,workbook
Pag100212,X,212,https://epub3.kb.dk/hcadag/epub3/EPUB/hcadag10_227_212.xhtml,workbook
Pag100213,X,213,https://epub3.kb.dk/hcadag/epub3/EPUB/hcadag10_228_213.xhtml,workbook
Pag100214,X,214,https://epub3.kb.dk/hcadag/epub3/EPUB/hcadag10_229_214.xhtml,workbook
Pag100215,X,215,https://epub3.kb.dk/hcadag/epub3/EPUB/hcadag10_230_215.xhtml,workbook
Pag100216,X,216,https://epub3.kb.dk/hcadag/epub3/EPUB/hcadag10_231_216.xhtml,workbook
Pag100217,X,217,https://epub3.kb.dk/hcadag/epub3/EPUB/hcadag10_232_217.xhtml,workbook
Pag100218,X,218,https://epub3.kb.dk/hcadag/epub3/EPUB/hcadag10_233_218.xhtml,workbook
Pag100219,X,219,https://epub3.kb.dk/hcadag/epub3/EPUB/hcadag10_234_219.xhtml,workbook
Pag100220,X,220,https://epub3.kb.dk/hcadag/epub3/EPUB/hcadag10_235_220.xhtml,workbook
Pag100221,X,221,https://epub3.kb.dk/hcadag/epub3/EPUB/hcadag10_236_221.xhtml,workbook
Pag100222,X,222,https://epub3.kb.dk/hcadag/epub3/EPUB/hcadag10_237_222.xhtml,workbook
Pag100223,X,223,https://epub3.kb.dk/hcadag/epub3/EPUB/hcadag10_238_223.xhtml,workbook
Pag100224,X,224,https://epub3.kb.dk/hcadag/epub3/EPUB/hcadag10_239_224.xhtml,workbook
Pag100225,X,225,https://epub3.kb.dk/hcadag/epub3/EPUB/hcadag10_240_225.xhtml,workbook
Pag100226,X,226,https://epub3.kb.dk/hcadag/epub3/EPUB/hcadag10_241_226.xhtml,workbook
Pag100227,X,227,https://epub3.kb.dk/hcadag/epub3/EPUB/hcadag10_242_227.xhtml,workbook
Pag100228,X,228,https://epub3.kb.dk/hcadag/epub3/EPUB/hcadag10_243_228.xhtml,workbook
Pag100229,X,229,https://epub3.kb.dk/hcadag/epub3/EPUB/hcadag10_244_229.xhtml,workbook
Pag100230,X,230,https://epub3.kb.dk/hcadag/epub3/EPUB/hcadag10_245_230.xhtml,workbook
Pag100231,X,231,https://epub3.kb.dk/hcadag/epub3/EPUB/hcadag10_246_231.xhtml,workbook
Pag100232,X,232,https://epub3.kb.dk/hcadag/epub3/EPUB/hcadag10_247_232.xhtml,workbook
Pag100233,X,233,https://epub3.kb.dk/hcadag/epub3/EPUB/hcadag10_248_233.xhtml,workbook
Pag100234,X,234,https://epub3.kb.dk/hcadag/epub3/EPUB/hcadag10_249_234.xhtml,workbook
Pag100235,X,235,https://epub3.kb.dk/hcadag/epub3/EPUB/hcadag10_250_235.xhtml,workbook
Pag100236,X,236,https://epub3.kb.dk/hcadag/epub3/EPUB/hcadag10_251_236.xhtml,workbook
Pag100237,X,237,https://epub3.kb.dk/hcadag/epub3/EPUB/hcadag10_252_237.xhtml,workbook
Pag100238,X,238,https://epub3.kb.dk/hcadag/epub3/EPUB/hcadag10_253_238.xhtml,workbook
Pag100239,X,239,https://epub3.kb.dk/hcadag/epub3/EPUB/hcadag10_254_239.xhtml,workbook
Pag100240,X,240,https://epub3.kb.dk/hcadag/epub3/EPUB/hcadag10_255_240.xhtml,workbook
Pag100241,X,241,https://epub3.kb.dk/hcadag/epub3/EPUB/hcadag10_256_241.xhtml,workbook
Pag100242,X,242,https://epub3.kb.dk/hcadag/epub3/EPUB/hcadag10_257_242.xhtml,workbook
Pag100243,X,243,https://epub3.kb.dk/hcadag/epub3/EPUB/hcadag10_258_243.xhtml,workbook
Pag100244,X,244,https://epub3.kb.dk/hcadag/epub3/EPUB/hcadag10_259_244.xhtml,workbook
Pag100245,X,245,https://epub3.kb.dk/hcadag/epub3/EPUB/hcadag10_260_245.xhtml,workbook
Pag100246,X,246,https://epub3.kb.dk/hcadag/epub3/EPUB/hcadag10_261_246.xhtml,workbook
Pag100247,X,247,https://epub3.kb.dk/hcadag/epub3/EPUB/hcadag10_262_247.xhtml,workbook
Pag100248,X,248,https://epub3.kb.dk/hcadag/epub3/EPUB/hcadag10_263_248.xhtml,workbook
Pag100249,X,249,https://epub3.kb.dk/hcadag/epub3/EPUB/hcadag10_264_249.xhtml,workbook
Pag100250,X,250,https://epub3.kb.dk/hcadag/epub3/EPUB/hcadag10_265_250.xhtml,workbook
Pag100251,X,251,https://epub3.kb.dk/hcadag/epub3/EPUB/hcadag10_266_251.xhtml,workbook
Pag100252,X,252,https://epub3.kb.dk/hcadag/epub3/EPUB/hcadag10_267_252.xhtml,workbook
Pag100253,X,253,https://epub3.kb.dk/hcadag/epub3/EPUB/hcadag10_268_253.xhtml,workbook
Pag100254,X,254,https://epub3.kb.dk/hcadag/epub3/EPUB/hcadag10_269_254.xhtml,workbook
Pag100255,X,255,https://epub3.kb.dk/hcadag/epub3/EPUB/hcadag10_270_255.xhtml,workbook
Pag100256,X,256,https://epub3.kb.dk/hcadag/epub3/EPUB/hcadag10_271_256.xhtml,workbook
Pag100257,X,257,https://epub3.kb.dk/hcadag/epub3/EPUB/hcadag10_272_257.xhtml,workbook
Pag100258,X,258,https://epub3.kb.dk/hcadag/epub3/EPUB/hcadag10_273_258.xhtml,workbook
Pag100259,X,259,https://epub3.kb.dk/hcadag/epub3/EPUB/hcadag10_274_259.xhtml,workbook
Pag100260,X,260,https://epub3.kb.dk/hcadag/epub3/EPUB/hcadag10_275_260.xhtml,workbook
Pag100261,X,261,https://epub3.kb.dk/hcadag/epub3/EPUB/hcadag10_276_261.xhtml,workbook
Pag100262,X,262,https://epub3.kb.dk/hcadag/epub3/EPUB/hcadag10_277_262.xhtml,workbook
Pag100263,X,263,https://epub3.kb.dk/hcadag/epub3/EPUB/hcadag10_278_263.xhtml,workbook
Pag100264,X,264,https://epub3.kb.dk/hcadag/epub3/EPUB/hcadag10_279_264.xhtml,workbook
Pag100265,X,265,https://epub3.kb.dk/hcadag/epub3/EPUB/hcadag10_280_265.xhtml,workbook
Pag100266,X,266,https://epub3.kb.dk/hcadag/epub3/EPUB/hcadag10_281_266.xhtml,workbook
Pag100267,X,267,https://epub3.kb.dk/hcadag/epub3/EPUB/hcadag10_282_267.xhtml,workbook
Pag100268,X,268,https://epub3.kb.dk/hcadag/epub3/EPUB/hcadag10_283_268.xhtml,workbook
Pag100269,X,269,https://epub3.kb.dk/hcadag/epub3/EPUB/hcadag10_284_269.xhtml,workbook
Pag100270,X,270,https://epub3.kb.dk/hcadag/epub3/EPUB/hcadag10_285_270.xhtml,workbook
Pag100271,X,271,https://epub3.kb.dk/hcadag/epub3/EPUB/hcadag10_286_271.xhtml,workbook
Pag100272,X,272,https://epub3.kb.dk/hcadag/epub3/EPUB/hcadag10_287_272.xhtml,workbook
Pag100273,X,273,https://epub3.kb.dk/hcadag/epub3/EPUB/hcadag10_288_273.xhtml,workbook
Pag100274,X,274,https://epub3.kb.dk/hcadag/epub3/EPUB/hcadag10_289_274.xhtml,workbook
Pag100275,X,275,https://epub3.kb.dk/hcadag/epub3/EPUB/hcadag10_290_275.xhtml,workbook
Pag100276,X,276,https://epub3.kb.dk/hcadag/epub3/EPUB/hcadag10_291_276.xhtml,workbook
Pag100277,X,277,https://epub3.kb.dk/hcadag/epub3/EPUB/hcadag10_292_277.xhtml,workbook
Pag100278,X,278,https://epub3.kb.dk/hcadag/epub3/EPUB/hcadag10_293_278.xhtml,workbook
Pag100279,X,279,https://epub3.kb.dk/hcadag/epub3/EPUB/hcadag10_294_279.xhtml,workbook
Pag100280,X,280,https://epub3.kb.dk/hcadag/epub3/EPUB/hcadag10_295_280.xhtml,workbook
Pag100281,X,281,https://epub3.kb.dk/hcadag/epub3/EPUB/hcadag10_296_281.xhtml,workbook
Pag100282,X,282,https://epub3.kb.dk/hcadag/epub3/EPUB/hcadag10_297_282.xhtml,workbook
Pag100283,X,283,https://epub3.kb.dk/hcadag/epub3/EPUB/hcadag10_298_283.xhtml,workbook
Pag100284,X,284,https://epub3.kb.dk/hcadag/epub3/EPUB/hcadag10_299_284.xhtml,workbook
Pag100285,X,285,https://epub3.kb.dk/hcadag/epub3/EPUB/hcadag10_300_285.xhtml,workbook
Pag100286,X,286,https://epub3.kb.dk/hcadag/epub3/EPUB/hcadag10_301_286.xhtml,workbook
Pag100287,X,287,https://epub3.kb.dk/hcadag/epub3/EPUB/hcadag10_302_287.xhtml,workbook
Pag100288,X,288,https://epub3.kb.dk/hcadag/epub3/EPUB/hcadag10_303_288.xhtml,workbook
Pag100289,X,289,https://epub3.kb.dk/hcadag/epub3/EPUB/hcadag10_304_289.xhtml,workbook
Pag100290,X,290,https://epub3.kb.dk/hcadag/epub3/EPUB/hcadag10_305_290.xhtml,workbook
Pag100291,X,291,https://epub3.kb.dk/hcadag/epub3/EPUB/hcadag10_306_291.xhtml,workbook
Pag100292,X,292,https://epub3.kb.dk/hcadag/epub3/EPUB/hcadag10_307_292.xhtml,workbook
Pag100293,X,293,https://epub3.kb.dk/hcadag/epub3/EPUB/hcadag10_308_293.xhtml,workbook
Pag100294,X,294,https://epub3.kb.dk/hcadag/epub3/EPUB/hcadag10_309_294.xhtml,workbook
Pag100295,X,295,https://epub3.kb.dk/hcadag/epub3/EPUB/hcadag10_310_295.xhtml,workbook
Pag100296,X,296,https://epub3.kb.dk/hcadag/epub3/EPUB/hcadag10_311_296.xhtml,workbook
Pag100297,X,297,https://epub3.kb.dk/hcadag/epub3/EPUB/hcadag10_312_297.xhtml,workbook
Pag100298,X,298,https://epub3.kb.dk/hcadag/epub3/EPUB/hcadag10_313_298.xhtml,workbook
Pag100299,X,299,https://epub3.kb.dk/hcadag/epub3/EPUB/hcadag10_314_299.xhtml,workbook
Pag100300,X,300,https://epub3.kb.dk/hcadag/epub3/EPUB/hcadag10_315_300.xhtml,workbook
Pag100301,X,301,https://epub3.kb.dk/hcadag/epub3/EPUB/hcadag10_316_301.xhtml,workbook
Pag100302,X,302,https://epub3.kb.dk/hcadag/epub3/EPUB/hcadag10_317_302.xhtml,workbook
Pag100303,X,303,https://epub3.kb.dk/hcadag/epub3/EPUB/hcadag10_318_303.xhtml,workbook
Pag100304,X,304,https://epub3.kb.dk/hcadag/epub3/EPUB/hcadag10_319_304.xhtml,workbook
Pag100305,X,305,https://epub3.kb.dk/hcadag/epub3/EPUB/hcadag10_320_305.xhtml,workbook
Pag100306,X,306,https://epub3.kb.dk/hcadag/epub3/EPUB/hcadag10_321_306.xhtml,workbook
Pag100307,X,307,https://epub3.kb.dk/hcadag/epub3/EPUB/hcadag10_322_307.xhtml,workbook
Pag100308,X,308,https://epub3.kb.dk/hcadag/epub3/EPUB/hcadag10_323_308.xhtml,workbook
Pag100309,X,309,https://epub3.kb.dk/hcadag/epub3/EPUB/hcadag10_324_309.xhtml,workbook
Pag100310,X,310,https://epub3.kb.dk/hcadag/epub3/EPUB/hcadag10_325_310.xhtml,workbook
Pag100311,X,311,https://epub3.kb.dk/hcadag/epub3/EPUB/hcadag10_326_311.xhtml,workbook
Pag100312,X,312,https://epub3.kb.dk/hcadag/epub3/EPUB/hcadag10_327_312.xhtml,workbook
Pag100313,X,313,https://epub3.kb.dk/hcadag/epub3/EPUB/hcadag10_328_313.xhtml,workbook
Pag100314,X,314,https://epub3.kb.dk/hcadag/epub3/EPUB/hcadag10_329_314.xhtml,workbook
Pag100315,X,315,https://epub3.kb.dk/hcadag/epub3/EPUB/hcadag10_330_315.xhtml,workbook
Pag100316,X,316,https://epub3.kb.dk/hcadag/epub3/EPUB/hcadag10_331_316.xhtml,workbook
Pag100317,X,317,https://epub3.kb.dk/hcadag/epub3/EPUB/hcadag10_332_317.xhtml,workbook
Pag100318,X,318,https://epub3.kb.dk/hcadag/epub3/EPUB/hcadag10_333_318.xhtml,workbook
Pag100319,X,319,https://epub3.kb.dk/hcadag/epub3/EPUB/hcadag10_334_319.xhtml,workbook
Pag100320,X,320,https://epub3.kb.dk/hcadag/epub3/EPUB/hcadag10_335_320.xhtml,workbook
Pag100321,X,321,https://epub3.kb.dk/hcadag/epub3/EPUB/hcadag10_336_321.xhtml,workbook
Pag100322,X,322,https://epub3.kb.dk/hcadag/epub3/EPUB/hcadag10_337_322.xhtml,workbook
Pag100323,X,323,https://epub3.kb.dk/hcadag/epub3/EPUB/hcadag10_338_323.xhtml,workbook
Pag100324,X,324,https://epub3.kb.dk/hcadag/epub3/EPUB/hcadag10_339_324.xhtml,workbook
Pag100325,X,325,https://epub3.kb.dk/hcadag/epub3/EPUB/hcadag10_340_325.xhtml,workbook
Pag100326,X,326,https://epub3.kb.dk/hcadag/epub3/EPUB/hcadag10_341_326.xhtml,workbook
Pag100327,X,327,https://epub3.kb.dk/hcadag/epub3/EPUB/hcadag10_342_327.xhtml,workbook
Pag100328,X,328,https://epub3.kb.dk/hcadag/epub3/EPUB/hcadag10_343_328.xhtml,workbook
Pag100329,X,329,https://epub3.kb.dk/hcadag/epub3/EPUB/hcadag10_344_329.xhtml,workbook
Pag100330,X,330,https://epub3.kb.dk/hcadag/epub3/EPUB/hcadag10_345_330.xhtml,workbook
Pag100331,X,331,https://epub3.kb.dk/hcadag/epub3/EPUB/hcadag10_346_331.xhtml,workbook
Pag100332,X,332,https://epub3.kb.dk/hcadag/epub3/EPUB/hcadag10_347_332.xhtml,workbook
Pag100333,X,333,https://epub3.kb.dk/hcadag/epub3/EPUB/hcadag10_348_333.xhtml,workbook
Pag100334,X,334,https://epub3.kb.dk/hcadag/epub3/EPUB/hcadag10_349_334.xhtml,workbook
Pag100335,X,335,https://epub3.kb.dk/hcadag/epub3/EPUB/hcadag10_350_335.xhtml,workbook
Pag100336,X,336,https://epub3.kb.dk/hcadag/epub3/EPUB/hcadag10_351_336.xhtml,workbook
Pag100337,X,337,https://epub3.kb.dk/hcadag/epub3/EPUB/hcadag10_352_337.xhtml,workbook
Pag100338,X,338,https://epub3.kb.dk/hcadag/epub3/EPUB/hcadag10_353_338.xhtml,workbook
Pag100339,X,339,https://epub3.kb.dk/hcadag/epub3/EPUB/hcadag10_354_339.xhtml,workbook
Pag100340,X,340,https://epub3.kb.dk/hcadag/epub3/EPUB/hcadag10_355_340.xhtml,workbook
Pag100341,X,341,https://epub3.kb.dk/hcadag/epub3/EPUB/hcadag10_356_341.xhtml,workbook
Pag100342,X,342,https://epub3.kb.dk/hcadag/epub3/EPUB/hcadag10_357_342.xhtml,workbook
Pag100343,X,343,https://epub3.kb.dk/hcadag/epub3/EPUB/hcadag10_358_343.xhtml,workbook
Pag100344,X,344,https://epub3.kb.dk/hcadag/epub3/EPUB/hcadag10_359_344.xhtml,workbook
Pag100345,X,345,https://epub3.kb.dk/hcadag/epub3/EPUB/hcadag10_360_345.xhtml,workbook
Pag100346,X,346,https://epub3.kb.dk/hcadag/epub3/EPUB/hcadag10_361_346.xhtml,workbook
Pag100347,X,347,https://epub3.kb.dk/hcadag/epub3/EPUB/hcadag10_362_347.xhtml,workbook
Pag100348,X,348,https://epub3.kb.dk/hcadag/epub3/EPUB/hcadag10_363_348.xhtml,workbook
Pag100349,X,349,https://epub3.kb.dk/hcadag/epub3/EPUB/hcadag10_364_349.xhtml,workbook
Pag100350,X,350,https://epub3.kb.dk/hcadag/epub3/EPUB/hcadag10_365_350.xhtml,workbook
Pag100351,X,351,https://epub3.kb.dk/hcadag/epub3/EPUB/hcadag10_366_351.xhtml,workbook
Pag100352,X,352,https://epub3.kb.dk/hcadag/epub3/EPUB/hcadag10_367_352.xhtml,workbook
Pag100353,X,353,https://epub3.kb.dk/hcadag/epub3/EPUB/hcadag10_368_353.xhtml,workbook
Pag100354,X,354,https://epub3.kb.dk/hcadag/epub3/EPUB/hcadag10_369_354.xhtml,workbook
Pag100355,X,355,https://epub3.kb.dk/hcadag/epub3/EPUB/hcadag10_370_355.xhtml,workbook
Pag100356,X,356,https://epub3.kb.dk/hcadag/epub3/EPUB/hcadag10_371_356.xhtml,workbook
Pag100357,X,357,https://epub3.kb.dk/hcadag/epub3/EPUB/hcadag10_372_357.xhtml,workbook
Pag100358,X,358,https://epub3.kb.dk/hcadag/epub3/EPUB/hcadag10_373_358.xhtml,workbook
Pag100359,X,359,https://epub3.kb.dk/hcadag/epub3/EPUB/hcadag10_374_359.xhtml,workbook
Pag100360,X,360,https://epub3.kb.dk/hcadag/epub3/EPUB/hcadag10_375_360.xhtml,workbook
Pag100361,X,361,https://epub3.kb.dk/hcadag/epub3/EPUB/hcadag10_376_361.xhtml,workbook
Pag100362,X,362,https://epub3.kb.dk/hcadag/epub3/EPUB/hcadag10_377_362.xhtml,workbook
Pag100363,X,363,https://epub3.kb.dk/hcadag/epub3/EPUB/hcadag10_378_363.xhtml,workbook
Pag100364,X,364,https://epub3.kb.dk/hcadag/epub3/EPUB/hcadag10_379_364.xhtml,workbook
Pag100365,X,365,https://epub3.kb.dk/hcadag/epub3/EPUB/hcadag10_380_365.xhtml,workbook
Pag100366,X,366,https://epub3.kb.dk/hcadag/epub3/EPUB/hcadag10_381_366.xhtml,workbook
Pag100367,X,367,https://epub3.kb.dk/hcadag/epub3/EPUB/hcadag10_382_367.xhtml,workbook
Pag100368,X,368,https://epub3.kb.dk/hcadag/epub3/EPUB/hcadag10_383_368.xhtml,workbook
Pag100369,X,369,https://epub3.kb.dk/hcadag/epub3/EPUB/hcadag10_384_369.xhtml,workbook
Pag100370,X,370,https://epub3.kb.dk/hcadag/epub3/EPUB/hcadag10_385_370.xhtml,workbook
Pag100371,X,371,https://epub3.kb.dk/hcadag/epub3/EPUB/hcadag10_386_371.xhtml,workbook
Pag100372,X,372,https://epub3.kb.dk/hcadag/epub3/EPUB/hcadag10_387_372.xhtml,workbook
Pag100373,X,373,https://epub3.kb.dk/hcadag/epub3/EPUB/hcadag10_388_373.xhtml,workbook
Pag100374,X,374,https://epub3.kb.dk/hcadag/epub3/EPUB/hcadag10_389_374.xhtml,workbook
Pag100375,X,375,https://epub3.kb.dk/hcadag/epub3/EPUB/hcadag10_390_375.xhtml,workbook
Pag100376,X,376,https://epub3.kb.dk/hcadag/epub3/EPUB/hcadag10_391_376.xhtml,workbook
Pag100377,X,377,https://epub3.kb.dk/hcadag/epub3/EPUB/hcadag10_392_377.xhtml,workbook
Pag100378,X,378,https://epub3.kb.dk/hcadag/epub3/EPUB/hcadag10_393_378.xhtml,workbook
Pag100379,X,379,https://epub3.kb.dk/hcadag/epub3/EPUB/hcadag10_394_379.xhtml,workbook
Pag100380,X,380,https://epub3.kb.dk/hcadag/epub3/EPUB/hcadag10_395_380.xhtml,workbook
Pag100381,X,381,https://epub3.kb.dk/hcadag/epub3/EPUB/hcadag10_396_381.xhtml,workbook
Pag100382,X,382,https://epub3.kb.dk/hcadag/epub3/EPUB/hcadag10_397_382.xhtml,workbook
Pag100383,X,383,https://epub3.kb.dk/hcadag/epub3/EPUB/hcadag10_398_383.xhtml,workbook
Pag100384,X,384,https://epub3.kb.dk/hcadag/epub3/EPUB/hcadag10_399_384.xhtml,workbook
Pag100385,X,385,https://epub3.kb.dk/hcadag/epub3/EPUB/hcadag10_400_385.xhtml,workbook
Pag100386,X,386,https://epub3.kb.dk/hcadag/epub3/EPUB/hcadag10_401_386.xhtml,workbook
Pag100387,X,387,https://epub3.kb.dk/hcadag/epub3/EPUB/hcadag10_402_387.xhtml,workbook
Pag100388,X,388,https://epub3.kb.dk/hcadag/epub3/EPUB/hcadag10_403_388.xhtml,workbook
Pag100389,X,389,https://epub3.kb.dk/hcadag/epub3/EPUB/hcadag10_404_389.xhtml,workbook
Pag100390,X,390,https://epub3.kb.dk/hcadag/epub3/EPUB/hcadag10_405_390.xhtml,workbook
Pag100391,X,391,https://epub3.kb.dk/hcadag/epub3/EPUB/hcadag10_406_391.xhtml,workbook
Pag100392,X,392,https://epub3.kb.dk/hcadag/epub3/EPUB/hcadag10_407_392.xhtml,workbook
Pag100393,X,393,https://epub3.kb.dk/hcadag/epub3/EPUB/hcadag10_408_393.xhtml,workbook
Pag100394,X,394,https://epub3.kb.dk/hcadag/epub3/EPUB/hcadag10_409_394.xhtml,workbook
Pag100395,X,395,https://epub3.kb.dk/hcadag/epub3/EPUB/hcadag10_410_395.xhtml,workbook
Pag100396,X,396,https://epub3.kb.dk/hcadag/epub3/EPUB/hcadag10_411_396.xhtml,workbook
Pag100397,X,397,https://epub3.kb.dk/hcadag/epub3/EPUB/hcadag10_412_397.xhtml,workbook
Pag100398,X,398,https://epub3.kb.dk/hcadag/epub3/EPUB/hcadag10_413_398.xhtml,workbook
Pag100399,X,399,https://epub3.kb.dk/hcadag/epub3/EPUB/hcadag10_414_399.xhtml,workbook
Pag100400,X,400,https://epub3.kb.dk/hcadag/epub3/EPUB/hcadag10_415_400.xhtml,workbook
Pag100401,X,401,https://epub3.kb.dk/hcadag/epub3/EPUB/hcadag10_416_401.xhtml,workbook
Pag100402,X,402,https://epub3.kb.dk/hcadag/epub3/EPUB/hcadag10_417_402.xhtml,workbook
Pag100403,X,403,https://epub3.kb.dk/hcadag/epub3/EPUB/hcadag10_418_403.xhtml,workbook
Pag100404,X,404,https://epub3.kb.dk/hcadag/epub3/EPUB/hcadag10_419_404.xhtml,workbook
Pag100405,X,405,https://epub3.kb.dk/hcadag/epub3/EPUB/hcadag10_420_405.xhtml,workbook
Pag100406,X,406,https://epub3.kb.dk/hcadag/epub3/EPUB/hcadag10_421_406.xhtml,workbook
Pag100407,X,407,https://epub3.kb.dk/hcadag/epub3/EPUB/hcadag10_422_407.xhtml,workbook
Pag100408,X,408,https://epub3.kb.dk/hcadag/epub3/EPUB/hcadag10_423_408.xhtml,workbook
Pag100409,X,409,https://epub3.kb.dk/hcadag/epub3/EPUB/hcadag10_424_409.xhtml,workbook
Pag100410,X,410,https://epub3.kb.dk/hcadag/epub3/EPUB/hcadag10_425_410.xhtml,workbook
Pag100411,X,411,https://epub3.kb.dk/hcadag/epub3/EPUB/hcadag10_426_411.xhtml,workbook
Pag100412,X,412,https://epub3.kb.dk/hcadag/epub3/EPUB/hcadag10_427_412.xhtml,workbook
Pag100413,X,413,https://epub3.kb.dk/hcadag/epub3/EPUB/hcadag10_428_413.xhtml,workbook
Pag100414,X,414,https://epub3.kb.dk/hcadag/epub3/EPUB/hcadag10_429_414.xhtml,workbook
Pag100415,X,415,https://epub3.kb.dk/hcadag/epub3/EPUB/hcadag10_430_415.xhtml,workbook
Pag100416,X,416,https://epub3.kb.dk/hcadag/epub3/EPUB/hcadag10_431_416.xhtml,workbook
Pag100417,X,417,https://epub3.kb.dk/hcadag/epub3/EPUB/hcadag10_432_417.xhtml,workbook
Pag100418,X,418,https://epub3.kb.dk/hcadag/epub3/EPUB/hcadag10_433_418.xhtml,workbook
Pag100419,X,419,https://epub3.kb.dk/hcadag/epub3/EPUB/hcadag10_434_419.xhtml,workbook
Pag100420,X,420,https://epub3.kb.dk/hcadag/epub3/EPUB/hcadag10_435_420.xhtml,workbook
Pag100421,X,421,https://epub3.kb.dk/hcadag/epub3/EPUB/hcadag10_436_421.xhtml,workbook
Pag100422,X,422,https://epub3.kb.dk/hcadag/epub3/EPUB/hcadag10_437_422.xhtml,workbook
Pag100423,X,423,https://epub3.kb.dk/hcadag/epub3/EPUB/hcadag10_438_423.xhtml,workbook
Pag100424,X,424,https://epub3.kb.dk/hcadag/epub3/EPUB/hcadag10_439_424.xhtml,workbook
Pag100425,X,425,https://epub3.kb.dk/hcadag/epub3/EPUB/hcadag10_440_425.xhtml,workbook
Pag100426,X,426,https://epub3.kb.dk/hcadag/epub3/EPUB/hcadag10_441_426.xhtml,workbook
Pag100427,X,427,https://epub3.kb.dk/hcadag/epub3/EPUB/hcadag10_442_427.xhtml,workbook
Pag100428,X,428,https://epub3.kb.dk/hcadag/epub3/EPUB/hcadag10_443_428.xhtml,workbook
Pag100429,X,429,https://epub3.kb.dk/hcadag/epub3/EPUB/hcadag10_444_429.xhtml,workbook
Pag100430,X,430,https://epub3.kb.dk/hcadag/epub3/EPUB/hcadag10_445_430.xhtml,workbook
Pag100431,X,431,https://epub3.kb.dk/hcadag/epub3/EPUB/hcadag10_446_431.xhtml,workbook
Pag100432,X,432,https://epub3.kb.dk/hcadag/epub3/EPUB/hcadag10_447_432.xhtml,workbook
Pag100433,X,433,https://epub3.kb.dk/hcadag/epub3/EPUB/hcadag10_448_433.xhtml,workbook
Pag100434,X,434,https://epub3.kb.dk/hcadag/epub3/EPUB/hcadag10_449_434.xhtml,workbook
Pag100435,X,435,https://epub3.kb.dk/hcadag/epub3/EPUB/hcadag10_450_435.xhtml,workbook
Pag100436,X,436,https://epub3.kb.dk/hcadag/epub3/EPUB/hcadag10_451_436.xhtml,workbook
Pag100437,X,437,https://epub3.kb.dk/hcadag/epub3/EPUB/hcadag10_452_437.xhtml,workbook
Pag100438,X,438,https://epub3.kb.dk/hcadag/epub3/EPUB/hcadag10_453_438.xhtml,workbook
Pag100439,X,439,https://epub3.kb.dk/hcadag/epub3/EPUB/hcadag10_454_439.xhtml,workbook
Pag100440,X,440,https://epub3.kb.dk/hcadag/epub3/EPUB/hcadag10_455_440.xhtml,workbook
Pag100441,X,441,https://epub3.kb.dk/hcadag/epub3/EPUB/hcadag10_456_441.xhtml,workbook
Pag100442,X,442,https://epub3.kb.dk/hcadag/epub3/EPUB/hcadag10_457_442.xhtml,workbook
Pag100443,X,443,https://epub3.kb.dk/hcadag/epub3/EPUB/hcadag10_458_443.xhtml,workbook
Pag100444,X,444,https://epub3.kb.dk/hcadag/epub3/EPUB/hcadag10_459_444.xhtml,workbook
Pag100445,X,445,https://epub3.kb.dk/hcadag/epub3/EPUB/hcadag10_460_445.xhtml,workbook
Pag100446,X,446,https://epub3.kb.dk/hcadag/epub3/EPUB/hcadag10_461_446.xhtml,workbook
Pag100447,X,447,https://epub3.kb.dk/hcadag/epub3/EPUB/hcadag10_462_447.xhtml,workbook
Pag100448,X,448,https://epub3.kb.dk/hcadag/epub3/EPUB/hcadag10_463_448.xhtml,workbook
Pag100449,X,449,https://epub3.kb.dk/hcadag/epub3/EPUB/hcadag10_464_449.xhtml,workbook
Pag100450,X,450,https://epub3.kb.dk/hcadag/epub3/EPUB/hcadag10_465_450.xhtml,workbook
Pag100451,X,451,https://epub3.kb.dk/hcadag/epub3/EPUB/hcadag10_466_451.xhtml,workbook
Pag100452,X,452,https://epub3.kb.dk/hcadag/epub3/EPUB/hcadag10_467_452.xhtml,workbook
Pag100453,X,453,https://epub3.kb.dk/hcadag/epub3/EPUB/hcadag10_468_453.xhtml,workbook
Pag100454,X,454,https://epub3.kb.dk/hcadag/epub3/EPUB/hcadag10_469_454.xhtml,workbook
Pag100455,X,455,https://epub3.kb.dk/hcadag/epub3/EPUB/hcadag10_470_455.xhtml,workbook
Pag100456,X,456,https://epub3.kb.dk/hcadag/epub3/EPUB/hcadag10_471_456.xhtml,workbook
Pag100457,X,457,https://epub3.kb.dk/hcadag/epub3/EPUB/hcadag10_472_457.xhtml,workbook
Pag100458,X,458,https://epub3.kb.dk/hcadag/epub3/EPUB/hcadag10_473_458.xhtml,workbook
Pag100459,X,459,https://epub3.kb.dk/hcadag/epub3/EPUB/hcadag10_474_459.xhtml,workbook
Pag100460,X,460,https://epub3.kb.dk/hcadag/epub3/EPUB/hcadag10_475_460.xhtml,workbook
Pag100461,X,461,https://epub3.kb.dk/hcadag/epub3/EPUB/hcadag10_476_461.xhtml,workbook
Pag100462,X,462,https://epub3.kb.dk/hcadag/epub3/EPUB/hcadag10_477_462.xhtml,workbook
Pag100463,X,463,https://epub3.kb.dk/hcadag/epub3/EPUB/hcadag10_478_463.xhtml,workbook
Pag100464,X,464,https://epub3.kb.dk/hcadag/epub3/EPUB/hcadag10_479_464.xhtml,workbook
Pag100465,X,465,https://epub3.kb.dk/hcadag/epub3/EPUB/hcadag10_480_465.xhtml,workbook
Pag100466,X,466,https://epub3.kb.dk/hcadag/epub3/EPUB/hcadag10_481_466.xhtml,workbook
Pag100467,X,467,https://epub3.kb.dk/hcadag/epub3/EPUB/hcadag10_482_467.xhtml,workbook
Pag100468,X,468,https://epub3.kb.dk/hcadag/epub3/EPUB/hcadag10_483_468.xhtml,workbook
Pag100469,X,469,https://epub3.kb.dk/hcadag/epub3/EPUB/hcadag10_484_469.xhtml,workbook
Pag100470,X,470,https://epub3.kb.dk/hcadag/epub3/EPUB/hcadag10_485_470.xhtml,workbook
Pag100471,X,471,https://epub3.kb.dk/hcadag/epub3/EPUB/hcadag10_486_471.xhtml,workbook
Pag100472,X,472,https://epub3.kb.dk/hcadag/epub3/EPUB/hcadag10_487_472.xhtml,workbook
Pag100473,X,473,https://epub3.kb.dk/hcadag/epub3/EPUB/hcadag10_488_473.xhtml,workbook
Pag100474,X,474,https://epub3.kb.dk/hcadag/epub3/EPUB/hcadag10_489_474.xhtml,workbook
Pag100475,X,475,https://epub3.kb.dk/hcadag/epub3/EPUB/hcadag10_490_475.xhtml,workbook
Pag100476,X,476,https://epub3.kb.dk/hcadag/epub3/EPUB/hcadag10_491_476.xhtml,workbook
Pag100477,X,477,https://epub3.kb.dk/hcadag/epub3/EPUB/hcadag10_492_477.xhtml,workbook
Pag100478,X,478,https://epub3.kb.dk/hcadag/epub3/EPUB/hcadag10_493_478.xhtml,workbook
Pag100479,X,479,https://epub3.kb.dk/hcadag/epub3/EPUB/hcadag10_494_479.xhtml,workbook
Pag100480,X,480,https://epub3.kb.dk/hcadag/epub3/EPUB/hcadag10_495_480.xhtml,workbook
Pag100481,X,481,https://epub3.kb.dk/hcadag/epub3/EPUB/hcadag10_496_481.xhtml,workbook
Pag100482,X,482,https://epub3.kb.dk/hcadag/epub3/EPUB/hcadag10_497_482.xhtml,workbook
