entity_id,roller,kilde_vaerk,kilde_beskrivelse_termer
Reg0030000,,,
Reg0030010,,,
Reg0030020,Akademiker/Lærd,,distriktslæge
Reg0030030,,,
Reg0030040,Akademiker/Lærd;Kunstner/Billedkunst,,landskabsmaler;professor
Reg0030050,,,
Reg0030060,,,
Reg0030070,Embedsmand/Jura/Politik,,kancellist
Reg0030080,Embedsmand/Jura/Politik;Militær,,auditør;amtmand
Reg0030090,Militær,,underløjtnant;løjtnant;kaptajn
Reg0030100,Akademiker/Lærd,,stadslæge;professor
Reg0030110,,,
Reg0030120,Akademiker/Lærd;Forfatter/Digter,,digter;læge;stiftsfysikus
Reg0030130,Handel/Erhverv,,apoteker
Reg0030140,Militær,,kaptajn;infanteriet
Reg0030150,Embedsmand/Jura/Politik,,justitsraad;konferensraad
Reg0030160,Handel/Erhverv,,hotelvært
Reg0030170,Akademiker/Lærd,,ingeniør
Reg0030180,Embedsmand/Jura/Politik,,konsul
Reg0030190,,,
Reg0030200,,,
Reg0030210,Handel/Erhverv,,gæstgiver
Reg0030220,,,
Reg0030230,,,
Reg0030240,,,
Reg0030250,Musiker/Scenekunst,,komponist
Reg0030260,,,
Reg0030270,,,
Reg0030280,Akademiker/Lærd;Embedsmand/Jura/Politik,,professor;etatsraad;konferensraad
Reg0030290,Handel/Erhverv;Musiker/Scenekunst,,skuespiller;direktør
Reg0030300,,,
Reg0030310,Handel/Erhverv,,grosserer
Reg0030320,Militær,,generalkrigskommissær;oberstløjtnant
Reg0030330,,,
Reg0030340,Embedsmand/Jura/Politik,,statsmand
Reg0030350,Musiker/Scenekunst,teater-musik.html,
Reg0030360,Musiker/Scenekunst,,operasanger
Reg0030370,Forfatter/Digter,,forfatter
Reg0030380,Kunstner/Billedkunst,,landskabsmaler
Reg0030390,,,
Reg0030400,,,
Reg0030410,Gejstlig,,hofpræst
Reg0030420,Kunstner/Billedkunst;Musiker/Scenekunst,billedkunst.html;teater-musik.html,operakomponist
Reg0030430,Kunstner/Billedkunst;Musiker/Scenekunst,billedkunst.html;teater-musik.html,historiemaler
Reg0030440,,,
Reg0030450,Forfatter/Digter;Gejstlig,,præst;digter
Reg0030460,Forfatter/Digter,,forfatter
Reg0030470,Akademiker/Lærd,,professor
Reg0030480,,,
Reg0030490,Embedsmand/Jura/Politik,,gesandt
Reg0030500,,,
Reg0030510,,,
Reg0030520,,,
Reg0030530,Handel/Erhverv,,købmand
Reg0030540,Embedsmand/Jura/Politik;Handel/Erhverv,,grosserer;bankier;folketingsmand;landstingsmand
Reg0030550,,,
Reg0030560,Akademiker/Lærd,,læge
Reg0030570,,,
Reg0030580,Adel/Kongelig/Hof;Embedsmand/Jura/Politik,,kabinetssekretær;prins;etatsraad;gehejmekonferensraad
Reg0030590,Forfatter/Digter,,digter
Reg0030600,Embedsmand/Jura/Politik;Handel/Erhverv,,grosserer;etatsraad
Reg0030610,,,
Reg0030620,Forfatter/Digter;Gejstlig,,præst;digter
Reg0030630,Musiker/Scenekunst,,solodanserinde
Reg0030640,,,
Reg0030650,Embedsmand/Jura/Politik;Handel/Erhverv;Militær,,løjtnant;vinhandler;toldforvalter
Reg0030660,,,
Reg0030670,Militær,,premierløjtnant;søetaten;kommandør
Reg0030680,,,
Reg0030690,Akademiker/Lærd,,læge
Reg0030700,,,
Reg0030710,Musiker/Scenekunst,,operakomponist
Reg0030720,,,
Reg0030730,Handel/Erhverv,,bankier
Reg0030740,,,
Reg0030750,,,
Reg0030760,,,
Reg0030770,,,
Reg0030780,,,
Reg0030790,,,
Reg0030800,Handel/Erhverv,,besidder
Reg0030810,Adel/Kongelig/Hof;Embedsmand/Jura/Politik;Handel/Erhverv,,legationssekretær;kammerjunker;kammerherre;besidder;stænderdeputeret
Reg0030820,Forfatter/Digter,,forfatterinde
Reg0030830,Adel/Kongelig/Hof;Gejstlig;Handel/Erhverv,,kammerherre;klosterprovst;besidder
Reg0030840,Akademiker/Lærd,,student
Reg0030850,,,
Reg0030860,,,
Reg0030870,Militær,,generalløjtnant
Reg0030880,,,
Reg0030890,,,
Reg0030900,Embedsmand/Jura/Politik,,postmester
Reg0030910,,,
Reg0030920,,,
Reg0030930,Adel/Kongelig/Hof,,gehejmekonferensraad
Reg0030940,,,
Reg0030950,Adel/Kongelig/Hof;Handel/Erhverv;Militær,,premierløjtnant;besidder;hofjægermester
Reg0030960,,,
Reg0030970,,,
Reg0030980,,,
Reg0030990,Adel/Kongelig/Hof;Militær,,premierløjtnant;livgarden;enkedronning;kammerherre
Reg0031000,,,
Reg0031010,,,
Reg0031020,Gejstlig,,sognepræst
Reg0031030,Embedsmand/Jura/Politik,,politiker
Reg0031040,Akademiker/Lærd,,rektor
Reg0031050,,,
Reg0031060,Akademiker/Lærd,,læge
Reg0031070,Forfatter/Digter,,romanforfatter
Reg0031080,,,
Reg0031090,,,
Reg0031100,Musiker/Scenekunst,,operakomponist
Reg0031110,Kunstner/Billedkunst,billedkunst.html,maler
Reg0031120,Adel/Kongelig/Hof,,greve
Reg0031130,Handel/Erhverv,,grosserer
Reg0031140,Embedsmand/Jura/Politik;Handel/Erhverv,,grosserer;etatsraad
Reg0031150,,,
Reg0031160,,,
Reg0031170,Akademiker/Lærd,,læge
Reg0031180,,,
Reg0031190,,,
Reg0031200,,,
Reg0031210,,,
Reg0031220,Musiker/Scenekunst,,skuespiller
Reg0031230,Musiker/Scenekunst,,operasanger
Reg0031240,Forfatter/Digter,,redaktør
Reg0031250,Kunstner/Billedkunst,,kunstsamler
Reg0031260,,,
Reg0031270,,,
Reg0031280,Adel/Kongelig/Hof,,konge
Reg0031290,Gejstlig,,pave
Reg0031300,Gejstlig,,pave
Reg0031310,,,
Reg0031320,Forfatter/Digter,,forfatter
Reg0031330,Forfatter/Digter,,digter
Reg0031340,,,
Reg0031350,Forfatter/Digter,,forfatter
Reg0031360,,,
Reg0031370,Embedsmand/Jura/Politik,,gesandt;udenrigsminister
Reg0031380,Musiker/Scenekunst,,operasanger
Reg0031390,Embedsmand/Jura/Politik;Militær,,politiker;feltherre
Reg0031400,Akademiker/Lærd;Forfatter/Digter,bibliotek.html,historiker;docent;professor
Reg0031410,Embedsmand/Jura/Politik,,konsul
Reg0031420,,,
Reg0031430,Forfatter/Digter,,digter
Reg0031440,Kunstner/Billedkunst,billedkunst.html,maler
Reg0031450,Embedsmand/Jura/Politik,,gesandtskab
Reg0031460,,,
Reg0031470,,,
Reg0031480,Musiker/Scenekunst,,skuespiller
Reg0031490,Forfatter/Digter,,digter
Reg0031500,Embedsmand/Jura/Politik,,justitsraad
Reg0031510,Embedsmand/Jura/Politik,,vicekonsul
Reg0031520,,,
Reg0031530,Forfatter/Digter,,journalist;redaktør
Reg0031540,Forfatter/Digter,,forfatter
Reg0031550,Kunstner/Billedkunst,,arkitekt
Reg0031560,,,
Reg0031570,Kunstner/Billedkunst,,landskabsmaler
Reg0031580,Handel/Erhverv,,boghandler
Reg0031590,Musiker/Scenekunst,,operasanger
Reg0031600,Akademiker/Lærd,,botaniker
Reg0031610,,,
Reg0031620,,,
Reg0031630,Forfatter/Digter,,oversætter
Reg0031640,Handel/Erhverv,,besidder
Reg0031650,,,
Reg0031660,Adel/Kongelig/Hof;Embedsmand/Jura/Politik,,legationssekretær;kammerherre
Reg0031670,,,
Reg0031680,Forfatter/Digter,,skuespilforfatter
Reg0031690,Akademiker/Lærd,,litteraturhistoriker;professor
Reg0031700,,,
Reg0031710,Musiker/Scenekunst,,skuespillerinde
Reg0031720,Forfatter/Digter,,forfatter
Reg0031730,Forfatter/Digter,,forfatterinde
Reg0031740,,,
Reg0031750,,,
Reg0031760,,,
Reg0031770,,,
Reg0031780,,,
Reg0031790,,,
Reg0031800,,,
Reg0031810,Musiker/Scenekunst,,skuespillerinde
Reg0031820,Musiker/Scenekunst,,operasangerinde
Reg0031830,,,
Reg0031840,,,
Reg0031850,Musiker/Scenekunst,,skuespillerinde;kapelmusikus
Reg0031860,Embedsmand/Jura/Politik;Forfatter/Digter,,forfatter;inspektør;inspektør
Reg0031870,,,
Reg0031880,,,
Reg0031890,,,
Reg0031900,Akademiker/Lærd,,adjunkt
Reg0031910,Forfatter/Digter,,forfatterinde
Reg0031920,,,
Reg0031930,,,
Reg0031940,Handel/Erhverv,,grosserer
Reg0031950,,,
Reg0031960,Forfatter/Digter;Kunstner/Billedkunst;Musiker/Scenekunst,bibliotek.html;billedkunst.html;teater-musik.html,fotograf
Reg0031970,Musiker/Scenekunst,,skuespillerinde
Reg0031980,Musiker/Scenekunst,,kapelmusikus;dirigent;komponist
Reg0031990,Embedsmand/Jura/Politik;Handel/Erhverv,,apoteker;kancelliraad;justitsraad
Reg0032000,,,
Reg0032010,,,
Reg0032020,,,
Reg0032030,,,
Reg0032040,Gejstlig,,præst;sognepræst;provst
Reg0032050,Embedsmand/Jura/Politik;Handel/Erhverv,,bankier;generalkonsul
Reg0032060,,,
Reg0032070,Handel/Erhverv;Musiker/Scenekunst,,skuespiller;direktør
Reg0032080,,,
Reg0032090,Akademiker/Lærd,,student
Reg0032100,Akademiker/Lærd,,professor
Reg0032110,,,
Reg0032120,,,
Reg0032130,Kunstner/Billedkunst;Musiker/Scenekunst,,skuespillerinde;litograf
Reg0032140,,,
Reg0032150,Akademiker/Lærd,,adjunkt
Reg0032160,Akademiker/Lærd;Forfatter/Digter;Gejstlig,,overlærer;kateket;sognepræst;forfatter
Reg0032170,,,
Reg0032180,Gejstlig,,sognepræst
Reg0032190,Embedsmand/Jura/Politik,,politiker
Reg0032200,Akademiker/Lærd;Embedsmand/Jura/Politik;Forfatter/Digter,,student;fuldmægtig;amtsforvalter;forfatter
Reg0032210,,,
Reg0032220,,,
Reg0032230,Kunstner/Billedkunst,,billedhugger
Reg0032240,Forfatter/Digter;Handel/Erhverv;Musiker/Scenekunst,teater-musik.html,indehaver;skuespiller;skuespilforfatter;oversætter
Reg0032250,,,
Reg0032260,,,
Reg0032270,,,
Reg0032280,Adel/Kongelig/Hof,,hertug
Reg0032290,,,
Reg0032300,Adel/Kongelig/Hof,,hertug
Reg0032310,,,
Reg0032320,,,
Reg0032330,Akademiker/Lærd;Handel/Erhverv,,student;grosserer
Reg0032340,,,
Reg0032350,,,
Reg0032360,Handel/Erhverv,,gæstgiver
Reg0032370,,,
Reg0032380,Militær,,sekondløjtnant;søetaten;premierløjtnant
Reg0032390,,,
Reg0032400,,,
Reg0032410,Adel/Kongelig/Hof;Militær,,premierløjtnant;oberstløjtnant;kammerherre
Reg0032420,Akademiker/Lærd,,lærerinde
Reg0032430,,,
Reg0032440,,,
Reg0032450,Militær,,sekondløjtnant;artilleriet;premierløjtnant
Reg0032460,Adel/Kongelig/Hof,,dronning;prinsesse
Reg0032470,Adel/Kongelig/Hof;Embedsmand/Jura/Politik,,kammerherre;legationsraad;hofmarskal
Reg0032480,,,
Reg0032490,,,
Reg0032500,,,
Reg0032510,,,
Reg0032520,,,
Reg0032530,Musiker/Scenekunst,,skuespillerinde
Reg0032540,Musiker/Scenekunst,,skuespiller
Reg0032550,,,
Reg0032560,,,
Reg0032570,,,
Reg0032580,,,
Reg0032590,,,
Reg0032600,Forfatter/Digter,,digter
Reg0032610,,,
Reg0032620,Kunstner/Billedkunst,billedkunst.html,
Reg0032630,Embedsmand/Jura/Politik,,politiker
Reg0032640,,,
Reg0032650,,,
Reg0032660,Embedsmand/Jura/Politik;Militær,,premierløjtnant;kaptajn;oberstløjtnant;generalmajor;guvernør
Reg0032670,Akademiker/Lærd,,læge
Reg0032680,Forfatter/Digter,,redaktør
Reg0032690,Akademiker/Lærd;Musiker/Scenekunst,,lærer;organist
Reg0032700,Akademiker/Lærd;Musiker/Scenekunst,,lærer;organist
Reg0032710,Gejstlig,,sognepræst
Reg0032720,,,
Reg0032730,,,
Reg0032740,,,
Reg0032750,Akademiker/Lærd;Forfatter/Digter,,adjunkt;digter;litteraturhistoriker
Reg0032760,Akademiker/Lærd;Gejstlig,,pave;læge
Reg0032770,Handel/Erhverv,,grosserer;bankier
Reg0032780,,,
Reg0032790,Embedsmand/Jura/Politik,,politiker
Reg0032800,Embedsmand/Jura/Politik,,gesandt
Reg0032810,Forfatter/Digter,bibliotek.html,digter
Reg0032820,Musiker/Scenekunst,,skuespiller
Reg0032830,Musiker/Scenekunst,,skuespillerinde
Reg0032840,Embedsmand/Jura/Politik,,konsul
Reg0032850,Musiker/Scenekunst,,skuespiller
Reg0032860,,,
Reg0032870,Forfatter/Digter,,digter
Reg0032880,Embedsmand/Jura/Politik;Handel/Erhverv,,grosserer;konsul
Reg0032890,,,
Reg0032900,,,
Reg0032910,Akademiker/Lærd;Embedsmand/Jura/Politik;Forfatter/Digter;Musiker/Scenekunst,teater-musik.html,skuespilforfatter;student;fuldmægtig;kontorchef
Reg0032920,Forfatter/Digter,,forfatterinde;oversætter
Reg0032930,,,
Reg0032940,Forfatter/Digter,,forfatterinde
Reg0032950,Forfatter/Digter,,forfatterinde
Reg0032960,,,
Reg0032970,Forfatter/Digter,,digter
Reg0032980,Handel/Erhverv,,forpagter
Reg0032990,Musiker/Scenekunst,,operasanger
Reg0033000,,,
Reg0033010,,,
Reg0033020,Musiker/Scenekunst,,komponist
Reg0033030,,,
Reg0033040,,,
Reg0033050,Musiker/Scenekunst,,operasangerinde
Reg0033060,Forfatter/Digter,,forfatter
Reg0033070,Akademiker/Lærd,,professor
Reg0033080,,,
Reg0033090,,,
Reg0033100,Akademiker/Lærd,,professor
Reg0033110,Akademiker/Lærd;Gejstlig,,adjunkt;sognepræst
Reg0033120,,,
Reg0033130,,,
Reg0033140,,,
Reg0033150,,,
Reg0033160,Forfatter/Digter;Musiker/Scenekunst,teater-musik.html,digter
Reg0033170,Adel/Kongelig/Hof,,konge
Reg0033180,Musiker/Scenekunst,teater-musik.html,operakomponist
Reg0033190,,,
Reg0033200,Akademiker/Lærd,,professor
Reg0033210,Embedsmand/Jura/Politik,,overretsprokurator;kancelliraad
Reg0033220,Forfatter/Digter,bibliotek.html,forfatter
Reg0033230,,,
Reg0033240,,,
Reg0033250,,,
Reg0033260,,,
Reg0033270,,,
Reg0033280,,,
Reg0033290,Handel/Erhverv;Militær,,oberstløjtnant;indehaver
Reg0033300,,,
Reg0033310,,,
Reg0033320,,,
Reg0033330,,,
Reg0033340,,,
Reg0033350,Adel/Kongelig/Hof,,prins
Reg0033360,Militær,,general
Reg0033370,,,
Reg0033380,,,
Reg0033390,Adel/Kongelig/Hof,,hertug
Reg0033400,Adel/Kongelig/Hof,,hertug
Reg0033410,Adel/Kongelig/Hof,,hertug
Reg0033420,,,
Reg0033430,,,
Reg0033440,,,
Reg0033450,,,
Reg0033460,,,
Reg0033470,Militær,,general
Reg0033480,Adel/Kongelig/Hof,,kejser
Reg0033490,Kunstner/Billedkunst,,portrætmaler
Reg0033500,,,
Reg0033510,Forfatter/Digter,,oversætterinde
Reg0033520,Handel/Erhverv,,bankier
Reg0033530,,,
Reg0033540,,,
Reg0033550,Kunstner/Billedkunst,,maler
Reg0033560,Handel/Erhverv,,indehaver
Reg0033570,Handel/Erhverv;Musiker/Scenekunst,,apoteker;organist
Reg0033580,Handel/Erhverv,,grosserer
Reg0033590,Musiker/Scenekunst,,komponist
Reg0033600,,,
Reg0033610,Akademiker/Lærd,,student
Reg0033620,,,
Reg0033630,Embedsmand/Jura/Politik,,godsforvalter
Reg0033640,Akademiker/Lærd,,student;rektor;professor
Reg0033650,Embedsmand/Jura/Politik;Forfatter/Digter;Militær,,forfatterinde;generalkonsul;oberst
Reg0033660,Kunstner/Billedkunst,billedkunst.html,marinemaler
Reg0033670,Militær,,søofficer
Reg0033680,Adel/Kongelig/Hof,,storhertug
Reg0033690,Adel/Kongelig/Hof,,storhertug
Reg0033700,Adel/Kongelig/Hof,,storhertug
Reg0033710,,,
Reg0033720,,,
Reg0033730,Musiker/Scenekunst,,operasanger
Reg0033740,Musiker/Scenekunst,,operasanger
Reg0033750,,,
Reg0033760,Handel/Erhverv,,forlagsboghandler
Reg0033770,Handel/Erhverv,,gartner
Reg0033780,Akademiker/Lærd;Forfatter/Digter,,student;forfatter;redaktør
Reg0033790,Gejstlig,,kapellan;sognepræst
Reg0033800,Forfatter/Digter,,redaktør
Reg0033810,,,
Reg0033820,,,
Reg0033830,Militær,,generalmajor;kommandant
Reg0033840,,,
Reg0033850,Gejstlig,,sognepræst
Reg0033860,,,
Reg0033870,Forfatter/Digter,bibliotek.html,digter
Reg0033880,,,
Reg0033890,Militær,,kaptajn
Reg0033900,Forfatter/Digter,bibliotek.html,
Reg0033910,Militær,,generalløjtnant
Reg0033920,Gejstlig,,konventualinde
Reg0033930,,,
Reg0033940,Gejstlig,,præst;sognepræst
Reg0033950,,,
Reg0033960,Akademiker/Lærd,,huslærer
Reg0033970,Embedsmand/Jura/Politik,,vicekonsul
Reg0033980,Adel/Kongelig/Hof,,sultan
Reg0033990,,,
Reg0034000,,,
Reg0034010,,,
Reg0034020,,,
Reg0034030,Embedsmand/Jura/Politik,,gesandt
Reg0034040,Kunstner/Billedkunst,,maler
Reg0034050,,,
Reg0034060,Musiker/Scenekunst,teater-musik.html,komponist
Reg0034070,Gejstlig,,sognepræst
Reg0034080,,,
Reg0034090,Gejstlig,,biskop
Reg0034100,,,
Reg0034110,Adel/Kongelig/Hof;Militær,,oberst;kammerherre
Reg0034120,Handel/Erhverv,,grosserer
Reg0034130,Militær,,officer
Reg0034140,,,
Reg0034150,,,
Reg0034160,,,
Reg0034170,,,
Reg0034180,Akademiker/Lærd,,læge;distriktslæge;professor
Reg0034190,,,
Reg0034200,,,
Reg0034210,Akademiker/Lærd;Kunstner/Billedkunst,,maler;professor
Reg0034220,Forfatter/Digter,,digter
Reg0034230,Embedsmand/Jura/Politik;Forfatter/Digter,,jurist;digter
Reg0034240,,,
Reg0034250,,,
Reg0034260,,,
Reg0034270,,,
Reg0034280,Embedsmand/Jura/Politik,,kontorchef;justitsraad
Reg0034290,Handel/Erhverv,,boghandler
Reg0034300,,,
Reg0034310,,,
Reg0034320,Embedsmand/Jura/Politik;Handel/Erhverv,,kontorchef;ejer
Reg0034330,,,
Reg0034340,,,
Reg0034350,Embedsmand/Jura/Politik;Kunstner/Billedkunst,,kunstsamler;justitsraad;etatsraad
Reg0034360,Gejstlig,,sognepræst
Reg0034370,Embedsmand/Jura/Politik,,fuldmægtig
Reg0034380,Embedsmand/Jura/Politik,,vicekonsul
Reg0034390,Akademiker/Lærd,,overlærer;professor
Reg0034400,,,
Reg0034410,,,
Reg0034420,,,
Reg0034430,Adel/Kongelig/Hof;Akademiker/Lærd;Embedsmand/Jura/Politik;Forfatter/Digter,,professor;forfatter;konferensraad;gehejmekonferensraad
Reg0034440,,,
Reg0034450,Forfatter/Digter,,forfatter
Reg0034460,Embedsmand/Jura/Politik,,postmester
Reg0034470,,,
Reg0034480,Kunstner/Billedkunst,,tegner
Reg0034490,Embedsmand/Jura/Politik,,legationssekretær
Reg0034500,Militær,,admiral
Reg0034510,,,
Reg0034520,Forfatter/Digter,,digter
Reg0034530,,,
Reg0034540,Militær,,ritmester;oberstløjtnant
Reg0034550,,,
Reg0034560,,,
Reg0034570,,,
Reg0034580,Adel/Kongelig/Hof,,hofmarskal;kammerherre
Reg0034590,Akademiker/Lærd;Militær,,underløjtnant;dragonregiment;student
Reg0034600,,,
Reg0034610,,,
Reg0034620,Adel/Kongelig/Hof;Embedsmand/Jura/Politik,,minister;gehejmekonferensraad
Reg0034630,Militær,,sekondløjtnant;infanteriet;premierløjtnant;kaptajn
Reg0034640,,,
Reg0034650,Akademiker/Lærd,,adjunkt
Reg0034660,Militær,,premierløjtnant;søetaten;kaptajn;kommandør
Reg0034670,Adel/Kongelig/Hof;Militær,,ritmester;adjudant;kammerjunker;kammerherre
Reg0034680,Adel/Kongelig/Hof,,kammerjunker;kammerherre
Reg0034690,Adel/Kongelig/Hof;Embedsmand/Jura/Politik,,kammerjunker;stiftamtmand;kammerherre
Reg0034700,Adel/Kongelig/Hof,,hofjægermester
Reg0034710,,,
Reg0034720,,,
Reg0034730,Adel/Kongelig/Hof;Embedsmand/Jura/Politik,,stiftamtmand;indenrigsminister;amtmand;kammerherre
Reg0034740,,,
Reg0034750,,,
Reg0034760,Akademiker/Lærd,,student;historiker
Reg0034770,Gejstlig,,kapellan;sognepræst
Reg0034780,,,
Reg0034790,,,
Reg0034800,,,
Reg0034810,Gejstlig,,præst
Reg0034820,Embedsmand/Jura/Politik;Handel/Erhverv,,konsul;godsejer
Reg0034830,Akademiker/Lærd;Musiker/Scenekunst,,komponist;professor
Reg0034840,,,
Reg0034850,Adel/Kongelig/Hof;Handel/Erhverv,,hofjægermester;ejer
Reg0034860,Militær,,sekondløjtnant;oberstløjtnant
Reg0034870,Kunstner/Billedkunst,,maler
Reg0034880,,,
Reg0034890,,,
Reg0034900,Militær,,sekondløjtnant;premierløjtnant;ritmester;oberstløjtnant
Reg0034910,,,
Reg0034920,,,
Reg0034930,,,
Reg0034940,,,
Reg0034950,Militær,,premierløjtnant;artilleriet;kaptajn
Reg0034960,Gejstlig,,sognepræst
Reg0034970,Adel/Kongelig/Hof,,hofdame
Reg0034980,,,
Reg0034990,Kunstner/Billedkunst,billedkunst.html,billedhugger
Reg0035000,Kunstner/Billedkunst,billedkunst.html,maler
Reg0035010,Kunstner/Billedkunst,,maler
Reg0035020,Kunstner/Billedkunst,,maler
Reg0035030,Kunstner/Billedkunst,,maler
Reg0035040,,,
Reg0035050,Kunstner/Billedkunst,billedkunst.html,maler
Reg0035060,Militær,,kaptajn;infanteriet;oberstløjtnant;generalmajor
Reg0035070,,,
Reg0035080,,,
Reg0035090,Forfatter/Digter,,oversætter
Reg0035100,Handel/Erhverv;Militær,,ritmester;godsejer
Reg0035110,,,
Reg0035120,Akademiker/Lærd;Forfatter/Digter,,student;forfatter;redaktør
Reg0035130,Adel/Kongelig/Hof;Embedsmand/Jura/Politik,,departementschef;kammerherre
Reg0035140,,,
Reg0035150,Forfatter/Digter,,forfatter
Reg0035160,Handel/Erhverv,,bankier
Reg0035170,Forfatter/Digter,,skuespilforfatter
Reg0035180,,,
Reg0035190,,,
Reg0035200,Musiker/Scenekunst,,skuespillerinde
Reg0035210,Embedsmand/Jura/Politik,,borgmester;konferensraad
Reg0035220,Handel/Erhverv,,hotelejer
Reg0035230,Akademiker/Lærd;Gejstlig,,huslærer;sognepræst
Reg0035240,,,
Reg0035250,Musiker/Scenekunst,teater-musik.html,komponist
Reg0035260,Forfatter/Digter;Musiker/Scenekunst,teater-musik.html,skuespilforfatter
Reg0035270,,,
Reg0035280,Embedsmand/Jura/Politik,,fuldmægtig
Reg0035290,Musiker/Scenekunst,,skuespiller
Reg0035300,Militær;Musiker/Scenekunst,,skuespillerinde;oberstløjtnant
Reg0035310,,,
Reg0035320,,,
Reg0035330,,,
Reg0035340,Adel/Kongelig/Hof,,konge
Reg0035350,Adel/Kongelig/Hof,,konge
Reg0035360,,,
Reg0035370,Adel/Kongelig/Hof,,konge
Reg0035380,Adel/Kongelig/Hof,,konge
Reg0035390,Adel/Kongelig/Hof,,konge
Reg0035400,,,
Reg0035410,Adel/Kongelig/Hof,,prins
Reg0035420,,,
Reg0035430,,,
Reg0035440,,,
Reg0035450,Embedsmand/Jura/Politik,,ministerresident
Reg0035460,Adel/Kongelig/Hof,,kammerherre
Reg0035470,,,
Reg0035480,Adel/Kongelig/Hof;Embedsmand/Jura/Politik,,hofmarskal;gesandt
Reg0035490,Adel/Kongelig/Hof;Militær,,løjtnant;oberst;kammerherre
Reg0035500,Forfatter/Digter,,digter
Reg0035510,Adel/Kongelig/Hof,,kammerherre
Reg0035520,Adel/Kongelig/Hof,,friherre
Reg0035530,,,
Reg0035540,,,
Reg0035550,,,
Reg0035560,Militær,,oberst
Reg0035570,,,
Reg0035580,Embedsmand/Jura/Politik,,gehejmeraad
Reg0035590,Akademiker/Lærd,,arkæolog;historiker
Reg0035600,,,
Reg0035610,,,
Reg0035620,Kunstner/Billedkunst,,fotograf
Reg0035630,Handel/Erhverv,,bogholder
Reg0035640,Handel/Erhverv,,købmand
Reg0035650,,,
Reg0035660,,,
Reg0035670,,,
Reg0035680,Adel/Kongelig/Hof;Akademiker/Lærd,,lærerinde;dronning
Reg0035690,Akademiker/Lærd,,student
Reg0035700,,,
Reg0035710,Embedsmand/Jura/Politik;Militær,,sekondløjtnant;herredsfoged
Reg0035720,Forfatter/Digter,,digter
Reg0035730,,,
Reg0035740,Musiker/Scenekunst,,balletmester
Reg0035750,Handel/Erhverv,,bogholder
Reg0035760,Adel/Kongelig/Hof;Handel/Erhverv,,kammerherre;besidder
Reg0035770,Adel/Kongelig/Hof;Embedsmand/Jura/Politik;Handel/Erhverv,,greve;legationssekretær;greve;godsejer;politiker
Reg0035780,Embedsmand/Jura/Politik,,gesandt
Reg0035790,,,
Reg0035800,Musiker/Scenekunst,,skuespillerinde
Reg0035810,Kunstner/Billedkunst,,landskabsmaler
Reg0035820,Akademiker/Lærd,,professor
Reg0035830,Akademiker/Lærd;Forfatter/Digter,bibliotek.html,historiker
Reg0035840,Forfatter/Digter,,digter
Reg0035850,Akademiker/Lærd;Forfatter/Digter,,forfatter;professor
Reg0035860,Akademiker/Lærd,,professor
Reg0035870,,,
Reg0035880,Forfatter/Digter,,forfatter
Reg0035890,,,
Reg0035900,Handel/Erhverv,,grosserer;agent
Reg0035910,Musiker/Scenekunst,,komponist
Reg0035920,Musiker/Scenekunst,,komponist
Reg0035930,,,
Reg0035940,Adel/Kongelig/Hof,,konge
Reg0035950,Adel/Kongelig/Hof,,konge
Reg0035960,Adel/Kongelig/Hof,,konge
Reg0035970,,,
Reg0035980,,,
Reg0035990,,,
Reg0036000,,,
Reg0036010,Akademiker/Lærd,,lærerinde
Reg0036020,Akademiker/Lærd,,lærerinde
Reg0036030,,,
Reg0036040,Handel/Erhverv,,hotelejer
Reg0036050,Forfatter/Digter,,journalist
Reg0036060,Akademiker/Lærd,,professor
Reg0036070,Forfatter/Digter,,forfatter
Reg0036080,Gejstlig,,biskop
Reg0036090,,,
Reg0036100,Adel/Kongelig/Hof,,konge
Reg0036110,Adel/Kongelig/Hof,,hertug;konge
Reg0036120,,,
Reg0036130,Adel/Kongelig/Hof,,greve
Reg0036140,Militær,,feltherre
Reg0036150,,,
Reg0036160,Handel/Erhverv,,forlagsboghandler
Reg0036170,,,
Reg0036180,,,
Reg0036190,Kunstner/Billedkunst,,billedhugger
Reg0036200,,,
Reg0036210,Kunstner/Billedkunst,billedkunst.html,maler
Reg0036220,Musiker/Scenekunst,teater-musik.html,operakomponist
Reg0036230,Forfatter/Digter,,digter
Reg0036240,Adel/Kongelig/Hof,,hofdame
Reg0036250,Akademiker/Lærd,,guvernante
Reg0036260,Handel/Erhverv,,boghandler
Reg0036270,Kunstner/Billedkunst,,maler
Reg0036280,,,
Reg0036290,Forfatter/Digter,,forfatter
Reg0036300,,,
Reg0036310,Akademiker/Lærd;Musiker/Scenekunst,,kapelmusikus;professor
Reg0036320,,,
Reg0036330,Akademiker/Lærd;Musiker/Scenekunst,,kapelmusikus;pianist;lærer
Reg0036340,Akademiker/Lærd;Gejstlig,,student;sognepræst;provst
Reg0036350,,,
Reg0036360,,,
Reg0036370,,,
Reg0036380,,,
Reg0036390,Kunstner/Billedkunst,,maler
Reg0036400,Akademiker/Lærd;Embedsmand/Jura/Politik,,læge;lærer;professor;etatsraad;konferensraad
Reg0036410,Kunstner/Billedkunst,billedkunst.html,maler
Reg0036420,Musiker/Scenekunst,,komponist
Reg0036430,Handel/Erhverv,,grosserer
Reg0036440,Akademiker/Lærd,,lærer;huslærer
Reg0036450,Akademiker/Lærd,,lærerinde
Reg0036460,Musiker/Scenekunst,,skuespillerinde
Reg0036470,,,
Reg0036480,Forfatter/Digter;Musiker/Scenekunst,teater-musik.html,skuespilforfatter
Reg0036490,Musiker/Scenekunst,,operasanger
Reg0036500,Musiker/Scenekunst,,operasangerinde
Reg0036510,Adel/Kongelig/Hof,,dronning
Reg0036520,,,
Reg0036530,Militær,,generalmajor
Reg0036540,,,
Reg0036550,,,
Reg0036560,,,
Reg0036570,,,
Reg0036580,,,
Reg0036590,,,
Reg0036600,Handel/Erhverv,,forlagsboghandler
Reg0036610,,,
Reg0036620,Handel/Erhverv,,forlagsboghandler;forlægger
Reg0036630,,,
Reg0036640,,,
Reg0036650,,,
Reg0036660,Kunstner/Billedkunst,,billedhugger
Reg0036670,Militær,,premierløjtnant;liniebataillon;kaptajn
Reg0036680,Akademiker/Lærd;Embedsmand/Jura/Politik,,student;overretssagfører
Reg0036690,Embedsmand/Jura/Politik;Handel/Erhverv,,fuldmægtig;ejer
Reg0036700,Embedsmand/Jura/Politik,,justitsraad
Reg0036710,,,
Reg0036720,,,
Reg0036730,Embedsmand/Jura/Politik,,etatsraad;konferensraad
Reg0036740,,,
Reg0036750,,,
Reg0036760,Militær,,generalmajor
Reg0036770,,,
Reg0036780,,,
Reg0036790,Handel/Erhverv,,apoteker
Reg0036800,Kunstner/Billedkunst,billedkunst.html,maler
Reg0036810,Adel/Kongelig/Hof;Handel/Erhverv,,besidder;hofjægermester
Reg0036820,,,
Reg0036830,,,
Reg0036840,,,
Reg0036850,Forfatter/Digter,,digter
Reg0036860,,,
Reg0036870,Akademiker/Lærd;Musiker/Scenekunst,,komponist;pianist;lærer
Reg0036880,,,
Reg0036890,,,
Reg0036900,Akademiker/Lærd;Embedsmand/Jura/Politik,,distriktslæge;justitsraad
Reg0036910,Embedsmand/Jura/Politik,,politiker
Reg0036920,,,
Reg0036930,Kunstner/Billedkunst,,maler
Reg0036940,Militær,,søetaten
Reg0036950,Akademiker/Lærd,,lærer;lærer
Reg0036960,Embedsmand/Jura/Politik,,postmester
Reg0036970,Gejstlig,,kateket
Reg0036980,,,
Reg0036990,Akademiker/Lærd;Musiker/Scenekunst,,komponist;organist;professor
Reg0037000,Kunstner/Billedkunst,,landskabsmaler
Reg0037010,Akademiker/Lærd,,læge;overlæge
Reg0037020,Forfatter/Digter;Handel/Erhverv,bibliotek.html,forfatter;købmand
Reg0037030,Embedsmand/Jura/Politik,,generalkonsul;gesandt
Reg0037040,,,
Reg0037050,Musiker/Scenekunst,,operasangerinde
Reg0037060,,,
Reg0037070,,,
Reg0037080,,,
Reg0037090,,,
Reg0037100,Forfatter/Digter,,digter
Reg0037110,Handel/Erhverv,,gæstgiver
Reg0037120,Musiker/Scenekunst,,violinvirtuos
Reg0037130,Forfatter/Digter,,forfatter
Reg0037140,,,
Reg0037150,Adel/Kongelig/Hof;Forfatter/Digter;Handel/Erhverv,,bogtrykker;udgiver;kammerherre
Reg0037160,,,
Reg0037170,,,
Reg0037180,Musiker/Scenekunst,,komponist
Reg0037190,,,
Reg0037200,,,
Reg0037210,Adel/Kongelig/Hof,,selskabsdame
Reg0037220,,,
Reg0037230,Embedsmand/Jura/Politik,,generalkonsul
Reg0037240,Embedsmand/Jura/Politik,,kontorchef;etatsraad
Reg0037250,,,
Reg0037260,Handel/Erhverv,,grosserer
Reg0037270,Embedsmand/Jura/Politik;Handel/Erhverv,,intendant;justitsraad;etatsraad
Reg0037280,,,
Reg0037290,Akademiker/Lærd;Forfatter/Digter;Handel/Erhverv,,student;direktør;forfatter;oversætter
Reg0037300,,,
Reg0037310,,,
Reg0037320,Adel/Kongelig/Hof;Handel/Erhverv;Militær,,kammerherre;ritmester;godsejer;baron
Reg0037330,,,
Reg0037340,,,
Reg0037350,,,
Reg0037360,,,
Reg0037370,Gejstlig,,theolog
Reg0037380,Kunstner/Billedkunst,,billedhugger;arkitekt
Reg0037390,,,
Reg0037400,Adel/Kongelig/Hof,,kammerjunker;kammerherre
Reg0037410,Embedsmand/Jura/Politik,,gesandt
Reg0037420,Adel/Kongelig/Hof;Handel/Erhverv,,besidder;kammerherre;hofjægermester
Reg0037430,Adel/Kongelig/Hof;Handel/Erhverv;Kunstner/Billedkunst,,friherre;godsejer;kunstsamler
Reg0037440,,,
Reg0037450,,,
Reg0037460,Adel/Kongelig/Hof;Militær,,premierløjtnant;livgarden;kammerjunker;oberst;kammerherre
Reg0037470,Adel/Kongelig/Hof;Militær,,oberstløjtnant;kammerherre
Reg0037480,Adel/Kongelig/Hof,,hertug
Reg0037490,,,
Reg0037500,,,
Reg0037510,Kunstner/Billedkunst,,fotograf
Reg0037520,,,
Reg0037530,Musiker/Scenekunst,,balletdanserinde;skuespillerinde
Reg0037540,Musiker/Scenekunst,teater-musik.html,
Reg0037550,,,
Reg0037560,Adel/Kongelig/Hof;Embedsmand/Jura/Politik,,gesandtskab;legationsraad;kammerherre
Reg0037570,Adel/Kongelig/Hof,,hofjægermester
Reg0037580,,,
Reg0037590,,,
Reg0037600,,,
Reg0037610,Adel/Kongelig/Hof;Handel/Erhverv,,besidder;kammerherre;hofjægermester
Reg0037620,,,
Reg0037630,,,
Reg0037640,Musiker/Scenekunst,,violinist
Reg0037650,Adel/Kongelig/Hof;Musiker/Scenekunst,,operasangerinde;friherre
Reg0037660,,,
Reg0037670,,,
Reg0037680,,,
Reg0037690,Musiker/Scenekunst,,violinvirtuos
Reg0037700,Forfatter/Digter,,digter
Reg0037710,,,
Reg0037720,Handel/Erhverv,,forlagsboghandler
Reg0037730,Handel/Erhverv,,købmand
Reg0037740,,,
Reg0037750,Musiker/Scenekunst,,operasanger
Reg0037760,Forfatter/Digter,,forfatter
Reg0037770,Adel/Kongelig/Hof;Militær,,generalmajor;storhertug
Reg0037780,,,
Reg0037790,Militær,,officer
Reg0037800,,,
Reg0037810,Adel/Kongelig/Hof;Militær,,adjudant;storhertug
Reg0037820,,,
Reg0037830,,,
Reg0037840,Militær,,kaptajn
Reg0037850,Akademiker/Lærd;Gejstlig,,sognepræst;huslærer
Reg0037860,Forfatter/Digter,,forfatterinde;oversætterinde
Reg0037870,,,
Reg0037880,Handel/Erhverv,,boghandler
Reg0037890,,,
Reg0037900,Militær,,sekondløjtnant;søetaten;premierløjtnant;kaptajnløjtnant
Reg0037910,Adel/Kongelig/Hof;Handel/Erhverv;Kunstner/Billedkunst,,kammerherre;besidder;kunstsamler
Reg0037920,,,
Reg0037930,Adel/Kongelig/Hof;Embedsmand/Jura/Politik,,gehejmeraad;kammerherre
Reg0037940,Adel/Kongelig/Hof,,stiftsdame
Reg0037950,Adel/Kongelig/Hof;Embedsmand/Jura/Politik,,fuldmægtig;kammerjunker;legationssekretær;gesandt;kammerherre
Reg0037960,Handel/Erhverv;Militær,,ritmester;besidder
Reg0037970,,,
Reg0037980,Embedsmand/Jura/Politik;Handel/Erhverv,,direktør;kommunalbestyrelse
Reg0037990,,,
Reg0038000,Akademiker/Lærd;Gejstlig,,huslærer;sognepræst
Reg0038010,Handel/Erhverv,,forpagter
Reg0038020,Akademiker/Lærd;Gejstlig,,student;sognepræst
Reg0038030,,,
Reg0038040,,,
Reg0038050,,,
Reg0038060,Forfatter/Digter;Gejstlig,,forfatter;præst
Reg0038070,Forfatter/Digter,,oversætterinde
Reg0038080,Forfatter/Digter,,digter
Reg0038090,Forfatter/Digter,bibliotek.html,digter;oversætter;oversætter
Reg0038100,Forfatter/Digter,bibliotek.html,digter
Reg0038110,,,
Reg0038120,Militær,,kommandør
Reg0038130,Embedsmand/Jura/Politik;Forfatter/Digter,,redaktør;generalkonsul;ministerresident;amtmand
Reg0038140,,,
Reg0038150,Adel/Kongelig/Hof;Embedsmand/Jura/Politik,,ministerresident;generalkonsul;gesandt;gesandt;gesandt;kammerherre;gehejmekonferensraad
Reg0038160,,,
Reg0038170,Adel/Kongelig/Hof;Embedsmand/Jura/Politik;Militær,,kaptajn;legationssekretær;gesandt;kammerherre;gehejmekonferensraad
Reg0038180,,,
Reg0038190,Adel/Kongelig/Hof,,overhofmesterinde;dronning
Reg0038200,,,
Reg0038210,,,
Reg0038220,,,
Reg0038230,,,
Reg0038240,Militær,,kaptajn;søetaten;kommandørkaptajn;kommandør;kontreadmiral;viceadmiral
Reg0038250,Adel/Kongelig/Hof;Militær,,løjtnant;søetaten;kaptajn;kammerherre
Reg0038260,,,
Reg0038270,,,
Reg0038280,,,
Reg0038290,Adel/Kongelig/Hof;Embedsmand/Jura/Politik,,stiftamtmand;stiftamtmand;amtmand;kammerherre;gehejmekonferensraad
Reg0038300,Adel/Kongelig/Hof;Embedsmand/Jura/Politik,,gesandt;lensgreve;gehejmekonferensraad
Reg0038310,,,
Reg0038320,,,
Reg0038330,,,
Reg0038340,Adel/Kongelig/Hof;Handel/Erhverv,,besidder;gehejmekonferensraad
Reg0038350,Adel/Kongelig/Hof;Akademiker/Lærd;Embedsmand/Jura/Politik;Handel/Erhverv,,student;legationssekretær;gesandt;besidder;kammerherre
Reg0038360,Militær,,viceadmiral
Reg0038370,Handel/Erhverv,,ejer
Reg0038380,,,
Reg0038390,Adel/Kongelig/Hof;Akademiker/Lærd;Handel/Erhverv,,student;besidder;hofjægermester
Reg0038400,,,
Reg0038410,Kunstner/Billedkunst,,arkitekt
Reg0038420,,,
Reg0038430,Gejstlig,,sognepræst;biskop
Reg0038440,,,
Reg0038450,Kunstner/Billedkunst,,arkitekt
Reg0038460,,,
Reg0038470,,,
Reg0038480,,,
Reg0038490,Handel/Erhverv,,grosserer;fabrikant
Reg0038500,Embedsmand/Jura/Politik;Handel/Erhverv,,grosserer;etatsraad
Reg0038510,,,
Reg0038520,Handel/Erhverv,,boghandler;fabrikant
Reg0038530,,,
Reg0038540,,,
Reg0038550,,,
Reg0038560,Akademiker/Lærd,,student
Reg0038570,,,
Reg0038580,,,
Reg0038590,Akademiker/Lærd;Embedsmand/Jura/Politik,,student;adjunkt;overlærer;rektor;professor;etatsraad
Reg0038600,,,
Reg0038610,,,
Reg0038620,Embedsmand/Jura/Politik,,borgmester;etatsraad
Reg0038630,Akademiker/Lærd;Embedsmand/Jura/Politik,,student;guvernør
Reg0038640,Musiker/Scenekunst,,skuespillerinde
Reg0038650,,,
Reg0038660,Forfatter/Digter;Gejstlig,,kapellan;forfatter
Reg0038670,,,
Reg0038680,Handel/Erhverv,,købmand
Reg0038690,,,
Reg0038700,,,
Reg0038710,,,
Reg0038720,Forfatter/Digter;Gejstlig,,præst;forfatter
Reg0038730,Embedsmand/Jura/Politik,,statsmand
Reg0038740,,,
Reg0038750,Militær,,oberst
Reg0038760,,,
Reg0038770,,,
Reg0038780,,,
Reg0038790,Kunstner/Billedkunst,billedkunst.html,billedhugger
Reg0038800,,,
Reg0038810,Kunstner/Billedkunst,,billedhugger
Reg0038820,,,
Reg0038830,,,
Reg0038840,Akademiker/Lærd,,rektor
Reg0038850,,,
Reg0038860,,,
Reg0038870,,,
Reg0038880,Forfatter/Digter;Gejstlig,,sognepræst;forfatter
Reg0038890,,,
Reg0038900,,,
Reg0038910,Akademiker/Lærd,,lærerinde
Reg0038920,,,
Reg0038930,,,
Reg0038940,,,
Reg0038950,Akademiker/Lærd;Embedsmand/Jura/Politik,,lektor;professor;landstingsmand
Reg0038960,Forfatter/Digter;Gejstlig,,digter;præst
Reg0038970,Gejstlig,,biskop
Reg0038980,Akademiker/Lærd,,docent;stadslæge
Reg0038990,,,
Reg0039000,,,
Reg0039010,,,
Reg0039020,Forfatter/Digter;Musiker/Scenekunst,bibliotek.html,skuespiller
Reg0039030,Forfatter/Digter,bibliotek.html,digter
Reg0039040,,,
Reg0039050,,,
Reg0039060,,,
Reg0039070,Gejstlig,,sognepræst
Reg0039080,Embedsmand/Jura/Politik;Militær,,generalmajor;minister;udenrigsminister
Reg0039090,,,
Reg0039100,Handel/Erhverv,,forlagsboghandler
Reg0039110,Akademiker/Lærd;Embedsmand/Jura/Politik,,læge;stiftsfysikus;justitsraad
Reg0039120,,,
Reg0039130,Forfatter/Digter,,forfatter
Reg0039140,Handel/Erhverv,,købmand
Reg0039150,Musiker/Scenekunst,,pianist
Reg0039160,,,
Reg0039170,,,
Reg0039180,Forfatter/Digter,,forfatter
Reg0039190,,,
Reg0039200,Forfatter/Digter,,journalist;forfatter
Reg0039210,,,
Reg0039220,Kunstner/Billedkunst,,maler
Reg0039230,Forfatter/Digter,,forfatterinde
Reg0039240,Akademiker/Lærd,,adjunkt
Reg0039250,Forfatter/Digter;Gejstlig,,digter;præst
Reg0039260,Militær,,liniebataillon
Reg0039270,Militær,,løjtnant
Reg0039280,,,
Reg0039290,Handel/Erhverv,,besidder
Reg0039300,Embedsmand/Jura/Politik;Handel/Erhverv,,politiker;udenrigsminister;besidder
Reg0039310,,,
Reg0039320,,,
Reg0039330,Handel/Erhverv,,besidder
Reg0039340,,,
Reg0039350,Adel/Kongelig/Hof,,friherre
Reg0039360,,,
Reg0039370,,,
Reg0039380,,,
Reg0039390,Forfatter/Digter;Kunstner/Billedkunst,bibliotek.html;billedkunst.html,maler
Reg0039400,Akademiker/Lærd,,læge
Reg0039410,Akademiker/Lærd;Embedsmand/Jura/Politik;Handel/Erhverv,,kunsthistoriker;inspektør;direktør
Reg0039420,,,
Reg0039430,,,
Reg0039440,,,
Reg0039450,,,
Reg0039460,Handel/Erhverv,,grosserer
Reg0039470,Adel/Kongelig/Hof,,hofdame;prinsesse
Reg0039480,Gejstlig,,sognepræst
Reg0039490,Embedsmand/Jura/Politik;Handel/Erhverv,,fuldmægtig;fabrikant
Reg0039500,Akademiker/Lærd,,student;professor
Reg0039510,Kunstner/Billedkunst,,maler
Reg0039520,Akademiker/Lærd;Forfatter/Digter,,forfatter;professor
Reg0039530,,,
Reg0039540,Musiker/Scenekunst,,skuespiller
Reg0039550,Embedsmand/Jura/Politik,,inspektør
Reg0039560,,,
Reg0039570,,,
Reg0039580,,,
Reg0039590,Militær,,oberstløjtnant;kommandør
Reg0039600,Handel/Erhverv,,boghandler;indehaver
Reg0039610,Embedsmand/Jura/Politik,,etatsraad
Reg0039620,Handel/Erhverv,,grosserer
Reg0039630,,,
Reg0039640,,,
Reg0039650,Embedsmand/Jura/Politik;Handel/Erhverv;Militær,,gesandt;generalløjtnant;besidder
Reg0039660,Handel/Erhverv,,indehaver
Reg0039670,Embedsmand/Jura/Politik,,politiker
Reg0039680,Adel/Kongelig/Hof,,hofdame
Reg0039690,Handel/Erhverv;Militær,,sekondløjtnant;artilleriet;kaptajn;ejer
Reg0039700,,,
Reg0039710,Forfatter/Digter;Musiker/Scenekunst,teater-musik.html,skuespilforfatter
Reg0039720,Forfatter/Digter,,udgiver
Reg0039730,Kunstner/Billedkunst,billedkunst.html,historiemaler
Reg0039740,Adel/Kongelig/Hof;Militær,,ritmester;adjudant;generalmajor;kammerherre
Reg0039750,,,
Reg0039760,Adel/Kongelig/Hof;Militær,,hofchef;enkedronning;oberstløjtnant;kammerherre
Reg0039770,,,
Reg0039780,Akademiker/Lærd;Gejstlig,,adjunkt;sognepræst;provst;sognepræst
Reg0039790,Handel/Erhverv,,forpagter
Reg0039800,Gejstlig,,sognepræst
Reg0039810,Handel/Erhverv,,grosserer
Reg0039820,,,
Reg0039830,Forfatter/Digter,,forfatter
Reg0039840,Akademiker/Lærd,,huslærer;lærer
Reg0039850,,,
Reg0039860,,,
Reg0039870,,,
Reg0039880,,,
Reg0039890,Akademiker/Lærd,,læge;professor
Reg0039900,,,
Reg0039910,,,
Reg0039920,Forfatter/Digter,,forfatter
Reg0039930,,,
Reg0039940,,,
Reg0039950,Militær,,kaptajn;søetaten;kommandørkaptajn
Reg0039960,,,
Reg0039970,Akademiker/Lærd;Forfatter/Digter,bibliotek.html,digter;professor
Reg0039980,Embedsmand/Jura/Politik,,jurist
Reg0039990,Gejstlig,,sognepræst
Reg0040000,Akademiker/Lærd,,læge;professor
Reg0040010,Akademiker/Lærd;Forfatter/Digter,,student;forfatter;professor
Reg0040020,,,
Reg0040030,Kunstner/Billedkunst,,landskabsmaler
Reg0040040,Embedsmand/Jura/Politik;Militær,,sekondløjtnant;borgmester;byfoged;kaptajn
Reg0040050,Gejstlig,,stiftsprovst
Reg0040060,Gejstlig,,sognepræst
Reg0040070,,,
Reg0040080,,,
Reg0040090,,,
Reg0040100,Musiker/Scenekunst,,komponist
Reg0040110,,,
Reg0040120,Musiker/Scenekunst,teater-musik.html,operakomponist
Reg0040130,Adel/Kongelig/Hof;Akademiker/Lærd;Forfatter/Digter;Gejstlig,bibliotek.html,lærer;dronning;dronning;kapellan;udgiver
Reg0040140,Akademiker/Lærd;Gejstlig,,adjunkt;sognepræst
Reg0040150,Akademiker/Lærd,,rektor;filolog
Reg0040160,Forfatter/Digter,,forfatterinde
Reg0040170,Akademiker/Lærd,,distriktslæge
Reg0040180,Adel/Kongelig/Hof;Embedsmand/Jura/Politik,,kancellist;kammerherre
Reg0040190,Embedsmand/Jura/Politik,,politiker;folketingsmand
Reg0040200,Embedsmand/Jura/Politik,,ministerresident;generalkonsul
Reg0040210,Handel/Erhverv;Militær,,oberst;ejer
Reg0040220,Akademiker/Lærd;Forfatter/Digter,,forfatterinde;lærerinde
Reg0040230,,,
Reg0040240,Forfatter/Digter;Musiker/Scenekunst,,skuespillerinde;forfatterinde
Reg0040250,Embedsmand/Jura/Politik;Militær,,officer;diplomat
Reg0040260,Adel/Kongelig/Hof,,konge
Reg0040270,,,
Reg0040280,Akademiker/Lærd;Forfatter/Digter,,forfatter;oversætter;huslærer
Reg0040290,Musiker/Scenekunst,,operasangerinde
Reg0040300,Kunstner/Billedkunst,billedkunst.html,maler
Reg0040310,Kunstner/Billedkunst,,maler
Reg0040320,,,
Reg0040330,,,
Reg0040340,,,
Reg0040350,Embedsmand/Jura/Politik,,justitsraad
Reg0040360,,,
Reg0040370,Militær,,kaptajn;liniebataillon
Reg0040380,Handel/Erhverv,,boghandler
Reg0040390,Handel/Erhverv,,forlagsboghandler
Reg0040400,,,
Reg0040410,,,
Reg0040420,Handel/Erhverv,,forlagsboghandler
Reg0040430,,,
Reg0040440,Handel/Erhverv,,bankier
Reg0040450,,,
Reg0040460,Embedsmand/Jura/Politik,,konsul
Reg0040470,Kunstner/Billedkunst,billedkunst.html,
Reg0040480,Handel/Erhverv,,vinhandler
Reg0040490,Embedsmand/Jura/Politik,,prokurator;kommunalbestyrelse
Reg0040500,Forfatter/Digter,,forfatter;oversætter
Reg0040510,Akademiker/Lærd;Embedsmand/Jura/Politik,,rektor;professor;etatsraad
Reg0040520,Militær,,frivillig;liniebataillon;kaptajn
Reg0040530,,,
Reg0040540,,,
Reg0040550,,,
Reg0040560,Adel/Kongelig/Hof;Embedsmand/Jura/Politik,,ministerresident;kammerherre
Reg0040570,,,
Reg0040580,Adel/Kongelig/Hof,,kammerherre
Reg0040590,,,
Reg0040600,Embedsmand/Jura/Politik,,justitiarius
Reg0040610,Akademiker/Lærd,,lektor;professor
Reg0040620,,,
Reg0040630,,,
Reg0040640,Akademiker/Lærd,,lærer
Reg0040650,,,
Reg0040660,Embedsmand/Jura/Politik;Handel/Erhverv,,grosserer;vicekonsul
Reg0040670,,,
Reg0040680,,,
Reg0040690,,,
Reg0040700,Kunstner/Billedkunst,,billedhugger
Reg0040710,Akademiker/Lærd,,lærerinde
Reg0040720,Akademiker/Lærd;Gejstlig,,adjunkt;sognepræst
Reg0040730,,,
Reg0040740,Kunstner/Billedkunst,billedkunst.html,maler
Reg0040750,,,
Reg0040760,Kunstner/Billedkunst,billedkunst.html,maler
Reg0040770,Embedsmand/Jura/Politik,,diplomat;ministerresident
Reg0040780,,,
Reg0040790,Adel/Kongelig/Hof;Embedsmand/Jura/Politik,,kammerherre;gehejmeraad;hofmarskal
Reg0040800,,,
Reg0040810,,,
Reg0040820,Adel/Kongelig/Hof;Embedsmand/Jura/Politik,,kammerherre;dronning;overpræsident
Reg0040830,,,
Reg0040840,Adel/Kongelig/Hof,,hofdame;dronning
Reg0040850,,,
Reg0040860,Musiker/Scenekunst,,skuespiller
Reg0040870,Adel/Kongelig/Hof,,hertug
Reg0040880,,,
Reg0040890,Militær,,officer;oberstløjtnant
Reg0040900,Militær,,officer
Reg0040910,,,
Reg0040920,Embedsmand/Jura/Politik,,gesandt
Reg0040930,Forfatter/Digter;Musiker/Scenekunst,bibliotek.html;teater-musik.html,balletmester
Reg0040940,Forfatter/Digter;Musiker/Scenekunst,bibliotek.html;teater-musik.html,balletdanserinde
Reg0040950,,,
Reg0040960,Musiker/Scenekunst,,operasangerinde
Reg0040970,Akademiker/Lærd,,læge
Reg0040980,Gejstlig,,sognepræst
Reg0040990,,,
Reg0041000,Akademiker/Lærd;Militær,,guvernante;ritmester;lærerinde
Reg0041010,,,
Reg0041020,,,
Reg0041030,Embedsmand/Jura/Politik;Forfatter/Digter,,fuldmægtig;forfatter;udgiver;oversætter
Reg0041040,Gejstlig,,sognepræst
Reg0041050,Embedsmand/Jura/Politik;Militær,,sekondløjtnant;kaptajn;toldforvalter
Reg0041060,,,
Reg0041070,,,
Reg0041080,Akademiker/Lærd;Forfatter/Digter;Gejstlig;Musiker/Scenekunst,bibliotek.html;teater-musik.html,lærer;sognepræst;skuespilforfatter
Reg0041090,Embedsmand/Jura/Politik,,inspektør
Reg0041100,,,
Reg0041110,Embedsmand/Jura/Politik,,assessor
Reg0041120,,,
Reg0041130,,,
Reg0041140,,,
Reg0041150,,,
Reg0041160,,,
Reg0041170,Akademiker/Lærd,,rektor
Reg0041180,Embedsmand/Jura/Politik;Forfatter/Digter,,kontorchef;litterat
Reg0041190,,,
Reg0041200,Handel/Erhverv,,grosserer
Reg0041210,,,
Reg0041220,,,
Reg0041230,Akademiker/Lærd;Embedsmand/Jura/Politik,,student;fuldmægtig
Reg0041240,Akademiker/Lærd;Forfatter/Digter,,student;journalist;bibliotekar;arkæolog
Reg0041250,Akademiker/Lærd;Forfatter/Digter,,forfatter;litteraturhistoriker;professor;professor
Reg0041260,Akademiker/Lærd;Forfatter/Digter,,student;lektor;forfatter
Reg0041270,,,
Reg0041280,,,
Reg0041290,,,
Reg0041300,,,
Reg0041310,,,
Reg0041320,,,
Reg0041330,Adel/Kongelig/Hof,,hofdame;enkedronning
Reg0041340,,,
Reg0041350,,,
Reg0041360,Musiker/Scenekunst,,komponist
Reg0041370,Akademiker/Lærd,,student
Reg0041380,Adel/Kongelig/Hof;Handel/Erhverv;Militær,,premierløjtnant;ejer;kammerherre
Reg0041390,Kunstner/Billedkunst,,arkitekt;maler
Reg0041400,Musiker/Scenekunst,,operasangerinde
Reg0041410,,,
Reg0041420,,,
Reg0041430,,,
Reg0041440,,,
Reg0041450,Embedsmand/Jura/Politik;Handel/Erhverv,,direktør;indenrigsminister
Reg0041460,Handel/Erhverv,,direktør
Reg0041470,,,
Reg0041480,,,
Reg0041490,Akademiker/Lærd;Embedsmand/Jura/Politik;Forfatter/Digter,,forfatter;politiker;student;forfatter;politiker
Reg0041500,,,
Reg0041510,Akademiker/Lærd;Musiker/Scenekunst,,pianistinde;professor
Reg0041520,Akademiker/Lærd;Forfatter/Digter,bibliotek.html,litteraturhistoriker
Reg0041530,,,
Reg0041540,,,
Reg0041550,Akademiker/Lærd,,professor
Reg0041560,Akademiker/Lærd;Embedsmand/Jura/Politik,,overlæge;professor;etatsraad
Reg0041570,Militær,,admiral
Reg0041580,Forfatter/Digter,,forfatterinde
Reg0041590,,,
Reg0041600,Adel/Kongelig/Hof;Embedsmand/Jura/Politik,,dronning;konferensraad
Reg0041610,,,
Reg0041620,,,
Reg0041630,Musiker/Scenekunst,,skuespiller
Reg0041640,Gejstlig,,kateket;sognepræst
Reg0041650,Embedsmand/Jura/Politik,,borgmester
Reg0041660,Embedsmand/Jura/Politik;Handel/Erhverv,,grosserer;konsul
Reg0041670,Gejstlig,,sognepræst
Reg0041680,,,
Reg0041690,,,
Reg0041700,,,
Reg0041710,,,
Reg0041720,Handel/Erhverv,,købmand
Reg0041730,,,
Reg0041740,Akademiker/Lærd,,lektor;professor
Reg0041750,Embedsmand/Jura/Politik;Handel/Erhverv,,grosserer;konsul
Reg0041760,,,
Reg0041770,,,
Reg0041780,,,
Reg0041790,Akademiker/Lærd,,lærer;lærer
Reg0041800,Akademiker/Lærd;Gejstlig,,student;adjunkt;sognepræst
Reg0041810,Akademiker/Lærd;Gejstlig,,huslærer;sognepræst;historiker
Reg0041820,,,
Reg0041830,Embedsmand/Jura/Politik;Militær,,sekondløjtnant;etatsraad
Reg0041840,Gejstlig,,sognepræst;provst
Reg0041850,,,
Reg0041860,Militær,,ritmester
Reg0041870,,,
Reg0041880,,,
Reg0041890,Handel/Erhverv,,ejer
Reg0041900,Gejstlig,,biskop
Reg0041910,Embedsmand/Jura/Politik,,fuldmægtig;prokurator
Reg0041920,Adel/Kongelig/Hof;Embedsmand/Jura/Politik,,gesandt;kammerherre
Reg0041930,,,
Reg0041940,Handel/Erhverv,,grosserer
Reg0041950,,,
Reg0041960,Forfatter/Digter,,digter
Reg0041970,Adel/Kongelig/Hof,,hertug
Reg0041980,Adel/Kongelig/Hof,,hertug
Reg0041990,Embedsmand/Jura/Politik;Forfatter/Digter;Kunstner/Billedkunst,bibliotek.html;billedkunst.html,maler;konsul;konsul;etatsraad
Reg0042000,Militær,,kaptajn
Reg0042010,Forfatter/Digter,,digter
Reg0042020,,,
Reg0042030,,,
Reg0042040,Musiker/Scenekunst,,komponist
Reg0042050,,,
Reg0042060,Handel/Erhverv,,købmand
Reg0042070,,,
Reg0042080,Forfatter/Digter,,forfatter
Reg0042090,,,
Reg0042100,Akademiker/Lærd,,lektor
Reg0042110,,,
Reg0042120,,,
Reg0042130,Embedsmand/Jura/Politik,,etatsraad
Reg0042140,,,
Reg0042150,Gejstlig,,sognepræst
Reg0042160,Musiker/Scenekunst,,operasanger
Reg0042170,,,
Reg0042180,,,
Reg0042190,,,
Reg0042200,Forfatter/Digter;Kunstner/Billedkunst,billedkunst.html,forfatterinde
Reg0042210,Akademiker/Lærd,,student
Reg0042220,,,
Reg0042230,,,
Reg0042240,Embedsmand/Jura/Politik,,advokat;politiker
Reg0042250,,,
Reg0042260,,,
Reg0042270,Musiker/Scenekunst,,skuespillerinde
Reg0042280,,,
Reg0042290,Musiker/Scenekunst,,skuespillerinde
Reg0042300,,,
Reg0042310,Akademiker/Lærd;Embedsmand/Jura/Politik,,student;fuldmægtig
Reg0042320,Adel/Kongelig/Hof,,baron
Reg0042330,Adel/Kongelig/Hof,,kammerherre;baron
Reg0042340,Adel/Kongelig/Hof,,baron
Reg0042350,,,
Reg0042360,Akademiker/Lærd,,overlæge
Reg0042370,Handel/Erhverv,,besidder
Reg0042380,Adel/Kongelig/Hof,,baron
Reg0042390,,,
Reg0042400,Handel/Erhverv,,gæstgiver;indehaver
Reg0042410,Forfatter/Digter,,redaktør
Reg0042420,,,
Reg0042430,,,
Reg0042440,,,
Reg0042450,,,
Reg0042460,,,
Reg0042470,,,
Reg0042480,,,
Reg0042490,Embedsmand/Jura/Politik;Forfatter/Digter,,digter;diplomat
Reg0042500,,,
Reg0042510,,,
Reg0042520,,,
Reg0042530,,,
Reg0042540,,,
Reg0042550,,,
Reg0042560,,,
Reg0042570,,,
Reg0042580,Akademiker/Lærd;Embedsmand/Jura/Politik,,professor;folketingsmand
Reg0042590,,,
Reg0042600,Akademiker/Lærd,,overlærer
Reg0042610,Militær,,løjtnant
Reg0042620,Akademiker/Lærd;Embedsmand/Jura/Politik;Handel/Erhverv,,student;grosserer;politiker;etatsraad
Reg0042630,,,
Reg0042640,Akademiker/Lærd;Forfatter/Digter,,adjunkt;filolog;oversætter
Reg0042650,,,
Reg0042660,,,
Reg0042670,,,
Reg0042680,,,
Reg0042690,Gejstlig,,konventualinde
Reg0042700,Embedsmand/Jura/Politik;Handel/Erhverv,,købmand;konsul;generalkonsul
Reg0042710,Handel/Erhverv,,besidder
Reg0042720,Handel/Erhverv,,besidder
Reg0042730,,,
Reg0042740,,,
Reg0042750,Adel/Kongelig/Hof;Embedsmand/Jura/Politik,,gesandtskab;kammerherre
Reg0042760,,,
Reg0042770,,,
Reg0042780,,,
Reg0042790,Handel/Erhverv;Militær,,oberstløjtnant;besidder
Reg0042800,,,
Reg0042810,,,
Reg0042820,Adel/Kongelig/Hof,,kammerherre
Reg0042830,Embedsmand/Jura/Politik,,amtmand
Reg0042840,,,
Reg0042850,Handel/Erhverv,,bogtrykker
Reg0042860,Handel/Erhverv,,forlagsboghandler
Reg0042870,Handel/Erhverv,,forlagsboghandler
Reg0042880,Akademiker/Lærd,,professor
Reg0042890,,,
Reg0042900,,,
Reg0042910,,,
Reg0042920,,,
Reg0042930,Adel/Kongelig/Hof;Embedsmand/Jura/Politik,,gesandt;kammerherre
Reg0042940,,,
Reg0042950,,,
Reg0042960,,,
Reg0042970,Musiker/Scenekunst,,balletdanser
Reg0042980,,,
Reg0042990,Akademiker/Lærd,,distriktslæge
Reg0043000,,,
Reg0043010,,,
Reg0043020,Handel/Erhverv,,godsejer
Reg0043030,,,
Reg0043040,,,
Reg0043050,Gejstlig,,sognepræst
Reg0043060,,,
Reg0043070,Forfatter/Digter,,forfatterinde
Reg0043080,Kunstner/Billedkunst,billedkunst.html,maler
Reg0043090,Forfatter/Digter;Handel/Erhverv,bibliotek.html,bogtrykker
Reg0043100,Forfatter/Digter,,forfatter
Reg0043110,Embedsmand/Jura/Politik,,kancelliraad
Reg0043120,Forfatter/Digter,,oversætterinde
Reg0043130,Forfatter/Digter,,forfatter
Reg0043140,,,
Reg0043150,,,
Reg0043160,,,
Reg0043170,Forfatter/Digter,bibliotek.html,digter
Reg0043180,Kunstner/Billedkunst,billedkunst.html,maler
Reg0043190,Gejstlig,,biskop
Reg0043200,Militær,,premierløjtnant;generalløjtnant
Reg0043210,Militær,,premierløjtnant;dragonregiment;oberst
Reg0043220,Militær,,generalløjtnant
Reg0043230,,,
Reg0043240,Embedsmand/Jura/Politik,,kommunalbestyrelse
Reg0043250,,,
Reg0043260,Musiker/Scenekunst,,operasangerinde
Reg0043270,Adel/Kongelig/Hof,,hofjægermester
Reg0043280,,,
Reg0043290,Adel/Kongelig/Hof;Handel/Erhverv,,besidder;hofjægermester;kammerherre
Reg0043300,,,
Reg0043310,Militær,,generalmajor
Reg0043320,Embedsmand/Jura/Politik,,guvernør
Reg0043330,Musiker/Scenekunst,,operasanger
Reg0043340,,,
Reg0043350,Forfatter/Digter,,forfatterinde
Reg0043360,Adel/Kongelig/Hof;Embedsmand/Jura/Politik;Handel/Erhverv,,amtmand;kammerherre;besidder
Reg0043370,,,
Reg0043380,Forfatter/Digter;Musiker/Scenekunst,teater-musik.html,forfatter;redaktør;udgiver;teaterdirektør
Reg0043390,Musiker/Scenekunst,,operasanger
Reg0043400,Embedsmand/Jura/Politik;Handel/Erhverv,,godsejer;landstingsmand
Reg0043410,,,
Reg0043420,,,
Reg0043430,Gejstlig,,sognepræst
Reg0043440,Musiker/Scenekunst,,danserinde
Reg0043450,Akademiker/Lærd;Kunstner/Billedkunst,,arkitekt;arkæolog;professor
Reg0043460,,,
Reg0043470,Forfatter/Digter,,romanforfatter
Reg0043480,Forfatter/Digter,,skuespilforfatter
Reg0043490,,,
Reg0043500,,,
Reg0043510,,,
Reg0043520,,,
Reg0043530,,,
Reg0043540,,,
Reg0043550,,,
Reg0043560,Gejstlig,,sognepræst
Reg0043570,,,
Reg0043580,Handel/Erhverv,,købmand
Reg0043590,Forfatter/Digter,,redaktør;forfatter
Reg0043600,Forfatter/Digter,,forfatter
Reg0043610,Militær,,løjtnant;søetaten;premierløjtnant;kontreadmiral
Reg0043620,Militær,,sekondløjtnant
Reg0043630,,,
Reg0043640,Handel/Erhverv,,agent
Reg0043650,Embedsmand/Jura/Politik,,kancellist;fuldmægtig;legationsraad
Reg0043660,Handel/Erhverv,,grosserer
Reg0043670,Embedsmand/Jura/Politik;Handel/Erhverv,,ejer;etatsraad
Reg0043680,,,
Reg0043690,Embedsmand/Jura/Politik;Handel/Erhverv,,købmand;agent;stænderdeputeret
Reg0043700,Embedsmand/Jura/Politik;Handel/Erhverv,,postmester;agent
Reg0043710,Militær,,kaptajn
Reg0043720,,,
Reg0043730,Militær,,oberstløjtnant
Reg0043740,Akademiker/Lærd;Embedsmand/Jura/Politik,,student;kontorchef;justitsraad
Reg0043750,Embedsmand/Jura/Politik;Handel/Erhverv,,politiker;ejer
Reg0043760,,,
Reg0043770,Militær,,kommandørkaptajn;søetaten
Reg0043780,Militær,,løjtnant;søetaten;premierløjtnant;kaptajn;kommandør
Reg0043790,Militær,,premierløjtnant;søetaten;kaptajnløjtnant;kontreadmiral
Reg0043800,Embedsmand/Jura/Politik;Handel/Erhverv,,ejer;konferensraad
Reg0043810,,,
Reg0043820,Embedsmand/Jura/Politik,,herredsfoged;justitsraad
Reg0043830,Musiker/Scenekunst,,balletdanserinde
Reg0043840,,,
Reg0043850,Kunstner/Billedkunst,billedkunst.html,billedhugger
Reg0043860,,,
Reg0043870,,,
Reg0043880,Adel/Kongelig/Hof;Embedsmand/Jura/Politik,,konferensraad;gehejmekonferensraad
Reg0043890,Handel/Erhverv,,ejer
Reg0043900,Akademiker/Lærd;Forfatter/Digter,bibliotek.html,filosof;professor
Reg0043910,,,
Reg0043920,,,
Reg0043930,Akademiker/Lærd;Forfatter/Digter,bibliotek.html,arkæolog
Reg0043940,,,
Reg0043950,,,
Reg0043960,,,
Reg0043970,Handel/Erhverv,,agent
Reg0043980,,,
Reg0043990,Handel/Erhverv,,købmand;hotelejer
Reg0044000,,,
Reg0044010,,,
Reg0044020,,,
Reg0044030,,,
Reg0044040,,,
Reg0044050,Embedsmand/Jura/Politik,,assessor;justitiarius
Reg0044060,,,
Reg0044070,Forfatter/Digter,,redaktør
Reg0044080,,,
Reg0044090,,,
Reg0044100,,,
Reg0044110,Militær,,livgarden;kaptajn
Reg0044120,Adel/Kongelig/Hof;Militær,,kaptajn;hofdame;dronning
Reg0044130,Forfatter/Digter,bibliotek.html,forfatter
Reg0044140,Handel/Erhverv,,forlagsboghandler
Reg0044150,,,
Reg0044160,Embedsmand/Jura/Politik,,konsul
Reg0044170,Handel/Erhverv,,godsejer
Reg0044180,,,
Reg0044190,,,
Reg0044200,,,
Reg0044210,,,
Reg0044220,Militær,,generalkrigskommissær
Reg0044230,,,
Reg0044240,,,
Reg0044250,Gejstlig,,kapellan
Reg0044260,Embedsmand/Jura/Politik,,justitiarius
Reg0044270,Akademiker/Lærd;Embedsmand/Jura/Politik,,student;fuldmægtig
Reg0044280,,,
Reg0044290,Musiker/Scenekunst,,violinvirtuos
Reg0044300,,,
Reg0044310,,,
Reg0044320,,,
Reg0044330,,,
Reg0044340,,,
Reg0044350,,,
Reg0044360,Adel/Kongelig/Hof;Embedsmand/Jura/Politik;Forfatter/Digter,,diplomat;minister;friherre;forfatter
Reg0044370,,,
Reg0044380,Akademiker/Lærd;Embedsmand/Jura/Politik,,lektor;professor;etatsraad
Reg0044390,,,
Reg0044400,Militær,,premierløjtnant;artilleriet;kaptajn
Reg0044410,Embedsmand/Jura/Politik,,etatsraad
Reg0044420,Akademiker/Lærd,,læge
Reg0044430,Akademiker/Lærd;Kunstner/Billedkunst,,landskabsmaler;professor
Reg0044440,,,
Reg0044450,Akademiker/Lærd,,læge
Reg0044460,,,
Reg0044470,Militær,,officer
Reg0044480,,,
Reg0044490,Embedsmand/Jura/Politik,,diplomat;legationssekretær
Reg0044500,,,
Reg0044510,,,
Reg0044520,,,
Reg0044530,,,
Reg0044540,Musiker/Scenekunst,,komponist
Reg0044550,,,
Reg0044560,Forfatter/Digter,,forfatterinde;oversætterinde
Reg0044570,,,
Reg0044580,,,
Reg0044590,,,
Reg0044600,,,
Reg0044610,,,
Reg0044620,Embedsmand/Jura/Politik,,etatsraad
Reg0044630,Handel/Erhverv,,proprietær
Reg0044640,,,
Reg0044650,,,
Reg0044660,Adel/Kongelig/Hof;Embedsmand/Jura/Politik,,gesandt;kammerherre;gehejmekonferensraad
Reg0044670,Forfatter/Digter,,oversætter
Reg0044680,,,
Reg0044690,Militær,,generalløjtnant
Reg0044700,Militær,,sekondløjtnant;regiment;kaptajn
Reg0044710,,,
Reg0044720,,,
Reg0044730,Musiker/Scenekunst,,pianist;dirigent
Reg0044740,Adel/Kongelig/Hof;Embedsmand/Jura/Politik;Militær,,kaptajn;oberst;gesandt;generalmajor;generalløjtnant;kammerherre
Reg0044750,Militær,,premierløjtnant;infanteriet
Reg0044760,Adel/Kongelig/Hof;Militær,,oberst;adjudant;kammerherre;generalmajor
Reg0044770,Militær,,generalløjtnant
Reg0044780,,,
Reg0044790,Adel/Kongelig/Hof,,kammerherre;hofmarskal
Reg0044800,Handel/Erhverv,,gartner
Reg0044810,,,
Reg0044820,Forfatter/Digter,,forfatter
Reg0044830,Musiker/Scenekunst,,operasangerinde
Reg0044840,Forfatter/Digter,bibliotek.html,digter
Reg0044850,Forfatter/Digter,,digter
Reg0044860,,,
Reg0044870,,,
Reg0044880,,,
Reg0044890,Kunstner/Billedkunst,billedkunst.html,billedhugger
Reg0044900,Forfatter/Digter,,forfatter
Reg0044910,Forfatter/Digter,bibliotek.html,forfatter;udgiver
Reg0044920,Handel/Erhverv,,hotelvært
Reg0044930,,,
Reg0044940,Musiker/Scenekunst,,komponist
Reg0044950,Embedsmand/Jura/Politik;Handel/Erhverv,,direktør;justitsraad
Reg0044960,Forfatter/Digter;Musiker/Scenekunst,teater-musik.html,skuespilforfatter
Reg0044970,Forfatter/Digter,,digter
Reg0044980,Kunstner/Billedkunst,,maler
Reg0044990,,,
Reg0045000,,,
Reg0045010,Forfatter/Digter,,publicist
Reg0045020,,,
Reg0045030,,,
Reg0045040,Musiker/Scenekunst,teater-musik.html,
Reg0045050,Forfatter/Digter;Musiker/Scenekunst,teater-musik.html,forfatter
Reg0045060,Forfatter/Digter,,digter
Reg0045070,Handel/Erhverv,,proprietær
Reg0045080,Akademiker/Lærd;Forfatter/Digter,,student;lærer;professor;forfatter;litteraturhistoriker
Reg0045090,Gejstlig,,sognepræst;provst
Reg0045100,Musiker/Scenekunst,,violinist
Reg0045110,Handel/Erhverv;Militær,,premierløjtnant;regiment;direktør
Reg0045120,Forfatter/Digter,,forfatterinde
Reg0045130,Forfatter/Digter,,forfatter
Reg0045140,,,
Reg0045150,Forfatter/Digter,,digter;oversætter
Reg0045160,Akademiker/Lærd;Forfatter/Digter,bibliotek.html,digter;professor;litteraturhistoriker
Reg0045170,,,
Reg0045180,Gejstlig,,sognepræst
Reg0045190,,,
Reg0045200,,,
Reg0045210,,,
Reg0045220,Handel/Erhverv,,grosserer
Reg0045230,,,
Reg0045240,Kunstner/Billedkunst,,maler
Reg0045250,Kunstner/Billedkunst,billedkunst.html,landskabsmaler
Reg0045260,Embedsmand/Jura/Politik;Forfatter/Digter,,udgiver;politiker
Reg0045270,,,
Reg0045280,Forfatter/Digter,,digter
Reg0045290,Handel/Erhverv,,bankier
Reg0045300,Musiker/Scenekunst,,danserinde
Reg0045310,Kunstner/Billedkunst,,maler
Reg0045320,Adel/Kongelig/Hof,,kejser
Reg0045330,Forfatter/Digter,,litterat
Reg0045340,,,
Reg0045350,Gejstlig,,præst
Reg0045360,,,
Reg0045370,,,
Reg0045380,,,
Reg0045390,,,
Reg0045400,Embedsmand/Jura/Politik,,konsul;generalkonsul
Reg0045410,Kunstner/Billedkunst,,maler
Reg0045420,,,
Reg0045430,,,
Reg0045440,,,
Reg0045450,Forfatter/Digter,,digter
Reg0045460,Forfatter/Digter,,digter
Reg0045470,Handel/Erhverv,,boghandler
Reg0045480,Embedsmand/Jura/Politik,,generalkonsul
Reg0045490,Forfatter/Digter;Handel/Erhverv,,forlagsboghandler;udgiver
Reg0045500,,,
Reg0045510,,,
Reg0045520,,,
Reg0045530,Kunstner/Billedkunst,,maler
Reg0045540,Akademiker/Lærd,,botaniker;professor
Reg0045550,Embedsmand/Jura/Politik;Militær,,udenrigsminister;generalløjtnant
Reg0045560,Kunstner/Billedkunst,billedkunst.html,billedhugger
Reg0045570,Embedsmand/Jura/Politik;Forfatter/Digter,,statsmand;forfatter
Reg0045580,,,
Reg0045590,,,
Reg0045600,Akademiker/Lærd,,historiker
Reg0045610,Embedsmand/Jura/Politik,,statsmand
Reg0045620,Musiker/Scenekunst,,operasanger
Reg0045630,,,
Reg0045640,Adel/Kongelig/Hof,,kejser
Reg0045650,,,
Reg0045660,Militær,,officer
Reg0045670,Kunstner/Billedkunst,,maler
Reg0045680,,,
Reg0045690,Musiker/Scenekunst,,balletdanser;balletmester
Reg0045700,,,
Reg0045710,Kunstner/Billedkunst,,maler
Reg0045720,Adel/Kongelig/Hof,,grevinde
Reg0045730,,,
Reg0045740,Forfatter/Digter,bibliotek.html,forfatter
Reg0045750,Embedsmand/Jura/Politik,,gehejmeraad
Reg0045760,Adel/Kongelig/Hof,,hofdame;dronning
Reg0045770,,,
Reg0045780,Handel/Erhverv,,besidder
Reg0045790,Forfatter/Digter,,forfatterinde
Reg0045800,Akademiker/Lærd,,rektor
Reg0045810,Akademiker/Lærd,,filosof;historiker
Reg0045820,Militær,,generalmajor
Reg0045830,,,
Reg0045840,Militær,,premierløjtnant
Reg0045850,,,
Reg0045860,,,
Reg0045870,,,
Reg0045880,Kunstner/Billedkunst,billedkunst.html,maler
Reg0045890,Kunstner/Billedkunst,billedkunst.html,maler
Reg0045900,Kunstner/Billedkunst,billedkunst.html,maler
Reg0045910,Akademiker/Lærd,,filosof;professor
Reg0045920,,,
Reg0045930,,,
Reg0045940,,,
Reg0045950,Forfatter/Digter,,journalist;redaktør
Reg0045960,,,
Reg0045970,Forfatter/Digter,,forfatter
Reg0045980,Adel/Kongelig/Hof;Embedsmand/Jura/Politik,,guvernør;amtsforvalter;kammerherre
Reg0045990,,,
Reg0046000,Embedsmand/Jura/Politik,,konsul
Reg0046010,Akademiker/Lærd;Forfatter/Digter;Militær,bibliotek.html,student;løjtnant;udgiver;kaptajn
Reg0046020,Embedsmand/Jura/Politik,,generalkonsul;konferensraad
Reg0046030,,,
Reg0046040,,,
Reg0046050,Embedsmand/Jura/Politik,,gesandt
Reg0046060,Kunstner/Billedkunst,billedkunst.html,maler
Reg0046070,,,
Reg0046080,,,
Reg0046090,,,
Reg0046100,Embedsmand/Jura/Politik,,generalkonsul
Reg0046110,Gejstlig,,præst
Reg0046120,Akademiker/Lærd,,adjunkt
Reg0046130,,,
Reg0046140,Musiker/Scenekunst,,operasanger
Reg0046150,Handel/Erhverv,,direktør
Reg0046160,Embedsmand/Jura/Politik,,folketingsmand;etatsraad
Reg0046170,,,
Reg0046180,Embedsmand/Jura/Politik,,overretsprokurator
Reg0046190,,,
Reg0046200,Handel/Erhverv,,forlagsboghandler
Reg0046210,Adel/Kongelig/Hof;Embedsmand/Jura/Politik,,greve;legationssekretær
Reg0046220,Forfatter/Digter;Musiker/Scenekunst,bibliotek.html;teater-musik.html,forfatter
Reg0046230,Handel/Erhverv,,besidder
Reg0046240,,,
Reg0046250,Embedsmand/Jura/Politik,,etatsraad
Reg0046260,,,
Reg0046270,Adel/Kongelig/Hof;Handel/Erhverv;Militær,,sekondløjtnant;artilleriet;premierløjtnant;besidder;kammerherre
Reg0046280,Adel/Kongelig/Hof;Handel/Erhverv;Militær,,oberstløjtnant;kammerherre;besidder
Reg0046290,,,
Reg0046300,Adel/Kongelig/Hof,,stiftsdame
Reg0046310,Militær,,premierløjtnant
Reg0046320,,,
Reg0046330,,,
Reg0046340,Adel/Kongelig/Hof;Handel/Erhverv,,forpagter;ejer;kammerjunker
Reg0046350,Adel/Kongelig/Hof;Handel/Erhverv,,godsejer;hofjægermester
Reg0046360,Militær,,generalmajor
Reg0046370,,,
Reg0046380,,,
Reg0046390,Akademiker/Lærd,,distriktslæge
Reg0046400,,,
Reg0046410,,,
Reg0046420,,,
Reg0046430,,,
Reg0046440,,,
Reg0046450,,,
Reg0046460,Adel/Kongelig/Hof;Militær,,ritmester;kammerherre
Reg0046470,,,
Reg0046480,Adel/Kongelig/Hof;Akademiker/Lærd;Handel/Erhverv,,student;forpagter;hofjægermester;kammerherre
Reg0046490,Embedsmand/Jura/Politik,,kontorchef
Reg0046500,Adel/Kongelig/Hof;Handel/Erhverv;Militær,,sekondløjtnant;kammerjunker;hofjægermester;kammerherre;besidder
Reg0046510,,,
Reg0046520,Adel/Kongelig/Hof;Handel/Erhverv,,besidder;kammerherre
Reg0046530,Adel/Kongelig/Hof;Militær,,sekondløjtnant;premierløjtnant;ritmester;adjudant;kammerherre;dronning;hofchef;gehejmekonferensraad
Reg0046540,Adel/Kongelig/Hof;Embedsmand/Jura/Politik;Handel/Erhverv,,gesandtskab;legationssekretær;besidder;kammerherre
Reg0046550,Handel/Erhverv,,besidder
Reg0046560,Adel/Kongelig/Hof;Akademiker/Lærd;Embedsmand/Jura/Politik,,student;gesandt;kammerherre
Reg0046570,,,
Reg0046580,,,
Reg0046590,,,
Reg0046600,Kunstner/Billedkunst,billedkunst.html,maler
Reg0046610,,,
Reg0046620,Forfatter/Digter,,digter
Reg0046630,,,
Reg0046640,Akademiker/Lærd;Forfatter/Digter,,forfatter;bibliotekar
Reg0046650,Adel/Kongelig/Hof,,konge
Reg0046660,,,
Reg0046670,,,
Reg0046680,,,
Reg0046690,Adel/Kongelig/Hof;Militær,,oberstløjtnant;kammerherre
Reg0046700,,,
Reg0046710,,,
Reg0046720,,,
Reg0046730,,,
Reg0046740,Adel/Kongelig/Hof,,hofdame
Reg0046750,,,
Reg0046760,,,
Reg0046770,Musiker/Scenekunst,,operasanger
Reg0046780,Akademiker/Lærd,,ingeniør
Reg0046790,,,
Reg0046800,,,
Reg0046810,,,
Reg0046820,Kunstner/Billedkunst,,maler
Reg0046830,Embedsmand/Jura/Politik,,statsmand
Reg0046840,,,
Reg0046850,,,
Reg0046860,,,
Reg0046870,Embedsmand/Jura/Politik,,advokat
Reg0046880,,,
Reg0046890,,,
Reg0046900,,,
Reg0046910,Embedsmand/Jura/Politik,,borgmester;justitsraad
Reg0046920,,,
Reg0046930,Kunstner/Billedkunst,billedkunst.html,billedhugger
Reg0046940,,,
Reg0046950,,,
Reg0046960,,,
Reg0046970,,,
Reg0046980,Musiker/Scenekunst,,balletdanserinde
Reg0046990,Forfatter/Digter,,digter
Reg0047000,Musiker/Scenekunst,,skuespiller
Reg0047010,Musiker/Scenekunst,,operasanger
Reg0047020,Militær,,ritmester;adjudant;oberst
Reg0047030,Musiker/Scenekunst,,danserinde
Reg0047040,,,
Reg0047050,,,
Reg0047060,Forfatter/Digter,,digter
Reg0047070,,,
Reg0047080,,,
Reg0047090,Militær,,løjtnant;oberst
Reg0047100,,,
Reg0047110,,,
Reg0047120,,,
Reg0047130,Militær,,løjtnant
Reg0047140,Militær,,general
Reg0047150,Kunstner/Billedkunst,,billedhugger
Reg0047160,Embedsmand/Jura/Politik,,konsul
Reg0047170,Akademiker/Lærd,,ingeniør
Reg0047180,,,
Reg0047190,Forfatter/Digter,,forfatterinde
Reg0047200,Akademiker/Lærd,,professor
Reg0047210,Kunstner/Billedkunst,billedkunst.html,billedhugger
Reg0047220,Musiker/Scenekunst,,operasanger
Reg0047230,,,
Reg0047240,Musiker/Scenekunst,,skuespiller
Reg0047250,,,
Reg0047260,Handel/Erhverv,,boghandler;forlægger
Reg0047270,Forfatter/Digter,,forfatter
Reg0047280,Musiker/Scenekunst,teater-musik.html,komponist
Reg0047290,Handel/Erhverv,,købmand
Reg0047300,,,
Reg0047310,Embedsmand/Jura/Politik;Handel/Erhverv,,konsul;bankier
Reg0047320,Gejstlig,,kateket;sognepræst
Reg0047330,Forfatter/Digter,,forfatter
Reg0047340,Adel/Kongelig/Hof,,konge
Reg0047350,Musiker/Scenekunst,,komponist
Reg0047360,Forfatter/Digter;Gejstlig,,præst;digter
Reg0047370,Embedsmand/Jura/Politik,,guvernør
Reg0047380,Musiker/Scenekunst,,skuespiller
Reg0047390,,,
Reg0047400,,,
Reg0047410,,,
Reg0047420,,,
Reg0047430,Handel/Erhverv,,købmand
Reg0047440,,,
Reg0047450,,,
Reg0047460,,,
Reg0047470,,,
Reg0047480,,,
Reg0047490,Akademiker/Lærd,,professor
Reg0047500,Embedsmand/Jura/Politik,,konsul
Reg0047510,Kunstner/Billedkunst,billedkunst.html,billedhugger
Reg0047520,Kunstner/Billedkunst,billedkunst.html,
Reg0047530,,,
Reg0047540,,,
Reg0047550,,,
Reg0047560,Embedsmand/Jura/Politik,,byfoged;herredsfoged;justitsraad;etatsraad
Reg0047570,,,
Reg0047580,,,
Reg0047590,Handel/Erhverv,,vinhandler
Reg0047600,Akademiker/Lærd;Kunstner/Billedkunst,,student;tegner;maler
Reg0047610,Forfatter/Digter,,forfatterinde
Reg0047620,,,
Reg0047630,,,
Reg0047640,,,
Reg0047650,,,
Reg0047660,,,
Reg0047670,,,
Reg0047680,,,
Reg0047690,,,
Reg0047700,Handel/Erhverv,,forpagter
Reg0047710,,,
Reg0047720,Forfatter/Digter,,oversætterinde
Reg0047730,Akademiker/Lærd,,student;professor
Reg0047740,Handel/Erhverv,,købmand;fabrikant;agent
Reg0047750,Militær,,løjtnant;søetaten;kommandør
Reg0047760,Embedsmand/Jura/Politik,,gesandt
Reg0047770,,,
Reg0047780,Adel/Kongelig/Hof,,kammerherre;hofjægermester
Reg0047790,,,
Reg0047800,,,
Reg0047810,Musiker/Scenekunst,,skuespiller;operasanger
Reg0047820,Militær,,officer
Reg0047830,Musiker/Scenekunst,,operasanger
Reg0047840,Embedsmand/Jura/Politik;Forfatter/Digter,bibliotek.html,statsmand;forfatter
Reg0047850,,,
Reg0047860,Musiker/Scenekunst,teater-musik.html,operakomponist
Reg0047870,Kunstner/Billedkunst,,maler
Reg0047880,Musiker/Scenekunst,,operasangerinde
Reg0047890,,,
Reg0047900,,,
Reg0047910,,,
Reg0047920,,,
Reg0047930,,,
Reg0047940,,,
Reg0047950,Adel/Kongelig/Hof;Handel/Erhverv,,direktør;kammerherre;gehejmekonferensraad
Reg0047960,Embedsmand/Jura/Politik,,inspektør;justitsraad
Reg0047970,Forfatter/Digter;Musiker/Scenekunst,teater-musik.html,forfatter
Reg0047980,,,
Reg0047990,,,
Reg0048000,Embedsmand/Jura/Politik;Gejstlig,,theolog;politiker
Reg0048010,Embedsmand/Jura/Politik;Handel/Erhverv,,agent;generalkonsul;grosserer;etatsraad
Reg0048020,,,
Reg0048030,,,
Reg0048040,Adel/Kongelig/Hof;Militær,,ritmester;kammerjunker
Reg0048050,Akademiker/Lærd,,læge
Reg0048060,Forfatter/Digter,,journalist
Reg0048070,Akademiker/Lærd,,botaniker;professor
Reg0048080,Gejstlig,,pave
Reg0048090,Gejstlig,,pave
Reg0048100,Gejstlig,,pave
Reg0048110,Gejstlig,,pave
Reg0048120,Gejstlig,,pave
Reg0048130,Gejstlig,,pave
Reg0048140,,,
Reg0048150,Akademiker/Lærd;Embedsmand/Jura/Politik,,student;kabinetssekretær;konferensraad
Reg0048160,,,
Reg0048170,Kunstner/Billedkunst,,fotograf
Reg0048180,,,
Reg0048190,,,
Reg0048200,Musiker/Scenekunst,,komponist
Reg0048210,Forfatter/Digter,,journalist
Reg0048220,,,
Reg0048230,,,
Reg0048240,,,
Reg0048250,,,
Reg0048260,,,
Reg0048270,Adel/Kongelig/Hof,,hofdame
Reg0048280,,,
Reg0048290,Adel/Kongelig/Hof,,kammerjunker
Reg0048300,,,
Reg0048310,Adel/Kongelig/Hof,,hofdame
Reg0048320,,,
Reg0048330,Forfatter/Digter,,forfatter
Reg0048340,Gejstlig,,konventualinde
Reg0048350,,,
Reg0048360,,,
Reg0048370,Embedsmand/Jura/Politik,,borgmester;etatsraad
Reg0048380,,,
Reg0048390,,,
Reg0048400,,,
Reg0048410,,,
Reg0048420,,,
Reg0048430,,,
Reg0048440,Adel/Kongelig/Hof;Handel/Erhverv,,besidder;hofjægermester;kammerherre
Reg0048450,Forfatter/Digter,,forfatterinde
Reg0048460,,,
Reg0048470,Embedsmand/Jura/Politik,,justitsraad
Reg0048480,Embedsmand/Jura/Politik,,amtmand
Reg0048490,,,
Reg0048500,Adel/Kongelig/Hof;Embedsmand/Jura/Politik,,gesandtskab;kammerherre
Reg0048510,Adel/Kongelig/Hof;Embedsmand/Jura/Politik;Handel/Erhverv,,legationssekretær;gesandt;kammerherre;ejer
Reg0048520,,,
Reg0048530,Forfatter/Digter,,journalist
Reg0048540,Forfatter/Digter;Handel/Erhverv,,redaktør;indehaver
Reg0048550,,,
Reg0048560,Akademiker/Lærd;Forfatter/Digter,bibliotek.html,student;journalist;professor
Reg0048570,Embedsmand/Jura/Politik;Forfatter/Digter;Handel/Erhverv,bibliotek.html,assessor;assessor;direktør;direktør
Reg0048580,Forfatter/Digter,bibliotek.html,
Reg0048590,,,
Reg0048600,Embedsmand/Jura/Politik;Handel/Erhverv,,fuldmægtig;grosserer
Reg0048610,,,
Reg0048620,,,
Reg0048630,,,
Reg0048640,,,
Reg0048650,,,
Reg0048660,,,
Reg0048670,Akademiker/Lærd;Forfatter/Digter,,student;journalist
Reg0048680,,,
Reg0048690,Adel/Kongelig/Hof;Embedsmand/Jura/Politik,,etatsraad;konferensraad;gehejmekonferensraad
Reg0048700,Akademiker/Lærd;Embedsmand/Jura/Politik,,student;etatsraad
Reg0048710,,,
Reg0048720,,,
Reg0048730,,,
Reg0048740,,,
Reg0048750,,,
Reg0048760,,,
Reg0048770,,,
Reg0048780,,,
Reg0048790,,,
Reg0048800,Akademiker/Lærd,,student;professor;læge
Reg0048810,,,
Reg0048820,Forfatter/Digter;Kunstner/Billedkunst,,maler;forfatter
Reg0048830,,,
Reg0048840,Forfatter/Digter,,forfatter
Reg0048850,,,
Reg0048860,Musiker/Scenekunst,,skuespillerinde
Reg0048870,,,
Reg0048880,Akademiker/Lærd,,professor
Reg0048890,,,
Reg0048900,Kunstner/Billedkunst,,maler
Reg0048910,Embedsmand/Jura/Politik,,kancelliraad
Reg0048920,,,
Reg0048930,Handel/Erhverv,,indehaver
Reg0048940,Handel/Erhverv,,købmand
Reg0048950,Kunstner/Billedkunst,,billedhugger
Reg0048960,,,
Reg0048970,Kunstner/Billedkunst,billedkunst.html,maler
Reg0048980,Adel/Kongelig/Hof,,kejser
Reg0048990,,,
Reg0049000,Adel/Kongelig/Hof,,kejser
Reg0049010,Kunstner/Billedkunst,billedkunst.html,maler
Reg0049020,,,
Reg0049030,Handel/Erhverv,,ejer
Reg0049040,Embedsmand/Jura/Politik;Forfatter/Digter,,publicist;politiker;udgiver
Reg0049050,Forfatter/Digter,bibliotek.html,romanforfatter
Reg0049060,Adel/Kongelig/Hof;Embedsmand/Jura/Politik,,gesandt;ministerresident;kammerherre
Reg0049070,,,
Reg0049080,,,
Reg0049090,,,
Reg0049100,,,
Reg0049110,,,
Reg0049120,Handel/Erhverv,,bankier
Reg0049130,,,
Reg0049140,,,
Reg0049150,,,
Reg0049160,Forfatter/Digter,,digter
Reg0049170,Embedsmand/Jura/Politik,,advokat
Reg0049180,,,
Reg0049190,,,
Reg0049200,,,
Reg0049210,Kunstner/Billedkunst,billedkunst.html,maler
Reg0049220,Embedsmand/Jura/Politik;Forfatter/Digter,,journalist;advokat
Reg0049230,Kunstner/Billedkunst,,maler
Reg0049240,Musiker/Scenekunst,,skuespiller
Reg0049250,,,
Reg0049260,Adel/Kongelig/Hof,,hofchef;hertug
Reg0049270,Forfatter/Digter;Musiker/Scenekunst,,skuespiller;skuespilforfatter
Reg0049280,,,
Reg0049290,,,
Reg0049300,,,
Reg0049310,Handel/Erhverv,,direktør
Reg0049320,,,
Reg0049330,Handel/Erhverv,,forlagsboghandler
Reg0049340,Militær,,kommandant
Reg0049350,,,
Reg0049360,Handel/Erhverv;Militær,,generalmajor;direktør
Reg0049370,,,
Reg0049380,Akademiker/Lærd;Musiker/Scenekunst,,klavervirtuos;professor
Reg0049390,,,
Reg0049400,,,
Reg0049410,Adel/Kongelig/Hof;Handel/Erhverv,,kammerherre;hofmarskal;besidder
Reg0049420,Adel/Kongelig/Hof,,kammerjunker
Reg0049430,,,
Reg0049440,Embedsmand/Jura/Politik,,gesandt
Reg0049450,Akademiker/Lærd;Militær,,student;kaptajn
Reg0049460,,,
Reg0049470,,,
Reg0049480,Kunstner/Billedkunst,,maler
Reg0049490,Forfatter/Digter;Kunstner/Billedkunst,,maler;digter
Reg0049500,Adel/Kongelig/Hof,,kammerherre
Reg0049510,,,
Reg0049520,,,
Reg0049530,,,
Reg0049540,,,
Reg0049550,Handel/Erhverv,,købmand
Reg0049560,Embedsmand/Jura/Politik,,etatsraad
Reg0049570,Akademiker/Lærd;Forfatter/Digter;Handel/Erhverv,,docent;journalist;forlagsboghandler;redaktør
Reg0049580,Embedsmand/Jura/Politik,,vicekonsul;generalkonsul
Reg0049590,Forfatter/Digter,,forfatterinde
Reg0049600,,,
Reg0049610,Forfatter/Digter;Kunstner/Billedkunst,bibliotek.html,digter;tegner
Reg0049620,Handel/Erhverv,,vinhandler
Reg0049630,Musiker/Scenekunst,,komponist
Reg0049640,,,
Reg0049650,,,
Reg0049660,Embedsmand/Jura/Politik,,ministerresident
Reg0049670,Handel/Erhverv,,hotelvært
Reg0049680,,,
Reg0049690,Adel/Kongelig/Hof;Akademiker/Lærd;Handel/Erhverv,,arkæolog;professor;prins;professor;direktør
Reg0049700,Forfatter/Digter,,digter;redaktør
Reg0049710,,,
Reg0049720,Embedsmand/Jura/Politik,,gesandt
Reg0049730,Embedsmand/Jura/Politik;Forfatter/Digter;Militær,,statsmand;feltherre;forfatter
Reg0049740,,,
Reg0049750,Embedsmand/Jura/Politik,,konsul
Reg0049760,Militær,,generalmajor
Reg0049770,Akademiker/Lærd;Embedsmand/Jura/Politik,,docent;politiker
Reg0049780,Handel/Erhverv,,besidder
Reg0049790,Forfatter/Digter,,litterat
Reg0049800,Kunstner/Billedkunst,billedkunst.html,
Reg0049810,,,
Reg0049820,,,
Reg0049830,Musiker/Scenekunst,,dirigent
Reg0049840,,,
Reg0049850,,,
Reg0049860,,,
Reg0049870,Akademiker/Lærd;Embedsmand/Jura/Politik,,rektor;folketingsmand;professor
Reg0049880,Akademiker/Lærd;Gejstlig,,kateket;overlærer;sognepræst
Reg0049890,,,
Reg0049900,,,
Reg0049910,Handel/Erhverv,,boghandler
Reg0049920,Kunstner/Billedkunst,billedkunst.html,landskabsmaler
Reg0049930,Musiker/Scenekunst,,pianist
Reg0049940,Kunstner/Billedkunst,billedkunst.html,maler
Reg0049950,Handel/Erhverv,,besidder
Reg0049960,,,
Reg0049970,Musiker/Scenekunst,,skuespillerinde
Reg0049980,Akademiker/Lærd;Embedsmand/Jura/Politik,,student;professor;etatsraad;konferensraad
Reg0049990,Forfatter/Digter;Gejstlig,,digter;præst
Reg0050000,Akademiker/Lærd,,historiker;professor
Reg0050010,,,
Reg0050020,Adel/Kongelig/Hof;Akademiker/Lærd;Embedsmand/Jura/Politik;Militær,,student;auditør;kancellist;departementschef;stiftamtmand;etatsraad;kammerherre
Reg0050030,,,
Reg0050040,,,
Reg0050050,,,
Reg0050060,,,
Reg0050070,,,
Reg0050080,Musiker/Scenekunst,,skuespillerinde
Reg0050090,Musiker/Scenekunst,,skuespiller
Reg0050100,Gejstlig;Musiker/Scenekunst,teater-musik.html,sognepræst
Reg0050110,,,
Reg0050120,,,
Reg0050130,,,
Reg0050140,Embedsmand/Jura/Politik,,konsul
Reg0050150,Militær,,premierløjtnant
Reg0050160,,,
Reg0050170,Embedsmand/Jura/Politik,,konsul
Reg0050180,,,
Reg0050190,,,
Reg0050200,Embedsmand/Jura/Politik,,konsul
Reg0050210,,,
Reg0050220,Gejstlig,,sognepræst;sognepræst
Reg0050230,Embedsmand/Jura/Politik;Forfatter/Digter,,politiker;publicist;redaktør
Reg0050240,Embedsmand/Jura/Politik;Militær,,generalmajor;landshøvding;kommandant
Reg0050250,,,
Reg0050260,Akademiker/Lærd,,professor
Reg0050270,Musiker/Scenekunst,,skuespillerinde
Reg0050280,,,
Reg0050290,Akademiker/Lærd;Gejstlig,,student;sognepræst;stiftsprovst
Reg0050300,,,
Reg0050310,,,
Reg0050320,,,
Reg0050330,,,
Reg0050340,,,
Reg0050350,Forfatter/Digter,,digter
Reg0050360,Embedsmand/Jura/Politik,,landshøvding
Reg0050370,Forfatter/Digter,bibliotek.html,
Reg0050380,,,
Reg0050390,,,
Reg0050400,,,
Reg0050410,Adel/Kongelig/Hof,,konge
Reg0050420,,,
Reg0050430,Adel/Kongelig/Hof,,dronning;enkedronning
Reg0050440,,,
Reg0050450,,,
Reg0050460,Adel/Kongelig/Hof,,konge
Reg0050470,Adel/Kongelig/Hof,,konge
Reg0050480,Adel/Kongelig/Hof,,konge
Reg0050490,Adel/Kongelig/Hof,,konge
Reg0050500,Adel/Kongelig/Hof,,konge
Reg0050510,Adel/Kongelig/Hof,,konge
Reg0050520,Adel/Kongelig/Hof,,konge
Reg0050530,,,
Reg0050540,Adel/Kongelig/Hof,,konge
Reg0050550,,,
Reg0050560,,,
Reg0050570,,,
Reg0050580,,,
Reg0050590,Adel/Kongelig/Hof,,konge
Reg0050600,,,
Reg0050610,,,
Reg0050620,Adel/Kongelig/Hof,,konge
Reg0050630,Adel/Kongelig/Hof,,konge
Reg0050640,Adel/Kongelig/Hof,,konge
Reg0050650,Adel/Kongelig/Hof,,konge
Reg0050660,Adel/Kongelig/Hof,,konge
Reg0050670,Adel/Kongelig/Hof,,konge
Reg0050680,Adel/Kongelig/Hof,,konge
Reg0050690,,,
Reg0050700,Adel/Kongelig/Hof,,konge
Reg0050710,,,
Reg0050720,Adel/Kongelig/Hof,,konge
Reg0050730,,,
Reg0050740,Adel/Kongelig/Hof,,dronning
Reg0050750,Adel/Kongelig/Hof,,dronning
Reg0050760,,,
Reg0050770,,,
Reg0050780,,,
Reg0050790,,,
Reg0050800,,,
Reg0050810,,,
Reg0050820,,,
Reg0050830,,,
Reg0050840,,,
Reg0050850,Adel/Kongelig/Hof,,konge
Reg0050860,Adel/Kongelig/Hof,,konge
Reg0050870,Adel/Kongelig/Hof,,konge
Reg0050880,Militær,,søofficer;admiral
Reg0050890,Adel/Kongelig/Hof,,konge
Reg0050900,,,
Reg0050910,Kunstner/Billedkunst,,billedhugger
Reg0050920,Adel/Kongelig/Hof,,kammerherre
Reg0050930,Adel/Kongelig/Hof;Handel/Erhverv;Militær,,lensgreve;oberstløjtnant;kammerherre;besidder
Reg0050940,,,
Reg0050950,,,
Reg0050960,,,
Reg0050970,,,
Reg0050980,,,
Reg0050990,,,
Reg0051000,,,
Reg0051010,Adel/Kongelig/Hof;Handel/Erhverv,,gehejmekonferensraad;lensgreve;besidder
Reg0051020,Adel/Kongelig/Hof;Handel/Erhverv,,godsejer;hofchef
Reg0051030,Adel/Kongelig/Hof;Handel/Erhverv,,lensgreve;besidder
Reg0051040,,,
Reg0051050,,,
Reg0051060,,,
Reg0051070,,,
Reg0051080,Handel/Erhverv,,besidder
Reg0051090,,,
Reg0051100,,,
Reg0051110,Adel/Kongelig/Hof,,lensgreve
Reg0051120,,,
Reg0051130,,,
Reg0051140,,,
Reg0051150,,,
Reg0051160,Adel/Kongelig/Hof;Militær,,sekondløjtnant;premierløjtnant;hofjægermester
Reg0051170,Handel/Erhverv,,direktør;besidder
Reg0051180,Militær,,premierløjtnant;søetaten
Reg0051190,,,
Reg0051200,,,
Reg0051210,Forfatter/Digter,,digter
Reg0051220,Militær,,officer
Reg0051230,,,
Reg0051240,,,
Reg0051250,,,
Reg0051260,,,
Reg0051270,Militær,,løjtnant;oberstløjtnant
Reg0051280,,,
Reg0051290,Forfatter/Digter,,forfatter
Reg0051300,Adel/Kongelig/Hof,,konge
Reg0051310,,,
Reg0051320,Handel/Erhverv;Militær,,oberstløjtnant;kavalleriet;besidder
Reg0051330,,,
Reg0051340,Akademiker/Lærd;Forfatter/Digter,,forfatter;oversætter;filolog
Reg0051350,Musiker/Scenekunst,,violinist
Reg0051360,,,
Reg0051370,Forfatter/Digter,,forfatterinde
Reg0051380,Gejstlig,,biskop
Reg0051390,Forfatter/Digter;Militær,bibliotek.html,general
Reg0051400,,,
Reg0051410,,,
Reg0051420,Kunstner/Billedkunst,,maler
Reg0051430,Embedsmand/Jura/Politik,,gesandt
Reg0051440,,,
Reg0051450,,,
Reg0051460,,,
Reg0051470,Handel/Erhverv,,ejer
Reg0051480,,,
Reg0051490,,,
Reg0051500,Akademiker/Lærd;Embedsmand/Jura/Politik;Forfatter/Digter,bibliotek.html,professor;etatsraad;konferensraad
Reg0051510,,,
Reg0051520,,,
Reg0051530,Musiker/Scenekunst,,komponist
Reg0051540,Musiker/Scenekunst,,violinist;komponist
Reg0051550,,,
Reg0051560,Handel/Erhverv,,ejer
Reg0051570,Kunstner/Billedkunst,,maler
Reg0051580,,,
Reg0051590,Handel/Erhverv,,købmand
Reg0051600,,,
Reg0051610,Akademiker/Lærd,,læge;distriktslæge
Reg0051620,Kunstner/Billedkunst,,billedhugger
Reg0051630,,,
Reg0051640,Forfatter/Digter;Musiker/Scenekunst,teater-musik.html,redaktør;forfatter
Reg0051650,Embedsmand/Jura/Politik,,generalkonsul
Reg0051660,Musiker/Scenekunst,,skuespiller
Reg0051670,,,
Reg0051680,,,
Reg0051690,,,
Reg0051700,,,
Reg0051710,,,
Reg0051720,,,
Reg0051730,Adel/Kongelig/Hof,,overhofmesterinde;dronning
Reg0051740,,,
Reg0051750,,,
Reg0051760,,,
Reg0051770,,,
Reg0051780,,,
Reg0051790,,,
Reg0051800,Akademiker/Lærd,,guvernante
Reg0051810,Adel/Kongelig/Hof,,hofdame;dronning
Reg0051820,Akademiker/Lærd,,bibliotekar;professor
Reg0051830,,,
Reg0051840,Akademiker/Lærd,,professor
Reg0051850,,,
Reg0051860,Embedsmand/Jura/Politik,,advokat
Reg0051870,Kunstner/Billedkunst,billedkunst.html,historiemaler
Reg0051880,Musiker/Scenekunst,,skuespillerinde
Reg0051890,Handel/Erhverv,,købmand
Reg0051900,Handel/Erhverv,,grosserer
Reg0051910,Akademiker/Lærd,,læge
Reg0051920,,,
Reg0051930,Forfatter/Digter;Militær,,sekondløjtnant;artilleriet;premierløjtnant;digter
Reg0051940,,,
Reg0051950,Forfatter/Digter;Musiker/Scenekunst,teater-musik.html,forfatter
Reg0051960,Musiker/Scenekunst,,skuespillerinde
Reg0051970,,,
Reg0051980,Militær,,underløjtnant
Reg0051990,Embedsmand/Jura/Politik,,diplomat;landshøvding
Reg0052000,,,
Reg0052010,Forfatter/Digter,,journalist
Reg0052020,Musiker/Scenekunst,teater-musik.html,
Reg0052030,Akademiker/Lærd;Gejstlig,,student;sognepræst
Reg0052040,Embedsmand/Jura/Politik,,overretsprokurator;kancelliraad
Reg0052050,Forfatter/Digter;Handel/Erhverv,,boghandler;udgiver
Reg0052060,,,
Reg0052070,,,
Reg0052080,Handel/Erhverv,,købmand
Reg0052090,Handel/Erhverv,,købmand
Reg0052100,,,
Reg0052110,Adel/Kongelig/Hof;Embedsmand/Jura/Politik,,konsul;generalkonsul;baron
Reg0052120,,,
Reg0052130,,,
Reg0052140,,,
Reg0052150,Embedsmand/Jura/Politik,,statsmand
Reg0052160,Embedsmand/Jura/Politik;Forfatter/Digter,,advokat;oversætter
Reg0052170,Kunstner/Billedkunst,billedkunst.html,portrætmaler
Reg0052180,Handel/Erhverv,,forlagsboghandler
Reg0052190,,,
Reg0052200,,,
Reg0052210,,,
Reg0052220,Gejstlig,,præst
Reg0052230,,,
Reg0052240,,,
Reg0052250,,,
Reg0052260,,,
Reg0052270,,,
Reg0052280,Embedsmand/Jura/Politik;Forfatter/Digter,,jurist;forfatter;politiker
Reg0052290,Kunstner/Billedkunst,,kunstsamler
Reg0052300,Musiker/Scenekunst,,skuespiller
Reg0052310,Handel/Erhverv;Musiker/Scenekunst,,skuespiller;intendant
Reg0052320,Musiker/Scenekunst,,skuespiller
Reg0052330,Musiker/Scenekunst,,skuespiller
Reg0052340,Musiker/Scenekunst,,skuespiller
Reg0052350,,,
Reg0052360,,,
Reg0052370,,,
Reg0052380,Militær,,kaptajn;søetaten
Reg0052390,Militær,,frivillig
Reg0052400,Akademiker/Lærd,,rektor
Reg0052410,,,
Reg0052420,,,
Reg0052430,Forfatter/Digter,bibliotek.html,
Reg0052440,Forfatter/Digter,bibliotek.html,digter
Reg0052450,,,
Reg0052460,,,
Reg0052470,Akademiker/Lærd,,student
Reg0052480,,,
Reg0052490,,,
Reg0052500,,,
Reg0052510,Militær,,officer
Reg0052520,,,
Reg0052530,,,
Reg0052540,,,
Reg0052550,Akademiker/Lærd,,litteraturhistoriker;docent;professor;professor
Reg0052560,Kunstner/Billedkunst,,malerinde
Reg0052570,Adel/Kongelig/Hof,,greve
Reg0052580,Handel/Erhverv,,direktør
Reg0052590,Adel/Kongelig/Hof,,grevinde
Reg0052600,Handel/Erhverv;Militær,,premierløjtnant;artilleriet;besidder
Reg0052610,Forfatter/Digter;Handel/Erhverv;Militær,,sekondløjtnant;premierløjtnant;ejer;forfatter
Reg0052620,Akademiker/Lærd,,student
Reg0052630,Adel/Kongelig/Hof;Forfatter/Digter;Handel/Erhverv,,digter;intendant;friherre
Reg0052640,,,
Reg0052650,Musiker/Scenekunst,,operasangerinde
Reg0052660,Akademiker/Lærd,,filosof
Reg0052670,Forfatter/Digter,,forfatter
Reg0052680,Adel/Kongelig/Hof;Militær,,kaptajnløjtnant;søetaten;kaptajn;kommandør;kammerherre
Reg0052690,,,
Reg0052700,Adel/Kongelig/Hof;Embedsmand/Jura/Politik,,gesandt;kammerherre;gehejmekonferensraad
Reg0052710,Embedsmand/Jura/Politik;Forfatter/Digter,,statsmand;forfatter
Reg0052720,,,
Reg0052730,Musiker/Scenekunst,,skuespiller
Reg0052740,,,
Reg0052750,,,
Reg0052760,Akademiker/Lærd;Embedsmand/Jura/Politik,,distriktslæge;kancelliraad
Reg0052770,,,
Reg0052780,Akademiker/Lærd,,læge
Reg0052790,Gejstlig,,sognepræst;provst
Reg0052800,Embedsmand/Jura/Politik,,konferensraad
Reg0052810,,,
Reg0052820,Embedsmand/Jura/Politik;Militær,,kommandørkaptajn;gesandt;kontreadmiral;admiral
Reg0052830,Handel/Erhverv;Militær,,sekondløjtnant;søetaten;premierløjtnant;kaptajnløjtnant;bogholder
Reg0052840,,,
Reg0052850,Forfatter/Digter,,forfatter
Reg0052860,Handel/Erhverv;Militær,,sekondløjtnant;kaptajn;fabrikant
Reg0052870,,,
Reg0052880,Akademiker/Lærd;Embedsmand/Jura/Politik,,historiker;gesandt
Reg0052890,Kunstner/Billedkunst,billedkunst.html,maler
Reg0052900,,,
Reg0052910,Embedsmand/Jura/Politik,,gesandt;guvernør
Reg0052920,,,
Reg0052930,Kunstner/Billedkunst,,maler
Reg0052940,Adel/Kongelig/Hof,,kejser
Reg0052950,,,
Reg0052960,Kunstner/Billedkunst,,billedhugger
Reg0052970,Musiker/Scenekunst,teater-musik.html,operakomponist
Reg0052980,,,
Reg0052990,,,
Reg0053000,,,
Reg0053010,Embedsmand/Jura/Politik,,konferensraad
Reg0053020,Handel/Erhverv,,bankier
Reg0053030,,,
Reg0053040,Militær,,premierløjtnant;søetaten;kontreadmiral
Reg0053050,Embedsmand/Jura/Politik;Handel/Erhverv,,besidder;etatsraad
Reg0053060,,,
Reg0053070,,,
Reg0053080,Handel/Erhverv,,forpagter
Reg0053090,Embedsmand/Jura/Politik;Handel/Erhverv;Militær,,frivillig;sekondløjtnant;kaptajn;direktør;etatsraad
Reg0053100,Handel/Erhverv,,forpagter
Reg0053110,,,
Reg0053120,Akademiker/Lærd,,læge;professor
Reg0053130,,,
Reg0053140,Embedsmand/Jura/Politik;Militær,,landshøvding;generalmajor
Reg0053150,Akademiker/Lærd;Handel/Erhverv;Musiker/Scenekunst,,skuespiller;direktør;professor
Reg0053160,Akademiker/Lærd,,lærerinde
Reg0053170,,,
Reg0053180,,,
Reg0053190,,,
Reg0053200,Embedsmand/Jura/Politik,,postmester
Reg0053210,Forfatter/Digter,,digter
Reg0053220,Musiker/Scenekunst,,skuespillerinde
Reg0053230,Embedsmand/Jura/Politik,,gesandt
Reg0053240,Handel/Erhverv,,bankier
Reg0053250,Kunstner/Billedkunst,billedkunst.html,maler
Reg0053260,,,
Reg0053270,Adel/Kongelig/Hof,,hertug
Reg0053280,,,
Reg0053290,,,
Reg0053300,Akademiker/Lærd,,læge;professor
Reg0053310,,,
Reg0053320,,,
Reg0053330,Embedsmand/Jura/Politik;Handel/Erhverv,,apoteker;konsul
Reg0053340,Embedsmand/Jura/Politik;Forfatter/Digter,,digter;advokat
Reg0053350,Handel/Erhverv,,direktør
Reg0053360,Embedsmand/Jura/Politik,,assessor;justitiarius;justitsraad;etatsraad;konferensraad
Reg0053370,,,
Reg0053380,,,
Reg0053390,,,
Reg0053400,Akademiker/Lærd,,student
Reg0053410,,,
Reg0053420,,,
Reg0053430,,,
Reg0053440,,,
Reg0053450,,,
Reg0053460,,,
Reg0053470,,,
Reg0053480,Kunstner/Billedkunst,,arkitekt
Reg0053490,,,
Reg0053500,,,
Reg0053510,,,
Reg0053520,Embedsmand/Jura/Politik,,stænderdeputeret
Reg0053530,,,
Reg0053540,Militær,,generalmajor
Reg0053550,,,
Reg0053560,,,
Reg0053570,,,
Reg0053580,,,
Reg0053590,,,
Reg0053600,,,
Reg0053610,,,
Reg0053620,Akademiker/Lærd,,ingeniør
Reg0053630,,,
Reg0053640,Handel/Erhverv,,fabrikant
Reg0053650,,,
Reg0053660,Forfatter/Digter,,oversætter
Reg0053670,,,
Reg0053680,Akademiker/Lærd;Embedsmand/Jura/Politik;Forfatter/Digter;Militær,,student;kancellist;fuldmægtig;kontorchef;sekondløjtnant;forfatter
Reg0053690,,,
Reg0053700,,,
Reg0053710,Militær,,premierløjtnant;kaptajn;oberst
Reg0053720,Embedsmand/Jura/Politik;Forfatter/Digter,,redaktør;kancelliraad;etatsraad
Reg0053730,Adel/Kongelig/Hof,,selskabsdame;grevinde
Reg0053740,,,
Reg0053750,Musiker/Scenekunst,,pianist;komponist
Reg0053760,,,
Reg0053770,Akademiker/Lærd,,læge
Reg0053780,,,
Reg0053790,,,
Reg0053800,,,
Reg0053810,Handel/Erhverv,,grosserer
Reg0053820,Handel/Erhverv,,grosserer
Reg0053830,,,
Reg0053840,,,
Reg0053850,Embedsmand/Jura/Politik,,toldforvalter
Reg0053860,,,
Reg0053870,,,
Reg0053880,Embedsmand/Jura/Politik,,ministerresident
Reg0053890,,,
Reg0053900,,,
Reg0053910,Embedsmand/Jura/Politik,,gesandt
Reg0053920,Embedsmand/Jura/Politik,,gesandt
Reg0053930,Forfatter/Digter,,forfatterinde;oversætterinde
Reg0053940,Musiker/Scenekunst,,operasanger
Reg0053950,Forfatter/Digter,,litterat;oversætter
Reg0053960,Adel/Kongelig/Hof,,dronning
Reg0053970,Forfatter/Digter,,forfatter
Reg0053980,,,
Reg0053990,Militær,,general
Reg0054000,Forfatter/Digter,,forfatter
Reg0054010,Forfatter/Digter,,forfatter
Reg0054020,,,
Reg0054030,,,
Reg0054040,Embedsmand/Jura/Politik,,departementschef;amtmand;præsident;konferensraad
Reg0054050,,,
Reg0054060,Adel/Kongelig/Hof,,selskabsdame
Reg0054070,,,
Reg0054080,,,
Reg0054090,,,
Reg0054100,Embedsmand/Jura/Politik;Handel/Erhverv,,grosserer;etatsraad
Reg0054110,Adel/Kongelig/Hof;Militær,,premierløjtnant;kavalleriet;ritmester;kammerjunker
Reg0054120,Adel/Kongelig/Hof;Militær,,oberstløjtnant;oberst;generalmajor;kommandant;kammerherre
Reg0054130,,,
Reg0054140,Musiker/Scenekunst,teater-musik.html,komponist
Reg0054150,Musiker/Scenekunst,,operasanger;komponist
Reg0054160,Forfatter/Digter,,oversætterinde
Reg0054170,Musiker/Scenekunst,,komponist;violinist
Reg0054180,,,
Reg0054190,,,
Reg0054200,Kunstner/Billedkunst,billedkunst.html,billedhugger
Reg0054210,Militær,,løjtnant
Reg0054220,Militær,,frivillig;sekondløjtnant
Reg0054230,Embedsmand/Jura/Politik,,konsul
Reg0054240,Gejstlig,,provst
Reg0054250,,,
Reg0054260,Kunstner/Billedkunst,billedkunst.html,maler
Reg0054270,Kunstner/Billedkunst,billedkunst.html,maler;tegner;raderer
Reg0054280,,,
Reg0054290,Kunstner/Billedkunst,billedkunst.html,maler;tegner
Reg0054300,Adel/Kongelig/Hof,,baron
Reg0054310,Adel/Kongelig/Hof,,hofdame;enkedronning
Reg0054320,Militær,,løjtnant
Reg0054330,,,
Reg0054340,,,
Reg0054350,Adel/Kongelig/Hof;Embedsmand/Jura/Politik;Militær,,ritmester;postmester;kammerjunker
Reg0054360,Militær,,sekondløjtnant;ritmester
Reg0054370,,,
Reg0054380,Akademiker/Lærd,,lærer;professor
Reg0054390,,,
Reg0054400,,,
Reg0054410,Akademiker/Lærd,,professor
Reg0054420,Musiker/Scenekunst,,operasanger
Reg0054430,Handel/Erhverv,,indehaver
Reg0054440,,,
Reg0054450,Akademiker/Lærd;Embedsmand/Jura/Politik,,historiker;gesandt
Reg0054460,Musiker/Scenekunst,,skuespiller
Reg0054470,,,
Reg0054480,,,
Reg0054490,,,
Reg0054500,,,
Reg0054510,,,
Reg0054520,,,
Reg0054530,Forfatter/Digter,,forfatter
Reg0054540,,,
Reg0054550,,,
Reg0054560,,,
Reg0054570,,,
Reg0054580,Adel/Kongelig/Hof;Handel/Erhverv,,direktør;kammerjunker
Reg0054590,,,
Reg0054600,Embedsmand/Jura/Politik;Handel/Erhverv,,ejer;folketingsmand;etatsraad
Reg0054610,Handel/Erhverv,,proprietær
Reg0054620,Kunstner/Billedkunst,,marinemaler
Reg0054630,,,
Reg0054640,Musiker/Scenekunst,,skuespillerinde
Reg0054650,,,
Reg0054660,Musiker/Scenekunst,,skuespiller
Reg0054670,Akademiker/Lærd;Forfatter/Digter,,digter;litteraturhistoriker;lærer
Reg0054680,,,
Reg0054690,Akademiker/Lærd;Forfatter/Digter,,forfatter;bibliotekar
Reg0054700,Kunstner/Billedkunst,,maler
Reg0054710,Kunstner/Billedkunst,billedkunst.html,maler
Reg0054720,,,
Reg0054730,Militær,,officer
Reg0054740,Embedsmand/Jura/Politik,,justitsraad
Reg0054750,,,
Reg0054760,,,
Reg0054770,Kunstner/Billedkunst,billedkunst.html,historiemaler
Reg0054780,Embedsmand/Jura/Politik;Militær,,landshøvding;generalmajor
Reg0054790,,,
Reg0054800,Militær,,premierløjtnant;artilleriet;oberstløjtnant
Reg0054810,Musiker/Scenekunst,,balletmester
Reg0054820,,,
Reg0054830,,,
Reg0054840,Handel/Erhverv,,købmand
Reg0054850,,,
Reg0054860,,,
Reg0054870,Akademiker/Lærd,,lærerinde
Reg0054880,,,
Reg0054890,,,
Reg0054900,Embedsmand/Jura/Politik,,konsul
Reg0054910,Adel/Kongelig/Hof,,grevinde
Reg0054920,Adel/Kongelig/Hof,,hofdame
Reg0054930,Adel/Kongelig/Hof;Militær,,generalmajor;kammerherre
Reg0054940,Kunstner/Billedkunst,,malerinde
Reg0054950,Adel/Kongelig/Hof;Militær,,officer;generalmajor;kammerherre
Reg0054960,,,
Reg0054970,,,
Reg0054980,Embedsmand/Jura/Politik,,borgmester;etatsraad;konferensraad
Reg0054990,Musiker/Scenekunst,,skuespillerinde
Reg0055000,,,
Reg0055010,Forfatter/Digter,,forfatterinde
Reg0055020,Kunstner/Billedkunst,,maler
Reg0055030,,,
Reg0055040,Militær,,ritmester
Reg0055050,,,
Reg0055060,Forfatter/Digter,,digter
Reg0055070,Kunstner/Billedkunst,,arkitekt
Reg0055080,Militær,,sekondløjtnant
Reg0055090,Handel/Erhverv,,bankier
Reg0055100,Handel/Erhverv,,apoteker
Reg0055110,,,
Reg0055120,,,
Reg0055130,,,
Reg0055140,Militær,,kontreadmiral
Reg0055150,,,
Reg0055160,,,
Reg0055170,,,
Reg0055180,Embedsmand/Jura/Politik,,kabinetssekretær;minister;gesandt
Reg0055190,Embedsmand/Jura/Politik;Forfatter/Digter,,kabinetssekretær;forfatterinde
Reg0055200,,,
Reg0055210,Forfatter/Digter;Musiker/Scenekunst,,skuespiller;skuespilforfatter
Reg0055220,,,
Reg0055230,Kunstner/Billedkunst,,maler
Reg0055240,,,
Reg0055250,,,
Reg0055260,Gejstlig,,præst
Reg0055270,Forfatter/Digter,bibliotek.html,redaktør
Reg0055280,,,
Reg0055290,Musiker/Scenekunst,,balletdanserinde
Reg0055300,,,
Reg0055310,Embedsmand/Jura/Politik,,konsul
Reg0055320,,,
Reg0055330,Akademiker/Lærd;Embedsmand/Jura/Politik,,overretssagfører;professor
Reg0055340,,,
Reg0055350,,,
Reg0055360,,,
Reg0055370,,,
Reg0055380,,,
Reg0055390,Akademiker/Lærd;Gejstlig,,student;sognepræst
Reg0055400,,,
Reg0055410,,,
Reg0055420,Militær,,sekondløjtnant
Reg0055430,Gejstlig,,sognepræst;provst
Reg0055440,,,
Reg0055450,Akademiker/Lærd,,arkæolog;adjunkt
Reg0055460,Gejstlig,,biskop
Reg0055470,,,
Reg0055480,,,
Reg0055490,,,
Reg0055500,Embedsmand/Jura/Politik,,overretssagfører
Reg0055510,,,
Reg0055520,,,
Reg0055530,Adel/Kongelig/Hof,,konge
Reg0055540,Adel/Kongelig/Hof,,konge
Reg0055550,Adel/Kongelig/Hof,,dronning
Reg0055560,Adel/Kongelig/Hof,,konge
Reg0055570,Adel/Kongelig/Hof,,konge
Reg0055580,,,
Reg0055590,Akademiker/Lærd,,ingeniør
Reg0055600,Musiker/Scenekunst,,skuespiller
Reg0055610,,,
Reg0055620,Handel/Erhverv,,agent
Reg0055630,Handel/Erhverv,,grosserer;direktør
Reg0055640,,,
Reg0055650,,,
Reg0055660,,,
Reg0055670,,,
Reg0055680,,,
Reg0055690,,,
Reg0055700,,,
Reg0055710,Musiker/Scenekunst,,violinist
Reg0055720,Musiker/Scenekunst,,operasangerinde
Reg0055730,Akademiker/Lærd,,adjunkt;overlærer;professor
Reg0055740,,,
Reg0055750,Militær,,kaptajn
Reg0055760,Kunstner/Billedkunst,billedkunst.html,maler
Reg0055770,Akademiker/Lærd;Embedsmand/Jura/Politik,,læge;distriktslæge;amtmand
Reg0055780,,,
Reg0055790,,,
Reg0055800,,,
Reg0055810,,,
Reg0055820,Embedsmand/Jura/Politik,,amtmand;konferensraad
Reg0055830,,,
Reg0055840,Gejstlig,,sognepræst
Reg0055850,,,
Reg0055860,Akademiker/Lærd,,guvernante
Reg0055870,,,
Reg0055880,Kunstner/Billedkunst,,maler
Reg0055890,Musiker/Scenekunst,,balletmester
Reg0055900,Handel/Erhverv,,ejer
Reg0055910,,,
Reg0055920,Adel/Kongelig/Hof;Embedsmand/Jura/Politik,,legationssekretær;gesandt;greve
Reg0055930,Musiker/Scenekunst,,skuespiller
Reg0055940,,,
Reg0055950,,,
Reg0055960,Akademiker/Lærd;Handel/Erhverv,,historiker;godsejer
Reg0055970,Embedsmand/Jura/Politik,,indenrigsminister
Reg0055980,,,
Reg0055990,Militær,,løjtnant
Reg0056000,,,
Reg0056010,,,
Reg0056020,,,
Reg0056030,Handel/Erhverv,,bogtrykker;forlægger
Reg0056040,,,
Reg0056050,Militær,,oberst;general
Reg0056060,Kunstner/Billedkunst,,billedhugger
Reg0056070,Kunstner/Billedkunst,billedkunst.html,landskabsmaler
Reg0056080,,,
Reg0056090,,,
Reg0056100,Adel/Kongelig/Hof;Militær,,generalmajor;kammerherre
Reg0056110,Forfatter/Digter,bibliotek.html,forfatter
Reg0056120,Forfatter/Digter,,digter
Reg0056130,Militær,,oberstløjtnant;kavalleriet
Reg0056140,Embedsmand/Jura/Politik,,generalkonsul
Reg0056150,,,
Reg0056160,Gejstlig,,konventualinde
Reg0056170,,,
Reg0056180,,,
Reg0056190,Musiker/Scenekunst,,operasanger
Reg0056200,Militær,,oberst
Reg0056210,Embedsmand/Jura/Politik,,indenrigsminister
Reg0056220,Embedsmand/Jura/Politik,,landshøvding;politiker
Reg0056230,Akademiker/Lærd,,adjunkt
Reg0056240,Embedsmand/Jura/Politik;Militær,,ritmester;postmester
Reg0056250,,,
Reg0056260,Embedsmand/Jura/Politik;Forfatter/Digter;Musiker/Scenekunst,teater-musik.html,digter;justitsraad;etatsraad
Reg0056270,Gejstlig,,theolog;sognepræst
Reg0056280,,,
Reg0056290,,,
Reg0056300,,,
Reg0056310,,,
Reg0056320,,,
Reg0056330,Handel/Erhverv,,ejer
Reg0056340,,,
Reg0056350,Embedsmand/Jura/Politik,,justitsraad
Reg0056360,Handel/Erhverv,,grosserer
Reg0056370,Akademiker/Lærd,,lærer;lektor
Reg0056380,Handel/Erhverv,,forpagter
Reg0056390,,,
Reg0056400,,,
Reg0056410,,,
Reg0056420,,,
Reg0056430,,,
Reg0056440,Adel/Kongelig/Hof;Militær,,ritmester;kammerherre
Reg0056450,Adel/Kongelig/Hof;Akademiker/Lærd;Embedsmand/Jura/Politik,,student;amtmand;kammerherre
Reg0056460,Handel/Erhverv,,ejer
Reg0056470,,,
Reg0056480,,,
Reg0056490,,,
Reg0056500,Akademiker/Lærd;Forfatter/Digter;Gejstlig,,digter;professor;biskop
Reg0056510,,,
Reg0056520,,,
Reg0056530,Adel/Kongelig/Hof;Embedsmand/Jura/Politik,,ministerresident;gesandt;gesandt;kammerherre
Reg0056540,Adel/Kongelig/Hof;Akademiker/Lærd;Handel/Erhverv;Militær,,kaptajn;søetaten;generalkrigskommissær;kommandørkaptajn;kammerherre;direktør;arkæolog
Reg0056550,,,
Reg0056560,Adel/Kongelig/Hof,,dronning
Reg0056570,,,
Reg0056580,Militær,,sekondløjtnant
Reg0056590,Adel/Kongelig/Hof,,hofdame;prinsesse
Reg0056600,,,
Reg0056610,Militær,,kaptajn;søetaten
Reg0056620,,,
Reg0056630,,,
Reg0056640,Handel/Erhverv,,bankier
Reg0056650,,,
Reg0056660,Akademiker/Lærd,,lærerinde
Reg0056670,,,
Reg0056680,Militær,,oberstløjtnant;oberst
Reg0056690,,,
Reg0056700,,,
Reg0056710,,,
Reg0056720,,,
Reg0056730,,,
Reg0056740,Adel/Kongelig/Hof;Embedsmand/Jura/Politik,,indenrigsminister;friherre
Reg0056750,Forfatter/Digter,,journalist
Reg0056760,Adel/Kongelig/Hof;Militær,,oberst;kommandant;kammerherre
Reg0056770,,,
Reg0056780,,,
Reg0056790,Handel/Erhverv;Militær,,kaptajn;livgarden;ejer
Reg0056800,,,
Reg0056810,,,
Reg0056820,,,
Reg0056830,Embedsmand/Jura/Politik,,statsmand
Reg0056840,Embedsmand/Jura/Politik;Militær,,feltherre;statsmand
Reg0056850,Adel/Kongelig/Hof,,greve;baron
Reg0056860,Akademiker/Lærd,,læge;botaniker
Reg0056870,,,
Reg0056880,Musiker/Scenekunst,,operasanger;komponist
Reg0056890,,,
Reg0056900,,,
Reg0056910,Gejstlig,,provst
Reg0056920,,,
Reg0056930,Akademiker/Lærd,,professor
Reg0056940,,,
Reg0056950,,,
Reg0056960,,,
Reg0056970,Gejstlig,,sognepræst
Reg0056980,,,
Reg0056990,,,
Reg0057000,Kunstner/Billedkunst,billedkunst.html,landskabsmaler
Reg0057010,Forfatter/Digter;Musiker/Scenekunst,teater-musik.html,pianist;oversætter
Reg0057020,Adel/Kongelig/Hof;Embedsmand/Jura/Politik;Militær,,auditør;guvernør;folketingsmand;justitsraad;kammerherre
Reg0057030,Embedsmand/Jura/Politik,,stiftamtmand
Reg0057040,Akademiker/Lærd,,student
Reg0057050,,,
Reg0057060,,,
Reg0057070,Musiker/Scenekunst,,operasangerinde;skuespiller;operasanger
Reg0057080,Adel/Kongelig/Hof,,baron
Reg0057090,Forfatter/Digter,,forfatter
Reg0057100,,,
Reg0057110,,,
Reg0057120,Akademiker/Lærd;Embedsmand/Jura/Politik;Handel/Erhverv,,læge;politiker;professor;direktør
Reg0057130,,,
Reg0057140,,,
Reg0057150,Gejstlig,,sognepræst
Reg0057160,,,
Reg0057170,,,
Reg0057180,Gejstlig,,sognepræst
Reg0057190,Akademiker/Lærd;Militær,,artilleriet;adjunkt;generalmajor
Reg0057200,Handel/Erhverv,,bankier
Reg0057210,Embedsmand/Jura/Politik,,generalkonsul
Reg0057220,,,
Reg0057230,,,
Reg0057240,,,
Reg0057250,,,
Reg0057260,,,
Reg0057270,Kunstner/Billedkunst,,maler
Reg0057280,Handel/Erhverv,,hotelvært
Reg0057290,,,
Reg0057300,,,
Reg0057310,Handel/Erhverv,,besidder
Reg0057320,Musiker/Scenekunst,,skuespiller;operasanger
Reg0057330,,,
Reg0057340,Handel/Erhverv,,købmand
Reg0057350,Akademiker/Lærd;Gejstlig,,huslærer;sognepræst
Reg0057360,,,
Reg0057370,Kunstner/Billedkunst,,kunstsamler
Reg0057380,,,
Reg0057390,,,
Reg0057400,Militær,,ritmester;oberstløjtnant;oberst
Reg0057410,Forfatter/Digter,,forfatterinde
Reg0057420,Forfatter/Digter;Gejstlig,,kapellan;sognepræst;digter
Reg0057430,,,
Reg0057440,,,
Reg0057450,Forfatter/Digter,,forfatterinde
Reg0057460,Handel/Erhverv,,hotelvært
Reg0057470,Embedsmand/Jura/Politik,,justitsraad
Reg0057480,Embedsmand/Jura/Politik,,kancellist;assessor;justitiarius;justitsraad;etatsraad;konferensraad
Reg0057490,,,
Reg0057500,,,
Reg0057510,,,
Reg0057520,Kunstner/Billedkunst,,maler
Reg0057530,,,
Reg0057540,,,
Reg0057550,Militær,,generalløjtnant;general;infanteriet
Reg0057560,,,
Reg0057570,,,
Reg0057580,Militær,,generalmajor
Reg0057590,,,
Reg0057600,Embedsmand/Jura/Politik,,stiftamtmand;landshøvding;overpræsident;indenrigsminister;overpræsident
Reg0057610,Embedsmand/Jura/Politik,,godsforvalter;justitsraad;etatsraad
Reg0057620,Musiker/Scenekunst,,operasangerinde
Reg0057630,,,
Reg0057640,Akademiker/Lærd;Forfatter/Digter,,forfatter;oversætter;professor
Reg0057650,,,
Reg0057660,,,
Reg0057670,Musiker/Scenekunst,,skuespillerinde
Reg0057680,Adel/Kongelig/Hof,,hofdame;prinsesse
Reg0057690,,,
Reg0057700,Kunstner/Billedkunst,,maler
Reg0057710,,,
Reg0057720,Akademiker/Lærd;Embedsmand/Jura/Politik,,læge;vicekonsul
Reg0057730,,,
Reg0057740,,,
Reg0057750,Akademiker/Lærd,,lærer
Reg0057760,Musiker/Scenekunst,,balletdanserinde
Reg0057770,Musiker/Scenekunst,,solodanserinde
Reg0057780,Kunstner/Billedkunst,,maler;litograf
Reg0057790,Kunstner/Billedkunst,,billedhugger
Reg0057800,Embedsmand/Jura/Politik;Militær,,statsmand;feltherre
Reg0057810,Embedsmand/Jura/Politik,,konsul
Reg0057820,Embedsmand/Jura/Politik;Forfatter/Digter,,amtmand;forfatter;konferensraad
Reg0057830,Embedsmand/Jura/Politik,,generalkonsul
Reg0057840,,,
Reg0057850,,,
Reg0057860,Gejstlig,,sognepræst
Reg0057870,Forfatter/Digter;Musiker/Scenekunst,,skuespiller;litterat;oversætter
Reg0057880,,,
Reg0057890,Militær,,ritmester
Reg0057900,Embedsmand/Jura/Politik,,inspektør
Reg0057910,,,
Reg0057920,Embedsmand/Jura/Politik,,herredsfoged
Reg0057930,Akademiker/Lærd,,lektor;rektor
Reg0057940,Forfatter/Digter,,redaktør
Reg0057950,Akademiker/Lærd;Embedsmand/Jura/Politik,,professor;politiker;etatsraad
Reg0057960,Kunstner/Billedkunst,,maler
Reg0057970,Forfatter/Digter,,digter
Reg0057980,,,
Reg0057990,Musiker/Scenekunst,,komponist
Reg0058000,Akademiker/Lærd;Forfatter/Digter,,forfatterinde;stadslæge
Reg0058010,Adel/Kongelig/Hof,,kammerherre;friherre
Reg0058020,,,
Reg0058030,Musiker/Scenekunst,,skuespiller
Reg0058040,,,
Reg0058050,Musiker/Scenekunst,,organist
Reg0058060,Forfatter/Digter;Musiker/Scenekunst,,skuespiller;oversætter
Reg0058070,,,
Reg0058080,Gejstlig,,kapellan;provst;biskop;biskop
Reg0058090,Gejstlig,,sognepræst;kateket;sognepræst;provst
Reg0058100,,,
Reg0058110,,,
Reg0058120,Kunstner/Billedkunst,billedkunst.html,billedhugger
Reg0058130,Akademiker/Lærd;Gejstlig,,lektor;professor;biskop
Reg0058140,Kunstner/Billedkunst,,arkitekt
Reg0058150,Militær,,ritmester;dragonregiment;oberstløjtnant
Reg0058160,Kunstner/Billedkunst,,historiemaler
Reg0058170,Adel/Kongelig/Hof;Embedsmand/Jura/Politik;Handel/Erhverv,,godsejer;folketingsmand;indenrigsminister;kammerherre;gehejmekonferensraad
Reg0058180,,,
Reg0058190,,,
Reg0058200,Akademiker/Lærd;Embedsmand/Jura/Politik,,professor;etatsraad;konferensraad
Reg0058210,Akademiker/Lærd,,rektor;filolog;historiker
Reg0058220,Musiker/Scenekunst,,operasangerinde
Reg0058230,Forfatter/Digter,,journalist
Reg0058240,,,
Reg0058250,Musiker/Scenekunst,,komponist
Reg0058260,,,
Reg0058270,,,
Reg0058280,Embedsmand/Jura/Politik;Forfatter/Digter,,forfatter;advokat
Reg0058290,,,
Reg0058300,Embedsmand/Jura/Politik,,advokat;konsul
Reg0058310,Musiker/Scenekunst,,operasangerinde
Reg0058320,,,
Reg0058330,Adel/Kongelig/Hof,,greve
Reg0058340,,,
Reg0058350,Forfatter/Digter,,forfatter
Reg0058360,Adel/Kongelig/Hof,,greve
Reg0058370,Akademiker/Lærd;Forfatter/Digter,,journalist;litteraturhistoriker
Reg0058380,,,
Reg0058390,Militær,,general
Reg0058400,,,
Reg0058410,Militær,,adjudant
Reg0058420,,,
Reg0058430,,,
Reg0058440,,,
Reg0058450,,,
Reg0058460,,,
Reg0058470,,,
Reg0058480,,,
Reg0058490,,,
Reg0058500,Kunstner/Billedkunst,billedkunst.html,maler
Reg0058510,Kunstner/Billedkunst,billedkunst.html,maler
Reg0058520,Musiker/Scenekunst,,skuespiller
Reg0058530,Embedsmand/Jura/Politik,,etatsraad
Reg0058540,Embedsmand/Jura/Politik,,legationssekretær
Reg0058550,Akademiker/Lærd,,lærer
Reg0058560,,,
Reg0058570,,,
Reg0058580,Forfatter/Digter,,digter
Reg0058590,Adel/Kongelig/Hof,,konge
Reg0058600,,,
Reg0058610,Adel/Kongelig/Hof,,konge
Reg0058620,Adel/Kongelig/Hof,,konge
Reg0058630,Militær,,general
Reg0058640,Adel/Kongelig/Hof,,konge
Reg0058650,Adel/Kongelig/Hof,,konge
Reg0058660,Adel/Kongelig/Hof,,konge
Reg0058670,Adel/Kongelig/Hof,,konge
Reg0058680,,,
Reg0058690,,,
Reg0058700,,,
Reg0058710,,,
Reg0058720,Adel/Kongelig/Hof,,kejser
Reg0058730,Adel/Kongelig/Hof,,kejser
Reg0058740,,,
Reg0058750,,,
Reg0058760,Forfatter/Digter;Gejstlig,,digter;biskop
Reg0058770,,,
Reg0058780,,,
Reg0058790,Kunstner/Billedkunst,,billedhugger
Reg0058800,,,
Reg0058810,,,
Reg0058820,Akademiker/Lærd,,guvernante
Reg0058830,,,
Reg0058840,,,
Reg0058850,Adel/Kongelig/Hof,,kejser
Reg0058860,,,
Reg0058870,,,
Reg0058880,Forfatter/Digter,,redaktør
Reg0058890,Handel/Erhverv,,direktør
Reg0058900,,,
Reg0058910,Kunstner/Billedkunst,,fotograf
Reg0058920,,,
Reg0058930,Akademiker/Lærd;Embedsmand/Jura/Politik;Forfatter/Digter,,docent;professor;forfatter;politiker
Reg0058940,,,
Reg0058950,Musiker/Scenekunst,,balletdanser
Reg0058960,Musiker/Scenekunst,,balletdanserinde
Reg0058970,Forfatter/Digter,,forfatter
Reg0058980,,,
Reg0058990,,,
Reg0059000,Forfatter/Digter,,digter
Reg0059010,,,
Reg0059020,Handel/Erhverv,,apoteker
Reg0059030,,,
Reg0059040,,,
Reg0059050,Forfatter/Digter,,forfatterinde
Reg0059060,Embedsmand/Jura/Politik;Militær,,general;politiker
Reg0059070,Handel/Erhverv,,forlagsboghandler
Reg0059080,,,
Reg0059090,Handel/Erhverv,,direktør
Reg0059100,Akademiker/Lærd,,student
Reg0059110,Akademiker/Lærd;Gejstlig,,student;sognepræst
Reg0059120,,,
Reg0059130,Akademiker/Lærd,,lektor;professor
Reg0059140,,,
Reg0059150,,,
Reg0059160,Kunstner/Billedkunst,,billedhugger
Reg0059170,Kunstner/Billedkunst,,billedhugger
Reg0059180,,,
Reg0059190,Embedsmand/Jura/Politik,,etatsraad
Reg0059200,,,
Reg0059210,Adel/Kongelig/Hof,,baron
Reg0059220,Forfatter/Digter,,journalist
Reg0059230,Forfatter/Digter,,publicist
Reg0059240,,,
Reg0059250,Forfatter/Digter,,forfatter
Reg0059260,Adel/Kongelig/Hof,,kammerherre
Reg0059270,,,
Reg0059280,Handel/Erhverv,,grosserer
Reg0059290,Akademiker/Lærd,,student;læge
Reg0059300,Handel/Erhverv,,forpagter
Reg0059310,Kunstner/Billedkunst,,maler;arkitekt
Reg0059320,Handel/Erhverv,,grosserer
Reg0059330,,,
Reg0059340,Akademiker/Lærd,,professor
Reg0059350,,,
Reg0059360,Akademiker/Lærd,,botaniker;professor
Reg0059370,Kunstner/Billedkunst,,maler
Reg0059380,Adel/Kongelig/Hof,,kammerjunker
Reg0059390,,,
Reg0059400,,,
Reg0059410,,,
Reg0059420,Akademiker/Lærd;Kunstner/Billedkunst,,arkitekt;professor
Reg0059430,Gejstlig,,sognepræst;præst;sognepræst
Reg0059440,Handel/Erhverv,,godsejer
Reg0059450,,,
Reg0059460,Handel/Erhverv,,apoteker;indehaver
Reg0059470,Embedsmand/Jura/Politik,,godsforvalter;justitsraad
Reg0059480,,,
Reg0059490,,,
Reg0059500,Adel/Kongelig/Hof;Embedsmand/Jura/Politik;Handel/Erhverv,,lensgreve;besidder;politiker
Reg0059510,Adel/Kongelig/Hof,,kammerherre
Reg0059520,Handel/Erhverv,,besidder
Reg0059530,,,
Reg0059540,,,
Reg0059550,,,
Reg0059560,,,
Reg0059570,,,
Reg0059580,Adel/Kongelig/Hof;Embedsmand/Jura/Politik;Handel/Erhverv,,besidder;kammerherre;landstingsmand
Reg0059590,Adel/Kongelig/Hof;Akademiker/Lærd;Embedsmand/Jura/Politik;Handel/Erhverv,,student;politiker;lensgreve;besidder
Reg0059600,,,
Reg0059610,Gejstlig,,sognepræst
Reg0059620,,,
Reg0059630,,,
Reg0059640,Embedsmand/Jura/Politik,,vicekonsul;konsul
Reg0059650,Forfatter/Digter,,forfatterinde
Reg0059660,Adel/Kongelig/Hof,,overhofmesterinde
Reg0059670,Embedsmand/Jura/Politik,,gesandt
Reg0059680,,,
Reg0059690,Handel/Erhverv,,grosserer
Reg0059700,Akademiker/Lærd,,bibliotekar
Reg0059710,,,
Reg0059720,Handel/Erhverv,,købmand
Reg0059730,,,
Reg0059740,Handel/Erhverv,,forlagsboghandler
Reg0059750,,,
Reg0059760,Handel/Erhverv,,boghandler;bogtrykker
Reg0059770,,,
Reg0059780,,,
Reg0059790,,,
Reg0059800,Akademiker/Lærd,,professor;læge
Reg0059810,,,
Reg0059820,Akademiker/Lærd,,distriktslæge
Reg0059830,Forfatter/Digter,bibliotek.html,
Reg0059840,Musiker/Scenekunst,,skuespiller
Reg0059850,Akademiker/Lærd,,historiker
Reg0059860,,,
Reg0059870,Handel/Erhverv,,grosserer
Reg0059880,Gejstlig,,præst
Reg0059890,,,
Reg0059900,Handel/Erhverv,,bankier
Reg0059910,Musiker/Scenekunst,,komponist
Reg0059920,,,
Reg0059930,,,
Reg0059940,Kunstner/Billedkunst,,malerinde
Reg0059950,Handel/Erhverv,,grosserer
Reg0059960,Forfatter/Digter;Kunstner/Billedkunst,bibliotek.html,maler;tegner
Reg0059970,Akademiker/Lærd;Embedsmand/Jura/Politik;Forfatter/Digter,,lærer;forfatter;politiker
Reg0059980,,,
Reg0059990,Handel/Erhverv,,bankier
Reg0060000,Adel/Kongelig/Hof,,hofdame;dronning
Reg0060010,Handel/Erhverv;Kunstner/Billedkunst,,bankier;kunstsamler
Reg0060020,Gejstlig,,biskop
Reg0060030,Militær,,kaptajn
Reg0060040,Militær,,løjtnant;søetaten;kommandør
Reg0060050,Akademiker/Lærd;Embedsmand/Jura/Politik;Forfatter/Digter,,student;oversætter;vicekonsul
Reg0060060,,,
Reg0060070,Akademiker/Lærd,,student;huslærer
Reg0060080,,,
Reg0060090,,,
Reg0060100,Gejstlig,,sognepræst
Reg0060110,,,
Reg0060120,Handel/Erhverv,,fabrikant;grosserer
Reg0060130,,,
Reg0060140,Militær,,løjtnant;søetaten;kaptajn;adjudant
Reg0060150,,,
Reg0060160,Kunstner/Billedkunst,billedkunst.html,maler
Reg0060170,,,
Reg0060180,Musiker/Scenekunst,,komponist
Reg0060190,,,
Reg0060200,Handel/Erhverv;Kunstner/Billedkunst,,grosserer;kunstsamler
Reg0060210,Musiker/Scenekunst,,balletdanser
Reg0060220,Embedsmand/Jura/Politik,,generalkonsul
Reg0060230,Adel/Kongelig/Hof,,kammerjunker
Reg0060240,Adel/Kongelig/Hof;Militær,,ritmester;kammerjunker;kammerherre
Reg0060250,Gejstlig,,sognepræst;provst
Reg0060260,Adel/Kongelig/Hof,,kammerherre
Reg0060270,Adel/Kongelig/Hof;Handel/Erhverv,,kammerherre;ejer
Reg0060280,Musiker/Scenekunst,,skuespiller;teaterdirektør
Reg0060290,Akademiker/Lærd;Forfatter/Digter;Kunstner/Billedkunst,,historiemaler;kunsthistoriker;forfatter
Reg0060300,Akademiker/Lærd;Forfatter/Digter,,oversætter;professor
Reg0060310,,,
Reg0060320,Gejstlig,,stiftsprovst;sognepræst;sognepræst
Reg0060330,,,
Reg0060340,,,
Reg0060350,Handel/Erhverv,,forlagsboghandler
Reg0060360,,,
Reg0060370,Gejstlig,,biskop
Reg0060380,,,
Reg0060390,Musiker/Scenekunst,,balletdanserinde
Reg0060400,Embedsmand/Jura/Politik;Handel/Erhverv,,købmand;konsul
Reg0060410,,,
Reg0060420,Embedsmand/Jura/Politik,,konsul
Reg0060430,Adel/Kongelig/Hof;Embedsmand/Jura/Politik;Militær,,premierløjtnant;søetaten;frivillig;adjudant;prins;kammerherre;kabinetssekretær;kaptajn
Reg0060440,,,
Reg0060450,Musiker/Scenekunst,,balletdanser
Reg0060460,,,
Reg0060470,Akademiker/Lærd;Musiker/Scenekunst,teater-musik.html,komponist;dirigent;dirigent;dirigent;professor
Reg0060480,,,
Reg0060490,,,
Reg0060500,,,
Reg0060510,Kunstner/Billedkunst,billedkunst.html,maler
Reg0060520,,,
Reg0060530,,,
Reg0060540,Adel/Kongelig/Hof,,dronning
Reg0060550,,,
Reg0060560,Embedsmand/Jura/Politik,,legationssekretær
Reg0060570,Embedsmand/Jura/Politik,,gesandt
Reg0060580,,,
Reg0060590,,,
Reg0060600,Kunstner/Billedkunst,,kunstsamler
Reg0060610,,,
Reg0060620,,,
Reg0060630,,,
Reg0060640,Kunstner/Billedkunst,,maler
Reg0060650,,,
Reg0060660,,,
Reg0060670,Forfatter/Digter,,forfatter;journalist
Reg0060680,Kunstner/Billedkunst,billedkunst.html,billedhugger
Reg0060690,,,
Reg0060700,Gejstlig,,sognepræst
Reg0060710,Gejstlig,,sognepræst
Reg0060720,,,
Reg0060730,Embedsmand/Jura/Politik;Handel/Erhverv,,direktør;konferensraad
Reg0060740,Embedsmand/Jura/Politik,,borgmester;etatsraad
Reg0060750,,,
Reg0060760,Handel/Erhverv,,agent;bogholder
Reg0060770,Akademiker/Lærd;Forfatter/Digter,,forfatter;lærer
Reg0060780,,,
Reg0060790,Adel/Kongelig/Hof,,hofdame
Reg0060800,Embedsmand/Jura/Politik;Forfatter/Digter,,diplomat;forfatter
Reg0060810,Embedsmand/Jura/Politik;Handel/Erhverv;Militær,,premierløjtnant;direktør;justitsraad
Reg0060820,Adel/Kongelig/Hof;Embedsmand/Jura/Politik;Militær,,premierløjtnant;søetaten;løjtnant;guvernør;kammerherre
Reg0060830,Musiker/Scenekunst,,operasanger
Reg0060840,,,
Reg0060850,,,
Reg0060860,,,
Reg0060870,Embedsmand/Jura/Politik,,departementschef;konferensraad
Reg0060880,,,
Reg0060890,,,
Reg0060900,Kunstner/Billedkunst,,maler
Reg0060910,Musiker/Scenekunst,,skuespiller
Reg0060920,Akademiker/Lærd,,overlæge;professor
Reg0060930,,,
Reg0060940,,,
Reg0060950,Forfatter/Digter,,redaktør
Reg0060960,,,
Reg0060970,,,
Reg0060980,Musiker/Scenekunst,,komponist
Reg0060990,Forfatter/Digter,,digter
Reg0061000,,,
Reg0061010,Musiker/Scenekunst,teater-musik.html,komponist;operasanger
Reg0061020,,,
Reg0061030,,,
Reg0061040,Akademiker/Lærd,,professor
Reg0061050,Adel/Kongelig/Hof,,kammerherre
Reg0061060,Musiker/Scenekunst,,skuespillerinde
Reg0061070,Musiker/Scenekunst,,skuespiller
Reg0061080,,,
Reg0061090,Musiker/Scenekunst,,skuespillerinde
Reg0061100,Kunstner/Billedkunst;Musiker/Scenekunst,,skuespillerinde;malerinde
Reg0061110,Akademiker/Lærd,,student
Reg0061120,Handel/Erhverv,,bankier
Reg0061130,,,
Reg0061140,,,
Reg0061150,,,
Reg0061160,,,
Reg0061170,Akademiker/Lærd,,filolog
Reg0061180,,,
Reg0061190,,,
Reg0061200,Akademiker/Lærd,,historiker;professor
Reg0061210,Musiker/Scenekunst,,skuespiller
Reg0061220,,,
Reg0061230,,,
Reg0061240,Forfatter/Digter;Musiker/Scenekunst,teater-musik.html,digter
Reg0061250,Handel/Erhverv,,boghandler
Reg0061260,,,
Reg0061270,,,
Reg0061280,,,
Reg0061290,Akademiker/Lærd;Forfatter/Digter,,historiker;digter
Reg0061300,,,
Reg0061310,,,
Reg0061320,Adel/Kongelig/Hof;Musiker/Scenekunst,,operasangerinde;friherre
Reg0061330,Forfatter/Digter,bibliotek.html,digter
Reg0061340,Musiker/Scenekunst,,skuespillerinde
Reg0061350,Musiker/Scenekunst,,skuespiller
Reg0061360,Adel/Kongelig/Hof;Militær,,baron;søofficer
Reg0061370,,,
Reg0061380,Forfatter/Digter,,journalist
Reg0061390,Handel/Erhverv,,boghandler
Reg0061400,Kunstner/Billedkunst,,maler
Reg0061410,Forfatter/Digter,,forfatterinde
Reg0061420,Adel/Kongelig/Hof,,greve;hertug
Reg0061430,Akademiker/Lærd,,arkæolog;professor
Reg0061440,Musiker/Scenekunst,,komponist
Reg0061450,Musiker/Scenekunst,,operasangerinde
Reg0061460,,,
Reg0061470,,,
Reg0061480,,,
Reg0061490,Akademiker/Lærd;Forfatter/Digter;Musiker/Scenekunst,bibliotek.html;teater-musik.html,forfatter;redaktør;professor
Reg0061500,Handel/Erhverv;Musiker/Scenekunst,,grosserer;pianist
Reg0061510,Akademiker/Lærd,,lærer
Reg0061520,,,
Reg0061530,Forfatter/Digter,,forfatter
Reg0061540,Akademiker/Lærd;Kunstner/Billedkunst,billedkunst.html,portrætmaler;professor
Reg0061550,Akademiker/Lærd,,historiker;litteraturhistoriker;professor
Reg0061560,,,
Reg0061570,,,
Reg0061580,Handel/Erhverv,,gartner
Reg0061590,Handel/Erhverv;Kunstner/Billedkunst,,maler;boghandler
Reg0061600,Musiker/Scenekunst,teater-musik.html,komponist
Reg0061610,,,
Reg0061620,Handel/Erhverv,,bankier
Reg0061630,Handel/Erhverv,,godsejer
Reg0061640,Kunstner/Billedkunst,,maler
Reg0061650,Kunstner/Billedkunst,billedkunst.html,billedhugger
Reg0061660,,,
Reg0061670,Akademiker/Lærd,,student;lærer;adjunkt;overlærer
Reg0061680,Handel/Erhverv,,ejer
Reg0061690,,,
Reg0061700,Akademiker/Lærd,,student
Reg0061710,,,
Reg0061720,,,
Reg0061730,Embedsmand/Jura/Politik,,gehejmeraad
Reg0061740,Militær,,ritmester
Reg0061750,Akademiker/Lærd;Embedsmand/Jura/Politik,,student;gehejmeraad
Reg0061760,Forfatter/Digter,,forfatterinde
Reg0061770,Kunstner/Billedkunst,,maler
Reg0061780,,,
Reg0061790,,,
Reg0061800,Gejstlig,,sognepræst
Reg0061810,,,
Reg0061820,Forfatter/Digter,,forfatterinde
Reg0061830,Embedsmand/Jura/Politik;Forfatter/Digter,,journalist;politiker
Reg0061840,Kunstner/Billedkunst,,maler
Reg0061850,Musiker/Scenekunst,,operasanger
Reg0061860,Kunstner/Billedkunst,billedkunst.html,maler;arkitekt
Reg0061870,,,
Reg0061880,,,
Reg0061890,Militær,,sekondløjtnant;søetaten;premierløjtnant;kaptajn
Reg0061900,,,
Reg0061910,Militær,,løjtnant;søetaten;kaptajn;kommandør
Reg0061920,Akademiker/Lærd;Forfatter/Digter,,student;redaktør
Reg0061930,,,
Reg0061940,Handel/Erhverv,,proprietær
Reg0061950,Militær,,admiral
Reg0061960,Forfatter/Digter;Militær,bibliotek.html,premierløjtnant;kaptajn;forfatter;redaktør
Reg0061970,,,
Reg0061980,,,
Reg0061990,Handel/Erhverv,,grosserer
Reg0062000,Gejstlig,,stiftsprovst;sognepræst;sognepræst
Reg0062010,Handel/Erhverv,,apoteker
Reg0062020,Militær,,kaptajn;artilleriet;general
Reg0062030,Musiker/Scenekunst,,skuespillerinde
Reg0062040,Forfatter/Digter,,forfatter
Reg0062050,,,
Reg0062060,,,
Reg0062070,Forfatter/Digter,,digter
Reg0062080,Musiker/Scenekunst,,komponist
Reg0062090,,,
Reg0062100,Kunstner/Billedkunst,billedkunst.html,billedhugger
Reg0062110,Musiker/Scenekunst,,komponist
Reg0062120,Embedsmand/Jura/Politik;Militær,,kaptajn;kontorchef;overretssagfører;justitsraad
Reg0062130,,,
Reg0062140,,,
Reg0062150,,,
Reg0062160,,,
Reg0062170,Adel/Kongelig/Hof,,konge
Reg0062180,,,
Reg0062190,,,
Reg0062200,,,
Reg0062210,Adel/Kongelig/Hof,,dronning
Reg0062220,Militær,,general
Reg0062230,Adel/Kongelig/Hof,,prins;hertug
Reg0062240,Forfatter/Digter,,litterat
Reg0062250,,,
Reg0062260,Kunstner/Billedkunst,billedkunst.html,billedhugger
Reg0062270,Musiker/Scenekunst,,operakomponist
Reg0062280,Musiker/Scenekunst,,operasangerinde
Reg0062290,,,
Reg0062300,Handel/Erhverv,,forlagsboghandler
Reg0062310,,,
Reg0062320,Kunstner/Billedkunst,billedkunst.html,maler
Reg0062330,Musiker/Scenekunst,,balletdanser
Reg0062340,,,
Reg0062350,,,
Reg0062360,,,
Reg0062370,,,
Reg0062380,,,
Reg0062390,,,
Reg0062400,,,
Reg0062410,Forfatter/Digter;Musiker/Scenekunst,bibliotek.html;teater-musik.html,forfatter
Reg0062420,Musiker/Scenekunst,,pianist;komponist
Reg0062430,Forfatter/Digter,,forfatterinde
Reg0062440,,,
Reg0062450,,,
Reg0062460,Embedsmand/Jura/Politik;Handel/Erhverv,,boghandler;folketingsmand
Reg0062470,,,
Reg0062480,,,
Reg0062490,,,
Reg0062500,,,
Reg0062510,Handel/Erhverv,,købmand
Reg0062520,,,
Reg0062530,Embedsmand/Jura/Politik;Forfatter/Digter,,gesandtskab;forfatter
Reg0062540,,,
Reg0062550,Akademiker/Lærd;Forfatter/Digter,,litteraturhistoriker;digter;bibliotekar
Reg0062560,Musiker/Scenekunst,,skuespillerinde
Reg0062570,,,
Reg0062580,,,
Reg0062590,Embedsmand/Jura/Politik;Handel/Erhverv,,grosserer;generalkonsul
Reg0062600,,,
Reg0062610,Handel/Erhverv,,grosserer
Reg0062620,,,
Reg0062630,,,
Reg0062640,,,
Reg0062650,Forfatter/Digter;Gejstlig,,forfatter;præst
Reg0062660,,,
Reg0062670,,,
Reg0062680,,,
Reg0062690,Musiker/Scenekunst,teater-musik.html,komponist
Reg0062700,,,
Reg0062710,Akademiker/Lærd,,lærerinde
Reg0062720,Forfatter/Digter,,digter
Reg0062730,Militær,,sekondløjtnant;oberstløjtnant
Reg0062740,Gejstlig,,præst;sognepræst
Reg0062750,,,
Reg0062760,Militær,,premierløjtnant;søetaten;kaptajn
Reg0062770,,,
Reg0062780,Embedsmand/Jura/Politik,,kabinetssekretær
Reg0062790,Kunstner/Billedkunst,,maler
Reg0062800,Musiker/Scenekunst,,balletdanserinde
Reg0062810,,,
Reg0062820,Handel/Erhverv,,gartner
Reg0062830,,,
Reg0062840,Musiker/Scenekunst,,komponist
Reg0062850,,,
Reg0062860,Kunstner/Billedkunst,billedkunst.html,maler
Reg0062870,,,
Reg0062880,Embedsmand/Jura/Politik;Militær,,general;præsident
Reg0062890,Embedsmand/Jura/Politik,,politiker;minister
Reg0062900,,,
Reg0062910,Adel/Kongelig/Hof,,kejser
Reg0062920,Forfatter/Digter,,romanforfatter
Reg0062930,Akademiker/Lærd,,student;læge
Reg0062940,,,
Reg0062950,,,
Reg0062960,Adel/Kongelig/Hof;Handel/Erhverv;Militær,,premierløjtnant;godsejer;kammerherre
Reg0062970,Forfatter/Digter,,forfatter
Reg0062980,,,
Reg0062990,Akademiker/Lærd,,student;overlærer;lektor
Reg0063000,,,
Reg0063010,Forfatter/Digter,,journalist;oversætter
Reg0063020,Gejstlig,,pave
Reg0063030,Gejstlig,,pave
Reg0063040,Gejstlig,,pave
Reg0063050,Akademiker/Lærd;Forfatter/Digter,,litteraturhistoriker;redaktør
Reg0063060,,,
Reg0063070,Musiker/Scenekunst,teater-musik.html,komponist
Reg0063080,,,
Reg0063090,Musiker/Scenekunst,teater-musik.html,komponist
Reg0063100,,,
Reg0063110,Akademiker/Lærd;Forfatter/Digter,,digter;professor
Reg0063120,,,
Reg0063130,Forfatter/Digter,,forfatterinde
Reg0063140,Embedsmand/Jura/Politik;Forfatter/Digter,bibliotek.html,konsul;forfatter
Reg0063150,,,
Reg0063160,,,
Reg0063170,Forfatter/Digter,,digter
Reg0063180,Embedsmand/Jura/Politik,,guvernør
Reg0063190,Kunstner/Billedkunst,billedkunst.html,
Reg0063200,,,
Reg0063210,,,
Reg0063220,,,
Reg0063230,,,
Reg0063240,,,
Reg0063250,Akademiker/Lærd,,filolog
Reg0063260,Adel/Kongelig/Hof,,kejser
Reg0063270,Akademiker/Lærd,,filolog
Reg0063280,,,
Reg0063290,Embedsmand/Jura/Politik,,gesandt
Reg0063300,Musiker/Scenekunst,,balletdanserinde
Reg0063310,Musiker/Scenekunst,,operasangerinde;operasanger
Reg0063320,,,
Reg0063330,,,
Reg0063340,,,
Reg0063350,Forfatter/Digter,,forfatterinde
Reg0063360,Adel/Kongelig/Hof,,kammerherre
Reg0063370,,,
Reg0063380,,,
Reg0063390,,,
Reg0063400,Militær,,kaptajnløjtnant;søetaten
Reg0063410,,,
Reg0063420,Forfatter/Digter,,digter
Reg0063430,Gejstlig,,biskop
Reg0063440,,,
Reg0063450,,,
Reg0063460,,,
Reg0063470,,,
Reg0063480,,,
Reg0063490,,,
Reg0063500,,,
Reg0063510,,,
Reg0063520,,,
Reg0063530,Akademiker/Lærd,,filosof;professor
Reg0063540,Akademiker/Lærd;Gejstlig,,student;præst
Reg0063550,Forfatter/Digter;Gejstlig,bibliotek.html,præst;digter
Reg0063560,Akademiker/Lærd;Militær,,student;sekondløjtnant;premierløjtnant;docent;kaptajn;professor
Reg0063570,Embedsmand/Jura/Politik,,konsul
Reg0063580,,,
Reg0063590,Akademiker/Lærd,,docent;professor
Reg0063600,Akademiker/Lærd;Handel/Erhverv,,ingeniør;godsejer
Reg0063610,Embedsmand/Jura/Politik;Forfatter/Digter,,digter;politiker
Reg0063620,Adel/Kongelig/Hof;Handel/Erhverv;Militær,,godsejer;adjudant;kejser
Reg0063630,,,
Reg0063640,Militær,,auditør
Reg0063650,Musiker/Scenekunst,,komponist
Reg0063660,Handel/Erhverv,,bogtrykker
Reg0063670,Akademiker/Lærd,,professor
Reg0063680,,,
Reg0063690,Adel/Kongelig/Hof,,konge
Reg0063700,Adel/Kongelig/Hof,,konge
Reg0063710,,,
Reg0063720,Militær,,søofficer
Reg0063730,Adel/Kongelig/Hof,,konge
Reg0063740,,,
Reg0063750,,,
Reg0063760,Handel/Erhverv,,grosserer
Reg0063770,Handel/Erhverv,,grosserer
Reg0063780,,,
Reg0063790,,,
Reg0063800,,,
Reg0063810,Forfatter/Digter;Kunstner/Billedkunst,bibliotek.html,tegner;publicist;udgiver
Reg0063820,,,
Reg0063830,Kunstner/Billedkunst,billedkunst.html,maler
Reg0063840,Handel/Erhverv,,købmand;grosserer
Reg0063850,Handel/Erhverv,,boghandler
Reg0063860,,,
Reg0063870,Embedsmand/Jura/Politik,,konsul
Reg0063880,Kunstner/Billedkunst,,maler
Reg0063890,,,
Reg0063900,,,
Reg0063910,,,
Reg0063920,,,
Reg0063930,,,
Reg0063940,Akademiker/Lærd,,professor
Reg0063950,,,
Reg0063960,,,
Reg0063970,Akademiker/Lærd,,professor
Reg0063980,,,
Reg0063990,Akademiker/Lærd,,stiftsfysikus
Reg0064000,,,
Reg0064010,,,
Reg0064020,,,
Reg0064030,,,
Reg0064040,Handel/Erhverv,,boghandler
Reg0064050,Forfatter/Digter,,forfatterinde
Reg0064060,,,
Reg0064070,Musiker/Scenekunst,,skuespiller
Reg0064080,Musiker/Scenekunst,,skuespillerinde
Reg0064090,Musiker/Scenekunst,,skuespiller
Reg0064100,,,
Reg0064110,Gejstlig,,biskop
Reg0064120,Musiker/Scenekunst,,komponist
Reg0064130,Kunstner/Billedkunst,,maler
Reg0064140,Militær,,kaptajn;livgarden
Reg0064150,Akademiker/Lærd,,ingeniør
Reg0064160,,,
Reg0064170,,,
Reg0064180,Gejstlig,,provst
Reg0064190,,,
Reg0064200,Forfatter/Digter,,forfatter
Reg0064210,Musiker/Scenekunst,,skuespillerinde
Reg0064220,,,
Reg0064230,,,
Reg0064240,Embedsmand/Jura/Politik,,amtsforvalter
Reg0064250,,,
Reg0064260,Adel/Kongelig/Hof,,kammerjunker;baron
Reg0064270,,,
Reg0064280,Embedsmand/Jura/Politik,,legationssekretær
Reg0064290,,,
Reg0064300,Adel/Kongelig/Hof;Handel/Erhverv,,besidder;kammerherre
Reg0064310,Akademiker/Lærd,,student
Reg0064320,Embedsmand/Jura/Politik,,stænderdeputeret;politiker
Reg0064330,Embedsmand/Jura/Politik,,statsmand
Reg0064340,Embedsmand/Jura/Politik,,landshøvding
Reg0064350,Adel/Kongelig/Hof;Forfatter/Digter,,forfatterinde;baron
Reg0064360,Militær,,løjtnant
Reg0064370,Handel/Erhverv;Militær,,løjtnant;kaptajn;godsejer
Reg0064380,,,
Reg0064390,,,
Reg0064400,,,
Reg0064410,,,
Reg0064420,Musiker/Scenekunst,,operasanger
Reg0064430,Akademiker/Lærd,,ingeniør
Reg0064440,Musiker/Scenekunst,,komponist
Reg0064450,Musiker/Scenekunst,,pianistinde
Reg0064460,,,
Reg0064470,,,
Reg0064480,,,
Reg0064490,,,
Reg0064500,Musiker/Scenekunst,,operasangerinde
Reg0064510,Forfatter/Digter;Musiker/Scenekunst,,skuespiller;skuespilforfatter
Reg0064520,,,
Reg0064530,,,
Reg0064540,,,
Reg0064550,,,
Reg0064560,,,
Reg0064570,Forfatter/Digter,,digter
Reg0064580,,,
Reg0064590,Adel/Kongelig/Hof;Musiker/Scenekunst,,komponist;friherre
Reg0064600,Adel/Kongelig/Hof;Forfatter/Digter,,digter;friherre
Reg0064610,,,
Reg0064620,Kunstner/Billedkunst,,maler
Reg0064630,,,
Reg0064640,Gejstlig,,præst
Reg0064650,Handel/Erhverv,,bogtrykker
Reg0064660,Embedsmand/Jura/Politik,,generalkonsul;legationsraad
Reg0064670,Musiker/Scenekunst,,pianist
Reg0064680,Adel/Kongelig/Hof,,konge
Reg0064690,Handel/Erhverv,,forlagsboghandler
Reg0064700,,,
Reg0064710,Embedsmand/Jura/Politik;Forfatter/Digter,,forfatter;inspektør
Reg0064720,Militær,,løjtnant;ritmester
Reg0064730,Adel/Kongelig/Hof,,kejser
Reg0064740,,,
Reg0064750,Militær,,general;generalmajor;generalløjtnant
Reg0064760,,,
Reg0064770,,,
Reg0064780,,,
Reg0064790,Militær,,ritmester;oberst
Reg0064800,Adel/Kongelig/Hof;Embedsmand/Jura/Politik;Handel/Erhverv;Militær,,besidder;ritmester;oberst;generalløjtnant;landstingsmand;indenrigsminister;kammerherre
Reg0064810,Embedsmand/Jura/Politik,,vicekonsul
Reg0064820,Embedsmand/Jura/Politik;Handel/Erhverv,,grosserer;folketingsmand;konsul
Reg0064830,,,
Reg0064840,,,
Reg0064850,Embedsmand/Jura/Politik,,byfoged;herredsfoged;folketingsmand
Reg0064860,Akademiker/Lærd,,adjunkt
Reg0064870,Embedsmand/Jura/Politik;Handel/Erhverv;Kunstner/Billedkunst,,godsejer;kunstsamler;folketingsmand
Reg0064880,,,
Reg0064890,,,
Reg0064900,,,
Reg0064910,,,
Reg0064920,Musiker/Scenekunst,,skuespillerinde
Reg0064930,,,
Reg0064940,Musiker/Scenekunst,,skuespillerinde
Reg0064950,Musiker/Scenekunst,,skuespiller
Reg0064960,Handel/Erhverv,,vinhandler
Reg0064970,,,
Reg0064980,Kunstner/Billedkunst,,maler
Reg0064990,Handel/Erhverv,,apoteker
Reg0065000,Musiker/Scenekunst,teater-musik.html,komponist
Reg0065010,,,
Reg0065020,Musiker/Scenekunst,,pianist
Reg0065030,,,
Reg0065040,Musiker/Scenekunst,,skuespillerinde
Reg0065050,,,
Reg0065060,Kunstner/Billedkunst,,maler
Reg0065070,,,
Reg0065080,,,
Reg0065090,Adel/Kongelig/Hof;Embedsmand/Jura/Politik,,gesandtskab;hofjægermester
Reg0065100,Handel/Erhverv;Musiker/Scenekunst,,godsejer;teaterdirektør
Reg0065110,,,
Reg0065120,Forfatter/Digter;Militær,,generalløjtnant;forfatter
Reg0065130,Musiker/Scenekunst,,skuespillerinde;skuespiller;skuespiller
Reg0065140,,,
Reg0065150,Handel/Erhverv,,købmand
Reg0065160,Embedsmand/Jura/Politik,,kontorchef
Reg0065170,Gejstlig,,sognepræst;stiftsprovst;sognepræst
Reg0065180,Musiker/Scenekunst,teater-musik.html,komponist
Reg0065190,Gejstlig;Handel/Erhverv,,direktør;sognepræst
Reg0065200,,,
Reg0065210,Embedsmand/Jura/Politik,,politiker
Reg0065220,Forfatter/Digter,,redaktør
Reg0065230,Handel/Erhverv,,ejer
Reg0065240,Kunstner/Billedkunst,,fotograf
Reg0065250,,,
Reg0065260,,,
Reg0065270,,,
Reg0065280,,,
Reg0065290,,,
Reg0065300,,,
Reg0065310,,,
Reg0065320,Adel/Kongelig/Hof;Handel/Erhverv,,bankier;baron
Reg0065330,,,
Reg0065340,Militær,,kaptajn
Reg0065350,Akademiker/Lærd,,student
Reg0065360,Handel/Erhverv,,bankier
Reg0065370,,,
Reg0065380,,,
Reg0065390,Handel/Erhverv,,besidder
Reg0065400,Embedsmand/Jura/Politik;Handel/Erhverv,,besidder;landshøvding
Reg0065410,,,
Reg0065420,Forfatter/Digter,,forfatter
Reg0065430,Forfatter/Digter,,forfatterinde
Reg0065440,,,
Reg0065450,Adel/Kongelig/Hof,,hofmarskal
Reg0065460,Handel/Erhverv,,besidder
Reg0065470,,,
Reg0065480,Kunstner/Billedkunst,billedkunst.html,
Reg0065490,,,
Reg0065500,Militær,,underløjtnant;regiment;generalløjtnant
Reg0065510,,,
Reg0065520,Kunstner/Billedkunst,,historiemaler
Reg0065530,,,
Reg0065540,,,
Reg0065550,Forfatter/Digter,,digter
Reg0065560,Militær,,kaptajnløjtnant;søetaten;kaptajn
Reg0065570,,,
Reg0065580,,,
Reg0065590,Akademiker/Lærd;Forfatter/Digter,bibliotek.html,student;docent;professor
Reg0065600,Musiker/Scenekunst,,komponist
Reg0065610,Akademiker/Lærd;Gejstlig,,kapellan;professor;theolog;historiker
Reg0065620,,,
Reg0065630,,,
Reg0065640,,,
Reg0065650,,,
Reg0065660,,,
Reg0065670,,,
Reg0065680,,,
Reg0065690,Forfatter/Digter,,forfatterinde
Reg0065700,Akademiker/Lærd,,adjunkt
Reg0065710,,,
Reg0065720,,,
Reg0065730,Kunstner/Billedkunst,,fotograf
Reg0065740,Kunstner/Billedkunst,,litograf;fotograf
Reg0065750,Militær,,ritmester
Reg0065760,,,
Reg0065770,,,
Reg0065780,Adel/Kongelig/Hof,,konge
Reg0065790,Adel/Kongelig/Hof,,dronning
Reg0065800,,,
Reg0065810,,,
Reg0065820,,,
Reg0065830,,,
Reg0065840,,,
Reg0065850,,,
Reg0065860,,,
Reg0065870,,,
Reg0065880,Handel/Erhverv,,gartner
Reg0065890,,,
Reg0065900,,,
Reg0065910,Akademiker/Lærd;Forfatter/Digter,,docent;litteraturhistoriker;oversætter
Reg0065920,,,
Reg0065930,Gejstlig,,provst;sognepræst
Reg0065940,Embedsmand/Jura/Politik;Handel/Erhverv,,grosserer;etatsraad
Reg0065950,,,
Reg0065960,,,
Reg0065970,,,
Reg0065980,Musiker/Scenekunst,,balletdanserinde
Reg0065990,,,
Reg0066000,Gejstlig,,sognepræst
Reg0066010,,,
Reg0066020,,,
Reg0066030,Militær,,kaptajn
Reg0066040,Militær,,generalløjtnant
Reg0066050,Musiker/Scenekunst,teater-musik.html,organist;komponist;dirigent
Reg0066060,Kunstner/Billedkunst,billedkunst.html,
Reg0066070,Kunstner/Billedkunst;Musiker/Scenekunst,billedkunst.html,skuespiller
Reg0066080,Militær,,ritmester;oberst
Reg0066090,,,
Reg0066100,Kunstner/Billedkunst,,fotograf
Reg0066110,Embedsmand/Jura/Politik,,etatsraad
Reg0066120,Akademiker/Lærd;Embedsmand/Jura/Politik;Kunstner/Billedkunst,billedkunst.html,arkitekt;professor;etatsraad
Reg0066130,Kunstner/Billedkunst;Musiker/Scenekunst,billedkunst.html,operasanger;skuespiller
Reg0066140,Akademiker/Lærd;Militær,,student;frivillig;liniebataillon;sekondløjtnant
Reg0066150,Kunstner/Billedkunst,billedkunst.html,maler
Reg0066160,,,
Reg0066170,Musiker/Scenekunst,,teaterdirektør
Reg0066180,Musiker/Scenekunst,,operasangerinde
Reg0066190,,,
Reg0066200,,,
Reg0066210,Musiker/Scenekunst,,skuespiller;teaterdirektør
Reg0066220,Embedsmand/Jura/Politik,,prokurator
Reg0066230,Forfatter/Digter;Musiker/Scenekunst,,skuespiller;oversætter
Reg0066240,Musiker/Scenekunst,,balletmester
Reg0066250,,,
Reg0066260,Handel/Erhverv;Musiker/Scenekunst,,operasanger;købmand
Reg0066270,Musiker/Scenekunst,,skuespillerinde
Reg0066280,Militær,,kaptajn;oberst
Reg0066290,,,
Reg0066300,,,
Reg0066310,,,
Reg0066320,Embedsmand/Jura/Politik,,landstingsmand;etatsraad
Reg0066330,Militær,,premierløjtnant;søetaten
Reg0066340,,,
Reg0066350,Akademiker/Lærd;Embedsmand/Jura/Politik,,professor;etatsraad
Reg0066360,,,
Reg0066370,,,
Reg0066380,,,
Reg0066390,Akademiker/Lærd;Embedsmand/Jura/Politik,,distriktslæge;etatsraad
Reg0066400,,,
Reg0066410,Embedsmand/Jura/Politik;Forfatter/Digter,,journalist;diplomat
Reg0066420,,,
Reg0066430,Gejstlig,,sognepræst
Reg0066440,Embedsmand/Jura/Politik,,postmester
Reg0066450,,,
Reg0066460,,,
Reg0066470,,,
Reg0066480,Gejstlig,,sognepræst
Reg0066490,Forfatter/Digter,,digter
Reg0066500,,,
Reg0066510,,,
Reg0066520,,,
Reg0066530,,,
Reg0066540,,,
Reg0066550,Kunstner/Billedkunst,,fotograf
Reg0066560,,,
Reg0066570,Handel/Erhverv,,boghandler
Reg0066580,Embedsmand/Jura/Politik,,overretssagfører;politiker
Reg0066590,Akademiker/Lærd;Embedsmand/Jura/Politik;Forfatter/Digter,bibliotek.html,journalist;forfatter;oversætter;udgiver;professor;etatsraad
Reg0066600,,,
Reg0066610,Akademiker/Lærd,,student
Reg0066620,Forfatter/Digter,bibliotek.html,
Reg0066630,Embedsmand/Jura/Politik,,prokurator
Reg0066640,,,
Reg0066650,Akademiker/Lærd,,adjunkt
Reg0066660,Adel/Kongelig/Hof;Akademiker/Lærd;Kunstner/Billedkunst,,arkitekt;professor;friherre
Reg0066670,Adel/Kongelig/Hof,,selskabsdame
Reg0066680,Embedsmand/Jura/Politik;Handel/Erhverv,,købmand;kommunalbestyrelse
Reg0066690,Militær,,løjtnant;søetaten;kontreadmiral
Reg0066700,,,
Reg0066710,,,
Reg0066720,Forfatter/Digter,,forfatter
Reg0066730,,,
Reg0066740,,,
Reg0066750,Kunstner/Billedkunst,,malerinde
Reg0066760,,,
Reg0066770,,,
Reg0066780,,,
Reg0066790,,,
Reg0066800,,,
Reg0066810,Kunstner/Billedkunst,,malerinde
Reg0066820,Gejstlig,,sognepræst
Reg0066830,,,
Reg0066840,,,
Reg0066850,Militær,,premierløjtnant;infanteriet;kaptajn
Reg0066860,Handel/Erhverv,,købmand
Reg0066870,,,
Reg0066880,,,
Reg0066890,Militær,,oberst;kommandør;generalmajor
Reg0066900,,,
Reg0066910,Akademiker/Lærd;Kunstner/Billedkunst,,landskabsmaler;professor
Reg0066920,,,
Reg0066930,,,
Reg0066940,,,
Reg0066950,,,
Reg0066960,Embedsmand/Jura/Politik,,konferensraad
Reg0066970,,,
Reg0066980,Gejstlig,,theolog;sognepræst;provst
Reg0066990,Embedsmand/Jura/Politik,,konsul
Reg0067000,,,
Reg0067010,Kunstner/Billedkunst,,maler
Reg0067020,,,
Reg0067030,Embedsmand/Jura/Politik;Forfatter/Digter,,politiker;forfatter
Reg0067040,Embedsmand/Jura/Politik,,gesandt
Reg0067050,,,
Reg0067060,,,
Reg0067070,,,
Reg0067080,,,
Reg0067090,Handel/Erhverv,,købmand
Reg0067100,,,
Reg0067110,Akademiker/Lærd,,student
Reg0067120,,,
Reg0067130,,,
Reg0067140,,,
Reg0067150,,,
Reg0067160,,,
Reg0067170,,,
Reg0067180,Kunstner/Billedkunst,,maler;raderer
Reg0067190,Kunstner/Billedkunst,,billedhugger
Reg0067200,,,
Reg0067210,,,
Reg0067220,Musiker/Scenekunst,,komponist
Reg0067230,,,
Reg0067240,,,
Reg0067250,,,
Reg0067260,Musiker/Scenekunst,,skuespiller
Reg0067270,,,
Reg0067280,Musiker/Scenekunst,,operasanger
Reg0067290,Akademiker/Lærd;Embedsmand/Jura/Politik,,student;overretssagfører
Reg0067300,Musiker/Scenekunst,,skuespillerinde
Reg0067310,Forfatter/Digter;Musiker/Scenekunst,bibliotek.html;teater-musik.html,komponist
Reg0067320,Akademiker/Lærd,,overlæge
Reg0067330,Embedsmand/Jura/Politik,,konsul
Reg0067340,,,
Reg0067350,Akademiker/Lærd,,ingeniør
Reg0067360,,,
Reg0067370,,,
Reg0067380,,,
Reg0067390,,,
Reg0067400,,,
Reg0067410,,,
Reg0067420,Embedsmand/Jura/Politik,,politiker;præsident
Reg0067430,Adel/Kongelig/Hof,,hofdame;dronning
Reg0067440,,,
Reg0067450,Embedsmand/Jura/Politik;Forfatter/Digter;Militær,,premierløjtnant;justitsraad;udgiver
Reg0067460,Akademiker/Lærd;Musiker/Scenekunst,,pianist;professor
Reg0067470,,,
Reg0067480,Akademiker/Lærd;Musiker/Scenekunst,,pianist;professor
Reg0067490,Akademiker/Lærd;Forfatter/Digter,,digter;litteraturhistoriker
Reg0067500,,,
Reg0067510,,,
Reg0067520,Musiker/Scenekunst,,operasanger
Reg0067530,,,
Reg0067540,Akademiker/Lærd,,professor
Reg0067550,Forfatter/Digter;Gejstlig,,digter;præst
Reg0067560,Gejstlig,,sognepræst;provst
Reg0067570,Embedsmand/Jura/Politik,,inspektør
Reg0067580,,,
Reg0067590,Akademiker/Lærd,,læge
Reg0067600,Musiker/Scenekunst,,skuespiller
Reg0067610,Musiker/Scenekunst,,operasangerinde
Reg0067620,Embedsmand/Jura/Politik,,gesandt
Reg0067630,Akademiker/Lærd;Militær,,sekondløjtnant;rektor
Reg0067640,Akademiker/Lærd;Forfatter/Digter;Musiker/Scenekunst,bibliotek.html;teater-musik.html,digter;lektor;professor
Reg0067650,,,
Reg0067660,,,
Reg0067670,Adel/Kongelig/Hof,,hofjægermester
Reg0067680,Gejstlig,,biskop
Reg0067690,,,
Reg0067700,,,
Reg0067710,,,
Reg0067720,,,
Reg0067730,Embedsmand/Jura/Politik,,kancelliraad
Reg0067740,,,
Reg0067750,,,
Reg0067760,Embedsmand/Jura/Politik,,kommunalbestyrelse
Reg0067770,,,
Reg0067780,,,
Reg0067790,,,
Reg0067800,,,
Reg0067810,,,
Reg0067820,Musiker/Scenekunst,,violinist
Reg0067830,,,
Reg0067840,Adel/Kongelig/Hof;Militær,,general;baron
Reg0067850,Adel/Kongelig/Hof;Militær,,premierløjtnant;artilleriet;kaptajn;kaptajn;oberstløjtnant;oberst;generalmajor;kammerherre
Reg0067860,Adel/Kongelig/Hof;Embedsmand/Jura/Politik,,assessor;kammerherre
Reg0067870,Adel/Kongelig/Hof,,kammerherre
Reg0067880,Militær,,premierløjtnant;infanteriet;adjudant;generalmajor
Reg0067890,Militær,,oberstløjtnant
Reg0067900,Militær,,løjtnant
Reg0067910,,,
Reg0067920,,,
Reg0067930,Embedsmand/Jura/Politik,,generalkonsul
Reg0067940,,,
Reg0067950,Musiker/Scenekunst,,komponist
Reg0067960,Musiker/Scenekunst,,komponist
Reg0067970,Militær,,søofficer
Reg0067980,Embedsmand/Jura/Politik;Forfatter/Digter;Militær,,generalmajor;adjudant;publicist;politiker
Reg0067990,Musiker/Scenekunst,,danserinde
Reg0068000,Musiker/Scenekunst,,danserinde
Reg0068010,Musiker/Scenekunst,,operasangerinde
Reg0068020,Forfatter/Digter,,digter
Reg0068030,Forfatter/Digter,bibliotek.html,digter
Reg0068040,Gejstlig,,sognepræst
Reg0068050,,,
Reg0068060,,,
Reg0068070,,,
Reg0068080,Embedsmand/Jura/Politik;Handel/Erhverv,,grosserer;konsul
Reg0068090,Embedsmand/Jura/Politik,,vicekonsul
Reg0068100,,,
Reg0068110,,,
Reg0068120,Forfatter/Digter;Musiker/Scenekunst,,skuespiller;forfatter
Reg0068130,,,
Reg0068140,Adel/Kongelig/Hof;Militær,,premierløjtnant;søetaten;kaptajnløjtnant;kammerherre
Reg0068150,Militær,,kaptajnløjtnant;søetaten
Reg0068160,Militær,,generalmajor;generalløjtnant
Reg0068170,Militær,,generalmajor
Reg0068180,Adel/Kongelig/Hof,,hofdame
Reg0068190,Adel/Kongelig/Hof;Embedsmand/Jura/Politik,,toldforvalter;kammerjunker
Reg0068200,Embedsmand/Jura/Politik;Forfatter/Digter,,forfatter;politiker
Reg0068210,Musiker/Scenekunst,,skuespiller
Reg0068220,,,
Reg0068230,,,
Reg0068240,Handel/Erhverv,,grosserer;fabrikant
Reg0068250,Embedsmand/Jura/Politik;Handel/Erhverv,,forlagsboghandler;kancelliraad;justitsraad;etatsraad
Reg0068260,,,
Reg0068270,,,
Reg0068280,Militær,,oberstløjtnant;dragonregiment;generalløjtnant
Reg0068290,Militær,,generalløjtnant
Reg0068300,Militær,,kaptajn
Reg0068310,Adel/Kongelig/Hof;Militær,,premierløjtnant;dragonregiment;generalmajor;kammerherre
Reg0068320,Forfatter/Digter,,forfatterinde
Reg0068330,,,
Reg0068340,,,
Reg0068350,,,
Reg0068360,Forfatter/Digter;Handel/Erhverv;Musiker/Scenekunst,bibliotek.html;teater-musik.html,digter;direktør
Reg0068370,Musiker/Scenekunst,,skuespillerinde
Reg0068380,Embedsmand/Jura/Politik,,kancelliraad
Reg0068390,,,
Reg0068400,,,
Reg0068410,Akademiker/Lærd,,distriktslæge
Reg0068420,,,
Reg0068430,,,
Reg0068440,Forfatter/Digter;Musiker/Scenekunst,teater-musik.html,forfatter
Reg0068450,Akademiker/Lærd,,botaniker
Reg0068460,Akademiker/Lærd,,læge;overlæge;stiftsfysikus
Reg0068470,Akademiker/Lærd;Handel/Erhverv,,læge;godsejer
Reg0068480,,,
Reg0068490,,,
Reg0068500,,,
Reg0068510,Embedsmand/Jura/Politik,,kancelliraad
Reg0068520,,,
Reg0068530,,,
Reg0068540,Akademiker/Lærd,,læge
Reg0068550,Akademiker/Lærd,,læge
Reg0068560,,,
Reg0068570,,,
Reg0068580,,,
Reg0068590,Forfatter/Digter,bibliotek.html,digter
Reg0068600,Handel/Erhverv,,bankier
Reg0068610,,,
Reg0068620,Musiker/Scenekunst,,operasangerinde
Reg0068630,Musiker/Scenekunst,,operasangerinde
Reg0068640,Musiker/Scenekunst,,operasangerinde
Reg0068650,Adel/Kongelig/Hof,,kammerjunker
Reg0068660,,,
Reg0068670,Adel/Kongelig/Hof;Militær,,løjtnant;kammerherre
Reg0068680,,,
Reg0068690,,,
Reg0068700,Musiker/Scenekunst,,komponist
Reg0068710,,,
Reg0068720,Forfatter/Digter,,redaktør
Reg0068730,Musiker/Scenekunst,teater-musik.html,komponist;organist
Reg0068740,,,
Reg0068750,,,
Reg0068760,Kunstner/Billedkunst,,maler
Reg0068770,,,
Reg0068780,Militær,,oberstløjtnant;kommandant;oberst
Reg0068790,,,
Reg0068800,Adel/Kongelig/Hof;Handel/Erhverv,,kammerherre;godsejer
Reg0068810,,,
Reg0068820,Forfatter/Digter,,redaktør
Reg0068830,,,
Reg0068840,,,
Reg0068850,,,
Reg0068860,Handel/Erhverv,,boghandler
Reg0068870,,,
Reg0068880,Militær,,kaptajn
Reg0068890,Forfatter/Digter,,forfatter
Reg0068900,Forfatter/Digter,,oversætter
Reg0068910,Musiker/Scenekunst,,kapelmusikus;komponist
Reg0068920,Musiker/Scenekunst,,kapelmusikus;komponist
Reg0068930,,,
Reg0068940,Embedsmand/Jura/Politik,,stiftamtmand
Reg0068950,Forfatter/Digter;Gejstlig,,sognepræst;stiftsprovst;forfatter
Reg0068960,Embedsmand/Jura/Politik,,kommunalbestyrelse
Reg0068970,Gejstlig,,kapellan;præst
Reg0068980,Embedsmand/Jura/Politik,,kommunalbestyrelse
Reg0068990,Forfatter/Digter;Handel/Erhverv,,boghandler;udgiver
Reg0069000,Akademiker/Lærd;Embedsmand/Jura/Politik,,læge;distriktslæge;kancelliraad
Reg0069010,,,
Reg0069020,Militær,,adjudant
Reg0069030,Musiker/Scenekunst,,skuespiller
Reg0069040,,,
Reg0069050,Handel/Erhverv,,købmand
Reg0069060,,,
Reg0069070,,,
Reg0069080,,,
Reg0069090,,,
Reg0069100,,,
Reg0069110,Handel/Erhverv,,købmand
Reg0069120,,,
Reg0069130,,,
Reg0069140,Militær,,kommandørkaptajn
Reg0069150,,,
Reg0069160,,,
Reg0069170,Handel/Erhverv,,købmand
Reg0069180,Handel/Erhverv,,købmand
Reg0069190,,,
Reg0069200,,,
Reg0069210,,,
Reg0069220,Adel/Kongelig/Hof;Embedsmand/Jura/Politik,,prokurator;overretssagfører;dronning;kabinetssekretær;kammerherre
Reg0069230,,,
Reg0069240,,,
Reg0069250,Akademiker/Lærd;Gejstlig,,student;sognepræst
Reg0069260,Kunstner/Billedkunst,,maler
Reg0069270,,,
Reg0069280,Akademiker/Lærd;Embedsmand/Jura/Politik,,rektor;professor;etatsraad
Reg0069290,,,
Reg0069300,,,
Reg0069310,,,
Reg0069320,Adel/Kongelig/Hof,,konge;konge
Reg0069330,Adel/Kongelig/Hof,,kejser;kejser
Reg0069340,Adel/Kongelig/Hof,,kejser;kejser
Reg0069350,,,
Reg0069360,,,
Reg0069370,,,
Reg0069380,Forfatter/Digter,bibliotek.html,
Reg0069390,,,
Reg0069400,,,
Reg0069410,,,
Reg0069420,Akademiker/Lærd,,bibliotekar
Reg0069430,,,
Reg0069440,,,
Reg0069450,,,
Reg0069460,Kunstner/Billedkunst,,malerinde
Reg0069470,,,
Reg0069480,Akademiker/Lærd,,rektor
Reg0069490,Handel/Erhverv,,grosserer
Reg0069500,Musiker/Scenekunst,,komponist
Reg0069510,,,
Reg0069520,Handel/Erhverv,,grosserer
Reg0069530,,,
Reg0069540,Handel/Erhverv,,bankier
Reg0069550,,,
Reg0069560,,,
Reg0069570,Musiker/Scenekunst,,pianistinde;komponist
Reg0069580,Kunstner/Billedkunst,,portrætmaler
Reg0069590,Forfatter/Digter;Musiker/Scenekunst,bibliotek.html,klavervirtuos;komponist
Reg0069600,,,
Reg0069610,,,
Reg0069620,,,
Reg0069630,,,
Reg0069640,Akademiker/Lærd;Embedsmand/Jura/Politik;Handel/Erhverv,,arkæolog;inspektør;direktør
Reg0069650,Militær,,generalkrigskommissær
Reg0069660,Forfatter/Digter;Handel/Erhverv,,bogtrykker;udgiver
Reg0069670,,,
Reg0069680,,,
Reg0069690,Forfatter/Digter;Gejstlig,,forfatter;præst
Reg0069700,,,
Reg0069710,Embedsmand/Jura/Politik,,overretsprokurator
Reg0069720,,,
Reg0069730,Forfatter/Digter,,romanforfatter
Reg0069740,,,
Reg0069750,Akademiker/Lærd;Gejstlig,,docent;professor;theolog
Reg0069760,,,
Reg0069770,Akademiker/Lærd,,historiker
Reg0069780,Musiker/Scenekunst,teater-musik.html,komponist
Reg0069790,Forfatter/Digter;Musiker/Scenekunst,,skuespillerinde;forfatterinde
Reg0069800,Embedsmand/Jura/Politik,,godsforvalter
Reg0069810,,,
Reg0069820,,,
Reg0069830,,,
Reg0069840,Gejstlig,,sognepræst
Reg0069850,,,
Reg0069860,,,
Reg0069870,,,
Reg0069880,Forfatter/Digter,,forfatter;oversætter
Reg0069890,,,
Reg0069900,Forfatter/Digter,,redaktør
Reg0069910,Forfatter/Digter;Gejstlig;Musiker/Scenekunst,bibliotek.html;teater-musik.html,sognepræst
Reg0069920,Forfatter/Digter;Musiker/Scenekunst,bibliotek.html;teater-musik.html,digter
Reg0069930,Forfatter/Digter;Handel/Erhverv;Musiker/Scenekunst,bibliotek.html;teater-musik.html,købmand
Reg0069940,,,
Reg0069950,,,
Reg0069960,Gejstlig,,sognepræst
Reg0069970,,,
Reg0069980,Forfatter/Digter;Handel/Erhverv,,forfatter;bogtrykker;redaktør;udgiver
Reg0069990,Embedsmand/Jura/Politik;Forfatter/Digter;Handel/Erhverv,,bogtrykker;redaktør;kancelliraad
Reg0070000,Kunstner/Billedkunst,,billedhugger
Reg0070010,,,
Reg0070020,,,
Reg0070030,,,
Reg0070040,,,
Reg0070050,Akademiker/Lærd,,professor
Reg0070060,Embedsmand/Jura/Politik,,generalkonsul
Reg0070070,Musiker/Scenekunst,,skuespiller
Reg0070080,,,
Reg0070090,Akademiker/Lærd,,professor
Reg0070100,Kunstner/Billedkunst,billedkunst.html,historiemaler
Reg0070110,,,
Reg0070120,,,
Reg0070130,,,
Reg0070140,Musiker/Scenekunst,,operasangerinde
Reg0070150,Adel/Kongelig/Hof,,storhertug
Reg0070160,Adel/Kongelig/Hof,,storhertug
Reg0070170,,,
Reg0070180,,,
Reg0070190,,,
Reg0070200,,,
Reg0070210,,,
Reg0070220,,,
Reg0070230,,,
Reg0070240,,,
Reg0070250,Militær,,general
Reg0070260,,,
Reg0070270,,,
Reg0070280,,,
Reg0070290,Akademiker/Lærd;Kunstner/Billedkunst,,arkitekt;professor
Reg0070300,Handel/Erhverv,,forlagsboghandler
Reg0070310,,,
Reg0070320,,,
Reg0070330,,,
Reg0070340,,,
Reg0070350,Gejstlig,,præst
Reg0070360,,,
Reg0070370,Embedsmand/Jura/Politik,,diplomat;gesandt;gesandt
Reg0070380,Akademiker/Lærd;Forfatter/Digter,bibliotek.html,digter;læge
Reg0070390,,,
Reg0070400,Kunstner/Billedkunst,,malerinde
Reg0070410,,,
Reg0070420,Embedsmand/Jura/Politik,,advokat
Reg0070430,,,
Reg0070440,Handel/Erhverv,,købmand
Reg0070450,,,
Reg0070460,Gejstlig,,præst
Reg0070470,Forfatter/Digter,,digter
Reg0070480,,,
Reg0070490,,,
Reg0070500,Forfatter/Digter,,udgiver
Reg0070510,,,
Reg0070520,,,
Reg0070530,Forfatter/Digter,,forfatterinde
Reg0070540,,,
Reg0070550,,,
Reg0070560,,,
Reg0070570,Akademiker/Lærd;Embedsmand/Jura/Politik,,inspektør;huslærer
Reg0070580,,,
Reg0070590,Musiker/Scenekunst,,komponist
Reg0070600,Forfatter/Digter,,forfatter;oversætter
Reg0070610,Embedsmand/Jura/Politik;Handel/Erhverv,,ejer;justitsraad
Reg0070620,Akademiker/Lærd;Musiker/Scenekunst,,violinist;kapelmusikus;professor
Reg0070630,Handel/Erhverv,,indehaver
Reg0070640,Embedsmand/Jura/Politik;Forfatter/Digter,,forfatter;overretssagfører
Reg0070650,Militær,,oberstløjtnant;dragonregiment;oberst
Reg0070660,Militær,,kaptajn;infanteriet
Reg0070670,Militær,,sekondløjtnant;infanteriet;premierløjtnant;kaptajn
Reg0070680,,,
Reg0070690,,,
Reg0070700,,,
Reg0070710,,,
Reg0070720,Akademiker/Lærd;Forfatter/Digter,,redaktør;digter;litteraturhistoriker
Reg0070730,Militær,,generalmajor
Reg0070740,,,
Reg0070750,Kunstner/Billedkunst,,kunstsamler
Reg0070760,,,
Reg0070770,Forfatter/Digter,,forfatter
Reg0070780,,,
Reg0070790,,,
Reg0070800,Handel/Erhverv,,agent
Reg0070810,,,
Reg0070820,,,
Reg0070830,,,
Reg0070840,,,
Reg0070850,,,
Reg0070860,Embedsmand/Jura/Politik,,folketingsmand
Reg0070870,Handel/Erhverv,,gæstgiver
Reg0070880,Akademiker/Lærd,,stadslæge;overlæge
Reg0070890,,,
Reg0070900,Akademiker/Lærd,,lærerinde
Reg0070910,Akademiker/Lærd;Embedsmand/Jura/Politik,,student;justitsraad
Reg0070920,,,
Reg0070930,Akademiker/Lærd;Forfatter/Digter,bibliotek.html,lektor;professor
Reg0070940,Embedsmand/Jura/Politik,,justitsraad
Reg0070950,,,
Reg0070960,,,
Reg0070970,Militær,,general
Reg0070980,,,
Reg0070990,Akademiker/Lærd;Kunstner/Billedkunst,,arkitekt;professor
Reg0071000,Embedsmand/Jura/Politik,,jurist
Reg0071010,Akademiker/Lærd,,professor
Reg0071020,,,
Reg0071030,Akademiker/Lærd,,professor
Reg0071040,Handel/Erhverv,,forlagsboghandler
Reg0071050,Forfatter/Digter,,digter
Reg0071060,Musiker/Scenekunst,,operasangerinde
Reg0071070,Akademiker/Lærd,,botaniker
Reg0071080,Embedsmand/Jura/Politik,,byfoged;prokurator
Reg0071090,Handel/Erhverv,,apoteker
Reg0071100,,,
Reg0071110,,,
Reg0071120,,,
Reg0071130,Handel/Erhverv,,forpagter
Reg0071140,Akademiker/Lærd;Embedsmand/Jura/Politik;Handel/Erhverv,,besidder;botaniker;etatsraad
Reg0071150,Embedsmand/Jura/Politik;Handel/Erhverv,,forpagter;besidder;etatsraad
Reg0071160,Adel/Kongelig/Hof;Handel/Erhverv,,besidder;hofjægermester
Reg0071170,,,
Reg0071180,,,
Reg0071190,,,
Reg0071200,,,
Reg0071210,,,
Reg0071220,Militær,,kaptajn;infanteriet
Reg0071230,Akademiker/Lærd;Militær,,løjtnant;søetaten;kaptajn;bibliotekar
Reg0071240,,,
Reg0071250,,,
Reg0071260,,,
Reg0071270,Kunstner/Billedkunst,,billedhugger
Reg0071280,Akademiker/Lærd,,professor
Reg0071290,Kunstner/Billedkunst,,portrætmaler
Reg0071300,Forfatter/Digter;Handel/Erhverv;Musiker/Scenekunst,,teaterdirektør;forfatter;direktør
Reg0071310,Kunstner/Billedkunst,,maler
Reg0071320,,,
Reg0071330,Kunstner/Billedkunst,,maler
Reg0071340,Forfatter/Digter,,forfatter
Reg0071350,Forfatter/Digter,,forfatterinde
Reg0071360,,,
Reg0071370,Adel/Kongelig/Hof,,hertug
Reg0071380,Akademiker/Lærd;Forfatter/Digter;Musiker/Scenekunst,bibliotek.html;teater-musik.html,digter;historiker;filosof
Reg0071390,Militær,,kaptajn;søetaten;kommandør
Reg0071400,,,
Reg0071410,,,
Reg0071420,,,
Reg0071430,,,
Reg0071440,,,
Reg0071450,Adel/Kongelig/Hof;Handel/Erhverv,,besidder;kammerherre;hofjægermester
Reg0071460,Adel/Kongelig/Hof;Handel/Erhverv,,besidder;hofjægermester;kammerherre
Reg0071470,,,
Reg0071480,Militær,,oberst
Reg0071490,Adel/Kongelig/Hof;Militær,,auditør;livgarden;kammerherre
Reg0071500,,,
Reg0071510,Militær;Musiker/Scenekunst,,skuespillerinde;kaptajn
Reg0071520,Adel/Kongelig/Hof;Militær,,kammerherre;kommandør
Reg0071530,,,
Reg0071540,Adel/Kongelig/Hof;Handel/Erhverv,,forpagter;besidder;kammerherre;hofjægermester
Reg0071550,,,
Reg0071560,,,
Reg0071570,,,
Reg0071580,,,
Reg0071590,,,
Reg0071600,,,
Reg0071610,Gejstlig,,provst
Reg0071620,Embedsmand/Jura/Politik;Musiker/Scenekunst,,operasangerinde;etatsraad
Reg0071630,,,
Reg0071640,Embedsmand/Jura/Politik,,konferensraad
Reg0071650,Embedsmand/Jura/Politik;Gejstlig,,konferensraad;konventualinde
Reg0071660,,,
Reg0071670,Embedsmand/Jura/Politik;Handel/Erhverv,,direktør;konferensraad
Reg0071680,,,
Reg0071690,Gejstlig,,sognepræst
Reg0071700,Kunstner/Billedkunst,,portrætmaler
Reg0071710,Musiker/Scenekunst,,skuespiller
Reg0071720,Gejstlig,,sognepræst
Reg0071730,,,
Reg0071740,Musiker/Scenekunst,,komponist
Reg0071750,Forfatter/Digter;Musiker/Scenekunst,,skuespiller;forfatter
Reg0071760,,,
Reg0071770,,,
Reg0071780,Handel/Erhverv,,grosserer
Reg0071790,Embedsmand/Jura/Politik;Handel/Erhverv,,fabrikant;etatsraad
Reg0071800,Handel/Erhverv,,forpagter
Reg0071810,,,
Reg0071820,,,
Reg0071830,Embedsmand/Jura/Politik,,etatsraad
Reg0071840,,,
Reg0071850,,,
Reg0071860,Musiker/Scenekunst,,violinvirtuos;komponist
Reg0071870,Musiker/Scenekunst,,violinvirtuos;komponist
Reg0071880,,,
Reg0071890,,,
Reg0071900,,,
Reg0071910,,,
Reg0071920,,,
Reg0071930,,,
Reg0071940,Adel/Kongelig/Hof,,kammerherre
Reg0071950,Musiker/Scenekunst,,skuespillerinde
Reg0071960,,,
Reg0071970,,,
Reg0071980,Forfatter/Digter;Militær,,premierløjtnant;infanteriet;kaptajn;oberstløjtnant;skuespilforfatter
Reg0071990,Akademiker/Lærd;Embedsmand/Jura/Politik;Forfatter/Digter;Handel/Erhverv;Musiker/Scenekunst,bibliotek.html;teater-musik.html,digter;lærer;redaktør;direktør;professor;etatsraad;konferensraad
Reg0072000,Gejstlig,,sognepræst
Reg0072010,,,
Reg0072020,Forfatter/Digter;Musiker/Scenekunst,,skuespiller;forfatter
Reg0072030,,,
Reg0072040,,,
Reg0072050,,,
Reg0072060,,,
Reg0072070,,,
Reg0072080,Handel/Erhverv,,ejer
Reg0072090,Handel/Erhverv,,ejer
Reg0072100,Embedsmand/Jura/Politik,,justitsraad
Reg0072110,Adel/Kongelig/Hof;Embedsmand/Jura/Politik;Handel/Erhverv,,lensgreve;besidder;godsejer;politiker
Reg0072120,Forfatter/Digter,bibliotek.html,
Reg0072130,Adel/Kongelig/Hof;Embedsmand/Jura/Politik,,postmester;kammerherre
Reg0072140,Embedsmand/Jura/Politik;Handel/Erhverv,,besidder;politiker
Reg0072150,Adel/Kongelig/Hof;Handel/Erhverv;Militær,,oberst;generalløjtnant;kammerherre;direktør
Reg0072160,Forfatter/Digter,bibliotek.html,
Reg0072170,Akademiker/Lærd;Gejstlig,,student;sognepræst
Reg0072180,Akademiker/Lærd;Embedsmand/Jura/Politik,,student;postmester
Reg0072190,Adel/Kongelig/Hof;Militær,,oberstløjtnant;kammerjunker
Reg0072200,,,
Reg0072210,,,
Reg0072220,Adel/Kongelig/Hof;Embedsmand/Jura/Politik;Militær,,kaptajn;toldforvalter;kammerjunker
Reg0072230,Musiker/Scenekunst,,operasangerinde
Reg0072240,,,
Reg0072250,Akademiker/Lærd,,overlæge
Reg0072260,,,
Reg0072270,Embedsmand/Jura/Politik;Handel/Erhverv,,besidder;politiker
Reg0072280,,,
Reg0072290,,,
Reg0072300,,,
Reg0072310,,,
Reg0072320,,,
Reg0072330,,,
Reg0072340,Militær,,kaptajn
Reg0072350,,,
Reg0072360,,,
Reg0072370,Handel/Erhverv,,besidder
Reg0072380,Adel/Kongelig/Hof,,hertug
Reg0072390,Adel/Kongelig/Hof;Embedsmand/Jura/Politik,,stiftamtmand;kammerherre;gehejmekonferensraad
Reg0072400,,,
Reg0072410,,,
Reg0072420,,,
Reg0072430,Adel/Kongelig/Hof;Handel/Erhverv,,besidder;kammerherre;gehejmekonferensraad
Reg0072440,Adel/Kongelig/Hof;Handel/Erhverv,,besidder;gehejmekonferensraad;kammerherre
Reg0072450,Musiker/Scenekunst,,skuespillerinde
Reg0072460,Forfatter/Digter,,forfatter
Reg0072470,,,
Reg0072480,,,
Reg0072490,Militær,,oberst;adjudant;generalmajor
Reg0072500,Embedsmand/Jura/Politik,,etatsraad;konferensraad
Reg0072510,Akademiker/Lærd,,docent;lektor;professor
Reg0072520,Akademiker/Lærd;Musiker/Scenekunst,,klavervirtuos;komponist;professor
Reg0072530,Adel/Kongelig/Hof;Embedsmand/Jura/Politik,,kammerjunker;fuldmægtig;justitsraad
Reg0072540,Militær,,oberstløjtnant
Reg0072550,,,
Reg0072560,Adel/Kongelig/Hof,,gehejmekonferensraad
Reg0072570,,,
Reg0072580,,,
Reg0072590,Handel/Erhverv,,købmand
Reg0072600,,,
Reg0072610,,,
Reg0072620,,,
Reg0072630,,,
Reg0072640,Handel/Erhverv,,bankier
Reg0072650,Forfatter/Digter,,digter
Reg0072660,Kunstner/Billedkunst,,maler
Reg0072670,,,
Reg0072680,Adel/Kongelig/Hof;Embedsmand/Jura/Politik,,greve;guvernør
Reg0072690,,,
Reg0072700,Adel/Kongelig/Hof,,kammerherre
Reg0072710,Adel/Kongelig/Hof,,kammerherre
Reg0072720,Adel/Kongelig/Hof;Embedsmand/Jura/Politik,,amtmand;kammerherre
Reg0072730,Akademiker/Lærd,,professor
Reg0072740,,,
Reg0072750,,,
Reg0072760,,,
Reg0072770,,,
Reg0072780,,,
Reg0072790,,,
Reg0072800,Handel/Erhverv,,forlagsboghandler
Reg0072810,Adel/Kongelig/Hof;Embedsmand/Jura/Politik,,amtmand;kammerherre
Reg0072820,Musiker/Scenekunst,,balletdanser
Reg0072830,,,
Reg0072840,Forfatter/Digter,,digter
Reg0072850,Musiker/Scenekunst,,operasanger
Reg0072860,Akademiker/Lærd,,professor
Reg0072870,,,
Reg0072880,,,
Reg0072890,Akademiker/Lærd,,lærerinde
Reg0072900,Militær,,officer
Reg0072910,Akademiker/Lærd;Forfatter/Digter,,digter;litteraturhistoriker
Reg0072920,,,
Reg0072930,,,
Reg0072940,Akademiker/Lærd;Musiker/Scenekunst,,komponist;professor
Reg0072950,,,
Reg0072960,,,
Reg0072970,,,
Reg0072980,,,
Reg0072990,Akademiker/Lærd,,læge;professor
Reg0073000,,,
Reg0073010,,,
Reg0073020,,,
Reg0073030,Embedsmand/Jura/Politik,,fuldmægtig
Reg0073040,Akademiker/Lærd,,professor
Reg0073050,,,
Reg0073060,,,
Reg0073070,Akademiker/Lærd;Militær,,student;søetaten;overlæge
Reg0073080,,,
Reg0073090,,,
Reg0073100,Handel/Erhverv,,købmand
Reg0073110,,,
Reg0073120,Militær,,kaptajn
Reg0073130,,,
Reg0073140,,,
Reg0073150,Handel/Erhverv,,bogholder
Reg0073160,,,
Reg0073170,Embedsmand/Jura/Politik;Handel/Erhverv,,bankier;generalkonsul
Reg0073180,Handel/Erhverv,,købmand
Reg0073190,,,
Reg0073200,Embedsmand/Jura/Politik,,gesandt
Reg0073210,,,
Reg0073220,,,
Reg0073230,Embedsmand/Jura/Politik;Handel/Erhverv,,grosserer;konsul
Reg0073240,Militær,,kaptajn;oberst
Reg0073250,Forfatter/Digter;Gejstlig;Musiker/Scenekunst,bibliotek.html;teater-musik.html,digter;sognepræst
Reg0073260,Kunstner/Billedkunst,,maler
Reg0073270,Musiker/Scenekunst,,skuespiller
Reg0073280,Handel/Erhverv,,forlagsboghandler;forlægger
Reg0073290,,,
Reg0073300,,,
Reg0073310,Handel/Erhverv,,fabrikant
Reg0073320,,,
Reg0073330,,,
Reg0073340,,,
Reg0073350,,,
Reg0073360,,,
Reg0073370,,,
Reg0073380,Forfatter/Digter,,forfatterinde;oversætter
Reg0073390,Forfatter/Digter,,forfatter;udgiver
Reg0073400,Akademiker/Lærd,,overlæge
Reg0073410,Handel/Erhverv;Musiker/Scenekunst,,direktør;skuespiller
Reg0073420,,,
Reg0073430,Handel/Erhverv,,købmand
Reg0073440,,,
Reg0073450,,,
Reg0073460,Handel/Erhverv,,købmand
Reg0073470,,,
Reg0073480,,,
Reg0073490,Forfatter/Digter;Musiker/Scenekunst,bibliotek.html;teater-musik.html,digter
Reg0073500,Akademiker/Lærd,,lærerinde
Reg0073510,Musiker/Scenekunst,,skuespiller
Reg0073520,,,
Reg0073530,Akademiker/Lærd,,professor
Reg0073540,,,
Reg0073550,,,
Reg0073560,Adel/Kongelig/Hof,,kammerherre
Reg0073570,Embedsmand/Jura/Politik;Forfatter/Digter,,statsmand;forfatter
Reg0073580,Akademiker/Lærd;Embedsmand/Jura/Politik;Handel/Erhverv,,direktør;professor;etatsraad
Reg0073590,Musiker/Scenekunst,,klavervirtuos;komponist
Reg0073600,,,
Reg0073610,Embedsmand/Jura/Politik,,herredsfoged
Reg0073620,,,
Reg0073630,Akademiker/Lærd;Gejstlig,,student;sognepræst
Reg0073640,Akademiker/Lærd,,student;adjunkt;overlærer;professor
Reg0073650,,,
Reg0073660,,,
Reg0073670,,,
Reg0073680,,,
Reg0073690,,,
Reg0073700,,,
Reg0073710,Forfatter/Digter,,forfatter
Reg0073720,,,
Reg0073730,,,
Reg0073740,,,
Reg0073750,Handel/Erhverv,,forlagsboghandler;forlægger
Reg0073760,Militær,,general
Reg0073770,,,
Reg0073780,,,
Reg0073790,,,
Reg0073800,Adel/Kongelig/Hof,,baron
Reg0073810,Militær,,premierløjtnant;liniebataillon;kaptajn
Reg0073820,,,
Reg0073830,Adel/Kongelig/Hof,,hofdame
Reg0073840,,,
Reg0073850,Kunstner/Billedkunst,billedkunst.html,
Reg0073860,,,
Reg0073870,Embedsmand/Jura/Politik;Musiker/Scenekunst,,skuespiller;inspektør
Reg0073880,,,
Reg0073890,,,
Reg0073900,,,
Reg0073910,Militær,,kommandør
Reg0073920,Akademiker/Lærd,,student;lærer
Reg0073930,,,
Reg0073940,Musiker/Scenekunst,,skuespillerinde
Reg0073950,,,
Reg0073960,Musiker/Scenekunst,,skuespillerinde
Reg0073970,Gejstlig,,kapellan;sognepræst
Reg0073980,Akademiker/Lærd;Handel/Erhverv;Kunstner/Billedkunst,,historiemaler;professor;direktør
Reg0073990,Embedsmand/Jura/Politik,,legationssekretær
Reg0074000,Adel/Kongelig/Hof;Embedsmand/Jura/Politik,,ministerresident;generalkonsul;kammerherre
Reg0074010,Handel/Erhverv,,grosserer;vinhandler
Reg0074020,Musiker/Scenekunst,,kapelmusikus;violinist
Reg0074030,,,
Reg0074040,,,
Reg0074050,Forfatter/Digter;Musiker/Scenekunst,bibliotek.html;teater-musik.html,komponist
Reg0074060,Musiker/Scenekunst,teater-musik.html,komponist
Reg0074070,,,
Reg0074080,,,
Reg0074090,,,
Reg0074100,,,
Reg0074110,,,
Reg0074120,,,
Reg0074130,Handel/Erhverv,,forlagsboghandler
Reg0074140,Kunstner/Billedkunst,,maler;litograf
Reg0074150,Akademiker/Lærd;Forfatter/Digter;Musiker/Scenekunst,bibliotek.html,forfatter;oversætter;skuespiller;professor
Reg0074160,,,
Reg0074170,,,
Reg0074180,Militær,,oberstløjtnant;oberst;generalmajor;generalløjtnant
Reg0074190,,,
Reg0074200,Akademiker/Lærd;Forfatter/Digter,,professor;digter
Reg0074210,,,
Reg0074220,Embedsmand/Jura/Politik,,etatsraad
Reg0074230,,,
Reg0074240,Militær,,sekondløjtnant;premierløjtnant
Reg0074250,,,
Reg0074260,,,
Reg0074270,,,
Reg0074280,,,
Reg0074290,Musiker/Scenekunst,,skuespillerinde
Reg0074300,Militær,,kaptajn;oberst
Reg0074310,Militær,,oberst
Reg0074320,,,
Reg0074330,Forfatter/Digter,,digter
Reg0074340,Handel/Erhverv,,hotelejer
Reg0074350,Handel/Erhverv,,forlagsboghandler
Reg0074360,Militær,,premierløjtnant;liniebataillon;kaptajn;kaptajn
Reg0074370,,,
Reg0074380,Akademiker/Lærd;Gejstlig,,adjunkt;sognepræst
Reg0074390,,,
Reg0074400,Akademiker/Lærd,,kunsthistoriker;professor;docent
Reg0074410,,,
Reg0074420,,,
Reg0074430,,,
Reg0074440,Akademiker/Lærd;Handel/Erhverv,,student;forpagter;ejer
Reg0074450,,,
Reg0074460,Militær,,feltherre
Reg0074470,,,
Reg0074480,Akademiker/Lærd,,student;overlærer
Reg0074490,Forfatter/Digter;Musiker/Scenekunst,bibliotek.html;teater-musik.html,digter
Reg0074500,Akademiker/Lærd,,lektor;professor;professor
Reg0074510,Forfatter/Digter;Musiker/Scenekunst,teater-musik.html,skuespiller;skuespilforfatter
Reg0074520,,,
Reg0074530,Musiker/Scenekunst,,operasanger
Reg0074540,Forfatter/Digter;Musiker/Scenekunst,teater-musik.html,digter
Reg0074550,,,
Reg0074560,,,
Reg0074570,Forfatter/Digter,,digter;publicist
Reg0074580,Akademiker/Lærd;Embedsmand/Jura/Politik;Forfatter/Digter;Musiker/Scenekunst,bibliotek.html;teater-musik.html,digter;lektor;etatsraad;konferensraad
Reg0074590,,,
Reg0074600,Akademiker/Lærd;Embedsmand/Jura/Politik,,konsul;overlærer
Reg0074610,,,
Reg0074620,Gejstlig,,præst
Reg0074630,,,
Reg0074640,Embedsmand/Jura/Politik;Handel/Erhverv,,godsejer;besidder;indenrigsminister
Reg0074650,Gejstlig,,sognepræst
Reg0074660,Akademiker/Lærd;Gejstlig,,adjunkt;sognepræst
Reg0074670,,,
Reg0074680,Handel/Erhverv;Militær,,premierløjtnant;kaptajn;intendant
Reg0074690,Handel/Erhverv,,direktør
Reg0074700,Akademiker/Lærd;Forfatter/Digter,,professor;oversætter;digter
Reg0074710,Akademiker/Lærd;Forfatter/Digter,,student;forfatter
Reg0074720,,,
Reg0074730,Gejstlig,,præst;sognepræst
Reg0074740,Handel/Erhverv,,apoteker
Reg0074750,Embedsmand/Jura/Politik;Handel/Erhverv,,apoteker;justitsraad
Reg0074760,Adel/Kongelig/Hof;Militær,,kontreadmiral;søetaten;viceadmiral;kammerherre
Reg0074770,Militær,,løjtnant;søetaten;kommandør
Reg0074780,Militær,,løjtnant;søetaten;kommandør
Reg0074790,,,
Reg0074800,Forfatter/Digter,,digter
Reg0074810,,,
Reg0074820,Musiker/Scenekunst,,skuespiller
Reg0074830,Embedsmand/Jura/Politik;Handel/Erhverv,,bogholder;grosserer;etatsraad
Reg0074840,Kunstner/Billedkunst,,maler
Reg0074850,,,
Reg0074860,Adel/Kongelig/Hof,,konge
Reg0074870,,,
Reg0074880,,,
Reg0074890,,,
Reg0074900,Handel/Erhverv,,boghandler
Reg0074910,Musiker/Scenekunst,,balletdanser
Reg0074920,Forfatter/Digter,,udgiver
Reg0074930,,,
Reg0074940,,,
Reg0074950,,,
Reg0074960,,,
Reg0074970,,,
Reg0074980,,,
Reg0074990,,,
Reg0075000,,,
Reg0075010,,,
Reg0075020,,,
Reg0075030,,,
Reg0075040,,,
Reg0075050,,,
Reg0075060,Kunstner/Billedkunst,,kunstsamler
Reg0075070,Kunstner/Billedkunst,,maler
Reg0075080,,,
Reg0075090,Militær,,løjtnant;søetaten;kontreadmiral
Reg0075100,Handel/Erhverv,,grosserer
Reg0075110,Akademiker/Lærd;Gejstlig,,lærer;præst
Reg0075120,Akademiker/Lærd,,læge
Reg0075130,Militær,,kaptajn
Reg0075140,Embedsmand/Jura/Politik;Handel/Erhverv,,godsejer;landstingsmand;etatsraad
Reg0075150,Adel/Kongelig/Hof,,dronning
Reg0075160,,,
Reg0075170,Musiker/Scenekunst,,skuespillerinde
Reg0075180,Akademiker/Lærd;Embedsmand/Jura/Politik,,student;kontorchef
Reg0075190,Akademiker/Lærd;Handel/Erhverv,,grosserer;student;lærer
Reg0075200,Akademiker/Lærd;Forfatter/Digter,bibliotek.html,læge;professor
Reg0075210,,,
Reg0075220,,,
Reg0075230,,,
Reg0075240,Musiker/Scenekunst,,klavervirtuos;komponist
Reg0075250,Kunstner/Billedkunst,,billedhugger
Reg0075260,,,
Reg0075270,Gejstlig,,præst
Reg0075280,Musiker/Scenekunst,,skuespillerinde
Reg0075290,,,
Reg0075300,,,
Reg0075310,,,
Reg0075320,,,
Reg0075330,,,
Reg0075340,,,
Reg0075350,,,
Reg0075360,Embedsmand/Jura/Politik,,konsul
Reg0075370,Forfatter/Digter,,forfatter
Reg0075380,Embedsmand/Jura/Politik,,postmester
Reg0075390,Adel/Kongelig/Hof,,dronning
Reg0075400,Musiker/Scenekunst,,operasanger
Reg0075410,,,
Reg0075420,Forfatter/Digter,,digter
Reg0075430,,,
Reg0075440,Forfatter/Digter,,forfatter
Reg0075450,Adel/Kongelig/Hof,,prins
Reg0075460,Forfatter/Digter,,redaktør
Reg0075470,,,
Reg0075480,Musiker/Scenekunst,,skuespiller
Reg0075490,,,
Reg0075500,,,
Reg0075510,,,
Reg0075520,,,
Reg0075530,,,
Reg0075540,,,
Reg0075550,,,
Reg0075560,Akademiker/Lærd,,adjunkt;overlærer;professor
Reg0075570,Kunstner/Billedkunst,,portrætmaler
Reg0075580,Embedsmand/Jura/Politik;Handel/Erhverv,,vinhandler;kommunalbestyrelse
Reg0075590,Musiker/Scenekunst,,skuespillerinde
Reg0075600,,,
Reg0075610,,,
Reg0075620,,,
Reg0075630,,,
Reg0075640,,,
Reg0075650,,,
Reg0075660,Embedsmand/Jura/Politik,,postmester
Reg0075670,Forfatter/Digter;Gejstlig,,biskop;forfatter
Reg0075680,,,
Reg0075690,Militær,,oberst
Reg0075700,,,
Reg0075710,Handel/Erhverv,,boghandler
Reg0075720,,,
Reg0075730,Akademiker/Lærd;Embedsmand/Jura/Politik,,overlæge;etatsraad
Reg0075740,,,
Reg0075750,Musiker/Scenekunst,,skuespillerinde
Reg0075760,Embedsmand/Jura/Politik;Forfatter/Digter;Militær,,kaptajn;postmester;oversætter
Reg0075770,Forfatter/Digter;Militær,,kaptajn;oberst;forfatter
Reg0075780,Militær,,sekondløjtnant;dragonregiment
Reg0075790,,,
Reg0075800,Forfatter/Digter,,publicist;udgiver
Reg0075810,Kunstner/Billedkunst,,maler
Reg0075820,Kunstner/Billedkunst,billedkunst.html,billedhugger
Reg0075830,,,
Reg0075840,Forfatter/Digter,,forfatterinde
Reg0075850,,,
Reg0075860,Musiker/Scenekunst,,komponist
Reg0075870,Kunstner/Billedkunst,,malerinde
Reg0075880,,,
Reg0075890,Akademiker/Lærd;Kunstner/Billedkunst,,maler;professor
Reg0075900,,,
Reg0075910,,,
Reg0075920,Akademiker/Lærd;Militær;Musiker/Scenekunst,,student;løjtnant;skuespiller
Reg0075930,,,
Reg0075940,,,
Reg0075950,,,
Reg0075960,,,
Reg0075970,Akademiker/Lærd,,stiftsfysikus
Reg0075980,Militær,,kommandør
Reg0075990,Adel/Kongelig/Hof;Militær,,premierløjtnant;dragonregiment;ritmester;kammerjunker
Reg0076000,,,
Reg0076010,Akademiker/Lærd,,filolog
Reg0076020,Adel/Kongelig/Hof;Embedsmand/Jura/Politik,,borgmester;byfoged;borgmester;indenrigsminister;folketingsmand;landstingsmand;kammerjunker;kammerherre
Reg0076030,,,
Reg0076040,Adel/Kongelig/Hof,,kammerherre
Reg0076050,,,
Reg0076060,,,
Reg0076070,Forfatter/Digter,,redaktør
Reg0076080,Embedsmand/Jura/Politik,,etatsraad;konferensraad
Reg0076090,,,
Reg0076100,,,
Reg0076110,Forfatter/Digter,,forfatter
Reg0076120,Musiker/Scenekunst,,violinvirtuos;komponist
Reg0076130,Musiker/Scenekunst,,skuespiller
Reg0076140,Forfatter/Digter;Gejstlig,,præst;digter
Reg0076150,Handel/Erhverv,,grosserer
Reg0076160,,,
Reg0076170,,,
Reg0076180,,,
Reg0076190,,,
Reg0076200,,,
Reg0076210,,,
Reg0076220,,,
Reg0076230,,,
Reg0076240,Adel/Kongelig/Hof;Embedsmand/Jura/Politik,,amtmand;minister;kammerherre
Reg0076250,Akademiker/Lærd,,lærer;overlærer
Reg0076260,Forfatter/Digter,,publicist
Reg0076270,Adel/Kongelig/Hof,,selskabsdame
Reg0076280,,,
Reg0076290,Forfatter/Digter,,forfatter
Reg0076300,,,
Reg0076310,Militær,,søofficer
Reg0076320,Forfatter/Digter;Musiker/Scenekunst,,skuespiller;skuespilforfatter
Reg0076330,,,
Reg0076340,Forfatter/Digter,,litterat;oversætter
Reg0076350,,,
Reg0076360,Embedsmand/Jura/Politik,,konsul
Reg0076370,,,
Reg0076380,,,
Reg0076390,,,
Reg0076400,Akademiker/Lærd;Embedsmand/Jura/Politik,,student;stiftamtmand;overpræsident
Reg0076410,,,
Reg0076420,,,
Reg0076430,Embedsmand/Jura/Politik;Militær,,oberstløjtnant;generalmajor;landstingsmand
Reg0076440,Kunstner/Billedkunst,,maler
Reg0076450,,,
Reg0076460,Musiker/Scenekunst,,komponist
Reg0076470,Forfatter/Digter;Musiker/Scenekunst,,skuespiller;teaterdirektør;skuespilforfatter
Reg0076480,Forfatter/Digter,,forfatter
Reg0076490,Musiker/Scenekunst,,skuespiller
Reg0076500,,,
Reg0076510,,,
Reg0076520,,,
Reg0076530,,,
Reg0076540,,,
Reg0076550,,,
Reg0076560,,,
Reg0076570,,,
Reg0076580,Adel/Kongelig/Hof;Handel/Erhverv;Militær,,oberst;besidder;kammerherre
Reg0076590,Embedsmand/Jura/Politik;Handel/Erhverv,,statsmand;gehejmeraad;besidder
Reg0076600,Kunstner/Billedkunst,,maler
Reg0076610,Embedsmand/Jura/Politik;Handel/Erhverv;Militær,,gesandt;generalløjtnant;besidder
Reg0076620,,,
Reg0076630,Embedsmand/Jura/Politik,,amtsforvalter;etatsraad
Reg0076640,Adel/Kongelig/Hof;Handel/Erhverv;Militær,,besidder;kammerherre;hofjægermester;ritmester
Reg0076650,,,
Reg0076660,Adel/Kongelig/Hof,,kejser
Reg0076670,,,
Reg0076680,Musiker/Scenekunst,,skuespillerinde
Reg0076690,,,
Reg0076700,,,
Reg0076710,Musiker/Scenekunst,,violinist
Reg0076720,,,
Reg0076730,Forfatter/Digter,,forfatter
Reg0076740,Gejstlig,,sognepræst
Reg0076750,Militær,,general
Reg0076760,,,
Reg0076770,,,
Reg0076780,,,
Reg0076790,Handel/Erhverv,,vinhandler
Reg0076800,,,
Reg0076810,,,
Reg0076820,,,
Reg0076830,Adel/Kongelig/Hof;Handel/Erhverv;Militær,,ritmester;besidder;kammerherre
Reg0076840,,,
Reg0076850,,,
Reg0076860,,,
Reg0076870,Adel/Kongelig/Hof;Handel/Erhverv;Militær,,ritmester;besidder;kammerherre
Reg0076880,Adel/Kongelig/Hof,,stiftsdame
Reg0076890,Adel/Kongelig/Hof;Handel/Erhverv,,besidder;kammerherre
Reg0076900,,,
Reg0076910,,,
Reg0076920,,,
Reg0076930,,,
Reg0076940,,,
Reg0076950,Militær,,premierløjtnant;kavalleriet;ritmester
Reg0076960,,,
Reg0076970,Gejstlig,,kateket;sognepræst
Reg0076980,,,
Reg0076990,,,
Reg0077000,,,
Reg0077010,Embedsmand/Jura/Politik;Militær,,sekondløjtnant;kavalleriet;ritmester;kontorchef
Reg0077020,Handel/Erhverv,,købmand
Reg0077030,,,
Reg0077040,,,
Reg0077050,Embedsmand/Jura/Politik,,toldforvalter
Reg0077060,,,
Reg0077070,,,
Reg0077080,,,
Reg0077090,Forfatter/Digter,bibliotek.html,
Reg0077100,,,
Reg0077110,Embedsmand/Jura/Politik,,legationsraad
Reg0077120,Embedsmand/Jura/Politik,,legationssekretær
Reg0077130,Akademiker/Lærd,,professor
Reg0077140,,,
Reg0077150,Embedsmand/Jura/Politik;Forfatter/Digter,,statsmand;forfatter
Reg0077160,Adel/Kongelig/Hof;Militær,,ritmester;kammerjunker
Reg0077170,Militær,,løjtnant;søetaten;kaptajn;viceadmiral
Reg0077180,,,
Reg0077190,,,
Reg0077200,,,
Reg0077210,,,
Reg0077220,,,
Reg0077230,,,
Reg0077240,,,
Reg0077250,,,
Reg0077260,Akademiker/Lærd,,student
Reg0077270,,,
Reg0077280,,,
Reg0077290,,,
Reg0077300,Akademiker/Lærd,,docent;professor
Reg0077310,Handel/Erhverv,,ejer
Reg0077320,,,
Reg0077330,,,
Reg0077340,,,
Reg0077350,Musiker/Scenekunst,,skuespillerinde
Reg0077360,Akademiker/Lærd,,læge
Reg0077370,Akademiker/Lærd,,læge;læge
Reg0077380,,,
Reg0077390,,,
Reg0077400,Militær,,premierløjtnant;kaptajn
Reg0077410,,,
Reg0077420,Forfatter/Digter,,forfatter
Reg0077430,Forfatter/Digter,,digter
Reg0077440,,,
Reg0077450,Militær,,premierløjtnant;livgarden;kaptajn;oberst
Reg0077460,,,
Reg0077470,Adel/Kongelig/Hof,,baron
Reg0077480,Gejstlig,,provst
Reg0077490,,,
Reg0077500,Gejstlig,,sognepræst
Reg0077510,Akademiker/Lærd;Handel/Erhverv,,professor;direktør
Reg0077520,,,
Reg0077530,Musiker/Scenekunst,,skuespiller
Reg0077540,Adel/Kongelig/Hof;Handel/Erhverv;Kunstner/Billedkunst,,landskabsmaler;direktør;kammerherre
Reg0077550,Musiker/Scenekunst,teater-musik.html,komponist;organist
Reg0077560,Akademiker/Lærd;Gejstlig,,overlærer;sognepræst;theolog
Reg0077570,Akademiker/Lærd;Forfatter/Digter;Gejstlig,,huslærer;sognepræst;udgiver
Reg0077580,Musiker/Scenekunst,,klavervirtuos;komponist
Reg0077590,,,
Reg0077600,Embedsmand/Jura/Politik,,vicekonsul
Reg0077610,Militær,,oberst
Reg0077620,Musiker/Scenekunst,,komponist
Reg0077630,Musiker/Scenekunst,,pianist;komponist
Reg0077640,,,
Reg0077650,,,
Reg0077660,,,
Reg0077670,Akademiker/Lærd,,filosof
Reg0077680,,,
Reg0077690,Adel/Kongelig/Hof,,konge;kejser
Reg0077700,Adel/Kongelig/Hof,,kejser
Reg0077710,Adel/Kongelig/Hof,,kejser
Reg0077720,Forfatter/Digter,,litterat
Reg0077730,Handel/Erhverv,,godsejer
Reg0077740,Forfatter/Digter;Gejstlig,,præst;digter
Reg0077750,,,
Reg0077760,,,
Reg0077770,,,
Reg0077780,Embedsmand/Jura/Politik,,kancellist
Reg0077790,Kunstner/Billedkunst,,malerinde
Reg0077800,Adel/Kongelig/Hof;Militær,,oberst;generalmajor;generalløjtnant;kammerherre
Reg0077810,Akademiker/Lærd;Militær,,premierløjtnant;artilleriet;lærer;kaptajn
Reg0077820,,,
Reg0077830,,,
Reg0077840,,,
Reg0077850,Kunstner/Billedkunst,,historiemaler
Reg0077860,,,
Reg0077870,,,
Reg0077880,,,
Reg0077890,Kunstner/Billedkunst,billedkunst.html,historiemaler
Reg0077900,Forfatter/Digter,,forfatterinde
Reg0077910,Akademiker/Lærd;Embedsmand/Jura/Politik,,student;stiftsfysikus;professor;folketingsmand
Reg0077920,Embedsmand/Jura/Politik,,landstingsmand
Reg0077930,Kunstner/Billedkunst,,tegner
Reg0077940,Handel/Erhverv;Musiker/Scenekunst,,skuespiller;direktør
Reg0077950,Musiker/Scenekunst,,skuespiller
Reg0077960,Musiker/Scenekunst,,skuespillerinde
Reg0077970,Musiker/Scenekunst,,skuespiller
Reg0077980,Forfatter/Digter,,oversætter
Reg0077990,Akademiker/Lærd;Forfatter/Digter,bibliotek.html,professor
Reg0078000,,,
Reg0078010,,,
Reg0078020,,,
Reg0078030,Handel/Erhverv,,bankier
Reg0078040,,,
Reg0078050,,,
Reg0078060,,,
Reg0078070,Musiker/Scenekunst,,skuespiller
Reg0078080,Musiker/Scenekunst,,skuespillerinde
Reg0078090,Musiker/Scenekunst,,skuespiller
Reg0078100,,,
Reg0078110,,,
Reg0078120,Akademiker/Lærd;Forfatter/Digter,bibliotek.html,filolog
Reg0078130,Handel/Erhverv,,købmand
Reg0078140,,,
Reg0078150,Forfatter/Digter,bibliotek.html,forfatter;oversætter
Reg0078160,Embedsmand/Jura/Politik,,ministerresident
Reg0078170,,,
Reg0078180,,,
Reg0078190,,,
Reg0078200,Handel/Erhverv;Kunstner/Billedkunst,billedkunst.html,historiemaler;direktør
Reg0078210,,,
Reg0078220,,,
Reg0078230,,,
Reg0078240,Embedsmand/Jura/Politik;Handel/Erhverv,,købmand;assessor
Reg0078250,,,
Reg0078260,Embedsmand/Jura/Politik;Handel/Erhverv,,købmand;etatsraad
Reg0078270,Gejstlig,,sognepræst;biskop
Reg0078280,Akademiker/Lærd;Forfatter/Digter,,student;litterat
Reg0078290,Akademiker/Lærd;Forfatter/Digter,bibliotek.html,filosof
Reg0078300,Embedsmand/Jura/Politik,,overpræsident
Reg0078310,,,
Reg0078320,,,
Reg0078330,,,
Reg0078340,Adel/Kongelig/Hof;Militær,,officer;kammerherre
Reg0078350,Gejstlig,,biskop
Reg0078360,Musiker/Scenekunst,,skuespillerinde;skuespiller
Reg0078370,,,
Reg0078380,Militær,,oberst;general
Reg0078390,,,
Reg0078400,,,
Reg0078410,Embedsmand/Jura/Politik,,fuldmægtig
Reg0078420,,,
Reg0078430,Embedsmand/Jura/Politik,,stænderdeputeret
Reg0078440,,,
Reg0078450,Forfatter/Digter,,skuespilforfatter
Reg0078460,Embedsmand/Jura/Politik,,konferensraad
Reg0078470,Embedsmand/Jura/Politik,,konsul
Reg0078480,,,
Reg0078490,,,
Reg0078500,,,
Reg0078510,Militær,,løjtnant;kaptajn
Reg0078520,,,
Reg0078530,Handel/Erhverv,,forlagsboghandler
Reg0078540,Kunstner/Billedkunst,,maler;litograf
Reg0078550,,,
Reg0078560,,,
Reg0078570,Adel/Kongelig/Hof;Embedsmand/Jura/Politik;Militær,,sekondløjtnant;kavalleriet;premierløjtnant;ritmester;oberst;generalmajor;gesandt;kammerjunker;kammerherre
Reg0078580,Adel/Kongelig/Hof;Militær,,sekondløjtnant;oberst;dragonregiment;kammerherre
Reg0078590,,,
Reg0078600,,,
Reg0078610,,,
Reg0078620,Militær,,kommandørkaptajn
Reg0078630,,,
Reg0078640,,,
Reg0078650,Embedsmand/Jura/Politik,,godsforvalter
Reg0078660,,,
Reg0078670,,,
Reg0078680,,,
Reg0078690,,,
Reg0078700,Akademiker/Lærd;Forfatter/Digter,,lærer;redaktør
Reg0078710,Militær,,general
Reg0078720,,,
Reg0078730,,,
Reg0078740,,,
Reg0078750,Embedsmand/Jura/Politik,,assessor;overpræsident
Reg0078760,,,
Reg0078770,Handel/Erhverv,,bogtrykker
Reg0078780,,,
Reg0078790,Kunstner/Billedkunst,,arkitekt
Reg0078800,Musiker/Scenekunst,,skuespillerinde
Reg0078810,,,
Reg0078820,Forfatter/Digter,,digter
Reg0078830,Kunstner/Billedkunst,,arkitekt
Reg0078840,Forfatter/Digter,,journalist
Reg0078850,,,
Reg0078860,,,
Reg0078870,Adel/Kongelig/Hof,,hofdame
Reg0078880,Forfatter/Digter,,digter
Reg0078890,,,
Reg0078900,,,
Reg0078910,Musiker/Scenekunst,,balletdanser
Reg0078920,,,
Reg0078930,Handel/Erhverv,,købmand
Reg0078940,Forfatter/Digter,,oversætterinde
Reg0078950,Musiker/Scenekunst,,skuespiller
Reg0078960,Forfatter/Digter,,forfatter
Reg0078970,,,
Reg0078980,,,
Reg0078990,Musiker/Scenekunst,,skuespiller
Reg0079000,Forfatter/Digter;Militær,,officer;løjtnant;general;kaptajn;oberstløjtnant;forfatter
Reg0079010,Forfatter/Digter;Musiker/Scenekunst,,skuespilforfatter;skuespiller
Reg0079020,,,
Reg0079030,,,
Reg0079040,,,
Reg0079050,Handel/Erhverv,,gæstgiver
Reg0079060,,,
Reg0079070,,,
Reg0079080,,,
Reg0079090,Handel/Erhverv,,apoteker
Reg0079100,Forfatter/Digter,,redaktør
Reg0079110,,,
Reg0079120,,,
Reg0079130,Gejstlig,,sognepræst;præst
Reg0079140,Musiker/Scenekunst,,skuespiller
Reg0079150,Akademiker/Lærd,,lærer
Reg0079160,Militær,,premierløjtnant;artilleriet;kaptajn
Reg0079170,Akademiker/Lærd;Kunstner/Billedkunst,,arkitekt;professor
Reg0079180,Musiker/Scenekunst,,skuespiller
Reg0079190,,,
Reg0079200,Akademiker/Lærd,,lærerinde
Reg0079210,,,
Reg0079220,Handel/Erhverv,,købmand
Reg0079230,,,
Reg0079240,,,
Reg0079250,,,
Reg0079260,Adel/Kongelig/Hof;Embedsmand/Jura/Politik;Militær,,premierløjtnant;postmester;kammerherre
Reg0079270,Adel/Kongelig/Hof;Handel/Erhverv,,besidder;kammerherre
Reg0079280,,,
Reg0079290,,,
Reg0079300,Adel/Kongelig/Hof;Handel/Erhverv,,besidder;kammerherre
Reg0079310,,,
Reg0079320,Adel/Kongelig/Hof;Embedsmand/Jura/Politik;Handel/Erhverv,,amtmand;udenrigsminister;besidder;kammerherre
Reg0079330,Handel/Erhverv,,ejer
Reg0079340,,,
Reg0079350,Adel/Kongelig/Hof;Embedsmand/Jura/Politik,,amtmand;kammerherre
Reg0079360,Handel/Erhverv,,besidder
Reg0079370,,,
Reg0079380,Handel/Erhverv;Militær,,sekondløjtnant;livgarden;premierløjtnant;kaptajn;godsejer
Reg0079390,Adel/Kongelig/Hof;Handel/Erhverv,,besidder;kammerherre;hofjægermester
Reg0079400,,,
Reg0079410,,,
Reg0079420,Forfatter/Digter,,forfatter
Reg0079430,Akademiker/Lærd,,professor
Reg0079440,,,
Reg0079450,Musiker/Scenekunst,,skuespillerinde
Reg0079460,,,
Reg0079470,Akademiker/Lærd,,professor;historiker
Reg0079480,,,
Reg0079490,Akademiker/Lærd;Gejstlig;Musiker/Scenekunst,teater-musik.html,sognepræst;provst;historiker
Reg0079500,Akademiker/Lærd,,overlærer
Reg0079510,,,
Reg0079520,Embedsmand/Jura/Politik,,byfoged;borgmester;politiker;etatsraad;konferensraad
Reg0079530,Handel/Erhverv;Militær,,kaptajn;regiment;godsejer
Reg0079540,Militær,,sekondløjtnant;søetaten;løjtnant;kaptajn;viceadmiral
Reg0079550,Kunstner/Billedkunst,,arkitekt
Reg0079560,,,
Reg0079570,,,
Reg0079580,Adel/Kongelig/Hof,,stiftsdame
Reg0079590,,,
Reg0079600,,,
Reg0079610,Kunstner/Billedkunst,,maler;raderer
Reg0079620,Akademiker/Lærd;Embedsmand/Jura/Politik;Kunstner/Billedkunst,,arkitekt;professor;etatsraad;konferensraad
Reg0079630,Akademiker/Lærd,,student;adjunkt;overlærer
Reg0079640,Embedsmand/Jura/Politik,,præsident
Reg0079650,,,
Reg0079660,Akademiker/Lærd,,botaniker;professor
Reg0079670,,,
Reg0079680,,,
Reg0079690,,,
Reg0079700,Embedsmand/Jura/Politik,,fuldmægtig;assessor;justitiarius
Reg0079710,Embedsmand/Jura/Politik,,godsforvalter;kancelliraad;etatsraad
Reg0079720,Forfatter/Digter,,skuespilforfatter
Reg0079730,,,
Reg0079740,Adel/Kongelig/Hof,,kammerherre
Reg0079750,,,
Reg0079760,Embedsmand/Jura/Politik,,kancellist;legationssekretær
Reg0079770,Akademiker/Lærd,,filolog
Reg0079780,,,
Reg0079790,Akademiker/Lærd;Forfatter/Digter,bibliotek.html,overlærer
Reg0079800,Akademiker/Lærd;Forfatter/Digter;Gejstlig,,adjunkt;kapellan;provst;sognepræst;sognepræst;stiftsprovst;forfatter
Reg0079810,,,
Reg0079820,,,
Reg0079830,Forfatter/Digter,bibliotek.html,
Reg0079840,,,
Reg0079850,Akademiker/Lærd;Forfatter/Digter,,student;forfatter
Reg0079860,Forfatter/Digter,,redaktør
Reg0079870,Akademiker/Lærd;Embedsmand/Jura/Politik;Kunstner/Billedkunst,,billedhugger;inspektør;professor
Reg0079880,Musiker/Scenekunst,,skuespiller
Reg0079890,,,
Reg0079900,Musiker/Scenekunst,,skuespiller
Reg0079910,Gejstlig,,sognepræst
Reg0079920,,,
Reg0079930,Embedsmand/Jura/Politik,,konsul
Reg0079940,,,
Reg0079950,Handel/Erhverv,,ejer
Reg0079960,,,
Reg0079970,Kunstner/Billedkunst,,maler
Reg0079980,,,
Reg0079990,Forfatter/Digter;Kunstner/Billedkunst,,maler;forfatter
Reg0080000,,,
Reg0080010,,,
Reg0080020,Akademiker/Lærd;Forfatter/Digter,,professor;læge;digter
Reg0080030,,,
Reg0080040,Gejstlig,,provst;sognepræst
Reg0080050,,,
Reg0080060,Akademiker/Lærd,,arkæolog
Reg0080070,,,
Reg0080080,,,
Reg0080090,,,
Reg0080100,,,
Reg0080110,,,
Reg0080120,Adel/Kongelig/Hof;Embedsmand/Jura/Politik,,gesandtskab;gesandt;kammerherre
Reg0080130,Embedsmand/Jura/Politik,,statsmand
Reg0080140,,,
Reg0080150,Adel/Kongelig/Hof,,baron
Reg0080160,Forfatter/Digter,,skuespilforfatter
Reg0080170,Embedsmand/Jura/Politik,,diplomat;legationssekretær;gesandt
Reg0080180,Embedsmand/Jura/Politik;Handel/Erhverv,,ejer;kommunalbestyrelse
Reg0080190,Adel/Kongelig/Hof;Embedsmand/Jura/Politik,,amtsforvalter;kammerjunker;etatsraad
Reg0080200,,,
Reg0080210,Handel/Erhverv,,apoteker
Reg0080220,Adel/Kongelig/Hof,,kammerherre
Reg0080230,,,
Reg0080240,Musiker/Scenekunst,,skuespiller
Reg0080250,,,
Reg0080260,Gejstlig,,kapellan;sognepræst
Reg0080270,Akademiker/Lærd,,overlærer
Reg0080280,,,
Reg0080290,Embedsmand/Jura/Politik;Forfatter/Digter,,udgiver;etatsraad
Reg0080300,,,
Reg0080310,,,
Reg0080320,Militær,,premierløjtnant;infanteriet;generalmajor
Reg0080330,Embedsmand/Jura/Politik,,amtsforvalter;etatsraad;konferensraad
Reg0080340,Militær,,kaptajn;artilleriet
Reg0080350,,,
Reg0080360,Embedsmand/Jura/Politik,,amtsforvalter;landstingsmand;etatsraad
Reg0080370,Akademiker/Lærd;Militær,,frivillig;ingeniør
Reg0080380,,,
Reg0080390,,,
Reg0080400,,,
Reg0080410,Handel/Erhverv,,købmand
Reg0080420,Handel/Erhverv,,fabrikant;ejer
Reg0080430,,,
Reg0080440,,,
Reg0080450,Akademiker/Lærd;Forfatter/Digter,,distriktslæge;redaktør;stiftsfysikus
Reg0080460,Embedsmand/Jura/Politik,,postmester;justitsraad
Reg0080470,Kunstner/Billedkunst,,malerinde
Reg0080480,,,
Reg0080490,,,
Reg0080500,,,
Reg0080510,Kunstner/Billedkunst,,billedhugger;maler;raderer
Reg0080520,,,
Reg0080530,Militær,,premierløjtnant;søetaten;kaptajnløjtnant;kaptajn;kommandørkaptajn
Reg0080540,Kunstner/Billedkunst,,arkitekt
Reg0080550,Musiker/Scenekunst,,solodanserinde
Reg0080560,Musiker/Scenekunst,,operasangerinde
Reg0080570,Kunstner/Billedkunst,billedkunst.html,maler
Reg0080580,Akademiker/Lærd,,professor
Reg0080590,Embedsmand/Jura/Politik,,jurist;politiker
Reg0080600,,,
Reg0080610,Adel/Kongelig/Hof;Militær,,oberst;kammerherre;generalmajor
Reg0080620,Militær,,kontreadmiral
Reg0080630,,,
Reg0080640,,,
Reg0080650,Forfatter/Digter,,journalist
Reg0080660,,,
Reg0080670,,,
Reg0080680,,,
Reg0080690,Gejstlig,,provst;sognepræst
Reg0080700,,,
Reg0080710,,,
Reg0080720,,,
Reg0080730,Gejstlig,,sognepræst
Reg0080740,Militær,,sekondløjtnant;søetaten
Reg0080750,,,
Reg0080760,Adel/Kongelig/Hof;Militær,,premierløjtnant;kammerjunker;ritmester;kammerherre
Reg0080770,,,
Reg0080780,Militær,,generalmajor;generalløjtnant;general
Reg0080790,Embedsmand/Jura/Politik;Militær,,postmester;oberstløjtnant
Reg0080800,,,
Reg0080810,Adel/Kongelig/Hof;Embedsmand/Jura/Politik,,amtmand;kammerherre
Reg0080820,Adel/Kongelig/Hof,,hofdame
Reg0080830,Adel/Kongelig/Hof;Embedsmand/Jura/Politik,,postmester;kammerjunker;kammerherre
Reg0080840,,,
Reg0080850,Akademiker/Lærd;Kunstner/Billedkunst,,billedhugger;professor
Reg0080860,Akademiker/Lærd;Forfatter/Digter;Musiker/Scenekunst,bibliotek.html;teater-musik.html,huslærer;forfatter
Reg0080870,,,
Reg0080880,Akademiker/Lærd;Handel/Erhverv;Kunstner/Billedkunst;Militær,,student;sekondløjtnant;maler;tegner;direktør
Reg0080890,,,
Reg0080900,,,
Reg0080910,Militær,,løjtnant
Reg0080920,Akademiker/Lærd;Forfatter/Digter,,lærer;digter
Reg0080930,,,
Reg0080940,,,
Reg0080950,,,
Reg0080960,,,
Reg0080970,,,
Reg0080980,Musiker/Scenekunst,,skuespillerinde;skuespiller;teaterdirektør
Reg0080990,Forfatter/Digter;Musiker/Scenekunst,bibliotek.html;teater-musik.html,forfatter;oversætter
Reg0081000,,,
Reg0081010,Adel/Kongelig/Hof,,friherre
Reg0081020,Embedsmand/Jura/Politik,,gesandt
Reg0081030,,,
Reg0081040,,,
Reg0081050,,,
Reg0081060,,,
Reg0081070,,,
Reg0081080,,,
Reg0081090,Handel/Erhverv,,ejer
Reg0081100,Embedsmand/Jura/Politik;Handel/Erhverv,,politiker;ejer
Reg0081110,,,
Reg0081120,,,
Reg0081130,Musiker/Scenekunst,,klavervirtuos
Reg0081140,Forfatter/Digter,,forfatterinde
Reg0081150,Embedsmand/Jura/Politik,,landshøvding
Reg0081160,,,
Reg0081170,,,
Reg0081180,,,
Reg0081190,Embedsmand/Jura/Politik,,gesandt
Reg0081200,Adel/Kongelig/Hof;Embedsmand/Jura/Politik;Militær,,officer;diplomat;gesandtskab;friherre
Reg0081210,,,
Reg0081220,Musiker/Scenekunst,teater-musik.html,komponist
Reg0081230,Musiker/Scenekunst,,pianist
Reg0081240,,,
Reg0081250,,,
Reg0081260,Embedsmand/Jura/Politik,,vicekonsul
Reg0081270,Musiker/Scenekunst,,komponist
Reg0081280,,,
Reg0081290,,,
Reg0081300,Handel/Erhverv,,godsejer
Reg0081310,Musiker/Scenekunst,,organist
Reg0081320,,,
Reg0081330,Embedsmand/Jura/Politik,,justitiarius;konferensraad
Reg0081340,Musiker/Scenekunst,,komponist
Reg0081350,,,
Reg0081360,,,
Reg0081370,Kunstner/Billedkunst,billedkunst.html,maler
Reg0081380,,,
Reg0081390,,,
Reg0081400,Embedsmand/Jura/Politik,,konsul
Reg0081410,Forfatter/Digter,,forfatter;udgiver
Reg0081420,,,
Reg0081430,,,
Reg0081440,Handel/Erhverv,,intendant
Reg0081450,Handel/Erhverv,,ejer
Reg0081460,Militær,,oberstløjtnant;kommandør
Reg0081470,,,
Reg0081480,,,
Reg0081490,Musiker/Scenekunst,,violinist;komponist
Reg0081500,Akademiker/Lærd,,læge
Reg0081510,Forfatter/Digter,,forfatter
Reg0081520,,,
Reg0081530,Embedsmand/Jura/Politik;Handel/Erhverv,,bankier;generalkonsul
Reg0081540,Adel/Kongelig/Hof;Embedsmand/Jura/Politik,,gesandt;greve
Reg0081550,,,
Reg0081560,,,
Reg0081570,Akademiker/Lærd,,professor;professor;lærer;bibliotekar
Reg0081580,Akademiker/Lærd,,lærerinde
Reg0081590,Forfatter/Digter,,digter
Reg0081600,,,
Reg0081610,Gejstlig,,sognepræst
Reg0081620,,,
Reg0081630,,,
Reg0081640,,,
Reg0081650,,,
Reg0081660,Musiker/Scenekunst,,operasanger
Reg0081670,Kunstner/Billedkunst,billedkunst.html,billedhugger
Reg0081680,,,
Reg0081690,Musiker/Scenekunst,,operasanger
Reg0081700,Musiker/Scenekunst,,operasanger
Reg0081710,Musiker/Scenekunst,,operasanger
Reg0081720,Embedsmand/Jura/Politik;Forfatter/Digter,bibliotek.html,forfatter;politiker
Reg0081730,,,
Reg0081740,,,
Reg0081750,Musiker/Scenekunst,,komponist
Reg0081760,Musiker/Scenekunst,,komponist
Reg0081770,,,
Reg0081780,Forfatter/Digter,,oversætterinde
Reg0081790,Embedsmand/Jura/Politik;Militær,,officer;statsmand
Reg0081800,Embedsmand/Jura/Politik,,politiker
Reg0081810,Handel/Erhverv,,direktør
Reg0081820,Forfatter/Digter,,digter
Reg0081830,,,
Reg0081840,,,
Reg0081850,,,
Reg0081860,Embedsmand/Jura/Politik,,gesandt;udenrigsminister
Reg0081870,,,
Reg0081880,Adel/Kongelig/Hof;Embedsmand/Jura/Politik,,generalkonsul;hofmarskal
Reg0081890,Musiker/Scenekunst,,operasangerinde
Reg0081900,Musiker/Scenekunst,,pianistinde
Reg0081910,,,
Reg0081920,,,
Reg0081930,Forfatter/Digter,,digter
Reg0081940,,,
Reg0081950,Akademiker/Lærd,,læge
Reg0081960,Forfatter/Digter,,digter
Reg0081970,Forfatter/Digter,,forfatter
Reg0081980,Kunstner/Billedkunst,,maler
Reg0081990,,,
Reg0082000,Embedsmand/Jura/Politik;Militær,,generalkonsul;kaptajn
Reg0082010,,,
Reg0082020,Musiker/Scenekunst,,skuespillerinde
Reg0082030,,,
Reg0082040,Handel/Erhverv,,grosserer
Reg0082050,,,
Reg0082060,,,
Reg0082070,,,
Reg0082080,Handel/Erhverv;Musiker/Scenekunst,,teaterdirektør;direktør
Reg0082090,Forfatter/Digter;Musiker/Scenekunst,teater-musik.html,litterat
Reg0082100,Akademiker/Lærd;Handel/Erhverv,,direktør;docent;professor;professor
Reg0082110,,,
Reg0082120,,,
Reg0082130,,,
Reg0082140,,,
Reg0082150,Musiker/Scenekunst,,skuespillerinde;skuespiller
Reg0082160,,,
Reg0082170,,,
Reg0082180,,,
Reg0082190,Akademiker/Lærd,,student
Reg0082200,,,
Reg0082210,,,
Reg0082220,Embedsmand/Jura/Politik,,overpræsident;konferensraad
Reg0082230,,,
Reg0082240,Embedsmand/Jura/Politik;Handel/Erhverv,,godsejer;justitsraad
Reg0082250,Handel/Erhverv,,ejer
Reg0082260,Musiker/Scenekunst,,komponist;pianist
Reg0082270,Forfatter/Digter,,forfatter;oversætter
Reg0082280,Musiker/Scenekunst,,komponist
Reg0082290,Embedsmand/Jura/Politik,,gesandt
Reg0082300,Handel/Erhverv,,hotelvært
Reg0082310,,,
Reg0082320,Handel/Erhverv,,besidder
Reg0082330,Embedsmand/Jura/Politik;Handel/Erhverv,,besidder;etatsraad
Reg0082340,,,
Reg0082350,Embedsmand/Jura/Politik,,borgmester;justitsraad
Reg0082360,Embedsmand/Jura/Politik,,politiker
Reg0082370,,,
Reg0082380,,,
Reg0082390,,,
Reg0082400,,,
Reg0082410,Embedsmand/Jura/Politik,,gesandt
Reg0082420,,,
Reg0082430,,,
Reg0082440,,,
Reg0082450,,,
Reg0082460,,,
Reg0082470,,,
Reg0082480,Militær,,frivillig
Reg0082490,,,
Reg0082500,,,
Reg0082510,,,
Reg0082520,,,
Reg0082530,,,
Reg0082540,Handel/Erhverv,,købmand
Reg0082550,,,
Reg0082560,,,
Reg0082570,,,
Reg0082580,,,
Reg0082590,Handel/Erhverv,,gæstgiver
Reg0082600,,,
Reg0082610,,,
Reg0082620,,,
Reg0082630,,,
Reg0082640,Embedsmand/Jura/Politik,,borgmester;folketingsmand;etatsraad
Reg0082650,Akademiker/Lærd;Musiker/Scenekunst,,skuespillerinde;skuespiller;teaterdirektør;professor
Reg0082660,,,
Reg0082670,,,
Reg0082680,Forfatter/Digter,,digter
Reg0082690,,,
Reg0082700,,,
Reg0082710,,,
Reg0082720,Embedsmand/Jura/Politik;Militær,,toldforvalter;premierløjtnant
Reg0082730,,,
Reg0082740,,,
Reg0082750,Gejstlig,,sognepræst
Reg0082760,Gejstlig,,sognepræst
Reg0082770,Militær,,premierløjtnant;artilleriet;kommandant;oberst
Reg0082780,Gejstlig,,sognepræst
Reg0082790,,,
Reg0082800,Akademiker/Lærd;Militær,,livgarden;lærer
Reg0082810,Handel/Erhverv,,fabrikant
Reg0082820,Militær,,oberst;infanteriet
Reg0082830,Forfatter/Digter,,forfatter
Reg0082840,,,
Reg0082850,Gejstlig,,sognepræst
Reg0082860,,,
Reg0082870,,,
Reg0082880,,,
Reg0082890,Gejstlig,,biskop
Reg0082900,Forfatter/Digter;Handel/Erhverv,,forfatter;direktør
Reg0082910,,,
Reg0082920,,,
Reg0082930,Embedsmand/Jura/Politik,,advokat
Reg0082940,,,
Reg0082950,,,
Reg0082960,Embedsmand/Jura/Politik,,præsident
Reg0082970,Akademiker/Lærd;Forfatter/Digter,,lærer;redaktør;forfatter
Reg0082980,,,
Reg0082990,,,
Reg0083000,Gejstlig,,sognepræst;provst;sognepræst;biskop
Reg0083010,Musiker/Scenekunst,,danserinde
Reg0083020,Forfatter/Digter;Gejstlig,,forfatter;sognepræst
Reg0083030,Musiker/Scenekunst,,operasangerinde
Reg0083040,,,
Reg0083050,,,
Reg0083060,Musiker/Scenekunst,,skuespiller
Reg0083070,Forfatter/Digter;Musiker/Scenekunst,teater-musik.html,skuespilforfatter
Reg0083080,Handel/Erhverv,,direktør
Reg0083090,Embedsmand/Jura/Politik,,inspektør
Reg0083100,Akademiker/Lærd,,læge
Reg0083110,Akademiker/Lærd,,læge
Reg0083120,,,
Reg0083130,,,
Reg0083140,,,
Reg0083150,Militær,,generalløjtnant;general
Reg0083160,Musiker/Scenekunst,,skuespiller
Reg0083170,Musiker/Scenekunst,,operasangerinde
Reg0083180,Gejstlig,,sognepræst
Reg0083190,,,
Reg0083200,Embedsmand/Jura/Politik,,amtsforvalter;konferensraad
Reg0083210,,,
Reg0083220,,,
Reg0083230,,,
Reg0083240,Kunstner/Billedkunst,,portrætmaler
Reg0083250,Akademiker/Lærd,,overlæge;professor
Reg0083260,,,
Reg0083270,Akademiker/Lærd;Handel/Erhverv,,professor;direktør
Reg0083280,Embedsmand/Jura/Politik,,konferensraad
Reg0083290,Musiker/Scenekunst,,komponist
Reg0083300,,,
Reg0083310,Embedsmand/Jura/Politik,,advokat;minister;amtmand;indenrigsminister;folketingsmand;landstingsmand
Reg0083320,Kunstner/Billedkunst,billedkunst.html,maler
Reg0083330,,,
Reg0083340,Gejstlig,,kapellan;sognepræst
Reg0083350,,,
Reg0083360,Akademiker/Lærd,,filosof
Reg0083370,Embedsmand/Jura/Politik,,statsmand
Reg0083380,,,
Reg0083390,,,
Reg0083400,,,
Reg0083410,Adel/Kongelig/Hof,,friherre
Reg0083420,Militær,,løjtnant
Reg0083430,,,
Reg0083440,,,
Reg0083450,Musiker/Scenekunst,,operasanger
Reg0083460,Akademiker/Lærd;Forfatter/Digter,,lærer;digter;oversætter
Reg0083470,Forfatter/Digter,,forfatter;journalist;udgiver
Reg0083480,Handel/Erhverv,,grosserer
Reg0083490,Forfatter/Digter,,digter
Reg0083500,,,
Reg0083510,,,
Reg0083520,,,
Reg0083530,,,
Reg0083540,,,
Reg0083550,,,
Reg0083560,Forfatter/Digter,,digter
Reg0083570,,,
Reg0083580,Adel/Kongelig/Hof,,hofdame;dronning
Reg0083590,,,
Reg0083600,Embedsmand/Jura/Politik,,prokurator
Reg0083610,Adel/Kongelig/Hof;Militær,,løjtnant;prins
Reg0083620,Embedsmand/Jura/Politik;Militær,,kaptajn;byfoged
Reg0083630,Embedsmand/Jura/Politik;Handel/Erhverv,,stiftamtmand;gehejmeraad;besidder
Reg0083640,,,
Reg0083650,Forfatter/Digter,,forfatter
Reg0083660,Musiker/Scenekunst,,skuespiller
Reg0083670,Gejstlig,,pave
Reg0083680,Gejstlig,,pave
Reg0083690,Gejstlig,,pave
Reg0083700,,,
Reg0083710,Forfatter/Digter,,forfatter;oversætter;redaktør
Reg0083720,,,
Reg0083730,Adel/Kongelig/Hof,,konge
Reg0083740,,,
Reg0083750,Kunstner/Billedkunst,billedkunst.html,
Reg0083760,Handel/Erhverv,,købmand
Reg0083770,Militær,,generalløjtnant
Reg0083780,Musiker/Scenekunst,,skuespiller
Reg0083790,,,
Reg0083800,Handel/Erhverv;Musiker/Scenekunst,,besidder;komponist
Reg0083810,Musiker/Scenekunst,,skuespillerinde
Reg0083820,,,
Reg0083830,,,
Reg0083840,Adel/Kongelig/Hof;Handel/Erhverv,,besidder;kammerjunker
Reg0083850,,,
Reg0083860,Forfatter/Digter,,forfatter
Reg0083870,,,
Reg0083880,Forfatter/Digter;Musiker/Scenekunst,teater-musik.html,forfatter
Reg0083890,Gejstlig,,præst
Reg0083900,,,
Reg0083910,,,
Reg0083920,,,
Reg0083930,,,
Reg0083940,,,
Reg0083950,,,
Reg0083960,,,
Reg0083970,Adel/Kongelig/Hof;Handel/Erhverv;Militær,,løjtnant;kammerjunker;godsejer
Reg0083980,Adel/Kongelig/Hof,,hertug
Reg0083990,,,
Reg0084000,Militær,,oberst;generalmajor
Reg0084010,Forfatter/Digter,,skuespilforfatter
Reg0084020,Musiker/Scenekunst,,skuespiller
Reg0084030,,,
Reg0084040,Adel/Kongelig/Hof,,stiftsdame
Reg0084050,Adel/Kongelig/Hof,,hofmarskal
Reg0084060,Adel/Kongelig/Hof,,hofdame
Reg0084070,Adel/Kongelig/Hof,,stiftsdame
Reg0084080,Adel/Kongelig/Hof,,stiftsdame
Reg0084090,,,
Reg0084100,Adel/Kongelig/Hof;Embedsmand/Jura/Politik,,herredsfoged;kammerjunker;amtmand;amtmand
Reg0084110,Forfatter/Digter,,forfatterinde
Reg0084120,Adel/Kongelig/Hof;Militær,,generalmajor;kammerherre
Reg0084130,,,
Reg0084140,,,
Reg0084150,Forfatter/Digter,,litterat
Reg0084160,Akademiker/Lærd;Gejstlig,,student;sognepræst
Reg0084170,,,
Reg0084180,Musiker/Scenekunst,,operasangerinde
Reg0084190,,,
Reg0084200,,,
Reg0084210,,,
Reg0084220,,,
Reg0084230,Handel/Erhverv,,grosserer
Reg0084240,,,
Reg0084250,,,
Reg0084260,Akademiker/Lærd,,lektor;professor
Reg0084270,,,
Reg0084280,Handel/Erhverv,,bankier
Reg0084290,,,
Reg0084300,Handel/Erhverv,,direktør
Reg0084310,Handel/Erhverv,,direktør
Reg0084320,Forfatter/Digter,,forfatter
Reg0084330,Handel/Erhverv,,købmand
Reg0084340,Forfatter/Digter,,forfatterinde
Reg0084350,,,
Reg0084360,Adel/Kongelig/Hof;Handel/Erhverv;Militær,,underløjtnant;dronning;besidder
Reg0084370,,,
Reg0084380,Adel/Kongelig/Hof,,kammerherre
Reg0084390,Handel/Erhverv,,godsejer
Reg0084400,Adel/Kongelig/Hof,,hofjægermester
Reg0084410,,,
Reg0084420,,,
Reg0084430,Musiker/Scenekunst,,skuespillerinde
Reg0084440,Musiker/Scenekunst,,skuespiller
Reg0084450,Musiker/Scenekunst,,skuespiller
Reg0084460,,,
Reg0084470,Akademiker/Lærd,,professor
Reg0084480,,,
Reg0084490,Kunstner/Billedkunst,billedkunst.html,maler
Reg0084500,Handel/Erhverv,,grosserer
Reg0084510,,,
Reg0084520,,,
Reg0084530,,,
Reg0084540,Kunstner/Billedkunst,billedkunst.html,maler
Reg0084550,Kunstner/Billedkunst,,landskabsmaler
Reg0084560,,,
Reg0084570,Embedsmand/Jura/Politik;Forfatter/Digter,,politiker;forfatter
Reg0084580,Militær,,kaptajn;artilleriet
Reg0084590,Adel/Kongelig/Hof;Handel/Erhverv,,besidder;hofjægermester;kammerherre
Reg0084600,Embedsmand/Jura/Politik,,konsul
Reg0084610,,,
Reg0084620,Forfatter/Digter,bibliotek.html,digter
Reg0084630,Musiker/Scenekunst,,pianistinde
Reg0084640,Musiker/Scenekunst,,pianistinde
Reg0084650,Forfatter/Digter,,digter
Reg0084660,,,
Reg0084670,Embedsmand/Jura/Politik,,landstingsmand
Reg0084680,Embedsmand/Jura/Politik,,etatsraad
Reg0084690,Musiker/Scenekunst,,operasangerinde
Reg0084700,Musiker/Scenekunst,,operasanger;skuespiller
Reg0084710,,,
Reg0084720,,,
Reg0084730,Akademiker/Lærd,,professor
Reg0084740,Akademiker/Lærd,,professor
Reg0084750,Musiker/Scenekunst,,komponist
Reg0084760,Akademiker/Lærd;Handel/Erhverv,,botaniker;professor;direktør
Reg0084770,Handel/Erhverv,,grosserer
Reg0084780,Musiker/Scenekunst,,komponist
Reg0084790,,,
Reg0084800,Handel/Erhverv,,købmand
Reg0084810,,,
Reg0084820,Adel/Kongelig/Hof,,friherre
Reg0084830,,,
Reg0084840,Forfatter/Digter;Gejstlig,,redaktør;provst
Reg0084850,Gejstlig,,sognepræst
Reg0084860,Adel/Kongelig/Hof,,kammerherre
Reg0084870,Handel/Erhverv,,købmand
Reg0084880,,,
Reg0084890,,,
Reg0084900,,,
Reg0084910,,,
Reg0084920,,,
Reg0084930,,,
Reg0084940,,,
Reg0084950,,,
Reg0084960,Forfatter/Digter;Gejstlig,bibliotek.html,sognepræst;biskop;forfatter
Reg0084970,Handel/Erhverv,,boghandler
Reg0084980,Embedsmand/Jura/Politik;Handel/Erhverv;Militær,,auditør;bogholder;kontorchef;justitsraad
Reg0084990,,,
Reg0085000,Akademiker/Lærd;Handel/Erhverv,,student;boghandler
Reg0085010,Akademiker/Lærd,,student;overlæge
Reg0085020,Embedsmand/Jura/Politik,,konsul
Reg0085030,Forfatter/Digter,,redaktør
Reg0085040,Musiker/Scenekunst,,komponist
Reg0085050,Akademiker/Lærd,,professor
Reg0085060,Embedsmand/Jura/Politik,,kancellist;kontorchef;departementschef;etatsraad;konferensraad
Reg0085070,Adel/Kongelig/Hof,,kammerjunker
Reg0085080,,,
Reg0085090,,,
Reg0085100,,,
Reg0085110,Handel/Erhverv,,besidder
Reg0085120,Embedsmand/Jura/Politik;Handel/Erhverv,,justitsraad;besidder
Reg0085130,Kunstner/Billedkunst,,maler
Reg0085140,Embedsmand/Jura/Politik,,indenrigsminister
Reg0085150,Kunstner/Billedkunst,,historiemaler
Reg0085160,,,
Reg0085170,Adel/Kongelig/Hof;Militær,,ritmester;oberst;kammerherre
Reg0085180,,,
Reg0085190,Adel/Kongelig/Hof,,grevinde;grevinde
Reg0085200,,,
Reg0085210,Handel/Erhverv,,købmand
Reg0085220,,,
Reg0085230,Musiker/Scenekunst,,dirigent;komponist
Reg0085240,Adel/Kongelig/Hof,,grevinde
Reg0085250,,,
Reg0085260,Forfatter/Digter,,digter
Reg0085270,,,
Reg0085280,Akademiker/Lærd,,botaniker
Reg0085290,Akademiker/Lærd,,professor
Reg0085300,,,
Reg0085310,,,
Reg0085320,,,
Reg0085330,Embedsmand/Jura/Politik,,borgmester;departementschef;etatsraad;konferensraad
Reg0085340,Handel/Erhverv,,forlagsboghandler;indehaver
Reg0085350,Militær,,premierløjtnant;dragonregiment
Reg0085360,Adel/Kongelig/Hof,,kammerjunker
Reg0085370,Musiker/Scenekunst,,skuespiller
Reg0085380,,,
Reg0085390,,,
Reg0085400,Akademiker/Lærd,,rektor;professor
Reg0085410,Musiker/Scenekunst,,klavervirtuos;komponist
Reg0085420,Forfatter/Digter,,litterat;udgiver
Reg0085430,,,
Reg0085440,,,
Reg0085450,Embedsmand/Jura/Politik,,kontorchef
Reg0085460,,,
Reg0085470,,,
Reg0085480,,,
Reg0085490,,,
Reg0085500,Akademiker/Lærd,,historiker
Reg0085510,Akademiker/Lærd,,professor;litteraturhistoriker
Reg0085520,,,
Reg0085530,,,
Reg0085540,Forfatter/Digter,,forfatter
Reg0085550,Embedsmand/Jura/Politik;Forfatter/Digter,,advokat;digter
Reg0085560,,,
Reg0085570,,,
Reg0085580,Forfatter/Digter,bibliotek.html,forfatter;udgiver
Reg0085590,,,
Reg0085600,Akademiker/Lærd;Forfatter/Digter,,ingeniør;oversætter
Reg0085610,,,
Reg0085620,,,
Reg0085630,,,
Reg0085640,Akademiker/Lærd;Forfatter/Digter,bibliotek.html,digter;professor
Reg0085650,,,
Reg0085660,,,
Reg0085670,Handel/Erhverv,,forlagsboghandler
Reg0085680,Handel/Erhverv,,forlagsboghandler
Reg0085690,Forfatter/Digter,,digter
Reg0085700,,,
Reg0085710,,,
Reg0085720,,,
Reg0085730,,,
Reg0085740,Embedsmand/Jura/Politik;Handel/Erhverv,,forlagsboghandler;forlægger;generalkonsul
Reg0085750,Kunstner/Billedkunst,,maler
Reg0085760,Embedsmand/Jura/Politik,,etatsraad;konferensraad
Reg0085770,Akademiker/Lærd;Musiker/Scenekunst,teater-musik.html,student;distriktslæge
Reg0085780,Akademiker/Lærd,,professor
Reg0085790,,,
Reg0085800,Gejstlig,,sognepræst
Reg0085810,,,
Reg0085820,Adel/Kongelig/Hof;Embedsmand/Jura/Politik,,legationssekretær;kontorchef;prokurator;kammerjunker
Reg0085830,Kunstner/Billedkunst,,arkitekt
Reg0085840,,,
Reg0085850,Akademiker/Lærd;Forfatter/Digter,,adjunkt;forfatter
Reg0085860,Gejstlig,,sognepræst
Reg0085870,Embedsmand/Jura/Politik;Handel/Erhverv,,inspektør;ejer
Reg0085880,Embedsmand/Jura/Politik;Handel/Erhverv,,købmand;stænderdeputeret
Reg0085890,Kunstner/Billedkunst,,billedhugger
Reg0085900,Militær,,søofficer
Reg0085910,Kunstner/Billedkunst,,maler
Reg0085920,Musiker/Scenekunst,teater-musik.html,operakomponist
Reg0085930,,,
Reg0085940,Handel/Erhverv,,forlagsboghandler
Reg0085950,Kunstner/Billedkunst,,billedhugger
Reg0085960,,,
Reg0085970,,,
Reg0085980,Embedsmand/Jura/Politik;Handel/Erhverv,,ejer;kommunalbestyrelse;etatsraad
Reg0085990,,,
Reg0086000,Kunstner/Billedkunst,billedkunst.html,billedhugger
Reg0086010,,,
Reg0086020,,,
Reg0086030,,,
Reg0086040,,,
Reg0086050,Militær,,ritmester
Reg0086060,Adel/Kongelig/Hof;Embedsmand/Jura/Politik,,justitiarius;gehejmekonferensraad
Reg0086070,,,
Reg0086080,,,
Reg0086090,,,
Reg0086100,Musiker/Scenekunst,,skuespiller
Reg0086110,,,
Reg0086120,,,
Reg0086130,,,
Reg0086140,Adel/Kongelig/Hof,,greve
Reg0086150,Adel/Kongelig/Hof;Embedsmand/Jura/Politik,,prinsesse;diplomat
Reg0086160,,,
Reg0086170,,,
Reg0086180,,,
Reg0086190,Adel/Kongelig/Hof,,konge;kejser
Reg0086200,Musiker/Scenekunst,,skuespillerinde;skuespiller
Reg0086210,,,
Reg0086220,Musiker/Scenekunst,,komponist;dirigent
Reg0086230,Musiker/Scenekunst,teater-musik.html,komponist;dirigent
Reg0086240,Forfatter/Digter;Handel/Erhverv,,forfatter;direktør
Reg0086250,,,
Reg0086260,,,
Reg0086270,Forfatter/Digter,,forfatterinde
Reg0086280,,,
Reg0086290,Embedsmand/Jura/Politik,,etatsraad
Reg0086300,Embedsmand/Jura/Politik,,fuldmægtig;kontorchef
Reg0086310,,,
Reg0086320,Akademiker/Lærd;Kunstner/Billedkunst,,historiemaler;professor
Reg0086330,Embedsmand/Jura/Politik,,kontorchef;etatsraad
Reg0086340,Militær,,premierløjtnant;søetaten;kaptajnløjtnant;kaptajn;kommandør;kontreadmiral
Reg0086350,Handel/Erhverv,,ejer
Reg0086360,Musiker/Scenekunst,,komponist
Reg0086370,Akademiker/Lærd;Handel/Erhverv,,læge;ejer
Reg0086380,Musiker/Scenekunst,,skuespiller
Reg0086390,Handel/Erhverv,,grosserer;agent
Reg0086400,Akademiker/Lærd;Embedsmand/Jura/Politik,,professor;konferensraad
Reg0086410,,,
Reg0086420,Kunstner/Billedkunst,,maler
Reg0086430,,,
Reg0086440,Gejstlig,,sognepræst
Reg0086450,Forfatter/Digter;Musiker/Scenekunst,bibliotek.html;teater-musik.html,forfatter;digter
Reg0086460,,,
Reg0086470,Forfatter/Digter;Militær;Musiker/Scenekunst,bibliotek.html;teater-musik.html,kaptajn;artilleriet;adjudant;generalmajor
Reg0086480,,,
Reg0086490,,,
Reg0086500,Forfatter/Digter,bibliotek.html,digter
Reg0086510,Embedsmand/Jura/Politik,,herredsfoged
Reg0086520,,,
Reg0086530,Militær,,premierløjtnant;kommandør
Reg0086540,Akademiker/Lærd,,professor
Reg0086550,Embedsmand/Jura/Politik,,kancelliraad
Reg0086560,,,
Reg0086570,,,
Reg0086580,Kunstner/Billedkunst,,maler
Reg0086590,Kunstner/Billedkunst,,landskabsmaler
Reg0086600,Handel/Erhverv,,købmand
Reg0086610,Kunstner/Billedkunst,,maler
Reg0086620,,,
Reg0086630,Militær,,kaptajn;oberstløjtnant
Reg0086640,,,
Reg0086650,,,
Reg0086660,,,
Reg0086670,,,
Reg0086680,,,
Reg0086690,Kunstner/Billedkunst,,billedhugger
Reg0086700,,,
Reg0086710,,,
Reg0086720,,,
Reg0086730,Handel/Erhverv,,vinhandler
Reg0086740,,,
Reg0086750,,,
Reg0086760,Musiker/Scenekunst,,pianist
Reg0086770,,,
Reg0086780,,,
Reg0086790,Militær,,ritmester
Reg0086800,Kunstner/Billedkunst,,kunstsamler
Reg0086810,,,
Reg0086820,Kunstner/Billedkunst,,maler
Reg0086830,,,
Reg0086840,Forfatter/Digter,,forfatter;oversætter
Reg0086850,,,
Reg0086860,Adel/Kongelig/Hof;Gejstlig,,hofpræst;dronning
Reg0086870,,,
Reg0086880,,,
Reg0086890,Akademiker/Lærd,,adjunkt
Reg0086900,,,
Reg0086910,Forfatter/Digter,,journalist
Reg0086920,,,
Reg0086930,Akademiker/Lærd,,professor
Reg0086940,Embedsmand/Jura/Politik,,etatsraad
Reg0086950,Embedsmand/Jura/Politik,,konsul
Reg0086960,Embedsmand/Jura/Politik,,konsul
Reg0086970,,,
Reg0086980,Adel/Kongelig/Hof;Akademiker/Lærd;Handel/Erhverv,,student;forpagter;hofjægermester
Reg0086990,,,
Reg0087000,,,
Reg0087010,Adel/Kongelig/Hof;Militær,,generalmajor;artilleriet;generalløjtnant;kammerherre
Reg0087020,Embedsmand/Jura/Politik,,gehejmeraad
Reg0087030,,,
Reg0087040,Adel/Kongelig/Hof;Forfatter/Digter,,baron;romanforfatter
Reg0087050,Adel/Kongelig/Hof;Embedsmand/Jura/Politik;Forfatter/Digter,,baron;diplomat;forfatter;legationssekretær
Reg0087060,,,
Reg0087070,,,
Reg0087080,,,
Reg0087090,Militær,,oberst
Reg0087100,Handel/Erhverv,,fabrikant
Reg0087110,,,
Reg0087120,,,
Reg0087130,Militær,,generalmajor;kommandant
Reg0087140,Adel/Kongelig/Hof;Militær,,premierløjtnant;kavalleriet;adjudant;ritmester;kammerjunker
Reg0087150,Adel/Kongelig/Hof,,selskabsdame;grevinde
Reg0087160,Militær,,premierløjtnant;kavalleriet;ritmester;oberst
Reg0087170,Adel/Kongelig/Hof,,stiftsdame
Reg0087180,Militær,,generalmajor
Reg0087190,Militær,,oberstløjtnant
Reg0087200,,,
Reg0087210,,,
Reg0087220,Embedsmand/Jura/Politik,,gesandt
Reg0087230,,,
Reg0087240,,,
Reg0087250,Militær,,sekondløjtnant;oberst
Reg0087260,,,
Reg0087270,,,
Reg0087280,,,
Reg0087290,Militær,,kaptajn;oberstløjtnant;oberst
Reg0087300,Forfatter/Digter;Handel/Erhverv,,bogtrykker;udgiver
Reg0087310,,,
Reg0087320,,,
Reg0087330,Embedsmand/Jura/Politik,,inspektør
Reg0087340,,,
Reg0087350,,,
Reg0087360,,,
Reg0087370,,,
Reg0087380,Kunstner/Billedkunst,,landskabsmaler
Reg0087390,Gejstlig,,sognepræst
Reg0087400,Embedsmand/Jura/Politik,,advokat;stænderdeputeret
Reg0087410,,,
Reg0087420,Embedsmand/Jura/Politik;Handel/Erhverv,,kontorchef;bogholder
Reg0087430,Akademiker/Lærd,,docent;professor
Reg0087440,Musiker/Scenekunst,,operasangerinde
Reg0087450,Militær,,løjtnant;søetaten;premierløjtnant;kaptajn
Reg0087460,,,
Reg0087470,Adel/Kongelig/Hof;Militær,,kaptajn;artilleriet;oberst;kammerherre
Reg0087480,,,
Reg0087490,,,
Reg0087500,,,
Reg0087510,Handel/Erhverv,,forpagter
Reg0087520,,,
Reg0087530,Adel/Kongelig/Hof;Militær,,oberst;kammerherre
Reg0087540,Adel/Kongelig/Hof;Embedsmand/Jura/Politik,,toldforvalter;kammerherre
Reg0087550,Adel/Kongelig/Hof,,hofmarskal;kammerherre;gehejmekonferensraad
Reg0087560,,,
Reg0087570,,,
Reg0087580,Adel/Kongelig/Hof,,hofjægermester
Reg0087590,Adel/Kongelig/Hof,,kammerherre;dronning;hofmarskal
Reg0087600,Adel/Kongelig/Hof,,dronning;overhofmesterinde;dronning
Reg0087610,Adel/Kongelig/Hof;Handel/Erhverv,,kammerherre;hofjægermester;besidder
Reg0087620,,,
Reg0087630,Militær,,frivillig;sekondløjtnant
Reg0087640,,,
Reg0087650,Embedsmand/Jura/Politik,,jurist;politiker
Reg0087660,,,
Reg0087670,,,
Reg0087680,,,
Reg0087690,Embedsmand/Jura/Politik,,gesandtskab;ministerresident;generalkonsul
Reg0087700,Adel/Kongelig/Hof,,hofdame;dronning
Reg0087710,,,
Reg0087720,Militær,,general
Reg0087730,,,
Reg0087740,,,
Reg0087750,Musiker/Scenekunst,,skuespiller
Reg0087760,,,
Reg0087770,,,
Reg0087780,,,
Reg0087790,Handel/Erhverv,,grosserer
Reg0087800,,,
Reg0087810,Embedsmand/Jura/Politik,,legationssekretær
Reg0087820,,,
Reg0087830,,,
Reg0087840,Embedsmand/Jura/Politik;Militær,,gesandt;generalmajor
Reg0087850,,,
Reg0087860,,,
Reg0087870,,,
Reg0087880,,,
Reg0087890,,,
Reg0087900,,,
Reg0087910,Militær,,sekondløjtnant;kavalleriet;premierløjtnant;ritmester;adjudant;oberst
Reg0087920,Adel/Kongelig/Hof,,hofchef;enkedronning;kammerherre
Reg0087930,Adel/Kongelig/Hof;Embedsmand/Jura/Politik;Handel/Erhverv,,gesandtskab;legationssekretær;kammerherre;besidder
Reg0087940,,,
Reg0087950,Militær,,general
Reg0087960,,,
Reg0087970,Militær,,løjtnant;søetaten;kontreadmiral
Reg0087980,Kunstner/Billedkunst,,billedhugger
Reg0087990,Akademiker/Lærd,,historiker
Reg0088000,Embedsmand/Jura/Politik,,politiker
Reg0088010,,,
Reg0088020,Kunstner/Billedkunst,billedkunst.html,
Reg0088030,,,
Reg0088040,Embedsmand/Jura/Politik,,præsident
Reg0088050,Handel/Erhverv,,købmand
Reg0088060,Musiker/Scenekunst,,skuespiller;teaterdirektør
Reg0088070,Adel/Kongelig/Hof,,selskabsdame
Reg0088080,,,
Reg0088090,,,
Reg0088100,,,
Reg0088110,,,
Reg0088120,,,
Reg0088130,Handel/Erhverv,,købmand;ejer
Reg0088140,,,
Reg0088150,,,
Reg0088160,Handel/Erhverv,,proprietær
Reg0088170,Handel/Erhverv;Militær,,bogtrykker;sekondløjtnant
Reg0088180,Musiker/Scenekunst,,skuespiller
Reg0088190,Embedsmand/Jura/Politik,,godsforvalter
Reg0088200,Musiker/Scenekunst,,balletdanserinde
Reg0088210,Gejstlig,,sognepræst
Reg0088220,Akademiker/Lærd;Embedsmand/Jura/Politik,,filolog;politiker
Reg0088230,Embedsmand/Jura/Politik,,fuldmægtig
Reg0088240,,,
Reg0088250,,,
Reg0088260,,,
Reg0088270,,,
Reg0088280,,,
Reg0088290,Handel/Erhverv,,grosserer
Reg0088300,,,
Reg0088310,Handel/Erhverv,,grosserer
Reg0088320,Akademiker/Lærd,,læge;distriktslæge
Reg0088330,,,
Reg0088340,Forfatter/Digter,,litterat
Reg0088350,,,
Reg0088360,,,
Reg0088370,Akademiker/Lærd;Embedsmand/Jura/Politik,,politiker;historiker
Reg0088380,Handel/Erhverv,,bankier
Reg0088390,,,
Reg0088400,Musiker/Scenekunst,,operasangerinde
Reg0088410,Forfatter/Digter,,forfatter
Reg0088420,Forfatter/Digter,,forfatter
Reg0088430,,,
Reg0088440,Musiker/Scenekunst,,komponist
Reg0088450,Militær,,premierløjtnant;livgarden;kaptajn
Reg0088460,,,
Reg0088470,Kunstner/Billedkunst,billedkunst.html,maler
Reg0088480,,,
Reg0088490,,,
Reg0088500,Embedsmand/Jura/Politik;Forfatter/Digter,,forfatter;gesandt
Reg0088510,,,
Reg0088520,Embedsmand/Jura/Politik;Forfatter/Digter,,gesandt;digter
Reg0088530,Forfatter/Digter,,forfatter
Reg0088540,,,
Reg0088550,,,
Reg0088560,Embedsmand/Jura/Politik;Kunstner/Billedkunst,,maler;inspektør
Reg0088570,,,
Reg0088580,Militær,,general
Reg0088590,Adel/Kongelig/Hof,,friherre
Reg0088600,,,
Reg0088610,,,
Reg0088620,,,
Reg0088630,,,
Reg0088640,,,
Reg0088650,Militær,,kaptajn;regiment;oberstløjtnant
Reg0088660,,,
Reg0088670,,,
Reg0088680,,,
Reg0088690,Akademiker/Lærd;Gejstlig,,student;kateket
Reg0088700,Handel/Erhverv,,grosserer
Reg0088710,,,
Reg0088720,,,
Reg0088730,Embedsmand/Jura/Politik;Forfatter/Digter;Militær,,søetaten;etatsraad;forfatter
Reg0088740,Adel/Kongelig/Hof;Embedsmand/Jura/Politik,,gesandt;kammerherre
Reg0088750,,,
Reg0088760,Kunstner/Billedkunst,,maler
Reg0088770,Militær,,general
Reg0088780,,,
Reg0088790,,,
Reg0088800,Embedsmand/Jura/Politik,,amtsforvalter;etatsraad
Reg0088810,Embedsmand/Jura/Politik,,herredsfoged;byfoged;justitsraad;etatsraad
Reg0088820,Musiker/Scenekunst,,skuespiller
Reg0088830,,,
Reg0088840,Kunstner/Billedkunst,billedkunst.html,maler
Reg0088850,,,
Reg0088860,Akademiker/Lærd,,læge
Reg0088870,Gejstlig,,sognepræst
Reg0088880,Kunstner/Billedkunst,billedkunst.html,maler
Reg0088890,,,
Reg0088900,Handel/Erhverv,,købmand
Reg0088910,,,
Reg0088920,Handel/Erhverv,,købmand
Reg0088930,,,
Reg0088940,,,
Reg0088950,,,
Reg0088960,Akademiker/Lærd,,læge
Reg0088970,,,
Reg0088980,Gejstlig,,sognepræst
Reg0088990,Embedsmand/Jura/Politik,,generalkonsul;legationsraad
Reg0089000,,,
Reg0089010,,,
Reg0089020,,,
Reg0089030,,,
Reg0089040,,,
Reg0089050,,,
Reg0089060,,,
Reg0089070,,,
Reg0089080,,,
Reg0089090,,,
Reg0089100,,,
Reg0089110,,,
Reg0089120,Militær,,sekondløjtnant
Reg0089130,,,
Reg0089140,,,
Reg0089150,,,
Reg0089160,Adel/Kongelig/Hof,,enkedronning
Reg0089170,Militær,,løjtnant;søetaten
Reg0089180,,,
Reg0089190,,,
Reg0089200,,,
Reg0089210,,,
Reg0089220,,,
Reg0089230,Musiker/Scenekunst,,operasanger
Reg0089240,Musiker/Scenekunst,,operasanger
Reg0089250,Embedsmand/Jura/Politik,,konsul
Reg0089260,,,
Reg0089270,Musiker/Scenekunst,,operasangerinde
Reg0089280,Forfatter/Digter,,forfatter
Reg0089290,Adel/Kongelig/Hof,,sultan
Reg0089300,Adel/Kongelig/Hof,,sultan
Reg0089310,Handel/Erhverv,,købmand
Reg0089320,Handel/Erhverv,,hotelejer
Reg0089330,Musiker/Scenekunst,,skuespiller
Reg0089340,Handel/Erhverv,,ejer
Reg0089350,Forfatter/Digter;Militær,,søofficer;romanforfatter
Reg0089360,Forfatter/Digter,,forfatter
Reg0089370,,,
Reg0089380,Musiker/Scenekunst,,skuespillerinde
Reg0089390,,,
Reg0089400,Musiker/Scenekunst,teater-musik.html,operakomponist
Reg0089410,Musiker/Scenekunst,,operasangerinde
Reg0089420,Kunstner/Billedkunst,,portrætmaler
Reg0089430,,,
Reg0089440,Embedsmand/Jura/Politik,,konsul
Reg0089450,Handel/Erhverv,,direktør
Reg0089460,Kunstner/Billedkunst,billedkunst.html,maler
Reg0089470,Kunstner/Billedkunst;Musiker/Scenekunst,billedkunst.html,pianistinde
Reg0089480,,,
Reg0089490,Forfatter/Digter,,forfatterinde
Reg0089500,,,
Reg0089510,,,
Reg0089520,Akademiker/Lærd;Gejstlig,,professor;biskop
Reg0089530,,,
Reg0089540,Forfatter/Digter,,forfatterinde
Reg0089550,,,
Reg0089560,,,
Reg0089570,Akademiker/Lærd,,historiker;professor
Reg0089580,Forfatter/Digter,,forfatter
Reg0089590,Akademiker/Lærd;Kunstner/Billedkunst,,billedhugger;professor
Reg0089600,,,
Reg0089610,Embedsmand/Jura/Politik;Forfatter/Digter,,statsmand;digter
Reg0089620,,,
Reg0089630,,,
Reg0089640,Embedsmand/Jura/Politik,,ministerresident
Reg0089650,,,
Reg0089660,Musiker/Scenekunst,,balletmester
Reg0089670,Embedsmand/Jura/Politik;Forfatter/Digter,,forfatter;diplomat;gesandt
Reg0089680,,,
Reg0089690,,,
Reg0089700,,,
Reg0089710,Musiker/Scenekunst,,operasangerinde
Reg0089720,Kunstner/Billedkunst,billedkunst.html,maler
Reg0089730,Forfatter/Digter,,forfatterinde
Reg0089740,Musiker/Scenekunst,,skuespiller
Reg0089750,,,
Reg0089760,Embedsmand/Jura/Politik,,vicekonsul
Reg0089770,Kunstner/Billedkunst,,malerinde
Reg0089780,Militær,,løjtnant;løjtnant
Reg0089790,Militær,,generalkrigskommissær
Reg0089800,Adel/Kongelig/Hof;Militær,,kaptajn;kammerherre
Reg0089810,,,
Reg0089820,,,
Reg0089830,,,
Reg0089840,,,
Reg0089850,Akademiker/Lærd,,distriktslæge;distriktslæge
Reg0089860,Akademiker/Lærd,,læge
Reg0089870,,,
Reg0089880,Akademiker/Lærd;Musiker/Scenekunst,teater-musik.html,organist;komponist;professor
Reg0089890,Musiker/Scenekunst,teater-musik.html,komponist
Reg0089900,Gejstlig,,sognepræst
Reg0089910,Embedsmand/Jura/Politik;Handel/Erhverv,,postmester;apoteker
Reg0089920,Handel/Erhverv,,boghandler
Reg0089930,Handel/Erhverv,,boghandler
Reg0089940,Musiker/Scenekunst,,skuespiller
Reg0089950,Adel/Kongelig/Hof,,kejser
Reg0089960,Adel/Kongelig/Hof,,kejser
Reg0089970,Embedsmand/Jura/Politik,,guvernør
Reg0089980,Embedsmand/Jura/Politik,,advokat
Reg0089990,,,
Reg0090000,,,
Reg0090010,,,
Reg0090020,Forfatter/Digter,bibliotek.html,forfatter
Reg0090030,,,
Reg0090040,Embedsmand/Jura/Politik,,postmester;justitsraad
Reg0090050,Adel/Kongelig/Hof,,konge
Reg0090060,Adel/Kongelig/Hof,,storhertug
Reg0090070,,,
Reg0090080,Forfatter/Digter,,skuespilforfatter
Reg0090090,Adel/Kongelig/Hof,,dronning
Reg0090100,,,
Reg0090110,Musiker/Scenekunst,,komponist
Reg0090120,Handel/Erhverv,,gartner
Reg0090130,Adel/Kongelig/Hof;Akademiker/Lærd;Embedsmand/Jura/Politik,,bibliotekar;enkedronning;justitsraad
Reg0090140,,,
Reg0090150,Militær,,oberst
Reg0090160,Embedsmand/Jura/Politik,,justitsraad
Reg0090170,,,
Reg0090180,Adel/Kongelig/Hof,,dronning
Reg0090190,Adel/Kongelig/Hof;Akademiker/Lærd,,lærerinde;enkedronning
Reg0090200,,,
Reg0090210,,,
Reg0090220,,,
Reg0090230,Musiker/Scenekunst,,skuespiller
Reg0090240,Handel/Erhverv,,direktør
Reg0090250,,,
Reg0090260,,,
Reg0090270,,,
Reg0090280,,,
Reg0090290,,,
Reg0090300,Akademiker/Lærd,,student
Reg0090310,,,
Reg0090320,Handel/Erhverv,,gartner
Reg0090330,Akademiker/Lærd;Forfatter/Digter,,rektor;forfatter;oversætter
Reg0090340,,,
Reg0090350,,,
Reg0090360,Musiker/Scenekunst,,operasangerinde
Reg0090370,,,
Reg0090380,,,
Reg0090390,Kunstner/Billedkunst,,marinemaler
Reg0090400,Kunstner/Billedkunst,,marinemaler
Reg0090410,,,
Reg0090420,Forfatter/Digter,bibliotek.html,
Reg0090430,Forfatter/Digter,bibliotek.html,
Reg0090440,,,
Reg0090450,,,
Reg0090460,Handel/Erhverv,,grosserer
Reg0090470,,,
Reg0090480,,,
Reg0090490,,,
Reg0090500,Akademiker/Lærd,,student
Reg0090510,,,
Reg0090520,,,
Reg0090530,,,
Reg0090540,,,
Reg0090550,Handel/Erhverv,,grosserer;ejer
Reg0090560,Handel/Erhverv,,grosserer
Reg0090570,Handel/Erhverv,,grosserer
Reg0090580,,,
Reg0090590,,,
Reg0090600,,,
Reg0090610,Handel/Erhverv,,grosserer;fabrikant
Reg0090620,Forfatter/Digter,bibliotek.html,
Reg0090630,,,
Reg0090640,,,
Reg0090650,,,
Reg0090660,,,
Reg0090670,Handel/Erhverv,,købmand
Reg0090680,Handel/Erhverv,,købmand
Reg0090690,Embedsmand/Jura/Politik;Handel/Erhverv,,grosserer;etatsraad
Reg0090700,Handel/Erhverv,,grosserer
Reg0090710,Akademiker/Lærd,,student;professor
Reg0090720,Handel/Erhverv,,gartner
Reg0090730,Forfatter/Digter;Handel/Erhverv,bibliotek.html,grosserer
Reg0090740,Forfatter/Digter;Handel/Erhverv,bibliotek.html,grosserer
Reg0090750,Forfatter/Digter,bibliotek.html,
Reg0090760,,,
Reg0090770,Forfatter/Digter,bibliotek.html,
Reg0090780,,,
Reg0090790,,,
Reg0090800,Embedsmand/Jura/Politik,,overretssagfører
Reg0090810,Handel/Erhverv,,grosserer
Reg0090820,,,
Reg0090830,,,
Reg0090840,,,
Reg0090850,Adel/Kongelig/Hof;Embedsmand/Jura/Politik;Kunstner/Billedkunst,,arkitekt;etatsraad;kammerherre
Reg0090860,Militær,,kaptajn;søetaten;adjudant;viceadmiral
Reg0090870,Musiker/Scenekunst,,skuespiller
Reg0090880,Musiker/Scenekunst,,skuespillerinde
Reg0090890,Forfatter/Digter;Gejstlig,,sognepræst;forfatter
Reg0090900,,,
Reg0090910,,,
Reg0090920,Musiker/Scenekunst,teater-musik.html,komponist
Reg0090930,Handel/Erhverv,,besidder
Reg0090940,Kunstner/Billedkunst,billedkunst.html,maler
Reg0090950,,,
Reg0090960,Akademiker/Lærd,,professor
Reg0090970,Embedsmand/Jura/Politik;Militær,,general;admiral;statsmand
Reg0090980,Forfatter/Digter,,forfatter
Reg0090990,Musiker/Scenekunst,teater-musik.html,operakomponist
Reg0091000,,,
Reg0091010,,,
Reg0091020,,,
Reg0091030,,,
Reg0091040,Handel/Erhverv,,boghandler
Reg0091050,,,
Reg0091060,,,
Reg0091070,,,
Reg0091080,Forfatter/Digter,,digter
Reg0091090,Militær,,officer
Reg0091100,,,
Reg0091110,,,
Reg0091120,,,
Reg0091130,,,
Reg0091140,Embedsmand/Jura/Politik,,udenrigsminister
Reg0091150,Adel/Kongelig/Hof;Handel/Erhverv,,godsejer;kammerherre
Reg0091160,,,
Reg0091170,Embedsmand/Jura/Politik,,gesandt
Reg0091180,Akademiker/Lærd,,læge
Reg0091190,,,
Reg0091200,Adel/Kongelig/Hof,,kejser
Reg0091210,,,
Reg0091220,,,
Reg0091230,,,
Reg0091240,,,
Reg0091250,,,
Reg0091260,,,
Reg0091270,Akademiker/Lærd,,læge
Reg0091280,Handel/Erhverv,,grosserer
Reg0091290,,,
Reg0091300,Musiker/Scenekunst,,skuespiller
Reg0091310,Embedsmand/Jura/Politik;Handel/Erhverv,,købmand;konsul
Reg0091320,,,
Reg0091330,,,
Reg0091340,Forfatter/Digter,,journalist;redaktør
Reg0091350,,,
Reg0091360,Akademiker/Lærd;Handel/Erhverv,,student;direktør
Reg0091370,Kunstner/Billedkunst,,maler
Reg0091380,Militær,,ritmester
Reg0091390,Kunstner/Billedkunst,,maler
Reg0091400,,,
Reg0091410,Forfatter/Digter;Handel/Erhverv,,direktør;digter
Reg0091420,Handel/Erhverv,,grosserer
Reg0091430,,,
Reg0091440,Handel/Erhverv,,forlagsboghandler
Reg0091450,,,
Reg0091460,,,
Reg0091470,Handel/Erhverv,,hotelejer
Reg0091480,Adel/Kongelig/Hof,,prins
Reg0091490,Handel/Erhverv,,grosserer
Reg0091500,Embedsmand/Jura/Politik;Handel/Erhverv,,overretsprokurator;grosserer
Reg0091510,Handel/Erhverv,,forpagter;ejer
Reg0091520,Embedsmand/Jura/Politik,,etatsraad
Reg0091530,Musiker/Scenekunst,,skuespillerinde
Reg0091540,,,
Reg0091550,Musiker/Scenekunst,teater-musik.html,komponist
Reg0091560,Adel/Kongelig/Hof,,hofmarskal;kammerherre
Reg0091570,Handel/Erhverv,,fabrikant
Reg0091580,Handel/Erhverv,,fabrikant
Reg0091590,,,
Reg0091600,Militær,,generalmajor;generalløjtnant;general
Reg0091610,,,
Reg0091620,Musiker/Scenekunst,,operasangerinde
Reg0091630,Akademiker/Lærd,,professor
Reg0091640,,,
Reg0091650,,,
Reg0091660,Akademiker/Lærd,,professor;litteraturhistoriker
Reg0091670,Akademiker/Lærd,,ingeniør
Reg0091680,Kunstner/Billedkunst,billedkunst.html,
Reg0091690,Kunstner/Billedkunst,,billedhugger;maler;arkitekt
Reg0091700,,,
Reg0091710,Akademiker/Lærd;Embedsmand/Jura/Politik,,historiker;politiker;professor
Reg0091720,,,
Reg0091730,,,
Reg0091740,,,
Reg0091750,Militær,,sekondløjtnant;søetaten;premierløjtnant
Reg0091760,,,
Reg0091770,,,
Reg0091780,,,
Reg0091790,Adel/Kongelig/Hof;Militær,,kaptajn;søetaten;kommandørkaptajn;kommandør;kammerherre;kontreadmiral
Reg0091800,Militær,,løjtnant;søetaten;kaptajnløjtnant;kaptajn
Reg0091810,,,
Reg0091820,,,
Reg0091830,Militær,,kaptajnløjtnant;søetaten;generalkrigskommissær
Reg0091840,Kunstner/Billedkunst,,billedhugger
Reg0091850,Kunstner/Billedkunst,,maler
Reg0091860,Adel/Kongelig/Hof,,grevinde
Reg0091870,,,
Reg0091880,,,
Reg0091890,Musiker/Scenekunst,,violinvirtuos
Reg0091900,Musiker/Scenekunst,,violinvirtuos
Reg0091910,Forfatter/Digter,,oversætterinde
Reg0091920,,,
Reg0091930,Forfatter/Digter;Musiker/Scenekunst,,litterat;skuespiller
Reg0091940,Adel/Kongelig/Hof;Embedsmand/Jura/Politik,,greve;legationssekretær
Reg0091950,Embedsmand/Jura/Politik;Forfatter/Digter,,digter;politiker
Reg0091960,,,
Reg0091970,,,
Reg0091980,Forfatter/Digter,,forfatter;oversætter
Reg0091990,,,
Reg0092000,,,
Reg0092010,,,
Reg0092020,,,
Reg0092030,,,
Reg0092040,,,
Reg0092050,Musiker/Scenekunst,,operasangerinde;skuespillerinde
Reg0092060,,,
Reg0092070,Adel/Kongelig/Hof,,selskabsdame
Reg0092080,,,
Reg0092090,,,
Reg0092100,Embedsmand/Jura/Politik,,jurist;gehejmeraad
Reg0092110,,,
Reg0092120,,,
Reg0092130,Adel/Kongelig/Hof,,hertug
Reg0092140,,,
Reg0092150,Forfatter/Digter;Gejstlig,,digter;sognepræst;biskop
Reg0092160,Musiker/Scenekunst,,operasangerinde
Reg0092170,Kunstner/Billedkunst,,landskabsmaler
Reg0092180,Embedsmand/Jura/Politik,,diplomat;gesandt
Reg0092190,,,
Reg0092200,Akademiker/Lærd;Forfatter/Digter,,forfatter;læge
Reg0092210,Akademiker/Lærd;Forfatter/Digter,bibliotek.html,litteraturhistoriker
Reg0092220,,,
Reg0092230,,,
Reg0092240,Akademiker/Lærd;Forfatter/Digter,bibliotek.html,historiker;litteraturhistoriker
Reg0092250,Akademiker/Lærd;Forfatter/Digter,,professor;digter;oversætter
Reg0092260,,,
Reg0092270,Embedsmand/Jura/Politik,,inspektør;kancelliraad;justitsraad
Reg0092280,,,
Reg0092290,,,
Reg0092300,Embedsmand/Jura/Politik;Forfatter/Digter,,etatsraad;forfatter
Reg0092310,Forfatter/Digter,,digter
Reg0092320,Kunstner/Billedkunst,billedkunst.html,billedhugger
Reg0092330,Kunstner/Billedkunst,,malerinde
Reg0092340,,,
Reg0092350,,,
Reg0092360,,,
Reg0092370,,,
Reg0092380,Embedsmand/Jura/Politik;Handel/Erhverv,,besidder;statsmand
Reg0092390,Adel/Kongelig/Hof;Handel/Erhverv,,kammerherre;ejer
Reg0092400,Handel/Erhverv;Militær,,generalkrigskommissær;besidder
Reg0092410,Adel/Kongelig/Hof,,kammerherre
Reg0092420,Handel/Erhverv,,besidder
Reg0092430,,,
Reg0092440,,,
Reg0092450,,,
Reg0092460,Adel/Kongelig/Hof,,hofdame
Reg0092470,,,
Reg0092480,Adel/Kongelig/Hof;Militær,,generalmajor;generalløjtnant;kammerherre
Reg0092490,Adel/Kongelig/Hof;Embedsmand/Jura/Politik;Handel/Erhverv,,besidder;præsident;minister;minister;gehejmekonferensraad
Reg0092500,,,
Reg0092510,Adel/Kongelig/Hof;Embedsmand/Jura/Politik;Handel/Erhverv,,gesandt;stænderdeputeret;gehejmekonferensraad;kammerherre;besidder
Reg0092520,,,
Reg0092530,,,
Reg0092540,,,
Reg0092550,Gejstlig,,konventualinde
Reg0092560,Adel/Kongelig/Hof;Embedsmand/Jura/Politik;Handel/Erhverv,,gesandtskab;besidder;landstingsmand;kammerherre;gehejmekonferensraad
Reg0092570,Militær,,sekondløjtnant;søetaten
Reg0092580,,,
Reg0092590,Handel/Erhverv,,besidder
Reg0092600,Adel/Kongelig/Hof;Embedsmand/Jura/Politik,,postmester;kammerherre
Reg0092610,Militær,,frivillig
Reg0092620,Adel/Kongelig/Hof;Akademiker/Lærd;Embedsmand/Jura/Politik;Handel/Erhverv,,student;gesandtskab;lensgreve;besidder;udenrigsminister
Reg0092630,Adel/Kongelig/Hof;Embedsmand/Jura/Politik,,lensgreve;politiker
Reg0092640,Embedsmand/Jura/Politik;Militær,,auditør;byfoged
Reg0092650,,,
Reg0092660,Handel/Erhverv;Musiker/Scenekunst,,skuespiller;direktør
Reg0092670,,,
Reg0092680,Handel/Erhverv,,besidder
Reg0092690,Adel/Kongelig/Hof,,stiftsdame
Reg0092700,Adel/Kongelig/Hof;Embedsmand/Jura/Politik;Handel/Erhverv,,assessor;kammerherre;stænderdeputeret;amtmand;besidder
Reg0092710,Militær,,sekondløjtnant
Reg0092720,Adel/Kongelig/Hof;Akademiker/Lærd,,student;hofmarskal
Reg0092730,Embedsmand/Jura/Politik,,amtmand
Reg0092740,,,
Reg0092750,,,
Reg0092760,,,
Reg0092770,Embedsmand/Jura/Politik,,byfoged
Reg0092780,Embedsmand/Jura/Politik,,gesandt
Reg0092790,,,
Reg0092800,,,
Reg0092810,Embedsmand/Jura/Politik,,stiftamtmand
Reg0092820,,,
Reg0092830,,,
Reg0092840,,,
Reg0092850,,,
Reg0092860,Adel/Kongelig/Hof;Handel/Erhverv,,besidder;hofjægermester
Reg0092870,Handel/Erhverv,,besidder
Reg0092880,Handel/Erhverv,,besidder
Reg0092890,,,
Reg0092900,Handel/Erhverv,,ejer
Reg0092910,,,
Reg0092920,,,
Reg0092930,,,
Reg0092940,,,
Reg0092950,Handel/Erhverv,,ejer
Reg0092960,,,
Reg0092970,Adel/Kongelig/Hof,,stiftsdame
Reg0092980,,,
Reg0092990,,,
Reg0093000,Embedsmand/Jura/Politik,,amtmand
Reg0093010,,,
Reg0093020,,,
Reg0093030,Adel/Kongelig/Hof;Embedsmand/Jura/Politik;Handel/Erhverv,,hofmarskal;prins;ministerresident;besidder;landstingsmand;gehejmekonferensraad
Reg0093040,,,
Reg0093050,Kunstner/Billedkunst,,malerinde
Reg0093060,Adel/Kongelig/Hof;Handel/Erhverv,,besidder;gehejmekonferensraad
Reg0093070,Militær,,ritmester
Reg0093080,Adel/Kongelig/Hof;Akademiker/Lærd;Embedsmand/Jura/Politik;Handel/Erhverv,,student;legationssekretær;ministerresident;gesandt;besidder;kammerherre
Reg0093090,,,
Reg0093100,,,
Reg0093110,,,
Reg0093120,,,
Reg0093130,,,
Reg0093140,Adel/Kongelig/Hof;Handel/Erhverv;Militær,,premierløjtnant;besidder;hofjægermester
Reg0093150,,,
Reg0093160,Akademiker/Lærd;Kunstner/Billedkunst,,maler;professor
Reg0093170,Akademiker/Lærd;Forfatter/Digter,,publicist;skuespilforfatter;professor
Reg0093180,,,
Reg0093190,Embedsmand/Jura/Politik;Gejstlig,,politiker;biskop;indenrigsminister;biskop
Reg0093200,,,
Reg0093210,Gejstlig,,sognepræst;provst
Reg0093220,Akademiker/Lærd,,professor
Reg0093230,Militær,,sekondløjtnant;premierløjtnant
Reg0093240,Musiker/Scenekunst,teater-musik.html,operakomponist
Reg0093250,Embedsmand/Jura/Politik;Forfatter/Digter;Musiker/Scenekunst,teater-musik.html,forfatter;politiker
Reg0093260,,,
Reg0093270,,,
Reg0093280,Kunstner/Billedkunst,billedkunst.html,billedhugger
Reg0093290,Gejstlig,,præst
Reg0093300,Forfatter/Digter,,digter
Reg0093310,Akademiker/Lærd,,rektor
Reg0093320,Embedsmand/Jura/Politik,,konsul;generalkonsul
Reg0093330,Embedsmand/Jura/Politik;Handel/Erhverv,,grosserer;etatsraad
Reg0093340,Gejstlig,,præst
Reg0093350,Gejstlig,,præst
Reg0093360,,,
Reg0093370,Forfatter/Digter,,forfatterinde
Reg0093380,,,
Reg0093390,Musiker/Scenekunst,,operasanger
Reg0093400,,,
Reg0093410,Musiker/Scenekunst,,skuespiller
Reg0093420,Gejstlig,,sognepræst
Reg0093430,,,
Reg0093440,,,
Reg0093450,Musiker/Scenekunst,,klavervirtuos
Reg0093460,,,
Reg0093470,,,
Reg0093480,Forfatter/Digter,bibliotek.html,digter
Reg0093490,,,
Reg0093500,,,
Reg0093510,Forfatter/Digter,,skuespilforfatter
Reg0093520,,,
Reg0093530,,,
Reg0093540,Militær,,kaptajn;artilleriet;oberstløjtnant
Reg0093550,,,
Reg0093560,,,
Reg0093570,Kunstner/Billedkunst,,fotograf
Reg0093580,Musiker/Scenekunst,,organist
Reg0093590,,,
Reg0093600,Embedsmand/Jura/Politik,,borgmester;justitsraad
Reg0093610,Embedsmand/Jura/Politik;Handel/Erhverv,,ejer;folketingsmand;landstingsmand
Reg0093620,Kunstner/Billedkunst,,fotograf
Reg0093630,Musiker/Scenekunst,,pianistinde
Reg0093640,Forfatter/Digter;Musiker/Scenekunst,bibliotek.html;teater-musik.html,komponist
Reg0093650,,,
Reg0093660,Embedsmand/Jura/Politik,,konsul
Reg0093670,,,
Reg0093680,Handel/Erhverv,,boghandler
Reg0093690,Embedsmand/Jura/Politik,,generalkonsul
Reg0093700,Embedsmand/Jura/Politik,,generalkonsul
Reg0093710,,,
Reg0093720,,,
Reg0093730,Forfatter/Digter;Musiker/Scenekunst,bibliotek.html;teater-musik.html,digter
Reg0093740,,,
Reg0093750,,,
Reg0093760,,,
Reg0093770,,,
Reg0093780,Akademiker/Lærd,,historiker
Reg0093790,Handel/Erhverv,,grosserer
Reg0093800,Gejstlig,,sognepræst;provst
Reg0093810,Handel/Erhverv,,bogtrykker
Reg0093820,,,
Reg0093830,,,
Reg0093840,Gejstlig,,kateket;sognepræst
Reg0093850,Akademiker/Lærd;Embedsmand/Jura/Politik,,adjunkt;lektor;professor;politiker
Reg0093860,Akademiker/Lærd;Forfatter/Digter,,forfatter;professor
Reg0093870,,,
Reg0093880,,,
Reg0093890,,,
Reg0093900,,,
Reg0093910,,,
Reg0093920,Adel/Kongelig/Hof,,dronning
Reg0093930,,,
Reg0093940,Militær,,sekondløjtnant;søetaten;premierløjtnant
Reg0093950,Gejstlig,,konventualinde
Reg0093960,Adel/Kongelig/Hof,,dronning
Reg0093970,Adel/Kongelig/Hof,,konge
Reg0093980,Militær,,oberstløjtnant
Reg0093990,,,
Reg0094000,Kunstner/Billedkunst,,maler
Reg0094010,Handel/Erhverv,,ejer
Reg0094020,Adel/Kongelig/Hof;Militær,,sekondløjtnant;kammerherre
Reg0094030,,,
Reg0094040,Embedsmand/Jura/Politik,,gesandt
Reg0094050,Adel/Kongelig/Hof,,baron
Reg0094060,Handel/Erhverv,,forlagsboghandler
Reg0094070,Forfatter/Digter,,digter
Reg0094080,Forfatter/Digter,,forfatter
Reg0094090,Handel/Erhverv,,proprietær
Reg0094100,Militær,,kaptajn;kommandant;oberstløjtnant;oberst
Reg0094110,Handel/Erhverv,,proprietær;ejer
Reg0094120,Akademiker/Lærd;Kunstner/Billedkunst,billedkunst.html,maler;professor
Reg0094130,Forfatter/Digter,,romanforfatter
Reg0094140,Adel/Kongelig/Hof,,overhofmesterinde;enkedronning
Reg0094150,Forfatter/Digter,,forfatterinde;oversætterinde
Reg0094160,,,
Reg0094170,,,
Reg0094180,,,
Reg0094190,,,
Reg0094200,,,
Reg0094210,,,
Reg0094220,,,
Reg0094230,Forfatter/Digter,,forfatter
Reg0094240,Kunstner/Billedkunst,,historiemaler
Reg0094250,,,
Reg0094260,,,
Reg0094270,,,
Reg0094280,Kunstner/Billedkunst,,fotograf
Reg0094290,Militær,,premierløjtnant;oberst
Reg0094300,,,
Reg0094310,Musiker/Scenekunst,,operasanger
Reg0094320,Akademiker/Lærd;Militær,,kavalleriet;oberstløjtnant;oberst;generalmajor;adjunkt
Reg0094330,Handel/Erhverv,,direktør
Reg0094340,,,
Reg0094350,Forfatter/Digter;Handel/Erhverv,bibliotek.html,forfatter;boghandler
Reg0094360,Akademiker/Lærd,,filolog;arkæolog
Reg0094370,Musiker/Scenekunst,,skuespillerinde
Reg0094380,Akademiker/Lærd;Embedsmand/Jura/Politik;Handel/Erhverv,,inspektør;direktør;professor;etatsraad;arkæolog
Reg0094390,Gejstlig,,præst
Reg0094400,,,
Reg0094410,,,
Reg0094420,,,
Reg0094430,Militær,,auditør
Reg0094440,Akademiker/Lærd;Gejstlig,,historiker;filolog;biskop
Reg0094450,Adel/Kongelig/Hof;Akademiker/Lærd,,student;kammerherre
Reg0094460,Akademiker/Lærd,,student;rektor;kunsthistoriker;litteraturhistoriker
Reg0094470,Akademiker/Lærd;Handel/Erhverv,,arkæolog;direktør
Reg0094480,Akademiker/Lærd,,adjunkt;lærer
Reg0094490,Forfatter/Digter,,digter
Reg0094500,,,
Reg0094510,,,
Reg0094520,Forfatter/Digter;Musiker/Scenekunst,teater-musik.html,digter
Reg0094530,,,
Reg0094540,,,
Reg0094550,,,
Reg0094560,,,
Reg0094570,Akademiker/Lærd;Forfatter/Digter,,udgiver;litteraturhistoriker
Reg0094580,,,
Reg0094590,Handel/Erhverv,,ejer
Reg0094600,Forfatter/Digter;Gejstlig,bibliotek.html,biskop
Reg0094610,,,
Reg0094620,,,
Reg0094630,Adel/Kongelig/Hof;Militær,,løjtnant;søetaten;kommandør;kammerherre
Reg0094640,Akademiker/Lærd;Gejstlig,,adjunkt;sognepræst
Reg0094650,Gejstlig,,biskop
Reg0094660,Embedsmand/Jura/Politik,,justitsraad
Reg0094670,Akademiker/Lærd,,distriktslæge;professor
Reg0094680,,,
Reg0094690,Musiker/Scenekunst,,skuespillerinde;skuespiller
Reg0094700,Forfatter/Digter,,forfatter
Reg0094710,,,
Reg0094720,,,
Reg0094730,,,
Reg0094740,,,
Reg0094750,,,
Reg0094760,,,
Reg0094770,,,
Reg0094780,,,
Reg0094790,,,
Reg0094800,Embedsmand/Jura/Politik,,kontorchef
Reg0094810,Embedsmand/Jura/Politik,,vicekonsul
Reg0094820,Militær,,kaptajn
Reg0094830,,,
Reg0094840,Handel/Erhverv,,gartner
Reg0094850,Forfatter/Digter,,forfatter
Reg0094860,,,
Reg0094870,,,
Reg0094880,Gejstlig,,sognepræst
Reg0094890,,,
Reg0094900,Gejstlig,,sognepræst
Reg0094910,Adel/Kongelig/Hof,,selskabsdame
Reg0094920,Musiker/Scenekunst,,balletdanserinde
Reg0094930,,,
Reg0094940,Gejstlig,,sognepræst;provst
Reg0094950,Embedsmand/Jura/Politik,,prokurator
Reg0094960,,,
Reg0094970,Akademiker/Lærd,,student;docent;professor
Reg0094980,Kunstner/Billedkunst,,portrætmaler
Reg0094990,Akademiker/Lærd;Embedsmand/Jura/Politik;Kunstner/Billedkunst,,landskabsmaler;professor;justitsraad
Reg0095000,Akademiker/Lærd,,læge
Reg0095010,Gejstlig,,sognepræst
Reg0095020,Embedsmand/Jura/Politik,,godsforvalter
Reg0095030,,,
Reg0095040,Handel/Erhverv,,gæstgiver
Reg0095050,Akademiker/Lærd,,læge;professor
Reg0095060,Gejstlig,,kateket;kapellan
Reg0095070,Embedsmand/Jura/Politik,,byfoged;herredsfoged;kancelliraad;justitsraad
Reg0095080,Handel/Erhverv,,bogholder
Reg0095090,Embedsmand/Jura/Politik,,borgmester;byfoged;justitsraad
Reg0095100,,,
Reg0095110,Gejstlig,,kapellan;sognepræst
Reg0095120,,,
Reg0095130,Forfatter/Digter,bibliotek.html,
Reg0095140,Akademiker/Lærd;Forfatter/Digter,,filosof;digter
Reg0095150,,,
Reg0095160,Gejstlig,,biskop
Reg0095170,Akademiker/Lærd,,læge;distriktslæge
Reg0095180,Forfatter/Digter,,litterat;udgiver;oversætter
Reg0095190,,,
Reg0095200,Handel/Erhverv,,apoteker
Reg0095210,Forfatter/Digter,,forfatter
Reg0095220,,,
Reg0095230,Gejstlig,,kateket;sognepræst
Reg0095240,,,
Reg0095250,,,
Reg0095260,Handel/Erhverv,,gartner
Reg0095270,Militær,,frivillig;sekondløjtnant;liniebataillon
Reg0095280,Embedsmand/Jura/Politik;Militær,,premierløjtnant;søetaten;kaptajnløjtnant;guvernør
Reg0095290,Embedsmand/Jura/Politik;Forfatter/Digter,,konsul;folketingsmand;redaktør
Reg0095300,Militær,,frivillig;premierløjtnant;kaptajn
Reg0095310,Embedsmand/Jura/Politik,,landshøvding
Reg0095320,Adel/Kongelig/Hof,,hofdame;dronning
Reg0095330,Adel/Kongelig/Hof,,dronning
Reg0095340,,,
Reg0095350,Adel/Kongelig/Hof,,gehejmekonferensraad
Reg0095360,Akademiker/Lærd;Embedsmand/Jura/Politik,,professor;etatsraad
Reg0095370,Handel/Erhverv,,købmand
Reg0095380,,,
Reg0095390,,,
Reg0095400,Militær,,viceadmiral
Reg0095410,,,
Reg0095420,Adel/Kongelig/Hof,,dronning
Reg0095430,,,
Reg0095440,Musiker/Scenekunst,,pianist;komponist
Reg0095450,,,
Reg0095460,,,
Reg0095470,,,
Reg0095480,Forfatter/Digter,,redaktør;forfatter
Reg0095490,Embedsmand/Jura/Politik;Handel/Erhverv;Militær,,underløjtnant;regiment;kaptajn;godsejer;politiker
Reg0095500,,,
Reg0095510,Musiker/Scenekunst,,komponist
Reg0095520,,,
Reg0095530,Kunstner/Billedkunst,,maler
Reg0095540,Embedsmand/Jura/Politik;Kunstner/Billedkunst,,arkitekt;justitsraad
Reg0095550,,,
Reg0095560,,,
Reg0095570,,,
Reg0095580,,,
Reg0095590,Adel/Kongelig/Hof,,dronning
Reg0095600,,,
Reg0095610,Adel/Kongelig/Hof,,konge
Reg0095620,Adel/Kongelig/Hof,,konge
Reg0095630,Adel/Kongelig/Hof,,konge
Reg0095640,,,
Reg0095650,,,
Reg0095660,,,
Reg0095670,,,
Reg0095680,,,
Reg0095690,,,
Reg0095700,Handel/Erhverv,,ejer
Reg0095710,,,
Reg0095720,Gejstlig,,konventualinde
Reg0095730,Adel/Kongelig/Hof;Embedsmand/Jura/Politik;Handel/Erhverv,,kammerjunker;besidder;gehejmekonferensraad;landstingsmand
Reg0095740,Embedsmand/Jura/Politik;Handel/Erhverv,,besidder;etatsraad
Reg0095750,Adel/Kongelig/Hof;Embedsmand/Jura/Politik;Handel/Erhverv,,amtmand;stænderdeputeret;godsejer;kammerherre
Reg0095760,,,
Reg0095770,,,
Reg0095780,,,
Reg0095790,Embedsmand/Jura/Politik;Handel/Erhverv,,besidder;etatsraad
Reg0095800,Handel/Erhverv,,forpagter
Reg0095810,,,
Reg0095820,Handel/Erhverv,,besidder
Reg0095830,Militær,,løjtnant
Reg0095840,,,
Reg0095850,,,
Reg0095860,,,
Reg0095870,Militær,,admiral
Reg0095880,,,
Reg0095890,Forfatter/Digter,bibliotek.html,forfatter;oversætter
Reg0095900,Gejstlig,,præst
Reg0095910,Adel/Kongelig/Hof,,kejser
Reg0095920,Akademiker/Lærd;Musiker/Scenekunst,,komponist;kapelmusikus;dirigent;professor
Reg0095930,Musiker/Scenekunst,,balletdanserinde
Reg0095940,,,
Reg0095950,,,
Reg0095960,Musiker/Scenekunst,,violinvirtuos
Reg0095970,Musiker/Scenekunst,teater-musik.html,skuespiller;teaterdirektør
Reg0095980,Musiker/Scenekunst,,komponist
Reg0095990,,,
Reg0096000,,,
Reg0096010,,,
Reg0096020,,,
Reg0096030,Musiker/Scenekunst,,skuespiller
Reg0096040,Musiker/Scenekunst,,pianist;komponist
Reg0096050,Kunstner/Billedkunst,,maler;raderer
Reg0096060,Musiker/Scenekunst,,skuespiller
Reg0096070,Akademiker/Lærd;Embedsmand/Jura/Politik,,student;inspektør
Reg0096080,Embedsmand/Jura/Politik,,konsul
Reg0096090,,,
Reg0096100,Forfatter/Digter,,digter
Reg0096110,Forfatter/Digter,,forfatter
Reg0096120,,,
Reg0096130,Musiker/Scenekunst,,operakomponist
Reg0096140,Militær,,general
Reg0096150,Embedsmand/Jura/Politik,,gesandt
Reg0096160,,,
Reg0096170,Akademiker/Lærd,,arkæolog
Reg0096180,,,
Reg0096190,Akademiker/Lærd;Embedsmand/Jura/Politik,,historiker;statsmand
Reg0096200,Embedsmand/Jura/Politik,,jurist;kabinetssekretær
Reg0096210,,,
Reg0096220,Akademiker/Lærd,,lærer
Reg0096230,Militær,,løjtnant
Reg0096240,Musiker/Scenekunst,,skuespillerinde
Reg0096250,,,
Reg0096260,,,
Reg0096270,Forfatter/Digter,,forfatter
Reg0096280,Musiker/Scenekunst,,skuespiller
Reg0096290,Musiker/Scenekunst,,solodanserinde
Reg0096300,,,
Reg0096310,Musiker/Scenekunst,,skuespillerinde
Reg0096320,Akademiker/Lærd;Gejstlig,,student;sognepræst
Reg0096330,,,
Reg0096340,Militær,,kaptajn;infanteriet;oberstløjtnant
Reg0096350,,,
Reg0096360,,,
Reg0096370,Musiker/Scenekunst,,skuespillerinde
Reg0096380,Militær,,oberstløjtnant;generalløjtnant
Reg0096390,Forfatter/Digter,,journalist;redaktør
Reg0096400,Forfatter/Digter,,forfatterinde
Reg0096410,Forfatter/Digter,,forfatterinde
Reg0096420,Embedsmand/Jura/Politik,,folketingsmand
Reg0096430,Handel/Erhverv,,boghandler
Reg0096440,Militær,,oberstløjtnant;kommandør
Reg0096450,,,
Reg0096460,,,
Reg0096470,,,
Reg0096480,Musiker/Scenekunst,,skuespiller
Reg0096490,Gejstlig,,sognepræst;provst
Reg0096500,Gejstlig,,sognepræst
Reg0096510,Akademiker/Lærd;Forfatter/Digter,,lærer;forfatter
Reg0096520,Akademiker/Lærd,,huslærer;adjunkt;overlærer
Reg0096530,Akademiker/Lærd,,filosof;professor
Reg0096540,Forfatter/Digter,,forfatterinde
Reg0096550,Musiker/Scenekunst,,klavervirtuos
Reg0096560,Kunstner/Billedkunst,,landskabsmaler
Reg0096570,Akademiker/Lærd;Kunstner/Billedkunst,,maler;lærer
Reg0096580,,,
Reg0096590,,,
Reg0096600,,,
Reg0096610,Forfatter/Digter,bibliotek.html,oversætter
Reg0096620,Militær,,sekondløjtnant;artilleriet;generalmajor
Reg0096630,Embedsmand/Jura/Politik,,diplomat;gesandt
Reg0096640,,,
Reg0096650,Handel/Erhverv;Musiker/Scenekunst,,operasangerinde;bankier
Reg0096660,,,
Reg0096670,,,
Reg0096680,,,
Reg0096690,Kunstner/Billedkunst,,landskabsmaler
Reg0096700,,,
Reg0096710,,,
Reg0096720,Akademiker/Lærd,,læge
Reg0096730,Musiker/Scenekunst,,operasangerinde
Reg0096740,,,
Reg0096750,Forfatter/Digter,,forfatter
Reg0096760,Forfatter/Digter;Handel/Erhverv,,forfatter;godsejer
Reg0096770,Handel/Erhverv,,besidder
Reg0096780,,,
Reg0096790,,,
Reg0096800,Musiker/Scenekunst,,solodanserinde
Reg0096810,Akademiker/Lærd;Forfatter/Digter,,forfatter;læge
Reg0096820,,,
Reg0096830,Embedsmand/Jura/Politik,,landshøvding
Reg0096840,Militær,,kaptajn
Reg0096850,,,
Reg0096860,,,
Reg0096870,Militær,,oberstløjtnant
Reg0096880,Musiker/Scenekunst,teater-musik.html,komponist
Reg0096890,,,
Reg0096900,Adel/Kongelig/Hof,,konge
Reg0096910,Musiker/Scenekunst,,pianist;komponist
Reg0096920,,,
Reg0096930,,,
Reg0096940,Embedsmand/Jura/Politik;Forfatter/Digter,,forfatterinde;advokat
Reg0096950,,,
Reg0096960,,,
Reg0096970,Embedsmand/Jura/Politik,,politiker;gesandt
Reg0096980,,,
Reg0096990,,,
Reg0097000,Akademiker/Lærd,,læge
Reg0097010,,,
Reg0097020,Akademiker/Lærd,,filolog
Reg0097030,Gejstlig,,konventualinde
Reg0097040,Akademiker/Lærd;Forfatter/Digter,bibliotek.html,digter;oversætter;professor
Reg0097050,,,
Reg0097060,Forfatter/Digter,,forfatterinde
Reg0097070,,,
Reg0097080,Akademiker/Lærd;Gejstlig,,adjunkt;sognepræst
Reg0097090,,,
Reg0097100,Embedsmand/Jura/Politik;Forfatter/Digter;Musiker/Scenekunst,teater-musik.html,overretsprokurator;skuespilforfatter
Reg0097110,Embedsmand/Jura/Politik;Handel/Erhverv,,overretsprokurator;ejer;stænderdeputeret;justitsraad;etatsraad
Reg0097120,,,
Reg0097130,Akademiker/Lærd,,professor;litteraturhistoriker
Reg0097140,Akademiker/Lærd,,ingeniør
Reg0097150,,,
Reg0097160,Handel/Erhverv,,agent;ejer
Reg0097170,Musiker/Scenekunst,,skuespillerinde
Reg0097180,,,
Reg0097190,,,
Reg0097200,,,
Reg0097210,,,
Reg0097220,Musiker/Scenekunst,,operasanger;skuespiller
Reg0097230,,,
Reg0097240,Militær,,premierløjtnant;oberstløjtnant
Reg0097250,Akademiker/Lærd;Forfatter/Digter,,læge;forfatter
Reg0097260,,,
Reg0097270,,,
Reg0097280,,,
Reg0097290,,,
Reg0097300,,,
Reg0097310,Musiker/Scenekunst,,komponist
Reg0097320,Adel/Kongelig/Hof;Militær,,kaptajn;infanteriet;hofchef;kammerherre;oberst
Reg0097330,,,
Reg0097340,,,
Reg0097350,Militær,,kaptajnløjtnant;søetaten;kaptajn
Reg0097360,Musiker/Scenekunst,,skuespillerinde
Reg0097370,Handel/Erhverv;Militær,,general;besidder
Reg0097380,,,
Reg0097390,Embedsmand/Jura/Politik,,inspektør
Reg0097400,Akademiker/Lærd;Gejstlig,,professor;theolog
Reg0097410,Akademiker/Lærd;Handel/Erhverv,,bibliotekar;direktør
Reg0097420,,,
Reg0097430,Handel/Erhverv,,besidder
Reg0097440,,,
Reg0097450,,,
Reg0097460,,,
Reg0097470,Musiker/Scenekunst,,skuespiller
Reg0097480,Musiker/Scenekunst,teater-musik.html,komponist
Reg0097490,,,
Reg0097500,Militær,,generalmajor;kommandant
Reg0097510,,,
Reg0097520,Akademiker/Lærd;Gejstlig,,huslærer;sognepræst;provst;sognepræst
Reg0097530,,,
Reg0097540,,,
Reg0097550,,,
Reg0097560,Gejstlig,,sognepræst;provst
Reg0097570,Akademiker/Lærd,,professor
Reg0097580,Akademiker/Lærd,,professor
Reg0097590,Adel/Kongelig/Hof,,storhertug
Reg0097600,,,
Reg0097610,,,
Reg0097620,,,
Reg0097630,Gejstlig,,sognepræst
Reg0097640,,,
Reg0097650,Adel/Kongelig/Hof,,storhertug
Reg0097660,,,
Reg0097670,Adel/Kongelig/Hof,,storhertug
Reg0097680,Militær,,søofficer
Reg0097690,,,
Reg0097700,,,
Reg0097710,,,
Reg0097720,,,
Reg0097730,,,
Reg0097740,Akademiker/Lærd;Kunstner/Billedkunst,billedkunst.html,maler;billedhugger;professor
Reg0097750,Embedsmand/Jura/Politik,,borgmester;byfoged;etatsraad
Reg0097760,,,
Reg0097770,,,
Reg0097780,Gejstlig,,sognepræst
Reg0097790,,,
Reg0097800,,,
Reg0097810,Akademiker/Lærd,,overlærer;rektor;professor;filolog;litteraturhistoriker
Reg0097820,Militær,,sekondløjtnant;liniebataillon;premierløjtnant
Reg0097830,,,
Reg0097840,Handel/Erhverv,,gartner
Reg0097850,Akademiker/Lærd,,læge
Reg0097860,,,
Reg0097870,,,
Reg0097880,,,
Reg0097890,,,
Reg0097900,,,
Reg0097910,,,
Reg0097920,,,
Reg0097930,,,
Reg0097940,,,
Reg0097950,,,
Reg0097960,Embedsmand/Jura/Politik;Handel/Erhverv,,købmand;vicekonsul
Reg0097970,,,
Reg0097980,,,
Reg0097990,,,
Reg0098000,,,
Reg0098010,,,
Reg0098020,,,
Reg0098030,,,
Reg0098040,,,
Reg0098050,Embedsmand/Jura/Politik;Handel/Erhverv,,købmand;generalkonsul
Reg0098060,,,
Reg0098070,,,
Reg0098080,Embedsmand/Jura/Politik,,konsul
Reg0098090,Adel/Kongelig/Hof,,kammerherre
Reg0098100,Handel/Erhverv,,bankier
Reg0098110,Handel/Erhverv,,købmand
Reg0098120,,,
Reg0098130,,,
Reg0098140,,,
Reg0098150,,,
Reg0098160,Adel/Kongelig/Hof,,dronning
Reg0098170,,,
Reg0098180,,,
Reg0098190,Adel/Kongelig/Hof,,konge
Reg0098200,,,
Reg0098210,,,
Reg0098220,Handel/Erhverv,,proprietær
Reg0098230,Akademiker/Lærd,,student
Reg0098240,,,
Reg0098250,Embedsmand/Jura/Politik;Militær,,generalløjtnant;gesandt
Reg0098260,,,
Reg0098270,,,
Reg0098280,Musiker/Scenekunst,,teaterdirektør
Reg0098290,Musiker/Scenekunst,,skuespiller
Reg0098300,Musiker/Scenekunst,,skuespillerinde
Reg0098310,Musiker/Scenekunst,,skuespillerinde;skuespiller;skuespiller
Reg0098320,,,
Reg0098330,Adel/Kongelig/Hof,,hertug
Reg0098340,,,
Reg0098350,Embedsmand/Jura/Politik,,konsul
Reg0098360,,,
Reg0098370,Handel/Erhverv,,grosserer
Reg0098380,,,
Reg0098390,Gejstlig,,domprovst
Reg0098400,Forfatter/Digter,bibliotek.html,
Reg0098410,Kunstner/Billedkunst,billedkunst.html,maler
Reg0098420,Militær,,general
Reg0098430,Akademiker/Lærd;Gejstlig,,huslærer;præst
Reg0098440,,,
Reg0098450,,,
Reg0098460,Embedsmand/Jura/Politik,,gesandtskab;gesandt
Reg0098470,Akademiker/Lærd;Gejstlig,,lærer;sognepræst
Reg0098480,,,
Reg0098490,Adel/Kongelig/Hof,,kejser
Reg0098500,,,
Reg0098510,Akademiker/Lærd;Embedsmand/Jura/Politik,,professor;etatsraad
Reg0098520,Handel/Erhverv,,proprietær
Reg0098530,,,
Reg0098540,,,
Reg0098550,,,
Reg0098560,Musiker/Scenekunst,,skuespillerinde
Reg0098570,,,
Reg0098580,Kunstner/Billedkunst,billedkunst.html,maler
Reg0098590,Forfatter/Digter,,litterat;oversætter
Reg0098600,Forfatter/Digter;Musiker/Scenekunst,,skuespiller;forfatter
Reg0098610,Handel/Erhverv,,fabrikant
Reg0098620,Militær,,kaptajn;officer;oberst
Reg0098630,Embedsmand/Jura/Politik,,statsmand
Reg0098640,,,
Reg0098650,Adel/Kongelig/Hof,,stiftsdame;hofdame;dronning
Reg0098660,Adel/Kongelig/Hof;Handel/Erhverv,,besidder;kammerherre
Reg0098670,Adel/Kongelig/Hof;Handel/Erhverv;Militær,,kaptajn;søetaten;kammerherre;besidder
Reg0098680,,,
Reg0098690,Adel/Kongelig/Hof;Embedsmand/Jura/Politik;Militær,,hofchef;general;gesandt;kammerherre
Reg0098700,Embedsmand/Jura/Politik,,legationssekretær
Reg0098710,Akademiker/Lærd,,lærerinde
Reg0098720,Embedsmand/Jura/Politik,,gesandt
Reg0098730,,,
Reg0098740,Musiker/Scenekunst,,skuespillerinde
Reg0098750,Musiker/Scenekunst,teater-musik.html,operakomponist
Reg0098760,Forfatter/Digter,,forfatter
Reg0098770,,,
Reg0098780,,,
Reg0098790,,,
Reg0098800,Embedsmand/Jura/Politik;Handel/Erhverv,,grosserer;vicekonsul
Reg0098810,,,
Reg0098820,,,
Reg0098830,Musiker/Scenekunst,,operasanger
Reg0098840,Musiker/Scenekunst,,operakomponist
Reg0098850,Musiker/Scenekunst,,operakomponist
Reg0098860,Handel/Erhverv,,gæstgiver
Reg0098870,Musiker/Scenekunst,,violinvirtuos;komponist
Reg0098880,Embedsmand/Jura/Politik,,gesandt
Reg0098890,Forfatter/Digter,,redaktør
Reg0098900,Musiker/Scenekunst,teater-musik.html,operakomponist
Reg0098910,Musiker/Scenekunst,,operasangerinde
Reg0098920,Musiker/Scenekunst,,komponist
Reg0098930,Embedsmand/Jura/Politik,,diplomat
Reg0098940,Kunstner/Billedkunst,,arkitekt
Reg0098950,Musiker/Scenekunst,,skuespiller
Reg0098960,Adel/Kongelig/Hof,,hertug
Reg0098970,Embedsmand/Jura/Politik,,kancelliraad
Reg0098980,,,
Reg0098990,,,
Reg0099000,Kunstner/Billedkunst,,maler
Reg0099010,Musiker/Scenekunst,,operasangerinde
Reg0099020,Kunstner/Billedkunst,,maler
Reg0099030,Akademiker/Lærd;Forfatter/Digter,bibliotek.html,professor;forfatter;oversætter
Reg0099040,,,
Reg0099050,,,
Reg0099060,Embedsmand/Jura/Politik,,statsmand;udenrigsminister
Reg0099070,Akademiker/Lærd,,lærerinde
Reg0099080,,,
Reg0099090,,,
Reg0099100,Akademiker/Lærd;Forfatter/Digter,,digter;student
Reg0099110,Gejstlig,,sognepræst;provst;theolog
Reg0099120,Kunstner/Billedkunst,billedkunst.html,billedhugger
Reg0099130,,,
Reg0099140,Akademiker/Lærd,,læge
Reg0099150,Forfatter/Digter,,forfatterinde
Reg0099160,Musiker/Scenekunst,,pianist
Reg0099170,Kunstner/Billedkunst,,maler
Reg0099180,Handel/Erhverv,,bankier
Reg0099190,,,
Reg0099200,,,
Reg0099210,,,
Reg0099220,,,
Reg0099230,,,
Reg0099240,,,
Reg0099250,Musiker/Scenekunst,,operasangerinde
Reg0099260,Musiker/Scenekunst,,operasangerinde
Reg0099270,Musiker/Scenekunst,,operasangerinde
Reg0099280,,,
Reg0099290,,,
Reg0099300,Gejstlig,,pave
Reg0099310,,,
Reg0099320,,,
Reg0099330,,,
Reg0099340,Musiker/Scenekunst,,komponist
Reg0099350,Gejstlig,,stiftsprovst;sognepræst
Reg0099360,Adel/Kongelig/Hof,,kammerherre
Reg0099370,,,
Reg0099380,Adel/Kongelig/Hof;Militær,,oberst;kammerherre;prinsesse
Reg0099390,,,
Reg0099400,Adel/Kongelig/Hof,,hofdame;dronning
Reg0099410,,,
Reg0099420,,,
Reg0099430,Forfatter/Digter,,forfatterinde;oversætter
Reg0099440,Kunstner/Billedkunst,billedkunst.html,malerinde
Reg0099450,Forfatter/Digter,bibliotek.html,udgiver
Reg0099460,,,
Reg0099470,,,
Reg0099480,Adel/Kongelig/Hof,,hofdame;prinsesse
Reg0099490,Adel/Kongelig/Hof;Embedsmand/Jura/Politik,,gesandt;guvernør;gehejmekonferensraad
Reg0099500,,,
Reg0099510,,,
Reg0099520,,,
Reg0099530,,,
Reg0099540,,,
Reg0099550,Akademiker/Lærd,,student
Reg0099560,,,
Reg0099570,,,
Reg0099580,Akademiker/Lærd;Militær,,student;søetaten;distriktslæge
Reg0099590,,,
Reg0099600,Akademiker/Lærd;Musiker/Scenekunst,,lærer;organist
Reg0099610,,,
Reg0099620,,,
Reg0099630,,,
Reg0099640,,,
Reg0099650,,,
Reg0099660,Forfatter/Digter;Gejstlig,,præst;digter
Reg0099670,,,
Reg0099680,,,
Reg0099690,,,
Reg0099700,Embedsmand/Jura/Politik,,folketingsmand
Reg0099710,,,
Reg0099720,,,
Reg0099730,,,
Reg0099740,Handel/Erhverv;Militær,,grosserer;kaptajn
Reg0099750,Forfatter/Digter;Kunstner/Billedkunst;Militær,bibliotek.html,sekondløjtnant;søetaten;premierløjtnant;løjtnant;maler;tegner
Reg0099760,Musiker/Scenekunst,teater-musik.html,operakomponist
Reg0099770,Embedsmand/Jura/Politik,,statsmand
Reg0099780,,,
Reg0099790,,,
Reg0099800,Militær,,kaptajn
Reg0099810,Musiker/Scenekunst,,operasanger
Reg0099820,Handel/Erhverv,,hotelvært
Reg0099830,Forfatter/Digter,,forfatter
Reg0099840,,,
Reg0099850,,,
Reg0099860,Kunstner/Billedkunst,,maler
Reg0099870,,,
Reg0099880,Musiker/Scenekunst,,danserinde
Reg0099890,,,
Reg0099900,,,
Reg0099910,Akademiker/Lærd,,læge
Reg0099920,Embedsmand/Jura/Politik,,politiker
Reg0099930,Embedsmand/Jura/Politik,,statsmand
Reg0099940,,,
Reg0099950,Embedsmand/Jura/Politik,,gesandt
Reg0099960,,,
Reg0099970,,,
Reg0099980,,,
Reg0099990,,,
Reg0100000,Musiker/Scenekunst,,balletmester
Reg0100010,,,
Reg0100020,,,
Reg0100030,Kunstner/Billedkunst,,maler
Reg0100040,Forfatter/Digter,,digter
Reg0100050,,,
Reg0100060,,,
Reg0100070,,,
Reg0100080,,,
Reg0100090,,,
Reg0100100,,,
Reg0100110,,,
Reg0100120,,,
Reg0100130,Musiker/Scenekunst,,skuespiller;teaterdirektør
Reg0100140,Kunstner/Billedkunst,billedkunst.html,billedhugger
Reg0100150,Handel/Erhverv,,besidder
Reg0100160,,,
Reg0100170,,,
Reg0100180,Militær,,frivillig
Reg0100190,,,
Reg0100200,Embedsmand/Jura/Politik,,fuldmægtig
Reg0100210,,,
Reg0100220,,,
Reg0100230,,,
Reg0100240,,,
Reg0100250,,,
Reg0100260,Kunstner/Billedkunst,,malerinde
Reg0100270,,,
Reg0100280,,,
Reg0100290,Musiker/Scenekunst,,skuespiller
Reg0100300,,,
Reg0100310,,,
Reg0100320,,,
Reg0100330,,,
Reg0100340,,,
Reg0100350,,,
Reg0100360,Handel/Erhverv,,hotelejer
Reg0100370,,,
Reg0100380,,,
Reg0100390,Handel/Erhverv,,gæstgiver
Reg0100400,,,
Reg0100410,Musiker/Scenekunst,,balletdanserinde
Reg0100420,Musiker/Scenekunst,,balletdanserinde
Reg0100430,Akademiker/Lærd;Forfatter/Digter;Kunstner/Billedkunst,,student;journalist;tegner
Reg0100440,Handel/Erhverv,,boghandler
Reg0100450,,,
Reg0100460,,,
Reg0100470,Akademiker/Lærd;Forfatter/Digter,,adjunkt;overlærer;professor;forfatter
Reg0100480,Embedsmand/Jura/Politik;Handel/Erhverv,,købmand;kommunalbestyrelse
Reg0100490,Kunstner/Billedkunst,,billedhugger
Reg0100500,Embedsmand/Jura/Politik,,konsul
Reg0100510,Embedsmand/Jura/Politik,,prokurator;kancelliraad
Reg0100520,Embedsmand/Jura/Politik,,kommunalbestyrelse
Reg0100530,,,
Reg0100540,Musiker/Scenekunst,,skuespiller
Reg0100550,Embedsmand/Jura/Politik;Militær,,auditør;konferensraad
Reg0100560,Embedsmand/Jura/Politik;Handel/Erhverv,,grosserer;etatsraad
Reg0100570,,,
Reg0100580,Embedsmand/Jura/Politik,,konsul
Reg0100590,Forfatter/Digter,,forfatter;oversætter
Reg0100600,,,
Reg0100610,Handel/Erhverv,,købmand
Reg0100620,,,
Reg0100630,,,
Reg0100640,Forfatter/Digter,bibliotek.html,forfatter
Reg0100650,,,
Reg0100660,Forfatter/Digter,,digter
Reg0100670,,,
Reg0100680,,,
Reg0100690,,,
Reg0100700,,,
Reg0100710,,,
Reg0100720,Kunstner/Billedkunst,billedkunst.html,landskabsmaler
Reg0100730,,,
Reg0100740,,,
Reg0100750,Embedsmand/Jura/Politik;Forfatter/Digter,,digter;politiker
Reg0100760,,,
Reg0100770,Adel/Kongelig/Hof;Militær,,konge;admiral
Reg0100780,,,
Reg0100790,Kunstner/Billedkunst,,arkitekt
Reg0100800,,,
Reg0100810,Forfatter/Digter,,forfatterinde
Reg0100820,Forfatter/Digter,bibliotek.html,
Reg0100830,,,
Reg0100840,Musiker/Scenekunst,,operasangerinde
Reg0100850,,,
Reg0100860,,,
Reg0100870,Akademiker/Lærd;Embedsmand/Jura/Politik,,professor;udenrigsminister;gesandt
Reg0100880,,,
Reg0100890,Kunstner/Billedkunst,,billedhugger
Reg0100900,,,
Reg0100910,,,
Reg0100920,Adel/Kongelig/Hof;Embedsmand/Jura/Politik;Forfatter/Digter,,redaktør;politiker;prins;konge
Reg0100930,,,
Reg0100940,Militær,,oberstløjtnant;oberst;generalmajor
Reg0100950,,,
Reg0100960,,,
Reg0100970,,,
Reg0100980,,,
Reg0100990,,,
Reg0101000,Handel/Erhverv,,grosserer
Reg0101010,Kunstner/Billedkunst,,maler
Reg0101020,,,
Reg0101030,Forfatter/Digter,bibliotek.html,
Reg0101040,,,
Reg0101050,Forfatter/Digter,bibliotek.html,
Reg0101060,Musiker/Scenekunst,,skuespillerinde
Reg0101070,Akademiker/Lærd;Musiker/Scenekunst,,skuespiller;professor
Reg0101080,Akademiker/Lærd,,rektor
Reg0101090,Musiker/Scenekunst,,operasangerinde
Reg0101100,,,
Reg0101110,,,
Reg0101120,,,
Reg0101130,Adel/Kongelig/Hof;Handel/Erhverv,,bankier;prins
Reg0101140,,,
Reg0101150,Akademiker/Lærd;Forfatter/Digter,,digter;professor
Reg0101160,,,
Reg0101170,Akademiker/Lærd,,ingeniør
Reg0101180,,,
Reg0101190,Kunstner/Billedkunst,,billedhugger;arkitekt
Reg0101200,,,
Reg0101210,Forfatter/Digter,,forfatterinde
Reg0101220,Akademiker/Lærd,,læge
Reg0101230,Kunstner/Billedkunst,,maler
Reg0101240,,,
Reg0101250,Akademiker/Lærd,,huslærer;filolog
Reg0101260,,,
Reg0101270,Embedsmand/Jura/Politik;Handel/Erhverv,,legationssekretær;godsejer
Reg0101280,,,
Reg0101290,,,
Reg0101300,,,
Reg0101310,Musiker/Scenekunst,,operasanger
Reg0101320,Musiker/Scenekunst,,skuespillerinde
Reg0101330,Kunstner/Billedkunst,,raderer
Reg0101340,Gejstlig,,pave
Reg0101350,,,
Reg0101360,Gejstlig,,pave
Reg0101370,Gejstlig,,pave
Reg0101380,Gejstlig,,pave
Reg0101390,Gejstlig,,pave
Reg0101400,Kunstner/Billedkunst,,maler
Reg0101410,,,
Reg0101420,Forfatter/Digter;Musiker/Scenekunst,teater-musik.html,forfatter
Reg0101430,Akademiker/Lærd;Handel/Erhverv,,professor;direktør
Reg0101440,,,
Reg0101450,,,
Reg0101460,,,
Reg0101470,,,
Reg0101480,Militær,,viceadmiral
Reg0101490,Militær,,underløjtnant
Reg0101500,Embedsmand/Jura/Politik;Handel/Erhverv;Militær,,udenrigsminister;kontreadmiral;besidder
Reg0101510,Embedsmand/Jura/Politik,,statsmand;gesandt
Reg0101520,Handel/Erhverv,,intendant
Reg0101530,Akademiker/Lærd,,filosof
Reg0101540,,,
Reg0101550,Forfatter/Digter;Gejstlig,,sognepræst;præst;forfatter
Reg0101560,Forfatter/Digter,,oversætter
Reg0101570,Militær,,løjtnant
Reg0101580,,,
Reg0101590,,,
Reg0101600,,,
Reg0101610,,,
Reg0101620,Embedsmand/Jura/Politik,,politiker;amtmand;overpræsident
Reg0101630,Embedsmand/Jura/Politik;Handel/Erhverv,,præsident;statsmand;godsejer
Reg0101640,,,
Reg0101650,,,
Reg0101660,Musiker/Scenekunst,,skuespillerinde
Reg0101670,,,
Reg0101680,Musiker/Scenekunst,,skuespiller
Reg0101690,Akademiker/Lærd;Handel/Erhverv,,kunsthistoriker;boghandler
Reg0101700,Embedsmand/Jura/Politik;Forfatter/Digter,bibliotek.html,digter;politiker;redaktør
Reg0101710,,,
Reg0101720,,,
Reg0101730,,,
Reg0101740,,,
Reg0101750,Akademiker/Lærd,,professor
Reg0101760,,,
Reg0101770,Akademiker/Lærd,,professor
Reg0101780,Militær,,officer
Reg0101790,,,
Reg0101800,Adel/Kongelig/Hof,,overhofmesterinde;dronning
Reg0101810,,,
Reg0101820,Handel/Erhverv,,hotelejer
Reg0101830,,,
Reg0101840,Adel/Kongelig/Hof,,kammerherre
Reg0101850,Forfatter/Digter;Kunstner/Billedkunst,,tegner;digter
Reg0101860,,,
Reg0101870,,,
Reg0101880,,,
Reg0101890,,,
Reg0101900,Adel/Kongelig/Hof,,hofdame
Reg0101910,,,
Reg0101920,,,
Reg0101930,,,
Reg0101940,Forfatter/Digter,,forfatter
Reg0101950,,,
Reg0101960,Kunstner/Billedkunst,,maler
Reg0101970,Embedsmand/Jura/Politik;Militær,,statsmand;feltherre
Reg0101980,Musiker/Scenekunst,,operasangerinde
Reg0101990,Kunstner/Billedkunst,,maler
Reg0102000,Embedsmand/Jura/Politik;Militær,,general;statsmand
Reg0102010,Forfatter/Digter,,digter
Reg0102020,Forfatter/Digter;Gejstlig,,biskop;forfatter
Reg0102030,Embedsmand/Jura/Politik;Handel/Erhverv,,generalkonsul;ejer
Reg0102040,,,
Reg0102050,,,
Reg0102060,,,
Reg0102070,Militær,,premierløjtnant
Reg0102080,,,
Reg0102090,,,
Reg0102100,Forfatter/Digter,,forfatter
Reg0102110,,,
Reg0102120,Adel/Kongelig/Hof,,konge
Reg0102130,Adel/Kongelig/Hof,,hertug
Reg0102140,Adel/Kongelig/Hof,,dronning;hertug
Reg0102150,Adel/Kongelig/Hof,,konge
Reg0102160,Adel/Kongelig/Hof,,konge
Reg0102170,Adel/Kongelig/Hof,,dronning
Reg0102180,,,
Reg0102190,Adel/Kongelig/Hof,,konge
Reg0102200,,,
Reg0102210,Adel/Kongelig/Hof,,konge
Reg0102220,Adel/Kongelig/Hof,,konge
Reg0102230,,,
Reg0102240,,,
Reg0102250,,,
Reg0102260,Forfatter/Digter,,digter;redaktør
Reg0102270,Musiker/Scenekunst,,violinist;komponist
Reg0102280,Musiker/Scenekunst,,pianistinde
Reg0102290,Kunstner/Billedkunst,billedkunst.html,maler;raderer
Reg0102300,,,
Reg0102310,,,
Reg0102320,,,
Reg0102330,,,
Reg0102340,,,
Reg0102350,,,
Reg0102360,,,
Reg0102370,,,
Reg0102380,Akademiker/Lærd;Musiker/Scenekunst,,skuespiller;professor
Reg0102390,Musiker/Scenekunst,,balletdanserinde
Reg0102400,,,
Reg0102410,,,
Reg0102420,,,
Reg0102430,Musiker/Scenekunst,,skuespiller
Reg0102440,Akademiker/Lærd,,ingeniør
Reg0102450,Kunstner/Billedkunst,,maler
Reg0102460,Kunstner/Billedkunst,billedkunst.html,maler
Reg0102470,Embedsmand/Jura/Politik,,etatsraad
Reg0102480,,,
Reg0102490,Forfatter/Digter,,journalist
Reg0102500,Forfatter/Digter,,forfatter
Reg0102510,,,
Reg0102520,,,
Reg0102530,Akademiker/Lærd,,rektor
Reg0102540,Kunstner/Billedkunst,,billedhugger
Reg0102550,Embedsmand/Jura/Politik;Forfatter/Digter,bibliotek.html,digter;oversætter;borgmester;byfoged
Reg0102560,Embedsmand/Jura/Politik,,herredsfoged
Reg0102570,Embedsmand/Jura/Politik,,departementschef;etatsraad;konferensraad
Reg0102580,,,
Reg0102590,,,
Reg0102600,Musiker/Scenekunst,,skuespillerinde
Reg0102610,,,
Reg0102620,Adel/Kongelig/Hof,,dronning
Reg0102630,,,
Reg0102640,,,
Reg0102650,Adel/Kongelig/Hof,,konge
Reg0102660,Adel/Kongelig/Hof,,kejser;konge
Reg0102670,,,
Reg0102680,Adel/Kongelig/Hof,,konge
Reg0102690,Adel/Kongelig/Hof,,konge
Reg0102700,Militær,,general;kavalleriet
Reg0102710,,,
Reg0102720,Adel/Kongelig/Hof,,prinsesse
Reg0102730,Adel/Kongelig/Hof,,konge;kejser
Reg0102740,,,
Reg0102750,Embedsmand/Jura/Politik,,konsul
Reg0102760,,,
Reg0102770,,,
Reg0102780,Forfatter/Digter,bibliotek.html,
Reg0102790,Forfatter/Digter;Kunstner/Billedkunst;Musiker/Scenekunst,bibliotek.html,portrætmaler;skuespiller
Reg0102800,Forfatter/Digter;Militær;Musiker/Scenekunst,bibliotek.html,skuespillerinde;søetaten
Reg0102810,,,
Reg0102820,Akademiker/Lærd,,student
Reg0102830,Musiker/Scenekunst,,skuespiller
Reg0102840,,,
Reg0102850,,,
Reg0102860,Musiker/Scenekunst,,solodanserinde
Reg0102870,Akademiker/Lærd;Musiker/Scenekunst,,balletdanser;professor
Reg0102880,Kunstner/Billedkunst;Musiker/Scenekunst,,danserinde;malerinde
Reg0102890,Musiker/Scenekunst,,danserinde
Reg0102900,Musiker/Scenekunst,,danserinde
Reg0102910,Musiker/Scenekunst,,balletdanser
Reg0102920,Handel/Erhverv,,bankier
Reg0102930,,,
Reg0102940,,,
Reg0102950,Handel/Erhverv,,bogholder
Reg0102960,Musiker/Scenekunst,,skuespiller
Reg0102970,Handel/Erhverv,,grosserer
Reg0102980,Kunstner/Billedkunst,,billedhugger
Reg0102990,Embedsmand/Jura/Politik;Forfatter/Digter,,diplomat;forfatter;gesandt
Reg0103000,,,
Reg0103010,Adel/Kongelig/Hof,,friherre
Reg0103020,Embedsmand/Jura/Politik;Militær,,kaptajn;inspektør
Reg0103030,,,
Reg0103040,Akademiker/Lærd;Forfatter/Digter,,forfatter;professor
Reg0103050,Akademiker/Lærd,,læge
Reg0103060,Kunstner/Billedkunst,,marinemaler
Reg0103070,Militær,,sekondløjtnant;søetaten;premierløjtnant;løjtnant
Reg0103080,Embedsmand/Jura/Politik;Handel/Erhverv,,grosserer;kommunalbestyrelse
Reg0103090,Kunstner/Billedkunst,,arkitekt
Reg0103100,,,
Reg0103110,,,
Reg0103120,Akademiker/Lærd,,professor
Reg0103130,,,
Reg0103140,,,
Reg0103150,,,
Reg0103160,,,
Reg0103170,Embedsmand/Jura/Politik;Handel/Erhverv,,grosserer;etatsraad
Reg0103180,Handel/Erhverv,,grosserer
Reg0103190,Handel/Erhverv,,grosserer
Reg0103200,,,
Reg0103210,,,
Reg0103220,,,
Reg0103230,Akademiker/Lærd;Embedsmand/Jura/Politik;Forfatter/Digter,,forfatter;arkæolog;politiker
Reg0103240,Forfatter/Digter,,forfatterinde
Reg0103250,,,
Reg0103260,,,
Reg0103270,Embedsmand/Jura/Politik,,gesandt
Reg0103280,Forfatter/Digter,,forfatter
Reg0103290,Adel/Kongelig/Hof,,konge
Reg0103300,,,
Reg0103310,Musiker/Scenekunst,,skuespiller
Reg0103320,Kunstner/Billedkunst;Musiker/Scenekunst,,skuespiller;fotograf
Reg0103330,Musiker/Scenekunst,,skuespillerinde
Reg0103340,,,
Reg0103350,Musiker/Scenekunst,,teaterdirektør
Reg0103360,Akademiker/Lærd,,professor
Reg0103370,Embedsmand/Jura/Politik,,generalkonsul
Reg0103380,,,
Reg0103390,,,
Reg0103400,Handel/Erhverv,,direktør
Reg0103410,,,
Reg0103420,,,
Reg0103430,Akademiker/Lærd;Gejstlig,,overlærer;rektor;sognepræst
Reg0103440,Kunstner/Billedkunst,,billedhugger
Reg0103450,Handel/Erhverv,,godsejer
Reg0103460,,,
Reg0103470,,,
Reg0103480,,,
Reg0103490,,,
Reg0103500,Handel/Erhverv,,godsejer
Reg0103510,Akademiker/Lærd;Gejstlig,,student;sognepræst
Reg0103520,,,
Reg0103530,,,
Reg0103540,Akademiker/Lærd,,student
Reg0103550,,,
Reg0103560,Gejstlig,,hofpræst
Reg0103570,Akademiker/Lærd;Embedsmand/Jura/Politik,,student;minister;konferensraad
Reg0103580,,,
Reg0103590,,,
Reg0103600,Embedsmand/Jura/Politik;Militær,,gesandt;generalmajor;generalløjtnant
Reg0103610,Akademiker/Lærd,,docent;rektor
Reg0103620,,,
Reg0103630,,,
Reg0103640,,,
Reg0103650,,,
Reg0103660,,,
Reg0103670,Adel/Kongelig/Hof;Handel/Erhverv,,besidder;kammerherre;hofjægermester
Reg0103680,Adel/Kongelig/Hof;Embedsmand/Jura/Politik;Handel/Erhverv,,godsejer;besidder;stænderdeputeret;kammerherre;gehejmekonferensraad
Reg0103690,Adel/Kongelig/Hof;Akademiker/Lærd;Embedsmand/Jura/Politik;Handel/Erhverv,,student;lensgreve;godsejer;udenrigsminister
Reg0103700,Adel/Kongelig/Hof,,overhofmesterinde;dronning
Reg0103710,,,
Reg0103720,Musiker/Scenekunst,,skuespillerinde
Reg0103730,Forfatter/Digter,,digter
Reg0103740,,,
Reg0103750,,,
Reg0103760,Militær,,generalmajor
Reg0103770,Kunstner/Billedkunst,billedkunst.html,maler
Reg0103780,Handel/Erhverv,,købmand
Reg0103790,Adel/Kongelig/Hof;Handel/Erhverv,,selskabsdame;grosserer
Reg0103800,Musiker/Scenekunst,,organist
Reg0103810,Akademiker/Lærd,,professor
Reg0103820,,,
Reg0103830,Handel/Erhverv,,proprietær
Reg0103840,,,
Reg0103850,,,
Reg0103860,Akademiker/Lærd;Forfatter/Digter;Musiker/Scenekunst,bibliotek.html;teater-musik.html,professor;forfatter
Reg0103870,,,
Reg0103880,Embedsmand/Jura/Politik,,generalkonsul
Reg0103890,Forfatter/Digter;Musiker/Scenekunst,teater-musik.html,skuespiller;digter
Reg0103900,,,
Reg0103910,Militær,,sekondløjtnant;søetaten;kaptajn;kommandør
Reg0103920,Embedsmand/Jura/Politik,,amtsforvalter;etatsraad
Reg0103930,Embedsmand/Jura/Politik,,advokat;vicekonsul
Reg0103940,Handel/Erhverv;Militær,,løjtnant;besidder
Reg0103950,,,
Reg0103960,Adel/Kongelig/Hof,,kammerherre
Reg0103970,,,
Reg0103980,Handel/Erhverv,,besidder
Reg0103990,Militær,,løjtnant
Reg0104000,,,
Reg0104010,,,
Reg0104020,,,
Reg0104030,Forfatter/Digter;Gejstlig,,sognepræst;forfatter
Reg0104040,Akademiker/Lærd,,historiker
Reg0104050,Adel/Kongelig/Hof,,greve
Reg0104060,Adel/Kongelig/Hof,,lensgreve;hofjægermester
Reg0104070,Adel/Kongelig/Hof;Militær,,oberstløjtnant;kammerherre
Reg0104080,Adel/Kongelig/Hof;Handel/Erhverv,,lensgreve;besidder;kammerherre
Reg0104090,Handel/Erhverv,,besidder
Reg0104100,Adel/Kongelig/Hof,,kammerjunker
Reg0104110,Embedsmand/Jura/Politik,,amtmand
Reg0104120,,,
Reg0104130,,,
Reg0104140,Adel/Kongelig/Hof,,hofjægermester
Reg0104150,,,
Reg0104160,,,
Reg0104170,Handel/Erhverv,,bankier
Reg0104180,,,
Reg0104190,Militær,,oberst
Reg0104200,,,
Reg0104210,,,
Reg0104220,Handel/Erhverv,,hotelejer
Reg0104230,Embedsmand/Jura/Politik,,fuldmægtig
Reg0104240,,,
Reg0104250,Musiker/Scenekunst,,skuespillerinde
Reg0104260,,,
Reg0104270,,,
Reg0104280,Musiker/Scenekunst,,skuespiller;teaterdirektør
Reg0104290,,,
Reg0104300,,,
Reg0104310,Musiker/Scenekunst,,skuespillerinde
Reg0104320,Embedsmand/Jura/Politik;Handel/Erhverv,,konsul;grosserer;vinhandler
Reg0104330,,,
Reg0104340,Handel/Erhverv;Musiker/Scenekunst,,skuespiller;direktør
Reg0104350,Musiker/Scenekunst,,skuespillerinde
Reg0104360,,,
Reg0104370,,,
Reg0104380,Musiker/Scenekunst,,kapelmusikus
Reg0104390,Kunstner/Billedkunst,billedkunst.html,billedhugger
Reg0104400,Musiker/Scenekunst,,kapelmusikus
Reg0104410,Akademiker/Lærd,,historiker;professor
Reg0104420,Forfatter/Digter,,skuespilforfatter
Reg0104430,,,
Reg0104440,Musiker/Scenekunst,,komponist
Reg0104450,Embedsmand/Jura/Politik,,vicekonsul
Reg0104460,Embedsmand/Jura/Politik,,vicekonsul
Reg0104470,,,
Reg0104480,,,
Reg0104490,Adel/Kongelig/Hof,,greve
Reg0104500,Forfatter/Digter,,digter
Reg0104510,Akademiker/Lærd,,læge;distriktslæge
Reg0104520,Embedsmand/Jura/Politik;Forfatter/Digter;Handel/Erhverv,,forfatter;kancellist;fuldmægtig;direktør;skuespilforfatter;oversætter
Reg0104530,Akademiker/Lærd,,lærerinde
Reg0104540,,,
Reg0104550,,,
Reg0104560,Musiker/Scenekunst,,skuespillerinde;skuespiller
Reg0104570,,,
Reg0104580,Akademiker/Lærd;Forfatter/Digter,,digter;student
Reg0104590,Militær,,kaptajn;artilleriet;oberst
Reg0104600,Militær,,kaptajn
Reg0104610,Musiker/Scenekunst,,skuespillerinde
Reg0104620,,,
Reg0104630,Adel/Kongelig/Hof,,kammerherre;overhofmesterinde
Reg0104640,Musiker/Scenekunst,,komponist;pianist
Reg0104650,Kunstner/Billedkunst,,maler
Reg0104660,Embedsmand/Jura/Politik;Militær,,kaptajn;postmester
Reg0104670,Forfatter/Digter,,digter
Reg0104680,Akademiker/Lærd;Musiker/Scenekunst,,pianist;lærer
Reg0104690,Handel/Erhverv,,købmand
Reg0104700,,,
Reg0104710,Handel/Erhverv,,købmand;godsejer
Reg0104720,,,
Reg0104730,,,
Reg0104740,Adel/Kongelig/Hof;Handel/Erhverv,,kammerjunker;kammerherre;ejer
Reg0104750,Adel/Kongelig/Hof;Handel/Erhverv;Militær,,sekondløjtnant;kammerherre;hofjægermester;ritmester;besidder
Reg0104760,,,
Reg0104770,,,
Reg0104780,Handel/Erhverv,,besidder
Reg0104790,Adel/Kongelig/Hof;Embedsmand/Jura/Politik;Handel/Erhverv,,besidder;landstingsmand;udenrigsminister;hofjægermester;kammerherre;gehejmekonferensraad
Reg0104800,Forfatter/Digter,,skuespilforfatter
Reg0104810,,,
Reg0104820,Musiker/Scenekunst,teater-musik.html,komponist
Reg0104830,,,
Reg0104840,,,
Reg0104850,,,
Reg0104860,,,
Reg0104870,Akademiker/Lærd;Handel/Erhverv,,botaniker;professor;direktør
Reg0104880,,,
Reg0104890,Handel/Erhverv,,hotelejer
Reg0104900,,,
Reg0104910,,,
Reg0104920,,,
Reg0104930,,,
Reg0104940,Handel/Erhverv,,apoteker
Reg0104950,,,
Reg0104960,Akademiker/Lærd,,læge
Reg0104970,Handel/Erhverv,,forlagsboghandler
Reg0104980,Embedsmand/Jura/Politik,,kontorchef
Reg0104990,Akademiker/Lærd,,professor
Reg0105000,Akademiker/Lærd,,docent;professor
Reg0105010,,,
Reg0105020,Forfatter/Digter,,forfatterinde
Reg0105030,Kunstner/Billedkunst,billedkunst.html,maler;tegner;raderer
Reg0105040,Forfatter/Digter;Kunstner/Billedkunst,,maler;digter
Reg0105050,Forfatter/Digter,,forfatterinde
Reg0105060,Forfatter/Digter,bibliotek.html,forfatter
Reg0105070,,,
Reg0105080,,,
Reg0105090,Musiker/Scenekunst,,komponist
Reg0105100,,,
Reg0105110,,,
Reg0105120,,,
Reg0105130,,,
Reg0105140,Handel/Erhverv,,boghandler;forlægger
Reg0105150,Handel/Erhverv,,forlagsboghandler
Reg0105160,Handel/Erhverv,,boghandler
Reg0105170,,,
Reg0105180,,,
Reg0105190,Handel/Erhverv,,forlagsboghandler;forlægger
Reg0105200,Forfatter/Digter,,digter
Reg0105210,Kunstner/Billedkunst,,maler
Reg0105220,,,
Reg0105230,,,
Reg0105240,,,
Reg0105250,Embedsmand/Jura/Politik;Handel/Erhverv,,agent;etatsraad
Reg0105260,,,
Reg0105270,Kunstner/Billedkunst,,maler
Reg0105280,,,
Reg0105290,Forfatter/Digter,,forfatter
Reg0105300,,,
Reg0105310,Handel/Erhverv,,boghandler
Reg0105320,Embedsmand/Jura/Politik,,godsforvalter
Reg0105330,Embedsmand/Jura/Politik,,prokurator
Reg0105340,,,
Reg0105350,Akademiker/Lærd;Gejstlig,,student;sognepræst;provst
Reg0105360,Kunstner/Billedkunst,billedkunst.html,maler;tegner
Reg0105370,,,
Reg0105380,,,
Reg0105390,,,
Reg0105400,Kunstner/Billedkunst,billedkunst.html,maler;raderer
Reg0105410,Adel/Kongelig/Hof;Akademiker/Lærd;Embedsmand/Jura/Politik,,diplomat;historiker;gesandt;legationsraad;kammerherre
Reg0105420,Forfatter/Digter,,oversætter
Reg0105430,,,
Reg0105440,,,
Reg0105450,,,
Reg0105460,,,
Reg0105470,Forfatter/Digter,,forfatter
Reg0105480,,,
Reg0105490,,,
Reg0105500,,,
Reg0105510,,,
Reg0105520,,,
Reg0105530,,,
Reg0105540,Adel/Kongelig/Hof;Embedsmand/Jura/Politik;Handel/Erhverv,,besidder;amtmand;kammerherre
Reg0105550,,,
Reg0105560,Militær,,løjtnant
Reg0105570,,,
Reg0105580,Handel/Erhverv,,godsejer
Reg0105590,,,
Reg0105600,Adel/Kongelig/Hof;Embedsmand/Jura/Politik,,gesandt;kammerherre;gehejmekonferensraad
Reg0105610,Handel/Erhverv,,besidder
Reg0105620,Embedsmand/Jura/Politik,,gesandt
Reg0105630,,,
Reg0105640,Adel/Kongelig/Hof,,stiftsdame;hofdame;dronning
Reg0105650,,,
Reg0105660,Embedsmand/Jura/Politik,,legationssekretær;gesandtskab
Reg0105670,Adel/Kongelig/Hof;Embedsmand/Jura/Politik,,udenrigsminister;minister;gehejmekonferensraad
Reg0105680,,,
Reg0105690,Musiker/Scenekunst,,operasangerinde
Reg0105700,Forfatter/Digter,,forfatterinde
Reg0105710,,,
Reg0105720,Kunstner/Billedkunst,,malerinde
Reg0105730,,,
Reg0105740,Musiker/Scenekunst,,operakomponist
Reg0105750,Musiker/Scenekunst,,operakomponist
Reg0105760,Kunstner/Billedkunst,billedkunst.html,maler;raderer
Reg0105770,Musiker/Scenekunst,,violinist
Reg0105780,Musiker/Scenekunst,,violinist;komponist
Reg0105790,,,
Reg0105800,Forfatter/Digter;Gejstlig,bibliotek.html,digter;præst
Reg0105810,,,
Reg0105820,,,
Reg0105830,Akademiker/Lærd;Embedsmand/Jura/Politik,,huslærer;toldforvalter
Reg0105840,,,
Reg0105850,Embedsmand/Jura/Politik,,gesandt
Reg0105860,Forfatter/Digter,,digter;redaktør
Reg0105870,Kunstner/Billedkunst,,maler
Reg0105880,,,
Reg0105890,Akademiker/Lærd,,læge
Reg0105900,,,
Reg0105910,Musiker/Scenekunst,,pianistinde
Reg0105920,,,
Reg0105930,,,
Reg0105940,Musiker/Scenekunst,,organist
Reg0105950,,,
Reg0105960,,,
Reg0105970,Forfatter/Digter;Handel/Erhverv,,ejer;redaktør
Reg0105980,Embedsmand/Jura/Politik,,justitsraad
Reg0105990,,,
Reg0106000,,,
Reg0106010,Handel/Erhverv;Militær,,generalkrigskommissær;kommandant;oberst;ejer
Reg0106020,,,
Reg0106030,Forfatter/Digter,,forfatter
Reg0106040,,,
Reg0106050,,,
Reg0106060,,,
Reg0106070,Kunstner/Billedkunst,billedkunst.html,billedhugger
Reg0106080,Embedsmand/Jura/Politik,,udenrigsminister
Reg0106090,Forfatter/Digter,,digter
Reg0106100,Forfatter/Digter,,forfatterinde
Reg0106110,,,
Reg0106120,,,
Reg0106130,Gejstlig,,kapellan;sognepræst
Reg0106140,Gejstlig,,kapellan;sognepræst
Reg0106150,Embedsmand/Jura/Politik;Musiker/Scenekunst,,operasangerinde;kontorchef;etatsraad
Reg0106160,,,
Reg0106170,Embedsmand/Jura/Politik;Forfatter/Digter,,inspektør;udgiver
Reg0106180,,,
Reg0106190,Embedsmand/Jura/Politik;Forfatter/Digter,,redaktør;politiker
Reg0106200,Akademiker/Lærd,,overlærer
Reg0106210,,,
Reg0106220,,,
Reg0106230,Embedsmand/Jura/Politik,,amtsforvalter;etatsraad
Reg0106240,,,
Reg0106250,Akademiker/Lærd,,ingeniør
Reg0106260,,,
Reg0106270,,,
Reg0106280,Forfatter/Digter;Militær,,premierløjtnant;infanteriet;oberst;forfatter
Reg0106290,Musiker/Scenekunst,,skuespillerinde
Reg0106300,,,
Reg0106310,Kunstner/Billedkunst,,arkitekt
Reg0106320,Akademiker/Lærd,,student
Reg0106330,Handel/Erhverv,,direktør
Reg0106340,Embedsmand/Jura/Politik;Forfatter/Digter,,politiker;forfatter
Reg0106350,,,
Reg0106360,,,
Reg0106370,,,
Reg0106380,Kunstner/Billedkunst,billedkunst.html,billedhugger
Reg0106390,Gejstlig,,præst
Reg0106400,,,
Reg0106410,Kunstner/Billedkunst,billedkunst.html,maler
Reg0106420,,,
Reg0106430,Embedsmand/Jura/Politik,,politiker
Reg0106440,,,
Reg0106450,,,
Reg0106460,Handel/Erhverv,,købmand
Reg0106470,,,
Reg0106480,,,
Reg0106490,Forfatter/Digter,,forfatterinde;oversætter
Reg0106500,Embedsmand/Jura/Politik;Militær,,legationssekretær;løjtnant;kavalleriet
Reg0106510,,,
Reg0106520,Embedsmand/Jura/Politik,,gesandt
Reg0106530,,,
Reg0106540,,,
Reg0106550,,,
Reg0106560,,,
Reg0106570,Kunstner/Billedkunst,,maler
Reg0106580,,,
Reg0106590,Embedsmand/Jura/Politik,,ministerresident;udenrigsminister
Reg0106600,,,
Reg0106610,,,
Reg0106620,Akademiker/Lærd;Forfatter/Digter,bibliotek.html,litteraturhistoriker;digter
Reg0106630,Handel/Erhverv,,forpagter
Reg0106640,Embedsmand/Jura/Politik,,justitsraad
Reg0106650,Forfatter/Digter,,journalist
Reg0106660,Embedsmand/Jura/Politik,,overretsprokurator
Reg0106670,Forfatter/Digter,,forfatter;redaktør
Reg0106680,,,
Reg0106690,Kunstner/Billedkunst,,maler
Reg0106700,,,
Reg0106710,Forfatter/Digter,,forfatterinde
Reg0106720,,,
Reg0106730,Kunstner/Billedkunst,,maler
Reg0106740,Kunstner/Billedkunst,,maler
Reg0106750,Musiker/Scenekunst,,operasanger
Reg0106760,,,
Reg0106770,,,
Reg0106780,,,
Reg0106790,Kunstner/Billedkunst,billedkunst.html,billedhugger
Reg0106800,Handel/Erhverv,,agent
Reg0106810,Akademiker/Lærd;Forfatter/Digter,,student;forfatter
Reg0106820,Forfatter/Digter,,digter
Reg0106830,Handel/Erhverv,,bankier
Reg0106840,,,
Reg0106850,Embedsmand/Jura/Politik,,gesandtskab
Reg0106860,,,
Reg0106870,,,
Reg0106880,Musiker/Scenekunst,,operasangerinde
Reg0106890,Handel/Erhverv,,godsejer
Reg0106900,Handel/Erhverv,,godsejer
Reg0106910,Forfatter/Digter,,digter
Reg0106920,Forfatter/Digter;Kunstner/Billedkunst,billedkunst.html,maler;raderer;digter
Reg0106930,Embedsmand/Jura/Politik,,præsident
Reg0106940,,,
Reg0106950,Handel/Erhverv,,forpagter
Reg0106960,,,
Reg0106970,Embedsmand/Jura/Politik,,departementschef
Reg0106980,,,
Reg0106990,Adel/Kongelig/Hof;Embedsmand/Jura/Politik,,overpræsident;kammerherre
Reg0107000,Militær,,løjtnant
Reg0107010,Handel/Erhverv;Militær,,løjtnant;regiment;besidder
Reg0107020,,,
Reg0107030,Adel/Kongelig/Hof,,stiftsdame
Reg0107040,Adel/Kongelig/Hof,,hofdame;dronning
Reg0107050,,,
Reg0107060,Adel/Kongelig/Hof,,dronning
Reg0107070,,,
Reg0107080,,,
Reg0107090,Adel/Kongelig/Hof;Handel/Erhverv;Militær,,sekondløjtnant;forpagter;hofjægermester
Reg0107100,Kunstner/Billedkunst,,maler
Reg0107110,Adel/Kongelig/Hof;Militær,,premierløjtnant;livgarden;oberst;kammerherre
Reg0107120,Handel/Erhverv,,ejer
Reg0107130,Militær,,kaptajn
Reg0107140,Adel/Kongelig/Hof;Embedsmand/Jura/Politik,,amtmand;kammerherre
Reg0107150,Forfatter/Digter;Musiker/Scenekunst,,publicist;forfatter;komponist
Reg0107160,Akademiker/Lærd;Embedsmand/Jura/Politik,,fuldmægtig;docent;litteraturhistoriker
Reg0107170,Militær,,oberst
Reg0107180,Militær,,kaptajn
Reg0107190,Akademiker/Lærd,,rektor;professor
Reg0107200,Akademiker/Lærd,,lærer
Reg0107210,Militær,,sekondløjtnant;premierløjtnant
Reg0107220,,,
Reg0107230,Forfatter/Digter,,forfatter
Reg0107240,Forfatter/Digter;Musiker/Scenekunst,bibliotek.html,skuespiller
Reg0107250,Musiker/Scenekunst,,skuespillerinde
Reg0107260,Musiker/Scenekunst,,skuespiller
Reg0107270,Kunstner/Billedkunst,,fotograf
Reg0107280,,,
Reg0107290,Adel/Kongelig/Hof,,baron
Reg0107300,Adel/Kongelig/Hof,,baron
Reg0107310,Handel/Erhverv,,ejer
Reg0107320,Adel/Kongelig/Hof;Embedsmand/Jura/Politik;Handel/Erhverv,,amtmand;stiftamtmand;gehejmekonferensraad;godsejer
Reg0107330,,,
Reg0107340,,,
Reg0107350,Embedsmand/Jura/Politik,,legationssekretær
Reg0107360,Adel/Kongelig/Hof;Embedsmand/Jura/Politik,,ministerresident;kammerherre
Reg0107370,,,
Reg0107380,,,
Reg0107390,Handel/Erhverv,,besidder
Reg0107400,,,
Reg0107410,,,
Reg0107420,,,
Reg0107430,,,
Reg0107440,,,
Reg0107450,,,
Reg0107460,Adel/Kongelig/Hof,,overhofmesterinde;dronning
Reg0107470,Adel/Kongelig/Hof;Embedsmand/Jura/Politik,,indenrigsminister;amtmand;kammerherre;gehejmekonferensraad
Reg0107480,Adel/Kongelig/Hof,,kammerherre;hofjægermester
Reg0107490,Embedsmand/Jura/Politik;Handel/Erhverv,,godsejer;besidder;landstingsmand;udenrigsminister
Reg0107500,,,
Reg0107510,Embedsmand/Jura/Politik;Handel/Erhverv,,besidder;landstingsmand
Reg0107520,,,
Reg0107530,,,
Reg0107540,Musiker/Scenekunst,,skuespillerinde;skuespiller
Reg0107550,Akademiker/Lærd;Forfatter/Digter,bibliotek.html,adjunkt;overlærer;digter
Reg0107560,Musiker/Scenekunst,,operasangerinde
Reg0107570,,,
Reg0107580,Kunstner/Billedkunst,,maler
Reg0107590,Militær,,søofficer
Reg0107600,Akademiker/Lærd,,arkæolog;professor
Reg0107610,Musiker/Scenekunst,,operasangerinde
Reg0107620,,,
Reg0107630,,,
Reg0107640,Musiker/Scenekunst,teater-musik.html,komponist
Reg0107650,Embedsmand/Jura/Politik;Handel/Erhverv,,ejer;amtsforvalter
Reg0107660,,,
Reg0107670,Embedsmand/Jura/Politik,,konsul
Reg0107680,,,
Reg0107690,,,
Reg0107700,Militær,,kaptajnløjtnant;søetaten;kaptajn;kommandør
Reg0107710,Akademiker/Lærd,,lektor;professor
Reg0107720,Militær,,kaptajn
Reg0107730,Akademiker/Lærd;Gejstlig,,student;kapellan;sognepræst;stiftsprovst
Reg0107740,Embedsmand/Jura/Politik,,assessor;justitsraad
Reg0107750,Embedsmand/Jura/Politik,,konferensraad
Reg0107760,,,
Reg0107770,Embedsmand/Jura/Politik,,inspektør
Reg0107780,Gejstlig,,sognepræst
Reg0107790,Embedsmand/Jura/Politik;Handel/Erhverv,,direktør;konferensraad
Reg0107800,,,
Reg0107810,Akademiker/Lærd;Gejstlig,,lektor;sognepræst
Reg0107820,Handel/Erhverv,,direktør
Reg0107830,Handel/Erhverv,,bankier
Reg0107840,,,
Reg0107850,,,
Reg0107860,,,
Reg0107870,Handel/Erhverv,,bankier
Reg0107880,Handel/Erhverv,,bankier
Reg0107890,,,
Reg0107900,Handel/Erhverv,,bankier
Reg0107910,,,
Reg0107920,Adel/Kongelig/Hof;Embedsmand/Jura/Politik,,justitiarius;gehejmekonferensraad
Reg0107930,Handel/Erhverv,,godsejer;besidder
Reg0107940,,,
Reg0107950,,,
Reg0107960,,,
Reg0107970,,,
Reg0107980,,,
Reg0107990,Forfatter/Digter,,forfatter
Reg0108000,Musiker/Scenekunst,,komponist
Reg0108010,,,
Reg0108020,Akademiker/Lærd,,professor
Reg0108030,,,
Reg0108040,Adel/Kongelig/Hof,,hertug
Reg0108050,Akademiker/Lærd,,læge;overlæge;professor
Reg0108060,Embedsmand/Jura/Politik;Handel/Erhverv,,grosserer;fabrikant;etatsraad
Reg0108070,,,
Reg0108080,Militær,,sekondløjtnant
Reg0108090,Akademiker/Lærd;Handel/Erhverv,,grosserer;læge
Reg0108100,Kunstner/Billedkunst,,maler
Reg0108110,Musiker/Scenekunst,,komponist
Reg0108120,Handel/Erhverv;Musiker/Scenekunst,,operasanger;godsejer
Reg0108130,Musiker/Scenekunst,,komponist;pianist
Reg0108140,,,
Reg0108150,Akademiker/Lærd,,professor
Reg0108160,Gejstlig,,sognepræst;provst
Reg0108170,,,
Reg0108180,,,
Reg0108190,Forfatter/Digter,,redaktør
Reg0108200,Kunstner/Billedkunst,billedkunst.html,maler
Reg0108210,,,
Reg0108220,Adel/Kongelig/Hof;Akademiker/Lærd;Kunstner/Billedkunst,,kammerherre;kunsthistoriker;raderer;tegner
Reg0108230,Forfatter/Digter,,forfatter
Reg0108240,Akademiker/Lærd;Kunstner/Billedkunst,,landskabsmaler;professor
Reg0108250,Forfatter/Digter;Musiker/Scenekunst,bibliotek.html;teater-musik.html,digter
Reg0108260,,,
Reg0108270,Kunstner/Billedkunst,,billedhugger
Reg0108280,Musiker/Scenekunst,,komponist
Reg0108290,Akademiker/Lærd;Militær,,student;sekondløjtnant;artilleriet;kaptajn
Reg0108300,Musiker/Scenekunst,teater-musik.html,komponist
Reg0108310,Musiker/Scenekunst,,operasangerinde
Reg0108320,,,
Reg0108330,Adel/Kongelig/Hof,,kejser
Reg0108340,Adel/Kongelig/Hof,,kejser
Reg0108350,Adel/Kongelig/Hof,,kejser
Reg0108360,,,
Reg0108370,,,
Reg0108380,,,
Reg0108390,,,
Reg0108400,,,
Reg0108410,,,
Reg0108420,Adel/Kongelig/Hof,,kejser
Reg0108430,,,
Reg0108440,,,
Reg0108450,Adel/Kongelig/Hof,,kejser
Reg0108460,,,
Reg0108470,Adel/Kongelig/Hof,,kejser
Reg0108480,Adel/Kongelig/Hof,,kejser
Reg0108490,Embedsmand/Jura/Politik,,politiker
Reg0108500,,,
Reg0108510,,,
Reg0108520,Musiker/Scenekunst,,komponist
Reg0108530,,,
Reg0108540,Akademiker/Lærd,,student;professor
Reg0108550,Forfatter/Digter,,digter
Reg0108560,Forfatter/Digter,,digter;journalist
Reg0108570,Forfatter/Digter,,forfatterinde
Reg0108580,,,
Reg0108590,,,
Reg0108600,Militær,,generalmajor
Reg0108610,Handel/Erhverv,,gartner
Reg0108620,Akademiker/Lærd,,distriktslæge
Reg0108630,,,
Reg0108640,Musiker/Scenekunst,,skuespiller
Reg0108650,Militær,,oberst
Reg0108660,Handel/Erhverv,,proprietær
Reg0108670,Forfatter/Digter;Musiker/Scenekunst,,skuespiller;skuespilforfatter
Reg0108680,Militær,,oberst;liniebataillon
Reg0108690,Adel/Kongelig/Hof;Handel/Erhverv,,godsejer;hofjægermester
Reg0108700,Adel/Kongelig/Hof;Militær,,hofjægermester;oberstløjtnant
Reg0108710,,,
Reg0108720,Militær,,generalmajor;generalløjtnant
Reg0108730,,,
Reg0108740,Embedsmand/Jura/Politik,,borgmester
Reg0108750,Kunstner/Billedkunst,,arkitekt
Reg0108760,,,
Reg0108770,,,
Reg0108780,,,
Reg0108790,Forfatter/Digter,,forfatterinde
Reg0108800,Militær,,ritmester
Reg0108810,Adel/Kongelig/Hof;Militær,,oberst;kammerherre
Reg0108820,,,
Reg0108830,Musiker/Scenekunst,,operasangerinde;skuespillerinde
Reg0108840,Embedsmand/Jura/Politik,,fuldmægtig
Reg0108850,,,
Reg0108860,,,
Reg0108870,Handel/Erhverv,,vinhandler
Reg0108880,,,
Reg0108890,,,
Reg0108900,Gejstlig,,sognepræst
Reg0108910,Gejstlig,,sognepræst
Reg0108920,,,
Reg0108930,Gejstlig,,sognepræst
Reg0108940,,,
Reg0108950,,,
Reg0108960,,,
Reg0108970,Handel/Erhverv,,forpagter
Reg0108980,,,
Reg0108990,,,
Reg0109000,Militær,,kaptajnløjtnant;søetaten
Reg0109010,Embedsmand/Jura/Politik,,prokurator
Reg0109020,,,
Reg0109030,Kunstner/Billedkunst,,maler
Reg0109040,,,
Reg0109050,,,
Reg0109060,Akademiker/Lærd,,professor
Reg0109070,,,
Reg0109080,,,
Reg0109090,Gejstlig,,sognepræst
Reg0109100,Gejstlig,,sognepræst
Reg0109110,,,
Reg0109120,,,
Reg0109130,,,
Reg0109140,Gejstlig,,sognepræst
Reg0109150,Gejstlig,,biskop
Reg0109160,,,
Reg0109170,Handel/Erhverv,,købmand
Reg0109180,,,
Reg0109190,Embedsmand/Jura/Politik,,borgmester;justitsraad
Reg0109200,Akademiker/Lærd,,professor
Reg0109210,Akademiker/Lærd,,litteraturhistoriker
Reg0109220,Kunstner/Billedkunst,,billedhugger
Reg0109230,,,
Reg0109240,,,
Reg0109250,Musiker/Scenekunst,,solodanserinde
Reg0109260,Embedsmand/Jura/Politik;Militær,,vicekonsul;generalkrigskommissær
Reg0109270,Kunstner/Billedkunst,billedkunst.html,maler
Reg0109280,Kunstner/Billedkunst,billedkunst.html,maler
Reg0109290,Forfatter/Digter,,digter
Reg0109300,Kunstner/Billedkunst,,arkitekt
Reg0109310,Adel/Kongelig/Hof,,konge
Reg0109320,,,
Reg0109330,Adel/Kongelig/Hof,,dronning
Reg0109340,,,
Reg0109350,Adel/Kongelig/Hof,,dronning
Reg0109360,Adel/Kongelig/Hof,,konge
Reg0109370,Adel/Kongelig/Hof,,konge
Reg0109380,,,
Reg0109390,Adel/Kongelig/Hof;Forfatter/Digter,,konge;digter;oversætter
Reg0109400,,,
Reg0109410,,,
Reg0109420,,,
Reg0109430,,,
Reg0109440,Akademiker/Lærd,,student
Reg0109450,,,
Reg0109460,,,
Reg0109470,,,
Reg0109480,Adel/Kongelig/Hof,,hertug
Reg0109490,Adel/Kongelig/Hof,,hertug
Reg0109500,,,
Reg0109510,Adel/Kongelig/Hof,,hertug
Reg0109520,,,
Reg0109530,,,
Reg0109540,,,
Reg0109550,Militær,,general
Reg0109560,Adel/Kongelig/Hof,,storhertug
Reg0109570,Adel/Kongelig/Hof,,hertug;storhertug
Reg0109580,,,
Reg0109590,Adel/Kongelig/Hof,,storhertug
Reg0109600,,,
Reg0109610,Militær,,generalløjtnant
Reg0109620,,,
Reg0109630,,,
Reg0109640,,,
Reg0109650,,,
Reg0109660,,,
Reg0109670,,,
Reg0109680,Forfatter/Digter,,redaktør
Reg0109690,,,
Reg0109700,Embedsmand/Jura/Politik,,herredsfoged
Reg0109710,Musiker/Scenekunst,,operasangerinde
Reg0109720,,,
Reg0109730,Forfatter/Digter,,forfatter
Reg0109740,Militær,,infanteriet
Reg0109750,,,
Reg0109760,Embedsmand/Jura/Politik,,gesandt
Reg0109770,Embedsmand/Jura/Politik,,gesandt
Reg0109780,Musiker/Scenekunst,,balletmester;violinist
Reg0109790,Forfatter/Digter,,journalist
Reg0109800,Akademiker/Lærd;Embedsmand/Jura/Politik,,gesandt;historiker
Reg0109810,,,
Reg0109820,Kunstner/Billedkunst,,maler
Reg0109830,Handel/Erhverv,,bankier
Reg0109840,Adel/Kongelig/Hof,,prins
Reg0109850,Adel/Kongelig/Hof;Embedsmand/Jura/Politik,,fuldmægtig;kammerjunker;justitsraad
Reg0109860,,,
Reg0109870,,,
Reg0109880,Forfatter/Digter;Handel/Erhverv,,boghandler;journalist
Reg0109890,,,
Reg0109900,Musiker/Scenekunst,,komponist
Reg0109910,,,
Reg0109920,,,
Reg0109930,Handel/Erhverv,,grosserer
Reg0109940,,,
Reg0109950,Musiker/Scenekunst,,operasanger
Reg0109960,Akademiker/Lærd,,overlæge
Reg0109970,,,
Reg0109980,,,
Reg0109990,,,
Reg0110000,Gejstlig,,kateket;sognepræst
Reg0110010,,,
Reg0110020,,,
Reg0110030,,,
Reg0110040,,,
Reg0110050,,,
Reg0110060,Handel/Erhverv,,købmand
Reg0110070,Handel/Erhverv,,grosserer
Reg0110080,Embedsmand/Jura/Politik,,overretssagfører
Reg0110090,,,
Reg0110100,Handel/Erhverv,,købmand
Reg0110110,,,
Reg0110120,,,
Reg0110130,,,
Reg0110140,,,
Reg0110150,Handel/Erhverv,,grosserer
Reg0110160,Embedsmand/Jura/Politik;Handel/Erhverv,,grosserer;generalkonsul
Reg0110170,Handel/Erhverv,,fabrikant
Reg0110180,Akademiker/Lærd;Forfatter/Digter,,guvernante;forfatterinde
Reg0110190,Militær,,ritmester
Reg0110200,Adel/Kongelig/Hof;Handel/Erhverv;Militær,,officer;godsejer;kammerherre
Reg0110210,,,
Reg0110220,Adel/Kongelig/Hof;Forfatter/Digter;Handel/Erhverv,bibliotek.html,hofmarskal;kammerherre;besidder
Reg0110230,Militær,,oberstløjtnant
Reg0110240,,,
Reg0110250,Embedsmand/Jura/Politik,,landshøvding
Reg0110260,,,
Reg0110270,Adel/Kongelig/Hof;Embedsmand/Jura/Politik,,politiker;hertug
Reg0110280,Forfatter/Digter,,forfatterinde
Reg0110290,,,
Reg0110300,,,
Reg0110310,Akademiker/Lærd;Kunstner/Billedkunst,billedkunst.html,maler;professor
Reg0110320,Forfatter/Digter,,forfatter
Reg0110330,Kunstner/Billedkunst,billedkunst.html,marinemaler
Reg0110340,,,
Reg0110350,Musiker/Scenekunst,,skuespillerinde
Reg0110360,Musiker/Scenekunst,,pianistinde
Reg0110370,Musiker/Scenekunst,,pianistinde
Reg0110380,Musiker/Scenekunst,,komponist
Reg0110390,Kunstner/Billedkunst,billedkunst.html,billedhugger
Reg0110400,,,
Reg0110410,Handel/Erhverv,,hotelvært
Reg0110420,,,
Reg0110430,Musiker/Scenekunst,,operasanger
Reg0110440,Adel/Kongelig/Hof,,sultan
Reg0110450,Forfatter/Digter,,forfatter
Reg0110460,,,
Reg0110470,Kunstner/Billedkunst,,maler
Reg0110480,,,
Reg0110490,Adel/Kongelig/Hof,,konge
Reg0110500,,,
Reg0110510,,,
Reg0110520,Embedsmand/Jura/Politik,,gesandt
Reg0110530,,,
Reg0110540,,,
Reg0110550,Musiker/Scenekunst,,operasangerinde
Reg0110560,,,
Reg0110570,Kunstner/Billedkunst,billedkunst.html,maler
Reg0110580,,,
Reg0110590,Handel/Erhverv,,købmand;direktør
Reg0110600,Kunstner/Billedkunst,,maler
Reg0110610,,,
Reg0110620,,,
Reg0110630,Militær,,oberstløjtnant;kavalleriet
Reg0110640,,,
Reg0110650,Forfatter/Digter,,skuespilforfatter
Reg0110660,Embedsmand/Jura/Politik,,minister
Reg0110670,Embedsmand/Jura/Politik,,diplomat;politiker;gesandt
Reg0110680,,,
Reg0110690,,,
Reg0110700,,,
Reg0110710,Militær,,feltherre
Reg0110720,,,
Reg0110730,Embedsmand/Jura/Politik,,herredsfoged;kancelliraad;justitsraad
Reg0110740,Embedsmand/Jura/Politik,,konsul;generalkonsul
Reg0110750,Akademiker/Lærd,,historiker
Reg0110760,,,
Reg0110770,,,
Reg0110780,Akademiker/Lærd,,guvernante
Reg0110790,Akademiker/Lærd;Embedsmand/Jura/Politik,,læge;professor;etatsraad
Reg0110800,,,
Reg0110810,,,
Reg0110820,,,
Reg0110830,Militær,,kaptajn
Reg0110840,Militær,,generalløjtnant;adjudant
Reg0110850,,,
Reg0110860,,,
Reg0110870,Adel/Kongelig/Hof;Handel/Erhverv,,godsejer;kammerherre
Reg0110880,,,
Reg0110890,,,
Reg0110900,,,
Reg0110910,,,
Reg0110920,,,
Reg0110930,,,
Reg0110940,Embedsmand/Jura/Politik;Forfatter/Digter;Handel/Erhverv,bibliotek.html,folketingsmand;besidder
Reg0110950,Embedsmand/Jura/Politik;Forfatter/Digter;Handel/Erhverv,bibliotek.html,godsejer;besidder;etatsraad
Reg0110960,Adel/Kongelig/Hof;Forfatter/Digter;Handel/Erhverv,bibliotek.html,besidder;hofjægermester
Reg0110970,,,
Reg0110980,,,
Reg0110990,Forfatter/Digter,bibliotek.html,
Reg0111000,,,
Reg0111010,Adel/Kongelig/Hof;Akademiker/Lærd;Embedsmand/Jura/Politik;Forfatter/Digter;Handel/Erhverv,bibliotek.html,student;besidder;politiker;kammerherre
Reg0111020,Akademiker/Lærd;Handel/Erhverv,,student;ejer
Reg0111030,Adel/Kongelig/Hof;Handel/Erhverv,,hofjægermester;besidder
Reg0111040,Adel/Kongelig/Hof;Embedsmand/Jura/Politik;Handel/Erhverv,,besidder;kammerherre;politiker
Reg0111050,,,
Reg0111060,,,
Reg0111070,,,
Reg0111080,,,
Reg0111090,Embedsmand/Jura/Politik;Militær,,premierløjtnant;kaptajn;postmester;postmester
Reg0111100,Kunstner/Billedkunst;Militær,billedkunst.html,premierløjtnant;kaptajn
Reg0111110,Forfatter/Digter,,forfatter
Reg0111120,Kunstner/Billedkunst,billedkunst.html,billedhugger;tegner
Reg0111130,Embedsmand/Jura/Politik,,fuldmægtig;amtsforvalter
Reg0111140,Embedsmand/Jura/Politik,,jurist
Reg0111150,,,
Reg0111160,Handel/Erhverv,,indehaver;vinhandler
Reg0111170,Akademiker/Lærd;Musiker/Scenekunst,,komponist;professor
Reg0111180,Forfatter/Digter,,forfatter
Reg0111190,Musiker/Scenekunst,,solodanserinde;violinist
Reg0111200,Kunstner/Billedkunst,billedkunst.html,billedhugger
Reg0111210,Forfatter/Digter,bibliotek.html,forfatter
Reg0111220,Musiker/Scenekunst,,balletdanserinde
Reg0111230,,,
Reg0111240,Forfatter/Digter;Musiker/Scenekunst,bibliotek.html,balletdanser;skuespiller
Reg0111250,Militær,,generalmajor
Reg0111260,,,
Reg0111270,Akademiker/Lærd,,lektor;professor
Reg0111280,Kunstner/Billedkunst,,arkitekt
Reg0111290,Akademiker/Lærd,,professor
Reg0111300,,,
Reg0111310,Gejstlig,,sognepræst
Reg0111320,Akademiker/Lærd;Forfatter/Digter;Gejstlig,bibliotek.html,professor;theolog;digter
Reg0111330,,,
Reg0111340,,,
Reg0111350,Akademiker/Lærd;Gejstlig,,adjunkt;sognepræst
Reg0111360,,,
Reg0111370,,,
Reg0111380,Akademiker/Lærd;Embedsmand/Jura/Politik,,professor;politiker
Reg0111390,Adel/Kongelig/Hof,,hofdame
Reg0111400,Adel/Kongelig/Hof,,hofdame;prinsesse
Reg0111410,,,
Reg0111420,,,
Reg0111430,,,
Reg0111440,Militær,,kaptajn
Reg0111450,,,
Reg0111460,,,
Reg0111470,Kunstner/Billedkunst,,arkitekt
Reg0111480,,,
Reg0111490,,,
Reg0111500,,,
Reg0111510,Adel/Kongelig/Hof,,stiftsdame
Reg0111520,Forfatter/Digter,,forfatter
Reg0111530,Adel/Kongelig/Hof,,kammerherre
Reg0111540,Adel/Kongelig/Hof,,hofjægermester
Reg0111550,,,
Reg0111560,,,
Reg0111570,Embedsmand/Jura/Politik,,generalkonsul;legationsraad
Reg0111580,Adel/Kongelig/Hof,,hofdame;stiftsdame
Reg0111590,Militær,,løjtnant;søetaten;premierløjtnant
Reg0111600,,,
Reg0111610,Adel/Kongelig/Hof,,hofdame;dronning
Reg0111620,Adel/Kongelig/Hof,,stiftsdame
Reg0111630,,,
Reg0111640,,,
Reg0111650,Embedsmand/Jura/Politik,,legationssekretær;gesandt
Reg0111660,,,
Reg0111670,Adel/Kongelig/Hof,,overhofmesterinde
Reg0111680,Adel/Kongelig/Hof;Embedsmand/Jura/Politik,,politiker;udenrigsminister;overpræsident;kammerherre;gehejmekonferensraad
Reg0111690,Adel/Kongelig/Hof,,kammerjunker;kammerherre
Reg0111700,,,
Reg0111710,Kunstner/Billedkunst,billedkunst.html,maler
Reg0111720,,,
Reg0111730,,,
Reg0111740,Gejstlig,,sognepræst
Reg0111750,,,
Reg0111760,Akademiker/Lærd,,filosof
Reg0111770,,,
Reg0111780,,,
Reg0111790,,,
Reg0111800,Embedsmand/Jura/Politik;Forfatter/Digter,,indenrigsminister;skuespilforfatter
Reg0111810,,,
Reg0111820,Gejstlig,,kapellan;sognepræst
Reg0111830,,,
Reg0111840,,,
Reg0111850,,,
Reg0111860,,,
Reg0111870,Kunstner/Billedkunst,,maler
Reg0111880,Musiker/Scenekunst,,skuespillerinde
Reg0111890,Kunstner/Billedkunst,,billedhugger
Reg0111900,,,
Reg0111910,Embedsmand/Jura/Politik;Handel/Erhverv,,købmand;konsul;etatsraad
Reg0111920,,,
Reg0111930,Militær,,kaptajn;artilleriet
Reg0111940,,,
Reg0111950,Akademiker/Lærd,,lektor;professor
Reg0111960,,,
Reg0111970,,,
Reg0111980,,,
Reg0111990,,,
Reg0112000,Forfatter/Digter,,digter
Reg0112010,,,
Reg0112020,,,
Reg0112030,,,
Reg0112040,,,
Reg0112050,,,
Reg0112060,Embedsmand/Jura/Politik,,legationssekretær
Reg0112070,,,
Reg0112080,,,
Reg0112090,Embedsmand/Jura/Politik,,konferensraad
Reg0112100,,,
Reg0112110,,,
Reg0112120,Kunstner/Billedkunst,,arkitekt
Reg0112130,Akademiker/Lærd;Kunstner/Billedkunst,,maler;professor
Reg0112140,Militær,,sekondløjtnant;liniebataillon;premierløjtnant;oberst
Reg0112150,,,
Reg0112160,Akademiker/Lærd,,professor
Reg0112170,,,
Reg0112180,,,
Reg0112190,Akademiker/Lærd;Gejstlig,,huslærer;sognepræst
Reg0112200,,,
Reg0112210,Embedsmand/Jura/Politik;Forfatter/Digter,,forfatterinde;fuldmægtig
Reg0112220,Embedsmand/Jura/Politik,,byfoged;herredsfoged;byfoged;borgmester;folketingsmand
Reg0112230,,,
Reg0112240,Forfatter/Digter;Musiker/Scenekunst,teater-musik.html,forfatter;oversætter
Reg0112250,Embedsmand/Jura/Politik,,justitsraad;etatsraad
Reg0112260,,,
Reg0112270,Adel/Kongelig/Hof;Embedsmand/Jura/Politik,,borgmester;gehejmekonferensraad
Reg0112280,Akademiker/Lærd,,professor
Reg0112290,,,
Reg0112300,,,
Reg0112310,Gejstlig,,theolog
Reg0112320,,,
Reg0112330,Militær,,generalmajor
Reg0112340,Militær,,sekondløjtnant;oberstløjtnant
Reg0112350,,,
Reg0112360,Akademiker/Lærd;Kunstner/Billedkunst,,maler;professor
Reg0112370,,,
Reg0112380,Kunstner/Billedkunst,,kunstsamler
Reg0112390,,,
Reg0112400,Embedsmand/Jura/Politik;Forfatter/Digter,,konsul;forfatter;oversætter
Reg0112410,Kunstner/Billedkunst,,marinemaler
Reg0112420,Kunstner/Billedkunst,billedkunst.html,maler
Reg0112430,,,
Reg0112440,,,
Reg0112450,Kunstner/Billedkunst,,arkitekt
Reg0112460,Kunstner/Billedkunst,,tegner
Reg0112470,,,
Reg0112480,Kunstner/Billedkunst,,maler;litograf
Reg0112490,Forfatter/Digter,,digter
Reg0112500,Musiker/Scenekunst,,skuespillerinde
Reg0112510,Militær,,frivillig;sekondløjtnant
Reg0112520,,,
Reg0112530,,,
Reg0112540,Militær,,sekondløjtnant;livgarden;premierløjtnant
Reg0112550,Adel/Kongelig/Hof;Akademiker/Lærd;Handel/Erhverv,,student;forpagter;kammerjunker;hofjægermester
Reg0112560,,,
Reg0112570,,,
Reg0112580,,,
Reg0112590,,,
Reg0112600,,,
Reg0112610,,,
Reg0112620,,,
Reg0112630,,,
Reg0112640,,,
Reg0112650,,,
Reg0112660,,,
Reg0112670,,,
Reg0112680,Handel/Erhverv,,købmand
Reg0112690,,,
Reg0112700,,,
Reg0112710,Embedsmand/Jura/Politik,,konsul
Reg0112720,Handel/Erhverv;Musiker/Scenekunst,,skuespiller;direktør
Reg0112730,,,
Reg0112740,Akademiker/Lærd,,lærerinde
Reg0112750,Handel/Erhverv;Musiker/Scenekunst,,skuespiller;direktør
Reg0112760,Handel/Erhverv,,ejer
Reg0112770,Gejstlig,,sognepræst
Reg0112780,Handel/Erhverv,,apoteker
Reg0112790,Musiker/Scenekunst,,skuespillerinde;skuespiller
Reg0112800,Akademiker/Lærd,,litteraturhistoriker
Reg0112810,Akademiker/Lærd;Forfatter/Digter,,forfatter;adjunkt;overlærer;udgiver
Reg0112820,Handel/Erhverv,,hotelvært
Reg0112830,,,
Reg0112840,Forfatter/Digter,,forfatter
Reg0112850,Musiker/Scenekunst,,skuespillerinde
Reg0112860,,,
Reg0112870,Akademiker/Lærd,,professor;docent
Reg0112880,Handel/Erhverv,,grosserer
Reg0112890,Akademiker/Lærd,,professor
Reg0112900,Musiker/Scenekunst,,klavervirtuos;komponist
Reg0112910,,,
Reg0112920,Militær,,sekondløjtnant;artilleriet;generalmajor
Reg0112930,Embedsmand/Jura/Politik;Handel/Erhverv,,købmand;kommunalbestyrelse
Reg0112940,,,
Reg0112950,,,
Reg0112960,Akademiker/Lærd;Gejstlig,,student;sognepræst
Reg0112970,,,
Reg0112980,Musiker/Scenekunst,,skuespiller
Reg0112990,Musiker/Scenekunst,,skuespiller
Reg0113000,Musiker/Scenekunst,,balletdanserinde;skuespillerinde
Reg0113010,,,
Reg0113020,,,
Reg0113030,Kunstner/Billedkunst,,maler
Reg0113040,Kunstner/Billedkunst,,maler
Reg0113050,Musiker/Scenekunst,,komponist
Reg0113060,Forfatter/Digter,,digter
Reg0113070,Forfatter/Digter,,forfatterinde
Reg0113080,,,
Reg0113090,Militær;Musiker/Scenekunst,teater-musik.html,solodanserinde;oberst
Reg0113100,,,
Reg0113110,,,
Reg0113120,Militær,,sekondløjtnant;kavalleriet;premierløjtnant;ritmester;oberst
Reg0113130,Militær,,generalmajor
Reg0113140,Militær,,generalkrigskommissær
Reg0113150,Embedsmand/Jura/Politik,,vicekonsul
Reg0113160,,,
Reg0113170,Embedsmand/Jura/Politik,,konsul;vicekonsul
Reg0113180,,,
Reg0113190,Forfatter/Digter,,forfatterinde
Reg0113200,Kunstner/Billedkunst,billedkunst.html,maler
Reg0113210,Forfatter/Digter,,litterat;oversætter
Reg0113220,,,
Reg0113230,,,
Reg0113240,Handel/Erhverv,,proprietær
Reg0113250,,,
Reg0113260,,,
Reg0113270,Akademiker/Lærd;Embedsmand/Jura/Politik;Militær,,liniebataillon;overlæge;professor;etatsraad
Reg0113280,Gejstlig,,sognepræst;provst
Reg0113290,,,
Reg0113300,Akademiker/Lærd;Gejstlig,,student;sognepræst
Reg0113310,,,
Reg0113320,,,
Reg0113330,Embedsmand/Jura/Politik,,fuldmægtig
Reg0113340,,,
Reg0113350,Kunstner/Billedkunst,,fotograf
Reg0113360,,,
Reg0113370,Gejstlig,,sognepræst
Reg0113380,Musiker/Scenekunst,,operasangerinde
Reg0113390,,,
Reg0113400,,,
Reg0113410,,,
Reg0113420,,,
Reg0113430,,,
Reg0113440,Handel/Erhverv,,købmand
Reg0113450,,,
Reg0113460,,,
Reg0113470,Militær,,løjtnant;søetaten;kommandør
Reg0113480,,,
Reg0113490,,,
Reg0113500,Militær,,ritmester;regiment;oberstløjtnant
Reg0113510,Akademiker/Lærd;Handel/Erhverv;Militær,,professor;sekondløjtnant;ejer
Reg0113520,,,
Reg0113530,Embedsmand/Jura/Politik,,borgmester
Reg0113540,Militær,,kaptajn;infanteriet
Reg0113550,Embedsmand/Jura/Politik,,byfoged;etatsraad;konferensraad
Reg0113560,,,
Reg0113570,,,
Reg0113580,Akademiker/Lærd;Embedsmand/Jura/Politik,,fuldmægtig;lærer
Reg0113590,,,
Reg0113600,Musiker/Scenekunst,,operasanger
Reg0113610,Kunstner/Billedkunst,,maler
Reg0113620,Forfatter/Digter,,forfatter
Reg0113630,,,
Reg0113640,Akademiker/Lærd,,professor
Reg0113650,Gejstlig,,sognepræst
Reg0113660,Kunstner/Billedkunst,,fotograf
Reg0113670,Forfatter/Digter,,redaktør
Reg0113680,Musiker/Scenekunst,,operasangerinde
Reg0113690,Kunstner/Billedkunst,,maler;raderer;litograf
Reg0113700,,,
Reg0113710,,,
Reg0113720,Musiker/Scenekunst,,komponist
Reg0113730,Akademiker/Lærd,,professor
Reg0113740,Handel/Erhverv;Militær,,ritmester;godsejer
Reg0113750,,,
Reg0113760,,,
Reg0113770,Adel/Kongelig/Hof;Handel/Erhverv,,besidder;hofjægermester
Reg0113780,,,
Reg0113790,Adel/Kongelig/Hof;Akademiker/Lærd;Embedsmand/Jura/Politik;Handel/Erhverv,,student;besidder;amtmand;kammerherre
Reg0113800,Adel/Kongelig/Hof,,stiftsdame
Reg0113810,Adel/Kongelig/Hof,,stiftsdame;hofdame
Reg0113820,Handel/Erhverv,,bankier
Reg0113830,,,
Reg0113840,Embedsmand/Jura/Politik;Militær,,artilleriet;postmester;oberst
Reg0113850,Militær,,premierløjtnant;dragonregiment
Reg0113860,Militær,,premierløjtnant;oberst
Reg0113870,Akademiker/Lærd,,kunsthistoriker
Reg0113880,Militær,,kommandør;kontreadmiral
Reg0113890,Akademiker/Lærd;Militær,,regiment;stadslæge
Reg0113900,Embedsmand/Jura/Politik,,justitsraad
Reg0113910,,,
Reg0113920,,,
Reg0113930,,,
Reg0113940,,,
Reg0113950,,,
Reg0113960,Kunstner/Billedkunst,,arkitekt
Reg0113970,Handel/Erhverv,,hotelvært
Reg0113980,,,
Reg0113990,,,
Reg0114000,Akademiker/Lærd;Gejstlig,,guvernante;konventualinde
Reg0114010,Akademiker/Lærd;Handel/Erhverv,,professor;direktør
Reg0114020,,,
Reg0114030,,,
Reg0114040,,,
Reg0114050,Handel/Erhverv,,forpagter
Reg0114060,,,
Reg0114070,Musiker/Scenekunst,,pianistinde;komponist
Reg0114080,,,
Reg0114090,Musiker/Scenekunst,teater-musik.html,komponist
Reg0114100,Forfatter/Digter,,digter;oversætter
Reg0114110,,,
Reg0114120,,,
Reg0114130,Handel/Erhverv,,købmand
Reg0114140,,,
Reg0114150,,,
Reg0114160,Handel/Erhverv,,godsejer
Reg0114170,,,
Reg0114180,,,
Reg0114190,Kunstner/Billedkunst,billedkunst.html,billedhugger
Reg0114200,Forfatter/Digter,,forfatterinde
Reg0114210,Handel/Erhverv,,bankier
Reg0114220,,,
Reg0114230,Forfatter/Digter,,forfatterinde
Reg0114240,Handel/Erhverv,,boghandler;forlagsboghandler
Reg0114250,,,
Reg0114260,Embedsmand/Jura/Politik,,kontorchef;justitsraad;etatsraad
Reg0114270,,,
Reg0114280,,,
Reg0114290,Embedsmand/Jura/Politik,,statsmand;gesandt;udenrigsminister
Reg0114300,Embedsmand/Jura/Politik,,statsmand
Reg0114310,Kunstner/Billedkunst,,maler
Reg0114320,,,
Reg0114330,,,
Reg0114340,Kunstner/Billedkunst,,malerinde
Reg0114350,Embedsmand/Jura/Politik;Handel/Erhverv,,godsejer;stænderdeputeret
Reg0114360,,,
Reg0114370,,,
Reg0114380,,,
Reg0114390,,,
Reg0114400,,,
Reg0114410,Handel/Erhverv,,godsejer
Reg0114420,Embedsmand/Jura/Politik,,kancelliraad
Reg0114430,,,
Reg0114440,Akademiker/Lærd,,professor
Reg0114450,Kunstner/Billedkunst,,arkitekt
Reg0114460,Akademiker/Lærd;Handel/Erhverv;Musiker/Scenekunst,teater-musik.html,direktør;filolog;litteraturhistoriker
Reg0114470,,,
Reg0114480,Adel/Kongelig/Hof;Embedsmand/Jura/Politik,,herredsfoged;kammerjunker
Reg0114490,,,
Reg0114500,Militær,,adjudant
Reg0114510,Embedsmand/Jura/Politik,,etatsraad
Reg0114520,Handel/Erhverv,,forlagsboghandler
Reg0114530,Adel/Kongelig/Hof,,overhofmesterinde
Reg0114540,Embedsmand/Jura/Politik;Forfatter/Digter,,redaktør;politiker
Reg0114550,Militær,,kommandør;kontreadmiral
Reg0114560,,,
Reg0114570,,,
Reg0114580,Akademiker/Lærd,,læge
Reg0114590,Militær,,feltherre
Reg0114600,,,
Reg0114610,Forfatter/Digter,,digter
Reg0114620,Forfatter/Digter;Musiker/Scenekunst,teater-musik.html,skuespilforfatter
Reg0114630,Forfatter/Digter,,udgiver
Reg0114640,Gejstlig,,præst
Reg0114650,,,
Reg0114660,,,
Reg0114670,Embedsmand/Jura/Politik,,gesandt
Reg0114680,,,
Reg0114690,,,
Reg0114700,Musiker/Scenekunst,,skuespillerinde
Reg0114710,,,
Reg0114720,Musiker/Scenekunst,,skuespillerinde
Reg0114730,,,
Reg0114740,Musiker/Scenekunst,,skuespiller
Reg0114750,,,
Reg0114760,Musiker/Scenekunst,,operasanger
Reg0114770,,,
Reg0114780,Adel/Kongelig/Hof;Akademiker/Lærd;Handel/Erhverv,,godsejer;besidder;arkæolog;hofjægermester;kammerherre
Reg0114790,Militær,,sekondløjtnant;dragonregiment;ritmester
Reg0114800,Embedsmand/Jura/Politik,,statsmand
Reg0114810,Militær,,ritmester
Reg0114820,Adel/Kongelig/Hof;Embedsmand/Jura/Politik,,fuldmægtig;kammerjunker
Reg0114830,,,
Reg0114840,,,
Reg0114850,Forfatter/Digter,,digter
Reg0114860,,,
Reg0114870,Forfatter/Digter,bibliotek.html,digter
Reg0114880,Forfatter/Digter;Kunstner/Billedkunst,,malerinde;forfatterinde
Reg0114890,,,
Reg0114900,Handel/Erhverv,,godsejer
Reg0114910,Adel/Kongelig/Hof;Embedsmand/Jura/Politik,,gesandt;gehejmekonferensraad;kammerherre
Reg0114920,,,
Reg0114930,Akademiker/Lærd,,overlæge
Reg0114940,,,
Reg0114950,Handel/Erhverv,,købmand
Reg0114960,,,
Reg0114970,,,
Reg0114980,,,
Reg0114990,Musiker/Scenekunst,,skuespillerinde
Reg0115000,Adel/Kongelig/Hof,,kejser
Reg0115010,Handel/Erhverv,,direktør
Reg0115020,Akademiker/Lærd,,arkæolog
Reg0115030,Musiker/Scenekunst,,danserinde
Reg0115040,Militær,,løjtnant
Reg0115050,,,
Reg0115060,Handel/Erhverv,,besidder
Reg0115070,,,
Reg0115080,Musiker/Scenekunst,,skuespillerinde
Reg0115090,Adel/Kongelig/Hof,,hertug
Reg0115100,Forfatter/Digter;Musiker/Scenekunst,bibliotek.html;teater-musik.html,digter
Reg0115110,Akademiker/Lærd;Embedsmand/Jura/Politik,,læge;konsul
Reg0115120,Embedsmand/Jura/Politik;Musiker/Scenekunst,teater-musik.html,politiker
Reg0115130,Akademiker/Lærd,,professor
Reg0115140,Forfatter/Digter,,forfatter
Reg0115150,Kunstner/Billedkunst,,arkitekt
Reg0115160,Musiker/Scenekunst,teater-musik.html,komponist;organist
Reg0115170,Akademiker/Lærd,,professor
Reg0115180,,,
Reg0115190,Adel/Kongelig/Hof;Embedsmand/Jura/Politik,,kancellist;legationssekretær;kammerjunker
Reg0115200,Akademiker/Lærd,,student;overlærer
Reg0115210,Adel/Kongelig/Hof;Embedsmand/Jura/Politik,,ministerresident;gesandt;kammerherre
Reg0115220,Militær;Musiker/Scenekunst,,premierløjtnant;artilleriet;kaptajn;komponist
Reg0115230,Musiker/Scenekunst,,skuespillerinde
Reg0115240,,,
Reg0115250,,,
Reg0115260,Gejstlig,,sognepræst
Reg0115270,Gejstlig,,sognepræst
Reg0115280,,,
Reg0115290,,,
Reg0115300,Akademiker/Lærd,,professor
Reg0115310,Forfatter/Digter,,litterat;oversætter
Reg0115320,,,
Reg0115330,Akademiker/Lærd,,læge
Reg0115340,Akademiker/Lærd;Embedsmand/Jura/Politik;Militær,,student;sekondløjtnant;oberst;amtsforvalter
Reg0115350,Forfatter/Digter,,redaktør;forfatter
Reg0115360,Handel/Erhverv,,bankier
Reg0115370,,,
Reg0115380,,,
Reg0115390,,,
Reg0115400,Adel/Kongelig/Hof,,konge
Reg0115410,Kunstner/Billedkunst,billedkunst.html,billedhugger
Reg0115420,Handel/Erhverv,,godsejer
Reg0115430,,,
Reg0115440,,,
Reg0115450,Embedsmand/Jura/Politik,,diplomat
Reg0115460,,,
Reg0115470,Kunstner/Billedkunst,,maler
Reg0115480,Handel/Erhverv,,forlagsboghandler
Reg0115490,,,
Reg0115500,,,
Reg0115510,,,
Reg0115520,Akademiker/Lærd;Embedsmand/Jura/Politik;Handel/Erhverv;Militær,,student;kancellist;kaptajn;intendant
Reg0115530,,,
Reg0115540,,,
Reg0115550,,,
Reg0115560,,,
Reg0115570,,,
Reg0115580,Akademiker/Lærd;Kunstner/Billedkunst,billedkunst.html,billedhugger;professor
Reg0115590,Musiker/Scenekunst,,operasanger
Reg0115600,,,
Reg0115610,Musiker/Scenekunst,,kapelmusikus;violinist
Reg0115620,,,
Reg0115630,,,
Reg0115640,Embedsmand/Jura/Politik,,indenrigsminister
Reg0115650,Gejstlig,,konventualinde
Reg0115660,Embedsmand/Jura/Politik,,stiftamtmand
Reg0115670,Akademiker/Lærd,,professor
Reg0115680,Forfatter/Digter,,forfatter
Reg0115690,Forfatter/Digter,,digter
Reg0115700,Handel/Erhverv,,bankier
Reg0115710,,,
Reg0115720,,,
Reg0115730,Gejstlig,,pave
Reg0115740,,,
Reg0115750,,,
Reg0115760,,,
Reg0115770,Embedsmand/Jura/Politik,,politiker
Reg0115780,Handel/Erhverv,,ejer
Reg0115790,,,
Reg0115800,,,
Reg0115810,,,
Reg0115820,Kunstner/Billedkunst,,billedhugger
Reg0115830,Adel/Kongelig/Hof,,konge
Reg0115840,Adel/Kongelig/Hof,,dronning
Reg0115850,Adel/Kongelig/Hof,,konge
Reg0115860,,,
Reg0115870,,,
Reg0115880,,,
Reg0115890,Kunstner/Billedkunst,,maler
Reg0115900,Forfatter/Digter,,forfatter
Reg0115910,,,
Reg0115920,Akademiker/Lærd,,lærerinde
Reg0115930,,,
Reg0115940,Akademiker/Lærd;Embedsmand/Jura/Politik,,student;departementschef
Reg0115950,,,
Reg0115960,,,
Reg0115970,,,
Reg0115980,,,
Reg0115990,Embedsmand/Jura/Politik,,postmester;justitsraad
Reg0116000,Embedsmand/Jura/Politik,,borgmester;gesandt
Reg0116010,Embedsmand/Jura/Politik,,etatsraad;konferensraad
Reg0116020,Handel/Erhverv,,bankier
Reg0116030,,,
Reg0116040,Musiker/Scenekunst,,skuespiller
Reg0116050,Musiker/Scenekunst,,skuespillerinde
Reg0116060,Adel/Kongelig/Hof;Embedsmand/Jura/Politik;Handel/Erhverv,,lensgreve;forpagter;justitsraad
Reg0116070,Gejstlig;Militær,,sekondløjtnant;sognepræst
Reg0116080,,,
Reg0116090,Adel/Kongelig/Hof;Militær,,kammerherre;kommandør
Reg0116100,,,
Reg0116110,,,
Reg0116120,Militær,,søofficer
Reg0116130,Akademiker/Lærd;Forfatter/Digter,,læge;forfatter
Reg0116140,Gejstlig,,kapellan;sognepræst
Reg0116150,,,
Reg0116160,Akademiker/Lærd,,læge
Reg0116170,,,
Reg0116180,Handel/Erhverv,,købmand
Reg0116190,Akademiker/Lærd,,adjunkt;overlærer;professor
Reg0116200,Musiker/Scenekunst,,skuespillerinde
Reg0116210,,,
Reg0116220,Forfatter/Digter,,forfatter
Reg0116230,Handel/Erhverv,,godsejer
Reg0116240,Embedsmand/Jura/Politik,,konsul
Reg0116250,,,
Reg0116260,Akademiker/Lærd,,docent;professor
Reg0116270,Forfatter/Digter,,forfatter
Reg0116280,,,
Reg0116290,,,
Reg0116300,Akademiker/Lærd,,adjunkt
Reg0116310,Kunstner/Billedkunst,,maler
Reg0116320,,,
Reg0116330,Forfatter/Digter,,redaktør
Reg0116340,Akademiker/Lærd;Kunstner/Billedkunst,billedkunst.html,maler;professor
Reg0116350,Akademiker/Lærd,,filosof
Reg0116360,,,
Reg0116370,,,
Reg0116380,Kunstner/Billedkunst,,billedhugger
Reg0116390,Akademiker/Lærd;Forfatter/Digter,,student;oversætter
Reg0116400,Handel/Erhverv,,boghandler
Reg0116410,,,
Reg0116420,,,
Reg0116430,Militær,,kaptajn
Reg0116440,,,
Reg0116450,Akademiker/Lærd;Handel/Erhverv,,student;ejer
Reg0116460,Militær,,premierløjtnant;søetaten;kaptajnløjtnant;kaptajn;kommandør;admiral
Reg0116470,,,
Reg0116480,,,
Reg0116490,,,
Reg0116500,,,
Reg0116510,Embedsmand/Jura/Politik;Handel/Erhverv,,grosserer;vicekonsul
Reg0116520,Gejstlig,,konventualinde
Reg0116530,Musiker/Scenekunst,,operasangerinde
Reg0116540,,,
Reg0116550,,,
Reg0116560,Kunstner/Billedkunst,billedkunst.html,maler
Reg0116570,,,
Reg0116580,,,
Reg0116590,,,
Reg0116600,Adel/Kongelig/Hof;Embedsmand/Jura/Politik,,gesandt;minister;friherre
Reg0116610,Forfatter/Digter;Musiker/Scenekunst,teater-musik.html,forfatter
Reg0116620,,,
Reg0116630,Embedsmand/Jura/Politik,,gesandt
Reg0116640,,,
Reg0116650,,,
Reg0116660,,,
Reg0116670,,,
Reg0116680,Forfatter/Digter,,skuespilforfatter
Reg0116690,Akademiker/Lærd;Forfatter/Digter,,digter;historiker
Reg0116700,Forfatter/Digter,,forfatter
Reg0116710,Embedsmand/Jura/Politik,,gesandt
Reg0116720,,,
Reg0116730,,,
Reg0116740,Kunstner/Billedkunst,billedkunst.html,maler
Reg0116750,,,
Reg0116760,Kunstner/Billedkunst,billedkunst.html,billedhugger
Reg0116770,Adel/Kongelig/Hof,,konge
Reg0116780,Adel/Kongelig/Hof,,konge
Reg0116790,,,
Reg0116800,Adel/Kongelig/Hof,,konge
Reg0116810,Adel/Kongelig/Hof,,konge
Reg0116820,Adel/Kongelig/Hof,,konge
Reg0116830,Adel/Kongelig/Hof,,konge
Reg0116840,Adel/Kongelig/Hof,,konge
Reg0116850,Adel/Kongelig/Hof,,konge
Reg0116860,Adel/Kongelig/Hof,,dronning
Reg0116870,Adel/Kongelig/Hof,,dronning;konge
Reg0116880,,,
Reg0116890,Militær,,frivillig;sekondløjtnant
Reg0116900,Militær,,underløjtnant
Reg0116910,Adel/Kongelig/Hof,,dronning;friherre
Reg0116920,,,
Reg0116930,,,
Reg0116940,Kunstner/Billedkunst,,litograf
Reg0116950,,,
Reg0116960,,,
Reg0116970,Kunstner/Billedkunst,billedkunst.html,
Reg0116980,Militær,,oberst
Reg0116990,,,
Reg0117000,,,
Reg0117010,Musiker/Scenekunst,,operasangerinde
Reg0117020,Musiker/Scenekunst,,operasanger
Reg0117030,,,
Reg0117040,Musiker/Scenekunst,teater-musik.html,komponist;violinvirtuos
Reg0117050,,,
Reg0117060,Adel/Kongelig/Hof;Handel/Erhverv,,direktør;kammerherre;gehejmekonferensraad
Reg0117070,Musiker/Scenekunst,,operakomponist
Reg0117080,,,
Reg0117090,,,
Reg0117100,Adel/Kongelig/Hof,,kammerjunker
Reg0117110,Embedsmand/Jura/Politik,,assessor
Reg0117120,,,
Reg0117130,Embedsmand/Jura/Politik,,vicekonsul
Reg0117140,Embedsmand/Jura/Politik,,vicekonsul
Reg0117150,,,
Reg0117160,,,
Reg0117170,,,
Reg0117180,Gejstlig,,sognepræst
Reg0117190,Gejstlig,,sognepræst
Reg0117200,Handel/Erhverv,,apoteker
Reg0117210,Adel/Kongelig/Hof;Embedsmand/Jura/Politik;Militær,,oberst;postmester;kammerherre
Reg0117220,Adel/Kongelig/Hof;Embedsmand/Jura/Politik,,toldforvalter;kammerjunker;kammerherre
Reg0117230,Akademiker/Lærd;Militær,,oberst;litteraturhistoriker
Reg0117240,,,
Reg0117250,,,
Reg0117260,,,
Reg0117270,,,
Reg0117280,Forfatter/Digter,,forfatterinde
Reg0117290,,,
Reg0117300,Embedsmand/Jura/Politik,,statsmand;guvernør;indenrigsminister
Reg0117310,Forfatter/Digter,,forfatterinde
Reg0117320,,,
Reg0117330,,,
Reg0117340,Adel/Kongelig/Hof,,hofdame
Reg0117350,,,
Reg0117360,Militær,,generalmajor
Reg0117370,Militær,,kaptajn
Reg0117380,,,
Reg0117390,Musiker/Scenekunst,,skuespiller
Reg0117400,,,
Reg0117410,Militær,,oberst;generalmajor
Reg0117420,Forfatter/Digter,,digter
Reg0117430,,,
Reg0117440,,,
Reg0117450,Akademiker/Lærd;Forfatter/Digter,,forfatter;kunsthistoriker
Reg0117460,Forfatter/Digter,,forfatterinde
Reg0117470,,,
Reg0117480,,,
Reg0117490,,,
Reg0117500,,,
Reg0117510,,,
Reg0117520,Kunstner/Billedkunst,,arkitekt
Reg0117530,,,
Reg0117540,,,
Reg0117550,Adel/Kongelig/Hof;Militær,,kaptajn;kammerjunker
Reg0117560,Handel/Erhverv,,ejer
Reg0117570,,,
Reg0117580,,,
Reg0117590,Handel/Erhverv,,besidder
Reg0117600,Handel/Erhverv,,forpagter;besidder
Reg0117610,Akademiker/Lærd;Handel/Erhverv,,student;forpagter;besidder
Reg0117620,,,
Reg0117630,,,
Reg0117640,,,
Reg0117650,,,
Reg0117660,,,
Reg0117670,,,
Reg0117680,Forfatter/Digter,,forfatterinde
Reg0117690,Kunstner/Billedkunst,,marinemaler
Reg0117700,,,
Reg0117710,,,
Reg0117720,,,
Reg0117730,,,
Reg0117740,,,
Reg0117750,,,
Reg0117760,,,
Reg0117770,,,
Reg0117780,Forfatter/Digter,,oversætterinde
Reg0117790,Musiker/Scenekunst,,operasanger
Reg0117800,Embedsmand/Jura/Politik,,ministerresident;gesandt
Reg0117810,Akademiker/Lærd,,professor
Reg0117820,Musiker/Scenekunst,,operasanger;komponist
Reg0117830,,,
Reg0117840,,,
Reg0117850,Akademiker/Lærd,,student
Reg0117860,,,
Reg0117870,,,
Reg0117880,Gejstlig,,sognepræst
Reg0117890,,,
Reg0117900,Embedsmand/Jura/Politik,,prokurator;overretssagfører;folketingsmand
Reg0117910,Militær,,sekondløjtnant;premierløjtnant
Reg0117920,,,
Reg0117930,Akademiker/Lærd;Embedsmand/Jura/Politik,,lektor;professor;etatsraad
Reg0117940,,,
Reg0117950,,,
Reg0117960,Akademiker/Lærd,,filosof;professor
Reg0117970,Akademiker/Lærd,,filosof;professor
Reg0117980,Akademiker/Lærd,,overlærer
Reg0117990,Akademiker/Lærd,,lærer;professor
Reg0118000,,,
Reg0118010,Handel/Erhverv,,købmand
Reg0118020,,,
Reg0118030,Akademiker/Lærd,,professor
Reg0118040,Kunstner/Billedkunst,billedkunst.html,billedhugger
Reg0118050,Embedsmand/Jura/Politik,,justitsraad
Reg0118060,,,
Reg0118070,Akademiker/Lærd;Forfatter/Digter,,læge;filosof;digter
Reg0118080,Akademiker/Lærd;Kunstner/Billedkunst,billedkunst.html,maler;lærer
Reg0118090,Militær,,kaptajn;oberstløjtnant;oberst;generalmajor;generalløjtnant;general
Reg0118100,Adel/Kongelig/Hof;Akademiker/Lærd;Handel/Erhverv;Militær,,student;sekondløjtnant;premierløjtnant;ritmester;oberstløjtnant;godsejer;kammerherre
Reg0118110,,,
Reg0118120,,,
Reg0118130,Kunstner/Billedkunst,,maler
Reg0118140,,,
Reg0118150,,,
Reg0118160,,,
Reg0118170,Adel/Kongelig/Hof,,dronning
Reg0118180,,,
Reg0118190,Adel/Kongelig/Hof,,kammerherre
Reg0118200,,,
Reg0118210,Embedsmand/Jura/Politik,,borgmester;stænderdeputeret
Reg0118220,Musiker/Scenekunst,,operasangerinde
Reg0118230,Militær,,kommandørkaptajn;viceadmiral
Reg0118240,,,
Reg0118250,Akademiker/Lærd,,lektor;professor
Reg0118260,Forfatter/Digter,bibliotek.html,
Reg0118270,Akademiker/Lærd;Embedsmand/Jura/Politik,,student;student;departementschef;student
Reg0118280,Embedsmand/Jura/Politik,,departementschef;etatsraad
Reg0118290,Forfatter/Digter,,digter
Reg0118300,,,
Reg0118310,Adel/Kongelig/Hof,,hofdame
Reg0118320,Adel/Kongelig/Hof,,hofdame;prinsesse
Reg0118330,Musiker/Scenekunst,,skuespillerinde
Reg0118340,,,
Reg0118350,Kunstner/Billedkunst,billedkunst.html,portrætmaler
Reg0118360,Forfatter/Digter,,forfatterinde
Reg0118370,,,
Reg0118380,,,
Reg0118390,,,
Reg0118400,Embedsmand/Jura/Politik,,udenrigsminister
Reg0118410,Adel/Kongelig/Hof,,friherre
Reg0118420,,,
Reg0118430,Militær,,underløjtnant
Reg0118440,Musiker/Scenekunst,,skuespiller
Reg0118450,Kunstner/Billedkunst,billedkunst.html,historiemaler
Reg0118460,Akademiker/Lærd,,filosof;professor
Reg0118470,Akademiker/Lærd,,filosof
Reg0118480,Musiker/Scenekunst,,balletdanserinde
Reg0118490,,,
Reg0118500,Musiker/Scenekunst,,skuespiller;teaterdirektør
Reg0118510,Forfatter/Digter,,forfatterinde
Reg0118520,Forfatter/Digter,,forfatterinde
Reg0118530,,,
Reg0118540,,,
Reg0118550,Militær,,premierløjtnant;kaptajn
Reg0118560,,,
Reg0118570,Militær,,officer
Reg0118580,,,
Reg0118590,Militær,,premierløjtnant
Reg0118600,Forfatter/Digter,,digter
Reg0118610,Akademiker/Lærd,,arkæolog;professor
Reg0118620,Embedsmand/Jura/Politik,,fuldmægtig
Reg0118630,Akademiker/Lærd,,lærerinde
Reg0118640,Musiker/Scenekunst,,operasangerinde
Reg0118650,Handel/Erhverv,,proprietær;ejer
Reg0118660,,,
Reg0118670,Adel/Kongelig/Hof,,prins
Reg0118680,Adel/Kongelig/Hof,,hertug
Reg0118690,Adel/Kongelig/Hof,,dronning
Reg0118700,Adel/Kongelig/Hof,,hertug
Reg0118710,Adel/Kongelig/Hof,,konge
Reg0118720,Adel/Kongelig/Hof,,prins;konge
Reg0118730,Adel/Kongelig/Hof,,konge
Reg0118740,Adel/Kongelig/Hof,,hertug
Reg0118750,Adel/Kongelig/Hof,,prins;hertug
Reg0118760,Adel/Kongelig/Hof,,prins;dronning
Reg0118770,Adel/Kongelig/Hof,,dronning
Reg0118780,Adel/Kongelig/Hof,,prins
Reg0118790,Embedsmand/Jura/Politik;Militær,,postmester;kaptajn
Reg0118800,Kunstner/Billedkunst,billedkunst.html,maler
Reg0118810,,,
Reg0118820,,,
Reg0118830,,,
Reg0118840,Forfatter/Digter;Kunstner/Billedkunst,bibliotek.html;billedkunst.html,
Reg0118850,Forfatter/Digter;Kunstner/Billedkunst,bibliotek.html;billedkunst.html,
Reg0118860,,,
Reg0118870,Embedsmand/Jura/Politik,,legationssekretær
Reg0118880,,,
Reg0118890,Musiker/Scenekunst,,balletdanser
Reg0118900,Kunstner/Billedkunst,,billedhugger
Reg0118910,,,
Reg0118920,Musiker/Scenekunst,,skuespillerinde
Reg0118930,,,
Reg0118940,Musiker/Scenekunst,,operasanger
Reg0118950,Handel/Erhverv,,købmand
Reg0118960,,,
Reg0118970,Militær,,oberst
Reg0118980,,,
Reg0118990,Akademiker/Lærd,,guvernante
Reg0119000,,,
Reg0119010,Musiker/Scenekunst,,komponist
Reg0119020,Forfatter/Digter,,digter;oversætter
Reg0119030,,,
Reg0119040,Musiker/Scenekunst,,operasangerinde
Reg0119050,Musiker/Scenekunst,,skuespiller
Reg0119060,,,
Reg0119070,Militær,,oberst;kommandant;generalmajor
Reg0119080,,,
Reg0119090,,,
Reg0119100,Kunstner/Billedkunst,billedkunst.html,maler
Reg0119110,,,
Reg0119120,,,
Reg0119130,Akademiker/Lærd,,adjunkt;overlærer
Reg0119140,,,
Reg0119150,,,
Reg0119160,Forfatter/Digter,,digter
Reg0119170,,,
Reg0119180,,,
Reg0119190,,,
Reg0119200,,,
Reg0119210,,,
Reg0119220,,,
Reg0119230,Akademiker/Lærd,,professor
Reg0119240,Forfatter/Digter,,litterat
Reg0119250,Forfatter/Digter,,forfatter;journalist
Reg0119260,Embedsmand/Jura/Politik,,minister
Reg0119270,,,
Reg0119280,,,
Reg0119290,,,
Reg0119300,Kunstner/Billedkunst,billedkunst.html,billedhugger
Reg0119310,Embedsmand/Jura/Politik,,advokat
Reg0119320,,,
Reg0119330,Forfatter/Digter,,romanforfatter
Reg0119340,,,
Reg0119350,Militær,,kontreadmiral;viceadmiral
Reg0119360,Militær,,premierløjtnant;søetaten;kaptajnløjtnant;kommandørkaptajn
Reg0119370,,,
Reg0119380,Militær,,kaptajn;søetaten
Reg0119390,Forfatter/Digter,,forfatterinde
Reg0119400,,,
Reg0119410,Akademiker/Lærd,,historiker
Reg0119420,,,
Reg0119430,,,
Reg0119440,Handel/Erhverv,,ejer
Reg0119450,Handel/Erhverv,,godsejer;direktør
Reg0119460,Handel/Erhverv,,købmand;agent
Reg0119470,Embedsmand/Jura/Politik;Handel/Erhverv,,grosserer;etatsraad
Reg0119480,Adel/Kongelig/Hof,,hofjægermester;hofjægermester
Reg0119490,Akademiker/Lærd,,filolog;docent;professor
Reg0119500,,,
Reg0119510,Adel/Kongelig/Hof,,dronning;hertug
Reg0119520,Adel/Kongelig/Hof,,prins
Reg0119530,,,
Reg0119540,Adel/Kongelig/Hof;Forfatter/Digter,,greve;publicist
Reg0119550,Handel/Erhverv,,gæstgiver
Reg0119560,Akademiker/Lærd;Handel/Erhverv,,professor;direktør
Reg0119570,,,
Reg0119580,,,
Reg0119590,,,
Reg0119600,Akademiker/Lærd;Forfatter/Digter,,rektor;redaktør
Reg0119610,,,
Reg0119620,,,
Reg0119630,Akademiker/Lærd;Musiker/Scenekunst,,violinist;professor
Reg0119640,Akademiker/Lærd;Musiker/Scenekunst,teater-musik.html,student;læge
Reg0119650,,,
Reg0119660,,,
Reg0119670,Akademiker/Lærd,,student
Reg0119680,Handel/Erhverv,,gæstgiver
Reg0119690,Adel/Kongelig/Hof;Militær,,hertug;generalløjtnant
Reg0119700,,,
Reg0119710,,,
Reg0119720,Adel/Kongelig/Hof,,dronning
Reg0119730,Adel/Kongelig/Hof,,dronning
Reg0119740,,,
Reg0119750,Adel/Kongelig/Hof,,konge
Reg0119760,,,
Reg0119770,Adel/Kongelig/Hof,,konge
Reg0119780,Adel/Kongelig/Hof,,konge
Reg0119790,Adel/Kongelig/Hof,,konge
Reg0119800,Adel/Kongelig/Hof,,konge
Reg0119810,Musiker/Scenekunst,,komponist
Reg0119820,Adel/Kongelig/Hof,,konge
Reg0119830,,,
Reg0119840,Adel/Kongelig/Hof,,konge
Reg0119850,Adel/Kongelig/Hof,,konge
Reg0119860,Adel/Kongelig/Hof,,dronning
Reg0119870,Adel/Kongelig/Hof,,hertug;konge
Reg0119880,Adel/Kongelig/Hof,,konge
Reg0119890,Adel/Kongelig/Hof,,konge
Reg0119900,Adel/Kongelig/Hof,,konge
Reg0119910,Adel/Kongelig/Hof,,konge
Reg0119920,Adel/Kongelig/Hof,,konge
Reg0119930,,,
Reg0119940,,,
Reg0119950,,,
Reg0119960,,,
Reg0119970,,,
Reg0119980,,,
Reg0119990,Adel/Kongelig/Hof,,hertug
Reg0120000,Adel/Kongelig/Hof,,konge
Reg0120010,Adel/Kongelig/Hof,,konge
Reg0120020,,,
Reg0120030,,,
Reg0120040,Adel/Kongelig/Hof,,konge
Reg0120050,Adel/Kongelig/Hof,,konge
Reg0120060,,,
Reg0120070,Adel/Kongelig/Hof,,dronning
Reg0120080,Adel/Kongelig/Hof,,dronning
Reg0120090,Adel/Kongelig/Hof,,konge
Reg0120100,,,
Reg0120110,Handel/Erhverv,,ejer
Reg0120120,,,
Reg0120130,,,
Reg0120140,Akademiker/Lærd;Gejstlig,,adjunkt;sognepræst;provst;sognepræst;provst;stiftsprovst;biskop
Reg0120150,,,
Reg0120160,,,
Reg0120170,Embedsmand/Jura/Politik,,borgmester
Reg0120180,Musiker/Scenekunst,teater-musik.html,
Reg0120190,Militær,,oberst
Reg0120200,,,
Reg0120210,Akademiker/Lærd,,guvernante
Reg0120220,Gejstlig,,pave
Reg0120230,,,
Reg0120240,,,
Reg0120250,Gejstlig,,sognepræst
Reg0120260,,,
Reg0120270,Embedsmand/Jura/Politik,,gesandtskab;gesandt
Reg0120280,,,
Reg0120290,,,
Reg0120300,Embedsmand/Jura/Politik;Forfatter/Digter,,statsmand;forfatter
Reg0120310,,,
Reg0120320,Akademiker/Lærd;Forfatter/Digter,bibliotek.html,oversætterinde;professor
Reg0120330,Akademiker/Lærd;Forfatter/Digter,,læge;digter
Reg0120340,Akademiker/Lærd,,docent;professor
Reg0120350,,,
Reg0120360,Kunstner/Billedkunst,billedkunst.html,maler
Reg0120370,,,
Reg0120380,,,
Reg0120390,Forfatter/Digter,,journalist
Reg0120400,Akademiker/Lærd,,student
Reg0120410,Musiker/Scenekunst,,skuespillerinde
Reg0120420,Embedsmand/Jura/Politik;Forfatter/Digter,,kontorchef;forfatter
Reg0120430,,,
Reg0120440,,,
Reg0120450,,,
Reg0120460,Embedsmand/Jura/Politik,,fuldmægtig
Reg0120470,Akademiker/Lærd,,student
Reg0120480,,,
Reg0120490,Musiker/Scenekunst,,skuespillerinde
Reg0120500,,,
Reg0120510,Forfatter/Digter,,forfatterinde
Reg0120520,,,
Reg0120530,,,
Reg0120540,Musiker/Scenekunst,,skuespillerinde
Reg0120550,Akademiker/Lærd;Kunstner/Billedkunst,,marinemaler;professor
Reg0120560,Forfatter/Digter,bibliotek.html,redaktør
Reg0120570,Forfatter/Digter;Militær,,premierløjtnant;infanteriet;kaptajn;forfatter
Reg0120580,Forfatter/Digter,bibliotek.html,
Reg0120590,Musiker/Scenekunst,,skuespiller
Reg0120600,Akademiker/Lærd,,student
Reg0120610,Gejstlig,,sognepræst
Reg0120620,,,
Reg0120630,Forfatter/Digter;Gejstlig;Musiker/Scenekunst,teater-musik.html,sognepræst;digter
Reg0120640,Akademiker/Lærd,,historiker
Reg0120650,Musiker/Scenekunst,,operasangerinde
Reg0120660,Musiker/Scenekunst,,balletdanserinde
Reg0120670,Musiker/Scenekunst,,balletdanser;balletmester
Reg0120680,Akademiker/Lærd,,filosof;historiker;litteraturhistoriker
Reg0120690,,,
Reg0120700,Embedsmand/Jura/Politik,,gesandt
Reg0120710,Embedsmand/Jura/Politik,,udenrigsminister
Reg0120720,Musiker/Scenekunst,,skuespiller
Reg0120730,,,
Reg0120740,Musiker/Scenekunst,,operasanger
Reg0120750,,,
Reg0120760,Forfatter/Digter,,digter
Reg0120770,Embedsmand/Jura/Politik;Handel/Erhverv,,godsejer;politiker;besidder;landstingsmand;etatsraad
Reg0120780,,,
Reg0120790,Embedsmand/Jura/Politik,,justitiarius;justitsraad;konferensraad
Reg0120800,Embedsmand/Jura/Politik,,folketingsmand;justitsraad
Reg0120810,,,
Reg0120820,,,
Reg0120830,,,
Reg0120840,,,
Reg0120850,Handel/Erhverv,,købmand;ejer
Reg0120860,Gejstlig,,sognepræst
Reg0120870,Adel/Kongelig/Hof,,grevinde;hofdame
Reg0120880,Militær,,officer;oberstløjtnant;generalmajor;general
Reg0120890,Forfatter/Digter,,digter;skuespilforfatter
Reg0120900,,,
Reg0120910,Forfatter/Digter,,journalist;forfatter
Reg0120920,Musiker/Scenekunst,,balletdanserinde
Reg0120930,,,
Reg0120940,Forfatter/Digter,,forfatterinde
Reg0120950,Musiker/Scenekunst,teater-musik.html,violinvirtuos;komponist
Reg0120960,Forfatter/Digter,,digter
Reg0120970,,,
Reg0120980,Adel/Kongelig/Hof;Embedsmand/Jura/Politik,,diplomat;kammerherre
Reg0120990,Embedsmand/Jura/Politik,,etatsraad
Reg0121000,Musiker/Scenekunst,teater-musik.html,operakomponist
Reg0121010,Gejstlig,,biskop
Reg0121020,Adel/Kongelig/Hof,,baron
Reg0121030,Embedsmand/Jura/Politik,,gesandtskab
Reg0121040,Akademiker/Lærd,,læge
Reg0121050,,,
Reg0121060,Forfatter/Digter,,digter;oversætter
Reg0121070,,,
Reg0121080,,,
Reg0121090,Forfatter/Digter,,oversætterinde;forfatter
Reg0121100,,,
Reg0121110,Akademiker/Lærd;Forfatter/Digter,bibliotek.html,bibliotekar;historiker
Reg0121120,Forfatter/Digter;Gejstlig,bibliotek.html,digter;biskop
Reg0121130,Militær,,løjtnant;kaptajn;oberst
Reg0121140,Handel/Erhverv;Militær,,søetaten;ejer
Reg0121150,,,
Reg0121160,Militær,,oberstløjtnant
Reg0121170,Musiker/Scenekunst,,pianist;komponist
Reg0121180,,,
Reg0121190,,,
Reg0121200,,,
Reg0121210,Kunstner/Billedkunst,,maler
Reg0121220,,,
Reg0121230,Embedsmand/Jura/Politik,,diplomat;ministerresident
Reg0121240,,,
Reg0121250,,,
Reg0121260,,,
Reg0121270,,,
Reg0121280,Adel/Kongelig/Hof;Embedsmand/Jura/Politik;Handel/Erhverv,,godsejer;etatsraad;konferensraad;gehejmekonferensraad
Reg0121290,,,
Reg0121300,,,
Reg0121310,Embedsmand/Jura/Politik,,generalkonsul
Reg0121320,,,
Reg0121330,Embedsmand/Jura/Politik;Militær,,frivillig;sekondløjtnant;premierløjtnant;kaptajn;postmester
Reg0121340,,,
Reg0121350,Embedsmand/Jura/Politik,,kancellist;fuldmægtig;toldforvalter
Reg0121360,Embedsmand/Jura/Politik,,assessor;justitsraad;stiftamtmand
Reg0121370,Gejstlig,,stiftsprovst;biskop
Reg0121380,,,
Reg0121390,Akademiker/Lærd;Forfatter/Digter,,adjunkt;litterat
Reg0121400,Forfatter/Digter,bibliotek.html,romanforfatter
Reg0121410,Musiker/Scenekunst,,klavervirtuos;komponist
Reg0121420,Kunstner/Billedkunst,,maler
Reg0121430,Akademiker/Lærd,,professor
Reg0121440,,,
Reg0121450,Militær;Musiker/Scenekunst,,skuespillerinde;sekondløjtnant
Reg0121460,Embedsmand/Jura/Politik,,justitsraad
Reg0121470,,,
Reg0121480,Embedsmand/Jura/Politik,,statsmand
Reg0121490,Adel/Kongelig/Hof,,konge;konge
Reg0121500,,,
Reg0121510,Forfatter/Digter,,digter
Reg0121520,,,
Reg0121530,Forfatter/Digter,,litterat;redaktør
Reg0121540,,,
Reg0121550,,,
Reg0121560,Militær,,generalmajor
Reg0121570,Gejstlig,,sognepræst
Reg0121580,Embedsmand/Jura/Politik,,kontorchef;justitsraad;etatsraad
Reg0121590,,,
Reg0121600,,,
Reg0121610,,,
Reg0121620,Embedsmand/Jura/Politik;Militær,,auditør;assessor
Reg0121630,Handel/Erhverv,,bogtrykker
Reg0121640,Embedsmand/Jura/Politik,,herredsfoged
Reg0121650,Akademiker/Lærd;Embedsmand/Jura/Politik;Forfatter/Digter;Handel/Erhverv;Musiker/Scenekunst,bibliotek.html;teater-musik.html,forfatter;inspektør;direktør;bibliotekar;professor;justitsraad;etatsraad
Reg0121660,,,
Reg0121670,Embedsmand/Jura/Politik,,legationssekretær
Reg0121680,Forfatter/Digter;Handel/Erhverv,,forfatter;direktør
Reg0121690,,,
Reg0121700,Akademiker/Lærd,,filolog;arkæolog;professor
Reg0121710,Forfatter/Digter;Gejstlig,,sognepræst;forfatter
Reg0121720,Akademiker/Lærd,,læge
Reg0121730,Gejstlig,,theolog;biskop
Reg0121740,Adel/Kongelig/Hof,,selskabsdame
Reg0121750,,,
Reg0121760,,,
Reg0121770,Akademiker/Lærd;Embedsmand/Jura/Politik,,arkæolog;justitsraad;etatsraad;konferensraad
Reg0121780,Akademiker/Lærd,,lærer
Reg0121790,Forfatter/Digter;Handel/Erhverv,,boghandler;udgiver;forpagter
Reg0121800,Adel/Kongelig/Hof;Musiker/Scenekunst,,skuespillerinde;kammerherre
Reg0121810,Embedsmand/Jura/Politik;Forfatter/Digter,,kancellist;fuldmægtig;legationsraad;politiker;digter
Reg0121820,Militær,,kommandør
Reg0121830,Adel/Kongelig/Hof;Akademiker/Lærd,,professor;gehejmekonferensraad
Reg0121840,Embedsmand/Jura/Politik,,etatsraad
Reg0121850,Embedsmand/Jura/Politik;Forfatter/Digter,,redaktør;udgiver;postmester;politiker
Reg0121860,Musiker/Scenekunst,,skuespillerinde
Reg0121870,Akademiker/Lærd,,docent;professor
Reg0121880,Forfatter/Digter,,digter
Reg0121890,,,
Reg0121900,,,
Reg0121910,,,
Reg0121920,,,
Reg0121930,Musiker/Scenekunst,,skuespillerinde
Reg0121940,,,
Reg0121950,Musiker/Scenekunst,,danserinde
Reg0121960,,,
Reg0121970,Musiker/Scenekunst,,skuespiller
Reg0121980,Kunstner/Billedkunst,,landskabsmaler
Reg0121990,Forfatter/Digter,,forfatterinde
Reg0122000,,,
Reg0122010,Forfatter/Digter;Handel/Erhverv,bibliotek.html,forlægger
Reg0122020,Akademiker/Lærd;Forfatter/Digter,,overlæge;skuespilforfatter;professor
Reg0122030,,,
Reg0122040,,,
Reg0122050,,,
Reg0122060,,,
Reg0122070,,,
Reg0122080,Akademiker/Lærd,,student;bibliotekar;filolog
Reg0122090,Kunstner/Billedkunst,billedkunst.html,billedhugger
Reg0122100,Militær,,løjtnant;generalmajor
Reg0122110,Handel/Erhverv,,besidder
Reg0122120,,,
Reg0122130,,,
Reg0122140,Akademiker/Lærd,,student
Reg0122150,Militær,,oberst
Reg0122160,Militær,,sekondløjtnant;regiment;kaptajn;oberstløjtnant
Reg0122170,,,
Reg0122180,,,
Reg0122190,Militær,,premierløjtnant;søetaten;kommandør
Reg0122200,Adel/Kongelig/Hof,,stiftsdame
Reg0122210,Handel/Erhverv,,godsejer
Reg0122220,,,
Reg0122230,,,
Reg0122240,Akademiker/Lærd;Embedsmand/Jura/Politik,,overlæge;etatsraad
Reg0122250,,,
Reg0122260,,,
Reg0122270,,,
Reg0122280,,,
Reg0122290,,,
Reg0122300,Kunstner/Billedkunst,,arkitekt
Reg0122310,,,
Reg0122320,,,
Reg0122330,,,
Reg0122340,,,
Reg0122350,,,
Reg0122360,Akademiker/Lærd,,ingeniør
Reg0122370,,,
Reg0122380,Embedsmand/Jura/Politik;Handel/Erhverv,,stiftamtmand;godsejer
Reg0122390,Adel/Kongelig/Hof;Embedsmand/Jura/Politik;Handel/Erhverv,,godsejer;hofjægermester;landstingsmand;kammerherre
Reg0122400,Kunstner/Billedkunst,,marinemaler
Reg0122410,Kunstner/Billedkunst,billedkunst.html,maler
Reg0122420,Adel/Kongelig/Hof,,kejser
Reg0122430,Musiker/Scenekunst,,operasanger
Reg0122440,Embedsmand/Jura/Politik,,konsul
Reg0122450,,,
Reg0122460,Kunstner/Billedkunst,billedkunst.html,
Reg0122470,Kunstner/Billedkunst,billedkunst.html,maler
Reg0122480,,,
Reg0122490,,,
Reg0122500,,,
Reg0122510,,,
Reg0122520,Kunstner/Billedkunst,,billedhugger
Reg0122530,,,
Reg0122540,Forfatter/Digter;Musiker/Scenekunst,bibliotek.html;teater-musik.html,digter
Reg0122550,,,
Reg0122560,,,
Reg0122570,Forfatter/Digter,bibliotek.html,digter
Reg0122580,Adel/Kongelig/Hof;Embedsmand/Jura/Politik;Handel/Erhverv,,direktør;etatsraad;gehejmekonferensraad
Reg0122590,,,
Reg0122600,,,
Reg0122610,,,
Reg0122620,Akademiker/Lærd;Embedsmand/Jura/Politik,,huslærer;godsforvalter
Reg0122630,Adel/Kongelig/Hof;Embedsmand/Jura/Politik,,kabinetssekretær;kammerherre
Reg0122640,,,
Reg0122650,,,
Reg0122660,Adel/Kongelig/Hof;Embedsmand/Jura/Politik,,minister;indenrigsminister;kabinetssekretær;indenrigsminister;gehejmekonferensraad
Reg0122670,Adel/Kongelig/Hof;Akademiker/Lærd;Embedsmand/Jura/Politik,,student;herredsfoged;landstingsmand;etatsraad;kammerherre
Reg0122680,Adel/Kongelig/Hof,,stiftsdame
Reg0122690,,,
Reg0122700,,,
Reg0122710,,,
Reg0122720,Kunstner/Billedkunst,,maler
Reg0122730,Kunstner/Billedkunst,billedkunst.html,
Reg0122740,Akademiker/Lærd,,guvernante
Reg0122750,,,
Reg0122760,Akademiker/Lærd;Embedsmand/Jura/Politik,,diplomat;arkæolog;gesandt
Reg0122770,Adel/Kongelig/Hof,,kejser
Reg0122780,Kunstner/Billedkunst,,maler
Reg0122790,,,
Reg0122800,Adel/Kongelig/Hof;Embedsmand/Jura/Politik;Militær,,auditør;byfoged;indenrigsminister;kammerherre
Reg0122810,Handel/Erhverv,,bankier
Reg0122820,Musiker/Scenekunst,,violinist;kapelmusikus
Reg0122830,,,
Reg0122840,Militær,,løjtnant
Reg0122850,Forfatter/Digter,bibliotek.html,forfatter
Reg0122860,Akademiker/Lærd;Embedsmand/Jura/Politik,,student;kontorchef
Reg0122870,Musiker/Scenekunst,,operasangerinde
Reg0122880,Adel/Kongelig/Hof;Gejstlig;Militær,,underløjtnant;sognepræst;friherre
Reg0122890,Akademiker/Lærd;Forfatter/Digter;Gejstlig,,huslærer;sognepræst;digter
Reg0122900,Forfatter/Digter,,digter
Reg0122910,Forfatter/Digter,,digter
Reg0122920,,,
Reg0122930,Forfatter/Digter;Musiker/Scenekunst,teater-musik.html,redaktør;forfatter
Reg0122940,,,
Reg0122950,Militær,,viceadmiral
Reg0122960,,,
Reg0122970,Handel/Erhverv,,bankier
Reg0122980,Embedsmand/Jura/Politik;Handel/Erhverv,,godsejer;politiker
Reg0122990,Militær,,ritmester;generalmajor
Reg0123000,Handel/Erhverv;Militær,,sekondløjtnant;dragonregiment;premierløjtnant;ritmester;direktør;generalkrigskommissær
Reg0123010,,,
Reg0123020,Kunstner/Billedkunst,,billedhugger
Reg0123030,Handel/Erhverv;Musiker/Scenekunst,,skuespiller;direktør
Reg0123040,Handel/Erhverv,,boghandler
Reg0123050,,,
Reg0123060,Akademiker/Lærd;Embedsmand/Jura/Politik,,adjunkt;kancelliraad
Reg0123070,,,
Reg0123080,Adel/Kongelig/Hof,,storhertug
Reg0123090,Adel/Kongelig/Hof,,storhertug
Reg0123100,Adel/Kongelig/Hof,,storhertug
Reg0123110,Adel/Kongelig/Hof,,storhertug;kejser
Reg0123120,Adel/Kongelig/Hof,,storhertug
Reg0123130,Adel/Kongelig/Hof,,storhertug
Reg0123140,,,
Reg0123150,,,
Reg0123160,Forfatter/Digter,,forfatterinde
Reg0123170,Musiker/Scenekunst,,skuespiller
Reg0123180,,,
Reg0123190,Akademiker/Lærd,,professor
Reg0123200,Adel/Kongelig/Hof,,kejser
Reg0123210,Adel/Kongelig/Hof;Akademiker/Lærd;Handel/Erhverv;Militær,,student;auditør;dronning;hofchef;kammerherre;besidder
Reg0123220,,,
Reg0123230,Embedsmand/Jura/Politik;Handel/Erhverv;Militær,,løjtnant;søetaten;postmester;besidder
Reg0123240,,,
Reg0123250,,,
Reg0123260,,,
Reg0123270,Militær,,sekondløjtnant
Reg0123280,Adel/Kongelig/Hof;Akademiker/Lærd;Embedsmand/Jura/Politik;Forfatter/Digter,,student;kabinetssekretær;udgiver;etatsraad;gehejmekonferensraad
Reg0123290,,,
Reg0123300,,,
Reg0123310,Forfatter/Digter,,forfatter
Reg0123320,Gejstlig,,præst;hofpræst
Reg0123330,,,
Reg0123340,,,
Reg0123350,Embedsmand/Jura/Politik,,generalkonsul
Reg0123360,,,
Reg0123370,,,
Reg0123380,Musiker/Scenekunst,,operasangerinde
Reg0123390,Akademiker/Lærd,,rektor;professor;filolog
Reg0123400,,,
Reg0123410,Kunstner/Billedkunst,,maler
Reg0123420,,,
Reg0123430,,,
Reg0123440,,,
Reg0123450,Militær,,generalmajor;generalløjtnant
Reg0123460,Militær,,sekondløjtnant;regiment
Reg0123470,Adel/Kongelig/Hof;Militær,,sekondløjtnant;dragonregiment;ritmester;oberst;generalmajor;kammerherre
Reg0123480,Militær,,oberst
Reg0123490,,,
Reg0123500,Adel/Kongelig/Hof;Embedsmand/Jura/Politik;Handel/Erhverv,,gesandtskab;godsejer;kammerherre
Reg0123510,Adel/Kongelig/Hof;Handel/Erhverv,,godsejer;gehejmekonferensraad
Reg0123520,Adel/Kongelig/Hof;Handel/Erhverv,,hofjægermester;godsejer
Reg0123530,,,
Reg0123540,Adel/Kongelig/Hof,,kammerjunker
Reg0123550,,,
Reg0123560,,,
Reg0123570,,,
Reg0123580,,,
Reg0123590,,,
Reg0123600,Akademiker/Lærd,,overlæge
Reg0123610,Handel/Erhverv,,grosserer
Reg0123620,Akademiker/Lærd,,student
Reg0123630,Akademiker/Lærd,,læge
Reg0123640,Akademiker/Lærd,,læge
Reg0123650,,,
Reg0123660,Handel/Erhverv,,grosserer
Reg0123670,Akademiker/Lærd,,læge
Reg0123680,,,
Reg0123690,Akademiker/Lærd;Forfatter/Digter,,digter;læge
Reg0123700,,,
Reg0123710,,,
Reg0123720,Embedsmand/Jura/Politik,,politiker;landshøvding
Reg0123730,Militær,,premierløjtnant;infanteriet;kaptajn
Reg0123740,,,
Reg0123750,Militær,,premierløjtnant;liniebataillon
Reg0123760,Forfatter/Digter,,forfatter
Reg0123770,,,
Reg0123780,Forfatter/Digter,,oversætterinde
Reg0123790,Embedsmand/Jura/Politik,,konsul
Reg0123800,Gejstlig,,stiftsprovst;sognepræst
Reg0123810,Embedsmand/Jura/Politik;Militær,,kaptajn;artilleriet;oberst;politiker
Reg0123820,,,
Reg0123830,,,
Reg0123840,Forfatter/Digter,,digter
Reg0123850,,,
Reg0123860,Forfatter/Digter,bibliotek.html,digter
Reg0123870,,,
Reg0123880,,,
Reg0123890,Embedsmand/Jura/Politik;Handel/Erhverv,,grosserer;vicekonsul
Reg0123900,Handel/Erhverv,,grosserer;ejer
Reg0123910,,,
Reg0123920,Adel/Kongelig/Hof;Embedsmand/Jura/Politik;Handel/Erhverv,,godsejer;stænderdeputeret;hofjægermester
Reg0123930,,,
Reg0123940,,,
Reg0123950,Akademiker/Lærd;Militær,,student;sekondløjtnant;generalløjtnant
Reg0123960,,,
Reg0123970,,,
Reg0123980,,,
Reg0123990,Embedsmand/Jura/Politik;Forfatter/Digter;Militær,,kaptajnløjtnant;søetaten;kommandør;forfatter;folketingsmand
Reg0124000,Akademiker/Lærd;Gejstlig,,huslærer;sognepræst
Reg0124010,Embedsmand/Jura/Politik;Militær,,sekondløjtnant;premierløjtnant;kaptajn;kaptajn;generalløjtnant;folketingsmand
Reg0124020,Handel/Erhverv,,grosserer
Reg0124030,,,
Reg0124040,Handel/Erhverv,,proprietær
Reg0124050,,,
Reg0124060,Musiker/Scenekunst,,skuespiller
Reg0124070,,,
Reg0124080,Kunstner/Billedkunst,,kunstsamler
Reg0124090,Adel/Kongelig/Hof,,sultan
Reg0124100,Adel/Kongelig/Hof,,sultan
Reg0124110,Adel/Kongelig/Hof,,sultan
Reg0124120,Adel/Kongelig/Hof,,sultan
Reg0124130,Adel/Kongelig/Hof,,sultan
Reg0124140,Adel/Kongelig/Hof,,sultan
Reg0124150,Militær,,sekondløjtnant;kaptajn
Reg0124160,Forfatter/Digter,,forfatter
Reg0124170,,,
Reg0124180,Embedsmand/Jura/Politik;Handel/Erhverv,,forlagsboghandler;generalkonsul
Reg0124190,,,
Reg0124200,,,
Reg0124210,,,
Reg0124220,Forfatter/Digter,,forfatter
Reg0124230,,,
Reg0124240,Forfatter/Digter,,forfatter
Reg0124250,,,
Reg0124260,,,
Reg0124270,,,
Reg0124280,Musiker/Scenekunst,,operasanger
Reg0124290,Kunstner/Billedkunst,,maler;arkitekt
Reg0124300,,,
Reg0124310,,,
Reg0124320,Adel/Kongelig/Hof,,greve
Reg0124330,Forfatter/Digter,,digter
Reg0124340,Akademiker/Lærd;Embedsmand/Jura/Politik,,student;konsul;kontorchef
Reg0124350,Handel/Erhverv,,ejer
Reg0124360,Kunstner/Billedkunst,,arkitekt
Reg0124370,Militær,,løjtnant;søetaten;viceadmiral
Reg0124380,,,
Reg0124390,Akademiker/Lærd,,læge
Reg0124400,,,
Reg0124410,,,
Reg0124420,,,
Reg0124430,,,
Reg0124440,,,
Reg0124450,,,
Reg0124460,Forfatter/Digter,,forfatterinde
Reg0124470,Akademiker/Lærd,,læge
Reg0124480,,,
Reg0124490,,,
Reg0124500,Musiker/Scenekunst,,skuespillerinde
Reg0124510,,,
Reg0124520,,,
Reg0124530,Akademiker/Lærd,,arkæolog;professor
Reg0124540,,,
Reg0124550,Adel/Kongelig/Hof,,kammerherre
Reg0124560,Adel/Kongelig/Hof,,konge
Reg0124570,Adel/Kongelig/Hof,,konge
Reg0124580,Adel/Kongelig/Hof,,konge
Reg0124590,Adel/Kongelig/Hof,,konge
Reg0124600,Adel/Kongelig/Hof,,konge
Reg0124610,Musiker/Scenekunst,,operasangerinde
Reg0124620,Forfatter/Digter,,forfatter
Reg0124630,Embedsmand/Jura/Politik,,gesandt
Reg0124640,,,
Reg0124650,Embedsmand/Jura/Politik,,kontorchef;etatsraad
Reg0124660,Embedsmand/Jura/Politik,,stiftamtmand;indenrigsminister
Reg0124670,Militær,,sekondløjtnant;liniebataillon
Reg0124680,Musiker/Scenekunst,,skuespillerinde
Reg0124690,,,
Reg0124700,Embedsmand/Jura/Politik;Militær,,fuldmægtig;sekondløjtnant;liniebataillon
Reg0124710,Embedsmand/Jura/Politik,,konsul
Reg0124720,,,
Reg0124730,Embedsmand/Jura/Politik,,byfoged
Reg0124740,,,
Reg0124750,,,
Reg0124760,Militær,,artilleriet;kommandant;generalmajor
Reg0124770,,,
Reg0124780,Gejstlig,,biskop
Reg0124790,Kunstner/Billedkunst,,maler
Reg0124800,,,
Reg0124810,,,
Reg0124820,Kunstner/Billedkunst,,maler
Reg0124830,Embedsmand/Jura/Politik;Forfatter/Digter;Handel/Erhverv,,ejer;forfatter;etatsraad
Reg0124840,Handel/Erhverv,,bankier
Reg0124850,,,
Reg0124860,,,
Reg0124870,Militær,,general
Reg0124880,Embedsmand/Jura/Politik;Militær,,officer;diplomat
Reg0124890,,,
Reg0124900,,,
Reg0124910,Akademiker/Lærd,,ingeniør
Reg0124920,Akademiker/Lærd;Kunstner/Billedkunst,billedkunst.html,maler;arkitekt;kunsthistoriker
Reg0124930,,,
Reg0124940,,,
Reg0124950,Forfatter/Digter;Militær,,kaptajn;kaptajn;oberst;forfatter
Reg0124960,,,
Reg0124970,Militær,,officer
Reg0124980,Kunstner/Billedkunst,billedkunst.html,maler
Reg0124990,Akademiker/Lærd,,historiker
Reg0125000,,,
Reg0125010,Handel/Erhverv,,direktør
Reg0125020,Handel/Erhverv;Kunstner/Billedkunst,,maler;direktør
Reg0125030,Kunstner/Billedkunst,,maler
Reg0125040,,,
Reg0125050,Musiker/Scenekunst,teater-musik.html,komponist
Reg0125060,,,
Reg0125070,Forfatter/Digter,,digter
Reg0125080,Musiker/Scenekunst,,pianistinde
Reg0125090,Musiker/Scenekunst,,komponist;dirigent
Reg0125100,,,
Reg0125110,,,
Reg0125120,Akademiker/Lærd;Kunstner/Billedkunst,,maler;professor
Reg0125130,Kunstner/Billedkunst,billedkunst.html,maler
Reg0125140,Kunstner/Billedkunst,billedkunst.html,maler
Reg0125150,Kunstner/Billedkunst,billedkunst.html,maler
Reg0125160,Forfatter/Digter,,redaktør
Reg0125170,Kunstner/Billedkunst,,maler
Reg0125180,Musiker/Scenekunst,,skuespillerinde
Reg0125190,Kunstner/Billedkunst,,maler
Reg0125200,,,
Reg0125210,Musiker/Scenekunst,,operasangerinde
Reg0125220,Musiker/Scenekunst,,skuespiller
Reg0125230,,,
Reg0125240,,,
Reg0125250,,,
Reg0125260,,,
Reg0125270,Musiker/Scenekunst,,operasangerinde
Reg0125280,,,
Reg0125290,Kunstner/Billedkunst,,maler
Reg0125300,,,
Reg0125310,Embedsmand/Jura/Politik,,vicekonsul
Reg0125320,Akademiker/Lærd,,læge;stiftsfysikus
Reg0125330,Forfatter/Digter,,forfatter
Reg0125340,Embedsmand/Jura/Politik,,postmester
Reg0125350,Gejstlig;Militær,,generalmajor;provst
Reg0125360,Musiker/Scenekunst,,violinvirtuos;komponist
Reg0125370,Handel/Erhverv,,forlagsboghandler
Reg0125380,,,
Reg0125390,,,
Reg0125400,Forfatter/Digter,,digter
Reg0125410,,,
Reg0125420,,,
Reg0125430,,,
Reg0125440,Embedsmand/Jura/Politik,,konsul
Reg0125450,,,
Reg0125460,Akademiker/Lærd,,læge
Reg0125470,Handel/Erhverv,,købmand
Reg0125480,Handel/Erhverv,,forpagter
Reg0125490,,,
Reg0125500,,,
Reg0125510,,,
Reg0125520,,,
Reg0125530,,,
Reg0125540,,,
Reg0125550,,,
Reg0125560,Adel/Kongelig/Hof;Embedsmand/Jura/Politik;Handel/Erhverv,,legationssekretær;gesandt;gesandt;kammerjunker;kammerherre;gehejmekonferensraad;besidder
Reg0125570,,,
Reg0125580,,,
Reg0125590,Adel/Kongelig/Hof;Handel/Erhverv,,besidder;kammerherre
Reg0125600,,,
Reg0125610,,,
Reg0125620,Gejstlig,,sognepræst
Reg0125630,,,
Reg0125640,,,
Reg0125650,Kunstner/Billedkunst,,billedhugger
Reg0125660,,,
Reg0125670,Handel/Erhverv,,forlagsboghandler
Reg0125680,Embedsmand/Jura/Politik;Gejstlig,,statsmand;biskop
Reg0125690,,,
Reg0125700,Akademiker/Lærd,,student;stadslæge
Reg0125710,Adel/Kongelig/Hof,,friherre
Reg0125720,,,
Reg0125730,,,
Reg0125740,Forfatter/Digter,,redaktør
Reg0125750,Akademiker/Lærd,,professor
Reg0125760,Militær,,kaptajn
Reg0125770,Militær,,generalmajor
Reg0125780,,,
Reg0125790,Embedsmand/Jura/Politik;Militær,,generalløjtnant;guvernør
Reg0125800,Kunstner/Billedkunst,,historiemaler
Reg0125810,,,
Reg0125820,,,
Reg0125830,Forfatter/Digter,bibliotek.html,digter
Reg0125840,,,
Reg0125850,,,
Reg0125860,Embedsmand/Jura/Politik,,etatsraad
Reg0125870,Forfatter/Digter,,forfatter
Reg0125880,,,
Reg0125890,Handel/Erhverv,,boghandler
Reg0125900,,,
Reg0125910,Akademiker/Lærd;Handel/Erhverv,,student;købmand
Reg0125920,Handel/Erhverv,,købmand;agent
Reg0125930,,,
Reg0125940,,,
Reg0125950,,,
Reg0125960,Forfatter/Digter,,forfatter
Reg0125970,,,
Reg0125980,Handel/Erhverv,,bogtrykker
Reg0125990,,,
Reg0126000,,,
Reg0126010,,,
Reg0126020,Embedsmand/Jura/Politik,,borgmester
Reg0126030,,,
Reg0126040,,,
Reg0126050,Forfatter/Digter,,forfatter
Reg0126060,Kunstner/Billedkunst,billedkunst.html,maler
Reg0126070,Kunstner/Billedkunst,,maler
Reg0126080,Akademiker/Lærd,,professor
Reg0126090,Militær,,løjtnant;kaptajn
Reg0126100,,,
Reg0126110,,,
Reg0126120,,,
Reg0126130,Kunstner/Billedkunst,billedkunst.html,billedhugger
Reg0126140,Akademiker/Lærd,,professor
Reg0126150,Forfatter/Digter,,journalist;forfatter
Reg0126160,,,
Reg0126170,,,
Reg0126180,,,
Reg0126190,Gejstlig,,provst
Reg0126200,,,
Reg0126210,Militær,,kaptajn
Reg0126220,,,
Reg0126230,,,
Reg0126240,,,
Reg0126250,Embedsmand/Jura/Politik,,landshøvding
Reg0126260,Embedsmand/Jura/Politik,,diplomat;gesandt;udenrigsminister
Reg0126270,Embedsmand/Jura/Politik,,landshøvding
Reg0126280,,,
Reg0126290,Forfatter/Digter,,forfatterinde
Reg0126300,Adel/Kongelig/Hof;Akademiker/Lærd,,guvernante;prinsesse
Reg0126310,Akademiker/Lærd;Embedsmand/Jura/Politik,,professor;politiker
Reg0126320,,,
Reg0126330,,,
Reg0126340,,,
Reg0126350,Musiker/Scenekunst,,operasangerinde
Reg0126360,,,
Reg0126370,Forfatter/Digter;Musiker/Scenekunst,teater-musik.html,komponist;digter
Reg0126380,,,
Reg0126390,Kunstner/Billedkunst,,arkitekt
Reg0126400,Embedsmand/Jura/Politik,,borgmester
Reg0126410,,,
Reg0126420,,,
Reg0126430,Akademiker/Lærd;Embedsmand/Jura/Politik,,ingeniør;etatsraad
Reg0126440,,,
Reg0126450,,,
Reg0126460,,,
Reg0126470,,,
Reg0126480,,,
Reg0126490,Handel/Erhverv,,godsejer
Reg0126500,,,
Reg0126510,,,
Reg0126520,Adel/Kongelig/Hof,,dronning
Reg0126530,,,
Reg0126540,Adel/Kongelig/Hof,,konge
Reg0126550,Embedsmand/Jura/Politik,,statsmand;udenrigsminister
Reg0126560,Musiker/Scenekunst,,operasanger
Reg0126570,Musiker/Scenekunst,,operasangerinde
Reg0126580,Embedsmand/Jura/Politik,,legationssekretær
Reg0126590,,,
Reg0126600,Kunstner/Billedkunst,,historiemaler
Reg0126610,Embedsmand/Jura/Politik,,assessor;justitiarius
Reg0126620,,,
Reg0126630,Akademiker/Lærd,,læge
Reg0126640,,,
Reg0126650,,,
Reg0126660,,,
Reg0126670,,,
Reg0126680,,,
Reg0126690,Adel/Kongelig/Hof,,dronning
Reg0126700,,,
Reg0126710,Musiker/Scenekunst,,skuespiller
Reg0126720,,,
Reg0126730,,,
Reg0126740,Gejstlig,,sognepræst
Reg0126750,Militær,,løjtnant;søetaten;viceadmiral
Reg0126760,,,
Reg0126770,,,
Reg0126780,,,
Reg0126790,,,
Reg0126800,Akademiker/Lærd,,læge;distriktslæge
Reg0126810,,,
Reg0126820,Akademiker/Lærd;Kunstner/Billedkunst,,arkitekt;professor
Reg0126830,,,
Reg0126840,,,
Reg0126850,Handel/Erhverv;Militær,,oberstløjtnant;direktør
Reg0126860,Militær,,kommandørkaptajn
Reg0126870,,,
Reg0126880,Handel/Erhverv,,bankier
Reg0126890,,,
Reg0126900,,,
Reg0126910,Handel/Erhverv,,købmand
Reg0126920,Embedsmand/Jura/Politik,,konsul
Reg0126930,Handel/Erhverv,,bankier
Reg0126940,Akademiker/Lærd,,student;professor
Reg0126950,,,
Reg0126960,,,
Reg0126970,Handel/Erhverv,,købmand
Reg0126980,Embedsmand/Jura/Politik,,advokat
Reg0126990,,,
Reg0127000,,,
Reg0127010,Handel/Erhverv,,købmand
Reg0127020,Embedsmand/Jura/Politik,,konsul
Reg0127030,,,
Reg0127040,,,
Reg0127050,,,
Reg0127060,Gejstlig,,sognepræst
Reg0127070,Handel/Erhverv,,købmand
Reg0127080,,,
Reg0127090,Akademiker/Lærd,,docent;professor
Reg0127100,,,
Reg0127110,,,
Reg0127120,Militær,,underløjtnant;regiment;løjtnant;kaptajn
Reg0127130,,,
Reg0127140,Musiker/Scenekunst,,operasanger
Reg0127150,,,
Reg0127160,,,
Reg0127170,,,
Reg0127180,,,
Reg0127190,Adel/Kongelig/Hof,,kammerherre
Reg0127200,Handel/Erhverv,,boghandler
Reg0127210,,,
Reg0127220,,,
Reg0127230,Forfatter/Digter;Handel/Erhverv,bibliotek.html,forfatter;journalist;redaktør;direktør
Reg0127240,,,
Reg0127250,Handel/Erhverv,,købmand
Reg0127260,,,
Reg0127270,,,
Reg0127280,,,
Reg0127290,,,
Reg0127300,,,
Reg0127310,Musiker/Scenekunst,,komponist
Reg0127320,Handel/Erhverv,,købmand
Reg0127330,,,
Reg0127340,Forfatter/Digter;Handel/Erhverv,,forlagsboghandler;udgiver
Reg0127350,,,
Reg0127360,,,
Reg0127370,Gejstlig,,sognepræst;provst
Reg0127380,,,
Reg0127390,Embedsmand/Jura/Politik;Forfatter/Digter,,jurist;forfatter
Reg0127400,,,
Reg0127410,,,
Reg0127420,,,
Reg0127430,Adel/Kongelig/Hof;Militær,,generalløjtnant;baron
Reg0127440,Adel/Kongelig/Hof;Militær,,sekondløjtnant;søetaten;kammerjunker
Reg0127450,,,
Reg0127460,,,
Reg0127470,,,
Reg0127480,Gejstlig,,sognepræst
Reg0127490,,,
Reg0127500,Adel/Kongelig/Hof,,baron
Reg0127510,Embedsmand/Jura/Politik,,konferensraad
Reg0127520,,,
Reg0127530,,,
Reg0127540,Adel/Kongelig/Hof;Embedsmand/Jura/Politik;Handel/Erhverv,,kancellist;kammerjunker;kammerherre;hofchef;enkedronning;besidder
Reg0127550,,,
Reg0127560,Adel/Kongelig/Hof;Militær,,kommandør;baron
Reg0127570,Handel/Erhverv;Militær,,sekondløjtnant;ejer
Reg0127580,Adel/Kongelig/Hof,,kammerherre;lensgreve
Reg0127590,,,
Reg0127600,Adel/Kongelig/Hof;Militær,,premierløjtnant;kavalleriet;oberst;kammerherre
Reg0127610,Adel/Kongelig/Hof;Militær,,premierløjtnant;livgarden;kammerjunker
Reg0127620,,,
Reg0127630,Adel/Kongelig/Hof,,baron
Reg0127640,,,
Reg0127650,,,
Reg0127660,Adel/Kongelig/Hof;Militær,,oberst;kammerherre
Reg0127670,Adel/Kongelig/Hof;Handel/Erhverv;Militær,,sekondløjtnant;premierløjtnant;forpagter;kammerherre
Reg0127680,Militær,,ritmester
Reg0127690,Embedsmand/Jura/Politik,,amtmand
Reg0127700,Adel/Kongelig/Hof,,kammerjunker;hofjægermester
Reg0127710,,,
Reg0127720,,,
Reg0127730,Adel/Kongelig/Hof;Embedsmand/Jura/Politik,,amtmand;amtmand;kammerherre
Reg0127740,,,
Reg0127750,Musiker/Scenekunst,,pianistinde
Reg0127760,,,
Reg0127770,Akademiker/Lærd,,historiker
Reg0127780,,,
Reg0127790,,,
Reg0127800,Kunstner/Billedkunst,,maler
Reg0127810,Akademiker/Lærd;Gejstlig,,theolog;professor
Reg0127820,Kunstner/Billedkunst,,malerinde
Reg0127830,,,
Reg0127840,,,
Reg0127850,Embedsmand/Jura/Politik,,justitsraad
Reg0127860,Akademiker/Lærd,,læge
Reg0127870,,,
Reg0127880,,,
Reg0127890,,,
Reg0127900,Akademiker/Lærd;Embedsmand/Jura/Politik,,kunsthistoriker;konsul;bibliotekar;bibliotekar
Reg0127910,,,
Reg0127920,Handel/Erhverv,,ejer
Reg0127930,,,
Reg0127940,Embedsmand/Jura/Politik,,kancellist;fuldmægtig;departementschef
Reg0127950,,,
Reg0127960,Forfatter/Digter,,digter
Reg0127970,,,
Reg0127980,Akademiker/Lærd,,professor
Reg0127990,,,
Reg0128000,Kunstner/Billedkunst,,malerinde
Reg0128010,Forfatter/Digter,,forfatter
Reg0128020,Forfatter/Digter;Musiker/Scenekunst,,skuespillerinde;forfatterinde
Reg0128030,Handel/Erhverv,,bankier
Reg0128040,,,
Reg0128050,,,
Reg0128060,Akademiker/Lærd,,lærer
Reg0128070,Forfatter/Digter,,forfatterinde
Reg0128080,Akademiker/Lærd;Forfatter/Digter,,digter;professor
Reg0128090,Gejstlig,,sognepræst
Reg0128100,Kunstner/Billedkunst,,fotograf
Reg0128110,Adel/Kongelig/Hof,,hertug
Reg0128120,Embedsmand/Jura/Politik;Militær,,feltherre;statsmand
Reg0128130,,,
Reg0128140,,,
Reg0128150,,,
Reg0128160,Gejstlig,,sognepræst
Reg0128170,Militær,,officer
Reg0128180,Embedsmand/Jura/Politik;Handel/Erhverv,,grosserer;konsul
Reg0128190,Akademiker/Lærd;Embedsmand/Jura/Politik;Forfatter/Digter;Musiker/Scenekunst,,digter;komponist;docent;landshøvding
Reg0128200,Gejstlig,,sognepræst;sognepræst
Reg0128210,Adel/Kongelig/Hof,,hertug
Reg0128220,Kunstner/Billedkunst,billedkunst.html,maler
Reg0128230,Forfatter/Digter,,digter
Reg0128240,Akademiker/Lærd;Forfatter/Digter,bibliotek.html,professor;historiker
Reg0128250,,,
Reg0128260,Akademiker/Lærd;Gejstlig,,student;adjunkt;sognepræst
Reg0128270,Embedsmand/Jura/Politik,,fuldmægtig
Reg0128280,Kunstner/Billedkunst,,maler
Reg0128290,,,
Reg0128300,,,
Reg0128310,Musiker/Scenekunst,,solodanserinde
Reg0128320,,,
Reg0128330,,,
Reg0128340,Forfatter/Digter;Musiker/Scenekunst,teater-musik.html,digter
Reg0128350,Embedsmand/Jura/Politik,,landstingsmand
Reg0128360,,,
Reg0128370,Akademiker/Lærd;Gejstlig,,huslærer;sognepræst
Reg0128380,Musiker/Scenekunst,,solodanserinde
Reg0128390,,,
Reg0128400,,,
Reg0128410,,,
Reg0128420,Gejstlig,,sognepræst
Reg0128430,Forfatter/Digter;Kunstner/Billedkunst,,publicist;maler
Reg0128440,,,
Reg0128450,Embedsmand/Jura/Politik,,justitsraad
Reg0128460,Akademiker/Lærd;Embedsmand/Jura/Politik,,professor;etatsraad
Reg0128470,Militær,,premierløjtnant;oberst
Reg0128480,,,
Reg0128490,,,
Reg0128500,Embedsmand/Jura/Politik;Handel/Erhverv,,grosserer;konsul
Reg0128510,Handel/Erhverv,,forlagsboghandler
Reg0128520,,,
Reg0128530,Handel/Erhverv,,boghandler
Reg0128540,,,
Reg0128550,Embedsmand/Jura/Politik,,diplomat;gesandt
Reg0128560,Embedsmand/Jura/Politik;Handel/Erhverv,,konsul;købmand
Reg0128570,Forfatter/Digter;Handel/Erhverv,bibliotek.html,forlagsboghandler
Reg0128580,Embedsmand/Jura/Politik,,fuldmægtig
Reg0128590,Forfatter/Digter;Militær,,premierløjtnant;artilleriet;forfatter
Reg0128600,,,
Reg0128610,Musiker/Scenekunst,,skuespillerinde;skuespiller
Reg0128620,,,
Reg0128630,,,
Reg0128640,Musiker/Scenekunst,teater-musik.html,komponist
Reg0128650,Akademiker/Lærd,,student;rektor;professor
Reg0128660,,,
Reg0128670,,,
Reg0128680,,,
Reg0128690,Embedsmand/Jura/Politik,,kommunalbestyrelse
Reg0128700,Adel/Kongelig/Hof;Embedsmand/Jura/Politik;Handel/Erhverv,,kammerjunker;besidder;landstingsmand;kammerherre
Reg0128710,,,
Reg0128720,Kunstner/Billedkunst,billedkunst.html,billedhugger
Reg0128730,,,
Reg0128740,Adel/Kongelig/Hof;Militær,,oberstløjtnant;oberst;kammerherre
Reg0128750,Handel/Erhverv,,grosserer;agent
Reg0128760,,,
Reg0128770,,,
Reg0128780,Handel/Erhverv,,forlagsboghandler;forlægger
Reg0128790,,,
Reg0128800,,,
Reg0128810,,,
Reg0128820,Kunstner/Billedkunst,billedkunst.html,billedhugger
Reg0128830,,,
Reg0128840,Embedsmand/Jura/Politik,,justitsraad
Reg0128850,,,
Reg0128860,,,
Reg0128870,Akademiker/Lærd,,overlærer
Reg0128880,Embedsmand/Jura/Politik,,godsforvalter
Reg0128890,Musiker/Scenekunst,,operasanger;skuespiller
Reg0128900,,,
Reg0128910,,,
Reg0128920,Musiker/Scenekunst,,skuespiller
Reg0128930,Musiker/Scenekunst,,skuespiller
Reg0128940,,,
Reg0128950,Forfatter/Digter,bibliotek.html,digter
Reg0128960,Adel/Kongelig/Hof,,hofchef
Reg0128970,,,
Reg0128980,,,
Reg0128990,Akademiker/Lærd;Forfatter/Digter,,bibliotekar;forfatter;redaktør
Reg0129000,Akademiker/Lærd;Kunstner/Billedkunst,,arkitekt;professor
Reg0129010,,,
Reg0129020,,,
Reg0129030,Embedsmand/Jura/Politik;Forfatter/Digter,,redaktør;folketingsmand
Reg0129040,,,
Reg0129050,Embedsmand/Jura/Politik,,politiker
Reg0129060,,,
Reg0129070,Musiker/Scenekunst,,skuespillerinde;operasangerinde
Reg0129080,Militær,,premierløjtnant;søetaten;kaptajnløjtnant;kommandør
Reg0129090,,,
Reg0129100,,,
Reg0129110,,,
Reg0129120,,,
Reg0129130,Musiker/Scenekunst,,violinist
Reg0129140,Musiker/Scenekunst,,skuespiller
Reg0129150,,,
Reg0129160,,,
Reg0129170,,,
Reg0129180,Akademiker/Lærd,,professor;filosof
Reg0129190,Akademiker/Lærd;Embedsmand/Jura/Politik,,lektor;folketingsmand;etatsraad
Reg0129200,Adel/Kongelig/Hof;Embedsmand/Jura/Politik,,herredsfoged;etatsraad;kammerherre
Reg0129210,Adel/Kongelig/Hof,,kammerjunker
Reg0129220,,,
Reg0129230,Militær,,kommandør
Reg0129240,,,
Reg0129250,Adel/Kongelig/Hof;Embedsmand/Jura/Politik,,kammerherre;amtmand
Reg0129260,Militær,,oberstløjtnant;kavalleriet
Reg0129270,,,
Reg0129280,,,
Reg0129290,,,
Reg0129300,,,
Reg0129310,Musiker/Scenekunst,,klavervirtuos;komponist
Reg0129320,,,
Reg0129330,Handel/Erhverv,,købmand
Reg0129340,Handel/Erhverv,,købmand
Reg0129350,,,
Reg0129360,Akademiker/Lærd;Forfatter/Digter,,forfatter;professor
Reg0129370,,,
Reg0129380,,,
Reg0129390,Akademiker/Lærd;Forfatter/Digter,,lektor;digter;oversætter
Reg0129400,,,
Reg0129410,Militær,,oberstløjtnant;oberst;generalmajor;general
Reg0129420,Akademiker/Lærd,,student;læge
Reg0129430,,,
Reg0129440,,,
Reg0129450,Musiker/Scenekunst,,operasangerinde
Reg0129460,,,
Reg0129470,Akademiker/Lærd,,kunsthistoriker
Reg0129480,,,
Reg0129490,,,
Reg0129500,Gejstlig,,sognepræst
Reg0129510,Musiker/Scenekunst,,pianist;komponist
Reg0129520,,,
Reg0129530,,,
Reg0129540,,,
Reg0129550,,,
Reg0129560,,,
Reg0129570,Akademiker/Lærd,,litteraturhistoriker
Reg0129580,,,
Reg0129590,,,
Reg0129600,Forfatter/Digter,,forfatter;oversætter
Reg0129610,Handel/Erhverv,,fabrikant
Reg0129620,,,
Reg0129630,,,
Reg0129640,Handel/Erhverv,,direktør;indehaver
Reg0129650,Kunstner/Billedkunst,,maler;litograf
Reg0129660,,,
Reg0129670,Forfatter/Digter,bibliotek.html,digter
Reg0129680,Gejstlig,,sognepræst
Reg0129690,Embedsmand/Jura/Politik,,overretsprokurator
Reg0129700,Embedsmand/Jura/Politik,,folketingsmand
Reg0129710,Akademiker/Lærd,,student
Reg0129720,,,
Reg0129730,Akademiker/Lærd,,læge
Reg0129740,,,
Reg0129750,,,
Reg0129760,,,
Reg0129770,Forfatter/Digter,bibliotek.html,
Reg0129780,Akademiker/Lærd,,student
Reg0129790,Gejstlig,,kateket;sognepræst
Reg0129800,Handel/Erhverv,,agent
Reg0129810,Akademiker/Lærd,,student;læge
Reg0129820,Gejstlig,,sognepræst
Reg0129830,,,
Reg0129840,,,
Reg0129850,,,
Reg0129860,,,
Reg0129870,,,
Reg0129880,Forfatter/Digter,,forfatter;journalist
Reg0129890,,,
Reg0129900,Akademiker/Lærd,,guvernante
Reg0129910,Akademiker/Lærd;Gejstlig,,student;sognepræst
Reg0129920,,,
Reg0129930,Adel/Kongelig/Hof,,hofdame;dronning
Reg0129940,Militær,,generalløjtnant
Reg0129950,Adel/Kongelig/Hof;Militær,,ritmester;kammerherre
Reg0129960,Adel/Kongelig/Hof,,hofdame;stiftsdame
Reg0129970,,,
Reg0129980,Kunstner/Billedkunst,,landskabsmaler
Reg0129990,,,
Reg0130000,Embedsmand/Jura/Politik,,generalkonsul
Reg0130010,Akademiker/Lærd,,filolog
Reg0130020,Musiker/Scenekunst,,skuespiller
Reg0130030,Forfatter/Digter,,forfatter
Reg0130040,Musiker/Scenekunst,,skuespillerinde
Reg0130050,Akademiker/Lærd;Gejstlig,,præst;professor
Reg0130060,Embedsmand/Jura/Politik;Handel/Erhverv,,besidder;justitsraad;etatsraad
Reg0130070,Handel/Erhverv,,ejer
Reg0130080,Adel/Kongelig/Hof;Militær,,oberstløjtnant;kammerherre
Reg0130090,,,
Reg0130100,Handel/Erhverv;Kunstner/Billedkunst,billedkunst.html,bankier
Reg0130110,Kunstner/Billedkunst,billedkunst.html,billedhugger
Reg0130120,Embedsmand/Jura/Politik;Handel/Erhverv,,købmand;konsul
Reg0130130,,,
Reg0130140,,,
Reg0130150,Akademiker/Lærd;Forfatter/Digter,,professor;oversætter
Reg0130160,Adel/Kongelig/Hof,,stiftsdame
Reg0130170,,,
Reg0130180,Adel/Kongelig/Hof;Embedsmand/Jura/Politik,,kancellist;amtmand;minister;præsident;kammerherre
Reg0130190,Forfatter/Digter,,forfatterinde
Reg0130200,Forfatter/Digter,,forfatter
Reg0130210,,,
Reg0130220,Akademiker/Lærd,,overlærer
Reg0130230,Embedsmand/Jura/Politik;Forfatter/Digter,,litterat;diplomat
Reg0130240,,,
Reg0130250,,,
Reg0130260,,,
Reg0130270,Forfatter/Digter,,forfatterinde
Reg0130280,,,
Reg0130290,Forfatter/Digter,,oversætter;forfatterinde
Reg0130300,Embedsmand/Jura/Politik,,diplomat;minister
Reg0130310,,,
Reg0130320,Forfatter/Digter,,forfatterinde
Reg0130330,Embedsmand/Jura/Politik,,postmester;justitsraad
Reg0130340,,,
Reg0130350,Adel/Kongelig/Hof;Akademiker/Lærd;Embedsmand/Jura/Politik;Handel/Erhverv,,arkæolog;inspektør;inspektør;direktør;direktør;professor;etatsraad;kammerherre
Reg0130360,,,
Reg0130370,,,
Reg0130380,Handel/Erhverv,,besidder
Reg0130390,,,
Reg0130400,,,
Reg0130410,Handel/Erhverv,,besidder
Reg0130420,Adel/Kongelig/Hof,,kammerherre;dronning
Reg0130430,Adel/Kongelig/Hof;Militær,,artilleriet;generalmajor;generalløjtnant;kammerherre
Reg0130440,Embedsmand/Jura/Politik,,diplomat;ministerresident
Reg0130450,Militær,,premierløjtnant;søetaten;viceadmiral
Reg0130460,,,
Reg0130470,Handel/Erhverv,,boghandler
Reg0130480,,,
Reg0130490,,,
Reg0130500,,,
Reg0130510,Musiker/Scenekunst,,skuespiller
Reg0130520,Militær,,kontreadmiral;søetaten
Reg0130530,Militær,,sekondløjtnant;søetaten;premierløjtnant;kaptajnløjtnant;kaptajn
Reg0130540,,,
Reg0130550,,,
Reg0130560,,,
Reg0130570,,,
Reg0130580,,,
Reg0130590,Musiker/Scenekunst,,operasangerinde
Reg0130600,,,
Reg0130610,,,
Reg0130620,,,
Reg0130630,Forfatter/Digter,,forfatter
Reg0130640,,,
Reg0130650,Militær,,premierløjtnant;søetaten;kaptajnløjtnant;kaptajn;kommandør
Reg0130660,Forfatter/Digter;Militær,,kommandørkaptajn;søetaten;kommandør;kontreadmiral;oversætter;forfatter
Reg0130670,Handel/Erhverv,,bankier
Reg0130680,,,
Reg0130690,Embedsmand/Jura/Politik,,diplomat;gesandt
Reg0130700,Adel/Kongelig/Hof;Gejstlig,,sognepræst;greve
Reg0130710,Embedsmand/Jura/Politik,,borgmester
Reg0130720,Embedsmand/Jura/Politik,,diplomat;gesandt
Reg0130730,Adel/Kongelig/Hof,,konge
Reg0130740,,,
Reg0130750,Militær,,ritmester;oberstløjtnant;kommandant
Reg0130760,,,
Reg0130770,Akademiker/Lærd,,professor
Reg0130780,Militær,,oberst;infanteriet;generalmajor;generalløjtnant
Reg0130790,Akademiker/Lærd,,historiker
Reg0130800,Adel/Kongelig/Hof,,konge
Reg0130810,,,
Reg0130820,,,
Reg0130830,Embedsmand/Jura/Politik,,gesandt
Reg0130840,Embedsmand/Jura/Politik,,gesandt
Reg0130850,,,
Reg0130860,Forfatter/Digter,,digter
Reg0130870,,,
Reg0130880,,,
Reg0130890,Militær,,ritmester
Reg0130900,,,
Reg0130910,,,
Reg0130920,Militær,,premierløjtnant;søetaten;viceadmiral
Reg0130930,Militær,,sekondløjtnant;premierløjtnant;infanteriet;generalløjtnant
Reg0130940,,,
Reg0130950,,,
Reg0130960,,,
Reg0130970,Embedsmand/Jura/Politik;Gejstlig,,folketingsmand;sognepræst
Reg0130980,,,
Reg0130990,Militær,,kommandørkaptajn;adjudant;kommandør;kontreadmiral;viceadmiral
Reg0131000,,,
Reg0131010,,,
Reg0131020,Akademiker/Lærd;Kunstner/Billedkunst,,student;maler
Reg0131030,,,
Reg0131040,,,
Reg0131050,Akademiker/Lærd;Embedsmand/Jura/Politik,,lærer;fuldmægtig;legationsraad
Reg0131060,,,
Reg0131070,,,
Reg0131080,,,
Reg0131090,Handel/Erhverv,,boghandler
Reg0131100,Adel/Kongelig/Hof,,hofdame
Reg0131110,,,
Reg0131120,Adel/Kongelig/Hof,,kammerherre
Reg0131130,Forfatter/Digter,,digter
Reg0131140,Adel/Kongelig/Hof,,hofdame;overhofmesterinde
Reg0131150,Forfatter/Digter,,digter
Reg0131160,,,
Reg0131170,Forfatter/Digter;Handel/Erhverv,bibliotek.html,apoteker
Reg0131180,Forfatter/Digter,bibliotek.html,digter;oversætter
Reg0131190,Kunstner/Billedkunst,,arkitekt
Reg0131200,,,
Reg0131210,,,
Reg0131220,Adel/Kongelig/Hof,,dronning
Reg0131230,,,
Reg0131240,Adel/Kongelig/Hof;Handel/Erhverv,,hofjægermester;besidder
Reg0131250,Akademiker/Lærd,,guvernante
Reg0131260,Gejstlig,,sognepræst
Reg0131270,,,
Reg0131280,,,
Reg0131290,,,
Reg0131300,,,
Reg0131310,,,
Reg0131320,Adel/Kongelig/Hof;Handel/Erhverv,,intendant;hofmarskal
Reg0131330,Adel/Kongelig/Hof,,hofdame
Reg0131340,,,
Reg0131350,,,
Reg0131360,,,
Reg0131370,,,
Reg0131380,Akademiker/Lærd,,professor
Reg0131390,Kunstner/Billedkunst,,maler
Reg0131400,Kunstner/Billedkunst,,historiemaler;raderer;litograf
Reg0131410,,,
Reg0131420,Musiker/Scenekunst,,balletdanserinde
Reg0131430,Musiker/Scenekunst,,operasanger
Reg0131440,Musiker/Scenekunst,,operasanger
Reg0131450,Musiker/Scenekunst,,operasangerinde
Reg0131460,Musiker/Scenekunst,,komponist
Reg0131470,Akademiker/Lærd;Forfatter/Digter;Musiker/Scenekunst,,student;skuespiller;forfatter
Reg0131480,Handel/Erhverv,,grosserer
Reg0131490,Handel/Erhverv,,bogholder
Reg0131500,Kunstner/Billedkunst,,arkitekt
Reg0131510,Handel/Erhverv,,grosserer;agent
Reg0131520,Handel/Erhverv,,grosserer
Reg0131530,,,
Reg0131540,,,
Reg0131550,,,
Reg0131560,Handel/Erhverv,,proprietær
Reg0131570,Militær,,feltherre
Reg0131580,Akademiker/Lærd,,arkæolog
Reg0131590,Musiker/Scenekunst,,operasangerinde
Reg0131600,Forfatter/Digter,,forfatter
Reg0131610,,,
Reg0131620,Akademiker/Lærd,,læge
Reg0131630,Militær,,premierløjtnant
Reg0131640,Militær,,generalmajor
Reg0131650,,,
Reg0131660,,,
Reg0131670,Adel/Kongelig/Hof,,hofdame
Reg0131680,Adel/Kongelig/Hof;Embedsmand/Jura/Politik;Handel/Erhverv,,godsejer;politiker;kammerherre
Reg0131690,,,
Reg0131700,,,
Reg0131710,Forfatter/Digter,,forfatterinde
Reg0131720,Embedsmand/Jura/Politik;Handel/Erhverv,,fuldmægtig;grosserer
Reg0131730,,,
Reg0131740,,,
Reg0131750,Akademiker/Lærd;Gejstlig;Musiker/Scenekunst,,theolog;komponist;professor
Reg0131760,Forfatter/Digter;Musiker/Scenekunst,bibliotek.html;teater-musik.html,digter
Reg0131770,,,
Reg0131780,,,
Reg0131790,,,
Reg0131800,,,
Reg0131810,Adel/Kongelig/Hof,,kammerjunker
Reg0131820,Adel/Kongelig/Hof;Embedsmand/Jura/Politik;Handel/Erhverv,,kancellist;intendant;intendant;kammerjunker
Reg0131830,,,
Reg0131840,,,
Reg0131850,Akademiker/Lærd,,stadslæge;læge
Reg0131860,Akademiker/Lærd,,professor
Reg0131870,Embedsmand/Jura/Politik,,politiker
Reg0131880,Embedsmand/Jura/Politik;Militær,,auditør;byfoged;borgmester
Reg0131890,,,
Reg0131900,,,
Reg0131910,Gejstlig,,sognepræst
Reg0131920,,,
Reg0131930,Forfatter/Digter,bibliotek.html,
Reg0131940,Forfatter/Digter,bibliotek.html,
Reg0131950,Handel/Erhverv,,købmand
Reg0131960,,,
Reg0131970,Akademiker/Lærd;Forfatter/Digter,,lærerinde;oversætter
Reg0131980,Akademiker/Lærd;Embedsmand/Jura/Politik,,student;inspektør
Reg0131990,,,
Reg0132000,,,
Reg0132010,,,
Reg0132020,,,
Reg0132030,,,
Reg0132040,Akademiker/Lærd,,læge
Reg0132050,,,
Reg0132060,Adel/Kongelig/Hof,,hofchef;prinsesse;kammerherre
Reg0132070,Adel/Kongelig/Hof,,hofdame
Reg0132080,Kunstner/Billedkunst,billedkunst.html,maler
Reg0132090,Handel/Erhverv,,gæstgiver
Reg0132100,Musiker/Scenekunst,,skuespillerinde
Reg0132110,Akademiker/Lærd;Gejstlig,,student;sognepræst
Reg0132120,,,
Reg0132130,Kunstner/Billedkunst,,maler
Reg0132140,,,
Reg0132150,Embedsmand/Jura/Politik,,generalkonsul;etatsraad
Reg0132160,,,
Reg0132170,,,
Reg0132180,Adel/Kongelig/Hof,,kejser
Reg0132190,Adel/Kongelig/Hof,,kejser
Reg0132200,Adel/Kongelig/Hof,,kejser
Reg0132210,Adel/Kongelig/Hof,,kejser
Reg0132220,,,
Reg0132230,Adel/Kongelig/Hof,,kejser
Reg0132240,,,
Reg0132250,,,
Reg0132260,,,
Reg0132270,,,
