page_id,vol,page,year,month,day,kb_url,source_status
Pag010001,I,1,1825-XX,1825-09-XX,1825-09-16 1825-09-17 1825-09-18,https://epub3.kb.dk/hcadag/epub3/EPUB/hcadag01_041_1.xhtml,Needs review
Pag010002,I,2,1825-XX,1825-09-XX,1825-09-18 1825-09-19,https://epub3.kb.dk/hcadag/epub3/EPUB/hcadag01_042_2.xhtml,Needs review
Pag010003,I,3,1825-XX,1825-09-XX,1825-09-19 1825-09-20,https://epub3.kb.dk/hcadag/epub3/EPUB/hcadag01_043_3.xhtml,Needs review
Pag010004,I,4,1825-XX,1825-09-XX,1825-09-20 1825-09-21 1825-09-22 1825-09-23,https://epub3.kb.dk/hcadag/epub3/EPUB/hcadag01_044_4.xhtml,Needs review
Pag010005,I,5,1825-XX,1825-09-XX,1825-09-24 1825-09-25 1825-09-26,https://epub3.kb.dk/hcadag/epub3/EPUB/hcadag01_045_5.xhtml,Needs review
Pag010006,I,6,1825-XX,1825-09-XX,1825-09-27  1825-09-28,https://epub3.kb.dk/hcadag/epub3/EPUB/hcadag01_046_6.xhtml,Needs review
Pag010007,I,7,1825-XX,1825-09-XX 1825-10-XX,1825-09-28 1825-09-29 1825-09-30 1825-09-31 1825-10-01,https://epub3.kb.dk/hcadag/epub3/EPUB/hcadag01_047_7.xhtml,Needs review
Pag010008,I,8,1825-XX,1825-10-XX,1825-10-01 1825-10-02 1825-10-03,https://epub3.kb.dk/hcadag/epub3/EPUB/hcadag01_048_8.xhtml,Needs review
Pag010009,I,9,1825-XX,1825-10-XX,1825-10-04 1825-10-05,https://epub3.kb.dk/hcadag/epub3/EPUB/hcadag01_049_9.xhtml,Needs review
Pag010010,I,10,1825-XX,1825-10-XX,1825-10-05 1825-10-06 1825-10-07,https://epub3.kb.dk/hcadag/epub3/EPUB/hcadag01_050_10.xhtml,Needs review
Pag010011,I,11,1825-XX,1825-10-XX,1825-10-08 1825-10-09 1825-10-10 1825-10-11,https://epub3.kb.dk/hcadag/epub3/EPUB/hcadag01_051_11.xhtml,Needs review
Pag010012,I,12,1825-XX,1825-10-XX,1825-10-11 1825-10-12 1825-10-13 1825-10-14 1825-10-15,https://epub3.kb.dk/hcadag/epub3/EPUB/hcadag01_052_12.xhtml,Needs review
Pag010013,I,13,1825-XX,1825-10-XX,1825-10-27 1825-10-28 1825-10-29 1825-10-30 1825-10-31,https://epub3.kb.dk/hcadag/epub3/EPUB/hcadag01_053_13.xhtml,Needs review
Pag010014,I,14,1825-XX,1825-10-XX 1825-11-XX,1825-10-31 1825-11-01 1825-11-02 1825-11-03 1825-11-04,https://epub3.kb.dk/hcadag/epub3/EPUB/hcadag01_054_14.xhtml,Needs review
Pag010015,I,15,1825-XX,1825-11-XX,1825-11-05 1825-11-06,https://epub3.kb.dk/hcadag/epub3/EPUB/hcadag01_055_15.xhtml,Needs review
Pag010016,I,16,1825-XX,1825-11-XX,1825-11-06 1825-11-07 1825-11-08,https://epub3.kb.dk/hcadag/epub3/EPUB/hcadag01_056_16.xhtml,Needs review
Pag010017,I,17,1825-XX,1825-11-XX,1825-11-09 1825-11-10 1825-11-11 1825-11-12 1825-11-13,https://epub3.kb.dk/hcadag/epub3/EPUB/hcadag01_057_17.xhtml,Needs review
Pag010018,I,18,1825-XX,1825-11-XX,1825-11-13 1825-11-14 1825-11-15 1825-11-16,https://epub3.kb.dk/hcadag/epub3/EPUB/hcadag01_058_18.xhtml,Needs review
Pag010019,I,19,1825-XX,1825-11-XX,1825-11-16 1825-11-17 1825-11-18,https://epub3.kb.dk/hcadag/epub3/EPUB/hcadag01_059_19.xhtml,Needs review
Pag010020,I,20,1825-XX,1825-11-XX,1825-11-19 1825-11-20 1825-11-21 1825-11-22,https://epub3.kb.dk/hcadag/epub3/EPUB/hcadag01_060_20.xhtml,Needs review
Pag010021,I,21,1825-XX,1825-11-XX,1825-11-22 1825-11-23 1825-11-24 1825-11-25,https://epub3.kb.dk/hcadag/epub3/EPUB/hcadag01_061_21.xhtml,Needs review
Pag010022,I,22,1825-XX,1825-11-XX,1825-11-26 1825-11-27 1825-11-28 1825-11-29,https://epub3.kb.dk/hcadag/epub3/EPUB/hcadag01_062_22.xhtml,Needs review
Pag010023,I,23,1825-XX,1825-11-XX 1825-12-XX,1825-11-30 1825-12-01 1825-12-02 1825-12-03 1825-12-04,https://epub3.kb.dk/hcadag/epub3/EPUB/hcadag01_063_23.xhtml,Needs review
Pag010024,I,24,1825-XX,1825-12-XX,1825-12-04 1825-12-05 1825-12-06 1825-12-07,https://epub3.kb.dk/hcadag/epub3/EPUB/hcadag01_064_24.xhtml,Needs review
Pag010025,I,25,1825-XX,1825-12-XX,1825-12-07 1825-12-08,https://epub3.kb.dk/hcadag/epub3/EPUB/hcadag01_065_25.xhtml,Needs review
Pag010026,I,26,1825-XX,1825-12-XX,1825-12-08 1825-12-09 1825-12-10,https://epub3.kb.dk/hcadag/epub3/EPUB/hcadag01_066_26.xhtml,Needs review
Pag010027,I,27,1825-XX,1825-12-XX,1825-12-10 1825-12-11,https://epub3.kb.dk/hcadag/epub3/EPUB/hcadag01_067_27.xhtml,Needs review
Pag010028,I,28,1825-XX,1825-12-XX,1825-12-11 1825-12-12 1825-12-13 1825-12-14 1825-12-15,https://epub3.kb.dk/hcadag/epub3/EPUB/hcadag01_068_28.xhtml,Needs review
Pag010029,I,29,1825-XX,1825-12-XX,1825-12-15 1825-12-16 1825-12-17,https://epub3.kb.dk/hcadag/epub3/EPUB/hcadag01_069_29.xhtml,Needs review
Pag010030,I,30,1825-XX,1825-12-XX,1825-12-17 1825-12-18 1825-12-19,https://epub3.kb.dk/hcadag/epub3/EPUB/hcadag01_070_30.xhtml,Needs review
Pag010031,I,31,1825-XX,1825-12-XX,1825-12-19,https://epub3.kb.dk/hcadag/epub3/EPUB/hcadag01_071_31.xhtml,Needs review
Pag010032,I,32,1825-XX,1825-12-XX,1825-12-19 1825-12-20,https://epub3.kb.dk/hcadag/epub3/EPUB/hcadag01_072_32.xhtml,Needs review
Pag010033,I,33,1825-XX,1825-12-XX,1825-12-20 1825-12-21,https://epub3.kb.dk/hcadag/epub3/EPUB/hcadag01_073_33.xhtml,Needs review
Pag010034,I,34,1825-XX,1825-12-XX,1825-12-21 1825-12-22,https://epub3.kb.dk/hcadag/epub3/EPUB/hcadag01_074_34.xhtml,Needs review
Pag010035,I,35,1825-XX,1825-12-XX,1825-12-22 1825-12-23,https://epub3.kb.dk/hcadag/epub3/EPUB/hcadag01_075_35.xhtml,Needs review
Pag010036,I,36,1825-XX,1825-12-XX,1825-12-23,https://epub3.kb.dk/hcadag/epub3/EPUB/hcadag01_076_36.xhtml,Needs review
Pag010037,I,37,1825-XX,1825-12-XX,1825-12-23 1825-12-24 1825-12-25,https://epub3.kb.dk/hcadag/epub3/EPUB/hcadag01_077_37.xhtml,Needs review
Pag010038,I,38,1825-XX,1825-12-XX,1825-12-25 1825-12-26,https://epub3.kb.dk/hcadag/epub3/EPUB/hcadag01_078_38.xhtml,Needs review
Pag010039,I,39,1825-XX,1825-12-XX,1825-12-26 1825-12-27,https://epub3.kb.dk/hcadag/epub3/EPUB/hcadag01_079_39.xhtml,Needs review
Pag010040,I,40,1825-XX,1825-12-XX,1825-12-27 1825-12-28,https://epub3.kb.dk/hcadag/epub3/EPUB/hcadag01_080_40.xhtml,Needs review
Pag010041,I,41,1825-XX,1825-12-XX,1825-12-28,https://epub3.kb.dk/hcadag/epub3/EPUB/hcadag01_081_41.xhtml,Needs review
Pag010042,I,42,1825-XX,1825-12-XX,1825-12-29 1825-12-30 1825-12-31,https://epub3.kb.dk/hcadag/epub3/EPUB/hcadag01_082_42.xhtml,Needs review
Pag010043,I,43,1826-XX,1826-01-XX,1826-01-01 1826-01-02 1826-01-03 1826-01-04 1826-01-05 1826-01-23 1826-01-24,https://epub3.kb.dk/hcadag/epub3/EPUB/hcadag01_083_43.xhtml,Needs review
Pag010044,I,44,1826-XX,1826-01-XX,1826-01-24 1826-01-25 1826-01-26 1826-01-27,https://epub3.kb.dk/hcadag/epub3/EPUB/hcadag01_084_44.xhtml,Needs review
Pag010045,I,45,1826-XX,1826-01-XX,1826-01-27 1826-01-28,https://epub3.kb.dk/hcadag/epub3/EPUB/hcadag01_085_45.xhtml,Needs review
Pag010046,I,46,1826-XX,1826-01-XX 1826-03-XX,1826-01-28 1826-03-04 1826-03-05 1826-03-06 1826-03-07 1826-03-08,https://epub3.kb.dk/hcadag/epub3/EPUB/hcadag01_086_46.xhtml,Needs review
Pag010047,I,47,1826-XX,1826-03-XX,1826-03-08 1826-03-09 1826-03-10 1826-03-11 1826-03-12 1826-03-13 1826-03-14,https://epub3.kb.dk/hcadag/epub3/EPUB/hcadag01_087_47.xhtml,Needs review
Pag010048,I,48,1826-XX,1826-03-XX,1826-03-14 1826-03-15 1826-03-16 1826-03-17 1826-03-18,https://epub3.kb.dk/hcadag/epub3/EPUB/hcadag01_088_48.xhtml,Needs review
Pag010049,I,49,1826-XX,1826-03-XX,1826-03-18 1826-03-19 1826-03-20 1826-03-21,https://epub3.kb.dk/hcadag/epub3/EPUB/hcadag01_089_49.xhtml,Needs review
Pag010050,I,50,1826-XX,1826-03-XX,1826-03-22 1826-03-23 1826-03-24 1826-03-25 1826-03-26,https://epub3.kb.dk/hcadag/epub3/EPUB/hcadag01_090_50.xhtml,Needs review
Pag010051,I,51,1826-XX,1826-03-XX,1826-03-27 1826-03-28,https://epub3.kb.dk/hcadag/epub3/EPUB/hcadag01_091_51.xhtml,
Pag010052,I,52,1826-XX,1826-03-XX,1826-03-28 1826-03-29 1826-03-30 1826-03-31,https://epub3.kb.dk/hcadag/epub3/EPUB/hcadag01_092_52.xhtml,
Pag010053,I,53,1826-XX,1826-03-XX 1826-04-XX,1826-03-31 1826-04-01 1826-04-02 1826-04-03,https://epub3.kb.dk/hcadag/epub3/EPUB/hcadag01_093_53.xhtml,
Pag010054,I,54,1826-XX,1826-04-XX,1826-04-03 1826-04-04 1826-04-05,https://epub3.kb.dk/hcadag/epub3/EPUB/hcadag01_094_54.xhtml,
Pag010055,I,55,1826-XX,1826-04-XX,1826-04-06 1826-04-07,https://epub3.kb.dk/hcadag/epub3/EPUB/hcadag01_095_55.xhtml,
Pag010056,I,56,1826-XX,1826-04-XX,1826-04-08 1826-04-09 1826-04-10 1826-04-11,https://epub3.kb.dk/hcadag/epub3/EPUB/hcadag01_096_56.xhtml,
Pag010057,I,57,1830-XX,1830-08-XX,1830-08-04 1830-08-05,https://epub3.kb.dk/hcadag/epub3/EPUB/hcadag01_097_57.xhtml,
Pag010058,I,58,1830-XX,1830-08-XX,1830-08-05,https://epub3.kb.dk/hcadag/epub3/EPUB/hcadag01_098_58.xhtml,
Pag010059,I,59,1831-XX,1831-05-XX,1831-05-16,https://epub3.kb.dk/hcadag/epub3/EPUB/hcadag01_099_59.xhtml,
Pag010060,I,60,1831-XX,1831-05-XX,1831-05-16 1831-05-18,https://epub3.kb.dk/hcadag/epub3/EPUB/hcadag01_100_60.xhtml,
Pag010061,I,61,1831-XX,1831-05-XX,1831-05-19,https://epub3.kb.dk/hcadag/epub3/EPUB/hcadag01_101_61.xhtml,
Pag010062,I,62,1831-XX,1831-05-XX,1831-05-19 1831-05-20,https://epub3.kb.dk/hcadag/epub3/EPUB/hcadag01_102_62.xhtml,
Pag010063,I,63,1831-XX,1831-05-XX,1831-05-20 1831-05-21,https://epub3.kb.dk/hcadag/epub3/EPUB/hcadag01_103_63.xhtml,
Pag010064,I,64,1831-XX,1831-05-XX,1831-05-21,https://epub3.kb.dk/hcadag/epub3/EPUB/hcadag01_104_64.xhtml,
Pag010065,I,65,1831-XX,1831-05-XX,1831-05-21,https://epub3.kb.dk/hcadag/epub3/EPUB/hcadag01_105_65.xhtml,
Pag010066,I,66,1831-XX,1831-05-XX,1831-05-21 1831-05-22,https://epub3.kb.dk/hcadag/epub3/EPUB/hcadag01_106_66.xhtml,
Pag010067,I,67,1831-XX,1831-05-XX,1831-05-22 1831-05-23,https://epub3.kb.dk/hcadag/epub3/EPUB/hcadag01_107_67.xhtml,
Pag010068,I,68,1831-XX,1831-05-XX,1831-05-23 1831-05-24,https://epub3.kb.dk/hcadag/epub3/EPUB/hcadag01_108_68.xhtml,
Pag010069,I,69,1831-XX,1831-05-XX,1831-05-24,https://epub3.kb.dk/hcadag/epub3/EPUB/hcadag01_109_69.xhtml,
Pag010070,I,70,1831-XX,1831-05-XX,1831-05-24 1831-05-25,https://epub3.kb.dk/hcadag/epub3/EPUB/hcadag01_110_70.xhtml,
Pag010071,I,71,1831-XX,1831-05-XX,1831-05-25,https://epub3.kb.dk/hcadag/epub3/EPUB/hcadag01_111_71.xhtml,
Pag010072,I,72,1831-XX,1831-05-XX,1831-05-25,https://epub3.kb.dk/hcadag/epub3/EPUB/hcadag01_112_72.xhtml,
Pag010073,I,73,1831-XX,1831-05-XX,1831-05-25 1831-05-26,https://epub3.kb.dk/hcadag/epub3/EPUB/hcadag01_113_73.xhtml,
Pag010074,I,74,1831-XX,1831-05-XX,1831-05-26,https://epub3.kb.dk/hcadag/epub3/EPUB/hcadag01_114_74.xhtml,
Pag010075,I,75,1831-XX,1831-05-XX,1831-05-26,https://epub3.kb.dk/hcadag/epub3/EPUB/hcadag01_115_75.xhtml,
Pag010076,I,76,1831-XX,1831-05-XX,1831-05-26,https://epub3.kb.dk/hcadag/epub3/EPUB/hcadag01_116_76.xhtml,
Pag010077,I,77,1831-XX,1831-05-XX,1831-05-26,https://epub3.kb.dk/hcadag/epub3/EPUB/hcadag01_117_77.xhtml,
Pag010078,I,78,1831-XX,1831-05-XX,1831-05-27,https://epub3.kb.dk/hcadag/epub3/EPUB/hcadag01_118_78.xhtml,
Pag010079,I,79,1831-XX,1831-05-XX,1831-05-27,https://epub3.kb.dk/hcadag/epub3/EPUB/hcadag01_119_79.xhtml,
Pag010080,I,80,1831-XX,1831-05-XX,1831-05-27,https://epub3.kb.dk/hcadag/epub3/EPUB/hcadag01_120_80.xhtml,
Pag010081,I,81,1831-XX,1831-05-XX,1831-05-27,https://epub3.kb.dk/hcadag/epub3/EPUB/hcadag01_121_81.xhtml,
Pag010082,I,82,1831-XX,1831-05-XX,1831-05-28,https://epub3.kb.dk/hcadag/epub3/EPUB/hcadag01_122_82.xhtml,
Pag010083,I,83,1831-XX,1831-05-XX,1831-05-28,https://epub3.kb.dk/hcadag/epub3/EPUB/hcadag01_123_83.xhtml,
Pag010084,I,84,1831-XX,1831-05-XX,1831-05-28 1831-05-29,https://epub3.kb.dk/hcadag/epub3/EPUB/hcadag01_124_84.xhtml,
Pag010085,I,85,1831-XX,1831-05-XX,1831-05-29,https://epub3.kb.dk/hcadag/epub3/EPUB/hcadag01_125_85.xhtml,
Pag010086,I,86,1831-XX,1831-05-XX,1831-05-29 1831-05-30,https://epub3.kb.dk/hcadag/epub3/EPUB/hcadag01_126_86.xhtml,
Pag010087,I,87,1831-XX,1831-05-XX,1831-05-30,https://epub3.kb.dk/hcadag/epub3/EPUB/hcadag01_127_87.xhtml,
Pag010088,I,88,1831-XX,1831-05-XX,1831-05-30 1831-05-31,https://epub3.kb.dk/hcadag/epub3/EPUB/hcadag01_128_88.xhtml,
Pag010089,I,89,1831-XX,1831-05-XX,1831-05-31,https://epub3.kb.dk/hcadag/epub3/EPUB/hcadag01_129_89.xhtml,
Pag010090,I,90,1831-XX,1831-05-XX,1831-05-31,https://epub3.kb.dk/hcadag/epub3/EPUB/hcadag01_130_90.xhtml,
Pag010091,I,91,1831-XX,1831-05-XX 1831-06-XX,1831-05-31 1831-06-01,https://epub3.kb.dk/hcadag/epub3/EPUB/hcadag01_131_91.xhtml,
Pag010092,I,92,1831-XX,1831-06-XX,1831-06-01,https://epub3.kb.dk/hcadag/epub3/EPUB/hcadag01_132_92.xhtml,
Pag010093,I,93,1831-XX,1831-06-XX,1831-06-01 1831-06-02,https://epub3.kb.dk/hcadag/epub3/EPUB/hcadag01_133_93.xhtml,
Pag010094,I,94,1831-XX,1831-06-XX,1831-06-02 1831-06-03,https://epub3.kb.dk/hcadag/epub3/EPUB/hcadag01_134_94.xhtml,
Pag010095,I,95,1831-XX,1831-06-XX,1831-06-03,https://epub3.kb.dk/hcadag/epub3/EPUB/hcadag01_135_95.xhtml,
Pag010096,I,96,1831-XX,1831-06-XX,1831-06-03 1831-06-04,https://epub3.kb.dk/hcadag/epub3/EPUB/hcadag01_136_96.xhtml,
Pag010097,I,97,1831-XX,1831-06-XX,1831-06-04,https://epub3.kb.dk/hcadag/epub3/EPUB/hcadag01_137_97.xhtml,
Pag010098,I,98,1831-XX,1831-06-XX,1831-06-04 1831-06-05,https://epub3.kb.dk/hcadag/epub3/EPUB/hcadag01_138_98.xhtml,
Pag010099,I,99,1831-XX,1831-06-XX,1831-06-05,https://epub3.kb.dk/hcadag/epub3/EPUB/hcadag01_139_99.xhtml,
Pag010100,I,100,1831-XX,1831-06-XX,1831-06-05 1831-06-06,https://epub3.kb.dk/hcadag/epub3/EPUB/hcadag01_140_100.xhtml,
Pag010101,I,101,1831-XX,1831-06-XX,1831-06-06 1831-06-07,https://epub3.kb.dk/hcadag/epub3/EPUB/hcadag01_141_101.xhtml,
Pag010102,I,102,1831-XX,1831-06-XX,1831-06-07,https://epub3.kb.dk/hcadag/epub3/EPUB/hcadag01_142_102.xhtml,
Pag010103,I,103,1831-XX,1831-06-XX,1831-06-07 1831-06-08,https://epub3.kb.dk/hcadag/epub3/EPUB/hcadag01_143_103.xhtml,
Pag010104,I,104,1831-XX,1831-06-XX,1831-06-08 1831-06-09 1831-06-10,https://epub3.kb.dk/hcadag/epub3/EPUB/hcadag01_144_104.xhtml,
Pag010105,I,105,1831-XX,1831-06-XX,1831-06-10 1831-06-11,https://epub3.kb.dk/hcadag/epub3/EPUB/hcadag01_145_105.xhtml,
Pag010106,I,106,1831-XX,1831-06-XX,1831-06-11 1831-06-12,https://epub3.kb.dk/hcadag/epub3/EPUB/hcadag01_146_106.xhtml,
Pag010107,I,107,1831-XX,1831-06-XX,1831-06-12 1831-06-13,https://epub3.kb.dk/hcadag/epub3/EPUB/hcadag01_147_107.xhtml,
Pag010108,I,108,1831-XX,1831-06-XX,1831-06-13,https://epub3.kb.dk/hcadag/epub3/EPUB/hcadag01_148_108.xhtml,
Pag010109,I,109,1831-XX,1831-06-XX,1831-06-13 1831-06-14,https://epub3.kb.dk/hcadag/epub3/EPUB/hcadag01_149_109.xhtml,
Pag010110,I,110,1831-XX,1831-06-XX,1831-06-14,https://epub3.kb.dk/hcadag/epub3/EPUB/hcadag01_150_110.xhtml,
Pag010111,I,111,1831-XX,1831-06-XX,1831-06-14,https://epub3.kb.dk/hcadag/epub3/EPUB/hcadag01_151_111.xhtml,
Pag010112,I,112,1831-XX,1831-06-XX,1831-06-15 1831-06-16,https://epub3.kb.dk/hcadag/epub3/EPUB/hcadag01_152_112.xhtml,
Pag010113,I,113,1831-XX,1831-06-XX,1831-06-16,https://epub3.kb.dk/hcadag/epub3/EPUB/hcadag01_153_113.xhtml,
Pag010114,I,114,1831-XX,1831-06-XX,1831-06-16 1831-06-17 1831-06-18,https://epub3.kb.dk/hcadag/epub3/EPUB/hcadag01_154_114.xhtml,
Pag010115,I,115,1831-XX,1831-06-XX,1831-06-18 1831-06-19 1831-06-20,https://epub3.kb.dk/hcadag/epub3/EPUB/hcadag01_155_115.xhtml,
Pag010116,I,116,1831-XX,1831-06-XX,1831-06-20 1831-06-21 1831-06-22,https://epub3.kb.dk/hcadag/epub3/EPUB/hcadag01_156_116.xhtml,
Pag010117,I,117,1832-XX,1831-06-XX 1832-06-XX,1831-06-22 1831-06-23 1832-06-22,https://epub3.kb.dk/hcadag/epub3/EPUB/hcadag01_157_117.xhtml,
Pag010118,I,118,1832-XX,1832-06-XX,1832-06-22 1832-06-23 1832-06-24 1832-06-25 1832-06-26 1832-06-27,https://epub3.kb.dk/hcadag/epub3/EPUB/hcadag01_158_118.xhtml,
Pag010119,I,119,1833-XX,1833-04-XX,1833-04-22,https://epub3.kb.dk/hcadag/epub3/EPUB/hcadag01_159_119.xhtml,
Pag010120,I,120,1833-XX,1833-04-XX,1833-04-22 1833-04-23 1833-04-24,https://epub3.kb.dk/hcadag/epub3/EPUB/hcadag01_160_120.xhtml,
Pag010121,I,121,1833-XX,1833-04-XX,1833-04-24 1833-04-25,https://epub3.kb.dk/hcadag/epub3/EPUB/hcadag01_161_121.xhtml,
Pag010122,I,122,1833-XX,1833-04-XX,1833-04-25 1833-04-26,https://epub3.kb.dk/hcadag/epub3/EPUB/hcadag01_162_122.xhtml,
Pag010123,I,123,1833-XX,1833-04-XX,1833-04-26,https://epub3.kb.dk/hcadag/epub3/EPUB/hcadag01_163_123.xhtml,
Pag010124,I,124,1833-XX,1833-04-XX,1833-04-26 1833-04-27,https://epub3.kb.dk/hcadag/epub3/EPUB/hcadag01_164_124.xhtml,
Pag010125,I,125,1833-XX,1833-04-XX,1833-04-27,https://epub3.kb.dk/hcadag/epub3/EPUB/hcadag01_165_125.xhtml,
Pag010126,I,126,1833-XX,1833-04-XX,1833-04-27,https://epub3.kb.dk/hcadag/epub3/EPUB/hcadag01_166_126.xhtml,
Pag010127,I,127,1833-XX,1833-04-XX,1833-04-27 1833-04-29,https://epub3.kb.dk/hcadag/epub3/EPUB/hcadag01_167_127.xhtml,
Pag010128,I,128,1833-XX,1833-04-XX,1833-04-29,https://epub3.kb.dk/hcadag/epub3/EPUB/hcadag01_168_128.xhtml,
Pag010129,I,129,1833-XX,1833-04-XX,1833-04-29,https://epub3.kb.dk/hcadag/epub3/EPUB/hcadag01_169_129.xhtml,
Pag010130,I,130,1833-XX,1833-04-XX 1833-05-XX,1833-04-29 1833-05-01,https://epub3.kb.dk/hcadag/epub3/EPUB/hcadag01_170_130.xhtml,
Pag010131,I,131,1833-XX,1833-05-XX,1833-05-01,https://epub3.kb.dk/hcadag/epub3/EPUB/hcadag01_171_131.xhtml,
Pag010132,I,132,1833-XX,1833-05-XX,1833-05-01,https://epub3.kb.dk/hcadag/epub3/EPUB/hcadag01_172_132.xhtml,
Pag010133,I,133,1833-XX,1833-05-XX,1833-05-01,https://epub3.kb.dk/hcadag/epub3/EPUB/hcadag01_173_133.xhtml,
Pag010134,I,134,1833-XX,1833-05-XX,1833-05-01 1833-05-02,https://epub3.kb.dk/hcadag/epub3/EPUB/hcadag01_174_134.xhtml,
Pag010135,I,135,1833-XX,1833-05-XX,1833-05-02 1833-05-03,https://epub3.kb.dk/hcadag/epub3/EPUB/hcadag01_175_135.xhtml,
Pag010136,I,136,1833-XX,1833-05-XX,1833-05-03,https://epub3.kb.dk/hcadag/epub3/EPUB/hcadag01_176_136.xhtml,
Pag010137,I,137,1833-XX,1833-05-XX,1833-05-03,https://epub3.kb.dk/hcadag/epub3/EPUB/hcadag01_177_137.xhtml,
Pag010138,I,138,1833-XX,1833-05-XX,1833-05-03 1833-05-04,https://epub3.kb.dk/hcadag/epub3/EPUB/hcadag01_178_138.xhtml,
Pag010139,I,139,1833-XX,1833-05-XX,1833-05-04 1833-05-05,https://epub3.kb.dk/hcadag/epub3/EPUB/hcadag01_179_139.xhtml,
Pag010140,I,140,1833-XX,1833-05-XX,1833-05-05,https://epub3.kb.dk/hcadag/epub3/EPUB/hcadag01_180_140.xhtml,
Pag010141,I,141,1833-XX,1833-05-XX,1833-05-05 1833-05-06,https://epub3.kb.dk/hcadag/epub3/EPUB/hcadag01_181_141.xhtml,
Pag010142,I,142,1833-XX,1833-05-XX,1833-05-06 1833-05-07 1833-05-10,https://epub3.kb.dk/hcadag/epub3/EPUB/hcadag01_182_142.xhtml,
Pag010143,I,143,1833-XX,1833-05-XX,1833-05-10 1833-05-11,https://epub3.kb.dk/hcadag/epub3/EPUB/hcadag01_183_143.xhtml,
Pag010144,I,144,1833-XX,1833-05-XX,1833-05-11 1833-05-12,https://epub3.kb.dk/hcadag/epub3/EPUB/hcadag01_184_144.xhtml,
Pag010145,I,145,1833-XX,1833-05-XX,1833-05-12 1833-05-13,https://epub3.kb.dk/hcadag/epub3/EPUB/hcadag01_185_145.xhtml,
Pag010146,I,146,1833-XX,1833-05-XX,1833-05-13 1833-05-14 1833-05-15,https://epub3.kb.dk/hcadag/epub3/EPUB/hcadag01_186_146.xhtml,
Pag010147,I,147,1833-XX,1833-05-XX,1833-05-15,https://epub3.kb.dk/hcadag/epub3/EPUB/hcadag01_187_147.xhtml,
Pag010148,I,148,1833-XX,1833-05-XX,1833-05-16 1833-05-17,https://epub3.kb.dk/hcadag/epub3/EPUB/hcadag01_188_148.xhtml,
Pag010149,I,149,1833-XX,1833-05-XX,1833-05-17 1833-05-18 1833-05-19 1833-05-20 1833-05-21,https://epub3.kb.dk/hcadag/epub3/EPUB/hcadag01_189_149.xhtml,
Pag010150,I,150,1833-XX,1833-05-XX,1833-05-21 1833-05-22 1833-05-23 1833-05-24,https://epub3.kb.dk/hcadag/epub3/EPUB/hcadag01_190_150.xhtml,
Pag010151,I,151,1833-XX,1833-05-XX,1833-05-24,https://epub3.kb.dk/hcadag/epub3/EPUB/hcadag01_191_151.xhtml,
Pag010152,I,152,1833-XX,1833-05-XX,1833-05-24 1833-05-25 1833-05-26,https://epub3.kb.dk/hcadag/epub3/EPUB/hcadag01_192_152.xhtml,
Pag010153,I,153,1833-XX,1833-05-XX,1833-05-26 1833-05-27,https://epub3.kb.dk/hcadag/epub3/EPUB/hcadag01_193_153.xhtml,
Pag010154,I,154,1833-XX,1833-05-XX,1833-05-27 1833-05-28 1833-05-29 1833-05-30 1833-05-31,https://epub3.kb.dk/hcadag/epub3/EPUB/hcadag01_194_154.xhtml,
Pag010155,I,155,1833-XX,1833-05-XX 1833-06-XX,1833-05-31 1833-06-01 1833-06-02 1833-06-03 1833-06-04,https://epub3.kb.dk/hcadag/epub3/EPUB/hcadag01_195_155.xhtml,
Pag010156,I,156,1833-XX,1833-06-XX,1833-06-04 1833-06-05 1833-06-06 1833-06-07 1833-06-08 1833-06-09,https://epub3.kb.dk/hcadag/epub3/EPUB/hcadag01_196_156.xhtml,
Pag010157,I,157,1833-XX,1833-06-XX,1833-06-09 1833-06-10 1833-06-11 1833-06-12 1833-06-13,https://epub3.kb.dk/hcadag/epub3/EPUB/hcadag01_197_157.xhtml,
Pag010158,I,158,1833-XX,1833-08-XX,1833-08-15 1833-08-16,https://epub3.kb.dk/hcadag/epub3/EPUB/hcadag01_198_158.xhtml,
Pag010159,I,159,1833-XX,1833-08-XX,1833-08-16,https://epub3.kb.dk/hcadag/epub3/EPUB/hcadag01_199_159.xhtml,
Pag010160,I,160,1833-XX,1833-08-XX,1833-08-16 1833-08-18,https://epub3.kb.dk/hcadag/epub3/EPUB/hcadag01_200_160.xhtml,
Pag010161,I,161,1833-XX,1833-08-XX,1833-08-18 1833-08-19,https://epub3.kb.dk/hcadag/epub3/EPUB/hcadag01_201_161.xhtml,
Pag010162,I,162,1833-XX,1833-08-XX,1833-08-19,https://epub3.kb.dk/hcadag/epub3/EPUB/hcadag01_202_162.xhtml,
Pag010163,I,163,1833-XX,1833-08-XX,1833-08-19,https://epub3.kb.dk/hcadag/epub3/EPUB/hcadag01_203_163.xhtml,
Pag010164,I,164,1833-XX,1833-08-XX,1833-08-19 1833-08-20,https://epub3.kb.dk/hcadag/epub3/EPUB/hcadag01_204_164.xhtml,
Pag010165,I,165,1833-XX,1833-08-XX,1833-08-20 1833-08-21,https://epub3.kb.dk/hcadag/epub3/EPUB/hcadag01_205_165.xhtml,
Pag010166,I,166,1833-XX,1833-08-XX,1833-08-21 1833-08-22,https://epub3.kb.dk/hcadag/epub3/EPUB/hcadag01_206_166.xhtml,
Pag010167,I,167,1833-XX,1833-08-XX,1833-08-22 1833-08-23,https://epub3.kb.dk/hcadag/epub3/EPUB/hcadag01_207_167.xhtml,
Pag010168,I,168,1833-XX,1833-08-XX,1833-08-23 1833-08-24 1833-08-25,https://epub3.kb.dk/hcadag/epub3/EPUB/hcadag01_208_168.xhtml,
Pag010169,I,169,1833-XX,1833-08-XX,1833-08-25 1833-08-26 1833-08-27 1833-08-28,https://epub3.kb.dk/hcadag/epub3/EPUB/hcadag01_209_169.xhtml,
Pag010170,I,170,1833-XX,1833-08-XX 1833-09-XX,1833-08-28 1833-08-29 1833-08-30 1833-08-31 1833-09-01,https://epub3.kb.dk/hcadag/epub3/EPUB/hcadag01_210_170.xhtml,
Pag010171,I,171,1833-XX,1833-09-XX,1833-09-01 1833-09-02 1833-09-03 1833-09-04,https://epub3.kb.dk/hcadag/epub3/EPUB/hcadag01_211_171.xhtml,
Pag010172,I,172,1833-XX,1833-09-XX,1833-09-04 1833-09-05 1833-09-06 1833-09-07,https://epub3.kb.dk/hcadag/epub3/EPUB/hcadag01_212_172.xhtml,
Pag010173,I,173,1833-XX,1833-09-XX,1833-09-07 1833-09-08 1833-09-09 1833-09-10,https://epub3.kb.dk/hcadag/epub3/EPUB/hcadag01_213_173.xhtml,
Pag010174,I,174,1833-XX,1833-09-XX,1833-09-10 1833-09-11 1833-09-12 1833-09-13,https://epub3.kb.dk/hcadag/epub3/EPUB/hcadag01_214_174.xhtml,
Pag010175,I,175,1833-XX,1833-09-XX,1833-09-13 1833-09-14,https://epub3.kb.dk/hcadag/epub3/EPUB/hcadag01_215_175.xhtml,
Pag010176,I,176,1833-XX,1833-09-XX,1833-09-14 1833-09-15,https://epub3.kb.dk/hcadag/epub3/EPUB/hcadag01_216_176.xhtml,
Pag010177,I,177,1833-XX,1833-09-XX,1833-09-15 1833-09-16,https://epub3.kb.dk/hcadag/epub3/EPUB/hcadag01_217_177.xhtml,
Pag010178,I,178,1833-XX,1833-09-XX,1833-09-16 1833-09-17,https://epub3.kb.dk/hcadag/epub3/EPUB/hcadag01_218_178.xhtml,
Pag010179,I,179,1833-XX,1833-09-XX,1833-09-17 1833-09-18 1833-09-19,https://epub3.kb.dk/hcadag/epub3/EPUB/hcadag01_219_179.xhtml,
Pag010180,I,180,1833-XX,1833-09-XX,1833-09-19,https://epub3.kb.dk/hcadag/epub3/EPUB/hcadag01_220_180.xhtml,
Pag010181,I,181,1833-XX,1833-09-XX,1833-09-19,https://epub3.kb.dk/hcadag/epub3/EPUB/hcadag01_221_181.xhtml,
Pag010182,I,182,1833-XX,1833-09-XX,1833-09-19 1833-09-20,https://epub3.kb.dk/hcadag/epub3/EPUB/hcadag01_222_182.xhtml,
Pag010183,I,183,1833-XX,1833-09-XX,1833-09-20,https://epub3.kb.dk/hcadag/epub3/EPUB/hcadag01_223_183.xhtml,
Pag010184,I,184,1833-XX,1833-09-XX,1833-09-20 1833-09-21,https://epub3.kb.dk/hcadag/epub3/EPUB/hcadag01_224_184.xhtml,
Pag010185,I,185,1833-XX,1833-09-XX,1833-09-21 1833-09-22,https://epub3.kb.dk/hcadag/epub3/EPUB/hcadag01_225_185.xhtml,
Pag010186,I,186,1833-XX,1833-09-XX,1833-09-22,https://epub3.kb.dk/hcadag/epub3/EPUB/hcadag01_226_186.xhtml,
Pag010187,I,187,1833-XX,1833-09-XX,1833-09-23 1833-09-24 1833-09-25,https://epub3.kb.dk/hcadag/epub3/EPUB/hcadag01_227_187.xhtml,
Pag010188,I,188,1833-XX,1833-09-XX,1833-09-25 1833-09-26 1833-09-27,https://epub3.kb.dk/hcadag/epub3/EPUB/hcadag01_228_188.xhtml,
Pag010189,I,189,1833-XX,1833-09-XX,1833-09-27,https://epub3.kb.dk/hcadag/epub3/EPUB/hcadag01_229_189.xhtml,
Pag010190,I,190,1833-XX,1833-09-XX,1833-09-27 1833-09-28 1833-09-29,https://epub3.kb.dk/hcadag/epub3/EPUB/hcadag01_230_190.xhtml,
Pag010191,I,191,1833-XX,1833-09-XX,1833-09-29,https://epub3.kb.dk/hcadag/epub3/EPUB/hcadag01_231_191.xhtml,
Pag010192,I,192,1833-XX,1833-09-XX,1833-09-29 1833-09-30,https://epub3.kb.dk/hcadag/epub3/EPUB/hcadag01_232_192.xhtml,
Pag010193,I,193,1833-XX,1833-09-XX 1833-10-XX,1833-09-30 1833-10-01,https://epub3.kb.dk/hcadag/epub3/EPUB/hcadag01_233_193.xhtml,
Pag010194,I,194,1833-XX,1833-10-XX,1833-10-01,https://epub3.kb.dk/hcadag/epub3/EPUB/hcadag01_234_194.xhtml,
Pag010195,I,195,1833-XX,1833-10-XX,1833-10-01 1833-10-02,https://epub3.kb.dk/hcadag/epub3/EPUB/hcadag01_235_195.xhtml,
Pag010196,I,196,1833-XX,1833-10-XX,1833-10-02,https://epub3.kb.dk/hcadag/epub3/EPUB/hcadag01_236_196.xhtml,
Pag010197,I,197,1833-XX,1833-10-XX,1833-10-02 1833-10-03,https://epub3.kb.dk/hcadag/epub3/EPUB/hcadag01_237_197.xhtml,
Pag010198,I,198,1833-XX,1833-10-XX,1833-10-03 1833-10-04,https://epub3.kb.dk/hcadag/epub3/EPUB/hcadag01_238_198.xhtml,
Pag010199,I,199,1833-XX,1833-10-XX,1833-10-04,https://epub3.kb.dk/hcadag/epub3/EPUB/hcadag01_239_199.xhtml,
Pag010200,I,200,1833-XX,1833-10-XX,1833-10-04 1833-10-05,https://epub3.kb.dk/hcadag/epub3/EPUB/hcadag01_240_200.xhtml,
Pag010201,I,201,1833-XX,1833-10-XX,1833-10-05,https://epub3.kb.dk/hcadag/epub3/EPUB/hcadag01_241_201.xhtml,
Pag010202,I,202,1833-XX,1833-10-XX,1833-10-05,https://epub3.kb.dk/hcadag/epub3/EPUB/hcadag01_242_202.xhtml,
Pag010203,I,203,1833-XX,1833-10-XX,1833-10-05 1833-10-06,https://epub3.kb.dk/hcadag/epub3/EPUB/hcadag01_243_203.xhtml,
Pag010204,I,204,1833-XX,1833-10-XX,1833-10-06,https://epub3.kb.dk/hcadag/epub3/EPUB/hcadag01_244_204.xhtml,
Pag010205,I,205,1833-XX,1833-10-XX,1833-10-06 1833-10-07 1833-10-08,https://epub3.kb.dk/hcadag/epub3/EPUB/hcadag01_245_205.xhtml,
Pag010206,I,206,1833-XX,1833-10-XX,1833-10-08 1833-10-09,https://epub3.kb.dk/hcadag/epub3/EPUB/hcadag01_246_206.xhtml,
Pag010207,I,207,1833-XX,1833-10-XX,1833-10-09,https://epub3.kb.dk/hcadag/epub3/EPUB/hcadag01_247_207.xhtml,
Pag010208,I,208,1833-XX,1833-10-XX,1833-10-09,https://epub3.kb.dk/hcadag/epub3/EPUB/hcadag01_248_208.xhtml,
Pag010209,I,209,1833-XX,1833-10-XX,1833-10-09 1833-10-10,https://epub3.kb.dk/hcadag/epub3/EPUB/hcadag01_249_209.xhtml,
Pag010210,I,210,1833-XX,1833-10-XX,1833-10-10 1833-10-11,https://epub3.kb.dk/hcadag/epub3/EPUB/hcadag01_250_210.xhtml,
Pag010211,I,211,1833-XX,1833-10-XX,1833-10-11 1833-10-12 1833-10-13 1833-10-14,https://epub3.kb.dk/hcadag/epub3/EPUB/hcadag01_251_211.xhtml,
Pag010212,I,212,1833-XX,1833-10-XX,1833-10-14,https://epub3.kb.dk/hcadag/epub3/EPUB/hcadag01_252_212.xhtml,
Pag010213,I,213,1833-XX,1833-10-XX,1833-10-14 1833-10-15,https://epub3.kb.dk/hcadag/epub3/EPUB/hcadag01_253_213.xhtml,
Pag010214,I,214,1833-XX,1833-10-XX,1833-10-15 1833-10-16,https://epub3.kb.dk/hcadag/epub3/EPUB/hcadag01_254_214.xhtml,
Pag010215,I,215,1833-XX,1833-10-XX,1833-10-16 1833-10-17,https://epub3.kb.dk/hcadag/epub3/EPUB/hcadag01_255_215.xhtml,
Pag010216,I,216,1833-XX,1833-10-XX,1833-10-17 1833-10-18 1833-10-19,https://epub3.kb.dk/hcadag/epub3/EPUB/hcadag01_256_216.xhtml,
Pag010217,I,217,1833-XX,1833-10-XX,1833-10-19 1833-10-20,https://epub3.kb.dk/hcadag/epub3/EPUB/hcadag01_257_217.xhtml,
Pag010218,I,218,1833-XX,1833-10-XX,1833-10-20 1833-10-21 1833-10-22,https://epub3.kb.dk/hcadag/epub3/EPUB/hcadag01_258_218.xhtml,
Pag010219,I,219,1833-XX,1833-10-XX,1833-10-22 1833-10-23,https://epub3.kb.dk/hcadag/epub3/EPUB/hcadag01_259_219.xhtml,
Pag010220,I,220,1833-XX,1833-10-XX,1833-10-23 1833-10-24,https://epub3.kb.dk/hcadag/epub3/EPUB/hcadag01_260_220.xhtml,
Pag010221,I,221,1833-XX,1833-10-XX,1833-10-24 1833-10-25,https://epub3.kb.dk/hcadag/epub3/EPUB/hcadag01_261_221.xhtml,
Pag010222,I,222,1833-XX,1833-10-XX,1833-10-25,https://epub3.kb.dk/hcadag/epub3/EPUB/hcadag01_262_222.xhtml,
Pag010223,I,223,1833-XX,1833-10-XX,1833-10-25 1833-10-26,https://epub3.kb.dk/hcadag/epub3/EPUB/hcadag01_263_223.xhtml,
Pag010224,I,224,1833-XX,1833-10-XX,1833-10-26 1833-10-27 1833-10-28,https://epub3.kb.dk/hcadag/epub3/EPUB/hcadag01_264_224.xhtml,
Pag010225,I,225,1833-XX,1833-10-XX,1833-10-28 1833-10-29 1833-10-30 1833-10-31,https://epub3.kb.dk/hcadag/epub3/EPUB/hcadag01_265_225.xhtml,
Pag010226,I,226,1833-XX,1833-10-XX 1833-11-XX,1833-10-31 1833-11-01 1833-11-02 1833-11-03 1833-11-04 1833-11-05,https://epub3.kb.dk/hcadag/epub3/EPUB/hcadag01_266_226.xhtml,
Pag010227,I,227,1833-XX,1833-11-XX,1833-11-05 1833-11-06 1833-11-07,https://epub3.kb.dk/hcadag/epub3/EPUB/hcadag01_267_227.xhtml,
Pag010228,I,228,1833-XX,1833-11-XX,1833-11-07 1833-11-08 1833-11-09 1833-11-10,https://epub3.kb.dk/hcadag/epub3/EPUB/hcadag01_268_228.xhtml,
Pag010229,I,229,1833-XX,1833-11-XX,1833-11-10 1833-11-11 1833-11-12,https://epub3.kb.dk/hcadag/epub3/EPUB/hcadag01_269_229.xhtml,
Pag010230,I,230,1833-XX,1833-11-XX,1833-11-12 1833-11-13 1833-11-14 1833-11-15,https://epub3.kb.dk/hcadag/epub3/EPUB/hcadag01_270_230.xhtml,
Pag010231,I,231,1833-XX,1833-11-XX,1833-11-15,https://epub3.kb.dk/hcadag/epub3/EPUB/hcadag01_271_231.xhtml,
Pag010232,I,232,1833-XX,1833-11-XX,1833-11-15 1833-11-16 1833-11-17,https://epub3.kb.dk/hcadag/epub3/EPUB/hcadag01_272_232.xhtml,
Pag010233,I,233,1833-XX,1833-11-XX,1833-11-17 1833-11-18,https://epub3.kb.dk/hcadag/epub3/EPUB/hcadag01_273_233.xhtml,
Pag010234,I,234,1833-XX,1833-11-XX,1833-11-18 1833-11-19 1833-11-20 1833-11-21,https://epub3.kb.dk/hcadag/epub3/EPUB/hcadag01_274_234.xhtml,
Pag010235,I,235,1833-XX,1833-11-XX,1833-11-21 1833-11-22,https://epub3.kb.dk/hcadag/epub3/EPUB/hcadag01_275_235.xhtml,
Pag010236,I,236,1833-XX,1833-11-XX,1833-11-22 1833-11-23,https://epub3.kb.dk/hcadag/epub3/EPUB/hcadag01_276_236.xhtml,
Pag010237,I,237,1833-XX,1833-11-XX,1833-11-23 1833-11-24,https://epub3.kb.dk/hcadag/epub3/EPUB/hcadag01_277_237.xhtml,
Pag010238,I,238,1833-XX,1833-11-XX,1833-11-24 1833-11-25 1833-11-26,https://epub3.kb.dk/hcadag/epub3/EPUB/hcadag01_278_238.xhtml,
Pag010239,I,239,1833-XX,1833-11-XX,1833-11-26 1833-11-27 1833-11-28,https://epub3.kb.dk/hcadag/epub3/EPUB/hcadag01_279_239.xhtml,
Pag010240,I,240,1833-XX,1833-11-XX,1833-11-28 1833-11-29,https://epub3.kb.dk/hcadag/epub3/EPUB/hcadag01_280_240.xhtml,
Pag010241,I,241,1833-XX,1833-11-XX,1833-11-29 1833-11-30,https://epub3.kb.dk/hcadag/epub3/EPUB/hcadag01_281_241.xhtml,
Pag010242,I,242,1833-XX,1833-11-XX 1833-12-XX,1833-11-30 1833-12-01,https://epub3.kb.dk/hcadag/epub3/EPUB/hcadag01_282_242.xhtml,
Pag010243,I,243,1833-XX,1833-12-XX,1833-12-01 1833-12-02,https://epub3.kb.dk/hcadag/epub3/EPUB/hcadag01_283_243.xhtml,
Pag010244,I,244,1833-XX,1833-12-XX,1833-12-02,https://epub3.kb.dk/hcadag/epub3/EPUB/hcadag01_284_244.xhtml,
Pag010245,I,245,1833-XX,1833-12-XX,1833-12-02 1833-12-03 1833-12-04 1833-12-05,https://epub3.kb.dk/hcadag/epub3/EPUB/hcadag01_285_245.xhtml,
Pag010246,I,246,1833-XX,1833-12-XX,1833-12-05 1833-12-06,https://epub3.kb.dk/hcadag/epub3/EPUB/hcadag01_286_246.xhtml,
Pag010247,I,247,1833-XX,1833-12-XX,1833-12-06 1833-12-07 1833-12-08,https://epub3.kb.dk/hcadag/epub3/EPUB/hcadag01_287_247.xhtml,
Pag010248,I,248,1833-XX,1833-12-XX,1833-12-08 1833-12-09 1833-12-10,https://epub3.kb.dk/hcadag/epub3/EPUB/hcadag01_288_248.xhtml,
Pag010249,I,249,1833-XX,1833-12-XX,1833-12-10 1833-12-11 1833-12-12 1833-12-13 1833-12-14,https://epub3.kb.dk/hcadag/epub3/EPUB/hcadag01_289_249.xhtml,
Pag010250,I,250,1833-XX,1833-12-XX,1833-12-14,https://epub3.kb.dk/hcadag/epub3/EPUB/hcadag01_290_250.xhtml,
Pag010251,I,251,1833-XX,1833-12-XX,1833-12-14,https://epub3.kb.dk/hcadag/epub3/EPUB/hcadag01_291_251.xhtml,
Pag010252,I,252,1833-XX,1833-12-XX,1833-12-14 1833-12-15,https://epub3.kb.dk/hcadag/epub3/EPUB/hcadag01_292_252.xhtml,
Pag010253,I,253,1833-XX,1833-12-XX,1833-12-15 1833-12-16 1833-12-17 1833-12-18,https://epub3.kb.dk/hcadag/epub3/EPUB/hcadag01_293_253.xhtml,
Pag010254,I,254,1833-XX,1833-12-XX,1833-12-18,https://epub3.kb.dk/hcadag/epub3/EPUB/hcadag01_294_254.xhtml,
Pag010255,I,255,1833-XX,1833-12-XX,1833-12-18 1833-12-19,https://epub3.kb.dk/hcadag/epub3/EPUB/hcadag01_295_255.xhtml,
Pag010256,I,256,1833-XX,1833-12-XX,1833-12-19 1833-12-20,https://epub3.kb.dk/hcadag/epub3/EPUB/hcadag01_296_256.xhtml,
Pag010257,I,257,1833-XX,1833-12-XX,1833-12-20,https://epub3.kb.dk/hcadag/epub3/EPUB/hcadag01_297_257.xhtml,
Pag010258,I,258,1833-XX,1833-12-XX,1833-12-20 1833-12-21 1833-12-22 1833-12-23,https://epub3.kb.dk/hcadag/epub3/EPUB/hcadag01_298_258.xhtml,
Pag010259,I,259,1833-XX,1833-12-XX,1833-12-23 1833-12-24,https://epub3.kb.dk/hcadag/epub3/EPUB/hcadag01_299_259.xhtml,
Pag010260,I,260,1833-XX,1833-12-XX,1833-12-24 1833-12-25,https://epub3.kb.dk/hcadag/epub3/EPUB/hcadag01_300_260.xhtml,
Pag010261,I,261,1833-XX,1833-12-XX,1833-12-25 1833-12-26,https://epub3.kb.dk/hcadag/epub3/EPUB/hcadag01_301_261.xhtml,
Pag010262,I,262,1833-XX,1833-12-XX,1833-12-26 1833-12-27 1833-12-28,https://epub3.kb.dk/hcadag/epub3/EPUB/hcadag01_302_262.xhtml,
Pag010263,I,263,1833-XX,1833-12-XX,1833-12-28 1833-12-29,https://epub3.kb.dk/hcadag/epub3/EPUB/hcadag01_303_263.xhtml,
Pag010264,I,264,1833-XX,1833-12-XX,1833-12-29 1833-12-30 1833-12-31,https://epub3.kb.dk/hcadag/epub3/EPUB/hcadag01_304_264.xhtml,
Pag010265,I,265,1833-XX,1833-12-XX,1833-12-31,https://epub3.kb.dk/hcadag/epub3/EPUB/hcadag01_305_265.xhtml,
Pag010266,I,266,1834-XX,1834-01-XX,1834-01-01 1834-01-02,https://epub3.kb.dk/hcadag/epub3/EPUB/hcadag01_306_266.xhtml,
Pag010267,I,267,1834-XX,1834-01-XX,1834-01-02 1834-01-03 1834-01-04 1834-01-05,https://epub3.kb.dk/hcadag/epub3/EPUB/hcadag01_307_267.xhtml,
Pag010268,I,268,1834-XX,1834-01-XX,1834-01-05 1834-01-06,https://epub3.kb.dk/hcadag/epub3/EPUB/hcadag01_308_268.xhtml,
Pag010269,I,269,1834-XX,1834-01-XX,1834-01-06 1834-01-07,https://epub3.kb.dk/hcadag/epub3/EPUB/hcadag01_309_269.xhtml,
Pag010270,I,270,1834-XX,1834-01-XX,1834-01-07 1834-01-08,https://epub3.kb.dk/hcadag/epub3/EPUB/hcadag01_310_270.xhtml,
Pag010271,I,271,1834-XX,1834-01-XX,1834-01-08 1834-01-09,https://epub3.kb.dk/hcadag/epub3/EPUB/hcadag01_311_271.xhtml,
Pag010272,I,272,1834-XX,1834-01-XX,1834-01-09 1834-01-10 1834-01-11,https://epub3.kb.dk/hcadag/epub3/EPUB/hcadag01_312_272.xhtml,
Pag010273,I,273,1834-XX,1834-01-XX,1834-01-11,https://epub3.kb.dk/hcadag/epub3/EPUB/hcadag01_313_273.xhtml,
Pag010274,I,274,1834-XX,1834-01-XX,1834-01-11 1834-01-12 1834-01-13,https://epub3.kb.dk/hcadag/epub3/EPUB/hcadag01_314_274.xhtml,
Pag010275,I,275,1834-XX,1834-01-XX,1834-01-13 1834-01-14,https://epub3.kb.dk/hcadag/epub3/EPUB/hcadag01_315_275.xhtml,
Pag010276,I,276,1834-XX,1834-01-XX,1834-01-14,https://epub3.kb.dk/hcadag/epub3/EPUB/hcadag01_316_276.xhtml,
Pag010277,I,277,1834-XX,1834-01-XX,1834-01-14 1834-01-15 1834-01-16,https://epub3.kb.dk/hcadag/epub3/EPUB/hcadag01_317_277.xhtml,
Pag010278,I,278,1834-XX,1834-01-XX,1834-01-16 1834-01-17,https://epub3.kb.dk/hcadag/epub3/EPUB/hcadag01_318_278.xhtml,
Pag010279,I,279,1834-XX,1834-01-XX,1834-01-18 1834-01-19,https://epub3.kb.dk/hcadag/epub3/EPUB/hcadag01_319_279.xhtml,
Pag010280,I,280,1834-XX,1834-01-XX,1834-01-19,https://epub3.kb.dk/hcadag/epub3/EPUB/hcadag01_320_280.xhtml,
Pag010281,I,281,1834-XX,1834-01-XX,1834-01-19 1834-01-20,https://epub3.kb.dk/hcadag/epub3/EPUB/hcadag01_321_281.xhtml,
Pag010282,I,282,1834-XX,1834-01-XX,1834-01-20,https://epub3.kb.dk/hcadag/epub3/EPUB/hcadag01_322_282.xhtml,
Pag010283,I,283,1834-XX,1834-01-XX,1834-01-20 1834-01-21,https://epub3.kb.dk/hcadag/epub3/EPUB/hcadag01_323_283.xhtml,
Pag010284,I,284,1834-XX,1834-01-XX,1834-01-21 1834-01-22,https://epub3.kb.dk/hcadag/epub3/EPUB/hcadag01_324_284.xhtml,
Pag010285,I,285,1834-XX,1834-01-XX,1834-01-22 1834-01-23,https://epub3.kb.dk/hcadag/epub3/EPUB/hcadag01_325_285.xhtml,
Pag010286,I,286,1834-XX,1834-01-XX,1834-01-23 1834-01-24,https://epub3.kb.dk/hcadag/epub3/EPUB/hcadag01_326_286.xhtml,
Pag010287,I,287,1834-XX,1834-01-XX,1834-01-25 1834-01-26,https://epub3.kb.dk/hcadag/epub3/EPUB/hcadag01_327_287.xhtml,
Pag010288,I,288,1834-XX,1834-01-XX,1834-01-26 1834-01-27,https://epub3.kb.dk/hcadag/epub3/EPUB/hcadag01_328_288.xhtml,
Pag010289,I,289,1834-XX,1834-01-XX,1834-01-27,https://epub3.kb.dk/hcadag/epub3/EPUB/hcadag01_329_289.xhtml,
Pag010290,I,290,1834-XX,1834-01-XX,1834-01-27 1834-01-28,https://epub3.kb.dk/hcadag/epub3/EPUB/hcadag01_330_290.xhtml,
Pag010291,I,291,1834-XX,1834-01-XX,1834-01-28 1834-01-29,https://epub3.kb.dk/hcadag/epub3/EPUB/hcadag01_331_291.xhtml,
Pag010292,I,292,1834-XX,1834-01-XX,1834-01-29 1834-01-30 1834-01-31,https://epub3.kb.dk/hcadag/epub3/EPUB/hcadag01_332_292.xhtml,
Pag010293,I,293,1834-XX,1834-01-XX 1834-02-XX,1834-01-31 1834-02-01,https://epub3.kb.dk/hcadag/epub3/EPUB/hcadag01_333_293.xhtml,
Pag010294,I,294,1834-XX,1834-02-XX,1834-02-01 1834-02-02,https://epub3.kb.dk/hcadag/epub3/EPUB/hcadag01_334_294.xhtml,
Pag010295,I,295,1834-XX,1834-02-XX,1834-02-02 1834-02-03,https://epub3.kb.dk/hcadag/epub3/EPUB/hcadag01_335_295.xhtml,
Pag010296,I,296,1834-XX,1834-02-XX,1834-02-03,https://epub3.kb.dk/hcadag/epub3/EPUB/hcadag01_336_296.xhtml,
Pag010297,I,297,1834-XX,1834-02-XX,1834-02-03 1834-02-04,https://epub3.kb.dk/hcadag/epub3/EPUB/hcadag01_337_297.xhtml,
Pag010298,I,298,1834-XX,1834-02-XX,1834-02-04,https://epub3.kb.dk/hcadag/epub3/EPUB/hcadag01_338_298.xhtml,
Pag010299,I,299,1834-XX,1834-02-XX,1834-02-04,https://epub3.kb.dk/hcadag/epub3/EPUB/hcadag01_339_299.xhtml,
Pag010300,I,300,1834-XX,1834-02-XX,1834-02-04 1834-02-05,https://epub3.kb.dk/hcadag/epub3/EPUB/hcadag01_340_300.xhtml,
Pag010301,I,301,1834-XX,1834-02-XX,1834-02-05,https://epub3.kb.dk/hcadag/epub3/EPUB/hcadag01_341_301.xhtml,
Pag010302,I,302,1834-XX,1834-02-XX,1834-02-05 1834-02-06,https://epub3.kb.dk/hcadag/epub3/EPUB/hcadag01_342_302.xhtml,
Pag010303,I,303,1834-XX,1834-02-XX,1834-02-06 1834-02-07,https://epub3.kb.dk/hcadag/epub3/EPUB/hcadag01_343_303.xhtml,
Pag010304,I,304,1834-XX,1834-02-XX,1834-02-07 1834-02-08,https://epub3.kb.dk/hcadag/epub3/EPUB/hcadag01_344_304.xhtml,
Pag010305,I,305,1834-XX,1834-02-XX,1834-02-08 1834-02-09,https://epub3.kb.dk/hcadag/epub3/EPUB/hcadag01_345_305.xhtml,
Pag010306,I,306,1834-XX,1834-02-XX,1834-02-09 1834-02-10,https://epub3.kb.dk/hcadag/epub3/EPUB/hcadag01_346_306.xhtml,
Pag010307,I,307,1834-XX,1834-02-XX,1834-02-10 1834-02-11 1834-02-12,https://epub3.kb.dk/hcadag/epub3/EPUB/hcadag01_347_307.xhtml,
Pag010308,I,308,1834-XX,1834-02-XX,1834-02-12,https://epub3.kb.dk/hcadag/epub3/EPUB/hcadag01_348_308.xhtml,
Pag010309,I,309,1834-XX,1834-02-XX,1834-02-13,https://epub3.kb.dk/hcadag/epub3/EPUB/hcadag01_349_309.xhtml,
Pag010310,I,310,1834-XX,1834-02-XX,1834-02-13 1834-02-14,https://epub3.kb.dk/hcadag/epub3/EPUB/hcadag01_350_310.xhtml,
Pag010311,I,311,1834-XX,1834-02-XX,1834-02-14 1834-02-15,https://epub3.kb.dk/hcadag/epub3/EPUB/hcadag01_351_311.xhtml,
Pag010312,I,312,1834-XX,1834-02-XX,1834-02-15 1834-02-16,https://epub3.kb.dk/hcadag/epub3/EPUB/hcadag01_352_312.xhtml,
Pag010313,I,313,1834-XX,1834-02-XX,1834-02-16,https://epub3.kb.dk/hcadag/epub3/EPUB/hcadag01_353_313.xhtml,
Pag010314,I,314,1834-XX,1834-02-XX,1834-02-16 1834-02-17,https://epub3.kb.dk/hcadag/epub3/EPUB/hcadag01_354_314.xhtml,
Pag010315,I,315,1834-XX,1834-02-XX,1834-02-17 1834-02-18 1834-02-19,https://epub3.kb.dk/hcadag/epub3/EPUB/hcadag01_355_315.xhtml,
Pag010316,I,316,1834-XX,1834-02-XX,1834-02-19 1834-02-20,https://epub3.kb.dk/hcadag/epub3/EPUB/hcadag01_356_316.xhtml,
Pag010317,I,317,1834-XX,1834-02-XX,1834-02-20,https://epub3.kb.dk/hcadag/epub3/EPUB/hcadag01_357_317.xhtml,
Pag010318,I,318,1834-XX,1834-02-XX,1834-02-20 1834-02-21,https://epub3.kb.dk/hcadag/epub3/EPUB/hcadag01_358_318.xhtml,
Pag010319,I,319,1834-XX,1834-02-XX,1834-02-21 1834-02-22,https://epub3.kb.dk/hcadag/epub3/EPUB/hcadag01_359_319.xhtml,
Pag010320,I,320,1834-XX,1834-02-XX,1834-02-22 1834-02-23,https://epub3.kb.dk/hcadag/epub3/EPUB/hcadag01_360_320.xhtml,
Pag010321,I,321,1834-XX,1834-02-XX,1834-02-23 1834-02-24,https://epub3.kb.dk/hcadag/epub3/EPUB/hcadag01_361_321.xhtml,
Pag010322,I,322,1834-XX,1834-02-XX,1834-02-24,https://epub3.kb.dk/hcadag/epub3/EPUB/hcadag01_362_322.xhtml,
Pag010323,I,323,1834-XX,1834-02-XX,1834-02-24,https://epub3.kb.dk/hcadag/epub3/EPUB/hcadag01_363_323.xhtml,
Pag010324,I,324,1834-XX,1834-02-XX,1834-02-24,https://epub3.kb.dk/hcadag/epub3/EPUB/hcadag01_364_324.xhtml,
Pag010325,I,325,1834-XX,1834-02-XX,1834-02-24,https://epub3.kb.dk/hcadag/epub3/EPUB/hcadag01_365_325.xhtml,
Pag010326,I,326,1834-XX,1834-02-XX,1834-02-24,https://epub3.kb.dk/hcadag/epub3/EPUB/hcadag01_366_326.xhtml,
Pag010327,I,327,1834-XX,1834-02-XX,1834-02-25 1834-02-26,https://epub3.kb.dk/hcadag/epub3/EPUB/hcadag01_367_327.xhtml,
Pag010328,I,328,1834-XX,1834-02-XX,1834-02-26,https://epub3.kb.dk/hcadag/epub3/EPUB/hcadag01_368_328.xhtml,
Pag010329,I,329,1834-XX,1834-02-XX,1834-02-26 1834-02-27,https://epub3.kb.dk/hcadag/epub3/EPUB/hcadag01_369_329.xhtml,
Pag010330,I,330,1834-XX,1834-02-XX,1834-02-27,https://epub3.kb.dk/hcadag/epub3/EPUB/hcadag01_370_330.xhtml,
Pag010331,I,331,1834-XX,1834-02-XX,1834-02-27 1834-02-28,https://epub3.kb.dk/hcadag/epub3/EPUB/hcadag01_371_331.xhtml,
Pag010332,I,332,1834-XX,1834-02-XX 1834-03-XX,1834-02-28 1834-03-01,https://epub3.kb.dk/hcadag/epub3/EPUB/hcadag01_372_332.xhtml,
Pag010333,I,333,1834-XX,1834-03-XX,1834-03-01 1834-03-02,https://epub3.kb.dk/hcadag/epub3/EPUB/hcadag01_373_333.xhtml,
Pag010334,I,334,1834-XX,1834-03-XX,1834-03-02 1834-03-03,https://epub3.kb.dk/hcadag/epub3/EPUB/hcadag01_374_334.xhtml,
Pag010335,I,335,1834-XX,1834-03-XX,1834-03-03,https://epub3.kb.dk/hcadag/epub3/EPUB/hcadag01_375_335.xhtml,
Pag010336,I,336,1834-XX,1834-03-XX,1834-03-03,https://epub3.kb.dk/hcadag/epub3/EPUB/hcadag01_376_336.xhtml,
Pag010337,I,337,1834-XX,1834-03-XX,1834-03-03 1834-03-04,https://epub3.kb.dk/hcadag/epub3/EPUB/hcadag01_377_337.xhtml,
Pag010338,I,338,1834-XX,1834-03-XX,1834-03-04,https://epub3.kb.dk/hcadag/epub3/EPUB/hcadag01_378_338.xhtml,
Pag010339,I,339,1834-XX,1834-03-XX,1834-03-05,https://epub3.kb.dk/hcadag/epub3/EPUB/hcadag01_379_339.xhtml,
Pag010340,I,340,1834-XX,1834-03-XX,1834-03-05,https://epub3.kb.dk/hcadag/epub3/EPUB/hcadag01_380_340.xhtml,
Pag010341,I,341,1834-XX,1834-03-XX,1834-03-05 1834-03-06,https://epub3.kb.dk/hcadag/epub3/EPUB/hcadag01_381_341.xhtml,
Pag010342,I,342,1834-XX,1834-03-XX,1834-03-06,https://epub3.kb.dk/hcadag/epub3/EPUB/hcadag01_382_342.xhtml,
Pag010343,I,343,1834-XX,1834-03-XX,1834-03-06,https://epub3.kb.dk/hcadag/epub3/EPUB/hcadag01_383_343.xhtml,
Pag010344,I,344,1834-XX,1834-03-XX,1834-03-06 1834-03-07,https://epub3.kb.dk/hcadag/epub3/EPUB/hcadag01_384_344.xhtml,
Pag010345,I,345,1834-XX,1834-03-XX,1834-03-07,https://epub3.kb.dk/hcadag/epub3/EPUB/hcadag01_385_345.xhtml,
Pag010346,I,346,1834-XX,1834-03-XX,1834-03-07 1834-03-08 1834-03-09 1834-03-10,https://epub3.kb.dk/hcadag/epub3/EPUB/hcadag01_386_346.xhtml,
Pag010347,I,347,1834-XX,1834-03-XX,1834-03-10,https://epub3.kb.dk/hcadag/epub3/EPUB/hcadag01_387_347.xhtml,
Pag010348,I,348,1834-XX,1834-03-XX,1834-03-10 1834-03-11,https://epub3.kb.dk/hcadag/epub3/EPUB/hcadag01_388_348.xhtml,
Pag010349,I,349,1834-XX,1834-03-XX,1834-03-11,https://epub3.kb.dk/hcadag/epub3/EPUB/hcadag01_389_349.xhtml,
Pag010350,I,350,1834-XX,1834-03-XX,1834-03-11 1834-03-12,https://epub3.kb.dk/hcadag/epub3/EPUB/hcadag01_390_350.xhtml,
Pag010351,I,351,1834-XX,1834-03-XX,1834-03-12 1834-03-13,https://epub3.kb.dk/hcadag/epub3/EPUB/hcadag01_391_351.xhtml,
Pag010352,I,352,1834-XX,1834-03-XX,1834-03-13 1834-03-14,https://epub3.kb.dk/hcadag/epub3/EPUB/hcadag01_392_352.xhtml,
Pag010353,I,353,1834-XX,1834-03-XX,1834-03-14,https://epub3.kb.dk/hcadag/epub3/EPUB/hcadag01_393_353.xhtml,
Pag010354,I,354,1834-XX,1834-03-XX,1834-03-14,https://epub3.kb.dk/hcadag/epub3/EPUB/hcadag01_394_354.xhtml,
Pag010355,I,355,1834-XX,1834-03-XX,1834-03-14,https://epub3.kb.dk/hcadag/epub3/EPUB/hcadag01_395_355.xhtml,
Pag010356,I,356,1834-XX,1834-03-XX,1834-03-14 1834-03-15,https://epub3.kb.dk/hcadag/epub3/EPUB/hcadag01_396_356.xhtml,
Pag010357,I,357,1834-XX,1834-03-XX,1834-03-15,https://epub3.kb.dk/hcadag/epub3/EPUB/hcadag01_397_357.xhtml,
Pag010358,I,358,1834-XX,1834-03-XX,1834-03-15 1834-03-16 1834-03-17,https://epub3.kb.dk/hcadag/epub3/EPUB/hcadag01_398_358.xhtml,
Pag010359,I,359,1834-XX,1834-03-XX,1834-03-17 1834-03-18,https://epub3.kb.dk/hcadag/epub3/EPUB/hcadag01_399_359.xhtml,
Pag010360,I,360,1834-XX,1834-03-XX,1834-03-18 1834-03-19,https://epub3.kb.dk/hcadag/epub3/EPUB/hcadag01_400_360.xhtml,
Pag010361,I,361,1834-XX,1834-03-XX,1834-03-19,https://epub3.kb.dk/hcadag/epub3/EPUB/hcadag01_401_361.xhtml,
Pag010362,I,362,1834-XX,1834-03-XX,1834-03-19 1834-03-20,https://epub3.kb.dk/hcadag/epub3/EPUB/hcadag01_402_362.xhtml,
Pag010363,I,363,1834-XX,1834-03-XX,1834-03-20 1834-03-21,https://epub3.kb.dk/hcadag/epub3/EPUB/hcadag01_403_363.xhtml,
Pag010364,I,364,1834-XX,1834-03-XX,1834-03-21,https://epub3.kb.dk/hcadag/epub3/EPUB/hcadag01_404_364.xhtml,
Pag010365,I,365,1834-XX,1834-03-XX,1834-03-21 1834-03-22,https://epub3.kb.dk/hcadag/epub3/EPUB/hcadag01_405_365.xhtml,
Pag010366,I,366,1834-XX,1834-03-XX,1834-03-22 1834-03-23 1834-03-24,https://epub3.kb.dk/hcadag/epub3/EPUB/hcadag01_406_366.xhtml,
Pag010367,I,367,1834-XX,1834-03-XX,1834-03-24 1834-03-25 1834-03-26,https://epub3.kb.dk/hcadag/epub3/EPUB/hcadag01_407_367.xhtml,
Pag010368,I,368,1834-XX,1834-03-XX,1834-03-26,https://epub3.kb.dk/hcadag/epub3/EPUB/hcadag01_408_368.xhtml,
Pag010369,I,369,1834-XX,1834-03-XX,1834-03-26 1834-03-27,https://epub3.kb.dk/hcadag/epub3/EPUB/hcadag01_409_369.xhtml,
Pag010370,I,370,1834-XX,1834-03-XX,1834-03-27 1834-03-28,https://epub3.kb.dk/hcadag/epub3/EPUB/hcadag01_410_370.xhtml,
Pag010371,I,371,1834-XX,1834-03-XX,1834-03-28 1834-03-29,https://epub3.kb.dk/hcadag/epub3/EPUB/hcadag01_411_371.xhtml,
Pag010372,I,372,1834-XX,1834-03-XX,1834-03-29 1834-03-30,https://epub3.kb.dk/hcadag/epub3/EPUB/hcadag01_412_372.xhtml,
Pag010373,I,373,1834-XX,1834-03-XX,1834-03-30 1834-03-31,https://epub3.kb.dk/hcadag/epub3/EPUB/hcadag01_413_373.xhtml,
Pag010374,I,374,1834-XX,1834-03-XX,1834-03-31,https://epub3.kb.dk/hcadag/epub3/EPUB/hcadag01_414_374.xhtml,
Pag010375,I,375,1834-XX,1834-03-XX 1834-04-XX,1834-03-31 1834-04-01,https://epub3.kb.dk/hcadag/epub3/EPUB/hcadag01_415_375.xhtml,
Pag010376,I,376,1834-XX,1834-04-XX,1834-04-01 1834-04-02,https://epub3.kb.dk/hcadag/epub3/EPUB/hcadag01_416_376.xhtml,
Pag010377,I,377,1834-XX,1834-04-XX,1834-04-02,https://epub3.kb.dk/hcadag/epub3/EPUB/hcadag01_417_377.xhtml,
Pag010378,I,378,1834-XX,1834-04-XX,1834-04-02 1834-04-03,https://epub3.kb.dk/hcadag/epub3/EPUB/hcadag01_418_378.xhtml,
Pag010379,I,379,1834-XX,1834-04-XX,1834-04-03 1834-04-04,https://epub3.kb.dk/hcadag/epub3/EPUB/hcadag01_419_379.xhtml,
Pag010380,I,380,1834-XX,1834-04-XX,1834-04-04,https://epub3.kb.dk/hcadag/epub3/EPUB/hcadag01_420_380.xhtml,
Pag010381,I,381,1834-XX,1834-04-XX,1834-04-04 1834-04-05 1834-04-06,https://epub3.kb.dk/hcadag/epub3/EPUB/hcadag01_421_381.xhtml,
Pag010382,I,382,1834-XX,1834-04-XX,1834-04-07 1834-04-08,https://epub3.kb.dk/hcadag/epub3/EPUB/hcadag01_422_382.xhtml,
Pag010383,I,383,1834-XX,1834-04-XX,1834-04-08,https://epub3.kb.dk/hcadag/epub3/EPUB/hcadag01_423_383.xhtml,
Pag010384,I,384,1834-XX,1834-04-XX,1834-04-09,https://epub3.kb.dk/hcadag/epub3/EPUB/hcadag01_424_384.xhtml,
Pag010385,I,385,1834-XX,1834-04-XX,1834-04-09 1834-04-10,https://epub3.kb.dk/hcadag/epub3/EPUB/hcadag01_425_385.xhtml,
Pag010386,I,386,1834-XX,1834-04-XX,1834-04-10 1834-04-11,https://epub3.kb.dk/hcadag/epub3/EPUB/hcadag01_426_386.xhtml,
Pag010387,I,387,1834-XX,1834-04-XX,1834-04-11 1834-04-12,https://epub3.kb.dk/hcadag/epub3/EPUB/hcadag01_427_387.xhtml,
Pag010388,I,388,1834-XX,1834-04-XX,1834-04-12 1834-04-13,https://epub3.kb.dk/hcadag/epub3/EPUB/hcadag01_428_388.xhtml,
Pag010389,I,389,1834-XX,1834-04-XX,1834-04-13 1834-04-14,https://epub3.kb.dk/hcadag/epub3/EPUB/hcadag01_429_389.xhtml,
Pag010390,I,390,1834-XX,1834-04-XX,1834-04-14 1834-04-15,https://epub3.kb.dk/hcadag/epub3/EPUB/hcadag01_430_390.xhtml,
Pag010391,I,391,1834-XX,1834-04-XX,1834-04-15,https://epub3.kb.dk/hcadag/epub3/EPUB/hcadag01_431_391.xhtml,
Pag010392,I,392,1834-XX,1834-04-XX,1834-04-15 1834-04-16,https://epub3.kb.dk/hcadag/epub3/EPUB/hcadag01_432_392.xhtml,
Pag010393,I,393,1834-XX,1834-04-XX,1834-04-16 1834-04-17,https://epub3.kb.dk/hcadag/epub3/EPUB/hcadag01_433_393.xhtml,
Pag010394,I,394,1834-XX,1834-04-XX,1834-04-17,https://epub3.kb.dk/hcadag/epub3/EPUB/hcadag01_434_394.xhtml,
Pag010395,I,395,1834-XX,1834-04-XX,1834-04-17,https://epub3.kb.dk/hcadag/epub3/EPUB/hcadag01_435_395.xhtml,
Pag010396,I,396,1834-XX,1834-04-XX,1834-04-17 1834-04-18,https://epub3.kb.dk/hcadag/epub3/EPUB/hcadag01_436_396.xhtml,
Pag010397,I,397,1834-XX,1834-04-XX,1834-04-18 1834-04-19,https://epub3.kb.dk/hcadag/epub3/EPUB/hcadag01_437_397.xhtml,
Pag010398,I,398,1834-XX,1834-04-XX,1834-04-19,https://epub3.kb.dk/hcadag/epub3/EPUB/hcadag01_438_398.xhtml,
Pag010399,I,399,1834-XX,1834-04-XX,1834-04-19 1834-04-20,https://epub3.kb.dk/hcadag/epub3/EPUB/hcadag01_439_399.xhtml,
Pag010400,I,400,1834-XX,1834-04-XX,1834-04-20,https://epub3.kb.dk/hcadag/epub3/EPUB/hcadag01_440_400.xhtml,
Pag010401,I,401,1834-XX,1834-04-XX,1834-04-20 1834-04-21,https://epub3.kb.dk/hcadag/epub3/EPUB/hcadag01_441_401.xhtml,
Pag010402,I,402,1834-XX,1834-04-XX,1834-04-21,https://epub3.kb.dk/hcadag/epub3/EPUB/hcadag01_442_402.xhtml,
Pag010403,I,403,1834-XX,1834-04-XX,1834-04-21,https://epub3.kb.dk/hcadag/epub3/EPUB/hcadag01_443_403.xhtml,
Pag010404,I,404,1834-XX,1834-04-XX,1834-04-21 1834-04-22,https://epub3.kb.dk/hcadag/epub3/EPUB/hcadag01_444_404.xhtml,
Pag010405,I,405,1834-XX,1834-04-XX,1834-04-22 1834-04-23,https://epub3.kb.dk/hcadag/epub3/EPUB/hcadag01_445_405.xhtml,
Pag010406,I,406,1834-XX,1834-04-XX,1834-04-23 1834-04-24,https://epub3.kb.dk/hcadag/epub3/EPUB/hcadag01_446_406.xhtml,
Pag010407,I,407,1834-XX,1834-04-XX,1834-04-24 1834-04-25,https://epub3.kb.dk/hcadag/epub3/EPUB/hcadag01_447_407.xhtml,
Pag010408,I,408,1834-XX,1834-04-XX,1834-04-25 1834-04-26,https://epub3.kb.dk/hcadag/epub3/EPUB/hcadag01_448_408.xhtml,
Pag010409,I,409,1834-XX,1834-04-XX,1834-04-26 1834-04-27,https://epub3.kb.dk/hcadag/epub3/EPUB/hcadag01_449_409.xhtml,
Pag010410,I,410,1834-XX,1834-04-XX,1834-04-27,https://epub3.kb.dk/hcadag/epub3/EPUB/hcadag01_450_410.xhtml,
Pag010411,I,411,1834-XX,1834-04-XX,1834-04-27 1834-04-28,https://epub3.kb.dk/hcadag/epub3/EPUB/hcadag01_451_411.xhtml,
Pag010412,I,412,1834-XX,1834-04-XX,1834-04-28,https://epub3.kb.dk/hcadag/epub3/EPUB/hcadag01_452_412.xhtml,
Pag010413,I,413,1834-XX,1834-04-XX,1834-04-28 1834-04-29 1834-04-30,https://epub3.kb.dk/hcadag/epub3/EPUB/hcadag01_453_413.xhtml,
Pag010414,I,414,1834-XX,1834-04-XX 1834-05-XX,1834-04-30 1834-05-01,https://epub3.kb.dk/hcadag/epub3/EPUB/hcadag01_454_414.xhtml,
Pag010415,I,415,1834-XX,1834-05-XX,1834-05-01 1834-05-02 1834-05-03,https://epub3.kb.dk/hcadag/epub3/EPUB/hcadag01_455_415.xhtml,
Pag010416,I,416,1834-XX,1834-05-XX,1834-05-03 1834-05-04,https://epub3.kb.dk/hcadag/epub3/EPUB/hcadag01_456_416.xhtml,
Pag010417,I,417,1834-XX,1834-05-XX,1834-05-04 1834-05-05 1834-05-06,https://epub3.kb.dk/hcadag/epub3/EPUB/hcadag01_457_417.xhtml,
Pag010418,I,418,1834-XX,1834-05-XX,1834-05-06 1834-05-07,https://epub3.kb.dk/hcadag/epub3/EPUB/hcadag01_458_418.xhtml,
Pag010419,I,419,1834-XX,1834-05-XX,1834-05-07 1834-05-08,https://epub3.kb.dk/hcadag/epub3/EPUB/hcadag01_459_419.xhtml,
Pag010420,I,420,1834-XX,1834-05-XX,1834-05-08 1834-05-09,https://epub3.kb.dk/hcadag/epub3/EPUB/hcadag01_460_420.xhtml,
Pag010421,I,421,1834-XX,1834-05-XX,1834-05-09 1834-05-10 1834-05-11,https://epub3.kb.dk/hcadag/epub3/EPUB/hcadag01_461_421.xhtml,
Pag010422,I,422,1834-XX,1834-05-XX,1834-05-11,https://epub3.kb.dk/hcadag/epub3/EPUB/hcadag01_462_422.xhtml,
Pag010423,I,423,1834-XX,1834-05-XX,1834-05-11 1834-05-12 1834-05-13,https://epub3.kb.dk/hcadag/epub3/EPUB/hcadag01_463_423.xhtml,
Pag010424,I,424,1834-XX,1834-05-XX,1834-05-13 1834-05-14 1834-05-15 1834-05-16,https://epub3.kb.dk/hcadag/epub3/EPUB/hcadag01_464_424.xhtml,
Pag010425,I,425,1834-XX,1834-05-XX,1834-05-16,https://epub3.kb.dk/hcadag/epub3/EPUB/hcadag01_465_425.xhtml,
Pag010426,I,426,1834-XX,1834-05-XX,1834-05-16 1834-05-17,https://epub3.kb.dk/hcadag/epub3/EPUB/hcadag01_466_426.xhtml,
Pag010427,I,427,1834-XX,1834-05-XX,1834-05-17 1834-05-18 1834-05-19,https://epub3.kb.dk/hcadag/epub3/EPUB/hcadag01_467_427.xhtml,
Pag010428,I,428,1834-XX,1834-05-XX,1834-05-19 1834-05-20,https://epub3.kb.dk/hcadag/epub3/EPUB/hcadag01_468_428.xhtml,
Pag010429,I,429,1834-XX,1834-05-XX,1834-05-20 1834-05-21 1834-05-22,https://epub3.kb.dk/hcadag/epub3/EPUB/hcadag01_469_429.xhtml,
Pag010430,I,430,1834-XX,1834-05-XX,1834-05-22 1834-05-23,https://epub3.kb.dk/hcadag/epub3/EPUB/hcadag01_470_430.xhtml,
Pag010431,I,431,1834-XX,1834-05-XX,1834-05-23 1834-05-24 1834-05-25,https://epub3.kb.dk/hcadag/epub3/EPUB/hcadag01_471_431.xhtml,
Pag010432,I,432,1834-XX,1834-05-XX,1834-05-25 1834-05-26,https://epub3.kb.dk/hcadag/epub3/EPUB/hcadag01_472_432.xhtml,
Pag010433,I,433,1834-XX,1834-05-XX,1834-05-26,https://epub3.kb.dk/hcadag/epub3/EPUB/hcadag01_473_433.xhtml,
Pag010434,I,434,1834-XX,1834-05-XX,1834-05-27 1834-05-28,https://epub3.kb.dk/hcadag/epub3/EPUB/hcadag01_474_434.xhtml,
Pag010435,I,435,1834-XX,1834-05-XX,1834-05-28,https://epub3.kb.dk/hcadag/epub3/EPUB/hcadag01_475_435.xhtml,
Pag010436,I,436,1834-XX,1834-05-XX,1834-05-29,https://epub3.kb.dk/hcadag/epub3/EPUB/hcadag01_476_436.xhtml,
Pag010437,I,437,1834-XX,1834-05-XX,1834-05-29 1834-05-30,https://epub3.kb.dk/hcadag/epub3/EPUB/hcadag01_477_437.xhtml,
Pag010438,I,438,1834-XX,1834-05-XX,1834-05-30,https://epub3.kb.dk/hcadag/epub3/EPUB/hcadag01_478_438.xhtml,
Pag010439,I,439,1834-XX,1834-05-XX,1834-05-30 1834-05-31,https://epub3.kb.dk/hcadag/epub3/EPUB/hcadag01_479_439.xhtml,
Pag010440,I,440,1834-XX,1834-05-XX 1834-06-XX,1834-05-31 1834-06-01,https://epub3.kb.dk/hcadag/epub3/EPUB/hcadag01_480_440.xhtml,
Pag010441,I,441,1834-XX,1834-06-XX,1834-06-01 1834-06-02,https://epub3.kb.dk/hcadag/epub3/EPUB/hcadag01_481_441.xhtml,
Pag010442,I,442,1834-XX,1834-06-XX,1834-06-02,https://epub3.kb.dk/hcadag/epub3/EPUB/hcadag01_482_442.xhtml,
Pag010443,I,443,1834-XX,1834-06-XX,1834-06-02 1834-06-03,https://epub3.kb.dk/hcadag/epub3/EPUB/hcadag01_483_443.xhtml,
Pag010444,I,444,1834-XX,1834-06-XX,1834-06-03,https://epub3.kb.dk/hcadag/epub3/EPUB/hcadag01_484_444.xhtml,
Pag010445,I,445,1834-XX,1834-06-XX,1834-06-03 1834-06-04,https://epub3.kb.dk/hcadag/epub3/EPUB/hcadag01_485_445.xhtml,
Pag010446,I,446,1834-XX,1834-06-XX,1834-06-04,https://epub3.kb.dk/hcadag/epub3/EPUB/hcadag01_486_446.xhtml,
Pag010447,I,447,1834-XX,1834-06-XX,1834-06-04 1834-06-05,https://epub3.kb.dk/hcadag/epub3/EPUB/hcadag01_487_447.xhtml,
Pag010448,I,448,1834-XX,1834-06-XX,1834-06-05 1834-06-06,https://epub3.kb.dk/hcadag/epub3/EPUB/hcadag01_488_448.xhtml,
Pag010449,I,449,1834-XX,1834-06-XX,1834-06-06 1834-06-07,https://epub3.kb.dk/hcadag/epub3/EPUB/hcadag01_489_449.xhtml,
Pag010450,I,450,1834-XX,1834-06-XX,1834-06-07 1834-06-08,https://epub3.kb.dk/hcadag/epub3/EPUB/hcadag01_490_450.xhtml,
Pag010451,I,451,1834-XX,1834-06-XX,1834-06-08 1834-06-09,https://epub3.kb.dk/hcadag/epub3/EPUB/hcadag01_491_451.xhtml,
Pag010452,I,452,1834-XX,1834-06-XX,1834-06-09 1834-06-10,https://epub3.kb.dk/hcadag/epub3/EPUB/hcadag01_492_452.xhtml,
Pag010453,I,453,1834-XX,1834-06-XX,1834-06-10,https://epub3.kb.dk/hcadag/epub3/EPUB/hcadag01_493_453.xhtml,
Pag010454,I,454,1834-XX,1834-06-XX,1834-06-10,https://epub3.kb.dk/hcadag/epub3/EPUB/hcadag01_494_454.xhtml,
Pag010455,I,455,1834-XX,1834-06-XX,1834-06-11 1834-06-12,https://epub3.kb.dk/hcadag/epub3/EPUB/hcadag01_495_455.xhtml,
Pag010456,I,456,1834-XX,1834-06-XX,1834-06-12 1834-06-13,https://epub3.kb.dk/hcadag/epub3/EPUB/hcadag01_496_456.xhtml,
Pag010457,I,457,1834-XX,1834-06-XX,1834-06-13 1834-06-14 1834-06-15,https://epub3.kb.dk/hcadag/epub3/EPUB/hcadag01_497_457.xhtml,
Pag010458,I,458,1834-XX,1834-06-XX,1834-06-15 1834-06-16,https://epub3.kb.dk/hcadag/epub3/EPUB/hcadag01_498_458.xhtml,
Pag010459,I,459,1834-XX,1834-06-XX,1834-06-16 1834-06-17 1834-06-18,https://epub3.kb.dk/hcadag/epub3/EPUB/hcadag01_499_459.xhtml,
Pag010460,I,460,1834-XX,1834-06-XX,1834-06-18 1834-06-19,https://epub3.kb.dk/hcadag/epub3/EPUB/hcadag01_500_460.xhtml,
Pag010461,I,461,1834-XX,1834-06-XX,1834-06-19 1834-06-20,https://epub3.kb.dk/hcadag/epub3/EPUB/hcadag01_501_461.xhtml,
Pag010462,I,462,1834-XX,1834-06-XX,1834-06-20,https://epub3.kb.dk/hcadag/epub3/EPUB/hcadag01_502_462.xhtml,
Pag010463,I,463,1834-XX,1834-06-XX,1834-06-20,https://epub3.kb.dk/hcadag/epub3/EPUB/hcadag01_503_463.xhtml,
Pag010464,I,464,1834-XX,1834-06-XX,1834-06-20,https://epub3.kb.dk/hcadag/epub3/EPUB/hcadag01_504_464.xhtml,
Pag010465,I,465,1834-XX,1834-06-XX,1834-06-21 1834-06-22,https://epub3.kb.dk/hcadag/epub3/EPUB/hcadag01_505_465.xhtml,
Pag010466,I,466,1834-XX,1834-06-XX,1834-06-22,https://epub3.kb.dk/hcadag/epub3/EPUB/hcadag01_506_466.xhtml,
Pag010467,I,467,1834-XX,1834-06-XX,1834-06-22 1834-06-23 1834-06-24,https://epub3.kb.dk/hcadag/epub3/EPUB/hcadag01_507_467.xhtml,
Pag010468,I,468,1834-XX,1834-06-XX,1834-06-24 1834-06-25 1834-06-26,https://epub3.kb.dk/hcadag/epub3/EPUB/hcadag01_508_468.xhtml,
Pag010469,I,469,1834-XX,1834-06-XX,1834-06-26 1834-06-27,https://epub3.kb.dk/hcadag/epub3/EPUB/hcadag01_509_469.xhtml,
Pag010470,I,470,1834-XX,1834-06-XX,1834-06-27 1834-06-28,https://epub3.kb.dk/hcadag/epub3/EPUB/hcadag01_510_470.xhtml,
Pag010471,I,471,1834-XX,1834-06-XX,1834-06-28 1834-06-29,https://epub3.kb.dk/hcadag/epub3/EPUB/hcadag01_511_471.xhtml,
Pag010472,I,472,1834-XX,1834-06-XX,1834-06-29 1834-06-30,https://epub3.kb.dk/hcadag/epub3/EPUB/hcadag01_512_472.xhtml,
Pag010473,I,473,1834-XX,1834-06-XX 1834-07-XX,1834-06-30 1834-07-01,https://epub3.kb.dk/hcadag/epub3/EPUB/hcadag01_513_473.xhtml,
Pag010474,I,474,1834-XX,1834-07-XX,1834-07-01 1834-07-02,https://epub3.kb.dk/hcadag/epub3/EPUB/hcadag01_514_474.xhtml,
Pag010475,I,475,1834-XX,1834-07-XX,1834-07-02,https://epub3.kb.dk/hcadag/epub3/EPUB/hcadag01_515_475.xhtml,
Pag010476,I,476,1834-XX,1834-07-XX,1834-07-02,https://epub3.kb.dk/hcadag/epub3/EPUB/hcadag01_516_476.xhtml,
Pag010477,I,477,1834-XX,1834-07-XX,1834-07-02 1834-07-03 1834-07-04,https://epub3.kb.dk/hcadag/epub3/EPUB/hcadag01_517_477.xhtml,
Pag010478,I,478,1834-XX,1834-07-XX,1834-07-04,https://epub3.kb.dk/hcadag/epub3/EPUB/hcadag01_518_478.xhtml,
Pag010479,I,479,1834-XX,1834-07-XX,1834-07-04 1834-07-05 1834-07-06,https://epub3.kb.dk/hcadag/epub3/EPUB/hcadag01_519_479.xhtml,
Pag010480,I,480,1834-XX,1834-07-XX,1834-07-06,https://epub3.kb.dk/hcadag/epub3/EPUB/hcadag01_520_480.xhtml,
Pag010481,I,481,1834-XX,1834-07-XX,1834-07-06 1834-07-07 1834-07-08,https://epub3.kb.dk/hcadag/epub3/EPUB/hcadag01_521_481.xhtml,
Pag010482,I,482,1834-XX,1834-07-XX,1834-07-08,https://epub3.kb.dk/hcadag/epub3/EPUB/hcadag01_522_482.xhtml,
Pag010483,I,483,1834-XX,1834-07-XX,1834-07-08 1834-07-09,https://epub3.kb.dk/hcadag/epub3/EPUB/hcadag01_523_483.xhtml,
Pag010484,I,484,1834-XX,1834-07-XX,1834-07-09,https://epub3.kb.dk/hcadag/epub3/EPUB/hcadag01_524_484.xhtml,
Pag010485,I,485,1834-XX,1834-07-XX,1834-07-09,https://epub3.kb.dk/hcadag/epub3/EPUB/hcadag01_525_485.xhtml,
Pag010486,I,486,1834-XX,1834-07-XX,1834-07-09,https://epub3.kb.dk/hcadag/epub3/EPUB/hcadag01_526_486.xhtml,
Pag010487,I,487,1834-XX,1834-07-XX,1834-07-09 1834-07-11,https://epub3.kb.dk/hcadag/epub3/EPUB/hcadag01_527_487.xhtml,
Pag010488,I,488,1834-XX,1834-07-XX,1834-07-11 1834-07-12,https://epub3.kb.dk/hcadag/epub3/EPUB/hcadag01_528_488.xhtml,
Pag010489,I,489,1834-XX,1834-07-XX,1834-07-12,https://epub3.kb.dk/hcadag/epub3/EPUB/hcadag01_529_489.xhtml,
Pag010490,I,490,1834-XX,1834-07-XX,1834-07-12,https://epub3.kb.dk/hcadag/epub3/EPUB/hcadag01_530_490.xhtml,
Pag010491,I,491,1834-XX,1834-07-XX,1834-07-12 1834-07-13,https://epub3.kb.dk/hcadag/epub3/EPUB/hcadag01_531_491.xhtml,
Pag010492,I,492,1834-XX,1834-07-XX,1834-07-13 1834-07-14,https://epub3.kb.dk/hcadag/epub3/EPUB/hcadag01_532_492.xhtml,
Pag010493,I,493,1834-XX,1834-07-XX,1834-07-14,https://epub3.kb.dk/hcadag/epub3/EPUB/hcadag01_533_493.xhtml,
Pag010494,I,494,1834-XX,1834-07-XX,1834-07-14,https://epub3.kb.dk/hcadag/epub3/EPUB/hcadag01_534_494.xhtml,
Pag010495,I,495,1834-XX,1834-07-XX,1834-07-14 1834-07-15,https://epub3.kb.dk/hcadag/epub3/EPUB/hcadag01_535_495.xhtml,
Pag010496,I,496,1834-XX,1834-07-XX,1834-07-15 1834-07-16,https://epub3.kb.dk/hcadag/epub3/EPUB/hcadag01_536_496.xhtml,
Pag010497,I,497,1834-XX,1834-07-XX,1834-07-16,https://epub3.kb.dk/hcadag/epub3/EPUB/hcadag01_537_497.xhtml,
Pag010498,I,498,1834-XX,1834-07-XX,1834-07-16 1834-07-17,https://epub3.kb.dk/hcadag/epub3/EPUB/hcadag01_538_498.xhtml,
Pag010499,I,499,1834-XX,1834-07-XX,1834-07-17 1834-07-18,https://epub3.kb.dk/hcadag/epub3/EPUB/hcadag01_539_499.xhtml,
Pag010500,I,500,1834-XX,1834-07-XX,1834-07-18 1834-07-19,https://epub3.kb.dk/hcadag/epub3/EPUB/hcadag01_540_500.xhtml,
Pag010501,I,501,1834-XX,1834-07-XX,1834-07-19 1834-07-20,https://epub3.kb.dk/hcadag/epub3/EPUB/hcadag01_541_501.xhtml,
Pag010502,I,502,1834-XX,1834-07-XX,1834-07-20,https://epub3.kb.dk/hcadag/epub3/EPUB/hcadag01_542_502.xhtml,
Pag010503,I,503,1834-XX,1834-07-XX,1834-07-20 1834-07-21,https://epub3.kb.dk/hcadag/epub3/EPUB/hcadag01_543_503.xhtml,
Pag010504,I,504,1834-XX,1834-07-XX,1834-07-21 1834-07-22 1834-07-23,https://epub3.kb.dk/hcadag/epub3/EPUB/hcadag01_544_504.xhtml,
Pag010505,I,505,1834-XX,1834-07-XX,1834-07-23 1834-07-24,https://epub3.kb.dk/hcadag/epub3/EPUB/hcadag01_545_505.xhtml,
Pag010506,I,506,1834-XX,1834-07-XX,1834-07-24,https://epub3.kb.dk/hcadag/epub3/EPUB/hcadag01_546_506.xhtml,
Pag010507,I,507,1834-XX,1834-07-XX,1834-07-24 1834-07-25,https://epub3.kb.dk/hcadag/epub3/EPUB/hcadag01_547_507.xhtml,
Pag010508,I,508,1834-XX,1834-07-XX,1834-07-25 1834-07-26,https://epub3.kb.dk/hcadag/epub3/EPUB/hcadag01_548_508.xhtml,
Pag010509,I,509,1834-XX,1834-07-XX,1834-07-26 1834-07-27,https://epub3.kb.dk/hcadag/epub3/EPUB/hcadag01_549_509.xhtml,
Pag010510,I,510,1834-XX,1834-07-XX,1834-07-27 1834-07-28 1834-07-29,https://epub3.kb.dk/hcadag/epub3/EPUB/hcadag01_550_510.xhtml,
Pag010511,I,511,1834-XX,1834-07-XX,1834-07-29 1834-07-30,https://epub3.kb.dk/hcadag/epub3/EPUB/hcadag01_551_511.xhtml,
Pag020001,II,1,1836-XX,1836-06-XX,1836-06-01,https://epub3.kb.dk/hcadag/epub3/EPUB/hcadag02_029_1.xhtml,
Pag020002,II,2,1836-XX,1836-06-XX,1836-06-01 1836-06-02 1836-06-03 1836-06-04,https://epub3.kb.dk/hcadag/epub3/EPUB/hcadag02_030_2.xhtml,
Pag020003,II,3,1836-XX,1836-06-XX,1836-06-04 1836-06-05,https://epub3.kb.dk/hcadag/epub3/EPUB/hcadag02_031_3.xhtml,
Pag020004,II,4,1836-XX,1836-06-XX,1836-06-05 1836-06-06 1836-06-07,https://epub3.kb.dk/hcadag/epub3/EPUB/hcadag02_032_4.xhtml,
Pag020005,II,5,1836-XX,1836-06-XX,1836-06-07 1836-06-08 1836-06-09 1836-06-10,https://epub3.kb.dk/hcadag/epub3/EPUB/hcadag02_033_5.xhtml,
Pag020006,II,6,1837-XX,1837-06-XX,1837-06-20 1837-06-21 1837-06-22,https://epub3.kb.dk/hcadag/epub3/EPUB/hcadag02_034_6.xhtml,
Pag020007,II,7,1837-XX,1837-06-XX,1837-06-22 1837-06-23 1837-06-24,https://epub3.kb.dk/hcadag/epub3/EPUB/hcadag02_035_7.xhtml,
Pag020008,II,8,1837-XX,1837-06-XX,1837-06-24 1837-06-25,https://epub3.kb.dk/hcadag/epub3/EPUB/hcadag02_036_8.xhtml,
Pag020009,II,9,1837-XX,1837-06-XX,1837-06-25,https://epub3.kb.dk/hcadag/epub3/EPUB/hcadag02_037_9.xhtml,
Pag020010,II,10,1837-XX,1837-06-XX,1837-06-25 1837-06-26,https://epub3.kb.dk/hcadag/epub3/EPUB/hcadag02_038_10.xhtml,
Pag020011,II,11,1837-XX,1837-06-XX,1837-06-26 1837-06-27,https://epub3.kb.dk/hcadag/epub3/EPUB/hcadag02_039_11.xhtml,
Pag020012,II,12,1837-XX,1837-06-XX,1837-06-27 1837-06-28,https://epub3.kb.dk/hcadag/epub3/EPUB/hcadag02_040_12.xhtml,
Pag020013,II,13,1837-XX,1837-06-XX,1837-06-28,https://epub3.kb.dk/hcadag/epub3/EPUB/hcadag02_041_13.xhtml,
Pag020014,II,14,1837-XX,1837-06-XX 1837-07-XX,1837-06-28 1837-07-01,https://epub3.kb.dk/hcadag/epub3/EPUB/hcadag02_042_14.xhtml,
Pag020015,II,15,1837-XX,1837-07-XX,1837-07-01 1837-07-02,https://epub3.kb.dk/hcadag/epub3/EPUB/hcadag02_043_15.xhtml,
Pag020016,II,16,1837-XX,1837-07-XX,1837-07-02 1837-07-03,https://epub3.kb.dk/hcadag/epub3/EPUB/hcadag02_044_16.xhtml,
Pag020017,II,17,1837-XX,1837-07-XX,1837-07-03 1837-07-04,https://epub3.kb.dk/hcadag/epub3/EPUB/hcadag02_045_17.xhtml,
Pag020018,II,18,1837-XX,1837-07-XX,1837-07-04 1837-07-05,https://epub3.kb.dk/hcadag/epub3/EPUB/hcadag02_046_18.xhtml,
Pag020019,II,19,1837-XX,1837-07-XX,1837-07-05,https://epub3.kb.dk/hcadag/epub3/EPUB/hcadag02_047_19.xhtml,
Pag020020,II,20,1837-XX,1837-07-XX,1837-07-05,https://epub3.kb.dk/hcadag/epub3/EPUB/hcadag02_048_20.xhtml,
Pag020021,II,21,1837-XX,1837-07-XX,1837-07-06 1837-07-07,https://epub3.kb.dk/hcadag/epub3/EPUB/hcadag02_049_21.xhtml,
Pag020022,II,22,1837-XX,1837-07-XX,1837-07-07,https://epub3.kb.dk/hcadag/epub3/EPUB/hcadag02_050_22.xhtml,
Pag020023,II,23,1837-XX,1837-07-XX,1837-07-07 1837-07-08 1837-07-09,https://epub3.kb.dk/hcadag/epub3/EPUB/hcadag02_051_23.xhtml,
Pag020024,II,24,1837-XX,1837-07-XX,1837-07-09 1837-07-10,https://epub3.kb.dk/hcadag/epub3/EPUB/hcadag02_052_24.xhtml,
Pag020025,II,25,1837-XX,1837-07-XX,1837-07-10 1837-07-11,https://epub3.kb.dk/hcadag/epub3/EPUB/hcadag02_053_25.xhtml,
Pag020026,II,26,1837-XX,1837-07-XX,1837-07-11 1837-07-12 1837-07-13,https://epub3.kb.dk/hcadag/epub3/EPUB/hcadag02_054_26.xhtml,
Pag020027,II,27,1837-XX,1837-07-XX,1837-07-13 1837-07-14,https://epub3.kb.dk/hcadag/epub3/EPUB/hcadag02_055_27.xhtml,
Pag020028,II,28,1837-XX,1837-07-XX,1837-07-14 1837-07-15 1837-07-16 1837-07-17,https://epub3.kb.dk/hcadag/epub3/EPUB/hcadag02_056_28.xhtml,
Pag020029,II,29,1837-XX,1837-07-XX,1837-07-17 1837-07-18,https://epub3.kb.dk/hcadag/epub3/EPUB/hcadag02_057_29.xhtml,
Pag020030,II,30,1837-XX,1837-07-XX,1837-07-18,https://epub3.kb.dk/hcadag/epub3/EPUB/hcadag02_058_30.xhtml,
Pag020031,II,31,1837-XX,1837-07-XX 1837-12-XX,1837-07-18 1837-07-19 1837-12-11,https://epub3.kb.dk/hcadag/epub3/EPUB/hcadag02_059_31.xhtml,
Pag020032,II,32,1837-XX,1837-12-XX,1837-12-11,https://epub3.kb.dk/hcadag/epub3/EPUB/hcadag02_060_32.xhtml,
Pag020033,II,33,1839-XX,1839-06-XX,1839-06-22,https://epub3.kb.dk/hcadag/epub3/EPUB/hcadag02_061_33.xhtml,
Pag020034,II,34,1839-XX,1839-06-XX,1839-06-22 1839-06-23,https://epub3.kb.dk/hcadag/epub3/EPUB/hcadag02_062_34.xhtml,
Pag020035,II,35,1839-XX,1839-06-XX,1839-06-23 1839-06-24,https://epub3.kb.dk/hcadag/epub3/EPUB/hcadag02_063_35.xhtml,
Pag020036,II,36,1839-XX,1839-06-XX,1839-06-24 1839-06-25 1839-06-26 1839-06-27,https://epub3.kb.dk/hcadag/epub3/EPUB/hcadag02_064_36.xhtml,
Pag020037,II,37,1839-XX,1839-06-XX,1839-06-27,https://epub3.kb.dk/hcadag/epub3/EPUB/hcadag02_065_37.xhtml,
Pag020038,II,38,1839-XX,1839-06-XX,1839-06-27 1839-06-28,https://epub3.kb.dk/hcadag/epub3/EPUB/hcadag02_066_38.xhtml,
Pag020039,II,39,1839-XX,1839-06-XX,1839-06-28 1839-06-29 1839-06-30,https://epub3.kb.dk/hcadag/epub3/EPUB/hcadag02_067_39.xhtml,
Pag020040,II,40,1839-XX,1839-06-XX 1839-07-XX,1839-06-30 1839-07-01 1839-07-13,https://epub3.kb.dk/hcadag/epub3/EPUB/hcadag02_068_40.xhtml,
Pag020041,II,41,1840-XX,1840-10-XX 1840-11-XX,1840-10-31 1840-11-01,https://epub3.kb.dk/hcadag/epub3/EPUB/hcadag02_069_41.xhtml,
Pag020042,II,42,1840-XX,1840-11-XX,1840-11-01 1840-11-02,https://epub3.kb.dk/hcadag/epub3/EPUB/hcadag02_070_42.xhtml,
Pag020043,II,43,1840-XX,1840-11-XX,1840-11-02 1840-11-03 1840-11-04,https://epub3.kb.dk/hcadag/epub3/EPUB/hcadag02_071_43.xhtml,
Pag020044,II,44,1840-XX,1840-11-XX,1840-11-04 1840-11-05,https://epub3.kb.dk/hcadag/epub3/EPUB/hcadag02_072_44.xhtml,
Pag020045,II,45,1840-XX,1840-11-XX,1840-11-05,https://epub3.kb.dk/hcadag/epub3/EPUB/hcadag02_073_45.xhtml,
Pag020046,II,46,1840-XX,1840-11-XX,1840-11-05 1840-11-06,https://epub3.kb.dk/hcadag/epub3/EPUB/hcadag02_074_46.xhtml,
Pag020047,II,47,1840-XX,1840-11-XX,1840-11-06 1840-11-07,https://epub3.kb.dk/hcadag/epub3/EPUB/hcadag02_075_47.xhtml,
Pag020048,II,48,1840-XX,1840-11-XX,1840-11-07 1840-11-08 1840-11-09,https://epub3.kb.dk/hcadag/epub3/EPUB/hcadag02_076_48.xhtml,
Pag020049,II,49,1840-XX,1840-11-XX,1840-11-09 1840-11-10,https://epub3.kb.dk/hcadag/epub3/EPUB/hcadag02_077_49.xhtml,
Pag020050,II,50,1840-XX,1840-11-XX,1840-11-10 1840-11-11,https://epub3.kb.dk/hcadag/epub3/EPUB/hcadag02_078_50.xhtml,
Pag020051,II,51,1840-XX,1840-11-XX,1840-11-11,https://epub3.kb.dk/hcadag/epub3/EPUB/hcadag02_079_51.xhtml,
Pag020052,II,52,1840-XX,1840-11-XX,1840-11-11 1840-11-12,https://epub3.kb.dk/hcadag/epub3/EPUB/hcadag02_080_52.xhtml,
Pag020053,II,53,1840-XX,1840-11-XX,1840-11-12,https://epub3.kb.dk/hcadag/epub3/EPUB/hcadag02_081_53.xhtml,
Pag020054,II,54,1840-XX,1840-11-XX,1840-11-12 1840-11-13,https://epub3.kb.dk/hcadag/epub3/EPUB/hcadag02_082_54.xhtml,
Pag020055,II,55,1840-XX,1840-11-XX,1840-11-13 1840-11-14,https://epub3.kb.dk/hcadag/epub3/EPUB/hcadag02_083_55.xhtml,
Pag020056,II,56,1840-XX,1840-11-XX,1840-11-14 1840-11-15,https://epub3.kb.dk/hcadag/epub3/EPUB/hcadag02_084_56.xhtml,
Pag020057,II,57,1840-XX,1840-11-XX,1840-11-15 1840-11-16,https://epub3.kb.dk/hcadag/epub3/EPUB/hcadag02_085_57.xhtml,
Pag020058,II,58,1840-XX,1840-11-XX,1840-11-16 1840-11-17,https://epub3.kb.dk/hcadag/epub3/EPUB/hcadag02_086_58.xhtml,
Pag020059,II,59,1840-XX,1840-11-XX,1840-11-17 1840-11-18,https://epub3.kb.dk/hcadag/epub3/EPUB/hcadag02_087_59.xhtml,
Pag020060,II,60,1840-XX,1840-11-XX,1840-11-18 1840-11-19 1840-11-20,https://epub3.kb.dk/hcadag/epub3/EPUB/hcadag02_088_60.xhtml,
Pag020061,II,61,1840-XX,1840-11-XX,1840-11-20 1840-11-21,https://epub3.kb.dk/hcadag/epub3/EPUB/hcadag02_089_61.xhtml,
Pag020062,II,62,1840-XX,1840-11-XX,1840-11-21 1840-11-22 1840-11-23,https://epub3.kb.dk/hcadag/epub3/EPUB/hcadag02_090_62.xhtml,
Pag020063,II,63,1840-XX,1840-11-XX,1840-11-23 1840-11-24,https://epub3.kb.dk/hcadag/epub3/EPUB/hcadag02_091_63.xhtml,
Pag020064,II,64,1840-XX,1840-11-XX,1840-11-24 1840-11-25 1840-11-26 1840-11-27,https://epub3.kb.dk/hcadag/epub3/EPUB/hcadag02_092_64.xhtml,
Pag020065,II,65,1840-XX,1840-11-XX,1840-11-27,https://epub3.kb.dk/hcadag/epub3/EPUB/hcadag02_093_65.xhtml,
Pag020066,II,66,1840-XX,1840-11-XX,1840-11-27,https://epub3.kb.dk/hcadag/epub3/EPUB/hcadag02_094_66.xhtml,
Pag020067,II,67,1840-XX,1840-11-XX,1840-11-27 1840-11-28 1840-11-29,https://epub3.kb.dk/hcadag/epub3/EPUB/hcadag02_095_67.xhtml,
Pag020068,II,68,1840-XX,1840-11-XX,1840-11-29 1840-11-30,https://epub3.kb.dk/hcadag/epub3/EPUB/hcadag02_096_68.xhtml,
Pag020069,II,69,1840-XX,1840-11-XX 1840-12-XX,1840-11-30 1840-12-01 1840-12-02,https://epub3.kb.dk/hcadag/epub3/EPUB/hcadag02_097_69.xhtml,
Pag020070,II,70,1840-XX,1840-12-XX,1840-12-02 1840-12-03,https://epub3.kb.dk/hcadag/epub3/EPUB/hcadag02_098_70.xhtml,
Pag020071,II,71,1840-XX,1840-12-XX,1840-12-03 1840-12-04,https://epub3.kb.dk/hcadag/epub3/EPUB/hcadag02_099_71.xhtml,
Pag020072,II,72,1840-XX,1840-12-XX,1840-12-04 1840-12-05,https://epub3.kb.dk/hcadag/epub3/EPUB/hcadag02_100_72.xhtml,
Pag020073,II,73,1840-XX,1840-12-XX,1840-12-05,https://epub3.kb.dk/hcadag/epub3/EPUB/hcadag02_101_73.xhtml,
Pag020074,II,74,1840-XX,1840-12-XX,1840-12-05 1840-12-06 1840-12-07,https://epub3.kb.dk/hcadag/epub3/EPUB/hcadag02_102_74.xhtml,
Pag020075,II,75,1840-XX,1840-12-XX,1840-12-07 1840-12-08,https://epub3.kb.dk/hcadag/epub3/EPUB/hcadag02_103_75.xhtml,
Pag020076,II,76,1840-XX,1840-12-XX,1840-12-08,https://epub3.kb.dk/hcadag/epub3/EPUB/hcadag02_104_76.xhtml,
Pag020077,II,77,1840-XX,1840-12-XX,1840-12-08 1840-12-09 1840-12-10,https://epub3.kb.dk/hcadag/epub3/EPUB/hcadag02_105_77.xhtml,
Pag020078,II,78,1840-XX,1840-12-XX,1840-12-10 1840-12-11,https://epub3.kb.dk/hcadag/epub3/EPUB/hcadag02_106_78.xhtml,
Pag020079,II,79,1840-XX,1840-12-XX,1840-12-11 1840-12-12,https://epub3.kb.dk/hcadag/epub3/EPUB/hcadag02_107_79.xhtml,
Pag020080,II,80,1840-XX,1840-12-XX,1840-12-12 1840-12-13,https://epub3.kb.dk/hcadag/epub3/EPUB/hcadag02_108_80.xhtml,
Pag020081,II,81,1840-XX,1840-12-XX,1840-12-13 1840-12-14,https://epub3.kb.dk/hcadag/epub3/EPUB/hcadag02_109_81.xhtml,
Pag020082,II,82,1840-XX,1840-12-XX,1840-12-15 1840-12-16 1840-12-17,https://epub3.kb.dk/hcadag/epub3/EPUB/hcadag02_110_82.xhtml,
Pag020083,II,83,1840-XX,1840-12-XX,1840-12-17 1840-12-18,https://epub3.kb.dk/hcadag/epub3/EPUB/hcadag02_111_83.xhtml,
Pag020084,II,84,1840-XX,1840-12-XX,1840-12-18 1840-12-19 1840-12-20,https://epub3.kb.dk/hcadag/epub3/EPUB/hcadag02_112_84.xhtml,
Pag020085,II,85,1840-XX,1840-12-XX,1840-12-20 1840-12-21 1840-12-22,https://epub3.kb.dk/hcadag/epub3/EPUB/hcadag02_113_85.xhtml,
Pag020086,II,86,1840-XX,1840-12-XX,1840-12-22 1840-12-23,https://epub3.kb.dk/hcadag/epub3/EPUB/hcadag02_114_86.xhtml,
Pag020087,II,87,1840-XX,1840-12-XX,1840-12-23 1840-12-24 1840-12-25,https://epub3.kb.dk/hcadag/epub3/EPUB/hcadag02_115_87.xhtml,
Pag020088,II,88,1840-XX,1840-12-XX,1840-12-25 1840-12-26,https://epub3.kb.dk/hcadag/epub3/EPUB/hcadag02_116_88.xhtml,
Pag020089,II,89,1840-XX,1840-12-XX,1840-12-26 1840-12-27 1840-12-28,https://epub3.kb.dk/hcadag/epub3/EPUB/hcadag02_117_89.xhtml,
Pag020090,II,90,1840-XX,1840-12-XX,1840-12-28,https://epub3.kb.dk/hcadag/epub3/EPUB/hcadag02_118_90.xhtml,
Pag020091,II,91,1840-XX,1840-12-XX,1840-12-28 1840-12-29 1840-12-30 1840-12-31,https://epub3.kb.dk/hcadag/epub3/EPUB/hcadag02_119_91.xhtml,
Pag020092,II,92,1840-XX,1840-12-XX,1840-12-31,https://epub3.kb.dk/hcadag/epub3/EPUB/hcadag02_120_92.xhtml,
Pag020093,II,93,1841-XX,1841-01-XX,1841-01-01 1841-01-02 1841-01-03,https://epub3.kb.dk/hcadag/epub3/EPUB/hcadag02_121_93.xhtml,
Pag020094,II,94,1841-XX,1841-01-XX,1841-01-03,https://epub3.kb.dk/hcadag/epub3/EPUB/hcadag02_122_94.xhtml,
Pag020095,II,95,1841-XX,1841-01-XX,1841-01-03 1841-01-04 1841-01-05,https://epub3.kb.dk/hcadag/epub3/EPUB/hcadag02_123_95.xhtml,
Pag020096,II,96,1841-XX,1841-01-XX,1841-01-05 1841-01-06,https://epub3.kb.dk/hcadag/epub3/EPUB/hcadag02_124_96.xhtml,
Pag020097,II,97,1841-XX,1841-01-XX,1841-01-06 1841-01-07,https://epub3.kb.dk/hcadag/epub3/EPUB/hcadag02_125_97.xhtml,
Pag020098,II,98,1841-XX,1841-01-XX,1841-01-07 1841-01-08 1841-01-09,https://epub3.kb.dk/hcadag/epub3/EPUB/hcadag02_126_98.xhtml,
Pag020099,II,99,1841-XX,1841-01-XX,1841-01-09 1841-01-10 1841-01-11,https://epub3.kb.dk/hcadag/epub3/EPUB/hcadag02_127_99.xhtml,
Pag020100,II,100,1841-XX,1841-01-XX,1841-01-11 1841-01-12 1841-01-13,https://epub3.kb.dk/hcadag/epub3/EPUB/hcadag02_128_100.xhtml,
Pag020101,II,101,1841-XX,1841-01-XX,1841-01-13,https://epub3.kb.dk/hcadag/epub3/EPUB/hcadag02_129_101.xhtml,
Pag020102,II,102,1841-XX,1841-01-XX,1841-01-13 1841-01-14,https://epub3.kb.dk/hcadag/epub3/EPUB/hcadag02_130_102.xhtml,
Pag020103,II,103,1841-XX,1841-01-XX,1841-01-14 1841-01-15,https://epub3.kb.dk/hcadag/epub3/EPUB/hcadag02_131_103.xhtml,
Pag020104,II,104,1841-XX,1841-01-XX,1841-01-15 1841-01-16,https://epub3.kb.dk/hcadag/epub3/EPUB/hcadag02_132_104.xhtml,
Pag020105,II,105,1841-XX,1841-01-XX,1841-01-16 1841-01-17,https://epub3.kb.dk/hcadag/epub3/EPUB/hcadag02_133_105.xhtml,
Pag020106,II,106,1841-XX,1841-01-XX,1841-01-17 1841-01-18,https://epub3.kb.dk/hcadag/epub3/EPUB/hcadag02_134_106.xhtml,
Pag020107,II,107,1841-XX,1841-01-XX,1841-01-18 1841-01-19 1841-01-20,https://epub3.kb.dk/hcadag/epub3/EPUB/hcadag02_135_107.xhtml,
Pag020108,II,108,1841-XX,1841-01-XX,1841-01-20 1841-01-21,https://epub3.kb.dk/hcadag/epub3/EPUB/hcadag02_136_108.xhtml,
Pag020109,II,109,1841-XX,1841-01-XX,1841-01-21 1841-01-22,https://epub3.kb.dk/hcadag/epub3/EPUB/hcadag02_137_109.xhtml,
Pag020110,II,110,1841-XX,1841-01-XX,1841-01-22 1841-01-23,https://epub3.kb.dk/hcadag/epub3/EPUB/hcadag02_138_110.xhtml,
Pag020111,II,111,1841-XX,1841-01-XX,1841-01-24,https://epub3.kb.dk/hcadag/epub3/EPUB/hcadag02_139_111.xhtml,
Pag020112,II,112,1841-XX,1841-01-XX,1841-01-24 1841-01-25 1841-01-26,https://epub3.kb.dk/hcadag/epub3/EPUB/hcadag02_140_112.xhtml,
Pag020113,II,113,1841-XX,1841-01-XX,1841-01-26 1841-01-27,https://epub3.kb.dk/hcadag/epub3/EPUB/hcadag02_141_113.xhtml,
Pag020114,II,114,1841-XX,1841-01-XX,1841-01-27 1841-01-28,https://epub3.kb.dk/hcadag/epub3/EPUB/hcadag02_142_114.xhtml,
Pag020115,II,115,1841-XX,1841-01-XX,1841-01-28 1841-01-29,https://epub3.kb.dk/hcadag/epub3/EPUB/hcadag02_143_115.xhtml,
Pag020116,II,116,1841-XX,1841-01-XX,1841-01-29,https://epub3.kb.dk/hcadag/epub3/EPUB/hcadag02_144_116.xhtml,
Pag020117,II,117,1841-XX,1841-01-XX 1841-02-XX,1841-01-30 1841-01-31 1841-02-01,https://epub3.kb.dk/hcadag/epub3/EPUB/hcadag02_145_117.xhtml,
Pag020118,II,118,1841-XX,1841-02-XX,1841-02-01 1841-02-02 1841-02-03,https://epub3.kb.dk/hcadag/epub3/EPUB/hcadag02_146_118.xhtml,
Pag020119,II,119,1841-XX,1841-02-XX,1841-02-03 1841-02-04,https://epub3.kb.dk/hcadag/epub3/EPUB/hcadag02_147_119.xhtml,
Pag020120,II,120,1841-XX,1841-02-XX,1841-02-04 1841-02-05 1841-02-06,https://epub3.kb.dk/hcadag/epub3/EPUB/hcadag02_148_120.xhtml,
Pag020121,II,121,1841-XX,1841-02-XX,1841-02-06,https://epub3.kb.dk/hcadag/epub3/EPUB/hcadag02_149_121.xhtml,
Pag020122,II,122,1841-XX,1841-02-XX,1841-02-07 1841-02-08,https://epub3.kb.dk/hcadag/epub3/EPUB/hcadag02_150_122.xhtml,
Pag020123,II,123,1841-XX,1841-02-XX,1841-02-08 1841-02-09,https://epub3.kb.dk/hcadag/epub3/EPUB/hcadag02_151_123.xhtml,
Pag020124,II,124,1841-XX,1841-02-XX,1841-02-09 1841-02-10,https://epub3.kb.dk/hcadag/epub3/EPUB/hcadag02_152_124.xhtml,
Pag020125,II,125,1841-XX,1841-02-XX,1841-02-10 1841-02-11,https://epub3.kb.dk/hcadag/epub3/EPUB/hcadag02_153_125.xhtml,
Pag020126,II,126,1841-XX,1841-02-XX,1841-02-11 1841-02-12,https://epub3.kb.dk/hcadag/epub3/EPUB/hcadag02_154_126.xhtml,
Pag020127,II,127,1841-XX,1841-02-XX,1841-02-12 1841-02-13,https://epub3.kb.dk/hcadag/epub3/EPUB/hcadag02_155_127.xhtml,
Pag020128,II,128,1841-XX,1841-02-XX,1841-02-13 1841-02-14 1841-02-15,https://epub3.kb.dk/hcadag/epub3/EPUB/hcadag02_156_128.xhtml,
Pag020129,II,129,1841-XX,1841-02-XX,1841-02-15 1841-02-16 1841-02-17 1841-02-18,https://epub3.kb.dk/hcadag/epub3/EPUB/hcadag02_157_129.xhtml,
Pag020130,II,130,1841-XX,1841-02-XX,1841-02-18 1841-02-19,https://epub3.kb.dk/hcadag/epub3/EPUB/hcadag02_158_130.xhtml,
Pag020131,II,131,1841-XX,1841-02-XX,1841-02-19 1841-02-20 1841-02-21,https://epub3.kb.dk/hcadag/epub3/EPUB/hcadag02_159_131.xhtml,
Pag020132,II,132,1841-XX,1841-02-XX,1841-02-21 1841-02-22,https://epub3.kb.dk/hcadag/epub3/EPUB/hcadag02_160_132.xhtml,
Pag020133,II,133,1841-XX,1841-02-XX,1841-02-22 1841-02-23 1841-02-24,https://epub3.kb.dk/hcadag/epub3/EPUB/hcadag02_161_133.xhtml,
Pag020134,II,134,1841-XX,1841-02-XX,1841-02-24 1841-02-25 1841-02-26,https://epub3.kb.dk/hcadag/epub3/EPUB/hcadag02_162_134.xhtml,
Pag020135,II,135,1841-XX,1841-02-XX,1841-02-26 1841-02-27,https://epub3.kb.dk/hcadag/epub3/EPUB/hcadag02_163_135.xhtml,
Pag020136,II,136,1841-XX,1841-02-XX 1841-03-XX,1841-02-27 1841-02-28 1841-03-01,https://epub3.kb.dk/hcadag/epub3/EPUB/hcadag02_164_136.xhtml,
Pag020137,II,137,1841-XX,1841-03-XX,1841-03-01 1841-03-02,https://epub3.kb.dk/hcadag/epub3/EPUB/hcadag02_165_137.xhtml,
Pag020138,II,138,1841-XX,1841-03-XX,1841-03-02 1841-03-03,https://epub3.kb.dk/hcadag/epub3/EPUB/hcadag02_166_138.xhtml,
Pag020139,II,139,1841-XX,1841-03-XX,1841-03-03 1841-03-04 1841-03-05,https://epub3.kb.dk/hcadag/epub3/EPUB/hcadag02_167_139.xhtml,
Pag020140,II,140,1841-XX,1841-03-XX,1841-03-05 1841-03-06,https://epub3.kb.dk/hcadag/epub3/EPUB/hcadag02_168_140.xhtml,
Pag020141,II,141,1841-XX,1841-03-XX,1841-03-06 1841-03-07 1841-03-08,https://epub3.kb.dk/hcadag/epub3/EPUB/hcadag02_169_141.xhtml,
Pag020142,II,142,1841-XX,1841-03-XX,1841-03-08 1841-03-09,https://epub3.kb.dk/hcadag/epub3/EPUB/hcadag02_170_142.xhtml,
Pag020143,II,143,1841-XX,1841-03-XX,1841-03-09 1841-03-10 1841-03-11 1841-03-12,https://epub3.kb.dk/hcadag/epub3/EPUB/hcadag02_171_143.xhtml,
Pag020144,II,144,1841-XX,1841-03-XX,1841-03-12 1841-03-13 1841-03-14,https://epub3.kb.dk/hcadag/epub3/EPUB/hcadag02_172_144.xhtml,
Pag020145,II,145,1841-XX,1841-03-XX,1841-03-14 1841-03-15,https://epub3.kb.dk/hcadag/epub3/EPUB/hcadag02_173_145.xhtml,
Pag020146,II,146,1841-XX,1841-03-XX,1841-03-15 1841-03-16,https://epub3.kb.dk/hcadag/epub3/EPUB/hcadag02_174_146.xhtml,
Pag020147,II,147,1841-XX,1841-03-XX,1841-03-16 1841-03-17,https://epub3.kb.dk/hcadag/epub3/EPUB/hcadag02_175_147.xhtml,
Pag020148,II,148,1841-XX,1841-03-XX,1841-03-17,https://epub3.kb.dk/hcadag/epub3/EPUB/hcadag02_176_148.xhtml,
Pag020149,II,149,1841-XX,1841-03-XX,1841-03-17 1841-03-18,https://epub3.kb.dk/hcadag/epub3/EPUB/hcadag02_177_149.xhtml,
Pag020150,II,150,1841-XX,1841-03-XX,1841-03-18 1841-03-19 1841-03-20,https://epub3.kb.dk/hcadag/epub3/EPUB/hcadag02_178_150.xhtml,
Pag020151,II,151,1841-XX,1841-03-XX,1841-03-20 1841-03-21,https://epub3.kb.dk/hcadag/epub3/EPUB/hcadag02_179_151.xhtml,
Pag020152,II,152,1841-XX,1841-03-XX,1841-03-21 1841-03-22,https://epub3.kb.dk/hcadag/epub3/EPUB/hcadag02_180_152.xhtml,
Pag020153,II,153,1841-XX,1841-03-XX,1841-03-22 1841-03-23,https://epub3.kb.dk/hcadag/epub3/EPUB/hcadag02_181_153.xhtml,
Pag020154,II,154,1841-XX,1841-03-XX,1841-03-23 1841-03-24,https://epub3.kb.dk/hcadag/epub3/EPUB/hcadag02_182_154.xhtml,
Pag020155,II,155,1841-XX,1841-03-XX,1841-03-24,https://epub3.kb.dk/hcadag/epub3/EPUB/hcadag02_183_155.xhtml,
Pag020156,II,156,1841-XX,1841-03-XX,1841-03-24 1841-03-25,https://epub3.kb.dk/hcadag/epub3/EPUB/hcadag02_184_156.xhtml,
Pag020157,II,157,1841-XX,1841-03-XX,1841-03-25,https://epub3.kb.dk/hcadag/epub3/EPUB/hcadag02_185_157.xhtml,
Pag020158,II,158,1841-XX,1841-03-XX,1841-03-25 1841-03-26,https://epub3.kb.dk/hcadag/epub3/EPUB/hcadag02_186_158.xhtml,
Pag020159,II,159,1841-XX,1841-03-XX,1841-03-26,https://epub3.kb.dk/hcadag/epub3/EPUB/hcadag02_187_159.xhtml,
Pag020160,II,160,1841-XX,1841-03-XX,1841-03-26 1841-03-27,https://epub3.kb.dk/hcadag/epub3/EPUB/hcadag02_188_160.xhtml,
Pag020161,II,161,1841-XX,1841-03-XX,1841-03-27,https://epub3.kb.dk/hcadag/epub3/EPUB/hcadag02_189_161.xhtml,
Pag020162,II,162,1841-XX,1841-03-XX,1841-03-27 1841-03-28,https://epub3.kb.dk/hcadag/epub3/EPUB/hcadag02_190_162.xhtml,
Pag020163,II,163,1841-XX,1841-03-XX,1841-03-28 1841-03-29,https://epub3.kb.dk/hcadag/epub3/EPUB/hcadag02_191_163.xhtml,
Pag020164,II,164,1841-XX,1841-03-XX,1841-03-29 1841-03-30,https://epub3.kb.dk/hcadag/epub3/EPUB/hcadag02_192_164.xhtml,
Pag020165,II,165,1841-XX,1841-03-XX,1841-03-30 1841-03-31,https://epub3.kb.dk/hcadag/epub3/EPUB/hcadag02_193_165.xhtml,
Pag020166,II,166,1841-XX,1841-03-XX,1841-03-31,https://epub3.kb.dk/hcadag/epub3/EPUB/hcadag02_194_166.xhtml,
Pag020167,II,167,1841-XX,1841-03-XX 1841-04-XX,1841-03-31 1841-04-01,https://epub3.kb.dk/hcadag/epub3/EPUB/hcadag02_195_167.xhtml,
Pag020168,II,168,1841-XX,1841-04-XX,1841-04-01 1841-04-02,https://epub3.kb.dk/hcadag/epub3/EPUB/hcadag02_196_168.xhtml,
Pag020169,II,169,1841-XX,1841-04-XX,1841-04-02,https://epub3.kb.dk/hcadag/epub3/EPUB/hcadag02_197_169.xhtml,
Pag020170,II,170,1841-XX,1841-04-XX,1841-04-02,https://epub3.kb.dk/hcadag/epub3/EPUB/hcadag02_198_170.xhtml,
Pag020171,II,171,1841-XX,1841-04-XX,1841-04-02 1841-04-03,https://epub3.kb.dk/hcadag/epub3/EPUB/hcadag02_199_171.xhtml,
Pag020172,II,172,1841-XX,1841-04-XX,1841-04-03 1841-04-04,https://epub3.kb.dk/hcadag/epub3/EPUB/hcadag02_200_172.xhtml,
Pag020173,II,173,1841-XX,1841-04-XX,1841-04-04 1841-04-05,https://epub3.kb.dk/hcadag/epub3/EPUB/hcadag02_201_173.xhtml,
Pag020174,II,174,1841-XX,1841-04-XX,1841-04-05 1841-04-06,https://epub3.kb.dk/hcadag/epub3/EPUB/hcadag02_202_174.xhtml,
Pag020175,II,175,1841-XX,1841-04-XX,1841-04-06 1841-04-07,https://epub3.kb.dk/hcadag/epub3/EPUB/hcadag02_203_175.xhtml,
Pag020176,II,176,1841-XX,1841-04-XX,1841-04-07 1841-04-08,https://epub3.kb.dk/hcadag/epub3/EPUB/hcadag02_204_176.xhtml,
Pag020177,II,177,1841-XX,1841-04-XX,1841-04-09,https://epub3.kb.dk/hcadag/epub3/EPUB/hcadag02_205_177.xhtml,
Pag020178,II,178,1841-XX,1841-04-XX,1841-04-09 1841-04-10,https://epub3.kb.dk/hcadag/epub3/EPUB/hcadag02_206_178.xhtml,
Pag020179,II,179,1841-XX,1841-04-XX,1841-04-10 1841-04-11,https://epub3.kb.dk/hcadag/epub3/EPUB/hcadag02_207_179.xhtml,
Pag020180,II,180,1841-XX,1841-04-XX,1841-04-11 1841-04-12,https://epub3.kb.dk/hcadag/epub3/EPUB/hcadag02_208_180.xhtml,
Pag020181,II,181,1841-XX,1841-04-XX,1841-04-12 1841-04-13,https://epub3.kb.dk/hcadag/epub3/EPUB/hcadag02_209_181.xhtml,
Pag020182,II,182,1841-XX,1841-04-XX,1841-04-13,https://epub3.kb.dk/hcadag/epub3/EPUB/hcadag02_210_182.xhtml,
Pag020183,II,183,1841-XX,1841-04-XX,1841-04-13 1841-04-14 1841-04-15,https://epub3.kb.dk/hcadag/epub3/EPUB/hcadag02_211_183.xhtml,
Pag020184,II,184,1841-XX,1841-04-XX,1841-04-15 1841-04-16 1841-04-17,https://epub3.kb.dk/hcadag/epub3/EPUB/hcadag02_212_184.xhtml,
Pag020185,II,185,1841-XX,1841-04-XX,1841-04-17 1841-04-18,https://epub3.kb.dk/hcadag/epub3/EPUB/hcadag02_213_185.xhtml,
Pag020186,II,186,1841-XX,1841-04-XX,1841-04-18 1841-04-19,https://epub3.kb.dk/hcadag/epub3/EPUB/hcadag02_214_186.xhtml,
Pag020187,II,187,1841-XX,1841-04-XX,1841-04-19 1841-04-20 1841-04-21,https://epub3.kb.dk/hcadag/epub3/EPUB/hcadag02_215_187.xhtml,
Pag020188,II,188,1841-XX,1841-04-XX,1841-04-21,https://epub3.kb.dk/hcadag/epub3/EPUB/hcadag02_216_188.xhtml,
Pag020189,II,189,1841-XX,1841-04-XX,1841-04-21 1841-04-22 1841-04-23,https://epub3.kb.dk/hcadag/epub3/EPUB/hcadag02_217_189.xhtml,
Pag020190,II,190,1841-XX,1841-04-XX,1841-04-23,https://epub3.kb.dk/hcadag/epub3/EPUB/hcadag02_218_190.xhtml,
Pag020191,II,191,1841-XX,1841-04-XX,1841-04-23 1841-04-24,https://epub3.kb.dk/hcadag/epub3/EPUB/hcadag02_219_191.xhtml,
Pag020192,II,192,1841-XX,1841-04-XX,1841-04-24 1841-04-25,https://epub3.kb.dk/hcadag/epub3/EPUB/hcadag02_220_192.xhtml,
Pag020193,II,193,1841-XX,1841-04-XX,1841-04-25,https://epub3.kb.dk/hcadag/epub3/EPUB/hcadag02_221_193.xhtml,
Pag020194,II,194,1841-XX,1841-04-XX,1841-04-25 1841-04-26,https://epub3.kb.dk/hcadag/epub3/EPUB/hcadag02_222_194.xhtml,
Pag020195,II,195,1841-XX,1841-04-XX,1841-04-26 1841-04-27,https://epub3.kb.dk/hcadag/epub3/EPUB/hcadag02_223_195.xhtml,
Pag020196,II,196,1841-XX,1841-04-XX,1841-04-27,https://epub3.kb.dk/hcadag/epub3/EPUB/hcadag02_224_196.xhtml,
Pag020197,II,197,1841-XX,1841-04-XX,1841-04-27 1841-04-28,https://epub3.kb.dk/hcadag/epub3/EPUB/hcadag02_225_197.xhtml,
Pag020198,II,198,1841-XX,1841-04-XX,1841-04-28,https://epub3.kb.dk/hcadag/epub3/EPUB/hcadag02_226_198.xhtml,
Pag020199,II,199,1841-XX,1841-04-XX,1841-04-29,https://epub3.kb.dk/hcadag/epub3/EPUB/hcadag02_227_199.xhtml,
Pag020200,II,200,1841-XX,1841-04-XX,1841-04-29,https://epub3.kb.dk/hcadag/epub3/EPUB/hcadag02_228_200.xhtml,
Pag020201,II,201,1841-XX,1841-04-XX,1841-04-29 1841-04-30,https://epub3.kb.dk/hcadag/epub3/EPUB/hcadag02_229_201.xhtml,
Pag020202,II,202,1841-XX,1841-04-XX,1841-04-30,https://epub3.kb.dk/hcadag/epub3/EPUB/hcadag02_230_202.xhtml,
Pag020203,II,203,1841-XX,1841-04-XX,1841-04-30,https://epub3.kb.dk/hcadag/epub3/EPUB/hcadag02_231_203.xhtml,
Pag020204,II,204,1841-XX,1841-04-XX 1841-05-XX,1841-04-30 1841-05-01,https://epub3.kb.dk/hcadag/epub3/EPUB/hcadag02_232_204.xhtml,
Pag020205,II,205,1841-XX,1841-05-XX,1841-05-01,https://epub3.kb.dk/hcadag/epub3/EPUB/hcadag02_233_205.xhtml,
Pag020206,II,206,1841-XX,1841-05-XX,1841-05-01 1841-05-02,https://epub3.kb.dk/hcadag/epub3/EPUB/hcadag02_234_206.xhtml,
Pag020207,II,207,1841-XX,1841-05-XX,1841-05-03,https://epub3.kb.dk/hcadag/epub3/EPUB/hcadag02_235_207.xhtml,
Pag020208,II,208,1841-XX,1841-05-XX,1841-05-03 1841-05-04,https://epub3.kb.dk/hcadag/epub3/EPUB/hcadag02_236_208.xhtml,
Pag020209,II,209,1841-XX,1841-05-XX,1841-05-04,https://epub3.kb.dk/hcadag/epub3/EPUB/hcadag02_237_209.xhtml,
Pag020210,II,210,1841-XX,1841-05-XX,1841-05-04 1841-05-05 1841-05-06,https://epub3.kb.dk/hcadag/epub3/EPUB/hcadag02_238_210.xhtml,
Pag020211,II,211,1841-XX,1841-05-XX,1841-05-06 1841-05-07,https://epub3.kb.dk/hcadag/epub3/EPUB/hcadag02_239_211.xhtml,
Pag020212,II,212,1841-XX,1841-05-XX,1841-05-07,https://epub3.kb.dk/hcadag/epub3/EPUB/hcadag02_240_212.xhtml,
Pag020213,II,213,1841-XX,1841-05-XX,1841-05-07 1841-05-08,https://epub3.kb.dk/hcadag/epub3/EPUB/hcadag02_241_213.xhtml,
Pag020214,II,214,1841-XX,1841-05-XX,1841-05-08 1841-05-09,https://epub3.kb.dk/hcadag/epub3/EPUB/hcadag02_242_214.xhtml,
Pag020215,II,215,1841-XX,1841-05-XX,1841-05-09 1841-05-10,https://epub3.kb.dk/hcadag/epub3/EPUB/hcadag02_243_215.xhtml,
Pag020216,II,216,1841-XX,1841-05-XX,1841-05-10,https://epub3.kb.dk/hcadag/epub3/EPUB/hcadag02_244_216.xhtml,
Pag020217,II,217,1841-XX,1841-05-XX,1841-05-10 1841-05-11,https://epub3.kb.dk/hcadag/epub3/EPUB/hcadag02_245_217.xhtml,
Pag020218,II,218,1841-XX,1841-05-XX,1841-05-11 1841-05-12,https://epub3.kb.dk/hcadag/epub3/EPUB/hcadag02_246_218.xhtml,
Pag020219,II,219,1841-XX,1841-05-XX,1841-05-12 1841-05-13 1841-05-14,https://epub3.kb.dk/hcadag/epub3/EPUB/hcadag02_247_219.xhtml,
Pag020220,II,220,1841-XX,1841-05-XX,1841-05-14 1841-05-15 1841-05-16,https://epub3.kb.dk/hcadag/epub3/EPUB/hcadag02_248_220.xhtml,
Pag020221,II,221,1841-XX,1841-05-XX,1841-05-16 1841-05-17 1841-05-18,https://epub3.kb.dk/hcadag/epub3/EPUB/hcadag02_249_221.xhtml,
Pag020222,II,222,1841-XX,1841-05-XX,1841-05-18 1841-05-19 1841-05-20,https://epub3.kb.dk/hcadag/epub3/EPUB/hcadag02_250_222.xhtml,
Pag020223,II,223,1841-XX,1841-05-XX,1841-05-20 1841-05-21 1841-05-22,https://epub3.kb.dk/hcadag/epub3/EPUB/hcadag02_251_223.xhtml,
Pag020224,II,224,1841-XX,1841-05-XX,1841-05-22 1841-05-23,https://epub3.kb.dk/hcadag/epub3/EPUB/hcadag02_252_224.xhtml,
Pag020225,II,225,1841-XX,1841-05-XX,1841-05-23 1841-05-24,https://epub3.kb.dk/hcadag/epub3/EPUB/hcadag02_253_225.xhtml,
Pag020226,II,226,1841-XX,1841-05-XX,1841-05-24,https://epub3.kb.dk/hcadag/epub3/EPUB/hcadag02_254_226.xhtml,
Pag020227,II,227,1841-XX,1841-05-XX,1841-05-24 1841-05-25,https://epub3.kb.dk/hcadag/epub3/EPUB/hcadag02_255_227.xhtml,
Pag020228,II,228,1841-XX,1841-05-XX,1841-05-25,https://epub3.kb.dk/hcadag/epub3/EPUB/hcadag02_256_228.xhtml,
Pag020229,II,229,1841-XX,1841-05-XX,1841-05-25 1841-05-26,https://epub3.kb.dk/hcadag/epub3/EPUB/hcadag02_257_229.xhtml,
Pag020230,II,230,1841-XX,1841-05-XX,1841-05-26 1841-05-27,https://epub3.kb.dk/hcadag/epub3/EPUB/hcadag02_258_230.xhtml,
Pag020231,II,231,1841-XX,1841-05-XX,1841-05-27,https://epub3.kb.dk/hcadag/epub3/EPUB/hcadag02_259_231.xhtml,
Pag020232,II,232,1841-XX,1841-05-XX,1841-05-27 1841-05-28,https://epub3.kb.dk/hcadag/epub3/EPUB/hcadag02_260_232.xhtml,
Pag020233,II,233,1841-XX,1841-05-XX,1841-05-28 1841-05-29,https://epub3.kb.dk/hcadag/epub3/EPUB/hcadag02_261_233.xhtml,
Pag020234,II,234,1841-XX,1841-05-XX,1841-05-29,https://epub3.kb.dk/hcadag/epub3/EPUB/hcadag02_262_234.xhtml,
Pag020235,II,235,1841-XX,1841-05-XX,1841-05-29 1841-05-30,https://epub3.kb.dk/hcadag/epub3/EPUB/hcadag02_263_235.xhtml,
Pag020236,II,236,1841-XX,1841-05-XX,1841-05-30,https://epub3.kb.dk/hcadag/epub3/EPUB/hcadag02_264_236.xhtml,
Pag020237,II,237,1841-XX,1841-05-XX,1841-05-30 1841-05-31,https://epub3.kb.dk/hcadag/epub3/EPUB/hcadag02_265_237.xhtml,
Pag020238,II,238,1841-XX,1841-05-XX 1841-06-XX,1841-05-31 1841-06-01,https://epub3.kb.dk/hcadag/epub3/EPUB/hcadag02_266_238.xhtml,
Pag020239,II,239,1841-XX,1841-06-XX,1841-06-01 1841-06-02,https://epub3.kb.dk/hcadag/epub3/EPUB/hcadag02_267_239.xhtml,
Pag020240,II,240,1841-XX,1841-06-XX,1841-06-02,https://epub3.kb.dk/hcadag/epub3/EPUB/hcadag02_268_240.xhtml,
Pag020241,II,241,1841-XX,1841-06-XX,1841-06-02 1841-06-03,https://epub3.kb.dk/hcadag/epub3/EPUB/hcadag02_269_241.xhtml,
Pag020242,II,242,1841-XX,1841-06-XX,1841-06-03,https://epub3.kb.dk/hcadag/epub3/EPUB/hcadag02_270_242.xhtml,
Pag020243,II,243,1841-XX,1841-06-XX,1841-06-03 1841-06-04,https://epub3.kb.dk/hcadag/epub3/EPUB/hcadag02_271_243.xhtml,
Pag020244,II,244,1841-XX,1841-06-XX,1841-06-04 1841-06-05 1841-06-06,https://epub3.kb.dk/hcadag/epub3/EPUB/hcadag02_272_244.xhtml,
Pag020245,II,245,1841-XX,1841-06-XX,1841-06-06 1841-06-07,https://epub3.kb.dk/hcadag/epub3/EPUB/hcadag02_273_245.xhtml,
Pag020246,II,246,1841-XX,1841-06-XX,1841-06-07 1841-06-08,https://epub3.kb.dk/hcadag/epub3/EPUB/hcadag02_274_246.xhtml,
Pag020247,II,247,1841-XX,1841-06-XX,1841-06-08 1841-06-09 1841-06-10,https://epub3.kb.dk/hcadag/epub3/EPUB/hcadag02_275_247.xhtml,
Pag020248,II,248,1841-XX,1841-06-XX,1841-06-10,https://epub3.kb.dk/hcadag/epub3/EPUB/hcadag02_276_248.xhtml,
Pag020249,II,249,1841-XX,1841-06-XX,1841-06-11 1841-06-12 1841-06-13,https://epub3.kb.dk/hcadag/epub3/EPUB/hcadag02_277_249.xhtml,
Pag020250,II,250,1841-XX,1841-06-XX,1841-06-13,https://epub3.kb.dk/hcadag/epub3/EPUB/hcadag02_278_250.xhtml,
Pag020251,II,251,1841-XX,1841-06-XX,1841-06-13 1841-06-14 1841-06-15,https://epub3.kb.dk/hcadag/epub3/EPUB/hcadag02_279_251.xhtml,
Pag020252,II,252,1841-XX,1841-06-XX,1841-06-16 1841-06-17 1841-06-18,https://epub3.kb.dk/hcadag/epub3/EPUB/hcadag02_280_252.xhtml,
Pag020253,II,253,1841-XX,1841-06-XX,1841-06-18 1841-06-19 1841-06-20,https://epub3.kb.dk/hcadag/epub3/EPUB/hcadag02_281_253.xhtml,
Pag020254,II,254,1841-XX,1841-06-XX,1841-06-20 1841-06-21,https://epub3.kb.dk/hcadag/epub3/EPUB/hcadag02_282_254.xhtml,
Pag020255,II,255,1841-XX,1841-06-XX,1841-06-21 1841-06-22 1841-06-23,https://epub3.kb.dk/hcadag/epub3/EPUB/hcadag02_283_255.xhtml,
Pag020256,II,256,1841-XX,1841-06-XX,1841-06-23 1841-06-24,https://epub3.kb.dk/hcadag/epub3/EPUB/hcadag02_284_256.xhtml,
Pag020257,II,257,1841-XX,1841-06-XX,1841-06-24 1841-06-25,https://epub3.kb.dk/hcadag/epub3/EPUB/hcadag02_285_257.xhtml,
Pag020258,II,258,1841-XX,1841-06-XX,1841-06-25 1841-06-26 1841-06-27,https://epub3.kb.dk/hcadag/epub3/EPUB/hcadag02_286_258.xhtml,
Pag020259,II,259,1841-XX,1841-06-XX,1841-06-27 1841-06-28,https://epub3.kb.dk/hcadag/epub3/EPUB/hcadag02_287_259.xhtml,
Pag020260,II,260,1841-XX,1841-06-XX,1841-06-28 1841-06-29,https://epub3.kb.dk/hcadag/epub3/EPUB/hcadag02_288_260.xhtml,
Pag020261,II,261,1841-XX,1841-06-XX 1841-07-XX,1841-06-30 1841-07-01,https://epub3.kb.dk/hcadag/epub3/EPUB/hcadag02_289_261.xhtml,
Pag020262,II,262,1841-XX,1841-07-XX,1841-07-01 1841-07-02,https://epub3.kb.dk/hcadag/epub3/EPUB/hcadag02_290_262.xhtml,
Pag020263,II,263,1841-XX,1841-07-XX,1841-07-03 1841-07-04 1841-07-05,https://epub3.kb.dk/hcadag/epub3/EPUB/hcadag02_291_263.xhtml,
Pag020264,II,264,1841-XX,1841-07-XX,1841-07-05 1841-07-06,https://epub3.kb.dk/hcadag/epub3/EPUB/hcadag02_292_264.xhtml,
Pag020265,II,265,1841-XX,1841-07-XX,1841-07-06 1841-07-07 1841-07-08,https://epub3.kb.dk/hcadag/epub3/EPUB/hcadag02_293_265.xhtml,
Pag020266,II,266,1841-XX,1841-07-XX,1841-07-08,https://epub3.kb.dk/hcadag/epub3/EPUB/hcadag02_294_266.xhtml,
Pag020267,II,267,1841-XX,1841-07-XX,1841-07-08 1841-07-09 1841-07-10 1841-07-11,https://epub3.kb.dk/hcadag/epub3/EPUB/hcadag02_295_267.xhtml,
Pag020268,II,268,1841-XX,1841-07-XX,1841-07-11 1841-07-12 1841-07-13 1841-07-14,https://epub3.kb.dk/hcadag/epub3/EPUB/hcadag02_296_268.xhtml,
Pag020269,II,269,1841-XX,1841-07-XX,1841-07-15 1841-07-16 1841-07-17,https://epub3.kb.dk/hcadag/epub3/EPUB/hcadag02_297_269.xhtml,
Pag020270,II,270,1842-XX,1842-06-XX 1842-07-XX,1842-06-30 1842-07-01,https://epub3.kb.dk/hcadag/epub3/EPUB/hcadag02_298_270.xhtml,
Pag020271,II,271,1842-XX,1842-07-XX,1842-07-01 1842-07-02 1842-07-03,https://epub3.kb.dk/hcadag/epub3/EPUB/hcadag02_299_271.xhtml,
Pag020272,II,272,1842-XX,1842-07-XX,1842-07-03 1842-07-04,https://epub3.kb.dk/hcadag/epub3/EPUB/hcadag02_300_272.xhtml,
Pag020273,II,273,1842-XX,1842-07-XX,1842-07-05,https://epub3.kb.dk/hcadag/epub3/EPUB/hcadag02_301_273.xhtml,
Pag020274,II,274,1842-XX,1842-07-XX,1842-07-05 1842-07-06 1842-07-07,https://epub3.kb.dk/hcadag/epub3/EPUB/hcadag02_302_274.xhtml,
Pag020275,II,275,1842-XX,1842-07-XX,1842-07-07 1842-07-08 1842-07-09,https://epub3.kb.dk/hcadag/epub3/EPUB/hcadag02_303_275.xhtml,
Pag020276,II,276,1842-XX,1842-07-XX,1842-07-09 1842-07-10 1842-07-11 1842-07-12,https://epub3.kb.dk/hcadag/epub3/EPUB/hcadag02_304_276.xhtml,
Pag020277,II,277,1842-XX,1842-07-XX,1842-07-12 1842-07-13 1842-07-14,https://epub3.kb.dk/hcadag/epub3/EPUB/hcadag02_305_277.xhtml,
Pag020278,II,278,1842-XX,1842-07-XX,1842-07-15 1842-07-16 1842-07-17,https://epub3.kb.dk/hcadag/epub3/EPUB/hcadag02_306_278.xhtml,
Pag020279,II,279,1842-XX,1842-07-XX,1842-07-17 1842-07-18 1842-07-19 1842-07-20,https://epub3.kb.dk/hcadag/epub3/EPUB/hcadag02_307_279.xhtml,
Pag020280,II,280,1842-XX,1842-07-XX,1842-07-20,https://epub3.kb.dk/hcadag/epub3/EPUB/hcadag02_308_280.xhtml,
Pag020281,II,281,1842-XX,1842-07-XX,1842-07-20 1842-07-21 1842-07-22 1842-07-23,https://epub3.kb.dk/hcadag/epub3/EPUB/hcadag02_309_281.xhtml,
Pag020282,II,282,1842-XX,1842-07-XX,1842-07-23,https://epub3.kb.dk/hcadag/epub3/EPUB/hcadag02_310_282.xhtml,
Pag020283,II,283,1842-XX,1842-07-XX,1842-07-23 1842-07-24 1842-07-25,https://epub3.kb.dk/hcadag/epub3/EPUB/hcadag02_311_283.xhtml,
Pag020284,II,284,1842-XX,1842-07-XX,1842-07-25 1842-07-26 1842-07-27 1842-07-28 1842-07-29 1842-07-30 1842-07-31,https://epub3.kb.dk/hcadag/epub3/EPUB/hcadag02_312_284.xhtml,
Pag020285,II,285,1842-XX,1842-07-XX 1842-08-XX,1842-07-31 1842-08-01 1842-08-02,https://epub3.kb.dk/hcadag/epub3/EPUB/hcadag02_313_285.xhtml,
Pag020286,II,286,1842-XX,1842-08-XX,1842-08-02 1842-08-03 1842-08-04,https://epub3.kb.dk/hcadag/epub3/EPUB/hcadag02_314_286.xhtml,
Pag020287,II,287,1842-XX,1842-08-XX,1842-08-04 1842-08-05 1842-08-06,https://epub3.kb.dk/hcadag/epub3/EPUB/hcadag02_315_287.xhtml,
Pag020288,II,288,1842-XX,1842-08-XX,1842-08-06 1842-08-07 1842-08-08 1842-08-09,https://epub3.kb.dk/hcadag/epub3/EPUB/hcadag02_316_288.xhtml,
Pag020289,II,289,1842-XX,1842-08-XX,1842-08-10 1842-08-11 1842-08-12 1842-08-13,https://epub3.kb.dk/hcadag/epub3/EPUB/hcadag02_317_289.xhtml,
Pag020290,II,290,1842-XX,1842-08-XX,1842-08-13 1842-08-14 1842-08-15,https://epub3.kb.dk/hcadag/epub3/EPUB/hcadag02_318_290.xhtml,
Pag020291,II,291,1842-XX,1842-08-XX,1842-08-15 1842-08-16,https://epub3.kb.dk/hcadag/epub3/EPUB/hcadag02_319_291.xhtml,
Pag020292,II,292,1842-XX,1842-08-XX,1842-08-16,https://epub3.kb.dk/hcadag/epub3/EPUB/hcadag02_320_292.xhtml,
Pag020293,II,293,1842-XX,1842-08-XX,1842-08-16 1842-08-17,https://epub3.kb.dk/hcadag/epub3/EPUB/hcadag02_321_293.xhtml,
Pag020294,II,294,1842-XX,1842-08-XX,1842-08-17 1842-08-18 1842-08-19 1842-08-20,https://epub3.kb.dk/hcadag/epub3/EPUB/hcadag02_322_294.xhtml,
Pag020295,II,295,1842-XX,1842-08-XX,1842-08-21 1842-08-22 1842-08-23 1842-08-24,https://epub3.kb.dk/hcadag/epub3/EPUB/hcadag02_323_295.xhtml,
Pag020296,II,296,1842-XX,1842-08-XX,1842-08-24 1842-08-25 1842-08-26 1842-08-27,https://epub3.kb.dk/hcadag/epub3/EPUB/hcadag02_324_296.xhtml,
Pag020297,II,297,1842-XX,1842-08-XX,1842-08-27 1842-08-28 1842-08-29 1842-08-30,https://epub3.kb.dk/hcadag/epub3/EPUB/hcadag02_325_297.xhtml,
Pag020298,II,298,1842-XX,1842-08-XX,1842-08-30,https://epub3.kb.dk/hcadag/epub3/EPUB/hcadag02_326_298.xhtml,
Pag020299,II,299,1843-XX,1843-01-XX,1843-01-30 1843-01-31,https://epub3.kb.dk/hcadag/epub3/EPUB/hcadag02_327_299.xhtml,
Pag020300,II,300,1843-XX,1843-01-XX 1843-02-XX,1843-01-31 1843-02-01,https://epub3.kb.dk/hcadag/epub3/EPUB/hcadag02_328_300.xhtml,
Pag020301,II,301,1843-XX,1843-02-XX,1843-02-01 1843-02-02 1843-02-03 1843-02-04 1843-02-05 1843-02-06,https://epub3.kb.dk/hcadag/epub3/EPUB/hcadag02_329_301.xhtml,
Pag020302,II,302,1843-XX,1843-02-XX,1843-02-06 1843-02-07 1843-02-08 1843-02-09 1843-02-10,https://epub3.kb.dk/hcadag/epub3/EPUB/hcadag02_330_302.xhtml,
Pag020303,II,303,1843-XX,1843-02-XX,1843-02-10 1843-02-11 1843-02-12 1843-02-13,https://epub3.kb.dk/hcadag/epub3/EPUB/hcadag02_331_303.xhtml,
Pag020304,II,304,1843-XX,1843-02-XX,1843-02-13 1843-02-14 1843-02-15 1843-02-16,https://epub3.kb.dk/hcadag/epub3/EPUB/hcadag02_332_304.xhtml,
Pag020305,II,305,1843-XX,1843-02-XX,1843-02-16 1843-02-17 1843-02-18 1843-02-19,https://epub3.kb.dk/hcadag/epub3/EPUB/hcadag02_333_305.xhtml,
Pag020306,II,306,1843-XX,1843-02-XX,1843-02-19 1843-02-20,https://epub3.kb.dk/hcadag/epub3/EPUB/hcadag02_334_306.xhtml,
Pag020307,II,307,1843-XX,1843-02-XX,1843-02-20 1843-02-21 1843-02-22,https://epub3.kb.dk/hcadag/epub3/EPUB/hcadag02_335_307.xhtml,
Pag020308,II,308,1843-XX,1843-02-XX,1843-02-22 1843-02-23,https://epub3.kb.dk/hcadag/epub3/EPUB/hcadag02_336_308.xhtml,
Pag020309,II,309,1843-XX,1843-02-XX,1843-02-23 1843-02-24 1843-02-25,https://epub3.kb.dk/hcadag/epub3/EPUB/hcadag02_337_309.xhtml,
Pag020310,II,310,1843-XX,1843-02-XX,1843-02-25 1843-02-26 1843-02-27,https://epub3.kb.dk/hcadag/epub3/EPUB/hcadag02_338_310.xhtml,
Pag020311,II,311,1843-XX,1843-02-XX,1843-02-27 1843-02-28,https://epub3.kb.dk/hcadag/epub3/EPUB/hcadag02_339_311.xhtml,
Pag020312,II,312,1843-XX,1843-02-XX 1843-03-XX,1843-02-28 1843-03-01,https://epub3.kb.dk/hcadag/epub3/EPUB/hcadag02_340_312.xhtml,
Pag020313,II,313,1843-XX,1843-03-XX,1843-03-01,https://epub3.kb.dk/hcadag/epub3/EPUB/hcadag02_341_313.xhtml,
Pag020314,II,314,1843-XX,1843-03-XX,1843-03-01 1843-03-02,https://epub3.kb.dk/hcadag/epub3/EPUB/hcadag02_342_314.xhtml,
Pag020315,II,315,1843-XX,1843-03-XX,1843-03-02 1843-03-03,https://epub3.kb.dk/hcadag/epub3/EPUB/hcadag02_343_315.xhtml,
Pag020316,II,316,1843-XX,1843-03-XX,1843-03-03 1843-03-04,https://epub3.kb.dk/hcadag/epub3/EPUB/hcadag02_344_316.xhtml,
Pag020317,II,317,1843-XX,1843-03-XX,1843-03-04 1843-03-05,https://epub3.kb.dk/hcadag/epub3/EPUB/hcadag02_345_317.xhtml,
Pag020318,II,318,1843-XX,1843-03-XX,1843-03-05 1843-03-06,https://epub3.kb.dk/hcadag/epub3/EPUB/hcadag02_346_318.xhtml,
Pag020319,II,319,1843-XX,1843-03-XX,1843-03-06 1843-03-07,https://epub3.kb.dk/hcadag/epub3/EPUB/hcadag02_347_319.xhtml,
Pag020320,II,320,1843-XX,1843-03-XX,1843-03-07 1843-03-08 1843-03-09,https://epub3.kb.dk/hcadag/epub3/EPUB/hcadag02_348_320.xhtml,
Pag020321,II,321,1843-XX,1843-03-XX,1843-03-09 1843-03-10,https://epub3.kb.dk/hcadag/epub3/EPUB/hcadag02_349_321.xhtml,
Pag020322,II,322,1843-XX,1843-03-XX,1843-03-11,https://epub3.kb.dk/hcadag/epub3/EPUB/hcadag02_350_322.xhtml,
Pag020323,II,323,1843-XX,1843-03-XX,1843-03-11 1843-03-12 1843-03-13,https://epub3.kb.dk/hcadag/epub3/EPUB/hcadag02_351_323.xhtml,
Pag020324,II,324,1843-XX,1843-03-XX,1843-03-13 1843-03-14 1843-03-15,https://epub3.kb.dk/hcadag/epub3/EPUB/hcadag02_352_324.xhtml,
Pag020325,II,325,1843-XX,1843-03-XX,1843-03-15 1843-03-16,https://epub3.kb.dk/hcadag/epub3/EPUB/hcadag02_353_325.xhtml,
Pag020326,II,326,1843-XX,1843-03-XX,1843-03-16 1843-03-17,https://epub3.kb.dk/hcadag/epub3/EPUB/hcadag02_354_326.xhtml,
Pag020327,II,327,1843-XX,1843-03-XX,1843-03-17 1843-03-18,https://epub3.kb.dk/hcadag/epub3/EPUB/hcadag02_355_327.xhtml,
Pag020328,II,328,1843-XX,1843-03-XX,1843-03-18 1843-03-19 1843-03-20,https://epub3.kb.dk/hcadag/epub3/EPUB/hcadag02_356_328.xhtml,
Pag020329,II,329,1843-XX,1843-03-XX,1843-03-20 1843-03-21,https://epub3.kb.dk/hcadag/epub3/EPUB/hcadag02_357_329.xhtml,
Pag020330,II,330,1843-XX,1843-03-XX,1843-03-21 1843-03-22,https://epub3.kb.dk/hcadag/epub3/EPUB/hcadag02_358_330.xhtml,
Pag020331,II,331,1843-XX,1843-03-XX,1843-03-22,https://epub3.kb.dk/hcadag/epub3/EPUB/hcadag02_359_331.xhtml,
Pag020332,II,332,1843-XX,1843-03-XX,1843-03-22 1843-03-23,https://epub3.kb.dk/hcadag/epub3/EPUB/hcadag02_360_332.xhtml,
Pag020333,II,333,1843-XX,1843-03-XX,1843-03-24 1843-03-25,https://epub3.kb.dk/hcadag/epub3/EPUB/hcadag02_361_333.xhtml,
Pag020334,II,334,1843-XX,1843-03-XX,1843-03-25 1843-03-26,https://epub3.kb.dk/hcadag/epub3/EPUB/hcadag02_362_334.xhtml,
Pag020335,II,335,1843-XX,1843-03-XX,1843-03-26 1843-03-27,https://epub3.kb.dk/hcadag/epub3/EPUB/hcadag02_363_335.xhtml,
Pag020336,II,336,1843-XX,1843-03-XX,1843-03-27,https://epub3.kb.dk/hcadag/epub3/EPUB/hcadag02_364_336.xhtml,
Pag020337,II,337,1843-XX,1843-03-XX,1843-03-27 1843-03-28,https://epub3.kb.dk/hcadag/epub3/EPUB/hcadag02_365_337.xhtml,
Pag020338,II,338,1843-XX,1843-03-XX,1843-03-28 1843-03-29,https://epub3.kb.dk/hcadag/epub3/EPUB/hcadag02_366_338.xhtml,
Pag020339,II,339,1843-XX,1843-03-XX,1843-03-29 1843-03-30 1843-03-31,https://epub3.kb.dk/hcadag/epub3/EPUB/hcadag02_367_339.xhtml,
Pag020340,II,340,1843-XX,1843-04-XX,1843-04-01 1843-04-02,https://epub3.kb.dk/hcadag/epub3/EPUB/hcadag02_368_340.xhtml,
Pag020341,II,341,1843-XX,1843-04-XX,1843-04-02 1843-04-03 1843-04-04,https://epub3.kb.dk/hcadag/epub3/EPUB/hcadag02_369_341.xhtml,
Pag020342,II,342,1843-XX,1843-04-XX,1843-04-04 1843-04-05 1843-04-06 1843-04-07,https://epub3.kb.dk/hcadag/epub3/EPUB/hcadag02_370_342.xhtml,
Pag020343,II,343,1843-XX,1843-04-XX,1843-04-07 1843-04-08,https://epub3.kb.dk/hcadag/epub3/EPUB/hcadag02_371_343.xhtml,
Pag020344,II,344,1843-XX,1843-04-XX,1843-04-08 1843-04-09 1843-04-10,https://epub3.kb.dk/hcadag/epub3/EPUB/hcadag02_372_344.xhtml,
Pag020345,II,345,1843-XX,1843-04-XX,1843-04-10 1843-04-11,https://epub3.kb.dk/hcadag/epub3/EPUB/hcadag02_373_345.xhtml,
Pag020346,II,346,1843-XX,1843-04-XX,1843-04-12 1843-04-13 1843-04-14 1843-04-15,https://epub3.kb.dk/hcadag/epub3/EPUB/hcadag02_374_346.xhtml,
Pag020347,II,347,1843-XX,1843-04-XX,1843-04-15 1843-04-16 1843-04-17,https://epub3.kb.dk/hcadag/epub3/EPUB/hcadag02_375_347.xhtml,
Pag020348,II,348,1843-XX,1843-04-XX,1843-04-17 1843-04-18,https://epub3.kb.dk/hcadag/epub3/EPUB/hcadag02_376_348.xhtml,
Pag020349,II,349,1843-XX,1843-04-XX,1843-04-18 1843-04-19 1843-04-20,https://epub3.kb.dk/hcadag/epub3/EPUB/hcadag02_377_349.xhtml,
Pag020350,II,350,1843-XX,1843-04-XX,1843-04-20 1843-04-21 1843-04-22,https://epub3.kb.dk/hcadag/epub3/EPUB/hcadag02_378_350.xhtml,
Pag020351,II,351,1843-XX,1843-04-XX,1843-04-22 1843-04-23 1843-04-24,https://epub3.kb.dk/hcadag/epub3/EPUB/hcadag02_379_351.xhtml,
Pag020352,II,352,1843-XX,1843-04-XX,1843-04-24 1843-04-25,https://epub3.kb.dk/hcadag/epub3/EPUB/hcadag02_380_352.xhtml,
Pag020353,II,353,1843-XX,1843-04-XX,1843-04-25 1843-04-26,https://epub3.kb.dk/hcadag/epub3/EPUB/hcadag02_381_353.xhtml,
Pag020354,II,354,1843-XX,1843-04-XX,1843-04-26,https://epub3.kb.dk/hcadag/epub3/EPUB/hcadag02_382_354.xhtml,
Pag020355,II,355,1843-XX,1843-04-XX,1843-04-26 1843-04-27,https://epub3.kb.dk/hcadag/epub3/EPUB/hcadag02_383_355.xhtml,
Pag020356,II,356,1843-XX,1843-04-XX,1843-04-28 1843-04-29,https://epub3.kb.dk/hcadag/epub3/EPUB/hcadag02_384_356.xhtml,
Pag020357,II,357,1843-XX,1843-04-XX,1843-04-29,https://epub3.kb.dk/hcadag/epub3/EPUB/hcadag02_385_357.xhtml,
Pag020358,II,358,1843-XX,1843-04-XX 1843-05-XX,1843-04-29 1843-04-30 1843-05-01,https://epub3.kb.dk/hcadag/epub3/EPUB/hcadag02_386_358.xhtml,
Pag020359,II,359,1843-XX,1843-05-XX,1843-05-01,https://epub3.kb.dk/hcadag/epub3/EPUB/hcadag02_387_359.xhtml,
Pag020360,II,360,1843-XX,1843-05-XX,1843-05-01 1843-05-02,https://epub3.kb.dk/hcadag/epub3/EPUB/hcadag02_388_360.xhtml,
Pag020361,II,361,1843-XX,1843-05-XX,1843-05-02 1843-05-03 1843-05-04 1843-05-05,https://epub3.kb.dk/hcadag/epub3/EPUB/hcadag02_389_361.xhtml,
Pag020362,II,362,1843-XX,1843-05-XX,1843-05-05 1843-05-06 1843-05-07 1843-05-08,https://epub3.kb.dk/hcadag/epub3/EPUB/hcadag02_390_362.xhtml,
Pag020363,II,363,1843-XX,1843-05-XX,1843-05-08 1843-05-09 1843-05-10,https://epub3.kb.dk/hcadag/epub3/EPUB/hcadag02_391_363.xhtml,
Pag020364,II,364,1843-XX,1843-05-XX,1843-05-10 1843-05-11,https://epub3.kb.dk/hcadag/epub3/EPUB/hcadag02_392_364.xhtml,
Pag020365,II,365,1843-XX,1843-05-XX,1843-05-11 1843-05-12,https://epub3.kb.dk/hcadag/epub3/EPUB/hcadag02_393_365.xhtml,
Pag020366,II,366,1843-XX,1843-05-XX,1843-05-12 1843-05-13,https://epub3.kb.dk/hcadag/epub3/EPUB/hcadag02_394_366.xhtml,
Pag020367,II,367,1843-XX,1843-05-XX,1843-05-13 1843-05-14,https://epub3.kb.dk/hcadag/epub3/EPUB/hcadag02_395_367.xhtml,
Pag020368,II,368,1843-XX,1843-05-XX,1843-05-14 1843-05-15 1843-05-16,https://epub3.kb.dk/hcadag/epub3/EPUB/hcadag02_396_368.xhtml,
Pag020369,II,369,1843-XX,1843-05-XX,1843-05-16 1843-05-17,https://epub3.kb.dk/hcadag/epub3/EPUB/hcadag02_397_369.xhtml,
Pag020370,II,370,1843-XX,1843-05-XX,1843-05-17 1843-05-18,https://epub3.kb.dk/hcadag/epub3/EPUB/hcadag02_398_370.xhtml,
Pag020371,II,371,1843-XX,1843-05-XX,1843-05-18,https://epub3.kb.dk/hcadag/epub3/EPUB/hcadag02_399_371.xhtml,
Pag020372,II,372,1843-XX,1843-05-XX,1843-05-19,https://epub3.kb.dk/hcadag/epub3/EPUB/hcadag02_400_372.xhtml,
Pag020373,II,373,1843-XX,1843-05-XX,1843-05-19 1843-05-20,https://epub3.kb.dk/hcadag/epub3/EPUB/hcadag02_401_373.xhtml,
Pag020374,II,374,1843-XX,1843-05-XX,1843-05-21 1843-05-22,https://epub3.kb.dk/hcadag/epub3/EPUB/hcadag02_402_374.xhtml,
Pag020375,II,375,1843-XX,1843-05-XX,1843-05-22 1843-05-23 1843-05-24,https://epub3.kb.dk/hcadag/epub3/EPUB/hcadag02_403_375.xhtml,
Pag020376,II,376,1843-XX,1843-05-XX,1843-05-24 1843-05-25 1843-05-26,https://epub3.kb.dk/hcadag/epub3/EPUB/hcadag02_404_376.xhtml,
Pag020377,II,377,1843-XX,1843-05-XX,1843-05-27 1843-05-28 1843-05-29,https://epub3.kb.dk/hcadag/epub3/EPUB/hcadag02_405_377.xhtml,
Pag020378,II,378,1843-XX,1843-05-XX 1843-06-XX,1843-05-30 1843-05-31 1843-06-01 1843-06-02 1843-06-03,https://epub3.kb.dk/hcadag/epub3/EPUB/hcadag02_406_378.xhtml,
Pag020379,II,379,1843-XX,1843-06-XX,1843-06-03 1843-06-04 1843-06-05 1843-06-06 1843-06-07 1843-06-08 1843-06-09 1843-06-10,https://epub3.kb.dk/hcadag/epub3/EPUB/hcadag02_407_379.xhtml,
Pag020380,II,380,1843-XX,1843-06-XX,1843-06-10 1843-06-11 1843-06-12 1843-06-13 1843-06-14,https://epub3.kb.dk/hcadag/epub3/EPUB/hcadag02_408_380.xhtml,
Pag020381,II,381,1844-XX,1844-05-XX,1844-05-23 1844-05-24,https://epub3.kb.dk/hcadag/epub3/EPUB/hcadag02_409_381.xhtml,
Pag020382,II,382,1844-XX,1844-05-XX,1844-05-24 1844-05-25 1844-05-26,https://epub3.kb.dk/hcadag/epub3/EPUB/hcadag02_410_382.xhtml,
Pag020383,II,383,1844-XX,1844-05-XX,1844-05-26 1844-05-27 1844-05-28 1844-05-29,https://epub3.kb.dk/hcadag/epub3/EPUB/hcadag02_411_383.xhtml,
Pag020384,II,384,1844-XX,1844-05-XX,1844-05-29 1844-05-30,https://epub3.kb.dk/hcadag/epub3/EPUB/hcadag02_412_384.xhtml,
Pag020385,II,385,1844-XX,1844-05-XX 1844-06-XX,1844-05-30 1844-05-31 1844-06-01,https://epub3.kb.dk/hcadag/epub3/EPUB/hcadag02_413_385.xhtml,
Pag020386,II,386,1844-XX,1844-06-XX,1844-06-02 1844-06-03 1844-06-04 1844-06-05,https://epub3.kb.dk/hcadag/epub3/EPUB/hcadag02_414_386.xhtml,
Pag020387,II,387,1844-XX,1844-06-XX,1844-06-05 1844-06-06 1844-06-07 1844-06-08 1844-06-09,https://epub3.kb.dk/hcadag/epub3/EPUB/hcadag02_415_387.xhtml,
Pag020388,II,388,1844-XX,1844-06-XX,1844-06-09 1844-06-10 1844-06-11 1844-06-12 1844-06-13 1844-06-14,https://epub3.kb.dk/hcadag/epub3/EPUB/hcadag02_416_388.xhtml,
Pag020389,II,389,1844-XX,1844-06-XX,1844-06-14 1844-06-15,https://epub3.kb.dk/hcadag/epub3/EPUB/hcadag02_417_389.xhtml,
Pag020390,II,390,1844-XX,1844-06-XX,1844-06-15 1844-06-16 1844-06-17,https://epub3.kb.dk/hcadag/epub3/EPUB/hcadag02_418_390.xhtml,
Pag020391,II,391,1844-XX,1844-06-XX,1844-06-17 1844-06-18 1844-06-19,https://epub3.kb.dk/hcadag/epub3/EPUB/hcadag02_419_391.xhtml,
Pag020392,II,392,1844-XX,1844-06-XX,1844-06-19 1844-06-20,https://epub3.kb.dk/hcadag/epub3/EPUB/hcadag02_420_392.xhtml,
Pag020393,II,393,1844-XX,1844-06-XX,1844-06-20,https://epub3.kb.dk/hcadag/epub3/EPUB/hcadag02_421_393.xhtml,
Pag020394,II,394,1844-XX,1844-06-XX,1844-06-20 1844-06-21,https://epub3.kb.dk/hcadag/epub3/EPUB/hcadag02_422_394.xhtml,
Pag020395,II,395,1844-XX,1844-06-XX,1844-06-21 1844-06-22 1844-06-23,https://epub3.kb.dk/hcadag/epub3/EPUB/hcadag02_423_395.xhtml,
Pag020396,II,396,1844-XX,1844-06-XX,1844-06-23,https://epub3.kb.dk/hcadag/epub3/EPUB/hcadag02_424_396.xhtml,
Pag020397,II,397,1844-XX,1844-06-XX,1844-06-23 1844-06-24,https://epub3.kb.dk/hcadag/epub3/EPUB/hcadag02_425_397.xhtml,
Pag020398,II,398,1844-XX,1844-06-XX,1844-06-24 1844-06-25,https://epub3.kb.dk/hcadag/epub3/EPUB/hcadag02_426_398.xhtml,
Pag020399,II,399,1844-XX,1844-06-XX,1844-06-25 1844-06-26,https://epub3.kb.dk/hcadag/epub3/EPUB/hcadag02_427_399.xhtml,
Pag020400,II,400,1844-XX,1844-06-XX,1844-06-26 1844-06-27,https://epub3.kb.dk/hcadag/epub3/EPUB/hcadag02_428_400.xhtml,
Pag020401,II,401,1844-XX,1844-06-XX,1844-06-28,https://epub3.kb.dk/hcadag/epub3/EPUB/hcadag02_429_401.xhtml,
Pag020402,II,402,1844-XX,1844-06-XX,1844-06-28 1844-06-29 1844-06-30,https://epub3.kb.dk/hcadag/epub3/EPUB/hcadag02_430_402.xhtml,
Pag020403,II,403,1844-XX,1844-06-XX 1844-07-XX,1844-06-30 1844-07-01,https://epub3.kb.dk/hcadag/epub3/EPUB/hcadag02_431_403.xhtml,
Pag020404,II,404,1844-XX,1844-07-XX,1844-07-01 1844-07-02,https://epub3.kb.dk/hcadag/epub3/EPUB/hcadag02_432_404.xhtml,
Pag020405,II,405,1844-XX,1844-07-XX,1844-07-02 1844-07-03,https://epub3.kb.dk/hcadag/epub3/EPUB/hcadag02_433_405.xhtml,
Pag020406,II,406,1844-XX,1844-07-XX,1844-07-03 1844-07-04,https://epub3.kb.dk/hcadag/epub3/EPUB/hcadag02_434_406.xhtml,
Pag020407,II,407,1844-XX,1844-07-XX,1844-07-04 1844-07-05 1844-07-06 1844-07-07,https://epub3.kb.dk/hcadag/epub3/EPUB/hcadag02_435_407.xhtml,
Pag020408,II,408,1844-XX,1844-07-XX,1844-07-07 1844-07-08 1844-07-09,https://epub3.kb.dk/hcadag/epub3/EPUB/hcadag02_436_408.xhtml,
Pag020409,II,409,1844-XX,1844-07-XX,1844-07-09 1844-07-10 1844-07-11,https://epub3.kb.dk/hcadag/epub3/EPUB/hcadag02_437_409.xhtml,
Pag020410,II,410,1844-XX,1844-07-XX,1844-07-11 1844-07-12 1844-07-13,https://epub3.kb.dk/hcadag/epub3/EPUB/hcadag02_438_410.xhtml,
Pag020411,II,411,1844-XX,1844-07-XX,1844-07-13 1844-07-14 1844-07-15,https://epub3.kb.dk/hcadag/epub3/EPUB/hcadag02_439_411.xhtml,
Pag020412,II,412,1844-XX,1844-07-XX,1844-07-16 1844-07-18,https://epub3.kb.dk/hcadag/epub3/EPUB/hcadag02_440_412.xhtml,
Pag020413,II,413,1844-XX,1844-07-XX,1844-07-18 1844-07-19,https://epub3.kb.dk/hcadag/epub3/EPUB/hcadag02_441_413.xhtml,
Pag020414,II,414,1844-XX,1844-07-XX,1844-07-19 1844-07-20,https://epub3.kb.dk/hcadag/epub3/EPUB/hcadag02_442_414.xhtml,
Pag020415,II,415,1844-XX,1844-07-XX,1844-07-20 1844-07-21,https://epub3.kb.dk/hcadag/epub3/EPUB/hcadag02_443_415.xhtml,
Pag020416,II,416,1844-XX,1844-07-XX,1844-07-21 1844-07-22,https://epub3.kb.dk/hcadag/epub3/EPUB/hcadag02_444_416.xhtml,
Pag020417,II,417,1844-XX,1844-07-XX,1844-07-22 1844-07-23 1844-07-24,https://epub3.kb.dk/hcadag/epub3/EPUB/hcadag02_445_417.xhtml,
Pag020418,II,418,1844-XX,1844-07-XX,1844-07-24 1844-07-25,https://epub3.kb.dk/hcadag/epub3/EPUB/hcadag02_446_418.xhtml,
Pag020419,II,419,1844-XX,1844-07-XX,1844-07-25 1844-07-26 1844-07-27,https://epub3.kb.dk/hcadag/epub3/EPUB/hcadag02_447_419.xhtml,
Pag020420,II,420,1844-XX,1844-07-XX,1844-07-27 1844-07-30 1844-07-31,https://epub3.kb.dk/hcadag/epub3/EPUB/hcadag02_448_420.xhtml,
Pag020421,II,421,1844-XX,1844-07-XX 1844-08-XX,1844-07-31 1844-08-01 1844-08-02,https://epub3.kb.dk/hcadag/epub3/EPUB/hcadag02_449_421.xhtml,
Pag020422,II,422,1844-XX,1844-08-XX,1844-08-02 1844-08-27 1844-08-28,https://epub3.kb.dk/hcadag/epub3/EPUB/hcadag02_450_422.xhtml,
Pag020423,II,423,1844-XX,1844-08-XX,1844-08-28 1844-08-29,https://epub3.kb.dk/hcadag/epub3/EPUB/hcadag02_451_423.xhtml,
Pag020424,II,424,1844-XX,1844-08-XX,1844-08-29,https://epub3.kb.dk/hcadag/epub3/EPUB/hcadag02_452_424.xhtml,
Pag020425,II,425,1844-XX,1844-08-XX,1844-08-30 1844-08-31,https://epub3.kb.dk/hcadag/epub3/EPUB/hcadag02_453_425.xhtml,
Pag020426,II,426,1844-XX,1844-08-XX,1844-08-31,https://epub3.kb.dk/hcadag/epub3/EPUB/hcadag02_454_426.xhtml,
Pag020427,II,427,1844-XX,1844-08-XX,1844-08-31,https://epub3.kb.dk/hcadag/epub3/EPUB/hcadag02_455_427.xhtml,
Pag020428,II,428,1844-XX,1844-08-XX 1844-09-XX,1844-08-31 1844-09-01,https://epub3.kb.dk/hcadag/epub3/EPUB/hcadag02_456_428.xhtml,
Pag020429,II,429,1844-XX,1844-09-XX,1844-09-01 1844-09-02 1844-09-03 1844-09-04,https://epub3.kb.dk/hcadag/epub3/EPUB/hcadag02_457_429.xhtml,
Pag020430,II,430,1844-XX,1844-09-XX,1844-09-04 1844-09-05,https://epub3.kb.dk/hcadag/epub3/EPUB/hcadag02_458_430.xhtml,
Pag020431,II,431,1844-XX,1844-09-XX,1844-09-05,https://epub3.kb.dk/hcadag/epub3/EPUB/hcadag02_459_431.xhtml,
Pag020432,II,432,1844-XX,1844-09-XX,1844-09-06 1844-09-07,https://epub3.kb.dk/hcadag/epub3/EPUB/hcadag02_460_432.xhtml,
Pag020433,II,433,1844-XX,1844-09-XX,1844-09-07,https://epub3.kb.dk/hcadag/epub3/EPUB/hcadag02_461_433.xhtml,
Pag020434,II,434,1844-XX,1844-09-XX,1844-09-07 1844-09-08,https://epub3.kb.dk/hcadag/epub3/EPUB/hcadag02_462_434.xhtml,
Pag020435,II,435,1844-XX,1844-09-XX,1844-09-08 1844-09-09 1844-09-10,https://epub3.kb.dk/hcadag/epub3/EPUB/hcadag02_463_435.xhtml,
Pag020436,II,436,1844-XX,1844-09-XX,1844-09-10,https://epub3.kb.dk/hcadag/epub3/EPUB/hcadag02_464_436.xhtml,
Pag020437,II,437,1844-XX,1844-09-XX,1844-09-10 1844-09-11,https://epub3.kb.dk/hcadag/epub3/EPUB/hcadag02_465_437.xhtml,
Pag020438,II,438,1844-XX,1844-09-XX,1844-09-11 1844-09-12 1844-09-13,https://epub3.kb.dk/hcadag/epub3/EPUB/hcadag02_466_438.xhtml,
Pag020439,II,439,1844-XX,1844-09-XX,1844-09-13 1844-09-14,https://epub3.kb.dk/hcadag/epub3/EPUB/hcadag02_467_439.xhtml,
Pag020440,II,440,1844-XX,1844-09-XX,1844-09-14 1844-09-15 1844-09-16 1844-09-17,https://epub3.kb.dk/hcadag/epub3/EPUB/hcadag02_468_440.xhtml,
Pag020441,II,441,1844-XX,1844-09-XX,1844-09-17 1844-09-18 1844-09-19 1844-09-20,https://epub3.kb.dk/hcadag/epub3/EPUB/hcadag02_469_441.xhtml,
Pag020442,II,442,1844-XX,1844-09-XX,1844-09-20 1844-09-21 1844-09-22,https://epub3.kb.dk/hcadag/epub3/EPUB/hcadag02_470_442.xhtml,
Pag020443,II,443,1844-XX,1844-09-XX,1844-09-22,https://epub3.kb.dk/hcadag/epub3/EPUB/hcadag02_471_443.xhtml,
Pag020444,II,444,1844-XX,1844-09-XX,1844-09-22 1844-09-23 1844-09-24,https://epub3.kb.dk/hcadag/epub3/EPUB/hcadag02_472_444.xhtml,
Pag020445,II,445,1844-XX,1844-09-XX,1844-09-24,https://epub3.kb.dk/hcadag/epub3/EPUB/hcadag02_473_445.xhtml,
Pag020446,II,446,1844-XX,1844-09-XX,1844-09-24,https://epub3.kb.dk/hcadag/epub3/EPUB/hcadag02_474_446.xhtml,
Pag020447,II,447,1844-XX,1844-09-XX,1844-09-24 1844-09-25,https://epub3.kb.dk/hcadag/epub3/EPUB/hcadag02_475_447.xhtml,
Pag020448,II,448,1844-XX,1844-09-XX,1844-09-25 1844-09-26 1844-09-27 1844-09-28 1844-09-29,https://epub3.kb.dk/hcadag/epub3/EPUB/hcadag02_476_448.xhtml,
Pag030001,III,1,1845-XX,1845-10-XX 1845-11-XX,1845-10-31 1845-11-01,https://epub3.kb.dk/hcadag/epub3/EPUB/hcadag03_025_1.xhtml,
Pag030002,III,2,1845-XX,1845-11-XX,1845-11-01 1845-11-02 1845-11-03 1845-11-04,https://epub3.kb.dk/hcadag/epub3/EPUB/hcadag03_026_2.xhtml,
Pag030003,III,3,1845-XX,1845-11-XX,1845-11-04 1845-11-05 1845-11-06,https://epub3.kb.dk/hcadag/epub3/EPUB/hcadag03_027_3.xhtml,
Pag030004,III,4,1845-XX,1845-11-XX,1845-11-06 1845-11-07 1845-11-08 1845-11-09,https://epub3.kb.dk/hcadag/epub3/EPUB/hcadag03_028_4.xhtml,
Pag030005,III,5,1845-XX,1845-11-XX,1845-11-09 1845-11-10 1845-11-11,https://epub3.kb.dk/hcadag/epub3/EPUB/hcadag03_029_5.xhtml,
Pag030006,III,6,1845-XX,1845-11-XX,1845-11-11 1845-11-12 1845-11-13,https://epub3.kb.dk/hcadag/epub3/EPUB/hcadag03_030_6.xhtml,
Pag030007,III,7,1845-XX,1845-11-XX,1845-11-13 1845-11-14 1845-11-15,https://epub3.kb.dk/hcadag/epub3/EPUB/hcadag03_031_7.xhtml,
Pag030008,III,8,1845-XX,1845-11-XX,1845-11-15 1845-11-16 1845-11-17,https://epub3.kb.dk/hcadag/epub3/EPUB/hcadag03_032_8.xhtml,
Pag030009,III,9,1845-XX,1845-11-XX,1845-11-18 1845-11-19 1845-11-20 1845-11-21,https://epub3.kb.dk/hcadag/epub3/EPUB/hcadag03_033_9.xhtml,
Pag030010,III,10,1845-XX,1845-11-XX,1845-11-21 1845-11-22,https://epub3.kb.dk/hcadag/epub3/EPUB/hcadag03_034_10.xhtml,
Pag030011,III,11,1845-XX,1845-11-XX,1845-11-22,https://epub3.kb.dk/hcadag/epub3/EPUB/hcadag03_035_11.xhtml,
Pag030012,III,12,1845-XX,1845-11-XX,1845-11-22 1845-11-23,https://epub3.kb.dk/hcadag/epub3/EPUB/hcadag03_036_12.xhtml,
Pag030013,III,13,1845-XX,1845-11-XX,1845-11-23 1845-11-24 1845-11-25,https://epub3.kb.dk/hcadag/epub3/EPUB/hcadag03_037_13.xhtml,
Pag030014,III,14,1845-XX,1845-11-XX,1845-11-25 1845-11-26 1845-11-27,https://epub3.kb.dk/hcadag/epub3/EPUB/hcadag03_038_14.xhtml,
Pag030015,III,15,1845-XX,1845-11-XX,1845-11-27 1845-11-28,https://epub3.kb.dk/hcadag/epub3/EPUB/hcadag03_039_15.xhtml,
Pag030016,III,16,1845-XX,1845-11-XX,1845-11-28 1845-11-29,https://epub3.kb.dk/hcadag/epub3/EPUB/hcadag03_040_16.xhtml,
Pag030017,III,17,1845-XX,1845-11-XX 1845-12-XX,1845-11-30 1845-12-01 1845-12-02 1845-12-03,https://epub3.kb.dk/hcadag/epub3/EPUB/hcadag03_041_17.xhtml,
Pag030018,III,18,1845-XX,1845-12-XX,1845-12-03 1845-12-04,https://epub3.kb.dk/hcadag/epub3/EPUB/hcadag03_042_18.xhtml,
Pag030019,III,19,1845-XX,1845-12-XX,1845-12-04 1845-12-05 1845-12-06,https://epub3.kb.dk/hcadag/epub3/EPUB/hcadag03_043_19.xhtml,
Pag030020,III,20,1845-XX,1845-12-XX,1845-12-06 1845-12-07 1845-12-08,https://epub3.kb.dk/hcadag/epub3/EPUB/hcadag03_044_20.xhtml,
Pag030021,III,21,1845-XX,1845-12-XX,1845-12-08 1845-12-09,https://epub3.kb.dk/hcadag/epub3/EPUB/hcadag03_045_21.xhtml,
Pag030022,III,22,1845-XX,1845-12-XX,1845-12-09 1845-12-10 1845-12-11 1845-12-12,https://epub3.kb.dk/hcadag/epub3/EPUB/hcadag03_046_22.xhtml,
Pag030023,III,23,1845-XX,1845-12-XX,1845-12-12 1845-12-13 1845-12-14,https://epub3.kb.dk/hcadag/epub3/EPUB/hcadag03_047_23.xhtml,
Pag030024,III,24,1845-XX,1845-12-XX,1845-12-14 1845-12-15 1845-12-16,https://epub3.kb.dk/hcadag/epub3/EPUB/hcadag03_048_24.xhtml,
Pag030025,III,25,1845-XX,1845-12-XX,1845-12-16 1845-12-17,https://epub3.kb.dk/hcadag/epub3/EPUB/hcadag03_049_25.xhtml,
Pag030026,III,26,1845-XX,1845-12-XX,1845-12-17 1845-12-18 1845-12-19,https://epub3.kb.dk/hcadag/epub3/EPUB/hcadag03_050_26.xhtml,
Pag030027,III,27,1845-XX,1845-12-XX,1845-12-19 1845-12-20,https://epub3.kb.dk/hcadag/epub3/EPUB/hcadag03_051_27.xhtml,
Pag030028,III,28,1845-XX,1845-12-XX,1845-12-20 1845-12-21,https://epub3.kb.dk/hcadag/epub3/EPUB/hcadag03_052_28.xhtml,
Pag030029,III,29,1845-XX,1845-12-XX,1845-12-21 1845-12-22,https://epub3.kb.dk/hcadag/epub3/EPUB/hcadag03_053_29.xhtml,
Pag030030,III,30,1845-XX,1845-12-XX,1845-12-22 1845-12-23,https://epub3.kb.dk/hcadag/epub3/EPUB/hcadag03_054_30.xhtml,
Pag030031,III,31,1845-XX,1845-12-XX,1845-12-23 1845-12-24,https://epub3.kb.dk/hcadag/epub3/EPUB/hcadag03_055_31.xhtml,
Pag030032,III,32,1845-XX,1845-12-XX,1845-12-24 1845-12-25,https://epub3.kb.dk/hcadag/epub3/EPUB/hcadag03_056_32.xhtml,
Pag030033,III,33,1845-XX,1845-12-XX,1845-12-25 1845-12-26,https://epub3.kb.dk/hcadag/epub3/EPUB/hcadag03_057_33.xhtml,
Pag030034,III,34,1845-XX,1845-12-XX,1845-12-26 1845-12-27 1845-12-28,https://epub3.kb.dk/hcadag/epub3/EPUB/hcadag03_058_34.xhtml,
Pag030035,III,35,1845-XX,1845-12-XX,1845-12-28 1845-12-29,https://epub3.kb.dk/hcadag/epub3/EPUB/hcadag03_059_35.xhtml,
Pag030036,III,36,1845-XX,1845-12-XX,1845-12-29 1845-12-30 1845-12-31,https://epub3.kb.dk/hcadag/epub3/EPUB/hcadag03_060_36.xhtml,
Pag030037,III,37,1845-XX,1845-12-XX,1845-12-31,https://epub3.kb.dk/hcadag/epub3/EPUB/hcadag03_061_37.xhtml,
Pag030038,III,38,1846-XX,1846-01-XX,1846-01-01,https://epub3.kb.dk/hcadag/epub3/EPUB/hcadag03_062_38.xhtml,
Pag030039,III,39,1846-XX,1846-01-XX,1846-01-01 1846-01-02 1846-01-03,https://epub3.kb.dk/hcadag/epub3/EPUB/hcadag03_063_39.xhtml,
Pag030040,III,40,1846-XX,1846-01-XX,1846-01-03 1846-01-04 1846-01-05 1846-01-06,https://epub3.kb.dk/hcadag/epub3/EPUB/hcadag03_064_40.xhtml,
Pag030041,III,41,1846-XX,1846-01-XX,1846-01-06 1846-01-07 1846-01-08,https://epub3.kb.dk/hcadag/epub3/EPUB/hcadag03_065_41.xhtml,
Pag030042,III,42,1846-XX,1846-01-XX,1846-01-08 1846-01-09,https://epub3.kb.dk/hcadag/epub3/EPUB/hcadag03_066_42.xhtml,
Pag030043,III,43,1846-XX,1846-01-XX,1846-01-09 1846-01-10 1846-01-11,https://epub3.kb.dk/hcadag/epub3/EPUB/hcadag03_067_43.xhtml,
Pag030044,III,44,1846-XX,1846-01-XX,1846-01-11 1846-01-12 1846-01-13,https://epub3.kb.dk/hcadag/epub3/EPUB/hcadag03_068_44.xhtml,
Pag030045,III,45,1846-XX,1846-01-XX,1846-01-13 1846-01-14 1846-01-15,https://epub3.kb.dk/hcadag/epub3/EPUB/hcadag03_069_45.xhtml,
Pag030046,III,46,1846-XX,1846-01-XX,1846-01-15 1846-01-16 1846-01-17,https://epub3.kb.dk/hcadag/epub3/EPUB/hcadag03_070_46.xhtml,
Pag030047,III,47,1846-XX,1846-01-XX,1846-01-17 1846-01-18 1846-01-19,https://epub3.kb.dk/hcadag/epub3/EPUB/hcadag03_071_47.xhtml,
Pag030048,III,48,1846-XX,1846-01-XX,1846-01-19 1846-01-20 1846-01-21 1846-01-22,https://epub3.kb.dk/hcadag/epub3/EPUB/hcadag03_072_48.xhtml,
Pag030049,III,49,1846-XX,1846-01-XX,1846-01-22 1846-01-23 1846-01-24,https://epub3.kb.dk/hcadag/epub3/EPUB/hcadag03_073_49.xhtml,
Pag030050,III,50,1846-XX,1846-01-XX,1846-01-24 1846-01-25 1846-01-26,https://epub3.kb.dk/hcadag/epub3/EPUB/hcadag03_074_50.xhtml,
Pag030051,III,51,1846-XX,1846-01-XX,1846-01-26 1846-01-27,https://epub3.kb.dk/hcadag/epub3/EPUB/hcadag03_075_51.xhtml,
Pag030052,III,52,1846-XX,1846-01-XX,1846-01-27 1846-01-28,https://epub3.kb.dk/hcadag/epub3/EPUB/hcadag03_076_52.xhtml,
Pag030053,III,53,1846-XX,1846-01-XX,1846-01-28 1846-01-29 1846-01-30,https://epub3.kb.dk/hcadag/epub3/EPUB/hcadag03_077_53.xhtml,
Pag030054,III,54,1846-XX,1846-01-XX 1846-02-XX,1846-01-30 1846-01-31 1846-02-01,https://epub3.kb.dk/hcadag/epub3/EPUB/hcadag03_078_54.xhtml,
Pag030055,III,55,1846-XX,1846-02-XX,1846-02-01 1846-02-02,https://epub3.kb.dk/hcadag/epub3/EPUB/hcadag03_079_55.xhtml,
Pag030056,III,56,1846-XX,1846-02-XX,1846-02-02 1846-02-03 1846-02-04 1846-02-05,https://epub3.kb.dk/hcadag/epub3/EPUB/hcadag03_080_56.xhtml,
Pag030057,III,57,1846-XX,1846-02-XX,1846-02-05 1846-02-06 1846-02-07,https://epub3.kb.dk/hcadag/epub3/EPUB/hcadag03_081_57.xhtml,
Pag030058,III,58,1846-XX,1846-02-XX,1846-02-07 1846-02-08,https://epub3.kb.dk/hcadag/epub3/EPUB/hcadag03_082_58.xhtml,
Pag030059,III,59,1846-XX,1846-02-XX,1846-02-08 1846-02-09,https://epub3.kb.dk/hcadag/epub3/EPUB/hcadag03_083_59.xhtml,
Pag030060,III,60,1846-XX,1846-02-XX,1846-02-09 1846-02-10 1846-02-11,https://epub3.kb.dk/hcadag/epub3/EPUB/hcadag03_084_60.xhtml,
Pag030061,III,61,1846-XX,1846-02-XX,1846-02-11 1846-02-12 1846-02-13,https://epub3.kb.dk/hcadag/epub3/EPUB/hcadag03_085_61.xhtml,
Pag030062,III,62,1846-XX,1846-02-XX,1846-02-13 1846-02-14 1846-02-15 1846-02-16,https://epub3.kb.dk/hcadag/epub3/EPUB/hcadag03_086_62.xhtml,
Pag030063,III,63,1846-XX,1846-02-XX,1846-02-16 1846-02-17 1846-02-18 1846-02-19,https://epub3.kb.dk/hcadag/epub3/EPUB/hcadag03_087_63.xhtml,
Pag030064,III,64,1846-XX,1846-02-XX,1846-02-20 1846-02-21 1846-02-22,https://epub3.kb.dk/hcadag/epub3/EPUB/hcadag03_088_64.xhtml,
Pag030065,III,65,1846-XX,1846-02-XX,1846-02-22 1846-02-23 1846-02-24,https://epub3.kb.dk/hcadag/epub3/EPUB/hcadag03_089_65.xhtml,
Pag030066,III,66,1846-XX,1846-02-XX,1846-02-24 1846-02-25,https://epub3.kb.dk/hcadag/epub3/EPUB/hcadag03_090_66.xhtml,
Pag030067,III,67,1846-XX,1846-02-XX,1846-02-26 1846-02-27,https://epub3.kb.dk/hcadag/epub3/EPUB/hcadag03_091_67.xhtml,
Pag030068,III,68,1846-XX,1846-02-XX 1846-03-XX,1846-02-27 1846-02-28 1846-03-01,https://epub3.kb.dk/hcadag/epub3/EPUB/hcadag03_092_68.xhtml,
Pag030069,III,69,1846-XX,1846-03-XX,1846-03-01 1846-03-02 1846-03-03 1846-03-04,https://epub3.kb.dk/hcadag/epub3/EPUB/hcadag03_093_69.xhtml,
Pag030070,III,70,1846-XX,1846-03-XX,1846-03-04 1846-03-05,https://epub3.kb.dk/hcadag/epub3/EPUB/hcadag03_094_70.xhtml,
Pag030071,III,71,1846-XX,1846-03-XX,1846-03-05 1846-03-06,https://epub3.kb.dk/hcadag/epub3/EPUB/hcadag03_095_71.xhtml,
Pag030072,III,72,1846-XX,1846-03-XX,1846-03-06 1846-03-07 1846-03-08,https://epub3.kb.dk/hcadag/epub3/EPUB/hcadag03_096_72.xhtml,
Pag030073,III,73,1846-XX,1846-03-XX,1846-03-08 1846-03-09,https://epub3.kb.dk/hcadag/epub3/EPUB/hcadag03_097_73.xhtml,
Pag030074,III,74,1846-XX,1846-03-XX,1846-03-09 1846-03-10 1846-03-11,https://epub3.kb.dk/hcadag/epub3/EPUB/hcadag03_098_74.xhtml,
Pag030075,III,75,1846-XX,1846-03-XX,1846-03-11 1846-03-12 1846-03-13 1846-03-14,https://epub3.kb.dk/hcadag/epub3/EPUB/hcadag03_099_75.xhtml,
Pag030076,III,76,1846-XX,1846-03-XX,1846-03-14 1846-03-15 1846-03-16,https://epub3.kb.dk/hcadag/epub3/EPUB/hcadag03_100_76.xhtml,
Pag030077,III,77,1846-XX,1846-03-XX,1846-03-17 1846-03-18,https://epub3.kb.dk/hcadag/epub3/EPUB/hcadag03_101_77.xhtml,
Pag030078,III,78,1846-XX,1846-03-XX,1846-03-18 1846-03-19,https://epub3.kb.dk/hcadag/epub3/EPUB/hcadag03_102_78.xhtml,
Pag030079,III,79,1846-XX,1846-03-XX,1846-03-19 1846-03-20 1846-03-21,https://epub3.kb.dk/hcadag/epub3/EPUB/hcadag03_103_79.xhtml,
Pag030080,III,80,1846-XX,1846-03-XX,1846-03-21 1846-03-22,https://epub3.kb.dk/hcadag/epub3/EPUB/hcadag03_104_80.xhtml,
Pag030081,III,81,1846-XX,1846-03-XX,1846-03-22 1846-03-23,https://epub3.kb.dk/hcadag/epub3/EPUB/hcadag03_105_81.xhtml,
Pag030082,III,82,1846-XX,1846-03-XX,1846-03-23 1846-03-24 1846-03-25,https://epub3.kb.dk/hcadag/epub3/EPUB/hcadag03_106_82.xhtml,
Pag030083,III,83,1846-XX,1846-03-XX,1846-03-25,https://epub3.kb.dk/hcadag/epub3/EPUB/hcadag03_107_83.xhtml,
Pag030084,III,84,1846-XX,1846-03-XX,1846-03-25 1846-03-26 1846-03-27,https://epub3.kb.dk/hcadag/epub3/EPUB/hcadag03_108_84.xhtml,
Pag030085,III,85,1846-XX,1846-03-XX,1846-03-28 1846-03-29,https://epub3.kb.dk/hcadag/epub3/EPUB/hcadag03_109_85.xhtml,
Pag030086,III,86,1846-XX,1846-03-XX,1846-03-29 1846-03-30 1846-03-31,https://epub3.kb.dk/hcadag/epub3/EPUB/hcadag03_110_86.xhtml,
Pag030087,III,87,1846-XX,1846-03-XX 1846-04-XX,1846-03-31 1846-04-01 1846-04-02,https://epub3.kb.dk/hcadag/epub3/EPUB/hcadag03_111_87.xhtml,
Pag030088,III,88,1846-XX,1846-04-XX,1846-04-02 1846-04-03 1846-04-04 1846-04-05 1846-04-06,https://epub3.kb.dk/hcadag/epub3/EPUB/hcadag03_112_88.xhtml,
Pag030089,III,89,1846-XX,1846-04-XX,1846-04-06 1846-04-07 1846-04-08 1846-04-09 1846-04-10,https://epub3.kb.dk/hcadag/epub3/EPUB/hcadag03_113_89.xhtml,
Pag030090,III,90,1846-XX,1846-04-XX,1846-04-10 1846-04-11 1846-04-12,https://epub3.kb.dk/hcadag/epub3/EPUB/hcadag03_114_90.xhtml,
Pag030091,III,91,1846-XX,1846-04-XX,1846-04-12 1846-04-13 1846-04-14,https://epub3.kb.dk/hcadag/epub3/EPUB/hcadag03_115_91.xhtml,
Pag030092,III,92,1846-XX,1846-04-XX,1846-04-14 1846-04-15 1846-04-16 1846-04-17,https://epub3.kb.dk/hcadag/epub3/EPUB/hcadag03_116_92.xhtml,
Pag030093,III,93,1846-XX,1846-04-XX,1846-04-17 1846-04-18 1846-04-19,https://epub3.kb.dk/hcadag/epub3/EPUB/hcadag03_117_93.xhtml,
Pag030094,III,94,1846-XX,1846-04-XX,1846-04-19 1846-04-20,https://epub3.kb.dk/hcadag/epub3/EPUB/hcadag03_118_94.xhtml,
Pag030095,III,95,1846-XX,1846-04-XX,1846-04-20 1846-04-21 1846-04-22,https://epub3.kb.dk/hcadag/epub3/EPUB/hcadag03_119_95.xhtml,
Pag030096,III,96,1846-XX,1846-04-XX,1846-04-22 1846-04-23 1846-04-24 1846-04-25,https://epub3.kb.dk/hcadag/epub3/EPUB/hcadag03_120_96.xhtml,
Pag030097,III,97,1846-XX,1846-04-XX,1846-04-26 1846-04-27,https://epub3.kb.dk/hcadag/epub3/EPUB/hcadag03_121_97.xhtml,
Pag030098,III,98,1846-XX,1846-04-XX,1846-04-27 1846-04-28 1846-04-29,https://epub3.kb.dk/hcadag/epub3/EPUB/hcadag03_122_98.xhtml,
Pag030099,III,99,1846-XX,1846-04-XX,1846-04-29 1846-04-30,https://epub3.kb.dk/hcadag/epub3/EPUB/hcadag03_123_99.xhtml,
Pag030100,III,100,1846-XX,1846-04-XX,1846-04-30,https://epub3.kb.dk/hcadag/epub3/EPUB/hcadag03_124_100.xhtml,
Pag030101,III,101,1846-XX,1846-05-XX,1846-05-01,https://epub3.kb.dk/hcadag/epub3/EPUB/hcadag03_125_101.xhtml,
Pag030102,III,102,1846-XX,1846-05-XX,1846-05-02 1846-05-03,https://epub3.kb.dk/hcadag/epub3/EPUB/hcadag03_126_102.xhtml,
Pag030103,III,103,1846-XX,1846-05-XX,1846-05-03 1846-05-04,https://epub3.kb.dk/hcadag/epub3/EPUB/hcadag03_127_103.xhtml,
Pag030104,III,104,1846-XX,1846-05-XX,1846-05-04 1846-05-05 1846-05-06,https://epub3.kb.dk/hcadag/epub3/EPUB/hcadag03_128_104.xhtml,
Pag030105,III,105,1846-XX,1846-05-XX,1846-05-06 1846-05-07,https://epub3.kb.dk/hcadag/epub3/EPUB/hcadag03_129_105.xhtml,
Pag030106,III,106,1846-XX,1846-05-XX,1846-05-07 1846-05-08,https://epub3.kb.dk/hcadag/epub3/EPUB/hcadag03_130_106.xhtml,
Pag030107,III,107,1846-XX,1846-05-XX,1846-05-08 1846-05-09 1846-05-10 1846-05-11,https://epub3.kb.dk/hcadag/epub3/EPUB/hcadag03_131_107.xhtml,
Pag030108,III,108,1846-XX,1846-05-XX,1846-05-11 1846-05-12 1846-05-13 1846-05-14,https://epub3.kb.dk/hcadag/epub3/EPUB/hcadag03_132_108.xhtml,
Pag030109,III,109,1846-XX,1846-05-XX,1846-05-14 1846-05-15,https://epub3.kb.dk/hcadag/epub3/EPUB/hcadag03_133_109.xhtml,
Pag030110,III,110,1846-XX,1846-05-XX,1846-05-15 1846-05-16,https://epub3.kb.dk/hcadag/epub3/EPUB/hcadag03_134_110.xhtml,
Pag030111,III,111,1846-XX,1846-05-XX,1846-05-16 1846-05-17 1846-05-18,https://epub3.kb.dk/hcadag/epub3/EPUB/hcadag03_135_111.xhtml,
Pag030112,III,112,1846-XX,1846-05-XX,1846-05-18 1846-05-19 1846-05-20,https://epub3.kb.dk/hcadag/epub3/EPUB/hcadag03_136_112.xhtml,
Pag030113,III,113,1846-XX,1846-05-XX,1846-05-20 1846-05-21 1846-05-22,https://epub3.kb.dk/hcadag/epub3/EPUB/hcadag03_137_113.xhtml,
Pag030114,III,114,1846-XX,1846-05-XX,1846-05-22 1846-05-23 1846-05-24,https://epub3.kb.dk/hcadag/epub3/EPUB/hcadag03_138_114.xhtml,
Pag030115,III,115,1846-XX,1846-05-XX,1846-05-24 1846-05-25,https://epub3.kb.dk/hcadag/epub3/EPUB/hcadag03_139_115.xhtml,
Pag030116,III,116,1846-XX,1846-05-XX,1846-05-25 1846-05-26,https://epub3.kb.dk/hcadag/epub3/EPUB/hcadag03_140_116.xhtml,
Pag030117,III,117,1846-XX,1846-05-XX,1846-05-26 1846-05-27,https://epub3.kb.dk/hcadag/epub3/EPUB/hcadag03_141_117.xhtml,
Pag030118,III,118,1846-XX,1846-05-XX,1846-05-27 1846-05-28,https://epub3.kb.dk/hcadag/epub3/EPUB/hcadag03_142_118.xhtml,
Pag030119,III,119,1846-XX,1846-05-XX,1846-05-28,https://epub3.kb.dk/hcadag/epub3/EPUB/hcadag03_143_119.xhtml,
Pag030120,III,120,1846-XX,1846-05-XX,1846-05-29,https://epub3.kb.dk/hcadag/epub3/EPUB/hcadag03_144_120.xhtml,
Pag030121,III,121,1846-XX,1846-05-XX,1846-05-30 1846-05-31,https://epub3.kb.dk/hcadag/epub3/EPUB/hcadag03_145_121.xhtml,
Pag030122,III,122,1846-XX,1846-05-XX 1846-06-XX,1846-05-31 1846-06-01,https://epub3.kb.dk/hcadag/epub3/EPUB/hcadag03_146_122.xhtml,
Pag030123,III,123,1846-XX,1846-06-XX,1846-06-01 1846-06-02 1846-06-03,https://epub3.kb.dk/hcadag/epub3/EPUB/hcadag03_147_123.xhtml,
Pag030124,III,124,1846-XX,1846-06-XX,1846-06-03 1846-06-04 1846-06-05 1846-06-06,https://epub3.kb.dk/hcadag/epub3/EPUB/hcadag03_148_124.xhtml,
Pag030125,III,125,1846-XX,1846-06-XX,1846-06-06 1846-06-07,https://epub3.kb.dk/hcadag/epub3/EPUB/hcadag03_149_125.xhtml,
Pag030126,III,126,1846-XX,1846-06-XX,1846-06-07 1846-06-08 1846-06-09,https://epub3.kb.dk/hcadag/epub3/EPUB/hcadag03_150_126.xhtml,
Pag030127,III,127,1846-XX,1846-06-XX,1846-06-09 1846-06-10 1846-06-11,https://epub3.kb.dk/hcadag/epub3/EPUB/hcadag03_151_127.xhtml,
Pag030128,III,128,1846-XX,1846-06-XX,1846-06-12 1846-06-13 1846-06-14,https://epub3.kb.dk/hcadag/epub3/EPUB/hcadag03_152_128.xhtml,
Pag030129,III,129,1846-XX,1846-06-XX,1846-06-14 1846-06-15 1846-06-16,https://epub3.kb.dk/hcadag/epub3/EPUB/hcadag03_153_129.xhtml,
Pag030130,III,130,1846-XX,1846-06-XX,1846-06-16 1846-06-17,https://epub3.kb.dk/hcadag/epub3/EPUB/hcadag03_154_130.xhtml,
Pag030131,III,131,1846-XX,1846-06-XX,1846-06-17 1846-06-18,https://epub3.kb.dk/hcadag/epub3/EPUB/hcadag03_155_131.xhtml,
Pag030132,III,132,1846-XX,1846-06-XX,1846-06-18 1846-06-19,https://epub3.kb.dk/hcadag/epub3/EPUB/hcadag03_156_132.xhtml,
Pag030133,III,133,1846-XX,1846-06-XX,1846-06-19 1846-06-20,https://epub3.kb.dk/hcadag/epub3/EPUB/hcadag03_157_133.xhtml,
Pag030134,III,134,1846-XX,1846-06-XX,1846-06-20 1846-06-21,https://epub3.kb.dk/hcadag/epub3/EPUB/hcadag03_158_134.xhtml,
Pag030135,III,135,1846-XX,1846-06-XX,1846-06-21 1846-06-22 1846-06-23,https://epub3.kb.dk/hcadag/epub3/EPUB/hcadag03_159_135.xhtml,
Pag030136,III,136,1846-XX,1846-06-XX,1846-06-23 1846-06-24,https://epub3.kb.dk/hcadag/epub3/EPUB/hcadag03_160_136.xhtml,
Pag030137,III,137,1846-XX,1846-06-XX,1846-06-24 1846-06-25,https://epub3.kb.dk/hcadag/epub3/EPUB/hcadag03_161_137.xhtml,
Pag030138,III,138,1846-XX,1846-06-XX,1846-06-26 1846-06-27,https://epub3.kb.dk/hcadag/epub3/EPUB/hcadag03_162_138.xhtml,
Pag030139,III,139,1846-XX,1846-06-XX,1846-06-27 1846-06-28,https://epub3.kb.dk/hcadag/epub3/EPUB/hcadag03_163_139.xhtml,
Pag030140,III,140,1846-XX,1846-06-XX,1846-06-29 1846-06-30,https://epub3.kb.dk/hcadag/epub3/EPUB/hcadag03_164_140.xhtml,
Pag030141,III,141,1846-XX,1846-06-XX 1846-07-XX,1846-06-30 1846-07-01,https://epub3.kb.dk/hcadag/epub3/EPUB/hcadag03_165_141.xhtml,
Pag030142,III,142,1846-XX,1846-07-XX,1846-07-01,https://epub3.kb.dk/hcadag/epub3/EPUB/hcadag03_166_142.xhtml,
Pag030143,III,143,1846-XX,1846-07-XX,1846-07-01 1846-07-02,https://epub3.kb.dk/hcadag/epub3/EPUB/hcadag03_167_143.xhtml,
Pag030144,III,144,1846-XX,1846-07-XX,1846-07-02 1846-07-03,https://epub3.kb.dk/hcadag/epub3/EPUB/hcadag03_168_144.xhtml,
Pag030145,III,145,1846-XX,1846-07-XX,1846-07-03 1846-07-04,https://epub3.kb.dk/hcadag/epub3/EPUB/hcadag03_169_145.xhtml,
Pag030146,III,146,1846-XX,1846-07-XX,1846-07-05 1846-07-06 1846-07-07,https://epub3.kb.dk/hcadag/epub3/EPUB/hcadag03_170_146.xhtml,
Pag030147,III,147,1846-XX,1846-07-XX,1846-07-07,https://epub3.kb.dk/hcadag/epub3/EPUB/hcadag03_171_147.xhtml,
Pag030148,III,148,1846-XX,1846-07-XX,1846-07-07 1846-07-08 1846-07-09,https://epub3.kb.dk/hcadag/epub3/EPUB/hcadag03_172_148.xhtml,
Pag030149,III,149,1846-XX,1846-07-XX,1846-07-09 1846-07-10,https://epub3.kb.dk/hcadag/epub3/EPUB/hcadag03_173_149.xhtml,
Pag030150,III,150,1846-XX,1846-07-XX,1846-07-11 1846-07-12 1846-07-13,https://epub3.kb.dk/hcadag/epub3/EPUB/hcadag03_174_150.xhtml,
Pag030151,III,151,1846-XX,1846-07-XX,1846-07-13 1846-07-14 1846-07-15,https://epub3.kb.dk/hcadag/epub3/EPUB/hcadag03_175_151.xhtml,
Pag030152,III,152,1846-XX,1846-07-XX,1846-07-15,https://epub3.kb.dk/hcadag/epub3/EPUB/hcadag03_176_152.xhtml,
Pag030153,III,153,1846-XX,1846-07-XX,1846-07-15 1846-07-16 1846-07-17,https://epub3.kb.dk/hcadag/epub3/EPUB/hcadag03_177_153.xhtml,
Pag030154,III,154,1846-XX,1846-07-XX,1846-07-17 1846-07-18,https://epub3.kb.dk/hcadag/epub3/EPUB/hcadag03_178_154.xhtml,
Pag030155,III,155,1846-XX,1846-07-XX,1846-07-18 1846-07-19,https://epub3.kb.dk/hcadag/epub3/EPUB/hcadag03_179_155.xhtml,
Pag030156,III,156,1846-XX,1846-07-XX,1846-07-19 1846-07-20,https://epub3.kb.dk/hcadag/epub3/EPUB/hcadag03_180_156.xhtml,
Pag030157,III,157,1846-XX,1846-07-XX,1846-07-20 1846-07-21 1846-07-22,https://epub3.kb.dk/hcadag/epub3/EPUB/hcadag03_181_157.xhtml,
Pag030158,III,158,1846-XX,1846-07-XX,1846-07-22 1846-07-23,https://epub3.kb.dk/hcadag/epub3/EPUB/hcadag03_182_158.xhtml,
Pag030159,III,159,1846-XX,1846-07-XX,1846-07-23 1846-07-24 1846-07-25 1846-07-26,https://epub3.kb.dk/hcadag/epub3/EPUB/hcadag03_183_159.xhtml,
Pag030160,III,160,1846-XX,1846-07-XX,1846-07-26 1846-07-27 1846-07-28,https://epub3.kb.dk/hcadag/epub3/EPUB/hcadag03_184_160.xhtml,
Pag030161,III,161,1846-XX,1846-07-XX,1846-07-28 1846-07-29,https://epub3.kb.dk/hcadag/epub3/EPUB/hcadag03_185_161.xhtml,
Pag030162,III,162,1846-XX,1846-07-XX,1846-07-30 1846-07-31,https://epub3.kb.dk/hcadag/epub3/EPUB/hcadag03_186_162.xhtml,
Pag030163,III,163,1846-XX,1846-07-XX 1846-08-XX,1846-07-31 1846-08-01,https://epub3.kb.dk/hcadag/epub3/EPUB/hcadag03_187_163.xhtml,
Pag030164,III,164,1846-XX,1846-08-XX,1846-08-01 1846-08-02,https://epub3.kb.dk/hcadag/epub3/EPUB/hcadag03_188_164.xhtml,
Pag030165,III,165,1846-XX,1846-08-XX,1846-08-02 1846-08-03 1846-08-04 1846-08-05,https://epub3.kb.dk/hcadag/epub3/EPUB/hcadag03_189_165.xhtml,
Pag030166,III,166,1846-XX,1846-08-XX,1846-08-05 1846-08-06,https://epub3.kb.dk/hcadag/epub3/EPUB/hcadag03_190_166.xhtml,
Pag030167,III,167,1846-XX,1846-08-XX,1846-08-06 1846-08-07 1846-08-08 1846-08-09,https://epub3.kb.dk/hcadag/epub3/EPUB/hcadag03_191_167.xhtml,
Pag030168,III,168,1846-XX,1846-08-XX,1846-08-10 1846-08-11 1846-08-12 1846-08-13,https://epub3.kb.dk/hcadag/epub3/EPUB/hcadag03_192_168.xhtml,
Pag030169,III,169,1846-XX,1846-08-XX,1846-08-13 1846-08-14 1846-08-15 1846-08-16,https://epub3.kb.dk/hcadag/epub3/EPUB/hcadag03_193_169.xhtml,
Pag030170,III,170,1846-XX,1846-08-XX,1846-08-16 1846-08-17 1846-08-18,https://epub3.kb.dk/hcadag/epub3/EPUB/hcadag03_194_170.xhtml,
Pag030171,III,171,1846-XX,1846-08-XX,1846-08-18 1846-08-19 1846-08-20,https://epub3.kb.dk/hcadag/epub3/EPUB/hcadag03_195_171.xhtml,
Pag030172,III,172,1846-XX,1846-08-XX,1846-08-20 1846-08-21 1846-08-22 1846-08-23,https://epub3.kb.dk/hcadag/epub3/EPUB/hcadag03_196_172.xhtml,
Pag030173,III,173,1846-XX,1846-08-XX,1846-08-23 1846-08-24 1846-08-25,https://epub3.kb.dk/hcadag/epub3/EPUB/hcadag03_197_173.xhtml,
Pag030174,III,174,1846-XX,1846-08-XX,1846-08-25 1846-08-26 1846-08-27 1846-08-28,https://epub3.kb.dk/hcadag/epub3/EPUB/hcadag03_198_174.xhtml,
Pag030175,III,175,1846-XX,1846-08-XX 1846-09-XX,1846-08-28 1846-08-29 1846-08-30 1846-08-31 1846-09-01,https://epub3.kb.dk/hcadag/epub3/EPUB/hcadag03_199_175.xhtml,
Pag030176,III,176,1846-XX,1846-09-XX,1846-09-01 1846-09-02 1846-09-03 1846-09-04 1846-09-05 1846-09-06 1846-09-07,https://epub3.kb.dk/hcadag/epub3/EPUB/hcadag03_200_176.xhtml,
Pag030177,III,177,1846-XX,1846-09-XX,1846-09-07 1846-09-08 1846-09-09 1846-09-10 1846-09-11,https://epub3.kb.dk/hcadag/epub3/EPUB/hcadag03_201_177.xhtml,
Pag030178,III,178,1846-XX,1846-09-XX,1846-09-11 1846-09-12 1846-09-13 1846-09-14 1846-09-15 1846-09-16,https://epub3.kb.dk/hcadag/epub3/EPUB/hcadag03_202_178.xhtml,
Pag030179,III,179,1846-XX,1846-09-XX,1846-09-17 1846-09-18 1846-09-19 1846-09-20 1846-09-21 1846-09-22 1846-09-23 1846-09-24 1846-09-25,https://epub3.kb.dk/hcadag/epub3/EPUB/hcadag03_203_179.xhtml,
Pag030180,III,180,1846-XX,1846-09-XX 1846-10-XX,1846-09-25 1846-09-26 1846-09-27 1846-09-28 1846-09-29 1846-09-30 1846-10-01 1846-10-02,https://epub3.kb.dk/hcadag/epub3/EPUB/hcadag03_204_180.xhtml,
Pag030181,III,181,1846-XX,1846-10-XX,1846-10-02 1846-10-03 1846-10-04 1846-10-05,https://epub3.kb.dk/hcadag/epub3/EPUB/hcadag03_205_181.xhtml,
Pag030182,III,182,1847-XX,1847-05-XX,1847-05-13 1847-05-14,https://epub3.kb.dk/hcadag/epub3/EPUB/hcadag03_206_182.xhtml,
Pag030183,III,183,1847-XX,1847-05-XX,1847-05-14 1847-05-15 1847-05-16 1847-05-17 1847-05-18 1847-05-19 1847-05-20,https://epub3.kb.dk/hcadag/epub3/EPUB/hcadag03_207_183.xhtml,
Pag030184,III,184,1847-XX,1847-05-XX,1847-05-20 1847-05-21 1847-05-22 1847-05-23 1847-05-24,https://epub3.kb.dk/hcadag/epub3/EPUB/hcadag03_208_184.xhtml,
Pag030185,III,185,1847-XX,1847-05-XX,1847-05-25 1847-05-26,https://epub3.kb.dk/hcadag/epub3/EPUB/hcadag03_209_185.xhtml,
Pag030186,III,186,1847-XX,1847-05-XX,1847-05-26 1847-05-27 1847-05-28 1847-05-29 1847-05-30,https://epub3.kb.dk/hcadag/epub3/EPUB/hcadag03_210_186.xhtml,
Pag030187,III,187,1847-XX,1847-05-XX 1847-06-XX,1847-05-30 1847-05-31 1847-06-01 1847-06-02,https://epub3.kb.dk/hcadag/epub3/EPUB/hcadag03_211_187.xhtml,
Pag030188,III,188,1847-XX,1847-06-XX,1847-06-02 1847-06-03 1847-06-04,https://epub3.kb.dk/hcadag/epub3/EPUB/hcadag03_212_188.xhtml,
Pag030189,III,189,1847-XX,1847-06-XX,1847-06-04 1847-06-05 1847-06-06,https://epub3.kb.dk/hcadag/epub3/EPUB/hcadag03_213_189.xhtml,
Pag030190,III,190,1847-XX,1847-06-XX,1847-06-06 1847-06-07 1847-06-08,https://epub3.kb.dk/hcadag/epub3/EPUB/hcadag03_214_190.xhtml,
Pag030191,III,191,1847-XX,1847-06-XX,1847-06-08 1847-06-09 1847-06-10,https://epub3.kb.dk/hcadag/epub3/EPUB/hcadag03_215_191.xhtml,
Pag030192,III,192,1847-XX,1847-06-XX,1847-06-10 1847-06-11 1847-06-12,https://epub3.kb.dk/hcadag/epub3/EPUB/hcadag03_216_192.xhtml,
Pag030193,III,193,1847-XX,1847-06-XX,1847-06-13 1847-06-14,https://epub3.kb.dk/hcadag/epub3/EPUB/hcadag03_217_193.xhtml,
Pag030194,III,194,1847-XX,1847-06-XX,1847-06-14,https://epub3.kb.dk/hcadag/epub3/EPUB/hcadag03_218_194.xhtml,
Pag030195,III,195,1847-XX,1847-06-XX,1847-06-14 1847-06-15,https://epub3.kb.dk/hcadag/epub3/EPUB/hcadag03_219_195.xhtml,
Pag030196,III,196,1847-XX,1847-06-XX,1847-06-15,https://epub3.kb.dk/hcadag/epub3/EPUB/hcadag03_220_196.xhtml,
Pag030197,III,197,1847-XX,1847-06-XX,1847-06-15 1847-06-16,https://epub3.kb.dk/hcadag/epub3/EPUB/hcadag03_221_197.xhtml,
Pag030198,III,198,1847-XX,1847-06-XX,1847-06-16 1847-06-17,https://epub3.kb.dk/hcadag/epub3/EPUB/hcadag03_222_198.xhtml,
Pag030199,III,199,1847-XX,1847-06-XX,1847-06-17 1847-06-18,https://epub3.kb.dk/hcadag/epub3/EPUB/hcadag03_223_199.xhtml,
Pag030200,III,200,1847-XX,1847-06-XX,1847-06-18 1847-06-19,https://epub3.kb.dk/hcadag/epub3/EPUB/hcadag03_224_200.xhtml,
Pag030201,III,201,1847-XX,1847-06-XX,1847-06-19 1847-06-20,https://epub3.kb.dk/hcadag/epub3/EPUB/hcadag03_225_201.xhtml,
Pag030202,III,202,1847-XX,1847-06-XX,1847-06-20 1847-06-21,https://epub3.kb.dk/hcadag/epub3/EPUB/hcadag03_226_202.xhtml,
Pag030203,III,203,1847-XX,1847-06-XX,1847-06-21 1847-06-22,https://epub3.kb.dk/hcadag/epub3/EPUB/hcadag03_227_203.xhtml,
Pag030204,III,204,1847-XX,1847-06-XX,1847-06-22 1847-06-23,https://epub3.kb.dk/hcadag/epub3/EPUB/hcadag03_228_204.xhtml,
Pag030205,III,205,1847-XX,1847-06-XX,1847-06-23 1847-06-24,https://epub3.kb.dk/hcadag/epub3/EPUB/hcadag03_229_205.xhtml,
Pag030206,III,206,1847-XX,1847-06-XX,1847-06-24,https://epub3.kb.dk/hcadag/epub3/EPUB/hcadag03_230_206.xhtml,
Pag030207,III,207,1847-XX,1847-06-XX,1847-06-24 1847-06-25,https://epub3.kb.dk/hcadag/epub3/EPUB/hcadag03_231_207.xhtml,
Pag030208,III,208,1847-XX,1847-06-XX,1847-06-25 1847-06-26,https://epub3.kb.dk/hcadag/epub3/EPUB/hcadag03_232_208.xhtml,
Pag030209,III,209,1847-XX,1847-06-XX,1847-06-26 1847-06-27,https://epub3.kb.dk/hcadag/epub3/EPUB/hcadag03_233_209.xhtml,
Pag030210,III,210,1847-XX,1847-06-XX,1847-06-27 1847-06-28,https://epub3.kb.dk/hcadag/epub3/EPUB/hcadag03_234_210.xhtml,
Pag030211,III,211,1847-XX,1847-06-XX,1847-06-29,https://epub3.kb.dk/hcadag/epub3/EPUB/hcadag03_235_211.xhtml,
Pag030212,III,212,1847-XX,1847-06-XX,1847-06-29,https://epub3.kb.dk/hcadag/epub3/EPUB/hcadag03_236_212.xhtml,
Pag030213,III,213,1847-XX,1847-06-XX,1847-06-29 1847-06-30,https://epub3.kb.dk/hcadag/epub3/EPUB/hcadag03_237_213.xhtml,
Pag030214,III,214,1847-XX,1847-06-XX 1847-07-XX,1847-06-30 1847-07-01,https://epub3.kb.dk/hcadag/epub3/EPUB/hcadag03_238_214.xhtml,
Pag030215,III,215,1847-XX,1847-07-XX,1847-07-01 1847-07-02,https://epub3.kb.dk/hcadag/epub3/EPUB/hcadag03_239_215.xhtml,
Pag030216,III,216,1847-XX,1847-07-XX,1847-07-02,https://epub3.kb.dk/hcadag/epub3/EPUB/hcadag03_240_216.xhtml,
Pag030217,III,217,1847-XX,1847-07-XX,1847-07-02 1847-07-03,https://epub3.kb.dk/hcadag/epub3/EPUB/hcadag03_241_217.xhtml,
Pag030218,III,218,1847-XX,1847-07-XX,1847-07-03 1847-07-04 1847-07-05,https://epub3.kb.dk/hcadag/epub3/EPUB/hcadag03_242_218.xhtml,
Pag030219,III,219,1847-XX,1847-07-XX,1847-07-05 1847-07-06,https://epub3.kb.dk/hcadag/epub3/EPUB/hcadag03_243_219.xhtml,
Pag030220,III,220,1847-XX,1847-07-XX,1847-07-06,https://epub3.kb.dk/hcadag/epub3/EPUB/hcadag03_244_220.xhtml,
Pag030221,III,221,1847-XX,1847-07-XX,1847-07-06 1847-07-07 1847-07-08 1847-07-09,https://epub3.kb.dk/hcadag/epub3/EPUB/hcadag03_245_221.xhtml,
Pag030222,III,222,1847-XX,1847-07-XX,1847-07-09 1847-07-10,https://epub3.kb.dk/hcadag/epub3/EPUB/hcadag03_246_222.xhtml,
Pag030223,III,223,1847-XX,1847-07-XX,1847-07-10 1847-07-11,https://epub3.kb.dk/hcadag/epub3/EPUB/hcadag03_247_223.xhtml,
Pag030224,III,224,1847-XX,1847-07-XX,1847-07-11 1847-07-12,https://epub3.kb.dk/hcadag/epub3/EPUB/hcadag03_248_224.xhtml,
Pag030225,III,225,1847-XX,1847-07-XX,1847-07-12,https://epub3.kb.dk/hcadag/epub3/EPUB/hcadag03_249_225.xhtml,
Pag030226,III,226,1847-XX,1847-07-XX,1847-07-12 1847-07-13,https://epub3.kb.dk/hcadag/epub3/EPUB/hcadag03_250_226.xhtml,
Pag030227,III,227,1847-XX,1847-07-XX,1847-07-13 1847-07-14,https://epub3.kb.dk/hcadag/epub3/EPUB/hcadag03_251_227.xhtml,
Pag030228,III,228,1847-XX,1847-07-XX,1847-07-14,https://epub3.kb.dk/hcadag/epub3/EPUB/hcadag03_252_228.xhtml,
Pag030229,III,229,1847-XX,1847-07-XX,1847-07-14 1847-07-15 1847-07-16,https://epub3.kb.dk/hcadag/epub3/EPUB/hcadag03_253_229.xhtml,
Pag030230,III,230,1847-XX,1847-07-XX,1847-07-16 1847-07-17,https://epub3.kb.dk/hcadag/epub3/EPUB/hcadag03_254_230.xhtml,
Pag030231,III,231,1847-XX,1847-07-XX,1847-07-17 1847-07-18 1847-07-19,https://epub3.kb.dk/hcadag/epub3/EPUB/hcadag03_255_231.xhtml,
Pag030232,III,232,1847-XX,1847-07-XX,1847-07-20 1847-07-21 1847-07-22 1847-07-23,https://epub3.kb.dk/hcadag/epub3/EPUB/hcadag03_256_232.xhtml,
Pag030233,III,233,1847-XX,1847-07-XX,1847-07-23 1847-07-24,https://epub3.kb.dk/hcadag/epub3/EPUB/hcadag03_257_233.xhtml,
Pag030234,III,234,1847-XX,1847-07-XX,1847-07-24 1847-07-25 1847-07-26,https://epub3.kb.dk/hcadag/epub3/EPUB/hcadag03_258_234.xhtml,
Pag030235,III,235,1847-XX,1847-07-XX,1847-07-26 1847-07-27,https://epub3.kb.dk/hcadag/epub3/EPUB/hcadag03_259_235.xhtml,
Pag030236,III,236,1847-XX,1847-07-XX,1847-07-27 1847-07-28,https://epub3.kb.dk/hcadag/epub3/EPUB/hcadag03_260_236.xhtml,
Pag030237,III,237,1847-XX,1847-07-XX,1847-07-28 1847-07-29,https://epub3.kb.dk/hcadag/epub3/EPUB/hcadag03_261_237.xhtml,
Pag030238,III,238,1847-XX,1847-07-XX,1847-07-29 1847-07-30,https://epub3.kb.dk/hcadag/epub3/EPUB/hcadag03_262_238.xhtml,
Pag030239,III,239,1847-XX,1847-07-XX,1847-07-31,https://epub3.kb.dk/hcadag/epub3/EPUB/hcadag03_263_239.xhtml,
Pag030240,III,240,1847-XX,1847-08-XX,1847-08-01,https://epub3.kb.dk/hcadag/epub3/EPUB/hcadag03_264_240.xhtml,
Pag030241,III,241,1847-XX,1847-08-XX,1847-08-01 1847-08-02,https://epub3.kb.dk/hcadag/epub3/EPUB/hcadag03_265_241.xhtml,
Pag030242,III,242,1847-XX,1847-08-XX,1847-08-02 1847-08-03 1847-08-04,https://epub3.kb.dk/hcadag/epub3/EPUB/hcadag03_266_242.xhtml,
Pag030243,III,243,1847-XX,1847-08-XX,1847-08-04 1847-08-05,https://epub3.kb.dk/hcadag/epub3/EPUB/hcadag03_267_243.xhtml,
Pag030244,III,244,1847-XX,1847-08-XX,1847-08-05 1847-08-06,https://epub3.kb.dk/hcadag/epub3/EPUB/hcadag03_268_244.xhtml,
Pag030245,III,245,1847-XX,1847-08-XX,1847-08-06 1847-08-07 1847-08-08,https://epub3.kb.dk/hcadag/epub3/EPUB/hcadag03_269_245.xhtml,
Pag030246,III,246,1847-XX,1847-08-XX,1847-08-08 1847-08-09,https://epub3.kb.dk/hcadag/epub3/EPUB/hcadag03_270_246.xhtml,
Pag030247,III,247,1847-XX,1847-08-XX,1847-08-09 1847-08-10,https://epub3.kb.dk/hcadag/epub3/EPUB/hcadag03_271_247.xhtml,
Pag030248,III,248,1847-XX,1847-08-XX,1847-08-10 1847-08-11,https://epub3.kb.dk/hcadag/epub3/EPUB/hcadag03_272_248.xhtml,
Pag030249,III,249,1847-XX,1847-08-XX,1847-08-11 1847-08-12 1847-08-13,https://epub3.kb.dk/hcadag/epub3/EPUB/hcadag03_273_249.xhtml,
Pag030250,III,250,1847-XX,1847-08-XX,1847-08-13 1847-08-14,https://epub3.kb.dk/hcadag/epub3/EPUB/hcadag03_274_250.xhtml,
Pag030251,III,251,1847-XX,1847-08-XX,1847-08-14 1847-08-15 1847-08-16,https://epub3.kb.dk/hcadag/epub3/EPUB/hcadag03_275_251.xhtml,
Pag030252,III,252,1847-XX,1847-08-XX,1847-08-16,https://epub3.kb.dk/hcadag/epub3/EPUB/hcadag03_276_252.xhtml,
Pag030253,III,253,1847-XX,1847-08-XX,1847-08-16 1847-08-17 1847-08-18,https://epub3.kb.dk/hcadag/epub3/EPUB/hcadag03_277_253.xhtml,
Pag030254,III,254,1847-XX,1847-08-XX,1847-08-18 1847-08-19,https://epub3.kb.dk/hcadag/epub3/EPUB/hcadag03_278_254.xhtml,
Pag030255,III,255,1847-XX,1847-08-XX,1847-08-19 1847-08-20,https://epub3.kb.dk/hcadag/epub3/EPUB/hcadag03_279_255.xhtml,
Pag030256,III,256,1847-XX,1847-08-XX,1847-08-20 1847-08-21,https://epub3.kb.dk/hcadag/epub3/EPUB/hcadag03_280_256.xhtml,
Pag030257,III,257,1847-XX,1847-08-XX,1847-08-21,https://epub3.kb.dk/hcadag/epub3/EPUB/hcadag03_281_257.xhtml,
Pag030258,III,258,1847-XX,1847-08-XX,1847-08-21 1847-08-22,https://epub3.kb.dk/hcadag/epub3/EPUB/hcadag03_282_258.xhtml,
Pag030259,III,259,1847-XX,1847-08-XX,1847-08-22 1847-08-23,https://epub3.kb.dk/hcadag/epub3/EPUB/hcadag03_283_259.xhtml,
Pag030260,III,260,1847-XX,1847-08-XX,1847-08-23 1847-08-24,https://epub3.kb.dk/hcadag/epub3/EPUB/hcadag03_284_260.xhtml,
Pag030261,III,261,1847-XX,1847-08-XX,1847-08-24 1847-08-25 1847-08-26,https://epub3.kb.dk/hcadag/epub3/EPUB/hcadag03_285_261.xhtml,
Pag030262,III,262,1847-XX,1847-08-XX,1847-08-26 1847-08-27 1847-08-28,https://epub3.kb.dk/hcadag/epub3/EPUB/hcadag03_286_262.xhtml,
Pag030263,III,263,1847-XX,1847-08-XX,1847-08-28 1847-08-29,https://epub3.kb.dk/hcadag/epub3/EPUB/hcadag03_287_263.xhtml,
Pag030264,III,264,1847-XX,1847-08-XX,1847-08-30,https://epub3.kb.dk/hcadag/epub3/EPUB/hcadag03_288_264.xhtml,
Pag030265,III,265,1847-XX,1847-08-XX,1847-08-30 1847-08-31,https://epub3.kb.dk/hcadag/epub3/EPUB/hcadag03_289_265.xhtml,
Pag030266,III,266,1847-XX,1847-08-XX,1847-08-31,https://epub3.kb.dk/hcadag/epub3/EPUB/hcadag03_290_266.xhtml,
Pag030267,III,267,1847-XX,1847-08-XX 1847-09-XX,1847-08-31 1847-09-01,https://epub3.kb.dk/hcadag/epub3/EPUB/hcadag03_291_267.xhtml,
Pag030268,III,268,1847-XX,1847-09-XX,1847-09-01 1847-09-02,https://epub3.kb.dk/hcadag/epub3/EPUB/hcadag03_292_268.xhtml,
Pag030269,III,269,1847-XX,1847-09-XX,1847-09-02 1847-09-03,https://epub3.kb.dk/hcadag/epub3/EPUB/hcadag03_293_269.xhtml,
Pag030270,III,270,1847-XX,1847-09-XX,1847-09-03 1847-09-04 1847-09-05,https://epub3.kb.dk/hcadag/epub3/EPUB/hcadag03_294_270.xhtml,
Pag030271,III,271,1847-XX,1847-09-XX,1847-09-05 1847-09-06 1847-09-07,https://epub3.kb.dk/hcadag/epub3/EPUB/hcadag03_295_271.xhtml,
Pag030272,III,272,1847-XX,1847-09-XX,1847-09-07 1847-09-08 1847-09-09,https://epub3.kb.dk/hcadag/epub3/EPUB/hcadag03_296_272.xhtml,
Pag030273,III,273,1847-XX,1847-09-XX,1847-09-09 1847-09-10 1847-09-11,https://epub3.kb.dk/hcadag/epub3/EPUB/hcadag03_297_273.xhtml,
Pag030274,III,274,1847-XX,1847-09-XX,1847-09-11 1847-09-12 1847-09-13 1847-09-14,https://epub3.kb.dk/hcadag/epub3/EPUB/hcadag03_298_274.xhtml,
Pag030275,III,275,1847-XX,1847-09-XX,1847-09-15 1847-09-16 1847-09-17 1847-09-18,https://epub3.kb.dk/hcadag/epub3/EPUB/hcadag03_299_275.xhtml,
Pag030276,III,276,1847-XX,1847-09-XX,1847-09-18 1847-09-19 1847-09-20,https://epub3.kb.dk/hcadag/epub3/EPUB/hcadag03_300_276.xhtml,
Pag030277,III,277,1847-XX,1847-09-XX,1847-09-20 1847-09-21 1847-09-22,https://epub3.kb.dk/hcadag/epub3/EPUB/hcadag03_301_277.xhtml,
Pag030278,III,278,1848-XX,1848-05-XX,1848-05-11 1848-05-12,https://epub3.kb.dk/hcadag/epub3/EPUB/hcadag03_302_278.xhtml,
Pag030279,III,279,1848-XX,1848-05-XX,1848-05-12 1848-05-13,https://epub3.kb.dk/hcadag/epub3/EPUB/hcadag03_303_279.xhtml,
Pag030280,III,280,1848-XX,1848-05-XX,1848-05-13 1848-05-14,https://epub3.kb.dk/hcadag/epub3/EPUB/hcadag03_304_280.xhtml,
Pag030281,III,281,1848-XX,1848-05-XX,1848-05-14 1848-05-15 1848-05-16,https://epub3.kb.dk/hcadag/epub3/EPUB/hcadag03_305_281.xhtml,
Pag030282,III,282,1848-XX,1848-05-XX,1848-05-16 1848-05-17 1848-05-18 1848-05-19 1848-05-20 1848-05-21,https://epub3.kb.dk/hcadag/epub3/EPUB/hcadag03_306_282.xhtml,
Pag030283,III,283,1848-XX,1848-05-XX,1848-05-21 1848-05-22 1848-05-23 1848-05-24,https://epub3.kb.dk/hcadag/epub3/EPUB/hcadag03_307_283.xhtml,
Pag030284,III,284,1848-XX,1848-05-XX,1848-05-24 1848-05-25 1848-05-26 1848-05-27 1848-05-28,https://epub3.kb.dk/hcadag/epub3/EPUB/hcadag03_308_284.xhtml,
Pag030285,III,285,1848-XX,1848-05-XX 1848-06-XX,1848-05-28 1848-05-29 1848-05-30 1848-05-31 1848-06-01,https://epub3.kb.dk/hcadag/epub3/EPUB/hcadag03_309_285.xhtml,
Pag030286,III,286,1848-XX,1848-06-XX,1848-06-01 1848-06-02 1848-06-03 1848-06-04 1848-06-05 1848-06-06 1848-06-07 1848-06-08,https://epub3.kb.dk/hcadag/epub3/EPUB/hcadag03_310_286.xhtml,
Pag030287,III,287,1848-XX,1848-06-XX,1848-06-08 1848-06-09 1848-06-10 1848-06-11,https://epub3.kb.dk/hcadag/epub3/EPUB/hcadag03_311_287.xhtml,
Pag030288,III,288,1848-XX,1848-06-XX,1848-06-11 1848-06-12 1848-06-13,https://epub3.kb.dk/hcadag/epub3/EPUB/hcadag03_312_288.xhtml,
Pag030289,III,289,1848-XX,1848-06-XX,1848-06-14 1848-06-15 1848-06-16,https://epub3.kb.dk/hcadag/epub3/EPUB/hcadag03_313_289.xhtml,
Pag030290,III,290,1848-XX,1848-06-XX,1848-06-16 1848-06-17 1848-06-18 1848-06-19,https://epub3.kb.dk/hcadag/epub3/EPUB/hcadag03_314_290.xhtml,
Pag030291,III,291,1848-XX,1848-06-XX,1848-06-19 1848-06-20 1848-06-21 1848-06-22,https://epub3.kb.dk/hcadag/epub3/EPUB/hcadag03_315_291.xhtml,
Pag030292,III,292,1848-XX,1848-06-XX 1848-12-XX,1848-06-22 1848-06-23 1848-06-24 1848-06-25 1848-06-26 1848-12-18,https://epub3.kb.dk/hcadag/epub3/EPUB/hcadag03_316_292.xhtml,
Pag030293,III,293,1848-XX,1848-12-XX,1848-12-19 1848-12-20 1848-12-21 1848-12-22,https://epub3.kb.dk/hcadag/epub3/EPUB/hcadag03_317_293.xhtml,
Pag030294,III,294,1848-XX,1848-12-XX,1848-12-23 1848-12-24 1848-12-25 1848-12-26 1848-12-27,https://epub3.kb.dk/hcadag/epub3/EPUB/hcadag03_318_294.xhtml,
Pag030295,III,295,1849-XX,1849-05-XX,1849-05-17,https://epub3.kb.dk/hcadag/epub3/EPUB/hcadag03_319_295.xhtml,
Pag030296,III,296,1849-XX,1849-05-XX,1849-05-17 1849-05-18 1849-05-19,https://epub3.kb.dk/hcadag/epub3/EPUB/hcadag03_320_296.xhtml,
Pag030297,III,297,1849-XX,1849-05-XX,1849-05-19 1849-05-20,https://epub3.kb.dk/hcadag/epub3/EPUB/hcadag03_321_297.xhtml,
Pag030298,III,298,1849-XX,1849-05-XX,1849-05-20 1849-05-21,https://epub3.kb.dk/hcadag/epub3/EPUB/hcadag03_322_298.xhtml,
Pag030299,III,299,1849-XX,1849-05-XX,1849-05-21 1849-05-22,https://epub3.kb.dk/hcadag/epub3/EPUB/hcadag03_323_299.xhtml,
Pag030300,III,300,1849-XX,1849-05-XX,1849-05-22,https://epub3.kb.dk/hcadag/epub3/EPUB/hcadag03_324_300.xhtml,
Pag030301,III,301,1849-XX,1849-05-XX,1849-05-22 1849-05-23 1849-05-24,https://epub3.kb.dk/hcadag/epub3/EPUB/hcadag03_325_301.xhtml,
Pag030302,III,302,1849-XX,1849-05-XX,1849-05-24 1849-05-25,https://epub3.kb.dk/hcadag/epub3/EPUB/hcadag03_326_302.xhtml,
Pag030303,III,303,1849-XX,1849-05-XX,1849-05-25 1849-05-26,https://epub3.kb.dk/hcadag/epub3/EPUB/hcadag03_327_303.xhtml,
Pag030304,III,304,1849-XX,1849-05-XX,1849-05-26 1849-05-27,https://epub3.kb.dk/hcadag/epub3/EPUB/hcadag03_328_304.xhtml,
Pag030305,III,305,1849-XX,1849-05-XX,1849-05-27,https://epub3.kb.dk/hcadag/epub3/EPUB/hcadag03_329_305.xhtml,
Pag030306,III,306,1849-XX,1849-05-XX,1849-05-27 1849-05-28,https://epub3.kb.dk/hcadag/epub3/EPUB/hcadag03_330_306.xhtml,
Pag030307,III,307,1849-XX,1849-05-XX,1849-05-28 1849-05-29 1849-05-30,https://epub3.kb.dk/hcadag/epub3/EPUB/hcadag03_331_307.xhtml,
Pag030308,III,308,1849-XX,1849-05-XX,1849-05-30 1849-05-31,https://epub3.kb.dk/hcadag/epub3/EPUB/hcadag03_332_308.xhtml,
Pag030309,III,309,1849-XX,1849-05-XX,1849-05-31,https://epub3.kb.dk/hcadag/epub3/EPUB/hcadag03_333_309.xhtml,
Pag030310,III,310,1849-XX,1849-05-XX 1849-06-XX,1849-05-31 1849-06-01,https://epub3.kb.dk/hcadag/epub3/EPUB/hcadag03_334_310.xhtml,
Pag030311,III,311,1849-XX,1849-06-XX,1849-06-01 1849-06-02,https://epub3.kb.dk/hcadag/epub3/EPUB/hcadag03_335_311.xhtml,
Pag030312,III,312,1849-XX,1849-06-XX,1849-06-02,https://epub3.kb.dk/hcadag/epub3/EPUB/hcadag03_336_312.xhtml,
Pag030313,III,313,1849-XX,1849-06-XX,1849-06-02 1849-06-03,https://epub3.kb.dk/hcadag/epub3/EPUB/hcadag03_337_313.xhtml,
Pag030314,III,314,1849-XX,1849-06-XX,1849-06-03 1849-06-04,https://epub3.kb.dk/hcadag/epub3/EPUB/hcadag03_338_314.xhtml,
Pag030315,III,315,1849-XX,1849-06-XX,1849-06-04 1849-06-05 1849-06-06,https://epub3.kb.dk/hcadag/epub3/EPUB/hcadag03_339_315.xhtml,
Pag030316,III,316,1849-XX,1849-06-XX,1849-06-06 1849-06-07,https://epub3.kb.dk/hcadag/epub3/EPUB/hcadag03_340_316.xhtml,
Pag030317,III,317,1849-XX,1849-06-XX,1849-06-07 1849-06-08,https://epub3.kb.dk/hcadag/epub3/EPUB/hcadag03_341_317.xhtml,
Pag030318,III,318,1849-XX,1849-06-XX,1849-06-08 1849-06-09,https://epub3.kb.dk/hcadag/epub3/EPUB/hcadag03_342_318.xhtml,
Pag030319,III,319,1849-XX,1849-06-XX,1849-06-09 1849-06-10,https://epub3.kb.dk/hcadag/epub3/EPUB/hcadag03_343_319.xhtml,
Pag030320,III,320,1849-XX,1849-06-XX,1849-06-10 1849-06-11,https://epub3.kb.dk/hcadag/epub3/EPUB/hcadag03_344_320.xhtml,
Pag030321,III,321,1849-XX,1849-06-XX,1849-06-11 1849-06-12 1849-06-13,https://epub3.kb.dk/hcadag/epub3/EPUB/hcadag03_345_321.xhtml,
Pag030322,III,322,1849-XX,1849-06-XX,1849-06-13,https://epub3.kb.dk/hcadag/epub3/EPUB/hcadag03_346_322.xhtml,
Pag030323,III,323,1849-XX,1849-06-XX,1849-06-14,https://epub3.kb.dk/hcadag/epub3/EPUB/hcadag03_347_323.xhtml,
Pag030324,III,324,1849-XX,1849-06-XX,1849-06-14 1849-06-15 1849-06-16,https://epub3.kb.dk/hcadag/epub3/EPUB/hcadag03_348_324.xhtml,
Pag030325,III,325,1849-XX,1849-06-XX,1849-06-17 1849-06-18,https://epub3.kb.dk/hcadag/epub3/EPUB/hcadag03_349_325.xhtml,
Pag030326,III,326,1849-XX,1849-06-XX,1849-06-18 1849-06-19,https://epub3.kb.dk/hcadag/epub3/EPUB/hcadag03_350_326.xhtml,
Pag030327,III,327,1849-XX,1849-06-XX,1849-06-19,https://epub3.kb.dk/hcadag/epub3/EPUB/hcadag03_351_327.xhtml,
Pag030328,III,328,1849-XX,1849-06-XX,1849-06-19 1849-06-20,https://epub3.kb.dk/hcadag/epub3/EPUB/hcadag03_352_328.xhtml,
Pag030329,III,329,1849-XX,1849-06-XX,1849-06-20 1849-06-30,https://epub3.kb.dk/hcadag/epub3/EPUB/hcadag03_353_329.xhtml,
Pag030330,III,330,1849-XX,1849-06-XX,1849-06-30,https://epub3.kb.dk/hcadag/epub3/EPUB/hcadag03_354_330.xhtml,
Pag030331,III,331,1849-XX,1849-06-XX 1849-07-XX,1849-06-30 1849-07-01,https://epub3.kb.dk/hcadag/epub3/EPUB/hcadag03_355_331.xhtml,
Pag030332,III,332,1849-XX,1849-07-XX,1849-07-01,https://epub3.kb.dk/hcadag/epub3/EPUB/hcadag03_356_332.xhtml,
Pag030333,III,333,1849-XX,1849-07-XX,1849-07-01 1849-07-02,https://epub3.kb.dk/hcadag/epub3/EPUB/hcadag03_357_333.xhtml,
Pag030334,III,334,1849-XX,1849-07-XX,1849-07-02,https://epub3.kb.dk/hcadag/epub3/EPUB/hcadag03_358_334.xhtml,
Pag030335,III,335,1849-XX,1849-07-XX,1849-07-02 1849-07-03,https://epub3.kb.dk/hcadag/epub3/EPUB/hcadag03_359_335.xhtml,
Pag030336,III,336,1849-XX,1849-07-XX,1849-07-04 1849-07-05 1849-07-06,https://epub3.kb.dk/hcadag/epub3/EPUB/hcadag03_360_336.xhtml,
Pag030337,III,337,1849-XX,1849-07-XX,1849-07-06 1849-07-07 1849-07-08,https://epub3.kb.dk/hcadag/epub3/EPUB/hcadag03_361_337.xhtml,
Pag030338,III,338,1849-XX,1849-07-XX,1849-07-08 1849-07-09,https://epub3.kb.dk/hcadag/epub3/EPUB/hcadag03_362_338.xhtml,
Pag030339,III,339,1849-XX,1849-07-XX,1849-07-09,https://epub3.kb.dk/hcadag/epub3/EPUB/hcadag03_363_339.xhtml,
Pag030340,III,340,1849-XX,1849-07-XX,1849-07-09 1849-07-10 1849-07-11,https://epub3.kb.dk/hcadag/epub3/EPUB/hcadag03_364_340.xhtml,
Pag030341,III,341,1849-XX,1849-07-XX,1849-07-11 1849-07-12,https://epub3.kb.dk/hcadag/epub3/EPUB/hcadag03_365_341.xhtml,
Pag030342,III,342,1849-XX,1849-07-XX,1849-07-12 1849-07-13,https://epub3.kb.dk/hcadag/epub3/EPUB/hcadag03_366_342.xhtml,
Pag030343,III,343,1849-XX,1849-07-XX,1849-07-13,https://epub3.kb.dk/hcadag/epub3/EPUB/hcadag03_367_343.xhtml,
Pag030344,III,344,1849-XX,1849-07-XX,1849-07-14,https://epub3.kb.dk/hcadag/epub3/EPUB/hcadag03_368_344.xhtml,
Pag030345,III,345,1849-XX,1849-07-XX,1849-07-14 1849-07-15,https://epub3.kb.dk/hcadag/epub3/EPUB/hcadag03_369_345.xhtml,
Pag030346,III,346,1849-XX,1849-07-XX,1849-07-15 1849-07-16,https://epub3.kb.dk/hcadag/epub3/EPUB/hcadag03_370_346.xhtml,
Pag030347,III,347,1849-XX,1849-07-XX,1849-07-16,https://epub3.kb.dk/hcadag/epub3/EPUB/hcadag03_371_347.xhtml,
Pag030348,III,348,1849-XX,1849-07-XX,1849-07-17 1849-07-18,https://epub3.kb.dk/hcadag/epub3/EPUB/hcadag03_372_348.xhtml,
Pag030349,III,349,1849-XX,1849-07-XX,1849-07-18 1849-07-19 1849-07-20,https://epub3.kb.dk/hcadag/epub3/EPUB/hcadag03_373_349.xhtml,
Pag030350,III,350,1849-XX,1849-07-XX,1849-07-20 1849-07-21,https://epub3.kb.dk/hcadag/epub3/EPUB/hcadag03_374_350.xhtml,
Pag030351,III,351,1849-XX,1849-07-XX,1849-07-21,https://epub3.kb.dk/hcadag/epub3/EPUB/hcadag03_375_351.xhtml,
Pag030352,III,352,1849-XX,1849-07-XX,1849-07-21 1849-07-22 1849-07-23,https://epub3.kb.dk/hcadag/epub3/EPUB/hcadag03_376_352.xhtml,
Pag030353,III,353,1849-XX,1849-07-XX,1849-07-23 1849-07-24,https://epub3.kb.dk/hcadag/epub3/EPUB/hcadag03_377_353.xhtml,
Pag030354,III,354,1849-XX,1849-07-XX,1849-07-24 1849-07-25,https://epub3.kb.dk/hcadag/epub3/EPUB/hcadag03_378_354.xhtml,
Pag030355,III,355,1849-XX,1849-07-XX,1849-07-25,https://epub3.kb.dk/hcadag/epub3/EPUB/hcadag03_379_355.xhtml,
Pag030356,III,356,1849-XX,1849-07-XX,1849-07-25,https://epub3.kb.dk/hcadag/epub3/EPUB/hcadag03_380_356.xhtml,
Pag030357,III,357,1849-XX,1849-07-XX,1849-07-25,https://epub3.kb.dk/hcadag/epub3/EPUB/hcadag03_381_357.xhtml,
Pag030358,III,358,1849-XX,1849-07-XX,1849-07-25 1849-07-26,https://epub3.kb.dk/hcadag/epub3/EPUB/hcadag03_382_358.xhtml,
Pag030359,III,359,1849-XX,1849-07-XX,1849-07-26,https://epub3.kb.dk/hcadag/epub3/EPUB/hcadag03_383_359.xhtml,
Pag030360,III,360,1849-XX,1849-07-XX,1849-07-26,https://epub3.kb.dk/hcadag/epub3/EPUB/hcadag03_384_360.xhtml,
Pag030361,III,361,1849-XX,1849-07-XX,1849-07-26,https://epub3.kb.dk/hcadag/epub3/EPUB/hcadag03_385_361.xhtml,
Pag030362,III,362,1849-XX,1849-07-XX,1849-07-26,https://epub3.kb.dk/hcadag/epub3/EPUB/hcadag03_386_362.xhtml,
Pag030363,III,363,1849-XX,1849-07-XX,1849-07-26,https://epub3.kb.dk/hcadag/epub3/EPUB/hcadag03_387_363.xhtml,
Pag030364,III,364,1849-XX,1849-07-XX,1849-07-26 1849-07-27,https://epub3.kb.dk/hcadag/epub3/EPUB/hcadag03_388_364.xhtml,
Pag030365,III,365,1849-XX,1849-07-XX,1849-07-27 1849-07-29,https://epub3.kb.dk/hcadag/epub3/EPUB/hcadag03_389_365.xhtml,
Pag030366,III,366,1849-XX,1849-07-XX,1849-07-29 1849-07-30,https://epub3.kb.dk/hcadag/epub3/EPUB/hcadag03_390_366.xhtml,
Pag030367,III,367,1849-XX,1849-07-XX,1849-07-30,https://epub3.kb.dk/hcadag/epub3/EPUB/hcadag03_391_367.xhtml,
Pag030368,III,368,1849-XX,1849-07-XX,1849-07-30 1849-07-31,https://epub3.kb.dk/hcadag/epub3/EPUB/hcadag03_392_368.xhtml,
Pag030369,III,369,1849-XX,1849-07-XX 1849-08-XX,1849-07-31 1849-08-01,https://epub3.kb.dk/hcadag/epub3/EPUB/hcadag03_393_369.xhtml,
Pag030370,III,370,1849-XX,1849-08-XX,1849-08-01,https://epub3.kb.dk/hcadag/epub3/EPUB/hcadag03_394_370.xhtml,
Pag030371,III,371,1849-XX,1849-08-XX,1849-08-02,https://epub3.kb.dk/hcadag/epub3/EPUB/hcadag03_395_371.xhtml,
Pag030372,III,372,1849-XX,1849-08-XX,1849-08-02 1849-08-03,https://epub3.kb.dk/hcadag/epub3/EPUB/hcadag03_396_372.xhtml,
Pag030373,III,373,1849-XX,1849-08-XX,1849-08-03 1849-08-04,https://epub3.kb.dk/hcadag/epub3/EPUB/hcadag03_397_373.xhtml,
Pag030374,III,374,1849-XX,1849-08-XX,1849-08-04 1849-08-05,https://epub3.kb.dk/hcadag/epub3/EPUB/hcadag03_398_374.xhtml,
Pag030375,III,375,1849-XX,1849-08-XX,1849-08-05 1849-08-06,https://epub3.kb.dk/hcadag/epub3/EPUB/hcadag03_399_375.xhtml,
Pag030376,III,376,1849-XX,1849-08-XX,1849-08-06,https://epub3.kb.dk/hcadag/epub3/EPUB/hcadag03_400_376.xhtml,
Pag030377,III,377,1849-XX,1849-08-XX,1849-08-06 1849-08-07,https://epub3.kb.dk/hcadag/epub3/EPUB/hcadag03_401_377.xhtml,
Pag030378,III,378,1849-XX,1849-08-XX,1849-08-07,https://epub3.kb.dk/hcadag/epub3/EPUB/hcadag03_402_378.xhtml,
Pag030379,III,379,1849-XX,1849-08-XX,1849-08-07 1849-08-08 1849-08-09,https://epub3.kb.dk/hcadag/epub3/EPUB/hcadag03_403_379.xhtml,
Pag030380,III,380,1849-XX,1849-08-XX,1849-08-09,https://epub3.kb.dk/hcadag/epub3/EPUB/hcadag03_404_380.xhtml,
Pag030381,III,381,1849-XX,1849-08-XX,1849-08-09 1849-08-10 1849-08-11,https://epub3.kb.dk/hcadag/epub3/EPUB/hcadag03_405_381.xhtml,
Pag030382,III,382,1849-XX,1849-08-XX 1849-09-XX,1849-08-11 1849-09-09,https://epub3.kb.dk/hcadag/epub3/EPUB/hcadag03_406_382.xhtml,
Pag030383,III,383,1849-XX,1849-09-XX,1849-09-09 1849-09-10 1849-09-11,https://epub3.kb.dk/hcadag/epub3/EPUB/hcadag03_407_383.xhtml,
Pag030384,III,384,1849-XX,1849-09-XX,1849-09-11 1849-09-12 1849-09-13 1849-09-14 1849-09-15 1849-09-16 1849-09-17 1849-09-18 1849-09-19,https://epub3.kb.dk/hcadag/epub3/EPUB/hcadag03_408_384.xhtml,
Pag030385,III,385,1849-XX,1849-09-XX,1849-09-19 1849-09-20 1849-09-21 1849-09-22,https://epub3.kb.dk/hcadag/epub3/EPUB/hcadag03_409_385.xhtml,
Pag030386,III,386,1850-XX,1850-05-XX,1850-05-17 1850-05-18 1850-05-19 1850-05-20,https://epub3.kb.dk/hcadag/epub3/EPUB/hcadag03_410_386.xhtml,
Pag030387,III,387,1850-XX,1850-05-XX,1850-05-20 1850-05-21,https://epub3.kb.dk/hcadag/epub3/EPUB/hcadag03_411_387.xhtml,
Pag030388,III,388,1850-XX,1850-05-XX,1850-05-22 1850-05-23 1850-05-24,https://epub3.kb.dk/hcadag/epub3/EPUB/hcadag03_412_388.xhtml,
Pag030389,III,389,1850-XX,1850-05-XX,1850-05-24 1850-05-25 1850-05-26,https://epub3.kb.dk/hcadag/epub3/EPUB/hcadag03_413_389.xhtml,
Pag030390,III,390,1850-XX,1850-05-XX,1850-05-26 1850-05-27,https://epub3.kb.dk/hcadag/epub3/EPUB/hcadag03_414_390.xhtml,
Pag030391,III,391,1850-XX,1850-05-XX,1850-05-27 1850-05-28 1850-05-29,https://epub3.kb.dk/hcadag/epub3/EPUB/hcadag03_415_391.xhtml,
Pag030392,III,392,1850-XX,1850-05-XX,1850-05-29 1850-05-30,https://epub3.kb.dk/hcadag/epub3/EPUB/hcadag03_416_392.xhtml,
Pag030393,III,393,1850-XX,1850-05-XX,1850-05-30 1850-05-31,https://epub3.kb.dk/hcadag/epub3/EPUB/hcadag03_417_393.xhtml,
Pag030394,III,394,1850-XX,1850-06-XX,1850-06-01 1850-06-02 1850-06-03 1850-06-04,https://epub3.kb.dk/hcadag/epub3/EPUB/hcadag03_418_394.xhtml,
Pag030395,III,395,1850-XX,1850-06-XX,1850-06-04 1850-06-05,https://epub3.kb.dk/hcadag/epub3/EPUB/hcadag03_419_395.xhtml,
Pag030396,III,396,1850-XX,1850-06-XX,1850-06-05 1850-06-06,https://epub3.kb.dk/hcadag/epub3/EPUB/hcadag03_420_396.xhtml,
Pag030397,III,397,1850-XX,1850-06-XX,1850-06-06 1850-06-07,https://epub3.kb.dk/hcadag/epub3/EPUB/hcadag03_421_397.xhtml,
Pag030398,III,398,1850-XX,1850-06-XX,1850-06-07,https://epub3.kb.dk/hcadag/epub3/EPUB/hcadag03_422_398.xhtml,
Pag030399,III,399,1850-XX,1850-06-XX,1850-06-07 1850-06-08,https://epub3.kb.dk/hcadag/epub3/EPUB/hcadag03_423_399.xhtml,
Pag030400,III,400,1850-XX,1850-06-XX,1850-06-08,https://epub3.kb.dk/hcadag/epub3/EPUB/hcadag03_424_400.xhtml,
Pag030401,III,401,1850-XX,1850-06-XX,1850-06-08,https://epub3.kb.dk/hcadag/epub3/EPUB/hcadag03_425_401.xhtml,
Pag030402,III,402,1850-XX,1850-06-XX,1850-06-08 1850-06-09,https://epub3.kb.dk/hcadag/epub3/EPUB/hcadag03_426_402.xhtml,
Pag030403,III,403,1850-XX,1850-06-XX,1850-06-09 1850-06-10,https://epub3.kb.dk/hcadag/epub3/EPUB/hcadag03_427_403.xhtml,
Pag030404,III,404,1850-XX,1850-06-XX,1850-06-10 1850-06-11 1850-06-12 1850-06-13 1850-06-14,https://epub3.kb.dk/hcadag/epub3/EPUB/hcadag03_428_404.xhtml,
Pag030405,III,405,1850-XX,1850-06-XX,1850-06-14 1850-06-15 1850-06-16 1850-06-17 1850-06-18 1850-06-19,https://epub3.kb.dk/hcadag/epub3/EPUB/hcadag03_429_405.xhtml,
Pag030406,III,406,1850-XX,1850-06-XX,1850-06-20 1850-06-21,https://epub3.kb.dk/hcadag/epub3/EPUB/hcadag03_430_406.xhtml,
Pag030407,III,407,1850-XX,1850-06-XX,1850-06-21 1850-06-22 1850-06-23 1850-06-24,https://epub3.kb.dk/hcadag/epub3/EPUB/hcadag03_431_407.xhtml,
Pag030408,III,408,1850-XX,1850-06-XX,1850-06-24 1850-06-25 1850-06-26,https://epub3.kb.dk/hcadag/epub3/EPUB/hcadag03_432_408.xhtml,
Pag030409,III,409,1850-XX,1850-06-XX 1850-07-XX,1850-06-26 1850-06-27 1850-06-28 1850-06-29 1850-06-30 1850-07-01,https://epub3.kb.dk/hcadag/epub3/EPUB/hcadag03_433_409.xhtml,
Pag030410,III,410,1850-XX,1850-07-XX,1850-07-01 1850-07-02 1850-07-03 1850-07-04 1850-07-05,https://epub3.kb.dk/hcadag/epub3/EPUB/hcadag03_434_410.xhtml,
Pag030411,III,411,1850-XX,1850-07-XX,1850-07-05 1850-07-06,https://epub3.kb.dk/hcadag/epub3/EPUB/hcadag03_435_411.xhtml,
Pag030412,III,412,1850-XX,1850-07-XX,1850-07-06 1850-07-07 1850-07-08 1850-07-09 1850-07-10,https://epub3.kb.dk/hcadag/epub3/EPUB/hcadag03_436_412.xhtml,
Pag030413,III,413,1850-XX,1850-07-XX,1850-07-10 1850-07-11 1850-07-12 1850-07-13 1850-07-14,https://epub3.kb.dk/hcadag/epub3/EPUB/hcadag03_437_413.xhtml,
Pag030414,III,414,1850-XX,1850-07-XX,1850-07-14 1850-07-15 1850-07-16,https://epub3.kb.dk/hcadag/epub3/EPUB/hcadag03_438_414.xhtml,
Pag030415,III,415,1850-XX,1850-07-XX,1850-07-17 1850-07-18 1850-07-19,https://epub3.kb.dk/hcadag/epub3/EPUB/hcadag03_439_415.xhtml,
Pag030416,III,416,1850-XX,1850-07-XX,1850-07-20 1850-07-21 1850-07-22,https://epub3.kb.dk/hcadag/epub3/EPUB/hcadag03_440_416.xhtml,
Pag030417,III,417,1850-XX,1850-07-XX,1850-07-22 1850-07-23,https://epub3.kb.dk/hcadag/epub3/EPUB/hcadag03_441_417.xhtml,
Pag030418,III,418,1850-XX,1850-07-XX,1850-07-23 1850-07-24 1850-07-25 1850-07-26,https://epub3.kb.dk/hcadag/epub3/EPUB/hcadag03_442_418.xhtml,
Pag030419,III,419,1850-XX,1850-07-XX,1850-07-27 1850-07-28 1850-07-29,https://epub3.kb.dk/hcadag/epub3/EPUB/hcadag03_443_419.xhtml,
Pag030420,III,420,1850-XX,1850-07-XX,1850-07-29 1850-07-30,https://epub3.kb.dk/hcadag/epub3/EPUB/hcadag03_444_420.xhtml,
Pag030421,III,421,1850-XX,1850-07-XX,1850-07-30 1850-07-31,https://epub3.kb.dk/hcadag/epub3/EPUB/hcadag03_445_421.xhtml,
Pag030422,III,422,1850-XX,1850-08-XX,1850-08-01 1850-08-02 1850-08-03 1850-08-04 1850-08-05,https://epub3.kb.dk/hcadag/epub3/EPUB/hcadag03_446_422.xhtml,
Pag030423,III,423,1850-XX,1850-08-XX,1850-08-05 1850-08-06 1850-08-07,https://epub3.kb.dk/hcadag/epub3/EPUB/hcadag03_447_423.xhtml,
Pag030424,III,424,1850-XX,1850-08-XX,1850-08-07 1850-08-08 1850-08-09 1850-08-10,https://epub3.kb.dk/hcadag/epub3/EPUB/hcadag03_448_424.xhtml,
Pag030425,III,425,1850-XX,1850-08-XX,1850-08-11 1850-08-12 1850-08-13,https://epub3.kb.dk/hcadag/epub3/EPUB/hcadag03_449_425.xhtml,
Pag030426,III,426,1850-XX,1850-08-XX,1850-08-13 1850-08-14 1850-08-15 1850-08-16,https://epub3.kb.dk/hcadag/epub3/EPUB/hcadag03_450_426.xhtml,
Pag030427,III,427,1850-XX,1850-08-XX,1850-08-16 1850-08-17 1850-08-18 1850-08-19,https://epub3.kb.dk/hcadag/epub3/EPUB/hcadag03_451_427.xhtml,
Pag030428,III,428,1850-XX,1850-08-XX,1850-08-19 1850-08-20 1850-08-21,https://epub3.kb.dk/hcadag/epub3/EPUB/hcadag03_452_428.xhtml,
Pag040001,IV,1,1851-XX,1851-02-XX,1851-02-02,https://epub3.kb.dk/hcadag/epub3/EPUB/hcadag04_032_1.xhtml,
Pag040002,IV,2,1851-XX,1851-02-XX,1851-02-02,https://epub3.kb.dk/hcadag/epub3/EPUB/hcadag04_033_2.xhtml,
Pag040003,IV,3,1851-XX,1851-02-XX,1851-02-02 1851-02-03 1851-02-04,https://epub3.kb.dk/hcadag/epub3/EPUB/hcadag04_034_3.xhtml,
Pag040004,IV,4,1851-XX,1851-02-XX,1851-02-04 1851-02-05 1851-02-06,https://epub3.kb.dk/hcadag/epub3/EPUB/hcadag04_035_4.xhtml,
Pag040005,IV,5,1851-XX,1851-02-XX,1851-02-06 1851-02-07,https://epub3.kb.dk/hcadag/epub3/EPUB/hcadag04_036_5.xhtml,
Pag040006,IV,6,1851-XX,1851-02-XX,1851-02-07 1851-02-08,https://epub3.kb.dk/hcadag/epub3/EPUB/hcadag04_037_6.xhtml,
Pag040007,IV,7,1851-XX,1851-02-XX,1851-02-08 1851-02-09,https://epub3.kb.dk/hcadag/epub3/EPUB/hcadag04_038_7.xhtml,
Pag040008,IV,8,1851-XX,1851-02-XX,1851-02-09,https://epub3.kb.dk/hcadag/epub3/EPUB/hcadag04_039_8.xhtml,
Pag040009,IV,9,1851-XX,1851-02-XX,1851-02-09 1851-02-10,https://epub3.kb.dk/hcadag/epub3/EPUB/hcadag04_040_9.xhtml,
Pag040010,IV,10,1851-XX,1851-02-XX,1851-02-10 1851-02-11,https://epub3.kb.dk/hcadag/epub3/EPUB/hcadag04_041_10.xhtml,
Pag040011,IV,11,1851-XX,1851-02-XX,1851-02-11 1851-02-12,https://epub3.kb.dk/hcadag/epub3/EPUB/hcadag04_042_11.xhtml,
Pag040012,IV,12,1851-XX,1851-02-XX,1851-02-12 1851-02-13 1851-02-14 1851-02-15,https://epub3.kb.dk/hcadag/epub3/EPUB/hcadag04_043_12.xhtml,
Pag040013,IV,13,1851-XX,1851-02-XX,1851-02-15 1851-02-16,https://epub3.kb.dk/hcadag/epub3/EPUB/hcadag04_044_13.xhtml,
Pag040014,IV,14,1851-XX,1851-02-XX,1851-02-16,https://epub3.kb.dk/hcadag/epub3/EPUB/hcadag04_045_14.xhtml,
Pag040015,IV,15,1851-XX,1851-02-XX,1851-02-16 1851-02-17,https://epub3.kb.dk/hcadag/epub3/EPUB/hcadag04_046_15.xhtml,
Pag040016,IV,16,1851-XX,1851-02-XX,1851-02-17 1851-02-18 1851-02-19,https://epub3.kb.dk/hcadag/epub3/EPUB/hcadag04_047_16.xhtml,
Pag040017,IV,17,1851-XX,1851-02-XX 1851-03-XX,1851-02-19 1851-02-20 1851-02-21 1851-03-06,https://epub3.kb.dk/hcadag/epub3/EPUB/hcadag04_048_17.xhtml,
Pag040018,IV,18,1851-XX,1851-03-XX,1851-03-06 1851-03-09 1851-03-10 1851-03-13,https://epub3.kb.dk/hcadag/epub3/EPUB/hcadag04_049_18.xhtml,
Pag040019,IV,19,1851-XX,1851-03-XX,1851-03-13 1851-03-16 1851-03-17 1851-03-18,https://epub3.kb.dk/hcadag/epub3/EPUB/hcadag04_050_19.xhtml,
Pag040020,IV,20,1851-XX,1851-03-XX,1851-03-18,https://epub3.kb.dk/hcadag/epub3/EPUB/hcadag04_051_20.xhtml,
Pag040021,IV,21,1851-XX,1851-03-XX,1851-03-18,https://epub3.kb.dk/hcadag/epub3/EPUB/hcadag04_052_21.xhtml,
Pag040022,IV,22,1851-XX,1851-03-XX,1851-03-18 1851-03-19,https://epub3.kb.dk/hcadag/epub3/EPUB/hcadag04_053_22.xhtml,
Pag040023,IV,23,1851-XX,1851-03-XX,1851-03-19,https://epub3.kb.dk/hcadag/epub3/EPUB/hcadag04_054_23.xhtml,
Pag040024,IV,24,1851-XX,1851-05-XX,1851-05-24 1851-05-25,https://epub3.kb.dk/hcadag/epub3/EPUB/hcadag04_055_24.xhtml,
Pag040025,IV,25,1851-XX,1851-05-XX,1851-05-25 1851-05-26 1851-05-27,https://epub3.kb.dk/hcadag/epub3/EPUB/hcadag04_056_25.xhtml,
Pag040026,IV,26,1851-XX,1851-05-XX,1851-05-27 1851-05-28 1851-05-29 1851-05-30,https://epub3.kb.dk/hcadag/epub3/EPUB/hcadag04_057_26.xhtml,
Pag040027,IV,27,1851-XX,1851-05-XX 1851-06-XX,1851-05-30 1851-05-31 1851-06-01,https://epub3.kb.dk/hcadag/epub3/EPUB/hcadag04_058_27.xhtml,
Pag040028,IV,28,1851-XX,1851-06-XX,1851-06-02,https://epub3.kb.dk/hcadag/epub3/EPUB/hcadag04_059_28.xhtml,
Pag040029,IV,29,1851-XX,1851-06-XX,1851-06-02 1851-06-03 1851-06-04 1851-06-05,https://epub3.kb.dk/hcadag/epub3/EPUB/hcadag04_060_29.xhtml,
Pag040030,IV,30,1851-XX,1851-06-XX,1851-06-05 1851-06-06 1851-06-07 1851-06-08 1851-06-09,https://epub3.kb.dk/hcadag/epub3/EPUB/hcadag04_061_30.xhtml,
Pag040031,IV,31,1851-XX,1851-06-XX,1851-06-09 1851-06-10 1851-06-11 1851-06-12 1851-06-13,https://epub3.kb.dk/hcadag/epub3/EPUB/hcadag04_062_31.xhtml,
Pag040032,IV,32,1851-XX,1851-06-XX,1851-06-13 1851-06-14 1851-06-15 1851-06-16,https://epub3.kb.dk/hcadag/epub3/EPUB/hcadag04_063_32.xhtml,
Pag040033,IV,33,1851-XX,1851-06-XX,1851-06-16 1851-06-17 1851-06-18 1851-06-19,https://epub3.kb.dk/hcadag/epub3/EPUB/hcadag04_064_33.xhtml,
Pag040034,IV,34,1851-XX,1851-06-XX,1851-06-20 1851-06-21 1851-06-22,https://epub3.kb.dk/hcadag/epub3/EPUB/hcadag04_065_34.xhtml,
Pag040035,IV,35,1851-XX,1851-06-XX,1851-06-23 1851-06-24 1851-06-25 1851-06-26 1851-06-27 1851-06-28,https://epub3.kb.dk/hcadag/epub3/EPUB/hcadag04_066_35.xhtml,
Pag040036,IV,36,1851-XX,1851-06-XX 1851-07-XX,1851-06-28 1851-06-29 1851-06-30 1851-07-01 1851-07-02 1851-07-03 1851-07-04 1851-07-05 1851-07-06,https://epub3.kb.dk/hcadag/epub3/EPUB/hcadag04_067_36.xhtml,
Pag040037,IV,37,1851-XX,1851-07-XX,1851-07-06,https://epub3.kb.dk/hcadag/epub3/EPUB/hcadag04_068_37.xhtml,
Pag040038,IV,38,1851-XX,1851-07-XX,1851-07-06,https://epub3.kb.dk/hcadag/epub3/EPUB/hcadag04_069_38.xhtml,
Pag040039,IV,39,1851-XX,1851-07-XX,1851-07-06 1851-07-07,https://epub3.kb.dk/hcadag/epub3/EPUB/hcadag04_070_39.xhtml,
Pag040040,IV,40,1851-XX,1851-07-XX,1851-07-07 1851-07-08,https://epub3.kb.dk/hcadag/epub3/EPUB/hcadag04_071_40.xhtml,
Pag040041,IV,41,1851-XX,1851-07-XX,1851-07-09 1851-07-10,https://epub3.kb.dk/hcadag/epub3/EPUB/hcadag04_072_41.xhtml,
Pag040042,IV,42,1851-XX,1851-07-XX,1851-07-10 1851-07-11 1851-07-12 1851-07-13,https://epub3.kb.dk/hcadag/epub3/EPUB/hcadag04_073_42.xhtml,
Pag040043,IV,43,1851-XX,1851-07-XX,1851-07-14 1851-07-15 1851-07-16,https://epub3.kb.dk/hcadag/epub3/EPUB/hcadag04_074_43.xhtml,
Pag040044,IV,44,1851-XX,1851-07-XX,1851-07-16 1851-07-17 1851-07-18,https://epub3.kb.dk/hcadag/epub3/EPUB/hcadag04_075_44.xhtml,
Pag040045,IV,45,1851-XX,1851-07-XX,1851-07-18 1851-07-19,https://epub3.kb.dk/hcadag/epub3/EPUB/hcadag04_076_45.xhtml,
Pag040046,IV,46,1851-XX,1851-07-XX,1851-07-19,https://epub3.kb.dk/hcadag/epub3/EPUB/hcadag04_077_46.xhtml,
Pag040047,IV,47,1851-XX,1851-07-XX,1851-07-19 1851-07-20,https://epub3.kb.dk/hcadag/epub3/EPUB/hcadag04_078_47.xhtml,
Pag040048,IV,48,1851-XX,1851-07-XX,1851-07-20 1851-07-21 1851-07-22,https://epub3.kb.dk/hcadag/epub3/EPUB/hcadag04_079_48.xhtml,
Pag040049,IV,49,1851-XX,1851-07-XX,1851-07-22 1851-07-23,https://epub3.kb.dk/hcadag/epub3/EPUB/hcadag04_080_49.xhtml,
Pag040050,IV,50,1851-XX,1851-07-XX,1851-07-23 1851-07-24,https://epub3.kb.dk/hcadag/epub3/EPUB/hcadag04_081_50.xhtml,
Pag040051,IV,51,1851-XX,1851-07-XX,1851-07-24 1851-07-25,https://epub3.kb.dk/hcadag/epub3/EPUB/hcadag04_082_51.xhtml,
Pag040052,IV,52,1851-XX,1851-07-XX,1851-07-25 1851-07-26,https://epub3.kb.dk/hcadag/epub3/EPUB/hcadag04_083_52.xhtml,
Pag040053,IV,53,1851-XX,1851-07-XX,1851-07-26 1851-07-27 1851-07-28,https://epub3.kb.dk/hcadag/epub3/EPUB/hcadag04_084_53.xhtml,
Pag040054,IV,54,1851-XX,1851-07-XX,1851-07-28 1851-07-29 1851-07-30,https://epub3.kb.dk/hcadag/epub3/EPUB/hcadag04_085_54.xhtml,
Pag040055,IV,55,1851-XX,1851-07-XX 1851-08-XX,1851-07-30 1851-07-31 1851-08-01,https://epub3.kb.dk/hcadag/epub3/EPUB/hcadag04_086_55.xhtml,
Pag040056,IV,56,1851-XX,1851-08-XX,1851-08-01,https://epub3.kb.dk/hcadag/epub3/EPUB/hcadag04_087_56.xhtml,
Pag040057,IV,57,1851-XX,1851-08-XX,1851-08-01 1851-08-02,https://epub3.kb.dk/hcadag/epub3/EPUB/hcadag04_088_57.xhtml,
Pag040058,IV,58,1851-XX,1851-08-XX,1851-08-02 1851-08-03 1851-08-04,https://epub3.kb.dk/hcadag/epub3/EPUB/hcadag04_089_58.xhtml,
Pag040059,IV,59,1851-XX,1851-08-XX,1851-08-04 1851-08-05 1851-08-06,https://epub3.kb.dk/hcadag/epub3/EPUB/hcadag04_090_59.xhtml,
Pag040060,IV,60,1851-XX,1851-08-XX,1851-08-06 1851-08-07 1851-08-08,https://epub3.kb.dk/hcadag/epub3/EPUB/hcadag04_091_60.xhtml,
Pag040061,IV,61,1851-XX,1851-08-XX,1851-08-08 1851-08-09 1851-08-10 1851-08-11,https://epub3.kb.dk/hcadag/epub3/EPUB/hcadag04_092_61.xhtml,
Pag040062,IV,62,1851-XX,1851-08-XX,1851-08-11 1851-08-12 1851-08-13,https://epub3.kb.dk/hcadag/epub3/EPUB/hcadag04_093_62.xhtml,
Pag040063,IV,63,1851-XX,1851-08-XX,1851-08-13,https://epub3.kb.dk/hcadag/epub3/EPUB/hcadag04_094_63.xhtml,
Pag040064,IV,64,1851-XX,1851-08-XX,1851-08-13 1851-08-14 1851-08-15,https://epub3.kb.dk/hcadag/epub3/EPUB/hcadag04_095_64.xhtml,
Pag040065,IV,65,1851-XX,1851-08-XX,1851-08-15 1851-08-16 1851-08-17,https://epub3.kb.dk/hcadag/epub3/EPUB/hcadag04_096_65.xhtml,
Pag040066,IV,66,1851-XX,1851-08-XX,1851-08-17 1851-08-18 1851-08-19,https://epub3.kb.dk/hcadag/epub3/EPUB/hcadag04_097_66.xhtml,
Pag040067,IV,67,1851-XX,1851-08-XX,1851-08-19 1851-08-20,https://epub3.kb.dk/hcadag/epub3/EPUB/hcadag04_098_67.xhtml,
Pag040068,IV,68,1851-XX,1851-08-XX,1851-08-20 1851-08-21 1851-08-22,https://epub3.kb.dk/hcadag/epub3/EPUB/hcadag04_099_68.xhtml,
Pag040069,IV,69,1851-XX,1851-08-XX,1851-08-23 1851-08-24 1851-08-25,https://epub3.kb.dk/hcadag/epub3/EPUB/hcadag04_100_69.xhtml,
Pag040070,IV,70,1851-XX,1851-08-XX,1851-08-25 1851-08-26 1851-08-27,https://epub3.kb.dk/hcadag/epub3/EPUB/hcadag04_101_70.xhtml,
Pag040071,IV,71,1851-XX,1851-08-XX,1851-08-27 1851-08-28,https://epub3.kb.dk/hcadag/epub3/EPUB/hcadag04_102_71.xhtml,
Pag040072,IV,72,1851-XX,1851-08-XX,1851-08-28 1851-08-29 1851-08-30 1851-08-31,https://epub3.kb.dk/hcadag/epub3/EPUB/hcadag04_103_72.xhtml,
Pag040073,IV,73,1851-XX,1851-09-XX,1851-09-01 1851-09-02 1851-09-03 1851-09-04 1851-09-05 1851-09-06 1851-09-07,https://epub3.kb.dk/hcadag/epub3/EPUB/hcadag04_104_73.xhtml,
Pag040074,IV,74,1851-XX,1851-09-XX,1851-09-07 1851-09-08 1851-09-09 1851-09-10,https://epub3.kb.dk/hcadag/epub3/EPUB/hcadag04_105_74.xhtml,
Pag040075,IV,75,1852-XX,1852-05-XX,1852-05-16 1852-05-17,https://epub3.kb.dk/hcadag/epub3/EPUB/hcadag04_106_75.xhtml,
Pag040076,IV,76,1852-XX,1852-05-XX,1852-05-17,https://epub3.kb.dk/hcadag/epub3/EPUB/hcadag04_107_76.xhtml,
Pag040077,IV,77,1852-XX,1852-05-XX,1852-05-17 1852-05-18,https://epub3.kb.dk/hcadag/epub3/EPUB/hcadag04_108_77.xhtml,
Pag040078,IV,78,1852-XX,1852-05-XX,1852-05-18 1852-05-19 1852-05-20,https://epub3.kb.dk/hcadag/epub3/EPUB/hcadag04_109_78.xhtml,
Pag040079,IV,79,1852-XX,1852-05-XX,1852-05-20 1852-05-21 1852-05-22,https://epub3.kb.dk/hcadag/epub3/EPUB/hcadag04_110_79.xhtml,
Pag040080,IV,80,1852-XX,1852-05-XX,1852-05-22 1852-05-23,https://epub3.kb.dk/hcadag/epub3/EPUB/hcadag04_111_80.xhtml,
Pag040081,IV,81,1852-XX,1852-05-XX,1852-05-23 1852-05-24 1852-05-25,https://epub3.kb.dk/hcadag/epub3/EPUB/hcadag04_112_81.xhtml,
Pag040082,IV,82,1852-XX,1852-05-XX,1852-05-25 1852-05-26,https://epub3.kb.dk/hcadag/epub3/EPUB/hcadag04_113_82.xhtml,
Pag040083,IV,83,1852-XX,1852-05-XX,1852-05-26 1852-05-27,https://epub3.kb.dk/hcadag/epub3/EPUB/hcadag04_114_83.xhtml,
Pag040084,IV,84,1852-XX,1852-05-XX,1852-05-27 1852-05-28 1852-05-29,https://epub3.kb.dk/hcadag/epub3/EPUB/hcadag04_115_84.xhtml,
Pag040085,IV,85,1852-XX,1852-05-XX,1852-05-29 1852-05-30 1852-05-31,https://epub3.kb.dk/hcadag/epub3/EPUB/hcadag04_116_85.xhtml,
Pag040086,IV,86,1852-XX,1852-05-XX 1852-06-XX,1852-05-31 1852-06-01,https://epub3.kb.dk/hcadag/epub3/EPUB/hcadag04_117_86.xhtml,
Pag040087,IV,87,1852-XX,1852-06-XX,1852-06-01 1852-06-02 1852-06-03,https://epub3.kb.dk/hcadag/epub3/EPUB/hcadag04_118_87.xhtml,
Pag040088,IV,88,1852-XX,1852-06-XX,1852-06-03 1852-06-04,https://epub3.kb.dk/hcadag/epub3/EPUB/hcadag04_119_88.xhtml,
Pag040089,IV,89,1852-XX,1852-06-XX,1852-06-04 1852-06-05 1852-06-06 1852-06-07,https://epub3.kb.dk/hcadag/epub3/EPUB/hcadag04_120_89.xhtml,
Pag040090,IV,90,1852-XX,1852-06-XX,1852-06-07 1852-06-08,https://epub3.kb.dk/hcadag/epub3/EPUB/hcadag04_121_90.xhtml,
Pag040091,IV,91,1852-XX,1852-06-XX,1852-06-08 1852-06-09 1852-06-10,https://epub3.kb.dk/hcadag/epub3/EPUB/hcadag04_122_91.xhtml,
Pag040092,IV,92,1852-XX,1852-06-XX,1852-06-10 1852-06-11 1852-06-12 1852-06-13,https://epub3.kb.dk/hcadag/epub3/EPUB/hcadag04_123_92.xhtml,
Pag040093,IV,93,1852-XX,1852-06-XX,1852-06-13 1852-06-14,https://epub3.kb.dk/hcadag/epub3/EPUB/hcadag04_124_93.xhtml,
Pag040094,IV,94,1852-XX,1852-06-XX,1852-06-14 1852-06-15,https://epub3.kb.dk/hcadag/epub3/EPUB/hcadag04_125_94.xhtml,
Pag040095,IV,95,1852-XX,1852-06-XX,1852-06-15 1852-06-16,https://epub3.kb.dk/hcadag/epub3/EPUB/hcadag04_126_95.xhtml,
Pag040096,IV,96,1852-XX,1852-06-XX,1852-06-16 1852-06-17,https://epub3.kb.dk/hcadag/epub3/EPUB/hcadag04_127_96.xhtml,
Pag040097,IV,97,1852-XX,1852-06-XX,1852-06-17 1852-06-18 1852-06-19,https://epub3.kb.dk/hcadag/epub3/EPUB/hcadag04_128_97.xhtml,
Pag040098,IV,98,1852-XX,1852-06-XX,1852-06-19,https://epub3.kb.dk/hcadag/epub3/EPUB/hcadag04_129_98.xhtml,
Pag040099,IV,99,1852-XX,1852-06-XX,1852-06-19 1852-06-20,https://epub3.kb.dk/hcadag/epub3/EPUB/hcadag04_130_99.xhtml,
Pag040100,IV,100,1852-XX,1852-06-XX,1852-06-20 1852-06-21,https://epub3.kb.dk/hcadag/epub3/EPUB/hcadag04_131_100.xhtml,
Pag040101,IV,101,1852-XX,1852-06-XX,1852-06-21 1852-06-22,https://epub3.kb.dk/hcadag/epub3/EPUB/hcadag04_132_101.xhtml,
Pag040102,IV,102,1852-XX,1852-06-XX,1852-06-22 1852-06-23,https://epub3.kb.dk/hcadag/epub3/EPUB/hcadag04_133_102.xhtml,
Pag040103,IV,103,1852-XX,1852-06-XX,1852-06-23 1852-06-24,https://epub3.kb.dk/hcadag/epub3/EPUB/hcadag04_134_103.xhtml,
Pag040104,IV,104,1852-XX,1852-06-XX,1852-06-24 1852-06-25,https://epub3.kb.dk/hcadag/epub3/EPUB/hcadag04_135_104.xhtml,
Pag040105,IV,105,1852-XX,1852-06-XX,1852-06-25 1852-06-26 1852-06-27,https://epub3.kb.dk/hcadag/epub3/EPUB/hcadag04_136_105.xhtml,
Pag040106,IV,106,1852-XX,1852-06-XX,1852-06-27 1852-06-28 1852-06-29,https://epub3.kb.dk/hcadag/epub3/EPUB/hcadag04_137_106.xhtml,
Pag040107,IV,107,1852-XX,1852-06-XX,1852-06-29,https://epub3.kb.dk/hcadag/epub3/EPUB/hcadag04_138_107.xhtml,
Pag040108,IV,108,1852-XX,1852-06-XX 1852-07-XX,1852-06-30 1852-07-01,https://epub3.kb.dk/hcadag/epub3/EPUB/hcadag04_139_108.xhtml,
Pag040109,IV,109,1852-XX,1852-07-XX,1852-07-01 1852-07-02,https://epub3.kb.dk/hcadag/epub3/EPUB/hcadag04_140_109.xhtml,
Pag040110,IV,110,1852-XX,1852-07-XX,1852-07-02,https://epub3.kb.dk/hcadag/epub3/EPUB/hcadag04_141_110.xhtml,
Pag040111,IV,111,1852-XX,1852-07-XX,1852-07-02 1852-07-03,https://epub3.kb.dk/hcadag/epub3/EPUB/hcadag04_142_111.xhtml,
Pag040112,IV,112,1852-XX,1852-07-XX,1852-07-03 1852-07-04,https://epub3.kb.dk/hcadag/epub3/EPUB/hcadag04_143_112.xhtml,
Pag040113,IV,113,1852-XX,1852-07-XX,1852-07-04 1852-07-05,https://epub3.kb.dk/hcadag/epub3/EPUB/hcadag04_144_113.xhtml,
Pag040114,IV,114,1852-XX,1852-07-XX,1852-07-05 1852-07-06,https://epub3.kb.dk/hcadag/epub3/EPUB/hcadag04_145_114.xhtml,
Pag040115,IV,115,1852-XX,1852-07-XX,1852-07-06 1852-07-07,https://epub3.kb.dk/hcadag/epub3/EPUB/hcadag04_146_115.xhtml,
Pag040116,IV,116,1852-XX,1852-07-XX,1852-07-07 1852-07-08,https://epub3.kb.dk/hcadag/epub3/EPUB/hcadag04_147_116.xhtml,
Pag040117,IV,117,1852-XX,1852-07-XX,1852-07-08 1852-07-09,https://epub3.kb.dk/hcadag/epub3/EPUB/hcadag04_148_117.xhtml,
Pag040118,IV,118,1852-XX,1852-07-XX,1852-07-09 1852-07-10,https://epub3.kb.dk/hcadag/epub3/EPUB/hcadag04_149_118.xhtml,
Pag040119,IV,119,1852-XX,1852-07-XX,1852-07-10 1852-07-11,https://epub3.kb.dk/hcadag/epub3/EPUB/hcadag04_150_119.xhtml,
Pag040120,IV,120,1852-XX,1852-07-XX,1852-07-11 1852-07-12,https://epub3.kb.dk/hcadag/epub3/EPUB/hcadag04_151_120.xhtml,
Pag040121,IV,121,1852-XX,1852-07-XX,1852-07-12 1852-07-13,https://epub3.kb.dk/hcadag/epub3/EPUB/hcadag04_152_121.xhtml,
Pag040122,IV,122,1852-XX,1852-07-XX,1852-07-13 1852-07-14,https://epub3.kb.dk/hcadag/epub3/EPUB/hcadag04_153_122.xhtml,
Pag040123,IV,123,1852-XX,1852-07-XX,1852-07-14 1852-07-15,https://epub3.kb.dk/hcadag/epub3/EPUB/hcadag04_154_123.xhtml,
Pag040124,IV,124,1852-XX,1852-07-XX,1852-07-15 1852-07-16,https://epub3.kb.dk/hcadag/epub3/EPUB/hcadag04_155_124.xhtml,
Pag040125,IV,125,1852-XX,1852-07-XX,1852-07-16 1852-07-17 1852-07-18,https://epub3.kb.dk/hcadag/epub3/EPUB/hcadag04_156_125.xhtml,
Pag040126,IV,126,1852-XX,1852-07-XX,1852-07-18 1852-07-19,https://epub3.kb.dk/hcadag/epub3/EPUB/hcadag04_157_126.xhtml,
Pag040127,IV,127,1852-XX,1852-07-XX,1852-07-19 1852-07-20,https://epub3.kb.dk/hcadag/epub3/EPUB/hcadag04_158_127.xhtml,
Pag040128,IV,128,1852-XX,1852-07-XX,1852-07-20 1852-07-21,https://epub3.kb.dk/hcadag/epub3/EPUB/hcadag04_159_128.xhtml,
Pag040129,IV,129,1854-XX,1854-05-XX,1854-05-08 1854-05-09,https://epub3.kb.dk/hcadag/epub3/EPUB/hcadag04_160_129.xhtml,
Pag040130,IV,130,1854-XX,1854-05-XX,1854-05-09 1854-05-10 1854-05-11,https://epub3.kb.dk/hcadag/epub3/EPUB/hcadag04_161_130.xhtml,
Pag040131,IV,131,1854-XX,1854-05-XX,1854-05-12 1854-05-13,https://epub3.kb.dk/hcadag/epub3/EPUB/hcadag04_162_131.xhtml,
Pag040132,IV,132,1854-XX,1854-05-XX,1854-05-13 1854-05-14 1854-05-15,https://epub3.kb.dk/hcadag/epub3/EPUB/hcadag04_163_132.xhtml,
Pag040133,IV,133,1854-XX,1854-05-XX,1854-05-15 1854-05-16 1854-05-17,https://epub3.kb.dk/hcadag/epub3/EPUB/hcadag04_164_133.xhtml,
Pag040134,IV,134,1854-XX,1854-05-XX,1854-05-17 1854-05-18 1854-05-19 1854-05-20,https://epub3.kb.dk/hcadag/epub3/EPUB/hcadag04_165_134.xhtml,
Pag040135,IV,135,1854-XX,1854-05-XX,1854-05-20 1854-05-21 1854-05-22 1854-05-23,https://epub3.kb.dk/hcadag/epub3/EPUB/hcadag04_166_135.xhtml,
Pag040136,IV,136,1854-XX,1854-05-XX,1854-05-23 1854-05-24 1854-05-25,https://epub3.kb.dk/hcadag/epub3/EPUB/hcadag04_167_136.xhtml,
Pag040137,IV,137,1854-XX,1854-05-XX,1854-05-26 1854-05-27 1854-05-28,https://epub3.kb.dk/hcadag/epub3/EPUB/hcadag04_168_137.xhtml,
Pag040138,IV,138,1854-XX,1854-05-XX,1854-05-28 1854-05-29 1854-05-30 1854-05-31,https://epub3.kb.dk/hcadag/epub3/EPUB/hcadag04_169_138.xhtml,
Pag040139,IV,139,1854-XX,1854-05-XX 1854-06-XX,1854-05-31 1854-06-01 1854-06-02,https://epub3.kb.dk/hcadag/epub3/EPUB/hcadag04_170_139.xhtml,
Pag040140,IV,140,1854-XX,1854-06-XX,1854-06-02 1854-06-03,https://epub3.kb.dk/hcadag/epub3/EPUB/hcadag04_171_140.xhtml,
Pag040141,IV,141,1854-XX,1854-06-XX,1854-06-03 1854-06-04 1854-06-05,https://epub3.kb.dk/hcadag/epub3/EPUB/hcadag04_172_141.xhtml,
Pag040142,IV,142,1854-XX,1854-06-XX,1854-06-05 1854-06-06,https://epub3.kb.dk/hcadag/epub3/EPUB/hcadag04_173_142.xhtml,
Pag040143,IV,143,1854-XX,1854-06-XX,1854-06-06 1854-06-07,https://epub3.kb.dk/hcadag/epub3/EPUB/hcadag04_174_143.xhtml,
Pag040144,IV,144,1854-XX,1854-06-XX,1854-06-07 1854-06-08 1854-06-09,https://epub3.kb.dk/hcadag/epub3/EPUB/hcadag04_175_144.xhtml,
Pag040145,IV,145,1854-XX,1854-06-XX,1854-06-10 1854-06-11 1854-06-12,https://epub3.kb.dk/hcadag/epub3/EPUB/hcadag04_176_145.xhtml,
Pag040146,IV,146,1854-XX,1854-06-XX,1854-06-12 1854-06-13,https://epub3.kb.dk/hcadag/epub3/EPUB/hcadag04_177_146.xhtml,
Pag040147,IV,147,1854-XX,1854-06-XX,1854-06-13 1854-06-14 1854-06-15,https://epub3.kb.dk/hcadag/epub3/EPUB/hcadag04_178_147.xhtml,
Pag040148,IV,148,1854-XX,1854-06-XX,1854-06-15 1854-06-16 1854-06-17,https://epub3.kb.dk/hcadag/epub3/EPUB/hcadag04_179_148.xhtml,
Pag040149,IV,149,1854-XX,1854-06-XX,1854-06-17 1854-06-18 1854-06-19,https://epub3.kb.dk/hcadag/epub3/EPUB/hcadag04_180_149.xhtml,
Pag040150,IV,150,1854-XX,1854-06-XX,1854-06-19,https://epub3.kb.dk/hcadag/epub3/EPUB/hcadag04_181_150.xhtml,
Pag040151,IV,151,1854-XX,1854-06-XX,1854-06-19 1854-06-20,https://epub3.kb.dk/hcadag/epub3/EPUB/hcadag04_182_151.xhtml,
Pag040152,IV,152,1854-XX,1854-06-XX,1854-06-20,https://epub3.kb.dk/hcadag/epub3/EPUB/hcadag04_183_152.xhtml,
Pag040153,IV,153,1854-XX,1854-06-XX,1854-06-21 1854-06-22 1854-06-23,https://epub3.kb.dk/hcadag/epub3/EPUB/hcadag04_184_153.xhtml,
Pag040154,IV,154,1854-XX,1854-06-XX,1854-06-23 1854-06-24 1854-06-25 1854-06-26,https://epub3.kb.dk/hcadag/epub3/EPUB/hcadag04_185_154.xhtml,
Pag040155,IV,155,1854-XX,1854-06-XX,1854-06-26 1854-06-27 1854-06-28 1854-06-29 1854-06-30,https://epub3.kb.dk/hcadag/epub3/EPUB/hcadag04_186_155.xhtml,
Pag040156,IV,156,1854-XX,1854-06-XX 1854-07-XX,1854-06-30 1854-07-01,https://epub3.kb.dk/hcadag/epub3/EPUB/hcadag04_187_156.xhtml,
Pag040157,IV,157,1855-XX,1855-06-XX,1855-06-28 1855-06-29,https://epub3.kb.dk/hcadag/epub3/EPUB/hcadag04_188_157.xhtml,
Pag040158,IV,158,1855-XX,1855-06-XX,1855-06-29 1855-06-30,https://epub3.kb.dk/hcadag/epub3/EPUB/hcadag04_189_158.xhtml,
Pag040159,IV,159,1855-XX,1855-07-XX,1855-07-01 1855-07-02 1855-07-03,https://epub3.kb.dk/hcadag/epub3/EPUB/hcadag04_190_159.xhtml,
Pag040160,IV,160,1855-XX,1855-07-XX,1855-07-03 1855-07-04 1855-07-05,https://epub3.kb.dk/hcadag/epub3/EPUB/hcadag04_191_160.xhtml,
Pag040161,IV,161,1855-XX,1855-07-XX,1855-07-05 1855-07-06 1855-07-07 1855-07-08,https://epub3.kb.dk/hcadag/epub3/EPUB/hcadag04_192_161.xhtml,
Pag040162,IV,162,1855-XX,1855-07-XX,1855-07-08 1855-07-09 1855-07-10 1855-07-11 1855-07-12,https://epub3.kb.dk/hcadag/epub3/EPUB/hcadag04_193_162.xhtml,
Pag040163,IV,163,1855-XX,1855-07-XX,1855-07-12 1855-07-13 1855-07-14,https://epub3.kb.dk/hcadag/epub3/EPUB/hcadag04_194_163.xhtml,
Pag040164,IV,164,1855-XX,1855-07-XX,1855-07-14 1855-07-15 1855-07-16 1855-07-17 1855-07-18 1855-07-19,https://epub3.kb.dk/hcadag/epub3/EPUB/hcadag04_195_164.xhtml,
Pag040165,IV,165,1855-XX,1855-07-XX,1855-07-19 1855-07-20 1855-07-21,https://epub3.kb.dk/hcadag/epub3/EPUB/hcadag04_196_165.xhtml,
Pag040166,IV,166,1855-XX,1855-07-XX,1855-07-21 1855-07-22 1855-07-23 1855-07-24,https://epub3.kb.dk/hcadag/epub3/EPUB/hcadag04_197_166.xhtml,
Pag040167,IV,167,1855-XX,1855-07-XX,1855-07-24 1855-07-25,https://epub3.kb.dk/hcadag/epub3/EPUB/hcadag04_198_167.xhtml,
Pag040168,IV,168,1855-XX,1855-07-XX,1855-07-25 1855-07-26,https://epub3.kb.dk/hcadag/epub3/EPUB/hcadag04_199_168.xhtml,
Pag040169,IV,169,1855-XX,1855-07-XX,1855-07-26 1855-07-27 1855-07-28,https://epub3.kb.dk/hcadag/epub3/EPUB/hcadag04_200_169.xhtml,
Pag040170,IV,170,1855-XX,1855-07-XX,1855-07-29 1855-07-30,https://epub3.kb.dk/hcadag/epub3/EPUB/hcadag04_201_170.xhtml,
Pag040171,IV,171,1855-XX,1855-07-XX 1855-08-XX,1855-07-30 1855-07-31 1855-08-01,https://epub3.kb.dk/hcadag/epub3/EPUB/hcadag04_202_171.xhtml,
Pag040172,IV,172,1855-XX,1855-08-XX,1855-08-01 1855-08-02 1855-08-03,https://epub3.kb.dk/hcadag/epub3/EPUB/hcadag04_203_172.xhtml,
Pag040173,IV,173,1855-XX,1855-08-XX,1855-08-03 1855-08-04 1855-08-05,https://epub3.kb.dk/hcadag/epub3/EPUB/hcadag04_204_173.xhtml,
Pag040174,IV,174,1855-XX,1855-08-XX,1855-08-05 1855-08-06 1855-08-07,https://epub3.kb.dk/hcadag/epub3/EPUB/hcadag04_205_174.xhtml,
Pag040175,IV,175,1855-XX,1855-08-XX,1855-08-07 1855-08-08 1855-08-09 1855-08-10,https://epub3.kb.dk/hcadag/epub3/EPUB/hcadag04_206_175.xhtml,
Pag040176,IV,176,1855-XX,1855-08-XX,1855-08-10 1855-08-11 1855-08-12,https://epub3.kb.dk/hcadag/epub3/EPUB/hcadag04_207_176.xhtml,
Pag040177,IV,177,1855-XX,1855-08-XX,1855-08-12 1855-08-13 1855-08-14,https://epub3.kb.dk/hcadag/epub3/EPUB/hcadag04_208_177.xhtml,
Pag040178,IV,178,1855-XX,1855-08-XX,1855-08-14 1855-08-15,https://epub3.kb.dk/hcadag/epub3/EPUB/hcadag04_209_178.xhtml,
Pag040179,IV,179,1855-XX,1855-08-XX,1855-08-15 1855-08-16,https://epub3.kb.dk/hcadag/epub3/EPUB/hcadag04_210_179.xhtml,
Pag040180,IV,180,1855-XX,1855-08-XX,1855-08-17 1855-08-18 1855-08-19,https://epub3.kb.dk/hcadag/epub3/EPUB/hcadag04_211_180.xhtml,
Pag040181,IV,181,1855-XX,1855-08-XX,1855-08-19 1855-08-20 1855-08-21 1855-08-22,https://epub3.kb.dk/hcadag/epub3/EPUB/hcadag04_212_181.xhtml,
Pag040182,IV,182,1855-XX,1855-08-XX,1855-08-22 1855-08-23,https://epub3.kb.dk/hcadag/epub3/EPUB/hcadag04_213_182.xhtml,
Pag040183,IV,183,1855-XX,1855-08-XX,1855-08-23 1855-08-24 1855-08-25,https://epub3.kb.dk/hcadag/epub3/EPUB/hcadag04_214_183.xhtml,
Pag040184,IV,184,1855-XX,1855-08-XX,1855-08-25 1855-08-26 1855-08-27 1855-08-28,https://epub3.kb.dk/hcadag/epub3/EPUB/hcadag04_215_184.xhtml,
Pag040185,IV,185,1855-XX,1855-08-XX,1855-08-28 1855-08-29 1855-08-30 1855-08-31,https://epub3.kb.dk/hcadag/epub3/EPUB/hcadag04_216_185.xhtml,
Pag040186,IV,186,1855-XX,1855-08-XX 1855-09-XX,1855-08-31 1855-09-01 1855-09-02,https://epub3.kb.dk/hcadag/epub3/EPUB/hcadag04_217_186.xhtml,
Pag040187,IV,187,1855-XX,1855-09-XX,1855-09-03 1855-09-04 1855-09-05 1855-09-06,https://epub3.kb.dk/hcadag/epub3/EPUB/hcadag04_218_187.xhtml,
Pag040188,IV,188,1855-XX,1855-09-XX,1855-09-07 1855-09-08 1855-09-09 1855-09-10 1855-09-11,https://epub3.kb.dk/hcadag/epub3/EPUB/hcadag04_219_188.xhtml,
Pag040189,IV,189,1855-XX,1855-09-XX,1855-09-11 1855-09-12 1855-09-13,https://epub3.kb.dk/hcadag/epub3/EPUB/hcadag04_220_189.xhtml,
Pag040190,IV,190,1855-XX,1855-09-XX,1855-09-13 1855-09-14 1855-09-15 1855-09-16 1855-09-17,https://epub3.kb.dk/hcadag/epub3/EPUB/hcadag04_221_190.xhtml,
Pag040191,IV,191,1855-XX,1855-09-XX,1855-09-17 1855-09-18 1855-09-19 1855-09-20,https://epub3.kb.dk/hcadag/epub3/EPUB/hcadag04_222_191.xhtml,
Pag040192,IV,192,1855-XX,1855-09-XX,1855-09-20 1855-09-21,https://epub3.kb.dk/hcadag/epub3/EPUB/hcadag04_223_192.xhtml,
Pag040193,IV,193,1855-XX,1855-09-XX,1855-09-21 1855-09-22 1855-09-23 1855-09-24 1855-09-25 1855-09-26,https://epub3.kb.dk/hcadag/epub3/EPUB/hcadag04_224_193.xhtml,
Pag040194,IV,194,1855-XX,1855-09-XX,1855-09-26 1855-09-27 1855-09-28 1855-09-29,https://epub3.kb.dk/hcadag/epub3/EPUB/hcadag04_225_194.xhtml,
Pag040195,IV,195,1855-XX,1855-09-XX,1855-09-29 1855-09-30,https://epub3.kb.dk/hcadag/epub3/EPUB/hcadag04_226_195.xhtml,
Pag040196,IV,196,1856-XX,1856-04-XX 1856-05-XX,1856-04-30 1856-05-01,https://epub3.kb.dk/hcadag/epub3/EPUB/hcadag04_227_196.xhtml,
Pag040197,IV,197,1856-XX,1856-05-XX,1856-05-01 1856-05-02 1856-05-03 1856-05-04 1856-05-05,https://epub3.kb.dk/hcadag/epub3/EPUB/hcadag04_228_197.xhtml,
Pag040198,IV,198,1856-XX,1856-05-XX,1856-05-06 1856-05-07 1856-05-08 1856-05-09 1856-05-10,https://epub3.kb.dk/hcadag/epub3/EPUB/hcadag04_229_198.xhtml,
Pag040199,IV,199,1856-XX,1856-05-XX,1856-05-10 1856-05-11 1856-05-12,https://epub3.kb.dk/hcadag/epub3/EPUB/hcadag04_230_199.xhtml,
Pag040200,IV,200,1856-XX,1856-05-XX,1856-05-12 1856-05-13 1856-05-14,https://epub3.kb.dk/hcadag/epub3/EPUB/hcadag04_231_200.xhtml,
Pag040201,IV,201,1856-XX,1856-05-XX,1856-05-14 1856-05-15 1856-05-16,https://epub3.kb.dk/hcadag/epub3/EPUB/hcadag04_232_201.xhtml,
Pag040202,IV,202,1856-XX,1856-05-XX,1856-05-16 1856-05-17 1856-05-18 1856-05-19 1856-05-20 1856-05-21 1856-05-22,https://epub3.kb.dk/hcadag/epub3/EPUB/hcadag04_233_202.xhtml,
Pag040203,IV,203,1856-XX,1856-05-XX,1856-05-22 1856-05-23 1856-05-24 1856-05-25 1856-05-26,https://epub3.kb.dk/hcadag/epub3/EPUB/hcadag04_234_203.xhtml,
Pag040204,IV,204,1856-XX,1856-05-XX,1856-05-26 1856-05-27 1856-05-28 1856-05-29,https://epub3.kb.dk/hcadag/epub3/EPUB/hcadag04_235_204.xhtml,
Pag040205,IV,205,1856-XX,1856-05-XX 1856-06-XX,1856-05-30 1856-05-31 1856-06-01 1856-06-02 1856-06-03 1856-06-04 1856-06-05,https://epub3.kb.dk/hcadag/epub3/EPUB/hcadag04_236_205.xhtml,
Pag040206,IV,206,1856-XX,1856-06-XX,1856-06-06 1856-06-07 1856-06-08,https://epub3.kb.dk/hcadag/epub3/EPUB/hcadag04_237_206.xhtml,
Pag040207,IV,207,1856-XX,1856-06-XX,1856-06-08 1856-06-09 1856-06-10,https://epub3.kb.dk/hcadag/epub3/EPUB/hcadag04_238_207.xhtml,
Pag040208,IV,208,1856-XX,1856-06-XX,1856-06-10 1856-06-11 1856-06-12 1856-06-13,https://epub3.kb.dk/hcadag/epub3/EPUB/hcadag04_239_208.xhtml,
Pag040209,IV,209,1856-XX,1856-06-XX,1856-06-13 1856-06-14 1856-06-15 1856-06-16 1856-06-17,https://epub3.kb.dk/hcadag/epub3/EPUB/hcadag04_240_209.xhtml,
Pag040210,IV,210,1856-XX,1856-06-XX,1856-06-17 1856-06-18 1856-06-19,https://epub3.kb.dk/hcadag/epub3/EPUB/hcadag04_241_210.xhtml,
Pag040211,IV,211,1856-XX,1856-06-XX,1856-06-19 1856-06-20 1856-06-21,https://epub3.kb.dk/hcadag/epub3/EPUB/hcadag04_242_211.xhtml,
Pag040212,IV,212,1856-XX,1856-06-XX,1856-06-21 1856-06-22 1856-06-23,https://epub3.kb.dk/hcadag/epub3/EPUB/hcadag04_243_212.xhtml,
Pag040213,IV,213,1856-XX,1856-06-XX,1856-06-23 1856-06-24,https://epub3.kb.dk/hcadag/epub3/EPUB/hcadag04_244_213.xhtml,
Pag040214,IV,214,1856-XX,1856-06-XX,1856-06-24 1856-06-25,https://epub3.kb.dk/hcadag/epub3/EPUB/hcadag04_245_214.xhtml,
Pag040215,IV,215,1856-XX,1856-06-XX,1856-06-25 1856-06-26 1856-06-27,https://epub3.kb.dk/hcadag/epub3/EPUB/hcadag04_246_215.xhtml,
Pag040216,IV,216,1856-XX,1856-06-XX,1856-06-27,https://epub3.kb.dk/hcadag/epub3/EPUB/hcadag04_247_216.xhtml,
Pag040217,IV,217,1856-XX,1856-06-XX,1856-06-28 1856-06-29 1856-06-30,https://epub3.kb.dk/hcadag/epub3/EPUB/hcadag04_248_217.xhtml,
Pag040218,IV,218,1856-XX,1856-06-XX 1856-07-XX,1856-06-30 1856-07-01 1856-07-02,https://epub3.kb.dk/hcadag/epub3/EPUB/hcadag04_249_218.xhtml,
Pag040219,IV,219,1856-XX,1856-07-XX,1856-07-02 1856-07-03 1856-07-04,https://epub3.kb.dk/hcadag/epub3/EPUB/hcadag04_250_219.xhtml,
Pag040220,IV,220,1856-XX,1856-07-XX,1856-07-05,https://epub3.kb.dk/hcadag/epub3/EPUB/hcadag04_251_220.xhtml,
Pag040221,IV,221,1856-XX,1856-07-XX,1856-07-05 1856-07-06 1856-07-07 1856-07-08,https://epub3.kb.dk/hcadag/epub3/EPUB/hcadag04_252_221.xhtml,
Pag040222,IV,222,1856-XX,1856-07-XX,1856-07-09 1856-07-10 1856-07-11 1856-07-12 1856-07-13,https://epub3.kb.dk/hcadag/epub3/EPUB/hcadag04_253_222.xhtml,
Pag040223,IV,223,1856-XX,1856-07-XX,1856-07-13 1856-07-14 1856-07-15,https://epub3.kb.dk/hcadag/epub3/EPUB/hcadag04_254_223.xhtml,
Pag040224,IV,224,1856-XX,1856-07-XX,1856-07-15 1856-07-16 1856-07-17 1856-07-18,https://epub3.kb.dk/hcadag/epub3/EPUB/hcadag04_255_224.xhtml,
Pag040225,IV,225,1856-XX,1856-07-XX,1856-07-18 1856-07-19 1856-07-20 1856-07-21 1856-07-22,https://epub3.kb.dk/hcadag/epub3/EPUB/hcadag04_256_225.xhtml,
Pag040226,IV,226,1856-XX,1856-07-XX,1856-07-22 1856-07-23 1856-07-24 1856-07-25,https://epub3.kb.dk/hcadag/epub3/EPUB/hcadag04_257_226.xhtml,
Pag040227,IV,227,1856-XX,1856-07-XX,1856-07-25 1856-07-26 1856-07-27 1856-07-28,https://epub3.kb.dk/hcadag/epub3/EPUB/hcadag04_258_227.xhtml,
Pag040228,IV,228,1856-XX,1856-07-XX,1856-07-28 1856-07-29 1856-07-30 1856-07-31,https://epub3.kb.dk/hcadag/epub3/EPUB/hcadag04_259_228.xhtml,
Pag040229,IV,229,1856-XX,1856-07-XX 1856-08-XX,1856-07-31 1856-08-01,https://epub3.kb.dk/hcadag/epub3/EPUB/hcadag04_260_229.xhtml,
Pag040230,IV,230,1856-XX,1856-08-XX,1856-08-01 1856-08-02 1856-08-03 1856-08-04,https://epub3.kb.dk/hcadag/epub3/EPUB/hcadag04_261_230.xhtml,
Pag040231,IV,231,1856-XX,1856-08-XX,1856-08-04 1856-08-05 1856-08-06 1856-08-07 1856-08-08,https://epub3.kb.dk/hcadag/epub3/EPUB/hcadag04_262_231.xhtml,
Pag040232,IV,232,1856-XX,1856-08-XX,1856-08-08 1856-08-09,https://epub3.kb.dk/hcadag/epub3/EPUB/hcadag04_263_232.xhtml,
Pag040233,IV,233,1856-XX,1856-08-XX,1856-08-09 1856-08-10 1856-08-11 1856-08-12 1856-08-13 1856-08-14 1856-08-15,https://epub3.kb.dk/hcadag/epub3/EPUB/hcadag04_264_233.xhtml,
Pag040234,IV,234,1856-XX,1856-08-XX,1856-08-16 1856-08-17 1856-08-18 1856-08-19,https://epub3.kb.dk/hcadag/epub3/EPUB/hcadag04_265_234.xhtml,
Pag040235,IV,235,1856-XX,1856-08-XX,1856-08-19 1856-08-20 1856-08-21 1856-08-22 1856-08-23 1856-08-24 1856-08-25 1856-08-26 1856-08-27,https://epub3.kb.dk/hcadag/epub3/EPUB/hcadag04_266_235.xhtml,
Pag040236,IV,236,1856-XX,1856-08-XX 1856-09-XX,1856-08-27 1856-08-28 1856-08-29 1856-08-30 1856-08-31 1856-09-01 1856-09-02,https://epub3.kb.dk/hcadag/epub3/EPUB/hcadag04_267_236.xhtml,
Pag040237,IV,237,1856-XX,1856-09-XX,1856-09-02 1856-09-03 1856-09-04 1856-09-05,https://epub3.kb.dk/hcadag/epub3/EPUB/hcadag04_268_237.xhtml,
Pag040238,IV,238,1857-XX,1857-05-XX 1857-06-XX,1857-05-30 1857-05-31 1857-06-01,https://epub3.kb.dk/hcadag/epub3/EPUB/hcadag04_269_238.xhtml,
Pag040239,IV,239,1857-XX,1857-06-XX,1857-06-02 1857-06-03 1857-06-04 1857-06-05,https://epub3.kb.dk/hcadag/epub3/EPUB/hcadag04_270_239.xhtml,
Pag040240,IV,240,1857-XX,1857-06-XX,1857-06-06 1857-06-07,https://epub3.kb.dk/hcadag/epub3/EPUB/hcadag04_271_240.xhtml,
Pag040241,IV,241,1857-XX,1857-06-XX,1857-06-08 1857-06-09 1857-06-10,https://epub3.kb.dk/hcadag/epub3/EPUB/hcadag04_272_241.xhtml,
Pag040242,IV,242,1857-XX,1857-06-XX,1857-06-11,https://epub3.kb.dk/hcadag/epub3/EPUB/hcadag04_273_242.xhtml,
Pag040243,IV,243,1857-XX,1857-06-XX,1857-06-11 1857-06-12 1857-06-13,https://epub3.kb.dk/hcadag/epub3/EPUB/hcadag04_274_243.xhtml,
Pag040244,IV,244,1857-XX,1857-06-XX,1857-06-14 1857-06-15,https://epub3.kb.dk/hcadag/epub3/EPUB/hcadag04_275_244.xhtml,
Pag040245,IV,245,1857-XX,1857-06-XX,1857-06-15,https://epub3.kb.dk/hcadag/epub3/EPUB/hcadag04_276_245.xhtml,
Pag040246,IV,246,1857-XX,1857-06-XX,1857-06-15 1857-06-16 1857-06-17,https://epub3.kb.dk/hcadag/epub3/EPUB/hcadag04_277_246.xhtml,
Pag040247,IV,247,1857-XX,1857-06-XX,1857-06-17 1857-06-18 1857-06-19,https://epub3.kb.dk/hcadag/epub3/EPUB/hcadag04_278_247.xhtml,
Pag040248,IV,248,1857-XX,1857-06-XX,1857-06-19 1857-06-20 1857-06-21,https://epub3.kb.dk/hcadag/epub3/EPUB/hcadag04_279_248.xhtml,
Pag040249,IV,249,1857-XX,1857-06-XX,1857-06-21 1857-06-22,https://epub3.kb.dk/hcadag/epub3/EPUB/hcadag04_280_249.xhtml,
Pag040250,IV,250,1857-XX,1857-06-XX,1857-06-22 1857-06-23 1857-06-24,https://epub3.kb.dk/hcadag/epub3/EPUB/hcadag04_281_250.xhtml,
Pag040251,IV,251,1857-XX,1857-06-XX,1857-06-24 1857-06-25 1857-06-26,https://epub3.kb.dk/hcadag/epub3/EPUB/hcadag04_282_251.xhtml,
Pag040252,IV,252,1857-XX,1857-06-XX,1857-06-26 1857-06-27,https://epub3.kb.dk/hcadag/epub3/EPUB/hcadag04_283_252.xhtml,
Pag040253,IV,253,1857-XX,1857-06-XX,1857-06-27 1857-06-28,https://epub3.kb.dk/hcadag/epub3/EPUB/hcadag04_284_253.xhtml,
Pag040254,IV,254,1857-XX,1857-06-XX,1857-06-28 1857-06-29,https://epub3.kb.dk/hcadag/epub3/EPUB/hcadag04_285_254.xhtml,
Pag040255,IV,255,1857-XX,1857-06-XX,1857-06-29 1857-06-30,https://epub3.kb.dk/hcadag/epub3/EPUB/hcadag04_286_255.xhtml,
Pag040256,IV,256,1857-XX,1857-06-XX 1857-07-XX,1857-06-30 1857-07-01,https://epub3.kb.dk/hcadag/epub3/EPUB/hcadag04_287_256.xhtml,
Pag040257,IV,257,1857-XX,1857-07-XX,1857-07-01,https://epub3.kb.dk/hcadag/epub3/EPUB/hcadag04_288_257.xhtml,
Pag040258,IV,258,1857-XX,1857-07-XX,1857-07-01 1857-07-02,https://epub3.kb.dk/hcadag/epub3/EPUB/hcadag04_289_258.xhtml,
Pag040259,IV,259,1857-XX,1857-07-XX,1857-07-02 1857-07-03 1857-07-04,https://epub3.kb.dk/hcadag/epub3/EPUB/hcadag04_290_259.xhtml,
Pag040260,IV,260,1857-XX,1857-07-XX,1857-07-04,https://epub3.kb.dk/hcadag/epub3/EPUB/hcadag04_291_260.xhtml,
Pag040261,IV,261,1857-XX,1857-07-XX,1857-07-04 1857-07-05,https://epub3.kb.dk/hcadag/epub3/EPUB/hcadag04_292_261.xhtml,
Pag040262,IV,262,1857-XX,1857-07-XX,1857-07-05 1857-07-06 1857-07-07 1857-07-08,https://epub3.kb.dk/hcadag/epub3/EPUB/hcadag04_293_262.xhtml,
Pag040263,IV,263,1857-XX,1857-07-XX,1857-07-08 1857-07-09,https://epub3.kb.dk/hcadag/epub3/EPUB/hcadag04_294_263.xhtml,
Pag040264,IV,264,1857-XX,1857-07-XX,1857-07-09 1857-07-10 1857-07-11,https://epub3.kb.dk/hcadag/epub3/EPUB/hcadag04_295_264.xhtml,
Pag040265,IV,265,1857-XX,1857-07-XX,1857-07-11 1857-07-12,https://epub3.kb.dk/hcadag/epub3/EPUB/hcadag04_296_265.xhtml,
Pag040266,IV,266,1857-XX,1857-07-XX,1857-07-12 1857-07-13,https://epub3.kb.dk/hcadag/epub3/EPUB/hcadag04_297_266.xhtml,
Pag040267,IV,267,1857-XX,1857-07-XX,1857-07-14 1857-07-15 1857-07-16,https://epub3.kb.dk/hcadag/epub3/EPUB/hcadag04_298_267.xhtml,
Pag040268,IV,268,1857-XX,1857-07-XX,1857-07-16 1857-07-17 1857-07-18 1857-07-19,https://epub3.kb.dk/hcadag/epub3/EPUB/hcadag04_299_268.xhtml,
Pag040269,IV,269,1857-XX,1857-07-XX,1857-07-19 1857-07-20 1857-07-21,https://epub3.kb.dk/hcadag/epub3/EPUB/hcadag04_300_269.xhtml,
Pag040270,IV,270,1857-XX,1857-07-XX,1857-07-21 1857-07-22 1857-07-23,https://epub3.kb.dk/hcadag/epub3/EPUB/hcadag04_301_270.xhtml,
Pag040271,IV,271,1857-XX,1857-07-XX,1857-07-23 1857-07-24 1857-07-25 1857-07-26,https://epub3.kb.dk/hcadag/epub3/EPUB/hcadag04_302_271.xhtml,
Pag040272,IV,272,1857-XX,1857-07-XX,1857-07-26 1857-07-27,https://epub3.kb.dk/hcadag/epub3/EPUB/hcadag04_303_272.xhtml,
Pag040273,IV,273,1857-XX,1857-07-XX,1857-07-27 1857-07-28 1857-07-29,https://epub3.kb.dk/hcadag/epub3/EPUB/hcadag04_304_273.xhtml,
Pag040274,IV,274,1857-XX,1857-07-XX 1857-08-XX,1857-07-29 1857-07-30 1857-07-31 1857-08-01 1857-08-02 1857-08-03,https://epub3.kb.dk/hcadag/epub3/EPUB/hcadag04_305_274.xhtml,
Pag040275,IV,275,1857-XX,1857-08-XX,1857-08-03 1857-08-04 1857-08-05 1857-08-06 1857-08-07,https://epub3.kb.dk/hcadag/epub3/EPUB/hcadag04_306_275.xhtml,
Pag040276,IV,276,1857-XX,1857-08-XX,1857-08-08 1857-08-09 1857-08-10 1857-08-11,https://epub3.kb.dk/hcadag/epub3/EPUB/hcadag04_307_276.xhtml,
Pag040277,IV,277,1857-XX,1857-08-XX,1857-08-11 1857-08-12 1857-08-13 1857-08-14 1857-08-15,https://epub3.kb.dk/hcadag/epub3/EPUB/hcadag04_308_277.xhtml,
Pag040278,IV,278,1857-XX,1857-08-XX,1857-08-15 1857-08-16 1857-08-17 1857-08-18,https://epub3.kb.dk/hcadag/epub3/EPUB/hcadag04_309_278.xhtml,
Pag040279,IV,279,1857-XX,1857-08-XX,1857-08-18 1857-08-19 1857-08-20 1857-08-21,https://epub3.kb.dk/hcadag/epub3/EPUB/hcadag04_310_279.xhtml,
Pag040280,IV,280,1857-XX,1857-08-XX,1857-08-21 1857-08-22 1857-08-23,https://epub3.kb.dk/hcadag/epub3/EPUB/hcadag04_311_280.xhtml,
Pag040281,IV,281,1857-XX,1857-08-XX,1857-08-23 1857-08-24 1857-08-25 1857-08-26,https://epub3.kb.dk/hcadag/epub3/EPUB/hcadag04_312_281.xhtml,
Pag040282,IV,282,1857-XX,1857-08-XX,1857-08-26 1857-08-27 1857-08-28 1857-08-29 1857-08-30,https://epub3.kb.dk/hcadag/epub3/EPUB/hcadag04_313_282.xhtml,
Pag040283,IV,283,1857-XX,1857-08-XX 1857-09-XX,1857-08-30 1857-08-31 1857-09-01,https://epub3.kb.dk/hcadag/epub3/EPUB/hcadag04_314_283.xhtml,
Pag040284,IV,284,1857-XX,1857-09-XX,1857-09-01 1857-09-02 1857-09-03,https://epub3.kb.dk/hcadag/epub3/EPUB/hcadag04_315_284.xhtml,
Pag040285,IV,285,1857-XX,1857-09-XX,1857-09-03,https://epub3.kb.dk/hcadag/epub3/EPUB/hcadag04_316_285.xhtml,
Pag040286,IV,286,1857-XX,1857-09-XX,1857-09-03 1857-09-04,https://epub3.kb.dk/hcadag/epub3/EPUB/hcadag04_317_286.xhtml,
Pag040287,IV,287,1857-XX,1857-09-XX,1857-09-05 1857-09-06 1857-09-07,https://epub3.kb.dk/hcadag/epub3/EPUB/hcadag04_318_287.xhtml,
Pag040288,IV,288,1857-XX,1857-09-XX,1857-09-08 1857-09-09 1857-09-10,https://epub3.kb.dk/hcadag/epub3/EPUB/hcadag04_319_288.xhtml,
Pag040289,IV,289,1857-XX,1857-09-XX,1857-09-10 1857-09-11 1857-09-12 1857-09-13 1857-09-14,https://epub3.kb.dk/hcadag/epub3/EPUB/hcadag04_320_289.xhtml,
Pag040290,IV,290,1857-XX,1857-09-XX,1857-09-14 1857-09-15 1857-09-16 1857-09-17 1857-09-18,https://epub3.kb.dk/hcadag/epub3/EPUB/hcadag04_321_290.xhtml,
Pag040291,IV,291,1857-XX,1857-09-XX,1857-09-19 1857-09-20 1857-09-21 1857-09-22 1857-09-23 1857-09-24 1857-09-25,https://epub3.kb.dk/hcadag/epub3/EPUB/hcadag04_322_291.xhtml,
Pag040292,IV,292,1857-XX,1857-09-XX,1857-09-26 1857-09-27 1857-09-28 1857-09-29 1857-09-30,https://epub3.kb.dk/hcadag/epub3/EPUB/hcadag04_323_292.xhtml,
Pag040293,IV,293,1857-XX,1857-09-XX 1857-10-XX,1857-09-30 1857-10-01 1857-10-02 1857-10-03 1857-10-04 1857-10-05,https://epub3.kb.dk/hcadag/epub3/EPUB/hcadag04_324_293.xhtml,
Pag040294,IV,294,1857-XX,1857-10-XX,1857-10-06 1857-10-07 1857-10-08 1857-10-09 1857-10-10 1857-10-11,https://epub3.kb.dk/hcadag/epub3/EPUB/hcadag04_325_294.xhtml,
Pag040295,IV,295,1857-XX,1857-10-XX,1857-10-12 1857-10-13 1857-10-14 1857-10-15 1857-10-16 1857-10-17 1857-10-18,https://epub3.kb.dk/hcadag/epub3/EPUB/hcadag04_326_295.xhtml,
Pag040296,IV,296,1857-XX,1857-10-XX 1857-12-XX,1857-10-18 1857-12-06,https://epub3.kb.dk/hcadag/epub3/EPUB/hcadag04_327_296.xhtml,
Pag040297,IV,297,1857-XX,1857-12-XX,1857-12-06 1857-12-07 1857-12-08 1857-12-09,https://epub3.kb.dk/hcadag/epub3/EPUB/hcadag04_328_297.xhtml,
Pag040298,IV,298,1858-XX,1858-06-XX,1858-06-15 1858-06-16,https://epub3.kb.dk/hcadag/epub3/EPUB/hcadag04_329_298.xhtml,
Pag040299,IV,299,1858-XX,1858-06-XX,1858-06-17 1858-06-18 1858-06-19 1858-06-20,https://epub3.kb.dk/hcadag/epub3/EPUB/hcadag04_330_299.xhtml,
Pag040300,IV,300,1858-XX,1858-06-XX,1858-06-20 1858-06-21 1858-06-22,https://epub3.kb.dk/hcadag/epub3/EPUB/hcadag04_331_300.xhtml,
Pag040301,IV,301,1858-XX,1858-06-XX,1858-06-22 1858-06-23 1858-06-24,https://epub3.kb.dk/hcadag/epub3/EPUB/hcadag04_332_301.xhtml,
Pag040302,IV,302,1858-XX,1858-06-XX,1858-06-24 1858-06-25 1858-06-26,https://epub3.kb.dk/hcadag/epub3/EPUB/hcadag04_333_302.xhtml,
Pag040303,IV,303,1858-XX,1858-06-XX,1858-06-26 1858-06-27 1858-06-28,https://epub3.kb.dk/hcadag/epub3/EPUB/hcadag04_334_303.xhtml,
Pag040304,IV,304,1858-XX,1858-06-XX,1858-06-28 1858-06-29 1858-06-30,https://epub3.kb.dk/hcadag/epub3/EPUB/hcadag04_335_304.xhtml,
Pag040305,IV,305,1858-XX,1858-06-XX,1858-06-30,https://epub3.kb.dk/hcadag/epub3/EPUB/hcadag04_336_305.xhtml,
Pag040306,IV,306,1858-XX,1858-06-XX 1858-07-XX,1858-06-30 1858-07-01,https://epub3.kb.dk/hcadag/epub3/EPUB/hcadag04_337_306.xhtml,
Pag040307,IV,307,1858-XX,1858-07-XX,1858-07-01 1858-07-02 1858-07-03,https://epub3.kb.dk/hcadag/epub3/EPUB/hcadag04_338_307.xhtml,
Pag040308,IV,308,1858-XX,1858-07-XX,1858-07-03 1858-07-04 1858-07-05,https://epub3.kb.dk/hcadag/epub3/EPUB/hcadag04_339_308.xhtml,
Pag040309,IV,309,1858-XX,1858-07-XX,1858-07-05,https://epub3.kb.dk/hcadag/epub3/EPUB/hcadag04_340_309.xhtml,
Pag040310,IV,310,1858-XX,1858-07-XX,1858-07-05,https://epub3.kb.dk/hcadag/epub3/EPUB/hcadag04_341_310.xhtml,
Pag040311,IV,311,1858-XX,1858-07-XX,1858-07-05,https://epub3.kb.dk/hcadag/epub3/EPUB/hcadag04_342_311.xhtml,
Pag040312,IV,312,1858-XX,1858-07-XX,1858-07-05 1858-07-06,https://epub3.kb.dk/hcadag/epub3/EPUB/hcadag04_343_312.xhtml,
Pag040313,IV,313,1858-XX,1858-07-XX,1858-07-06 1858-07-07 1858-07-08,https://epub3.kb.dk/hcadag/epub3/EPUB/hcadag04_344_313.xhtml,
Pag040314,IV,314,1858-XX,1858-07-XX,1858-07-08 1858-07-09,https://epub3.kb.dk/hcadag/epub3/EPUB/hcadag04_345_314.xhtml,
Pag040315,IV,315,1858-XX,1858-07-XX,1858-07-09 1858-07-10 1858-07-11,https://epub3.kb.dk/hcadag/epub3/EPUB/hcadag04_346_315.xhtml,
Pag040316,IV,316,1858-XX,1858-07-XX,1858-07-11 1858-07-12 1858-07-13,https://epub3.kb.dk/hcadag/epub3/EPUB/hcadag04_347_316.xhtml,
Pag040317,IV,317,1858-XX,1858-07-XX,1858-07-13 1858-07-14 1858-07-15 1858-07-16,https://epub3.kb.dk/hcadag/epub3/EPUB/hcadag04_348_317.xhtml,
Pag040318,IV,318,1858-XX,1858-07-XX,1858-07-16 1858-07-17 1858-07-18,https://epub3.kb.dk/hcadag/epub3/EPUB/hcadag04_349_318.xhtml,
Pag040319,IV,319,1858-XX,1858-07-XX,1858-07-19 1858-07-20 1858-07-21,https://epub3.kb.dk/hcadag/epub3/EPUB/hcadag04_350_319.xhtml,
Pag040320,IV,320,1858-XX,1858-07-XX,1858-07-21 1858-07-22 1858-07-23 1858-07-24 1858-07-25 1858-07-26 1858-07-27 1858-07-28,https://epub3.kb.dk/hcadag/epub3/EPUB/hcadag04_351_320.xhtml,
Pag040321,IV,321,1858-XX,1858-07-XX 1858-08-XX,1858-07-28 1858-07-29 1858-07-30 1858-07-31 1858-08-01 1858-08-02 1858-08-03 1858-08-04 1858-08-05 1858-08-06,https://epub3.kb.dk/hcadag/epub3/EPUB/hcadag04_352_321.xhtml,
Pag040322,IV,322,1858-XX,1858-08-XX,1858-08-07 1858-08-08 1858-08-09 1858-08-10 1858-08-11 1858-08-12 1858-08-13 1858-08-14,https://epub3.kb.dk/hcadag/epub3/EPUB/hcadag04_353_322.xhtml,
Pag040323,IV,323,1859-XX,1859-06-XX,1859-06-20 1859-06-21 1859-06-22,https://epub3.kb.dk/hcadag/epub3/EPUB/hcadag04_354_323.xhtml,
Pag040324,IV,324,1859-XX,1859-06-XX,1859-06-22 1859-06-23 1859-06-24 1859-06-25 1859-06-26,https://epub3.kb.dk/hcadag/epub3/EPUB/hcadag04_355_324.xhtml,
Pag040325,IV,325,1859-XX,1859-06-XX,1859-06-26 1859-06-27 1859-06-28 1859-06-29 1859-06-30,https://epub3.kb.dk/hcadag/epub3/EPUB/hcadag04_356_325.xhtml,
Pag040326,IV,326,1859-XX,1859-06-XX 1859-07-XX,1859-06-30 1859-07-01 1859-07-02 1859-07-03 1859-07-04,https://epub3.kb.dk/hcadag/epub3/EPUB/hcadag04_357_326.xhtml,
Pag040327,IV,327,1859-XX,1859-07-XX,1859-07-04,https://epub3.kb.dk/hcadag/epub3/EPUB/hcadag04_358_327.xhtml,
Pag040328,IV,328,1859-XX,1859-07-XX,1859-07-04 1859-07-05,https://epub3.kb.dk/hcadag/epub3/EPUB/hcadag04_359_328.xhtml,
Pag040329,IV,329,1859-XX,1859-07-XX,1859-07-05,https://epub3.kb.dk/hcadag/epub3/EPUB/hcadag04_360_329.xhtml,
Pag040330,IV,330,1859-XX,1859-07-XX,1859-07-05 1859-07-06,https://epub3.kb.dk/hcadag/epub3/EPUB/hcadag04_361_330.xhtml,
Pag040331,IV,331,1859-XX,1859-07-XX,1859-07-07 1859-07-08,https://epub3.kb.dk/hcadag/epub3/EPUB/hcadag04_362_331.xhtml,
Pag040332,IV,332,1859-XX,1859-07-XX,1859-07-08,https://epub3.kb.dk/hcadag/epub3/EPUB/hcadag04_363_332.xhtml,
Pag040333,IV,333,1859-XX,1859-07-XX,1859-07-08,https://epub3.kb.dk/hcadag/epub3/EPUB/hcadag04_364_333.xhtml,
Pag040334,IV,334,1859-XX,1859-07-XX,1859-07-08 1859-07-09,https://epub3.kb.dk/hcadag/epub3/EPUB/hcadag04_365_334.xhtml,
Pag040335,IV,335,1859-XX,1859-07-XX,1859-07-09 1859-07-10,https://epub3.kb.dk/hcadag/epub3/EPUB/hcadag04_366_335.xhtml,
Pag040336,IV,336,1859-XX,1859-07-XX,1859-07-10 1859-07-11,https://epub3.kb.dk/hcadag/epub3/EPUB/hcadag04_367_336.xhtml,
Pag040337,IV,337,1859-XX,1859-07-XX,1859-07-11 1859-07-12 1859-07-13,https://epub3.kb.dk/hcadag/epub3/EPUB/hcadag04_368_337.xhtml,
Pag040338,IV,338,1859-XX,1859-07-XX,1859-07-13 1859-07-14 1859-07-15 1859-07-16,https://epub3.kb.dk/hcadag/epub3/EPUB/hcadag04_369_338.xhtml,
Pag040339,IV,339,1859-XX,1859-07-XX,1859-07-16 1859-07-17 1859-07-18 1859-07-19 1859-07-20,https://epub3.kb.dk/hcadag/epub3/EPUB/hcadag04_370_339.xhtml,
Pag040340,IV,340,1859-XX,1859-07-XX,1859-07-20 1859-07-21,https://epub3.kb.dk/hcadag/epub3/EPUB/hcadag04_371_340.xhtml,
Pag040341,IV,341,1859-XX,1859-07-XX,1859-07-21 1859-07-22,https://epub3.kb.dk/hcadag/epub3/EPUB/hcadag04_372_341.xhtml,
Pag040342,IV,342,1859-XX,1859-07-XX,1859-07-22 1859-07-23,https://epub3.kb.dk/hcadag/epub3/EPUB/hcadag04_373_342.xhtml,
Pag040343,IV,343,1859-XX,1859-07-XX,1859-07-23 1859-07-24 1859-07-25 1859-07-26,https://epub3.kb.dk/hcadag/epub3/EPUB/hcadag04_374_343.xhtml,
Pag040344,IV,344,1859-XX,1859-07-XX,1859-07-26 1859-07-27 1859-07-28,https://epub3.kb.dk/hcadag/epub3/EPUB/hcadag04_375_344.xhtml,
Pag040345,IV,345,1859-XX,1859-07-XX,1859-07-28 1859-07-29 1859-07-30,https://epub3.kb.dk/hcadag/epub3/EPUB/hcadag04_376_345.xhtml,
Pag040346,IV,346,1859-XX,1859-07-XX 1859-08-XX,1859-07-30 1859-07-31 1859-08-01,https://epub3.kb.dk/hcadag/epub3/EPUB/hcadag04_377_346.xhtml,
Pag040347,IV,347,1859-XX,1859-08-XX,1859-08-02 1859-08-03,https://epub3.kb.dk/hcadag/epub3/EPUB/hcadag04_378_347.xhtml,
Pag040348,IV,348,1859-XX,1859-08-XX,1859-08-03 1859-08-04 1859-08-05,https://epub3.kb.dk/hcadag/epub3/EPUB/hcadag04_379_348.xhtml,
Pag040349,IV,349,1859-XX,1859-08-XX,1859-08-05 1859-08-06 1859-08-07,https://epub3.kb.dk/hcadag/epub3/EPUB/hcadag04_380_349.xhtml,
Pag040350,IV,350,1859-XX,1859-08-XX,1859-08-07 1859-08-08 1859-08-09,https://epub3.kb.dk/hcadag/epub3/EPUB/hcadag04_381_350.xhtml,
Pag040351,IV,351,1859-XX,1859-08-XX,1859-08-09 1859-08-10,https://epub3.kb.dk/hcadag/epub3/EPUB/hcadag04_382_351.xhtml,
Pag040352,IV,352,1859-XX,1859-08-XX,1859-08-10 1859-08-11,https://epub3.kb.dk/hcadag/epub3/EPUB/hcadag04_383_352.xhtml,
Pag040353,IV,353,1859-XX,1859-08-XX,1859-08-11 1859-08-12,https://epub3.kb.dk/hcadag/epub3/EPUB/hcadag04_384_353.xhtml,
Pag040354,IV,354,1859-XX,1859-08-XX,1859-08-12 1859-08-13 1859-08-14,https://epub3.kb.dk/hcadag/epub3/EPUB/hcadag04_385_354.xhtml,
Pag040355,IV,355,1859-XX,1859-08-XX,1859-08-14 1859-08-15 1859-08-16,https://epub3.kb.dk/hcadag/epub3/EPUB/hcadag04_386_355.xhtml,
Pag040356,IV,356,1859-XX,1859-08-XX,1859-08-16 1859-08-17,https://epub3.kb.dk/hcadag/epub3/EPUB/hcadag04_387_356.xhtml,
Pag040357,IV,357,1859-XX,1859-08-XX,1859-08-17 1859-08-18 1859-08-23 1859-08-24,https://epub3.kb.dk/hcadag/epub3/EPUB/hcadag04_388_357.xhtml,
Pag040358,IV,358,1859-XX,1859-08-XX,1859-08-24 1859-08-25,https://epub3.kb.dk/hcadag/epub3/EPUB/hcadag04_389_358.xhtml,
Pag040359,IV,359,1859-XX,1859-08-XX,1859-08-25 1859-08-26 1859-08-27,https://epub3.kb.dk/hcadag/epub3/EPUB/hcadag04_390_359.xhtml,
Pag040360,IV,360,1859-XX,1859-08-XX,1859-08-27 1859-08-28,https://epub3.kb.dk/hcadag/epub3/EPUB/hcadag04_391_360.xhtml,
Pag040361,IV,361,1859-XX,1859-08-XX,1859-08-28 1859-08-29 1859-08-30,https://epub3.kb.dk/hcadag/epub3/EPUB/hcadag04_392_361.xhtml,
Pag040362,IV,362,1859-XX,1859-08-XX 1859-09-XX,1859-08-30 1859-08-31 1859-09-01 1859-09-02,https://epub3.kb.dk/hcadag/epub3/EPUB/hcadag04_393_362.xhtml,
Pag040363,IV,363,1859-XX,1859-09-XX,1859-09-02 1859-09-03,https://epub3.kb.dk/hcadag/epub3/EPUB/hcadag04_394_363.xhtml,
Pag040364,IV,364,1859-XX,1859-09-XX,1859-09-03 1859-09-04 1859-09-05 1859-09-06,https://epub3.kb.dk/hcadag/epub3/EPUB/hcadag04_395_364.xhtml,
Pag040365,IV,365,1859-XX,1859-09-XX,1859-09-06 1859-09-07 1859-09-08,https://epub3.kb.dk/hcadag/epub3/EPUB/hcadag04_396_365.xhtml,
Pag040366,IV,366,1859-XX,1859-09-XX,1859-09-09 1859-09-10,https://epub3.kb.dk/hcadag/epub3/EPUB/hcadag04_397_366.xhtml,
Pag040367,IV,367,1860-XX,1860-05-XX,1860-05-26 1860-05-27,https://epub3.kb.dk/hcadag/epub3/EPUB/hcadag04_398_367.xhtml,
Pag040368,IV,368,1860-XX,1860-05-XX,1860-05-27 1860-05-28 1860-05-29 1860-05-30,https://epub3.kb.dk/hcadag/epub3/EPUB/hcadag04_399_368.xhtml,
Pag040369,IV,369,1860-XX,1860-05-XX 1860-06-XX,1860-05-30 1860-05-31 1860-06-01,https://epub3.kb.dk/hcadag/epub3/EPUB/hcadag04_400_369.xhtml,
Pag040370,IV,370,1860-XX,1860-06-XX,1860-06-01 1860-06-02 1860-06-03,https://epub3.kb.dk/hcadag/epub3/EPUB/hcadag04_401_370.xhtml,
Pag040371,IV,371,1860-XX,1860-06-XX,1860-06-03 1860-06-04 1860-06-05,https://epub3.kb.dk/hcadag/epub3/EPUB/hcadag04_402_371.xhtml,
Pag040372,IV,372,1860-XX,1860-06-XX,1860-06-05 1860-06-06 1860-06-07,https://epub3.kb.dk/hcadag/epub3/EPUB/hcadag04_403_372.xhtml,
Pag040373,IV,373,1860-XX,1860-06-XX,1860-06-07 1860-06-08,https://epub3.kb.dk/hcadag/epub3/EPUB/hcadag04_404_373.xhtml,
Pag040374,IV,374,1860-XX,1860-06-XX,1860-06-08 1860-06-09,https://epub3.kb.dk/hcadag/epub3/EPUB/hcadag04_405_374.xhtml,
Pag040375,IV,375,1860-XX,1860-06-XX,1860-06-09 1860-06-10,https://epub3.kb.dk/hcadag/epub3/EPUB/hcadag04_406_375.xhtml,
Pag040376,IV,376,1860-XX,1860-06-XX,1860-06-10 1860-06-11,https://epub3.kb.dk/hcadag/epub3/EPUB/hcadag04_407_376.xhtml,
Pag040377,IV,377,1860-XX,1860-06-XX,1860-06-11 1860-06-12,https://epub3.kb.dk/hcadag/epub3/EPUB/hcadag04_408_377.xhtml,
Pag040378,IV,378,1860-XX,1860-06-XX,1860-06-12 1860-06-13,https://epub3.kb.dk/hcadag/epub3/EPUB/hcadag04_409_378.xhtml,
Pag040379,IV,379,1860-XX,1860-06-XX,1860-06-14 1860-06-15,https://epub3.kb.dk/hcadag/epub3/EPUB/hcadag04_410_379.xhtml,
Pag040380,IV,380,1860-XX,1860-06-XX,1860-06-15 1860-06-16,https://epub3.kb.dk/hcadag/epub3/EPUB/hcadag04_411_380.xhtml,
Pag040381,IV,381,1860-XX,1860-06-XX,1860-06-16 1860-06-17,https://epub3.kb.dk/hcadag/epub3/EPUB/hcadag04_412_381.xhtml,
Pag040382,IV,382,1860-XX,1860-06-XX,1860-06-17 1860-06-18,https://epub3.kb.dk/hcadag/epub3/EPUB/hcadag04_413_382.xhtml,
Pag040383,IV,383,1860-XX,1860-06-XX,1860-06-18 1860-06-19 1860-06-20,https://epub3.kb.dk/hcadag/epub3/EPUB/hcadag04_414_383.xhtml,
Pag040384,IV,384,1860-XX,1860-06-XX,1860-06-20 1860-06-21 1860-06-22,https://epub3.kb.dk/hcadag/epub3/EPUB/hcadag04_415_384.xhtml,
Pag040385,IV,385,1860-XX,1860-06-XX,1860-06-22 1860-06-23 1860-06-24,https://epub3.kb.dk/hcadag/epub3/EPUB/hcadag04_416_385.xhtml,
Pag040386,IV,386,1860-XX,1860-06-XX,1860-06-24 1860-06-25 1860-06-26,https://epub3.kb.dk/hcadag/epub3/EPUB/hcadag04_417_386.xhtml,
Pag040387,IV,387,1860-XX,1860-06-XX,1860-06-26 1860-06-27 1860-06-28,https://epub3.kb.dk/hcadag/epub3/EPUB/hcadag04_418_387.xhtml,
Pag040388,IV,388,1860-XX,1860-06-XX,1860-06-28 1860-06-29 1860-06-30,https://epub3.kb.dk/hcadag/epub3/EPUB/hcadag04_419_388.xhtml,
Pag040389,IV,389,1860-XX,1860-06-XX 1860-07-XX,1860-06-30 1860-07-01,https://epub3.kb.dk/hcadag/epub3/EPUB/hcadag04_420_389.xhtml,
Pag040390,IV,390,1860-XX,1860-07-XX,1860-07-01 1860-07-02,https://epub3.kb.dk/hcadag/epub3/EPUB/hcadag04_421_390.xhtml,
Pag040391,IV,391,1860-XX,1860-07-XX,1860-07-02,https://epub3.kb.dk/hcadag/epub3/EPUB/hcadag04_422_391.xhtml,
Pag040392,IV,392,1860-XX,1860-07-XX,1860-07-02,https://epub3.kb.dk/hcadag/epub3/EPUB/hcadag04_423_392.xhtml,
Pag040393,IV,393,1860-XX,1860-07-XX,1860-07-02 1860-07-03,https://epub3.kb.dk/hcadag/epub3/EPUB/hcadag04_424_393.xhtml,
Pag040394,IV,394,1860-XX,1860-07-XX,1860-07-03 1860-07-04 1860-07-05,https://epub3.kb.dk/hcadag/epub3/EPUB/hcadag04_425_394.xhtml,
Pag040395,IV,395,1860-XX,1860-07-XX,1860-07-05 1860-07-06 1860-07-07,https://epub3.kb.dk/hcadag/epub3/EPUB/hcadag04_426_395.xhtml,
Pag040396,IV,396,1860-XX,1860-07-XX,1860-07-08 1860-07-09 1860-07-10,https://epub3.kb.dk/hcadag/epub3/EPUB/hcadag04_427_396.xhtml,
Pag040397,IV,397,1860-XX,1860-07-XX,1860-07-10 1860-07-11 1860-07-12 1860-07-13,https://epub3.kb.dk/hcadag/epub3/EPUB/hcadag04_428_397.xhtml,
Pag040398,IV,398,1860-XX,1860-07-XX,1860-07-13 1860-07-14,https://epub3.kb.dk/hcadag/epub3/EPUB/hcadag04_429_398.xhtml,
Pag040399,IV,399,1860-XX,1860-07-XX,1860-07-14 1860-07-15 1860-07-16,https://epub3.kb.dk/hcadag/epub3/EPUB/hcadag04_430_399.xhtml,
Pag040400,IV,400,1860-XX,1860-07-XX,1860-07-16 1860-07-17 1860-07-18 1860-07-19,https://epub3.kb.dk/hcadag/epub3/EPUB/hcadag04_431_400.xhtml,
Pag040401,IV,401,1860-XX,1860-07-XX,1860-07-19 1860-07-20 1860-07-21 1860-07-22,https://epub3.kb.dk/hcadag/epub3/EPUB/hcadag04_432_401.xhtml,
Pag040402,IV,402,1860-XX,1860-07-XX,1860-07-22 1860-07-23 1860-07-24 1860-07-25 1860-07-26,https://epub3.kb.dk/hcadag/epub3/EPUB/hcadag04_433_402.xhtml,
Pag040403,IV,403,1860-XX,1860-07-XX,1860-07-26 1860-07-27 1860-07-28,https://epub3.kb.dk/hcadag/epub3/EPUB/hcadag04_434_403.xhtml,
Pag040404,IV,404,1860-XX,1860-07-XX,1860-07-28 1860-07-29,https://epub3.kb.dk/hcadag/epub3/EPUB/hcadag04_435_404.xhtml,
Pag040405,IV,405,1860-XX,1860-07-XX,1860-07-29 1860-07-30,https://epub3.kb.dk/hcadag/epub3/EPUB/hcadag04_436_405.xhtml,
Pag040406,IV,406,1860-XX,1860-07-XX,1860-07-30 1860-07-31,https://epub3.kb.dk/hcadag/epub3/EPUB/hcadag04_437_406.xhtml,
Pag040407,IV,407,1860-XX,1860-08-XX,1860-08-01 1860-08-02 1860-08-03,https://epub3.kb.dk/hcadag/epub3/EPUB/hcadag04_438_407.xhtml,
Pag040408,IV,408,1860-XX,1860-08-XX,1860-08-04 1860-08-05 1860-08-06,https://epub3.kb.dk/hcadag/epub3/EPUB/hcadag04_439_408.xhtml,
Pag040409,IV,409,1860-XX,1860-08-XX,1860-08-07 1860-08-08 1860-08-09,https://epub3.kb.dk/hcadag/epub3/EPUB/hcadag04_440_409.xhtml,
Pag040410,IV,410,1860-XX,1860-08-XX,1860-08-09 1860-08-10 1860-08-11 1860-08-12,https://epub3.kb.dk/hcadag/epub3/EPUB/hcadag04_441_410.xhtml,
Pag040411,IV,411,1860-XX,1860-08-XX,1860-08-12 1860-08-13,https://epub3.kb.dk/hcadag/epub3/EPUB/hcadag04_442_411.xhtml,
Pag040412,IV,412,1860-XX,1860-08-XX,1860-08-13 1860-08-14,https://epub3.kb.dk/hcadag/epub3/EPUB/hcadag04_443_412.xhtml,
Pag040413,IV,413,1860-XX,1860-08-XX,1860-08-14 1860-08-15,https://epub3.kb.dk/hcadag/epub3/EPUB/hcadag04_444_413.xhtml,
Pag040414,IV,414,1860-XX,1860-08-XX,1860-08-15 1860-08-16,https://epub3.kb.dk/hcadag/epub3/EPUB/hcadag04_445_414.xhtml,
Pag040415,IV,415,1860-XX,1860-08-XX,1860-08-16 1860-08-17,https://epub3.kb.dk/hcadag/epub3/EPUB/hcadag04_446_415.xhtml,
Pag040416,IV,416,1860-XX,1860-08-XX,1860-08-17 1860-08-18 1860-08-19,https://epub3.kb.dk/hcadag/epub3/EPUB/hcadag04_447_416.xhtml,
Pag040417,IV,417,1860-XX,1860-08-XX,1860-08-19,https://epub3.kb.dk/hcadag/epub3/EPUB/hcadag04_448_417.xhtml,
Pag040418,IV,418,1860-XX,1860-08-XX,1860-08-19 1860-08-20 1860-08-21,https://epub3.kb.dk/hcadag/epub3/EPUB/hcadag04_449_418.xhtml,
Pag040419,IV,419,1860-XX,1860-08-XX,1860-08-21 1860-08-22 1860-08-23,https://epub3.kb.dk/hcadag/epub3/EPUB/hcadag04_450_419.xhtml,
Pag040420,IV,420,1860-XX,1860-08-XX,1860-08-23 1860-08-24,https://epub3.kb.dk/hcadag/epub3/EPUB/hcadag04_451_420.xhtml,
Pag040421,IV,421,1860-XX,1860-08-XX,1860-08-24 1860-08-25,https://epub3.kb.dk/hcadag/epub3/EPUB/hcadag04_452_421.xhtml,
Pag040422,IV,422,1860-XX,1860-08-XX,1860-08-25 1860-08-26 1860-08-27,https://epub3.kb.dk/hcadag/epub3/EPUB/hcadag04_453_422.xhtml,
Pag040423,IV,423,1860-XX,1860-08-XX,1860-08-27 1860-08-28,https://epub3.kb.dk/hcadag/epub3/EPUB/hcadag04_454_423.xhtml,
Pag040424,IV,424,1860-XX,1860-08-XX,1860-08-28 1860-08-29,https://epub3.kb.dk/hcadag/epub3/EPUB/hcadag04_455_424.xhtml,
Pag040425,IV,425,1860-XX,1860-08-XX,1860-08-30 1860-08-31,https://epub3.kb.dk/hcadag/epub3/EPUB/hcadag04_456_425.xhtml,
Pag040426,IV,426,1860-XX,1860-08-XX 1860-09-XX,1860-08-31 1860-09-01,https://epub3.kb.dk/hcadag/epub3/EPUB/hcadag04_457_426.xhtml,
Pag040427,IV,427,1860-XX,1860-09-XX,1860-09-01 1860-09-02 1860-09-03,https://epub3.kb.dk/hcadag/epub3/EPUB/hcadag04_458_427.xhtml,
Pag040428,IV,428,1860-XX,1860-09-XX,1860-09-03 1860-09-04 1860-09-05,https://epub3.kb.dk/hcadag/epub3/EPUB/hcadag04_459_428.xhtml,
Pag040429,IV,429,1860-XX,1860-09-XX,1860-09-05,https://epub3.kb.dk/hcadag/epub3/EPUB/hcadag04_460_429.xhtml,
Pag040430,IV,430,1860-XX,1860-09-XX,1860-09-05 1860-09-06 1860-09-07,https://epub3.kb.dk/hcadag/epub3/EPUB/hcadag04_461_430.xhtml,
Pag040431,IV,431,1860-XX,1860-09-XX,1860-09-07 1860-09-08 1860-09-09,https://epub3.kb.dk/hcadag/epub3/EPUB/hcadag04_462_431.xhtml,
Pag040432,IV,432,1860-XX,1860-09-XX,1860-09-09 1860-09-10 1860-09-11,https://epub3.kb.dk/hcadag/epub3/EPUB/hcadag04_463_432.xhtml,
Pag040433,IV,433,1860-XX,1860-09-XX,1860-09-11 1860-09-12 1860-09-13 1860-09-14,https://epub3.kb.dk/hcadag/epub3/EPUB/hcadag04_464_433.xhtml,
Pag040434,IV,434,1860-XX,1860-09-XX,1860-09-14 1860-09-15 1860-09-16,https://epub3.kb.dk/hcadag/epub3/EPUB/hcadag04_465_434.xhtml,
Pag040435,IV,435,1860-XX,1860-09-XX,1860-09-16 1860-09-17 1860-09-18,https://epub3.kb.dk/hcadag/epub3/EPUB/hcadag04_466_435.xhtml,
Pag040436,IV,436,1860-XX,1860-09-XX,1860-09-18 1860-09-19 1860-09-20 1860-09-21,https://epub3.kb.dk/hcadag/epub3/EPUB/hcadag04_467_436.xhtml,
Pag040437,IV,437,1860-XX,1860-09-XX,1860-09-21 1860-09-22 1860-09-23,https://epub3.kb.dk/hcadag/epub3/EPUB/hcadag04_468_437.xhtml,
Pag040438,IV,438,1860-XX,1860-09-XX,1860-09-23 1860-09-24,https://epub3.kb.dk/hcadag/epub3/EPUB/hcadag04_469_438.xhtml,
Pag040439,IV,439,1860-XX,1860-09-XX,1860-09-24 1860-09-25 1860-09-26,https://epub3.kb.dk/hcadag/epub3/EPUB/hcadag04_470_439.xhtml,
Pag040440,IV,440,1860-XX,1860-09-XX,1860-09-26 1860-09-27,https://epub3.kb.dk/hcadag/epub3/EPUB/hcadag04_471_440.xhtml,
Pag040441,IV,441,1860-XX,1860-09-XX,1860-09-27 1860-09-28 1860-09-29 1860-09-30,https://epub3.kb.dk/hcadag/epub3/EPUB/hcadag04_472_441.xhtml,
Pag040442,IV,442,1860-XX,1860-09-XX 1860-10-XX,1860-09-30 1860-10-01,https://epub3.kb.dk/hcadag/epub3/EPUB/hcadag04_473_442.xhtml,
Pag040443,IV,443,1860-XX,1860-10-XX,1860-10-01 1860-10-02 1860-10-03,https://epub3.kb.dk/hcadag/epub3/EPUB/hcadag04_474_443.xhtml,
Pag040444,IV,444,1860-XX,1860-10-XX,1860-10-03 1860-10-04 1860-10-05,https://epub3.kb.dk/hcadag/epub3/EPUB/hcadag04_475_444.xhtml,
Pag040445,IV,445,1860-XX,1860-10-XX,1860-10-05 1860-10-06,https://epub3.kb.dk/hcadag/epub3/EPUB/hcadag04_476_445.xhtml,
Pag040446,IV,446,1860-XX,1860-10-XX,1860-10-06 1860-10-07,https://epub3.kb.dk/hcadag/epub3/EPUB/hcadag04_477_446.xhtml,
Pag040447,IV,447,1860-XX,1860-10-XX,1860-10-07 1860-10-08 1860-10-09,https://epub3.kb.dk/hcadag/epub3/EPUB/hcadag04_478_447.xhtml,
Pag040448,IV,448,1860-XX,1860-10-XX,1860-10-09 1860-10-10 1860-10-11,https://epub3.kb.dk/hcadag/epub3/EPUB/hcadag04_479_448.xhtml,
Pag040449,IV,449,1860-XX,1860-10-XX,1860-10-11 1860-10-12 1860-10-13,https://epub3.kb.dk/hcadag/epub3/EPUB/hcadag04_480_449.xhtml,
Pag040450,IV,450,1860-XX,1860-10-XX,1860-10-13 1860-10-14 1860-10-15 1860-10-16,https://epub3.kb.dk/hcadag/epub3/EPUB/hcadag04_481_450.xhtml,
Pag040451,IV,451,1860-XX,1860-10-XX,1860-10-16 1860-10-17 1860-10-18,https://epub3.kb.dk/hcadag/epub3/EPUB/hcadag04_482_451.xhtml,
Pag040452,IV,452,1860-XX,1860-10-XX,1860-10-18 1860-10-19 1860-10-20 1860-10-21,https://epub3.kb.dk/hcadag/epub3/EPUB/hcadag04_483_452.xhtml,
Pag040453,IV,453,1860-XX,1860-10-XX,1860-10-21 1860-10-22 1860-10-23 1860-10-24,https://epub3.kb.dk/hcadag/epub3/EPUB/hcadag04_484_453.xhtml,
Pag040454,IV,454,1860-XX,1860-10-XX,1860-10-24 1860-10-25 1860-10-26,https://epub3.kb.dk/hcadag/epub3/EPUB/hcadag04_485_454.xhtml,
Pag040455,IV,455,1860-XX,1860-10-XX,1860-10-26 1860-10-27 1860-10-28,https://epub3.kb.dk/hcadag/epub3/EPUB/hcadag04_486_455.xhtml,
Pag040456,IV,456,1860-XX,1860-10-XX,1860-10-28 1860-10-29 1860-10-30,https://epub3.kb.dk/hcadag/epub3/EPUB/hcadag04_487_456.xhtml,
Pag040457,IV,457,1860-XX,1860-10-XX,1860-10-30 1860-10-31,https://epub3.kb.dk/hcadag/epub3/EPUB/hcadag04_488_457.xhtml,
Pag040458,IV,458,1860-XX,1860-11-XX,1860-11-01 1860-11-02,https://epub3.kb.dk/hcadag/epub3/EPUB/hcadag04_489_458.xhtml,
Pag040459,IV,459,1860-XX,1860-11-XX,1860-11-02 1860-11-03,https://epub3.kb.dk/hcadag/epub3/EPUB/hcadag04_490_459.xhtml,
Pag040460,IV,460,1860-XX,1860-11-XX,1860-11-03 1860-11-04 1860-11-05 1860-11-06,https://epub3.kb.dk/hcadag/epub3/EPUB/hcadag04_491_460.xhtml,
Pag040461,IV,461,1860-XX,1860-11-XX,1860-11-06 1860-11-07 1860-11-08,https://epub3.kb.dk/hcadag/epub3/EPUB/hcadag04_492_461.xhtml,
Pag040462,IV,462,1860-XX,1860-11-XX,1860-11-08 1860-11-09,https://epub3.kb.dk/hcadag/epub3/EPUB/hcadag04_493_462.xhtml,
Pag040463,IV,463,1860-XX,1860-11-XX,1860-11-09 1860-11-10 1860-11-11 1860-11-12,https://epub3.kb.dk/hcadag/epub3/EPUB/hcadag04_494_463.xhtml,
Pag040464,IV,464,1860-XX,1860-11-XX,1860-11-12 1860-11-13 1860-11-14,https://epub3.kb.dk/hcadag/epub3/EPUB/hcadag04_495_464.xhtml,
Pag040465,IV,465,1860-XX,1860-11-XX,1860-11-14 1860-11-15 1860-11-16,https://epub3.kb.dk/hcadag/epub3/EPUB/hcadag04_496_465.xhtml,
Pag040466,IV,466,1860-XX,1860-11-XX,1860-11-16 1860-11-17 1860-11-18,https://epub3.kb.dk/hcadag/epub3/EPUB/hcadag04_497_466.xhtml,
Pag040467,IV,467,1860-XX,1860-11-XX,1860-11-18 1860-11-19 1860-11-20 1860-11-21,https://epub3.kb.dk/hcadag/epub3/EPUB/hcadag04_498_467.xhtml,
Pag040468,IV,468,1860-XX,1860-11-XX,1860-11-21 1860-11-22 1860-11-23,https://epub3.kb.dk/hcadag/epub3/EPUB/hcadag04_499_468.xhtml,
Pag040469,IV,469,1860-XX,1860-11-XX,1860-11-23 1860-11-24 1860-11-25 1860-11-26 1860-11-27,https://epub3.kb.dk/hcadag/epub3/EPUB/hcadag04_500_469.xhtml,
Pag040470,IV,470,1860-XX,1860-11-XX,1860-11-27 1860-11-28 1860-11-29 1860-11-30,https://epub3.kb.dk/hcadag/epub3/EPUB/hcadag04_501_470.xhtml,
Pag040471,IV,471,1860-XX,1860-12-XX,1860-12-01 1860-12-02 1860-12-03 1860-12-04 1860-12-05 1860-12-06 1860-12-07 1860-12-08 1860-12-09,https://epub3.kb.dk/hcadag/epub3/EPUB/hcadag04_502_471.xhtml,
Pag040472,IV,472,1860-XX,1860-12-XX,1860-12-09 1860-12-10 1860-12-11 1860-12-12 1860-12-13 1860-12-14 1860-12-15 1860-12-16,https://epub3.kb.dk/hcadag/epub3/EPUB/hcadag04_503_472.xhtml,
Pag040473,IV,473,1860-XX,1860-12-XX,1860-12-16 1860-12-17 1860-12-18 1860-12-19 1860-12-20 1860-12-21,https://epub3.kb.dk/hcadag/epub3/EPUB/hcadag04_504_473.xhtml,
Pag040474,IV,474,1860-XX,1860-12-XX,1860-12-21 1860-12-22 1860-12-23 1860-12-24 1860-12-25,https://epub3.kb.dk/hcadag/epub3/EPUB/hcadag04_505_474.xhtml,
Pag040475,IV,475,1860-XX,1860-12-XX,1860-12-25 1860-12-26 1860-12-27 1860-12-28 1860-12-29,https://epub3.kb.dk/hcadag/epub3/EPUB/hcadag04_506_475.xhtml,
Pag040476,IV,476,1860-XX,1860-12-XX,1860-12-29 1860-12-30 1860-12-31,https://epub3.kb.dk/hcadag/epub3/EPUB/hcadag04_507_476.xhtml,
Pag050001,V,1,1861-XX,1861-01-XX,1861-01-01 1861-01-02 1861-01-03,https://epub3.kb.dk/hcadag/epub3/EPUB/hcadag05_021_1.xhtml,
Pag050002,V,2,1861-XX,1861-01-XX,1861-01-03 1861-01-04 1861-01-05 1861-01-06,https://epub3.kb.dk/hcadag/epub3/EPUB/hcadag05_022_2.xhtml,
Pag050003,V,3,1861-XX,1861-01-XX,1861-01-06 1861-01-07 1861-01-08 1861-01-09 1861-01-10,https://epub3.kb.dk/hcadag/epub3/EPUB/hcadag05_023_3.xhtml,
Pag050004,V,4,1861-XX,1861-01-XX,1861-01-10 1861-01-11 1861-01-12 1861-01-13 1861-01-14,https://epub3.kb.dk/hcadag/epub3/EPUB/hcadag05_024_4.xhtml,
Pag050005,V,5,1861-XX,1861-01-XX,1861-01-15 1861-01-16 1861-01-17 1861-01-18 1861-01-19 1861-01-20 1861-01-21 1861-01-22 1861-01-23,https://epub3.kb.dk/hcadag/epub3/EPUB/hcadag05_025_5.xhtml,
Pag050006,V,6,1861-XX,1861-01-XX,1861-01-23 1861-01-24 1861-01-25 1861-01-26 1861-01-27,https://epub3.kb.dk/hcadag/epub3/EPUB/hcadag05_026_6.xhtml,
Pag050007,V,7,1861-XX,1861-01-XX 1861-02-XX,1861-01-27 1861-01-28 1861-01-29 1861-01-30 1861-01-31 1861-02-01 1861-02-02,https://epub3.kb.dk/hcadag/epub3/EPUB/hcadag05_027_7.xhtml,
Pag050008,V,8,1861-XX,1861-02-XX,1861-02-02 1861-02-03 1861-02-04 1861-02-05 1861-02-06 1861-02-07 1861-02-08 1861-02-09,https://epub3.kb.dk/hcadag/epub3/EPUB/hcadag05_028_8.xhtml,
Pag050009,V,9,1861-XX,1861-02-XX,1861-02-10 1861-02-11 1861-02-12 1861-02-13 1861-02-14 1861-02-15 1861-02-16 1861-02-17 1861-02-18,https://epub3.kb.dk/hcadag/epub3/EPUB/hcadag05_029_9.xhtml,
Pag050010,V,10,1861-XX,1861-02-XX,1861-02-19 1861-02-20 1861-02-21 1861-02-22 1861-02-23 1861-02-24 1861-02-25 1861-02-26,https://epub3.kb.dk/hcadag/epub3/EPUB/hcadag05_030_10.xhtml,
Pag050011,V,11,1861-XX,1861-02-XX 1861-03-XX,1861-02-26 1861-02-27 1861-02-28 1861-03-01,https://epub3.kb.dk/hcadag/epub3/EPUB/hcadag05_031_11.xhtml,
Pag050012,V,12,1861-XX,1861-03-XX,1861-03-01 1861-03-02 1861-03-03,https://epub3.kb.dk/hcadag/epub3/EPUB/hcadag05_032_12.xhtml,
Pag050013,V,13,1861-XX,1861-03-XX,1861-03-03 1861-03-04 1861-03-05,https://epub3.kb.dk/hcadag/epub3/EPUB/hcadag05_033_13.xhtml,
Pag050014,V,14,1861-XX,1861-03-XX,1861-03-05 1861-03-06 1861-03-07 1861-03-08,https://epub3.kb.dk/hcadag/epub3/EPUB/hcadag05_034_14.xhtml,
Pag050015,V,15,1861-XX,1861-03-XX,1861-03-08 1861-03-09 1861-03-10 1861-03-11 1861-03-12 1861-03-13 1861-03-14,https://epub3.kb.dk/hcadag/epub3/EPUB/hcadag05_035_15.xhtml,
Pag050016,V,16,1861-XX,1861-03-XX,1861-03-14 1861-03-15 1861-03-16 1861-03-17 1861-03-18 1861-03-19 1861-03-20,https://epub3.kb.dk/hcadag/epub3/EPUB/hcadag05_036_16.xhtml,
Pag050017,V,17,1861-XX,1861-03-XX,1861-03-20 1861-03-21 1861-03-22,https://epub3.kb.dk/hcadag/epub3/EPUB/hcadag05_037_17.xhtml,
Pag050018,V,18,1861-XX,1861-03-XX,1861-03-22 1861-03-23 1861-03-24 1861-03-25 1861-03-26 1861-03-27,https://epub3.kb.dk/hcadag/epub3/EPUB/hcadag05_038_18.xhtml,
Pag050019,V,19,1861-XX,1861-03-XX,1861-03-27 1861-03-28 1861-03-29 1861-03-30 1861-03-31,https://epub3.kb.dk/hcadag/epub3/EPUB/hcadag05_039_19.xhtml,
Pag050020,V,20,1861-XX,1861-04-XX,1861-04-01 1861-04-02 1861-04-03,https://epub3.kb.dk/hcadag/epub3/EPUB/hcadag05_040_20.xhtml,
Pag050021,V,21,1861-XX,1861-04-XX,1861-04-04 1861-04-05,https://epub3.kb.dk/hcadag/epub3/EPUB/hcadag05_041_21.xhtml,
Pag050022,V,22,1861-XX,1861-04-XX,1861-04-05 1861-04-06 1861-04-07,https://epub3.kb.dk/hcadag/epub3/EPUB/hcadag05_042_22.xhtml,
Pag050023,V,23,1861-XX,1861-04-XX,1861-04-07 1861-04-08 1861-04-09,https://epub3.kb.dk/hcadag/epub3/EPUB/hcadag05_043_23.xhtml,
Pag050024,V,24,1861-XX,1861-04-XX,1861-04-09 1861-04-10 1861-04-11,https://epub3.kb.dk/hcadag/epub3/EPUB/hcadag05_044_24.xhtml,
Pag050025,V,25,1861-XX,1861-04-XX,1861-04-11 1861-04-12 1861-04-13,https://epub3.kb.dk/hcadag/epub3/EPUB/hcadag05_045_25.xhtml,
Pag050026,V,26,1861-XX,1861-04-XX,1861-04-13 1861-04-14 1861-04-15,https://epub3.kb.dk/hcadag/epub3/EPUB/hcadag05_046_26.xhtml,
Pag050027,V,27,1861-XX,1861-04-XX,1861-04-15 1861-04-16 1861-04-17,https://epub3.kb.dk/hcadag/epub3/EPUB/hcadag05_047_27.xhtml,
Pag050028,V,28,1861-XX,1861-04-XX,1861-04-17 1861-04-18 1861-04-19,https://epub3.kb.dk/hcadag/epub3/EPUB/hcadag05_048_28.xhtml,
Pag050029,V,29,1861-XX,1861-04-XX,1861-04-19 1861-04-20 1861-04-21,https://epub3.kb.dk/hcadag/epub3/EPUB/hcadag05_049_29.xhtml,
Pag050030,V,30,1861-XX,1861-04-XX,1861-04-21 1861-04-22,https://epub3.kb.dk/hcadag/epub3/EPUB/hcadag05_050_30.xhtml,
Pag050031,V,31,1861-XX,1861-04-XX,1861-04-23,https://epub3.kb.dk/hcadag/epub3/EPUB/hcadag05_051_31.xhtml,
Pag050032,V,32,1861-XX,1861-04-XX,1861-04-23 1861-04-24 1861-04-25,https://epub3.kb.dk/hcadag/epub3/EPUB/hcadag05_052_32.xhtml,
Pag050033,V,33,1861-XX,1861-04-XX,1861-04-25 1861-04-26,https://epub3.kb.dk/hcadag/epub3/EPUB/hcadag05_053_33.xhtml,
Pag050034,V,34,1861-XX,1861-04-XX,1861-04-26 1861-04-27 1861-04-28,https://epub3.kb.dk/hcadag/epub3/EPUB/hcadag05_054_34.xhtml,
Pag050035,V,35,1861-XX,1861-04-XX,1861-04-28 1861-04-29 1861-04-30,https://epub3.kb.dk/hcadag/epub3/EPUB/hcadag05_055_35.xhtml,
Pag050036,V,36,1861-XX,1861-04-XX 1861-05-XX,1861-04-30 1861-05-01,https://epub3.kb.dk/hcadag/epub3/EPUB/hcadag05_056_36.xhtml,
Pag050037,V,37,1861-XX,1861-05-XX,1861-05-01,https://epub3.kb.dk/hcadag/epub3/EPUB/hcadag05_057_37.xhtml,
Pag050038,V,38,1861-XX,1861-05-XX,1861-05-01 1861-05-02,https://epub3.kb.dk/hcadag/epub3/EPUB/hcadag05_058_38.xhtml,
Pag050039,V,39,1861-XX,1861-05-XX,1861-05-02 1861-05-03 1861-05-04,https://epub3.kb.dk/hcadag/epub3/EPUB/hcadag05_059_39.xhtml,
Pag050040,V,40,1861-XX,1861-05-XX,1861-05-04 1861-05-05,https://epub3.kb.dk/hcadag/epub3/EPUB/hcadag05_060_40.xhtml,
Pag050041,V,41,1861-XX,1861-05-XX,1861-05-05 1861-05-06,https://epub3.kb.dk/hcadag/epub3/EPUB/hcadag05_061_41.xhtml,
Pag050042,V,42,1861-XX,1861-05-XX,1861-05-06 1861-05-07 1861-05-08,https://epub3.kb.dk/hcadag/epub3/EPUB/hcadag05_062_42.xhtml,
Pag050043,V,43,1861-XX,1861-05-XX,1861-05-08 1861-05-09,https://epub3.kb.dk/hcadag/epub3/EPUB/hcadag05_063_43.xhtml,
Pag050044,V,44,1861-XX,1861-05-XX,1861-05-09,https://epub3.kb.dk/hcadag/epub3/EPUB/hcadag05_064_44.xhtml,
Pag050045,V,45,1861-XX,1861-05-XX,1861-05-09 1861-05-10 1861-05-11,https://epub3.kb.dk/hcadag/epub3/EPUB/hcadag05_065_45.xhtml,
Pag050046,V,46,1861-XX,1861-05-XX,1861-05-11 1861-05-12,https://epub3.kb.dk/hcadag/epub3/EPUB/hcadag05_066_46.xhtml,
Pag050047,V,47,1861-XX,1861-05-XX,1861-05-12 1861-05-13,https://epub3.kb.dk/hcadag/epub3/EPUB/hcadag05_067_47.xhtml,
Pag050048,V,48,1861-XX,1861-05-XX,1861-05-13 1861-05-14,https://epub3.kb.dk/hcadag/epub3/EPUB/hcadag05_068_48.xhtml,
Pag050049,V,49,1861-XX,1861-05-XX,1861-05-14 1861-05-15,https://epub3.kb.dk/hcadag/epub3/EPUB/hcadag05_069_49.xhtml,
Pag050050,V,50,1861-XX,1861-05-XX,1861-05-15 1861-05-16 1861-05-17,https://epub3.kb.dk/hcadag/epub3/EPUB/hcadag05_070_50.xhtml,
Pag050051,V,51,1861-XX,1861-05-XX,1861-05-17 1861-05-18,https://epub3.kb.dk/hcadag/epub3/EPUB/hcadag05_071_51.xhtml,
Pag050052,V,52,1861-XX,1861-05-XX,1861-05-18 1861-05-19,https://epub3.kb.dk/hcadag/epub3/EPUB/hcadag05_072_52.xhtml,
Pag050053,V,53,1861-XX,1861-05-XX,1861-05-19 1861-05-20,https://epub3.kb.dk/hcadag/epub3/EPUB/hcadag05_073_53.xhtml,
Pag050054,V,54,1861-XX,1861-05-XX,1861-05-20 1861-05-21 1861-05-22,https://epub3.kb.dk/hcadag/epub3/EPUB/hcadag05_074_54.xhtml,
Pag050055,V,55,1861-XX,1861-05-XX,1861-05-22,https://epub3.kb.dk/hcadag/epub3/EPUB/hcadag05_075_55.xhtml,
Pag050056,V,56,1861-XX,1861-05-XX,1861-05-22 1861-05-23,https://epub3.kb.dk/hcadag/epub3/EPUB/hcadag05_076_56.xhtml,
Pag050057,V,57,1861-XX,1861-05-XX,1861-05-23 1861-05-24,https://epub3.kb.dk/hcadag/epub3/EPUB/hcadag05_077_57.xhtml,
Pag050058,V,58,1861-XX,1861-05-XX,1861-05-24 1861-05-25 1861-05-26,https://epub3.kb.dk/hcadag/epub3/EPUB/hcadag05_078_58.xhtml,
Pag050059,V,59,1861-XX,1861-05-XX,1861-05-26 1861-05-27 1861-05-28,https://epub3.kb.dk/hcadag/epub3/EPUB/hcadag05_079_59.xhtml,
Pag050060,V,60,1861-XX,1861-05-XX,1861-05-28 1861-05-29,https://epub3.kb.dk/hcadag/epub3/EPUB/hcadag05_080_60.xhtml,
Pag050061,V,61,1861-XX,1861-05-XX,1861-05-29,https://epub3.kb.dk/hcadag/epub3/EPUB/hcadag05_081_61.xhtml,
Pag050062,V,62,1861-XX,1861-05-XX,1861-05-29 1861-05-30,https://epub3.kb.dk/hcadag/epub3/EPUB/hcadag05_082_62.xhtml,
Pag050063,V,63,1861-XX,1861-05-XX,1861-05-30,https://epub3.kb.dk/hcadag/epub3/EPUB/hcadag05_083_63.xhtml,
Pag050064,V,64,1861-XX,1861-05-XX,1861-05-31,https://epub3.kb.dk/hcadag/epub3/EPUB/hcadag05_084_64.xhtml,
Pag050065,V,65,1861-XX,1861-05-XX 1861-06-XX,1861-05-31 1861-06-01,https://epub3.kb.dk/hcadag/epub3/EPUB/hcadag05_085_65.xhtml,
Pag050066,V,66,1861-XX,1861-06-XX,1861-06-01 1861-06-02,https://epub3.kb.dk/hcadag/epub3/EPUB/hcadag05_086_66.xhtml,
Pag050067,V,67,1861-XX,1861-06-XX,1861-06-02 1861-06-03,https://epub3.kb.dk/hcadag/epub3/EPUB/hcadag05_087_67.xhtml,
Pag050068,V,68,1861-XX,1861-06-XX,1861-06-03 1861-06-04,https://epub3.kb.dk/hcadag/epub3/EPUB/hcadag05_088_68.xhtml,
Pag050069,V,69,1861-XX,1861-06-XX,1861-06-04 1861-06-05,https://epub3.kb.dk/hcadag/epub3/EPUB/hcadag05_089_69.xhtml,
Pag050070,V,70,1861-XX,1861-06-XX,1861-06-05 1861-06-06,https://epub3.kb.dk/hcadag/epub3/EPUB/hcadag05_090_70.xhtml,
Pag050071,V,71,1861-XX,1861-06-XX,1861-06-06 1861-06-07 1861-06-08,https://epub3.kb.dk/hcadag/epub3/EPUB/hcadag05_091_71.xhtml,
Pag050072,V,72,1861-XX,1861-06-XX,1861-06-08,https://epub3.kb.dk/hcadag/epub3/EPUB/hcadag05_092_72.xhtml,
Pag050073,V,73,1861-XX,1861-06-XX,1861-06-09,https://epub3.kb.dk/hcadag/epub3/EPUB/hcadag05_093_73.xhtml,
Pag050074,V,74,1861-XX,1861-06-XX,1861-06-09 1861-06-10,https://epub3.kb.dk/hcadag/epub3/EPUB/hcadag05_094_74.xhtml,
Pag050075,V,75,1861-XX,1861-06-XX,1861-06-10,https://epub3.kb.dk/hcadag/epub3/EPUB/hcadag05_095_75.xhtml,
Pag050076,V,76,1861-XX,1861-06-XX,1861-06-10 1861-06-11,https://epub3.kb.dk/hcadag/epub3/EPUB/hcadag05_096_76.xhtml,
Pag050077,V,77,1861-XX,1861-06-XX,1861-06-11 1861-06-12,https://epub3.kb.dk/hcadag/epub3/EPUB/hcadag05_097_77.xhtml,
Pag050078,V,78,1861-XX,1861-06-XX,1861-06-12 1861-06-13 1861-06-14,https://epub3.kb.dk/hcadag/epub3/EPUB/hcadag05_098_78.xhtml,
Pag050079,V,79,1861-XX,1861-06-XX,1861-06-14,https://epub3.kb.dk/hcadag/epub3/EPUB/hcadag05_099_79.xhtml,
Pag050080,V,80,1861-XX,1861-06-XX,1861-06-14 1861-06-15 1861-06-16,https://epub3.kb.dk/hcadag/epub3/EPUB/hcadag05_100_80.xhtml,
Pag050081,V,81,1861-XX,1861-06-XX,1861-06-16 1861-06-17,https://epub3.kb.dk/hcadag/epub3/EPUB/hcadag05_101_81.xhtml,
Pag050082,V,82,1861-XX,1861-06-XX,1861-06-18 1861-06-19 1861-06-20,https://epub3.kb.dk/hcadag/epub3/EPUB/hcadag05_102_82.xhtml,
Pag050083,V,83,1861-XX,1861-06-XX,1861-06-20 1861-06-21 1861-06-22,https://epub3.kb.dk/hcadag/epub3/EPUB/hcadag05_103_83.xhtml,
Pag050084,V,84,1861-XX,1861-06-XX,1861-06-22 1861-06-23,https://epub3.kb.dk/hcadag/epub3/EPUB/hcadag05_104_84.xhtml,
Pag050085,V,85,1861-XX,1861-06-XX,1861-06-23 1861-06-24,https://epub3.kb.dk/hcadag/epub3/EPUB/hcadag05_105_85.xhtml,
Pag050086,V,86,1861-XX,1861-06-XX,1861-06-24 1861-06-25 1861-06-26 1861-06-27,https://epub3.kb.dk/hcadag/epub3/EPUB/hcadag05_106_86.xhtml,
Pag050087,V,87,1861-XX,1861-06-XX,1861-06-27 1861-06-28,https://epub3.kb.dk/hcadag/epub3/EPUB/hcadag05_107_87.xhtml,
Pag050088,V,88,1861-XX,1861-06-XX,1861-06-28 1861-06-29 1861-06-30,https://epub3.kb.dk/hcadag/epub3/EPUB/hcadag05_108_88.xhtml,
Pag050089,V,89,1861-XX,1861-06-XX 1861-07-XX,1861-06-30 1861-07-01,https://epub3.kb.dk/hcadag/epub3/EPUB/hcadag05_109_89.xhtml,
Pag050090,V,90,1861-XX,1861-07-XX,1861-07-01 1861-07-02,https://epub3.kb.dk/hcadag/epub3/EPUB/hcadag05_110_90.xhtml,
Pag050091,V,91,1861-XX,1861-07-XX,1861-07-02,https://epub3.kb.dk/hcadag/epub3/EPUB/hcadag05_111_91.xhtml,
Pag050092,V,92,1861-XX,1861-07-XX,1861-07-02 1861-07-03,https://epub3.kb.dk/hcadag/epub3/EPUB/hcadag05_112_92.xhtml,
Pag050093,V,93,1861-XX,1861-07-XX,1861-07-03 1861-07-04,https://epub3.kb.dk/hcadag/epub3/EPUB/hcadag05_113_93.xhtml,
Pag050094,V,94,1861-XX,1861-07-XX,1861-07-04 1861-07-05,https://epub3.kb.dk/hcadag/epub3/EPUB/hcadag05_114_94.xhtml,
Pag050095,V,95,1861-XX,1861-07-XX,1861-07-05 1861-07-06 1861-07-07,https://epub3.kb.dk/hcadag/epub3/EPUB/hcadag05_115_95.xhtml,
Pag050096,V,96,1861-XX,1861-07-XX,1861-07-07 1861-07-08 1861-07-09,https://epub3.kb.dk/hcadag/epub3/EPUB/hcadag05_116_96.xhtml,
Pag050097,V,97,1861-XX,1861-07-XX,1861-07-09 1861-07-10 1861-07-11,https://epub3.kb.dk/hcadag/epub3/EPUB/hcadag05_117_97.xhtml,
Pag050098,V,98,1861-XX,1861-07-XX,1861-07-12,https://epub3.kb.dk/hcadag/epub3/EPUB/hcadag05_118_98.xhtml,
Pag050099,V,99,1861-XX,1861-07-XX,1861-07-12 1861-07-13 1861-07-14,https://epub3.kb.dk/hcadag/epub3/EPUB/hcadag05_119_99.xhtml,
Pag050100,V,100,1861-XX,1861-07-XX,1861-07-14,https://epub3.kb.dk/hcadag/epub3/EPUB/hcadag05_120_100.xhtml,
Pag050101,V,101,1861-XX,1861-07-XX,1861-07-14 1861-07-15 1861-07-16,https://epub3.kb.dk/hcadag/epub3/EPUB/hcadag05_121_101.xhtml,
Pag050102,V,102,1861-XX,1861-07-XX,1861-07-16 1861-07-17 1861-07-18 1861-07-19,https://epub3.kb.dk/hcadag/epub3/EPUB/hcadag05_122_102.xhtml,
Pag050103,V,103,1861-XX,1861-07-XX,1861-07-19 1861-07-20,https://epub3.kb.dk/hcadag/epub3/EPUB/hcadag05_123_103.xhtml,
Pag050104,V,104,1861-XX,1861-07-XX,1861-07-20 1861-07-21 1861-07-22,https://epub3.kb.dk/hcadag/epub3/EPUB/hcadag05_124_104.xhtml,
Pag050105,V,105,1861-XX,1861-07-XX,1861-07-22 1861-07-23 1861-07-24,https://epub3.kb.dk/hcadag/epub3/EPUB/hcadag05_125_105.xhtml,
Pag050106,V,106,1861-XX,1861-07-XX,1861-07-24 1861-07-25 1861-07-26 1861-07-27,https://epub3.kb.dk/hcadag/epub3/EPUB/hcadag05_126_106.xhtml,
Pag050107,V,107,1861-XX,1861-07-XX,1861-07-27 1861-07-28 1861-07-29 1861-07-30 1861-07-31,https://epub3.kb.dk/hcadag/epub3/EPUB/hcadag05_127_107.xhtml,
Pag050108,V,108,1861-XX,1861-07-XX 1861-08-XX,1861-07-31 1861-08-01 1861-08-02,https://epub3.kb.dk/hcadag/epub3/EPUB/hcadag05_128_108.xhtml,
Pag050109,V,109,1861-XX,1861-08-XX,1861-08-02 1861-08-03 1861-08-04 1861-08-05 1861-08-06,https://epub3.kb.dk/hcadag/epub3/EPUB/hcadag05_129_109.xhtml,
Pag050110,V,110,1861-XX,1861-08-XX,1861-08-06 1861-08-07 1861-08-08 1861-08-09 1861-08-10 1861-08-11 1861-08-12,https://epub3.kb.dk/hcadag/epub3/EPUB/hcadag05_130_110.xhtml,
Pag050111,V,111,1861-XX,1861-08-XX,1861-08-12 1861-08-13 1861-08-14 1861-08-15 1861-08-16 1861-08-17 1861-08-18,https://epub3.kb.dk/hcadag/epub3/EPUB/hcadag05_131_111.xhtml,
Pag050112,V,112,1861-XX,1861-08-XX,1861-08-18 1861-08-19 1861-08-20,https://epub3.kb.dk/hcadag/epub3/EPUB/hcadag05_132_112.xhtml,
Pag050113,V,113,1861-XX,1861-08-XX,1861-08-20 1861-08-21 1861-08-22,https://epub3.kb.dk/hcadag/epub3/EPUB/hcadag05_133_113.xhtml,
Pag050114,V,114,1861-XX,1861-08-XX,1861-08-22 1861-08-23 1861-08-24 1861-08-25,https://epub3.kb.dk/hcadag/epub3/EPUB/hcadag05_134_114.xhtml,
Pag050115,V,115,1861-XX,1861-08-XX,1861-08-25 1861-08-26 1861-08-27 1861-08-28,https://epub3.kb.dk/hcadag/epub3/EPUB/hcadag05_135_115.xhtml,
Pag050116,V,116,1861-XX,1861-08-XX,1861-08-29 1861-08-30 1861-08-31,https://epub3.kb.dk/hcadag/epub3/EPUB/hcadag05_136_116.xhtml,
Pag050117,V,117,1861-XX,1861-08-XX 1861-09-XX,1861-08-31 1861-09-01 1861-09-02,https://epub3.kb.dk/hcadag/epub3/EPUB/hcadag05_137_117.xhtml,
Pag050118,V,118,1861-XX,1861-09-XX,1861-09-03 1861-09-04 1861-09-05 1861-09-06 1861-09-07 1861-09-08 1861-09-09,https://epub3.kb.dk/hcadag/epub3/EPUB/hcadag05_138_118.xhtml,
Pag050119,V,119,1861-XX,1861-09-XX,1861-09-10 1861-09-11 1861-09-12 1861-09-13 1861-09-14 1861-09-15 1861-09-16,https://epub3.kb.dk/hcadag/epub3/EPUB/hcadag05_139_119.xhtml,
Pag050120,V,120,1861-XX,1861-09-XX,1861-09-17 1861-09-18 1861-09-19 1861-09-20 1861-09-21 1861-09-22 1861-09-23 1861-09-24 1861-09-25 1861-09-26,https://epub3.kb.dk/hcadag/epub3/EPUB/hcadag05_140_120.xhtml,
Pag050121,V,121,1861-XX,1861-09-XX 1861-10-XX,1861-09-27 1861-09-28 1861-09-29 1861-09-30 1861-10-01 1861-10-02,https://epub3.kb.dk/hcadag/epub3/EPUB/hcadag05_141_121.xhtml,
Pag050122,V,122,1861-XX,1861-10-XX,1861-10-02 1861-10-03 1861-10-04 1861-10-05 1861-10-06 1861-10-07 1861-10-08 1861-10-09 1861-10-10,https://epub3.kb.dk/hcadag/epub3/EPUB/hcadag05_142_122.xhtml,
Pag050123,V,123,1861-XX,1861-10-XX,1861-10-10 1861-10-11 1861-10-12 1861-10-13 1861-10-14 1861-10-15,https://epub3.kb.dk/hcadag/epub3/EPUB/hcadag05_143_123.xhtml,
Pag050124,V,124,1861-XX,1861-10-XX,1861-10-15 1861-10-16 1861-10-17 1861-10-18 1861-10-19 1861-10-20,https://epub3.kb.dk/hcadag/epub3/EPUB/hcadag05_144_124.xhtml,
Pag050125,V,125,1861-XX,1861-10-XX,1861-10-20 1861-10-21,https://epub3.kb.dk/hcadag/epub3/EPUB/hcadag05_145_125.xhtml,
Pag050126,V,126,1861-XX,1861-10-XX,1861-10-21 1861-10-22,https://epub3.kb.dk/hcadag/epub3/EPUB/hcadag05_146_126.xhtml,
Pag050127,V,127,1861-XX,1861-10-XX,1861-10-22 1861-10-23 1861-10-24 1861-10-25 1861-10-26,https://epub3.kb.dk/hcadag/epub3/EPUB/hcadag05_147_127.xhtml,
Pag050128,V,128,1861-XX,1861-10-XX,1861-10-26 1861-10-27 1861-10-28 1861-10-29,https://epub3.kb.dk/hcadag/epub3/EPUB/hcadag05_148_128.xhtml,
Pag050129,V,129,1861-XX,1861-10-XX 1861-11-XX,1861-10-30 1861-10-31 1861-11-01 1861-11-02 1861-11-03 1861-11-04 1861-11-05,https://epub3.kb.dk/hcadag/epub3/EPUB/hcadag05_149_129.xhtml,
Pag050130,V,130,1861-XX,1861-11-XX,1861-11-05 1861-11-06 1861-11-07 1861-11-08 1861-11-09,https://epub3.kb.dk/hcadag/epub3/EPUB/hcadag05_150_130.xhtml,
Pag050131,V,131,1861-XX,1861-11-XX,1861-11-09 1861-11-10 1861-11-11 1861-11-12 1861-11-13 1861-11-14,https://epub3.kb.dk/hcadag/epub3/EPUB/hcadag05_151_131.xhtml,
Pag050132,V,132,1861-XX,1861-11-XX,1861-11-14 1861-11-15 1861-11-16 1861-11-17 1861-11-18 1861-11-19 1861-11-20,https://epub3.kb.dk/hcadag/epub3/EPUB/hcadag05_152_132.xhtml,
Pag050133,V,133,1861-XX,1861-11-XX,1861-11-20 1861-11-21 1861-11-22 1861-11-23 1861-11-24 1861-11-25 1861-11-26,https://epub3.kb.dk/hcadag/epub3/EPUB/hcadag05_153_133.xhtml,
Pag050134,V,134,1861-XX,1861-11-XX 1861-12-XX,1861-11-26 1861-11-27 1861-11-28 1861-11-29 1861-11-30 1861-12-01,https://epub3.kb.dk/hcadag/epub3/EPUB/hcadag05_154_134.xhtml,
Pag050135,V,135,1861-XX,1861-12-XX,1861-12-02 1861-12-03 1861-12-04 1861-12-05 1861-12-06 1861-12-07 1861-12-08 1861-12-09 1861-12-10 1861-12-11,https://epub3.kb.dk/hcadag/epub3/EPUB/hcadag05_155_135.xhtml,
Pag050136,V,136,1861-XX,1861-12-XX,1861-12-12 1861-12-13 1861-12-14 1861-12-19 1861-12-20,https://epub3.kb.dk/hcadag/epub3/EPUB/hcadag05_156_136.xhtml,
Pag050137,V,137,1861-XX,1861-12-XX,1861-12-20 1861-12-21 1861-12-22,https://epub3.kb.dk/hcadag/epub3/EPUB/hcadag05_157_137.xhtml,
Pag050138,V,138,1861-XX,1861-12-XX,1861-12-22 1861-12-23 1861-12-24,https://epub3.kb.dk/hcadag/epub3/EPUB/hcadag05_158_138.xhtml,
Pag050139,V,139,1861-XX,1861-12-XX,1861-12-24 1861-12-25 1861-12-26 1861-12-27,https://epub3.kb.dk/hcadag/epub3/EPUB/hcadag05_159_139.xhtml,
Pag050140,V,140,1861-XX,1861-12-XX,1861-12-27 1861-12-28 1861-12-29 1861-12-30 1861-12-31,https://epub3.kb.dk/hcadag/epub3/EPUB/hcadag05_160_140.xhtml,
Pag050141,V,141,1862-XX,1861-12-XX 1862-01-XX,1861-12-31 1862-01-01 1862-01-02 1862-01-03,https://epub3.kb.dk/hcadag/epub3/EPUB/hcadag05_161_141.xhtml,
Pag050142,V,142,1862-XX,1862-01-XX,1862-01-04 1862-01-05 1862-01-06 1862-01-07 1862-01-08 1862-01-09 1862-01-10 1862-01-11 1862-01-12 1862-01-13 1862-01-14,https://epub3.kb.dk/hcadag/epub3/EPUB/hcadag05_162_142.xhtml,
Pag050143,V,143,1862-XX,1862-01-XX,1862-01-15 1862-01-16 1862-01-17 1862-01-18 1862-01-19 1862-01-20 1862-01-21 1862-01-22,https://epub3.kb.dk/hcadag/epub3/EPUB/hcadag05_163_143.xhtml,
Pag050144,V,144,1862-XX,1862-01-XX,1862-01-22 1862-01-23 1862-01-24 1862-01-25 1862-01-26 1862-01-27 1862-01-28 1862-01-29 1862-01-30,https://epub3.kb.dk/hcadag/epub3/EPUB/hcadag05_164_144.xhtml,
Pag050145,V,145,1862-XX,1862-01-XX 1862-02-XX,1862-01-30 1862-01-31 1862-02-01 1862-02-02 1862-02-03 1862-02-04 1862-02-05 1862-02-06 1862-02-07,https://epub3.kb.dk/hcadag/epub3/EPUB/hcadag05_165_145.xhtml,
Pag050146,V,146,1862-XX,1862-02-XX,1862-02-07 1862-02-08 1862-02-09 1862-02-10 1862-02-11 1862-02-12,https://epub3.kb.dk/hcadag/epub3/EPUB/hcadag05_166_146.xhtml,
Pag050147,V,147,1862-XX,1862-02-XX,1862-02-12 1862-02-13 1862-02-14 1862-02-15,https://epub3.kb.dk/hcadag/epub3/EPUB/hcadag05_167_147.xhtml,
Pag050148,V,148,1862-XX,1862-02-XX,1862-02-15 1862-02-16 1862-02-17 1862-02-18,https://epub3.kb.dk/hcadag/epub3/EPUB/hcadag05_168_148.xhtml,
Pag050149,V,149,1862-XX,1862-02-XX,1862-02-18 1862-02-19 1862-02-20 1862-02-21,https://epub3.kb.dk/hcadag/epub3/EPUB/hcadag05_169_149.xhtml,
Pag050150,V,150,1862-XX,1862-02-XX,1862-02-21 1862-02-22 1862-02-23 1862-02-24 1862-02-25 1862-02-26 1862-02-27 1862-02-28,https://epub3.kb.dk/hcadag/epub3/EPUB/hcadag05_170_150.xhtml,
Pag050151,V,151,1862-XX,1862-03-XX,1862-03-01 1862-03-02 1862-03-03 1862-03-04,https://epub3.kb.dk/hcadag/epub3/EPUB/hcadag05_171_151.xhtml,
Pag050152,V,152,1862-XX,1862-03-XX,1862-03-04,https://epub3.kb.dk/hcadag/epub3/EPUB/hcadag05_172_152.xhtml,
Pag050153,V,153,1862-XX,1862-03-XX,1862-03-04,https://epub3.kb.dk/hcadag/epub3/EPUB/hcadag05_173_153.xhtml,
Pag050154,V,154,1862-XX,1862-03-XX,1862-03-04 1862-03-05 1862-03-06 1862-03-07 1862-03-08 1862-03-09 1862-03-10 1862-03-11,https://epub3.kb.dk/hcadag/epub3/EPUB/hcadag05_174_154.xhtml,
Pag050155,V,155,1862-XX,1862-03-XX,1862-03-11 1862-03-12 1862-03-13 1862-03-14 1862-03-15 1862-03-16 1862-03-17,https://epub3.kb.dk/hcadag/epub3/EPUB/hcadag05_175_155.xhtml,
Pag050156,V,156,1862-XX,1862-03-XX,1862-03-18 1862-03-19 1862-03-20 1862-03-21,https://epub3.kb.dk/hcadag/epub3/EPUB/hcadag05_176_156.xhtml,
Pag050157,V,157,1862-XX,1862-03-XX,1862-03-21 1862-03-22 1862-03-23 1862-03-24 1862-03-25 1862-03-26 1862-03-27 1862-03-28 1862-03-29,https://epub3.kb.dk/hcadag/epub3/EPUB/hcadag05_177_157.xhtml,
Pag050158,V,158,1862-XX,1862-03-XX 1862-04-XX,1862-03-29 1862-03-30 1862-03-31 1862-04-01,https://epub3.kb.dk/hcadag/epub3/EPUB/hcadag05_178_158.xhtml,
Pag050159,V,159,1862-XX,1862-04-XX,1862-04-01 1862-04-02,https://epub3.kb.dk/hcadag/epub3/EPUB/hcadag05_179_159.xhtml,
Pag050160,V,160,1862-XX,1862-04-XX,1862-04-02 1862-04-03 1862-04-04 1862-04-05 1862-04-06 1862-04-07 1862-04-08,https://epub3.kb.dk/hcadag/epub3/EPUB/hcadag05_180_160.xhtml,
Pag050161,V,161,1862-XX,1862-04-XX,1862-04-08 1862-04-09 1862-04-10 1862-04-11 1862-04-12 1862-04-13 1862-04-14 1862-04-15 1862-04-16,https://epub3.kb.dk/hcadag/epub3/EPUB/hcadag05_181_161.xhtml,
Pag050162,V,162,1862-XX,1862-04-XX,1862-04-16 1862-04-17 1862-04-18 1862-04-19 1862-04-20 1862-04-21 1862-04-22 1862-04-23,https://epub3.kb.dk/hcadag/epub3/EPUB/hcadag05_182_162.xhtml,
Pag050163,V,163,1862-XX,1862-04-XX,1862-04-23 1862-04-24 1862-04-25 1862-04-26 1862-04-27 1862-04-28 1862-04-29,https://epub3.kb.dk/hcadag/epub3/EPUB/hcadag05_183_163.xhtml,
Pag050164,V,164,1862-XX,1862-04-XX 1862-05-XX,1862-04-30 1862-05-01 1862-05-02 1862-05-03 1862-05-04 1862-05-05 1862-05-06,https://epub3.kb.dk/hcadag/epub3/EPUB/hcadag05_184_164.xhtml,
Pag050165,V,165,1862-XX,1862-05-XX,1862-05-06 1862-05-07 1862-05-08 1862-05-09 1862-05-10 1862-05-11 1862-05-12 1862-05-13,https://epub3.kb.dk/hcadag/epub3/EPUB/hcadag05_185_165.xhtml,
Pag050166,V,166,1862-XX,1862-05-XX,1862-05-14 1862-05-15 1862-05-16 1862-05-17 1862-05-18 1862-05-19 1862-05-20 1862-05-21 1862-05-22 1862-05-23,https://epub3.kb.dk/hcadag/epub3/EPUB/hcadag05_186_166.xhtml,
Pag050167,V,167,1862-XX,1862-05-XX,1862-05-23 1862-05-24 1862-05-25 1862-05-26 1862-05-27 1862-05-28 1862-05-29 1862-05-30,https://epub3.kb.dk/hcadag/epub3/EPUB/hcadag05_187_167.xhtml,
Pag050168,V,168,1862-XX,1862-06-XX,1862-06-01 1862-06-02 1862-06-03,https://epub3.kb.dk/hcadag/epub3/EPUB/hcadag05_188_168.xhtml,
Pag050169,V,169,1862-XX,1862-06-XX,1862-06-03 1862-06-04 1862-06-05 1862-06-06 1862-06-07 1862-06-08,https://epub3.kb.dk/hcadag/epub3/EPUB/hcadag05_189_169.xhtml,
Pag050170,V,170,1862-XX,1862-06-XX,1862-06-08 1862-06-09 1862-06-10 1862-06-11,https://epub3.kb.dk/hcadag/epub3/EPUB/hcadag05_190_170.xhtml,
Pag050171,V,171,1862-XX,1862-06-XX,1862-06-12 1862-06-13 1862-06-14,https://epub3.kb.dk/hcadag/epub3/EPUB/hcadag05_191_171.xhtml,
Pag050172,V,172,1862-XX,1862-06-XX,1862-06-14 1862-06-15 1862-06-16 1862-06-17,https://epub3.kb.dk/hcadag/epub3/EPUB/hcadag05_192_172.xhtml,
Pag050173,V,173,1862-XX,1862-06-XX,1862-06-17 1862-06-18 1862-06-19 1862-06-20,https://epub3.kb.dk/hcadag/epub3/EPUB/hcadag05_193_173.xhtml,
Pag050174,V,174,1862-XX,1862-06-XX,1862-06-20 1862-06-21 1862-06-22,https://epub3.kb.dk/hcadag/epub3/EPUB/hcadag05_194_174.xhtml,
Pag050175,V,175,1862-XX,1862-06-XX,1862-06-23 1862-06-24 1862-06-25 1862-06-26 1862-06-27,https://epub3.kb.dk/hcadag/epub3/EPUB/hcadag05_195_175.xhtml,
Pag050176,V,176,1862-XX,1862-06-XX 1862-07-XX,1862-06-27 1862-06-28 1862-06-29 1862-06-30 1862-07-01 1862-07-02,https://epub3.kb.dk/hcadag/epub3/EPUB/hcadag05_196_176.xhtml,
Pag050177,V,177,1862-XX,1862-07-XX,1862-07-02 1862-07-03 1862-07-04 1862-07-05 1862-07-06,https://epub3.kb.dk/hcadag/epub3/EPUB/hcadag05_197_177.xhtml,
Pag050178,V,178,1862-XX,1862-07-XX,1862-07-06 1862-07-07 1862-07-08 1862-07-09,https://epub3.kb.dk/hcadag/epub3/EPUB/hcadag05_198_178.xhtml,
Pag050179,V,179,1862-XX,1862-07-XX,1862-07-09 1862-07-10 1862-07-11,https://epub3.kb.dk/hcadag/epub3/EPUB/hcadag05_199_179.xhtml,
Pag050180,V,180,1862-XX,1862-07-XX,1862-07-11 1862-07-12,https://epub3.kb.dk/hcadag/epub3/EPUB/hcadag05_200_180.xhtml,
Pag050181,V,181,1862-XX,1862-07-XX,1862-07-12 1862-07-13 1862-07-14 1862-07-15,https://epub3.kb.dk/hcadag/epub3/EPUB/hcadag05_201_181.xhtml,
Pag050182,V,182,1862-XX,1862-07-XX,1862-07-15 1862-07-16 1862-07-18,https://epub3.kb.dk/hcadag/epub3/EPUB/hcadag05_202_182.xhtml,
Pag050183,V,183,1862-XX,1862-07-XX,1862-07-18 1862-07-19 1862-07-20 1862-07-21,https://epub3.kb.dk/hcadag/epub3/EPUB/hcadag05_203_183.xhtml,
Pag050184,V,184,1862-XX,1862-07-XX,1862-07-21 1862-07-22,https://epub3.kb.dk/hcadag/epub3/EPUB/hcadag05_204_184.xhtml,
Pag050185,V,185,1862-XX,1862-07-XX,1862-07-23,https://epub3.kb.dk/hcadag/epub3/EPUB/hcadag05_205_185.xhtml,
Pag050186,V,186,1862-XX,1862-07-XX,1862-07-23 1862-07-24,https://epub3.kb.dk/hcadag/epub3/EPUB/hcadag05_206_186.xhtml,
Pag050187,V,187,1862-XX,1862-07-XX,1862-07-24 1862-07-25,https://epub3.kb.dk/hcadag/epub3/EPUB/hcadag05_207_187.xhtml,
Pag050188,V,188,1862-XX,1862-07-XX,1862-07-25 1862-07-26,https://epub3.kb.dk/hcadag/epub3/EPUB/hcadag05_208_188.xhtml,
Pag050189,V,189,1862-XX,1862-07-XX,1862-07-26 1862-07-27 1862-07-28,https://epub3.kb.dk/hcadag/epub3/EPUB/hcadag05_209_189.xhtml,
Pag050190,V,190,1862-XX,1862-07-XX,1862-07-28 1862-07-29,https://epub3.kb.dk/hcadag/epub3/EPUB/hcadag05_210_190.xhtml,
Pag050191,V,191,1862-XX,1862-07-XX 1862-08-XX,1862-07-29 1862-07-30 1862-07-31 1862-08-01,https://epub3.kb.dk/hcadag/epub3/EPUB/hcadag05_211_191.xhtml,
Pag050192,V,192,1862-XX,1862-08-XX,1862-08-01 1862-08-02 1862-08-03,https://epub3.kb.dk/hcadag/epub3/EPUB/hcadag05_212_192.xhtml,
Pag050193,V,193,1862-XX,1862-08-XX,1862-08-03 1862-08-04 1862-08-05,https://epub3.kb.dk/hcadag/epub3/EPUB/hcadag05_213_193.xhtml,
Pag050194,V,194,1862-XX,1862-08-XX,1862-08-05 1862-08-06,https://epub3.kb.dk/hcadag/epub3/EPUB/hcadag05_214_194.xhtml,
Pag050195,V,195,1862-XX,1862-08-XX,1862-08-06 1862-08-07 1862-08-08,https://epub3.kb.dk/hcadag/epub3/EPUB/hcadag05_215_195.xhtml,
Pag050196,V,196,1862-XX,1862-08-XX,1862-08-08 1862-08-09,https://epub3.kb.dk/hcadag/epub3/EPUB/hcadag05_216_196.xhtml,
Pag050197,V,197,1862-XX,1862-08-XX,1862-08-09 1862-08-10 1862-08-11,https://epub3.kb.dk/hcadag/epub3/EPUB/hcadag05_217_197.xhtml,
Pag050198,V,198,1862-XX,1862-08-XX,1862-08-11 1862-08-12,https://epub3.kb.dk/hcadag/epub3/EPUB/hcadag05_218_198.xhtml,
Pag050199,V,199,1862-XX,1862-08-XX,1862-08-12 1862-08-13 1862-08-14,https://epub3.kb.dk/hcadag/epub3/EPUB/hcadag05_219_199.xhtml,
Pag050200,V,200,1862-XX,1862-08-XX,1862-08-15 1862-08-16,https://epub3.kb.dk/hcadag/epub3/EPUB/hcadag05_220_200.xhtml,
Pag050201,V,201,1862-XX,1862-08-XX,1862-08-16 1862-08-17 1862-08-18,https://epub3.kb.dk/hcadag/epub3/EPUB/hcadag05_221_201.xhtml,
Pag050202,V,202,1862-XX,1862-08-XX,1862-08-18 1862-08-19 1862-08-20,https://epub3.kb.dk/hcadag/epub3/EPUB/hcadag05_222_202.xhtml,
Pag050203,V,203,1862-XX,1862-08-XX,1862-08-20 1862-08-21 1862-08-22,https://epub3.kb.dk/hcadag/epub3/EPUB/hcadag05_223_203.xhtml,
Pag050204,V,204,1862-XX,1862-08-XX,1862-08-22 1862-08-23 1862-08-24,https://epub3.kb.dk/hcadag/epub3/EPUB/hcadag05_224_204.xhtml,
Pag050205,V,205,1862-XX,1862-08-XX,1862-08-24 1862-08-25 1862-08-26,https://epub3.kb.dk/hcadag/epub3/EPUB/hcadag05_225_205.xhtml,
Pag050206,V,206,1862-XX,1862-08-XX,1862-08-26 1862-08-27 1862-08-28,https://epub3.kb.dk/hcadag/epub3/EPUB/hcadag05_226_206.xhtml,
Pag050207,V,207,1862-XX,1862-08-XX,1862-08-29 1862-08-30,https://epub3.kb.dk/hcadag/epub3/EPUB/hcadag05_227_207.xhtml,
Pag050208,V,208,1862-XX,1862-08-XX 1862-09-XX,1862-08-30 1862-08-31 1862-09-01,https://epub3.kb.dk/hcadag/epub3/EPUB/hcadag05_228_208.xhtml,
Pag050209,V,209,1862-XX,1862-09-XX,1862-09-01 1862-09-02 1862-09-03,https://epub3.kb.dk/hcadag/epub3/EPUB/hcadag05_229_209.xhtml,
Pag050210,V,210,1862-XX,1862-09-XX,1862-09-03 1862-09-04,https://epub3.kb.dk/hcadag/epub3/EPUB/hcadag05_230_210.xhtml,
Pag050211,V,211,1862-XX,1862-09-XX,1862-09-04 1862-09-05 1862-09-06,https://epub3.kb.dk/hcadag/epub3/EPUB/hcadag05_231_211.xhtml,
Pag050212,V,212,1862-XX,1862-09-XX,1862-09-06,https://epub3.kb.dk/hcadag/epub3/EPUB/hcadag05_232_212.xhtml,
Pag050213,V,213,1862-XX,1862-09-XX,1862-09-06,https://epub3.kb.dk/hcadag/epub3/EPUB/hcadag05_233_213.xhtml,
Pag050214,V,214,1862-XX,1862-09-XX,1862-09-06 1862-09-07,https://epub3.kb.dk/hcadag/epub3/EPUB/hcadag05_234_214.xhtml,
Pag050215,V,215,1862-XX,1862-09-XX,1862-09-07 1862-09-08 1862-09-09,https://epub3.kb.dk/hcadag/epub3/EPUB/hcadag05_235_215.xhtml,
Pag050216,V,216,1862-XX,1862-09-XX,1862-09-09 1862-09-10,https://epub3.kb.dk/hcadag/epub3/EPUB/hcadag05_236_216.xhtml,
Pag050217,V,217,1862-XX,1862-09-XX,1862-09-10 1862-09-11,https://epub3.kb.dk/hcadag/epub3/EPUB/hcadag05_237_217.xhtml,
Pag050218,V,218,1862-XX,1862-09-XX,1862-09-11 1862-09-12,https://epub3.kb.dk/hcadag/epub3/EPUB/hcadag05_238_218.xhtml,
Pag050219,V,219,1862-XX,1862-09-XX,1862-09-13,https://epub3.kb.dk/hcadag/epub3/EPUB/hcadag05_239_219.xhtml,
Pag050220,V,220,1862-XX,1862-09-XX,1862-09-13 1862-09-14,https://epub3.kb.dk/hcadag/epub3/EPUB/hcadag05_240_220.xhtml,
Pag050221,V,221,1862-XX,1862-09-XX,1862-09-14,https://epub3.kb.dk/hcadag/epub3/EPUB/hcadag05_241_221.xhtml,
Pag050222,V,222,1862-XX,1862-09-XX,1862-09-14 1862-09-15,https://epub3.kb.dk/hcadag/epub3/EPUB/hcadag05_242_222.xhtml,
Pag050223,V,223,1862-XX,1862-09-XX,1862-09-15,https://epub3.kb.dk/hcadag/epub3/EPUB/hcadag05_243_223.xhtml,
Pag050224,V,224,1862-XX,1862-09-XX,1862-09-16 1862-09-17,https://epub3.kb.dk/hcadag/epub3/EPUB/hcadag05_244_224.xhtml,
Pag050225,V,225,1862-XX,1862-09-XX,1862-09-17,https://epub3.kb.dk/hcadag/epub3/EPUB/hcadag05_245_225.xhtml,
Pag050226,V,226,1862-XX,1862-09-XX,1862-09-17 1862-09-18 1862-09-19,https://epub3.kb.dk/hcadag/epub3/EPUB/hcadag05_246_226.xhtml,
Pag050227,V,227,1862-XX,1862-09-XX,1862-09-19 1862-09-20,https://epub3.kb.dk/hcadag/epub3/EPUB/hcadag05_247_227.xhtml,
Pag050228,V,228,1862-XX,1862-09-XX,1862-09-20,https://epub3.kb.dk/hcadag/epub3/EPUB/hcadag05_248_228.xhtml,
Pag050229,V,229,1862-XX,1862-09-XX,1862-09-20 1862-09-21 1862-09-22,https://epub3.kb.dk/hcadag/epub3/EPUB/hcadag05_249_229.xhtml,
Pag050230,V,230,1862-XX,1862-09-XX,1862-09-22 1862-09-23,https://epub3.kb.dk/hcadag/epub3/EPUB/hcadag05_250_230.xhtml,
Pag050231,V,231,1862-XX,1862-09-XX,1862-09-23 1862-09-24,https://epub3.kb.dk/hcadag/epub3/EPUB/hcadag05_251_231.xhtml,
Pag050232,V,232,1862-XX,1862-09-XX,1862-09-24 1862-09-25,https://epub3.kb.dk/hcadag/epub3/EPUB/hcadag05_252_232.xhtml,
Pag050233,V,233,1862-XX,1862-09-XX,1862-09-25 1862-09-26 1862-09-27,https://epub3.kb.dk/hcadag/epub3/EPUB/hcadag05_253_233.xhtml,
Pag050234,V,234,1862-XX,1862-09-XX,1862-09-27 1862-09-28,https://epub3.kb.dk/hcadag/epub3/EPUB/hcadag05_254_234.xhtml,
Pag050235,V,235,1862-XX,1862-09-XX,1862-09-28 1862-09-29,https://epub3.kb.dk/hcadag/epub3/EPUB/hcadag05_255_235.xhtml,
Pag050236,V,236,1862-XX,1862-09-XX,1862-09-29,https://epub3.kb.dk/hcadag/epub3/EPUB/hcadag05_256_236.xhtml,
Pag050237,V,237,1862-XX,1862-09-XX,1862-09-29 1862-09-30,https://epub3.kb.dk/hcadag/epub3/EPUB/hcadag05_257_237.xhtml,
Pag050238,V,238,1862-XX,1862-09-XX 1862-10-XX,1862-09-30 1862-10-01,https://epub3.kb.dk/hcadag/epub3/EPUB/hcadag05_258_238.xhtml,
Pag050239,V,239,1862-XX,1862-10-XX,1862-10-01 1862-10-02,https://epub3.kb.dk/hcadag/epub3/EPUB/hcadag05_259_239.xhtml,
Pag050240,V,240,1862-XX,1862-10-XX,1862-10-02,https://epub3.kb.dk/hcadag/epub3/EPUB/hcadag05_260_240.xhtml,
Pag050241,V,241,1862-XX,1862-10-XX,1862-10-02 1862-10-03,https://epub3.kb.dk/hcadag/epub3/EPUB/hcadag05_261_241.xhtml,
Pag050242,V,242,1862-XX,1862-10-XX,1862-10-03,https://epub3.kb.dk/hcadag/epub3/EPUB/hcadag05_262_242.xhtml,
Pag050243,V,243,1862-XX,1862-10-XX,1862-10-03 1862-10-04,https://epub3.kb.dk/hcadag/epub3/EPUB/hcadag05_263_243.xhtml,
Pag050244,V,244,1862-XX,1862-10-XX,1862-10-04 1862-10-05,https://epub3.kb.dk/hcadag/epub3/EPUB/hcadag05_264_244.xhtml,
Pag050245,V,245,1862-XX,1862-10-XX,1862-10-05 1862-10-06,https://epub3.kb.dk/hcadag/epub3/EPUB/hcadag05_265_245.xhtml,
Pag050246,V,246,1862-XX,1862-10-XX,1862-10-06 1862-10-07,https://epub3.kb.dk/hcadag/epub3/EPUB/hcadag05_266_246.xhtml,
Pag050247,V,247,1862-XX,1862-10-XX,1862-10-07,https://epub3.kb.dk/hcadag/epub3/EPUB/hcadag05_267_247.xhtml,
Pag050248,V,248,1862-XX,1862-10-XX,1862-10-07 1862-10-08,https://epub3.kb.dk/hcadag/epub3/EPUB/hcadag05_268_248.xhtml,
Pag050249,V,249,1862-XX,1862-10-XX,1862-10-08,https://epub3.kb.dk/hcadag/epub3/EPUB/hcadag05_269_249.xhtml,
Pag050250,V,250,1862-XX,1862-10-XX,1862-10-08 1862-10-09,https://epub3.kb.dk/hcadag/epub3/EPUB/hcadag05_270_250.xhtml,
Pag050251,V,251,1862-XX,1862-10-XX,1862-10-09,https://epub3.kb.dk/hcadag/epub3/EPUB/hcadag05_271_251.xhtml,
Pag050252,V,252,1862-XX,1862-10-XX,1862-10-09 1862-10-10,https://epub3.kb.dk/hcadag/epub3/EPUB/hcadag05_272_252.xhtml,
Pag050253,V,253,1862-XX,1862-10-XX,1862-10-10,https://epub3.kb.dk/hcadag/epub3/EPUB/hcadag05_273_253.xhtml,
Pag050254,V,254,1862-XX,1862-10-XX,1862-10-11,https://epub3.kb.dk/hcadag/epub3/EPUB/hcadag05_274_254.xhtml,
Pag050255,V,255,1862-XX,1862-10-XX,1862-10-11 1862-10-12,https://epub3.kb.dk/hcadag/epub3/EPUB/hcadag05_275_255.xhtml,
Pag050256,V,256,1862-XX,1862-10-XX,1862-10-12 1862-10-13,https://epub3.kb.dk/hcadag/epub3/EPUB/hcadag05_276_256.xhtml,
Pag050257,V,257,1862-XX,1862-10-XX,1862-10-13 1862-10-14,https://epub3.kb.dk/hcadag/epub3/EPUB/hcadag05_277_257.xhtml,
Pag050258,V,258,1862-XX,1862-10-XX,1862-10-14,https://epub3.kb.dk/hcadag/epub3/EPUB/hcadag05_278_258.xhtml,
Pag050259,V,259,1862-XX,1862-10-XX,1862-10-14 1862-10-15,https://epub3.kb.dk/hcadag/epub3/EPUB/hcadag05_279_259.xhtml,
Pag050260,V,260,1862-XX,1862-10-XX,1862-10-15,https://epub3.kb.dk/hcadag/epub3/EPUB/hcadag05_280_260.xhtml,
Pag050261,V,261,1862-XX,1862-10-XX,1862-10-15 1862-10-16,https://epub3.kb.dk/hcadag/epub3/EPUB/hcadag05_281_261.xhtml,
Pag050262,V,262,1862-XX,1862-10-XX,1862-10-16 1862-10-17,https://epub3.kb.dk/hcadag/epub3/EPUB/hcadag05_282_262.xhtml,
Pag050263,V,263,1862-XX,1862-10-XX,1862-10-17,https://epub3.kb.dk/hcadag/epub3/EPUB/hcadag05_283_263.xhtml,
Pag050264,V,264,1862-XX,1862-10-XX,1862-10-17 1862-10-18,https://epub3.kb.dk/hcadag/epub3/EPUB/hcadag05_284_264.xhtml,
Pag050265,V,265,1862-XX,1862-10-XX,1862-10-18 1862-10-19,https://epub3.kb.dk/hcadag/epub3/EPUB/hcadag05_285_265.xhtml,
Pag050266,V,266,1862-XX,1862-10-XX,1862-10-19 1862-10-20,https://epub3.kb.dk/hcadag/epub3/EPUB/hcadag05_286_266.xhtml,
Pag050267,V,267,1862-XX,1862-10-XX,1862-10-20 1862-10-21,https://epub3.kb.dk/hcadag/epub3/EPUB/hcadag05_287_267.xhtml,
Pag050268,V,268,1862-XX,1862-10-XX,1862-10-21,https://epub3.kb.dk/hcadag/epub3/EPUB/hcadag05_288_268.xhtml,
Pag050269,V,269,1862-XX,1862-10-XX,1862-10-21 1862-10-22 1862-10-23 1862-10-24,https://epub3.kb.dk/hcadag/epub3/EPUB/hcadag05_289_269.xhtml,
Pag050270,V,270,1862-XX,1862-10-XX,1862-10-24 1862-10-25,https://epub3.kb.dk/hcadag/epub3/EPUB/hcadag05_290_270.xhtml,
Pag050271,V,271,1862-XX,1862-10-XX,1862-10-25 1862-10-26 1862-10-27,https://epub3.kb.dk/hcadag/epub3/EPUB/hcadag05_291_271.xhtml,
Pag050272,V,272,1862-XX,1862-10-XX,1862-10-27 1862-10-28,https://epub3.kb.dk/hcadag/epub3/EPUB/hcadag05_292_272.xhtml,
Pag050273,V,273,1862-XX,1862-10-XX,1862-10-28 1862-10-29 1862-10-30,https://epub3.kb.dk/hcadag/epub3/EPUB/hcadag05_293_273.xhtml,
Pag050274,V,274,1862-XX,1862-10-XX,1862-10-30 1862-10-31,https://epub3.kb.dk/hcadag/epub3/EPUB/hcadag05_294_274.xhtml,
Pag050275,V,275,1862-XX,1862-10-XX,1862-10-31,https://epub3.kb.dk/hcadag/epub3/EPUB/hcadag05_295_275.xhtml,
Pag050276,V,276,1862-XX,1862-10-XX 1862-11-XX,1862-10-31 1862-11-01,https://epub3.kb.dk/hcadag/epub3/EPUB/hcadag05_296_276.xhtml,
Pag050277,V,277,1862-XX,1862-11-XX,1862-11-01 1862-11-02,https://epub3.kb.dk/hcadag/epub3/EPUB/hcadag05_297_277.xhtml,
Pag050278,V,278,1862-XX,1862-11-XX,1862-11-02,https://epub3.kb.dk/hcadag/epub3/EPUB/hcadag05_298_278.xhtml,
Pag050279,V,279,1862-XX,1862-11-XX,1862-11-02,https://epub3.kb.dk/hcadag/epub3/EPUB/hcadag05_299_279.xhtml,
Pag050280,V,280,1862-XX,1862-11-XX,1862-11-02 1862-11-03 1862-11-04,https://epub3.kb.dk/hcadag/epub3/EPUB/hcadag05_300_280.xhtml,
Pag050281,V,281,1862-XX,1862-11-XX,1862-11-04,https://epub3.kb.dk/hcadag/epub3/EPUB/hcadag05_301_281.xhtml,
Pag050282,V,282,1862-XX,1862-11-XX,1862-11-04 1862-11-05,https://epub3.kb.dk/hcadag/epub3/EPUB/hcadag05_302_282.xhtml,
Pag050283,V,283,1862-XX,1862-11-XX,1862-11-05 1862-11-06,https://epub3.kb.dk/hcadag/epub3/EPUB/hcadag05_303_283.xhtml,
Pag050284,V,284,1862-XX,1862-11-XX,1862-11-06,https://epub3.kb.dk/hcadag/epub3/EPUB/hcadag05_304_284.xhtml,
Pag050285,V,285,1862-XX,1862-11-XX,1862-11-06 1862-11-07,https://epub3.kb.dk/hcadag/epub3/EPUB/hcadag05_305_285.xhtml,
Pag050286,V,286,1862-XX,1862-11-XX,1862-11-07 1862-11-08,https://epub3.kb.dk/hcadag/epub3/EPUB/hcadag05_306_286.xhtml,
Pag050287,V,287,1862-XX,1862-11-XX,1862-11-08,https://epub3.kb.dk/hcadag/epub3/EPUB/hcadag05_307_287.xhtml,
Pag050288,V,288,1862-XX,1862-11-XX,1862-11-08,https://epub3.kb.dk/hcadag/epub3/EPUB/hcadag05_308_288.xhtml,
Pag050289,V,289,1862-XX,1862-11-XX,1862-11-08 1862-11-09,https://epub3.kb.dk/hcadag/epub3/EPUB/hcadag05_309_289.xhtml,
Pag050290,V,290,1862-XX,1862-11-XX,1862-11-09 1862-11-10,https://epub3.kb.dk/hcadag/epub3/EPUB/hcadag05_310_290.xhtml,
Pag050291,V,291,1862-XX,1862-11-XX,1862-11-10,https://epub3.kb.dk/hcadag/epub3/EPUB/hcadag05_311_291.xhtml,
Pag050292,V,292,1862-XX,1862-11-XX,1862-11-10 1862-11-11 1862-11-12,https://epub3.kb.dk/hcadag/epub3/EPUB/hcadag05_312_292.xhtml,
Pag050293,V,293,1862-XX,1862-11-XX,1862-11-12 1862-11-13 1862-11-14,https://epub3.kb.dk/hcadag/epub3/EPUB/hcadag05_313_293.xhtml,
Pag050294,V,294,1862-XX,1862-11-XX,1862-11-14,https://epub3.kb.dk/hcadag/epub3/EPUB/hcadag05_314_294.xhtml,
Pag050295,V,295,1862-XX,1862-11-XX,1862-11-14 1862-11-15,https://epub3.kb.dk/hcadag/epub3/EPUB/hcadag05_315_295.xhtml,
Pag050296,V,296,1862-XX,1862-11-XX,1862-11-15 1862-11-16,https://epub3.kb.dk/hcadag/epub3/EPUB/hcadag05_316_296.xhtml,
Pag050297,V,297,1862-XX,1862-11-XX,1862-11-16,https://epub3.kb.dk/hcadag/epub3/EPUB/hcadag05_317_297.xhtml,
Pag050298,V,298,1862-XX,1862-11-XX,1862-11-16 1862-11-17 1862-11-18,https://epub3.kb.dk/hcadag/epub3/EPUB/hcadag05_318_298.xhtml,
Pag050299,V,299,1862-XX,1862-11-XX,1862-11-18 1862-11-19,https://epub3.kb.dk/hcadag/epub3/EPUB/hcadag05_319_299.xhtml,
Pag050300,V,300,1862-XX,1862-11-XX,1862-11-19 1862-11-20,https://epub3.kb.dk/hcadag/epub3/EPUB/hcadag05_320_300.xhtml,
Pag050301,V,301,1862-XX,1862-11-XX,1862-11-20 1862-11-21,https://epub3.kb.dk/hcadag/epub3/EPUB/hcadag05_321_301.xhtml,
Pag050302,V,302,1862-XX,1862-11-XX,1862-11-21 1862-11-22 1862-11-23,https://epub3.kb.dk/hcadag/epub3/EPUB/hcadag05_322_302.xhtml,
Pag050303,V,303,1862-XX,1862-11-XX,1862-11-23,https://epub3.kb.dk/hcadag/epub3/EPUB/hcadag05_323_303.xhtml,
Pag050304,V,304,1862-XX,1862-11-XX,1862-11-23,https://epub3.kb.dk/hcadag/epub3/EPUB/hcadag05_324_304.xhtml,
Pag050305,V,305,1862-XX,1862-11-XX,1862-11-23 1862-11-24,https://epub3.kb.dk/hcadag/epub3/EPUB/hcadag05_325_305.xhtml,
Pag050306,V,306,1862-XX,1862-11-XX,1862-11-25 1862-11-26,https://epub3.kb.dk/hcadag/epub3/EPUB/hcadag05_326_306.xhtml,
Pag050307,V,307,1862-XX,1862-11-XX,1862-11-26 1862-11-27,https://epub3.kb.dk/hcadag/epub3/EPUB/hcadag05_327_307.xhtml,
Pag050308,V,308,1862-XX,1862-11-XX,1862-11-27 1862-11-28,https://epub3.kb.dk/hcadag/epub3/EPUB/hcadag05_328_308.xhtml,
Pag050309,V,309,1862-XX,1862-11-XX,1862-11-28 1862-11-29,https://epub3.kb.dk/hcadag/epub3/EPUB/hcadag05_329_309.xhtml,
Pag050310,V,310,1862-XX,1862-11-XX,1862-11-29,https://epub3.kb.dk/hcadag/epub3/EPUB/hcadag05_330_310.xhtml,
Pag050311,V,311,1862-XX,1862-11-XX,1862-11-29 1862-11-30,https://epub3.kb.dk/hcadag/epub3/EPUB/hcadag05_331_311.xhtml,
Pag050312,V,312,1862-XX,1862-11-XX 1862-12-XX,1862-11-30 1862-12-01,https://epub3.kb.dk/hcadag/epub3/EPUB/hcadag05_332_312.xhtml,
Pag050313,V,313,1862-XX,1862-12-XX,1862-12-01 1862-12-02,https://epub3.kb.dk/hcadag/epub3/EPUB/hcadag05_333_313.xhtml,
Pag050314,V,314,1862-XX,1862-12-XX,1862-12-02 1862-12-03,https://epub3.kb.dk/hcadag/epub3/EPUB/hcadag05_334_314.xhtml,
Pag050315,V,315,1862-XX,1862-12-XX,1862-12-03,https://epub3.kb.dk/hcadag/epub3/EPUB/hcadag05_335_315.xhtml,
Pag050316,V,316,1862-XX,1862-12-XX,1862-12-03 1862-12-04,https://epub3.kb.dk/hcadag/epub3/EPUB/hcadag05_336_316.xhtml,
Pag050317,V,317,1862-XX,1862-12-XX,1862-12-04,https://epub3.kb.dk/hcadag/epub3/EPUB/hcadag05_337_317.xhtml,
Pag050318,V,318,1862-XX,1862-12-XX,1862-12-04 1862-12-05,https://epub3.kb.dk/hcadag/epub3/EPUB/hcadag05_338_318.xhtml,
Pag050319,V,319,1862-XX,1862-12-XX,1862-12-05 1862-12-06,https://epub3.kb.dk/hcadag/epub3/EPUB/hcadag05_339_319.xhtml,
Pag050320,V,320,1862-XX,1862-12-XX,1862-12-06 1862-12-07,https://epub3.kb.dk/hcadag/epub3/EPUB/hcadag05_340_320.xhtml,
Pag050321,V,321,1862-XX,1862-12-XX,1862-12-07 1862-12-08,https://epub3.kb.dk/hcadag/epub3/EPUB/hcadag05_341_321.xhtml,
Pag050322,V,322,1862-XX,1862-12-XX,1862-12-08 1862-12-09,https://epub3.kb.dk/hcadag/epub3/EPUB/hcadag05_342_322.xhtml,
Pag050323,V,323,1862-XX,1862-12-XX,1862-12-09 1862-12-10 1862-12-11,https://epub3.kb.dk/hcadag/epub3/EPUB/hcadag05_343_323.xhtml,
Pag050324,V,324,1862-XX,1862-12-XX,1862-12-11 1862-12-12,https://epub3.kb.dk/hcadag/epub3/EPUB/hcadag05_344_324.xhtml,
Pag050325,V,325,1862-XX,1862-12-XX,1862-12-12 1862-12-13,https://epub3.kb.dk/hcadag/epub3/EPUB/hcadag05_345_325.xhtml,
Pag050326,V,326,1862-XX,1862-12-XX,1862-12-13 1862-12-14 1862-12-15,https://epub3.kb.dk/hcadag/epub3/EPUB/hcadag05_346_326.xhtml,
Pag050327,V,327,1862-XX,1862-12-XX,1862-12-15 1862-12-16 1862-12-17,https://epub3.kb.dk/hcadag/epub3/EPUB/hcadag05_347_327.xhtml,
Pag050328,V,328,1862-XX,1862-12-XX,1862-12-17 1862-12-18 1862-12-19,https://epub3.kb.dk/hcadag/epub3/EPUB/hcadag05_348_328.xhtml,
Pag050329,V,329,1862-XX,1862-12-XX,1862-12-19 1862-12-20 1862-12-21,https://epub3.kb.dk/hcadag/epub3/EPUB/hcadag05_349_329.xhtml,
Pag050330,V,330,1862-XX,1862-12-XX,1862-12-21 1862-12-22,https://epub3.kb.dk/hcadag/epub3/EPUB/hcadag05_350_330.xhtml,
Pag050331,V,331,1862-XX,1862-12-XX,1862-12-22 1862-12-23,https://epub3.kb.dk/hcadag/epub3/EPUB/hcadag05_351_331.xhtml,
Pag050332,V,332,1862-XX,1862-12-XX,1862-12-24,https://epub3.kb.dk/hcadag/epub3/EPUB/hcadag05_352_332.xhtml,
Pag050333,V,333,1862-XX,1862-12-XX,1862-12-25 1862-12-26,https://epub3.kb.dk/hcadag/epub3/EPUB/hcadag05_353_333.xhtml,
Pag050334,V,334,1862-XX,1862-12-XX,1862-12-26 1862-12-27,https://epub3.kb.dk/hcadag/epub3/EPUB/hcadag05_354_334.xhtml,
Pag050335,V,335,1862-XX,1862-12-XX,1862-12-28 1862-12-29 1862-12-30,https://epub3.kb.dk/hcadag/epub3/EPUB/hcadag05_355_335.xhtml,
Pag050336,V,336,1862-XX,1862-12-XX,1862-12-30 1862-12-31,https://epub3.kb.dk/hcadag/epub3/EPUB/hcadag05_356_336.xhtml,
Pag050337,V,337,1863-XX,1862-12-XX 1863-01-XX,1862-12-31 1863-01-01 1863-01-02,https://epub3.kb.dk/hcadag/epub3/EPUB/hcadag05_357_337.xhtml,
Pag050338,V,338,1863-XX,1863-01-XX,1863-01-02 1863-01-03 1863-01-04,https://epub3.kb.dk/hcadag/epub3/EPUB/hcadag05_358_338.xhtml,
Pag050339,V,339,1863-XX,1863-01-XX,1863-01-04 1863-01-05,https://epub3.kb.dk/hcadag/epub3/EPUB/hcadag05_359_339.xhtml,
Pag050340,V,340,1863-XX,1863-01-XX,1863-01-06 1863-01-07,https://epub3.kb.dk/hcadag/epub3/EPUB/hcadag05_360_340.xhtml,
Pag050341,V,341,1863-XX,1863-01-XX,1863-01-08 1863-01-09 1863-01-10 1863-01-11,https://epub3.kb.dk/hcadag/epub3/EPUB/hcadag05_361_341.xhtml,
Pag050342,V,342,1863-XX,1863-01-XX,1863-01-11 1863-01-12 1863-01-13,https://epub3.kb.dk/hcadag/epub3/EPUB/hcadag05_362_342.xhtml,
Pag050343,V,343,1863-XX,1863-01-XX,1863-01-13 1863-01-14 1863-01-15,https://epub3.kb.dk/hcadag/epub3/EPUB/hcadag05_363_343.xhtml,
Pag050344,V,344,1863-XX,1863-01-XX,1863-01-15 1863-01-16,https://epub3.kb.dk/hcadag/epub3/EPUB/hcadag05_364_344.xhtml,
Pag050345,V,345,1863-XX,1863-01-XX,1863-01-16 1863-01-17,https://epub3.kb.dk/hcadag/epub3/EPUB/hcadag05_365_345.xhtml,
Pag050346,V,346,1863-XX,1863-01-XX,1863-01-17 1863-01-18,https://epub3.kb.dk/hcadag/epub3/EPUB/hcadag05_366_346.xhtml,
Pag050347,V,347,1863-XX,1863-01-XX,1863-01-18 1863-01-19,https://epub3.kb.dk/hcadag/epub3/EPUB/hcadag05_367_347.xhtml,
Pag050348,V,348,1863-XX,1863-01-XX,1863-01-19 1863-01-20,https://epub3.kb.dk/hcadag/epub3/EPUB/hcadag05_368_348.xhtml,
Pag050349,V,349,1863-XX,1863-01-XX,1863-01-20 1863-01-21 1863-01-22,https://epub3.kb.dk/hcadag/epub3/EPUB/hcadag05_369_349.xhtml,
Pag050350,V,350,1863-XX,1863-01-XX,1863-01-22 1863-01-23 1863-01-24,https://epub3.kb.dk/hcadag/epub3/EPUB/hcadag05_370_350.xhtml,
Pag050351,V,351,1863-XX,1863-01-XX,1863-01-24 1863-01-25 1863-01-26,https://epub3.kb.dk/hcadag/epub3/EPUB/hcadag05_371_351.xhtml,
Pag050352,V,352,1863-XX,1863-01-XX,1863-01-26 1863-01-27 1863-01-28,https://epub3.kb.dk/hcadag/epub3/EPUB/hcadag05_372_352.xhtml,
Pag050353,V,353,1863-XX,1863-01-XX,1863-01-28 1863-01-29 1863-01-30,https://epub3.kb.dk/hcadag/epub3/EPUB/hcadag05_373_353.xhtml,
Pag050354,V,354,1863-XX,1863-01-XX 1863-02-XX,1863-01-30 1863-01-31 1863-02-01,https://epub3.kb.dk/hcadag/epub3/EPUB/hcadag05_374_354.xhtml,
Pag050355,V,355,1863-XX,1863-02-XX,1863-02-02 1863-02-03 1863-02-04,https://epub3.kb.dk/hcadag/epub3/EPUB/hcadag05_375_355.xhtml,
Pag050356,V,356,1863-XX,1863-02-XX,1863-02-04 1863-02-05,https://epub3.kb.dk/hcadag/epub3/EPUB/hcadag05_376_356.xhtml,
Pag050357,V,357,1863-XX,1863-02-XX,1863-02-05 1863-02-06 1863-02-07,https://epub3.kb.dk/hcadag/epub3/EPUB/hcadag05_377_357.xhtml,
Pag050358,V,358,1863-XX,1863-02-XX,1863-02-07 1863-02-08 1863-02-09 1863-02-10,https://epub3.kb.dk/hcadag/epub3/EPUB/hcadag05_378_358.xhtml,
Pag050359,V,359,1863-XX,1863-02-XX,1863-02-10 1863-02-11,https://epub3.kb.dk/hcadag/epub3/EPUB/hcadag05_379_359.xhtml,
Pag050360,V,360,1863-XX,1863-02-XX,1863-02-11 1863-02-12 1863-02-13 1863-02-14,https://epub3.kb.dk/hcadag/epub3/EPUB/hcadag05_380_360.xhtml,
Pag050361,V,361,1863-XX,1863-02-XX,1863-02-14 1863-02-15 1863-02-16,https://epub3.kb.dk/hcadag/epub3/EPUB/hcadag05_381_361.xhtml,
Pag050362,V,362,1863-XX,1863-02-XX,1863-02-16 1863-02-17 1863-02-18 1863-02-19,https://epub3.kb.dk/hcadag/epub3/EPUB/hcadag05_382_362.xhtml,
Pag050363,V,363,1863-XX,1863-02-XX,1863-02-19 1863-02-20 1863-02-21,https://epub3.kb.dk/hcadag/epub3/EPUB/hcadag05_383_363.xhtml,
Pag050364,V,364,1863-XX,1863-02-XX,1863-02-21 1863-02-22 1863-02-23,https://epub3.kb.dk/hcadag/epub3/EPUB/hcadag05_384_364.xhtml,
Pag050365,V,365,1863-XX,1863-02-XX,1863-02-23 1863-02-24 1863-02-25 1863-02-26,https://epub3.kb.dk/hcadag/epub3/EPUB/hcadag05_385_365.xhtml,
Pag050366,V,366,1863-XX,1863-02-XX,1863-02-26 1863-02-27 1863-02-28,https://epub3.kb.dk/hcadag/epub3/EPUB/hcadag05_386_366.xhtml,
Pag050367,V,367,1863-XX,1863-02-XX 1863-03-XX,1863-02-28 1863-03-01 1863-03-02,https://epub3.kb.dk/hcadag/epub3/EPUB/hcadag05_387_367.xhtml,
Pag050368,V,368,1863-XX,1863-03-XX,1863-03-02 1863-03-03,https://epub3.kb.dk/hcadag/epub3/EPUB/hcadag05_388_368.xhtml,
Pag050369,V,369,1863-XX,1863-03-XX,1863-03-03 1863-03-04 1863-03-05 1863-03-06,https://epub3.kb.dk/hcadag/epub3/EPUB/hcadag05_389_369.xhtml,
Pag050370,V,370,1863-XX,1863-03-XX,1863-03-06 1863-03-07 1863-03-08 1863-03-09,https://epub3.kb.dk/hcadag/epub3/EPUB/hcadag05_390_370.xhtml,
Pag050371,V,371,1863-XX,1863-03-XX,1863-03-09 1863-03-10 1863-03-11,https://epub3.kb.dk/hcadag/epub3/EPUB/hcadag05_391_371.xhtml,
Pag050372,V,372,1863-XX,1863-03-XX,1863-03-11 1863-03-12 1863-03-13,https://epub3.kb.dk/hcadag/epub3/EPUB/hcadag05_392_372.xhtml,
Pag050373,V,373,1863-XX,1863-03-XX,1863-03-13 1863-03-14 1863-03-15 1863-03-16,https://epub3.kb.dk/hcadag/epub3/EPUB/hcadag05_393_373.xhtml,
Pag050374,V,374,1863-XX,1863-03-XX,1863-03-16 1863-03-17 1863-03-18 1863-03-19 1863-03-20,https://epub3.kb.dk/hcadag/epub3/EPUB/hcadag05_394_374.xhtml,
Pag050375,V,375,1863-XX,1863-03-XX,1863-03-20 1863-03-21 1863-03-22,https://epub3.kb.dk/hcadag/epub3/EPUB/hcadag05_395_375.xhtml,
Pag050376,V,376,1863-XX,1863-03-XX,1863-03-22 1863-03-23 1863-03-24,https://epub3.kb.dk/hcadag/epub3/EPUB/hcadag05_396_376.xhtml,
Pag050377,V,377,1863-XX,1863-03-XX,1863-03-24 1863-03-25 1863-03-26,https://epub3.kb.dk/hcadag/epub3/EPUB/hcadag05_397_377.xhtml,
Pag050378,V,378,1863-XX,1863-03-XX,1863-03-26 1863-03-27 1863-03-28,https://epub3.kb.dk/hcadag/epub3/EPUB/hcadag05_398_378.xhtml,
Pag050379,V,379,1863-XX,1863-03-XX,1863-03-28 1863-03-29,https://epub3.kb.dk/hcadag/epub3/EPUB/hcadag05_399_379.xhtml,
Pag050380,V,380,1863-XX,1863-03-XX,1863-03-29 1863-03-30 1863-03-31,https://epub3.kb.dk/hcadag/epub3/EPUB/hcadag05_400_380.xhtml,
Pag050381,V,381,1863-XX,1863-04-XX,1863-04-01 1863-04-02 1863-04-03 1863-04-04 1863-04-05,https://epub3.kb.dk/hcadag/epub3/EPUB/hcadag05_401_381.xhtml,
Pag050382,V,382,1863-XX,1863-04-XX,1863-04-11 1863-04-12,https://epub3.kb.dk/hcadag/epub3/EPUB/hcadag05_402_382.xhtml,
Pag050383,V,383,1863-XX,1863-04-XX,1863-04-12 1863-04-13 1863-04-14,https://epub3.kb.dk/hcadag/epub3/EPUB/hcadag05_403_383.xhtml,
Pag050384,V,384,1863-XX,1863-04-XX,1863-04-14 1863-04-15 1863-04-16,https://epub3.kb.dk/hcadag/epub3/EPUB/hcadag05_404_384.xhtml,
Pag050385,V,385,1863-XX,1863-04-XX,1863-04-16 1863-04-17 1863-04-18 1863-04-19 1863-04-20,https://epub3.kb.dk/hcadag/epub3/EPUB/hcadag05_405_385.xhtml,
Pag050386,V,386,1863-XX,1863-04-XX,1863-04-20 1863-04-21 1863-04-22 1863-04-23 1863-04-24 1863-04-25,https://epub3.kb.dk/hcadag/epub3/EPUB/hcadag05_406_386.xhtml,
Pag050387,V,387,1863-XX,1863-04-XX,1863-04-25 1863-04-26 1863-04-27 1863-04-28 1863-04-29,https://epub3.kb.dk/hcadag/epub3/EPUB/hcadag05_407_387.xhtml,
Pag050388,V,388,1863-XX,1863-04-XX 1863-05-XX,1863-04-29 1863-04-30 1863-05-01 1863-05-02,https://epub3.kb.dk/hcadag/epub3/EPUB/hcadag05_408_388.xhtml,
Pag050389,V,389,1863-XX,1863-05-XX,1863-05-02 1863-05-03 1863-05-04 1863-05-05 1863-05-06 1863-05-07,https://epub3.kb.dk/hcadag/epub3/EPUB/hcadag05_409_389.xhtml,
Pag050390,V,390,1863-XX,1863-05-XX,1863-05-07 1863-05-08 1863-05-09,https://epub3.kb.dk/hcadag/epub3/EPUB/hcadag05_410_390.xhtml,
Pag050391,V,391,1863-XX,1863-05-XX,1863-05-09 1863-05-10 1863-05-11 1863-05-12 1863-05-13 1863-05-14 1863-05-15,https://epub3.kb.dk/hcadag/epub3/EPUB/hcadag05_411_391.xhtml,
Pag050392,V,392,1863-XX,1863-05-XX,1863-05-15 1863-05-16 1863-05-17 1863-05-18 1863-05-19 1863-05-20 1863-05-21 1863-05-22,https://epub3.kb.dk/hcadag/epub3/EPUB/hcadag05_412_392.xhtml,
Pag050393,V,393,1863-XX,1863-05-XX,1863-05-22 1863-05-23 1863-05-24 1863-05-25 1863-05-26 1863-05-27,https://epub3.kb.dk/hcadag/epub3/EPUB/hcadag05_413_393.xhtml,
Pag050394,V,394,1863-XX,1863-05-XX 1863-06-XX,1863-05-27 1863-05-28 1863-05-29 1863-05-30 1863-05-31 1863-06-01 1863-06-02 1863-06-03,https://epub3.kb.dk/hcadag/epub3/EPUB/hcadag05_414_394.xhtml,
Pag050395,V,395,1863-XX,1863-06-XX,1863-06-03 1863-06-04 1863-06-05 1863-06-06 1863-06-12 1863-06-13 1863-06-14,https://epub3.kb.dk/hcadag/epub3/EPUB/hcadag05_415_395.xhtml,
Pag050396,V,396,1863-XX,1863-06-XX,1863-06-15 1863-06-16,https://epub3.kb.dk/hcadag/epub3/EPUB/hcadag05_416_396.xhtml,
Pag050397,V,397,1863-XX,1863-06-XX,1863-06-16 1863-06-17,https://epub3.kb.dk/hcadag/epub3/EPUB/hcadag05_417_397.xhtml,
Pag050398,V,398,1863-XX,1863-06-XX,1863-06-17 1863-06-18 1863-06-19,https://epub3.kb.dk/hcadag/epub3/EPUB/hcadag05_418_398.xhtml,
Pag050399,V,399,1863-XX,1863-06-XX,1863-06-19 1863-06-20 1863-06-21 1863-06-22,https://epub3.kb.dk/hcadag/epub3/EPUB/hcadag05_419_399.xhtml,
Pag050400,V,400,1863-XX,1863-06-XX,1863-06-22 1863-06-23 1863-06-24 1863-06-25 1863-06-26 1863-06-27,https://epub3.kb.dk/hcadag/epub3/EPUB/hcadag05_420_400.xhtml,
Pag050401,V,401,1863-XX,1863-06-XX 1863-07-XX,1863-06-28 1863-06-29 1863-06-30 1863-07-01 1863-07-02,https://epub3.kb.dk/hcadag/epub3/EPUB/hcadag05_421_401.xhtml,
Pag050402,V,402,1863-XX,1863-07-XX,1863-07-02 1863-07-03 1863-07-04 1863-07-05 1863-07-06 1863-07-07 1863-07-08,https://epub3.kb.dk/hcadag/epub3/EPUB/hcadag05_422_402.xhtml,
Pag050403,V,403,1863-XX,1863-07-XX,1863-07-08 1863-07-09,https://epub3.kb.dk/hcadag/epub3/EPUB/hcadag05_423_403.xhtml,
Pag050404,V,404,1863-XX,1863-07-XX,1863-07-09 1863-07-10 1863-07-11 1863-07-12 1863-07-13,https://epub3.kb.dk/hcadag/epub3/EPUB/hcadag05_424_404.xhtml,
Pag050405,V,405,1863-XX,1863-07-XX,1863-07-13 1863-07-14 1863-07-15 1863-07-16 1863-07-17 1863-07-18 1863-07-19,https://epub3.kb.dk/hcadag/epub3/EPUB/hcadag05_425_405.xhtml,
Pag050406,V,406,1863-XX,1863-07-XX,1863-07-19 1863-07-20 1863-07-21 1863-07-22,https://epub3.kb.dk/hcadag/epub3/EPUB/hcadag05_426_406.xhtml,
Pag050407,V,407,1863-XX,1863-07-XX,1863-07-23 1863-07-24 1863-07-25 1863-07-26 1863-07-27 1863-07-28 1863-07-29 1863-07-30,https://epub3.kb.dk/hcadag/epub3/EPUB/hcadag05_427_407.xhtml,
Pag050408,V,408,1863-XX,1863-07-XX 1863-08-XX,1863-07-31 1863-08-01,https://epub3.kb.dk/hcadag/epub3/EPUB/hcadag05_428_408.xhtml,
Pag050409,V,409,1863-XX,1863-08-XX,1863-08-01 1863-08-02 1863-08-03 1863-08-04 1863-08-05,https://epub3.kb.dk/hcadag/epub3/EPUB/hcadag05_429_409.xhtml,
Pag050410,V,410,1863-XX,1863-08-XX,1863-08-05 1863-08-06 1863-08-07 1863-08-08 1863-08-09 1863-08-10,https://epub3.kb.dk/hcadag/epub3/EPUB/hcadag05_430_410.xhtml,
Pag050411,V,411,1863-XX,1863-08-XX,1863-08-10 1863-08-11 1863-08-12 1863-08-13 1863-08-14 1863-08-15 1863-08-16,https://epub3.kb.dk/hcadag/epub3/EPUB/hcadag05_431_411.xhtml,
Pag050412,V,412,1863-XX,1863-08-XX,1863-08-16 1863-08-17 1863-08-18 1863-08-19 1863-08-20 1863-08-21 1863-08-22 1863-08-23 1863-08-24 1863-08-25,https://epub3.kb.dk/hcadag/epub3/EPUB/hcadag05_432_412.xhtml,
Pag050413,V,413,1863-XX,1863-08-XX 1863-09-XX,1863-08-26 1863-08-27 1863-08-28 1863-08-29 1863-08-30 1863-08-31 1863-09-01 1863-09-02 1863-09-03 1863-09-04 1863-09-05 1863-09-06,https://epub3.kb.dk/hcadag/epub3/EPUB/hcadag05_433_413.xhtml,
Pag050414,V,414,1863-XX,1863-09-XX,1863-09-06 1863-09-07 1863-09-08 1863-09-09 1863-09-10 1863-09-11 1863-09-12 1863-09-13 1863-09-14 1863-09-15 1863-09-16 1863-09-17,https://epub3.kb.dk/hcadag/epub3/EPUB/hcadag05_434_414.xhtml,
Pag050415,V,415,1863-XX,1863-09-XX,1863-09-17 1863-09-18 1863-09-19,https://epub3.kb.dk/hcadag/epub3/EPUB/hcadag05_435_415.xhtml,
Pag050416,V,416,1863-XX,1863-09-XX,1863-09-19 1863-09-20 1863-09-21 1863-09-22 1863-09-23 1863-09-24,https://epub3.kb.dk/hcadag/epub3/EPUB/hcadag05_436_416.xhtml,
Pag050417,V,417,1863-XX,1863-09-XX,1863-09-25 1863-09-26 1863-09-27 1863-09-28 1863-09-29 1863-09-30,https://epub3.kb.dk/hcadag/epub3/EPUB/hcadag05_437_417.xhtml,
Pag050418,V,418,1863-XX,1863-10-XX,1863-10-01 1863-10-02 1863-10-03 1863-10-04 1863-10-05 1863-10-06 1863-10-07,https://epub3.kb.dk/hcadag/epub3/EPUB/hcadag05_438_418.xhtml,
Pag050419,V,419,1863-XX,1863-10-XX,1863-10-07 1863-10-08 1863-10-09 1863-10-10 1863-10-11 1863-10-12,https://epub3.kb.dk/hcadag/epub3/EPUB/hcadag05_439_419.xhtml,
Pag050420,V,420,1863-XX,1863-10-XX,1863-10-12 1863-10-13 1863-10-14 1863-10-15 1863-10-16,https://epub3.kb.dk/hcadag/epub3/EPUB/hcadag05_440_420.xhtml,
Pag050421,V,421,1863-XX,1863-10-XX,1863-10-16 1863-10-17 1863-10-18 1863-10-19 1863-10-20,https://epub3.kb.dk/hcadag/epub3/EPUB/hcadag05_441_421.xhtml,
Pag050422,V,422,1863-XX,1863-10-XX,1863-10-20 1863-10-21 1863-10-22,https://epub3.kb.dk/hcadag/epub3/EPUB/hcadag05_442_422.xhtml,
Pag050423,V,423,1863-XX,1863-10-XX,1863-10-22 1863-10-23 1863-10-24 1863-10-25 1863-10-26 1863-10-27 1863-10-28 1863-10-29,https://epub3.kb.dk/hcadag/epub3/EPUB/hcadag05_443_423.xhtml,
Pag050424,V,424,1863-XX,1863-10-XX 1863-11-XX,1863-10-29 1863-10-30 1863-10-31 1863-11-01 1863-11-02 1863-11-03,https://epub3.kb.dk/hcadag/epub3/EPUB/hcadag05_444_424.xhtml,
Pag050425,V,425,1863-XX,1863-11-XX,1863-11-03 1863-11-04 1863-11-05 1863-11-06 1863-11-07,https://epub3.kb.dk/hcadag/epub3/EPUB/hcadag05_445_425.xhtml,
Pag050426,V,426,1863-XX,1863-11-XX,1863-11-07 1863-11-08 1863-11-09 1863-11-10 1863-11-11 1863-11-12 1863-11-13,https://epub3.kb.dk/hcadag/epub3/EPUB/hcadag05_446_426.xhtml,
Pag050427,V,427,1863-XX,1863-11-XX,1863-11-14 1863-11-15,https://epub3.kb.dk/hcadag/epub3/EPUB/hcadag05_447_427.xhtml,
Pag050428,V,428,1863-XX,1863-11-XX,1863-11-15 1863-11-16,https://epub3.kb.dk/hcadag/epub3/EPUB/hcadag05_448_428.xhtml,
Pag050429,V,429,1863-XX,1863-11-XX,1863-11-16 1863-11-17 1863-11-18,https://epub3.kb.dk/hcadag/epub3/EPUB/hcadag05_449_429.xhtml,
Pag050430,V,430,1863-XX,1863-11-XX,1863-11-19,https://epub3.kb.dk/hcadag/epub3/EPUB/hcadag05_450_430.xhtml,
Pag050431,V,431,1863-XX,1863-11-XX,1863-11-19 1863-11-20 1863-11-21,https://epub3.kb.dk/hcadag/epub3/EPUB/hcadag05_451_431.xhtml,
Pag050432,V,432,1863-XX,1863-11-XX,1863-11-21,https://epub3.kb.dk/hcadag/epub3/EPUB/hcadag05_452_432.xhtml,
Pag050433,V,433,1863-XX,1863-11-XX,1863-11-21 1863-11-22 1863-11-23,https://epub3.kb.dk/hcadag/epub3/EPUB/hcadag05_453_433.xhtml,
Pag050434,V,434,1863-XX,1863-11-XX,1863-11-23 1863-11-24 1863-11-25 1863-11-26 1863-11-27,https://epub3.kb.dk/hcadag/epub3/EPUB/hcadag05_454_434.xhtml,
Pag050435,V,435,1863-XX,1863-11-XX,1863-11-27 1863-11-28 1863-11-29 1863-11-30,https://epub3.kb.dk/hcadag/epub3/EPUB/hcadag05_455_435.xhtml,
Pag050436,V,436,1863-XX,1863-12-XX,1863-12-01 1863-12-02,https://epub3.kb.dk/hcadag/epub3/EPUB/hcadag05_456_436.xhtml,
Pag050437,V,437,1863-XX,1863-12-XX,1863-12-02 1863-12-03 1863-12-04,https://epub3.kb.dk/hcadag/epub3/EPUB/hcadag05_457_437.xhtml,
Pag050438,V,438,1863-XX,1863-12-XX,1863-12-05 1863-12-06 1863-12-07,https://epub3.kb.dk/hcadag/epub3/EPUB/hcadag05_458_438.xhtml,
Pag050439,V,439,1863-XX,1863-12-XX,1863-12-07 1863-12-08,https://epub3.kb.dk/hcadag/epub3/EPUB/hcadag05_459_439.xhtml,
Pag050440,V,440,1863-XX,1863-12-XX,1863-12-08 1863-12-09 1863-12-10,https://epub3.kb.dk/hcadag/epub3/EPUB/hcadag05_460_440.xhtml,
Pag050441,V,441,1863-XX,1863-12-XX,1863-12-10 1863-12-11 1863-12-12,https://epub3.kb.dk/hcadag/epub3/EPUB/hcadag05_461_441.xhtml,
Pag050442,V,442,1863-XX,1863-12-XX,1863-12-12 1863-12-13,https://epub3.kb.dk/hcadag/epub3/EPUB/hcadag05_462_442.xhtml,
Pag050443,V,443,1863-XX,1863-12-XX,1863-12-13 1863-12-14 1863-12-15,https://epub3.kb.dk/hcadag/epub3/EPUB/hcadag05_463_443.xhtml,
Pag050444,V,444,1863-XX,1863-12-XX,1863-12-15 1863-12-16,https://epub3.kb.dk/hcadag/epub3/EPUB/hcadag05_464_444.xhtml,
Pag050445,V,445,1863-XX,1863-12-XX,1863-12-16 1863-12-17,https://epub3.kb.dk/hcadag/epub3/EPUB/hcadag05_465_445.xhtml,
Pag050446,V,446,1863-XX,1863-12-XX,1863-12-17,https://epub3.kb.dk/hcadag/epub3/EPUB/hcadag05_466_446.xhtml,
Pag050447,V,447,1863-XX,1863-12-XX,1863-12-17 1863-12-18,https://epub3.kb.dk/hcadag/epub3/EPUB/hcadag05_467_447.xhtml,
Pag050448,V,448,1863-XX,1863-12-XX,1863-12-18,https://epub3.kb.dk/hcadag/epub3/EPUB/hcadag05_468_448.xhtml,
Pag050449,V,449,1863-XX,1863-12-XX,1863-12-18,https://epub3.kb.dk/hcadag/epub3/EPUB/hcadag05_469_449.xhtml,
Pag050450,V,450,1863-XX,1863-12-XX,1863-12-18 1863-12-19 1863-12-20,https://epub3.kb.dk/hcadag/epub3/EPUB/hcadag05_470_450.xhtml,
Pag050451,V,451,1863-XX,1863-12-XX,1863-12-20 1863-12-21,https://epub3.kb.dk/hcadag/epub3/EPUB/hcadag05_471_451.xhtml,
Pag050452,V,452,1863-XX,1863-12-XX,1863-12-21 1863-12-23,https://epub3.kb.dk/hcadag/epub3/EPUB/hcadag05_472_452.xhtml,
Pag050453,V,453,1863-XX,1863-12-XX,1863-12-23 1863-12-24 1863-12-25 1863-12-26,https://epub3.kb.dk/hcadag/epub3/EPUB/hcadag05_473_453.xhtml,
Pag050454,V,454,1863-XX,1863-12-XX,1863-12-27 1863-12-28 1863-12-29 1863-12-30 1863-12-31,https://epub3.kb.dk/hcadag/epub3/EPUB/hcadag05_474_454.xhtml,
Pag050455,V,455,1863-XX,1863-12-XX,1863-12-31,https://epub3.kb.dk/hcadag/epub3/EPUB/hcadag05_475_455.xhtml,
Pag050456,V,456,1863-XX,,,https://epub3.kb.dk/hcadag/epub3/EPUB/hcadag05_476_456.xhtml,
Pag060001,VI,1,1864-XX,1864-01-XX,1864-01-01 1864-01-02,https://epub3.kb.dk/hcadag/epub3/EPUB/hcadag06_013_1.xhtml,
Pag060002,VI,2,1864-XX,1864-01-XX,1864-01-02 1864-01-03 1864-01-04 1864-01-05,https://epub3.kb.dk/hcadag/epub3/EPUB/hcadag06_014_2.xhtml,
Pag060003,VI,3,1864-XX,1864-01-XX,1864-01-05 1864-01-06 1864-01-07 1864-01-08 1864-01-09,https://epub3.kb.dk/hcadag/epub3/EPUB/hcadag06_015_3.xhtml,
Pag060004,VI,4,1864-XX,1864-01-XX,1864-01-09 1864-01-10 1864-01-11 1864-01-12 1864-01-13,https://epub3.kb.dk/hcadag/epub3/EPUB/hcadag06_016_4.xhtml,
Pag060005,VI,5,1864-XX,1864-01-XX,1864-01-13 1864-01-14 1864-01-15 1864-01-16 1864-01-17 1864-01-18,https://epub3.kb.dk/hcadag/epub3/EPUB/hcadag06_017_5.xhtml,
Pag060006,VI,6,1864-XX,1864-01-XX,1864-01-18 1864-01-19 1864-01-20 1864-01-21 1864-01-22 1864-01-23,https://epub3.kb.dk/hcadag/epub3/EPUB/hcadag06_018_6.xhtml,
Pag060007,VI,7,1864-XX,1864-01-XX,1864-01-24 1864-01-25 1864-01-26 1864-01-27 1864-01-28 1864-01-29,https://epub3.kb.dk/hcadag/epub3/EPUB/hcadag06_019_7.xhtml,
Pag060008,VI,8,1864-XX,1864-01-XX,1864-01-29 1864-01-30 1864-01-31,https://epub3.kb.dk/hcadag/epub3/EPUB/hcadag06_020_8.xhtml,
Pag060009,VI,9,1864-XX,1864-02-XX,1864-02-01 1864-02-02,https://epub3.kb.dk/hcadag/epub3/EPUB/hcadag06_021_9.xhtml,
Pag060010,VI,10,1864-XX,1864-02-XX,1864-02-02 1864-02-03 1864-02-04 1864-02-05,https://epub3.kb.dk/hcadag/epub3/EPUB/hcadag06_022_10.xhtml,
Pag060011,VI,11,1864-XX,1864-02-XX,1864-02-05 1864-02-06,https://epub3.kb.dk/hcadag/epub3/EPUB/hcadag06_023_11.xhtml,
Pag060012,VI,12,1864-XX,1864-02-XX,1864-02-06 1864-02-07 1864-02-08,https://epub3.kb.dk/hcadag/epub3/EPUB/hcadag06_024_12.xhtml,
Pag060013,VI,13,1864-XX,1864-02-XX,1864-02-08 1864-02-09,https://epub3.kb.dk/hcadag/epub3/EPUB/hcadag06_025_13.xhtml,
Pag060014,VI,14,1864-XX,1864-02-XX,1864-02-10 1864-02-11 1864-02-12 1864-02-13,https://epub3.kb.dk/hcadag/epub3/EPUB/hcadag06_026_14.xhtml,
Pag060015,VI,15,1864-XX,1864-02-XX,1864-02-13 1864-02-14 1864-02-15 1864-02-16,https://epub3.kb.dk/hcadag/epub3/EPUB/hcadag06_027_15.xhtml,
Pag060016,VI,16,1864-XX,1864-02-XX,1864-02-16 1864-02-17 1864-02-18 1864-02-19,https://epub3.kb.dk/hcadag/epub3/EPUB/hcadag06_028_16.xhtml,
Pag060017,VI,17,1864-XX,1864-02-XX,1864-02-19 1864-02-20 1864-02-21 1864-02-22 1864-02-23 1864-02-24,https://epub3.kb.dk/hcadag/epub3/EPUB/hcadag06_029_17.xhtml,
Pag060018,VI,18,1864-XX,1864-02-XX,1864-02-24 1864-02-25 1864-02-26 1864-02-27 1864-02-28,https://epub3.kb.dk/hcadag/epub3/EPUB/hcadag06_030_18.xhtml,
Pag060019,VI,19,1864-XX,1864-02-XX 1864-03-XX,1864-02-28 1864-02-29 1864-03-01 1864-03-02,https://epub3.kb.dk/hcadag/epub3/EPUB/hcadag06_031_19.xhtml,
Pag060020,VI,20,1864-XX,1864-03-XX,1864-03-02 1864-03-03,https://epub3.kb.dk/hcadag/epub3/EPUB/hcadag06_032_20.xhtml,
Pag060021,VI,21,1864-XX,1864-03-XX,1864-03-03 1864-03-04 1864-03-05 1864-03-06 1864-03-07 1864-03-08,https://epub3.kb.dk/hcadag/epub3/EPUB/hcadag06_033_21.xhtml,
Pag060022,VI,22,1864-XX,1864-03-XX,1864-03-08 1864-03-09 1864-03-10,https://epub3.kb.dk/hcadag/epub3/EPUB/hcadag06_034_22.xhtml,
Pag060023,VI,23,1864-XX,1864-03-XX,1864-03-11 1864-03-12,https://epub3.kb.dk/hcadag/epub3/EPUB/hcadag06_035_23.xhtml,
Pag060024,VI,24,1864-XX,1864-03-XX,1864-03-12 1864-03-13 1864-03-14 1864-03-15 1864-03-16,https://epub3.kb.dk/hcadag/epub3/EPUB/hcadag06_036_24.xhtml,
Pag060025,VI,25,1864-XX,1864-03-XX,1864-03-16 1864-03-17 1864-03-18,https://epub3.kb.dk/hcadag/epub3/EPUB/hcadag06_037_25.xhtml,
Pag060026,VI,26,1864-XX,1864-03-XX,1864-03-18 1864-03-19 1864-03-20,https://epub3.kb.dk/hcadag/epub3/EPUB/hcadag06_038_26.xhtml,
Pag060027,VI,27,1864-XX,1864-03-XX,1864-03-21 1864-03-22 1864-03-23,https://epub3.kb.dk/hcadag/epub3/EPUB/hcadag06_039_27.xhtml,
Pag060028,VI,28,1864-XX,1864-03-XX,1864-03-23 1864-03-24 1864-03-25,https://epub3.kb.dk/hcadag/epub3/EPUB/hcadag06_040_28.xhtml,
Pag060029,VI,29,1864-XX,1864-03-XX,1864-03-25 1864-03-26 1864-03-27,https://epub3.kb.dk/hcadag/epub3/EPUB/hcadag06_041_29.xhtml,
Pag060030,VI,30,1864-XX,1864-03-XX,1864-03-27 1864-03-28 1864-03-29,https://epub3.kb.dk/hcadag/epub3/EPUB/hcadag06_042_30.xhtml,
Pag060031,VI,31,1864-XX,1864-03-XX,1864-03-29 1864-03-30 1864-03-31,https://epub3.kb.dk/hcadag/epub3/EPUB/hcadag06_043_31.xhtml,
Pag060032,VI,32,1864-XX,1864-04-XX,1864-04-01 1864-04-02,https://epub3.kb.dk/hcadag/epub3/EPUB/hcadag06_044_32.xhtml,
Pag060033,VI,33,1864-XX,1864-04-XX,1864-04-02 1864-04-03,https://epub3.kb.dk/hcadag/epub3/EPUB/hcadag06_045_33.xhtml,
Pag060034,VI,34,1864-XX,1864-04-XX,1864-04-04,https://epub3.kb.dk/hcadag/epub3/EPUB/hcadag06_046_34.xhtml,
Pag060035,VI,35,1864-XX,1864-04-XX,1864-04-05 1864-04-06 1864-04-07,https://epub3.kb.dk/hcadag/epub3/EPUB/hcadag06_047_35.xhtml,
Pag060036,VI,36,1864-XX,1864-04-XX,1864-04-07 1864-04-08,https://epub3.kb.dk/hcadag/epub3/EPUB/hcadag06_048_36.xhtml,
Pag060037,VI,37,1864-XX,1864-04-XX,1864-04-09 1864-04-10 1864-04-11,https://epub3.kb.dk/hcadag/epub3/EPUB/hcadag06_049_37.xhtml,
Pag060038,VI,38,1864-XX,1864-04-XX,1864-04-11 1864-04-12 1864-04-13 1864-04-14,https://epub3.kb.dk/hcadag/epub3/EPUB/hcadag06_050_38.xhtml,
Pag060039,VI,39,1864-XX,1864-04-XX,1864-04-14 1864-04-15 1864-04-16,https://epub3.kb.dk/hcadag/epub3/EPUB/hcadag06_051_39.xhtml,
Pag060040,VI,40,1864-XX,1864-04-XX,1864-04-16 1864-04-17,https://epub3.kb.dk/hcadag/epub3/EPUB/hcadag06_052_40.xhtml,
Pag060041,VI,41,1864-XX,1864-04-XX,1864-04-17 1864-04-18,https://epub3.kb.dk/hcadag/epub3/EPUB/hcadag06_053_41.xhtml,
Pag060042,VI,42,1864-XX,1864-04-XX,1864-04-18 1864-04-19 1864-04-20,https://epub3.kb.dk/hcadag/epub3/EPUB/hcadag06_054_42.xhtml,
Pag060043,VI,43,1864-XX,1864-04-XX,1864-04-20 1864-04-21,https://epub3.kb.dk/hcadag/epub3/EPUB/hcadag06_055_43.xhtml,
Pag060044,VI,44,1864-XX,1864-04-XX,1864-04-21 1864-04-22,https://epub3.kb.dk/hcadag/epub3/EPUB/hcadag06_056_44.xhtml,
Pag060045,VI,45,1864-XX,1864-04-XX,1864-04-22,https://epub3.kb.dk/hcadag/epub3/EPUB/hcadag06_057_45.xhtml,
Pag060046,VI,46,1864-XX,1864-04-XX,1864-04-22 1864-04-23 1864-04-24,https://epub3.kb.dk/hcadag/epub3/EPUB/hcadag06_058_46.xhtml,
Pag060047,VI,47,1864-XX,1864-04-XX,1864-04-24 1864-04-25 1864-04-26,https://epub3.kb.dk/hcadag/epub3/EPUB/hcadag06_059_47.xhtml,
Pag060048,VI,48,1864-XX,1864-04-XX,1864-04-26 1864-04-27,https://epub3.kb.dk/hcadag/epub3/EPUB/hcadag06_060_48.xhtml,
Pag060049,VI,49,1864-XX,1864-04-XX,1864-04-27 1864-04-28,https://epub3.kb.dk/hcadag/epub3/EPUB/hcadag06_061_49.xhtml,
Pag060050,VI,50,1864-XX,1864-04-XX 1864-05-XX,1864-04-28 1864-04-29 1864-04-30 1864-05-01,https://epub3.kb.dk/hcadag/epub3/EPUB/hcadag06_062_50.xhtml,
Pag060051,VI,51,1864-XX,1864-05-XX,1864-05-01 1864-05-02,https://epub3.kb.dk/hcadag/epub3/EPUB/hcadag06_063_51.xhtml,
Pag060052,VI,52,1864-XX,1864-05-XX,1864-05-02 1864-05-03 1864-05-04,https://epub3.kb.dk/hcadag/epub3/EPUB/hcadag06_064_52.xhtml,
Pag060053,VI,53,1864-XX,1864-05-XX,1864-05-04 1864-05-05,https://epub3.kb.dk/hcadag/epub3/EPUB/hcadag06_065_53.xhtml,
Pag060054,VI,54,1864-XX,1864-05-XX,1864-05-05 1864-05-06,https://epub3.kb.dk/hcadag/epub3/EPUB/hcadag06_066_54.xhtml,
Pag060055,VI,55,1864-XX,1864-05-XX,1864-05-06 1864-05-07 1864-05-08,https://epub3.kb.dk/hcadag/epub3/EPUB/hcadag06_067_55.xhtml,
Pag060056,VI,56,1864-XX,1864-05-XX,1864-05-08 1864-05-09 1864-05-10,https://epub3.kb.dk/hcadag/epub3/EPUB/hcadag06_068_56.xhtml,
Pag060057,VI,57,1864-XX,1864-05-XX,1864-05-10 1864-05-11 1864-05-12,https://epub3.kb.dk/hcadag/epub3/EPUB/hcadag06_069_57.xhtml,
Pag060058,VI,58,1864-XX,1864-05-XX,1864-05-12 1864-05-13 1864-05-14,https://epub3.kb.dk/hcadag/epub3/EPUB/hcadag06_070_58.xhtml,
Pag060059,VI,59,1864-XX,1864-05-XX,1864-05-14 1864-05-15,https://epub3.kb.dk/hcadag/epub3/EPUB/hcadag06_071_59.xhtml,
Pag060060,VI,60,1864-XX,1864-05-XX,1864-05-15 1864-05-16 1864-05-17,https://epub3.kb.dk/hcadag/epub3/EPUB/hcadag06_072_60.xhtml,
Pag060061,VI,61,1864-XX,1864-05-XX,1864-05-17 1864-05-18 1864-05-19,https://epub3.kb.dk/hcadag/epub3/EPUB/hcadag06_073_61.xhtml,
Pag060062,VI,62,1864-XX,1864-05-XX,1864-05-19 1864-05-20,https://epub3.kb.dk/hcadag/epub3/EPUB/hcadag06_074_62.xhtml,
Pag060063,VI,63,1864-XX,1864-05-XX,1864-05-21 1864-05-22,https://epub3.kb.dk/hcadag/epub3/EPUB/hcadag06_075_63.xhtml,
Pag060064,VI,64,1864-XX,1864-05-XX,1864-05-22 1864-05-23 1864-05-24,https://epub3.kb.dk/hcadag/epub3/EPUB/hcadag06_076_64.xhtml,
Pag060065,VI,65,1864-XX,1864-05-XX,1864-05-24 1864-05-25,https://epub3.kb.dk/hcadag/epub3/EPUB/hcadag06_077_65.xhtml,
Pag060066,VI,66,1864-XX,1864-05-XX,1864-05-25 1864-05-26 1864-05-27 1864-05-28,https://epub3.kb.dk/hcadag/epub3/EPUB/hcadag06_078_66.xhtml,
Pag060067,VI,67,1864-XX,1864-05-XX,1864-05-28 1864-05-29 1864-05-30 1864-05-31,https://epub3.kb.dk/hcadag/epub3/EPUB/hcadag06_079_67.xhtml,
Pag060068,VI,68,1864-XX,1864-05-XX 1864-06-XX,1864-05-31 1864-06-01 1864-06-02,https://epub3.kb.dk/hcadag/epub3/EPUB/hcadag06_080_68.xhtml,
Pag060069,VI,69,1864-XX,1864-06-XX,1864-06-02 1864-06-03,https://epub3.kb.dk/hcadag/epub3/EPUB/hcadag06_081_69.xhtml,
Pag060070,VI,70,1864-XX,1864-06-XX,1864-06-03 1864-06-04 1864-06-05 1864-06-06,https://epub3.kb.dk/hcadag/epub3/EPUB/hcadag06_082_70.xhtml,
Pag060071,VI,71,1864-XX,1864-06-XX,1864-06-06 1864-06-07 1864-06-08 1864-06-09,https://epub3.kb.dk/hcadag/epub3/EPUB/hcadag06_083_71.xhtml,
Pag060072,VI,72,1864-XX,1864-06-XX,1864-06-09 1864-06-10,https://epub3.kb.dk/hcadag/epub3/EPUB/hcadag06_084_72.xhtml,
Pag060073,VI,73,1864-XX,1864-06-XX,1864-06-10 1864-06-11 1864-06-12 1864-06-13 1864-06-14,https://epub3.kb.dk/hcadag/epub3/EPUB/hcadag06_085_73.xhtml,
Pag060074,VI,74,1864-XX,1864-06-XX,1864-06-14 1864-06-15 1864-06-16 1864-06-17,https://epub3.kb.dk/hcadag/epub3/EPUB/hcadag06_086_74.xhtml,
Pag060075,VI,75,1864-XX,1864-06-XX,1864-06-17 1864-06-18 1864-06-19,https://epub3.kb.dk/hcadag/epub3/EPUB/hcadag06_087_75.xhtml,
Pag060076,VI,76,1864-XX,1864-06-XX,1864-06-19 1864-06-20 1864-06-21,https://epub3.kb.dk/hcadag/epub3/EPUB/hcadag06_088_76.xhtml,
Pag060077,VI,77,1864-XX,1864-06-XX,1864-06-21 1864-06-22 1864-06-23 1864-06-24,https://epub3.kb.dk/hcadag/epub3/EPUB/hcadag06_089_77.xhtml,
Pag060078,VI,78,1864-XX,1864-06-XX,1864-06-24 1864-06-25 1864-06-26 1864-06-27,https://epub3.kb.dk/hcadag/epub3/EPUB/hcadag06_090_78.xhtml,
Pag060079,VI,79,1864-XX,1864-06-XX,1864-06-27,https://epub3.kb.dk/hcadag/epub3/EPUB/hcadag06_091_79.xhtml,
Pag060080,VI,80,1864-XX,1864-06-XX,1864-06-28,https://epub3.kb.dk/hcadag/epub3/EPUB/hcadag06_092_80.xhtml,
Pag060081,VI,81,1864-XX,1864-06-XX 1864-07-XX,1864-06-29 1864-06-30 1864-07-01 1864-07-02,https://epub3.kb.dk/hcadag/epub3/EPUB/hcadag06_093_81.xhtml,
Pag060082,VI,82,1864-XX,1864-07-XX,1864-07-02 1864-07-03 1864-07-04,https://epub3.kb.dk/hcadag/epub3/EPUB/hcadag06_094_82.xhtml,
Pag060083,VI,83,1864-XX,1864-07-XX,1864-07-04 1864-07-05 1864-07-06,https://epub3.kb.dk/hcadag/epub3/EPUB/hcadag06_095_83.xhtml,
Pag060084,VI,84,1864-XX,1864-07-XX,1864-07-06 1864-07-07 1864-07-08,https://epub3.kb.dk/hcadag/epub3/EPUB/hcadag06_096_84.xhtml,
Pag060085,VI,85,1864-XX,1864-07-XX,1864-07-08 1864-07-09,https://epub3.kb.dk/hcadag/epub3/EPUB/hcadag06_097_85.xhtml,
Pag060086,VI,86,1864-XX,1864-07-XX,1864-07-10 1864-07-11,https://epub3.kb.dk/hcadag/epub3/EPUB/hcadag06_098_86.xhtml,
Pag060087,VI,87,1864-XX,1864-07-XX,1864-07-12 1864-07-13,https://epub3.kb.dk/hcadag/epub3/EPUB/hcadag06_099_87.xhtml,
Pag060088,VI,88,1864-XX,1864-07-XX,1864-07-13 1864-07-14,https://epub3.kb.dk/hcadag/epub3/EPUB/hcadag06_100_88.xhtml,
Pag060089,VI,89,1864-XX,1864-07-XX,1864-07-15 1864-07-16 1864-07-17,https://epub3.kb.dk/hcadag/epub3/EPUB/hcadag06_101_89.xhtml,
Pag060090,VI,90,1864-XX,1864-07-XX,1864-07-17 1864-07-18 1864-07-19,https://epub3.kb.dk/hcadag/epub3/EPUB/hcadag06_102_90.xhtml,
Pag060091,VI,91,1864-XX,1864-07-XX,1864-07-19 1864-07-20,https://epub3.kb.dk/hcadag/epub3/EPUB/hcadag06_103_91.xhtml,
Pag060092,VI,92,1864-XX,1864-07-XX,1864-07-20 1864-07-21,https://epub3.kb.dk/hcadag/epub3/EPUB/hcadag06_104_92.xhtml,
Pag060093,VI,93,1864-XX,1864-07-XX,1864-07-21,https://epub3.kb.dk/hcadag/epub3/EPUB/hcadag06_105_93.xhtml,
Pag060094,VI,94,1864-XX,1864-07-XX,1864-07-21 1864-07-22,https://epub3.kb.dk/hcadag/epub3/EPUB/hcadag06_106_94.xhtml,
Pag060095,VI,95,1864-XX,1864-07-XX,1864-07-22 1864-07-23,https://epub3.kb.dk/hcadag/epub3/EPUB/hcadag06_107_95.xhtml,
Pag060096,VI,96,1864-XX,1864-07-XX,1864-07-23 1864-07-24,https://epub3.kb.dk/hcadag/epub3/EPUB/hcadag06_108_96.xhtml,
Pag060097,VI,97,1864-XX,1864-07-XX,1864-07-24 1864-07-25 1864-07-26,https://epub3.kb.dk/hcadag/epub3/EPUB/hcadag06_109_97.xhtml,
Pag060098,VI,98,1864-XX,1864-07-XX,1864-07-26 1864-07-27,https://epub3.kb.dk/hcadag/epub3/EPUB/hcadag06_110_98.xhtml,
Pag060099,VI,99,1864-XX,1864-07-XX,1864-07-27 1864-07-28,https://epub3.kb.dk/hcadag/epub3/EPUB/hcadag06_111_99.xhtml,
Pag060100,VI,100,1864-XX,1864-07-XX,1864-07-28 1864-07-29 1864-07-30,https://epub3.kb.dk/hcadag/epub3/EPUB/hcadag06_112_100.xhtml,
Pag060101,VI,101,1864-XX,1864-07-XX 1864-08-XX,1864-07-30 1864-07-31 1864-08-01,https://epub3.kb.dk/hcadag/epub3/EPUB/hcadag06_113_101.xhtml,
Pag060102,VI,102,1864-XX,1864-08-XX,1864-08-01 1864-08-02 1864-08-03 1864-08-04,https://epub3.kb.dk/hcadag/epub3/EPUB/hcadag06_114_102.xhtml,
Pag060103,VI,103,1864-XX,1864-08-XX,1864-08-04 1864-08-05 1864-08-06 1864-08-07,https://epub3.kb.dk/hcadag/epub3/EPUB/hcadag06_115_103.xhtml,
Pag060104,VI,104,1864-XX,1864-08-XX,1864-08-08 1864-08-09,https://epub3.kb.dk/hcadag/epub3/EPUB/hcadag06_116_104.xhtml,
Pag060105,VI,105,1864-XX,1864-08-XX,1864-08-09 1864-08-10 1864-08-11,https://epub3.kb.dk/hcadag/epub3/EPUB/hcadag06_117_105.xhtml,
Pag060106,VI,106,1864-XX,1864-08-XX,1864-08-11 1864-08-12,https://epub3.kb.dk/hcadag/epub3/EPUB/hcadag06_118_106.xhtml,
Pag060107,VI,107,1864-XX,1864-08-XX,1864-08-12 1864-08-13,https://epub3.kb.dk/hcadag/epub3/EPUB/hcadag06_119_107.xhtml,
Pag060108,VI,108,1864-XX,1864-08-XX,1864-08-13 1864-08-14 1864-08-15,https://epub3.kb.dk/hcadag/epub3/EPUB/hcadag06_120_108.xhtml,
Pag060109,VI,109,1864-XX,1864-08-XX,1864-08-15 1864-08-16 1864-08-17,https://epub3.kb.dk/hcadag/epub3/EPUB/hcadag06_121_109.xhtml,
Pag060110,VI,110,1864-XX,1864-08-XX,1864-08-17 1864-08-18 1864-08-19,https://epub3.kb.dk/hcadag/epub3/EPUB/hcadag06_122_110.xhtml,
Pag060111,VI,111,1864-XX,1864-08-XX,1864-08-19 1864-08-20,https://epub3.kb.dk/hcadag/epub3/EPUB/hcadag06_123_111.xhtml,
Pag060112,VI,112,1864-XX,1864-08-XX,1864-08-20 1864-08-21,https://epub3.kb.dk/hcadag/epub3/EPUB/hcadag06_124_112.xhtml,
Pag060113,VI,113,1864-XX,1864-08-XX,1864-08-21 1864-08-22 1864-08-23,https://epub3.kb.dk/hcadag/epub3/EPUB/hcadag06_125_113.xhtml,
Pag060114,VI,114,1864-XX,1864-08-XX,1864-08-23 1864-08-24,https://epub3.kb.dk/hcadag/epub3/EPUB/hcadag06_126_114.xhtml,
Pag060115,VI,115,1864-XX,1864-08-XX,1864-08-24 1864-08-25 1864-08-26,https://epub3.kb.dk/hcadag/epub3/EPUB/hcadag06_127_115.xhtml,
Pag060116,VI,116,1864-XX,1864-08-XX,1864-08-27 1864-08-28 1864-08-29,https://epub3.kb.dk/hcadag/epub3/EPUB/hcadag06_128_116.xhtml,
Pag060117,VI,117,1864-XX,1864-08-XX,1864-08-29 1864-08-30 1864-08-31,https://epub3.kb.dk/hcadag/epub3/EPUB/hcadag06_129_117.xhtml,
Pag060118,VI,118,1864-XX,1864-08-XX 1864-09-XX,1864-08-31 1864-09-01,https://epub3.kb.dk/hcadag/epub3/EPUB/hcadag06_130_118.xhtml,
Pag060119,VI,119,1864-XX,1864-09-XX,1864-09-01 1864-09-02 1864-09-03,https://epub3.kb.dk/hcadag/epub3/EPUB/hcadag06_131_119.xhtml,
Pag060120,VI,120,1864-XX,1864-09-XX,1864-09-04 1864-09-05 1864-09-06,https://epub3.kb.dk/hcadag/epub3/EPUB/hcadag06_132_120.xhtml,
Pag060121,VI,121,1864-XX,1864-09-XX,1864-09-06 1864-09-07 1864-09-08 1864-09-09,https://epub3.kb.dk/hcadag/epub3/EPUB/hcadag06_133_121.xhtml,
Pag060122,VI,122,1864-XX,1864-09-XX,1864-09-09 1864-09-10 1864-09-11,https://epub3.kb.dk/hcadag/epub3/EPUB/hcadag06_134_122.xhtml,
Pag060123,VI,123,1864-XX,1864-09-XX,1864-09-11 1864-09-12 1864-09-13 1864-09-14,https://epub3.kb.dk/hcadag/epub3/EPUB/hcadag06_135_123.xhtml,
Pag060124,VI,124,1864-XX,1864-09-XX,1864-09-14 1864-09-15 1864-09-16,https://epub3.kb.dk/hcadag/epub3/EPUB/hcadag06_136_124.xhtml,
Pag060125,VI,125,1864-XX,1864-09-XX,1864-09-16,https://epub3.kb.dk/hcadag/epub3/EPUB/hcadag06_137_125.xhtml,
Pag060126,VI,126,1864-XX,1864-09-XX,1864-09-16,https://epub3.kb.dk/hcadag/epub3/EPUB/hcadag06_138_126.xhtml,
Pag060127,VI,127,1864-XX,1864-09-XX,1864-09-16 1864-09-17,https://epub3.kb.dk/hcadag/epub3/EPUB/hcadag06_139_127.xhtml,
Pag060128,VI,128,1864-XX,1864-09-XX,1864-09-17 1864-09-18 1864-09-19,https://epub3.kb.dk/hcadag/epub3/EPUB/hcadag06_140_128.xhtml,
Pag060129,VI,129,1864-XX,1864-09-XX,1864-09-19 1864-09-20 1864-09-21,https://epub3.kb.dk/hcadag/epub3/EPUB/hcadag06_141_129.xhtml,
Pag060130,VI,130,1864-XX,1864-09-XX,1864-09-21 1864-09-22 1864-09-23,https://epub3.kb.dk/hcadag/epub3/EPUB/hcadag06_142_130.xhtml,
Pag060131,VI,131,1864-XX,1864-09-XX,1864-09-23 1864-09-24,https://epub3.kb.dk/hcadag/epub3/EPUB/hcadag06_143_131.xhtml,
Pag060132,VI,132,1864-XX,1864-09-XX,1864-09-24,https://epub3.kb.dk/hcadag/epub3/EPUB/hcadag06_144_132.xhtml,
Pag060133,VI,133,1864-XX,1864-09-XX,1864-09-24 1864-09-25 1864-09-26 1864-09-27 1864-09-28,https://epub3.kb.dk/hcadag/epub3/EPUB/hcadag06_145_133.xhtml,
Pag060134,VI,134,1864-XX,1864-09-XX,1864-09-28 1864-09-29 1864-09-30,https://epub3.kb.dk/hcadag/epub3/EPUB/hcadag06_146_134.xhtml,
Pag060135,VI,135,1864-XX,1864-09-XX 1864-10-XX,1864-09-30 1864-10-01,https://epub3.kb.dk/hcadag/epub3/EPUB/hcadag06_147_135.xhtml,
Pag060136,VI,136,1864-XX,1864-10-XX,1864-10-01 1864-10-02 1864-10-03,https://epub3.kb.dk/hcadag/epub3/EPUB/hcadag06_148_136.xhtml,
Pag060137,VI,137,1864-XX,1864-10-XX,1864-10-04 1864-10-05 1864-10-06 1864-10-07 1864-10-08,https://epub3.kb.dk/hcadag/epub3/EPUB/hcadag06_149_137.xhtml,
Pag060138,VI,138,1864-XX,1864-10-XX,1864-10-08 1864-10-09 1864-10-10 1864-10-11 1864-10-12,https://epub3.kb.dk/hcadag/epub3/EPUB/hcadag06_150_138.xhtml,
Pag060139,VI,139,1864-XX,1864-10-XX,1864-10-12 1864-10-13 1864-10-14,https://epub3.kb.dk/hcadag/epub3/EPUB/hcadag06_151_139.xhtml,
Pag060140,VI,140,1864-XX,1864-10-XX,1864-10-14 1864-10-15 1864-10-16 1864-10-17 1864-10-18,https://epub3.kb.dk/hcadag/epub3/EPUB/hcadag06_152_140.xhtml,
Pag060141,VI,141,1864-XX,1864-10-XX,1864-10-18 1864-10-19 1864-10-20 1864-10-21,https://epub3.kb.dk/hcadag/epub3/EPUB/hcadag06_153_141.xhtml,
Pag060142,VI,142,1864-XX,1864-10-XX,1864-10-21 1864-10-22 1864-10-23 1864-10-24,https://epub3.kb.dk/hcadag/epub3/EPUB/hcadag06_154_142.xhtml,
Pag060143,VI,143,1864-XX,1864-10-XX,1864-10-24 1864-10-25 1864-10-26 1864-10-27 1864-10-28,https://epub3.kb.dk/hcadag/epub3/EPUB/hcadag06_155_143.xhtml,
Pag060144,VI,144,1864-XX,1864-10-XX,1864-10-28 1864-10-29,https://epub3.kb.dk/hcadag/epub3/EPUB/hcadag06_156_144.xhtml,
Pag060145,VI,145,1864-XX,1864-10-XX,1864-10-29 1864-10-30,https://epub3.kb.dk/hcadag/epub3/EPUB/hcadag06_157_145.xhtml,
Pag060146,VI,146,1864-XX,1864-10-XX 1864-11-XX,1864-10-30 1864-10-31 1864-11-01,https://epub3.kb.dk/hcadag/epub3/EPUB/hcadag06_158_146.xhtml,
Pag060147,VI,147,1864-XX,1864-11-XX,1864-11-01 1864-11-02,https://epub3.kb.dk/hcadag/epub3/EPUB/hcadag06_159_147.xhtml,
Pag060148,VI,148,1864-XX,1864-11-XX,1864-11-03 1864-11-04,https://epub3.kb.dk/hcadag/epub3/EPUB/hcadag06_160_148.xhtml,
Pag060149,VI,149,1864-XX,1864-11-XX,1864-11-04 1864-11-05 1864-11-06 1864-11-07,https://epub3.kb.dk/hcadag/epub3/EPUB/hcadag06_161_149.xhtml,
Pag060150,VI,150,1864-XX,1864-11-XX,1864-11-08 1864-11-09 1864-11-10 1864-11-11,https://epub3.kb.dk/hcadag/epub3/EPUB/hcadag06_162_150.xhtml,
Pag060151,VI,151,1864-XX,1864-11-XX,1864-11-11 1864-11-12 1864-11-13,https://epub3.kb.dk/hcadag/epub3/EPUB/hcadag06_163_151.xhtml,
Pag060152,VI,152,1864-XX,1864-11-XX,1864-11-14 1864-11-15,https://epub3.kb.dk/hcadag/epub3/EPUB/hcadag06_164_152.xhtml,
Pag060153,VI,153,1864-XX,1864-11-XX,1864-11-15 1864-11-16 1864-11-17 1864-11-18,https://epub3.kb.dk/hcadag/epub3/EPUB/hcadag06_165_153.xhtml,
Pag060154,VI,154,1864-XX,1864-11-XX,1864-11-18 1864-11-19 1864-11-20 1864-11-21,https://epub3.kb.dk/hcadag/epub3/EPUB/hcadag06_166_154.xhtml,
Pag060155,VI,155,1864-XX,1864-11-XX,1864-11-21 1864-11-22 1864-11-23,https://epub3.kb.dk/hcadag/epub3/EPUB/hcadag06_167_155.xhtml,
Pag060156,VI,156,1864-XX,1864-11-XX,1864-11-23 1864-11-24 1864-11-25 1864-11-26,https://epub3.kb.dk/hcadag/epub3/EPUB/hcadag06_168_156.xhtml,
Pag060157,VI,157,1864-XX,1864-11-XX,1864-11-26 1864-11-27 1864-11-28,https://epub3.kb.dk/hcadag/epub3/EPUB/hcadag06_169_157.xhtml,
Pag060158,VI,158,1864-XX,1864-11-XX,1864-11-28 1864-11-29,https://epub3.kb.dk/hcadag/epub3/EPUB/hcadag06_170_158.xhtml,
Pag060159,VI,159,1864-XX,1864-11-XX,1864-11-30,https://epub3.kb.dk/hcadag/epub3/EPUB/hcadag06_171_159.xhtml,
Pag060160,VI,160,1864-XX,1864-11-XX 1864-12-XX,1864-11-30 1864-12-01 1864-12-02,https://epub3.kb.dk/hcadag/epub3/EPUB/hcadag06_172_160.xhtml,
Pag060161,VI,161,1864-XX,1864-12-XX,1864-12-02 1864-12-03 1864-12-04,https://epub3.kb.dk/hcadag/epub3/EPUB/hcadag06_173_161.xhtml,
Pag060162,VI,162,1864-XX,1864-12-XX,1864-12-04 1864-12-05 1864-12-06 1864-12-07,https://epub3.kb.dk/hcadag/epub3/EPUB/hcadag06_174_162.xhtml,
Pag060163,VI,163,1864-XX,1864-12-XX,1864-12-07 1864-12-08 1864-12-09 1864-12-10,https://epub3.kb.dk/hcadag/epub3/EPUB/hcadag06_175_163.xhtml,
Pag060164,VI,164,1864-XX,1864-12-XX,1864-12-10 1864-12-11 1864-12-12,https://epub3.kb.dk/hcadag/epub3/EPUB/hcadag06_176_164.xhtml,
Pag060165,VI,165,1864-XX,1864-12-XX,1864-12-12 1864-12-13 1864-12-14 1864-12-15,https://epub3.kb.dk/hcadag/epub3/EPUB/hcadag06_177_165.xhtml,
Pag060166,VI,166,1864-XX,1864-12-XX,1864-12-15 1864-12-16 1864-12-17 1864-12-18,https://epub3.kb.dk/hcadag/epub3/EPUB/hcadag06_178_166.xhtml,
Pag060167,VI,167,1864-XX,1864-12-XX,1864-12-18 1864-12-19 1864-12-20,https://epub3.kb.dk/hcadag/epub3/EPUB/hcadag06_179_167.xhtml,
Pag060168,VI,168,1864-XX,1864-12-XX,1864-12-21 1864-12-22,https://epub3.kb.dk/hcadag/epub3/EPUB/hcadag06_180_168.xhtml,
Pag060169,VI,169,1864-XX,1864-12-XX,1864-12-22 1864-12-23,https://epub3.kb.dk/hcadag/epub3/EPUB/hcadag06_181_169.xhtml,
Pag060170,VI,170,1864-XX,1864-12-XX,1864-12-23 1864-12-24,https://epub3.kb.dk/hcadag/epub3/EPUB/hcadag06_182_170.xhtml,
Pag060171,VI,171,1864-XX,1864-12-XX,1864-12-24 1864-12-25 1864-12-26,https://epub3.kb.dk/hcadag/epub3/EPUB/hcadag06_183_171.xhtml,
Pag060172,VI,172,1864-XX,1864-12-XX,1864-12-26 1864-12-27 1864-12-28 1864-12-29,https://epub3.kb.dk/hcadag/epub3/EPUB/hcadag06_184_172.xhtml,
Pag060173,VI,173,1864-XX,1864-12-XX,1864-12-29 1864-12-30,https://epub3.kb.dk/hcadag/epub3/EPUB/hcadag06_185_173.xhtml,
Pag060174,VI,174,1865-XX,1864-12-XX 1865-01-XX,1864-12-30 1864-12-31 1865-01-01,https://epub3.kb.dk/hcadag/epub3/EPUB/hcadag06_186_174.xhtml,
Pag060175,VI,175,1865-XX,1865-01-XX,1865-01-01 1865-01-02,https://epub3.kb.dk/hcadag/epub3/EPUB/hcadag06_187_175.xhtml,
Pag060176,VI,176,1865-XX,1865-01-XX,1865-01-02 1865-01-03 1865-01-04,https://epub3.kb.dk/hcadag/epub3/EPUB/hcadag06_188_176.xhtml,
Pag060177,VI,177,1865-XX,1865-01-XX,1865-01-04 1865-01-05 1865-01-06,https://epub3.kb.dk/hcadag/epub3/EPUB/hcadag06_189_177.xhtml,
Pag060178,VI,178,1865-XX,1865-01-XX,1865-01-06 1865-01-07 1865-01-08 1865-01-09 1865-01-10,https://epub3.kb.dk/hcadag/epub3/EPUB/hcadag06_190_178.xhtml,
Pag060179,VI,179,1865-XX,1865-01-XX,1865-01-10 1865-01-11 1865-01-12 1865-01-13 1865-01-14,https://epub3.kb.dk/hcadag/epub3/EPUB/hcadag06_191_179.xhtml,
Pag060180,VI,180,1865-XX,1865-01-XX,1865-01-14 1865-01-15 1865-01-16 1865-01-17 1865-01-18,https://epub3.kb.dk/hcadag/epub3/EPUB/hcadag06_192_180.xhtml,
Pag060181,VI,181,1865-XX,1865-01-XX,1865-01-19 1865-01-20 1865-01-21 1865-01-22 1865-01-23 1865-01-24,https://epub3.kb.dk/hcadag/epub3/EPUB/hcadag06_193_181.xhtml,
Pag060182,VI,182,1865-XX,1865-01-XX,1865-01-24 1865-01-25 1865-01-26,https://epub3.kb.dk/hcadag/epub3/EPUB/hcadag06_194_182.xhtml,
Pag060183,VI,183,1865-XX,1865-01-XX,1865-01-26 1865-01-27 1865-01-28 1865-01-29 1865-01-30,https://epub3.kb.dk/hcadag/epub3/EPUB/hcadag06_195_183.xhtml,
Pag060184,VI,184,1865-XX,1865-01-XX 1865-02-XX,1865-01-30 1865-01-31 1865-02-01 1865-02-02 1865-02-03 1865-02-04,https://epub3.kb.dk/hcadag/epub3/EPUB/hcadag06_196_184.xhtml,
Pag060185,VI,185,1865-XX,1865-02-XX,1865-02-04 1865-02-05 1865-02-06,https://epub3.kb.dk/hcadag/epub3/EPUB/hcadag06_197_185.xhtml,
Pag060186,VI,186,1865-XX,1865-02-XX,1865-02-06 1865-02-07,https://epub3.kb.dk/hcadag/epub3/EPUB/hcadag06_198_186.xhtml,
Pag060187,VI,187,1865-XX,1865-02-XX,1865-02-07 1865-02-08 1865-02-09 1865-02-10 1865-02-11 1865-02-12,https://epub3.kb.dk/hcadag/epub3/EPUB/hcadag06_199_187.xhtml,
Pag060188,VI,188,1865-XX,1865-02-XX,1865-02-12 1865-02-13 1865-02-14 1865-02-15,https://epub3.kb.dk/hcadag/epub3/EPUB/hcadag06_200_188.xhtml,
Pag060189,VI,189,1865-XX,1865-02-XX,1865-02-16 1865-02-17 1865-02-18,https://epub3.kb.dk/hcadag/epub3/EPUB/hcadag06_201_189.xhtml,
Pag060190,VI,190,1865-XX,1865-02-XX,1865-02-18 1865-02-19,https://epub3.kb.dk/hcadag/epub3/EPUB/hcadag06_202_190.xhtml,
Pag060191,VI,191,1865-XX,1865-02-XX,1865-02-19 1865-02-20 1865-02-21 1865-02-22,https://epub3.kb.dk/hcadag/epub3/EPUB/hcadag06_203_191.xhtml,
Pag060192,VI,192,1865-XX,1865-02-XX,1865-02-23 1865-02-24,https://epub3.kb.dk/hcadag/epub3/EPUB/hcadag06_204_192.xhtml,
Pag060193,VI,193,1865-XX,1865-02-XX,1865-02-24 1865-02-25 1865-02-26 1865-02-27,https://epub3.kb.dk/hcadag/epub3/EPUB/hcadag06_205_193.xhtml,
Pag060194,VI,194,1865-XX,1865-02-XX 1865-03-XX,1865-02-27 1865-02-28 1865-03-01 1865-03-02,https://epub3.kb.dk/hcadag/epub3/EPUB/hcadag06_206_194.xhtml,
Pag060195,VI,195,1865-XX,1865-03-XX,1865-03-02 1865-03-03 1865-03-04,https://epub3.kb.dk/hcadag/epub3/EPUB/hcadag06_207_195.xhtml,
Pag060196,VI,196,1865-XX,1865-03-XX,1865-03-04 1865-03-05 1865-03-06 1865-03-07,https://epub3.kb.dk/hcadag/epub3/EPUB/hcadag06_208_196.xhtml,
Pag060197,VI,197,1865-XX,1865-03-XX,1865-03-07 1865-03-08 1865-03-09 1865-03-10 1865-03-11,https://epub3.kb.dk/hcadag/epub3/EPUB/hcadag06_209_197.xhtml,
Pag060198,VI,198,1865-XX,1865-03-XX,1865-03-11 1865-03-12 1865-03-13 1865-03-14,https://epub3.kb.dk/hcadag/epub3/EPUB/hcadag06_210_198.xhtml,
Pag060199,VI,199,1865-XX,1865-03-XX,1865-03-14 1865-03-15 1865-03-16 1865-03-17,https://epub3.kb.dk/hcadag/epub3/EPUB/hcadag06_211_199.xhtml,
Pag060200,VI,200,1865-XX,1865-03-XX,1865-03-17 1865-03-18,https://epub3.kb.dk/hcadag/epub3/EPUB/hcadag06_212_200.xhtml,
Pag060201,VI,201,1865-XX,1865-03-XX,1865-03-19 1865-03-20 1865-03-21 1865-03-22,https://epub3.kb.dk/hcadag/epub3/EPUB/hcadag06_213_201.xhtml,
Pag060202,VI,202,1865-XX,1865-03-XX,1865-03-22 1865-03-23 1865-03-24 1865-03-25,https://epub3.kb.dk/hcadag/epub3/EPUB/hcadag06_214_202.xhtml,
Pag060203,VI,203,1865-XX,1865-03-XX,1865-03-25 1865-03-26 1865-03-27,https://epub3.kb.dk/hcadag/epub3/EPUB/hcadag06_215_203.xhtml,
Pag060204,VI,204,1865-XX,1865-03-XX,1865-03-27 1865-03-28 1865-03-29 1865-03-30 1865-03-31,https://epub3.kb.dk/hcadag/epub3/EPUB/hcadag06_216_204.xhtml,
Pag060205,VI,205,1865-XX,1865-03-XX 1865-04-XX,1865-03-31 1865-04-01 1865-04-02,https://epub3.kb.dk/hcadag/epub3/EPUB/hcadag06_217_205.xhtml,
Pag060206,VI,206,1865-XX,1865-04-XX,1865-04-02,https://epub3.kb.dk/hcadag/epub3/EPUB/hcadag06_218_206.xhtml,
Pag060207,VI,207,1865-XX,1865-04-XX,1865-04-02 1865-04-03 1865-04-04 1865-04-05,https://epub3.kb.dk/hcadag/epub3/EPUB/hcadag06_219_207.xhtml,
Pag060208,VI,208,1865-XX,1865-04-XX,1865-04-06 1865-04-07 1865-04-08,https://epub3.kb.dk/hcadag/epub3/EPUB/hcadag06_220_208.xhtml,
Pag060209,VI,209,1865-XX,1865-04-XX,1865-04-08 1865-04-09,https://epub3.kb.dk/hcadag/epub3/EPUB/hcadag06_221_209.xhtml,
Pag060210,VI,210,1865-XX,1865-04-XX,1865-04-09 1865-04-10 1865-04-11 1865-04-12,https://epub3.kb.dk/hcadag/epub3/EPUB/hcadag06_222_210.xhtml,
Pag060211,VI,211,1865-XX,1865-04-XX,1865-04-12 1865-04-13,https://epub3.kb.dk/hcadag/epub3/EPUB/hcadag06_223_211.xhtml,
Pag060212,VI,212,1865-XX,1865-04-XX,1865-04-13,https://epub3.kb.dk/hcadag/epub3/EPUB/hcadag06_224_212.xhtml,
Pag060213,VI,213,1865-XX,1865-04-XX,1865-04-13 1865-04-14 1865-04-15,https://epub3.kb.dk/hcadag/epub3/EPUB/hcadag06_225_213.xhtml,
Pag060214,VI,214,1865-XX,1865-04-XX,1865-04-15 1865-04-16 1865-04-17 1865-04-18,https://epub3.kb.dk/hcadag/epub3/EPUB/hcadag06_226_214.xhtml,
Pag060215,VI,215,1865-XX,1865-04-XX,1865-04-18 1865-04-19,https://epub3.kb.dk/hcadag/epub3/EPUB/hcadag06_227_215.xhtml,
Pag060216,VI,216,1865-XX,1865-04-XX,1865-04-19 1865-04-20,https://epub3.kb.dk/hcadag/epub3/EPUB/hcadag06_228_216.xhtml,
Pag060217,VI,217,1865-XX,1865-04-XX,1865-04-20 1865-04-21 1865-04-22 1865-04-23,https://epub3.kb.dk/hcadag/epub3/EPUB/hcadag06_229_217.xhtml,
Pag060218,VI,218,1865-XX,1865-04-XX,1865-04-23,https://epub3.kb.dk/hcadag/epub3/EPUB/hcadag06_230_218.xhtml,
Pag060219,VI,219,1865-XX,1865-04-XX,1865-04-23 1865-04-24 1865-04-25 1865-04-26,https://epub3.kb.dk/hcadag/epub3/EPUB/hcadag06_231_219.xhtml,
Pag060220,VI,220,1865-XX,1865-04-XX,1865-04-26 1865-04-27 1865-04-28 1865-04-29,https://epub3.kb.dk/hcadag/epub3/EPUB/hcadag06_232_220.xhtml,
Pag060221,VI,221,1865-XX,1865-04-XX 1865-05-XX,1865-04-29 1865-04-30 1865-05-01 1865-05-02,https://epub3.kb.dk/hcadag/epub3/EPUB/hcadag06_233_221.xhtml,
Pag060222,VI,222,1865-XX,1865-05-XX,1865-05-02 1865-05-03 1865-05-04 1865-05-05,https://epub3.kb.dk/hcadag/epub3/EPUB/hcadag06_234_222.xhtml,
Pag060223,VI,223,1865-XX,1865-05-XX,1865-05-06 1865-05-07 1865-05-08,https://epub3.kb.dk/hcadag/epub3/EPUB/hcadag06_235_223.xhtml,
Pag060224,VI,224,1865-XX,1865-05-XX,1865-05-09 1865-05-10 1865-05-11 1865-05-12 1865-05-13,https://epub3.kb.dk/hcadag/epub3/EPUB/hcadag06_236_224.xhtml,
Pag060225,VI,225,1865-XX,1865-05-XX,1865-05-13 1865-05-14 1865-05-15 1865-05-16,https://epub3.kb.dk/hcadag/epub3/EPUB/hcadag06_237_225.xhtml,
Pag060226,VI,226,1865-XX,1865-05-XX,1865-05-16 1865-05-17,https://epub3.kb.dk/hcadag/epub3/EPUB/hcadag06_238_226.xhtml,
Pag060227,VI,227,1865-XX,1865-05-XX,1865-05-18 1865-05-19 1865-05-20 1865-05-21 1865-05-22,https://epub3.kb.dk/hcadag/epub3/EPUB/hcadag06_239_227.xhtml,
Pag060228,VI,228,1865-XX,1865-05-XX,1865-05-22 1865-05-23 1865-05-24,https://epub3.kb.dk/hcadag/epub3/EPUB/hcadag06_240_228.xhtml,
Pag060229,VI,229,1865-XX,1865-05-XX,1865-05-24 1865-05-25 1865-05-26 1865-05-27,https://epub3.kb.dk/hcadag/epub3/EPUB/hcadag06_241_229.xhtml,
Pag060230,VI,230,1865-XX,1865-05-XX,1865-05-27 1865-05-28 1865-05-29 1865-05-30 1865-05-31,https://epub3.kb.dk/hcadag/epub3/EPUB/hcadag06_242_230.xhtml,
Pag060231,VI,231,1865-XX,1865-05-XX 1865-06-XX,1865-05-31 1865-06-01,https://epub3.kb.dk/hcadag/epub3/EPUB/hcadag06_243_231.xhtml,
Pag060232,VI,232,1865-XX,1865-06-XX,1865-06-01 1865-06-02 1865-06-03,https://epub3.kb.dk/hcadag/epub3/EPUB/hcadag06_244_232.xhtml,
Pag060233,VI,233,1865-XX,1865-06-XX,1865-06-03 1865-06-04 1865-06-05,https://epub3.kb.dk/hcadag/epub3/EPUB/hcadag06_245_233.xhtml,
Pag060234,VI,234,1865-XX,1865-06-XX,1865-06-06 1865-06-07 1865-06-08 1865-06-09 1865-06-10 1865-06-11,https://epub3.kb.dk/hcadag/epub3/EPUB/hcadag06_246_234.xhtml,
Pag060235,VI,235,1865-XX,1865-06-XX,1865-06-11 1865-06-12,https://epub3.kb.dk/hcadag/epub3/EPUB/hcadag06_247_235.xhtml,
Pag060236,VI,236,1865-XX,1865-06-XX,1865-06-12 1865-06-13 1865-06-14,https://epub3.kb.dk/hcadag/epub3/EPUB/hcadag06_248_236.xhtml,
Pag060237,VI,237,1865-XX,1865-06-XX,1865-06-14 1865-06-15 1865-06-16,https://epub3.kb.dk/hcadag/epub3/EPUB/hcadag06_249_237.xhtml,
Pag060238,VI,238,1865-XX,1865-06-XX,1865-06-16 1865-06-17 1865-06-18,https://epub3.kb.dk/hcadag/epub3/EPUB/hcadag06_250_238.xhtml,
Pag060239,VI,239,1865-XX,1865-06-XX,1865-06-18 1865-06-19 1865-06-20,https://epub3.kb.dk/hcadag/epub3/EPUB/hcadag06_251_239.xhtml,
Pag060240,VI,240,1865-XX,1865-06-XX,1865-06-20 1865-06-21 1865-06-22 1865-06-23,https://epub3.kb.dk/hcadag/epub3/EPUB/hcadag06_252_240.xhtml,
Pag060241,VI,241,1865-XX,1865-06-XX,1865-06-23 1865-06-24 1865-06-25,https://epub3.kb.dk/hcadag/epub3/EPUB/hcadag06_253_241.xhtml,
Pag060242,VI,242,1865-XX,1865-06-XX,1865-06-25 1865-06-26 1865-06-27 1865-06-28,https://epub3.kb.dk/hcadag/epub3/EPUB/hcadag06_254_242.xhtml,
Pag060243,VI,243,1865-XX,1865-06-XX,1865-06-29 1865-06-30,https://epub3.kb.dk/hcadag/epub3/EPUB/hcadag06_255_243.xhtml,
Pag060244,VI,244,1865-XX,1865-07-XX,1865-07-01 1865-07-02,https://epub3.kb.dk/hcadag/epub3/EPUB/hcadag06_256_244.xhtml,
Pag060245,VI,245,1865-XX,1865-07-XX,1865-07-02 1865-07-03 1865-07-04 1865-07-05,https://epub3.kb.dk/hcadag/epub3/EPUB/hcadag06_257_245.xhtml,
Pag060246,VI,246,1865-XX,1865-07-XX,1865-07-05 1865-07-06,https://epub3.kb.dk/hcadag/epub3/EPUB/hcadag06_258_246.xhtml,
Pag060247,VI,247,1865-XX,1865-07-XX,1865-07-06 1865-07-07 1865-07-08,https://epub3.kb.dk/hcadag/epub3/EPUB/hcadag06_259_247.xhtml,
Pag060248,VI,248,1865-XX,1865-07-XX,1865-07-08 1865-07-09 1865-07-10,https://epub3.kb.dk/hcadag/epub3/EPUB/hcadag06_260_248.xhtml,
Pag060249,VI,249,1865-XX,1865-07-XX,1865-07-10 1865-07-11 1865-07-12 1865-07-13 1865-07-14,https://epub3.kb.dk/hcadag/epub3/EPUB/hcadag06_261_249.xhtml,
Pag060250,VI,250,1865-XX,1865-07-XX,1865-07-14 1865-07-15 1865-07-16,https://epub3.kb.dk/hcadag/epub3/EPUB/hcadag06_262_250.xhtml,
Pag060251,VI,251,1865-XX,1865-07-XX,1865-07-16 1865-07-17 1865-07-18,https://epub3.kb.dk/hcadag/epub3/EPUB/hcadag06_263_251.xhtml,
Pag060252,VI,252,1865-XX,1865-07-XX,1865-07-18 1865-07-19 1865-07-20 1865-07-21,https://epub3.kb.dk/hcadag/epub3/EPUB/hcadag06_264_252.xhtml,
Pag060253,VI,253,1865-XX,1865-07-XX,1865-07-21 1865-07-22 1865-07-23,https://epub3.kb.dk/hcadag/epub3/EPUB/hcadag06_265_253.xhtml,
Pag060254,VI,254,1865-XX,1865-07-XX,1865-07-23 1865-07-24 1865-07-25,https://epub3.kb.dk/hcadag/epub3/EPUB/hcadag06_266_254.xhtml,
Pag060255,VI,255,1865-XX,1865-07-XX,1865-07-25 1865-07-26 1865-07-27,https://epub3.kb.dk/hcadag/epub3/EPUB/hcadag06_267_255.xhtml,
Pag060256,VI,256,1865-XX,1865-07-XX,1865-07-27 1865-07-28,https://epub3.kb.dk/hcadag/epub3/EPUB/hcadag06_268_256.xhtml,
Pag060257,VI,257,1865-XX,1865-07-XX 1865-08-XX,1865-07-28 1865-07-29 1865-07-30 1865-07-31 1865-08-01,https://epub3.kb.dk/hcadag/epub3/EPUB/hcadag06_269_257.xhtml,
Pag060258,VI,258,1865-XX,1865-08-XX,1865-08-01 1865-08-02 1865-08-03,https://epub3.kb.dk/hcadag/epub3/EPUB/hcadag06_270_258.xhtml,
Pag060259,VI,259,1865-XX,1865-08-XX,1865-08-03 1865-08-04 1865-08-05,https://epub3.kb.dk/hcadag/epub3/EPUB/hcadag06_271_259.xhtml,
Pag060260,VI,260,1865-XX,1865-08-XX,1865-08-05,https://epub3.kb.dk/hcadag/epub3/EPUB/hcadag06_272_260.xhtml,
Pag060261,VI,261,1865-XX,1865-08-XX,1865-08-05 1865-08-06 1865-08-07,https://epub3.kb.dk/hcadag/epub3/EPUB/hcadag06_273_261.xhtml,
Pag060262,VI,262,1865-XX,1865-08-XX,1865-08-07 1865-08-08 1865-08-09,https://epub3.kb.dk/hcadag/epub3/EPUB/hcadag06_274_262.xhtml,
Pag060263,VI,263,1865-XX,1865-08-XX,1865-08-09 1865-08-10,https://epub3.kb.dk/hcadag/epub3/EPUB/hcadag06_275_263.xhtml,
Pag060264,VI,264,1865-XX,1865-08-XX,1865-08-11,https://epub3.kb.dk/hcadag/epub3/EPUB/hcadag06_276_264.xhtml,
Pag060265,VI,265,1865-XX,1865-08-XX,1865-08-12,https://epub3.kb.dk/hcadag/epub3/EPUB/hcadag06_277_265.xhtml,
Pag060266,VI,266,1865-XX,1865-08-XX,1865-08-12 1865-08-13 1865-08-14 1865-08-15,https://epub3.kb.dk/hcadag/epub3/EPUB/hcadag06_278_266.xhtml,
Pag060267,VI,267,1865-XX,1865-08-XX,1865-08-16 1865-08-17,https://epub3.kb.dk/hcadag/epub3/EPUB/hcadag06_279_267.xhtml,
Pag060268,VI,268,1865-XX,1865-08-XX,1865-08-17 1865-08-18,https://epub3.kb.dk/hcadag/epub3/EPUB/hcadag06_280_268.xhtml,
Pag060269,VI,269,1865-XX,1865-08-XX,1865-08-18 1865-08-19 1865-08-20 1865-08-21,https://epub3.kb.dk/hcadag/epub3/EPUB/hcadag06_281_269.xhtml,
Pag060270,VI,270,1865-XX,1865-08-XX,1865-08-21 1865-08-22 1865-08-23 1865-08-24,https://epub3.kb.dk/hcadag/epub3/EPUB/hcadag06_282_270.xhtml,
Pag060271,VI,271,1865-XX,1865-08-XX,1865-08-25 1865-08-26,https://epub3.kb.dk/hcadag/epub3/EPUB/hcadag06_283_271.xhtml,
Pag060272,VI,272,1865-XX,1865-08-XX,1865-08-26 1865-08-27 1865-08-28,https://epub3.kb.dk/hcadag/epub3/EPUB/hcadag06_284_272.xhtml,
Pag060273,VI,273,1865-XX,1865-08-XX,1865-08-29 1865-08-30 1865-08-31,https://epub3.kb.dk/hcadag/epub3/EPUB/hcadag06_285_273.xhtml,
Pag060274,VI,274,1865-XX,1865-08-XX 1865-09-XX,1865-08-31 1865-09-01,https://epub3.kb.dk/hcadag/epub3/EPUB/hcadag06_286_274.xhtml,
Pag060275,VI,275,1865-XX,1865-09-XX,1865-09-01 1865-09-02,https://epub3.kb.dk/hcadag/epub3/EPUB/hcadag06_287_275.xhtml,
Pag060276,VI,276,1865-XX,1865-09-XX,1865-09-02 1865-09-03,https://epub3.kb.dk/hcadag/epub3/EPUB/hcadag06_288_276.xhtml,
Pag060277,VI,277,1865-XX,1865-09-XX,1865-09-03 1865-09-04,https://epub3.kb.dk/hcadag/epub3/EPUB/hcadag06_289_277.xhtml,
Pag060278,VI,278,1865-XX,1865-09-XX,1865-09-04 1865-09-05,https://epub3.kb.dk/hcadag/epub3/EPUB/hcadag06_290_278.xhtml,
Pag060279,VI,279,1865-XX,1865-09-XX,1865-09-05 1865-09-06 1865-09-07 1865-09-08,https://epub3.kb.dk/hcadag/epub3/EPUB/hcadag06_291_279.xhtml,
Pag060280,VI,280,1865-XX,1865-09-XX,1865-09-08 1865-09-09 1865-09-10 1865-09-11,https://epub3.kb.dk/hcadag/epub3/EPUB/hcadag06_292_280.xhtml,
Pag060281,VI,281,1865-XX,1865-09-XX,1865-09-11 1865-09-12 1865-09-13 1865-09-14,https://epub3.kb.dk/hcadag/epub3/EPUB/hcadag06_293_281.xhtml,
Pag060282,VI,282,1865-XX,1865-09-XX,1865-09-14 1865-09-15,https://epub3.kb.dk/hcadag/epub3/EPUB/hcadag06_294_282.xhtml,
Pag060283,VI,283,1865-XX,1865-09-XX,1865-09-15 1865-09-16,https://epub3.kb.dk/hcadag/epub3/EPUB/hcadag06_295_283.xhtml,
Pag060284,VI,284,1865-XX,1865-09-XX,1865-09-16 1865-09-17,https://epub3.kb.dk/hcadag/epub3/EPUB/hcadag06_296_284.xhtml,
Pag060285,VI,285,1865-XX,1865-09-XX,1865-09-17,https://epub3.kb.dk/hcadag/epub3/EPUB/hcadag06_297_285.xhtml,
Pag060286,VI,286,1865-XX,1865-09-XX,1865-09-17 1865-09-18,https://epub3.kb.dk/hcadag/epub3/EPUB/hcadag06_298_286.xhtml,
Pag060287,VI,287,1865-XX,1865-09-XX,1865-09-18 1865-09-19 1865-09-20,https://epub3.kb.dk/hcadag/epub3/EPUB/hcadag06_299_287.xhtml,
Pag060288,VI,288,1865-XX,1865-09-XX,1865-09-20,https://epub3.kb.dk/hcadag/epub3/EPUB/hcadag06_300_288.xhtml,
Pag060289,VI,289,1865-XX,1865-09-XX,1865-09-20 1865-09-21,https://epub3.kb.dk/hcadag/epub3/EPUB/hcadag06_301_289.xhtml,
Pag060290,VI,290,1865-XX,1865-09-XX,1865-09-22 1865-09-23,https://epub3.kb.dk/hcadag/epub3/EPUB/hcadag06_302_290.xhtml,
Pag060291,VI,291,1865-XX,1865-09-XX,1865-09-23 1865-09-24,https://epub3.kb.dk/hcadag/epub3/EPUB/hcadag06_303_291.xhtml,
Pag060292,VI,292,1865-XX,1865-09-XX,1865-09-24 1865-09-25,https://epub3.kb.dk/hcadag/epub3/EPUB/hcadag06_304_292.xhtml,
Pag060293,VI,293,1865-XX,1865-09-XX,1865-09-25 1865-09-26,https://epub3.kb.dk/hcadag/epub3/EPUB/hcadag06_305_293.xhtml,
Pag060294,VI,294,1865-XX,1865-09-XX,1865-09-26 1865-09-27 1865-09-28,https://epub3.kb.dk/hcadag/epub3/EPUB/hcadag06_306_294.xhtml,
Pag060295,VI,295,1865-XX,1865-09-XX,1865-09-28,https://epub3.kb.dk/hcadag/epub3/EPUB/hcadag06_307_295.xhtml,
Pag060296,VI,296,1865-XX,1865-09-XX,1865-09-28 1865-09-29 1865-09-30,https://epub3.kb.dk/hcadag/epub3/EPUB/hcadag06_308_296.xhtml,
Pag060297,VI,297,1865-XX,1865-09-XX,1865-09-30,https://epub3.kb.dk/hcadag/epub3/EPUB/hcadag06_309_297.xhtml,
Pag060298,VI,298,1865-XX,1865-09-XX,1865-09-30,https://epub3.kb.dk/hcadag/epub3/EPUB/hcadag06_310_298.xhtml,
Pag060299,VI,299,1865-XX,1865-10-XX,1865-10-01 1865-10-02,https://epub3.kb.dk/hcadag/epub3/EPUB/hcadag06_311_299.xhtml,
Pag060300,VI,300,1865-XX,1865-10-XX,1865-10-02 1865-10-03 1865-10-04,https://epub3.kb.dk/hcadag/epub3/EPUB/hcadag06_312_300.xhtml,
Pag060301,VI,301,1865-XX,1865-10-XX,1865-10-04 1865-10-05 1865-10-06,https://epub3.kb.dk/hcadag/epub3/EPUB/hcadag06_313_301.xhtml,
Pag060302,VI,302,1865-XX,1865-10-XX,1865-10-06 1865-10-07,https://epub3.kb.dk/hcadag/epub3/EPUB/hcadag06_314_302.xhtml,
Pag060303,VI,303,1865-XX,1865-10-XX,1865-10-08 1865-10-09 1865-10-10,https://epub3.kb.dk/hcadag/epub3/EPUB/hcadag06_315_303.xhtml,
Pag060304,VI,304,1865-XX,1865-10-XX,1865-10-10 1865-10-11,https://epub3.kb.dk/hcadag/epub3/EPUB/hcadag06_316_304.xhtml,
Pag060305,VI,305,1865-XX,1865-10-XX,1865-10-11,https://epub3.kb.dk/hcadag/epub3/EPUB/hcadag06_317_305.xhtml,
Pag060306,VI,306,1865-XX,1865-10-XX,1865-10-11 1865-10-12,https://epub3.kb.dk/hcadag/epub3/EPUB/hcadag06_318_306.xhtml,
Pag060307,VI,307,1865-XX,1865-10-XX,1865-10-12 1865-10-13,https://epub3.kb.dk/hcadag/epub3/EPUB/hcadag06_319_307.xhtml,
Pag060308,VI,308,1865-XX,1865-10-XX,1865-10-14 1865-10-15 1865-10-16,https://epub3.kb.dk/hcadag/epub3/EPUB/hcadag06_320_308.xhtml,
Pag060309,VI,309,1865-XX,1865-10-XX,1865-10-16 1865-10-17 1865-10-18 1865-10-19,https://epub3.kb.dk/hcadag/epub3/EPUB/hcadag06_321_309.xhtml,
Pag060310,VI,310,1865-XX,1865-10-XX,1865-10-19 1865-10-20 1865-10-21,https://epub3.kb.dk/hcadag/epub3/EPUB/hcadag06_322_310.xhtml,
Pag060311,VI,311,1865-XX,1865-10-XX,1865-10-21 1865-10-22 1865-10-23,https://epub3.kb.dk/hcadag/epub3/EPUB/hcadag06_323_311.xhtml,
Pag060312,VI,312,1865-XX,1865-10-XX,1865-10-23 1865-10-24 1865-10-25 1865-10-26,https://epub3.kb.dk/hcadag/epub3/EPUB/hcadag06_324_312.xhtml,
Pag060313,VI,313,1865-XX,1865-10-XX,1865-10-26 1865-10-27 1865-10-28 1865-10-29,https://epub3.kb.dk/hcadag/epub3/EPUB/hcadag06_325_313.xhtml,
Pag060314,VI,314,1865-XX,1865-10-XX,1865-10-29 1865-10-30 1865-10-31,https://epub3.kb.dk/hcadag/epub3/EPUB/hcadag06_326_314.xhtml,
Pag060315,VI,315,1865-XX,1865-10-XX 1865-11-XX,1865-10-31 1865-11-01,https://epub3.kb.dk/hcadag/epub3/EPUB/hcadag06_327_315.xhtml,
Pag060316,VI,316,1865-XX,1865-11-XX,1865-11-02 1865-11-03,https://epub3.kb.dk/hcadag/epub3/EPUB/hcadag06_328_316.xhtml,
Pag060317,VI,317,1865-XX,1865-11-XX,1865-11-03 1865-11-04 1865-11-05,https://epub3.kb.dk/hcadag/epub3/EPUB/hcadag06_329_317.xhtml,
Pag060318,VI,318,1865-XX,1865-11-XX,1865-11-05,https://epub3.kb.dk/hcadag/epub3/EPUB/hcadag06_330_318.xhtml,
Pag060319,VI,319,1865-XX,1865-11-XX,1865-11-05 1865-11-06 1865-11-07,https://epub3.kb.dk/hcadag/epub3/EPUB/hcadag06_331_319.xhtml,
Pag060320,VI,320,1865-XX,1865-11-XX,1865-11-07 1865-11-08,https://epub3.kb.dk/hcadag/epub3/EPUB/hcadag06_332_320.xhtml,
Pag060321,VI,321,1865-XX,1865-11-XX,1865-11-09 1865-11-10 1865-11-11 1865-11-12,https://epub3.kb.dk/hcadag/epub3/EPUB/hcadag06_333_321.xhtml,
Pag060322,VI,322,1865-XX,1865-11-XX,1865-11-12 1865-11-13 1865-11-14,https://epub3.kb.dk/hcadag/epub3/EPUB/hcadag06_334_322.xhtml,
Pag060323,VI,323,1865-XX,1865-11-XX,1865-11-14 1865-11-15,https://epub3.kb.dk/hcadag/epub3/EPUB/hcadag06_335_323.xhtml,
Pag060324,VI,324,1865-XX,1865-11-XX,1865-11-15 1865-11-16 1865-11-17,https://epub3.kb.dk/hcadag/epub3/EPUB/hcadag06_336_324.xhtml,
Pag060325,VI,325,1865-XX,1865-11-XX,1865-11-17 1865-11-18 1865-11-19,https://epub3.kb.dk/hcadag/epub3/EPUB/hcadag06_337_325.xhtml,
Pag060326,VI,326,1865-XX,1865-11-XX,1865-11-19 1865-11-20,https://epub3.kb.dk/hcadag/epub3/EPUB/hcadag06_338_326.xhtml,
Pag060327,VI,327,1865-XX,1865-11-XX,1865-11-20 1865-11-21,https://epub3.kb.dk/hcadag/epub3/EPUB/hcadag06_339_327.xhtml,
Pag060328,VI,328,1865-XX,1865-11-XX,1865-11-21 1865-11-22,https://epub3.kb.dk/hcadag/epub3/EPUB/hcadag06_340_328.xhtml,
Pag060329,VI,329,1865-XX,1865-11-XX,1865-11-22,https://epub3.kb.dk/hcadag/epub3/EPUB/hcadag06_341_329.xhtml,
Pag060330,VI,330,1865-XX,1865-11-XX,1865-11-22,https://epub3.kb.dk/hcadag/epub3/EPUB/hcadag06_342_330.xhtml,
Pag060331,VI,331,1865-XX,1865-11-XX,1865-11-23 1865-11-24,https://epub3.kb.dk/hcadag/epub3/EPUB/hcadag06_343_331.xhtml,
Pag060332,VI,332,1865-XX,1865-11-XX,1865-11-24 1865-11-25,https://epub3.kb.dk/hcadag/epub3/EPUB/hcadag06_344_332.xhtml,
Pag060333,VI,333,1865-XX,1865-11-XX,1865-11-25 1865-11-26,https://epub3.kb.dk/hcadag/epub3/EPUB/hcadag06_345_333.xhtml,
Pag060334,VI,334,1865-XX,1865-11-XX,1865-11-26 1865-11-27,https://epub3.kb.dk/hcadag/epub3/EPUB/hcadag06_346_334.xhtml,
Pag060335,VI,335,1865-XX,1865-11-XX,1865-11-27 1865-11-28 1865-11-29,https://epub3.kb.dk/hcadag/epub3/EPUB/hcadag06_347_335.xhtml,
Pag060336,VI,336,1865-XX,1865-11-XX,1865-11-29 1865-11-30,https://epub3.kb.dk/hcadag/epub3/EPUB/hcadag06_348_336.xhtml,
Pag060337,VI,337,1865-XX,1865-12-XX,1865-12-01 1865-12-02 1865-12-03,https://epub3.kb.dk/hcadag/epub3/EPUB/hcadag06_349_337.xhtml,
Pag060338,VI,338,1865-XX,1865-12-XX,1865-12-03 1865-12-04,https://epub3.kb.dk/hcadag/epub3/EPUB/hcadag06_350_338.xhtml,
Pag060339,VI,339,1865-XX,1865-12-XX,1865-12-04 1865-12-05,https://epub3.kb.dk/hcadag/epub3/EPUB/hcadag06_351_339.xhtml,
Pag060340,VI,340,1865-XX,1865-12-XX,1865-12-05 1865-12-06 1865-12-07 1865-12-08,https://epub3.kb.dk/hcadag/epub3/EPUB/hcadag06_352_340.xhtml,
Pag060341,VI,341,1865-XX,1865-12-XX,1865-12-08 1865-12-09,https://epub3.kb.dk/hcadag/epub3/EPUB/hcadag06_353_341.xhtml,
Pag060342,VI,342,1865-XX,1865-12-XX,1865-12-09 1865-12-10,https://epub3.kb.dk/hcadag/epub3/EPUB/hcadag06_354_342.xhtml,
Pag060343,VI,343,1865-XX,1865-12-XX,1865-12-11 1865-12-12 1865-12-13,https://epub3.kb.dk/hcadag/epub3/EPUB/hcadag06_355_343.xhtml,
Pag060344,VI,344,1865-XX,1865-12-XX,1865-12-13 1865-12-14 1865-12-15 1865-12-16,https://epub3.kb.dk/hcadag/epub3/EPUB/hcadag06_356_344.xhtml,
Pag060345,VI,345,1865-XX,1865-12-XX,1865-12-16 1865-12-17 1865-12-18 1865-12-19,https://epub3.kb.dk/hcadag/epub3/EPUB/hcadag06_357_345.xhtml,
Pag060346,VI,346,1865-XX,1865-12-XX,1865-12-19 1865-12-20 1865-12-21 1865-12-22,https://epub3.kb.dk/hcadag/epub3/EPUB/hcadag06_358_346.xhtml,
Pag060347,VI,347,1865-XX,1865-12-XX,1865-12-22 1865-12-23 1865-12-24,https://epub3.kb.dk/hcadag/epub3/EPUB/hcadag06_359_347.xhtml,
Pag060348,VI,348,1865-XX,1865-12-XX,1865-12-24 1865-12-25 1865-12-26,https://epub3.kb.dk/hcadag/epub3/EPUB/hcadag06_360_348.xhtml,
Pag060349,VI,349,1865-XX,1865-12-XX,1865-12-26 1865-12-27,https://epub3.kb.dk/hcadag/epub3/EPUB/hcadag06_361_349.xhtml,
Pag060350,VI,350,1865-XX,1865-12-XX,1865-12-27 1865-12-28 1865-12-29,https://epub3.kb.dk/hcadag/epub3/EPUB/hcadag06_362_350.xhtml,
Pag060351,VI,351,1865-XX,1865-12-XX,1865-12-29 1865-12-30,https://epub3.kb.dk/hcadag/epub3/EPUB/hcadag06_363_351.xhtml,
Pag060352,VI,352,1865-XX,1865-12-XX,1865-12-30 1865-12-31,https://epub3.kb.dk/hcadag/epub3/EPUB/hcadag06_364_352.xhtml,
Pag060353,VI,353,1865-XX,1865-12-XX,1865-12-31,https://epub3.kb.dk/hcadag/epub3/EPUB/hcadag06_365_353.xhtml,
Pag070001,VII,1,1866-XX,1866-01-XX,1866-01-01 1866-01-02,https://epub3.kb.dk/hcadag/epub3/EPUB/hcadag07_016_1.xhtml,
Pag070002,VII,2,1866-XX,1866-01-XX,1866-01-02 1866-01-03 1866-01-04 1866-01-05,https://epub3.kb.dk/hcadag/epub3/EPUB/hcadag07_017_2.xhtml,
Pag070003,VII,3,1866-XX,1866-01-XX,1866-01-05 1866-01-06,https://epub3.kb.dk/hcadag/epub3/EPUB/hcadag07_018_3.xhtml,
Pag070004,VII,4,1866-XX,1866-01-XX,1866-01-06 1866-01-07,https://epub3.kb.dk/hcadag/epub3/EPUB/hcadag07_019_4.xhtml,
Pag070005,VII,5,1866-XX,1866-01-XX,1866-01-07 1866-01-08 1866-01-09,https://epub3.kb.dk/hcadag/epub3/EPUB/hcadag07_020_5.xhtml,
Pag070006,VII,6,1866-XX,1866-01-XX,1866-01-09 1866-01-10 1866-01-11 1866-01-12,https://epub3.kb.dk/hcadag/epub3/EPUB/hcadag07_021_6.xhtml,
Pag070007,VII,7,1866-XX,1866-01-XX,1866-01-12 1866-01-13,https://epub3.kb.dk/hcadag/epub3/EPUB/hcadag07_022_7.xhtml,
Pag070008,VII,8,1866-XX,1866-01-XX,1866-01-13 1866-01-14 1866-01-15,https://epub3.kb.dk/hcadag/epub3/EPUB/hcadag07_023_8.xhtml,
Pag070009,VII,9,1866-XX,1866-01-XX,1866-01-15 1866-01-16,https://epub3.kb.dk/hcadag/epub3/EPUB/hcadag07_024_9.xhtml,
Pag070010,VII,10,1866-XX,1866-01-XX,1866-01-16 1866-01-17,https://epub3.kb.dk/hcadag/epub3/EPUB/hcadag07_025_10.xhtml,
Pag070011,VII,11,1866-XX,1866-01-XX,1866-01-17 1866-01-18 1866-01-19,https://epub3.kb.dk/hcadag/epub3/EPUB/hcadag07_026_11.xhtml,
Pag070012,VII,12,1866-XX,1866-01-XX,1866-01-19 1866-01-20,https://epub3.kb.dk/hcadag/epub3/EPUB/hcadag07_027_12.xhtml,
Pag070013,VII,13,1866-XX,1866-01-XX,1866-01-21 1866-01-22,https://epub3.kb.dk/hcadag/epub3/EPUB/hcadag07_028_13.xhtml,
Pag070014,VII,14,1866-XX,1866-01-XX,1866-01-23 1866-01-24 1866-01-25,https://epub3.kb.dk/hcadag/epub3/EPUB/hcadag07_029_14.xhtml,
Pag070015,VII,15,1866-XX,1866-01-XX,1866-01-25 1866-01-26,https://epub3.kb.dk/hcadag/epub3/EPUB/hcadag07_030_15.xhtml,
Pag070016,VII,16,1866-XX,1866-01-XX,1866-01-26 1866-01-27,https://epub3.kb.dk/hcadag/epub3/EPUB/hcadag07_031_16.xhtml,
Pag070017,VII,17,1866-XX,1866-01-XX,1866-01-27 1866-01-28 1866-01-29,https://epub3.kb.dk/hcadag/epub3/EPUB/hcadag07_032_17.xhtml,
Pag070018,VII,18,1866-XX,1866-01-XX,1866-01-29 1866-01-30,https://epub3.kb.dk/hcadag/epub3/EPUB/hcadag07_033_18.xhtml,
Pag070019,VII,19,1866-XX,1866-01-XX,1866-01-30 1866-01-31,https://epub3.kb.dk/hcadag/epub3/EPUB/hcadag07_034_19.xhtml,
Pag070020,VII,20,1866-XX,1866-01-XX 1866-02-XX,1866-01-31 1866-02-01,https://epub3.kb.dk/hcadag/epub3/EPUB/hcadag07_035_20.xhtml,
Pag070021,VII,21,1866-XX,1866-02-XX,1866-02-01 1866-02-02,https://epub3.kb.dk/hcadag/epub3/EPUB/hcadag07_036_21.xhtml,
Pag070022,VII,22,1866-XX,1866-02-XX,1866-02-02,https://epub3.kb.dk/hcadag/epub3/EPUB/hcadag07_037_22.xhtml,
Pag070023,VII,23,1866-XX,1866-02-XX,1866-02-02 1866-02-03 1866-02-04,https://epub3.kb.dk/hcadag/epub3/EPUB/hcadag07_038_23.xhtml,
Pag070024,VII,24,1866-XX,1866-02-XX,1866-02-04 1866-02-05,https://epub3.kb.dk/hcadag/epub3/EPUB/hcadag07_039_24.xhtml,
Pag070025,VII,25,1866-XX,1866-02-XX,1866-02-05 1866-02-06,https://epub3.kb.dk/hcadag/epub3/EPUB/hcadag07_040_25.xhtml,
Pag070026,VII,26,1866-XX,1866-02-XX,1866-02-06,https://epub3.kb.dk/hcadag/epub3/EPUB/hcadag07_041_26.xhtml,
Pag070027,VII,27,1866-XX,1866-02-XX,1866-02-07,https://epub3.kb.dk/hcadag/epub3/EPUB/hcadag07_042_27.xhtml,
Pag070028,VII,28,1866-XX,1866-02-XX,1866-02-07 1866-02-08 1866-02-09,https://epub3.kb.dk/hcadag/epub3/EPUB/hcadag07_043_28.xhtml,
Pag070029,VII,29,1866-XX,1866-02-XX,1866-02-09 1866-02-10,https://epub3.kb.dk/hcadag/epub3/EPUB/hcadag07_044_29.xhtml,
Pag070030,VII,30,1866-XX,1866-02-XX,1866-02-10,https://epub3.kb.dk/hcadag/epub3/EPUB/hcadag07_045_30.xhtml,
Pag070031,VII,31,1866-XX,1866-02-XX,1866-02-11 1866-02-12,https://epub3.kb.dk/hcadag/epub3/EPUB/hcadag07_046_31.xhtml,
Pag070032,VII,32,1866-XX,1866-02-XX,1866-02-12 1866-02-13,https://epub3.kb.dk/hcadag/epub3/EPUB/hcadag07_047_32.xhtml,
Pag070033,VII,33,1866-XX,1866-02-XX,1866-02-13 1866-02-14,https://epub3.kb.dk/hcadag/epub3/EPUB/hcadag07_048_33.xhtml,
Pag070034,VII,34,1866-XX,1866-02-XX,1866-02-14 1866-02-15,https://epub3.kb.dk/hcadag/epub3/EPUB/hcadag07_049_34.xhtml,
Pag070035,VII,35,1866-XX,1866-02-XX,1866-02-15 1866-02-16,https://epub3.kb.dk/hcadag/epub3/EPUB/hcadag07_050_35.xhtml,
Pag070036,VII,36,1866-XX,1866-02-XX,1866-02-16,https://epub3.kb.dk/hcadag/epub3/EPUB/hcadag07_051_36.xhtml,
Pag070037,VII,37,1866-XX,1866-02-XX,1866-02-16 1866-02-17 1866-02-18,https://epub3.kb.dk/hcadag/epub3/EPUB/hcadag07_052_37.xhtml,
Pag070038,VII,38,1866-XX,1866-02-XX,1866-02-18,https://epub3.kb.dk/hcadag/epub3/EPUB/hcadag07_053_38.xhtml,
Pag070039,VII,39,1866-XX,1866-02-XX,1866-02-18 1866-02-19 1866-02-20,https://epub3.kb.dk/hcadag/epub3/EPUB/hcadag07_054_39.xhtml,
Pag070040,VII,40,1866-XX,1866-02-XX,1866-02-20 1866-02-21,https://epub3.kb.dk/hcadag/epub3/EPUB/hcadag07_055_40.xhtml,
Pag070041,VII,41,1866-XX,1866-02-XX,1866-02-21 1866-02-22,https://epub3.kb.dk/hcadag/epub3/EPUB/hcadag07_056_41.xhtml,
Pag070042,VII,42,1866-XX,1866-02-XX,1866-02-23 1866-02-24,https://epub3.kb.dk/hcadag/epub3/EPUB/hcadag07_057_42.xhtml,
Pag070043,VII,43,1866-XX,1866-02-XX,1866-02-24 1866-02-25,https://epub3.kb.dk/hcadag/epub3/EPUB/hcadag07_058_43.xhtml,
Pag070044,VII,44,1866-XX,1866-02-XX,1866-02-26,https://epub3.kb.dk/hcadag/epub3/EPUB/hcadag07_059_44.xhtml,
Pag070045,VII,45,1866-XX,1866-02-XX,1866-02-27 1866-02-28,https://epub3.kb.dk/hcadag/epub3/EPUB/hcadag07_060_45.xhtml,
Pag070046,VII,46,1866-XX,1866-02-XX 1866-03-XX,1866-02-28 1866-03-01,https://epub3.kb.dk/hcadag/epub3/EPUB/hcadag07_061_46.xhtml,
Pag070047,VII,47,1866-XX,1866-03-XX,1866-03-01 1866-03-02 1866-03-03,https://epub3.kb.dk/hcadag/epub3/EPUB/hcadag07_062_47.xhtml,
Pag070048,VII,48,1866-XX,1866-03-XX,1866-03-03 1866-03-04 1866-03-05,https://epub3.kb.dk/hcadag/epub3/EPUB/hcadag07_063_48.xhtml,
Pag070049,VII,49,1866-XX,1866-03-XX,1866-03-05 1866-03-06,https://epub3.kb.dk/hcadag/epub3/EPUB/hcadag07_064_49.xhtml,
Pag070050,VII,50,1866-XX,1866-03-XX,1866-03-06 1866-03-07 1866-03-08,https://epub3.kb.dk/hcadag/epub3/EPUB/hcadag07_065_50.xhtml,
Pag070051,VII,51,1866-XX,1866-03-XX,1866-03-08 1866-03-09,https://epub3.kb.dk/hcadag/epub3/EPUB/hcadag07_066_51.xhtml,
Pag070052,VII,52,1866-XX,1866-03-XX,1866-03-09 1866-03-10,https://epub3.kb.dk/hcadag/epub3/EPUB/hcadag07_067_52.xhtml,
Pag070053,VII,53,1866-XX,1866-03-XX,1866-03-10 1866-03-11 1866-03-12,https://epub3.kb.dk/hcadag/epub3/EPUB/hcadag07_068_53.xhtml,
Pag070054,VII,54,1866-XX,1866-03-XX,1866-03-12 1866-03-13,https://epub3.kb.dk/hcadag/epub3/EPUB/hcadag07_069_54.xhtml,
Pag070055,VII,55,1866-XX,1866-03-XX,1866-03-13 1866-03-14,https://epub3.kb.dk/hcadag/epub3/EPUB/hcadag07_070_55.xhtml,
Pag070056,VII,56,1866-XX,1866-03-XX,1866-03-14 1866-03-15,https://epub3.kb.dk/hcadag/epub3/EPUB/hcadag07_071_56.xhtml,
Pag070057,VII,57,1866-XX,1866-03-XX,1866-03-15 1866-03-16 1866-03-17,https://epub3.kb.dk/hcadag/epub3/EPUB/hcadag07_072_57.xhtml,
Pag070058,VII,58,1866-XX,1866-03-XX,1866-03-17 1866-03-18,https://epub3.kb.dk/hcadag/epub3/EPUB/hcadag07_073_58.xhtml,
Pag070059,VII,59,1866-XX,1866-03-XX,1866-03-18 1866-03-19,https://epub3.kb.dk/hcadag/epub3/EPUB/hcadag07_074_59.xhtml,
Pag070060,VII,60,1866-XX,1866-03-XX,1866-03-19 1866-03-20,https://epub3.kb.dk/hcadag/epub3/EPUB/hcadag07_075_60.xhtml,
Pag070061,VII,61,1866-XX,1866-03-XX,1866-03-20 1866-03-21,https://epub3.kb.dk/hcadag/epub3/EPUB/hcadag07_076_61.xhtml,
Pag070062,VII,62,1866-XX,1866-03-XX,1866-03-21 1866-03-22,https://epub3.kb.dk/hcadag/epub3/EPUB/hcadag07_077_62.xhtml,
Pag070063,VII,63,1866-XX,1866-03-XX,1866-03-22 1866-03-23 1866-03-24,https://epub3.kb.dk/hcadag/epub3/EPUB/hcadag07_078_63.xhtml,
Pag070064,VII,64,1866-XX,1866-03-XX,1866-03-24 1866-03-25,https://epub3.kb.dk/hcadag/epub3/EPUB/hcadag07_079_64.xhtml,
Pag070065,VII,65,1866-XX,1866-03-XX,1866-03-25 1866-03-26,https://epub3.kb.dk/hcadag/epub3/EPUB/hcadag07_080_65.xhtml,
Pag070066,VII,66,1866-XX,1866-03-XX,1866-03-26,https://epub3.kb.dk/hcadag/epub3/EPUB/hcadag07_081_66.xhtml,
Pag070067,VII,67,1866-XX,1866-03-XX,1866-03-26 1866-03-27,https://epub3.kb.dk/hcadag/epub3/EPUB/hcadag07_082_67.xhtml,
Pag070068,VII,68,1866-XX,1866-03-XX,1866-03-27 1866-03-28 1866-03-29,https://epub3.kb.dk/hcadag/epub3/EPUB/hcadag07_083_68.xhtml,
Pag070069,VII,69,1866-XX,1866-03-XX,1866-03-29 1866-03-30,https://epub3.kb.dk/hcadag/epub3/EPUB/hcadag07_084_69.xhtml,
Pag070070,VII,70,1866-XX,1866-03-XX,1866-03-30 1866-03-31,https://epub3.kb.dk/hcadag/epub3/EPUB/hcadag07_085_70.xhtml,
Pag070071,VII,71,1866-XX,1866-04-XX,1866-04-01,https://epub3.kb.dk/hcadag/epub3/EPUB/hcadag07_086_71.xhtml,
Pag070072,VII,72,1866-XX,1866-04-XX,1866-04-01 1866-04-02,https://epub3.kb.dk/hcadag/epub3/EPUB/hcadag07_087_72.xhtml,
Pag070073,VII,73,1866-XX,1866-04-XX,1866-04-02 1866-04-03,https://epub3.kb.dk/hcadag/epub3/EPUB/hcadag07_088_73.xhtml,
Pag070074,VII,74,1866-XX,1866-04-XX,1866-04-03 1866-04-04,https://epub3.kb.dk/hcadag/epub3/EPUB/hcadag07_089_74.xhtml,
Pag070075,VII,75,1866-XX,1866-04-XX,1866-04-04 1866-04-05,https://epub3.kb.dk/hcadag/epub3/EPUB/hcadag07_090_75.xhtml,
Pag070076,VII,76,1866-XX,1866-04-XX,1866-04-05 1866-04-06,https://epub3.kb.dk/hcadag/epub3/EPUB/hcadag07_091_76.xhtml,
Pag070077,VII,77,1866-XX,1866-04-XX,1866-04-06 1866-04-07 1866-04-08,https://epub3.kb.dk/hcadag/epub3/EPUB/hcadag07_092_77.xhtml,
Pag070078,VII,78,1866-XX,1866-04-XX,1866-04-08,https://epub3.kb.dk/hcadag/epub3/EPUB/hcadag07_093_78.xhtml,
Pag070079,VII,79,1866-XX,1866-04-XX,1866-04-08 1866-04-09 1866-04-10,https://epub3.kb.dk/hcadag/epub3/EPUB/hcadag07_094_79.xhtml,
Pag070080,VII,80,1866-XX,1866-04-XX,1866-04-10 1866-04-11,https://epub3.kb.dk/hcadag/epub3/EPUB/hcadag07_095_80.xhtml,
Pag070081,VII,81,1866-XX,1866-04-XX,1866-04-11 1866-04-12,https://epub3.kb.dk/hcadag/epub3/EPUB/hcadag07_096_81.xhtml,
Pag070082,VII,82,1866-XX,1866-04-XX,1866-04-12 1866-04-13,https://epub3.kb.dk/hcadag/epub3/EPUB/hcadag07_097_82.xhtml,
Pag070083,VII,83,1866-XX,1866-04-XX,1866-04-13,https://epub3.kb.dk/hcadag/epub3/EPUB/hcadag07_098_83.xhtml,
Pag070084,VII,84,1866-XX,1866-04-XX,1866-04-13 1866-04-14,https://epub3.kb.dk/hcadag/epub3/EPUB/hcadag07_099_84.xhtml,
Pag070085,VII,85,1866-XX,1866-04-XX,1866-04-14 1866-04-15 1866-04-16,https://epub3.kb.dk/hcadag/epub3/EPUB/hcadag07_100_85.xhtml,
Pag070086,VII,86,1866-XX,1866-04-XX,1866-04-16 1866-04-17 1866-04-18,https://epub3.kb.dk/hcadag/epub3/EPUB/hcadag07_101_86.xhtml,
Pag070087,VII,87,1866-XX,1866-04-XX,1866-04-18 1866-04-19 1866-04-20,https://epub3.kb.dk/hcadag/epub3/EPUB/hcadag07_102_87.xhtml,
Pag070088,VII,88,1866-XX,1866-04-XX,1866-04-20 1866-04-21,https://epub3.kb.dk/hcadag/epub3/EPUB/hcadag07_103_88.xhtml,
Pag070089,VII,89,1866-XX,1866-04-XX,1866-04-21 1866-04-22,https://epub3.kb.dk/hcadag/epub3/EPUB/hcadag07_104_89.xhtml,
Pag070090,VII,90,1866-XX,1866-04-XX,1866-04-22 1866-04-23 1866-04-24,https://epub3.kb.dk/hcadag/epub3/EPUB/hcadag07_105_90.xhtml,
Pag070091,VII,91,1866-XX,1866-04-XX,1866-04-24 1866-04-25,https://epub3.kb.dk/hcadag/epub3/EPUB/hcadag07_106_91.xhtml,
Pag070092,VII,92,1866-XX,1866-04-XX,1866-04-26 1866-04-27,https://epub3.kb.dk/hcadag/epub3/EPUB/hcadag07_107_92.xhtml,
Pag070093,VII,93,1866-XX,1866-04-XX,1866-04-27 1866-04-28 1866-04-29,https://epub3.kb.dk/hcadag/epub3/EPUB/hcadag07_108_93.xhtml,
Pag070094,VII,94,1866-XX,1866-04-XX,1866-04-29 1866-04-30,https://epub3.kb.dk/hcadag/epub3/EPUB/hcadag07_109_94.xhtml,
Pag070095,VII,95,1866-XX,1866-04-XX 1866-05-XX,1866-04-30 1866-05-01,https://epub3.kb.dk/hcadag/epub3/EPUB/hcadag07_110_95.xhtml,
Pag070096,VII,96,1866-XX,1866-05-XX,1866-05-02 1866-05-03,https://epub3.kb.dk/hcadag/epub3/EPUB/hcadag07_111_96.xhtml,
Pag070097,VII,97,1866-XX,1866-05-XX,1866-05-03 1866-05-04,https://epub3.kb.dk/hcadag/epub3/EPUB/hcadag07_112_97.xhtml,
Pag070098,VII,98,1866-XX,1866-05-XX,1866-05-04 1866-05-05,https://epub3.kb.dk/hcadag/epub3/EPUB/hcadag07_113_98.xhtml,
Pag070099,VII,99,1866-XX,1866-05-XX,1866-05-05 1866-05-06,https://epub3.kb.dk/hcadag/epub3/EPUB/hcadag07_114_99.xhtml,
Pag070100,VII,100,1866-XX,1866-05-XX,1866-05-06,https://epub3.kb.dk/hcadag/epub3/EPUB/hcadag07_115_100.xhtml,
Pag070101,VII,101,1866-XX,1866-05-XX,1866-05-06 1866-05-07,https://epub3.kb.dk/hcadag/epub3/EPUB/hcadag07_116_101.xhtml,
Pag070102,VII,102,1866-XX,1866-05-XX,1866-05-07 1866-05-08,https://epub3.kb.dk/hcadag/epub3/EPUB/hcadag07_117_102.xhtml,
Pag070103,VII,103,1866-XX,1866-05-XX,1866-05-08 1866-05-09 1866-05-10,https://epub3.kb.dk/hcadag/epub3/EPUB/hcadag07_118_103.xhtml,
Pag070104,VII,104,1866-XX,1866-05-XX,1866-05-10 1866-05-11 1866-05-12,https://epub3.kb.dk/hcadag/epub3/EPUB/hcadag07_119_104.xhtml,
Pag070105,VII,105,1866-XX,1866-05-XX,1866-05-12 1866-05-13,https://epub3.kb.dk/hcadag/epub3/EPUB/hcadag07_120_105.xhtml,
Pag070106,VII,106,1866-XX,1866-05-XX,1866-05-13 1866-05-14,https://epub3.kb.dk/hcadag/epub3/EPUB/hcadag07_121_106.xhtml,
Pag070107,VII,107,1866-XX,1866-05-XX,1866-05-14 1866-05-15,https://epub3.kb.dk/hcadag/epub3/EPUB/hcadag07_122_107.xhtml,
Pag070108,VII,108,1866-XX,1866-05-XX,1866-05-16 1866-05-17,https://epub3.kb.dk/hcadag/epub3/EPUB/hcadag07_123_108.xhtml,
Pag070109,VII,109,1866-XX,1866-05-XX,1866-05-17 1866-05-18 1866-05-19,https://epub3.kb.dk/hcadag/epub3/EPUB/hcadag07_124_109.xhtml,
Pag070110,VII,110,1866-XX,1866-05-XX,1866-05-19 1866-05-20,https://epub3.kb.dk/hcadag/epub3/EPUB/hcadag07_125_110.xhtml,
Pag070111,VII,111,1866-XX,1866-05-XX,1866-05-20 1866-05-21 1866-05-22,https://epub3.kb.dk/hcadag/epub3/EPUB/hcadag07_126_111.xhtml,
Pag070112,VII,112,1866-XX,1866-05-XX,1866-05-22 1866-05-23 1866-05-24,https://epub3.kb.dk/hcadag/epub3/EPUB/hcadag07_127_112.xhtml,
Pag070113,VII,113,1866-XX,1866-05-XX,1866-05-25 1866-05-26 1866-05-27,https://epub3.kb.dk/hcadag/epub3/EPUB/hcadag07_128_113.xhtml,
Pag070114,VII,114,1866-XX,1866-05-XX,1866-05-27 1866-05-28 1866-05-29 1866-05-30 1866-05-31,https://epub3.kb.dk/hcadag/epub3/EPUB/hcadag07_129_114.xhtml,
Pag070115,VII,115,1866-XX,1866-05-XX,1866-05-31,https://epub3.kb.dk/hcadag/epub3/EPUB/hcadag07_130_115.xhtml,
Pag070116,VII,116,1866-XX,1866-05-XX 1866-06-XX,1866-05-31 1866-06-01 1866-06-02 1866-06-03,https://epub3.kb.dk/hcadag/epub3/EPUB/hcadag07_131_116.xhtml,
Pag070117,VII,117,1866-XX,1866-06-XX,1866-06-03 1866-06-04 1866-06-05,https://epub3.kb.dk/hcadag/epub3/EPUB/hcadag07_132_117.xhtml,
Pag070118,VII,118,1866-XX,1866-06-XX,1866-06-05 1866-06-06 1866-06-07 1866-06-08,https://epub3.kb.dk/hcadag/epub3/EPUB/hcadag07_133_118.xhtml,
Pag070119,VII,119,1866-XX,1866-06-XX,1866-06-08,https://epub3.kb.dk/hcadag/epub3/EPUB/hcadag07_134_119.xhtml,
Pag070120,VII,120,1866-XX,1866-06-XX,1866-06-08 1866-06-09,https://epub3.kb.dk/hcadag/epub3/EPUB/hcadag07_135_120.xhtml,
Pag070121,VII,121,1866-XX,1866-06-XX,1866-06-09,https://epub3.kb.dk/hcadag/epub3/EPUB/hcadag07_136_121.xhtml,
Pag070122,VII,122,1866-XX,1866-06-XX,1866-06-09 1866-06-10,https://epub3.kb.dk/hcadag/epub3/EPUB/hcadag07_137_122.xhtml,
Pag070123,VII,123,1866-XX,1866-06-XX,1866-06-10 1866-06-11 1866-06-12,https://epub3.kb.dk/hcadag/epub3/EPUB/hcadag07_138_123.xhtml,
Pag070124,VII,124,1866-XX,1866-06-XX,1866-06-12,https://epub3.kb.dk/hcadag/epub3/EPUB/hcadag07_139_124.xhtml,
Pag070125,VII,125,1866-XX,1866-06-XX,1866-06-12 1866-06-13 1866-06-14 1866-06-15,https://epub3.kb.dk/hcadag/epub3/EPUB/hcadag07_140_125.xhtml,
Pag070126,VII,126,1866-XX,1866-06-XX,1866-06-15 1866-06-16 1866-06-17,https://epub3.kb.dk/hcadag/epub3/EPUB/hcadag07_141_126.xhtml,
Pag070127,VII,127,1866-XX,1866-06-XX,1866-06-17 1866-06-18 1866-06-19,https://epub3.kb.dk/hcadag/epub3/EPUB/hcadag07_142_127.xhtml,
Pag070128,VII,128,1866-XX,1866-06-XX,1866-06-19 1866-06-20,https://epub3.kb.dk/hcadag/epub3/EPUB/hcadag07_143_128.xhtml,
Pag070129,VII,129,1866-XX,1866-06-XX,1866-06-20 1866-06-21 1866-06-22,https://epub3.kb.dk/hcadag/epub3/EPUB/hcadag07_144_129.xhtml,
Pag070130,VII,130,1866-XX,1866-06-XX,1866-06-22 1866-06-23,https://epub3.kb.dk/hcadag/epub3/EPUB/hcadag07_145_130.xhtml,
Pag070131,VII,131,1866-XX,1866-06-XX,1866-06-23 1866-06-24 1866-06-25,https://epub3.kb.dk/hcadag/epub3/EPUB/hcadag07_146_131.xhtml,
Pag070132,VII,132,1866-XX,1866-06-XX,1866-06-26 1866-06-27 1866-06-28,https://epub3.kb.dk/hcadag/epub3/EPUB/hcadag07_147_132.xhtml,
Pag070133,VII,133,1866-XX,1866-06-XX,1866-06-28 1866-06-29 1866-06-30,https://epub3.kb.dk/hcadag/epub3/EPUB/hcadag07_148_133.xhtml,
Pag070134,VII,134,1866-XX,1866-06-XX 1866-07-XX,1866-06-30 1866-07-01 1866-07-02 1866-07-03 1866-07-04,https://epub3.kb.dk/hcadag/epub3/EPUB/hcadag07_149_134.xhtml,
Pag070135,VII,135,1866-XX,1866-07-XX,1866-07-04,https://epub3.kb.dk/hcadag/epub3/EPUB/hcadag07_150_135.xhtml,
Pag070136,VII,136,1866-XX,1866-07-XX,1866-07-04 1866-07-05 1866-07-06,https://epub3.kb.dk/hcadag/epub3/EPUB/hcadag07_151_136.xhtml,
Pag070137,VII,137,1866-XX,1866-07-XX,1866-07-06 1866-07-07 1866-07-08 1866-07-09,https://epub3.kb.dk/hcadag/epub3/EPUB/hcadag07_152_137.xhtml,
Pag070138,VII,138,1866-XX,1866-07-XX,1866-07-09 1866-07-10 1866-07-11 1866-07-12,https://epub3.kb.dk/hcadag/epub3/EPUB/hcadag07_153_138.xhtml,
Pag070139,VII,139,1866-XX,1866-07-XX,1866-07-12 1866-07-13,https://epub3.kb.dk/hcadag/epub3/EPUB/hcadag07_154_139.xhtml,
Pag070140,VII,140,1866-XX,1866-07-XX,1866-07-13 1866-07-14 1866-07-15,https://epub3.kb.dk/hcadag/epub3/EPUB/hcadag07_155_140.xhtml,
Pag070141,VII,141,1866-XX,1866-07-XX,1866-07-15 1866-07-16 1866-07-17,https://epub3.kb.dk/hcadag/epub3/EPUB/hcadag07_156_141.xhtml,
Pag070142,VII,142,1866-XX,1866-07-XX,1866-07-17 1866-07-18 1866-07-19,https://epub3.kb.dk/hcadag/epub3/EPUB/hcadag07_157_142.xhtml,
Pag070143,VII,143,1866-XX,1866-07-XX,1866-07-19 1866-07-20,https://epub3.kb.dk/hcadag/epub3/EPUB/hcadag07_158_143.xhtml,
Pag070144,VII,144,1866-XX,1866-07-XX,1866-07-20 1866-07-21,https://epub3.kb.dk/hcadag/epub3/EPUB/hcadag07_159_144.xhtml,
Pag070145,VII,145,1866-XX,1866-07-XX,1866-07-21,https://epub3.kb.dk/hcadag/epub3/EPUB/hcadag07_160_145.xhtml,
Pag070146,VII,146,1866-XX,1866-07-XX,1866-07-21 1866-07-22,https://epub3.kb.dk/hcadag/epub3/EPUB/hcadag07_161_146.xhtml,
Pag070147,VII,147,1866-XX,1866-07-XX,1866-07-22 1866-07-23 1866-07-24,https://epub3.kb.dk/hcadag/epub3/EPUB/hcadag07_162_147.xhtml,
Pag070148,VII,148,1866-XX,1866-07-XX,1866-07-24 1866-07-25 1866-07-26,https://epub3.kb.dk/hcadag/epub3/EPUB/hcadag07_163_148.xhtml,
Pag070149,VII,149,1866-XX,1866-07-XX,1866-07-26,https://epub3.kb.dk/hcadag/epub3/EPUB/hcadag07_164_149.xhtml,
Pag070150,VII,150,1866-XX,1866-07-XX,1866-07-27,https://epub3.kb.dk/hcadag/epub3/EPUB/hcadag07_165_150.xhtml,
Pag070151,VII,151,1866-XX,1866-07-XX,1866-07-27 1866-07-28,https://epub3.kb.dk/hcadag/epub3/EPUB/hcadag07_166_151.xhtml,
Pag070152,VII,152,1866-XX,1866-07-XX,1866-07-28,https://epub3.kb.dk/hcadag/epub3/EPUB/hcadag07_167_152.xhtml,
Pag070153,VII,153,1866-XX,1866-07-XX,1866-07-28 1866-07-29,https://epub3.kb.dk/hcadag/epub3/EPUB/hcadag07_168_153.xhtml,
Pag070154,VII,154,1866-XX,1866-07-XX,1866-07-29 1866-07-30 1866-07-31,https://epub3.kb.dk/hcadag/epub3/EPUB/hcadag07_169_154.xhtml,
Pag070155,VII,155,1866-XX,1866-07-XX 1866-08-XX,1866-07-31 1866-08-01,https://epub3.kb.dk/hcadag/epub3/EPUB/hcadag07_170_155.xhtml,
Pag070156,VII,156,1866-XX,1866-08-XX,1866-08-01 1866-08-02,https://epub3.kb.dk/hcadag/epub3/EPUB/hcadag07_171_156.xhtml,
Pag070157,VII,157,1866-XX,1866-08-XX,1866-08-02 1866-08-03,https://epub3.kb.dk/hcadag/epub3/EPUB/hcadag07_172_157.xhtml,
Pag070158,VII,158,1866-XX,1866-08-XX,1866-08-03,https://epub3.kb.dk/hcadag/epub3/EPUB/hcadag07_173_158.xhtml,
Pag070159,VII,159,1866-XX,1866-08-XX,1866-08-03 1866-08-04 1866-08-05,https://epub3.kb.dk/hcadag/epub3/EPUB/hcadag07_174_159.xhtml,
Pag070160,VII,160,1866-XX,1866-08-XX,1866-08-05 1866-08-06,https://epub3.kb.dk/hcadag/epub3/EPUB/hcadag07_175_160.xhtml,
Pag070161,VII,161,1866-XX,1866-08-XX,1866-08-06 1866-08-07 1866-08-08,https://epub3.kb.dk/hcadag/epub3/EPUB/hcadag07_176_161.xhtml,
Pag070162,VII,162,1866-XX,1866-08-XX,1866-08-08 1866-08-09,https://epub3.kb.dk/hcadag/epub3/EPUB/hcadag07_177_162.xhtml,
Pag070163,VII,163,1866-XX,1866-08-XX,1866-08-10 1866-08-11,https://epub3.kb.dk/hcadag/epub3/EPUB/hcadag07_178_163.xhtml,
Pag070164,VII,164,1866-XX,1866-08-XX,1866-08-11 1866-08-12,https://epub3.kb.dk/hcadag/epub3/EPUB/hcadag07_179_164.xhtml,
Pag070165,VII,165,1866-XX,1866-08-XX,1866-08-12 1866-08-13,https://epub3.kb.dk/hcadag/epub3/EPUB/hcadag07_180_165.xhtml,
Pag070166,VII,166,1866-XX,1866-08-XX,1866-08-13 1866-08-14,https://epub3.kb.dk/hcadag/epub3/EPUB/hcadag07_181_166.xhtml,
Pag070167,VII,167,1866-XX,1866-08-XX,1866-08-14,https://epub3.kb.dk/hcadag/epub3/EPUB/hcadag07_182_167.xhtml,
Pag070168,VII,168,1866-XX,1866-08-XX,1866-08-14 1866-08-15,https://epub3.kb.dk/hcadag/epub3/EPUB/hcadag07_183_168.xhtml,
Pag070169,VII,169,1866-XX,1866-08-XX,1866-08-15 1866-08-16,https://epub3.kb.dk/hcadag/epub3/EPUB/hcadag07_184_169.xhtml,
Pag070170,VII,170,1866-XX,1866-08-XX,1866-08-16 1866-08-17,https://epub3.kb.dk/hcadag/epub3/EPUB/hcadag07_185_170.xhtml,
Pag070171,VII,171,1866-XX,1866-08-XX,1866-08-17 1866-08-18,https://epub3.kb.dk/hcadag/epub3/EPUB/hcadag07_186_171.xhtml,
Pag070172,VII,172,1866-XX,1866-08-XX,1866-08-18 1866-08-19,https://epub3.kb.dk/hcadag/epub3/EPUB/hcadag07_187_172.xhtml,
Pag070173,VII,173,1866-XX,1866-08-XX,1866-08-19 1866-08-20,https://epub3.kb.dk/hcadag/epub3/EPUB/hcadag07_188_173.xhtml,
Pag070174,VII,174,1866-XX,1866-08-XX,1866-08-20 1866-08-21 1866-08-22,https://epub3.kb.dk/hcadag/epub3/EPUB/hcadag07_189_174.xhtml,
Pag070175,VII,175,1866-XX,1866-08-XX,1866-08-22 1866-08-23 1866-08-24 1866-08-25,https://epub3.kb.dk/hcadag/epub3/EPUB/hcadag07_190_175.xhtml,
Pag070176,VII,176,1866-XX,1866-08-XX,1866-08-25 1866-08-26,https://epub3.kb.dk/hcadag/epub3/EPUB/hcadag07_191_176.xhtml,
Pag070177,VII,177,1866-XX,1866-08-XX,1866-08-26 1866-08-27 1866-08-28 1866-08-29,https://epub3.kb.dk/hcadag/epub3/EPUB/hcadag07_192_177.xhtml,
Pag070178,VII,178,1866-XX,1866-08-XX,1866-08-29 1866-08-30,https://epub3.kb.dk/hcadag/epub3/EPUB/hcadag07_193_178.xhtml,
Pag070179,VII,179,1866-XX,1866-08-XX,1866-08-30 1866-08-31,https://epub3.kb.dk/hcadag/epub3/EPUB/hcadag07_194_179.xhtml,
Pag070180,VII,180,1866-XX,1866-08-XX 1866-09-XX,1866-08-31 1866-09-01 1866-09-02 1866-09-03,https://epub3.kb.dk/hcadag/epub3/EPUB/hcadag07_195_180.xhtml,
Pag070181,VII,181,1866-XX,1866-09-XX,1866-09-03 1866-09-04 1866-09-05,https://epub3.kb.dk/hcadag/epub3/EPUB/hcadag07_196_181.xhtml,
Pag070182,VII,182,1866-XX,1866-09-XX,1866-09-05 1866-09-06,https://epub3.kb.dk/hcadag/epub3/EPUB/hcadag07_197_182.xhtml,
Pag070183,VII,183,1866-XX,1866-09-XX,1866-09-06 1866-09-07,https://epub3.kb.dk/hcadag/epub3/EPUB/hcadag07_198_183.xhtml,
Pag070184,VII,184,1866-XX,1866-09-XX,1866-09-07 1866-09-08,https://epub3.kb.dk/hcadag/epub3/EPUB/hcadag07_199_184.xhtml,
Pag070185,VII,185,1866-XX,1866-09-XX,1866-09-08 1866-09-09,https://epub3.kb.dk/hcadag/epub3/EPUB/hcadag07_200_185.xhtml,
Pag070186,VII,186,1866-XX,1866-09-XX,1866-09-10 1866-09-11,https://epub3.kb.dk/hcadag/epub3/EPUB/hcadag07_201_186.xhtml,
Pag070187,VII,187,1866-XX,1866-09-XX,1866-09-11 1866-09-12 1866-09-13,https://epub3.kb.dk/hcadag/epub3/EPUB/hcadag07_202_187.xhtml,
Pag070188,VII,188,1866-XX,1866-09-XX,1866-09-14 1866-09-15 1866-09-16 1866-09-17,https://epub3.kb.dk/hcadag/epub3/EPUB/hcadag07_203_188.xhtml,
Pag070189,VII,189,1866-XX,1866-09-XX,1866-09-17 1866-09-18,https://epub3.kb.dk/hcadag/epub3/EPUB/hcadag07_204_189.xhtml,
Pag070190,VII,190,1866-XX,1866-09-XX,1866-09-18 1866-09-19 1866-09-20 1866-09-21 1866-09-22,https://epub3.kb.dk/hcadag/epub3/EPUB/hcadag07_205_190.xhtml,
Pag070191,VII,191,1866-XX,1866-09-XX,1866-09-22 1866-09-23 1866-09-24,https://epub3.kb.dk/hcadag/epub3/EPUB/hcadag07_206_191.xhtml,
Pag070192,VII,192,1866-XX,1866-09-XX,1866-09-24 1866-09-25 1866-09-26 1866-09-27 1866-09-28,https://epub3.kb.dk/hcadag/epub3/EPUB/hcadag07_207_192.xhtml,
Pag070193,VII,193,1866-XX,1866-09-XX,1866-09-28 1866-09-29 1866-09-30,https://epub3.kb.dk/hcadag/epub3/EPUB/hcadag07_208_193.xhtml,
Pag070194,VII,194,1866-XX,1866-09-XX 1866-10-XX,1866-09-30 1866-10-01 1866-10-02 1866-10-03,https://epub3.kb.dk/hcadag/epub3/EPUB/hcadag07_209_194.xhtml,
Pag070195,VII,195,1866-XX,1866-10-XX,1866-10-03 1866-10-04 1866-10-05 1866-10-06,https://epub3.kb.dk/hcadag/epub3/EPUB/hcadag07_210_195.xhtml,
Pag070196,VII,196,1866-XX,1866-10-XX,1866-10-06 1866-10-07 1866-10-08 1866-10-09 1866-10-10 1866-10-11,https://epub3.kb.dk/hcadag/epub3/EPUB/hcadag07_211_196.xhtml,
Pag070197,VII,197,1866-XX,1866-10-XX,1866-10-12 1866-10-13 1866-10-14,https://epub3.kb.dk/hcadag/epub3/EPUB/hcadag07_212_197.xhtml,
Pag070198,VII,198,1866-XX,1866-10-XX,1866-10-14 1866-10-15 1866-10-16 1866-10-17 1866-10-18,https://epub3.kb.dk/hcadag/epub3/EPUB/hcadag07_213_198.xhtml,
Pag070199,VII,199,1866-XX,1866-10-XX,1866-10-18 1866-10-19 1866-10-20 1866-10-21,https://epub3.kb.dk/hcadag/epub3/EPUB/hcadag07_214_199.xhtml,
Pag070200,VII,200,1866-XX,1866-10-XX,1866-10-21 1866-10-22 1866-10-23,https://epub3.kb.dk/hcadag/epub3/EPUB/hcadag07_215_200.xhtml,
Pag070201,VII,201,1866-XX,1866-10-XX,1866-10-24 1866-10-25 1866-10-26,https://epub3.kb.dk/hcadag/epub3/EPUB/hcadag07_216_201.xhtml,
Pag070202,VII,202,1866-XX,1866-10-XX,1866-10-26 1866-10-27 1866-10-28,https://epub3.kb.dk/hcadag/epub3/EPUB/hcadag07_217_202.xhtml,
Pag070203,VII,203,1866-XX,1866-10-XX,1866-10-28 1866-10-29 1866-10-30 1866-10-31,https://epub3.kb.dk/hcadag/epub3/EPUB/hcadag07_218_203.xhtml,
Pag070204,VII,204,1866-XX,1866-11-XX,1866-11-01 1866-11-02 1866-11-03 1866-11-04 1866-11-05 1866-11-06,https://epub3.kb.dk/hcadag/epub3/EPUB/hcadag07_219_204.xhtml,
Pag070205,VII,205,1866-XX,1866-11-XX,1866-11-06 1866-11-07 1866-11-08 1866-11-09,https://epub3.kb.dk/hcadag/epub3/EPUB/hcadag07_220_205.xhtml,
Pag070206,VII,206,1866-XX,1866-11-XX,1866-11-09 1866-11-10 1866-11-11,https://epub3.kb.dk/hcadag/epub3/EPUB/hcadag07_221_206.xhtml,
Pag070207,VII,207,1866-XX,1866-11-XX,1866-11-11 1866-11-12 1866-11-13 1866-11-14 1866-11-15,https://epub3.kb.dk/hcadag/epub3/EPUB/hcadag07_222_207.xhtml,
Pag070208,VII,208,1866-XX,1866-11-XX,1866-11-15 1866-11-16 1866-11-17 1866-11-18,https://epub3.kb.dk/hcadag/epub3/EPUB/hcadag07_223_208.xhtml,
Pag070209,VII,209,1866-XX,1866-11-XX,1866-11-18 1866-11-19,https://epub3.kb.dk/hcadag/epub3/EPUB/hcadag07_224_209.xhtml,
Pag070210,VII,210,1866-XX,1866-11-XX,1866-11-20 1866-11-21 1866-11-22 1866-11-23,https://epub3.kb.dk/hcadag/epub3/EPUB/hcadag07_225_210.xhtml,
Pag070211,VII,211,1866-XX,1866-11-XX,1866-11-23 1866-11-24 1866-11-25,https://epub3.kb.dk/hcadag/epub3/EPUB/hcadag07_226_211.xhtml,
Pag070212,VII,212,1866-XX,1866-11-XX,1866-11-26 1866-11-27,https://epub3.kb.dk/hcadag/epub3/EPUB/hcadag07_227_212.xhtml,
Pag070213,VII,213,1866-XX,1866-11-XX,1866-11-27 1866-11-28 1866-11-29,https://epub3.kb.dk/hcadag/epub3/EPUB/hcadag07_228_213.xhtml,
Pag070214,VII,214,1866-XX,1866-11-XX 1866-12-XX,1866-11-30 1866-12-01 1866-12-02,https://epub3.kb.dk/hcadag/epub3/EPUB/hcadag07_229_214.xhtml,
Pag070215,VII,215,1866-XX,1866-12-XX,1866-12-02 1866-12-03 1866-12-04 1866-12-05,https://epub3.kb.dk/hcadag/epub3/EPUB/hcadag07_230_215.xhtml,
Pag070216,VII,216,1866-XX,1866-12-XX,1866-12-05 1866-12-06 1866-12-07,https://epub3.kb.dk/hcadag/epub3/EPUB/hcadag07_231_216.xhtml,
Pag070217,VII,217,1866-XX,1866-12-XX,1866-12-07 1866-12-08 1866-12-09,https://epub3.kb.dk/hcadag/epub3/EPUB/hcadag07_232_217.xhtml,
Pag070218,VII,218,1866-XX,1866-12-XX,1866-12-09 1866-12-10,https://epub3.kb.dk/hcadag/epub3/EPUB/hcadag07_233_218.xhtml,
Pag070219,VII,219,1866-XX,1866-12-XX,1866-12-10 1866-12-11 1866-12-12,https://epub3.kb.dk/hcadag/epub3/EPUB/hcadag07_234_219.xhtml,
Pag070220,VII,220,1866-XX,1866-12-XX,1866-12-12 1866-12-13 1866-12-14 1866-12-15,https://epub3.kb.dk/hcadag/epub3/EPUB/hcadag07_235_220.xhtml,
Pag070221,VII,221,1866-XX,1866-12-XX,1866-12-15 1866-12-16 1866-12-17 1866-12-18,https://epub3.kb.dk/hcadag/epub3/EPUB/hcadag07_236_221.xhtml,
Pag070222,VII,222,1866-XX,1866-12-XX,1866-12-19 1866-12-20 1866-12-21,https://epub3.kb.dk/hcadag/epub3/EPUB/hcadag07_237_222.xhtml,
Pag070223,VII,223,1866-XX,1866-12-XX,1866-12-21 1866-12-22 1866-12-23 1866-12-24,https://epub3.kb.dk/hcadag/epub3/EPUB/hcadag07_238_223.xhtml,
Pag070224,VII,224,1866-XX,1866-12-XX,1866-12-24 1866-12-25 1866-12-26 1866-12-27,https://epub3.kb.dk/hcadag/epub3/EPUB/hcadag07_239_224.xhtml,
Pag070225,VII,225,1866-XX,1866-12-XX,1866-12-27 1866-12-28,https://epub3.kb.dk/hcadag/epub3/EPUB/hcadag07_240_225.xhtml,
Pag070226,VII,226,1866-XX,1866-12-XX,1866-12-28 1866-12-29 1866-12-30,https://epub3.kb.dk/hcadag/epub3/EPUB/hcadag07_241_226.xhtml,
Pag070227,VII,227,1866-XX,1866-12-XX,1866-12-30 1866-12-31,https://epub3.kb.dk/hcadag/epub3/EPUB/hcadag07_242_227.xhtml,
Pag070228,VII,228,1867-XX,1867-01-XX,1867-01-01 1867-01-02,https://epub3.kb.dk/hcadag/epub3/EPUB/hcadag07_243_228.xhtml,
Pag070229,VII,229,1867-XX,1867-01-XX,1867-01-02 1867-01-03,https://epub3.kb.dk/hcadag/epub3/EPUB/hcadag07_244_229.xhtml,
Pag070230,VII,230,1867-XX,1867-01-XX,1867-01-03 1867-01-04 1867-01-05,https://epub3.kb.dk/hcadag/epub3/EPUB/hcadag07_245_230.xhtml,
Pag070231,VII,231,1867-XX,1867-01-XX,1867-01-05 1867-01-06,https://epub3.kb.dk/hcadag/epub3/EPUB/hcadag07_246_231.xhtml,
Pag070232,VII,232,1867-XX,1867-01-XX,1867-01-06 1867-01-07 1867-01-08,https://epub3.kb.dk/hcadag/epub3/EPUB/hcadag07_247_232.xhtml,
Pag070233,VII,233,1867-XX,1867-01-XX,1867-01-08 1867-01-09 1867-01-10 1867-01-11 1867-01-12,https://epub3.kb.dk/hcadag/epub3/EPUB/hcadag07_248_233.xhtml,
Pag070234,VII,234,1867-XX,1867-01-XX,1867-01-13 1867-01-14 1867-01-15 1867-01-16 1867-01-17,https://epub3.kb.dk/hcadag/epub3/EPUB/hcadag07_249_234.xhtml,
Pag070235,VII,235,1867-XX,1867-01-XX,1867-01-17 1867-01-18 1867-01-19 1867-01-20 1867-01-21 1867-01-22,https://epub3.kb.dk/hcadag/epub3/EPUB/hcadag07_250_235.xhtml,
Pag070236,VII,236,1867-XX,1867-01-XX,1867-01-22 1867-01-23,https://epub3.kb.dk/hcadag/epub3/EPUB/hcadag07_251_236.xhtml,
Pag070237,VII,237,1867-XX,1867-01-XX,1867-01-23 1867-01-24 1867-01-25 1867-01-26,https://epub3.kb.dk/hcadag/epub3/EPUB/hcadag07_252_237.xhtml,
Pag070238,VII,238,1867-XX,1867-01-XX,1867-01-26 1867-01-27 1867-01-28 1867-01-29,https://epub3.kb.dk/hcadag/epub3/EPUB/hcadag07_253_238.xhtml,
Pag070239,VII,239,1867-XX,1867-01-XX,1867-01-29 1867-01-30,https://epub3.kb.dk/hcadag/epub3/EPUB/hcadag07_254_239.xhtml,
Pag070240,VII,240,1867-XX,1867-01-XX 1867-02-XX,1867-01-30 1867-01-31 1867-02-01 1867-02-02,https://epub3.kb.dk/hcadag/epub3/EPUB/hcadag07_255_240.xhtml,
Pag070241,VII,241,1867-XX,1867-02-XX,1867-02-02 1867-02-03 1867-02-04 1867-02-05,https://epub3.kb.dk/hcadag/epub3/EPUB/hcadag07_256_241.xhtml,
Pag070242,VII,242,1867-XX,1867-02-XX,1867-02-05 1867-02-06,https://epub3.kb.dk/hcadag/epub3/EPUB/hcadag07_257_242.xhtml,
Pag070243,VII,243,1867-XX,1867-02-XX,1867-02-07 1867-02-08,https://epub3.kb.dk/hcadag/epub3/EPUB/hcadag07_258_243.xhtml,
Pag070244,VII,244,1867-XX,1867-02-XX,1867-02-08 1867-02-09,https://epub3.kb.dk/hcadag/epub3/EPUB/hcadag07_259_244.xhtml,
Pag070245,VII,245,1867-XX,1867-02-XX,1867-02-09,https://epub3.kb.dk/hcadag/epub3/EPUB/hcadag07_260_245.xhtml,
Pag070246,VII,246,1867-XX,1867-02-XX,1867-02-09 1867-02-10 1867-02-11 1867-02-12,https://epub3.kb.dk/hcadag/epub3/EPUB/hcadag07_261_246.xhtml,
Pag070247,VII,247,1867-XX,1867-02-XX,1867-02-12 1867-02-13 1867-02-14 1867-02-15,https://epub3.kb.dk/hcadag/epub3/EPUB/hcadag07_262_247.xhtml,
Pag070248,VII,248,1867-XX,1867-02-XX,1867-02-15 1867-02-16 1867-02-17 1867-02-18,https://epub3.kb.dk/hcadag/epub3/EPUB/hcadag07_263_248.xhtml,
Pag070249,VII,249,1867-XX,1867-02-XX,1867-02-18 1867-02-19 1867-02-20,https://epub3.kb.dk/hcadag/epub3/EPUB/hcadag07_264_249.xhtml,
Pag070250,VII,250,1867-XX,1867-02-XX,1867-02-20 1867-02-21 1867-02-22 1867-02-23,https://epub3.kb.dk/hcadag/epub3/EPUB/hcadag07_265_250.xhtml,
Pag070251,VII,251,1867-XX,1867-02-XX,1867-02-23 1867-02-24 1867-02-25 1867-02-26 1867-02-27 1867-02-28,https://epub3.kb.dk/hcadag/epub3/EPUB/hcadag07_266_251.xhtml,
Pag070252,VII,252,1867-XX,1867-02-XX 1867-03-XX,1867-02-28 1867-03-01 1867-03-02 1867-03-03,https://epub3.kb.dk/hcadag/epub3/EPUB/hcadag07_267_252.xhtml,
Pag070253,VII,253,1867-XX,1867-03-XX,1867-03-03 1867-03-04 1867-03-05,https://epub3.kb.dk/hcadag/epub3/EPUB/hcadag07_268_253.xhtml,
Pag070254,VII,254,1867-XX,1867-03-XX,1867-03-05 1867-03-06 1867-03-07 1867-03-08,https://epub3.kb.dk/hcadag/epub3/EPUB/hcadag07_269_254.xhtml,
Pag070255,VII,255,1867-XX,1867-03-XX,1867-03-08 1867-03-09 1867-03-10 1867-03-11,https://epub3.kb.dk/hcadag/epub3/EPUB/hcadag07_270_255.xhtml,
Pag070256,VII,256,1867-XX,1867-03-XX,1867-03-11 1867-03-12 1867-03-13,https://epub3.kb.dk/hcadag/epub3/EPUB/hcadag07_271_256.xhtml,
Pag070257,VII,257,1867-XX,1867-03-XX,1867-03-13 1867-03-14 1867-03-15 1867-03-16 1867-03-17 1867-03-18 1867-03-19,https://epub3.kb.dk/hcadag/epub3/EPUB/hcadag07_272_257.xhtml,
Pag070258,VII,258,1867-XX,1867-03-XX,1867-03-19 1867-03-20 1867-03-21 1867-03-22 1867-03-23 1867-03-24 1867-03-25,https://epub3.kb.dk/hcadag/epub3/EPUB/hcadag07_273_258.xhtml,
Pag070259,VII,259,1867-XX,1867-03-XX,1867-03-26 1867-03-27 1867-03-28 1867-03-29 1867-03-30,https://epub3.kb.dk/hcadag/epub3/EPUB/hcadag07_274_259.xhtml,
Pag070260,VII,260,1867-XX,1867-03-XX 1867-04-XX,1867-03-31 1867-04-01 1867-04-02,https://epub3.kb.dk/hcadag/epub3/EPUB/hcadag07_275_260.xhtml,
Pag070261,VII,261,1867-XX,1867-04-XX,1867-04-02 1867-04-03 1867-04-04 1867-04-05 1867-04-06 1867-04-07,https://epub3.kb.dk/hcadag/epub3/EPUB/hcadag07_276_261.xhtml,
Pag070262,VII,262,1867-XX,1867-04-XX,1867-04-07 1867-04-08 1867-04-09 1867-04-10,https://epub3.kb.dk/hcadag/epub3/EPUB/hcadag07_277_262.xhtml,
Pag070263,VII,263,1867-XX,1867-04-XX,1867-04-10 1867-04-11 1867-04-12,https://epub3.kb.dk/hcadag/epub3/EPUB/hcadag07_278_263.xhtml,
Pag070264,VII,264,1867-XX,1867-04-XX,1867-04-12 1867-04-13,https://epub3.kb.dk/hcadag/epub3/EPUB/hcadag07_279_264.xhtml,
Pag070265,VII,265,1867-XX,1867-04-XX,1867-04-13 1867-04-14 1867-04-15,https://epub3.kb.dk/hcadag/epub3/EPUB/hcadag07_280_265.xhtml,
Pag070266,VII,266,1867-XX,1867-04-XX,1867-04-15 1867-04-16,https://epub3.kb.dk/hcadag/epub3/EPUB/hcadag07_281_266.xhtml,
Pag070267,VII,267,1867-XX,1867-04-XX,1867-04-16 1867-04-17 1867-04-18,https://epub3.kb.dk/hcadag/epub3/EPUB/hcadag07_282_267.xhtml,
Pag070268,VII,268,1867-XX,1867-04-XX,1867-04-18,https://epub3.kb.dk/hcadag/epub3/EPUB/hcadag07_283_268.xhtml,
Pag070269,VII,269,1867-XX,1867-04-XX,1867-04-18 1867-04-19 1867-04-20,https://epub3.kb.dk/hcadag/epub3/EPUB/hcadag07_284_269.xhtml,
Pag070270,VII,270,1867-XX,1867-04-XX,1867-04-20 1867-04-21,https://epub3.kb.dk/hcadag/epub3/EPUB/hcadag07_285_270.xhtml,
Pag070271,VII,271,1867-XX,1867-04-XX,1867-04-21 1867-04-22,https://epub3.kb.dk/hcadag/epub3/EPUB/hcadag07_286_271.xhtml,
Pag070272,VII,272,1867-XX,1867-04-XX,1867-04-22 1867-04-23 1867-04-24 1867-04-25,https://epub3.kb.dk/hcadag/epub3/EPUB/hcadag07_287_272.xhtml,
Pag070273,VII,273,1867-XX,1867-04-XX,1867-04-25 1867-04-26,https://epub3.kb.dk/hcadag/epub3/EPUB/hcadag07_288_273.xhtml,
Pag070274,VII,274,1867-XX,1867-04-XX,1867-04-26 1867-04-27 1867-04-28,https://epub3.kb.dk/hcadag/epub3/EPUB/hcadag07_289_274.xhtml,
Pag070275,VII,275,1867-XX,1867-04-XX,1867-04-28 1867-04-30,https://epub3.kb.dk/hcadag/epub3/EPUB/hcadag07_290_275.xhtml,
Pag070276,VII,276,1867-XX,1867-04-XX 1867-05-XX,1867-04-30 1867-05-01,https://epub3.kb.dk/hcadag/epub3/EPUB/hcadag07_291_276.xhtml,
Pag070277,VII,277,1867-XX,1867-05-XX,1867-05-01 1867-05-02,https://epub3.kb.dk/hcadag/epub3/EPUB/hcadag07_292_277.xhtml,
Pag070278,VII,278,1867-XX,1867-05-XX,1867-05-02 1867-05-03,https://epub3.kb.dk/hcadag/epub3/EPUB/hcadag07_293_278.xhtml,
Pag070279,VII,279,1867-XX,1867-05-XX,1867-05-03 1867-05-04,https://epub3.kb.dk/hcadag/epub3/EPUB/hcadag07_294_279.xhtml,
Pag070280,VII,280,1867-XX,1867-05-XX,1867-05-04 1867-05-05,https://epub3.kb.dk/hcadag/epub3/EPUB/hcadag07_295_280.xhtml,
Pag070281,VII,281,1867-XX,1867-05-XX,1867-05-05 1867-05-06 1867-05-07,https://epub3.kb.dk/hcadag/epub3/EPUB/hcadag07_296_281.xhtml,
Pag070282,VII,282,1867-XX,1867-05-XX,1867-05-07 1867-05-08 1867-05-09 1867-05-10,https://epub3.kb.dk/hcadag/epub3/EPUB/hcadag07_297_282.xhtml,
Pag070283,VII,283,1867-XX,1867-05-XX,1867-05-10 1867-05-11,https://epub3.kb.dk/hcadag/epub3/EPUB/hcadag07_298_283.xhtml,
Pag070284,VII,284,1867-XX,1867-05-XX,1867-05-11,https://epub3.kb.dk/hcadag/epub3/EPUB/hcadag07_299_284.xhtml,
Pag070285,VII,285,1867-XX,1867-05-XX,1867-05-11 1867-05-12,https://epub3.kb.dk/hcadag/epub3/EPUB/hcadag07_300_285.xhtml,
Pag070286,VII,286,1867-XX,1867-05-XX,1867-05-12,https://epub3.kb.dk/hcadag/epub3/EPUB/hcadag07_301_286.xhtml,
Pag070287,VII,287,1867-XX,1867-05-XX,1867-05-12 1867-05-13,https://epub3.kb.dk/hcadag/epub3/EPUB/hcadag07_302_287.xhtml,
Pag070288,VII,288,1867-XX,1867-05-XX,1867-05-13 1867-05-14 1867-05-15,https://epub3.kb.dk/hcadag/epub3/EPUB/hcadag07_303_288.xhtml,
Pag070289,VII,289,1867-XX,1867-05-XX,1867-05-15 1867-05-16 1867-05-17,https://epub3.kb.dk/hcadag/epub3/EPUB/hcadag07_304_289.xhtml,
Pag070290,VII,290,1867-XX,1867-05-XX,1867-05-17 1867-05-18 1867-05-19 1867-05-20,https://epub3.kb.dk/hcadag/epub3/EPUB/hcadag07_305_290.xhtml,
Pag070291,VII,291,1867-XX,1867-05-XX,1867-05-20 1867-05-21 1867-05-22 1867-05-23,https://epub3.kb.dk/hcadag/epub3/EPUB/hcadag07_306_291.xhtml,
Pag070292,VII,292,1867-XX,1867-05-XX,1867-05-23 1867-05-24 1867-05-25,https://epub3.kb.dk/hcadag/epub3/EPUB/hcadag07_307_292.xhtml,
Pag070293,VII,293,1867-XX,1867-05-XX,1867-05-25 1867-05-26 1867-05-27,https://epub3.kb.dk/hcadag/epub3/EPUB/hcadag07_308_293.xhtml,
Pag070294,VII,294,1867-XX,1867-05-XX,1867-05-27 1867-05-28,https://epub3.kb.dk/hcadag/epub3/EPUB/hcadag07_309_294.xhtml,
Pag070295,VII,295,1867-XX,1867-05-XX,1867-05-28 1867-05-29 1867-05-30,https://epub3.kb.dk/hcadag/epub3/EPUB/hcadag07_310_295.xhtml,
Pag070296,VII,296,1867-XX,1867-05-XX,1867-05-30 1867-05-31,https://epub3.kb.dk/hcadag/epub3/EPUB/hcadag07_311_296.xhtml,
Pag070297,VII,297,1867-XX,1867-05-XX 1867-06-XX,1867-05-31 1867-06-01,https://epub3.kb.dk/hcadag/epub3/EPUB/hcadag07_312_297.xhtml,
Pag070298,VII,298,1867-XX,1867-06-XX,1867-06-01 1867-06-02,https://epub3.kb.dk/hcadag/epub3/EPUB/hcadag07_313_298.xhtml,
Pag070299,VII,299,1867-XX,1867-06-XX,1867-06-02 1867-06-03,https://epub3.kb.dk/hcadag/epub3/EPUB/hcadag07_314_299.xhtml,
Pag070300,VII,300,1867-XX,1867-06-XX,1867-06-03 1867-06-04 1867-06-05,https://epub3.kb.dk/hcadag/epub3/EPUB/hcadag07_315_300.xhtml,
Pag070301,VII,301,1867-XX,1867-06-XX,1867-06-05 1867-06-06,https://epub3.kb.dk/hcadag/epub3/EPUB/hcadag07_316_301.xhtml,
Pag070302,VII,302,1867-XX,1867-06-XX,1867-06-06 1867-06-07,https://epub3.kb.dk/hcadag/epub3/EPUB/hcadag07_317_302.xhtml,
Pag070303,VII,303,1867-XX,1867-06-XX,1867-06-07 1867-06-08 1867-06-09 1867-06-10,https://epub3.kb.dk/hcadag/epub3/EPUB/hcadag07_318_303.xhtml,
Pag070304,VII,304,1867-XX,1867-06-XX,1867-06-10,https://epub3.kb.dk/hcadag/epub3/EPUB/hcadag07_319_304.xhtml,
Pag070305,VII,305,1867-XX,1867-06-XX,1867-06-10,https://epub3.kb.dk/hcadag/epub3/EPUB/hcadag07_320_305.xhtml,
Pag070306,VII,306,1867-XX,1867-06-XX,1867-06-10 1867-06-11 1867-06-12,https://epub3.kb.dk/hcadag/epub3/EPUB/hcadag07_321_306.xhtml,
Pag070307,VII,307,1867-XX,1867-06-XX,1867-06-12 1867-06-13 1867-06-14 1867-06-15 1867-06-16 1867-06-17,https://epub3.kb.dk/hcadag/epub3/EPUB/hcadag07_322_307.xhtml,
Pag070308,VII,308,1867-XX,1867-06-XX,1867-06-17 1867-06-18 1867-06-19,https://epub3.kb.dk/hcadag/epub3/EPUB/hcadag07_323_308.xhtml,
Pag070309,VII,309,1867-XX,1867-06-XX,1867-06-19 1867-06-20 1867-06-21 1867-06-22 1867-06-23 1867-06-24,https://epub3.kb.dk/hcadag/epub3/EPUB/hcadag07_324_309.xhtml,
Pag070310,VII,310,1867-XX,1867-06-XX,1867-06-24 1867-06-25,https://epub3.kb.dk/hcadag/epub3/EPUB/hcadag07_325_310.xhtml,
Pag070311,VII,311,1867-XX,1867-06-XX,1867-06-26 1867-06-27 1867-06-28 1867-06-29,https://epub3.kb.dk/hcadag/epub3/EPUB/hcadag07_326_311.xhtml,
Pag070312,VII,312,1867-XX,1867-06-XX,1867-06-29 1867-06-30,https://epub3.kb.dk/hcadag/epub3/EPUB/hcadag07_327_312.xhtml,
Pag070313,VII,313,1867-XX,1867-06-XX 1867-07-XX,1867-06-30 1867-07-01 1867-07-02 1867-07-03,https://epub3.kb.dk/hcadag/epub3/EPUB/hcadag07_328_313.xhtml,
Pag070314,VII,314,1867-XX,1867-07-XX,1867-07-03 1867-07-04 1867-07-05 1867-07-06,https://epub3.kb.dk/hcadag/epub3/EPUB/hcadag07_329_314.xhtml,
Pag070315,VII,315,1867-XX,1867-07-XX,1867-07-06 1867-07-07 1867-07-08,https://epub3.kb.dk/hcadag/epub3/EPUB/hcadag07_330_315.xhtml,
Pag070316,VII,316,1867-XX,1867-07-XX,1867-07-08 1867-07-09,https://epub3.kb.dk/hcadag/epub3/EPUB/hcadag07_331_316.xhtml,
Pag070317,VII,317,1867-XX,1867-07-XX,1867-07-09 1867-07-10 1867-07-11 1867-07-12,https://epub3.kb.dk/hcadag/epub3/EPUB/hcadag07_332_317.xhtml,
Pag070318,VII,318,1867-XX,1867-07-XX,1867-07-12 1867-07-13 1867-07-14 1867-07-15,https://epub3.kb.dk/hcadag/epub3/EPUB/hcadag07_333_318.xhtml,
Pag070319,VII,319,1867-XX,1867-07-XX,1867-07-15 1867-07-16 1867-07-17,https://epub3.kb.dk/hcadag/epub3/EPUB/hcadag07_334_319.xhtml,
Pag070320,VII,320,1867-XX,1867-07-XX,1867-07-17 1867-07-18 1867-07-19,https://epub3.kb.dk/hcadag/epub3/EPUB/hcadag07_335_320.xhtml,
Pag070321,VII,321,1867-XX,1867-07-XX,1867-07-19 1867-07-20 1867-07-21 1867-07-22,https://epub3.kb.dk/hcadag/epub3/EPUB/hcadag07_336_321.xhtml,
Pag070322,VII,322,1867-XX,1867-07-XX,1867-07-22 1867-07-23 1867-07-24 1867-07-25 1867-07-26,https://epub3.kb.dk/hcadag/epub3/EPUB/hcadag07_337_322.xhtml,
Pag070323,VII,323,1867-XX,1867-07-XX,1867-07-27 1867-07-28 1867-07-29,https://epub3.kb.dk/hcadag/epub3/EPUB/hcadag07_338_323.xhtml,
Pag070324,VII,324,1867-XX,1867-07-XX,1867-07-29 1867-07-30 1867-07-31,https://epub3.kb.dk/hcadag/epub3/EPUB/hcadag07_339_324.xhtml,
Pag070325,VII,325,1867-XX,1867-07-XX 1867-08-XX,1867-07-31 1867-08-01 1867-08-02,https://epub3.kb.dk/hcadag/epub3/EPUB/hcadag07_340_325.xhtml,
Pag070326,VII,326,1867-XX,1867-08-XX,1867-08-02 1867-08-03 1867-08-04,https://epub3.kb.dk/hcadag/epub3/EPUB/hcadag07_341_326.xhtml,
Pag070327,VII,327,1867-XX,1867-08-XX,1867-08-04 1867-08-05 1867-08-06,https://epub3.kb.dk/hcadag/epub3/EPUB/hcadag07_342_327.xhtml,
Pag070328,VII,328,1867-XX,1867-08-XX,1867-08-06 1867-08-07,https://epub3.kb.dk/hcadag/epub3/EPUB/hcadag07_343_328.xhtml,
Pag070329,VII,329,1867-XX,1867-08-XX,1867-08-07 1867-08-08 1867-08-09 1867-08-10 1867-08-11,https://epub3.kb.dk/hcadag/epub3/EPUB/hcadag07_344_329.xhtml,
Pag070330,VII,330,1867-XX,1867-08-XX,1867-08-11 1867-08-12 1867-08-13 1867-08-14 1867-08-15,https://epub3.kb.dk/hcadag/epub3/EPUB/hcadag07_345_330.xhtml,
Pag070331,VII,331,1867-XX,1867-08-XX,1867-08-15 1867-08-16 1867-08-17 1867-08-18,https://epub3.kb.dk/hcadag/epub3/EPUB/hcadag07_346_331.xhtml,
Pag070332,VII,332,1867-XX,1867-08-XX,1867-08-18 1867-08-19 1867-08-20 1867-08-21,https://epub3.kb.dk/hcadag/epub3/EPUB/hcadag07_347_332.xhtml,
Pag070333,VII,333,1867-XX,1867-08-XX,1867-08-21 1867-08-22 1867-08-23,https://epub3.kb.dk/hcadag/epub3/EPUB/hcadag07_348_333.xhtml,
Pag070334,VII,334,1867-XX,1867-08-XX,1867-08-23 1867-08-24 1867-08-25,https://epub3.kb.dk/hcadag/epub3/EPUB/hcadag07_349_334.xhtml,
Pag070335,VII,335,1867-XX,1867-08-XX,1867-08-25 1867-08-26 1867-08-27,https://epub3.kb.dk/hcadag/epub3/EPUB/hcadag07_350_335.xhtml,
Pag070336,VII,336,1867-XX,1867-08-XX,1867-08-27 1867-08-28 1867-08-29 1867-08-30,https://epub3.kb.dk/hcadag/epub3/EPUB/hcadag07_351_336.xhtml,
Pag070337,VII,337,1867-XX,1867-08-XX,1867-08-30 1867-08-31,https://epub3.kb.dk/hcadag/epub3/EPUB/hcadag07_352_337.xhtml,
Pag070338,VII,338,1867-XX,1867-08-XX 1867-09-XX,1867-08-31 1867-09-01,https://epub3.kb.dk/hcadag/epub3/EPUB/hcadag07_353_338.xhtml,
Pag070339,VII,339,1867-XX,1867-09-XX,1867-09-01 1867-09-02,https://epub3.kb.dk/hcadag/epub3/EPUB/hcadag07_354_339.xhtml,
Pag070340,VII,340,1867-XX,1867-09-XX,1867-09-02 1867-09-03 1867-09-04,https://epub3.kb.dk/hcadag/epub3/EPUB/hcadag07_355_340.xhtml,
Pag070341,VII,341,1867-XX,1867-09-XX,1867-09-04 1867-09-05,https://epub3.kb.dk/hcadag/epub3/EPUB/hcadag07_356_341.xhtml,
Pag070342,VII,342,1867-XX,1867-09-XX,1867-09-05 1867-09-06,https://epub3.kb.dk/hcadag/epub3/EPUB/hcadag07_357_342.xhtml,
Pag070343,VII,343,1867-XX,1867-09-XX,1867-09-06 1867-09-07,https://epub3.kb.dk/hcadag/epub3/EPUB/hcadag07_358_343.xhtml,
Pag070344,VII,344,1867-XX,1867-09-XX,1867-09-07 1867-09-08 1867-09-09,https://epub3.kb.dk/hcadag/epub3/EPUB/hcadag07_359_344.xhtml,
Pag070345,VII,345,1867-XX,1867-09-XX,1867-09-09 1867-09-10,https://epub3.kb.dk/hcadag/epub3/EPUB/hcadag07_360_345.xhtml,
Pag070346,VII,346,1867-XX,1867-09-XX,1867-09-10 1867-09-11 1867-09-12,https://epub3.kb.dk/hcadag/epub3/EPUB/hcadag07_361_346.xhtml,
Pag070347,VII,347,1867-XX,1867-09-XX,1867-09-12 1867-09-13,https://epub3.kb.dk/hcadag/epub3/EPUB/hcadag07_362_347.xhtml,
Pag070348,VII,348,1867-XX,1867-09-XX,1867-09-14 1867-09-15,https://epub3.kb.dk/hcadag/epub3/EPUB/hcadag07_363_348.xhtml,
Pag070349,VII,349,1867-XX,1867-09-XX,1867-09-15 1867-09-16,https://epub3.kb.dk/hcadag/epub3/EPUB/hcadag07_364_349.xhtml,
Pag070350,VII,350,1867-XX,1867-09-XX,1867-09-17 1867-09-18 1867-09-19,https://epub3.kb.dk/hcadag/epub3/EPUB/hcadag07_365_350.xhtml,
Pag070351,VII,351,1867-XX,1867-09-XX,1867-09-19 1867-09-20 1867-09-21 1867-09-22,https://epub3.kb.dk/hcadag/epub3/EPUB/hcadag07_366_351.xhtml,
Pag070352,VII,352,1867-XX,1867-09-XX,1867-09-22 1867-09-23 1867-09-24,https://epub3.kb.dk/hcadag/epub3/EPUB/hcadag07_367_352.xhtml,
Pag070353,VII,353,1867-XX,1867-09-XX,1867-09-24 1867-09-25,https://epub3.kb.dk/hcadag/epub3/EPUB/hcadag07_368_353.xhtml,
Pag070354,VII,354,1867-XX,1867-09-XX,1867-09-25 1867-09-26,https://epub3.kb.dk/hcadag/epub3/EPUB/hcadag07_369_354.xhtml,
Pag070355,VII,355,1867-XX,1867-09-XX,1867-09-26 1867-09-27,https://epub3.kb.dk/hcadag/epub3/EPUB/hcadag07_370_355.xhtml,
Pag070356,VII,356,1867-XX,1867-09-XX,1867-09-27 1867-09-28 1867-09-29 1867-09-30,https://epub3.kb.dk/hcadag/epub3/EPUB/hcadag07_371_356.xhtml,
Pag070357,VII,357,1867-XX,1867-10-XX,1867-10-01 1867-10-02 1867-10-03 1867-10-04 1867-10-05 1867-10-06,https://epub3.kb.dk/hcadag/epub3/EPUB/hcadag07_372_357.xhtml,
Pag070358,VII,358,1867-XX,1867-10-XX,1867-10-06 1867-10-07 1867-10-08 1867-10-09,https://epub3.kb.dk/hcadag/epub3/EPUB/hcadag07_373_358.xhtml,
Pag070359,VII,359,1867-XX,1867-10-XX,1867-10-09 1867-10-10 1867-10-11 1867-10-12 1867-10-13 1867-10-14 1867-10-15 1867-10-16,https://epub3.kb.dk/hcadag/epub3/EPUB/hcadag07_374_359.xhtml,
Pag070360,VII,360,1867-XX,1867-10-XX,1867-10-16 1867-10-17 1867-10-18 1867-10-19,https://epub3.kb.dk/hcadag/epub3/EPUB/hcadag07_375_360.xhtml,
Pag070361,VII,361,1867-XX,1867-10-XX,1867-10-20 1867-10-21 1867-10-22 1867-10-23,https://epub3.kb.dk/hcadag/epub3/EPUB/hcadag07_376_361.xhtml,
Pag070362,VII,362,1867-XX,1867-10-XX,1867-10-23 1867-10-24 1867-10-25,https://epub3.kb.dk/hcadag/epub3/EPUB/hcadag07_377_362.xhtml,
Pag070363,VII,363,1867-XX,1867-10-XX,1867-10-25 1867-10-26,https://epub3.kb.dk/hcadag/epub3/EPUB/hcadag07_378_363.xhtml,
Pag070364,VII,364,1867-XX,1867-10-XX,1867-10-26 1867-10-27 1867-10-28 1867-10-29,https://epub3.kb.dk/hcadag/epub3/EPUB/hcadag07_379_364.xhtml,
Pag070365,VII,365,1867-XX,1867-10-XX,1867-10-29 1867-10-30 1867-10-31,https://epub3.kb.dk/hcadag/epub3/EPUB/hcadag07_380_365.xhtml,
Pag070366,VII,366,1867-XX,1867-10-XX 1867-11-XX,1867-10-31 1867-11-01 1867-11-02 1867-11-03,https://epub3.kb.dk/hcadag/epub3/EPUB/hcadag07_381_366.xhtml,
Pag070367,VII,367,1867-XX,1867-11-XX,1867-11-03 1867-11-04 1867-11-05 1867-11-06 1867-11-07,https://epub3.kb.dk/hcadag/epub3/EPUB/hcadag07_382_367.xhtml,
Pag070368,VII,368,1867-XX,1867-11-XX,1867-11-07 1867-11-08 1867-11-09 1867-11-10,https://epub3.kb.dk/hcadag/epub3/EPUB/hcadag07_383_368.xhtml,
Pag070369,VII,369,1867-XX,1867-11-XX,1867-11-10 1867-11-11 1867-11-12 1867-11-13,https://epub3.kb.dk/hcadag/epub3/EPUB/hcadag07_384_369.xhtml,
Pag070370,VII,370,1867-XX,1867-11-XX,1867-11-14 1867-11-15 1867-11-16,https://epub3.kb.dk/hcadag/epub3/EPUB/hcadag07_385_370.xhtml,
Pag070371,VII,371,1867-XX,1867-11-XX,1867-11-16,https://epub3.kb.dk/hcadag/epub3/EPUB/hcadag07_386_371.xhtml,
Pag070372,VII,372,1867-XX,1867-11-XX,1867-11-16,https://epub3.kb.dk/hcadag/epub3/EPUB/hcadag07_387_372.xhtml,
Pag070373,VII,373,1867-XX,1867-11-XX,1867-11-17 1867-11-18 1867-11-19 1867-11-20,https://epub3.kb.dk/hcadag/epub3/EPUB/hcadag07_388_373.xhtml,
Pag070374,VII,374,1867-XX,1867-11-XX,1867-11-20 1867-11-21,https://epub3.kb.dk/hcadag/epub3/EPUB/hcadag07_389_374.xhtml,
Pag070375,VII,375,1867-XX,1867-11-XX,1867-11-21 1867-11-22,https://epub3.kb.dk/hcadag/epub3/EPUB/hcadag07_390_375.xhtml,
Pag070376,VII,376,1867-XX,1867-11-XX,1867-11-22 1867-11-23 1867-11-24,https://epub3.kb.dk/hcadag/epub3/EPUB/hcadag07_391_376.xhtml,
Pag070377,VII,377,1867-XX,1867-11-XX,1867-11-24 1867-11-25 1867-11-26 1867-11-27,https://epub3.kb.dk/hcadag/epub3/EPUB/hcadag07_392_377.xhtml,
Pag070378,VII,378,1867-XX,1867-11-XX,1867-11-27 1867-11-28 1867-11-29 1867-11-30,https://epub3.kb.dk/hcadag/epub3/EPUB/hcadag07_393_378.xhtml,
Pag070379,VII,379,1867-XX,1867-11-XX 1867-12-XX,1867-11-30 1867-12-01,https://epub3.kb.dk/hcadag/epub3/EPUB/hcadag07_394_379.xhtml,
Pag070380,VII,380,1867-XX,1867-12-XX,1867-12-01 1867-12-02 1867-12-03 1867-12-04,https://epub3.kb.dk/hcadag/epub3/EPUB/hcadag07_395_380.xhtml,
Pag070381,VII,381,1867-XX,1867-12-XX,1867-12-04 1867-12-05,https://epub3.kb.dk/hcadag/epub3/EPUB/hcadag07_396_381.xhtml,
Pag070382,VII,382,1867-XX,1867-12-XX,1867-12-05 1867-12-06,https://epub3.kb.dk/hcadag/epub3/EPUB/hcadag07_397_382.xhtml,
Pag070383,VII,383,1867-XX,1867-12-XX,1867-12-06,https://epub3.kb.dk/hcadag/epub3/EPUB/hcadag07_398_383.xhtml,
Pag070384,VII,384,1867-XX,1867-12-XX,1867-12-06 1867-12-07 1867-12-08,https://epub3.kb.dk/hcadag/epub3/EPUB/hcadag07_399_384.xhtml,
Pag070385,VII,385,1867-XX,1867-12-XX,1867-12-08 1867-12-09,https://epub3.kb.dk/hcadag/epub3/EPUB/hcadag07_400_385.xhtml,
Pag070386,VII,386,1867-XX,1867-12-XX,1867-12-09 1867-12-10,https://epub3.kb.dk/hcadag/epub3/EPUB/hcadag07_401_386.xhtml,
Pag070387,VII,387,1867-XX,1867-12-XX,1867-12-11,https://epub3.kb.dk/hcadag/epub3/EPUB/hcadag07_402_387.xhtml,
Pag070388,VII,388,1867-XX,1867-12-XX,1867-12-11 1867-12-12,https://epub3.kb.dk/hcadag/epub3/EPUB/hcadag07_403_388.xhtml,
Pag070389,VII,389,1867-XX,1867-12-XX,1867-12-12 1867-12-13 1867-12-14,https://epub3.kb.dk/hcadag/epub3/EPUB/hcadag07_404_389.xhtml,
Pag070390,VII,390,1867-XX,1867-12-XX,1867-12-14 1867-12-15 1867-12-16 1867-12-17,https://epub3.kb.dk/hcadag/epub3/EPUB/hcadag07_405_390.xhtml,
Pag070391,VII,391,1867-XX,1867-12-XX,1867-12-17 1867-12-18 1867-12-19,https://epub3.kb.dk/hcadag/epub3/EPUB/hcadag07_406_391.xhtml,
Pag070392,VII,392,1867-XX,1867-12-XX,1867-12-19 1867-12-20,https://epub3.kb.dk/hcadag/epub3/EPUB/hcadag07_407_392.xhtml,
Pag070393,VII,393,1867-XX,1867-12-XX,1867-12-20 1867-12-21 1867-12-22 1867-12-23,https://epub3.kb.dk/hcadag/epub3/EPUB/hcadag07_408_393.xhtml,
Pag070394,VII,394,1867-XX,1867-12-XX,1867-12-23 1867-12-24,https://epub3.kb.dk/hcadag/epub3/EPUB/hcadag07_409_394.xhtml,
Pag070395,VII,395,1867-XX,1867-12-XX,1867-12-24 1867-12-25 1867-12-26 1867-12-27 1867-12-28,https://epub3.kb.dk/hcadag/epub3/EPUB/hcadag07_410_395.xhtml,
Pag070396,VII,396,1867-XX,1867-12-XX,1867-12-28 1867-12-29,https://epub3.kb.dk/hcadag/epub3/EPUB/hcadag07_411_396.xhtml,
Pag070397,VII,397,1867-XX,1867-12-XX,1867-12-29 1867-12-30 1867-12-31,https://epub3.kb.dk/hcadag/epub3/EPUB/hcadag07_412_397.xhtml,
Pag070398,VII,398,1867-XX,1867-12-XX,1867-12-31,https://epub3.kb.dk/hcadag/epub3/EPUB/hcadag07_413_398.xhtml,
Pag080001,VIII,1,1868-XX,1868-01-XX,1868-01-01,https://epub3.kb.dk/hcadag/epub3/EPUB/hcadag08_016_1.xhtml,
Pag080002,VIII,2,1868-XX,1868-01-XX,1868-01-01 1868-01-02 1868-01-03,https://epub3.kb.dk/hcadag/epub3/EPUB/hcadag08_017_2.xhtml,
Pag080003,VIII,3,1868-XX,1868-01-XX,1868-01-03 1868-01-04 1868-01-05,https://epub3.kb.dk/hcadag/epub3/EPUB/hcadag08_018_3.xhtml,
Pag080004,VIII,4,1868-XX,1868-01-XX,1868-01-05 1868-01-06 1868-01-07 1868-01-08,https://epub3.kb.dk/hcadag/epub3/EPUB/hcadag08_019_4.xhtml,
Pag080005,VIII,5,1868-XX,1868-01-XX,1868-01-08 1868-01-09 1868-01-10 1868-01-11,https://epub3.kb.dk/hcadag/epub3/EPUB/hcadag08_020_5.xhtml,
Pag080006,VIII,6,1868-XX,1868-01-XX,1868-01-11 1868-01-12 1868-01-13 1868-01-14,https://epub3.kb.dk/hcadag/epub3/EPUB/hcadag08_021_6.xhtml,
Pag080007,VIII,7,1868-XX,1868-01-XX,1868-01-14 1868-01-15 1868-01-16 1868-01-17 1868-01-18,https://epub3.kb.dk/hcadag/epub3/EPUB/hcadag08_022_7.xhtml,
Pag080008,VIII,8,1868-XX,1868-01-XX,1868-01-18 1868-01-19 1868-01-20 1868-01-21,https://epub3.kb.dk/hcadag/epub3/EPUB/hcadag08_023_8.xhtml,
Pag080009,VIII,9,1868-XX,1868-01-XX,1868-01-21 1868-01-22 1868-01-23 1868-01-24,https://epub3.kb.dk/hcadag/epub3/EPUB/hcadag08_024_9.xhtml,
Pag080010,VIII,10,1868-XX,1868-01-XX,1868-01-24 1868-01-25 1868-01-26 1868-01-27,https://epub3.kb.dk/hcadag/epub3/EPUB/hcadag08_025_10.xhtml,
Pag080011,VIII,11,1868-XX,1868-01-XX,1868-01-27 1868-01-28 1868-01-29 1868-01-30,https://epub3.kb.dk/hcadag/epub3/EPUB/hcadag08_026_11.xhtml,
Pag080012,VIII,12,1868-XX,1868-01-XX,1868-01-30 1868-01-31,https://epub3.kb.dk/hcadag/epub3/EPUB/hcadag08_027_12.xhtml,
Pag080013,VIII,13,1868-XX,1868-02-XX,1868-02-01 1868-02-02 1868-02-03,https://epub3.kb.dk/hcadag/epub3/EPUB/hcadag08_028_13.xhtml,
Pag080014,VIII,14,1868-XX,1868-02-XX,1868-02-03 1868-02-04 1868-02-05,https://epub3.kb.dk/hcadag/epub3/EPUB/hcadag08_029_14.xhtml,
Pag080015,VIII,15,1868-XX,1868-02-XX,1868-02-05 1868-02-06 1868-02-07,https://epub3.kb.dk/hcadag/epub3/EPUB/hcadag08_030_15.xhtml,
Pag080016,VIII,16,1868-XX,1868-02-XX,1868-02-07,https://epub3.kb.dk/hcadag/epub3/EPUB/hcadag08_031_16.xhtml,
Pag080017,VIII,17,1868-XX,1868-02-XX,1868-02-07 1868-02-08,https://epub3.kb.dk/hcadag/epub3/EPUB/hcadag08_032_17.xhtml,
Pag080018,VIII,18,1868-XX,1868-02-XX,1868-02-08 1868-02-09 1868-02-10,https://epub3.kb.dk/hcadag/epub3/EPUB/hcadag08_033_18.xhtml,
Pag080019,VIII,19,1868-XX,1868-02-XX,1868-02-10,https://epub3.kb.dk/hcadag/epub3/EPUB/hcadag08_034_19.xhtml,
Pag080020,VIII,20,1868-XX,1868-02-XX,1868-02-10 1868-02-11 1868-02-12,https://epub3.kb.dk/hcadag/epub3/EPUB/hcadag08_035_20.xhtml,
Pag080021,VIII,21,1868-XX,1868-02-XX,1868-02-12 1868-02-13 1868-02-14 1868-02-15 1868-02-16,https://epub3.kb.dk/hcadag/epub3/EPUB/hcadag08_036_21.xhtml,
Pag080022,VIII,22,1868-XX,1868-02-XX,1868-02-16,https://epub3.kb.dk/hcadag/epub3/EPUB/hcadag08_037_22.xhtml,
Pag080023,VIII,23,1868-XX,1868-02-XX,1868-02-16 1868-02-17 1868-02-18 1868-02-19,https://epub3.kb.dk/hcadag/epub3/EPUB/hcadag08_038_23.xhtml,
Pag080024,VIII,24,1868-XX,1868-02-XX,1868-02-19 1868-02-20 1868-02-21,https://epub3.kb.dk/hcadag/epub3/EPUB/hcadag08_039_24.xhtml,
Pag080025,VIII,25,1868-XX,1868-02-XX,1868-02-21 1868-02-22 1868-02-23,https://epub3.kb.dk/hcadag/epub3/EPUB/hcadag08_040_25.xhtml,
Pag080026,VIII,26,1868-XX,1868-02-XX,1868-02-23 1868-02-24 1868-02-25 1868-02-26,https://epub3.kb.dk/hcadag/epub3/EPUB/hcadag08_041_26.xhtml,
Pag080027,VIII,27,1868-XX,1868-02-XX,1868-02-26,https://epub3.kb.dk/hcadag/epub3/EPUB/hcadag08_042_27.xhtml,
Pag080028,VIII,28,1868-XX,1868-02-XX,1868-02-26 1868-02-27,https://epub3.kb.dk/hcadag/epub3/EPUB/hcadag08_043_28.xhtml,
Pag080029,VIII,29,1868-XX,1868-02-XX,1868-02-27 1868-02-28 1868-02-29,https://epub3.kb.dk/hcadag/epub3/EPUB/hcadag08_044_29.xhtml,
Pag080030,VIII,30,1868-XX,1868-03-XX,1868-03-01 1868-03-02,https://epub3.kb.dk/hcadag/epub3/EPUB/hcadag08_045_30.xhtml,
Pag080031,VIII,31,1868-XX,1868-03-XX,1868-03-02 1868-03-03 1868-03-04,https://epub3.kb.dk/hcadag/epub3/EPUB/hcadag08_046_31.xhtml,
Pag080032,VIII,32,1868-XX,1868-03-XX,1868-03-04 1868-03-05,https://epub3.kb.dk/hcadag/epub3/EPUB/hcadag08_047_32.xhtml,
Pag080033,VIII,33,1868-XX,1868-03-XX,1868-03-05 1868-03-06 1868-03-07,https://epub3.kb.dk/hcadag/epub3/EPUB/hcadag08_048_33.xhtml,
Pag080034,VIII,34,1868-XX,1868-03-XX,1868-03-07 1868-03-08 1868-03-09,https://epub3.kb.dk/hcadag/epub3/EPUB/hcadag08_049_34.xhtml,
Pag080035,VIII,35,1868-XX,1868-03-XX,1868-03-10 1868-03-11 1868-03-12 1868-03-13,https://epub3.kb.dk/hcadag/epub3/EPUB/hcadag08_050_35.xhtml,
Pag080036,VIII,36,1868-XX,1868-03-XX,1868-03-13 1868-03-14 1868-03-15 1868-03-16,https://epub3.kb.dk/hcadag/epub3/EPUB/hcadag08_051_36.xhtml,
Pag080037,VIII,37,1868-XX,1868-03-XX,1868-03-16 1868-03-17,https://epub3.kb.dk/hcadag/epub3/EPUB/hcadag08_052_37.xhtml,
Pag080038,VIII,38,1868-XX,1868-03-XX,1868-03-17 1868-03-18 1868-03-19 1868-03-20,https://epub3.kb.dk/hcadag/epub3/EPUB/hcadag08_053_38.xhtml,
Pag080039,VIII,39,1868-XX,1868-03-XX,1868-03-20 1868-03-21 1868-03-22 1868-03-23,https://epub3.kb.dk/hcadag/epub3/EPUB/hcadag08_054_39.xhtml,
Pag080040,VIII,40,1868-XX,1868-03-XX,1868-03-23 1868-03-24 1868-03-25,https://epub3.kb.dk/hcadag/epub3/EPUB/hcadag08_055_40.xhtml,
Pag080041,VIII,41,1868-XX,1868-03-XX,1868-03-25 1868-03-26 1868-03-27 1868-03-28,https://epub3.kb.dk/hcadag/epub3/EPUB/hcadag08_056_41.xhtml,
Pag080042,VIII,42,1868-XX,1868-03-XX,1868-03-28 1868-03-29 1868-03-30,https://epub3.kb.dk/hcadag/epub3/EPUB/hcadag08_057_42.xhtml,
Pag080043,VIII,43,1868-XX,1868-03-XX 1868-04-XX,1868-03-30 1868-03-31 1868-04-01 1868-04-02,https://epub3.kb.dk/hcadag/epub3/EPUB/hcadag08_058_43.xhtml,
Pag080044,VIII,44,1868-XX,1868-04-XX,1868-04-02,https://epub3.kb.dk/hcadag/epub3/EPUB/hcadag08_059_44.xhtml,
Pag080045,VIII,45,1868-XX,1868-04-XX,1868-04-02 1868-04-03 1868-04-04,https://epub3.kb.dk/hcadag/epub3/EPUB/hcadag08_060_45.xhtml,
Pag080046,VIII,46,1868-XX,1868-04-XX,1868-04-04 1868-04-05 1868-04-06 1868-04-07,https://epub3.kb.dk/hcadag/epub3/EPUB/hcadag08_061_46.xhtml,
Pag080047,VIII,47,1868-XX,1868-04-XX,1868-04-07 1868-04-08,https://epub3.kb.dk/hcadag/epub3/EPUB/hcadag08_062_47.xhtml,
Pag080048,VIII,48,1868-XX,1868-04-XX,1868-04-08 1868-04-09,https://epub3.kb.dk/hcadag/epub3/EPUB/hcadag08_063_48.xhtml,
Pag080049,VIII,49,1868-XX,1868-04-XX,1868-04-09 1868-04-10 1868-04-11 1868-04-12,https://epub3.kb.dk/hcadag/epub3/EPUB/hcadag08_064_49.xhtml,
Pag080050,VIII,50,1868-XX,1868-04-XX,1868-04-13 1868-04-14,https://epub3.kb.dk/hcadag/epub3/EPUB/hcadag08_065_50.xhtml,
Pag080051,VIII,51,1868-XX,1868-04-XX,1868-04-14 1868-04-15 1868-04-16 1868-04-17 1868-04-18,https://epub3.kb.dk/hcadag/epub3/EPUB/hcadag08_066_51.xhtml,
Pag080052,VIII,52,1868-XX,1868-04-XX,1868-04-18 1868-04-19 1868-04-20,https://epub3.kb.dk/hcadag/epub3/EPUB/hcadag08_067_52.xhtml,
Pag080053,VIII,53,1868-XX,1868-04-XX,1868-04-20 1868-04-21 1868-04-22,https://epub3.kb.dk/hcadag/epub3/EPUB/hcadag08_068_53.xhtml,
Pag080054,VIII,54,1868-XX,1868-04-XX,1868-04-22 1868-04-23 1868-04-24,https://epub3.kb.dk/hcadag/epub3/EPUB/hcadag08_069_54.xhtml,
Pag080055,VIII,55,1868-XX,1868-04-XX,1868-04-24 1868-04-25,https://epub3.kb.dk/hcadag/epub3/EPUB/hcadag08_070_55.xhtml,
Pag080056,VIII,56,1868-XX,1868-04-XX,1868-04-25 1868-04-26,https://epub3.kb.dk/hcadag/epub3/EPUB/hcadag08_071_56.xhtml,
Pag080057,VIII,57,1868-XX,1868-04-XX,1868-04-26 1868-04-27 1868-04-28 1868-04-29,https://epub3.kb.dk/hcadag/epub3/EPUB/hcadag08_072_57.xhtml,
Pag080058,VIII,58,1868-XX,1868-04-XX,1868-04-29 1868-04-30,https://epub3.kb.dk/hcadag/epub3/EPUB/hcadag08_073_58.xhtml,
Pag080059,VIII,59,1868-XX,1868-04-XX 1868-05-XX,1868-04-30 1868-05-01,https://epub3.kb.dk/hcadag/epub3/EPUB/hcadag08_074_59.xhtml,
Pag080060,VIII,60,1868-XX,1868-05-XX,1868-05-01 1868-05-02 1868-05-03,https://epub3.kb.dk/hcadag/epub3/EPUB/hcadag08_075_60.xhtml,
Pag080061,VIII,61,1868-XX,1868-05-XX,1868-05-03 1868-05-04 1868-05-05,https://epub3.kb.dk/hcadag/epub3/EPUB/hcadag08_076_61.xhtml,
Pag080062,VIII,62,1868-XX,1868-05-XX,1868-05-05 1868-05-06,https://epub3.kb.dk/hcadag/epub3/EPUB/hcadag08_077_62.xhtml,
Pag080063,VIII,63,1868-XX,1868-05-XX,1868-05-07 1868-05-08,https://epub3.kb.dk/hcadag/epub3/EPUB/hcadag08_078_63.xhtml,
Pag080064,VIII,64,1868-XX,1868-05-XX,1868-05-08 1868-05-09,https://epub3.kb.dk/hcadag/epub3/EPUB/hcadag08_079_64.xhtml,
Pag080065,VIII,65,1868-XX,1868-05-XX,1868-05-09 1868-05-10 1868-05-11,https://epub3.kb.dk/hcadag/epub3/EPUB/hcadag08_080_65.xhtml,
Pag080066,VIII,66,1868-XX,1868-05-XX,1868-05-11 1868-05-12,https://epub3.kb.dk/hcadag/epub3/EPUB/hcadag08_081_66.xhtml,
Pag080067,VIII,67,1868-XX,1868-05-XX,1868-05-12 1868-05-13,https://epub3.kb.dk/hcadag/epub3/EPUB/hcadag08_082_67.xhtml,
Pag080068,VIII,68,1868-XX,1868-05-XX,1868-05-13 1868-05-14 1868-05-15,https://epub3.kb.dk/hcadag/epub3/EPUB/hcadag08_083_68.xhtml,
Pag080069,VIII,69,1868-XX,1868-05-XX,1868-05-15 1868-05-16 1868-05-17,https://epub3.kb.dk/hcadag/epub3/EPUB/hcadag08_084_69.xhtml,
Pag080070,VIII,70,1868-XX,1868-05-XX,1868-05-17 1868-05-18 1868-05-19 1868-05-20,https://epub3.kb.dk/hcadag/epub3/EPUB/hcadag08_085_70.xhtml,
Pag080071,VIII,71,1868-XX,1868-05-XX,1868-05-20 1868-05-21,https://epub3.kb.dk/hcadag/epub3/EPUB/hcadag08_086_71.xhtml,
Pag080072,VIII,72,1868-XX,1868-05-XX,1868-05-21 1868-05-22 1868-05-23 1868-05-24,https://epub3.kb.dk/hcadag/epub3/EPUB/hcadag08_087_72.xhtml,
Pag080073,VIII,73,1868-XX,1868-05-XX,1868-05-24,https://epub3.kb.dk/hcadag/epub3/EPUB/hcadag08_088_73.xhtml,
Pag080074,VIII,74,1868-XX,1868-05-XX,1868-05-25 1868-05-26,https://epub3.kb.dk/hcadag/epub3/EPUB/hcadag08_089_74.xhtml,
Pag080075,VIII,75,1868-XX,1868-05-XX,1868-05-27 1868-05-28 1868-05-29,https://epub3.kb.dk/hcadag/epub3/EPUB/hcadag08_090_75.xhtml,
Pag080076,VIII,76,1868-XX,1868-05-XX,1868-05-29 1868-05-30 1868-05-31,https://epub3.kb.dk/hcadag/epub3/EPUB/hcadag08_091_76.xhtml,
Pag080077,VIII,77,1868-XX,1868-05-XX 1868-06-XX,1868-05-31 1868-06-01,https://epub3.kb.dk/hcadag/epub3/EPUB/hcadag08_092_77.xhtml,
Pag080078,VIII,78,1868-XX,1868-06-XX,1868-06-01 1868-06-02 1868-06-03,https://epub3.kb.dk/hcadag/epub3/EPUB/hcadag08_093_78.xhtml,
Pag080079,VIII,79,1868-XX,1868-06-XX,1868-06-03 1868-06-04,https://epub3.kb.dk/hcadag/epub3/EPUB/hcadag08_094_79.xhtml,
Pag080080,VIII,80,1868-XX,1868-06-XX,1868-06-04 1868-06-05 1868-06-06,https://epub3.kb.dk/hcadag/epub3/EPUB/hcadag08_095_80.xhtml,
Pag080081,VIII,81,1868-XX,1868-06-XX,1868-06-06 1868-06-07,https://epub3.kb.dk/hcadag/epub3/EPUB/hcadag08_096_81.xhtml,
Pag080082,VIII,82,1868-XX,1868-06-XX,1868-06-07 1868-06-08 1868-06-09,https://epub3.kb.dk/hcadag/epub3/EPUB/hcadag08_097_82.xhtml,
Pag080083,VIII,83,1868-XX,1868-06-XX,1868-06-09 1868-06-10,https://epub3.kb.dk/hcadag/epub3/EPUB/hcadag08_098_83.xhtml,
Pag080084,VIII,84,1868-XX,1868-06-XX,1868-06-10 1868-06-11 1868-06-12,https://epub3.kb.dk/hcadag/epub3/EPUB/hcadag08_099_84.xhtml,
Pag080085,VIII,85,1868-XX,1868-06-XX,1868-06-12 1868-06-13,https://epub3.kb.dk/hcadag/epub3/EPUB/hcadag08_100_85.xhtml,
Pag080086,VIII,86,1868-XX,1868-06-XX,1868-06-13 1868-06-14 1868-06-15,https://epub3.kb.dk/hcadag/epub3/EPUB/hcadag08_101_86.xhtml,
Pag080087,VIII,87,1868-XX,1868-06-XX,1868-06-15 1868-06-16,https://epub3.kb.dk/hcadag/epub3/EPUB/hcadag08_102_87.xhtml,
Pag080088,VIII,88,1868-XX,1868-06-XX,1868-06-16 1868-06-17 1868-06-18,https://epub3.kb.dk/hcadag/epub3/EPUB/hcadag08_103_88.xhtml,
Pag080089,VIII,89,1868-XX,1868-06-XX,1868-06-18 1868-06-19 1868-06-20,https://epub3.kb.dk/hcadag/epub3/EPUB/hcadag08_104_89.xhtml,
Pag080090,VIII,90,1868-XX,1868-06-XX,1868-06-20 1868-06-21 1868-06-22,https://epub3.kb.dk/hcadag/epub3/EPUB/hcadag08_105_90.xhtml,
Pag080091,VIII,91,1868-XX,1868-06-XX,1868-06-22 1868-06-23 1868-06-24,https://epub3.kb.dk/hcadag/epub3/EPUB/hcadag08_106_91.xhtml,
Pag080092,VIII,92,1868-XX,1868-06-XX,1868-06-24 1868-06-25 1868-06-26,https://epub3.kb.dk/hcadag/epub3/EPUB/hcadag08_107_92.xhtml,
Pag080093,VIII,93,1868-XX,1868-06-XX,1868-06-26 1868-06-27 1868-06-28,https://epub3.kb.dk/hcadag/epub3/EPUB/hcadag08_108_93.xhtml,
Pag080094,VIII,94,1868-XX,1868-06-XX,1868-06-29 1868-06-30,https://epub3.kb.dk/hcadag/epub3/EPUB/hcadag08_109_94.xhtml,
Pag080095,VIII,95,1868-XX,1868-06-XX 1868-07-XX,1868-06-30 1868-07-01 1868-07-02,https://epub3.kb.dk/hcadag/epub3/EPUB/hcadag08_110_95.xhtml,
Pag080096,VIII,96,1868-XX,1868-07-XX,1868-07-02 1868-07-03 1868-07-04,https://epub3.kb.dk/hcadag/epub3/EPUB/hcadag08_111_96.xhtml,
Pag080097,VIII,97,1868-XX,1868-07-XX,1868-07-04 1868-07-05 1868-07-06,https://epub3.kb.dk/hcadag/epub3/EPUB/hcadag08_112_97.xhtml,
Pag080098,VIII,98,1868-XX,1868-07-XX,1868-07-06 1868-07-07,https://epub3.kb.dk/hcadag/epub3/EPUB/hcadag08_113_98.xhtml,
Pag080099,VIII,99,1868-XX,1868-07-XX,1868-07-07 1868-07-08 1868-07-09 1868-07-10,https://epub3.kb.dk/hcadag/epub3/EPUB/hcadag08_114_99.xhtml,
Pag080100,VIII,100,1868-XX,1868-07-XX,1868-07-10 1868-07-11 1868-07-12 1868-07-13,https://epub3.kb.dk/hcadag/epub3/EPUB/hcadag08_115_100.xhtml,
Pag080101,VIII,101,1868-XX,1868-07-XX,1868-07-13 1868-07-14 1868-07-15 1868-07-16,https://epub3.kb.dk/hcadag/epub3/EPUB/hcadag08_116_101.xhtml,
Pag080102,VIII,102,1868-XX,1868-07-XX,1868-07-16 1868-07-17 1868-07-18,https://epub3.kb.dk/hcadag/epub3/EPUB/hcadag08_117_102.xhtml,
Pag080103,VIII,103,1868-XX,1868-07-XX,1868-07-18 1868-07-19 1868-07-20 1868-07-21 1868-07-22,https://epub3.kb.dk/hcadag/epub3/EPUB/hcadag08_118_103.xhtml,
Pag080104,VIII,104,1868-XX,1868-07-XX,1868-07-22 1868-07-23 1868-07-24,https://epub3.kb.dk/hcadag/epub3/EPUB/hcadag08_119_104.xhtml,
Pag080105,VIII,105,1868-XX,1868-07-XX,1868-07-24 1868-07-25 1868-07-26 1868-07-27,https://epub3.kb.dk/hcadag/epub3/EPUB/hcadag08_120_105.xhtml,
Pag080106,VIII,106,1868-XX,1868-07-XX,1868-07-27 1868-07-28,https://epub3.kb.dk/hcadag/epub3/EPUB/hcadag08_121_106.xhtml,
Pag080107,VIII,107,1868-XX,1868-07-XX,1868-07-28 1868-07-29 1868-07-30 1868-07-31,https://epub3.kb.dk/hcadag/epub3/EPUB/hcadag08_122_107.xhtml,
Pag080108,VIII,108,1868-XX,1868-07-XX 1868-08-XX,1868-07-31 1868-08-01 1868-08-02,https://epub3.kb.dk/hcadag/epub3/EPUB/hcadag08_123_108.xhtml,
Pag080109,VIII,109,1868-XX,1868-08-XX,1868-08-02 1868-08-03 1868-08-04 1868-08-05 1868-08-06 1868-08-07,https://epub3.kb.dk/hcadag/epub3/EPUB/hcadag08_124_109.xhtml,
Pag080110,VIII,110,1868-XX,1868-08-XX,1868-08-07 1868-08-08 1868-08-09 1868-08-10,https://epub3.kb.dk/hcadag/epub3/EPUB/hcadag08_125_110.xhtml,
Pag080111,VIII,111,1868-XX,1868-08-XX,1868-08-10 1868-08-11 1868-08-12 1868-08-13 1868-08-14,https://epub3.kb.dk/hcadag/epub3/EPUB/hcadag08_126_111.xhtml,
Pag080112,VIII,112,1868-XX,1868-08-XX,1868-08-14 1868-08-15 1868-08-16,https://epub3.kb.dk/hcadag/epub3/EPUB/hcadag08_127_112.xhtml,
Pag080113,VIII,113,1868-XX,1868-08-XX,1868-08-17 1868-08-18,https://epub3.kb.dk/hcadag/epub3/EPUB/hcadag08_128_113.xhtml,
Pag080114,VIII,114,1868-XX,1868-08-XX,1868-08-18 1868-08-19 1868-08-20,https://epub3.kb.dk/hcadag/epub3/EPUB/hcadag08_129_114.xhtml,
Pag080115,VIII,115,1868-XX,1868-08-XX,1868-08-20 1868-08-21 1868-08-22,https://epub3.kb.dk/hcadag/epub3/EPUB/hcadag08_130_115.xhtml,
Pag080116,VIII,116,1868-XX,1868-08-XX,1868-08-22 1868-08-23,https://epub3.kb.dk/hcadag/epub3/EPUB/hcadag08_131_116.xhtml,
Pag080117,VIII,117,1868-XX,1868-08-XX,1868-08-24 1868-08-25 1868-08-26,https://epub3.kb.dk/hcadag/epub3/EPUB/hcadag08_132_117.xhtml,
Pag080118,VIII,118,1868-XX,1868-08-XX,1868-08-26 1868-08-27 1868-08-28,https://epub3.kb.dk/hcadag/epub3/EPUB/hcadag08_133_118.xhtml,
Pag080119,VIII,119,1868-XX,1868-08-XX,1868-08-28 1868-08-29 1868-08-30 1868-08-31,https://epub3.kb.dk/hcadag/epub3/EPUB/hcadag08_134_119.xhtml,
Pag080120,VIII,120,1868-XX,1868-08-XX 1868-09-XX,1868-08-31 1868-09-01 1868-09-02,https://epub3.kb.dk/hcadag/epub3/EPUB/hcadag08_135_120.xhtml,
Pag080121,VIII,121,1868-XX,1868-09-XX,1868-09-02 1868-09-03 1868-09-04 1868-09-05 1868-09-06,https://epub3.kb.dk/hcadag/epub3/EPUB/hcadag08_136_121.xhtml,
Pag080122,VIII,122,1868-XX,1868-09-XX,1868-09-07 1868-09-08 1868-09-09,https://epub3.kb.dk/hcadag/epub3/EPUB/hcadag08_137_122.xhtml,
Pag080123,VIII,123,1868-XX,1868-09-XX,1868-09-10 1868-09-11 1868-09-12,https://epub3.kb.dk/hcadag/epub3/EPUB/hcadag08_138_123.xhtml,
Pag080124,VIII,124,1868-XX,1868-09-XX,1868-09-12 1868-09-13,https://epub3.kb.dk/hcadag/epub3/EPUB/hcadag08_139_124.xhtml,
Pag080125,VIII,125,1868-XX,1868-09-XX,1868-09-13 1868-09-14 1868-09-15,https://epub3.kb.dk/hcadag/epub3/EPUB/hcadag08_140_125.xhtml,
Pag080126,VIII,126,1868-XX,1868-09-XX,1868-09-15 1868-09-16 1868-09-17,https://epub3.kb.dk/hcadag/epub3/EPUB/hcadag08_141_126.xhtml,
Pag080127,VIII,127,1868-XX,1868-09-XX,1868-09-17 1868-09-18 1868-09-19,https://epub3.kb.dk/hcadag/epub3/EPUB/hcadag08_142_127.xhtml,
Pag080128,VIII,128,1868-XX,1868-09-XX,1868-09-20 1868-09-21 1868-09-22 1868-09-23 1868-09-24,https://epub3.kb.dk/hcadag/epub3/EPUB/hcadag08_143_128.xhtml,
Pag080129,VIII,129,1868-XX,1868-09-XX,1868-09-24 1868-09-25 1868-09-26,https://epub3.kb.dk/hcadag/epub3/EPUB/hcadag08_144_129.xhtml,
Pag080130,VIII,130,1868-XX,1868-09-XX,1868-09-26 1868-09-27 1868-09-28,https://epub3.kb.dk/hcadag/epub3/EPUB/hcadag08_145_130.xhtml,
Pag080131,VIII,131,1868-XX,1868-09-XX,1868-09-28 1868-09-29 1868-09-30,https://epub3.kb.dk/hcadag/epub3/EPUB/hcadag08_146_131.xhtml,
Pag080132,VIII,132,1868-XX,1868-10-XX,1868-10-01 1868-10-02 1868-10-03 1868-10-04,https://epub3.kb.dk/hcadag/epub3/EPUB/hcadag08_147_132.xhtml,
Pag080133,VIII,133,1868-XX,1868-10-XX,1868-10-04 1868-10-05 1868-10-06 1868-10-07 1868-10-08 1868-10-09 1868-10-10,https://epub3.kb.dk/hcadag/epub3/EPUB/hcadag08_148_133.xhtml,
Pag080134,VIII,134,1868-XX,1868-10-XX,1868-10-10 1868-10-11 1868-10-12 1868-10-13 1868-10-14,https://epub3.kb.dk/hcadag/epub3/EPUB/hcadag08_149_134.xhtml,
Pag080135,VIII,135,1868-XX,1868-10-XX,1868-10-15 1868-10-16 1868-10-17 1868-10-18,https://epub3.kb.dk/hcadag/epub3/EPUB/hcadag08_150_135.xhtml,
Pag080136,VIII,136,1868-XX,1868-10-XX,1868-10-18 1868-10-19 1868-10-20 1868-10-21,https://epub3.kb.dk/hcadag/epub3/EPUB/hcadag08_151_136.xhtml,
Pag080137,VIII,137,1868-XX,1868-10-XX,1868-10-21 1868-10-22,https://epub3.kb.dk/hcadag/epub3/EPUB/hcadag08_152_137.xhtml,
Pag080138,VIII,138,1868-XX,1868-10-XX,1868-10-23 1868-10-24 1868-10-25,https://epub3.kb.dk/hcadag/epub3/EPUB/hcadag08_153_138.xhtml,
Pag080139,VIII,139,1868-XX,1868-10-XX,1868-10-25 1868-10-26 1868-10-27 1868-10-28,https://epub3.kb.dk/hcadag/epub3/EPUB/hcadag08_154_139.xhtml,
Pag080140,VIII,140,1868-XX,1868-10-XX 1868-11-XX,1868-10-29 1868-10-30 1868-10-31 1868-11-01,https://epub3.kb.dk/hcadag/epub3/EPUB/hcadag08_155_140.xhtml,
Pag080141,VIII,141,1868-XX,1868-11-XX,1868-11-01 1868-11-02 1868-11-03 1868-11-04 1868-11-05,https://epub3.kb.dk/hcadag/epub3/EPUB/hcadag08_156_141.xhtml,
Pag080142,VIII,142,1868-XX,1868-11-XX,1868-11-05 1868-11-06 1868-11-07 1868-11-08,https://epub3.kb.dk/hcadag/epub3/EPUB/hcadag08_157_142.xhtml,
Pag080143,VIII,143,1868-XX,1868-11-XX,1868-11-08 1868-11-09 1868-11-10 1868-11-11 1868-11-12 1868-11-13,https://epub3.kb.dk/hcadag/epub3/EPUB/hcadag08_158_143.xhtml,
Pag080144,VIII,144,1868-XX,1868-11-XX,1868-11-14 1868-11-15 1868-11-16 1868-11-17 1868-11-18,https://epub3.kb.dk/hcadag/epub3/EPUB/hcadag08_159_144.xhtml,
Pag080145,VIII,145,1868-XX,1868-11-XX,1868-11-18 1868-11-19 1868-11-20 1868-11-21,https://epub3.kb.dk/hcadag/epub3/EPUB/hcadag08_160_145.xhtml,
Pag080146,VIII,146,1868-XX,1868-11-XX,1868-11-21 1868-11-22 1868-11-23,https://epub3.kb.dk/hcadag/epub3/EPUB/hcadag08_161_146.xhtml,
Pag080147,VIII,147,1868-XX,1868-11-XX,1868-11-24 1868-11-25 1868-11-26 1868-11-27 1868-11-28 1868-11-29,https://epub3.kb.dk/hcadag/epub3/EPUB/hcadag08_162_147.xhtml,
Pag080148,VIII,148,1868-XX,1868-11-XX 1868-12-XX,1868-11-29 1868-11-30 1868-12-01 1868-12-02,https://epub3.kb.dk/hcadag/epub3/EPUB/hcadag08_163_148.xhtml,
Pag080149,VIII,149,1868-XX,1868-12-XX,1868-12-03 1868-12-04 1868-12-05 1868-12-06 1868-12-07,https://epub3.kb.dk/hcadag/epub3/EPUB/hcadag08_164_149.xhtml,
Pag080150,VIII,150,1868-XX,1868-12-XX,1868-12-07 1868-12-08 1868-12-09 1868-12-10 1868-12-11,https://epub3.kb.dk/hcadag/epub3/EPUB/hcadag08_165_150.xhtml,
Pag080151,VIII,151,1868-XX,1868-12-XX,1868-12-11 1868-12-12 1868-12-13,https://epub3.kb.dk/hcadag/epub3/EPUB/hcadag08_166_151.xhtml,
Pag080152,VIII,152,1868-XX,1868-12-XX,1868-12-13 1868-12-14,https://epub3.kb.dk/hcadag/epub3/EPUB/hcadag08_167_152.xhtml,
Pag080153,VIII,153,1868-XX,1868-12-XX,1868-12-14 1868-12-15 1868-12-16 1868-12-17,https://epub3.kb.dk/hcadag/epub3/EPUB/hcadag08_168_153.xhtml,
Pag080154,VIII,154,1868-XX,1868-12-XX,1868-12-17 1868-12-18 1868-12-19,https://epub3.kb.dk/hcadag/epub3/EPUB/hcadag08_169_154.xhtml,
Pag080155,VIII,155,1868-XX,1868-12-XX,1868-12-19 1868-12-20 1868-12-21 1868-12-22 1868-12-23,https://epub3.kb.dk/hcadag/epub3/EPUB/hcadag08_170_155.xhtml,
Pag080156,VIII,156,1868-XX,1868-12-XX,1868-12-23 1868-12-24 1868-12-25 1868-12-26,https://epub3.kb.dk/hcadag/epub3/EPUB/hcadag08_171_156.xhtml,
Pag080157,VIII,157,1868-XX,1868-12-XX,1868-12-26 1868-12-27,https://epub3.kb.dk/hcadag/epub3/EPUB/hcadag08_172_157.xhtml,
Pag080158,VIII,158,1868-XX,1868-12-XX,1868-12-28 1868-12-29 1868-12-30,https://epub3.kb.dk/hcadag/epub3/EPUB/hcadag08_173_158.xhtml,
Pag080159,VIII,159,1868-XX,1868-12-XX,1868-12-30 1868-12-31,https://epub3.kb.dk/hcadag/epub3/EPUB/hcadag08_174_159.xhtml,
Pag080160,VIII,160,1868-XX,1868-12-XX,1868-12-31,https://epub3.kb.dk/hcadag/epub3/EPUB/hcadag08_175_160.xhtml,
Pag080161,VIII,161,1869-XX,1869-01-XX,1869-01-01,https://epub3.kb.dk/hcadag/epub3/EPUB/hcadag08_176_161.xhtml,
Pag080162,VIII,162,1869-XX,1869-01-XX,1869-01-01 1869-01-02 1869-01-03 1869-01-04,https://epub3.kb.dk/hcadag/epub3/EPUB/hcadag08_177_162.xhtml,
Pag080163,VIII,163,1869-XX,1869-01-XX,1869-01-04 1869-01-05,https://epub3.kb.dk/hcadag/epub3/EPUB/hcadag08_178_163.xhtml,
Pag080164,VIII,164,1869-XX,1869-01-XX,1869-01-05 1869-01-06 1869-01-07 1869-01-08,https://epub3.kb.dk/hcadag/epub3/EPUB/hcadag08_179_164.xhtml,
Pag080165,VIII,165,1869-XX,1869-01-XX,1869-01-09 1869-01-10 1869-01-11,https://epub3.kb.dk/hcadag/epub3/EPUB/hcadag08_180_165.xhtml,
Pag080166,VIII,166,1869-XX,1869-01-XX,1869-01-11 1869-01-12,https://epub3.kb.dk/hcadag/epub3/EPUB/hcadag08_181_166.xhtml,
Pag080167,VIII,167,1869-XX,1869-01-XX,1869-01-12 1869-01-13 1869-01-14,https://epub3.kb.dk/hcadag/epub3/EPUB/hcadag08_182_167.xhtml,
Pag080168,VIII,168,1869-XX,1869-01-XX,1869-01-14 1869-01-15,https://epub3.kb.dk/hcadag/epub3/EPUB/hcadag08_183_168.xhtml,
Pag080169,VIII,169,1869-XX,1869-01-XX,1869-01-15 1869-01-16 1869-01-17 1869-01-18,https://epub3.kb.dk/hcadag/epub3/EPUB/hcadag08_184_169.xhtml,
Pag080170,VIII,170,1869-XX,1869-01-XX,1869-01-19 1869-01-20 1869-01-21,https://epub3.kb.dk/hcadag/epub3/EPUB/hcadag08_185_170.xhtml,
Pag080171,VIII,171,1869-XX,1869-01-XX,1869-01-21 1869-01-22,https://epub3.kb.dk/hcadag/epub3/EPUB/hcadag08_186_171.xhtml,
Pag080172,VIII,172,1869-XX,1869-01-XX,1869-01-22 1869-01-23 1869-01-24 1869-01-25 1869-01-26,https://epub3.kb.dk/hcadag/epub3/EPUB/hcadag08_187_172.xhtml,
Pag080173,VIII,173,1869-XX,1869-01-XX,1869-01-26 1869-01-27 1869-01-28 1869-01-29,https://epub3.kb.dk/hcadag/epub3/EPUB/hcadag08_188_173.xhtml,
Pag080174,VIII,174,1869-XX,1869-01-XX 1869-02-XX,1869-01-29 1869-01-30 1869-01-31 1869-02-01,https://epub3.kb.dk/hcadag/epub3/EPUB/hcadag08_189_174.xhtml,
Pag080175,VIII,175,1869-XX,1869-02-XX,1869-02-01 1869-02-02 1869-02-03 1869-02-04,https://epub3.kb.dk/hcadag/epub3/EPUB/hcadag08_190_175.xhtml,
Pag080176,VIII,176,1869-XX,1869-02-XX,1869-02-05 1869-02-06 1869-02-07 1869-02-08,https://epub3.kb.dk/hcadag/epub3/EPUB/hcadag08_191_176.xhtml,
Pag080177,VIII,177,1869-XX,1869-02-XX,1869-02-09 1869-02-10 1869-02-11,https://epub3.kb.dk/hcadag/epub3/EPUB/hcadag08_192_177.xhtml,
Pag080178,VIII,178,1869-XX,1869-02-XX,1869-02-12 1869-02-13 1869-02-14 1869-02-15,https://epub3.kb.dk/hcadag/epub3/EPUB/hcadag08_193_178.xhtml,
Pag080179,VIII,179,1869-XX,1869-02-XX,1869-02-15 1869-02-16 1869-02-17 1869-02-18 1869-02-19,https://epub3.kb.dk/hcadag/epub3/EPUB/hcadag08_194_179.xhtml,
Pag080180,VIII,180,1869-XX,1869-02-XX,1869-02-19 1869-02-20,https://epub3.kb.dk/hcadag/epub3/EPUB/hcadag08_195_180.xhtml,
Pag080181,VIII,181,1869-XX,1869-02-XX,1869-02-20 1869-02-21 1869-02-22 1869-02-23,https://epub3.kb.dk/hcadag/epub3/EPUB/hcadag08_196_181.xhtml,
Pag080182,VIII,182,1869-XX,1869-02-XX,1869-02-23 1869-02-24 1869-02-25,https://epub3.kb.dk/hcadag/epub3/EPUB/hcadag08_197_182.xhtml,
Pag080183,VIII,183,1869-XX,1869-02-XX,1869-02-25 1869-02-26 1869-02-27 1869-02-28,https://epub3.kb.dk/hcadag/epub3/EPUB/hcadag08_198_183.xhtml,
Pag080184,VIII,184,1869-XX,1869-02-XX 1869-03-XX,1869-02-28 1869-03-01 1869-03-02,https://epub3.kb.dk/hcadag/epub3/EPUB/hcadag08_199_184.xhtml,
Pag080185,VIII,185,1869-XX,1869-03-XX,1869-03-02 1869-03-03 1869-03-04,https://epub3.kb.dk/hcadag/epub3/EPUB/hcadag08_200_185.xhtml,
Pag080186,VIII,186,1869-XX,1869-03-XX,1869-03-05 1869-03-06 1869-03-07 1869-03-08,https://epub3.kb.dk/hcadag/epub3/EPUB/hcadag08_201_186.xhtml,
Pag080187,VIII,187,1869-XX,1869-03-XX,1869-03-09 1869-03-10 1869-03-11 1869-03-12 1869-03-13,https://epub3.kb.dk/hcadag/epub3/EPUB/hcadag08_202_187.xhtml,
Pag080188,VIII,188,1869-XX,1869-03-XX,1869-03-13 1869-03-14 1869-03-15 1869-03-16 1869-03-17,https://epub3.kb.dk/hcadag/epub3/EPUB/hcadag08_203_188.xhtml,
Pag080189,VIII,189,1869-XX,1869-03-XX,1869-03-17 1869-03-18 1869-03-19 1869-03-20,https://epub3.kb.dk/hcadag/epub3/EPUB/hcadag08_204_189.xhtml,
Pag080190,VIII,190,1869-XX,1869-03-XX,1869-03-21 1869-03-22 1869-03-23 1869-03-24 1869-03-25 1869-03-26 1869-03-27,https://epub3.kb.dk/hcadag/epub3/EPUB/hcadag08_205_190.xhtml,
Pag080191,VIII,191,1869-XX,1869-03-XX,1869-03-27 1869-03-28 1869-03-29 1869-03-30,https://epub3.kb.dk/hcadag/epub3/EPUB/hcadag08_206_191.xhtml,
Pag080192,VIII,192,1869-XX,1869-03-XX 1869-04-XX,1869-03-31 1869-04-01 1869-04-02,https://epub3.kb.dk/hcadag/epub3/EPUB/hcadag08_207_192.xhtml,
Pag080193,VIII,193,1869-XX,1869-04-XX,1869-04-02,https://epub3.kb.dk/hcadag/epub3/EPUB/hcadag08_208_193.xhtml,
Pag080194,VIII,194,1869-XX,1869-04-XX,1869-04-02 1869-04-03 1869-04-04 1869-04-05,https://epub3.kb.dk/hcadag/epub3/EPUB/hcadag08_209_194.xhtml,
Pag080195,VIII,195,1869-XX,1869-04-XX,1869-04-05 1869-04-06 1869-04-07,https://epub3.kb.dk/hcadag/epub3/EPUB/hcadag08_210_195.xhtml,
Pag080196,VIII,196,1869-XX,1869-04-XX,1869-04-07 1869-04-08,https://epub3.kb.dk/hcadag/epub3/EPUB/hcadag08_211_196.xhtml,
Pag080197,VIII,197,1869-XX,1869-04-XX,1869-04-08 1869-04-09 1869-04-10 1869-04-11,https://epub3.kb.dk/hcadag/epub3/EPUB/hcadag08_212_197.xhtml,
Pag080198,VIII,198,1869-XX,1869-04-XX,1869-04-11 1869-04-12 1869-04-13 1869-04-14,https://epub3.kb.dk/hcadag/epub3/EPUB/hcadag08_213_198.xhtml,
Pag080199,VIII,199,1869-XX,1869-04-XX,1869-04-15 1869-04-16 1869-04-17 1869-04-18 1869-04-19 1869-04-20,https://epub3.kb.dk/hcadag/epub3/EPUB/hcadag08_214_199.xhtml,
Pag080200,VIII,200,1869-XX,1869-04-XX,1869-04-20 1869-04-21 1869-04-22,https://epub3.kb.dk/hcadag/epub3/EPUB/hcadag08_215_200.xhtml,
Pag080201,VIII,201,1869-XX,1869-04-XX,1869-04-22 1869-04-23 1869-04-24 1869-04-25,https://epub3.kb.dk/hcadag/epub3/EPUB/hcadag08_216_201.xhtml,
Pag080202,VIII,202,1869-XX,1869-04-XX,1869-04-25 1869-04-26 1869-04-27 1869-04-28,https://epub3.kb.dk/hcadag/epub3/EPUB/hcadag08_217_202.xhtml,
Pag080203,VIII,203,1869-XX,1869-04-XX,1869-04-28 1869-04-29,https://epub3.kb.dk/hcadag/epub3/EPUB/hcadag08_218_203.xhtml,
Pag080204,VIII,204,1869-XX,1869-04-XX 1869-05-XX,1869-04-30 1869-05-01,https://epub3.kb.dk/hcadag/epub3/EPUB/hcadag08_219_204.xhtml,
Pag080205,VIII,205,1869-XX,1869-05-XX,1869-05-01 1869-05-02 1869-05-03,https://epub3.kb.dk/hcadag/epub3/EPUB/hcadag08_220_205.xhtml,
Pag080206,VIII,206,1869-XX,1869-05-XX,1869-05-03 1869-05-04 1869-05-05,https://epub3.kb.dk/hcadag/epub3/EPUB/hcadag08_221_206.xhtml,
Pag080207,VIII,207,1869-XX,1869-05-XX,1869-05-06 1869-05-07 1869-05-08 1869-05-09,https://epub3.kb.dk/hcadag/epub3/EPUB/hcadag08_222_207.xhtml,
Pag080208,VIII,208,1869-XX,1869-05-XX,1869-05-09 1869-05-10 1869-05-11,https://epub3.kb.dk/hcadag/epub3/EPUB/hcadag08_223_208.xhtml,
Pag080209,VIII,209,1869-XX,1869-05-XX,1869-05-11 1869-05-12 1869-05-13 1869-05-14,https://epub3.kb.dk/hcadag/epub3/EPUB/hcadag08_224_209.xhtml,
Pag080210,VIII,210,1869-XX,1869-05-XX,1869-05-14 1869-05-15 1869-05-16,https://epub3.kb.dk/hcadag/epub3/EPUB/hcadag08_225_210.xhtml,
Pag080211,VIII,211,1869-XX,1869-05-XX,1869-05-16 1869-05-17 1869-05-18,https://epub3.kb.dk/hcadag/epub3/EPUB/hcadag08_226_211.xhtml,
Pag080212,VIII,212,1869-XX,1869-05-XX,1869-05-18 1869-05-19 1869-05-20,https://epub3.kb.dk/hcadag/epub3/EPUB/hcadag08_227_212.xhtml,
Pag080213,VIII,213,1869-XX,1869-05-XX,1869-05-21 1869-05-22 1869-05-23,https://epub3.kb.dk/hcadag/epub3/EPUB/hcadag08_228_213.xhtml,
Pag080214,VIII,214,1869-XX,1869-05-XX,1869-05-23 1869-05-24 1869-05-25,https://epub3.kb.dk/hcadag/epub3/EPUB/hcadag08_229_214.xhtml,
Pag080215,VIII,215,1869-XX,1869-05-XX,1869-05-25 1869-05-26 1869-05-27 1869-05-28 1869-05-29 1869-05-30 1869-05-31,https://epub3.kb.dk/hcadag/epub3/EPUB/hcadag08_230_215.xhtml,
Pag080216,VIII,216,1869-XX,1869-05-XX 1869-06-XX,1869-05-31 1869-06-01 1869-06-02 1869-06-03,https://epub3.kb.dk/hcadag/epub3/EPUB/hcadag08_231_216.xhtml,
Pag080217,VIII,217,1869-XX,1869-06-XX,1869-06-04 1869-06-05 1869-06-06 1869-06-07,https://epub3.kb.dk/hcadag/epub3/EPUB/hcadag08_232_217.xhtml,
Pag080218,VIII,218,1870-XX,1869-06-XX,1869-06-07 1869-06-08 1869-06-09,https://epub3.kb.dk/hcadag/epub3/EPUB/hcadag08_233_218.xhtml,
Pag080219,VIII,219,1870-XX,1869-06-XX,1869-06-09 1869-06-10 1869-06-11,https://epub3.kb.dk/hcadag/epub3/EPUB/hcadag08_234_219.xhtml,
Pag080220,VIII,220,1870-XX,1869-06-XX,1869-06-12 1869-06-13 1869-06-14 1869-06-15 1869-06-16,https://epub3.kb.dk/hcadag/epub3/EPUB/hcadag08_235_220.xhtml,
Pag080221,VIII,221,1870-XX,1869-06-XX,1869-06-16 1869-06-17 1869-06-18,https://epub3.kb.dk/hcadag/epub3/EPUB/hcadag08_236_221.xhtml,
Pag080222,VIII,222,1870-XX,1869-06-XX,1869-06-18 1869-06-19 1869-06-20 1869-06-21,https://epub3.kb.dk/hcadag/epub3/EPUB/hcadag08_237_222.xhtml,
Pag080223,VIII,223,1870-XX,1869-06-XX,1869-06-21 1869-06-22 1869-06-23 1869-06-24 1869-06-25,https://epub3.kb.dk/hcadag/epub3/EPUB/hcadag08_238_223.xhtml,
Pag080224,VIII,224,1870-XX,1869-06-XX,1869-06-25 1869-06-26 1869-06-27 1869-06-28,https://epub3.kb.dk/hcadag/epub3/EPUB/hcadag08_239_224.xhtml,
Pag080225,VIII,225,1870-XX,1869-06-XX 1869-07-XX,1869-06-29 1869-06-30 1869-07-01,https://epub3.kb.dk/hcadag/epub3/EPUB/hcadag08_240_225.xhtml,
Pag080226,VIII,226,1870-XX,1869-07-XX,1869-07-01 1869-07-02 1869-07-03 1869-07-04,https://epub3.kb.dk/hcadag/epub3/EPUB/hcadag08_241_226.xhtml,
Pag080227,VIII,227,1870-XX,1869-07-XX,1869-07-04 1869-07-05 1869-07-06,https://epub3.kb.dk/hcadag/epub3/EPUB/hcadag08_242_227.xhtml,
Pag080228,VIII,228,1870-XX,1869-07-XX,1869-07-06 1869-07-07 1869-07-08 1869-07-09 1869-07-10,https://epub3.kb.dk/hcadag/epub3/EPUB/hcadag08_243_228.xhtml,
Pag080229,VIII,229,1870-XX,1869-07-XX,1869-07-10 1869-07-11 1869-07-12,https://epub3.kb.dk/hcadag/epub3/EPUB/hcadag08_244_229.xhtml,
Pag080230,VIII,230,1870-XX,1869-07-XX,1869-07-12 1869-07-13 1869-07-14 1869-07-15,https://epub3.kb.dk/hcadag/epub3/EPUB/hcadag08_245_230.xhtml,
Pag080231,VIII,231,1870-XX,1869-07-XX,1869-07-15 1869-07-16 1869-07-17 1869-07-18 1869-07-19 1869-07-20,https://epub3.kb.dk/hcadag/epub3/EPUB/hcadag08_246_231.xhtml,
Pag080232,VIII,232,1870-XX,1869-07-XX,1869-07-20 1869-07-21 1869-07-22 1869-07-23 1869-07-24,https://epub3.kb.dk/hcadag/epub3/EPUB/hcadag08_247_232.xhtml,
Pag080233,VIII,233,1870-XX,1869-07-XX,1869-07-24 1869-07-25 1869-07-26 1869-07-27 1869-07-28,https://epub3.kb.dk/hcadag/epub3/EPUB/hcadag08_248_233.xhtml,
Pag080234,VIII,234,1870-XX,1869-07-XX,1869-07-28 1869-07-29 1869-07-30 1869-07-31,https://epub3.kb.dk/hcadag/epub3/EPUB/hcadag08_249_234.xhtml,
Pag080235,VIII,235,1870-XX,1869-07-XX 1869-08-XX,1869-07-31 1869-08-01,https://epub3.kb.dk/hcadag/epub3/EPUB/hcadag08_250_235.xhtml,
Pag080236,VIII,236,1870-XX,1869-08-XX,1869-08-02 1869-08-03 1869-08-04,https://epub3.kb.dk/hcadag/epub3/EPUB/hcadag08_251_236.xhtml,
Pag080237,VIII,237,1870-XX,1869-08-XX,1869-08-04 1869-08-05 1869-08-06 1869-08-07,https://epub3.kb.dk/hcadag/epub3/EPUB/hcadag08_252_237.xhtml,
Pag080238,VIII,238,1870-XX,1869-08-XX,1869-08-08 1869-08-09 1869-08-10,https://epub3.kb.dk/hcadag/epub3/EPUB/hcadag08_253_238.xhtml,
Pag080239,VIII,239,1870-XX,1869-08-XX,1869-08-10 1869-08-11,https://epub3.kb.dk/hcadag/epub3/EPUB/hcadag08_254_239.xhtml,
Pag080240,VIII,240,1870-XX,1869-08-XX,1869-08-11 1869-08-12 1869-08-13,https://epub3.kb.dk/hcadag/epub3/EPUB/hcadag08_255_240.xhtml,
Pag080241,VIII,241,1870-XX,1869-08-XX,1869-08-13 1869-08-14 1869-08-15,https://epub3.kb.dk/hcadag/epub3/EPUB/hcadag08_256_241.xhtml,
Pag080242,VIII,242,1870-XX,1869-08-XX,1869-08-15 1869-08-16 1869-08-17,https://epub3.kb.dk/hcadag/epub3/EPUB/hcadag08_257_242.xhtml,
Pag080243,VIII,243,1870-XX,1869-08-XX,1869-08-17 1869-08-18,https://epub3.kb.dk/hcadag/epub3/EPUB/hcadag08_258_243.xhtml,
Pag080244,VIII,244,1870-XX,1869-08-XX,1869-08-18 1869-08-19 1869-08-20,https://epub3.kb.dk/hcadag/epub3/EPUB/hcadag08_259_244.xhtml,
Pag080245,VIII,245,1870-XX,1869-08-XX,1869-08-20 1869-08-21 1869-08-22,https://epub3.kb.dk/hcadag/epub3/EPUB/hcadag08_260_245.xhtml,
Pag080246,VIII,246,1870-XX,1869-08-XX,1869-08-22 1869-08-23 1869-08-24 1869-08-25,https://epub3.kb.dk/hcadag/epub3/EPUB/hcadag08_261_246.xhtml,
Pag080247,VIII,247,1870-XX,1869-08-XX,1869-08-25 1869-08-26 1869-08-27,https://epub3.kb.dk/hcadag/epub3/EPUB/hcadag08_262_247.xhtml,
Pag080248,VIII,248,1870-XX,1869-08-XX,1869-08-27 1869-08-28 1869-08-29,https://epub3.kb.dk/hcadag/epub3/EPUB/hcadag08_263_248.xhtml,
Pag080249,VIII,249,1870-XX,1869-08-XX,1869-08-29 1869-08-30 1869-08-31,https://epub3.kb.dk/hcadag/epub3/EPUB/hcadag08_264_249.xhtml,
Pag080250,VIII,250,1870-XX,1869-08-XX 1869-09-XX,1869-08-31 1869-09-01 1869-09-02 1869-09-03,https://epub3.kb.dk/hcadag/epub3/EPUB/hcadag08_265_250.xhtml,
Pag080251,VIII,251,1870-XX,1869-09-XX,1869-09-03 1869-09-04,https://epub3.kb.dk/hcadag/epub3/EPUB/hcadag08_266_251.xhtml,
Pag080252,VIII,252,1870-XX,1869-09-XX,1869-09-04 1869-09-05 1869-09-06,https://epub3.kb.dk/hcadag/epub3/EPUB/hcadag08_267_252.xhtml,
Pag080253,VIII,253,1870-XX,1869-09-XX,1869-09-06 1869-09-07,https://epub3.kb.dk/hcadag/epub3/EPUB/hcadag08_268_253.xhtml,
Pag080254,VIII,254,1870-XX,1869-09-XX,1869-09-07 1869-09-08,https://epub3.kb.dk/hcadag/epub3/EPUB/hcadag08_269_254.xhtml,
Pag080255,VIII,255,1870-XX,1869-09-XX,1869-09-08 1869-09-09,https://epub3.kb.dk/hcadag/epub3/EPUB/hcadag08_270_255.xhtml,
Pag080256,VIII,256,1870-XX,1869-09-XX,1869-09-09 1869-09-10 1869-09-11 1869-09-12,https://epub3.kb.dk/hcadag/epub3/EPUB/hcadag08_271_256.xhtml,
Pag080257,VIII,257,1870-XX,1869-09-XX,1869-09-12 1869-09-13 1869-09-14,https://epub3.kb.dk/hcadag/epub3/EPUB/hcadag08_272_257.xhtml,
Pag080258,VIII,258,1870-XX,1869-09-XX,1869-09-14 1869-09-15,https://epub3.kb.dk/hcadag/epub3/EPUB/hcadag08_273_258.xhtml,
Pag080259,VIII,259,1870-XX,1869-09-XX,1869-09-15 1869-09-16 1869-09-17 1869-09-18,https://epub3.kb.dk/hcadag/epub3/EPUB/hcadag08_274_259.xhtml,
Pag080260,VIII,260,1870-XX,1869-09-XX,1869-09-18 1869-09-19 1869-09-20 1869-09-21,https://epub3.kb.dk/hcadag/epub3/EPUB/hcadag08_275_260.xhtml,
Pag080261,VIII,261,1870-XX,1869-09-XX,1869-09-21 1869-09-22 1869-09-23,https://epub3.kb.dk/hcadag/epub3/EPUB/hcadag08_276_261.xhtml,
Pag080262,VIII,262,1870-XX,1869-09-XX,1869-09-23 1869-09-24,https://epub3.kb.dk/hcadag/epub3/EPUB/hcadag08_277_262.xhtml,
Pag080263,VIII,263,1870-XX,1869-09-XX,1869-09-25 1869-09-26,https://epub3.kb.dk/hcadag/epub3/EPUB/hcadag08_278_263.xhtml,
Pag080264,VIII,264,1870-XX,1869-09-XX,1869-09-26 1869-09-27 1869-09-28 1869-09-29,https://epub3.kb.dk/hcadag/epub3/EPUB/hcadag08_279_264.xhtml,
Pag080265,VIII,265,1870-XX,1869-09-XX,1869-09-29 1869-09-30,https://epub3.kb.dk/hcadag/epub3/EPUB/hcadag08_280_265.xhtml,
Pag080266,VIII,266,1870-XX,1869-10-XX,1869-10-01 1869-10-02,https://epub3.kb.dk/hcadag/epub3/EPUB/hcadag08_281_266.xhtml,
Pag080267,VIII,267,1870-XX,1869-10-XX,1869-10-02 1869-10-03 1869-10-04,https://epub3.kb.dk/hcadag/epub3/EPUB/hcadag08_282_267.xhtml,
Pag080268,VIII,268,1870-XX,1869-10-XX,1869-10-04 1869-10-05 1869-10-06,https://epub3.kb.dk/hcadag/epub3/EPUB/hcadag08_283_268.xhtml,
Pag080269,VIII,269,1870-XX,1869-10-XX,1869-10-06 1869-10-07,https://epub3.kb.dk/hcadag/epub3/EPUB/hcadag08_284_269.xhtml,
Pag080270,VIII,270,1870-XX,1869-10-XX,1869-10-08 1869-10-09 1869-10-10 1869-10-11,https://epub3.kb.dk/hcadag/epub3/EPUB/hcadag08_285_270.xhtml,
Pag080271,VIII,271,1870-XX,1869-10-XX,1869-10-11 1869-10-12,https://epub3.kb.dk/hcadag/epub3/EPUB/hcadag08_286_271.xhtml,
Pag080272,VIII,272,1870-XX,1869-10-XX,1869-10-12 1869-10-13,https://epub3.kb.dk/hcadag/epub3/EPUB/hcadag08_287_272.xhtml,
Pag080273,VIII,273,1870-XX,1869-10-XX,1869-10-14 1869-10-15,https://epub3.kb.dk/hcadag/epub3/EPUB/hcadag08_288_273.xhtml,
Pag080274,VIII,274,1870-XX,1869-10-XX,1869-10-15 1869-10-16 1869-10-17,https://epub3.kb.dk/hcadag/epub3/EPUB/hcadag08_289_274.xhtml,
Pag080275,VIII,275,1870-XX,1869-10-XX,1869-10-17 1869-10-18,https://epub3.kb.dk/hcadag/epub3/EPUB/hcadag08_290_275.xhtml,
Pag080276,VIII,276,1870-XX,1869-10-XX,1869-10-18 1869-10-19,https://epub3.kb.dk/hcadag/epub3/EPUB/hcadag08_291_276.xhtml,
Pag080277,VIII,277,1870-XX,1869-10-XX,1869-10-19 1869-10-20,https://epub3.kb.dk/hcadag/epub3/EPUB/hcadag08_292_277.xhtml,
Pag080278,VIII,278,1870-XX,1869-10-XX,1869-10-20 1869-10-21,https://epub3.kb.dk/hcadag/epub3/EPUB/hcadag08_293_278.xhtml,
Pag080279,VIII,279,1870-XX,1869-10-XX,1869-10-21 1869-10-22 1869-10-23,https://epub3.kb.dk/hcadag/epub3/EPUB/hcadag08_294_279.xhtml,
Pag080280,VIII,280,1870-XX,1869-10-XX,1869-10-23 1869-10-24,https://epub3.kb.dk/hcadag/epub3/EPUB/hcadag08_295_280.xhtml,
Pag080281,VIII,281,1870-XX,1869-10-XX,1869-10-24 1869-10-25,https://epub3.kb.dk/hcadag/epub3/EPUB/hcadag08_296_281.xhtml,
Pag080282,VIII,282,1870-XX,1869-10-XX,1869-10-26 1869-10-27,https://epub3.kb.dk/hcadag/epub3/EPUB/hcadag08_297_282.xhtml,
Pag080283,VIII,283,1870-XX,1869-10-XX,1869-10-28 1869-10-29,https://epub3.kb.dk/hcadag/epub3/EPUB/hcadag08_298_283.xhtml,
Pag080284,VIII,284,1870-XX,1869-10-XX,1869-10-30,https://epub3.kb.dk/hcadag/epub3/EPUB/hcadag08_299_284.xhtml,
Pag080285,VIII,285,1870-XX,1869-10-XX 1869-11-XX,1869-10-30 1869-10-31 1869-11-01,https://epub3.kb.dk/hcadag/epub3/EPUB/hcadag08_300_285.xhtml,
Pag080286,VIII,286,1870-XX,1869-11-XX,1869-11-01 1869-11-02 1869-11-03,https://epub3.kb.dk/hcadag/epub3/EPUB/hcadag08_301_286.xhtml,
Pag080287,VIII,287,1870-XX,1869-11-XX,1869-11-03 1869-11-04 1869-11-05,https://epub3.kb.dk/hcadag/epub3/EPUB/hcadag08_302_287.xhtml,
Pag080288,VIII,288,1870-XX,1869-11-XX,1869-11-05 1869-11-06,https://epub3.kb.dk/hcadag/epub3/EPUB/hcadag08_303_288.xhtml,
Pag080289,VIII,289,1870-XX,1869-11-XX,1869-11-06 1869-11-07,https://epub3.kb.dk/hcadag/epub3/EPUB/hcadag08_304_289.xhtml,
Pag080290,VIII,290,1870-XX,1869-11-XX,1869-11-07 1869-11-08 1869-11-09,https://epub3.kb.dk/hcadag/epub3/EPUB/hcadag08_305_290.xhtml,
Pag080291,VIII,291,1870-XX,1869-11-XX,1869-11-09 1869-11-10,https://epub3.kb.dk/hcadag/epub3/EPUB/hcadag08_306_291.xhtml,
Pag080292,VIII,292,1870-XX,1869-11-XX,1869-11-10 1869-11-11,https://epub3.kb.dk/hcadag/epub3/EPUB/hcadag08_307_292.xhtml,
Pag080293,VIII,293,1870-XX,1869-11-XX,1869-11-11 1869-11-12 1869-11-13,https://epub3.kb.dk/hcadag/epub3/EPUB/hcadag08_308_293.xhtml,
Pag080294,VIII,294,1870-XX,1869-11-XX,1869-11-13 1869-11-14,https://epub3.kb.dk/hcadag/epub3/EPUB/hcadag08_309_294.xhtml,
Pag080295,VIII,295,1870-XX,1869-11-XX,1869-11-14 1869-11-15 1869-11-16,https://epub3.kb.dk/hcadag/epub3/EPUB/hcadag08_310_295.xhtml,
Pag080296,VIII,296,1870-XX,1869-11-XX,1869-11-16 1869-11-17 1869-11-18 1869-11-19,https://epub3.kb.dk/hcadag/epub3/EPUB/hcadag08_311_296.xhtml,
Pag080297,VIII,297,1870-XX,1869-11-XX,1869-11-19 1869-11-20 1869-11-21 1869-11-22,https://epub3.kb.dk/hcadag/epub3/EPUB/hcadag08_312_297.xhtml,
Pag080298,VIII,298,1870-XX,1869-11-XX,1869-11-22 1869-11-23,https://epub3.kb.dk/hcadag/epub3/EPUB/hcadag08_313_298.xhtml,
Pag080299,VIII,299,1870-XX,1869-11-XX,1869-11-23 1869-11-24 1869-11-25,https://epub3.kb.dk/hcadag/epub3/EPUB/hcadag08_314_299.xhtml,
Pag080300,VIII,300,1870-XX,1869-11-XX,1869-11-25 1869-11-26 1869-11-27,https://epub3.kb.dk/hcadag/epub3/EPUB/hcadag08_315_300.xhtml,
Pag080301,VIII,301,1870-XX,1869-11-XX,1869-11-27 1869-11-28 1869-11-29,https://epub3.kb.dk/hcadag/epub3/EPUB/hcadag08_316_301.xhtml,
Pag080302,VIII,302,1870-XX,1869-11-XX 1869-12-XX,1869-11-29 1869-11-30 1869-12-01,https://epub3.kb.dk/hcadag/epub3/EPUB/hcadag08_317_302.xhtml,
Pag080303,VIII,303,1870-XX,1869-12-XX,1869-12-01 1869-12-02,https://epub3.kb.dk/hcadag/epub3/EPUB/hcadag08_318_303.xhtml,
Pag080304,VIII,304,1870-XX,1869-12-XX,1869-12-02 1869-12-03 1869-12-04,https://epub3.kb.dk/hcadag/epub3/EPUB/hcadag08_319_304.xhtml,
Pag080305,VIII,305,1870-XX,1869-12-XX,1869-12-04 1869-12-05,https://epub3.kb.dk/hcadag/epub3/EPUB/hcadag08_320_305.xhtml,
Pag080306,VIII,306,1870-XX,1869-12-XX,1869-12-05 1869-12-06 1869-12-07 1869-12-08,https://epub3.kb.dk/hcadag/epub3/EPUB/hcadag08_321_306.xhtml,
Pag080307,VIII,307,1870-XX,1869-12-XX,1869-12-08 1869-12-09 1869-12-10,https://epub3.kb.dk/hcadag/epub3/EPUB/hcadag08_322_307.xhtml,
Pag080308,VIII,308,1870-XX,1869-12-XX,1869-12-10 1869-12-11 1869-12-12,https://epub3.kb.dk/hcadag/epub3/EPUB/hcadag08_323_308.xhtml,
Pag080309,VIII,309,1870-XX,1869-12-XX,1869-12-13 1869-12-14 1869-12-15,https://epub3.kb.dk/hcadag/epub3/EPUB/hcadag08_324_309.xhtml,
Pag080310,VIII,310,1870-XX,1869-12-XX,1869-12-15 1869-12-16,https://epub3.kb.dk/hcadag/epub3/EPUB/hcadag08_325_310.xhtml,
Pag080311,VIII,311,1870-XX,1869-12-XX,1869-12-16 1869-12-17 1869-12-19 1869-12-20,https://epub3.kb.dk/hcadag/epub3/EPUB/hcadag08_326_311.xhtml,
Pag080312,VIII,312,1870-XX,1869-12-XX,1869-12-20 1869-12-21 1869-12-22,https://epub3.kb.dk/hcadag/epub3/EPUB/hcadag08_327_312.xhtml,
Pag080313,VIII,313,1870-XX,1869-12-XX,1869-12-22 1869-12-23 1869-12-24,https://epub3.kb.dk/hcadag/epub3/EPUB/hcadag08_328_313.xhtml,
Pag080314,VIII,314,1870-XX,1869-12-XX,1869-12-24,https://epub3.kb.dk/hcadag/epub3/EPUB/hcadag08_329_314.xhtml,
Pag080315,VIII,315,1870-XX,1869-12-XX,1869-12-25 1869-12-26 1869-12-27,https://epub3.kb.dk/hcadag/epub3/EPUB/hcadag08_330_315.xhtml,
Pag080316,VIII,316,1870-XX,1869-12-XX,1869-12-27 1869-12-28 1869-12-29,https://epub3.kb.dk/hcadag/epub3/EPUB/hcadag08_331_316.xhtml,
Pag080317,VIII,317,1870-XX,1869-12-XX,1869-12-30 1869-12-31,https://epub3.kb.dk/hcadag/epub3/EPUB/hcadag08_332_317.xhtml,
Pag080318,VIII,318,1870-XX,1870-01-XX,1870-01-01 1870-01-02,https://epub3.kb.dk/hcadag/epub3/EPUB/hcadag08_333_318.xhtml,
Pag080319,VIII,319,1870-XX,1870-01-XX,1870-01-02 1870-01-03 1870-01-04 1870-01-05,https://epub3.kb.dk/hcadag/epub3/EPUB/hcadag08_334_319.xhtml,
Pag080320,VIII,320,1870-XX,1870-01-XX,1870-01-05 1870-01-06 1870-01-07,https://epub3.kb.dk/hcadag/epub3/EPUB/hcadag08_335_320.xhtml,
Pag080321,VIII,321,1870-XX,1870-01-XX,1870-01-07 1870-01-08 1870-01-09 1870-01-10,https://epub3.kb.dk/hcadag/epub3/EPUB/hcadag08_336_321.xhtml,
Pag080322,VIII,322,1870-XX,1870-01-XX,1870-01-11 1870-01-12 1870-01-13 1870-01-14,https://epub3.kb.dk/hcadag/epub3/EPUB/hcadag08_337_322.xhtml,
Pag080323,VIII,323,1870-XX,1870-01-XX,1870-01-14 1870-01-15 1870-01-16,https://epub3.kb.dk/hcadag/epub3/EPUB/hcadag08_338_323.xhtml,
Pag080324,VIII,324,1870-XX,1870-01-XX,1870-01-16 1870-01-17 1870-01-18,https://epub3.kb.dk/hcadag/epub3/EPUB/hcadag08_339_324.xhtml,
Pag080325,VIII,325,1870-XX,1870-01-XX,1870-01-18 1870-01-19 1870-01-20 1870-01-21 1870-01-22,https://epub3.kb.dk/hcadag/epub3/EPUB/hcadag08_340_325.xhtml,
Pag080326,VIII,326,1870-XX,1870-01-XX,1870-01-22 1870-01-23 1870-01-24 1870-01-25,https://epub3.kb.dk/hcadag/epub3/EPUB/hcadag08_341_326.xhtml,
Pag080327,VIII,327,1870-XX,1870-01-XX,1870-01-26 1870-01-27 1870-01-28 1870-01-29 1870-01-30,https://epub3.kb.dk/hcadag/epub3/EPUB/hcadag08_342_327.xhtml,
Pag080328,VIII,328,1870-XX,1870-01-XX 1870-02-XX,1870-01-31 1870-02-01 1870-02-02,https://epub3.kb.dk/hcadag/epub3/EPUB/hcadag08_343_328.xhtml,
Pag080329,VIII,329,1870-XX,1870-02-XX,1870-02-02 1870-02-03 1870-02-04 1870-02-05 1870-02-06,https://epub3.kb.dk/hcadag/epub3/EPUB/hcadag08_344_329.xhtml,
Pag080330,VIII,330,1870-XX,1870-02-XX,1870-02-06 1870-02-07 1870-02-08,https://epub3.kb.dk/hcadag/epub3/EPUB/hcadag08_345_330.xhtml,
Pag080331,VIII,331,1870-XX,1870-02-XX,1870-02-09 1870-02-10 1870-02-11 1870-02-12,https://epub3.kb.dk/hcadag/epub3/EPUB/hcadag08_346_331.xhtml,
Pag080332,VIII,332,1870-XX,1870-02-XX,1870-02-12 1870-02-13 1870-02-14 1870-02-15,https://epub3.kb.dk/hcadag/epub3/EPUB/hcadag08_347_332.xhtml,
Pag080333,VIII,333,1870-XX,1870-02-XX,1870-02-16 1870-02-17 1870-02-18,https://epub3.kb.dk/hcadag/epub3/EPUB/hcadag08_348_333.xhtml,
Pag080334,VIII,334,1870-XX,1870-02-XX,1870-02-18 1870-02-19 1870-02-20 1870-02-21 1870-02-22,https://epub3.kb.dk/hcadag/epub3/EPUB/hcadag08_349_334.xhtml,
Pag080335,VIII,335,1870-XX,1870-02-XX,1870-02-22 1870-02-23 1870-02-24 1870-02-25 1870-02-26,https://epub3.kb.dk/hcadag/epub3/EPUB/hcadag08_350_335.xhtml,
Pag080336,VIII,336,1870-XX,1870-02-XX,1870-02-26 1870-02-27,https://epub3.kb.dk/hcadag/epub3/EPUB/hcadag08_351_336.xhtml,
Pag080337,VIII,337,1870-XX,1870-02-XX 1870-03-XX,1870-02-27 1870-02-28 1870-03-01,https://epub3.kb.dk/hcadag/epub3/EPUB/hcadag08_352_337.xhtml,
Pag080338,VIII,338,1870-XX,1870-03-XX,1870-03-01 1870-03-02 1870-03-03 1870-03-04,https://epub3.kb.dk/hcadag/epub3/EPUB/hcadag08_353_338.xhtml,
Pag080339,VIII,339,1870-XX,1870-03-XX,1870-03-04 1870-03-05 1870-03-06,https://epub3.kb.dk/hcadag/epub3/EPUB/hcadag08_354_339.xhtml,
Pag080340,VIII,340,1870-XX,1870-03-XX,1870-03-06 1870-03-07 1870-03-08,https://epub3.kb.dk/hcadag/epub3/EPUB/hcadag08_355_340.xhtml,
Pag080341,VIII,341,1870-XX,1870-03-XX,1870-03-09 1870-03-10,https://epub3.kb.dk/hcadag/epub3/EPUB/hcadag08_356_341.xhtml,
Pag080342,VIII,342,1870-XX,1870-03-XX,1870-03-11 1870-03-12 1870-03-13,https://epub3.kb.dk/hcadag/epub3/EPUB/hcadag08_357_342.xhtml,
Pag080343,VIII,343,1870-XX,1870-03-XX,1870-03-13 1870-03-14 1870-03-15,https://epub3.kb.dk/hcadag/epub3/EPUB/hcadag08_358_343.xhtml,
Pag080344,VIII,344,1870-XX,1870-03-XX,1870-03-15 1870-03-16 1870-03-17,https://epub3.kb.dk/hcadag/epub3/EPUB/hcadag08_359_344.xhtml,
Pag080345,VIII,345,1870-XX,1870-03-XX,1870-03-17 1870-03-18 1870-03-19 1870-03-20,https://epub3.kb.dk/hcadag/epub3/EPUB/hcadag08_360_345.xhtml,
Pag080346,VIII,346,1870-XX,1870-03-XX,1870-03-20 1870-03-21 1870-03-22 1870-03-23,https://epub3.kb.dk/hcadag/epub3/EPUB/hcadag08_361_346.xhtml,
Pag080347,VIII,347,1870-XX,1870-03-XX,1870-03-23 1870-03-24 1870-03-25,https://epub3.kb.dk/hcadag/epub3/EPUB/hcadag08_362_347.xhtml,
Pag080348,VIII,348,1870-XX,1870-03-XX,1870-03-25 1870-03-26 1870-03-27 1870-03-28,https://epub3.kb.dk/hcadag/epub3/EPUB/hcadag08_363_348.xhtml,
Pag080349,VIII,349,1870-XX,1870-03-XX,1870-03-28 1870-03-29 1870-03-30,https://epub3.kb.dk/hcadag/epub3/EPUB/hcadag08_364_349.xhtml,
Pag080350,VIII,350,1870-XX,1870-03-XX 1870-04-XX,1870-03-30 1870-03-31 1870-04-01,https://epub3.kb.dk/hcadag/epub3/EPUB/hcadag08_365_350.xhtml,
Pag080351,VIII,351,1870-XX,1870-04-XX,1870-04-01 1870-04-02,https://epub3.kb.dk/hcadag/epub3/EPUB/hcadag08_366_351.xhtml,
Pag080352,VIII,352,1870-XX,1870-04-XX,1870-04-02 1870-04-03 1870-04-04,https://epub3.kb.dk/hcadag/epub3/EPUB/hcadag08_367_352.xhtml,
Pag080353,VIII,353,1870-XX,1870-04-XX,1870-04-04 1870-04-05 1870-04-06,https://epub3.kb.dk/hcadag/epub3/EPUB/hcadag08_368_353.xhtml,
Pag080354,VIII,354,1870-XX,1870-04-XX,1870-04-06 1870-04-07 1870-04-08,https://epub3.kb.dk/hcadag/epub3/EPUB/hcadag08_369_354.xhtml,
Pag080355,VIII,355,1870-XX,1870-04-XX,1870-04-08 1870-04-09 1870-04-10 1870-04-11 1870-04-12,https://epub3.kb.dk/hcadag/epub3/EPUB/hcadag08_370_355.xhtml,
Pag080356,VIII,356,1870-XX,1870-04-XX,1870-04-12 1870-04-13 1870-04-14,https://epub3.kb.dk/hcadag/epub3/EPUB/hcadag08_371_356.xhtml,
Pag080357,VIII,357,1870-XX,1870-04-XX,1870-04-15 1870-04-16 1870-04-17 1870-04-18,https://epub3.kb.dk/hcadag/epub3/EPUB/hcadag08_372_357.xhtml,
Pag080358,VIII,358,1870-XX,1870-04-XX,1870-04-18 1870-04-19 1870-04-20,https://epub3.kb.dk/hcadag/epub3/EPUB/hcadag08_373_358.xhtml,
Pag080359,VIII,359,1870-XX,1870-04-XX,1870-04-20 1870-04-21 1870-04-22 1870-04-23,https://epub3.kb.dk/hcadag/epub3/EPUB/hcadag08_374_359.xhtml,
Pag080360,VIII,360,1870-XX,1870-04-XX,1870-04-23 1870-04-24 1870-04-25 1870-04-26 1870-04-27,https://epub3.kb.dk/hcadag/epub3/EPUB/hcadag08_375_360.xhtml,
Pag080361,VIII,361,1870-XX,1870-04-XX,1870-04-27 1870-04-28,https://epub3.kb.dk/hcadag/epub3/EPUB/hcadag08_376_361.xhtml,
Pag080362,VIII,362,1870-XX,1870-04-XX 1870-05-XX,1870-04-28 1870-04-29 1870-04-30 1870-05-01,https://epub3.kb.dk/hcadag/epub3/EPUB/hcadag08_377_362.xhtml,
Pag080363,VIII,363,1870-XX,1870-05-XX,1870-05-02 1870-05-03 1870-05-04,https://epub3.kb.dk/hcadag/epub3/EPUB/hcadag08_378_363.xhtml,
Pag080364,VIII,364,1870-XX,1870-05-XX,1870-05-04 1870-05-05 1870-05-06,https://epub3.kb.dk/hcadag/epub3/EPUB/hcadag08_379_364.xhtml,
Pag080365,VIII,365,1870-XX,1870-05-XX,1870-05-06 1870-05-07 1870-05-08 1870-05-09,https://epub3.kb.dk/hcadag/epub3/EPUB/hcadag08_380_365.xhtml,
Pag080366,VIII,366,1870-XX,1870-05-XX,1870-05-09 1870-05-10 1870-05-11,https://epub3.kb.dk/hcadag/epub3/EPUB/hcadag08_381_366.xhtml,
Pag080367,VIII,367,1870-XX,1870-05-XX,1870-05-12 1870-05-13 1870-05-14 1870-05-15,https://epub3.kb.dk/hcadag/epub3/EPUB/hcadag08_382_367.xhtml,
Pag080368,VIII,368,1870-XX,1870-05-XX,1870-05-15 1870-05-16 1870-05-17 1870-05-18,https://epub3.kb.dk/hcadag/epub3/EPUB/hcadag08_383_368.xhtml,
Pag080369,VIII,369,1870-XX,1870-05-XX,1870-05-18 1870-05-19,https://epub3.kb.dk/hcadag/epub3/EPUB/hcadag08_384_369.xhtml,
Pag080370,VIII,370,1870-XX,1870-05-XX,1870-05-19 1870-05-20,https://epub3.kb.dk/hcadag/epub3/EPUB/hcadag08_385_370.xhtml,
Pag080371,VIII,371,1870-XX,1870-05-XX,1870-05-20 1870-05-21 1870-05-22 1870-05-23,https://epub3.kb.dk/hcadag/epub3/EPUB/hcadag08_386_371.xhtml,
Pag080372,VIII,372,1870-XX,1870-05-XX,1870-05-23 1870-05-24 1870-05-25,https://epub3.kb.dk/hcadag/epub3/EPUB/hcadag08_387_372.xhtml,
Pag080373,VIII,373,1870-XX,1870-05-XX,1870-05-25 1870-05-26 1870-05-27,https://epub3.kb.dk/hcadag/epub3/EPUB/hcadag08_388_373.xhtml,
Pag080374,VIII,374,1870-XX,1870-05-XX,1870-05-27 1870-05-28 1870-05-29,https://epub3.kb.dk/hcadag/epub3/EPUB/hcadag08_389_374.xhtml,
Pag080375,VIII,375,1870-XX,1870-05-XX,1870-05-30 1870-05-31,https://epub3.kb.dk/hcadag/epub3/EPUB/hcadag08_390_375.xhtml,
Pag080376,VIII,376,1870-XX,1870-06-XX,1870-06-01 1870-06-02,https://epub3.kb.dk/hcadag/epub3/EPUB/hcadag08_391_376.xhtml,
Pag080377,VIII,377,1870-XX,1870-06-XX,1870-06-02 1870-06-03 1870-06-04,https://epub3.kb.dk/hcadag/epub3/EPUB/hcadag08_392_377.xhtml,
Pag080378,VIII,378,1870-XX,1870-06-XX,1870-06-04 1870-06-05 1870-06-06,https://epub3.kb.dk/hcadag/epub3/EPUB/hcadag08_393_378.xhtml,
Pag080379,VIII,379,1870-XX,1870-06-XX,1870-06-06 1870-06-07 1870-06-08 1870-06-09,https://epub3.kb.dk/hcadag/epub3/EPUB/hcadag08_394_379.xhtml,
Pag080380,VIII,380,1870-XX,1870-06-XX,1870-06-09 1870-06-10 1870-06-11,https://epub3.kb.dk/hcadag/epub3/EPUB/hcadag08_395_380.xhtml,
Pag080381,VIII,381,1870-XX,1870-06-XX,1870-06-11 1870-06-12 1870-06-13,https://epub3.kb.dk/hcadag/epub3/EPUB/hcadag08_396_381.xhtml,
Pag080382,VIII,382,1870-XX,1870-06-XX,1870-06-13 1870-06-14,https://epub3.kb.dk/hcadag/epub3/EPUB/hcadag08_397_382.xhtml,
Pag080383,VIII,383,1870-XX,1870-06-XX,1870-06-14 1870-06-15,https://epub3.kb.dk/hcadag/epub3/EPUB/hcadag08_398_383.xhtml,
Pag080384,VIII,384,1870-XX,1870-06-XX,1870-06-15 1870-06-16 1870-06-17,https://epub3.kb.dk/hcadag/epub3/EPUB/hcadag08_399_384.xhtml,
Pag080385,VIII,385,1870-XX,1870-06-XX,1870-06-17 1870-06-18 1870-06-19,https://epub3.kb.dk/hcadag/epub3/EPUB/hcadag08_400_385.xhtml,
Pag080386,VIII,386,1870-XX,1870-06-XX,1870-06-19 1870-06-20 1870-06-21 1870-06-22,https://epub3.kb.dk/hcadag/epub3/EPUB/hcadag08_401_386.xhtml,
Pag080387,VIII,387,1870-XX,1870-06-XX,1870-06-22 1870-06-23 1870-06-24 1870-06-25,https://epub3.kb.dk/hcadag/epub3/EPUB/hcadag08_402_387.xhtml,
Pag080388,VIII,388,1870-XX,1870-06-XX,1870-06-25 1870-06-26 1870-06-27,https://epub3.kb.dk/hcadag/epub3/EPUB/hcadag08_403_388.xhtml,
Pag080389,VIII,389,1870-XX,1870-06-XX,1870-06-27 1870-06-28 1870-06-29,https://epub3.kb.dk/hcadag/epub3/EPUB/hcadag08_404_389.xhtml,
Pag080390,VIII,390,1870-XX,1870-06-XX 1870-07-XX,1870-06-29 1870-06-30 1870-07-01 1870-07-02,https://epub3.kb.dk/hcadag/epub3/EPUB/hcadag08_405_390.xhtml,
Pag080391,VIII,391,1870-XX,1870-07-XX,1870-07-02 1870-07-03,https://epub3.kb.dk/hcadag/epub3/EPUB/hcadag08_406_391.xhtml,
Pag080392,VIII,392,1870-XX,1870-07-XX,1870-07-03 1870-07-04,https://epub3.kb.dk/hcadag/epub3/EPUB/hcadag08_407_392.xhtml,
Pag080393,VIII,393,1870-XX,1870-07-XX,1870-07-04 1870-07-05,https://epub3.kb.dk/hcadag/epub3/EPUB/hcadag08_408_393.xhtml,
Pag080394,VIII,394,1870-XX,1870-07-XX,1870-07-05 1870-07-06 1870-07-07 1870-07-08,https://epub3.kb.dk/hcadag/epub3/EPUB/hcadag08_409_394.xhtml,
Pag080395,VIII,395,1870-XX,1870-07-XX,1870-07-09 1870-07-10 1870-07-11,https://epub3.kb.dk/hcadag/epub3/EPUB/hcadag08_410_395.xhtml,
Pag080396,VIII,396,1870-XX,1870-07-XX,1870-07-12 1870-07-13 1870-07-14,https://epub3.kb.dk/hcadag/epub3/EPUB/hcadag08_411_396.xhtml,
Pag080397,VIII,397,1870-XX,1870-07-XX,1870-07-14 1870-07-15 1870-07-16 1870-07-17 1870-07-18,https://epub3.kb.dk/hcadag/epub3/EPUB/hcadag08_412_397.xhtml,
Pag080398,VIII,398,1870-XX,1870-07-XX,1870-07-18 1870-07-19 1870-07-20 1870-07-21,https://epub3.kb.dk/hcadag/epub3/EPUB/hcadag08_413_398.xhtml,
Pag080399,VIII,399,1870-XX,1870-07-XX,1870-07-21 1870-07-22 1870-07-23 1870-07-24 1870-07-25,https://epub3.kb.dk/hcadag/epub3/EPUB/hcadag08_414_399.xhtml,
Pag080400,VIII,400,1870-XX,1870-07-XX,1870-07-25 1870-07-26 1870-07-27 1870-07-28 1870-07-29 1870-07-30 1870-07-31,https://epub3.kb.dk/hcadag/epub3/EPUB/hcadag08_415_400.xhtml,
Pag080401,VIII,401,1870-XX,1870-07-XX 1870-08-XX,1870-07-31 1870-08-01 1870-08-02 1870-08-03 1870-08-04,https://epub3.kb.dk/hcadag/epub3/EPUB/hcadag08_416_401.xhtml,
Pag080402,VIII,402,1870-XX,1870-08-XX,1870-08-04 1870-08-05 1870-08-06,https://epub3.kb.dk/hcadag/epub3/EPUB/hcadag08_417_402.xhtml,
Pag080403,VIII,403,1870-XX,1870-08-XX,1870-08-07 1870-08-08 1870-08-09 1870-08-10,https://epub3.kb.dk/hcadag/epub3/EPUB/hcadag08_418_403.xhtml,
Pag080404,VIII,404,1870-XX,1870-08-XX,1870-08-10 1870-08-11 1870-08-12 1870-08-13,https://epub3.kb.dk/hcadag/epub3/EPUB/hcadag08_419_404.xhtml,
Pag080405,VIII,405,1870-XX,1870-08-XX,1870-08-13 1870-08-14 1870-08-15 1870-08-16 1870-08-17 1870-08-18,https://epub3.kb.dk/hcadag/epub3/EPUB/hcadag08_420_405.xhtml,
Pag080406,VIII,406,1870-XX,1870-08-XX,1870-08-18 1870-08-19 1870-08-20 1870-08-21 1870-08-22 1870-08-23,https://epub3.kb.dk/hcadag/epub3/EPUB/hcadag08_421_406.xhtml,
Pag080407,VIII,407,1870-XX,1870-08-XX,1870-08-23 1870-08-24 1870-08-25 1870-08-26 1870-08-27 1870-08-28,https://epub3.kb.dk/hcadag/epub3/EPUB/hcadag08_422_407.xhtml,
Pag080408,VIII,408,1870-XX,1870-08-XX,1870-08-28 1870-08-29 1870-08-30 1870-08-31,https://epub3.kb.dk/hcadag/epub3/EPUB/hcadag08_423_408.xhtml,
Pag080409,VIII,409,1870-XX,1870-09-XX,1870-09-01 1870-09-02 1870-09-03,https://epub3.kb.dk/hcadag/epub3/EPUB/hcadag08_424_409.xhtml,
Pag080410,VIII,410,1870-XX,1870-09-XX,1870-09-03 1870-09-04 1870-09-05 1870-09-06,https://epub3.kb.dk/hcadag/epub3/EPUB/hcadag08_425_410.xhtml,
Pag080411,VIII,411,1870-XX,1870-09-XX,1870-09-06 1870-09-07 1870-09-08 1870-09-09,https://epub3.kb.dk/hcadag/epub3/EPUB/hcadag08_426_411.xhtml,
Pag080412,VIII,412,1870-XX,1870-09-XX,1870-09-09 1870-09-10 1870-09-11 1870-09-12 1870-09-13,https://epub3.kb.dk/hcadag/epub3/EPUB/hcadag08_427_412.xhtml,
Pag080413,VIII,413,1870-XX,1870-09-XX,1870-09-13 1870-09-14 1870-09-15 1870-09-16 1870-09-17 1870-09-18,https://epub3.kb.dk/hcadag/epub3/EPUB/hcadag08_428_413.xhtml,
Pag080414,VIII,414,1870-XX,1870-09-XX,1870-09-18 1870-09-19 1870-09-20 1870-09-21,https://epub3.kb.dk/hcadag/epub3/EPUB/hcadag08_429_414.xhtml,
Pag080415,VIII,415,1870-XX,1870-09-XX,1870-09-22 1870-09-23 1870-09-24 1870-09-25 1870-09-26,https://epub3.kb.dk/hcadag/epub3/EPUB/hcadag08_430_415.xhtml,
Pag080416,VIII,416,1870-XX,1870-09-XX,1870-09-26 1870-09-27 1870-09-28 1870-09-29 1870-09-30,https://epub3.kb.dk/hcadag/epub3/EPUB/hcadag08_431_416.xhtml,
Pag080417,VIII,417,1870-XX,1870-10-XX,1870-10-01,https://epub3.kb.dk/hcadag/epub3/EPUB/hcadag08_432_417.xhtml,
Pag080418,VIII,418,1870-XX,1870-10-XX,1870-10-02 1870-10-03 1870-10-04 1870-10-05,https://epub3.kb.dk/hcadag/epub3/EPUB/hcadag08_433_418.xhtml,
Pag080419,VIII,419,1870-XX,1870-10-XX,1870-10-05 1870-10-06 1870-10-07 1870-10-08 1870-10-09 1870-10-10 1870-10-11 1870-10-12,https://epub3.kb.dk/hcadag/epub3/EPUB/hcadag08_434_419.xhtml,
Pag080420,VIII,420,1870-XX,1870-10-XX,1870-10-12 1870-10-13 1870-10-14 1870-10-15,https://epub3.kb.dk/hcadag/epub3/EPUB/hcadag08_435_420.xhtml,
Pag080421,VIII,421,1870-XX,1870-10-XX,1870-10-15 1870-10-16,https://epub3.kb.dk/hcadag/epub3/EPUB/hcadag08_436_421.xhtml,
Pag080422,VIII,422,1870-XX,1870-10-XX,1870-10-16 1870-10-17 1870-10-18,https://epub3.kb.dk/hcadag/epub3/EPUB/hcadag08_437_422.xhtml,
Pag080423,VIII,423,1870-XX,1870-10-XX,1870-10-18 1870-10-19 1870-10-20 1870-10-21 1870-10-22,https://epub3.kb.dk/hcadag/epub3/EPUB/hcadag08_438_423.xhtml,
Pag080424,VIII,424,1870-XX,1870-10-XX,1870-10-22 1870-10-23 1870-10-24 1870-10-25 1870-10-26,https://epub3.kb.dk/hcadag/epub3/EPUB/hcadag08_439_424.xhtml,
Pag080425,VIII,425,1870-XX,1870-10-XX,1870-10-26 1870-10-27 1870-10-28 1870-10-29,https://epub3.kb.dk/hcadag/epub3/EPUB/hcadag08_440_425.xhtml,
Pag080426,VIII,426,1870-XX,1870-10-XX 1870-11-XX,1870-10-30 1870-10-31 1870-11-01,https://epub3.kb.dk/hcadag/epub3/EPUB/hcadag08_441_426.xhtml,
Pag080427,VIII,427,1870-XX,1870-11-XX,1870-11-01 1870-11-02 1870-11-03,https://epub3.kb.dk/hcadag/epub3/EPUB/hcadag08_442_427.xhtml,
Pag080428,VIII,428,1870-XX,1870-11-XX,1870-11-03 1870-11-04 1870-11-05 1870-11-06 1870-11-07 1870-11-08,https://epub3.kb.dk/hcadag/epub3/EPUB/hcadag08_443_428.xhtml,
Pag080429,VIII,429,1870-XX,1870-11-XX,1870-11-08 1870-11-09 1870-11-10 1870-11-11 1870-11-12,https://epub3.kb.dk/hcadag/epub3/EPUB/hcadag08_444_429.xhtml,
Pag080430,VIII,430,1870-XX,1870-11-XX,1870-11-12 1870-11-13 1870-11-14 1870-11-15,https://epub3.kb.dk/hcadag/epub3/EPUB/hcadag08_445_430.xhtml,
Pag080431,VIII,431,1870-XX,1870-11-XX,1870-11-15 1870-11-16 1870-11-17,https://epub3.kb.dk/hcadag/epub3/EPUB/hcadag08_446_431.xhtml,
Pag080432,VIII,432,1870-XX,1870-11-XX,1870-11-18 1870-11-19,https://epub3.kb.dk/hcadag/epub3/EPUB/hcadag08_447_432.xhtml,
Pag080433,VIII,433,1870-XX,1870-11-XX,1870-11-19,https://epub3.kb.dk/hcadag/epub3/EPUB/hcadag08_448_433.xhtml,
Pag080434,VIII,434,1870-XX,1870-11-XX,1870-11-19 1870-11-20,https://epub3.kb.dk/hcadag/epub3/EPUB/hcadag08_449_434.xhtml,
Pag080435,VIII,435,1870-XX,1870-11-XX,1870-11-20,https://epub3.kb.dk/hcadag/epub3/EPUB/hcadag08_450_435.xhtml,
Pag080436,VIII,436,1870-XX,1870-11-XX,1870-11-21 1870-11-22 1870-11-23,https://epub3.kb.dk/hcadag/epub3/EPUB/hcadag08_451_436.xhtml,
Pag080437,VIII,437,1870-XX,1870-11-XX,1870-11-23 1870-11-24,https://epub3.kb.dk/hcadag/epub3/EPUB/hcadag08_452_437.xhtml,
Pag080438,VIII,438,1870-XX,1870-11-XX,1870-11-24 1870-11-25 1870-11-26,https://epub3.kb.dk/hcadag/epub3/EPUB/hcadag08_453_438.xhtml,
Pag080439,VIII,439,1870-XX,1870-11-XX,1870-11-26 1870-11-27,https://epub3.kb.dk/hcadag/epub3/EPUB/hcadag08_454_439.xhtml,
Pag080440,VIII,440,1870-XX,1870-11-XX,1870-11-27 1870-11-28 1870-11-29,https://epub3.kb.dk/hcadag/epub3/EPUB/hcadag08_455_440.xhtml,
Pag080441,VIII,441,1870-XX,1870-11-XX 1870-12-XX,1870-11-29 1870-11-30 1870-12-01,https://epub3.kb.dk/hcadag/epub3/EPUB/hcadag08_456_441.xhtml,
Pag080442,VIII,442,1870-XX,1870-12-XX,1870-12-01 1870-12-02 1870-12-03 1870-12-04,https://epub3.kb.dk/hcadag/epub3/EPUB/hcadag08_457_442.xhtml,
Pag080443,VIII,443,1870-XX,1870-12-XX,1870-12-04 1870-12-05 1870-12-06 1870-12-07 1870-12-08,https://epub3.kb.dk/hcadag/epub3/EPUB/hcadag08_458_443.xhtml,
Pag080444,VIII,444,1870-XX,1870-12-XX,1870-12-08 1870-12-09 1870-12-10 1870-12-11 1870-12-12,https://epub3.kb.dk/hcadag/epub3/EPUB/hcadag08_459_444.xhtml,
Pag080445,VIII,445,1870-XX,1870-12-XX,1870-12-12 1870-12-13 1870-12-14,https://epub3.kb.dk/hcadag/epub3/EPUB/hcadag08_460_445.xhtml,
Pag080446,VIII,446,1870-XX,1870-12-XX,1870-12-14 1870-12-15 1870-12-16 1870-12-17,https://epub3.kb.dk/hcadag/epub3/EPUB/hcadag08_461_446.xhtml,
Pag080447,VIII,447,1870-XX,1870-12-XX,1870-12-17 1870-12-18 1870-12-19,https://epub3.kb.dk/hcadag/epub3/EPUB/hcadag08_462_447.xhtml,
Pag080448,VIII,448,1870-XX,1870-12-XX,1870-12-19 1870-12-20 1870-12-21 1870-12-22,https://epub3.kb.dk/hcadag/epub3/EPUB/hcadag08_463_448.xhtml,
Pag080449,VIII,449,1870-XX,1870-12-XX,1870-12-22 1870-12-23 1870-12-24,https://epub3.kb.dk/hcadag/epub3/EPUB/hcadag08_464_449.xhtml,
Pag080450,VIII,450,1870-XX,1870-12-XX,1870-12-24 1870-12-25 1870-12-26,https://epub3.kb.dk/hcadag/epub3/EPUB/hcadag08_465_450.xhtml,
Pag080451,VIII,451,1870-XX,1870-12-XX,1870-12-26 1870-12-27,https://epub3.kb.dk/hcadag/epub3/EPUB/hcadag08_466_451.xhtml,
Pag080452,VIII,452,1870-XX,1870-12-XX,1870-12-27 1870-12-28 1870-12-29 1870-12-30,https://epub3.kb.dk/hcadag/epub3/EPUB/hcadag08_467_452.xhtml,
Pag080453,VIII,453,1870-XX,1870-12-XX,1870-12-30 1870-12-31,https://epub3.kb.dk/hcadag/epub3/EPUB/hcadag08_468_453.xhtml,
Pag080454,VIII,454,1869-XX,1869-09-XX,1869-09-06,https://epub3.kb.dk/hcadag/epub3/EPUB/hcadag08_469_454.xhtml,
Pag080455,VIII,455,1869-XX,1869-09-XX,1869-09-06,https://epub3.kb.dk/hcadag/epub3/EPUB/hcadag08_470_455.xhtml,
Pag080456,VIII,456,1869-XX,1869-09-XX,1869-09-06,https://epub3.kb.dk/hcadag/epub3/EPUB/hcadag08_471_456.xhtml,
Pag080457,VIII,457,1869-XX,1869-09-XX,1869-09-06,https://epub3.kb.dk/hcadag/epub3/EPUB/hcadag08_472_457.xhtml,
Pag080458,VIII,458,1869-XX,1869-09-XX,1869-09-06,https://epub3.kb.dk/hcadag/epub3/EPUB/hcadag08_473_458.xhtml,
Pag080459,VIII,459,1869-XX,1869-09-XX,1869-09-06,https://epub3.kb.dk/hcadag/epub3/EPUB/hcadag08_474_459.xhtml,
Pag080460,VIII,460,1869-XX,1869-09-XX,1869-09-06,https://epub3.kb.dk/hcadag/epub3/EPUB/hcadag08_475_460.xhtml,
Pag080461,VIII,461,1869-XX,1869-09-XX,1869-09-06,https://epub3.kb.dk/hcadag/epub3/EPUB/hcadag08_476_461.xhtml,
Pag080462,VIII,462,1869-XX,1869-09-XX,1869-09-06,https://epub3.kb.dk/hcadag/epub3/EPUB/hcadag08_477_462.xhtml,
Pag080463,VIII,463,1869-XX,1869-09-XX,1869-09-06,https://epub3.kb.dk/hcadag/epub3/EPUB/hcadag08_478_463.xhtml,
Pag080464,VIII,464,1869-XX,1869-09-XX,1869-09-06,https://epub3.kb.dk/hcadag/epub3/EPUB/hcadag08_479_464.xhtml,
Pag090001,IX,1,1871-XX,1871-01-XX,1871-01-01 1871-01-02,https://epub3.kb.dk/hcadag/epub3/EPUB/hcadag09_013_1.xhtml,
Pag090002,IX,2,1871-XX,1871-01-XX,1871-01-02 1871-01-03 1871-01-04,https://epub3.kb.dk/hcadag/epub3/EPUB/hcadag09_014_2.xhtml,
Pag090003,IX,3,1871-XX,1871-01-XX,1871-01-04,https://epub3.kb.dk/hcadag/epub3/EPUB/hcadag09_015_3.xhtml,
Pag090004,IX,4,1871-XX,1871-01-XX,1871-01-05 1871-01-06,https://epub3.kb.dk/hcadag/epub3/EPUB/hcadag09_016_4.xhtml,
Pag090005,IX,5,1871-XX,1871-01-XX,1871-01-06 1871-01-07 1871-01-08 1871-01-09,https://epub3.kb.dk/hcadag/epub3/EPUB/hcadag09_017_5.xhtml,
Pag090006,IX,6,1871-XX,1871-01-XX,1871-01-09 1871-01-10 1871-01-11,https://epub3.kb.dk/hcadag/epub3/EPUB/hcadag09_018_6.xhtml,
Pag090007,IX,7,1871-XX,1871-01-XX,1871-01-11 1871-01-12,https://epub3.kb.dk/hcadag/epub3/EPUB/hcadag09_019_7.xhtml,
Pag090008,IX,8,1871-XX,1871-01-XX,1871-01-12 1871-01-13,https://epub3.kb.dk/hcadag/epub3/EPUB/hcadag09_020_8.xhtml,
Pag090009,IX,9,1871-XX,1871-01-XX,1871-01-13 1871-01-14 1871-01-15,https://epub3.kb.dk/hcadag/epub3/EPUB/hcadag09_021_9.xhtml,
Pag090010,IX,10,1871-XX,1871-01-XX,1871-01-16 1871-01-17 1871-01-18 1871-01-19,https://epub3.kb.dk/hcadag/epub3/EPUB/hcadag09_022_10.xhtml,
Pag090011,IX,11,1871-XX,1871-01-XX,1871-01-19 1871-01-20 1871-01-21 1871-01-22,https://epub3.kb.dk/hcadag/epub3/EPUB/hcadag09_023_11.xhtml,
Pag090012,IX,12,1871-XX,1871-01-XX,1871-01-22 1871-01-23 1871-01-24 1871-01-25,https://epub3.kb.dk/hcadag/epub3/EPUB/hcadag09_024_12.xhtml,
Pag090013,IX,13,1871-XX,1871-01-XX,1871-01-25 1871-01-26 1871-01-27,https://epub3.kb.dk/hcadag/epub3/EPUB/hcadag09_025_13.xhtml,
Pag090014,IX,14,1871-XX,1871-01-XX,1871-01-27 1871-01-28 1871-01-29 1871-01-30,https://epub3.kb.dk/hcadag/epub3/EPUB/hcadag09_026_14.xhtml,
Pag090015,IX,15,1871-XX,1871-01-XX 1871-02-XX,1871-01-30 1871-01-31 1871-02-01 1871-02-02,https://epub3.kb.dk/hcadag/epub3/EPUB/hcadag09_027_15.xhtml,
Pag090016,IX,16,1871-XX,1871-02-XX,1871-02-02 1871-02-03 1871-02-04 1871-02-05 1871-02-06 1871-02-07,https://epub3.kb.dk/hcadag/epub3/EPUB/hcadag09_028_16.xhtml,
Pag090017,IX,17,1871-XX,1871-02-XX,1871-02-07 1871-02-08 1871-02-09,https://epub3.kb.dk/hcadag/epub3/EPUB/hcadag09_029_17.xhtml,
Pag090018,IX,18,1871-XX,1871-02-XX,1871-02-09 1871-02-10 1871-02-11 1871-02-12,https://epub3.kb.dk/hcadag/epub3/EPUB/hcadag09_030_18.xhtml,
Pag090019,IX,19,1871-XX,1871-02-XX,1871-02-12 1871-02-13 1871-02-14,https://epub3.kb.dk/hcadag/epub3/EPUB/hcadag09_031_19.xhtml,
Pag090020,IX,20,1871-XX,1871-02-XX,1871-02-14 1871-02-15 1871-02-16,https://epub3.kb.dk/hcadag/epub3/EPUB/hcadag09_032_20.xhtml,
Pag090021,IX,21,1871-XX,1871-02-XX,1871-02-16 1871-02-17,https://epub3.kb.dk/hcadag/epub3/EPUB/hcadag09_033_21.xhtml,
Pag090022,IX,22,1871-XX,1871-02-XX,1871-02-17 1871-02-18,https://epub3.kb.dk/hcadag/epub3/EPUB/hcadag09_034_22.xhtml,
Pag090023,IX,23,1871-XX,1871-02-XX,1871-02-18 1871-02-19 1871-02-20,https://epub3.kb.dk/hcadag/epub3/EPUB/hcadag09_035_23.xhtml,
Pag090024,IX,24,1871-XX,1871-02-XX,1871-02-20 1871-02-21 1871-02-22,https://epub3.kb.dk/hcadag/epub3/EPUB/hcadag09_036_24.xhtml,
Pag090025,IX,25,1871-XX,1871-02-XX,1871-02-22 1871-02-23 1871-02-24 1871-02-25,https://epub3.kb.dk/hcadag/epub3/EPUB/hcadag09_037_25.xhtml,
Pag090026,IX,26,1871-XX,1871-02-XX,1871-02-25 1871-02-26,https://epub3.kb.dk/hcadag/epub3/EPUB/hcadag09_038_26.xhtml,
Pag090027,IX,27,1871-XX,1871-02-XX,1871-02-26 1871-02-27 1871-02-28,https://epub3.kb.dk/hcadag/epub3/EPUB/hcadag09_039_27.xhtml,
Pag090028,IX,28,1871-XX,1871-02-XX 1871-03-XX,1871-02-28 1871-03-01,https://epub3.kb.dk/hcadag/epub3/EPUB/hcadag09_040_28.xhtml,
Pag090029,IX,29,1871-XX,1871-03-XX,1871-03-01 1871-03-02 1871-03-03,https://epub3.kb.dk/hcadag/epub3/EPUB/hcadag09_041_29.xhtml,
Pag090030,IX,30,1871-XX,1871-03-XX,1871-03-03 1871-03-04,https://epub3.kb.dk/hcadag/epub3/EPUB/hcadag09_042_30.xhtml,
Pag090031,IX,31,1871-XX,1871-03-XX,1871-03-04 1871-03-05 1871-03-06,https://epub3.kb.dk/hcadag/epub3/EPUB/hcadag09_043_31.xhtml,
Pag090032,IX,32,1871-XX,1871-03-XX,1871-03-06,https://epub3.kb.dk/hcadag/epub3/EPUB/hcadag09_044_32.xhtml,
Pag090033,IX,33,1871-XX,1871-03-XX,1871-03-06 1871-03-07 1871-03-08,https://epub3.kb.dk/hcadag/epub3/EPUB/hcadag09_045_33.xhtml,
Pag090034,IX,34,1871-XX,1871-03-XX,1871-03-08 1871-03-09,https://epub3.kb.dk/hcadag/epub3/EPUB/hcadag09_046_34.xhtml,
Pag090035,IX,35,1871-XX,1871-03-XX,1871-03-09 1871-03-10 1871-03-11,https://epub3.kb.dk/hcadag/epub3/EPUB/hcadag09_047_35.xhtml,
Pag090036,IX,36,1871-XX,1871-03-XX,1871-03-11 1871-03-12,https://epub3.kb.dk/hcadag/epub3/EPUB/hcadag09_048_36.xhtml,
Pag090037,IX,37,1871-XX,1871-03-XX,1871-03-12 1871-03-13 1871-03-14,https://epub3.kb.dk/hcadag/epub3/EPUB/hcadag09_049_37.xhtml,
Pag090038,IX,38,1871-XX,1871-03-XX,1871-03-14 1871-03-15 1871-03-16,https://epub3.kb.dk/hcadag/epub3/EPUB/hcadag09_050_38.xhtml,
Pag090039,IX,39,1871-XX,1871-03-XX,1871-03-17 1871-03-18 1871-03-19,https://epub3.kb.dk/hcadag/epub3/EPUB/hcadag09_051_39.xhtml,
Pag090040,IX,40,1871-XX,1871-03-XX,1871-03-19 1871-03-20 1871-03-21,https://epub3.kb.dk/hcadag/epub3/EPUB/hcadag09_052_40.xhtml,
Pag090041,IX,41,1871-XX,1871-03-XX,1871-03-21 1871-03-22,https://epub3.kb.dk/hcadag/epub3/EPUB/hcadag09_053_41.xhtml,
Pag090042,IX,42,1871-XX,1871-03-XX,1871-03-22 1871-03-23,https://epub3.kb.dk/hcadag/epub3/EPUB/hcadag09_054_42.xhtml,
Pag090043,IX,43,1871-XX,1871-03-XX,1871-03-23 1871-03-24 1871-03-25,https://epub3.kb.dk/hcadag/epub3/EPUB/hcadag09_055_43.xhtml,
Pag090044,IX,44,1871-XX,1871-03-XX,1871-03-25 1871-03-26,https://epub3.kb.dk/hcadag/epub3/EPUB/hcadag09_056_44.xhtml,
Pag090045,IX,45,1871-XX,1871-03-XX,1871-03-26 1871-03-27,https://epub3.kb.dk/hcadag/epub3/EPUB/hcadag09_057_45.xhtml,
Pag090046,IX,46,1871-XX,1871-03-XX,1871-03-27 1871-03-28 1871-03-29,https://epub3.kb.dk/hcadag/epub3/EPUB/hcadag09_058_46.xhtml,
Pag090047,IX,47,1871-XX,1871-03-XX,1871-03-29 1871-03-30,https://epub3.kb.dk/hcadag/epub3/EPUB/hcadag09_059_47.xhtml,
Pag090048,IX,48,1871-XX,1871-03-XX 1871-04-XX,1871-03-30 1871-04-01,https://epub3.kb.dk/hcadag/epub3/EPUB/hcadag09_060_48.xhtml,
Pag090049,IX,49,1871-XX,1871-04-XX,1871-04-01,https://epub3.kb.dk/hcadag/epub3/EPUB/hcadag09_061_49.xhtml,
Pag090050,IX,50,1871-XX,1871-04-XX,1871-04-01 1871-04-02,https://epub3.kb.dk/hcadag/epub3/EPUB/hcadag09_062_50.xhtml,
Pag090051,IX,51,1871-XX,1871-04-XX,1871-04-02 1871-04-03,https://epub3.kb.dk/hcadag/epub3/EPUB/hcadag09_063_51.xhtml,
Pag090052,IX,52,1871-XX,1871-04-XX,1871-04-03 1871-04-04,https://epub3.kb.dk/hcadag/epub3/EPUB/hcadag09_064_52.xhtml,
Pag090053,IX,53,1871-XX,1871-04-XX,1871-04-05 1871-04-06 1871-04-07,https://epub3.kb.dk/hcadag/epub3/EPUB/hcadag09_065_53.xhtml,
Pag090054,IX,54,1871-XX,1871-04-XX,1871-04-07 1871-04-08 1871-04-09,https://epub3.kb.dk/hcadag/epub3/EPUB/hcadag09_066_54.xhtml,
Pag090055,IX,55,1871-XX,1871-04-XX,1871-04-09 1871-04-10 1871-04-11 1871-04-12,https://epub3.kb.dk/hcadag/epub3/EPUB/hcadag09_067_55.xhtml,
Pag090056,IX,56,1871-XX,1871-04-XX,1871-04-12 1871-04-13 1871-04-14 1871-04-15,https://epub3.kb.dk/hcadag/epub3/EPUB/hcadag09_068_56.xhtml,
Pag090057,IX,57,1871-XX,1871-04-XX,1871-04-15 1871-04-16,https://epub3.kb.dk/hcadag/epub3/EPUB/hcadag09_069_57.xhtml,
Pag090058,IX,58,1871-XX,1871-04-XX,1871-04-16 1871-04-17,https://epub3.kb.dk/hcadag/epub3/EPUB/hcadag09_070_58.xhtml,
Pag090059,IX,59,1871-XX,1871-04-XX,1871-04-17 1871-04-18 1871-04-19 1871-04-20,https://epub3.kb.dk/hcadag/epub3/EPUB/hcadag09_071_59.xhtml,
Pag090060,IX,60,1871-XX,1871-04-XX,1871-04-20 1871-04-21 1871-04-22 1871-04-23,https://epub3.kb.dk/hcadag/epub3/EPUB/hcadag09_072_60.xhtml,
Pag090061,IX,61,1871-XX,1871-04-XX,1871-04-23 1871-04-24 1871-04-25 1871-04-26,https://epub3.kb.dk/hcadag/epub3/EPUB/hcadag09_073_61.xhtml,
Pag090062,IX,62,1871-XX,1871-04-XX,1871-04-26 1871-04-27 1871-04-28,https://epub3.kb.dk/hcadag/epub3/EPUB/hcadag09_074_62.xhtml,
Pag090063,IX,63,1871-XX,1871-04-XX,1871-04-28 1871-04-29 1871-04-30,https://epub3.kb.dk/hcadag/epub3/EPUB/hcadag09_075_63.xhtml,
Pag090064,IX,64,1871-XX,1871-04-XX 1871-05-XX,1871-04-30 1871-05-01,https://epub3.kb.dk/hcadag/epub3/EPUB/hcadag09_076_64.xhtml,
Pag090065,IX,65,1871-XX,1871-05-XX,1871-05-01 1871-05-02 1871-05-03,https://epub3.kb.dk/hcadag/epub3/EPUB/hcadag09_077_65.xhtml,
Pag090066,IX,66,1871-XX,1871-05-XX,1871-05-03 1871-05-04,https://epub3.kb.dk/hcadag/epub3/EPUB/hcadag09_078_66.xhtml,
Pag090067,IX,67,1871-XX,1871-05-XX,1871-05-04 1871-05-05,https://epub3.kb.dk/hcadag/epub3/EPUB/hcadag09_079_67.xhtml,
Pag090068,IX,68,1871-XX,1871-05-XX,1871-05-05 1871-05-06,https://epub3.kb.dk/hcadag/epub3/EPUB/hcadag09_080_68.xhtml,
Pag090069,IX,69,1871-XX,1871-05-XX,1871-05-06 1871-05-07,https://epub3.kb.dk/hcadag/epub3/EPUB/hcadag09_081_69.xhtml,
Pag090070,IX,70,1871-XX,1871-05-XX,1871-05-07 1871-05-08 1871-05-09 1871-05-10,https://epub3.kb.dk/hcadag/epub3/EPUB/hcadag09_082_70.xhtml,
Pag090071,IX,71,1871-XX,1871-05-XX,1871-05-10 1871-05-11 1871-05-12,https://epub3.kb.dk/hcadag/epub3/EPUB/hcadag09_083_71.xhtml,
Pag090072,IX,72,1871-XX,1871-05-XX,1871-05-12 1871-05-13 1871-05-14,https://epub3.kb.dk/hcadag/epub3/EPUB/hcadag09_084_72.xhtml,
Pag090073,IX,73,1871-XX,1871-05-XX,1871-05-14 1871-05-15 1871-05-16 1871-05-17 1871-05-18,https://epub3.kb.dk/hcadag/epub3/EPUB/hcadag09_085_73.xhtml,
Pag090074,IX,74,1871-XX,1871-05-XX,1871-05-18 1871-05-19,https://epub3.kb.dk/hcadag/epub3/EPUB/hcadag09_086_74.xhtml,
Pag090075,IX,75,1871-XX,1871-05-XX,1871-05-19,https://epub3.kb.dk/hcadag/epub3/EPUB/hcadag09_087_75.xhtml,
Pag090076,IX,76,1871-XX,1871-05-XX,1871-05-19 1871-05-20 1871-05-21,https://epub3.kb.dk/hcadag/epub3/EPUB/hcadag09_088_76.xhtml,
Pag090077,IX,77,1871-XX,1871-05-XX,1871-05-21 1871-05-22 1871-05-23,https://epub3.kb.dk/hcadag/epub3/EPUB/hcadag09_089_77.xhtml,
Pag090078,IX,78,1871-XX,1871-05-XX,1871-05-23 1871-05-24 1871-05-25 1871-05-26,https://epub3.kb.dk/hcadag/epub3/EPUB/hcadag09_090_78.xhtml,
Pag090079,IX,79,1871-XX,1871-05-XX,1871-05-26 1871-05-27 1871-05-28 1871-05-29,https://epub3.kb.dk/hcadag/epub3/EPUB/hcadag09_091_79.xhtml,
Pag090080,IX,80,1871-XX,1871-05-XX 1871-06-XX,1871-05-29 1871-05-30 1871-05-31 1871-06-01,https://epub3.kb.dk/hcadag/epub3/EPUB/hcadag09_092_80.xhtml,
Pag090081,IX,81,1871-XX,1871-06-XX,1871-06-01 1871-06-02 1871-06-03,https://epub3.kb.dk/hcadag/epub3/EPUB/hcadag09_093_81.xhtml,
Pag090082,IX,82,1871-XX,1871-06-XX,1871-06-03 1871-06-04 1871-06-05 1871-06-06,https://epub3.kb.dk/hcadag/epub3/EPUB/hcadag09_094_82.xhtml,
Pag090083,IX,83,1871-XX,1871-06-XX,1871-06-06 1871-06-07 1871-06-08 1871-06-09 1871-06-10,https://epub3.kb.dk/hcadag/epub3/EPUB/hcadag09_095_83.xhtml,
Pag090084,IX,84,1871-XX,1871-06-XX,1871-06-10 1871-06-11 1871-06-12 1871-06-13,https://epub3.kb.dk/hcadag/epub3/EPUB/hcadag09_096_84.xhtml,
Pag090085,IX,85,1871-XX,1871-06-XX,1871-06-13,https://epub3.kb.dk/hcadag/epub3/EPUB/hcadag09_097_85.xhtml,
Pag090086,IX,86,1871-XX,1871-06-XX,1871-06-13 1871-06-14 1871-06-15,https://epub3.kb.dk/hcadag/epub3/EPUB/hcadag09_098_86.xhtml,
Pag090087,IX,87,1871-XX,1871-06-XX,1871-06-16 1871-06-17,https://epub3.kb.dk/hcadag/epub3/EPUB/hcadag09_099_87.xhtml,
Pag090088,IX,88,1871-XX,1871-06-XX,1871-06-17,https://epub3.kb.dk/hcadag/epub3/EPUB/hcadag09_100_88.xhtml,
Pag090089,IX,89,1871-XX,1871-06-XX,1871-06-17 1871-06-18 1871-06-19 1871-06-20,https://epub3.kb.dk/hcadag/epub3/EPUB/hcadag09_101_89.xhtml,
Pag090090,IX,90,1871-XX,1871-06-XX,1871-06-20 1871-06-21 1871-06-22 1871-06-23,https://epub3.kb.dk/hcadag/epub3/EPUB/hcadag09_102_90.xhtml,
Pag090091,IX,91,1871-XX,1871-06-XX,1871-06-23 1871-06-24 1871-06-25 1871-06-26 1871-06-27,https://epub3.kb.dk/hcadag/epub3/EPUB/hcadag09_103_91.xhtml,
Pag090092,IX,92,1871-XX,1871-06-XX,1871-06-27 1871-06-28 1871-06-29 1871-06-30,https://epub3.kb.dk/hcadag/epub3/EPUB/hcadag09_104_92.xhtml,
Pag090093,IX,93,1871-XX,1871-06-XX 1871-07-XX,1871-06-30 1871-07-01 1871-07-02,https://epub3.kb.dk/hcadag/epub3/EPUB/hcadag09_105_93.xhtml,
Pag090094,IX,94,1871-XX,1871-07-XX,1871-07-02 1871-07-03 1871-07-04 1871-07-05,https://epub3.kb.dk/hcadag/epub3/EPUB/hcadag09_106_94.xhtml,
Pag090095,IX,95,1871-XX,1871-07-XX,1871-07-06 1871-07-07 1871-07-08 1871-07-09 1871-07-10 1871-07-11,https://epub3.kb.dk/hcadag/epub3/EPUB/hcadag09_107_95.xhtml,
Pag090096,IX,96,1871-XX,1871-07-XX,1871-07-12 1871-07-13,https://epub3.kb.dk/hcadag/epub3/EPUB/hcadag09_108_96.xhtml,
Pag090097,IX,97,1871-XX,1871-07-XX,1871-07-13 1871-07-14 1871-07-15 1871-07-16,https://epub3.kb.dk/hcadag/epub3/EPUB/hcadag09_109_97.xhtml,
Pag090098,IX,98,1871-XX,1871-07-XX,1871-07-16 1871-07-17 1871-07-18 1871-07-19,https://epub3.kb.dk/hcadag/epub3/EPUB/hcadag09_110_98.xhtml,
Pag090099,IX,99,1871-XX,1871-07-XX,1871-07-19 1871-07-20,https://epub3.kb.dk/hcadag/epub3/EPUB/hcadag09_111_99.xhtml,
Pag090100,IX,100,1871-XX,1871-07-XX,1871-07-21 1871-07-22 1871-07-23,https://epub3.kb.dk/hcadag/epub3/EPUB/hcadag09_112_100.xhtml,
Pag090101,IX,101,1871-XX,1871-07-XX,1871-07-23 1871-07-24,https://epub3.kb.dk/hcadag/epub3/EPUB/hcadag09_113_101.xhtml,
Pag090102,IX,102,1871-XX,1871-07-XX,1871-07-24 1871-07-25,https://epub3.kb.dk/hcadag/epub3/EPUB/hcadag09_114_102.xhtml,
Pag090103,IX,103,1871-XX,1871-07-XX,1871-07-25 1871-07-26,https://epub3.kb.dk/hcadag/epub3/EPUB/hcadag09_115_103.xhtml,
Pag090104,IX,104,1871-XX,1871-07-XX,1871-07-26 1871-07-27,https://epub3.kb.dk/hcadag/epub3/EPUB/hcadag09_116_104.xhtml,
Pag090105,IX,105,1871-XX,1871-07-XX,1871-07-27 1871-07-28,https://epub3.kb.dk/hcadag/epub3/EPUB/hcadag09_117_105.xhtml,
Pag090106,IX,106,1871-XX,1871-07-XX,1871-07-28 1871-07-29,https://epub3.kb.dk/hcadag/epub3/EPUB/hcadag09_118_106.xhtml,
Pag090107,IX,107,1871-XX,1871-07-XX,1871-07-29 1871-07-30,https://epub3.kb.dk/hcadag/epub3/EPUB/hcadag09_119_107.xhtml,
Pag090108,IX,108,1871-XX,1871-07-XX,1871-07-30 1871-07-31,https://epub3.kb.dk/hcadag/epub3/EPUB/hcadag09_120_108.xhtml,
Pag090109,IX,109,1871-XX,1871-07-XX 1871-08-XX,1871-07-31 1871-08-01,https://epub3.kb.dk/hcadag/epub3/EPUB/hcadag09_121_109.xhtml,
Pag090110,IX,110,1871-XX,1871-08-XX,1871-08-01 1871-08-02,https://epub3.kb.dk/hcadag/epub3/EPUB/hcadag09_122_110.xhtml,
Pag090111,IX,111,1871-XX,1871-08-XX,1871-08-02 1871-08-03,https://epub3.kb.dk/hcadag/epub3/EPUB/hcadag09_123_111.xhtml,
Pag090112,IX,112,1871-XX,1871-08-XX,1871-08-03 1871-08-04,https://epub3.kb.dk/hcadag/epub3/EPUB/hcadag09_124_112.xhtml,
Pag090113,IX,113,1871-XX,1871-08-XX,1871-08-04 1871-08-05,https://epub3.kb.dk/hcadag/epub3/EPUB/hcadag09_125_113.xhtml,
Pag090114,IX,114,1871-XX,1871-08-XX,1871-08-05,https://epub3.kb.dk/hcadag/epub3/EPUB/hcadag09_126_114.xhtml,
Pag090115,IX,115,1871-XX,1871-08-XX,1871-08-05 1871-08-06,https://epub3.kb.dk/hcadag/epub3/EPUB/hcadag09_127_115.xhtml,
Pag090116,IX,116,1871-XX,1871-08-XX,1871-08-06 1871-08-07,https://epub3.kb.dk/hcadag/epub3/EPUB/hcadag09_128_116.xhtml,
Pag090117,IX,117,1871-XX,1871-08-XX,1871-08-07 1871-08-08 1871-08-09,https://epub3.kb.dk/hcadag/epub3/EPUB/hcadag09_129_117.xhtml,
Pag090118,IX,118,1871-XX,1871-08-XX,1871-08-09,https://epub3.kb.dk/hcadag/epub3/EPUB/hcadag09_130_118.xhtml,
Pag090119,IX,119,1871-XX,1871-08-XX,1871-08-09 1871-08-10,https://epub3.kb.dk/hcadag/epub3/EPUB/hcadag09_131_119.xhtml,
Pag090120,IX,120,1871-XX,1871-08-XX,1871-08-10,https://epub3.kb.dk/hcadag/epub3/EPUB/hcadag09_132_120.xhtml,
Pag090121,IX,121,1871-XX,1871-08-XX,1871-08-10 1871-08-11 1871-08-12,https://epub3.kb.dk/hcadag/epub3/EPUB/hcadag09_133_121.xhtml,
Pag090122,IX,122,1871-XX,1871-08-XX,1871-08-12,https://epub3.kb.dk/hcadag/epub3/EPUB/hcadag09_134_122.xhtml,
Pag090123,IX,123,1871-XX,1871-08-XX,1871-08-12 1871-08-13 1871-08-14,https://epub3.kb.dk/hcadag/epub3/EPUB/hcadag09_135_123.xhtml,
Pag090124,IX,124,1871-XX,1871-08-XX,1871-08-14 1871-08-15 1871-08-16,https://epub3.kb.dk/hcadag/epub3/EPUB/hcadag09_136_124.xhtml,
Pag090125,IX,125,1871-XX,1871-08-XX,1871-08-16 1871-08-17,https://epub3.kb.dk/hcadag/epub3/EPUB/hcadag09_137_125.xhtml,
Pag090126,IX,126,1871-XX,1871-08-XX,1871-08-18,https://epub3.kb.dk/hcadag/epub3/EPUB/hcadag09_138_126.xhtml,
Pag090127,IX,127,1871-XX,1871-08-XX,1871-08-18 1871-08-19,https://epub3.kb.dk/hcadag/epub3/EPUB/hcadag09_139_127.xhtml,
Pag090128,IX,128,1871-XX,1871-08-XX,1871-08-19 1871-08-20 1871-08-21,https://epub3.kb.dk/hcadag/epub3/EPUB/hcadag09_140_128.xhtml,
Pag090129,IX,129,1871-XX,1871-08-XX,1871-08-21,https://epub3.kb.dk/hcadag/epub3/EPUB/hcadag09_141_129.xhtml,
Pag090130,IX,130,1871-XX,1871-08-XX,1871-08-21 1871-08-22,https://epub3.kb.dk/hcadag/epub3/EPUB/hcadag09_142_130.xhtml,
Pag090131,IX,131,1871-XX,1871-08-XX,1871-08-22 1871-08-23,https://epub3.kb.dk/hcadag/epub3/EPUB/hcadag09_143_131.xhtml,
Pag090132,IX,132,1871-XX,1871-08-XX,1871-08-23,https://epub3.kb.dk/hcadag/epub3/EPUB/hcadag09_144_132.xhtml,
Pag090133,IX,133,1871-XX,1871-08-XX,1871-08-23 1871-08-24 1871-08-25,https://epub3.kb.dk/hcadag/epub3/EPUB/hcadag09_145_133.xhtml,
Pag090134,IX,134,1871-XX,1871-08-XX,1871-08-25,https://epub3.kb.dk/hcadag/epub3/EPUB/hcadag09_146_134.xhtml,
Pag090135,IX,135,1871-XX,1871-08-XX,1871-08-26 1871-08-27,https://epub3.kb.dk/hcadag/epub3/EPUB/hcadag09_147_135.xhtml,
Pag090136,IX,136,1871-XX,1871-08-XX,1871-08-27 1871-08-28,https://epub3.kb.dk/hcadag/epub3/EPUB/hcadag09_148_136.xhtml,
Pag090137,IX,137,1871-XX,1871-08-XX,1871-08-28 1871-08-29 1871-08-30,https://epub3.kb.dk/hcadag/epub3/EPUB/hcadag09_149_137.xhtml,
Pag090138,IX,138,1871-XX,1871-08-XX,1871-08-30 1871-08-31,https://epub3.kb.dk/hcadag/epub3/EPUB/hcadag09_150_138.xhtml,
Pag090139,IX,139,1871-XX,1871-09-XX,1871-09-01 1871-09-02,https://epub3.kb.dk/hcadag/epub3/EPUB/hcadag09_151_139.xhtml,
Pag090140,IX,140,1871-XX,1871-09-XX,1871-09-03 1871-09-04 1871-09-05 1871-09-06 1871-09-07,https://epub3.kb.dk/hcadag/epub3/EPUB/hcadag09_152_140.xhtml,
Pag090141,IX,141,1871-XX,1871-09-XX,1871-09-07 1871-09-08 1871-09-09 1871-09-10,https://epub3.kb.dk/hcadag/epub3/EPUB/hcadag09_153_141.xhtml,
Pag090142,IX,142,1871-XX,1871-09-XX,1871-09-10 1871-09-11 1871-09-12,https://epub3.kb.dk/hcadag/epub3/EPUB/hcadag09_154_142.xhtml,
Pag090143,IX,143,1871-XX,1871-09-XX,1871-09-13 1871-09-14 1871-09-15,https://epub3.kb.dk/hcadag/epub3/EPUB/hcadag09_155_143.xhtml,
Pag090144,IX,144,1871-XX,1871-09-XX,1871-09-15 1871-09-16 1871-09-17 1871-09-18,https://epub3.kb.dk/hcadag/epub3/EPUB/hcadag09_156_144.xhtml,
Pag090145,IX,145,1871-XX,1871-09-XX,1871-09-18 1871-09-19 1871-09-20 1871-09-21,https://epub3.kb.dk/hcadag/epub3/EPUB/hcadag09_157_145.xhtml,
Pag090146,IX,146,1871-XX,1871-09-XX,1871-09-21 1871-09-22 1871-09-23 1871-09-24 1871-09-25,https://epub3.kb.dk/hcadag/epub3/EPUB/hcadag09_158_146.xhtml,
Pag090147,IX,147,1871-XX,1871-09-XX,1871-09-25 1871-09-26 1871-09-27 1871-09-28 1871-09-29,https://epub3.kb.dk/hcadag/epub3/EPUB/hcadag09_159_147.xhtml,
Pag090148,IX,148,1871-XX,1871-09-XX 1871-10-XX,1871-09-29 1871-09-30 1871-10-01,https://epub3.kb.dk/hcadag/epub3/EPUB/hcadag09_160_148.xhtml,
Pag090149,IX,149,1871-XX,1871-10-XX,1871-10-01 1871-10-02 1871-10-03 1871-10-04,https://epub3.kb.dk/hcadag/epub3/EPUB/hcadag09_161_149.xhtml,
Pag090150,IX,150,1871-XX,1871-10-XX,1871-10-04 1871-10-05 1871-10-06,https://epub3.kb.dk/hcadag/epub3/EPUB/hcadag09_162_150.xhtml,
Pag090151,IX,151,1871-XX,1871-10-XX,1871-10-06 1871-10-07,https://epub3.kb.dk/hcadag/epub3/EPUB/hcadag09_163_151.xhtml,
Pag090152,IX,152,1871-XX,1871-10-XX,1871-10-08 1871-10-09 1871-10-10,https://epub3.kb.dk/hcadag/epub3/EPUB/hcadag09_164_152.xhtml,
Pag090153,IX,153,1871-XX,1871-10-XX,1871-10-10 1871-10-11 1871-10-12 1871-10-13 1871-10-14,https://epub3.kb.dk/hcadag/epub3/EPUB/hcadag09_165_153.xhtml,
Pag090154,IX,154,1871-XX,1871-10-XX,1871-10-14 1871-10-15 1871-10-16 1871-10-17,https://epub3.kb.dk/hcadag/epub3/EPUB/hcadag09_166_154.xhtml,
Pag090155,IX,155,1871-XX,1871-10-XX,1871-10-17 1871-10-18 1871-10-19 1871-10-20,https://epub3.kb.dk/hcadag/epub3/EPUB/hcadag09_167_155.xhtml,
Pag090156,IX,156,1871-XX,1871-10-XX,1871-10-20 1871-10-21 1871-10-22 1871-10-23,https://epub3.kb.dk/hcadag/epub3/EPUB/hcadag09_168_156.xhtml,
Pag090157,IX,157,1871-XX,1871-10-XX,1871-10-23 1871-10-24 1871-10-25,https://epub3.kb.dk/hcadag/epub3/EPUB/hcadag09_169_157.xhtml,
Pag090158,IX,158,1871-XX,1871-10-XX,1871-10-25 1871-10-26 1871-10-27,https://epub3.kb.dk/hcadag/epub3/EPUB/hcadag09_170_158.xhtml,
Pag090159,IX,159,1871-XX,1871-10-XX,1871-10-27 1871-10-28 1871-10-29 1871-10-30 1871-10-31,https://epub3.kb.dk/hcadag/epub3/EPUB/hcadag09_171_159.xhtml,
Pag090160,IX,160,1871-XX,1871-10-XX 1871-11-XX,1871-10-31 1871-11-01 1871-11-02,https://epub3.kb.dk/hcadag/epub3/EPUB/hcadag09_172_160.xhtml,
Pag090161,IX,161,1871-XX,1871-11-XX,1871-11-02 1871-11-03 1871-11-04 1871-11-05,https://epub3.kb.dk/hcadag/epub3/EPUB/hcadag09_173_161.xhtml,
Pag090162,IX,162,1871-XX,1871-11-XX,1871-11-05 1871-11-06 1871-11-07,https://epub3.kb.dk/hcadag/epub3/EPUB/hcadag09_174_162.xhtml,
Pag090163,IX,163,1871-XX,1871-11-XX,1871-11-07 1871-11-08 1871-11-09 1871-11-10,https://epub3.kb.dk/hcadag/epub3/EPUB/hcadag09_175_163.xhtml,
Pag090164,IX,164,1871-XX,1871-11-XX,1871-11-10 1871-11-11 1871-11-12 1871-11-13,https://epub3.kb.dk/hcadag/epub3/EPUB/hcadag09_176_164.xhtml,
Pag090165,IX,165,1871-XX,1871-11-XX,1871-11-13 1871-11-14 1871-11-15,https://epub3.kb.dk/hcadag/epub3/EPUB/hcadag09_177_165.xhtml,
Pag090166,IX,166,1871-XX,1871-11-XX,1871-11-15 1871-11-16 1871-11-17 1871-11-18,https://epub3.kb.dk/hcadag/epub3/EPUB/hcadag09_178_166.xhtml,
Pag090167,IX,167,1871-XX,1871-11-XX,1871-11-18 1871-11-19 1871-11-20 1871-11-21,https://epub3.kb.dk/hcadag/epub3/EPUB/hcadag09_179_167.xhtml,
Pag090168,IX,168,1871-XX,1871-11-XX,1871-11-21 1871-11-22 1871-11-23,https://epub3.kb.dk/hcadag/epub3/EPUB/hcadag09_180_168.xhtml,
Pag090169,IX,169,1871-XX,1871-11-XX,1871-11-23 1871-11-24 1871-11-25 1871-11-26 1871-11-27 1871-11-28,https://epub3.kb.dk/hcadag/epub3/EPUB/hcadag09_181_169.xhtml,
Pag090170,IX,170,1871-XX,1871-11-XX,1871-11-28,https://epub3.kb.dk/hcadag/epub3/EPUB/hcadag09_182_170.xhtml,
Pag090171,IX,171,1871-XX,1871-11-XX,1871-11-29 1871-11-30,https://epub3.kb.dk/hcadag/epub3/EPUB/hcadag09_183_171.xhtml,
Pag090172,IX,172,1871-XX,1871-12-XX,1871-12-01 1871-12-02,https://epub3.kb.dk/hcadag/epub3/EPUB/hcadag09_184_172.xhtml,
Pag090173,IX,173,1871-XX,1871-12-XX,1871-12-02 1871-12-03 1871-12-04 1871-12-05,https://epub3.kb.dk/hcadag/epub3/EPUB/hcadag09_185_173.xhtml,
Pag090174,IX,174,1871-XX,1871-12-XX,1871-12-05,https://epub3.kb.dk/hcadag/epub3/EPUB/hcadag09_186_174.xhtml,
Pag090175,IX,175,1871-XX,1871-12-XX,1871-12-05 1871-12-06 1871-12-07 1871-12-08,https://epub3.kb.dk/hcadag/epub3/EPUB/hcadag09_187_175.xhtml,
Pag090176,IX,176,1871-XX,1871-12-XX,1871-12-08 1871-12-09 1871-12-10,https://epub3.kb.dk/hcadag/epub3/EPUB/hcadag09_188_176.xhtml,
Pag090177,IX,177,1871-XX,1871-12-XX,1871-12-10 1871-12-11 1871-12-12 1871-12-13,https://epub3.kb.dk/hcadag/epub3/EPUB/hcadag09_189_177.xhtml,
Pag090178,IX,178,1871-XX,1871-12-XX,1871-12-13 1871-12-14 1871-12-15 1871-12-16,https://epub3.kb.dk/hcadag/epub3/EPUB/hcadag09_190_178.xhtml,
Pag090179,IX,179,1871-XX,1871-12-XX,1871-12-16 1871-12-17 1871-12-18 1871-12-19,https://epub3.kb.dk/hcadag/epub3/EPUB/hcadag09_191_179.xhtml,
Pag090180,IX,180,1871-XX,1871-12-XX,1871-12-19 1871-12-20 1871-12-21,https://epub3.kb.dk/hcadag/epub3/EPUB/hcadag09_192_180.xhtml,
Pag090181,IX,181,1871-XX,1871-12-XX,1871-12-21 1871-12-22 1871-12-23,https://epub3.kb.dk/hcadag/epub3/EPUB/hcadag09_193_181.xhtml,
Pag090182,IX,182,1871-XX,1871-12-XX,1871-12-23 1871-12-24,https://epub3.kb.dk/hcadag/epub3/EPUB/hcadag09_194_182.xhtml,
Pag090183,IX,183,1871-XX,1871-12-XX,1871-12-24 1871-12-25 1871-12-26,https://epub3.kb.dk/hcadag/epub3/EPUB/hcadag09_195_183.xhtml,
Pag090184,IX,184,1871-XX,1871-12-XX,1871-12-26,https://epub3.kb.dk/hcadag/epub3/EPUB/hcadag09_196_184.xhtml,
Pag090185,IX,185,1871-XX,1871-12-XX,1871-12-26 1871-12-27,https://epub3.kb.dk/hcadag/epub3/EPUB/hcadag09_197_185.xhtml,
Pag090186,IX,186,1871-XX,1871-12-XX,1871-12-27 1871-12-28,https://epub3.kb.dk/hcadag/epub3/EPUB/hcadag09_198_186.xhtml,
Pag090187,IX,187,1871-XX,1871-12-XX,1871-12-28 1871-12-29,https://epub3.kb.dk/hcadag/epub3/EPUB/hcadag09_199_187.xhtml,
Pag090188,IX,188,1871-XX,1871-12-XX,1871-12-29 1871-12-30 1871-12-31,https://epub3.kb.dk/hcadag/epub3/EPUB/hcadag09_200_188.xhtml,
Pag090189,IX,189,1871-XX,1871-12-XX,1871-12-31,https://epub3.kb.dk/hcadag/epub3/EPUB/hcadag09_201_189.xhtml,
Pag090190,IX,190,1872-XX,1872-01-XX,1872-01-01,https://epub3.kb.dk/hcadag/epub3/EPUB/hcadag09_202_190.xhtml,
Pag090191,IX,191,1872-XX,1872-01-XX,1872-01-01 1872-01-02,https://epub3.kb.dk/hcadag/epub3/EPUB/hcadag09_203_191.xhtml,
Pag090192,IX,192,1872-XX,1872-01-XX,1872-01-02 1872-01-03,https://epub3.kb.dk/hcadag/epub3/EPUB/hcadag09_204_192.xhtml,
Pag090193,IX,193,1872-XX,1872-01-XX,1872-01-03 1872-01-04 1872-01-05,https://epub3.kb.dk/hcadag/epub3/EPUB/hcadag09_205_193.xhtml,
Pag090194,IX,194,1872-XX,1872-01-XX,1872-01-05 1872-01-06 1872-01-07,https://epub3.kb.dk/hcadag/epub3/EPUB/hcadag09_206_194.xhtml,
Pag090195,IX,195,1872-XX,1872-01-XX,1872-01-07 1872-01-08,https://epub3.kb.dk/hcadag/epub3/EPUB/hcadag09_207_195.xhtml,
Pag090196,IX,196,1872-XX,1872-01-XX,1872-01-09,https://epub3.kb.dk/hcadag/epub3/EPUB/hcadag09_208_196.xhtml,
Pag090197,IX,197,1872-XX,1872-01-XX,1872-01-09 1872-01-10 1872-01-11,https://epub3.kb.dk/hcadag/epub3/EPUB/hcadag09_209_197.xhtml,
Pag090198,IX,198,1872-XX,1872-01-XX,1872-01-11 1872-01-12,https://epub3.kb.dk/hcadag/epub3/EPUB/hcadag09_210_198.xhtml,
Pag090199,IX,199,1872-XX,1872-01-XX,1872-01-12 1872-01-13 1872-01-14,https://epub3.kb.dk/hcadag/epub3/EPUB/hcadag09_211_199.xhtml,
Pag090200,IX,200,1872-XX,1872-01-XX,1872-01-14,https://epub3.kb.dk/hcadag/epub3/EPUB/hcadag09_212_200.xhtml,
Pag090201,IX,201,1872-XX,1872-01-XX,1872-01-14 1872-01-15,https://epub3.kb.dk/hcadag/epub3/EPUB/hcadag09_213_201.xhtml,
Pag090202,IX,202,1872-XX,1872-01-XX,1872-01-15 1872-01-16 1872-01-17,https://epub3.kb.dk/hcadag/epub3/EPUB/hcadag09_214_202.xhtml,
Pag090203,IX,203,1872-XX,1872-01-XX,1872-01-17 1872-01-18 1872-01-19,https://epub3.kb.dk/hcadag/epub3/EPUB/hcadag09_215_203.xhtml,
Pag090204,IX,204,1872-XX,1872-01-XX,1872-01-19 1872-01-20,https://epub3.kb.dk/hcadag/epub3/EPUB/hcadag09_216_204.xhtml,
Pag090205,IX,205,1872-XX,1872-01-XX,1872-01-20 1872-01-21,https://epub3.kb.dk/hcadag/epub3/EPUB/hcadag09_217_205.xhtml,
Pag090206,IX,206,1872-XX,1872-01-XX,1872-01-21 1872-01-22,https://epub3.kb.dk/hcadag/epub3/EPUB/hcadag09_218_206.xhtml,
Pag090207,IX,207,1872-XX,1872-01-XX,1872-01-23 1872-01-24 1872-01-25,https://epub3.kb.dk/hcadag/epub3/EPUB/hcadag09_219_207.xhtml,
Pag090208,IX,208,1872-XX,1872-01-XX,1872-01-25 1872-01-26,https://epub3.kb.dk/hcadag/epub3/EPUB/hcadag09_220_208.xhtml,
Pag090209,IX,209,1872-XX,1872-01-XX,1872-01-26 1872-01-27 1872-01-28,https://epub3.kb.dk/hcadag/epub3/EPUB/hcadag09_221_209.xhtml,
Pag090210,IX,210,1872-XX,1872-01-XX,1872-01-28,https://epub3.kb.dk/hcadag/epub3/EPUB/hcadag09_222_210.xhtml,
Pag090211,IX,211,1872-XX,1872-01-XX,1872-01-28 1872-01-29 1872-01-30,https://epub3.kb.dk/hcadag/epub3/EPUB/hcadag09_223_211.xhtml,
Pag090212,IX,212,1872-XX,1872-01-XX,1872-01-30 1872-01-31,https://epub3.kb.dk/hcadag/epub3/EPUB/hcadag09_224_212.xhtml,
Pag090213,IX,213,1872-XX,1872-01-XX 1872-02-XX,1872-01-31 1872-02-01 1872-02-02,https://epub3.kb.dk/hcadag/epub3/EPUB/hcadag09_225_213.xhtml,
Pag090214,IX,214,1872-XX,1872-02-XX,1872-02-02 1872-02-03 1872-02-04,https://epub3.kb.dk/hcadag/epub3/EPUB/hcadag09_226_214.xhtml,
Pag090215,IX,215,1872-XX,1872-02-XX,1872-02-04 1872-02-05,https://epub3.kb.dk/hcadag/epub3/EPUB/hcadag09_227_215.xhtml,
Pag090216,IX,216,1872-XX,1872-02-XX,1872-02-05 1872-02-06 1872-02-07,https://epub3.kb.dk/hcadag/epub3/EPUB/hcadag09_228_216.xhtml,
Pag090217,IX,217,1872-XX,1872-02-XX,1872-02-07 1872-02-08 1872-02-09,https://epub3.kb.dk/hcadag/epub3/EPUB/hcadag09_229_217.xhtml,
Pag090218,IX,218,1872-XX,1872-02-XX,1872-02-10,https://epub3.kb.dk/hcadag/epub3/EPUB/hcadag09_230_218.xhtml,
Pag090219,IX,219,1872-XX,1872-02-XX,1872-02-10 1872-02-11 1872-02-12,https://epub3.kb.dk/hcadag/epub3/EPUB/hcadag09_231_219.xhtml,
Pag090220,IX,220,1872-XX,1872-02-XX,1872-02-12 1872-02-13 1872-02-14,https://epub3.kb.dk/hcadag/epub3/EPUB/hcadag09_232_220.xhtml,
Pag090221,IX,221,1872-XX,1872-02-XX,1872-02-14 1872-02-15,https://epub3.kb.dk/hcadag/epub3/EPUB/hcadag09_233_221.xhtml,
Pag090222,IX,222,1872-XX,1872-02-XX,1872-02-15 1872-02-16 1872-02-17 1872-02-18,https://epub3.kb.dk/hcadag/epub3/EPUB/hcadag09_234_222.xhtml,
Pag090223,IX,223,1872-XX,1872-02-XX,1872-02-18 1872-02-19 1872-02-20,https://epub3.kb.dk/hcadag/epub3/EPUB/hcadag09_235_223.xhtml,
Pag090224,IX,224,1872-XX,1872-02-XX,1872-02-21 1872-02-22,https://epub3.kb.dk/hcadag/epub3/EPUB/hcadag09_236_224.xhtml,
Pag090225,IX,225,1872-XX,1872-02-XX,1872-02-22 1872-02-23 1872-02-24,https://epub3.kb.dk/hcadag/epub3/EPUB/hcadag09_237_225.xhtml,
Pag090226,IX,226,1872-XX,1872-02-XX,1872-02-24 1872-02-25,https://epub3.kb.dk/hcadag/epub3/EPUB/hcadag09_238_226.xhtml,
Pag090227,IX,227,1872-XX,1872-02-XX,1872-02-25 1872-02-26 1872-02-27 1872-02-28,https://epub3.kb.dk/hcadag/epub3/EPUB/hcadag09_239_227.xhtml,
Pag090228,IX,228,1872-XX,1872-02-XX,1872-02-28 1872-02-29,https://epub3.kb.dk/hcadag/epub3/EPUB/hcadag09_240_228.xhtml,
Pag090229,IX,229,1872-XX,1872-02-XX,1872-02-29,https://epub3.kb.dk/hcadag/epub3/EPUB/hcadag09_241_229.xhtml,
Pag090230,IX,230,1872-XX,1872-02-XX 1872-03-XX,1872-02-29 1872-03-01 1872-03-02,https://epub3.kb.dk/hcadag/epub3/EPUB/hcadag09_242_230.xhtml,
Pag090231,IX,231,1872-XX,1872-03-XX,1872-03-02 1872-03-03 1872-03-04,https://epub3.kb.dk/hcadag/epub3/EPUB/hcadag09_243_231.xhtml,
Pag090232,IX,232,1872-XX,1872-03-XX,1872-03-05,https://epub3.kb.dk/hcadag/epub3/EPUB/hcadag09_244_232.xhtml,
Pag090233,IX,233,1872-XX,1872-03-XX,1872-03-06 1872-03-07 1872-03-08,https://epub3.kb.dk/hcadag/epub3/EPUB/hcadag09_245_233.xhtml,
Pag090234,IX,234,1872-XX,1872-03-XX,1872-03-08 1872-03-09,https://epub3.kb.dk/hcadag/epub3/EPUB/hcadag09_246_234.xhtml,
Pag090235,IX,235,1872-XX,1872-03-XX,1872-03-09 1872-03-10,https://epub3.kb.dk/hcadag/epub3/EPUB/hcadag09_247_235.xhtml,
Pag090236,IX,236,1872-XX,1872-03-XX,1872-03-10 1872-03-11,https://epub3.kb.dk/hcadag/epub3/EPUB/hcadag09_248_236.xhtml,
Pag090237,IX,237,1872-XX,1872-03-XX,1872-03-11 1872-03-12,https://epub3.kb.dk/hcadag/epub3/EPUB/hcadag09_249_237.xhtml,
Pag090238,IX,238,1872-XX,1872-03-XX,1872-03-12 1872-03-13 1872-03-14,https://epub3.kb.dk/hcadag/epub3/EPUB/hcadag09_250_238.xhtml,
Pag090239,IX,239,1872-XX,1872-03-XX,1872-03-14 1872-03-15,https://epub3.kb.dk/hcadag/epub3/EPUB/hcadag09_251_239.xhtml,
Pag090240,IX,240,1872-XX,1872-03-XX,1872-03-15 1872-03-16,https://epub3.kb.dk/hcadag/epub3/EPUB/hcadag09_252_240.xhtml,
Pag090241,IX,241,1872-XX,1872-03-XX,1872-03-16 1872-03-17,https://epub3.kb.dk/hcadag/epub3/EPUB/hcadag09_253_241.xhtml,
Pag090242,IX,242,1872-XX,1872-03-XX,1872-03-18 1872-03-19,https://epub3.kb.dk/hcadag/epub3/EPUB/hcadag09_254_242.xhtml,
Pag090243,IX,243,1872-XX,1872-03-XX,1872-03-19 1872-03-20,https://epub3.kb.dk/hcadag/epub3/EPUB/hcadag09_255_243.xhtml,
Pag090244,IX,244,1872-XX,1872-03-XX,1872-03-20 1872-03-21 1872-03-22,https://epub3.kb.dk/hcadag/epub3/EPUB/hcadag09_256_244.xhtml,
Pag090245,IX,245,1872-XX,1872-03-XX,1872-03-22 1872-03-23 1872-03-24 1872-03-25 1872-03-26,https://epub3.kb.dk/hcadag/epub3/EPUB/hcadag09_257_245.xhtml,
Pag090246,IX,246,1872-XX,1872-03-XX,1872-03-26 1872-03-27 1872-03-28,https://epub3.kb.dk/hcadag/epub3/EPUB/hcadag09_258_246.xhtml,
Pag090247,IX,247,1872-XX,1872-03-XX,1872-03-28 1872-03-29 1872-03-30 1872-03-31,https://epub3.kb.dk/hcadag/epub3/EPUB/hcadag09_259_247.xhtml,
Pag090248,IX,248,1872-XX,1872-03-XX 1872-04-XX,1872-03-31 1872-04-01 1872-04-02,https://epub3.kb.dk/hcadag/epub3/EPUB/hcadag09_260_248.xhtml,
Pag090249,IX,249,1872-XX,1872-04-XX,1872-04-02,https://epub3.kb.dk/hcadag/epub3/EPUB/hcadag09_261_249.xhtml,
Pag090250,IX,250,1872-XX,1872-04-XX,1872-04-02,https://epub3.kb.dk/hcadag/epub3/EPUB/hcadag09_262_250.xhtml,
Pag090251,IX,251,1872-XX,1872-04-XX,1872-04-02 1872-04-03 1872-04-04,https://epub3.kb.dk/hcadag/epub3/EPUB/hcadag09_263_251.xhtml,
Pag090252,IX,252,1872-XX,1872-04-XX,1872-04-04 1872-04-05 1872-04-06,https://epub3.kb.dk/hcadag/epub3/EPUB/hcadag09_264_252.xhtml,
Pag090253,IX,253,1872-XX,1872-04-XX,1872-04-06 1872-04-07,https://epub3.kb.dk/hcadag/epub3/EPUB/hcadag09_265_253.xhtml,
Pag090254,IX,254,1872-XX,1872-04-XX,1872-04-07 1872-04-08 1872-04-09,https://epub3.kb.dk/hcadag/epub3/EPUB/hcadag09_266_254.xhtml,
Pag090255,IX,255,1872-XX,1872-04-XX,1872-04-09 1872-04-10 1872-04-11,https://epub3.kb.dk/hcadag/epub3/EPUB/hcadag09_267_255.xhtml,
Pag090256,IX,256,1872-XX,1872-04-XX,1872-04-11 1872-04-12,https://epub3.kb.dk/hcadag/epub3/EPUB/hcadag09_268_256.xhtml,
Pag090257,IX,257,1872-XX,1872-04-XX,1872-04-12 1872-04-13 1872-04-14 1872-04-15,https://epub3.kb.dk/hcadag/epub3/EPUB/hcadag09_269_257.xhtml,
Pag090258,IX,258,1872-XX,1872-04-XX,1872-04-15 1872-04-16,https://epub3.kb.dk/hcadag/epub3/EPUB/hcadag09_270_258.xhtml,
Pag090259,IX,259,1872-XX,1872-04-XX,1872-04-16 1872-04-17 1872-04-18,https://epub3.kb.dk/hcadag/epub3/EPUB/hcadag09_271_259.xhtml,
Pag090260,IX,260,1872-XX,1872-04-XX,1872-04-18 1872-04-19,https://epub3.kb.dk/hcadag/epub3/EPUB/hcadag09_272_260.xhtml,
Pag090261,IX,261,1872-XX,1872-04-XX,1872-04-19 1872-04-20 1872-04-21,https://epub3.kb.dk/hcadag/epub3/EPUB/hcadag09_273_261.xhtml,
Pag090262,IX,262,1872-XX,1872-04-XX,1872-04-21 1872-04-22 1872-04-23,https://epub3.kb.dk/hcadag/epub3/EPUB/hcadag09_274_262.xhtml,
Pag090263,IX,263,1872-XX,1872-04-XX,1872-04-23 1872-04-24,https://epub3.kb.dk/hcadag/epub3/EPUB/hcadag09_275_263.xhtml,
Pag090264,IX,264,1872-XX,1872-04-XX,1872-04-24 1872-04-25 1872-04-26,https://epub3.kb.dk/hcadag/epub3/EPUB/hcadag09_276_264.xhtml,
Pag090265,IX,265,1872-XX,1872-04-XX,1872-04-26 1872-04-27 1872-04-28,https://epub3.kb.dk/hcadag/epub3/EPUB/hcadag09_277_265.xhtml,
Pag090266,IX,266,1872-XX,1872-04-XX,1872-04-28 1872-04-29 1872-04-30,https://epub3.kb.dk/hcadag/epub3/EPUB/hcadag09_278_266.xhtml,
Pag090267,IX,267,1872-XX,1872-04-XX 1872-05-XX,1872-04-30 1872-05-01,https://epub3.kb.dk/hcadag/epub3/EPUB/hcadag09_279_267.xhtml,
Pag090268,IX,268,1872-XX,1872-05-XX,1872-05-01 1872-05-02,https://epub3.kb.dk/hcadag/epub3/EPUB/hcadag09_280_268.xhtml,
Pag090269,IX,269,1872-XX,1872-05-XX,1872-05-03 1872-05-04,https://epub3.kb.dk/hcadag/epub3/EPUB/hcadag09_281_269.xhtml,
Pag090270,IX,270,1872-XX,1872-05-XX,1872-05-04 1872-05-05 1872-05-06,https://epub3.kb.dk/hcadag/epub3/EPUB/hcadag09_282_270.xhtml,
Pag090271,IX,271,1872-XX,1872-05-XX,1872-05-06 1872-05-07,https://epub3.kb.dk/hcadag/epub3/EPUB/hcadag09_283_271.xhtml,
Pag090272,IX,272,1872-XX,1872-05-XX,1872-05-07 1872-05-08 1872-05-09,https://epub3.kb.dk/hcadag/epub3/EPUB/hcadag09_284_272.xhtml,
Pag090273,IX,273,1872-XX,1872-05-XX,1872-05-09 1872-05-10,https://epub3.kb.dk/hcadag/epub3/EPUB/hcadag09_285_273.xhtml,
Pag090274,IX,274,1872-XX,1872-05-XX,1872-05-10 1872-05-11,https://epub3.kb.dk/hcadag/epub3/EPUB/hcadag09_286_274.xhtml,
Pag090275,IX,275,1872-XX,1872-05-XX,1872-05-11 1872-05-12 1872-05-13,https://epub3.kb.dk/hcadag/epub3/EPUB/hcadag09_287_275.xhtml,
Pag090276,IX,276,1872-XX,1872-05-XX,1872-05-13 1872-05-14,https://epub3.kb.dk/hcadag/epub3/EPUB/hcadag09_288_276.xhtml,
Pag090277,IX,277,1872-XX,1872-05-XX,1872-05-14 1872-05-15 1872-05-16,https://epub3.kb.dk/hcadag/epub3/EPUB/hcadag09_289_277.xhtml,
Pag090278,IX,278,1872-XX,1872-05-XX,1872-05-16 1872-05-17,https://epub3.kb.dk/hcadag/epub3/EPUB/hcadag09_290_278.xhtml,
Pag090279,IX,279,1872-XX,1872-05-XX,1872-05-17 1872-05-18,https://epub3.kb.dk/hcadag/epub3/EPUB/hcadag09_291_279.xhtml,
Pag090280,IX,280,1872-XX,1872-05-XX,1872-05-18 1872-05-19,https://epub3.kb.dk/hcadag/epub3/EPUB/hcadag09_292_280.xhtml,
Pag090281,IX,281,1872-XX,1872-05-XX,1872-05-19 1872-05-20 1872-05-21,https://epub3.kb.dk/hcadag/epub3/EPUB/hcadag09_293_281.xhtml,
Pag090282,IX,282,1872-XX,1872-05-XX,1872-05-21,https://epub3.kb.dk/hcadag/epub3/EPUB/hcadag09_294_282.xhtml,
Pag090283,IX,283,1872-XX,1872-05-XX,1872-05-21 1872-05-22 1872-05-23,https://epub3.kb.dk/hcadag/epub3/EPUB/hcadag09_295_283.xhtml,
Pag090284,IX,284,1872-XX,1872-05-XX,1872-05-23 1872-05-24 1872-05-25 1872-05-26,https://epub3.kb.dk/hcadag/epub3/EPUB/hcadag09_296_284.xhtml,
Pag090285,IX,285,1872-XX,1872-05-XX,1872-05-26 1872-05-27,https://epub3.kb.dk/hcadag/epub3/EPUB/hcadag09_297_285.xhtml,
Pag090286,IX,286,1872-XX,1872-05-XX,1872-05-27 1872-05-28 1872-05-29,https://epub3.kb.dk/hcadag/epub3/EPUB/hcadag09_298_286.xhtml,
Pag090287,IX,287,1872-XX,1872-05-XX,1872-05-29 1872-05-30,https://epub3.kb.dk/hcadag/epub3/EPUB/hcadag09_299_287.xhtml,
Pag090288,IX,288,1872-XX,1872-05-XX,1872-05-30 1872-05-31,https://epub3.kb.dk/hcadag/epub3/EPUB/hcadag09_300_288.xhtml,
Pag090289,IX,289,1872-XX,1872-05-XX 1872-06-XX,1872-05-31 1872-06-01,https://epub3.kb.dk/hcadag/epub3/EPUB/hcadag09_301_289.xhtml,
Pag090290,IX,290,1872-XX,1872-06-XX,1872-06-02,https://epub3.kb.dk/hcadag/epub3/EPUB/hcadag09_302_290.xhtml,
Pag090291,IX,291,1872-XX,1872-06-XX,1872-06-03 1872-06-04,https://epub3.kb.dk/hcadag/epub3/EPUB/hcadag09_303_291.xhtml,
Pag090292,IX,292,1872-XX,1872-06-XX,1872-06-04 1872-06-05 1872-06-06,https://epub3.kb.dk/hcadag/epub3/EPUB/hcadag09_304_292.xhtml,
Pag090293,IX,293,1872-XX,1872-06-XX,1872-06-06,https://epub3.kb.dk/hcadag/epub3/EPUB/hcadag09_305_293.xhtml,
Pag090294,IX,294,1872-XX,1872-06-XX,1872-06-07 1872-06-08 1872-06-09,https://epub3.kb.dk/hcadag/epub3/EPUB/hcadag09_306_294.xhtml,
Pag090295,IX,295,1872-XX,1872-06-XX,1872-06-09 1872-06-10 1872-06-11,https://epub3.kb.dk/hcadag/epub3/EPUB/hcadag09_307_295.xhtml,
Pag090296,IX,296,1872-XX,1872-06-XX,1872-06-11 1872-06-12 1872-06-13,https://epub3.kb.dk/hcadag/epub3/EPUB/hcadag09_308_296.xhtml,
Pag090297,IX,297,1872-XX,1872-06-XX,1872-06-13 1872-06-14 1872-06-15,https://epub3.kb.dk/hcadag/epub3/EPUB/hcadag09_309_297.xhtml,
Pag090298,IX,298,1872-XX,1872-06-XX,1872-06-15 1872-06-16 1872-06-17,https://epub3.kb.dk/hcadag/epub3/EPUB/hcadag09_310_298.xhtml,
Pag090299,IX,299,1872-XX,1872-06-XX,1872-06-17 1872-06-18 1872-06-19,https://epub3.kb.dk/hcadag/epub3/EPUB/hcadag09_311_299.xhtml,
Pag090300,IX,300,1872-XX,1872-06-XX,1872-06-19 1872-06-20 1872-06-21 1872-06-22,https://epub3.kb.dk/hcadag/epub3/EPUB/hcadag09_312_300.xhtml,
Pag090301,IX,301,1872-XX,1872-06-XX,1872-06-22 1872-06-23 1872-06-24 1872-06-25 1872-06-26 1872-06-27,https://epub3.kb.dk/hcadag/epub3/EPUB/hcadag09_313_301.xhtml,
Pag090302,IX,302,1872-XX,1872-06-XX,1872-06-27 1872-06-28 1872-06-29,https://epub3.kb.dk/hcadag/epub3/EPUB/hcadag09_314_302.xhtml,
Pag090303,IX,303,1872-XX,1872-06-XX 1872-07-XX,1872-06-29 1872-06-30 1872-07-01 1872-07-02,https://epub3.kb.dk/hcadag/epub3/EPUB/hcadag09_315_303.xhtml,
Pag090304,IX,304,1872-XX,1872-07-XX,1872-07-02 1872-07-03 1872-07-04 1872-07-05 1872-07-06,https://epub3.kb.dk/hcadag/epub3/EPUB/hcadag09_316_304.xhtml,
Pag090305,IX,305,1872-XX,1872-07-XX,1872-07-07 1872-07-08,https://epub3.kb.dk/hcadag/epub3/EPUB/hcadag09_317_305.xhtml,
Pag090306,IX,306,1872-XX,1872-07-XX,1872-07-08 1872-07-09 1872-07-10 1872-07-11,https://epub3.kb.dk/hcadag/epub3/EPUB/hcadag09_318_306.xhtml,
Pag090307,IX,307,1872-XX,1872-07-XX,1872-07-11 1872-07-12 1872-07-13 1872-07-14 1872-07-15,https://epub3.kb.dk/hcadag/epub3/EPUB/hcadag09_319_307.xhtml,
Pag090308,IX,308,1872-XX,1872-07-XX,1872-07-15 1872-07-16 1872-07-17 1872-07-18,https://epub3.kb.dk/hcadag/epub3/EPUB/hcadag09_320_308.xhtml,
Pag090309,IX,309,1872-XX,1872-07-XX,1872-07-18 1872-07-19 1872-07-20 1872-07-21,https://epub3.kb.dk/hcadag/epub3/EPUB/hcadag09_321_309.xhtml,
Pag090310,IX,310,1872-XX,1872-07-XX,1872-07-21 1872-07-22 1872-07-23 1872-07-24,https://epub3.kb.dk/hcadag/epub3/EPUB/hcadag09_322_310.xhtml,
Pag090311,IX,311,1872-XX,1872-07-XX,1872-07-24 1872-07-25 1872-07-26,https://epub3.kb.dk/hcadag/epub3/EPUB/hcadag09_323_311.xhtml,
Pag090312,IX,312,1872-XX,1872-07-XX,1872-07-26 1872-07-27 1872-07-28 1872-07-29,https://epub3.kb.dk/hcadag/epub3/EPUB/hcadag09_324_312.xhtml,
Pag090313,IX,313,1872-XX,1872-07-XX 1872-08-XX,1872-07-29 1872-07-30 1872-07-31 1872-08-01,https://epub3.kb.dk/hcadag/epub3/EPUB/hcadag09_325_313.xhtml,
Pag090314,IX,314,1872-XX,1872-08-XX,1872-08-01 1872-08-02,https://epub3.kb.dk/hcadag/epub3/EPUB/hcadag09_326_314.xhtml,
Pag090315,IX,315,1872-XX,1872-08-XX,1872-08-02 1872-08-03 1872-08-04,https://epub3.kb.dk/hcadag/epub3/EPUB/hcadag09_327_315.xhtml,
Pag090316,IX,316,1872-XX,1872-08-XX,1872-08-05 1872-08-06 1872-08-07 1872-08-08,https://epub3.kb.dk/hcadag/epub3/EPUB/hcadag09_328_316.xhtml,
Pag090317,IX,317,1872-XX,1872-08-XX,1872-08-08 1872-08-09 1872-08-10,https://epub3.kb.dk/hcadag/epub3/EPUB/hcadag09_329_317.xhtml,
Pag090318,IX,318,1872-XX,1872-08-XX,1872-08-10 1872-08-11 1872-08-12 1872-08-13 1872-08-14,https://epub3.kb.dk/hcadag/epub3/EPUB/hcadag09_330_318.xhtml,
Pag090319,IX,319,1872-XX,1872-08-XX,1872-08-14 1872-08-15,https://epub3.kb.dk/hcadag/epub3/EPUB/hcadag09_331_319.xhtml,
Pag090320,IX,320,1872-XX,1872-08-XX,1872-08-15 1872-08-16 1872-08-17 1872-08-18 1872-08-19,https://epub3.kb.dk/hcadag/epub3/EPUB/hcadag09_332_320.xhtml,
Pag090321,IX,321,1872-XX,1872-08-XX,1872-08-19 1872-08-20 1872-08-21 1872-08-22,https://epub3.kb.dk/hcadag/epub3/EPUB/hcadag09_333_321.xhtml,
Pag090322,IX,322,1872-XX,1872-08-XX,1872-08-23 1872-08-24 1872-08-25 1872-08-26,https://epub3.kb.dk/hcadag/epub3/EPUB/hcadag09_334_322.xhtml,
Pag090323,IX,323,1872-XX,1872-08-XX,1872-08-26 1872-08-27 1872-08-28 1872-08-29 1872-08-30,https://epub3.kb.dk/hcadag/epub3/EPUB/hcadag09_335_323.xhtml,
Pag090324,IX,324,1872-XX,1872-08-XX 1872-09-XX,1872-08-30 1872-08-31 1872-09-01,https://epub3.kb.dk/hcadag/epub3/EPUB/hcadag09_336_324.xhtml,
Pag090325,IX,325,1872-XX,1872-09-XX,1872-09-01 1872-09-02 1872-09-03,https://epub3.kb.dk/hcadag/epub3/EPUB/hcadag09_337_325.xhtml,
Pag090326,IX,326,1872-XX,1872-09-XX,1872-09-03 1872-09-04 1872-09-05,https://epub3.kb.dk/hcadag/epub3/EPUB/hcadag09_338_326.xhtml,
Pag090327,IX,327,1872-XX,1872-09-XX,1872-09-05 1872-09-06 1872-09-07,https://epub3.kb.dk/hcadag/epub3/EPUB/hcadag09_339_327.xhtml,
Pag090328,IX,328,1872-XX,1872-09-XX,1872-09-07 1872-09-08 1872-09-09 1872-09-10,https://epub3.kb.dk/hcadag/epub3/EPUB/hcadag09_340_328.xhtml,
Pag090329,IX,329,1872-XX,1872-09-XX,1872-09-10 1872-09-11,https://epub3.kb.dk/hcadag/epub3/EPUB/hcadag09_341_329.xhtml,
Pag090330,IX,330,1872-XX,1872-09-XX,1872-09-12 1872-09-13,https://epub3.kb.dk/hcadag/epub3/EPUB/hcadag09_342_330.xhtml,
Pag090331,IX,331,1872-XX,1872-09-XX,1872-09-13 1872-09-14 1872-09-15 1872-09-16,https://epub3.kb.dk/hcadag/epub3/EPUB/hcadag09_343_331.xhtml,
Pag090332,IX,332,1872-XX,1872-09-XX,1872-09-16 1872-09-17 1872-09-18,https://epub3.kb.dk/hcadag/epub3/EPUB/hcadag09_344_332.xhtml,
Pag090333,IX,333,1872-XX,1872-09-XX,1872-09-18 1872-09-19 1872-09-20,https://epub3.kb.dk/hcadag/epub3/EPUB/hcadag09_345_333.xhtml,
Pag090334,IX,334,1872-XX,1872-09-XX,1872-09-20 1872-09-21 1872-09-22 1872-09-23,https://epub3.kb.dk/hcadag/epub3/EPUB/hcadag09_346_334.xhtml,
Pag090335,IX,335,1872-XX,1872-09-XX,1872-09-23 1872-09-24 1872-09-25 1872-09-26,https://epub3.kb.dk/hcadag/epub3/EPUB/hcadag09_347_335.xhtml,
Pag090336,IX,336,1872-XX,1872-09-XX,1872-09-26 1872-09-27,https://epub3.kb.dk/hcadag/epub3/EPUB/hcadag09_348_336.xhtml,
Pag090337,IX,337,1872-XX,1872-09-XX 1872-10-XX,1872-09-28 1872-09-29 1872-09-30 1872-10-01 1872-10-02,https://epub3.kb.dk/hcadag/epub3/EPUB/hcadag09_349_337.xhtml,
Pag090338,IX,338,1872-XX,1872-10-XX,1872-10-02 1872-10-03 1872-10-04 1872-10-05,https://epub3.kb.dk/hcadag/epub3/EPUB/hcadag09_350_338.xhtml,
Pag090339,IX,339,1872-XX,1872-10-XX,1872-10-05 1872-10-06 1872-10-07 1872-10-08 1872-10-09,https://epub3.kb.dk/hcadag/epub3/EPUB/hcadag09_351_339.xhtml,
Pag090340,IX,340,1872-XX,1872-10-XX,1872-10-09 1872-10-10 1872-10-11 1872-10-12,https://epub3.kb.dk/hcadag/epub3/EPUB/hcadag09_352_340.xhtml,
Pag090341,IX,341,1872-XX,1872-10-XX,1872-10-12 1872-10-13 1872-10-14 1872-10-15,https://epub3.kb.dk/hcadag/epub3/EPUB/hcadag09_353_341.xhtml,
Pag090342,IX,342,1872-XX,1872-10-XX,1872-10-16 1872-10-17 1872-10-18,https://epub3.kb.dk/hcadag/epub3/EPUB/hcadag09_354_342.xhtml,
Pag090343,IX,343,1872-XX,1872-10-XX,1872-10-18 1872-10-19,https://epub3.kb.dk/hcadag/epub3/EPUB/hcadag09_355_343.xhtml,
Pag090344,IX,344,1872-XX,1872-10-XX,1872-10-19 1872-10-20,https://epub3.kb.dk/hcadag/epub3/EPUB/hcadag09_356_344.xhtml,
Pag090345,IX,345,1872-XX,1872-10-XX,1872-10-20 1872-10-21 1872-10-22,https://epub3.kb.dk/hcadag/epub3/EPUB/hcadag09_357_345.xhtml,
Pag090346,IX,346,1872-XX,1872-10-XX,1872-10-22 1872-10-23 1872-10-24 1872-10-25 1872-10-26 1872-10-27,https://epub3.kb.dk/hcadag/epub3/EPUB/hcadag09_358_346.xhtml,
Pag090347,IX,347,1872-XX,1872-10-XX,1872-10-27 1872-10-28 1872-10-29 1872-10-30,https://epub3.kb.dk/hcadag/epub3/EPUB/hcadag09_359_347.xhtml,
Pag090348,IX,348,1872-XX,1872-10-XX 1872-11-XX,1872-10-30 1872-10-31 1872-11-01 1872-11-02,https://epub3.kb.dk/hcadag/epub3/EPUB/hcadag09_360_348.xhtml,
Pag090349,IX,349,1872-XX,1872-11-XX,1872-11-02 1872-11-03 1872-11-04 1872-11-05,https://epub3.kb.dk/hcadag/epub3/EPUB/hcadag09_361_349.xhtml,
Pag090350,IX,350,1872-XX,1872-11-XX,1872-11-05 1872-11-06 1872-11-07 1872-11-08,https://epub3.kb.dk/hcadag/epub3/EPUB/hcadag09_362_350.xhtml,
Pag090351,IX,351,1872-XX,1872-11-XX,1872-11-08 1872-11-09 1872-11-10 1872-11-11,https://epub3.kb.dk/hcadag/epub3/EPUB/hcadag09_363_351.xhtml,
Pag090352,IX,352,1872-XX,1872-11-XX,1872-11-11 1872-11-12 1872-11-13,https://epub3.kb.dk/hcadag/epub3/EPUB/hcadag09_364_352.xhtml,
Pag090353,IX,353,1872-XX,1872-11-XX,1872-11-13 1872-11-14 1872-11-15,https://epub3.kb.dk/hcadag/epub3/EPUB/hcadag09_365_353.xhtml,
Pag090354,IX,354,1872-XX,1872-11-XX,1872-11-15 1872-11-17,https://epub3.kb.dk/hcadag/epub3/EPUB/hcadag09_366_354.xhtml,
Pag090355,IX,355,1872-XX,1872-11-XX,1872-11-17 1872-11-18 1872-11-19,https://epub3.kb.dk/hcadag/epub3/EPUB/hcadag09_367_355.xhtml,
Pag090356,IX,356,1872-XX,1872-11-XX,1872-11-19 1872-11-20 1872-11-21,https://epub3.kb.dk/hcadag/epub3/EPUB/hcadag09_368_356.xhtml,
Pag090357,IX,357,1872-XX,1872-11-XX,1872-11-22 1872-11-23 1872-11-24,https://epub3.kb.dk/hcadag/epub3/EPUB/hcadag09_369_357.xhtml,
Pag090358,IX,358,1872-XX,1872-11-XX,1872-11-24 1872-11-25 1872-11-26,https://epub3.kb.dk/hcadag/epub3/EPUB/hcadag09_370_358.xhtml,
Pag090359,IX,359,1872-XX,1872-11-XX,1872-11-26,https://epub3.kb.dk/hcadag/epub3/EPUB/hcadag09_371_359.xhtml,
Pag090360,IX,360,1872-XX,1872-11-XX,1872-11-26 1872-11-27,https://epub3.kb.dk/hcadag/epub3/EPUB/hcadag09_372_360.xhtml,
Pag090361,IX,361,1872-XX,1872-11-XX,1872-11-27 1872-11-28,https://epub3.kb.dk/hcadag/epub3/EPUB/hcadag09_373_361.xhtml,
Pag090362,IX,362,1872-XX,1872-11-XX,1872-11-28 1872-11-29,https://epub3.kb.dk/hcadag/epub3/EPUB/hcadag09_374_362.xhtml,
Pag090363,IX,363,1872-XX,1872-11-XX 1872-12-XX,1872-11-29 1872-11-30 1872-12-01,https://epub3.kb.dk/hcadag/epub3/EPUB/hcadag09_375_363.xhtml,
Pag090364,IX,364,1872-XX,1872-12-XX,1872-12-01,https://epub3.kb.dk/hcadag/epub3/EPUB/hcadag09_376_364.xhtml,
Pag090365,IX,365,1872-XX,1872-12-XX,1872-12-01 1872-12-02,https://epub3.kb.dk/hcadag/epub3/EPUB/hcadag09_377_365.xhtml,
Pag090366,IX,366,1872-XX,1872-12-XX,1872-12-02 1872-12-03,https://epub3.kb.dk/hcadag/epub3/EPUB/hcadag09_378_366.xhtml,
Pag090367,IX,367,1872-XX,1872-12-XX,1872-12-03 1872-12-04,https://epub3.kb.dk/hcadag/epub3/EPUB/hcadag09_379_367.xhtml,
Pag090368,IX,368,1872-XX,1872-12-XX,1872-12-04 1872-12-05 1872-12-06,https://epub3.kb.dk/hcadag/epub3/EPUB/hcadag09_380_368.xhtml,
Pag090369,IX,369,1872-XX,1872-12-XX,1872-12-06 1872-12-07,https://epub3.kb.dk/hcadag/epub3/EPUB/hcadag09_381_369.xhtml,
Pag090370,IX,370,1872-XX,1872-12-XX,1872-12-07 1872-12-08,https://epub3.kb.dk/hcadag/epub3/EPUB/hcadag09_382_370.xhtml,
Pag090371,IX,371,1872-XX,1872-12-XX,1872-12-08 1872-12-09,https://epub3.kb.dk/hcadag/epub3/EPUB/hcadag09_383_371.xhtml,
Pag090372,IX,372,1872-XX,1872-12-XX,1872-12-09 1872-12-10,https://epub3.kb.dk/hcadag/epub3/EPUB/hcadag09_384_372.xhtml,
Pag090373,IX,373,1872-XX,1872-12-XX,1872-12-10 1872-12-11,https://epub3.kb.dk/hcadag/epub3/EPUB/hcadag09_385_373.xhtml,
Pag090374,IX,374,1872-XX,1872-12-XX,1872-12-11 1872-12-12,https://epub3.kb.dk/hcadag/epub3/EPUB/hcadag09_386_374.xhtml,
Pag090375,IX,375,1872-XX,1872-12-XX,1872-12-12,https://epub3.kb.dk/hcadag/epub3/EPUB/hcadag09_387_375.xhtml,
Pag090376,IX,376,1872-XX,1872-12-XX,1872-12-13 1872-12-14,https://epub3.kb.dk/hcadag/epub3/EPUB/hcadag09_388_376.xhtml,
Pag090377,IX,377,1872-XX,1872-12-XX,1872-12-14 1872-12-15,https://epub3.kb.dk/hcadag/epub3/EPUB/hcadag09_389_377.xhtml,
Pag090378,IX,378,1872-XX,1872-12-XX,1872-12-15 1872-12-16,https://epub3.kb.dk/hcadag/epub3/EPUB/hcadag09_390_378.xhtml,
Pag090379,IX,379,1872-XX,1872-12-XX,1872-12-16 1872-12-17 1872-12-18,https://epub3.kb.dk/hcadag/epub3/EPUB/hcadag09_391_379.xhtml,
Pag090380,IX,380,1872-XX,1872-12-XX,1872-12-18 1872-12-19 1872-12-20,https://epub3.kb.dk/hcadag/epub3/EPUB/hcadag09_392_380.xhtml,
Pag090381,IX,381,1872-XX,1872-12-XX,1872-12-20 1872-12-21 1872-12-22,https://epub3.kb.dk/hcadag/epub3/EPUB/hcadag09_393_381.xhtml,
Pag090382,IX,382,1872-XX,1872-12-XX,1872-12-22 1872-12-23 1872-12-24,https://epub3.kb.dk/hcadag/epub3/EPUB/hcadag09_394_382.xhtml,
Pag090383,IX,383,1872-XX,1872-12-XX,1872-12-24,https://epub3.kb.dk/hcadag/epub3/EPUB/hcadag09_395_383.xhtml,
Pag090384,IX,384,1872-XX,1872-12-XX,1872-12-24 1872-12-25 1872-12-26,https://epub3.kb.dk/hcadag/epub3/EPUB/hcadag09_396_384.xhtml,
Pag090385,IX,385,1872-XX,1872-12-XX,1872-12-26 1872-12-27,https://epub3.kb.dk/hcadag/epub3/EPUB/hcadag09_397_385.xhtml,
Pag090386,IX,386,1872-XX,1872-12-XX,1872-12-28,https://epub3.kb.dk/hcadag/epub3/EPUB/hcadag09_398_386.xhtml,
Pag090387,IX,387,1872-XX,1872-12-XX,1872-12-29 1872-12-30 1872-12-31,https://epub3.kb.dk/hcadag/epub3/EPUB/hcadag09_399_387.xhtml,
Pag090388,IX,388,1872-XX,1872-12-XX,1872-12-31,https://epub3.kb.dk/hcadag/epub3/EPUB/hcadag09_400_388.xhtml,
Pag090389,IX,389,1871-XX,1871-08-XX,1871-08-18,https://epub3.kb.dk/hcadag/epub3/EPUB/hcadag09_401_389.xhtml,
Pag090390,IX,390,1871-XX,1871-08-XX,1871-08-18,https://epub3.kb.dk/hcadag/epub3/EPUB/hcadag09_402_390.xhtml,
Pag090391,IX,391,1871-XX,1871-08-XX,1871-08-18,https://epub3.kb.dk/hcadag/epub3/EPUB/hcadag09_403_391.xhtml,
Pag090392,IX,392,1871-XX,1871-08-XX,1871-08-18,https://epub3.kb.dk/hcadag/epub3/EPUB/hcadag09_404_392.xhtml,
Pag090393,IX,393,1871-XX,1871-08-XX,1871-08-18,https://epub3.kb.dk/hcadag/epub3/EPUB/hcadag09_405_393.xhtml,
Pag090394,IX,394,1871-XX,1871-08-XX,1871-08-18,https://epub3.kb.dk/hcadag/epub3/EPUB/hcadag09_406_394.xhtml,
Pag090395,IX,395,1871-XX,1871-08-XX,1871-08-18,https://epub3.kb.dk/hcadag/epub3/EPUB/hcadag09_407_395.xhtml,
Pag090396,IX,396,1871-XX,1871-08-XX,1871-08-18,https://epub3.kb.dk/hcadag/epub3/EPUB/hcadag09_408_396.xhtml,
Pag090397,IX,397,1871-XX,1871-08-XX,1871-08-18,https://epub3.kb.dk/hcadag/epub3/EPUB/hcadag09_409_397.xhtml,
Pag100001,X,1,1873-XX,1873-01-XX,1873-01-01,https://epub3.kb.dk/hcadag/epub3/EPUB/hcadag10_016_1.xhtml,
Pag100002,X,2,1873-XX,1873-01-XX,1873-01-01 1873-01-02 1873-01-03 1873-01-04,https://epub3.kb.dk/hcadag/epub3/EPUB/hcadag10_017_2.xhtml,
Pag100003,X,3,1873-XX,1873-01-XX,1873-01-04 1873-01-05 1873-01-06,https://epub3.kb.dk/hcadag/epub3/EPUB/hcadag10_018_3.xhtml,
Pag100004,X,4,1873-XX,1873-01-XX,1873-01-06 1873-01-07,https://epub3.kb.dk/hcadag/epub3/EPUB/hcadag10_019_4.xhtml,
Pag100005,X,5,1873-XX,1873-01-XX,1873-01-07 1873-01-08 1873-01-09,https://epub3.kb.dk/hcadag/epub3/EPUB/hcadag10_020_5.xhtml,
Pag100006,X,6,1873-XX,1873-01-XX,1873-01-09 1873-01-10,https://epub3.kb.dk/hcadag/epub3/EPUB/hcadag10_021_6.xhtml,
Pag100007,X,7,1873-XX,1873-01-XX,1873-01-10 1873-01-11 1873-01-12,https://epub3.kb.dk/hcadag/epub3/EPUB/hcadag10_022_7.xhtml,
Pag100008,X,8,1873-XX,1873-01-XX,1873-01-12 1873-01-13 1873-01-14,https://epub3.kb.dk/hcadag/epub3/EPUB/hcadag10_023_8.xhtml,
Pag100009,X,9,1873-XX,1873-01-XX,1873-01-14 1873-01-15 1873-01-16,https://epub3.kb.dk/hcadag/epub3/EPUB/hcadag10_024_9.xhtml,
Pag100010,X,10,1873-XX,1873-01-XX,1873-01-16 1873-01-17,https://epub3.kb.dk/hcadag/epub3/EPUB/hcadag10_025_10.xhtml,
Pag100011,X,11,1873-XX,1873-01-XX,1873-01-17 1873-01-18 1873-01-19,https://epub3.kb.dk/hcadag/epub3/EPUB/hcadag10_026_11.xhtml,
Pag100012,X,12,1873-XX,1873-01-XX,1873-01-19 1873-01-20,https://epub3.kb.dk/hcadag/epub3/EPUB/hcadag10_027_12.xhtml,
Pag100013,X,13,1873-XX,1873-01-XX,1873-01-20 1873-01-21,https://epub3.kb.dk/hcadag/epub3/EPUB/hcadag10_028_13.xhtml,
Pag100014,X,14,1873-XX,1873-01-XX,1873-01-22 1873-01-23,https://epub3.kb.dk/hcadag/epub3/EPUB/hcadag10_029_14.xhtml,
Pag100015,X,15,1873-XX,1873-01-XX,1873-01-23 1873-01-24,https://epub3.kb.dk/hcadag/epub3/EPUB/hcadag10_030_15.xhtml,
Pag100016,X,16,1873-XX,1873-01-XX,1873-01-24 1873-01-25,https://epub3.kb.dk/hcadag/epub3/EPUB/hcadag10_031_16.xhtml,
Pag100017,X,17,1873-XX,1873-01-XX,1873-01-25 1873-01-26 1873-01-27,https://epub3.kb.dk/hcadag/epub3/EPUB/hcadag10_032_17.xhtml,
Pag100018,X,18,1873-XX,1873-01-XX,1873-01-27 1873-01-28,https://epub3.kb.dk/hcadag/epub3/EPUB/hcadag10_033_18.xhtml,
Pag100019,X,19,1873-XX,1873-01-XX,1873-01-29 1873-01-30 1873-01-31,https://epub3.kb.dk/hcadag/epub3/EPUB/hcadag10_034_19.xhtml,
Pag100020,X,20,1873-XX,1873-01-XX 1873-02-XX,1873-01-31 1873-02-01,https://epub3.kb.dk/hcadag/epub3/EPUB/hcadag10_035_20.xhtml,
Pag100021,X,21,1873-XX,1873-02-XX,1873-02-01 1873-02-02 1873-02-03,https://epub3.kb.dk/hcadag/epub3/EPUB/hcadag10_036_21.xhtml,
Pag100022,X,22,1873-XX,1873-02-XX,1873-02-03 1873-02-04,https://epub3.kb.dk/hcadag/epub3/EPUB/hcadag10_037_22.xhtml,
Pag100023,X,23,1873-XX,1873-02-XX,1873-02-04 1873-02-05,https://epub3.kb.dk/hcadag/epub3/EPUB/hcadag10_038_23.xhtml,
Pag100024,X,24,1873-XX,1873-02-XX,1873-02-06 1873-02-07,https://epub3.kb.dk/hcadag/epub3/EPUB/hcadag10_039_24.xhtml,
Pag100025,X,25,1873-XX,1873-02-XX,1873-02-07,https://epub3.kb.dk/hcadag/epub3/EPUB/hcadag10_040_25.xhtml,
Pag100026,X,26,1873-XX,1873-02-XX,1873-02-08 1873-02-09 1873-02-10,https://epub3.kb.dk/hcadag/epub3/EPUB/hcadag10_041_26.xhtml,
Pag100027,X,27,1873-XX,1873-02-XX,1873-02-10 1873-02-11,https://epub3.kb.dk/hcadag/epub3/EPUB/hcadag10_042_27.xhtml,
Pag100028,X,28,1873-XX,1873-02-XX,1873-02-11 1873-02-12 1873-02-13,https://epub3.kb.dk/hcadag/epub3/EPUB/hcadag10_043_28.xhtml,
Pag100029,X,29,1873-XX,1873-02-XX,1873-02-13 1873-02-14 1873-02-15,https://epub3.kb.dk/hcadag/epub3/EPUB/hcadag10_044_29.xhtml,
Pag100030,X,30,1873-XX,1873-02-XX,1873-02-15 1873-02-16,https://epub3.kb.dk/hcadag/epub3/EPUB/hcadag10_045_30.xhtml,
Pag100031,X,31,1873-XX,1873-02-XX,1873-02-16 1873-02-17 1873-02-18,https://epub3.kb.dk/hcadag/epub3/EPUB/hcadag10_046_31.xhtml,
Pag100032,X,32,1873-XX,1873-02-XX,1873-02-18 1873-02-19 1873-02-20,https://epub3.kb.dk/hcadag/epub3/EPUB/hcadag10_047_32.xhtml,
Pag100033,X,33,1873-XX,1873-02-XX,1873-02-20 1873-02-21 1873-02-22,https://epub3.kb.dk/hcadag/epub3/EPUB/hcadag10_048_33.xhtml,
Pag100034,X,34,1873-XX,1873-02-XX,1873-02-22 1873-02-23,https://epub3.kb.dk/hcadag/epub3/EPUB/hcadag10_049_34.xhtml,
Pag100035,X,35,1873-XX,1873-02-XX,1873-02-23,https://epub3.kb.dk/hcadag/epub3/EPUB/hcadag10_050_35.xhtml,
Pag100036,X,36,1873-XX,1873-02-XX,1873-02-23 1873-02-24,https://epub3.kb.dk/hcadag/epub3/EPUB/hcadag10_051_36.xhtml,
Pag100037,X,37,1873-XX,1873-02-XX,1873-02-25 1873-02-26 1873-02-27,https://epub3.kb.dk/hcadag/epub3/EPUB/hcadag10_052_37.xhtml,
Pag100038,X,38,1873-XX,1873-02-XX 1873-03-XX,1873-02-27 1873-02-28 1873-03-01,https://epub3.kb.dk/hcadag/epub3/EPUB/hcadag10_053_38.xhtml,
Pag100039,X,39,1873-XX,1873-03-XX,1873-03-01 1873-03-02,https://epub3.kb.dk/hcadag/epub3/EPUB/hcadag10_054_39.xhtml,
Pag100040,X,40,1873-XX,1873-03-XX,1873-03-02 1873-03-03 1873-03-04,https://epub3.kb.dk/hcadag/epub3/EPUB/hcadag10_055_40.xhtml,
Pag100041,X,41,1873-XX,1873-03-XX,1873-03-04 1873-03-05 1873-03-06,https://epub3.kb.dk/hcadag/epub3/EPUB/hcadag10_056_41.xhtml,
Pag100042,X,42,1873-XX,1873-03-XX,1873-03-06 1873-03-07 1873-03-08,https://epub3.kb.dk/hcadag/epub3/EPUB/hcadag10_057_42.xhtml,
Pag100043,X,43,1873-XX,1873-03-XX,1873-03-08 1873-03-09 1873-03-10,https://epub3.kb.dk/hcadag/epub3/EPUB/hcadag10_058_43.xhtml,
Pag100044,X,44,1873-XX,1873-03-XX,1873-03-10 1873-03-11,https://epub3.kb.dk/hcadag/epub3/EPUB/hcadag10_059_44.xhtml,
Pag100045,X,45,1873-XX,1873-03-XX,1873-03-11 1873-03-12,https://epub3.kb.dk/hcadag/epub3/EPUB/hcadag10_060_45.xhtml,
Pag100046,X,46,1873-XX,1873-03-XX,1873-03-12 1873-03-13 1873-03-14,https://epub3.kb.dk/hcadag/epub3/EPUB/hcadag10_061_46.xhtml,
Pag100047,X,47,1873-XX,1873-03-XX,1873-03-14 1873-03-15 1873-03-16 1873-03-17,https://epub3.kb.dk/hcadag/epub3/EPUB/hcadag10_062_47.xhtml,
Pag100048,X,48,1873-XX,1873-03-XX,1873-03-17 1873-03-18 1873-03-19,https://epub3.kb.dk/hcadag/epub3/EPUB/hcadag10_063_48.xhtml,
Pag100049,X,49,1873-XX,1873-03-XX,1873-03-19 1873-03-20 1873-03-21,https://epub3.kb.dk/hcadag/epub3/EPUB/hcadag10_064_49.xhtml,
Pag100050,X,50,1873-XX,1873-03-XX,1873-03-21 1873-03-22 1873-03-23 1873-03-24,https://epub3.kb.dk/hcadag/epub3/EPUB/hcadag10_065_50.xhtml,
Pag100051,X,51,1873-XX,1873-03-XX,1873-03-24 1873-03-25 1873-03-26,https://epub3.kb.dk/hcadag/epub3/EPUB/hcadag10_066_51.xhtml,
Pag100052,X,52,1873-XX,1873-03-XX,1873-03-26 1873-03-27 1873-03-28,https://epub3.kb.dk/hcadag/epub3/EPUB/hcadag10_067_52.xhtml,
Pag100053,X,53,1873-XX,1873-03-XX,1873-03-28 1873-03-29,https://epub3.kb.dk/hcadag/epub3/EPUB/hcadag10_068_53.xhtml,
Pag100054,X,54,1873-XX,1873-03-XX,1873-03-30 1873-03-31,https://epub3.kb.dk/hcadag/epub3/EPUB/hcadag10_069_54.xhtml,
Pag100055,X,55,1873-XX,1873-03-XX 1873-04-XX,1873-03-31 1873-04-01,https://epub3.kb.dk/hcadag/epub3/EPUB/hcadag10_070_55.xhtml,
Pag100056,X,56,1873-XX,1873-04-XX,1873-04-01 1873-04-02,https://epub3.kb.dk/hcadag/epub3/EPUB/hcadag10_071_56.xhtml,
Pag100057,X,57,1873-XX,1873-04-XX,1873-04-02 1873-04-03 1873-04-04,https://epub3.kb.dk/hcadag/epub3/EPUB/hcadag10_072_57.xhtml,
Pag100058,X,58,1873-XX,1873-04-XX,1873-04-04 1873-04-05 1873-04-06,https://epub3.kb.dk/hcadag/epub3/EPUB/hcadag10_073_58.xhtml,
Pag100059,X,59,1873-XX,1873-04-XX,1873-04-06 1873-04-07 1873-04-08,https://epub3.kb.dk/hcadag/epub3/EPUB/hcadag10_074_59.xhtml,
Pag100060,X,60,1873-XX,1873-04-XX,1873-04-08 1873-04-09,https://epub3.kb.dk/hcadag/epub3/EPUB/hcadag10_075_60.xhtml,
Pag100061,X,61,1873-XX,1873-04-XX,1873-04-09 1873-04-10,https://epub3.kb.dk/hcadag/epub3/EPUB/hcadag10_076_61.xhtml,
Pag100062,X,62,1873-XX,1873-04-XX,1873-04-10 1873-04-11,https://epub3.kb.dk/hcadag/epub3/EPUB/hcadag10_077_62.xhtml,
Pag100063,X,63,1873-XX,1873-04-XX,1873-04-11 1873-04-12 1873-04-13,https://epub3.kb.dk/hcadag/epub3/EPUB/hcadag10_078_63.xhtml,
Pag100064,X,64,1873-XX,1873-04-XX,1873-04-13 1873-04-14,https://epub3.kb.dk/hcadag/epub3/EPUB/hcadag10_079_64.xhtml,
Pag100065,X,65,1873-XX,1873-04-XX,1873-04-14 1873-04-15,https://epub3.kb.dk/hcadag/epub3/EPUB/hcadag10_080_65.xhtml,
Pag100066,X,66,1873-XX,1873-04-XX,1873-04-15 1873-04-16,https://epub3.kb.dk/hcadag/epub3/EPUB/hcadag10_081_66.xhtml,
Pag100067,X,67,1873-XX,1873-04-XX,1873-04-16 1873-04-17,https://epub3.kb.dk/hcadag/epub3/EPUB/hcadag10_082_67.xhtml,
Pag100068,X,68,1873-XX,1873-04-XX,1873-04-17 1873-04-18 1873-04-19,https://epub3.kb.dk/hcadag/epub3/EPUB/hcadag10_083_68.xhtml,
Pag100069,X,69,1873-XX,1873-04-XX,1873-04-19 1873-04-20,https://epub3.kb.dk/hcadag/epub3/EPUB/hcadag10_084_69.xhtml,
Pag100070,X,70,1873-XX,1873-04-XX,1873-04-20 1873-04-21,https://epub3.kb.dk/hcadag/epub3/EPUB/hcadag10_085_70.xhtml,
Pag100071,X,71,1873-XX,1873-04-XX,1873-04-22 1873-04-23,https://epub3.kb.dk/hcadag/epub3/EPUB/hcadag10_086_71.xhtml,
Pag100072,X,72,1873-XX,1873-04-XX,1873-04-23 1873-04-24 1873-04-25,https://epub3.kb.dk/hcadag/epub3/EPUB/hcadag10_087_72.xhtml,
Pag100073,X,73,1873-XX,1873-04-XX,1873-04-25 1873-04-26 1873-04-27,https://epub3.kb.dk/hcadag/epub3/EPUB/hcadag10_088_73.xhtml,
Pag100074,X,74,1873-XX,1873-04-XX,1873-04-27 1873-04-28 1873-04-29,https://epub3.kb.dk/hcadag/epub3/EPUB/hcadag10_089_74.xhtml,
Pag100075,X,75,1873-XX,1873-04-XX,1873-04-29 1873-04-30,https://epub3.kb.dk/hcadag/epub3/EPUB/hcadag10_090_75.xhtml,
Pag100076,X,76,1873-XX,1873-04-XX 1873-05-XX,1873-04-30 1873-05-01,https://epub3.kb.dk/hcadag/epub3/EPUB/hcadag10_091_76.xhtml,
Pag100077,X,77,1873-XX,1873-05-XX,1873-05-01 1873-05-02,https://epub3.kb.dk/hcadag/epub3/EPUB/hcadag10_092_77.xhtml,
Pag100078,X,78,1873-XX,1873-05-XX,1873-05-02 1873-05-03,https://epub3.kb.dk/hcadag/epub3/EPUB/hcadag10_093_78.xhtml,
Pag100079,X,79,1873-XX,1873-05-XX,1873-05-03 1873-05-04 1873-05-05 1873-05-06,https://epub3.kb.dk/hcadag/epub3/EPUB/hcadag10_094_79.xhtml,
Pag100080,X,80,1873-XX,1873-05-XX,1873-05-06 1873-05-07,https://epub3.kb.dk/hcadag/epub3/EPUB/hcadag10_095_80.xhtml,
Pag100081,X,81,1873-XX,1873-05-XX,1873-05-08 1873-05-09 1873-05-10,https://epub3.kb.dk/hcadag/epub3/EPUB/hcadag10_096_81.xhtml,
Pag100082,X,82,1873-XX,1873-05-XX,1873-05-10 1873-05-11,https://epub3.kb.dk/hcadag/epub3/EPUB/hcadag10_097_82.xhtml,
Pag100083,X,83,1873-XX,1873-05-XX,1873-05-11 1873-05-12 1873-05-13,https://epub3.kb.dk/hcadag/epub3/EPUB/hcadag10_098_83.xhtml,
Pag100084,X,84,1873-XX,1873-05-XX,1873-05-13 1873-05-14 1873-05-15,https://epub3.kb.dk/hcadag/epub3/EPUB/hcadag10_099_84.xhtml,
Pag100085,X,85,1873-XX,1873-05-XX,1873-05-15 1873-05-16,https://epub3.kb.dk/hcadag/epub3/EPUB/hcadag10_100_85.xhtml,
Pag100086,X,86,1873-XX,1873-05-XX,1873-05-16 1873-05-17 1873-05-18,https://epub3.kb.dk/hcadag/epub3/EPUB/hcadag10_101_86.xhtml,
Pag100087,X,87,1873-XX,1873-05-XX,1873-05-18 1873-05-19,https://epub3.kb.dk/hcadag/epub3/EPUB/hcadag10_102_87.xhtml,
Pag100088,X,88,1873-XX,1873-05-XX,1873-05-19 1873-05-20,https://epub3.kb.dk/hcadag/epub3/EPUB/hcadag10_103_88.xhtml,
Pag100089,X,89,1873-XX,1873-05-XX,1873-05-20 1873-05-21 1873-05-22,https://epub3.kb.dk/hcadag/epub3/EPUB/hcadag10_104_89.xhtml,
Pag100090,X,90,1873-XX,1873-05-XX,1873-05-22 1873-05-23 1873-05-24,https://epub3.kb.dk/hcadag/epub3/EPUB/hcadag10_105_90.xhtml,
Pag100091,X,91,1873-XX,1873-05-XX,1873-05-24 1873-05-25 1873-05-26,https://epub3.kb.dk/hcadag/epub3/EPUB/hcadag10_106_91.xhtml,
Pag100092,X,92,1873-XX,1873-05-XX,1873-05-26 1873-05-27,https://epub3.kb.dk/hcadag/epub3/EPUB/hcadag10_107_92.xhtml,
Pag100093,X,93,1873-XX,1873-05-XX,1873-05-27 1873-05-28 1873-05-29 1873-05-30,https://epub3.kb.dk/hcadag/epub3/EPUB/hcadag10_108_93.xhtml,
Pag100094,X,94,1873-XX,1873-05-XX,1873-05-30 1873-05-31,https://epub3.kb.dk/hcadag/epub3/EPUB/hcadag10_109_94.xhtml,
Pag100095,X,95,1873-XX,1873-05-XX 1873-06-XX,1873-05-31 1873-06-01 1873-06-02,https://epub3.kb.dk/hcadag/epub3/EPUB/hcadag10_110_95.xhtml,
Pag100096,X,96,1873-XX,1873-06-XX,1873-06-02 1873-06-03 1873-06-04 1873-06-05,https://epub3.kb.dk/hcadag/epub3/EPUB/hcadag10_111_96.xhtml,
Pag100097,X,97,1873-XX,1873-06-XX,1873-06-05 1873-06-06,https://epub3.kb.dk/hcadag/epub3/EPUB/hcadag10_112_97.xhtml,
Pag100098,X,98,1873-XX,1873-06-XX,1873-06-07 1873-06-08 1873-06-09,https://epub3.kb.dk/hcadag/epub3/EPUB/hcadag10_113_98.xhtml,
Pag100099,X,99,1873-XX,1873-06-XX,1873-06-09 1873-06-10,https://epub3.kb.dk/hcadag/epub3/EPUB/hcadag10_114_99.xhtml,
Pag100100,X,100,1873-XX,1873-06-XX,1873-06-10 1873-06-11,https://epub3.kb.dk/hcadag/epub3/EPUB/hcadag10_115_100.xhtml,
Pag100101,X,101,1873-XX,1873-06-XX,1873-06-11 1873-06-12,https://epub3.kb.dk/hcadag/epub3/EPUB/hcadag10_116_101.xhtml,
Pag100102,X,102,1873-XX,1873-06-XX,1873-06-12 1873-06-13,https://epub3.kb.dk/hcadag/epub3/EPUB/hcadag10_117_102.xhtml,
Pag100103,X,103,1873-XX,1873-06-XX,1873-06-13 1873-06-14,https://epub3.kb.dk/hcadag/epub3/EPUB/hcadag10_118_103.xhtml,
Pag100104,X,104,1873-XX,1873-06-XX,1873-06-14 1873-06-15,https://epub3.kb.dk/hcadag/epub3/EPUB/hcadag10_119_104.xhtml,
Pag100105,X,105,1873-XX,1873-06-XX,1873-06-15 1873-06-16,https://epub3.kb.dk/hcadag/epub3/EPUB/hcadag10_120_105.xhtml,
Pag100106,X,106,1873-XX,1873-06-XX,1873-06-16 1873-06-17,https://epub3.kb.dk/hcadag/epub3/EPUB/hcadag10_121_106.xhtml,
Pag100107,X,107,1873-XX,1873-06-XX,1873-06-17 1873-06-18 1873-06-19,https://epub3.kb.dk/hcadag/epub3/EPUB/hcadag10_122_107.xhtml,
Pag100108,X,108,1873-XX,1873-06-XX,1873-06-19,https://epub3.kb.dk/hcadag/epub3/EPUB/hcadag10_123_108.xhtml,
Pag100109,X,109,1873-XX,1873-06-XX,1873-06-19 1873-06-20 1873-06-21,https://epub3.kb.dk/hcadag/epub3/EPUB/hcadag10_124_109.xhtml,
Pag100110,X,110,1873-XX,1873-06-XX,1873-06-22 1873-06-23,https://epub3.kb.dk/hcadag/epub3/EPUB/hcadag10_125_110.xhtml,
Pag100111,X,111,1873-XX,1873-06-XX,1873-06-23 1873-06-24 1873-06-25,https://epub3.kb.dk/hcadag/epub3/EPUB/hcadag10_126_111.xhtml,
Pag100112,X,112,1873-XX,1873-06-XX,1873-06-25 1873-06-26,https://epub3.kb.dk/hcadag/epub3/EPUB/hcadag10_127_112.xhtml,
Pag100113,X,113,1873-XX,1873-06-XX,1873-06-26 1873-06-27,https://epub3.kb.dk/hcadag/epub3/EPUB/hcadag10_128_113.xhtml,
Pag100114,X,114,1873-XX,1873-06-XX,1873-06-27 1873-06-28,https://epub3.kb.dk/hcadag/epub3/EPUB/hcadag10_129_114.xhtml,
Pag100115,X,115,1873-XX,1873-06-XX,1873-06-29 1873-06-30,https://epub3.kb.dk/hcadag/epub3/EPUB/hcadag10_130_115.xhtml,
Pag100116,X,116,1873-XX,1873-06-XX 1873-07-XX,1873-06-30 1873-07-01,https://epub3.kb.dk/hcadag/epub3/EPUB/hcadag10_131_116.xhtml,
Pag100117,X,117,1873-XX,1873-07-XX,1873-07-02 1873-07-03,https://epub3.kb.dk/hcadag/epub3/EPUB/hcadag10_132_117.xhtml,
Pag100118,X,118,1873-XX,1873-07-XX,1873-07-03,https://epub3.kb.dk/hcadag/epub3/EPUB/hcadag10_133_118.xhtml,
Pag100119,X,119,1873-XX,1873-07-XX,1873-07-04 1873-07-05,https://epub3.kb.dk/hcadag/epub3/EPUB/hcadag10_134_119.xhtml,
Pag100120,X,120,1873-XX,1873-07-XX,1873-07-05 1873-07-06,https://epub3.kb.dk/hcadag/epub3/EPUB/hcadag10_135_120.xhtml,
Pag100121,X,121,1873-XX,1873-07-XX,1873-07-06 1873-07-07,https://epub3.kb.dk/hcadag/epub3/EPUB/hcadag10_136_121.xhtml,
Pag100122,X,122,1873-XX,1873-07-XX,1873-07-07 1873-07-08,https://epub3.kb.dk/hcadag/epub3/EPUB/hcadag10_137_122.xhtml,
Pag100123,X,123,1873-XX,1873-07-XX,1873-07-08 1873-07-09 1873-07-10,https://epub3.kb.dk/hcadag/epub3/EPUB/hcadag10_138_123.xhtml,
Pag100124,X,124,1873-XX,1873-07-XX,1873-07-10 1873-07-11,https://epub3.kb.dk/hcadag/epub3/EPUB/hcadag10_139_124.xhtml,
Pag100125,X,125,1873-XX,1873-07-XX,1873-07-11 1873-07-12 1873-07-13,https://epub3.kb.dk/hcadag/epub3/EPUB/hcadag10_140_125.xhtml,
Pag100126,X,126,1873-XX,1873-07-XX,1873-07-13 1873-07-14,https://epub3.kb.dk/hcadag/epub3/EPUB/hcadag10_141_126.xhtml,
Pag100127,X,127,1873-XX,1873-07-XX,1873-07-14 1873-07-15,https://epub3.kb.dk/hcadag/epub3/EPUB/hcadag10_142_127.xhtml,
Pag100128,X,128,1873-XX,1873-07-XX,1873-07-15,https://epub3.kb.dk/hcadag/epub3/EPUB/hcadag10_143_128.xhtml,
Pag100129,X,129,1873-XX,1873-07-XX,1873-07-15 1873-07-16,https://epub3.kb.dk/hcadag/epub3/EPUB/hcadag10_144_129.xhtml,
Pag100130,X,130,1873-XX,1873-07-XX,1873-07-16 1873-07-17 1873-07-18,https://epub3.kb.dk/hcadag/epub3/EPUB/hcadag10_145_130.xhtml,
Pag100131,X,131,1873-XX,1873-07-XX,1873-07-18 1873-07-19 1873-07-20,https://epub3.kb.dk/hcadag/epub3/EPUB/hcadag10_146_131.xhtml,
Pag100132,X,132,1873-XX,1873-07-XX,1873-07-20,https://epub3.kb.dk/hcadag/epub3/EPUB/hcadag10_147_132.xhtml,
Pag100133,X,133,1873-XX,1873-07-XX,1873-07-20 1873-07-21 1873-07-22,https://epub3.kb.dk/hcadag/epub3/EPUB/hcadag10_148_133.xhtml,
Pag100134,X,134,1873-XX,1873-07-XX,1873-07-22 1873-07-23 1873-07-24 1873-07-25,https://epub3.kb.dk/hcadag/epub3/EPUB/hcadag10_149_134.xhtml,
Pag100135,X,135,1873-XX,1873-07-XX,1873-07-25 1873-07-26,https://epub3.kb.dk/hcadag/epub3/EPUB/hcadag10_150_135.xhtml,
Pag100136,X,136,1873-XX,1873-07-XX,1873-07-26 1873-07-27,https://epub3.kb.dk/hcadag/epub3/EPUB/hcadag10_151_136.xhtml,
Pag100137,X,137,1873-XX,1873-07-XX,1873-07-27 1873-07-28,https://epub3.kb.dk/hcadag/epub3/EPUB/hcadag10_152_137.xhtml,
Pag100138,X,138,1873-XX,1873-07-XX,1873-07-29 1873-07-30 1873-07-31,https://epub3.kb.dk/hcadag/epub3/EPUB/hcadag10_153_138.xhtml,
Pag100139,X,139,1873-XX,1873-07-XX 1873-08-XX,1873-07-31 1873-08-01 1873-08-02,https://epub3.kb.dk/hcadag/epub3/EPUB/hcadag10_154_139.xhtml,
Pag100140,X,140,1873-XX,1873-08-XX,1873-08-02 1873-08-03 1873-08-04 1873-08-05,https://epub3.kb.dk/hcadag/epub3/EPUB/hcadag10_155_140.xhtml,
Pag100141,X,141,1873-XX,1873-08-XX,1873-08-06 1873-08-07 1873-08-08 1873-08-09,https://epub3.kb.dk/hcadag/epub3/EPUB/hcadag10_156_141.xhtml,
Pag100142,X,142,1873-XX,1873-08-XX,1873-08-09 1873-08-10 1873-08-11 1873-08-12 1873-08-13 1873-08-14,https://epub3.kb.dk/hcadag/epub3/EPUB/hcadag10_157_142.xhtml,
Pag100143,X,143,1873-XX,1873-08-XX,1873-08-14 1873-08-15 1873-08-16 1873-08-17 1873-08-18,https://epub3.kb.dk/hcadag/epub3/EPUB/hcadag10_158_143.xhtml,
Pag100144,X,144,1873-XX,1873-08-XX,1873-08-18 1873-08-19 1873-08-20,https://epub3.kb.dk/hcadag/epub3/EPUB/hcadag10_159_144.xhtml,
Pag100145,X,145,1873-XX,1873-08-XX,1873-08-20 1873-08-21 1873-08-22 1873-08-23,https://epub3.kb.dk/hcadag/epub3/EPUB/hcadag10_160_145.xhtml,
Pag100146,X,146,1873-XX,1873-08-XX,1873-08-23 1873-08-24 1873-08-25,https://epub3.kb.dk/hcadag/epub3/EPUB/hcadag10_161_146.xhtml,
Pag100147,X,147,1873-XX,1873-08-XX,1873-08-25 1873-08-26 1873-08-27 1873-08-28 1873-08-29,https://epub3.kb.dk/hcadag/epub3/EPUB/hcadag10_162_147.xhtml,
Pag100148,X,148,1873-XX,1873-08-XX 1873-09-XX,1873-08-29 1873-08-30 1873-08-31 1873-09-01,https://epub3.kb.dk/hcadag/epub3/EPUB/hcadag10_163_148.xhtml,
Pag100149,X,149,1873-XX,1873-09-XX,1873-09-02 1873-09-03 1873-09-04,https://epub3.kb.dk/hcadag/epub3/EPUB/hcadag10_164_149.xhtml,
Pag100150,X,150,1873-XX,1873-09-XX,1873-09-04 1873-09-05 1873-09-06 1873-09-07 1873-09-08,https://epub3.kb.dk/hcadag/epub3/EPUB/hcadag10_165_150.xhtml,
Pag100151,X,151,1873-XX,1873-09-XX,1873-09-09 1873-09-10,https://epub3.kb.dk/hcadag/epub3/EPUB/hcadag10_166_151.xhtml,
Pag100152,X,152,1873-XX,1873-09-XX,1873-09-10 1873-09-11,https://epub3.kb.dk/hcadag/epub3/EPUB/hcadag10_167_152.xhtml,
Pag100153,X,153,1873-XX,1873-09-XX,1873-09-12 1873-09-13 1873-09-14,https://epub3.kb.dk/hcadag/epub3/EPUB/hcadag10_168_153.xhtml,
Pag100154,X,154,1873-XX,1873-09-XX,1873-09-14 1873-09-15,https://epub3.kb.dk/hcadag/epub3/EPUB/hcadag10_169_154.xhtml,
Pag100155,X,155,1873-XX,1873-09-XX,1873-09-15 1873-09-16 1873-09-17,https://epub3.kb.dk/hcadag/epub3/EPUB/hcadag10_170_155.xhtml,
Pag100156,X,156,1873-XX,1873-09-XX,1873-09-18 1873-09-19 1873-09-20 1873-09-21,https://epub3.kb.dk/hcadag/epub3/EPUB/hcadag10_171_156.xhtml,
Pag100157,X,157,1873-XX,1873-09-XX,1873-09-21 1873-09-22 1873-09-23,https://epub3.kb.dk/hcadag/epub3/EPUB/hcadag10_172_157.xhtml,
Pag100158,X,158,1873-XX,1873-09-XX,1873-09-23 1873-09-24 1873-09-25,https://epub3.kb.dk/hcadag/epub3/EPUB/hcadag10_173_158.xhtml,
Pag100159,X,159,1873-XX,1873-09-XX,1873-09-26 1873-09-27 1873-09-28,https://epub3.kb.dk/hcadag/epub3/EPUB/hcadag10_174_159.xhtml,
Pag100160,X,160,1873-XX,1873-09-XX 1873-10-XX,1873-09-29 1873-09-30 1873-10-01,https://epub3.kb.dk/hcadag/epub3/EPUB/hcadag10_175_160.xhtml,
Pag100161,X,161,1873-XX,1873-10-XX,1873-10-01 1873-10-02 1873-10-03,https://epub3.kb.dk/hcadag/epub3/EPUB/hcadag10_176_161.xhtml,
Pag100162,X,162,1873-XX,1873-10-XX,1873-10-03 1873-10-04 1873-10-05 1873-10-06,https://epub3.kb.dk/hcadag/epub3/EPUB/hcadag10_177_162.xhtml,
Pag100163,X,163,1873-XX,1873-10-XX,1873-10-06,https://epub3.kb.dk/hcadag/epub3/EPUB/hcadag10_178_163.xhtml,
Pag100164,X,164,1873-XX,1873-10-XX,1873-10-07 1873-10-08 1873-10-09,https://epub3.kb.dk/hcadag/epub3/EPUB/hcadag10_179_164.xhtml,
Pag100165,X,165,1873-XX,1873-10-XX,1873-10-09 1873-10-10 1873-10-11,https://epub3.kb.dk/hcadag/epub3/EPUB/hcadag10_180_165.xhtml,
Pag100166,X,166,1873-XX,1873-10-XX,1873-10-11 1873-10-12 1873-10-13 1873-10-14,https://epub3.kb.dk/hcadag/epub3/EPUB/hcadag10_181_166.xhtml,
Pag100167,X,167,1873-XX,1873-10-XX,1873-10-14 1873-10-15,https://epub3.kb.dk/hcadag/epub3/EPUB/hcadag10_182_167.xhtml,
Pag100168,X,168,1873-XX,1873-10-XX,1873-10-15 1873-10-16 1873-10-17,https://epub3.kb.dk/hcadag/epub3/EPUB/hcadag10_183_168.xhtml,
Pag100169,X,169,1873-XX,1873-10-XX,1873-10-17 1873-10-18 1873-10-19 1873-10-20,https://epub3.kb.dk/hcadag/epub3/EPUB/hcadag10_184_169.xhtml,
Pag100170,X,170,1873-XX,1873-10-XX,1873-10-20 1873-10-21 1873-10-22 1873-10-23,https://epub3.kb.dk/hcadag/epub3/EPUB/hcadag10_185_170.xhtml,
Pag100171,X,171,1873-XX,1873-10-XX,1873-10-23 1873-10-24 1873-10-25 1873-10-26,https://epub3.kb.dk/hcadag/epub3/EPUB/hcadag10_186_171.xhtml,
Pag100172,X,172,1873-XX,1873-10-XX,1873-10-26 1873-10-27 1873-10-28 1873-10-29,https://epub3.kb.dk/hcadag/epub3/EPUB/hcadag10_187_172.xhtml,
Pag100173,X,173,1873-XX,1873-10-XX 1873-11-XX,1873-10-29 1873-10-30 1873-10-31 1873-11-01,https://epub3.kb.dk/hcadag/epub3/EPUB/hcadag10_188_173.xhtml,
Pag100174,X,174,1873-XX,1873-11-XX,1873-11-01 1873-11-02,https://epub3.kb.dk/hcadag/epub3/EPUB/hcadag10_189_174.xhtml,
Pag100175,X,175,1873-XX,1873-11-XX,1873-11-03 1873-11-04 1873-11-05,https://epub3.kb.dk/hcadag/epub3/EPUB/hcadag10_190_175.xhtml,
Pag100176,X,176,1873-XX,1873-11-XX,1873-11-05 1873-11-06 1873-11-07,https://epub3.kb.dk/hcadag/epub3/EPUB/hcadag10_191_176.xhtml,
Pag100177,X,177,1873-XX,1873-11-XX,1873-11-08 1873-11-09 1873-11-10 1873-11-11 1873-11-12,https://epub3.kb.dk/hcadag/epub3/EPUB/hcadag10_192_177.xhtml,
Pag100178,X,178,1873-XX,1873-11-XX,1873-11-12 1873-11-13 1873-11-14,https://epub3.kb.dk/hcadag/epub3/EPUB/hcadag10_193_178.xhtml,
Pag100179,X,179,1873-XX,1873-11-XX,1873-11-14 1873-11-15 1873-11-16 1873-11-17,https://epub3.kb.dk/hcadag/epub3/EPUB/hcadag10_194_179.xhtml,
Pag100180,X,180,1873-XX,1873-11-XX,1873-11-17 1873-11-18 1873-11-19 1873-11-20,https://epub3.kb.dk/hcadag/epub3/EPUB/hcadag10_195_180.xhtml,
Pag100181,X,181,1873-XX,1873-11-XX,1873-11-21 1873-11-22 1873-11-23 1873-11-24 1873-11-25,https://epub3.kb.dk/hcadag/epub3/EPUB/hcadag10_196_181.xhtml,
Pag100182,X,182,1873-XX,1873-11-XX,1873-11-25 1873-11-26 1873-11-27 1873-11-28,https://epub3.kb.dk/hcadag/epub3/EPUB/hcadag10_197_182.xhtml,
Pag100183,X,183,1873-XX,1873-11-XX,1873-11-28 1873-11-29 1873-11-30,https://epub3.kb.dk/hcadag/epub3/EPUB/hcadag10_198_183.xhtml,
Pag100184,X,184,1873-XX,1873-11-XX 1873-12-XX,1873-11-30 1873-12-01,https://epub3.kb.dk/hcadag/epub3/EPUB/hcadag10_199_184.xhtml,
Pag100185,X,185,1873-XX,1873-12-XX,1873-12-01 1873-12-02 1873-12-03 1873-12-04,https://epub3.kb.dk/hcadag/epub3/EPUB/hcadag10_200_185.xhtml,
Pag100186,X,186,1873-XX,1873-12-XX,1873-12-04 1873-12-05 1873-12-06,https://epub3.kb.dk/hcadag/epub3/EPUB/hcadag10_201_186.xhtml,
Pag100187,X,187,1873-XX,1873-12-XX,1873-12-07 1873-12-08 1873-12-09 1873-12-10,https://epub3.kb.dk/hcadag/epub3/EPUB/hcadag10_202_187.xhtml,
Pag100188,X,188,1873-XX,1873-12-XX,1873-12-10 1873-12-11 1873-12-12 1873-12-13 1873-12-14,https://epub3.kb.dk/hcadag/epub3/EPUB/hcadag10_203_188.xhtml,
Pag100189,X,189,1873-XX,1873-12-XX,1873-12-14 1873-12-15 1873-12-16 1873-12-17,https://epub3.kb.dk/hcadag/epub3/EPUB/hcadag10_204_189.xhtml,
Pag100190,X,190,1873-XX,1873-12-XX,1873-12-17 1873-12-18 1873-12-19 1873-12-20,https://epub3.kb.dk/hcadag/epub3/EPUB/hcadag10_205_190.xhtml,
Pag100191,X,191,1873-XX,1873-12-XX,1873-12-20 1873-12-21 1873-12-22 1873-12-23,https://epub3.kb.dk/hcadag/epub3/EPUB/hcadag10_206_191.xhtml,
Pag100192,X,192,1873-XX,1873-12-XX,1873-12-23 1873-12-24,https://epub3.kb.dk/hcadag/epub3/EPUB/hcadag10_207_192.xhtml,
Pag100193,X,193,1873-XX,1873-12-XX,1873-12-24 1873-12-25,https://epub3.kb.dk/hcadag/epub3/EPUB/hcadag10_208_193.xhtml,
Pag100194,X,194,1873-XX,1873-12-XX,1873-12-25 1873-12-26 1873-12-27,https://epub3.kb.dk/hcadag/epub3/EPUB/hcadag10_209_194.xhtml,
Pag100195,X,195,1873-XX,1873-12-XX,1873-12-27 1873-12-28 1873-12-29 1873-12-30 1873-12-31,https://epub3.kb.dk/hcadag/epub3/EPUB/hcadag10_210_195.xhtml,
Pag100196,X,196,1873-XX,1873-12-XX,1873-12-31,https://epub3.kb.dk/hcadag/epub3/EPUB/hcadag10_211_196.xhtml,
Pag100197,X,197,1874-XX,1874-01-XX,1874-01-01,https://epub3.kb.dk/hcadag/epub3/EPUB/hcadag10_212_197.xhtml,
Pag100198,X,198,1874-XX,1874-01-XX,1874-01-01 1874-01-02 1874-01-03 1874-01-04,https://epub3.kb.dk/hcadag/epub3/EPUB/hcadag10_213_198.xhtml,
Pag100199,X,199,1874-XX,1874-01-XX,1874-01-04 1874-01-05 1874-01-06 1874-01-07,https://epub3.kb.dk/hcadag/epub3/EPUB/hcadag10_214_199.xhtml,
Pag100200,X,200,1874-XX,1874-01-XX,1874-01-07 1874-01-08 1874-01-09 1874-01-10,https://epub3.kb.dk/hcadag/epub3/EPUB/hcadag10_215_200.xhtml,
Pag100201,X,201,1874-XX,1874-01-XX,1874-01-10 1874-01-11 1874-01-12 1874-01-13,https://epub3.kb.dk/hcadag/epub3/EPUB/hcadag10_216_201.xhtml,
Pag100202,X,202,1874-XX,1874-01-XX,1874-01-14 1874-01-15 1874-01-16,https://epub3.kb.dk/hcadag/epub3/EPUB/hcadag10_217_202.xhtml,
Pag100203,X,203,1874-XX,1874-01-XX,1874-01-17 1874-01-18 1874-01-19,https://epub3.kb.dk/hcadag/epub3/EPUB/hcadag10_218_203.xhtml,
Pag100204,X,204,1874-XX,1874-01-XX,1874-01-20 1874-01-21 1874-01-22,https://epub3.kb.dk/hcadag/epub3/EPUB/hcadag10_219_204.xhtml,
Pag100205,X,205,1874-XX,1874-01-XX,1874-01-22 1874-01-23,https://epub3.kb.dk/hcadag/epub3/EPUB/hcadag10_220_205.xhtml,
Pag100206,X,206,1874-XX,1874-01-XX,1874-01-23 1874-01-24 1874-01-25 1874-01-26,https://epub3.kb.dk/hcadag/epub3/EPUB/hcadag10_221_206.xhtml,
Pag100207,X,207,1874-XX,1874-01-XX,1874-01-26 1874-01-27,https://epub3.kb.dk/hcadag/epub3/EPUB/hcadag10_222_207.xhtml,
Pag100208,X,208,1874-XX,1874-01-XX,1874-01-27,https://epub3.kb.dk/hcadag/epub3/EPUB/hcadag10_223_208.xhtml,
Pag100209,X,209,1874-XX,1874-01-XX,1874-01-27 1874-01-28 1874-01-29 1874-01-30,https://epub3.kb.dk/hcadag/epub3/EPUB/hcadag10_224_209.xhtml,
Pag100210,X,210,1874-XX,1874-01-XX 1874-02-XX,1874-01-30 1874-01-31 1874-02-01 1874-02-02,https://epub3.kb.dk/hcadag/epub3/EPUB/hcadag10_225_210.xhtml,
Pag100211,X,211,1874-XX,1874-02-XX,1874-02-03 1874-02-04 1874-02-05,https://epub3.kb.dk/hcadag/epub3/EPUB/hcadag10_226_211.xhtml,
Pag100212,X,212,1874-XX,1874-02-XX,1874-02-06 1874-02-07 1874-02-08,https://epub3.kb.dk/hcadag/epub3/EPUB/hcadag10_227_212.xhtml,
Pag100213,X,213,1874-XX,1874-02-XX,1874-02-08 1874-02-09,https://epub3.kb.dk/hcadag/epub3/EPUB/hcadag10_228_213.xhtml,
Pag100214,X,214,1874-XX,1874-02-XX,1874-02-09 1874-02-10 1874-02-11,https://epub3.kb.dk/hcadag/epub3/EPUB/hcadag10_229_214.xhtml,
Pag100215,X,215,1874-XX,1874-02-XX,1874-02-11 1874-02-12 1874-02-13 1874-02-14,https://epub3.kb.dk/hcadag/epub3/EPUB/hcadag10_230_215.xhtml,
Pag100216,X,216,1874-XX,1874-02-XX,1874-02-15 1874-02-16,https://epub3.kb.dk/hcadag/epub3/EPUB/hcadag10_231_216.xhtml,
Pag100217,X,217,1874-XX,1874-02-XX,1874-02-17 1874-02-18 1874-02-19,https://epub3.kb.dk/hcadag/epub3/EPUB/hcadag10_232_217.xhtml,
Pag100218,X,218,1874-XX,1874-02-XX,1874-02-19 1874-02-20,https://epub3.kb.dk/hcadag/epub3/EPUB/hcadag10_233_218.xhtml,
Pag100219,X,219,1874-XX,1874-02-XX,1874-02-21 1874-02-22 1874-02-23,https://epub3.kb.dk/hcadag/epub3/EPUB/hcadag10_234_219.xhtml,
Pag100220,X,220,1874-XX,1874-02-XX,1874-02-23 1874-02-24 1874-02-25,https://epub3.kb.dk/hcadag/epub3/EPUB/hcadag10_235_220.xhtml,
Pag100221,X,221,1874-XX,1874-02-XX,1874-02-25 1874-02-26 1874-02-27 1874-02-28,https://epub3.kb.dk/hcadag/epub3/EPUB/hcadag10_236_221.xhtml,
Pag100222,X,222,1874-XX,1874-02-XX 1874-03-XX,1874-02-28 1874-03-01 1874-03-02,https://epub3.kb.dk/hcadag/epub3/EPUB/hcadag10_237_222.xhtml,
Pag100223,X,223,1874-XX,1874-03-XX,1874-03-02 1874-03-03 1874-03-04 1874-03-05 1874-03-06 1874-03-07,https://epub3.kb.dk/hcadag/epub3/EPUB/hcadag10_238_223.xhtml,
Pag100224,X,224,1874-XX,1874-03-XX,1874-03-07 1874-03-08 1874-03-09 1874-03-10,https://epub3.kb.dk/hcadag/epub3/EPUB/hcadag10_239_224.xhtml,
Pag100225,X,225,1874-XX,1874-03-XX,1874-03-10 1874-03-11 1874-03-12 1874-03-13 1874-03-14,https://epub3.kb.dk/hcadag/epub3/EPUB/hcadag10_240_225.xhtml,
Pag100226,X,226,1874-XX,1874-03-XX,1874-03-15 1874-03-16 1874-03-17 1874-03-18 1874-03-19,https://epub3.kb.dk/hcadag/epub3/EPUB/hcadag10_241_226.xhtml,
Pag100227,X,227,1874-XX,1874-03-XX,1874-03-19 1874-03-20 1874-03-21,https://epub3.kb.dk/hcadag/epub3/EPUB/hcadag10_242_227.xhtml,
Pag100228,X,228,1874-XX,1874-03-XX,1874-03-21 1874-03-22 1874-03-23 1874-03-24 1874-03-25,https://epub3.kb.dk/hcadag/epub3/EPUB/hcadag10_243_228.xhtml,
Pag100229,X,229,1874-XX,1874-03-XX,1874-03-26 1874-03-27 1874-03-28,https://epub3.kb.dk/hcadag/epub3/EPUB/hcadag10_244_229.xhtml,
Pag100230,X,230,1874-XX,1874-03-XX 1874-04-XX,1874-03-28 1874-03-29 1874-03-30 1874-03-31 1874-04-01,https://epub3.kb.dk/hcadag/epub3/EPUB/hcadag10_245_230.xhtml,
Pag100231,X,231,1874-XX,1874-04-XX,1874-04-01 1874-04-02,https://epub3.kb.dk/hcadag/epub3/EPUB/hcadag10_246_231.xhtml,
Pag100232,X,232,1874-XX,1874-04-XX,1874-04-02,https://epub3.kb.dk/hcadag/epub3/EPUB/hcadag10_247_232.xhtml,
Pag100233,X,233,1874-XX,1874-04-XX,1874-04-02,https://epub3.kb.dk/hcadag/epub3/EPUB/hcadag10_248_233.xhtml,
Pag100234,X,234,1874-XX,1874-04-XX,1874-04-02 1874-04-03 1874-04-04,https://epub3.kb.dk/hcadag/epub3/EPUB/hcadag10_249_234.xhtml,
Pag100235,X,235,1874-XX,1874-04-XX,1874-04-04 1874-04-05 1874-04-06 1874-04-07,https://epub3.kb.dk/hcadag/epub3/EPUB/hcadag10_250_235.xhtml,
Pag100236,X,236,1874-XX,1874-04-XX,1874-04-07 1874-04-08 1874-04-09,https://epub3.kb.dk/hcadag/epub3/EPUB/hcadag10_251_236.xhtml,
Pag100237,X,237,1874-XX,1874-04-XX,1874-04-09 1874-04-10 1874-04-11,https://epub3.kb.dk/hcadag/epub3/EPUB/hcadag10_252_237.xhtml,
Pag100238,X,238,1874-XX,1874-04-XX,1874-04-11 1874-04-12 1874-04-13,https://epub3.kb.dk/hcadag/epub3/EPUB/hcadag10_253_238.xhtml,
Pag100239,X,239,1874-XX,1874-04-XX,1874-04-13 1874-04-14,https://epub3.kb.dk/hcadag/epub3/EPUB/hcadag10_254_239.xhtml,
Pag100240,X,240,1874-XX,1874-04-XX,1874-04-14 1874-04-15 1874-04-16 1874-04-17,https://epub3.kb.dk/hcadag/epub3/EPUB/hcadag10_255_240.xhtml,
Pag100241,X,241,1874-XX,1874-04-XX,1874-04-17 1874-04-18 1874-04-19 1874-04-20,https://epub3.kb.dk/hcadag/epub3/EPUB/hcadag10_256_241.xhtml,
Pag100242,X,242,1874-XX,1874-04-XX,1874-04-20 1874-04-21 1874-04-22 1874-04-23,https://epub3.kb.dk/hcadag/epub3/EPUB/hcadag10_257_242.xhtml,
Pag100243,X,243,1874-XX,1874-04-XX,1874-04-23 1874-04-24 1874-04-25,https://epub3.kb.dk/hcadag/epub3/EPUB/hcadag10_258_243.xhtml,
Pag100244,X,244,1874-XX,1874-04-XX,1874-04-25 1874-04-26 1874-04-27 1874-04-28,https://epub3.kb.dk/hcadag/epub3/EPUB/hcadag10_259_244.xhtml,
Pag100245,X,245,1874-XX,1874-04-XX,1874-04-28 1874-04-29 1874-04-30,https://epub3.kb.dk/hcadag/epub3/EPUB/hcadag10_260_245.xhtml,
Pag100246,X,246,1874-XX,1874-04-XX 1874-05-XX,1874-04-30 1874-05-01 1874-05-02 1874-05-03,https://epub3.kb.dk/hcadag/epub3/EPUB/hcadag10_261_246.xhtml,
Pag100247,X,247,1874-XX,1874-05-XX,1874-05-03 1874-05-04 1874-05-05,https://epub3.kb.dk/hcadag/epub3/EPUB/hcadag10_262_247.xhtml,
Pag100248,X,248,1874-XX,1874-05-XX,1874-05-05 1874-05-06 1874-05-07,https://epub3.kb.dk/hcadag/epub3/EPUB/hcadag10_263_248.xhtml,
Pag100249,X,249,1874-XX,1874-05-XX,1874-05-07 1874-05-08,https://epub3.kb.dk/hcadag/epub3/EPUB/hcadag10_264_249.xhtml,
Pag100250,X,250,1874-XX,1874-05-XX,1874-05-09 1874-05-10,https://epub3.kb.dk/hcadag/epub3/EPUB/hcadag10_265_250.xhtml,
Pag100251,X,251,1874-XX,1874-05-XX,1874-05-10 1874-05-11,https://epub3.kb.dk/hcadag/epub3/EPUB/hcadag10_266_251.xhtml,
Pag100252,X,252,1874-XX,1874-05-XX,1874-05-11 1874-05-12 1874-05-13 1874-05-14,https://epub3.kb.dk/hcadag/epub3/EPUB/hcadag10_267_252.xhtml,
Pag100253,X,253,1874-XX,1874-05-XX,1874-05-14 1874-05-15 1874-05-16,https://epub3.kb.dk/hcadag/epub3/EPUB/hcadag10_268_253.xhtml,
Pag100254,X,254,1874-XX,1874-05-XX,1874-05-16 1874-05-17,https://epub3.kb.dk/hcadag/epub3/EPUB/hcadag10_269_254.xhtml,
Pag100255,X,255,1874-XX,1874-05-XX,1874-05-17 1874-05-18 1874-05-19,https://epub3.kb.dk/hcadag/epub3/EPUB/hcadag10_270_255.xhtml,
Pag100256,X,256,1874-XX,1874-05-XX,1874-05-19 1874-05-20 1874-05-21 1874-05-22,https://epub3.kb.dk/hcadag/epub3/EPUB/hcadag10_271_256.xhtml,
Pag100257,X,257,1874-XX,1874-05-XX,1874-05-22 1874-05-23,https://epub3.kb.dk/hcadag/epub3/EPUB/hcadag10_272_257.xhtml,
Pag100258,X,258,1874-XX,1874-05-XX,1874-05-23 1874-05-24 1874-05-25,https://epub3.kb.dk/hcadag/epub3/EPUB/hcadag10_273_258.xhtml,
Pag100259,X,259,1874-XX,1874-05-XX,1874-05-26 1874-05-27 1874-05-28,https://epub3.kb.dk/hcadag/epub3/EPUB/hcadag10_274_259.xhtml,
Pag100260,X,260,1874-XX,1874-05-XX,1874-05-29 1874-05-30,https://epub3.kb.dk/hcadag/epub3/EPUB/hcadag10_275_260.xhtml,
Pag100261,X,261,1874-XX,1874-05-XX 1874-06-XX,1874-05-30 1874-05-31 1874-06-01,https://epub3.kb.dk/hcadag/epub3/EPUB/hcadag10_276_261.xhtml,
Pag100262,X,262,1874-XX,1874-06-XX,1874-06-01 1874-06-02 1874-06-03 1874-06-04,https://epub3.kb.dk/hcadag/epub3/EPUB/hcadag10_277_262.xhtml,
Pag100263,X,263,1874-XX,1874-06-XX,1874-06-04 1874-06-05 1874-06-06 1874-06-07,https://epub3.kb.dk/hcadag/epub3/EPUB/hcadag10_278_263.xhtml,
Pag100264,X,264,1874-XX,1874-06-XX,1874-06-07 1874-06-08 1874-06-09,https://epub3.kb.dk/hcadag/epub3/EPUB/hcadag10_279_264.xhtml,
Pag100265,X,265,1874-XX,1874-06-XX,1874-06-09 1874-06-10,https://epub3.kb.dk/hcadag/epub3/EPUB/hcadag10_280_265.xhtml,
Pag100266,X,266,1874-XX,1874-06-XX,1874-06-10 1874-06-11 1874-06-12,https://epub3.kb.dk/hcadag/epub3/EPUB/hcadag10_281_266.xhtml,
Pag100267,X,267,1874-XX,1874-06-XX,1874-06-12 1874-06-13,https://epub3.kb.dk/hcadag/epub3/EPUB/hcadag10_282_267.xhtml,
Pag100268,X,268,1874-XX,1874-06-XX,1874-06-13 1874-06-14,https://epub3.kb.dk/hcadag/epub3/EPUB/hcadag10_283_268.xhtml,
Pag100269,X,269,1874-XX,1874-06-XX,1874-06-14 1874-06-15 1874-06-16,https://epub3.kb.dk/hcadag/epub3/EPUB/hcadag10_284_269.xhtml,
Pag100270,X,270,1874-XX,1874-06-XX,1874-06-16 1874-06-17,https://epub3.kb.dk/hcadag/epub3/EPUB/hcadag10_285_270.xhtml,
Pag100271,X,271,1874-XX,1874-06-XX,1874-06-17 1874-06-18,https://epub3.kb.dk/hcadag/epub3/EPUB/hcadag10_286_271.xhtml,
Pag100272,X,272,1874-XX,1874-06-XX,1874-06-18 1874-06-19 1874-06-20,https://epub3.kb.dk/hcadag/epub3/EPUB/hcadag10_287_272.xhtml,
Pag100273,X,273,1874-XX,1874-06-XX,1874-06-20 1874-06-21 1874-06-22,https://epub3.kb.dk/hcadag/epub3/EPUB/hcadag10_288_273.xhtml,
Pag100274,X,274,1874-XX,1874-06-XX,1874-06-22 1874-06-23,https://epub3.kb.dk/hcadag/epub3/EPUB/hcadag10_289_274.xhtml,
Pag100275,X,275,1874-XX,1874-06-XX,1874-06-23 1874-06-24,https://epub3.kb.dk/hcadag/epub3/EPUB/hcadag10_290_275.xhtml,
Pag100276,X,276,1874-XX,1874-06-XX,1874-06-25 1874-06-26,https://epub3.kb.dk/hcadag/epub3/EPUB/hcadag10_291_276.xhtml,
Pag100277,X,277,1874-XX,1874-06-XX,1874-06-26 1874-06-27 1874-06-28 1874-06-29,https://epub3.kb.dk/hcadag/epub3/EPUB/hcadag10_292_277.xhtml,
Pag100278,X,278,1874-XX,1874-06-XX 1874-07-XX,1874-06-29 1874-06-30 1874-07-01,https://epub3.kb.dk/hcadag/epub3/EPUB/hcadag10_293_278.xhtml,
Pag100279,X,279,1874-XX,1874-07-XX,1874-07-01 1874-07-02 1874-07-03,https://epub3.kb.dk/hcadag/epub3/EPUB/hcadag10_294_279.xhtml,
Pag100280,X,280,1874-XX,1874-07-XX,1874-07-03 1874-07-04,https://epub3.kb.dk/hcadag/epub3/EPUB/hcadag10_295_280.xhtml,
Pag100281,X,281,1874-XX,1874-07-XX,1874-07-04 1874-07-05 1874-07-06,https://epub3.kb.dk/hcadag/epub3/EPUB/hcadag10_296_281.xhtml,
Pag100282,X,282,1874-XX,1874-07-XX,1874-07-06 1874-07-07 1874-07-08,https://epub3.kb.dk/hcadag/epub3/EPUB/hcadag10_297_282.xhtml,
Pag100283,X,283,1874-XX,1874-07-XX,1874-07-09 1874-07-10 1874-07-11,https://epub3.kb.dk/hcadag/epub3/EPUB/hcadag10_298_283.xhtml,
Pag100284,X,284,1874-XX,1874-07-XX,1874-07-11 1874-07-12 1874-07-13,https://epub3.kb.dk/hcadag/epub3/EPUB/hcadag10_299_284.xhtml,
Pag100285,X,285,1874-XX,1874-07-XX,1874-07-13 1874-07-14 1874-07-15,https://epub3.kb.dk/hcadag/epub3/EPUB/hcadag10_300_285.xhtml,
Pag100286,X,286,1874-XX,1874-07-XX,1874-07-15 1874-07-16,https://epub3.kb.dk/hcadag/epub3/EPUB/hcadag10_301_286.xhtml,
Pag100287,X,287,1874-XX,1874-07-XX,1874-07-16 1874-07-17 1874-07-18,https://epub3.kb.dk/hcadag/epub3/EPUB/hcadag10_302_287.xhtml,
Pag100288,X,288,1874-XX,1874-07-XX,1874-07-18 1874-07-19 1874-07-20 1874-07-21,https://epub3.kb.dk/hcadag/epub3/EPUB/hcadag10_303_288.xhtml,
Pag100289,X,289,1874-XX,1874-07-XX,1874-07-21 1874-07-22 1874-07-23,https://epub3.kb.dk/hcadag/epub3/EPUB/hcadag10_304_289.xhtml,
Pag100290,X,290,1874-XX,1874-07-XX,1874-07-23,https://epub3.kb.dk/hcadag/epub3/EPUB/hcadag10_305_290.xhtml,
Pag100291,X,291,1874-XX,1874-07-XX,1874-07-23,https://epub3.kb.dk/hcadag/epub3/EPUB/hcadag10_306_291.xhtml,
Pag100292,X,292,1874-XX,1874-07-XX,1874-07-23,https://epub3.kb.dk/hcadag/epub3/EPUB/hcadag10_307_292.xhtml,
Pag100293,X,293,1874-XX,1874-07-XX,1874-07-23,https://epub3.kb.dk/hcadag/epub3/EPUB/hcadag10_308_293.xhtml,
Pag100294,X,294,1874-XX,1874-07-XX,1874-07-23,https://epub3.kb.dk/hcadag/epub3/EPUB/hcadag10_309_294.xhtml,
Pag100295,X,295,1874-XX,1874-07-XX,1874-07-23 1874-07-24 1874-07-25 1874-07-26,https://epub3.kb.dk/hcadag/epub3/EPUB/hcadag10_310_295.xhtml,
Pag100296,X,296,1874-XX,1874-07-XX,1874-07-26 1874-07-27,https://epub3.kb.dk/hcadag/epub3/EPUB/hcadag10_311_296.xhtml,
Pag100297,X,297,1874-XX,1874-07-XX,1874-07-27 1874-07-28 1874-07-29 1874-07-30,https://epub3.kb.dk/hcadag/epub3/EPUB/hcadag10_312_297.xhtml,
Pag100298,X,298,1874-XX,1874-07-XX,1874-07-30,https://epub3.kb.dk/hcadag/epub3/EPUB/hcadag10_313_298.xhtml,
Pag100299,X,299,1874-XX,1874-07-XX,1874-07-30 1874-07-31,https://epub3.kb.dk/hcadag/epub3/EPUB/hcadag10_314_299.xhtml,
Pag100300,X,300,1874-XX,1874-08-XX,1874-08-01 1874-08-02 1874-08-03,https://epub3.kb.dk/hcadag/epub3/EPUB/hcadag10_315_300.xhtml,
Pag100301,X,301,1874-XX,1874-08-XX,1874-08-04 1874-08-05,https://epub3.kb.dk/hcadag/epub3/EPUB/hcadag10_316_301.xhtml,
Pag100302,X,302,1874-XX,1874-08-XX,1874-08-05,https://epub3.kb.dk/hcadag/epub3/EPUB/hcadag10_317_302.xhtml,
Pag100303,X,303,1874-XX,1874-08-XX,1874-08-05 1874-08-06 1874-08-07,https://epub3.kb.dk/hcadag/epub3/EPUB/hcadag10_318_303.xhtml,
Pag100304,X,304,1874-XX,1874-08-XX,1874-08-07 1874-08-08 1874-08-09,https://epub3.kb.dk/hcadag/epub3/EPUB/hcadag10_319_304.xhtml,
Pag100305,X,305,1874-XX,1874-08-XX,1874-08-10 1874-08-11,https://epub3.kb.dk/hcadag/epub3/EPUB/hcadag10_320_305.xhtml,
Pag100306,X,306,1874-XX,1874-08-XX,1874-08-11 1874-08-12,https://epub3.kb.dk/hcadag/epub3/EPUB/hcadag10_321_306.xhtml,
Pag100307,X,307,1874-XX,1874-08-XX,1874-08-12 1874-08-13,https://epub3.kb.dk/hcadag/epub3/EPUB/hcadag10_322_307.xhtml,
Pag100308,X,308,1874-XX,1874-08-XX,1874-08-13 1874-08-14 1874-08-15,https://epub3.kb.dk/hcadag/epub3/EPUB/hcadag10_323_308.xhtml,
Pag100309,X,309,1874-XX,1874-08-XX,1874-08-15 1874-08-16 1874-08-17,https://epub3.kb.dk/hcadag/epub3/EPUB/hcadag10_324_309.xhtml,
Pag100310,X,310,1874-XX,1874-08-XX,1874-08-17 1874-08-18 1874-08-19,https://epub3.kb.dk/hcadag/epub3/EPUB/hcadag10_325_310.xhtml,
Pag100311,X,311,1874-XX,1874-08-XX,1874-08-19 1874-08-20 1874-08-21 1874-08-22 1874-08-23,https://epub3.kb.dk/hcadag/epub3/EPUB/hcadag10_326_311.xhtml,
Pag100312,X,312,1874-XX,1874-08-XX,1874-08-23,https://epub3.kb.dk/hcadag/epub3/EPUB/hcadag10_327_312.xhtml,
Pag100313,X,313,1874-XX,1874-08-XX,1874-08-23 1874-08-24 1874-08-25 1874-08-26,https://epub3.kb.dk/hcadag/epub3/EPUB/hcadag10_328_313.xhtml,
Pag100314,X,314,1874-XX,1874-08-XX,1874-08-26,https://epub3.kb.dk/hcadag/epub3/EPUB/hcadag10_329_314.xhtml,
Pag100315,X,315,1874-XX,1874-08-XX,1874-08-26,https://epub3.kb.dk/hcadag/epub3/EPUB/hcadag10_330_315.xhtml,
Pag100316,X,316,1874-XX,1874-08-XX,1874-08-26 1874-08-27,https://epub3.kb.dk/hcadag/epub3/EPUB/hcadag10_331_316.xhtml,
Pag100317,X,317,1874-XX,1874-08-XX,1874-08-27 1874-08-28,https://epub3.kb.dk/hcadag/epub3/EPUB/hcadag10_332_317.xhtml,
Pag100318,X,318,1874-XX,1874-08-XX,1874-08-28 1874-08-29,https://epub3.kb.dk/hcadag/epub3/EPUB/hcadag10_333_318.xhtml,
Pag100319,X,319,1874-XX,1874-08-XX,1874-08-30 1874-08-31,https://epub3.kb.dk/hcadag/epub3/EPUB/hcadag10_334_319.xhtml,
Pag100320,X,320,1874-XX,1874-08-XX 1874-09-XX,1874-08-31 1874-09-01 1874-09-02 1874-09-03,https://epub3.kb.dk/hcadag/epub3/EPUB/hcadag10_335_320.xhtml,
Pag100321,X,321,1874-XX,1874-09-XX,1874-09-03 1874-09-04 1874-09-05 1874-09-06,https://epub3.kb.dk/hcadag/epub3/EPUB/hcadag10_336_321.xhtml,
Pag100322,X,322,1874-XX,1874-09-XX,1874-09-06 1874-09-07 1874-09-08 1874-09-09,https://epub3.kb.dk/hcadag/epub3/EPUB/hcadag10_337_322.xhtml,
Pag100323,X,323,1874-XX,1874-09-XX,1874-09-09 1874-09-10 1874-09-11 1874-09-12 1874-09-13,https://epub3.kb.dk/hcadag/epub3/EPUB/hcadag10_338_323.xhtml,
Pag100324,X,324,1874-XX,1874-09-XX,1874-09-13 1874-09-14,https://epub3.kb.dk/hcadag/epub3/EPUB/hcadag10_339_324.xhtml,
Pag100325,X,325,1874-XX,1874-09-XX,1874-09-15 1874-09-16 1874-09-17,https://epub3.kb.dk/hcadag/epub3/EPUB/hcadag10_340_325.xhtml,
Pag100326,X,326,1874-XX,1874-09-XX,1874-09-17 1874-09-18,https://epub3.kb.dk/hcadag/epub3/EPUB/hcadag10_341_326.xhtml,
Pag100327,X,327,1874-XX,1874-09-XX,1874-09-18 1874-09-19 1874-09-20,https://epub3.kb.dk/hcadag/epub3/EPUB/hcadag10_342_327.xhtml,
Pag100328,X,328,1874-XX,1874-09-XX,1874-09-20 1874-09-21 1874-09-22 1874-09-23,https://epub3.kb.dk/hcadag/epub3/EPUB/hcadag10_343_328.xhtml,
Pag100329,X,329,1874-XX,1874-09-XX,1874-09-23 1874-09-24 1874-09-25 1874-09-26,https://epub3.kb.dk/hcadag/epub3/EPUB/hcadag10_344_329.xhtml,
Pag100330,X,330,1874-XX,1874-09-XX,1874-09-26 1874-09-27 1874-09-28,https://epub3.kb.dk/hcadag/epub3/EPUB/hcadag10_345_330.xhtml,
Pag100331,X,331,1874-XX,1874-09-XX,1874-09-28 1874-09-29 1874-09-30,https://epub3.kb.dk/hcadag/epub3/EPUB/hcadag10_346_331.xhtml,
Pag100332,X,332,1874-XX,1874-09-XX 1874-10-XX,1874-09-30 1874-10-01,https://epub3.kb.dk/hcadag/epub3/EPUB/hcadag10_347_332.xhtml,
Pag100333,X,333,1874-XX,1874-10-XX,1874-10-01 1874-10-02 1874-10-03 1874-10-04,https://epub3.kb.dk/hcadag/epub3/EPUB/hcadag10_348_333.xhtml,
Pag100334,X,334,1874-XX,1874-10-XX,1874-10-04 1874-10-05 1874-10-06,https://epub3.kb.dk/hcadag/epub3/EPUB/hcadag10_349_334.xhtml,
Pag100335,X,335,1874-XX,1874-10-XX,1874-10-06 1874-10-07 1874-10-08,https://epub3.kb.dk/hcadag/epub3/EPUB/hcadag10_350_335.xhtml,
Pag100336,X,336,1874-XX,1874-10-XX,1874-10-08 1874-10-09 1874-10-10,https://epub3.kb.dk/hcadag/epub3/EPUB/hcadag10_351_336.xhtml,
Pag100337,X,337,1874-XX,1874-10-XX,1874-10-10,https://epub3.kb.dk/hcadag/epub3/EPUB/hcadag10_352_337.xhtml,
Pag100338,X,338,1874-XX,1874-10-XX,1874-10-10 1874-10-11,https://epub3.kb.dk/hcadag/epub3/EPUB/hcadag10_353_338.xhtml,
Pag100339,X,339,1874-XX,1874-10-XX,1874-10-11 1874-10-12,https://epub3.kb.dk/hcadag/epub3/EPUB/hcadag10_354_339.xhtml,
Pag100340,X,340,1874-XX,1874-10-XX,1874-10-12 1874-10-13 1874-10-14 1874-10-15,https://epub3.kb.dk/hcadag/epub3/EPUB/hcadag10_355_340.xhtml,
Pag100341,X,341,1874-XX,1874-10-XX,1874-10-15,https://epub3.kb.dk/hcadag/epub3/EPUB/hcadag10_356_341.xhtml,
Pag100342,X,342,1874-XX,1874-10-XX,1874-10-15 1874-10-16 1874-10-17,https://epub3.kb.dk/hcadag/epub3/EPUB/hcadag10_357_342.xhtml,
Pag100343,X,343,1874-XX,1874-10-XX,1874-10-17 1874-10-18,https://epub3.kb.dk/hcadag/epub3/EPUB/hcadag10_358_343.xhtml,
Pag100344,X,344,1874-XX,1874-10-XX,1874-10-18 1874-10-19,https://epub3.kb.dk/hcadag/epub3/EPUB/hcadag10_359_344.xhtml,
Pag100345,X,345,1874-XX,1874-10-XX,1874-10-19 1874-10-20 1874-10-21,https://epub3.kb.dk/hcadag/epub3/EPUB/hcadag10_360_345.xhtml,
Pag100346,X,346,1874-XX,1874-10-XX,1874-10-21 1874-10-22,https://epub3.kb.dk/hcadag/epub3/EPUB/hcadag10_361_346.xhtml,
Pag100347,X,347,1874-XX,1874-10-XX,1874-10-22 1874-10-23 1874-10-24 1874-10-25,https://epub3.kb.dk/hcadag/epub3/EPUB/hcadag10_362_347.xhtml,
Pag100348,X,348,1874-XX,1874-10-XX,1874-10-25 1874-10-26 1874-10-27 1874-10-28,https://epub3.kb.dk/hcadag/epub3/EPUB/hcadag10_363_348.xhtml,
Pag100349,X,349,1874-XX,1874-10-XX,1874-10-28 1874-10-29,https://epub3.kb.dk/hcadag/epub3/EPUB/hcadag10_364_349.xhtml,
Pag100350,X,350,1874-XX,1874-10-XX 1874-11-XX,1874-10-29 1874-10-30 1874-10-31 1874-11-01,https://epub3.kb.dk/hcadag/epub3/EPUB/hcadag10_365_350.xhtml,
Pag100351,X,351,1874-XX,1874-11-XX,1874-11-01 1874-11-02 1874-11-03,https://epub3.kb.dk/hcadag/epub3/EPUB/hcadag10_366_351.xhtml,
Pag100352,X,352,1874-XX,1874-11-XX,1874-11-03 1874-11-04 1874-11-05,https://epub3.kb.dk/hcadag/epub3/EPUB/hcadag10_367_352.xhtml,
Pag100353,X,353,1874-XX,1874-11-XX,1874-11-05 1874-11-06 1874-11-07,https://epub3.kb.dk/hcadag/epub3/EPUB/hcadag10_368_353.xhtml,
Pag100354,X,354,1874-XX,1874-11-XX,1874-11-07 1874-11-08,https://epub3.kb.dk/hcadag/epub3/EPUB/hcadag10_369_354.xhtml,
Pag100355,X,355,1874-XX,1874-11-XX,1874-11-09 1874-11-10,https://epub3.kb.dk/hcadag/epub3/EPUB/hcadag10_370_355.xhtml,
Pag100356,X,356,1874-XX,1874-11-XX,1874-11-10 1874-11-11 1874-11-12,https://epub3.kb.dk/hcadag/epub3/EPUB/hcadag10_371_356.xhtml,
Pag100357,X,357,1874-XX,1874-11-XX,1874-11-12 1874-11-13 1874-11-14,https://epub3.kb.dk/hcadag/epub3/EPUB/hcadag10_372_357.xhtml,
Pag100358,X,358,1874-XX,1874-11-XX,1874-11-14,https://epub3.kb.dk/hcadag/epub3/EPUB/hcadag10_373_358.xhtml,
Pag100359,X,359,1874-XX,1874-11-XX,1874-11-15 1874-11-16 1874-11-17,https://epub3.kb.dk/hcadag/epub3/EPUB/hcadag10_374_359.xhtml,
Pag100360,X,360,1874-XX,1874-11-XX,1874-11-17 1874-11-18 1874-11-19 1874-11-20,https://epub3.kb.dk/hcadag/epub3/EPUB/hcadag10_375_360.xhtml,
Pag100361,X,361,1874-XX,1874-11-XX,1874-11-20 1874-11-21 1874-11-22 1874-11-23,https://epub3.kb.dk/hcadag/epub3/EPUB/hcadag10_376_361.xhtml,
Pag100362,X,362,1874-XX,1874-11-XX,1874-11-23 1874-11-24 1874-11-25 1874-11-26,https://epub3.kb.dk/hcadag/epub3/EPUB/hcadag10_377_362.xhtml,
Pag100363,X,363,1874-XX,1874-11-XX,1874-11-26 1874-11-27 1874-11-28,https://epub3.kb.dk/hcadag/epub3/EPUB/hcadag10_378_363.xhtml,
Pag100364,X,364,1874-XX,1874-11-XX,1874-11-29 1874-11-30,https://epub3.kb.dk/hcadag/epub3/EPUB/hcadag10_379_364.xhtml,
Pag100365,X,365,1874-XX,1874-12-XX,1874-12-01 1874-12-02 1874-12-03,https://epub3.kb.dk/hcadag/epub3/EPUB/hcadag10_380_365.xhtml,
Pag100366,X,366,1874-XX,1874-12-XX,1874-12-03 1874-12-04,https://epub3.kb.dk/hcadag/epub3/EPUB/hcadag10_381_366.xhtml,
Pag100367,X,367,1874-XX,1874-12-XX,1874-12-04 1874-12-05 1874-12-06 1874-12-07,https://epub3.kb.dk/hcadag/epub3/EPUB/hcadag10_382_367.xhtml,
Pag100368,X,368,1874-XX,1874-12-XX,1874-12-07 1874-12-08,https://epub3.kb.dk/hcadag/epub3/EPUB/hcadag10_383_368.xhtml,
Pag100369,X,369,1874-XX,1874-12-XX,1874-12-08 1874-12-09,https://epub3.kb.dk/hcadag/epub3/EPUB/hcadag10_384_369.xhtml,
Pag100370,X,370,1874-XX,1874-12-XX,1874-12-09 1874-12-10 1874-12-11,https://epub3.kb.dk/hcadag/epub3/EPUB/hcadag10_385_370.xhtml,
Pag100371,X,371,1874-XX,1874-12-XX,1874-12-11 1874-12-12,https://epub3.kb.dk/hcadag/epub3/EPUB/hcadag10_386_371.xhtml,
Pag100372,X,372,1874-XX,1874-12-XX,1874-12-12 1874-12-13,https://epub3.kb.dk/hcadag/epub3/EPUB/hcadag10_387_372.xhtml,
Pag100373,X,373,1874-XX,1874-12-XX,1874-12-13 1874-12-14 1874-12-15,https://epub3.kb.dk/hcadag/epub3/EPUB/hcadag10_388_373.xhtml,
Pag100374,X,374,1874-XX,1874-12-XX,1874-12-15 1874-12-16 1874-12-17 1874-12-18,https://epub3.kb.dk/hcadag/epub3/EPUB/hcadag10_389_374.xhtml,
Pag100375,X,375,1874-XX,1874-12-XX,1874-12-18 1874-12-19 1874-12-20,https://epub3.kb.dk/hcadag/epub3/EPUB/hcadag10_390_375.xhtml,
Pag100376,X,376,1874-XX,1874-12-XX,1874-12-20 1874-12-21,https://epub3.kb.dk/hcadag/epub3/EPUB/hcadag10_391_376.xhtml,
Pag100377,X,377,1874-XX,1874-12-XX,1874-12-21 1874-12-22 1874-12-23,https://epub3.kb.dk/hcadag/epub3/EPUB/hcadag10_392_377.xhtml,
Pag100378,X,378,1874-XX,1874-12-XX,1874-12-23 1874-12-24 1874-12-25,https://epub3.kb.dk/hcadag/epub3/EPUB/hcadag10_393_378.xhtml,
Pag100379,X,379,1874-XX,1874-12-XX,1874-12-26 1874-12-27,https://epub3.kb.dk/hcadag/epub3/EPUB/hcadag10_394_379.xhtml,
Pag100380,X,380,1874-XX,1874-12-XX,1874-12-27 1874-12-28 1874-12-29,https://epub3.kb.dk/hcadag/epub3/EPUB/hcadag10_395_380.xhtml,
Pag100381,X,381,1874-XX,1874-12-XX,1874-12-29 1874-12-30 1874-12-31,https://epub3.kb.dk/hcadag/epub3/EPUB/hcadag10_396_381.xhtml,
Pag100382,X,382,1874-XX,1874-12-XX,1874-12-31,https://epub3.kb.dk/hcadag/epub3/EPUB/hcadag10_397_382.xhtml,
Pag100383,X,383,1875-XX,1875-01-XX,1875-01-01,https://epub3.kb.dk/hcadag/epub3/EPUB/hcadag10_398_383.xhtml,
Pag100384,X,384,1875-XX,1875-01-XX,1875-01-01 1875-01-02 1875-01-03,https://epub3.kb.dk/hcadag/epub3/EPUB/hcadag10_399_384.xhtml,
Pag100385,X,385,1875-XX,1875-01-XX,1875-01-03 1875-01-04 1875-01-05,https://epub3.kb.dk/hcadag/epub3/EPUB/hcadag10_400_385.xhtml,
Pag100386,X,386,1875-XX,1875-01-XX,1875-01-05 1875-01-06 1875-01-07 1875-01-08,https://epub3.kb.dk/hcadag/epub3/EPUB/hcadag10_401_386.xhtml,
Pag100387,X,387,1875-XX,1875-01-XX,1875-01-08 1875-01-09 1875-01-10,https://epub3.kb.dk/hcadag/epub3/EPUB/hcadag10_402_387.xhtml,
Pag100388,X,388,1875-XX,1875-01-XX,1875-01-10 1875-01-11 1875-01-12 1875-01-13,https://epub3.kb.dk/hcadag/epub3/EPUB/hcadag10_403_388.xhtml,
Pag100389,X,389,1875-XX,1875-01-XX,1875-01-13 1875-01-14,https://epub3.kb.dk/hcadag/epub3/EPUB/hcadag10_404_389.xhtml,
Pag100390,X,390,1875-XX,1875-01-XX,1875-01-14 1875-01-15 1875-01-16,https://epub3.kb.dk/hcadag/epub3/EPUB/hcadag10_405_390.xhtml,
Pag100391,X,391,1875-XX,1875-01-XX,1875-01-16 1875-01-17 1875-01-18,https://epub3.kb.dk/hcadag/epub3/EPUB/hcadag10_406_391.xhtml,
Pag100392,X,392,1875-XX,1875-01-XX,1875-01-18 1875-01-19 1875-01-20 1875-01-21,https://epub3.kb.dk/hcadag/epub3/EPUB/hcadag10_407_392.xhtml,
Pag100393,X,393,1875-XX,1875-01-XX,1875-01-21 1875-01-22,https://epub3.kb.dk/hcadag/epub3/EPUB/hcadag10_408_393.xhtml,
Pag100394,X,394,1875-XX,1875-01-XX,1875-01-22 1875-01-23 1875-01-24 1875-01-25,https://epub3.kb.dk/hcadag/epub3/EPUB/hcadag10_409_394.xhtml,
Pag100395,X,395,1875-XX,1875-01-XX,1875-01-25 1875-01-26 1875-01-27 1875-01-28,https://epub3.kb.dk/hcadag/epub3/EPUB/hcadag10_410_395.xhtml,
Pag100396,X,396,1875-XX,1875-01-XX,1875-01-28 1875-01-29 1875-01-30,https://epub3.kb.dk/hcadag/epub3/EPUB/hcadag10_411_396.xhtml,
Pag100397,X,397,1875-XX,1875-01-XX 1875-02-XX,1875-01-30 1875-01-31 1875-02-01,https://epub3.kb.dk/hcadag/epub3/EPUB/hcadag10_412_397.xhtml,
Pag100398,X,398,1875-XX,1875-02-XX,1875-02-01 1875-02-02 1875-02-03,https://epub3.kb.dk/hcadag/epub3/EPUB/hcadag10_413_398.xhtml,
Pag100399,X,399,1875-XX,1875-02-XX,1875-02-03 1875-02-04 1875-02-05 1875-02-06,https://epub3.kb.dk/hcadag/epub3/EPUB/hcadag10_414_399.xhtml,
Pag100400,X,400,1875-XX,1875-02-XX,1875-02-06 1875-02-07,https://epub3.kb.dk/hcadag/epub3/EPUB/hcadag10_415_400.xhtml,
Pag100401,X,401,1875-XX,1875-02-XX,1875-02-07 1875-02-08 1875-02-09,https://epub3.kb.dk/hcadag/epub3/EPUB/hcadag10_416_401.xhtml,
Pag100402,X,402,1875-XX,1875-02-XX,1875-02-09 1875-02-10 1875-02-11,https://epub3.kb.dk/hcadag/epub3/EPUB/hcadag10_417_402.xhtml,
Pag100403,X,403,1875-XX,1875-02-XX,1875-02-11 1875-02-12 1875-02-13,https://epub3.kb.dk/hcadag/epub3/EPUB/hcadag10_418_403.xhtml,
Pag100404,X,404,1875-XX,1875-02-XX,1875-02-14 1875-02-15 1875-02-16,https://epub3.kb.dk/hcadag/epub3/EPUB/hcadag10_419_404.xhtml,
Pag100405,X,405,1875-XX,1875-02-XX,1875-02-16 1875-02-17 1875-02-18,https://epub3.kb.dk/hcadag/epub3/EPUB/hcadag10_420_405.xhtml,
Pag100406,X,406,1875-XX,1875-02-XX,1875-02-18 1875-02-19 1875-02-20,https://epub3.kb.dk/hcadag/epub3/EPUB/hcadag10_421_406.xhtml,
Pag100407,X,407,1875-XX,1875-02-XX,1875-02-20 1875-02-21 1875-02-22,https://epub3.kb.dk/hcadag/epub3/EPUB/hcadag10_422_407.xhtml,
Pag100408,X,408,1875-XX,1875-02-XX,1875-02-22 1875-02-23 1875-02-24,https://epub3.kb.dk/hcadag/epub3/EPUB/hcadag10_423_408.xhtml,
Pag100409,X,409,1875-XX,1875-02-XX,1875-02-25 1875-02-26,https://epub3.kb.dk/hcadag/epub3/EPUB/hcadag10_424_409.xhtml,
Pag100410,X,410,1875-XX,1875-02-XX,1875-02-26 1875-02-27,https://epub3.kb.dk/hcadag/epub3/EPUB/hcadag10_425_410.xhtml,
Pag100411,X,411,1875-XX,1875-02-XX 1875-03-XX,1875-02-27 1875-02-28 1875-03-01 1875-03-02,https://epub3.kb.dk/hcadag/epub3/EPUB/hcadag10_426_411.xhtml,
Pag100412,X,412,1875-XX,1875-03-XX,1875-03-02 1875-03-03 1875-03-04,https://epub3.kb.dk/hcadag/epub3/EPUB/hcadag10_427_412.xhtml,
Pag100413,X,413,1875-XX,1875-03-XX,1875-03-04 1875-03-05 1875-03-06 1875-03-07,https://epub3.kb.dk/hcadag/epub3/EPUB/hcadag10_428_413.xhtml,
Pag100414,X,414,1875-XX,1875-03-XX,1875-03-07 1875-03-08 1875-03-09 1875-03-10,https://epub3.kb.dk/hcadag/epub3/EPUB/hcadag10_429_414.xhtml,
Pag100415,X,415,1875-XX,1875-03-XX,1875-03-10 1875-03-11,https://epub3.kb.dk/hcadag/epub3/EPUB/hcadag10_430_415.xhtml,
Pag100416,X,416,1875-XX,1875-03-XX,1875-03-11 1875-03-12,https://epub3.kb.dk/hcadag/epub3/EPUB/hcadag10_431_416.xhtml,
Pag100417,X,417,1875-XX,1875-03-XX,1875-03-12 1875-03-13 1875-03-14,https://epub3.kb.dk/hcadag/epub3/EPUB/hcadag10_432_417.xhtml,
Pag100418,X,418,1875-XX,1875-03-XX,1875-03-14 1875-03-15 1875-03-16,https://epub3.kb.dk/hcadag/epub3/EPUB/hcadag10_433_418.xhtml,
Pag100419,X,419,1875-XX,1875-03-XX,1875-03-16 1875-03-17 1875-03-18,https://epub3.kb.dk/hcadag/epub3/EPUB/hcadag10_434_419.xhtml,
Pag100420,X,420,1875-XX,1875-03-XX,1875-03-18 1875-03-19 1875-03-20,https://epub3.kb.dk/hcadag/epub3/EPUB/hcadag10_435_420.xhtml,
Pag100421,X,421,1875-XX,1875-03-XX,1875-03-21 1875-03-22 1875-03-23,https://epub3.kb.dk/hcadag/epub3/EPUB/hcadag10_436_421.xhtml,
Pag100422,X,422,1875-XX,1875-03-XX,1875-03-23 1875-03-24 1875-03-25 1875-03-26,https://epub3.kb.dk/hcadag/epub3/EPUB/hcadag10_437_422.xhtml,
Pag100423,X,423,1875-XX,1875-03-XX,1875-03-27 1875-03-28 1875-03-29,https://epub3.kb.dk/hcadag/epub3/EPUB/hcadag10_438_423.xhtml,
Pag100424,X,424,1875-XX,1875-03-XX,1875-03-29 1875-03-30 1875-03-31,https://epub3.kb.dk/hcadag/epub3/EPUB/hcadag10_439_424.xhtml,
Pag100425,X,425,1875-XX,1875-03-XX 1875-04-XX,1875-03-31 1875-04-01,https://epub3.kb.dk/hcadag/epub3/EPUB/hcadag10_440_425.xhtml,
Pag100426,X,426,1875-XX,1875-04-XX,1875-04-01 1875-04-02,https://epub3.kb.dk/hcadag/epub3/EPUB/hcadag10_441_426.xhtml,
Pag100427,X,427,1875-XX,1875-04-XX,1875-04-02,https://epub3.kb.dk/hcadag/epub3/EPUB/hcadag10_442_427.xhtml,
Pag100428,X,428,1875-XX,1875-04-XX,1875-04-02 1875-04-03 1875-04-04,https://epub3.kb.dk/hcadag/epub3/EPUB/hcadag10_443_428.xhtml,
Pag100429,X,429,1875-XX,1875-04-XX,1875-04-04 1875-04-05,https://epub3.kb.dk/hcadag/epub3/EPUB/hcadag10_444_429.xhtml,
Pag100430,X,430,1875-XX,1875-04-XX,1875-04-05 1875-04-06 1875-04-07,https://epub3.kb.dk/hcadag/epub3/EPUB/hcadag10_445_430.xhtml,
Pag100431,X,431,1875-XX,1875-04-XX,1875-04-08 1875-04-09 1875-04-10,https://epub3.kb.dk/hcadag/epub3/EPUB/hcadag10_446_431.xhtml,
Pag100432,X,432,1875-XX,1875-04-XX,1875-04-10 1875-04-11 1875-04-12,https://epub3.kb.dk/hcadag/epub3/EPUB/hcadag10_447_432.xhtml,
Pag100433,X,433,1875-XX,1875-04-XX,1875-04-12 1875-04-13,https://epub3.kb.dk/hcadag/epub3/EPUB/hcadag10_448_433.xhtml,
Pag100434,X,434,1875-XX,1875-04-XX,1875-04-13 1875-04-14 1875-04-15 1875-04-16,https://epub3.kb.dk/hcadag/epub3/EPUB/hcadag10_449_434.xhtml,
Pag100435,X,435,1875-XX,1875-04-XX,1875-04-16 1875-04-17,https://epub3.kb.dk/hcadag/epub3/EPUB/hcadag10_450_435.xhtml,
Pag100436,X,436,1875-XX,1875-04-XX,1875-04-17 1875-04-18 1875-04-19 1875-04-20,https://epub3.kb.dk/hcadag/epub3/EPUB/hcadag10_451_436.xhtml,
Pag100437,X,437,1875-XX,1875-04-XX,1875-04-20 1875-04-21 1875-04-22,https://epub3.kb.dk/hcadag/epub3/EPUB/hcadag10_452_437.xhtml,
Pag100438,X,438,1875-XX,1875-04-XX,1875-04-22 1875-04-23 1875-04-24,https://epub3.kb.dk/hcadag/epub3/EPUB/hcadag10_453_438.xhtml,
Pag100439,X,439,1875-XX,1875-04-XX,1875-04-24 1875-04-25 1875-04-26,https://epub3.kb.dk/hcadag/epub3/EPUB/hcadag10_454_439.xhtml,
Pag100440,X,440,1875-XX,1875-04-XX,1875-04-26 1875-04-27 1875-04-28,https://epub3.kb.dk/hcadag/epub3/EPUB/hcadag10_455_440.xhtml,
Pag100441,X,441,1875-XX,1875-04-XX,1875-04-28 1875-04-29 1875-04-30,https://epub3.kb.dk/hcadag/epub3/EPUB/hcadag10_456_441.xhtml,
Pag100442,X,442,1875-XX,1875-05-XX,1875-05-01 1875-05-02 1875-05-03 1875-05-04 1875-05-05,https://epub3.kb.dk/hcadag/epub3/EPUB/hcadag10_457_442.xhtml,
Pag100443,X,443,1875-XX,1875-05-XX,1875-05-05 1875-05-06,https://epub3.kb.dk/hcadag/epub3/EPUB/hcadag10_458_443.xhtml,
Pag100444,X,444,1875-XX,1875-05-XX,1875-05-06 1875-05-07 1875-05-08,https://epub3.kb.dk/hcadag/epub3/EPUB/hcadag10_459_444.xhtml,
Pag100445,X,445,1875-XX,1875-05-XX,1875-05-08 1875-05-09 1875-05-10,https://epub3.kb.dk/hcadag/epub3/EPUB/hcadag10_460_445.xhtml,
Pag100446,X,446,1875-XX,1875-05-XX,1875-05-11 1875-05-14 1875-05-15 1875-05-16,https://epub3.kb.dk/hcadag/epub3/EPUB/hcadag10_461_446.xhtml,
Pag100447,X,447,1875-XX,1875-05-XX,1875-05-16 1875-05-17 1875-05-18 1875-05-19 1875-05-20 1875-05-21,https://epub3.kb.dk/hcadag/epub3/EPUB/hcadag10_462_447.xhtml,
Pag100448,X,448,1875-XX,1875-05-XX,1875-05-21 1875-05-22,https://epub3.kb.dk/hcadag/epub3/EPUB/hcadag10_463_448.xhtml,
Pag100449,X,449,1875-XX,1875-05-XX,1875-05-22 1875-05-23,https://epub3.kb.dk/hcadag/epub3/EPUB/hcadag10_464_449.xhtml,
Pag100450,X,450,1875-XX,1875-05-XX,1875-05-23 1875-05-24,https://epub3.kb.dk/hcadag/epub3/EPUB/hcadag10_465_450.xhtml,
Pag100451,X,451,1875-XX,1875-05-XX,1875-05-24 1875-05-25,https://epub3.kb.dk/hcadag/epub3/EPUB/hcadag10_466_451.xhtml,
Pag100452,X,452,1875-XX,1875-05-XX,1875-05-25 1875-05-26 1875-05-27,https://epub3.kb.dk/hcadag/epub3/EPUB/hcadag10_467_452.xhtml,
Pag100453,X,453,1875-XX,1875-05-XX,1875-05-27 1875-05-28 1875-05-29,https://epub3.kb.dk/hcadag/epub3/EPUB/hcadag10_468_453.xhtml,
Pag100454,X,454,1875-XX,1875-05-XX,1875-05-29 1875-05-30,https://epub3.kb.dk/hcadag/epub3/EPUB/hcadag10_469_454.xhtml,
Pag100455,X,455,1875-XX,1875-05-XX,1875-05-30 1875-05-31,https://epub3.kb.dk/hcadag/epub3/EPUB/hcadag10_470_455.xhtml,
Pag100456,X,456,1875-XX,1875-05-XX,1875-05-31,https://epub3.kb.dk/hcadag/epub3/EPUB/hcadag10_471_456.xhtml,
Pag100457,X,457,1875-XX,1875-06-XX,1875-06-01 1875-06-02,https://epub3.kb.dk/hcadag/epub3/EPUB/hcadag10_472_457.xhtml,
Pag100458,X,458,1875-XX,1875-06-XX,1875-06-02 1875-06-03 1875-06-04,https://epub3.kb.dk/hcadag/epub3/EPUB/hcadag10_473_458.xhtml,
Pag100459,X,459,1875-XX,1875-06-XX,1875-06-04 1875-06-05,https://epub3.kb.dk/hcadag/epub3/EPUB/hcadag10_474_459.xhtml,
Pag100460,X,460,1875-XX,1875-06-XX,1875-06-05 1875-06-06,https://epub3.kb.dk/hcadag/epub3/EPUB/hcadag10_475_460.xhtml,
Pag100461,X,461,1875-XX,1875-06-XX,1875-06-06 1875-06-07 1875-06-08,https://epub3.kb.dk/hcadag/epub3/EPUB/hcadag10_476_461.xhtml,
Pag100462,X,462,1875-XX,1875-06-XX,1875-06-08 1875-06-09 1875-06-10,https://epub3.kb.dk/hcadag/epub3/EPUB/hcadag10_477_462.xhtml,
Pag100463,X,463,1875-XX,1875-06-XX,1875-06-11 1875-06-12 1875-06-13,https://epub3.kb.dk/hcadag/epub3/EPUB/hcadag10_478_463.xhtml,
Pag100464,X,464,1875-XX,1875-06-XX,1875-06-13 1875-06-14 1875-06-15 1875-06-16,https://epub3.kb.dk/hcadag/epub3/EPUB/hcadag10_479_464.xhtml,
Pag100465,X,465,1875-XX,1875-06-XX,1875-06-16 1875-06-17,https://epub3.kb.dk/hcadag/epub3/EPUB/hcadag10_480_465.xhtml,
Pag100466,X,466,1875-XX,1875-06-XX,1875-06-18 1875-06-19,https://epub3.kb.dk/hcadag/epub3/EPUB/hcadag10_481_466.xhtml,
Pag100467,X,467,1875-XX,1875-06-XX 1875-07-XX,1875-06-19 1875-06-20 1875-07-01 1875-07-02,https://epub3.kb.dk/hcadag/epub3/EPUB/hcadag10_482_467.xhtml,
Pag100468,X,468,1875-XX,1875-07-XX,1875-07-02 1875-07-03 1875-07-04 1875-07-05,https://epub3.kb.dk/hcadag/epub3/EPUB/hcadag10_483_468.xhtml,
Pag100469,X,469,1875-XX,1875-07-XX,1875-07-05 1875-07-06 1875-07-07 1875-07-08 1875-07-09 1875-07-10 1875-07-11,https://epub3.kb.dk/hcadag/epub3/EPUB/hcadag10_484_469.xhtml,
Pag100470,X,470,1875-XX,1875-07-XX,1875-07-11 1875-07-12 1875-07-13 1875-07-14,https://epub3.kb.dk/hcadag/epub3/EPUB/hcadag10_485_470.xhtml,
Pag100471,X,471,1875-XX,1875-07-XX,1875-07-14 1875-07-15 1875-07-16 1875-07-17 1875-07-18,https://epub3.kb.dk/hcadag/epub3/EPUB/hcadag10_486_471.xhtml,
Pag100472,X,472,1875-XX,1875-07-XX,1875-07-18 1875-07-19,https://epub3.kb.dk/hcadag/epub3/EPUB/hcadag10_487_472.xhtml,
Pag100473,X,473,1875-XX,1875-07-XX,1875-07-19 1875-07-20,https://epub3.kb.dk/hcadag/epub3/EPUB/hcadag10_488_473.xhtml,
Pag100474,X,474,1875-XX,1875-07-XX,1875-07-20 1875-07-21,https://epub3.kb.dk/hcadag/epub3/EPUB/hcadag10_489_474.xhtml,
Pag100475,X,475,1875-XX,1875-07-XX,1875-07-21,https://epub3.kb.dk/hcadag/epub3/EPUB/hcadag10_490_475.xhtml,
Pag100476,X,476,1875-XX,1875-07-XX,1875-07-21,https://epub3.kb.dk/hcadag/epub3/EPUB/hcadag10_491_476.xhtml,
Pag100477,X,477,1875-XX,1875-07-XX,1875-07-21 1875-07-22 1875-07-23,https://epub3.kb.dk/hcadag/epub3/EPUB/hcadag10_492_477.xhtml,
Pag100478,X,478,1875-XX,1875-07-XX,1875-07-23,https://epub3.kb.dk/hcadag/epub3/EPUB/hcadag10_493_478.xhtml,
Pag100479,X,479,1875-XX,1875-07-XX,1875-07-23 1875-07-24 1875-07-25,https://epub3.kb.dk/hcadag/epub3/EPUB/hcadag10_494_479.xhtml,
Pag100480,X,480,1875-XX,1875-07-XX,1875-07-26 1875-07-27 1875-07-28 1875-07-29 1875-07-30,https://epub3.kb.dk/hcadag/epub3/EPUB/hcadag10_495_480.xhtml,
Pag100481,X,481,1875-XX,1875-07-XX 1875-08-XX,1875-07-31 1875-08-01 1875-08-02,https://epub3.kb.dk/hcadag/epub3/EPUB/hcadag10_496_481.xhtml,
Pag100482,X,482,1875-XX,1875-08-XX,1875-08-02 1875-08-03 1875-08-04,https://epub3.kb.dk/hcadag/epub3/EPUB/hcadag10_497_482.xhtml,
