entity_id,entity_type,category_h1,genre_h2,form_h3,subform_h4,label,description,see,see_also,year_derived,date_derived,person_derived
WOR000000,work,VÆRK-REGISTER,H. C. ANDERSEN,Samlede og blandede Skrifter,(blank),Gesammelte Werke (1847-72),H.C. Andersen,,,,,H.C. Andersen
WOR000050,work,VÆRK-REGISTER,H. C. ANDERSEN,Samlede og blandede Skrifter,(blank),Samlede Skrifter I-XXXIII (1853-79),H.C. Andersen,,,,,H.C. Andersen
WOR000100,work,VÆRK-REGISTER,H. C. ANDERSEN,Samlede og blandede Skrifter,(blank),Aus Herz und Welt (1860),H.C. Andersen,,,,,H.C. Andersen
WOR000150,work,VÆRK-REGISTER,H. C. ANDERSEN,Samlede og blandede Skrifter,(blank),Reiseskizzer og Pennetegninger (= Samlede Skrifter. 28. Bind) (1868).,H.C. Andersen,,,,,H.C. Andersen
WOR000200,work,VÆRK-REGISTER,H. C. ANDERSEN,Samlede og blandede Skrifter,(blank),Works (New York 1869 ff.),H.C. Andersen,,,,,H.C. Andersen
WOR000250,work,VÆRK-REGISTER,H. C. ANDERSEN,Eventyr,(blank),Eventyr (i Almindelighed),H.C. Andersen,,,,,H.C. Andersen
WOR000300,work,VÆRK-REGISTER,H. C. ANDERSEN,Eventyr,Eventyr-Samlinger (kronologisk),Nye Eventyr. 2. Bind. 1. Samling (1847),H.C. Andersen,,,,,H.C. Andersen
WOR000350,work,VÆRK-REGISTER,H. C. ANDERSEN,Eventyr,Eventyr-Samlinger (kronologisk),Eventyr. Med 125 Ill. efter Originaltegninger af V. Pedersen (1850 Ͻ: 1849),H.C. Andersen,,,,,H.C. Andersen
WOR000400,work,VÆRK-REGISTER,H. C. ANDERSEN,Eventyr,Eventyr-Samlinger (kronologisk),Historier. 1. Samling (1852),H.C. Andersen,,,,,H.C. Andersen
WOR000450,work,VÆRK-REGISTER,H. C. ANDERSEN,Eventyr,Eventyr-Samlinger (kronologisk),Historier. Med 55 Ill. af V. Pedersen (1855),H.C. Andersen,,,,,H.C. Andersen
WOR000500,work,VÆRK-REGISTER,H. C. ANDERSEN,Eventyr,Eventyr-Samlinger (kronologisk),Nye Eventyr og Historier. 1.-2. Række (1858-66),H.C. Andersen,,,,,H.C. Andersen
WOR000550,work,VÆRK-REGISTER,H. C. ANDERSEN,Eventyr,Eventyr-Samlinger (kronologisk),Nye Eventyr og Historier. 1.-2. Række (1858-66) - 1. Samling (1858),H.C. Andersen,,,,,H.C. Andersen
WOR000600,work,VÆRK-REGISTER,H. C. ANDERSEN,Eventyr,Eventyr-Samlinger (kronologisk),Nye Eventyr og Historier. 1.-2. Række (1858-66) - 1. Samling (1858) - 4 Opl. (1865),H.C. Andersen,,,,,H.C. Andersen
WOR000650,work,VÆRK-REGISTER,H. C. ANDERSEN,Eventyr,Eventyr-Samlinger (kronologisk),Nye Eventyr og Historier. 1.-2. Række (1858-66) - 2. Samling (1858),H.C. Andersen,,,,,H.C. Andersen
WOR000700,work,VÆRK-REGISTER,H. C. ANDERSEN,Eventyr,Eventyr-Samlinger (kronologisk),Nye Eventyr og Historier. 1.-2. Række (1858-66) - 3. Samling (1859),H.C. Andersen,,,,,H.C. Andersen
WOR000750,work,VÆRK-REGISTER,H. C. ANDERSEN,Eventyr,Eventyr-Samlinger (kronologisk),Nye Eventyr og Historier. 1.-2. Række (1858-66) - 3. Samling (1859) - 2. Opl. (1861),H.C. Andersen,,,,,H.C. Andersen
WOR000800,work,VÆRK-REGISTER,H. C. ANDERSEN,Eventyr,Eventyr-Samlinger (kronologisk),Nye Eventyr og Historier. 1.-2. Række (1858-66) -4. Samling (1860),H.C. Andersen,,,,,H.C. Andersen
WOR000850,work,VÆRK-REGISTER,H. C. ANDERSEN,Eventyr,Eventyr-Samlinger (kronologisk),Nye Eventyr og Historier. 1.-2. Række (1858-66) - 1. Række (1860),H.C. Andersen,,,,,H.C. Andersen
WOR000900,work,VÆRK-REGISTER,H. C. ANDERSEN,Eventyr,Eventyr-Samlinger (kronologisk),Nye Eventyr og Historier. 1.-2. Række (1858-66) - 2. Række 1. Samling (1861),H.C. Andersen,,,,,H.C. Andersen
WOR000950,work,VÆRK-REGISTER,H. C. ANDERSEN,Eventyr,Eventyr-Samlinger (kronologisk),Nye Eventyr og Historier. 1.-2. Række (1858-66) - 2. Række 1. Samling (1861) - 2. Opl. (1869),H.C. Andersen,,,,,H.C. Andersen
WOR001000,work,VÆRK-REGISTER,H. C. ANDERSEN,Eventyr,Eventyr-Samlinger (kronologisk),Nye Eventyr og Historier. 1.-2. Række (1858-66) - 2. Række 2. Samling (1861),H.C. Andersen,,,,,H.C. Andersen
WOR001050,work,VÆRK-REGISTER,H. C. ANDERSEN,Eventyr,Eventyr-Samlinger (kronologisk),Nye Eventyr og Historier. 1.-2. Række (1858-66) - 2. Række 2. Samling (1861) - 2. Opl. (1865),H.C. Andersen,,,,,H.C. Andersen
WOR001100,work,VÆRK-REGISTER,H. C. ANDERSEN,Eventyr,Eventyr-Samlinger (kronologisk),Nye Eventyr og Historier. 1.-2. Række (1858-66) - 2. Række. 3. Samling (1865),H.C. Andersen,,,,,H.C. Andersen
WOR001150,work,VÆRK-REGISTER,H. C. ANDERSEN,Eventyr,Eventyr-Samlinger (kronologisk),Nye Eventyr og Historier. 1.-2. Række (1858-66) - 2. Række. 4. Samling (1866),H.C. Andersen,,,,,H.C. Andersen
WOR001200,work,VÆRK-REGISTER,H. C. ANDERSEN,Eventyr,Eventyr-Samlinger (kronologisk),Nye Eventyr og Historier. 1.-2. Række (1858-66) - 3. Række. 1. Samling (1872),H.C. Andersen,,,,,H.C. Andersen
WOR001250,work,VÆRK-REGISTER,H. C. ANDERSEN,Eventyr,Eventyr-Samlinger (kronologisk),Nye Eventyr og Historier. 1.-2. Række (1858-66) - 3. Række. 2. Samling (1872),H.C. Andersen,,,,,H.C. Andersen
WOR001300,work,VÆRK-REGISTER,H. C. ANDERSEN,Eventyr,Eventyr-Samlinger (kronologisk),Eventyr og Historier. Med Ill. efter Originaltegninger af V. Pedersen. I-II (1862-63),H.C. Andersen,,,,,H.C. Andersen
WOR001350,work,VÆRK-REGISTER,H. C. ANDERSEN,Eventyr,Eventyr-Samlinger (kronologisk),Eventyr og Historier. Med Ill. efter Originaltegninger af V. Pedersen. I-II (1862-63) - Nyt Opl. (1873),H.C. Andersen,,,,,H.C. Andersen
WOR001400,work,VÆRK-REGISTER,H. C. ANDERSEN,Eventyr,Eventyr-Samlinger (kronologisk),Femten Eventyr og Historier. Med Ill. af Lorenz Frølich (1867),H.C. Andersen,,,,,H.C. Andersen
WOR001450,work,VÆRK-REGISTER,H. C. ANDERSEN,Eventyr,Eventyr-Samlinger (kronologisk),Nye Eventyr og Historier. Første Deel-Tredie Deel (= Samlede Skrifter 25.-27. Bd.) (1868),H.C. Andersen,,,,,H.C. Andersen
WOR001500,work,VÆRK-REGISTER,H. C. ANDERSEN,Eventyr,Eventyr-Samlinger (kronologisk),Tre nye Eventyr og Historier (1870 Ͻ: 1869),H.C. Andersen,,,,,H.C. Andersen
WOR001550,work,VÆRK-REGISTER,H. C. ANDERSEN,Eventyr,Eventyr-Samlinger (kronologisk),Nye Eventyr og Historier. Med Ill. efter Originaltegninger af Lorenz Frølich I (1870),H.C. Andersen,,,,,H.C. Andersen
WOR001600,work,VÆRK-REGISTER,H. C. ANDERSEN,Eventyr,Eventyr-Samlinger (kronologisk),Nye Eventyr og Historier. Med Ill. efter Originaltegninger af Lorenz Frølich - II (1871),H.C. Andersen,,,,,H.C. Andersen
WOR001650,work,VÆRK-REGISTER,H. C. ANDERSEN,Eventyr,Eventyr-Samlinger (kronologisk),Nye Eventyr og Historier. Med Ill. efter Originaltegninger af Lorenz Frølich - III (1874),H.C. Andersen,,,,,H.C. Andersen
WOR001700,work,VÆRK-REGISTER,H. C. ANDERSEN,Eventyr,Eventyr-Samlinger (kronologisk),Bemærkninger til Eventyr og Historier  - 1862:,H.C. Andersen,,,,,H.C. Andersen
WOR001750,work,VÆRK-REGISTER,H. C. ANDERSEN,Eventyr,Eventyr-Samlinger (kronologisk),Bemærkninger til Eventyr og Historier  - 1868:,H.C. Andersen,,,,,H.C. Andersen
WOR001800,work,VÆRK-REGISTER,H. C. ANDERSEN,Eventyr,Eventyr-Samlinger (kronologisk),Bemærkninger til Eventyr og Historier  - 1870:,H.C. Andersen,,,,,H.C. Andersen
WOR001850,work,VÆRK-REGISTER,H. C. ANDERSEN,Eventyr,Eventyr-Samlinger (kronologisk),Bemærkninger til Eventyr og Historier  - 1874:,H.C. Andersen,,,,,H.C. Andersen
WOR001900,work,VÆRK-REGISTER,H. C. ANDERSEN,Eventyr,Eventyr-Samlinger (kronologisk),Planer om en Godtkøbs-Udgave af samtlige Eventyr 1875,H.C. Andersen,,,,,H.C. Andersen
WOR001950,work,VÆRK-REGISTER,H. C. ANDERSEN,Eventyr,Enkelte Eventyr (alfabetisk),Abc-Bogen,H.C. Andersen,,,,,H.C. Andersen
WOR002000,work,VÆRK-REGISTER,H. C. ANDERSEN,Eventyr,Enkelte Eventyr (alfabetisk),Alt paa sin rette Plads,H.C. Andersen,,,,,H.C. Andersen
WOR002050,work,VÆRK-REGISTER,H. C. ANDERSEN,Eventyr,Enkelte Eventyr (alfabetisk),Anne Lisbeth,H.C. Andersen,,,,,H.C. Andersen
WOR002100,work,VÆRK-REGISTER,H. C. ANDERSEN,Eventyr,Enkelte Eventyr (alfabetisk),Barnet i Graven,H.C. Andersen,,,,,H.C. Andersen
WOR002150,work,VÆRK-REGISTER,H. C. ANDERSEN,Eventyr,Enkelte Eventyr (alfabetisk),Bedstemoder,H.C. Andersen,,,,,H.C. Andersen
WOR002200,work,VÆRK-REGISTER,H. C. ANDERSEN,Eventyr,Enkelte Eventyr (alfabetisk),Bispen paa Børglum og hans Frænde,H.C. Andersen,,,,,H.C. Andersen
WOR002250,work,VÆRK-REGISTER,H. C. ANDERSEN,Eventyr,Enkelte Eventyr (alfabetisk),Børnesnak,H.C. Andersen,,,,,H.C. Andersen
WOR002300,work,VÆRK-REGISTER,H. C. ANDERSEN,Eventyr,Enkelte Eventyr (alfabetisk),"»Dandse, dandse Dukke min!«",H.C. Andersen,,,,,H.C. Andersen
WOR002350,work,VÆRK-REGISTER,H. C. ANDERSEN,Eventyr,Enkelte Eventyr (alfabetisk),»Deilig!«,H.C. Andersen,,,,,H.C. Andersen
WOR002400,work,VÆRK-REGISTER,H. C. ANDERSEN,Eventyr,Enkelte Eventyr (alfabetisk),»Der er Forskjel«,H.C. Andersen,,,,,H.C. Andersen
WOR002450,work,VÆRK-REGISTER,H. C. ANDERSEN,Eventyr,Enkelte Eventyr (alfabetisk),Det er ganske vist!,H.C. Andersen,,,,,H.C. Andersen
WOR002500,work,VÆRK-REGISTER,H. C. ANDERSEN,Eventyr,Enkelte Eventyr (alfabetisk),Dryaden,H.C. Andersen,,,,,H.C. Andersen
WOR002550,work,VÆRK-REGISTER,H. C. ANDERSEN,Eventyr,Enkelte Eventyr (alfabetisk),Dynd-Kongens Datter,H.C. Andersen,,,,,H.C. Andersen
WOR002600,work,VÆRK-REGISTER,H. C. ANDERSEN,Eventyr,Enkelte Eventyr (alfabetisk),Elverhøi,H.C. Andersen,,,,,H.C. Andersen
WOR002650,work,VÆRK-REGISTER,H. C. ANDERSEN,Eventyr,Enkelte Eventyr (alfabetisk),Engelen,H.C. Andersen,,,,,H.C. Andersen
WOR002700,work,VÆRK-REGISTER,H. C. ANDERSEN,Eventyr,Enkelte Eventyr (alfabetisk),Fem fra en Ærtebælg,H.C. Andersen,,,,,H.C. Andersen
WOR002750,work,VÆRK-REGISTER,H. C. ANDERSEN,Eventyr,Enkelte Eventyr (alfabetisk),Flaskehalsen,H.C. Andersen,,,,,H.C. Andersen
WOR002800,work,VÆRK-REGISTER,H. C. ANDERSEN,Eventyr,Enkelte Eventyr (alfabetisk),Flipperne,H.C. Andersen,,,,,H.C. Andersen
WOR002850,work,VÆRK-REGISTER,H. C. ANDERSEN,Eventyr,Enkelte Eventyr (alfabetisk),Flyttedagen,H.C. Andersen,,,,,H.C. Andersen
WOR002900,work,VÆRK-REGISTER,H. C. ANDERSEN,Eventyr,Enkelte Eventyr (alfabetisk),Den flyvende Kuffert,H.C. Andersen,,,,,H.C. Andersen
WOR002950,work,VÆRK-REGISTER,H. C. ANDERSEN,Eventyr,Enkelte Eventyr (alfabetisk),Folkesangens Fugl,H.C. Andersen,,,,,H.C. Andersen
WOR003000,work,VÆRK-REGISTER,H. C. ANDERSEN,Eventyr,Enkelte Eventyr (alfabetisk),Gaardbanen og Veirhanen,H.C. Andersen,,,,,H.C. Andersen
WOR003050,work,VÆRK-REGISTER,H. C. ANDERSEN,Eventyr,Enkelte Eventyr (alfabetisk),Gaaseurten,H.C. Andersen,,,,,H.C. Andersen
WOR003100,work,VÆRK-REGISTER,H. C. ANDERSEN,Eventyr,Enkelte Eventyr (alfabetisk),Det gamle Egetræes sidste Drøm,H.C. Andersen,,,,,H.C. Andersen
WOR003150,work,VÆRK-REGISTER,H. C. ANDERSEN,Eventyr,Enkelte Eventyr (alfabetisk),Den gamle Gadeløgte,H.C. Andersen,,,,,H.C. Andersen
WOR003200,work,VÆRK-REGISTER,H. C. ANDERSEN,Eventyr,Enkelte Eventyr (alfabetisk),Det gamle Huus,H.C. Andersen,,,,,H.C. Andersen
WOR003250,work,VÆRK-REGISTER,H. C. ANDERSEN,Eventyr,Enkelte Eventyr (alfabetisk),Den gamle Kirkeklokke,H.C. Andersen,,,,,H.C. Andersen
WOR003300,work,VÆRK-REGISTER,H. C. ANDERSEN,Eventyr,Enkelte Eventyr (alfabetisk),Gartneren og Herskabet,H.C. Andersen,,,,,H.C. Andersen
WOR003350,work,VÆRK-REGISTER,H. C. ANDERSEN,Eventyr,Enkelte Eventyr (alfabetisk),Gjemt er ikke glemt,H.C. Andersen,,,,,H.C. Andersen
WOR003400,work,VÆRK-REGISTER,H. C. ANDERSEN,Eventyr,Enkelte Eventyr (alfabetisk),Et godt Humeur,H.C. Andersen,,,,,H.C. Andersen
WOR003450,work,VÆRK-REGISTER,H. C. ANDERSEN,Eventyr,Enkelte Eventyr (alfabetisk),Grantræet,H.C. Andersen,,,,,H.C. Andersen
WOR003500,work,VÆRK-REGISTER,H. C. ANDERSEN,Eventyr,Enkelte Eventyr (alfabetisk),Den grimme Ælling,H.C. Andersen,,,,,H.C. Andersen
WOR003550,work,VÆRK-REGISTER,H. C. ANDERSEN,Eventyr,Enkelte Eventyr (alfabetisk),Gudfaders Billedbog,H.C. Andersen,,,,,H.C. Andersen
WOR003600,work,VÆRK-REGISTER,H. C. ANDERSEN,Eventyr,Enkelte Eventyr (alfabetisk),Guldskat,H.C. Andersen,,,,,H.C. Andersen
WOR003650,work,VÆRK-REGISTER,H. C. ANDERSEN,Eventyr,Enkelte Eventyr (alfabetisk),Herrebladene,H.C. Andersen,,,,,H.C. Andersen
WOR003700,work,VÆRK-REGISTER,H. C. ANDERSEN,Eventyr,Enkelte Eventyr (alfabetisk),En Historie,H.C. Andersen,,,,,H.C. Andersen
WOR003750,work,VÆRK-REGISTER,H. C. ANDERSEN,Eventyr,Enkelte Eventyr (alfabetisk),En Historie fra Klitterne,H.C. Andersen,,,,,H.C. Andersen
WOR003800,work,VÆRK-REGISTER,H. C. ANDERSEN,Eventyr,Enkelte Eventyr (alfabetisk),Historien om en Moder,H.C. Andersen,,,,,H.C. Andersen
WOR003850,work,VÆRK-REGISTER,H. C. ANDERSEN,Eventyr,Enkelte Eventyr (alfabetisk),Hjertesorg,H.C. Andersen,,,,,H.C. Andersen
WOR003900,work,VÆRK-REGISTER,H. C. ANDERSEN,Eventyr,Enkelte Eventyr (alfabetisk),Holger Danske,H.C. Andersen,,,,,H.C. Andersen
WOR003950,work,VÆRK-REGISTER,H. C. ANDERSEN,Eventyr,Enkelte Eventyr (alfabetisk),»Hun duede ikke«,H.C. Andersen,,,,,H.C. Andersen
WOR004000,work,VÆRK-REGISTER,H. C. ANDERSEN,Eventyr,Enkelte Eventyr (alfabetisk),Hurtigløberne,H.C. Andersen,,,,,H.C. Andersen
WOR004050,work,VÆRK-REGISTER,H. C. ANDERSEN,Eventyr,Enkelte Eventyr (alfabetisk),"Hvad Fatter gjør, det er altid det Rigtige",H.C. Andersen,,,,,H.C. Andersen
WOR004100,work,VÆRK-REGISTER,H. C. ANDERSEN,Eventyr,Enkelte Eventyr (alfabetisk),Hvad gamle Johanne fortalte,H.C. Andersen,,,,,H.C. Andersen
WOR004150,work,VÆRK-REGISTER,H. C. ANDERSEN,Eventyr,Enkelte Eventyr (alfabetisk),Hvad hele Familien sagde,H.C. Andersen,,,,,H.C. Andersen
WOR004200,work,VÆRK-REGISTER,H. C. ANDERSEN,Eventyr,Enkelte Eventyr (alfabetisk),Hvad man kan hitte paa,H.C. Andersen,,,,,H.C. Andersen
WOR004250,work,VÆRK-REGISTER,H. C. ANDERSEN,Eventyr,Enkelte Eventyr (alfabetisk),Hvad Tidselen oplevede,H.C. Andersen,,,,,H.C. Andersen
WOR004300,work,VÆRK-REGISTER,H. C. ANDERSEN,Eventyr,Enkelte Eventyr (alfabetisk),Hvem var den Lykkeligste?,H.C. Andersen,,,,,H.C. Andersen
WOR004350,work,VÆRK-REGISTER,H. C. ANDERSEN,Eventyr,Enkelte Eventyr (alfabetisk),Hyldemoer (Eventyr),H.C. Andersen,,,,,H.C. Andersen
WOR004400,work,VÆRK-REGISTER,H. C. ANDERSEN,Eventyr,Enkelte Eventyr (alfabetisk),Hønse-Grethes Familie,H.C. Andersen,,,,,H.C. Andersen
WOR004450,work,VÆRK-REGISTER,H. C. ANDERSEN,Eventyr,Enkelte Eventyr (alfabetisk),Hørren,H.C. Andersen,,,,,H.C. Andersen
WOR004500,work,VÆRK-REGISTER,H. C. ANDERSEN,Eventyr,Enkelte Eventyr (alfabetisk),I Andegaarden,H.C. Andersen,,,,,H.C. Andersen
WOR004550,work,VÆRK-REGISTER,H. C. ANDERSEN,Eventyr,Enkelte Eventyr (alfabetisk),I Børnestuen,H.C. Andersen,,,,,H.C. Andersen
WOR004600,work,VÆRK-REGISTER,H. C. ANDERSEN,Eventyr,Enkelte Eventyr (alfabetisk),Ib og lille Christine,H.C. Andersen,,,,,H.C. Andersen
WOR004650,work,VÆRK-REGISTER,H. C. ANDERSEN,Eventyr,Enkelte Eventyr (alfabetisk),Iisjomfruen,H.C. Andersen,,,,,H.C. Andersen
WOR004700,work,VÆRK-REGISTER,H. C. ANDERSEN,Eventyr,Enkelte Eventyr (alfabetisk),Jødepigen,H.C. Andersen,,,,,H.C. Andersen
WOR004750,work,VÆRK-REGISTER,H. C. ANDERSEN,Eventyr,Enkelte Eventyr (alfabetisk),Keiserens nye Klæder,H.C. Andersen,,,,,H.C. Andersen
WOR004800,work,VÆRK-REGISTER,H. C. ANDERSEN,Eventyr,Enkelte Eventyr (alfabetisk),Kjærestefolkene,H.C. Andersen,,,,,H.C. Andersen
WOR004850,work,VÆRK-REGISTER,H. C. ANDERSEN,Eventyr,Enkelte Eventyr (alfabetisk),Klokkedybet,H.C. Andersen,,,,,H.C. Andersen
WOR004900,work,VÆRK-REGISTER,H. C. ANDERSEN,Eventyr,Enkelte Eventyr (alfabetisk),Klokken,H.C. Andersen,,,,,H.C. Andersen
WOR004950,work,VÆRK-REGISTER,H. C. ANDERSEN,Eventyr,Enkelte Eventyr (alfabetisk),Kometen,H.C. Andersen,,,,,H.C. Andersen
WOR005000,work,VÆRK-REGISTER,H. C. ANDERSEN,Eventyr,Enkelte Eventyr (alfabetisk),Krøblingen (Eventyrbogen),H.C. Andersen,,,,,H.C. Andersen
WOR005050,work,VÆRK-REGISTER,H. C. ANDERSEN,Eventyr,Enkelte Eventyr (alfabetisk),Laserne,H.C. Andersen,,,,,H.C. Andersen
WOR005100,work,VÆRK-REGISTER,H. C. ANDERSEN,Eventyr,Enkelte Eventyr (alfabetisk),Lille Claus og store Claus,H.C. Andersen,,,,,H.C. Andersen
WOR005150,work,VÆRK-REGISTER,H. C. ANDERSEN,Eventyr,Enkelte Eventyr (alfabetisk),Den lille Havfrue,H.C. Andersen,,,,,H.C. Andersen
WOR005200,work,VÆRK-REGISTER,H. C. ANDERSEN,Eventyr,Enkelte Eventyr (alfabetisk),Den lille Idas Blomster,H.C. Andersen,,,,,H.C. Andersen
WOR005250,work,VÆRK-REGISTER,H. C. ANDERSEN,Eventyr,Enkelte Eventyr (alfabetisk),Den lille Pige med Svovlstikkerne,H.C. Andersen,,,,,H.C. Andersen
WOR005300,work,VÆRK-REGISTER,H. C. ANDERSEN,Eventyr,Enkelte Eventyr (alfabetisk),Lille Tuk,H.C. Andersen,,,,,H.C. Andersen
WOR005350,work,VÆRK-REGISTER,H. C. ANDERSEN,Eventyr,Enkelte Eventyr (alfabetisk),Loppen og Professoren,H.C. Andersen,,,,,H.C. Andersen
WOR005400,work,VÆRK-REGISTER,H. C. ANDERSEN,Eventyr,Enkelte Eventyr (alfabetisk),"Lygtemændene ere i Byen, sagde Mosekonen",H.C. Andersen,,,,,H.C. Andersen
WOR005450,work,VÆRK-REGISTER,H. C. ANDERSEN,Eventyr,Enkelte Eventyr (alfabetisk),Den lykkelige Familie,H.C. Andersen,,,,,H.C. Andersen
WOR005500,work,VÆRK-REGISTER,H. C. ANDERSEN,Eventyr,Enkelte Eventyr (alfabetisk),Lykken kan ligge i en Pind,H.C. Andersen,,,,,H.C. Andersen
WOR005550,work,VÆRK-REGISTER,H. C. ANDERSEN,Eventyr,Enkelte Eventyr (alfabetisk),Lykkens Kalosker,H.C. Andersen,,,,,H.C. Andersen
WOR005600,work,VÆRK-REGISTER,H. C. ANDERSEN,Eventyr,Enkelte Eventyr (alfabetisk),Lysene,H.C. Andersen,,,,,H.C. Andersen
WOR005650,work,VÆRK-REGISTER,H. C. ANDERSEN,Eventyr,Enkelte Eventyr (alfabetisk),Marionetspilleren,H.C. Andersen,,,,,H.C. Andersen
WOR005700,work,VÆRK-REGISTER,H. C. ANDERSEN,Eventyr,Enkelte Eventyr (alfabetisk),Moster,H.C. Andersen,,,,,H.C. Andersen
WOR005750,work,VÆRK-REGISTER,H. C. ANDERSEN,Eventyr,Enkelte Eventyr (alfabetisk),Nabofamilierne,H.C. Andersen,,,,,H.C. Andersen
WOR005800,work,VÆRK-REGISTER,H. C. ANDERSEN,Eventyr,Enkelte Eventyr (alfabetisk),Nattergalen,H.C. Andersen,,,,,H.C. Andersen
WOR005850,work,VÆRK-REGISTER,H. C. ANDERSEN,Eventyr,Enkelte Eventyr (alfabetisk),Nissen hos Spekhøkeren,H.C. Andersen,,,,,H.C. Andersen
WOR005900,work,VÆRK-REGISTER,H. C. ANDERSEN,Eventyr,Enkelte Eventyr (alfabetisk),Nissen og Madamen,H.C. Andersen,,,,,H.C. Andersen
WOR005950,work,VÆRK-REGISTER,H. C. ANDERSEN,Eventyr,Enkelte Eventyr (alfabetisk),»Noget«,H.C. Andersen,,,,,H.C. Andersen
WOR006000,work,VÆRK-REGISTER,H. C. ANDERSEN,Eventyr,Enkelte Eventyr (alfabetisk),Det ny Aarhundredes Musa,H.C. Andersen,,,,,H.C. Andersen
WOR006050,work,VÆRK-REGISTER,H. C. ANDERSEN,Eventyr,Enkelte Eventyr (alfabetisk),Oldefa'er,H.C. Andersen,,,,,H.C. Andersen
WOR006100,work,VÆRK-REGISTER,H. C. ANDERSEN,Eventyr,Enkelte Eventyr (alfabetisk),Ole Lukøie (Eventyr),H.C. Andersen,,,,,H.C. Andersen
WOR006150,work,VÆRK-REGISTER,H. C. ANDERSEN,Eventyr,Enkelte Eventyr (alfabetisk),Den onde Fyrste,H.C. Andersen,,,,,H.C. Andersen
WOR006200,work,VÆRK-REGISTER,H. C. ANDERSEN,Eventyr,Enkelte Eventyr (alfabetisk),Paa den yderste Dag,H.C. Andersen,,,,,H.C. Andersen
WOR006250,work,VÆRK-REGISTER,H. C. ANDERSEN,Eventyr,Enkelte Eventyr (alfabetisk),Paradisets Have,H.C. Andersen,,,,,H.C. Andersen
WOR006300,work,VÆRK-REGISTER,H. C. ANDERSEN,Eventyr,Enkelte Eventyr (alfabetisk),Pebersvendens Nathue,H.C. Andersen,,,,,H.C. Andersen
WOR006350,work,VÆRK-REGISTER,H. C. ANDERSEN,Eventyr,Enkelte Eventyr (alfabetisk),"Peiter, Peter og Peer",H.C. Andersen,,,,,H.C. Andersen
WOR006400,work,VÆRK-REGISTER,H. C. ANDERSEN,Eventyr,Enkelte Eventyr (alfabetisk),Pen og Blækhuus,H.C. Andersen,,,,,H.C. Andersen
WOR006450,work,VÆRK-REGISTER,H. C. ANDERSEN,Eventyr,Enkelte Eventyr (alfabetisk),"Pigen, som traadte paa Brødet",H.C. Andersen,,,,,H.C. Andersen
WOR006500,work,VÆRK-REGISTER,H. C. ANDERSEN,Eventyr,Enkelte Eventyr (alfabetisk),Portnerens Søn,H.C. Andersen,,,,,H.C. Andersen
WOR006550,work,VÆRK-REGISTER,H. C. ANDERSEN,Eventyr,Enkelte Eventyr (alfabetisk),Portnøglen,H.C. Andersen,,,,,H.C. Andersen
WOR006600,work,VÆRK-REGISTER,H. C. ANDERSEN,Eventyr,Enkelte Eventyr (alfabetisk),Prindsessen paa Ærten,H.C. Andersen,,,,,H.C. Andersen
WOR006650,work,VÆRK-REGISTER,H. C. ANDERSEN,Eventyr,Enkelte Eventyr (alfabetisk),Psychen,H.C. Andersen,,,,,H.C. Andersen
WOR006700,work,VÆRK-REGISTER,H. C. ANDERSEN,Eventyr,Enkelte Eventyr (alfabetisk),Qvæk,H.C. Andersen,,,,,H.C. Andersen
WOR006750,work,VÆRK-REGISTER,H. C. ANDERSEN,Eventyr,Enkelte Eventyr (alfabetisk),Reisekammeraten,H.C. Andersen,,,,,H.C. Andersen
WOR006800,work,VÆRK-REGISTER,H. C. ANDERSEN,Eventyr,Enkelte Eventyr (alfabetisk),De røde Skoe,H.C. Andersen,,,,,H.C. Andersen
WOR006850,work,VÆRK-REGISTER,H. C. ANDERSEN,Eventyr,Enkelte Eventyr (alfabetisk),Den sidste Perle,H.C. Andersen,,,,,H.C. Andersen
WOR006900,work,VÆRK-REGISTER,H. C. ANDERSEN,Eventyr,Enkelte Eventyr (alfabetisk),Skarnbassen,H.C. Andersen,,,,,H.C. Andersen
WOR006950,work,VÆRK-REGISTER,H. C. ANDERSEN,Eventyr,Enkelte Eventyr (alfabetisk),Skrubtudsen,H.C. Andersen,,,,,H.C. Andersen
WOR007000,work,VÆRK-REGISTER,H. C. ANDERSEN,Eventyr,Enkelte Eventyr (alfabetisk),Skyggen,H.C. Andersen,,,,,H.C. Andersen
WOR007050,work,VÆRK-REGISTER,H. C. ANDERSEN,Eventyr,Enkelte Eventyr (alfabetisk),De smaa Grønne,H.C. Andersen,,,,,H.C. Andersen
WOR007100,work,VÆRK-REGISTER,H. C. ANDERSEN,Eventyr,Enkelte Eventyr (alfabetisk),Sneedronningen,H.C. Andersen,,,,,H.C. Andersen
WOR007150,work,VÆRK-REGISTER,H. C. ANDERSEN,Eventyr,Enkelte Eventyr (alfabetisk),Sneemanden,H.C. Andersen,,,,,H.C. Andersen
WOR007200,work,VÆRK-REGISTER,H. C. ANDERSEN,Eventyr,Enkelte Eventyr (alfabetisk),Sneglen og Rosenhækken,H.C. Andersen,,,,,H.C. Andersen
WOR007250,work,VÆRK-REGISTER,H. C. ANDERSEN,Eventyr,Enkelte Eventyr (alfabetisk),Solskinsbistorier,H.C. Andersen,,,,,H.C. Andersen
WOR007300,work,VÆRK-REGISTER,H. C. ANDERSEN,Eventyr,Enkelte Eventyr (alfabetisk),Sommerfuglen,H.C. Andersen,,,,,H.C. Andersen
WOR007350,work,VÆRK-REGISTER,H. C. ANDERSEN,Eventyr,Enkelte Eventyr (alfabetisk),Sommergjækken,H.C. Andersen,,,,,H.C. Andersen
WOR007400,work,VÆRK-REGISTER,H. C. ANDERSEN,Eventyr,Enkelte Eventyr (alfabetisk),Springfyrene,H.C. Andersen,,,,,H.C. Andersen
WOR007450,work,VÆRK-REGISTER,H. C. ANDERSEN,Eventyr,Enkelte Eventyr (alfabetisk),»Spørg Amagermo'er«,H.C. Andersen,,,,,H.C. Andersen
WOR007500,work,VÆRK-REGISTER,H. C. ANDERSEN,Eventyr,Enkelte Eventyr (alfabetisk),Den standhaftige Tinsoldat,H.C. Andersen,,,,,H.C. Andersen
WOR007550,work,VÆRK-REGISTER,H. C. ANDERSEN,Eventyr,Enkelte Eventyr (alfabetisk),Stoppenaalen,H.C. Andersen,,,,,H.C. Andersen
WOR007600,work,VÆRK-REGISTER,H. C. ANDERSEN,Eventyr,Enkelte Eventyr (alfabetisk),Den store Søslange,H.C. Andersen,,,,,H.C. Andersen
WOR007650,work,VÆRK-REGISTER,H. C. ANDERSEN,Eventyr,Enkelte Eventyr (alfabetisk),Stormen flytter Skilt,H.C. Andersen,,,,,H.C. Andersen
WOR007700,work,VÆRK-REGISTER,H. C. ANDERSEN,Eventyr,Enkelte Eventyr (alfabetisk),Den stumme Bog,H.C. Andersen,,,,,H.C. Andersen
WOR007750,work,VÆRK-REGISTER,H. C. ANDERSEN,Eventyr,Enkelte Eventyr (alfabetisk),Et Stykke Perlesnor,H.C. Andersen,,,,,H.C. Andersen
WOR007800,work,VÆRK-REGISTER,H. C. ANDERSEN,Eventyr,Enkelte Eventyr (alfabetisk),Suppe paa en Pølsepind,H.C. Andersen,,,,,H.C. Andersen
WOR007850,work,VÆRK-REGISTER,H. C. ANDERSEN,Eventyr,Enkelte Eventyr (alfabetisk),Svanereden,H.C. Andersen,,,,,H.C. Andersen
WOR007900,work,VÆRK-REGISTER,H. C. ANDERSEN,Eventyr,Enkelte Eventyr (alfabetisk),Svinedrengen,H.C. Andersen,,,,,H.C. Andersen
WOR007950,work,VÆRK-REGISTER,H. C. ANDERSEN,Eventyr,Enkelte Eventyr (alfabetisk),Svinene (»I Sverrig«),H.C. Andersen,,,,,H.C. Andersen
WOR008000,work,VÆRK-REGISTER,H. C. ANDERSEN,Eventyr,Enkelte Eventyr (alfabetisk),Sølvskillingen,H.C. Andersen,,,,,H.C. Andersen
WOR008050,work,VÆRK-REGISTER,H. C. ANDERSEN,Eventyr,Enkelte Eventyr (alfabetisk),Taarnvægteren Ole,H.C. Andersen,,,,,H.C. Andersen
WOR008100,work,VÆRK-REGISTER,H. C. ANDERSEN,Eventyr,Enkelte Eventyr (alfabetisk),Tante Tandpine,H.C. Andersen,,,,,H.C. Andersen
WOR008150,work,VÆRK-REGISTER,H. C. ANDERSEN,Eventyr,Enkelte Eventyr (alfabetisk),Theepotten,H.C. Andersen,,,,,H.C. Andersen
WOR008200,work,VÆRK-REGISTER,H. C. ANDERSEN,Eventyr,Enkelte Eventyr (alfabetisk),To Brødre,H.C. Andersen,,,,,H.C. Andersen
WOR008250,work,VÆRK-REGISTER,H. C. ANDERSEN,Eventyr,Enkelte Eventyr (alfabetisk),To Jomfruer,H.C. Andersen,,,,,H.C. Andersen
WOR008300,work,VÆRK-REGISTER,H. C. ANDERSEN,Eventyr,Enkelte Eventyr (alfabetisk),Tolv med Posten,H.C. Andersen,,,,,H.C. Andersen
WOR008350,work,VÆRK-REGISTER,H. C. ANDERSEN,Eventyr,Enkelte Eventyr (alfabetisk),Tommelise,H.C. Andersen,,,,,H.C. Andersen
WOR008400,work,VÆRK-REGISTER,H. C. ANDERSEN,Eventyr,Enkelte Eventyr (alfabetisk),Den uartige Dreng,H.C. Andersen,,,,,H.C. Andersen
WOR008450,work,VÆRK-REGISTER,H. C. ANDERSEN,Eventyr,Enkelte Eventyr (alfabetisk),Ugedagene,H.C. Andersen,,,,,H.C. Andersen
WOR008500,work,VÆRK-REGISTER,H. C. ANDERSEN,Eventyr,Enkelte Eventyr (alfabetisk),Under Piletræet,H.C. Andersen,,,,,H.C. Andersen
WOR008550,work,VÆRK-REGISTER,H. C. ANDERSEN,Eventyr,Enkelte Eventyr (alfabetisk),Det Utroligste,H.C. Andersen,,,,,H.C. Andersen
WOR008600,work,VÆRK-REGISTER,H. C. ANDERSEN,Eventyr,Enkelte Eventyr (alfabetisk),Vanddraaben,H.C. Andersen,,,,,H.C. Andersen
WOR008650,work,VÆRK-REGISTER,H. C. ANDERSEN,Eventyr,Enkelte Eventyr (alfabetisk),Ved det yderste Hav,H.C. Andersen,,,,,H.C. Andersen
WOR008700,work,VÆRK-REGISTER,H. C. ANDERSEN,Eventyr,Enkelte Eventyr (alfabetisk),Veirmøllen,H.C. Andersen,,,,,H.C. Andersen
WOR008750,work,VÆRK-REGISTER,H. C. ANDERSEN,Eventyr,Enkelte Eventyr (alfabetisk),Venskabspagten,H.C. Andersen,,,,,H.C. Andersen
WOR008800,work,VÆRK-REGISTER,H. C. ANDERSEN,Eventyr,Enkelte Eventyr (alfabetisk),"Venskabspagten
(lndledningsdigtet)",H.C. Andersen,,,,,H.C. Andersen
WOR008850,work,VÆRK-REGISTER,H. C. ANDERSEN,Eventyr,Enkelte Eventyr (alfabetisk),Verdens deiligste Rose,H.C. Andersen,,,,,H.C. Andersen
WOR008900,work,VÆRK-REGISTER,H. C. ANDERSEN,Eventyr,Enkelte Eventyr (alfabetisk),De vilde Svaner,H.C. Andersen,,,,,H.C. Andersen
WOR008950,work,VÆRK-REGISTER,H. C. ANDERSEN,Eventyr,Enkelte Eventyr (alfabetisk),Vinden fortæller om Valdemar Daae og hans Døttre,H.C. Andersen,,,,,H.C. Andersen
WOR009000,work,VÆRK-REGISTER,H. C. ANDERSEN,Eventyr,Enkelte Eventyr (alfabetisk),De Vises Steen,H.C. Andersen,,,,,H.C. Andersen
WOR009050,work,VÆRK-REGISTER,H. C. ANDERSEN,Eventyr,Enkelte Eventyr (alfabetisk),Vænø og Glænø,H.C. Andersen,,,,,H.C. Andersen
WOR009100,work,VÆRK-REGISTER,H. C. ANDERSEN,Eventyr,Ideer og Planer til Eventyr,Asenet i Trædemøllen,H.C. Andersen,,,,,H.C. Andersen
WOR009150,work,VÆRK-REGISTER,H. C. ANDERSEN,Eventyr,Ideer og Planer til Eventyr,Bøgernes Bog. Et Eventyr om en Mand som gik ud at søge Gud og fandt ham i sin Bibel,H.C. Andersen,,,,,H.C. Andersen
WOR009200,work,VÆRK-REGISTER,H. C. ANDERSEN,Eventyr,Ideer og Planer til Eventyr,Et Eventyr mod Weilbach,H.C. Andersen,,,,,H.C. Andersen
WOR009250,work,VÆRK-REGISTER,H. C. ANDERSEN,Eventyr,Ideer og Planer til Eventyr,[Eventyr om Hohenschwangau lovet Dronning Maria af Bayern 20.6.1854],H.C. Andersen,,,,,H.C. Andersen
WOR009300,work,VÆRK-REGISTER,H. C. ANDERSEN,Eventyr,Ideer og Planer til Eventyr,Fra en Pebersvends Stue,H.C. Andersen,,,,,H.C. Andersen
WOR009350,work,VÆRK-REGISTER,H. C. ANDERSEN,Eventyr,Ideer og Planer til Eventyr,Fra Europa til Africa,H.C. Andersen,,,,,H.C. Andersen
WOR009400,work,VÆRK-REGISTER,H. C. ANDERSEN,Eventyr,Ideer og Planer til Eventyr,Frihed og Constitution i en Hønsegaard,H.C. Andersen,,,,,H.C. Andersen
WOR009450,work,VÆRK-REGISTER,H. C. ANDERSEN,Eventyr,Ideer og Planer til Eventyr,"Grundlag i Livet: Stamtræ, Penge og Geni (Idé til Eventyr)",H.C. Andersen,,,,,H.C. Andersen
WOR009500,work,VÆRK-REGISTER,H. C. ANDERSEN,Eventyr,Ideer og Planer til Eventyr,Historien om en Humlestang,H.C. Andersen,,,,,H.C. Andersen
WOR009550,work,VÆRK-REGISTER,H. C. ANDERSEN,Eventyr,Ideer og Planer til Eventyr,Hvad Havet fortæller (jf. Den store Søslange),H.C. Andersen,,,,,H.C. Andersen
WOR009600,work,VÆRK-REGISTER,H. C. ANDERSEN,Eventyr,Ideer og Planer til Eventyr,Jernbane Puk,H.C. Andersen,,,,,H.C. Andersen
WOR009650,work,VÆRK-REGISTER,H. C. ANDERSEN,Eventyr,Ideer og Planer til Eventyr,En Kaalorm,H.C. Andersen,,,,,H.C. Andersen
WOR009700,work,VÆRK-REGISTER,H. C. ANDERSEN,Eventyr,Ideer og Planer til Eventyr,Man siger -,H.C. Andersen,,,,,H.C. Andersen
WOR009750,work,VÆRK-REGISTER,H. C. ANDERSEN,Eventyr,Ideer og Planer til Eventyr,"Den nye Samson (Vor gamle Skolemester. HCA.s Eventyr. Ved Erik Dal, V, 1967, 245-46)",H.C. Andersen,,,,,H.C. Andersen
WOR009800,work,VÆRK-REGISTER,H. C. ANDERSEN,Eventyr,Ideer og Planer til Eventyr,Parabel (Napoli 1846),H.C. Andersen,,,,,H.C. Andersen
WOR009850,work,VÆRK-REGISTER,H. C. ANDERSEN,Eventyr,Ideer og Planer til Eventyr,St. Nicolas Aften i Amsterdam,H.C. Andersen,,,,,H.C. Andersen
WOR009900,work,VÆRK-REGISTER,H. C. ANDERSEN,Eventyr,Ideer og Planer til Eventyr,Storke-Brev fra Suez,H.C. Andersen,,,,,H.C. Andersen
WOR009950,work,VÆRK-REGISTER,H. C. ANDERSEN,Eventyr,Ideer og Planer til Eventyr,Storken reiser med Familie til Ægypten (jf. Dynd-Kongens Datter),H.C. Andersen,,,,,H.C. Andersen
WOR010000,work,VÆRK-REGISTER,H. C. ANDERSEN,Eventyr,Ideer og Planer til Eventyr,Stort skal det være (maaske = Den lykkelige Familie),H.C. Andersen,,,,,H.C. Andersen
WOR010050,work,VÆRK-REGISTER,H. C. ANDERSEN,Eventyr,Ideer og Planer til Eventyr,Sæbeboblerne (jf. Kometen),H.C. Andersen,,,,,H.C. Andersen
WOR010100,work,VÆRK-REGISTER,H. C. ANDERSEN,Eventyr,Ideer og Planer til Eventyr,Vaaren reiser giennem Landet (jf. Aarets Historie),H.C. Andersen,,,,,H.C. Andersen
WOR010150,work,VÆRK-REGISTER,H. C. ANDERSEN,Eventyr,Ideer og Planer til Eventyr,En vandrende Veiviser,H.C. Andersen,,,,,H.C. Andersen
WOR010200,work,VÆRK-REGISTER,H. C. ANDERSEN,Eventyr,Ideer og Planer til Eventyr,Æblet (jf. Pebersvendens Nathue),H.C. Andersen,,,,,H.C. Andersen
WOR010250,work,VÆRK-REGISTER,H. C. ANDERSEN,Eventyr,Eventyr-Oversættelser,Udgave ikke nærmere angivet,H.C. Andersen,,,,,H.C. Andersen
WOR010300,work,VÆRK-REGISTER,H. C. ANDERSEN,Eventyr,Eventyr-Oversættelser,"Polyglot Udgave 
- Historien om en Moder i femten Sprog udgiven af Jean Pio og Vilh. Thomsen (1875)",H.C. Andersen,,,,,H.C. Andersen
WOR010350,work,VÆRK-REGISTER,H. C. ANDERSEN,Eventyr,Eventyr-Oversættelser,"Svensk
 - Sagor och berättelser. Öfversättning från danskan af Karl Bäckman. 1.-2. delen med träsnitt af Karl Larsson och Isidor Törnblom (1877)",H.C. Andersen,,,,,H.C. Andersen
WOR010400,work,VÆRK-REGISTER,H. C. ANDERSEN,Eventyr,Eventyr-Oversættelser,"Tyske
 - Märchen für Kinder. Vignetten von G. Osterwald (Braunschweig 1839)",H.C. Andersen,,,,,H.C. Andersen
WOR010450,work,VÆRK-REGISTER,H. C. ANDERSEN,Eventyr,Eventyr-Oversættelser,Tyske - Neue Märchen. Aus dem Dänischen von H. Zeise. II. [Ill. af Otto Speckter]. (Hamburg 1846),H.C. Andersen,,,,,H.C. Andersen
WOR010500,work,VÆRK-REGISTER,H. C. ANDERSEN,Eventyr,Eventyr-Oversættelser,Tyske - Gesammelte Märchen mit 112 Ill. nach Originalzeichnungen von V. Pedersen (1849),H.C. Andersen,,,,,H.C. Andersen
WOR010550,work,VÆRK-REGISTER,H. C. ANDERSEN,Eventyr,Eventyr-Oversættelser,Tyske - Gesammelte Märchen und Historien nebst Bilderbuch ohne Bilder (= Sämmtliche Werke I) (1853),H.C. Andersen,,,,,H.C. Andersen
WOR010600,work,VÆRK-REGISTER,H. C. ANDERSEN,Eventyr,Eventyr-Oversættelser,Tyske - Historien (= Gesammelte Werke XXXVIII) (1853),H.C. Andersen,,,,,H.C. Andersen
WOR010650,work,VÆRK-REGISTER,H. C. ANDERSEN,Eventyr,Eventyr-Oversættelser,Tyske - Gesammelte Historien. Mit 75 Ill. nach Originalzeichnungen von V. Pedersen (1857),H.C. Andersen,,,,,H.C. Andersen
WOR010700,work,VÆRK-REGISTER,H. C. ANDERSEN,Eventyr,Eventyr-Oversættelser,Tyske - Sämmtliche Märchen. Einzige vollst. vom Verf. besorgte Ausgabe. 8. Aufl. (1861),H.C. Andersen,,,,,H.C. Andersen
WOR010750,work,VÆRK-REGISTER,H. C. ANDERSEN,Eventyr,Eventyr-Oversættelser,"Tyske - 
Die Dryade. (Leipzig 1868)",H.C. Andersen,,,,,H.C. Andersen
WOR010800,work,VÆRK-REGISTER,H. C. ANDERSEN,Eventyr,Eventyr-Oversættelser,"Tyske 
- Von der Weltausstellung 1867. Die Dryade. Ein Märchen. Deutsch von August W. Peters. (Bremen 1869).",H.C. Andersen,,,,,H.C. Andersen
WOR010850,work,VÆRK-REGISTER,H. C. ANDERSEN,Eventyr,Eventyr-Oversættelser,"Tyske 
- Sämtliche Märchen. Einzige vollst. vom Verf. besorgte Ausgabe. Mit 67 in den Text gedr. Holzschnitten u. 12 grossen Ill. nach Originalzeichnungen von L. Hutschenreuter u. V. Pedersen. 13. verm. u. verb. Aufl. (1870)",H.C. Andersen,,,,,H.C. Andersen
WOR010900,work,VÆRK-REGISTER,H. C. ANDERSEN,Eventyr,Eventyr-Oversættelser,"Tyske 
- Drei neue Märchen und Geschichten. Hühnergrethens Familie. Was die Distel erlebte. Worauf Einer verfallen kann. Deutsch von August W. Peters (1870)",H.C. Andersen,,,,,H.C. Andersen
WOR010950,work,VÆRK-REGISTER,H. C. ANDERSEN,Eventyr,Eventyr-Oversættelser,Tyske - Ausgewählte Märchen. Deutsch von Julius Reuscher. (Lpz. 1871),H.C. Andersen,,,,,H.C. Andersen
WOR011000,work,VÆRK-REGISTER,H. C. ANDERSEN,Eventyr,Eventyr-Oversættelser,"Tyske 
- Neue Märchen und Geschichten. Deutsch von Wilhelm Reinhardt. (Bremen 1873)",H.C. Andersen,,,,,H.C. Andersen
WOR011050,work,VÆRK-REGISTER,H. C. ANDERSEN,Eventyr,Eventyr-Oversættelser,"Engelske 
- A Poet's Day Dreams (1853)",H.C. Andersen,,,,,H.C. Andersen
WOR011100,work,VÆRK-REGISTER,H. C. ANDERSEN,Eventyr,Eventyr-Oversættelser,"Engelske 
- The Sand-hills of Jutland (1860)",H.C. Andersen,,,,,H.C. Andersen
WOR011150,work,VÆRK-REGISTER,H. C. ANDERSEN,Eventyr,Eventyr-Oversættelser,"Engelske 
- The Ice-Maiden. Tr. from the Danish by Mrs. Bushby. With drawings by Zwecker, engraved by Pearson (1863)",H.C. Andersen,,,,,H.C. Andersen
WOR011200,work,VÆRK-REGISTER,H. C. ANDERSEN,Eventyr,Eventyr-Oversættelser,"Engelske 
- The Ice-Maiden. Tr. from the Danish by Mrs. Bushby. With drawings by Zwecker, engraved by Pearson (1863) - Ny Udgave 1875 (Ͻ: 1874)",H.C. Andersen,,,,,H.C. Andersen
WOR011250,work,VÆRK-REGISTER,H. C. ANDERSEN,Eventyr,Eventyr-Oversættelser,"Engelske 
- Hans Christian Andersen's Stories for the Household. Tr. by H.W. Dulcken. With 220 illustrations by A. W. Bayes (1866)",H.C. Andersen,,,,,H.C. Andersen
WOR011300,work,VÆRK-REGISTER,H. C. ANDERSEN,Eventyr,Eventyr-Oversættelser,"Engelske 
- Later Tales, published during 1867 and 1868. Tr. by Caroline Peachey, Augusta Plesner and Henry Ward. With ill.s by Otto Speckter (1869)",H.C. Andersen,,,,,H.C. Andersen
WOR011350,work,VÆRK-REGISTER,H. C. ANDERSEN,Eventyr,Eventyr-Oversættelser,"Engelske 
- Andersen's Tales for Children. Tr. by A. Wehnert. With ill.s by E. H. Wehnert, W. Thomas, and others (1869)",H.C. Andersen,,,,,H.C. Andersen
WOR011400,work,VÆRK-REGISTER,H. C. ANDERSEN,Eventyr,Eventyr-Oversættelser,"Engelske 
- The Dryad. [Tr. by A.M. and Augusta Plesner]. (Aunt Judy's Magazine 1869)",H.C. Andersen,,,,,H.C. Andersen
WOR011450,work,VÆRK-REGISTER,H. C. ANDERSEN,Eventyr,Eventyr-Oversættelser,"Engelske 
- The Wood Nymph. Tr. from the Danish by A.M. and Augusta Plesner (1870)",H.C. Andersen,,,,,H.C. Andersen
WOR011500,work,VÆRK-REGISTER,H. C. ANDERSEN,Eventyr,Eventyr-Oversættelser,Engelske - Wonder Stories. Told for Children. (New York 1870),H.C. Andersen,,,,,H.C. Andersen
WOR011550,work,VÆRK-REGISTER,H. C. ANDERSEN,Eventyr,Eventyr-Oversættelser,"Engelske - Fairy Tales and Sketches. Tr. by Caroline Peachey, Augusta Plesner, H. Ward, and others. With 81 vignettes by O. Speckter, and other illustrations by A.W. Cooper, A.W. Bayes, etc., etc. (London 1870).",H.C. Andersen,,,,,H.C. Andersen
WOR011600,work,VÆRK-REGISTER,H. C. ANDERSEN,Eventyr,Eventyr-Oversættelser,Engelske - Stories and Tales (New York 1871).,H.C. Andersen,,,,,H.C. Andersen
WOR011650,work,VÆRK-REGISTER,H. C. ANDERSEN,Eventyr,Eventyr-Oversættelser,Engelske - Fairy Tales. Illustrated by twelve large designs in colour by E. V. B. [Ͻ: the Hon. Mrs. Boyle]. Newly tr. by H. L. D. Ward and Augusta Plesner (1872 Ͻ: 1871),H.C. Andersen,,,,,H.C. Andersen
WOR011700,work,VÆRK-REGISTER,H. C. ANDERSEN,Eventyr,Eventyr-Oversættelser,"Engelske - Hans Andersen's Good Wishes for Children, interpreted by A. A. B. and S. G. P. [Ͻ: Alice A. Bigelow og Sally G. Putnam]. (New York 1873)",H.C. Andersen,,,,,H.C. Andersen
WOR011750,work,VÆRK-REGISTER,H. C. ANDERSEN,Eventyr,Eventyr-Oversættelser,"Franske - Contes d' Andersen, traduits du danois par D. Soldi, avec une notice biographique par X. Marmier et 40 vignettes par Bertall (1856)",H.C. Andersen,,,,,H.C. Andersen
WOR011800,work,VÆRK-REGISTER,H. C. ANDERSEN,Eventyr,Eventyr-Oversættelser,Franske - Deux contes [Le scarabée. Le papilIon]. (Tiré de la Bibliothèque Universelle . . . Imité du danois [par] Jules F.-U. Jurgensenl [1861].,H.C. Andersen,,,,,H.C. Andersen
WOR011850,work,VÆRK-REGISTER,H. C. ANDERSEN,Eventyr,Eventyr-Oversættelser,Franske - Fantaisies danoises (Tr. par Jules F.-U. Jurgensen). (Genève 1861),H.C. Andersen,,,,,H.C. Andersen
WOR011900,work,VÆRK-REGISTER,H. C. ANDERSEN,Eventyr,Eventyr-Oversættelser,Franske - Nouveaux contes. Traduits par Soldi. (1862),H.C. Andersen,,,,,H.C. Andersen
WOR011950,work,VÆRK-REGISTER,H. C. ANDERSEN,Eventyr,Eventyr-Oversættelser,Franske - Contes danois. Traduits pour la première fois par Ernest Grégoire et Louis Moland. III. d'après les dessins de Yan' Dargent. (1873),H.C. Andersen,,,,,H.C. Andersen
WOR012000,work,VÆRK-REGISTER,H. C. ANDERSEN,Eventyr,Eventyr-Oversættelser,Franske - Nouveaux contes. Traduits par Louis Demouceaux. (1874),H.C. Andersen,,,,,H.C. Andersen
WOR012050,work,VÆRK-REGISTER,H. C. ANDERSEN,Eventyr,Eventyr-Oversættelser,Franske - Nouveaux contes. La vierge des glaciers. Ib et la petite Christine [etc. etc]. . . . Traduction de Grégoire et L. Moland. Illustrations de Yan' Dargent (1874),H.C. Andersen,,,,,H.C. Andersen
WOR012100,work,VÆRK-REGISTER,H. C. ANDERSEN,Eventyr,Eventyr-Oversættelser,Hollandske - Nieuwe vertellingen. Uit het Deensch vertaald door J. L. D. Nepveu (1847),H.C. Andersen,,,,,H.C. Andersen
WOR012150,work,VÆRK-REGISTER,H. C. ANDERSEN,Eventyr,Eventyr-Oversættelser,"Hollandske - Verzamelte vertellingen en sproken. Volledige uitgave, door den schrijver zelven bezorgd. Naar de zesde Hoogduitsche uitgave door C. de Jong. Tweede druk. (Utrecht 1859)",H.C. Andersen,,,,,H.C. Andersen
WOR012200,work,VÆRK-REGISTER,H. C. ANDERSEN,Eventyr,Eventyr-Oversættelser,Hollandske - Sprookjes en verhalen. In dichtmaat naverteld door J. J. L. ten Kate (1868),H.C. Andersen,,,,,H.C. Andersen
WOR012250,work,VÆRK-REGISTER,H. C. ANDERSEN,Eventyr,Eventyr-Oversættelser,Hollandske - De Dryade. Naar het Deensch door C. J. N. Nieuwenhuis (Utrecht 1869),H.C. Andersen,,,,,H.C. Andersen
WOR012300,work,VÆRK-REGISTER,H. C. ANDERSEN,Eventyr,Eventyr-Oversættelser,Ungarsk - Meséi. Fordította Szendrey Júlia. [Eventyr. Oversat af Julia Szendrey] (1858),H.C. Andersen,,,,,H.C. Andersen
WOR012350,work,VÆRK-REGISTER,H. C. ANDERSEN,Eventyr,Eventyr-Oversættelser,"Russisk - Polnoe sobranie skazok Andersena, s 117-ju gravirovannymi politipažami. Izdanie vtoroe Trubnikovoj i Stasovoj. (Petersburg 1867)",H.C. Andersen,,,,,H.C. Andersen
WOR012400,work,VÆRK-REGISTER,H. C. ANDERSEN,Eventyr,Eventyr-Oversættelser,Nygræsk - Paramythia Danika [Oversat af D. Bikélas],H.C. Andersen,,,,,H.C. Andersen
WOR012450,work,VÆRK-REGISTER,H. C. ANDERSEN,Eventyr,Eventyr-Oversættelser,"Bengali. - Maaske: Bengali Family Library [Lille Claus og Store Claus, Paradisets Have, Historien om en Moder, De vilde Svaner] (Calcutta 1857-58)",H.C. Andersen,,,,,H.C. Andersen
WOR012500,work,VÆRK-REGISTER,H. C. ANDERSEN,Eventyr,Enkelte Oversættere (alfabetisk),"Bernstorff, Grevinde",H.C. Andersen,,,,,H.C. Andersen
WOR012550,work,VÆRK-REGISTER,H. C. ANDERSEN,Eventyr,Enkelte Oversættere (alfabetisk),"Bigelow, Alice A.",H.C. Andersen,,,,,H.C. Andersen
WOR012600,work,VÆRK-REGISTER,H. C. ANDERSEN,Eventyr,Enkelte Oversættere (alfabetisk),"Bikélas, Demitrios",H.C. Andersen,,,,,H.C. Andersen
WOR012650,work,VÆRK-REGISTER,H. C. ANDERSEN,Eventyr,Enkelte Oversættere (alfabetisk),"Bushby, Anne",H.C. Andersen,,,,,H.C. Andersen
WOR012700,work,VÆRK-REGISTER,H. C. ANDERSEN,Eventyr,Enkelte Oversættere (alfabetisk),"Cronholm, Bernhard",H.C. Andersen,,,,,H.C. Andersen
WOR012750,work,VÆRK-REGISTER,H. C. ANDERSEN,Eventyr,Enkelte Oversættere (alfabetisk),"Demouceaux, Louis",H.C. Andersen,,,,,H.C. Andersen
WOR012800,work,VÆRK-REGISTER,H. C. ANDERSEN,Eventyr,Enkelte Oversættere (alfabetisk),"Grégoire, Ernest",H.C. Andersen,,,,,H.C. Andersen
WOR012850,work,VÆRK-REGISTER,H. C. ANDERSEN,Eventyr,Enkelte Oversættere (alfabetisk),"Heinke, Clara",H.C. Andersen,,,,,H.C. Andersen
WOR012900,work,VÆRK-REGISTER,H. C. ANDERSEN,Eventyr,Enkelte Oversættere (alfabetisk),"Kate, J. J. L. ten",H.C. Andersen,,,,,H.C. Andersen
WOR012950,work,VÆRK-REGISTER,H. C. ANDERSEN,Eventyr,Enkelte Oversættere (alfabetisk),"Nepveu, J. L. D.",H.C. Andersen,,,,,H.C. Andersen
WOR013000,work,VÆRK-REGISTER,H. C. ANDERSEN,Eventyr,Enkelte Oversættere (alfabetisk),"Nieuwenhuis, C. J. N.",H.C. Andersen,,,,,H.C. Andersen
WOR013050,work,VÆRK-REGISTER,H. C. ANDERSEN,Eventyr,Enkelte Oversættere (alfabetisk),"Pio, Jean",H.C. Andersen,,,,,H.C. Andersen
WOR013100,work,VÆRK-REGISTER,H. C. ANDERSEN,Eventyr,Enkelte Oversættere (alfabetisk),"Plesner, Augusta",H.C. Andersen,,,,,H.C. Andersen
WOR013150,work,VÆRK-REGISTER,H. C. ANDERSEN,Eventyr,Enkelte Oversættere (alfabetisk),"Raasløff, Anna",H.C. Andersen,,,,,H.C. Andersen
WOR013200,work,VÆRK-REGISTER,H. C. ANDERSEN,Eventyr,Enkelte Oversættere (alfabetisk),"Schröder, Wilhelm",H.C. Andersen,,,,,H.C. Andersen
WOR013250,work,VÆRK-REGISTER,H. C. ANDERSEN,Eventyr,Enkelte Oversættere (alfabetisk),"Soldi, David",H.C. Andersen,,,,,H.C. Andersen
WOR013300,work,VÆRK-REGISTER,H. C. ANDERSEN,Eventyr,Enkelte Oversættere (alfabetisk),"Szendrey, Julia",H.C. Andersen,,,,,H.C. Andersen
WOR013350,work,VÆRK-REGISTER,H. C. ANDERSEN,Eventyr,Enkelte Oversættere (alfabetisk),"Zeise, Heinrich",H.C. Andersen,,,,,H.C. Andersen
WOR013400,work,VÆRK-REGISTER,H. C. ANDERSEN,Eventyr,Eventyrillustratorer,Bertall (Pseud. f. Charles-Albert d'Arnoux),H.C. Andersen,,,,,H.C. Andersen
WOR013450,work,VÆRK-REGISTER,H. C. ANDERSEN,Eventyr,Eventyrillustratorer,"Christensen, Lauritz Daniel",H.C. Andersen,,,,,H.C. Andersen
WOR013500,work,VÆRK-REGISTER,H. C. ANDERSEN,Eventyr,Eventyrillustratorer,"Frølich, Lorenz",H.C. Andersen,,,,,H.C. Andersen
WOR013550,work,VÆRK-REGISTER,H. C. ANDERSEN,Eventyr,Eventyrillustratorer,"Gubitz, F. W.",H.C. Andersen,,,,,H.C. Andersen
WOR013600,work,VÆRK-REGISTER,H. C. ANDERSEN,Eventyr,Eventyrillustratorer,"Jerichau-Baumann, Elisabeth. (Lampeskærm med Eventyrfigurer)",H.C. Andersen,,,,,H.C. Andersen
WOR013650,work,VÆRK-REGISTER,H. C. ANDERSEN,Eventyr,Eventyrillustratorer,"Kaulbach, Wilhelm von (Engelen)",H.C. Andersen,,,,,H.C. Andersen
WOR013700,work,VÆRK-REGISTER,H. C. ANDERSEN,Eventyr,Eventyrillustratorer,"Krohn, Pietro (Omslag til: »Dryaden«)",H.C. Andersen,,,,,H.C. Andersen
WOR013750,work,VÆRK-REGISTER,H. C. ANDERSEN,Eventyr,Eventyrillustratorer,"Malmström, J. A.",H.C. Andersen,,,,,H.C. Andersen
WOR013800,work,VÆRK-REGISTER,H. C. ANDERSEN,Eventyr,Eventyrillustratorer,"Meyer, Friederich Rudolph",H.C. Andersen,,,,,H.C. Andersen
WOR013850,work,VÆRK-REGISTER,H. C. ANDERSEN,Eventyr,Eventyrillustratorer,"Mollerup, Marie",H.C. Andersen,,,,,H.C. Andersen
WOR013900,work,VÆRK-REGISTER,H. C. ANDERSEN,Eventyr,Eventyrillustratorer,"Pedersen, Vilh.",H.C. Andersen,,,,,H.C. Andersen
WOR013950,work,VÆRK-REGISTER,H. C. ANDERSEN,Eventyr,Eventyrillustratorer,"Price, Albert",H.C. Andersen,,,,,H.C. Andersen
WOR014000,work,VÆRK-REGISTER,H. C. ANDERSEN,Eventyr,Eventyrillustratorer,"Speckter, Otto",H.C. Andersen,,,,,H.C. Andersen
WOR014050,work,VÆRK-REGISTER,H. C. ANDERSEN,Digte,(blank),Digte (i Almindelighed),H.C. Andersen,,,,,H.C. Andersen
WOR014100,work,VÆRK-REGISTER,H. C. ANDERSEN,Digte,(blank),Musik til Digte af HCA,H.C. Andersen,,,,,H.C. Andersen
WOR014150,work,VÆRK-REGISTER,H. C. ANDERSEN,Digte,Samlinger (kronologisk),Phantasier og Skizzer (1831),H.C. Andersen,,,,,H.C. Andersen
WOR014200,work,VÆRK-REGISTER,H. C. ANDERSEN,Digte,Samlinger (kronologisk),Vignetter til danske Digtere (1832),H.C. Andersen,,,,,H.C. Andersen
WOR014250,work,VÆRK-REGISTER,H. C. ANDERSEN,Digte,Samlinger (kronologisk),Aarets tolv Maaneder (1833),H.C. Andersen,,,,,H.C. Andersen
WOR014300,work,VÆRK-REGISTER,H. C. ANDERSEN,Digte,Samlinger (kronologisk),Samlede Digte (1833),H.C. Andersen,,,,,H.C. Andersen
WOR014350,work,VÆRK-REGISTER,H. C. ANDERSEN,Digte,Samlinger (kronologisk),Gedichte. Deutsch von H. Zeise (1846),H.C. Andersen,,,,,H.C. Andersen
WOR014400,work,VÆRK-REGISTER,H. C. ANDERSEN,Digte,Samlinger (kronologisk),Fædrelandske Vers og Sange under Krigen (1851),H.C. Andersen,,,,,H.C. Andersen
WOR014450,work,VÆRK-REGISTER,H. C. ANDERSEN,Digte,Samlinger (kronologisk),Kjendte og glemte Digte (1867),H.C. Andersen,,,,,H.C. Andersen
WOR014500,work,VÆRK-REGISTER,H. C. ANDERSEN,Digte,Enkelte Digte (alfabetisk),A. Henselt (»Fra Strengene flyver en Fuglehær -«),H.C. Andersen,,,,,H.C. Andersen
WOR014550,work,VÆRK-REGISTER,H. C. ANDERSEN,Digte,Enkelte Digte (alfabetisk),*»Aabne Strand ved Corselitze -«,H.C. Andersen,,,,,H.C. Andersen
WOR014600,work,VÆRK-REGISTER,H. C. ANDERSEN,Digte,Enkelte Digte (alfabetisk),Aftendæmring,H.C. Andersen,,,,,H.C. Andersen
WOR014650,work,VÆRK-REGISTER,H. C. ANDERSEN,Digte,Enkelte Digte (alfabetisk),Agnes Dunlop og Michael Rosing (Dedikation i et Eksemplar af Eventyr og Historier 1862),H.C. Andersen,,,,,H.C. Andersen
WOR014700,work,VÆRK-REGISTER,H. C. ANDERSEN,Digte,Enkelte Digte (alfabetisk),Den 2den Februar 1864. Ved Emma Hartmanns og F. Wedels Bryllup,H.C. Andersen,,,,,H.C. Andersen
WOR014750,work,VÆRK-REGISTER,H. C. ANDERSEN,Digte,Enkelte Digte (alfabetisk),"*»Bag Rendsborgs gamle Volde -« (I Fru Lønborgs Album, Rendsborg 1860)",H.C. Andersen,,,,,H.C. Andersen
WOR014800,work,VÆRK-REGISTER,H. C. ANDERSEN,Digte,Enkelte Digte (alfabetisk),*»Bag Stjernen paa dit Bryst et Hjerte slaaer -« (l Grev E. F. von Saltzas Stambog 1849),H.C. Andersen,,,,,H.C. Andersen
WOR014850,work,VÆRK-REGISTER,H. C. ANDERSEN,Digte,Enkelte Digte (alfabetisk),»Barn Jesus i en Krybbe laae -« (Aarets tolv Maaneder),H.C. Andersen,,,,,H.C. Andersen
WOR014900,work,VÆRK-REGISTER,H. C. ANDERSEN,Digte,Enkelte Digte (alfabetisk),Et Barns Skriftemaal,H.C. Andersen,,,,,H.C. Andersen
WOR014950,work,VÆRK-REGISTER,H. C. ANDERSEN,Digte,Enkelte Digte (alfabetisk),"»Bibelens Job, ham kjender Du vel -« (I Spanien)",H.C. Andersen,,,,,H.C. Andersen
WOR015000,work,VÆRK-REGISTER,H. C. ANDERSEN,Digte,Enkelte Digte (alfabetisk),Billedstormerne,H.C. Andersen,,,,,H.C. Andersen
WOR015050,work,VÆRK-REGISTER,H. C. ANDERSEN,Digte,Enkelte Digte (alfabetisk),En Bouquet (den 23. August 1842) (Til Ingeborg Drewsen),H.C. Andersen,,,,,H.C. Andersen
WOR015100,work,VÆRK-REGISTER,H. C. ANDERSEN,Digte,Enkelte Digte (alfabetisk),Brev til Christian Winther,H.C. Andersen,,,,,H.C. Andersen
WOR015150,work,VÆRK-REGISTER,H. C. ANDERSEN,Digte,Enkelte Digte (alfabetisk),*»Bring Hilsen fra den danske Strand -« (Ven med en Buket til Johanne Melchior 11.7.1868),H.C. Andersen,,,,,H.C. Andersen
WOR015200,work,VÆRK-REGISTER,H. C. ANDERSEN,Digte,Enkelte Digte (alfabetisk),"»Brødre, meget langt herfra -« (Festen paa Kenilworth)",H.C. Andersen,,,,,H.C. Andersen
WOR015250,work,VÆRK-REGISTER,H. C. ANDERSEN,Digte,Enkelte Digte (alfabetisk),"Bøn (»Han, som i Stormen er vor faste Borg -«)",H.C. Andersen,,,,,H.C. Andersen
WOR015300,work,VÆRK-REGISTER,H. C. ANDERSEN,Digte,Enkelte Digte (alfabetisk),Børnenes Skaal. Ved Moritz og Dorothea Melchiors Sølvbryllup den 17. Juni 1871,H.C. Andersen,,,,,H.C. Andersen
WOR015350,work,VÆRK-REGISTER,H. C. ANDERSEN,Digte,Enkelte Digte (alfabetisk),Cantate til Fru Dorothea Melchior den 16. Februar 1871. Musik af J. Ad. Hägg,H.C. Andersen,,,,,H.C. Andersen
WOR015400,work,VÆRK-REGISTER,H. C. ANDERSEN,Digte,Enkelte Digte (alfabetisk),[Cotillon-Vers til et Bal hos Fru Elisabeth Zahrtmann],H.C. Andersen,,,,,H.C. Andersen
WOR015450,work,VÆRK-REGISTER,H. C. ANDERSEN,Digte,Enkelte Digte (alfabetisk),[Cotillon-Vers til Grevinde Mimi Holsteins Bal 19.3.1871],H.C. Andersen,,,,,H.C. Andersen
WOR015500,work,VÆRK-REGISTER,H. C. ANDERSEN,Digte,Enkelte Digte (alfabetisk),[Cotillon-Vers til Rigmor og Astrid Stampes Bal 2.3.1872],H.C. Andersen,,,,,H.C. Andersen
WOR015550,work,VÆRK-REGISTER,H. C. ANDERSEN,Digte,Enkelte Digte (alfabetisk),*[Cotillon-Vers til Ballet paa Bregentved 23.7.1874],H.C. Andersen,,,,,H.C. Andersen
WOR015600,work,VÆRK-REGISTER,H. C. ANDERSEN,Digte,Enkelte Digte (alfabetisk),*»Da Skotlands Skjalde deres Sange skrev -« (Til Miss Ross 18.8.1847),H.C. Andersen,,,,,H.C. Andersen
WOR015650,work,VÆRK-REGISTER,H. C. ANDERSEN,Digte,Enkelte Digte (alfabetisk),"»Dandse, dandse Dukke min!«",H.C. Andersen,,,,,H.C. Andersen
WOR015700,work,VÆRK-REGISTER,H. C. ANDERSEN,Digte,Enkelte Digte (alfabetisk),Danmark. (»Endnu er ei Danmark en Kæmpegrav -«),H.C. Andersen,,,,,H.C. Andersen
WOR015750,work,VÆRK-REGISTER,H. C. ANDERSEN,Digte,Enkelte Digte (alfabetisk),*»Danmark kommer Bouketten fra -« (I Spanien). (Til Louise og Alice Hay 5.11.1862),H.C. Andersen,,,,,H.C. Andersen
WOR015800,work,VÆRK-REGISTER,H. C. ANDERSEN,Digte,Enkelte Digte (alfabetisk),"»Danmark, mit Fædreland!« (»I Danmark er jeg født -«)",H.C. Andersen,,,,,H.C. Andersen
WOR015850,work,VÆRK-REGISTER,H. C. ANDERSEN,Digte,Enkelte Digte (alfabetisk),Danske Poeter i Bouquet,H.C. Andersen,,,,,H.C. Andersen
WOR015900,work,VÆRK-REGISTER,H. C. ANDERSEN,Digte,Enkelte Digte (alfabetisk),»De dandse med Castagnetter -« (I Spanien),H.C. Andersen,,,,,H.C. Andersen
WOR015950,work,VÆRK-REGISTER,H. C. ANDERSEN,Digte,Enkelte Digte (alfabetisk),»De fattige Blomster drømte i Nat -« (Med en Bouquet Violer til en Veninde),H.C. Andersen,,,,,H.C. Andersen
WOR016000,work,VÆRK-REGISTER,H. C. ANDERSEN,Digte,Enkelte Digte (alfabetisk),*»De gav mig et Hjem med Solskin rigt -« (Paa et Portrætkort. 11.12.1867 til Bispinde Engelstoft),H.C. Andersen,,,,,H.C. Andersen
WOR016050,work,VÆRK-REGISTER,H. C. ANDERSEN,Digte,Enkelte Digte (alfabetisk),*»De vær saa god og sid op i min Vogn-« (Til Landshøvding R. F. von Kræmer 1.7.1849),H.C. Andersen,,,,,H.C. Andersen
WOR016100,work,VÆRK-REGISTER,H. C. ANDERSEN,Digte,Enkelte Digte (alfabetisk),»Den danske Bonde bad -« (af: Sørge-Cantate over Høisalig Kong Frederik den Sjette),H.C. Andersen,,,,,H.C. Andersen
WOR016150,work,VÆRK-REGISTER,H. C. ANDERSEN,Digte,Enkelte Digte (alfabetisk),*»Den første Bouquet Fritze-Vanda modtog -« (Til Fritze Wanda Holstein 29.5. 1874),H.C. Andersen,,,,,H.C. Andersen
WOR016200,work,VÆRK-REGISTER,H. C. ANDERSEN,Digte,Enkelte Digte (alfabetisk),"*»Den kjære lille Prinds Valdemar -« (Dedikation i Nye Eventyr og Historier, 2. Række)",H.C. Andersen,,,,,H.C. Andersen
WOR016250,work,VÆRK-REGISTER,H. C. ANDERSEN,Digte,Enkelte Digte (alfabetisk),*»Der er en sød Musik i Hjemmets Sprog -« (I en norsk Boghandler i Basels Stambog 21.9.1860),H.C. Andersen,,,,,H.C. Andersen
WOR016300,work,VÆRK-REGISTER,H. C. ANDERSEN,Digte,Enkelte Digte (alfabetisk),"»Der var en Fyrste i Grækenland -« (Digtet om Hesten: Mulatten, 5. Akt, 7. Scene)",H.C. Andersen,,,,,H.C. Andersen
WOR016350,work,VÆRK-REGISTER,H. C. ANDERSEN,Digte,Enkelte Digte (alfabetisk),Deres Kongelige Høiheder Kronprinds Frederik og Prindsesse Lovisa. Formælingsdagen den 28de Juli 1869.,H.C. Andersen,,,,,H.C. Andersen
WOR016400,work,VÆRK-REGISTER,H. C. ANDERSEN,Digte,Enkelte Digte (alfabetisk),*»Det første er Klangen af et Smiil -« (Charade),H.C. Andersen,,,,,H.C. Andersen
WOR016450,work,VÆRK-REGISTER,H. C. ANDERSEN,Digte,Enkelte Digte (alfabetisk),*»Det Første har paa Tydsk lidt af Mimosa-« (Charade),H.C. Andersen,,,,,H.C. Andersen
WOR016500,work,VÆRK-REGISTER,H. C. ANDERSEN,Digte,Enkelte Digte (alfabetisk),»Det har Zombien gjort«,H.C. Andersen,,,,,H.C. Andersen
WOR016550,work,VÆRK-REGISTER,H. C. ANDERSEN,Digte,Enkelte Digte (alfabetisk),»Det nye Aar kommer susende -«,H.C. Andersen,,,,,H.C. Andersen
WOR016600,work,VÆRK-REGISTER,H. C. ANDERSEN,Digte,Enkelte Digte (alfabetisk),[Deviser til Julegaver],H.C. Andersen,,,,,H.C. Andersen
WOR016650,work,VÆRK-REGISTER,H. C. ANDERSEN,Digte,Enkelte Digte (alfabetisk),[Dialog mellem det gamle og det nye Aar. Basnæs 31.12.1865],H.C. Andersen,,,,,H.C. Andersen
WOR016700,work,VÆRK-REGISTER,H. C. ANDERSEN,Digte,Enkelte Digte (alfabetisk),[Digt fremsagt 12.3.1865 af Anna Henriques til hendes Bedstemoder Fru Rose Eibeschütz],H.C. Andersen,,,,,H.C. Andersen
WOR016750,work,VÆRK-REGISTER,H. C. ANDERSEN,Digte,Enkelte Digte (alfabetisk),[Digt i Fru Sofie Groves Stambog 17.7.1871],H.C. Andersen,,,,,H.C. Andersen
WOR016800,work,VÆRK-REGISTER,H. C. ANDERSEN,Digte,Enkelte Digte (alfabetisk),[Digt oplæst ved Michael Rosings Bryllup 1.8.1863],H.C. Andersen,,,,,H.C. Andersen
WOR016850,work,VÆRK-REGISTER,H. C. ANDERSEN,Digte,Enkelte Digte (alfabetisk),[Digt til Fru Dorothea Melchior 16.2.1872 om Cantaten til hende forrige Aar],H.C. Andersen,,,,,H.C. Andersen
WOR016900,work,VÆRK-REGISTER,H. C. ANDERSEN,Digte,Enkelte Digte (alfabetisk),Digte fra Spanien (Ill. Tidende 5.4.1863),H.C. Andersen,,,,,H.C. Andersen
WOR016950,work,VÆRK-REGISTER,H. C. ANDERSEN,Digte,Enkelte Digte (alfabetisk),*»Din Vilje skee Alfader -«.,H.C. Andersen,,,,,H.C. Andersen
WOR017000,work,VÆRK-REGISTER,H. C. ANDERSEN,Digte,Enkelte Digte (alfabetisk),*»Dit Fødeland og din Kongebo -« (Til Kong Georg af Grækenland 28.4.1867),H.C. Andersen,,,,,H.C. Andersen
WOR017050,work,VÆRK-REGISTER,H. C. ANDERSEN,Digte,Enkelte Digte (alfabetisk),Drengen og Hundehvalpen. Til en Tegning af Lorenz Frølich,H.C. Andersen,,,,,H.C. Andersen
WOR017100,work,VÆRK-REGISTER,H. C. ANDERSEN,Digte,Enkelte Digte (alfabetisk),*»Du Heros Smerte aandet har i Stenen -« (Stambogsblad til Billedhuggeren William Wetmore Story 23.5.1861),H.C. Andersen,,,,,H.C. Andersen
WOR017150,work,VÆRK-REGISTER,H. C. ANDERSEN,Digte,Enkelte Digte (alfabetisk),*»Du Norges Træ med Frugt og Blomst og Knop -« (Dedikation til Bj. Bjørnson 16.5.1861),H.C. Andersen,,,,,H.C. Andersen
WOR017200,work,VÆRK-REGISTER,H. C. ANDERSEN,Digte,Enkelte Digte (alfabetisk),Det døende Barn,H.C. Andersen,,,,,H.C. Andersen
WOR017250,work,VÆRK-REGISTER,H. C. ANDERSEN,Digte,Enkelte Digte (alfabetisk),*»Elisabeth paa Holsteinborg -« (Dedikation til Elisabeth Holstein 30.12.1866),H.C. Andersen,,,,,H.C. Andersen
WOR017300,work,VÆRK-REGISTER,H. C. ANDERSEN,Digte,Enkelte Digte (alfabetisk),"†Emma Hartmann, født Zinn, den 13. Marts 1851",H.C. Andersen,,,,,H.C. Andersen
WOR017350,work,VÆRK-REGISTER,H. C. ANDERSEN,Digte,Enkelte Digte (alfabetisk),"Epilog, fremsagt af jomfru Amalie Price 19. Februar 1861",H.C. Andersen,,,,,H.C. Andersen
WOR017400,work,VÆRK-REGISTER,H. C. ANDERSEN,Digte,Enkelte Digte (alfabetisk),"*»Et Hjerte kjærligt, tro og rigt -« (Til Fru Friederike Serre 6.8.1857)",H.C. Andersen,,,,,H.C. Andersen
WOR017450,work,VÆRK-REGISTER,H. C. ANDERSEN,Digte,Enkelte Digte (alfabetisk),*»Et Huuslivs Kjærlighed og Tro -« (Glorup 5.8.1867),H.C. Andersen,,,,,H.C. Andersen
WOR017500,work,VÆRK-REGISTER,H. C. ANDERSEN,Digte,Enkelte Digte (alfabetisk),»Et Sørgebudskab gjennem Landet lød: /»Kong Frederik den Syvende er død!««.,H.C. Andersen,,,,,H.C. Andersen
WOR017550,work,VÆRK-REGISTER,H. C. ANDERSEN,Digte,Enkelte Digte (alfabetisk),"Faderen, Vennen, Geheimeraad Jonas Collin, den 18. Februar 1851",H.C. Andersen,,,,,H.C. Andersen
WOR017600,work,VÆRK-REGISTER,H. C. ANDERSEN,Digte,Enkelte Digte (alfabetisk),"»Farvel, Prindsesse Dagmar! Du gaaer til Storhed og Glands -« (21.9.1866)",H.C. Andersen,,,,,H.C. Andersen
WOR017650,work,VÆRK-REGISTER,H. C. ANDERSEN,Digte,Enkelte Digte (alfabetisk),†Farvel til Kong Frederik den Syvende,H.C. Andersen,,,,,H.C. Andersen
WOR017700,work,VÆRK-REGISTER,H. C. ANDERSEN,Digte,Enkelte Digte (alfabetisk),*Felix Mendelssohn-Bartholdy (Leipzig 5.7.1841),H.C. Andersen,,,,,H.C. Andersen
WOR017750,work,VÆRK-REGISTER,H. C. ANDERSEN,Digte,Enkelte Digte (alfabetisk),Den 25. November 1840 (Sang til Louise Collins og W. Linds Bryllup),H.C. Andersen,,,,,H.C. Andersen
WOR017800,work,VÆRK-REGISTER,H. C. ANDERSEN,Digte,Enkelte Digte (alfabetisk),*»Flyv ud! kom hjem! vær karsk og glad -« (Paaskrift paa Andersens Portræt til Anna Melchior 27.8.1869),H.C. Andersen,,,,,H.C. Andersen
WOR017850,work,VÆRK-REGISTER,H. C. ANDERSEN,Digte,Enkelte Digte (alfabetisk),"*»For Digteraanden her jeg knæler ned -« (San Onofrio, Rom, 23.11.1833)",H.C. Andersen,,,,,H.C. Andersen
WOR017900,work,VÆRK-REGISTER,H. C. ANDERSEN,Digte,Enkelte Digte (alfabetisk),*»For Skjønhed og Snille -«. (Improviseret Skaal for Carl Bloch og Alma Trepka 2.1.1868),H.C. Andersen,,,,,H.C. Andersen
WOR017950,work,VÆRK-REGISTER,H. C. ANDERSEN,Digte,Enkelte Digte (alfabetisk),*Foraarssang,H.C. Andersen,,,,,H.C. Andersen
WOR018000,work,VÆRK-REGISTER,H. C. ANDERSEN,Digte,Enkelte Digte (alfabetisk),Fortrøstning,H.C. Andersen,,,,,H.C. Andersen
WOR018050,work,VÆRK-REGISTER,H. C. ANDERSEN,Digte,Enkelte Digte (alfabetisk),Fotograferede Børnegrupper af Harald Paetz med tildigtede Rim af Prof. H. C. Andersen,H.C. Andersen,,,,,H.C. Andersen
WOR018100,work,VÆRK-REGISTER,H. C. ANDERSEN,Digte,Enkelte Digte (alfabetisk),"*»Fra det blaa, det lysende Vand -«",H.C. Andersen,,,,,H.C. Andersen
WOR018150,work,VÆRK-REGISTER,H. C. ANDERSEN,Digte,Enkelte Digte (alfabetisk),*»Fra Havet vi een Perle hjemad bringe -« (Impromptu til Kongeparret 31.8.1844),H.C. Andersen,,,,,H.C. Andersen
WOR018200,work,VÆRK-REGISTER,H. C. ANDERSEN,Digte,Enkelte Digte (alfabetisk),*»Fra Jurabjergene det stormer -«,H.C. Andersen,,,,,H.C. Andersen
WOR018250,work,VÆRK-REGISTER,H. C. ANDERSEN,Digte,Enkelte Digte (alfabetisk),Den Frivillige,H.C. Andersen,,,,,H.C. Andersen
WOR018300,work,VÆRK-REGISTER,H. C. ANDERSEN,Digte,Enkelte Digte (alfabetisk),*»Fru Jerichau drager i Verden om -« (Improvisation paa Petershøi 14.7.1872),H.C. Andersen,,,,,H.C. Andersen
WOR018350,work,VÆRK-REGISTER,H. C. ANDERSEN,Digte,Enkelte Digte (alfabetisk),*Frøken Frederikke Castenschiold (med en stor Skovbunds Bouquet) (Basnæs 20.5.1871),H.C. Andersen,,,,,H.C. Andersen
WOR018400,work,VÆRK-REGISTER,H. C. ANDERSEN,Digte,Enkelte Digte (alfabetisk),Fyen II (» Ved Tanken om min Fødeø-«),H.C. Andersen,,,,,H.C. Andersen
WOR018450,work,VÆRK-REGISTER,H. C. ANDERSEN,Digte,Enkelte Digte (alfabetisk),Fyen og Schweitz. Rolighed den 5te Juli 1875. Aften Kl. 11,H.C. Andersen,,,,,H.C. Andersen
WOR018500,work,VÆRK-REGISTER,H. C. ANDERSEN,Digte,Enkelte Digte (alfabetisk),"*»Først fik vi en Suppe, saa faur og saa fiin -«",H.C. Andersen,,,,,H.C. Andersen
WOR018550,work,VÆRK-REGISTER,H. C. ANDERSEN,Digte,Enkelte Digte (alfabetisk),"*»Gaaer Du paa Glatiis og falder, min Ven -« (Tekst til et Billede af Vilh. Pacht i » Billedbog for Store og Smaae« ved Christian Winther)",H.C. Andersen,,,,,H.C. Andersen
WOR018600,work,VÆRK-REGISTER,H. C. ANDERSEN,Digte,Enkelte Digte (alfabetisk),»Giv af dit Hjerte til Folk og til Slægt -« (l Spanien),H.C. Andersen,,,,,H.C. Andersen
WOR018650,work,VÆRK-REGISTER,H. C. ANDERSEN,Digte,Enkelte Digte (alfabetisk),God Nat,H.C. Andersen,,,,,H.C. Andersen
WOR018700,work,VÆRK-REGISTER,H. C. ANDERSEN,Digte,Enkelte Digte (alfabetisk),"*»Gud, Du Stormagt, den eneste nu -«",H.C. Andersen,,,,,H.C. Andersen
WOR018750,work,VÆRK-REGISTER,H. C. ANDERSEN,Digte,Enkelte Digte (alfabetisk),"Guldbryllupssang den 10. December 1862. Til C. W. Wiehe og Antoinette Louise Wiehe, f. Rosing",H.C. Andersen,,,,,H.C. Andersen
WOR018800,work,VÆRK-REGISTER,H. C. ANDERSEN,Digte,Enkelte Digte (alfabetisk),Gurre,H.C. Andersen,,,,,H.C. Andersen
WOR018850,work,VÆRK-REGISTER,H. C. ANDERSEN,Digte,Enkelte Digte (alfabetisk),*»Halv Engel og halv Nisse -« (Til José O'Neill 6.8.1866),H.C. Andersen,,,,,H.C. Andersen
WOR018900,work,VÆRK-REGISTER,H. C. ANDERSEN,Digte,Enkelte Digte (alfabetisk),*»Han fløi engang til Hindostan -« (Improviseret Skaal for J. S. F. Stephens 26.12.1871),H.C. Andersen,,,,,H.C. Andersen
WOR018950,work,VÆRK-REGISTER,H. C. ANDERSEN,Digte,Enkelte Digte (alfabetisk),*»Han skatter det Skjønne -« (Impromptu 26.12.1873),H.C. Andersen,,,,,H.C. Andersen
WOR019000,work,VÆRK-REGISTER,H. C. ANDERSEN,Digte,Enkelte Digte (alfabetisk),*†Henrik Hertz (»I Kunstens Hal nu vaier Sorgens Fane -«),H.C. Andersen,,,,,H.C. Andersen
WOR019050,work,VÆRK-REGISTER,H. C. ANDERSEN,Digte,Enkelte Digte (alfabetisk),†Henriette Wulff,H.C. Andersen,,,,,H.C. Andersen
WOR019100,work,VÆRK-REGISTER,H. C. ANDERSEN,Digte,Enkelte Digte (alfabetisk),*»Her Grækenlands Vaaben og Danmarks Flag -« (Verdensudstillingen i Paris Maj 1867),H.C. Andersen,,,,,H.C. Andersen
WOR019150,work,VÆRK-REGISTER,H. C. ANDERSEN,Digte,Enkelte Digte (alfabetisk),*»Her hvor ikke Hjorden græsser -« (Corselitze 13.8.1850),H.C. Andersen,,,,,H.C. Andersen
WOR019200,work,VÆRK-REGISTER,H. C. ANDERSEN,Digte,Enkelte Digte (alfabetisk),"*»Her staaer jeg, som en stolt Baron -« (Devise til et Bal hos Fru Zahrtmann)",H.C. Andersen,,,,,H.C. Andersen
WOR019250,work,VÆRK-REGISTER,H. C. ANDERSEN,Digte,Enkelte Digte (alfabetisk),*»Her under det blomstrende Hyldetræ -« (Nørre Vosborg 10.7.1859),H.C. Andersen,,,,,H.C. Andersen
WOR019300,work,VÆRK-REGISTER,H. C. ANDERSEN,Digte,Enkelte Digte (alfabetisk),Hilsen af svenske og norske Frivillige,H.C. Andersen,,,,,H.C. Andersen
WOR019350,work,VÆRK-REGISTER,H. C. ANDERSEN,Digte,Enkelte Digte (alfabetisk),Hjertets Melodier,H.C. Andersen,,,,,H.C. Andersen
WOR019400,work,VÆRK-REGISTER,H. C. ANDERSEN,Digte,Enkelte Digte (alfabetisk),»»Hr Peder kasted Runer over Spange!« / I denne Verden er der Runer mange -« (Improvisation 3.9.1844),H.C. Andersen,,,,,H.C. Andersen
WOR019450,work,VÆRK-REGISTER,H. C. ANDERSEN,Digte,Enkelte Digte (alfabetisk),*»Hun er saa foraarsfrisk at see - « (Alma Trepka),H.C. Andersen,,,,,H.C. Andersen
WOR019500,work,VÆRK-REGISTER,H. C. ANDERSEN,Digte,Enkelte Digte (alfabetisk),*»Hvad ruller op?«,H.C. Andersen,,,,,H.C. Andersen
WOR019550,work,VÆRK-REGISTER,H. C. ANDERSEN,Digte,Enkelte Digte (alfabetisk),"*»Hver Blomst er en Hilsen, et lille Digt -« (Med en Buket til Fru Engel Camilla Bramsen 7.10.1871)",H.C. Andersen,,,,,H.C. Andersen
WOR019600,work,VÆRK-REGISTER,H. C. ANDERSEN,Digte,Enkelte Digte (alfabetisk),*» Hver elsker sin Farve paa Sted og Tid -« (Augustenborg 24.9.1844),H.C. Andersen,,,,,H.C. Andersen
WOR019650,work,VÆRK-REGISTER,H. C. ANDERSEN,Digte,Enkelte Digte (alfabetisk),*»Hvert Efteraar siger Løvet der faldt -«,H.C. Andersen,,,,,H.C. Andersen
WOR019700,work,VÆRK-REGISTER,H. C. ANDERSEN,Digte,Enkelte Digte (alfabetisk),»Hvil sødt -«,H.C. Andersen,,,,,H.C. Andersen
WOR019750,work,VÆRK-REGISTER,H. C. ANDERSEN,Digte,Enkelte Digte (alfabetisk),*»Hvis Billeder og Lamper kunde tale -« (Baden-Baden 24.9.1867),H.C. Andersen,,,,,H.C. Andersen
WOR019800,work,VÆRK-REGISTER,H. C. ANDERSEN,Digte,Enkelte Digte (alfabetisk),*»Hvor Alt i dette Land er skjønt!« (Albumvers i Lissabon 13.5.1866),H.C. Andersen,,,,,H.C. Andersen
WOR019850,work,VÆRK-REGISTER,H. C. ANDERSEN,Digte,Enkelte Digte (alfabetisk),*»Hvor er dit Hjem dog hyggeligt og godt -« (I C. V. Böttigers Album 1.7.1849),H.C. Andersen,,,,,H.C. Andersen
WOR019900,work,VÆRK-REGISTER,H. C. ANDERSEN,Digte,Enkelte Digte (alfabetisk),*»Hvor Harpen er op til Thronen lagt-« (Dedikation til Kong Karl XV 4.10.1865),H.C. Andersen,,,,,H.C. Andersen
WOR019950,work,VÆRK-REGISTER,H. C. ANDERSEN,Digte,Enkelte Digte (alfabetisk),»Hvor Himlen har Stjerner! jeg kjender jo hver -« (l Spanien),H.C. Andersen,,,,,H.C. Andersen
WOR020000,work,VÆRK-REGISTER,H. C. ANDERSEN,Digte,Enkelte Digte (alfabetisk),*»Hvor kunde vel Hjertet banke -« (Augustenborg 24.9.1844),H.C. Andersen,,,,,H.C. Andersen
WOR020050,work,VÆRK-REGISTER,H. C. ANDERSEN,Digte,Enkelte Digte (alfabetisk),*»Hvor Luther talte og hvor Göthe sang -« (l Fru Mary Tesdorpfs Album 14.8.1850),H.C. Andersen,,,,,H.C. Andersen
WOR020100,work,VÆRK-REGISTER,H. C. ANDERSEN,Digte,Enkelte Digte (alfabetisk),*»Hvor Stormen løfter høit sin stærke Stemme -« (Vandrerens Sang),H.C. Andersen,,,,,H.C. Andersen
WOR020150,work,VÆRK-REGISTER,H. C. ANDERSEN,Digte,Enkelte Digte (alfabetisk),"*»Hvorfor, o Herre, forundte Du mig - «",H.C. Andersen,,,,,H.C. Andersen
WOR020200,work,VÆRK-REGISTER,H. C. ANDERSEN,Digte,Enkelte Digte (alfabetisk),»Hyrden græsser sine Faar -« (Festen paa Kenilworth),H.C. Andersen,,,,,H.C. Andersen
WOR020250,work,VÆRK-REGISTER,H. C. ANDERSEN,Digte,Enkelte Digte (alfabetisk),*Høit over Skyen staaer jeg her -« (Brocken 26.5.1831),H.C. Andersen,,,,,H.C. Andersen
WOR020300,work,VÆRK-REGISTER,H. C. ANDERSEN,Digte,Enkelte Digte (alfabetisk),I Afrika (I Spanien),H.C. Andersen,,,,,H.C. Andersen
WOR020350,work,VÆRK-REGISTER,H. C. ANDERSEN,Digte,Enkelte Digte (alfabetisk),"»I Afrikaner-Byen, i Cartagena jeg boer -« (I Spanien)",H.C. Andersen,,,,,H.C. Andersen
WOR020400,work,VÆRK-REGISTER,H. C. ANDERSEN,Digte,Enkelte Digte (alfabetisk),"*»I Amsterdam, i »Herregaden« -« (Stambogsvers 5.5.1868 til Vilh. Boye)",H.C. Andersen,,,,,H.C. Andersen
WOR020450,work,VÆRK-REGISTER,H. C. ANDERSEN,Digte,Enkelte Digte (alfabetisk),I Christianis Stambog (3.9.1844),H.C. Andersen,,,,,H.C. Andersen
WOR020500,work,VÆRK-REGISTER,H. C. ANDERSEN,Digte,Enkelte Digte (alfabetisk),*»I fremmed Sprog gaaer Sangen dig forbi -« (30.8.1847),H.C. Andersen,,,,,H.C. Andersen
WOR020550,work,VÆRK-REGISTER,H. C. ANDERSEN,Digte,Enkelte Digte (alfabetisk),I Neuchâtel (»Der var paa Himlen ikke en eneste Sky -«),H.C. Andersen,,,,,H.C. Andersen
WOR020600,work,VÆRK-REGISTER,H. C. ANDERSEN,Digte,Enkelte Digte (alfabetisk),*»I Oldtiden var det den smukke Skik -« (Augustenborg 24.9.1844),H.C. Andersen,,,,,H.C. Andersen
WOR020650,work,VÆRK-REGISTER,H. C. ANDERSEN,Digte,Enkelte Digte (alfabetisk),"I Setubal (»Hvor Aftenen er deilig, forfriskende mild -«)",H.C. Andersen,,,,,H.C. Andersen
WOR020700,work,VÆRK-REGISTER,H. C. ANDERSEN,Digte,Enkelte Digte (alfabetisk),*»I Stjernerne Tycho skrev hvad han hed -« (I Fru Ida Marie Billes Stambog Hamburg 27.11.1845),H.C. Andersen,,,,,H.C. Andersen
WOR020750,work,VÆRK-REGISTER,H. C. ANDERSEN,Digte,Enkelte Digte (alfabetisk),"*»I Weimar, den tydske Digterstad -« (l Grev Ferd. von Harrachs Album 27.7.1860)",H.C. Andersen,,,,,H.C. Andersen
WOR020800,work,VÆRK-REGISTER,H. C. ANDERSEN,Digte,Enkelte Digte (alfabetisk),*»Ich lege als Blume mein Kuss im Wein -« (Impromptu til Ægteparret Rubinstein 5.4.1869),H.C. Andersen,,,,,H.C. Andersen
WOR020850,work,VÆRK-REGISTER,H. C. ANDERSEN,Digte,Enkelte Digte (alfabetisk),»lgjen et Aar udfolder sine Vinger -«.,H.C. Andersen,,,,,H.C. Andersen
WOR020900,work,VÆRK-REGISTER,H. C. ANDERSEN,Digte,Enkelte Digte (alfabetisk),* »Imellem Elbens grønne Øer -« (Harburg 27.4.1833),H.C. Andersen,,,,,H.C. Andersen
WOR020950,work,VÆRK-REGISTER,H. C. ANDERSEN,Digte,Enkelte Digte (alfabetisk),*Improviseret Sang ved Vesterhavet (»Hør Vesterhavets Orgelklang -«) (8.7.1859),H.C. Andersen,,,,,H.C. Andersen
WOR021000,work,VÆRK-REGISTER,H. C. ANDERSEN,Digte,Enkelte Digte (alfabetisk),"*»lnddrik nu denne Luft, saa let og pur -« (Firenze 13.12.1840)",H.C. Andersen,,,,,H.C. Andersen
WOR021050,work,VÆRK-REGISTER,H. C. ANDERSEN,Digte,Enkelte Digte (alfabetisk),Indskrift i Kronborg Slotskirke efter Restaureringen 1843 (»Det ødelagde Guds Huus reistes paa Kongens Bud -«).,H.C. Andersen,,,,,H.C. Andersen
WOR021100,work,VÆRK-REGISTER,H. C. ANDERSEN,Digte,Enkelte Digte (alfabetisk),*Indvielse 1867 (»I denne Bog vil blive lagt -«) (l Bodild Holsteins Album),H.C. Andersen,,,,,H.C. Andersen
WOR021150,work,VÆRK-REGISTER,H. C. ANDERSEN,Digte,Enkelte Digte (alfabetisk),†Ingeborg Mimi Collin,H.C. Andersen,,,,,H.C. Andersen
WOR021200,work,VÆRK-REGISTER,H. C. ANDERSEN,Digte,Enkelte Digte (alfabetisk),*»Ingen veed hvad imorgen skeer -« (I Emil Melchiors Album 17.9.1874),H.C. Andersen,,,,,H.C. Andersen
WOR021250,work,VÆRK-REGISTER,H. C. ANDERSEN,Digte,Enkelte Digte (alfabetisk),"*»Ja, Digterdrøm og Elskovs Lykke -« (Ved Tassos Eg, San Onofrio 23.11.1833)",H.C. Andersen,,,,,H.C. Andersen
WOR021300,work,VÆRK-REGISTER,H. C. ANDERSEN,Digte,Enkelte Digte (alfabetisk),"*»Ja, her er saa smukt som Hjertet vil -« (16.8.1833) (Lykkens Kalosker)",H.C. Andersen,,,,,H.C. Andersen
WOR021350,work,VÆRK-REGISTER,H. C. ANDERSEN,Digte,Enkelte Digte (alfabetisk),*»Jeg bringer intet Digt og ingen Sange -« (Med en Ugle med Penne i til Ingemann 28.5.1860),H.C. Andersen,,,,,H.C. Andersen
WOR021400,work,VÆRK-REGISTER,H. C. ANDERSEN,Digte,Enkelte Digte (alfabetisk),»Jeg er en Skandinav«,H.C. Andersen,,,,,H.C. Andersen
WOR021450,work,VÆRK-REGISTER,H. C. ANDERSEN,Digte,Enkelte Digte (alfabetisk),"*»Jeg er Husets Nisse, een af de Smaa -« (Digt, fremsagt 12.8.1874 af Poul Melchior paa Søsteren Augustas Fødselsdag)",H.C. Andersen,,,,,H.C. Andersen
WOR021500,work,VÆRK-REGISTER,H. C. ANDERSEN,Digte,Enkelte Digte (alfabetisk),*»Jeg lægger Bogen paa Deres Bord -« (Dedikation til Fru Dorothea Melchior i et Eksemplar af Souvenir 1869),H.C. Andersen,,,,,H.C. Andersen
WOR021550,work,VÆRK-REGISTER,H. C. ANDERSEN,Digte,Enkelte Digte (alfabetisk),*»Jeg saae det gamle Frijsenborg -« (I Komtesse Agnes Krag-Juel-Vind-Frijs' Album 28.8.1868),H.C. Andersen,,,,,H.C. Andersen
WOR021600,work,VÆRK-REGISTER,H. C. ANDERSEN,Digte,Enkelte Digte (alfabetisk),*»Jeg sidder i et Vertshuus i fremmed Land -«,H.C. Andersen,,,,,H.C. Andersen
WOR021650,work,VÆRK-REGISTER,H. C. ANDERSEN,Digte,Enkelte Digte (alfabetisk),*»Jeg vil udbringe en Skaal kan De gjæt' den -« (Improviseret Skaal for Valdemar Price 3.1.1869),H.C. Andersen,,,,,H.C. Andersen
WOR021700,work,VÆRK-REGISTER,H. C. ANDERSEN,Digte,Enkelte Digte (alfabetisk),Julevise i Rom 1833 (»Sødt dufter Juletræets Blad -«),H.C. Andersen,,,,,H.C. Andersen
WOR021750,work,VÆRK-REGISTER,H. C. ANDERSEN,Digte,Enkelte Digte (alfabetisk),Jylland (»Jylland mellem tvende Have -«),H.C. Andersen,,,,,H.C. Andersen
WOR021800,work,VÆRK-REGISTER,H. C. ANDERSEN,Digte,Enkelte Digte (alfabetisk),Kantate ved Hr. Moritz Melchiors og Fru Dorothea Melchiors Sølvbryllup den 17de Juni 1871. Musik af J. A. Hägg,H.C. Andersen,,,,,H.C. Andersen
WOR021850,work,VÆRK-REGISTER,H. C. ANDERSEN,Digte,Enkelte Digte (alfabetisk),*Kjærlighed (»Den er lidt meer end et Stjerneskud -«),H.C. Andersen,,,,,H.C. Andersen
WOR021900,work,VÆRK-REGISTER,H. C. ANDERSEN,Digte,Enkelte Digte (alfabetisk),Kjøbenhavn,H.C. Andersen,,,,,H.C. Andersen
WOR021950,work,VÆRK-REGISTER,H. C. ANDERSEN,Digte,Enkelte Digte (alfabetisk),*»Kommer aldrig igjen!« (Lykke-Peer),H.C. Andersen,,,,,H.C. Andersen
WOR022000,work,VÆRK-REGISTER,H. C. ANDERSEN,Digte,Enkelte Digte (alfabetisk),Korsør,H.C. Andersen,,,,,H.C. Andersen
WOR022050,work,VÆRK-REGISTER,H. C. ANDERSEN,Digte,Enkelte Digte (alfabetisk),Den korteste Nat,H.C. Andersen,,,,,H.C. Andersen
WOR022100,work,VÆRK-REGISTER,H. C. ANDERSEN,Digte,Enkelte Digte (alfabetisk),*»Kunde De høre mit Hjertes Slag -« (Til J. J. L. ten Kate 18.2.1866),H.C. Andersen,,,,,H.C. Andersen
WOR022150,work,VÆRK-REGISTER,H. C. ANDERSEN,Digte,Enkelte Digte (alfabetisk),Landsoldatens Hjemkomst,H.C. Andersen,,,,,H.C. Andersen
WOR022200,work,VÆRK-REGISTER,H. C. ANDERSEN,Digte,Enkelte Digte (alfabetisk),[Langelandsk Folkemelodi],H.C. Andersen,,,,,H.C. Andersen
WOR022250,work,VÆRK-REGISTER,H. C. ANDERSEN,Digte,Enkelte Digte (alfabetisk),Liden Kirsten og Prinds Buris,H.C. Andersen,,,,,H.C. Andersen
WOR022300,work,VÆRK-REGISTER,H. C. ANDERSEN,Digte,Enkelte Digte (alfabetisk),Lille Pouls Tale ved Moritz og Dorothea Melchiors Sølvbryllup 17. Juni 1871,H.C. Andersen,,,,,H.C. Andersen
WOR022350,work,VÆRK-REGISTER,H. C. ANDERSEN,Digte,Enkelte Digte (alfabetisk),"*»Lille Sally, gamle Ven -« (Til den lille Sally Melchior 17.9.1868)",H.C. Andersen,,,,,H.C. Andersen
WOR022400,work,VÆRK-REGISTER,H. C. ANDERSEN,Digte,Enkelte Digte (alfabetisk),"»Lille Sally, her er Brev -« (Rimbrev til Sally Melchior 26.11.1871)",H.C. Andersen,,,,,H.C. Andersen
WOR022450,work,VÆRK-REGISTER,H. C. ANDERSEN,Digte,Enkelte Digte (alfabetisk),Lille Svends Udtalelse om Vejrliget i Vinter,H.C. Andersen,,,,,H.C. Andersen
WOR022500,work,VÆRK-REGISTER,H. C. ANDERSEN,Digte,Enkelte Digte (alfabetisk),Lille Viggo,H.C. Andersen,,,,,H.C. Andersen
WOR022550,work,VÆRK-REGISTER,H. C. ANDERSEN,Digte,Enkelte Digte (alfabetisk),Lucie og Edgard,H.C. Andersen,,,,,H.C. Andersen
WOR022600,work,VÆRK-REGISTER,H. C. ANDERSEN,Digte,Enkelte Digte (alfabetisk),*»Maanen skinner det gamle Skind -« (Pardobitz 15.10.1869),H.C. Andersen,,,,,H.C. Andersen
WOR022650,work,VÆRK-REGISTER,H. C. ANDERSEN,Digte,Enkelte Digte (alfabetisk),»Man siger Poesien er et Frimureri -« (Stambogsblad til S. J. van den Bergh),H.C. Andersen,,,,,H.C. Andersen
WOR022700,work,VÆRK-REGISTER,H. C. ANDERSEN,Digte,Enkelte Digte (alfabetisk),Martsviolerne,H.C. Andersen,,,,,H.C. Andersen
WOR022750,work,VÆRK-REGISTER,H. C. ANDERSEN,Digte,Enkelte Digte (alfabetisk),"Maskerade-Vers, uddeelte af en Spaaqvinde (Karneval hos M. G. Melchiors 16.2.1874)",H.C. Andersen,,,,,H.C. Andersen
WOR022800,work,VÆRK-REGISTER,H. C. ANDERSEN,Digte,Enkelte Digte (alfabetisk),*»Med doppelt Kridt paa Hjertets Regnebret -« (l Wilhelmine Sonnleithners Stambog 11.6.1834),H.C. Andersen,,,,,H.C. Andersen
WOR022850,work,VÆRK-REGISTER,H. C. ANDERSEN,Digte,Enkelte Digte (alfabetisk),Med en Buket Violer til en ung Dame (»De fattige Blomster drømte i Nat -«),H.C. Andersen,,,,,H.C. Andersen
WOR022900,work,VÆRK-REGISTER,H. C. ANDERSEN,Digte,Enkelte Digte (alfabetisk),"Med en Deel Sparebøsser, solgte paa en Bazar under Krigen 1864 til daglig Indsamling for de Udcommanderedes Koner og Børn",H.C. Andersen,,,,,H.C. Andersen
WOR022950,work,VÆRK-REGISTER,H. C. ANDERSEN,Digte,Enkelte Digte (alfabetisk),*»Med Snillets Blik Du Orienten saae -« (Dedikation 9.7.1857 i Miss Julia Pardoe's Eksemplar af »To be or not to bee«),H.C. Andersen,,,,,H.C. Andersen
WOR023000,work,VÆRK-REGISTER,H. C. ANDERSEN,Digte,Enkelte Digte (alfabetisk),Med Prindsesse Dagmars Portrait,H.C. Andersen,,,,,H.C. Andersen
WOR023050,work,VÆRK-REGISTER,H. C. ANDERSEN,Digte,Enkelte Digte (alfabetisk),*»Med Skaaler er Bordet dænget -« (Rosenvænget 25.6.1867),H.C. Andersen,,,,,H.C. Andersen
WOR023100,work,VÆRK-REGISTER,H. C. ANDERSEN,Digte,Enkelte Digte (alfabetisk),"*»Med Weyse, Kuhlau, Hartmann og med Gade -« (Dedikation til Asger Hammerich i et Eksemplar af Nye Eventyr og Historier 2. Række 3. Bind 1865)",H.C. Andersen,,,,,H.C. Andersen
WOR023150,work,VÆRK-REGISTER,H. C. ANDERSEN,Digte,Enkelte Digte (alfabetisk),»Min søde lille Marie paa Petershøi« (Brev 26.6.1869 til lille Marie Henriques),H.C. Andersen,,,,,H.C. Andersen
WOR023200,work,VÆRK-REGISTER,H. C. ANDERSEN,Digte,Enkelte Digte (alfabetisk),Miraklet,H.C. Andersen,,,,,H.C. Andersen
WOR023250,work,VÆRK-REGISTER,H. C. ANDERSEN,Digte,Enkelte Digte (alfabetisk),Mit Barndoms Hjem,H.C. Andersen,,,,,H.C. Andersen
WOR023300,work,VÆRK-REGISTER,H. C. ANDERSEN,Digte,Enkelte Digte (alfabetisk),*»Mosrosen er nok værd at see -« (Cette 3.9.1862),H.C. Andersen,,,,,H.C. Andersen
WOR023350,work,VÆRK-REGISTER,H. C. ANDERSEN,Digte,Enkelte Digte (alfabetisk),*Musikdirecteur W. Rübner (»Din Vugge-Gjænge blev sat i Gang -«) (Holsteinborg 15.8.1867),H.C. Andersen,,,,,H.C. Andersen
WOR023400,work,VÆRK-REGISTER,H. C. ANDERSEN,Digte,Enkelte Digte (alfabetisk),*»Naar jeg ta'er Ordet atter -« (lmprovisation til Frk. Charlotte Phister 22.4.1869),H.C. Andersen,,,,,H.C. Andersen
WOR023450,work,VÆRK-REGISTER,H. C. ANDERSEN,Digte,Enkelte Digte (alfabetisk),"*»Naar, om Gud vil, snart jeg vandrer -« (I Fru O'Neills Album 9.8.1866)",H.C. Andersen,,,,,H.C. Andersen
WOR023500,work,VÆRK-REGISTER,H. C. ANDERSEN,Digte,Enkelte Digte (alfabetisk),*»Naar Sprogets Dør imellem sagde: »Stop!« -« (30.8.1847),H.C. Andersen,,,,,H.C. Andersen
WOR023550,work,VÆRK-REGISTER,H. C. ANDERSEN,Digte,Enkelte Digte (alfabetisk),Negerkongens Datter (Mulatten),H.C. Andersen,,,,,H.C. Andersen
WOR023600,work,VÆRK-REGISTER,H. C. ANDERSEN,Digte,Enkelte Digte (alfabetisk),9de Mai 1861. Sang sunget ved en Foraarsfest [for Johan Bravo] i Rom,H.C. Andersen,,,,,H.C. Andersen
WOR023650,work,VÆRK-REGISTER,H. C. ANDERSEN,Digte,Enkelte Digte (alfabetisk),Nytaarsmorgen,H.C. Andersen,,,,,H.C. Andersen
WOR023700,work,VÆRK-REGISTER,H. C. ANDERSEN,Digte,Enkelte Digte (alfabetisk),*»O Als er ret en Perle fiin -« (Augustenborg 24.9.1844),H.C. Andersen,,,,,H.C. Andersen
WOR023750,work,VÆRK-REGISTER,H. C. ANDERSEN,Digte,Enkelte Digte (alfabetisk),tOberst Læssøe,H.C. Andersen,,,,,H.C. Andersen
WOR023800,work,VÆRK-REGISTER,H. C. ANDERSEN,Digte,Enkelte Digte (alfabetisk),Odense,H.C. Andersen,,,,,H.C. Andersen
WOR023850,work,VÆRK-REGISTER,H. C. ANDERSEN,Digte,Enkelte Digte (alfabetisk),Oldingen,H.C. Andersen,,,,,H.C. Andersen
WOR023900,work,VÆRK-REGISTER,H. C. ANDERSEN,Digte,Enkelte Digte (alfabetisk),*»Over det luftblaa lysende Vand -«,H.C. Andersen,,,,,H.C. Andersen
WOR023950,work,VÆRK-REGISTER,H. C. ANDERSEN,Digte,Enkelte Digte (alfabetisk),*»Over Emilie-Kilde to Roser groe -« (Indskrift 1.5.1869 paa Vifte til Frk. Suhr),H.C. Andersen,,,,,H.C. Andersen
WOR024000,work,VÆRK-REGISTER,H. C. ANDERSEN,Digte,Enkelte Digte (alfabetisk),"Paa Andreas Ludvigs Brandt's og Debora Petronella Brandt's Sølvbryllup. Amsterdam, den 9. Mai 1869",H.C. Andersen,,,,,H.C. Andersen
WOR024050,work,VÆRK-REGISTER,H. C. ANDERSEN,Digte,Enkelte Digte (alfabetisk),Paa Balletskolen den 18de Februar 1862 (Vise til et Teaterbal),H.C. Andersen,,,,,H.C. Andersen
WOR024100,work,VÆRK-REGISTER,H. C. ANDERSEN,Digte,Enkelte Digte (alfabetisk),"»Paa Eventyrtræet groe Blomst og Frugt -« (Verslinier, dateret 5. Februar 1872, paa Grevinde Wanda Danneskiold-Samsøes Skærmbræt paa Holsteinborg)",H.C. Andersen,,,,,H.C. Andersen
WOR024150,work,VÆRK-REGISTER,H. C. ANDERSEN,Digte,Enkelte Digte (alfabetisk),*»Paa Holsteinborg Juletræet staaer -« (26.12.1865),H.C. Andersen,,,,,H.C. Andersen
WOR024200,work,VÆRK-REGISTER,H. C. ANDERSEN,Digte,Enkelte Digte (alfabetisk),*»Paa Jernbane Flugt -« (22.7.1851),H.C. Andersen,,,,,H.C. Andersen
WOR024250,work,VÆRK-REGISTER,H. C. ANDERSEN,Digte,Enkelte Digte (alfabetisk),"*Paa Jurabjergene (»Hen ad Bjerge, gjennem Bjerge -«)",H.C. Andersen,,,,,H.C. Andersen
WOR024300,work,VÆRK-REGISTER,H. C. ANDERSEN,Digte,Enkelte Digte (alfabetisk),Paa Nytaarsmorgen (»Du Evighedens Gaade -«),H.C. Andersen,,,,,H.C. Andersen
WOR024350,work,VÆRK-REGISTER,H. C. ANDERSEN,Digte,Enkelte Digte (alfabetisk),»Paa Ungdommens friske Rosenblad -« (Vers-Vignet som Indledning til Robert Watt: »lgjennem Europa«),H.C. Andersen,,,,,H.C. Andersen
WOR024400,work,VÆRK-REGISTER,H. C. ANDERSEN,Digte,Enkelte Digte (alfabetisk),"»Pandebeen, Øiesteen« o.s.v., en Sang for de Smaa",H.C. Andersen,,,,,H.C. Andersen
WOR024450,work,VÆRK-REGISTER,H. C. ANDERSEN,Digte,Enkelte Digte (alfabetisk),Poesien,H.C. Andersen,,,,,H.C. Andersen
WOR024500,work,VÆRK-REGISTER,H. C. ANDERSEN,Digte,Enkelte Digte (alfabetisk),"*Preussen (»Ja, Preussen var et deiligt Land -«) (Skyggebilleder)",H.C. Andersen,,,,,H.C. Andersen
WOR024550,work,VÆRK-REGISTER,H. C. ANDERSEN,Digte,Enkelte Digte (alfabetisk),"»Program« (»Det er et Carnevale!«) [Prolog til Fastelavnsfesten hos Grosserer Melchior 16.2.1874, Fru Melchiors Fødsebdag]",H.C. Andersen,,,,,H.C. Andersen
WOR024600,work,VÆRK-REGISTER,H. C. ANDERSEN,Digte,Enkelte Digte (alfabetisk),[Prolog til en Dilettantforestilling paa Basnæs 5.1.1865],H.C. Andersen,,,,,H.C. Andersen
WOR024650,work,VÆRK-REGISTER,H. C. ANDERSEN,Digte,Enkelte Digte (alfabetisk),[Prolog til en Dilettantforestilling 14.3.1872 hos Godsejer Jacob Scavenius],H.C. Andersen,,,,,H.C. Andersen
WOR024700,work,VÆRK-REGISTER,H. C. ANDERSEN,Digte,Enkelte Digte (alfabetisk),[Prolog til en Forestilling paa Hofteatret i det velgørende Selskab Fylla 9.3.1851],H.C. Andersen,,,,,H.C. Andersen
WOR024750,work,VÆRK-REGISTER,H. C. ANDERSEN,Digte,Enkelte Digte (alfabetisk),[Prolog til første Concert i »Euterpe« 18.3.1865],H.C. Andersen,,,,,H.C. Andersen
WOR024800,work,VÆRK-REGISTER,H. C. ANDERSEN,Digte,Enkelte Digte (alfabetisk),[Prolog til Tableauer over Ordet Farvel hos Melchiors 16.2.1865),H.C. Andersen,,,,,H.C. Andersen
WOR024850,work,VÆRK-REGISTER,H. C. ANDERSEN,Digte,Enkelte Digte (alfabetisk),[Prolog ved Madam Rosa Prices Forestilling paa Hofteatret 4.6.1851],H.C. Andersen,,,,,H.C. Andersen
WOR024900,work,VÆRK-REGISTER,H. C. ANDERSEN,Digte,Enkelte Digte (alfabetisk),Psalme (»Jeg har en Angst som aldrig før -«).,H.C. Andersen,,,,,H.C. Andersen
WOR024950,work,VÆRK-REGISTER,H. C. ANDERSEN,Digte,Enkelte Digte (alfabetisk),Rabbi Meyer,H.C. Andersen,,,,,H.C. Andersen
WOR025000,work,VÆRK-REGISTER,H. C. ANDERSEN,Digte,Enkelte Digte (alfabetisk),"*»Regnen rusker, Himlen er graae -« (Skyggebilleder)",H.C. Andersen,,,,,H.C. Andersen
WOR025050,work,VÆRK-REGISTER,H. C. ANDERSEN,Digte,Enkelte Digte (alfabetisk),Riimbrev til den lille Thea Melchior (18.10.1866),H.C. Andersen,,,,,H.C. Andersen
WOR025100,work,VÆRK-REGISTER,H. C. ANDERSEN,Digte,Enkelte Digte (alfabetisk),[Rimbrev til J. L. Heiberg 16.2.1841],H.C. Andersen,,,,,H.C. Andersen
WOR025150,work,VÆRK-REGISTER,H. C. ANDERSEN,Digte,Enkelte Digte (alfabetisk),Risens Datter,H.C. Andersen,,,,,H.C. Andersen
WOR025200,work,VÆRK-REGISTER,H. C. ANDERSEN,Digte,Enkelte Digte (alfabetisk),Rolighed,H.C. Andersen,,,,,H.C. Andersen
WOR025250,work,VÆRK-REGISTER,H. C. ANDERSEN,Digte,Enkelte Digte (alfabetisk),*»Saa snart Du lukker Bogen op -« (Dedikation til Elisabeth Holstein 10.12.1865),H.C. Andersen,,,,,H.C. Andersen
WOR025300,work,VÆRK-REGISTER,H. C. ANDERSEN,Digte,Enkelte Digte (alfabetisk),*»Saa søndagsfestlig hele Landet staaer -« (I Fru Cornelia Schlegels Stambog 16.6.1847),H.C. Andersen,,,,,H.C. Andersen
WOR025350,work,VÆRK-REGISTER,H. C. ANDERSEN,Digte,Enkelte Digte (alfabetisk),Sang for de danske Kunstnere. [Sunget ved Festen paa Kunstakademiet 31.3.1860]. (Ogsaa med Titel: Det Skjønne. Sang for de unge Kunstnere),H.C. Andersen,,,,,H.C. Andersen
WOR025400,work,VÆRK-REGISTER,H. C. ANDERSEN,Digte,Enkelte Digte (alfabetisk),Sang i Kirken ved Herr Emil Hartmanns og Frøken Bolette Puggaards Bryllup 4.11.1864,H.C. Andersen,,,,,H.C. Andersen
WOR025450,work,VÆRK-REGISTER,H. C. ANDERSEN,Digte,Enkelte Digte (alfabetisk),Sang i Rom til Kongens Skaal 28. Januar 1833,H.C. Andersen,,,,,H.C. Andersen
WOR025500,work,VÆRK-REGISTER,H. C. ANDERSEN,Digte,Enkelte Digte (alfabetisk),Sang paa Sølvbryllupsfesten den 24. October 1858. [Augusta Petzholdt og Gottlieb Collin],H.C. Andersen,,,,,H.C. Andersen
WOR025550,work,VÆRK-REGISTER,H. C. ANDERSEN,Digte,Enkelte Digte (alfabetisk),Sang til de Danskes Fest i London i Anledning af Prinsesse Alexandras Formæling 1863,H.C. Andersen,,,,,H.C. Andersen
WOR025600,work,VÆRK-REGISTER,H. C. ANDERSEN,Digte,Enkelte Digte (alfabetisk),[Sang til Edvard og Henriette Collins Sølvbryllup 10.8.1861,H.C. Andersen,,,,,H.C. Andersen
WOR025650,work,VÆRK-REGISTER,H. C. ANDERSEN,Digte,Enkelte Digte (alfabetisk),[Sang til F. Meldahls Bryllup 9.6.1860),H.C. Andersen,,,,,H.C. Andersen
WOR025700,work,VÆRK-REGISTER,H. C. ANDERSEN,Digte,Enkelte Digte (alfabetisk),Sang til Frøken Pauline Brøndums og Hr. Nicolai Ørsteds Bryllup den 2den September 1863,H.C. Andersen,,,,,H.C. Andersen
WOR025750,work,VÆRK-REGISTER,H. C. ANDERSEN,Digte,Enkelte Digte (alfabetisk),Sang til Grevinde Marie Elisabeth Moltkes Fødselsdag 1. August 1842,H.C. Andersen,,,,,H.C. Andersen
WOR025800,work,VÆRK-REGISTER,H. C. ANDERSEN,Digte,Enkelte Digte (alfabetisk),[Sang til Grevinde Marie Elisabeth Moltkes Fødselsdag 1. August 1850],H.C. Andersen,,,,,H.C. Andersen
WOR025850,work,VÆRK-REGISTER,H. C. ANDERSEN,Digte,Enkelte Digte (alfabetisk),[Sang til Jonas Collins Fødselsdag 6.1.1861],H.C. Andersen,,,,,H.C. Andersen
WOR025900,work,VÆRK-REGISTER,H. C. ANDERSEN,Digte,Enkelte Digte (alfabetisk),Sang til Landsoldaten ved Festen paa Glorup den 7de Juli 1851,H.C. Andersen,,,,,H.C. Andersen
WOR025950,work,VÆRK-REGISTER,H. C. ANDERSEN,Digte,Enkelte Digte (alfabetisk),[Sang til Maleren A. Dauzatz' Fødselsdag 15.7.1846],H.C. Andersen,,,,,H.C. Andersen
WOR026000,work,VÆRK-REGISTER,H. C. ANDERSEN,Digte,Enkelte Digte (alfabetisk),[Sang til Stella Boyes og Lars Sembs Bryllup 22.7.1851],H.C. Andersen,,,,,H.C. Andersen
WOR026050,work,VÆRK-REGISTER,H. C. ANDERSEN,Digte,Enkelte Digte (alfabetisk),"Sang ved Afsløringen af Mindestøtten paa Holsteinborg, den 18de October 1870",H.C. Andersen,,,,,H.C. Andersen
WOR026100,work,VÆRK-REGISTER,H. C. ANDERSEN,Digte,Enkelte Digte (alfabetisk),"Sang ved Conferentsraad, Politichef Bræstrups Halvhundredaarige Jubilæum den 17. December 1860",H.C. Andersen,,,,,H.C. Andersen
WOR026150,work,VÆRK-REGISTER,H. C. ANDERSEN,Digte,Enkelte Digte (alfabetisk),"Sang ved Femogtyveaars-Festen for Borgerrepræsentant N. F. Bonnesen og Raadmand B. Petersen, den 24de Februar 1867",H.C. Andersen,,,,,H.C. Andersen
WOR026200,work,VÆRK-REGISTER,H. C. ANDERSEN,Digte,Enkelte Digte (alfabetisk),Sang ved Frøken Lucia Scavenius's og Hr. Carl Castenschiolds Bryllup paa Basnæs den 26de October 1867,H.C. Andersen,,,,,H.C. Andersen
WOR026250,work,VÆRK-REGISTER,H. C. ANDERSEN,Digte,Enkelte Digte (alfabetisk),Sang ved Herr Grosserer I. B. Melchiors Og Frøken Johanne Melchiors Bryllup den 3die Marts 1867,H.C. Andersen,,,,,H.C. Andersen
WOR026300,work,VÆRK-REGISTER,H. C. ANDERSEN,Digte,Enkelte Digte (alfabetisk),Sang ved Herr Lauritz Eckardt's og Frøken Josephine Thorherg's Bryllup den 17de Juni 1863,H.C. Andersen,,,,,H.C. Andersen
WOR026350,work,VÆRK-REGISTER,H. C. ANDERSEN,Digte,Enkelte Digte (alfabetisk),Sang ved Hr. Pastor O. C. Kahrs's og Frøken A. de Neergaards Bryllup den 11. Juli 1862,H.C. Andersen,,,,,H.C. Andersen
WOR026400,work,VÆRK-REGISTER,H. C. ANDERSEN,Digte,Enkelte Digte (alfabetisk),"Sang ved Sølvbryllupsfesten den 10. Februar 1872 (Hofjuvelerer Anton Michelsen og Ida, f. Hansen]",H.C. Andersen,,,,,H.C. Andersen
WOR026450,work,VÆRK-REGISTER,H. C. ANDERSEN,Digte,Enkelte Digte (alfabetisk),*»See de andre unge Ørne flyve -«,H.C. Andersen,,,,,H.C. Andersen
WOR026500,work,VÆRK-REGISTER,H. C. ANDERSEN,Digte,Enkelte Digte (alfabetisk),*»See der et glødende Hjerte staae -« (31.8.1844),H.C. Andersen,,,,,H.C. Andersen
WOR026550,work,VÆRK-REGISTER,H. C. ANDERSEN,Digte,Enkelte Digte (alfabetisk),»See Myrten bliver Sølv saa underfuld -« (Augustenborg 18.9.1844),H.C. Andersen,,,,,H.C. Andersen
WOR026600,work,VÆRK-REGISTER,H. C. ANDERSEN,Digte,Enkelte Digte (alfabetisk),Den 26de Mai 1867 [Kong Christian IX.s og Dronning Louises Sølvbryllup),H.C. Andersen,,,,,H.C. Andersen
WOR026650,work,VÆRK-REGISTER,H. C. ANDERSEN,Digte,Enkelte Digte (alfabetisk),Siælen,H.C. Andersen,,,,,H.C. Andersen
WOR026700,work,VÆRK-REGISTER,H. C. ANDERSEN,Digte,Enkelte Digte (alfabetisk),"Skandinavisk Sang, Paris 3.4.1843",H.C. Andersen,,,,,H.C. Andersen
WOR026750,work,VÆRK-REGISTER,H. C. ANDERSEN,Digte,Enkelte Digte (alfabetisk),"*»Slaae ei i Vrag, / Men tag til Takke -« (l Fritze-Wanda Holsteins Navn med en Bakke til Marie Steenbuchs Fødselsdag 16.6.1874)",H.C. Andersen,,,,,H.C. Andersen
WOR026800,work,VÆRK-REGISTER,H. C. ANDERSEN,Digte,Enkelte Digte (alfabetisk),Slutnings-Sang. Den 16. Februar 1865 (Fru Dorothea Melchiors Fødselsdag) (»»Farvel!« i Billedrække -«),H.C. Andersen,,,,,H.C. Andersen
WOR026850,work,VÆRK-REGISTER,H. C. ANDERSEN,Digte,Enkelte Digte (alfabetisk),"Smaavers (I. Paa Livs-Sejladsen er Gud det Fyr. - II. Til den, det rammer. - III. Norge)",H.C. Andersen,,,,,H.C. Andersen
WOR026900,work,VÆRK-REGISTER,H. C. ANDERSEN,Digte,Enkelte Digte (alfabetisk),»Sneestormen generer -« (Til Adolph Drewsens Fødselsdag 19.2.1867),H.C. Andersen,,,,,H.C. Andersen
WOR026950,work,VÆRK-REGISTER,H. C. ANDERSEN,Digte,Enkelte Digte (alfabetisk),"Snegle-Spyt (»Den vaade, sorte Snegl ved Rosen sad-«)",H.C. Andersen,,,,,H.C. Andersen
WOR027000,work,VÆRK-REGISTER,H. C. ANDERSEN,Digte,Enkelte Digte (alfabetisk),"*»Snorlige Gader, Palai ved Palai -« (Skyggebilleder)",H.C. Andersen,,,,,H.C. Andersen
WOR027050,work,VÆRK-REGISTER,H. C. ANDERSEN,Digte,Enkelte Digte (alfabetisk),Soldaten,H.C. Andersen,,,,,H.C. Andersen
WOR027100,work,VÆRK-REGISTER,H. C. ANDERSEN,Digte,Enkelte Digte (alfabetisk),*»Som naar en Stjerne opgaaer i vor Nat -« (I Gustave Cazalis' Stambog 11.7.1846),H.C. Andersen,,,,,H.C. Andersen
WOR027150,work,VÆRK-REGISTER,H. C. ANDERSEN,Digte,Enkelte Digte (alfabetisk),"*Sonnet ved Fyrstinde Borgheses og hendes tre Børns Død. (Efter Fiorentini). Rom, den 1ste Januar 1841. (Oversættelse)",H.C. Andersen,,,,,H.C. Andersen
WOR027200,work,VÆRK-REGISTER,H. C. ANDERSEN,Digte,Enkelte Digte (alfabetisk),Spillemanden,H.C. Andersen,,,,,H.C. Andersen
WOR027250,work,VÆRK-REGISTER,H. C. ANDERSEN,Digte,Enkelte Digte (alfabetisk),»Spørg Amagermo'er«,H.C. Andersen,,,,,H.C. Andersen
WOR027300,work,VÆRK-REGISTER,H. C. ANDERSEN,Digte,Enkelte Digte (alfabetisk),"*»Staar jeg kun skreven i dit Bryst, Veninde -« (I Stine Pedersens Stambog 11.4.1826)",H.C. Andersen,,,,,H.C. Andersen
WOR027350,work,VÆRK-REGISTER,H. C. ANDERSEN,Digte,Enkelte Digte (alfabetisk),En Stemning (»Jeg Guds Verden har seet -«),H.C. Andersen,,,,,H.C. Andersen
WOR027400,work,VÆRK-REGISTER,H. C. ANDERSEN,Digte,Enkelte Digte (alfabetisk),En Stemning (Symphoni uden Ord),H.C. Andersen,,,,,H.C. Andersen
WOR027450,work,VÆRK-REGISTER,H. C. ANDERSEN,Digte,Enkelte Digte (alfabetisk),En Stemning (»Tanker flyve fra Sjælen -«),H.C. Andersen,,,,,H.C. Andersen
WOR027500,work,VÆRK-REGISTER,H. C. ANDERSEN,Digte,Enkelte Digte (alfabetisk),*»Storke Steie høit i Reden -« (Sang til Maria Moltkes Fødselsdag 23.7.1842),H.C. Andersen,,,,,H.C. Andersen
WOR027550,work,VÆRK-REGISTER,H. C. ANDERSEN,Digte,Enkelte Digte (alfabetisk),Stormfloden (Den 13de November 1872),H.C. Andersen,,,,,H.C. Andersen
WOR027600,work,VÆRK-REGISTER,H. C. ANDERSEN,Digte,Enkelte Digte (alfabetisk),Studenten fra Lund,H.C. Andersen,,,,,H.C. Andersen
WOR027650,work,VÆRK-REGISTER,H. C. ANDERSEN,Digte,Enkelte Digte (alfabetisk),Den 17de October 1849 (Sang til Josepha og Ferdinand Tuteins Sølvbryllup),H.C. Andersen,,,,,H.C. Andersen
WOR027700,work,VÆRK-REGISTER,H. C. ANDERSEN,Digte,Enkelte Digte (alfabetisk),*»Sæt Krandsen paa og vai Du danske Flag -« (22.10.1861),H.C. Andersen,,,,,H.C. Andersen
WOR027750,work,VÆRK-REGISTER,H. C. ANDERSEN,Digte,Enkelte Digte (alfabetisk),"[Sølvbryllupsvers ved Peter og Antoinette Wullfs Sølvbryllup 28. December 1868, fremsagt af den lille Jørgen Koch]",H.C. Andersen,,,,,H.C. Andersen
WOR027800,work,VÆRK-REGISTER,H. C. ANDERSEN,Digte,Enkelte Digte (alfabetisk),Til den lille Prinds Carl August (18.1.1846),H.C. Andersen,,,,,H.C. Andersen
WOR027850,work,VÆRK-REGISTER,H. C. ANDERSEN,Digte,Enkelte Digte (alfabetisk),Til Dronningen (Med Dronning Louises Portræt),H.C. Andersen,,,,,H.C. Andersen
WOR027900,work,VÆRK-REGISTER,H. C. ANDERSEN,Digte,Enkelte Digte (alfabetisk),Til J. P. E. Hartmann. 22. Mai 1874,H.C. Andersen,,,,,H.C. Andersen
WOR027950,work,VÆRK-REGISTER,H. C. ANDERSEN,Digte,Enkelte Digte (alfabetisk),Til Kongen (Med Christian IX.s Portræt),H.C. Andersen,,,,,H.C. Andersen
WOR028000,work,VÆRK-REGISTER,H. C. ANDERSEN,Digte,Enkelte Digte (alfabetisk),"Til Kronprinds Frederik og Kronprindsesse Lovisa. (Med et Teppe, unge Damer havde broderet til dem som Gave ved deres Formæling)",H.C. Andersen,,,,,H.C. Andersen
WOR028050,work,VÆRK-REGISTER,H. C. ANDERSEN,Digte,Enkelte Digte (alfabetisk),Til Landsoldaten,H.C. Andersen,,,,,H.C. Andersen
WOR028100,work,VÆRK-REGISTER,H. C. ANDERSEN,Digte,Enkelte Digte (alfabetisk),Til Maleren Carl Bloch (»Det var Udstillingstiden paa Charlottenborg -«),H.C. Andersen,,,,,H.C. Andersen
WOR028150,work,VÆRK-REGISTER,H. C. ANDERSEN,Digte,Enkelte Digte (alfabetisk),Til min Moder,H.C. Andersen,,,,,H.C. Andersen
WOR028200,work,VÆRK-REGISTER,H. C. ANDERSEN,Digte,Enkelte Digte (alfabetisk),De tre nordiske Rigers Skaal for Adam Oehlenschläger,H.C. Andersen,,,,,H.C. Andersen
WOR028250,work,VÆRK-REGISTER,H. C. ANDERSEN,Digte,Enkelte Digte (alfabetisk),"Tredie Gang i Italien. (»Jeg seer igjen, Vesuv, dit Kjæmpe-Fyr -«)",H.C. Andersen,,,,,H.C. Andersen
WOR028300,work,VÆRK-REGISTER,H. C. ANDERSEN,Digte,Enkelte Digte (alfabetisk),Den 13. Marts 1868 (Sang ved Ferdinand Tuteins 80-Aars Dag),H.C. Andersen,,,,,H.C. Andersen
WOR028350,work,VÆRK-REGISTER,H. C. ANDERSEN,Digte,Enkelte Digte (alfabetisk),*Trollhättan til Vandringsmanden (I Trollhätta-Bogen),H.C. Andersen,,,,,H.C. Andersen
WOR028400,work,VÆRK-REGISTER,H. C. ANDERSEN,Digte,Enkelte Digte (alfabetisk),Trøst i Tro,H.C. Andersen,,,,,H.C. Andersen
WOR028450,work,VÆRK-REGISTER,H. C. ANDERSEN,Digte,Enkelte Digte (alfabetisk),Tunge Timer,H.C. Andersen,,,,,H.C. Andersen
WOR028500,work,VÆRK-REGISTER,H. C. ANDERSEN,Digte,Enkelte Digte (alfabetisk),*»Ude groe Smiil og Taare frem -«,H.C. Andersen,,,,,H.C. Andersen
WOR028550,work,VÆRK-REGISTER,H. C. ANDERSEN,Digte,Enkelte Digte (alfabetisk),"*Ung Anna. »Rolighed«, den 25. August 1873 (»En lille Fugl, den fløi saa fro -«)",H.C. Andersen,,,,,H.C. Andersen
WOR028600,work,VÆRK-REGISTER,H. C. ANDERSEN,Digte,Enkelte Digte (alfabetisk),Ung Elskov (Liden Kirsten og Prinds Buris),H.C. Andersen,,,,,H.C. Andersen
WOR028650,work,VÆRK-REGISTER,H. C. ANDERSEN,Digte,Enkelte Digte (alfabetisk),*Vandrerens Sang,H.C. Andersen,,,,,H.C. Andersen
WOR028700,work,VÆRK-REGISTER,H. C. ANDERSEN,Digte,Enkelte Digte (alfabetisk),Vandring i Skoven,H.C. Andersen,,,,,H.C. Andersen
WOR028750,work,VÆRK-REGISTER,H. C. ANDERSEN,Digte,Enkelte Digte (alfabetisk),*»Ved Comersøen hvor Platanen groer -« (Dedikation til Fru Henriette Koefoed i et Eksemplar af »Hyldemoer« 2.7.1852),H.C. Andersen,,,,,H.C. Andersen
WOR028800,work,VÆRK-REGISTER,H. C. ANDERSEN,Digte,Enkelte Digte (alfabetisk),†Ved Efterretningen om Michael Wiehes Død.,H.C. Andersen,,,,,H.C. Andersen
WOR028850,work,VÆRK-REGISTER,H. C. ANDERSEN,Digte,Enkelte Digte (alfabetisk),"Ved Hds. Kongelige Høiheds Høisalig Landgrevinde Louise Charlottes Bisættelse i Roeskilde Domkirke, den 7. April 1864",H.C. Andersen,,,,,H.C. Andersen
WOR028900,work,VÆRK-REGISTER,H. C. ANDERSEN,Digte,Enkelte Digte (alfabetisk),*»Ved Natten var Stjernerne min Behag --« (Improvisation 19.5.1866),H.C. Andersen,,,,,H.C. Andersen
WOR028950,work,VÆRK-REGISTER,H. C. ANDERSEN,Digte,Enkelte Digte (alfabetisk),*» Ved Sestuspyramiden Hedninggraven -« (10.1.1841),H.C. Andersen,,,,,H.C. Andersen
WOR029000,work,VÆRK-REGISTER,H. C. ANDERSEN,Digte,Enkelte Digte (alfabetisk),Ved Soldatens Hjemkomst i 1864,H.C. Andersen,,,,,H.C. Andersen
WOR029050,work,VÆRK-REGISTER,H. C. ANDERSEN,Digte,Enkelte Digte (alfabetisk),Ved Thorvaldsens Kiste (»Træd hen til Kisten her!«),H.C. Andersen,,,,,H.C. Andersen
WOR029100,work,VÆRK-REGISTER,H. C. ANDERSEN,Digte,Enkelte Digte (alfabetisk),*»Ved Vintertid vi gik i Havens Gange -« (Dedikation 13.12.1845 i et Eksemplar af Eventyrene til Julius Mosen),H.C. Andersen,,,,,H.C. Andersen
WOR029150,work,VÆRK-REGISTER,H. C. ANDERSEN,Digte,Enkelte Digte (alfabetisk),*»Velkommen du lille Rosenknop -« (Ved Poul Melchiors Fødsel),H.C. Andersen,,,,,H.C. Andersen
WOR029200,work,VÆRK-REGISTER,H. C. ANDERSEN,Digte,Enkelte Digte (alfabetisk),"*»Velkommen, velmeent sagt maa Hjertet naae -« (I Grevinde Eva Hamiltons Stambog, Hönsäter 5.8.1849)",H.C. Andersen,,,,,H.C. Andersen
WOR029250,work,VÆRK-REGISTER,H. C. ANDERSEN,Digte,Enkelte Digte (alfabetisk),Venedig.,H.C. Andersen,,,,,H.C. Andersen
WOR029300,work,VÆRK-REGISTER,H. C. ANDERSEN,Digte,Enkelte Digte (alfabetisk),[Vers i Mile Blanvaleu Album 4.9.1860],H.C. Andersen,,,,,H.C. Andersen
WOR029350,work,VÆRK-REGISTER,H. C. ANDERSEN,Digte,Enkelte Digte (alfabetisk),[Vers i Mathilde Ørsteds Billedbog til hendes Brodersøn Hans Christian],H.C. Andersen,,,,,H.C. Andersen
WOR029400,work,VÆRK-REGISTER,H. C. ANDERSEN,Digte,Enkelte Digte (alfabetisk),[Vers med en Ole Lukøie i Terracotta til H. Scharff 20.2.1871],H.C. Andersen,,,,,H.C. Andersen
WOR029450,work,VÆRK-REGISTER,H. C. ANDERSEN,Digte,Enkelte Digte (alfabetisk),[Vers med et Porcelænsstel til E. A. og Karen Scharlings Sølvbryllup 23.11.1864],H.C. Andersen,,,,,H.C. Andersen
WOR029500,work,VÆRK-REGISTER,H. C. ANDERSEN,Digte,Enkelte Digte (alfabetisk),[*Vers med Fru Henriette Scavenius' Fødselsdagsgave til Otto Scavenius' Fødselsdag 19.5.1871],H.C. Andersen,,,,,H.C. Andersen
WOR029550,work,VÆRK-REGISTER,H. C. ANDERSEN,Digte,Enkelte Digte (alfabetisk),[Vers med Kobberskillinger til Aron Henriques' Kobberbryllup 1867],H.C. Andersen,,,,,H.C. Andersen
WOR029600,work,VÆRK-REGISTER,H. C. ANDERSEN,Digte,Enkelte Digte (alfabetisk),[Vers med Skamlerne paa Bregentved 1. August 1842 (Grevindens Fødselsdag)],H.C. Andersen,,,,,H.C. Andersen
WOR029650,work,VÆRK-REGISTER,H. C. ANDERSEN,Digte,Enkelte Digte (alfabetisk),[Vers til Alfred Crowquill 5.8.1847],H.C. Andersen,,,,,H.C. Andersen
WOR029700,work,VÆRK-REGISTER,H. C. ANDERSEN,Digte,Enkelte Digte (alfabetisk),[Vers til Caroline von der Maases Stambog Juni 1851],H.C. Andersen,,,,,H.C. Andersen
WOR029750,work,VÆRK-REGISTER,H. C. ANDERSEN,Digte,Enkelte Digte (alfabetisk),"[Vers til et Rosentræ, foræret August Winding 24.3.1864 af Fru Thora Hartmann]",H.C. Andersen,,,,,H.C. Andersen
WOR029800,work,VÆRK-REGISTER,H. C. ANDERSEN,Digte,Enkelte Digte (alfabetisk),[Vers til Grev E. F. von Saltza 18.7.1849],H.C. Andersen,,,,,H.C. Andersen
WOR029850,work,VÆRK-REGISTER,H. C. ANDERSEN,Digte,Enkelte Digte (alfabetisk),[Vers til J. A. Hägg 27.9.1871],H.C. Andersen,,,,,H.C. Andersen
WOR029900,work,VÆRK-REGISTER,H. C. ANDERSEN,Digte,Enkelte Digte (alfabetisk),[Vers til Madam Lucia Abelone Dalls Geburtsdag 1825],H.C. Andersen,,,,,H.C. Andersen
WOR029950,work,VÆRK-REGISTER,H. C. ANDERSEN,Digte,Enkelte Digte (alfabetisk),[Vers til Otto Scavenius' Jule-Present fra Lucie 24.12.1865],H.C. Andersen,,,,,H.C. Andersen
WOR030000,work,VÆRK-REGISTER,H. C. ANDERSEN,Digte,Enkelte Digte (alfabetisk),[Vers til Sara Lennep 14.6.1847],H.C. Andersen,,,,,H.C. Andersen
WOR030050,work,VÆRK-REGISTER,H. C. ANDERSEN,Digte,Enkelte Digte (alfabetisk),Versificeret Telegram 22.6.1871 »som fra Melchior at læse i Dag efter at hans Skaal var drukket«,H.C. Andersen,,,,,H.C. Andersen
WOR030100,work,VÆRK-REGISTER,H. C. ANDERSEN,Digte,Enkelte Digte (alfabetisk),[Verslinier til Skoleholder Staahl i Roskilde 7.8.1863],H.C. Andersen,,,,,H.C. Andersen
WOR030150,work,VÆRK-REGISTER,H. C. ANDERSEN,Digte,Enkelte Digte (alfabetisk),Vers-Vignet (»Paa Ungdommens friske Rosenblad -«),H.C. Andersen,,,,,H.C. Andersen
WOR030200,work,VÆRK-REGISTER,H. C. ANDERSEN,Digte,Enkelte Digte (alfabetisk),*»Vor Jord du Støvgran i Klodernes Vrimmel!«,H.C. Andersen,,,,,H.C. Andersen
WOR030250,work,VÆRK-REGISTER,H. C. ANDERSEN,Digte,Enkelte Digte (alfabetisk),*»Vort Hjerte i Glæde banker -« (Glion 18.5.1873),H.C. Andersen,,,,,H.C. Andersen
WOR030300,work,VÆRK-REGISTER,H. C. ANDERSEN,Digte,Enkelte Digte (alfabetisk),Zigeunersang af Goethes »Götz von Berlichingen«. (Oversættelse),H.C. Andersen,,,,,H.C. Andersen
WOR030350,work,VÆRK-REGISTER,H. C. ANDERSEN,Digte,Enkelte Digte (alfabetisk),Ørkenens Søn,H.C. Andersen,,,,,H.C. Andersen
WOR030400,work,VÆRK-REGISTER,H. C. ANDERSEN,Skuespil og Operatekster,(blank),Agnete og Havmanden (1834),H.C. Andersen,,,,,H.C. Andersen
WOR030450,work,VÆRK-REGISTER,H. C. ANDERSEN,Skuespil og Operatekster,(blank),Agnete og Havmanden (Scene-Udgave 1843),H.C. Andersen,,,,,H.C. Andersen
WOR030500,work,VÆRK-REGISTER,H. C. ANDERSEN,Skuespil og Operatekster,(blank),Ahasverus,H.C. Andersen,,,,,H.C. Andersen
WOR030550,work,VÆRK-REGISTER,H. C. ANDERSEN,Skuespil og Operatekster,(blank),Bruden fra Lammermoor,H.C. Andersen,,,,,H.C. Andersen
WOR030600,work,VÆRK-REGISTER,H. C. ANDERSEN,Skuespil og Operatekster,(blank),Bryllupet ved Como-Søen,H.C. Andersen,,,,,H.C. Andersen
WOR030650,work,VÆRK-REGISTER,H. C. ANDERSEN,Skuespil og Operatekster,(blank),En Comedie i det Grønne,H.C. Andersen,,,,,H.C. Andersen
WOR030700,work,VÆRK-REGISTER,H. C. ANDERSEN,Skuespil og Operatekster,(blank),Da Spanierne var her,H.C. Andersen,,,,,H.C. Andersen
WOR030750,work,VÆRK-REGISTER,H. C. ANDERSEN,Skuespil og Operatekster,(blank),Dinorah (Le Pardon de Plöermel) (Michel Carré og J. Barbier) (Oversættelse),H.C. Andersen,,,,,H.C. Andersen
WOR030800,work,VÆRK-REGISTER,H. C. ANDERSEN,Skuespil og Operatekster,(blank),Dronningen paa 16 Aar (J. F. A. Bayard) (Oversættelse)- Se ogsaa: Die Königin von 16 Jahre (J.F.A. Bayard),H.C. Andersen,,,,,H.C. Andersen
WOR030850,work,VÆRK-REGISTER,H. C. ANDERSEN,Skuespil og Operatekster,(blank),Festen paa Kenilworth,H.C. Andersen,,,,,H.C. Andersen
WOR030900,work,VÆRK-REGISTER,H. C. ANDERSEN,Skuespil og Operatekster,(blank),"Festen paa Kenilworth,Omarbejdelsen 1875",H.C. Andersen,,,,,H.C. Andersen
WOR030950,work,VÆRK-REGISTER,H. C. ANDERSEN,Skuespil og Operatekster,(blank),Fuglen i Pæretræet,H.C. Andersen,,,,,H.C. Andersen
WOR031000,work,VÆRK-REGISTER,H. C. ANDERSEN,Skuespil og Operatekster,(blank),»Han er ikke født«,H.C. Andersen,,,,,H.C. Andersen
WOR031050,work,VÆRK-REGISTER,H. C. ANDERSEN,Skuespil og Operatekster,(blank),Hr. Rasmussen,H.C. Andersen,,,,,H.C. Andersen
WOR031100,work,VÆRK-REGISTER,H. C. ANDERSEN,Skuespil og Operatekster,(blank),Hyldemoer (Eventyrkomedie),H.C. Andersen,,,,,H.C. Andersen
WOR031150,work,VÆRK-REGISTER,H. C. ANDERSEN,Skuespil og Operatekster,(blank),I Vetturinens Vogn,H.C. Andersen,,,,,H.C. Andersen
WOR031200,work,VÆRK-REGISTER,H. C. ANDERSEN,Skuespil og Operatekster,(blank),Intermedium af Holbergs »Kildereisen«,H.C. Andersen,,,,,H.C. Andersen
WOR031250,work,VÆRK-REGISTER,H. C. ANDERSEN,Skuespil og Operatekster,(blank),Kjærlighed paa Nicolai Taarn,H.C. Andersen,,,,,H.C. Andersen
WOR031300,work,VÆRK-REGISTER,H. C. ANDERSEN,Skuespil og Operatekster,(blank),Kong Saul,H.C. Andersen,,,,,H.C. Andersen
WOR031350,work,VÆRK-REGISTER,H. C. ANDERSEN,Skuespil og Operatekster,(blank),Kongen drømmer,H.C. Andersen,,,,,H.C. Andersen
WOR031400,work,VÆRK-REGISTER,H. C. ANDERSEN,Skuespil og Operatekster,(blank),Kunstens Dannevirke,H.C. Andersen,,,,,H.C. Andersen
WOR031450,work,VÆRK-REGISTER,H. C. ANDERSEN,Skuespil og Operatekster,(blank),En Landsbyhistorie (S. H. Mosenthal) (Oversættelse)- Se ogsaa: Der Sonnenwendhof (S. H. Mosenthal),H.C. Andersen,,,,,H.C. Andersen
WOR031500,work,VÆRK-REGISTER,H. C. ANDERSEN,Skuespil og Operatekster,(blank),Langebro,H.C. Andersen,,,,,H.C. Andersen
WOR031550,work,VÆRK-REGISTER,H. C. ANDERSEN,Skuespil og Operatekster,(blank),Liden Kirsten,H.C. Andersen,,,,,H.C. Andersen
WOR031600,work,VÆRK-REGISTER,H. C. ANDERSEN,Skuespil og Operatekster,(blank),Lykkens Blomst,H.C. Andersen,,,,,H.C. Andersen
WOR031650,work,VÆRK-REGISTER,H. C. ANDERSEN,Skuespil og Operatekster,(blank),Maurerpigen,H.C. Andersen,,,,,H.C. Andersen
WOR031700,work,VÆRK-REGISTER,H. C. ANDERSEN,Skuespil og Operatekster,(blank),Meer end Perler og Guld (Efter F. Raimund og »Tusind og een Nat«),H.C. Andersen,,,,,H.C. Andersen
WOR031750,work,VÆRK-REGISTER,H. C. ANDERSEN,Skuespil og Operatekster,(blank),Mikkels Kjærligheds Historier i Paris,H.C. Andersen,,,,,H.C. Andersen
WOR031800,work,VÆRK-REGISTER,H. C. ANDERSEN,Skuespil og Operatekster,(blank),Mulatten,H.C. Andersen,,,,,H.C. Andersen
WOR031850,work,VÆRK-REGISTER,H. C. ANDERSEN,Skuespil og Operatekster,(blank),En Nat i Roeskilde,H.C. Andersen,,,,,H.C. Andersen
WOR031900,work,VÆRK-REGISTER,H. C. ANDERSEN,Skuespil og Operatekster,(blank),Den nye Barselstue,H.C. Andersen,,,,,H.C. Andersen
WOR031950,work,VÆRK-REGISTER,H. C. ANDERSEN,Skuespil og Operatekster,(blank),Nøkken,H.C. Andersen,,,,,H.C. Andersen
WOR032000,work,VÆRK-REGISTER,H. C. ANDERSEN,Skuespil og Operatekster,(blank),Ole Lukøie (Eventyrkomedie),H.C. Andersen,,,,,H.C. Andersen
WOR032050,work,VÆRK-REGISTER,H. C. ANDERSEN,Skuespil og Operatekster,(blank),Paa Langebro,H.C. Andersen,,,,,H.C. Andersen
WOR032100,work,VÆRK-REGISTER,H. C. ANDERSEN,Skuespil og Operatekster,(blank),Ravnen (1832),H.C. Andersen,,,,,H.C. Andersen
WOR032150,work,VÆRK-REGISTER,H. C. ANDERSEN,Skuespil og Operatekster,(blank),Ravnen (1832) - Teksten omarbejdes 1846,H.C. Andersen,,,,,H.C. Andersen
WOR032200,work,VÆRK-REGISTER,H. C. ANDERSEN,Skuespil og Operatekster,(blank),Ravnen (1865),H.C. Andersen,,,,,H.C. Andersen
WOR032250,work,VÆRK-REGISTER,H. C. ANDERSEN,Skuespil og Operatekster,(blank),En rigtig Soldat,H.C. Andersen,,,,,H.C. Andersen
WOR032300,work,VÆRK-REGISTER,H. C. ANDERSEN,Skuespil og Operatekster,(blank),Røverne i Vissenberg i Fyen,H.C. Andersen,,,,,H.C. Andersen
WOR032350,work,VÆRK-REGISTER,H. C. ANDERSEN,Skuespil og Operatekster,(blank),Skibet (E. Scribe og E. J. E. Mazères) (Oversættelse),H.C. Andersen,,,,,H.C. Andersen
WOR032400,work,VÆRK-REGISTER,H. C. ANDERSEN,Skuespil og Operatekster,(blank),Skilles og mødes (Spanierne i Odense - Fem og tyve Aar derefter),H.C. Andersen,,,,,H.C. Andersen
WOR032450,work,VÆRK-REGISTER,H. C. ANDERSEN,Skuespil og Operatekster,(blank),Spanierne i Odense,H.C. Andersen,,,,,H.C. Andersen
WOR032500,work,VÆRK-REGISTER,H. C. ANDERSEN,Skuespil og Operatekster,(blank),Den Usynlige paa Sprogø,H.C. Andersen,,,,,H.C. Andersen
WOR032550,work,VÆRK-REGISTER,H. C. ANDERSEN,Skuespil og Operatekster,"Dramatiske Planer, Ideer til Skuespil",Beatrice Cenci (Tragedieplan),H.C. Andersen,,,,,H.C. Andersen
WOR032600,work,VÆRK-REGISTER,H. C. ANDERSEN,Skuespil og Operatekster,"Dramatiske Planer, Ideer til Skuespil",Dina (Tragedieplan),H.C. Andersen,,,,,H.C. Andersen
WOR032650,work,VÆRK-REGISTER,H. C. ANDERSEN,Skuespil og Operatekster,"Dramatiske Planer, Ideer til Skuespil",Leonardo da Vinci (Tragedieplan),H.C. Andersen,,,,,H.C. Andersen
WOR032700,work,VÆRK-REGISTER,H. C. ANDERSEN,Skuespil og Operatekster,"Dramatiske Planer, Ideer til Skuespil",Leonora Christine i Fængslet (Plan til Digtning),H.C. Andersen,,,,,H.C. Andersen
WOR032750,work,VÆRK-REGISTER,H. C. ANDERSEN,Skuespil og Operatekster,"Dramatiske Planer, Ideer til Skuespil",Scandinaverne (Vaudeville-Plan),H.C. Andersen,,,,,H.C. Andersen
WOR032800,work,VÆRK-REGISTER,H. C. ANDERSEN,Skuespil og Operatekster,"Dramatiske Planer, Ideer til Skuespil","Valkyrien, Ballet-Opera i to Acter",H.C. Andersen,,,,,H.C. Andersen
WOR032850,work,VÆRK-REGISTER,H. C. ANDERSEN,Romaner og Noveller,(blank),Romaneme (i Almindelighed),H.C. Andersen,,,,,H.C. Andersen
WOR032900,work,VÆRK-REGISTER,H. C. ANDERSEN,Romaner og Noveller,(blank),Abentheuer und Märchen einer Neujahrsnacht,H.C. Andersen,,,,,H.C. Andersen
WOR032950,work,VÆRK-REGISTER,H. C. ANDERSEN,Romaner og Noveller,(blank),At være eller ikke være,H.C. Andersen,,,,,H.C. Andersen
WOR033000,work,VÆRK-REGISTER,H. C. ANDERSEN,Romaner og Noveller,(blank),Billedbog uden Billeder,H.C. Andersen,,,,,H.C. Andersen
WOR033050,work,VÆRK-REGISTER,H. C. ANDERSEN,Romaner og Noveller,(blank),Billedbog uden Billeder- 5. Udgave (1866),H.C. Andersen,,,,,H.C. Andersen
WOR033100,work,VÆRK-REGISTER,H. C. ANDERSEN,Romaner og Noveller,(blank),Christian den Andens Dverg,H.C. Andersen,,,,,H.C. Andersen
WOR033150,work,VÆRK-REGISTER,H. C. ANDERSEN,Romaner og Noveller,(blank),Danske Folkesagn,H.C. Andersen,,,,,H.C. Andersen
WOR033200,work,VÆRK-REGISTER,H. C. ANDERSEN,Romaner og Noveller,(blank),Fodreise fra Holmens Kanal til Østpynten af Amager,H.C. Andersen,,,,,H.C. Andersen
WOR033250,work,VÆRK-REGISTER,H. C. ANDERSEN,Romaner og Noveller,(blank),"Historien om Konen som ikke kunde døe. Et Folkesagn i Danmark. Historien om Fruen der vilde leve saa længe hendes Kirke stod, fortalt af HCA. (Sml. Danish Popular Legends 1870, HCA.s Eventyr. Ved Erik Dal, V 1967, S. 257-58)",H.C. Andersen,,,,,H.C. Andersen
WOR033300,work,VÆRK-REGISTER,H. C. ANDERSEN,Romaner og Noveller,(blank),Improvisatoren,H.C. Andersen,,,,,H.C. Andersen
WOR033350,work,VÆRK-REGISTER,H. C. ANDERSEN,Romaner og Noveller,(blank),Improvisatoren - 3. Opl. (1866),H.C. Andersen,,,,,H.C. Andersen
WOR033400,work,VÆRK-REGISTER,H. C. ANDERSEN,Romaner og Noveller,(blank),Kun en Spillemand,H.C. Andersen,,,,,H.C. Andersen
WOR033450,work,VÆRK-REGISTER,H. C. ANDERSEN,Romaner og Noveller,(blank),Lykke-Peer,H.C. Andersen,,,,,H.C. Andersen
WOR033500,work,VÆRK-REGISTER,H. C. ANDERSEN,Romaner og Noveller,(blank),O.T.,H.C. Andersen,,,,,H.C. Andersen
WOR033550,work,VÆRK-REGISTER,H. C. ANDERSEN,Romaner og Noveller,(blank),De to Baronesser,H.C. Andersen,,,,,H.C. Andersen
WOR033600,work,VÆRK-REGISTER,H. C. ANDERSEN,Romaner og Noveller,(blank),De to Baronesser - 2. Opl. (1866),H.C. Andersen,,,,,H.C. Andersen
WOR033650,work,VÆRK-REGISTER,H. C. ANDERSEN,Romaner og Noveller,IDEER TIL NOVELLER ETC.,Drengen fra Oberammergau (Novelleplan),H.C. Andersen,,,,,H.C. Andersen
WOR033700,work,VÆRK-REGISTER,H. C. ANDERSEN,Romaner og Noveller,IDEER TIL NOVELLER ETC.,"Fortrolige Breve. Første Gang i Sporvogn, Brev fra en ung Landsbypige til hendes Veninde",H.C. Andersen,,,,,H.C. Andersen
WOR033750,work,VÆRK-REGISTER,H. C. ANDERSEN,Romaner og Noveller,IDEER TIL NOVELLER ETC.,"En Hundehvalp (Novelleplan 1861, benyttet i Iisjomfruen)",H.C. Andersen,,,,,H.C. Andersen
WOR033800,work,VÆRK-REGISTER,H. C. ANDERSEN,Romaner og Noveller,IDEER TIL NOVELLER ETC.,Italien (Idé til komisk Roman),H.C. Andersen,,,,,H.C. Andersen
WOR033850,work,VÆRK-REGISTER,H. C. ANDERSEN,Romaner og Noveller,IDEER TIL NOVELLER ETC.,En romersk Slave og hans Elskede (Novelleplan),H.C. Andersen,,,,,H.C. Andersen
WOR033900,work,VÆRK-REGISTER,H. C. ANDERSEN,Romaner og Noveller,IDEER TIL NOVELLER ETC.,"En Rotte, der kritiserer Menneskene (1861) (Idé til Historie, benyttet i Dryaden)",H.C. Andersen,,,,,H.C. Andersen
WOR033950,work,VÆRK-REGISTER,H. C. ANDERSEN,Romaner og Noveller,IDEER TIL NOVELLER ETC.,Scene fra Reformationstiden (Plan),H.C. Andersen,,,,,H.C. Andersen
WOR034000,work,VÆRK-REGISTER,H. C. ANDERSEN,Romaner og Noveller,IDEER TIL NOVELLER ETC.,Svalerne (Novelleplan),H.C. Andersen,,,,,H.C. Andersen
WOR034050,work,VÆRK-REGISTER,H. C. ANDERSEN,Romaner og Noveller,IDEER TIL NOVELLER ETC.,To Studenter i Coimbra (Idé til en Roman),H.C. Andersen,,,,,H.C. Andersen
WOR034100,work,VÆRK-REGISTER,H. C. ANDERSEN,Romaner og Noveller,IDEER TIL NOVELLER ETC.,Uden Kjærlighed (Novelleplan),H.C. Andersen,,,,,H.C. Andersen
WOR034150,work,VÆRK-REGISTER,H. C. ANDERSEN,Romaner og Noveller,IDEER TIL NOVELLER ETC.,Upsala hvide Møtzer (Novelleplan),H.C. Andersen,,,,,H.C. Andersen
WOR034200,work,VÆRK-REGISTER,H. C. ANDERSEN,Rejseskildringer,(blank),Af et Brev fra H.C. Andersen (Dagbladet 22.6.1866),H.C. Andersen,,,,,H.C. Andersen
WOR034250,work,VÆRK-REGISTER,H. C. ANDERSEN,Rejseskildringer,(blank),Aveiro og Coimbra,H.C. Andersen,,,,,H.C. Andersen
WOR034300,work,VÆRK-REGISTER,H. C. ANDERSEN,Rejseskildringer,(blank),Et Besøg hos Charles Dickens i Sommeren 1857,H.C. Andersen,,,,,H.C. Andersen
WOR034350,work,VÆRK-REGISTER,H. C. ANDERSEN,Rejseskildringer,(blank),Et Besøg i Portugal 1866,H.C. Andersen,,,,,H.C. Andersen
WOR034400,work,VÆRK-REGISTER,H. C. ANDERSEN,Rejseskildringer,(blank),Et Blad fra et Besøg i Portugal 1866 (Figaro 25.11.1866),H.C. Andersen,,,,,H.C. Andersen
WOR034450,work,VÆRK-REGISTER,H. C. ANDERSEN,Rejseskildringer,(blank),"Brudstykke af et Brev, dat. Valencia, den 18de September (Berlingske Tidende 26.9.1862)",H.C. Andersen,,,,,H.C. Andersen
WOR034500,work,VÆRK-REGISTER,H. C. ANDERSEN,Rejseskildringer,(blank),En Digters Bazar,H.C. Andersen,,,,,H.C. Andersen
WOR034550,work,VÆRK-REGISTER,H. C. ANDERSEN,Rejseskildringer,(blank),Fra H. C. Andersens Reise (Setubal 19de Juni 1866) (Figaro 1.7.1866),H.C. Andersen,,,,,H.C. Andersen
WOR034600,work,VÆRK-REGISTER,H. C. ANDERSEN,Rejseskildringer,(blank),I Jurabjergene,H.C. Andersen,,,,,H.C. Andersen
WOR034650,work,VÆRK-REGISTER,H. C. ANDERSEN,Rejseskildringer,(blank),I Schweiz (Reiseskizzer og Pennetegninger),H.C. Andersen,,,,,H.C. Andersen
WOR034700,work,VÆRK-REGISTER,H. C. ANDERSEN,Rejseskildringer,(blank),I Spanien,H.C. Andersen,,,,,H.C. Andersen
WOR034750,work,VÆRK-REGISTER,H. C. ANDERSEN,Rejseskildringer,(blank),I Sverrig,H.C. Andersen,,,,,H.C. Andersen
WOR034800,work,VÆRK-REGISTER,H. C. ANDERSEN,Rejseskildringer,(blank),Løven ved Luzern,H.C. Andersen,,,,,H.C. Andersen
WOR034850,work,VÆRK-REGISTER,H. C. ANDERSEN,Rejseskildringer,(blank),Nürnberg. En Reise-Erindring fra Foraaret 1872,H.C. Andersen,,,,,H.C. Andersen
WOR034900,work,VÆRK-REGISTER,H. C. ANDERSEN,Rejseskildringer,(blank),Passions-Skuespillet i Oberammergau i 1860,H.C. Andersen,,,,,H.C. Andersen
WOR034950,work,VÆRK-REGISTER,H. C. ANDERSEN,Rejseskildringer,(blank),"Pictures of Travel. In Sweden, among the Hartz Mountains, and in Switzerland, with at Visit at Charles Dickens's House. New York (1871)",H.C. Andersen,,,,,H.C. Andersen
WOR035000,work,VÆRK-REGISTER,H. C. ANDERSEN,Rejseskildringer,(blank),Reise fra Kjøbenhavn til Rhinen,H.C. Andersen,,,,,H.C. Andersen
WOR035050,work,VÆRK-REGISTER,H. C. ANDERSEN,Rejseskildringer,(blank),Silkeborg,H.C. Andersen,,,,,H.C. Andersen
WOR035100,work,VÆRK-REGISTER,H. C. ANDERSEN,Rejseskildringer,(blank),Skagen,H.C. Andersen,,,,,H.C. Andersen
WOR035150,work,VÆRK-REGISTER,H. C. ANDERSEN,Rejseskildringer,(blank),"Skyggebilleder af en Reise til Harzen, det sachsiske Schweiz etc. etc. i Sommeren 1831",H.C. Andersen,,,,,H.C. Andersen
WOR035200,work,VÆRK-REGISTER,H. C. ANDERSEN,Rejseskildringer,(blank),"Uddrag af et Brev, omhandlende Rejsen til Portugal (Dagbladet 22.6.1866).",H.C. Andersen,,,,,H.C. Andersen
WOR035250,work,VÆRK-REGISTER,H. C. ANDERSEN,Selvbiografier,(blank),Hoe Hans Christiaan Andersen zijn leven vertelt,H.C. Andersen,,,,,H.C. Andersen
WOR035300,work,VÆRK-REGISTER,H. C. ANDERSEN,Selvbiografier,(blank),Das Märchen meines Lebens ohne Dichtung (1847),H.C. Andersen,,,,,H.C. Andersen
WOR035350,work,VÆRK-REGISTER,H. C. ANDERSEN,Selvbiografier,(blank),Das Märchen meines Lebens ohne Dichtung (1847) - Engelsk Oversættelse: The True Story of My Life,H.C. Andersen,,,,,H.C. Andersen
WOR035400,work,VÆRK-REGISTER,H. C. ANDERSEN,Selvbiografier,(blank),Mit Livs Eventyr (1855),H.C. Andersen,,,,,H.C. Andersen
WOR035450,work,VÆRK-REGISTER,H. C. ANDERSEN,Selvbiografier,(blank),"Mit Livs Eventyr, fortsat fra den anden April 1855 til den syttende December 1867",H.C. Andersen,,,,,H.C. Andersen
WOR035500,work,VÆRK-REGISTER,H. C. ANDERSEN,Selvbiografier,(blank),Mit Livs Eventyr. Fortsættelse 1874-75,H.C. Andersen,,,,,H.C. Andersen
WOR035550,work,VÆRK-REGISTER,H. C. ANDERSEN,Selvbiografier,(blank),The Story of My Life (New York 1871),H.C. Andersen,,,,,H.C. Andersen
WOR035600,work,VÆRK-REGISTER,H. C. ANDERSEN,Selvbiografier,(blank),Almanakker,H.C. Andersen,,,,,H.C. Andersen
WOR035650,work,VÆRK-REGISTER,H. C. ANDERSEN,Selvbiografier,(blank),Dagbogen,H.C. Andersen,,,,,H.C. Andersen
WOR035700,work,VÆRK-REGISTER,H. C. ANDERSEN,Selvbiografier,(blank),Dagbogen - Dagbogen læses af andre?,H.C. Andersen,,,,,H.C. Andersen
WOR035750,work,VÆRK-REGISTER,H. C. ANDERSEN,"Afhandlinger, Artikler m.m.",(blank),Akrostichon-Gaade. To danske Digteres Navne,H.C. Andersen,,,,,H.C. Andersen
WOR035800,work,VÆRK-REGISTER,H. C. ANDERSEN,"Afhandlinger, Artikler m.m.",(blank),"Anmeldelse af H.C. Ørsteds Foredrag om Experimenterne med den electromagnetiske Telegraf, foranstaltet af »Selskabet for Naturlærens Udbredelse« (Kjøbenhavnsposten 20.4.1839 under Mærket a)",H.C. Andersen,,,,,H.C. Andersen
WOR035850,work,VÆRK-REGISTER,H. C. ANDERSEN,"Afhandlinger, Artikler m.m.",(blank),Bertel Thorvaldsen,H.C. Andersen,,,,,H.C. Andersen
WOR035900,work,VÆRK-REGISTER,H. C. ANDERSEN,"Afhandlinger, Artikler m.m.",(blank),Et Brev fra Etatsraad H.C. Andersen til Udgiveren (i J. M. Thiele: Erindringer fra Bakkehuset),H.C. Andersen,,,,,H.C. Andersen
WOR035950,work,VÆRK-REGISTER,H. C. ANDERSEN,"Afhandlinger, Artikler m.m.",(blank),Brev til Redacteuren af »The Literary Gazette« (1846),H.C. Andersen,,,,,H.C. Andersen
WOR036000,work,VÆRK-REGISTER,H. C. ANDERSEN,"Afhandlinger, Artikler m.m.",(blank),Brev til Redaktøren af »New-York Tribune« 17.4.1875,H.C. Andersen,,,,,H.C. Andersen
WOR036050,work,VÆRK-REGISTER,H. C. ANDERSEN,"Afhandlinger, Artikler m.m.",(blank),"Brev, dateret Kjøbenhavn, den 5te April 1875, til Redaktøren af »Søndags-Posten«",H.C. Andersen,,,,,H.C. Andersen
WOR036100,work,VÆRK-REGISTER,H. C. ANDERSEN,"Afhandlinger, Artikler m.m.",(blank),Digteren Bernhard Severin Ingemann,H.C. Andersen,,,,,H.C. Andersen
WOR036150,work,VÆRK-REGISTER,H. C. ANDERSEN,"Afhandlinger, Artikler m.m.",(blank),"H.C. Andersen og de amerikanske Børn. Brev 30.6.1874 til Gibson Peacock, Udgiver af »The Evening Bulletin« i Philadelphia",H.C. Andersen,,,,,H.C. Andersen
WOR036200,work,VÆRK-REGISTER,H. C. ANDERSEN,"Afhandlinger, Artikler m.m.",(blank),H.C. Andersens Barndomshjem (Illustreret Tidende 5.1.1668),H.C. Andersen,,,,,H.C. Andersen
WOR036250,work,VÆRK-REGISTER,H. C. ANDERSEN,"Afhandlinger, Artikler m.m.",(blank),"Indbydelse til Indsamling til H.C. Ørsteds Monument 1861, 1870 og 1873",H.C. Andersen,,,,,H.C. Andersen
WOR036300,work,VÆRK-REGISTER,H. C. ANDERSEN,"Afhandlinger, Artikler m.m.",(blank),Indskrift paa Mindesten paa Basnæs for Godsejer Jacob Brønnum Scavenius (Tekst),H.C. Andersen,,,,,H.C. Andersen
WOR036350,work,VÆRK-REGISTER,H. C. ANDERSEN,"Afhandlinger, Artikler m.m.",(blank),Johan Peter Emilius Hartmann,H.C. Andersen,,,,,H.C. Andersen
WOR036400,work,VÆRK-REGISTER,H. C. ANDERSEN,"Afhandlinger, Artikler m.m.",(blank),Livingstones Datter og H. C. Andersen. (Berlingske Tidende 15.12.1872),H.C. Andersen,,,,,H.C. Andersen
WOR036450,work,VÆRK-REGISTER,H. C. ANDERSEN,"Afhandlinger, Artikler m.m.",(blank),Protest til Redacteur Ploug mod Clemens Petersens Anmeldelse i »Fædrelandet« af Carit Etlars Folkekomedie »Hr. Lauge med den tunge Haand«. (Fædrelandet 30.1.1661),H.C. Andersen,,,,,H.C. Andersen
WOR036500,work,VÆRK-REGISTER,H. C. ANDERSEN,"Afhandlinger, Artikler m.m.",(blank),De Svenske i Fyen 1848,H.C. Andersen,,,,,H.C. Andersen
WOR036550,work,VÆRK-REGISTER,H. C. ANDERSEN,"Afhandlinger, Artikler m.m.",(blank),Til mine Landsmænd (Berlingske Tidende 6.4.1875),H.C. Andersen,,,,,H.C. Andersen
WOR036600,work,VÆRK-REGISTER,H. C. ANDERSEN,"Afhandlinger, Artikler m.m.",(blank),Tilfældets Poesi,H.C. Andersen,,,,,H.C. Andersen
WOR036650,work,VÆRK-REGISTER,H. C. ANDERSEN,"Afhandlinger, Artikler m.m.",(blank),Oversættelse af Andersens Skrifter (undtagen Eventyrene),H.C. Andersen,,,,,H.C. Andersen
WOR036700,work,VÆRK-REGISTER,ANDRE FORFATTERE,"Tidsskrifter og aarbøger, ugeblade, vittighedsblade (Periodica)",(blank),The Academy.,,,,,,
WOR036750,work,VÆRK-REGISTER,ANDRE FORFATTERE,"Tidsskrifter og aarbøger, ugeblade, vittighedsblade (Periodica)",(blank),Aftenlæsning,,,,,,
WOR036800,work,VÆRK-REGISTER,ANDRE FORFATTERE,"Tidsskrifter og aarbøger, ugeblade, vittighedsblade (Periodica)",(blank),Altonaer Wochenblatt,,,,,,
WOR036850,work,VÆRK-REGISTER,ANDRE FORFATTERE,"Tidsskrifter og aarbøger, ugeblade, vittighedsblade (Periodica)",(blank),Appleton's Journal,,,,,,
WOR036900,work,VÆRK-REGISTER,ANDRE FORFATTERE,"Tidsskrifter og aarbøger, ugeblade, vittighedsblade (Periodica)",(blank),The Athenæeum,,,,,,
WOR036950,work,VÆRK-REGISTER,ANDRE FORFATTERE,"Tidsskrifter og aarbøger, ugeblade, vittighedsblade (Periodica)",(blank),The Atlantic,,,,,,
WOR037000,work,VÆRK-REGISTER,ANDRE FORFATTERE,"Tidsskrifter og aarbøger, ugeblade, vittighedsblade (Periodica)",(blank),Aunt Judy' s Magazine (Red.: Margaret Gatty),Red.: Margaret Gatty,,,,,Red.: Margaret Gatty
WOR037050,work,VÆRK-REGISTER,ANDRE FORFATTERE,"Tidsskrifter og aarbøger, ugeblade, vittighedsblade (Periodica)",(blank),Der Bazar,,,,,,
WOR037100,work,VÆRK-REGISTER,ANDRE FORFATTERE,"Tidsskrifter og aarbøger, ugeblade, vittighedsblade (Periodica)",(blank),Die Biene,,,,,,
WOR037150,work,VÆRK-REGISTER,ANDRE FORFATTERE,"Tidsskrifter og aarbøger, ugeblade, vittighedsblade (Periodica)",(blank),Blätter für literarische Unterhaltung,,,,,,
WOR037200,work,VÆRK-REGISTER,ANDRE FORFATTERE,"Tidsskrifter og aarbøger, ugeblade, vittighedsblade (Periodica)",(blank),Børne-Tidende (Udg.: W. H. Herdahl),Udg.: W. H. Herdahl,,,,,Udg.: W. H. Herdahl
WOR037250,work,VÆRK-REGISTER,ANDRE FORFATTERE,"Tidsskrifter og aarbøger, ugeblade, vittighedsblade (Periodica)",(blank),Ceres (Red.: L. Flamand),Red.: L. Flamand,,,,,Red.: L. Flamand
WOR037300,work,VÆRK-REGISTER,ANDRE FORFATTERE,"Tidsskrifter og aarbøger, ugeblade, vittighedsblade (Periodica)",(blank),Corsaren,,,,,,
WOR037350,work,VÆRK-REGISTER,ANDRE FORFATTERE,"Tidsskrifter og aarbøger, ugeblade, vittighedsblade (Periodica)",(blank),Dansk Kirketidende (Udg. og Red.: Niels Lindberg),Udg. og Red.: Niels Lindberg,,,,,Udg. og Red.: Niels Lindberg
WOR037400,work,VÆRK-REGISTER,ANDRE FORFATTERE,"Tidsskrifter og aarbøger, ugeblade, vittighedsblade (Periodica)",(blank),Dansk Maanedsskrift,,,,,,
WOR037450,work,VÆRK-REGISTER,ANDRE FORFATTERE,"Tidsskrifter og aarbøger, ugeblade, vittighedsblade (Periodica)",(blank),Die deutsche Jugend,,,,,,
WOR037500,work,VÆRK-REGISTER,ANDRE FORFATTERE,"Tidsskrifter og aarbøger, ugeblade, vittighedsblade (Periodica)",(blank),"Didaskalia oder Blätter für Geist, Gemüth und Publizität",,,,,,
WOR037550,work,VÆRK-REGISTER,ANDRE FORFATTERE,"Tidsskrifter og aarbøger, ugeblade, vittighedsblade (Periodica)",(blank),The Examiner,,,,,,
WOR037600,work,VÆRK-REGISTER,ANDRE FORFATTERE,"Tidsskrifter og aarbøger, ugeblade, vittighedsblade (Periodica)",(blank),Feierstunden. Ein Unterhaltungsblatt für Gebildete aller Stände 1860,,,,,,
WOR037650,work,VÆRK-REGISTER,ANDRE FORFATTERE,"Tidsskrifter og aarbøger, ugeblade, vittighedsblade (Periodica)",(blank),Figaro (Red.: Robert Watt),Red.: Robert Watt,,,,,Red.: Robert Watt
WOR037700,work,VÆRK-REGISTER,ANDRE FORFATTERE,"Tidsskrifter og aarbøger, ugeblade, vittighedsblade (Periodica)",(blank),Flyvende Blade (Udg.: Vilhelm Møller),Udg.: Vilhelm Møller,,,,,Udg.: Vilhelm Møller
WOR037750,work,VÆRK-REGISTER,ANDRE FORFATTERE,"Tidsskrifter og aarbøger, ugeblade, vittighedsblade (Periodica)",(blank),Folkekalender for Danmark,,,,,,
WOR037800,work,VÆRK-REGISTER,ANDRE FORFATTERE,"Tidsskrifter og aarbøger, ugeblade, vittighedsblade (Periodica)",(blank),Folkets Nisse,,,,,,
WOR037850,work,VÆRK-REGISTER,ANDRE FORFATTERE,"Tidsskrifter og aarbøger, ugeblade, vittighedsblade (Periodica)",(blank),"For Idé og Virkelighed (Udg.: Bj. Bjørnsen, Rasmus Nielsen og Rudolph Schmidt)","Udg.: Bj. Bjørnsen, Rasmus Nielsen og Rudolph Schmidt",,,,,"Udg.: Bj. Bjørnsen, Rasmus Nielsen og Rudolph Schmidt"
WOR037900,work,VÆRK-REGISTER,ANDRE FORFATTERE,"Tidsskrifter og aarbøger, ugeblade, vittighedsblade (Periodica)",(blank),For Romantik og Historie (Udg.: H. P. Holst),Udg.: H. P. Holst,,,,,Udg.: H. P. Holst
WOR037950,work,VÆRK-REGISTER,ANDRE FORFATTERE,"Tidsskrifter og aarbøger, ugeblade, vittighedsblade (Periodica)",(blank),The Fortnightly Review,,,,,,
WOR038000,work,VÆRK-REGISTER,ANDRE FORFATTERE,"Tidsskrifter og aarbøger, ugeblade, vittighedsblade (Periodica)",(blank),"Frankfurter Didaskalien, se: Didaskalia",,,,,,
WOR038050,work,VÆRK-REGISTER,ANDRE FORFATTERE,"Tidsskrifter og aarbøger, ugeblade, vittighedsblade (Periodica)",(blank),Fremtidens Nytaarsgave,,,,,,
WOR038100,work,VÆRK-REGISTER,ANDRE FORFATTERE,"Tidsskrifter og aarbøger, ugeblade, vittighedsblade (Periodica)",(blank),"Gefion, Nytaarsgave for 1826 (Udg.: Johanne Eliza Beyer)",Udg.: Johanne Eliza Beyer,,,,,Udg.: Johanne Eliza Beyer
WOR038150,work,VÆRK-REGISTER,ANDRE FORFATTERE,"Tidsskrifter og aarbøger, ugeblade, vittighedsblade (Periodica)",(blank),"Die Gegenwart. Wochenschrift für Literatur, Kunst und öffentl. Leben (1875)",,,,,,
WOR038200,work,VÆRK-REGISTER,ANDRE FORFATTERE,"Tidsskrifter og aarbøger, ugeblade, vittighedsblade (Periodica)",(blank),Die Grenzboten,,,,,,
WOR038250,work,VÆRK-REGISTER,ANDRE FORFATTERE,"Tidsskrifter og aarbøger, ugeblade, vittighedsblade (Periodica)",(blank),Harper's Magazine,,,,,,
WOR038300,work,VÆRK-REGISTER,ANDRE FORFATTERE,"Tidsskrifter og aarbøger, ugeblade, vittighedsblade (Periodica)",(blank),Household Words (Udg.: Charles Dickens),Balthasar Denner,,,,,Balthasar Denner
WOR038350,work,VÆRK-REGISTER,ANDRE FORFATTERE,"Tidsskrifter og aarbøger, ugeblade, vittighedsblade (Periodica)",(blank),"Humoristische Blätter (Red.: Theodor Kobbe, Oldenburg)","Red.: Theodor Kobbe, Oldenburg",,,,,"Red.: Theodor Kobbe, Oldenburg"
WOR038400,work,VÆRK-REGISTER,ANDRE FORFATTERE,"Tidsskrifter og aarbøger, ugeblade, vittighedsblade (Periodica)",(blank),The Illustrated London News,,,,,,
WOR038450,work,VÆRK-REGISTER,ANDRE FORFATTERE,"Tidsskrifter og aarbøger, ugeblade, vittighedsblade (Periodica)",(blank),L'Illustration,,,,,,
WOR038500,work,VÆRK-REGISTER,ANDRE FORFATTERE,"Tidsskrifter og aarbøger, ugeblade, vittighedsblade (Periodica)",(blank),Illustrerad Tidning,,,,,,
WOR038550,work,VÆRK-REGISTER,ANDRE FORFATTERE,"Tidsskrifter og aarbøger, ugeblade, vittighedsblade (Periodica)",(blank),Illustreret Børneblad (Udg.: August Westrup),Udg.: August Westrup,,,,,Udg.: August Westrup
WOR038600,work,VÆRK-REGISTER,ANDRE FORFATTERE,"Tidsskrifter og aarbøger, ugeblade, vittighedsblade (Periodica)",(blank),Illustreret Nyhedsblad 11.9.1864,,,,,,
WOR038650,work,VÆRK-REGISTER,ANDRE FORFATTERE,"Tidsskrifter og aarbøger, ugeblade, vittighedsblade (Periodica)",(blank),Illustreret Tidende,,,,,,
WOR038700,work,VÆRK-REGISTER,ANDRE FORFATTERE,"Tidsskrifter og aarbøger, ugeblade, vittighedsblade (Periodica)",(blank),Illustrirte deutsche Monatshefte,,,,,,
WOR038750,work,VÆRK-REGISTER,ANDRE FORFATTERE,"Tidsskrifter og aarbøger, ugeblade, vittighedsblade (Periodica)",(blank),Illustrirte Zeitung.,,,,,,
WOR038800,work,VÆRK-REGISTER,ANDRE FORFATTERE,"Tidsskrifter og aarbøger, ugeblade, vittighedsblade (Periodica)",(blank),Illustrirter Kalender für die Schweiz (1852),,,,,,
WOR038850,work,VÆRK-REGISTER,ANDRE FORFATTERE,"Tidsskrifter og aarbøger, ugeblade, vittighedsblade (Periodica)",(blank),Intelligensblade (1842) (Udg.: J. L. Heiberg),Udg.: J. L. Heiberg,,,,,Udg.: J. L. Heiberg
WOR038900,work,VÆRK-REGISTER,ANDRE FORFATTERE,"Tidsskrifter og aarbøger, ugeblade, vittighedsblade (Periodica)",(blank),Die Jahreszeiten. Hamburger neue Mode-Zeitung (Red.: Ludwig Lenz),Red.: Ludwig Lenz,,,,,Red.: Ludwig Lenz
WOR038950,work,VÆRK-REGISTER,ANDRE FORFATTERE,"Tidsskrifter og aarbøger, ugeblade, vittighedsblade (Periodica)",(blank),Julebog 1874 (og 1875) (Red.: Karl Schmidt),Red.: Karl Schmidt,,,,,Red.: Karl Schmidt
WOR039000,work,VÆRK-REGISTER,ANDRE FORFATTERE,"Tidsskrifter og aarbøger, ugeblade, vittighedsblade (Periodica)",(blank),Der Kinderfreund (Udg.: C. F. Weisze),Udg.: C. F. Weisze,,,,,Udg.: C. F. Weisze
WOR039050,work,VÆRK-REGISTER,ANDRE FORFATTERE,"Tidsskrifter og aarbøger, ugeblade, vittighedsblade (Periodica)",(blank),The Leisure Hour,,,,,,
WOR039100,work,VÆRK-REGISTER,ANDRE FORFATTERE,"Tidsskrifter og aarbøger, ugeblade, vittighedsblade (Periodica)",(blank),The Literary Gazette (Udg.: William Jerdan),Udg.: William Jerdan,,,,,Udg.: William Jerdan
WOR039150,work,VÆRK-REGISTER,ANDRE FORFATTERE,"Tidsskrifter og aarbøger, ugeblade, vittighedsblade (Periodica)",(blank),Lommebog for Skuespilyndere 1805 (Udg.: Peter Foersom),Udg.: Peter Foersom,,,,,Udg.: Peter Foersom
WOR039200,work,VÆRK-REGISTER,ANDRE FORFATTERE,"Tidsskrifter og aarbøger, ugeblade, vittighedsblade (Periodica)",(blank),"Læsefrugter, samlede paa Litteraturens Mark (Udg.: A. F. Elmquist)",Udg.: A. F. Elmquist,,,,,Udg.: A. F. Elmquist
WOR039250,work,VÆRK-REGISTER,ANDRE FORFATTERE,"Tidsskrifter og aarbøger, ugeblade, vittighedsblade (Periodica)",(blank),Maanedsroser (Red.: Thomas Overskou),Red.: Thomas Overskou,,,,,Red.: Thomas Overskou
WOR039300,work,VÆRK-REGISTER,ANDRE FORFATTERE,"Tidsskrifter og aarbøger, ugeblade, vittighedsblade (Periodica)",(blank),Magazin for Ungdommen (Udg.: J. Chr. Riise),Udg.: J. Chr. Riise,,,,,Udg.: J. Chr. Riise
WOR039350,work,VÆRK-REGISTER,ANDRE FORFATTERE,"Tidsskrifter og aarbøger, ugeblade, vittighedsblade (Periodica)",(blank),Magazin für die Literatur des Auslandes,,,,,,
WOR039400,work,VÆRK-REGISTER,ANDRE FORFATTERE,"Tidsskrifter og aarbøger, ugeblade, vittighedsblade (Periodica)",(blank),Meyer's Universum (1833-56),,,,,,
WOR039450,work,VÆRK-REGISTER,ANDRE FORFATTERE,"Tidsskrifter og aarbøger, ugeblade, vittighedsblade (Periodica)",(blank),Münchener Theater-Journal (Udg.: Blume),Udg.: Blume,,,,,Udg.: Blume
WOR039500,work,VÆRK-REGISTER,ANDRE FORFATTERE,"Tidsskrifter og aarbøger, ugeblade, vittighedsblade (Periodica)",(blank),The National Quarterly Review,,,,,,
WOR039550,work,VÆRK-REGISTER,ANDRE FORFATTERE,"Tidsskrifter og aarbøger, ugeblade, vittighedsblade (Periodica)",(blank),Det 19. Aarhundrede (Red.: Georg og Edvard Brandes),Red.: Georg og Edvard Brandes,,,,,Red.: Georg og Edvard Brandes
WOR039600,work,VÆRK-REGISTER,ANDRE FORFATTERE,"Tidsskrifter og aarbøger, ugeblade, vittighedsblade (Periodica)",(blank),Nord og Syd 14.2.1851 (Udg.: M. Goldschmidt),Udg.: M. Goldschmidt,,,,,Udg.: M. Goldschmidt
WOR039650,work,VÆRK-REGISTER,ANDRE FORFATTERE,"Tidsskrifter og aarbøger, ugeblade, vittighedsblade (Periodica)",(blank),Nordischer Telegraph (Udg.: Carl B. Lorck),Udg.: Carl B. Lorck,,,,,Udg.: Carl B. Lorck
WOR039700,work,VÆRK-REGISTER,ANDRE FORFATTERE,"Tidsskrifter og aarbøger, ugeblade, vittighedsblade (Periodica)",(blank),Ny Portefeuille (Udg.: G. Carstensen),Udg.: G. Carstensen,,,,,Udg.: G. Carstensen
WOR039750,work,VÆRK-REGISTER,ANDRE FORFATTERE,"Tidsskrifter og aarbøger, ugeblade, vittighedsblade (Periodica)",(blank),Den nye Almanak for 1871. (Udg.: Mads Hansen og Anton Nielsen),Udg.: Mads Hansen og Anton Nielsen,,,,,Udg.: Mads Hansen og Anton Nielsen
WOR039800,work,VÆRK-REGISTER,ANDRE FORFATTERE,"Tidsskrifter og aarbøger, ugeblade, vittighedsblade (Periodica)",(blank),Nyt dansk Maanedsskrift (Udg.: Vilh. Møller),Udg.: Vilh. Møller,,,,,Udg.: Vilh. Møller
WOR039850,work,VÆRK-REGISTER,ANDRE FORFATTERE,"Tidsskrifter og aarbøger, ugeblade, vittighedsblade (Periodica)",(blank),Nær og Fjern (Red.: P. Hansen),Red.: P. Hansen,,,,,Red.: P. Hansen
WOR039900,work,VÆRK-REGISTER,ANDRE FORFATTERE,"Tidsskrifter og aarbøger, ugeblade, vittighedsblade (Periodica)",(blank),Penelope. Taschenbuch für das Jahr 1845 (Udg.: Theodor Hell),Udg.: Theodor Hell,,,,,Udg.: Theodor Hell
WOR039950,work,VÆRK-REGISTER,ANDRE FORFATTERE,"Tidsskrifter og aarbøger, ugeblade, vittighedsblade (Periodica)",(blank),Pjerrot,,,,,,
WOR040000,work,VÆRK-REGISTER,ANDRE FORFATTERE,"Tidsskrifter og aarbøger, ugeblade, vittighedsblade (Periodica)",(blank),Portefeuillen (Udg.: G. Carstensen),Udg.: G. Carstensen,,,,,Udg.: G. Carstensen
WOR040050,work,VÆRK-REGISTER,ANDRE FORFATTERE,"Tidsskrifter og aarbøger, ugeblade, vittighedsblade (Periodica)",(blank),"Punch, or the London Charivari (Udg.: Mark Lemon)",Udg.: Mark Lemon,,,,,Udg.: Mark Lemon
WOR040100,work,VÆRK-REGISTER,ANDRE FORFATTERE,"Tidsskrifter og aarbøger, ugeblade, vittighedsblade (Periodica)",(blank),Punch (dansk),,,,,,
WOR040150,work,VÆRK-REGISTER,ANDRE FORFATTERE,"Tidsskrifter og aarbøger, ugeblade, vittighedsblade (Periodica)",(blank),The Quarterly Review (Red.: J. G. Lockhart),Red.: J. G. Lockhart,,,,,Red.: J. G. Lockhart
WOR040200,work,VÆRK-REGISTER,ANDRE FORFATTERE,"Tidsskrifter og aarbøger, ugeblade, vittighedsblade (Periodica)",(blank),Revue britannique,,,,,,
WOR040250,work,VÆRK-REGISTER,ANDRE FORFATTERE,"Tidsskrifter og aarbøger, ugeblade, vittighedsblade (Periodica)",(blank),Revue des deux Mondes,,,,,,
WOR040300,work,VÆRK-REGISTER,ANDRE FORFATTERE,"Tidsskrifter og aarbøger, ugeblade, vittighedsblade (Periodica)",(blank),Riises Arkiv (Archiv for Historie og Geographie (1820-38) og Historisk-geographisk Archiv (1839-64),,,,,,
WOR040350,work,VÆRK-REGISTER,ANDRE FORFATTERE,"Tidsskrifter og aarbøger, ugeblade, vittighedsblade (Periodica)",(blank),The Riverside Magazine for Young People (Red.: Horace E. Scudder),Red.: Horace E. Scudder,,,,,Red.: Horace E. Scudder
WOR040400,work,VÆRK-REGISTER,ANDRE FORFATTERE,"Tidsskrifter og aarbøger, ugeblade, vittighedsblade (Periodica)",(blank),The Saturday Review,,,,,,
WOR040450,work,VÆRK-REGISTER,ANDRE FORFATTERE,"Tidsskrifter og aarbøger, ugeblade, vittighedsblade (Periodica)",(blank),Scribner’s Monthly Magazine,,,,,,
WOR040500,work,VÆRK-REGISTER,ANDRE FORFATTERE,"Tidsskrifter og aarbøger, ugeblade, vittighedsblade (Periodica)",(blank),Souvenir (Udg.: C. Thorkilsen),Udg.: C. Thorkilsen,,,,,Udg.: C. Thorkilsen
WOR040550,work,VÆRK-REGISTER,ANDRE FORFATTERE,"Tidsskrifter og aarbøger, ugeblade, vittighedsblade (Periodica)",(blank),Søndags-Posten (Red.: C. H. Sørensen),Red.: C. H. Sørensen,,,,,Red.: C. H. Sørensen
WOR040600,work,VÆRK-REGISTER,ANDRE FORFATTERE,"Tidsskrifter og aarbøger, ugeblade, vittighedsblade (Periodica)",(blank),Tiden (Red.: V. F. Palmblad),Red.: V. F. Palmblad,,,,,Red.: V. F. Palmblad
WOR040650,work,VÆRK-REGISTER,ANDRE FORFATTERE,"Tidsskrifter og aarbøger, ugeblade, vittighedsblade (Periodica)",(blank),de Tijd (Udg.: J. L. van der Vliet),Udg.: J. L. van der Vliet,,,,,Udg.: J. L. van der Vliet
WOR040700,work,VÆRK-REGISTER,ANDRE FORFATTERE,"Tidsskrifter og aarbøger, ugeblade, vittighedsblade (Periodica)",(blank),Ueber Land und Meer (1875),,,,,,
WOR040750,work,VÆRK-REGISTER,ANDRE FORFATTERE,"Tidsskrifter og aarbøger, ugeblade, vittighedsblade (Periodica)",(blank),Volkskalender 1846 (Udg.: F. W. Gubitz),Udg.: F. W. Gubitz,,,,,Udg.: F. W. Gubitz
WOR040800,work,VÆRK-REGISTER,ANDRE FORFATTERE,"Tidsskrifter og aarbøger, ugeblade, vittighedsblade (Periodica)",(blank),Zeitung für die elegante Welt,,,,,,
WOR040850,work,VÆRK-REGISTER,ANDRE FORFATTERE,Samlede og blandede Skrifter,(blank),Et Bidrag til Monumentet for H.C. Andersen. Fortællinger og Digte for Børn. (1875) (August Westrups Forlag),,,,,,
WOR040900,work,VÆRK-REGISTER,ANDRE FORFATTERE,Samlede og blandede Skrifter,(blank),Billedbog for Store og Smaa (Christian Winther),Christian Winther,,,,,Christian Winther
WOR040950,work,VÆRK-REGISTER,ANDRE FORFATTERE,Samlede og blandede Skrifter,(blank),Das Buch der Welt. Ein deutsches Familienbuch für alle Stände (1860),,,,,,
WOR041000,work,VÆRK-REGISTER,ANDRE FORFATTERE,Samlede og blandede Skrifter,(blank),Cuentos y fábulas (J.E. Hartzenbusch),J.E. Hartzenbusch,,,,,J.E. Hartzenbusch
WOR041050,work,VÆRK-REGISTER,ANDRE FORFATTERE,Samlede og blandede Skrifter,(blank),Danske Værker 11-12 (Prosaiske Skrifter 3-4. Dramaturgisk Kritik) (Jens Baggesen),Jens Baggesen,,,,,Jens Baggesen
WOR041100,work,VÆRK-REGISTER,ANDRE FORFATTERE,Samlede og blandede Skrifter,(blank),Fortællinger og Vers for Store og Smaa (1866) (Chr. Richardt og G. Rode),"Chr. Richardt, G. Rode",,,,,"Chr. Richardt, G. Rode"
WOR041150,work,VÆRK-REGISTER,ANDRE FORFATTERE,Samlede og blandede Skrifter,(blank),Fra nordiske Digtere. Et Album,,,,,,
WOR041200,work,VÆRK-REGISTER,ANDRE FORFATTERE,Samlede og blandede Skrifter,(blank),Gesammelte Schriften (J. C. Biernatzski),J. C. Biernatzski,,,,,J. C. Biernatzski
WOR041250,work,VÆRK-REGISTER,ANDRE FORFATTERE,Samlede og blandede Skrifter,(blank),Läsning för barn (Zacharias Topelius),Zacharias Topelius,,,,,Zacharias Topelius
WOR041300,work,VÆRK-REGISTER,ANDRE FORFATTERE,Samlede og blandede Skrifter,(blank),"Obras completas IV (Ángel de Saavedra, Hertug af Rivas)",Ángel de Saavedra,,,,,Ángel de Saavedra
WOR041350,work,VÆRK-REGISTER,ANDRE FORFATTERE,Samlede og blandede Skrifter,(blank),Samlade dikter I-V (Karl August Nicander),Karl August Nicander,,,,,Karl August Nicander
WOR041400,work,VÆRK-REGISTER,ANDRE FORFATTERE,Samlede og blandede Skrifter,(blank),Samlede Skrifter (B. S. Ingemann),B. S. Ingemann,,,,,B. S. Ingemann
WOR041450,work,VÆRK-REGISTER,ANDRE FORFATTERE,Samlede og blandede Skrifter,(blank),"Samlede Værker (Carl Bagger, udg. af Vilh. Møller)",Carl Bagger,,,,,Carl Bagger
WOR041500,work,VÆRK-REGISTER,ANDRE FORFATTERE,Samlede og blandede Skrifter,(blank),Sämtliche Werke in Einem Bande (Silvio Pellico),Silvio Pellico,,,,,Silvio Pellico
WOR041550,work,VÆRK-REGISTER,ANDRE FORFATTERE,Samlede og blandede Skrifter,(blank),Sämtliche Werke (1-Binds Udg.) (Fr. von Schiller),Fr. von Schiller,,,,,Fr. von Schiller
WOR041600,work,VÆRK-REGISTER,ANDRE FORFATTERE,Samlede og blandede Skrifter,(blank),Ude og hjemme (H. P. Holst),H. P. Holst,,,,,H. P. Holst
WOR041650,work,VÆRK-REGISTER,ANDRE FORFATTERE,Samlede og blandede Skrifter,(blank),"Vintergrønt. Nye Fortællinger og Digte, danske, norske og svenske. Udg. af Christian Richardt",,,,,,
WOR041700,work,VÆRK-REGISTER,ANDRE FORFATTERE,Samlede og blandede Skrifter,(blank),Volksmärchen von Peter Leberecht II (L. Tieck).,L. Tieck,,,,,L. Tieck
WOR041750,work,VÆRK-REGISTER,ANDRE FORFATTERE,Samlede og blandede Skrifter,(blank),Werke (1861-63) (H. Heine),H. Heine,,,,,H. Heine
WOR041800,work,VÆRK-REGISTER,ANDRE FORFATTERE,Digte,(blank),A Trambiâch'l kaffa? (J.G. Seidl) (Tekst),J.G. Seidl,,,,,J.G. Seidl
WOR041850,work,VÆRK-REGISTER,ANDRE FORFATTERE,Digte,(blank),Abels Død (Fr. Paludan-Müller),Fr. Paludan-Müller,,,,,Fr. Paludan-Müller
WOR041900,work,VÆRK-REGISTER,ANDRE FORFATTERE,Digte,(blank),"»Ack, du min moder -« (Fredmans Epistel nr. 23) (C.M. Bellman)",C.M. Bellman,,,,,C.M. Bellman
WOR041950,work,VÆRK-REGISTER,ANDRE FORFATTERE,Digte,(blank),Adam Homo (Fr.Paludan-Müller)- Første Deel:,Fr. Paludan-Müller,,,,,Fr. Paludan-Müller
WOR042000,work,VÆRK-REGISTER,ANDRE FORFATTERE,Digte,(blank),Adonis (Fr. Paludan-Müller),Fr. Paludan-Müller,,,,,Fr. Paludan-Müller
WOR042050,work,VÆRK-REGISTER,ANDRE FORFATTERE,Digte,(blank),"Aftenridt (Anonymt Digt, For Romantik og Historie 1874)",,,,,,
WOR042100,work,VÆRK-REGISTER,ANDRE FORFATTERE,Digte,(blank),Agnete og Havmanden (Folkevise),,,,,,
WOR042150,work,VÆRK-REGISTER,ANDRE FORFATTERE,Digte,(blank),Album poétique (Henri Blanvalet),Henri Blanvalet,,,,,Henri Blanvalet
WOR042200,work,VÆRK-REGISTER,ANDRE FORFATTERE,Digte,(blank),Allemannische Gedichte (J. P. Hebel),J. P. Hebel,,,,,J. P. Hebel
WOR042250,work,VÆRK-REGISTER,ANDRE FORFATTERE,Digte,(blank),Als sie starb (I. F. Castelli),I. F. Castelli,,,,,I. F. Castelli
WOR042300,work,VÆRK-REGISTER,ANDRE FORFATTERE,Digte,(blank),Altschottische und altenglische Volksballaden (W. Von Dönniges),W. Von Dönniges,,,,,W. Von Dönniges
WOR042350,work,VÆRK-REGISTER,ANDRE FORFATTERE,Digte,(blank),Anm Schillertage (Emanuel Geibel),Emanuel Geibel,,,,,Emanuel Geibel
WOR042400,work,VÆRK-REGISTER,ANDRE FORFATTERE,Digte,(blank),Amaranth (Oscar von Redwitz),Oscar von Redwitz,,,,,Oscar von Redwitz
WOR042450,work,VÆRK-REGISTER,ANDRE FORFATTERE,Digte,(blank),Amor als Landschaftsmaler (J. W. von Goethe),J. W. von Goethe,,,,,J. W. von Goethe
WOR042500,work,VÆRK-REGISTER,ANDRE FORFATTERE,Digte,(blank),"Amor, der blinde Passagier (Heimkehr, LXVII) (H. Heine)",H. Heine,,,,,H. Heine
WOR042550,work,VÆRK-REGISTER,ANDRE FORFATTERE,Digte,(blank),Amors Vinger (F. L. Høedt),F. L. Høedt,,,,,F. L. Høedt
WOR042600,work,VÆRK-REGISTER,ANDRE FORFATTERE,Digte,(blank),An die Freude (Fr. von Schiller),Fr. von Schiller,,,,,Fr. von Schiller
WOR042650,work,VÆRK-REGISTER,ANDRE FORFATTERE,Digte,(blank),Andreas und Marfa (F. M. Bodenstedt),F. M. Bodenstedt,,,,,F. M. Bodenstedt
WOR042700,work,VÆRK-REGISTER,ANDRE FORFATTERE,Digte,(blank),I'Ange et l'enfant (Jean Reboul),Jean Reboul,,,,,Jean Reboul
WOR042750,work,VÆRK-REGISTER,ANDRE FORFATTERE,Digte,(blank),Ann' Marie (Michael Rosing),Michael Rosing,,,,,Michael Rosing
WOR042800,work,VÆRK-REGISTER,ANDRE FORFATTERE,Digte,(blank),Arnljot Gelline (Bj. Bjørnson),Bj. Bjørnson,,,,,Bj. Bjørnson
WOR042850,work,VÆRK-REGISTER,ANDRE FORFATTERE,Digte,(blank),Atta Troll (H. Heine),H. Heine,,,,,H. Heine
WOR042900,work,VÆRK-REGISTER,ANDRE FORFATTERE,Digte,(blank),"Auf den Tod eines reichen Biedermannes, meines unvergesslichen Freundes (I. F. Castelli)",I. F. Castelli,,,,,I. F. Castelli
WOR042950,work,VÆRK-REGISTER,ANDRE FORFATTERE,Digte,(blank),Bacchus (Bernhard Wolff),Bernhard Wolff,,,,,Bernhard Wolff
WOR043000,work,VÆRK-REGISTER,ANDRE FORFATTERE,Digte,(blank),"Barnligheten (»Lilla Clara, förebrå ej mig -«) (Michael Choræus)",Michael Choræus,,,,,Michael Choræus
WOR043050,work,VÆRK-REGISTER,ANDRE FORFATTERE,Digte,(blank),Beatrice (Fr. Paludan-Müller),Fr. Paludan-Müller,,,,,Fr. Paludan-Müller
WOR043100,work,VÆRK-REGISTER,ANDRE FORFATTERE,Digte,(blank),Det befriede Jerusalem (Torquato Tasso),Torquato Tasso,,,,,Torquato Tasso
WOR043150,work,VÆRK-REGISTER,ANDRE FORFATTERE,Digte,(blank),Bluettes et boutades (J. Petit-Senn),J. Petit-Senn,,,,,J. Petit-Senn
WOR043200,work,VÆRK-REGISTER,ANDRE FORFATTERE,Digte,(blank),Het Boek Job (J. J. L. ten Kate),J. J. L. ten Kate,,,,,J. J. L. ten Kate
WOR043250,work,VÆRK-REGISTER,ANDRE FORFATTERE,Digte,(blank),"[Bønskrift til Kejser Franz om at beholde Hatten paa, naar Folk hilser ham paa Gaden] (I. F. Castelli)",I. F. Castelli,,,,,I. F. Castelli
WOR043300,work,VÆRK-REGISTER,ANDRE FORFATTERE,Digte,(blank),"Cantate ved Christopher Sødring og Julie Sødring, f. Rosenkildes Sølvbryllupsfest (Nicolaj Bøgh)",Nicolaj Bøgh,,,,,Nicolaj Bøgh
WOR043350,work,VÆRK-REGISTER,ANDRE FORFATTERE,Digte,(blank),Cantate ved Indvielsen af Studenterforeningsbygningen (Chr. Richardt),Chr. Richardt,,,,,Chr. Richardt
WOR043400,work,VÆRK-REGISTER,ANDRE FORFATTERE,Digte,(blank),Chants populaires du Nord (Xavier Marmier),Xavier Marmier,,,,,Xavier Marmier
WOR043450,work,VÆRK-REGISTER,ANDRE FORFATTERE,Digte,(blank),"Childe Harold's Pilgrimage (Byron) [Ͻ: Ritter Harolds Pilgerfahrt, übers, v. Zedlitz]",Byron,,,,,Byron
WOR043500,work,VÆRK-REGISTER,ANDRE FORFATTERE,Digte,(blank),Dania. Eine Auswahl dänischer Gedichte im Versmasse der Originale übersetzt von Emanuel Bendix. Zweite Auflage. Berlin 1875.,,,,,,
WOR043550,work,VÆRK-REGISTER,ANDRE FORFATTERE,Digte,(blank),"»De oudheid verhaalt ons van menschen, wier zielen -« (af: Nieuwe Winde-Kelken) (J. P. Hasebroek)",J. P. Hasebroek,,,,,J. P. Hasebroek
WOR043600,work,VÆRK-REGISTER,ANDRE FORFATTERE,Digte,(blank),»Deilig er Jorden -« (B. S. Ingemann),B. S. Ingemann,,,,,B. S. Ingemann
WOR043650,work,VÆRK-REGISTER,ANDRE FORFATTERE,Digte,(blank),"»Den Wåg här rusar fram, till ärestod du får -« (B. Lidner) (Tekst)",B. Lidner,,,,,B. Lidner
WOR043700,work,VÆRK-REGISTER,ANDRE FORFATTERE,Digte,(blank),»Der er et yndigt Land -« (A. Oehlenschlæger),A. Oehlenschlæger,,,,,A. Oehlenschlæger
WOR043750,work,VÆRK-REGISTER,ANDRE FORFATTERE,Digte,(blank),Des Deutschen Vaterland (»Was ist dem Deutschen Vaterland?«) (Ernst Moritz Arndt),Ernst Moritz Arndt,,,,,Ernst Moritz Arndt
WOR043800,work,VÆRK-REGISTER,ANDRE FORFATTERE,Digte,(blank),"Dichtungen (Alex. Petöfi). Nach dem Ungarischen, in eigenen wie fremden Uebersetzungcn gesammelt von K. M. Kertbeny",Alex. Petöfi,,,,,Alex. Petöfi
WOR043850,work,VÆRK-REGISTER,ANDRE FORFATTERE,Digte,(blank),Dichtungen (1844) (J. G. Seidl),J. G. Seidl,,,,,J. G. Seidl
WOR043900,work,VÆRK-REGISTER,ANDRE FORFATTERE,Digte,(blank),Digte af Jens Baggesen. I et Udvalg samlede og udgivne af August Baggesen,,,,,,
WOR043950,work,VÆRK-REGISTER,ANDRE FORFATTERE,Digte,(blank),[Digte af Ernst von Beaulieu-Marconnay],,,,,,
WOR044000,work,VÆRK-REGISTER,ANDRE FORFATTERE,Digte,(blank),Digte (Chr. Ulrich Deichmann),Chr. Ulrich Deichmann,,,,,Chr. Ulrich Deichmann
WOR044050,work,VÆRK-REGISTER,ANDRE FORFATTERE,Digte,(blank),"Digteren Hr. Etatsraad H.C. Andersens eget Eventyr, ved Festen i Odense d. 6. December 1867 i 5 Sange af P. (Peter E. Petersen)",Peter E. Petersen,,,,,Peter E. Petersen
WOR044100,work,VÆRK-REGISTER,ANDRE FORFATTERE,Digte,(blank),La Divina Commedia (Dante),Dante,,,,,Dante
WOR044150,work,VÆRK-REGISTER,ANDRE FORFATTERE,Digte,(blank),Drei Tage und drei Farben (Karl Simrock),Karl Simrock,,,,,Karl Simrock
WOR044200,work,VÆRK-REGISTER,ANDRE FORFATTERE,Digte,(blank),»Ein Bächlein war es und wurde ein Strom -« (Benedikt Morel) (Tekst),Benedikt Morel,,,,,Benedikt Morel
WOR044250,work,VÆRK-REGISTER,ANDRE FORFATTERE,Digte,(blank),Eleonore. Ein Lebensbild (Eugène Peschier),Eugène Peschier,,,,,Eugène Peschier
WOR044300,work,VÆRK-REGISTER,ANDRE FORFATTERE,Digte,(blank),Elverkongen og Jomfruen (M. Rosing),M. Rosing,,,,,M. Rosing
WOR044350,work,VÆRK-REGISTER,ANDRE FORFATTERE,Digte,(blank),"»Enge wohnte man sonst, weit war es aber im Herzen -« (Schneer, Nürnberg) (Tekst)","Schneer, Nürnberg",,,,,"Schneer, Nürnberg"
WOR044400,work,VÆRK-REGISTER,ANDRE FORFATTERE,Digte,(blank),Erzählende Dichtungen (Alexander Petöfi),Alexander Petöfi,,,,,Alexander Petöfi
WOR044450,work,VÆRK-REGISTER,ANDRE FORFATTERE,Digte,(blank),»Es ist eine seltsame Sache -« (I. F. Castelli),I. F. Castelli,,,,,I. F. Castelli
WOR044500,work,VÆRK-REGISTER,ANDRE FORFATTERE,Digte,(blank),Eva Homo (Oluf Lundt Bang),Oluf Lundt Bang,,,,,Oluf Lundt Bang
WOR044550,work,VÆRK-REGISTER,ANDRE FORFATTERE,Digte,(blank),Eva Homo (Oluf Lundt Bang) - 2. forøgede Udg.,Oluf Lundt Bang,,,,,Oluf Lundt Bang
WOR044600,work,VÆRK-REGISTER,ANDRE FORFATTERE,Digte,(blank),Fabeln und Erzählungen (C. F. Gellert),C. F. Gellert,,,,,C. F. Gellert
WOR044650,work,VÆRK-REGISTER,ANDRE FORFATTERE,Digte,(blank),Fem Digte af Theokritos. Ill. af Lorenz Frølich. Oversatte af Sigurd Müller (1872),,,,,,
WOR044700,work,VÆRK-REGISTER,ANDRE FORFATTERE,Digte,(blank),Les Feuilles d'automne (V. Hugo),V. Hugo,,,,,V. Hugo
WOR044750,work,VÆRK-REGISTER,ANDRE FORFATTERE,Digte,(blank),Fire Thronarvinger (Nicolaj Bøgh),Nicolaj Bøgh,,,,,Nicolaj Bøgh
WOR044800,work,VÆRK-REGISTER,ANDRE FORFATTERE,Digte,(blank),Der Fischer (J. W. von Goethe),J. W. von Goethe,,,,,J. W. von Goethe
WOR044850,work,VÆRK-REGISTER,ANDRE FORFATTERE,Digte,(blank),Fordum og nu (Bj. Bjørnson),Bj. Bjørnson,,,,,Bj. Bjørnson
WOR044900,work,VÆRK-REGISTER,ANDRE FORFATTERE,Digte,(blank),Formælingen den 28de Juli 1869 (Henrik Hertz),Henrik Hertz,,,,,Henrik Hertz
WOR044950,work,VÆRK-REGISTER,ANDRE FORFATTERE,Digte,(blank),Fra »Bragi«. Digte af Svend Trøst [Ͻ: Alfred Ipsen] og Svend Vonved [Ͻ:: Johs. Levinsen]. Randers 1871.,"Alfred Ipsen, Johs. Levinsen",,,,,"Alfred Ipsen, Johs. Levinsen"
WOR045000,work,VÆRK-REGISTER,ANDRE FORFATTERE,Digte,(blank),Fra min Ungdom (H.P. Holst),H.P. Holst,,,,,H.P. Holst
WOR045050,work,VÆRK-REGISTER,ANDRE FORFATTERE,Digte,(blank),Fred eller Krig? (C. Hostrup),C. Hostrup,,,,,C. Hostrup
WOR045100,work,VÆRK-REGISTER,ANDRE FORFATTERE,Digte,(blank),Frederiksborg (Chr. K. F. Molbech),Chr. K. F. Molbech,,,,,Chr. K. F. Molbech
WOR045150,work,VÆRK-REGISTER,ANDRE FORFATTERE,Digte,(blank),Frelst (M. Rosing),M. Rosing,,,,,M. Rosing
WOR045200,work,VÆRK-REGISTER,ANDRE FORFATTERE,Digte,(blank),Frithiofs Saga (E. Tegnér),E. Tegnér,,,,,E. Tegnér
WOR045250,work,VÆRK-REGISTER,ANDRE FORFATTERE,Digte,(blank),Fänrik Ståls sägner (J. L. Runeberg),J. L. Runeberg,,,,,J. L. Runeberg
WOR045300,work,VÆRK-REGISTER,ANDRE FORFATTERE,Digte,(blank),Gaadebrev (15.2.1863) - Svar paa Gaadebrev (22.2.1863) (Erik Bøgh),Erik Bøgh,,,,,Erik Bøgh
WOR045350,work,VÆRK-REGISTER,ANDRE FORFATTERE,Digte,(blank),"Gedichte, 2. Auflage 1834 (Adelbert von Chamisso)",Adelbert von Chamisso,,,,,Adelbert von Chamisso
WOR045400,work,VÆRK-REGISTER,ANDRE FORFATTERE,Digte,(blank),Gedichte (1844) (Annette von Droste-Hülshoff),Annette von Droste-Hülshoff,,,,,Annette von Droste-Hülshoff
WOR045450,work,VÆRK-REGISTER,ANDRE FORFATTERE,Digte,(blank),Gedichte (Ferd. Freiligrath),Ferd. Freiligrath,,,,,Ferd. Freiligrath
WOR045500,work,VÆRK-REGISTER,ANDRE FORFATTERE,Digte,(blank),Gedichte (1840) (Emanuel Geibel),Emanuel Geibel,,,,,Emanuel Geibel
WOR045550,work,VÆRK-REGISTER,ANDRE FORFATTERE,Digte,(blank),Gedichte in niederösterreichischer Mundart (I. F. Castelli),I. F. Castelli,,,,,I. F. Castelli
WOR045600,work,VÆRK-REGISTER,ANDRE FORFATTERE,Digte,(blank),Gedichte in pfälziseher Mundart. 3. Aufl. (Franz von Kobell),Franz von Kobell,,,,,Franz von Kobell
WOR045650,work,VÆRK-REGISTER,ANDRE FORFATTERE,Digte,(blank),"Gedichte, ältere und neuere (1842) (Fr. von Pechlin)",Fr. von Pechlin,,,,,Fr. von Pechlin
WOR045700,work,VÆRK-REGISTER,ANDRE FORFATTERE,Digte,(blank),"Giengangeren og han selv, eller Baggesen over Baggesen (J. Baggesen)",J. Baggesen,,,,,J. Baggesen
WOR045750,work,VÆRK-REGISTER,ANDRE FORFATTERE,Digte,(blank),Giv Tid! (B.S. Ingemann),B.S. Ingemann,,,,,B.S. Ingemann
WOR045800,work,VÆRK-REGISTER,ANDRE FORFATTERE,Digte,(blank),Gjenganger-Breve (Henrik Hertz),Henrik Hertz,,,,,Henrik Hertz
WOR045850,work,VÆRK-REGISTER,ANDRE FORFATTERE,Digte,(blank),Grabschrift auf meinen Hund (I. F. Castelli),I. F. Castelli,,,,,I. F. Castelli
WOR045900,work,VÆRK-REGISTER,ANDRE FORFATTERE,Digte,(blank),"Den grimme Ælling. Eventyr af H. C. Andersen. Fortalt paa Vers af den 14-aarige Peder Jacobsen i Flemløse (Assens Avis 1872 Nr. 85-88, 3.5., 5.5., 6.5. og 8.5.)",,,,,,
WOR045950,work,VÆRK-REGISTER,ANDRE FORFATTERE,Digte,(blank),»Guds Fred er meer end Engle-Vagt« (N. F. S. Grundtvig; sunget ved hans Bisættelse 11.9.1872),N. F. S. Grundtvig,,,,,N. F. S. Grundtvig
WOR046000,work,VÆRK-REGISTER,ANDRE FORFATTERE,Digte,(blank),Guldæblet (B.S. Ingemann),B.S. Ingemann,,,,,B.S. Ingemann
WOR046050,work,VÆRK-REGISTER,ANDRE FORFATTERE,Digte,(blank),»Göta kom i dans från Seves fjällar -« (Esaias Tegnér). (Tekst),Esaias Tegnér,,,,,Esaias Tegnér
WOR046100,work,VÆRK-REGISTER,ANDRE FORFATTERE,Digte,(blank),Hans og Trine (Af Scener i Rosenborg Slotshave) (Poul Møller),Poul Møller,,,,,Poul Møller
WOR046150,work,VÆRK-REGISTER,ANDRE FORFATTERE,Digte,(blank),Hausschatz der Volkspoesie (Bernhard Wolff),Bernhard Wolff,,,,,Bernhard Wolff
WOR046200,work,VÆRK-REGISTER,ANDRE FORFATTERE,Digte,(blank),Hávamál,,,,,,
WOR046250,work,VÆRK-REGISTER,ANDRE FORFATTERE,Digte,(blank),"Heide, Gylfes dotter (Karl XV)",Karl XV,,,,,Karl XV
WOR046300,work,VÆRK-REGISTER,ANDRE FORFATTERE,Digte,(blank),Heidenröslein (J. W. von Goethe),J. W. von Goethe,,,,,J. W. von Goethe
WOR046350,work,VÆRK-REGISTER,ANDRE FORFATTERE,Digte,(blank),Helge (A. Oehlenschlæger),A. Oehlenschlæger,,,,,A. Oehlenschlæger
WOR046400,work,VÆRK-REGISTER,ANDRE FORFATTERE,Digte,(blank),Den hemmelighedsfulde Port (B. S. Ingemann),B. S. Ingemann,,,,,B. S. Ingemann
WOR046450,work,VÆRK-REGISTER,ANDRE FORFATTERE,Digte,(blank),Henimod Aften ved Rom (Efter et Maleri af Küchler) (H. Hertz),H. Hertz,,,,,H. Hertz
WOR046500,work,VÆRK-REGISTER,ANDRE FORFATTERE,Digte,(blank),"»Herlige Hav -« (Havfruens første Sang af Fortællingen De Underjordiske, B. S. Ingemann)",B. S. Ingemann,,,,,B. S. Ingemann
WOR046550,work,VÆRK-REGISTER,ANDRE FORFATTERE,Digte,(blank),Herr Karl eller klosterrovet (Geijer og Afzelius: Svenska folkvisor Nr. 26),"Geijer, Afzelius",,,,,"Geijer, Afzelius"
WOR046600,work,VÆRK-REGISTER,ANDRE FORFATTERE,Digte,(blank),Holmens faste Stok (Adolph Recke),Adolph Recke,,,,,Adolph Recke
WOR046650,work,VÆRK-REGISTER,ANDRE FORFATTERE,Digte,(blank),"Hr. Sverkel (Abrahamson, Nyerup og Rahbek: Udvalgte danske Viser fra Middelalderen Nr. CLV)","Abrahamson, Nyerup, Rahbek",,,,,"Abrahamson, Nyerup, Rahbek"
WOR046700,work,VÆRK-REGISTER,ANDRE FORFATTERE,Digte,(blank),Hälsning till Danmark (Carl Fredrik Ridderstad),Carl Fredrik Ridderstad,,,,,Carl Fredrik Ridderstad
WOR046750,work,VÆRK-REGISTER,ANDRE FORFATTERE,Digte,(blank),Hundrede Digte efter det Engelske (Caralis Ͻ: C. Preetzmann),C. Preetzmann,,,,,C. Preetzmann
WOR046800,work,VÆRK-REGISTER,ANDRE FORFATTERE,Digte,(blank),Hyrden og Slangen (Rudolph Schmidt),Rudolph Schmidt,,,,,Rudolph Schmidt
WOR046850,work,VÆRK-REGISTER,ANDRE FORFATTERE,Digte,(blank),"»l denne Bog, hvor alt et Hold -«: (I Wilhelmine Sonnleithners Stambog) (Henrik Hertz) (Tekst)",Henrik Hertz,,,,,Henrik Hertz
WOR046900,work,VÆRK-REGISTER,ANDRE FORFATTERE,Digte,(blank),I Ny og Næ (Vilhelm Bergsøe),Vilhelm Bergsøe,,,,,Vilhelm Bergsøe
WOR046950,work,VÆRK-REGISTER,ANDRE FORFATTERE,Digte,(blank),I Nød og Fare (Chr. Richardt),Chr. Richardt,,,,,Chr. Richardt
WOR047000,work,VÆRK-REGISTER,ANDRE FORFATTERE,Digte,(blank),I Sorg og i Glæde (Benedicte Arnesen Kall),Benedicte Arnesen Kall,,,,,Benedicte Arnesen Kall
WOR047050,work,VÆRK-REGISTER,ANDRE FORFATTERE,Digte,(blank),Iliaden (Homeros),Homeros,,,,,Homeros
WOR047100,work,VÆRK-REGISTER,ANDRE FORFATTERE,Digte,(blank),In der Fürstengruft zu Weimar am 29. Jan. 1846 (Hermann Rollett),Hermann Rollett,,,,,Hermann Rollett
WOR047150,work,VÆRK-REGISTER,ANDRE FORFATTERE,Digte,(blank),Ja og Nei eller Den hurtige Frier (J. Baggesen),J. Baggesen,,,,,J. Baggesen
WOR047200,work,VÆRK-REGISTER,ANDRE FORFATTERE,Digte,(blank),Jacob og Lone (Chr. Winther),Chr. Winther,,,,,Chr. Winther
WOR047250,work,VÆRK-REGISTER,ANDRE FORFATTERE,Digte,(blank),Die Jobsiade (Karl Arnold Kortum),Karl Arnold Kortum,,,,,Karl Arnold Kortum
WOR047300,work,VÆRK-REGISTER,ANDRE FORFATTERE,Digte,(blank),"En Julegave i Sang fra Gamle og Unge, samlet af Vilhelm Gregersen",,,,,,
WOR047350,work,VÆRK-REGISTER,ANDRE FORFATTERE,Digte,(blank),"Keed af Verden, og kier ad Himmelen (»Far, Verden, far vel -«) (Thomas Kingo)",Thomas Kingo,,,,,Thomas Kingo
WOR047400,work,VÆRK-REGISTER,ANDRE FORFATTERE,Digte,(blank),Kirkeklokken i Farum (C. J. Boye),C. J. Boye,,,,,C. J. Boye
WOR047450,work,VÆRK-REGISTER,ANDRE FORFATTERE,Digte,(blank),Klintekorset (O. C. Lund),O. C. Lund,,,,,O. C. Lund
WOR047500,work,VÆRK-REGISTER,ANDRE FORFATTERE,Digte,(blank),Klokken (Das Lied von der Glocke) (Fr. von Schiller),Fr. von Schiller,,,,,Fr. von Schiller
WOR047550,work,VÆRK-REGISTER,ANDRE FORFATTERE,Digte,(blank),Klänge und Bilder aus Ungarn (J. N. Vogl),J. N. Vogl,,,,,J. N. Vogl
WOR047600,work,VÆRK-REGISTER,ANDRE FORFATTERE,Digte,(blank),»Kong Christian stod ved høien Mast -« (Johs. Ewald),Johs. Ewald,,,,,Johs. Ewald
WOR047650,work,VÆRK-REGISTER,ANDRE FORFATTERE,Digte,(blank),Die Kraniche des Ibykus (Fr. Von Schiller),Fr. Von Schiller,,,,,Fr. Von Schiller
WOR047700,work,VÆRK-REGISTER,ANDRE FORFATTERE,Digte,(blank),Der Kreuzschnabel (Julius Mosen),Julius Mosen,,,,,Julius Mosen
WOR047750,work,VÆRK-REGISTER,ANDRE FORFATTERE,Digte,(blank),Et Kys (C. Ploug),C. Ploug,,,,,C. Ploug
WOR047800,work,VÆRK-REGISTER,ANDRE FORFATTERE,Digte,(blank),The Lady of the Lake (W. Scott),W. Scott,,,,,W. Scott
WOR047850,work,VÆRK-REGISTER,ANDRE FORFATTERE,Digte,(blank),Lalla Rookh (Thomas Moore). Übers. von Fr. von Pechlin,Thomas Moore,,,,,Thomas Moore
WOR047900,work,VÆRK-REGISTER,ANDRE FORFATTERE,Digte,(blank),Last Poems (Elisabeth Barrett Browning),Elisabeth Barrett Browning,,,,,Elisabeth Barrett Browning
WOR047950,work,VÆRK-REGISTER,ANDRE FORFATTERE,Digte,(blank),Lay of the Last Minstrel (W. Scott),W. Scott,,,,,W. Scott
WOR048000,work,VÆRK-REGISTER,ANDRE FORFATTERE,Digte,(blank),Lebensfahrt (»Ein Lachen und Singen -«) (H. Heine),H. Heine,,,,,H. Heine
WOR048050,work,VÆRK-REGISTER,ANDRE FORFATTERE,Digte,(blank),Die Legende von hl. Katharina (Luise von Bornstedt),Luise von Bornstedt,,,,,Luise von Bornstedt
WOR048100,work,VÆRK-REGISTER,ANDRE FORFATTERE,Digte,(blank),Het lelijke jonge eendtjen Andersen naverteld (J. J. L. ten Kate efter HCA),J. J. L. ten Kate,,,,,J. J. L. ten Kate
WOR048150,work,VÆRK-REGISTER,ANDRE FORFATTERE,Digte,(blank),Lenore (G. A. Bürger),G. A. Bürger,,,,,G. A. Bürger
WOR048200,work,VÆRK-REGISTER,ANDRE FORFATTERE,Digte,(blank),Das Lied von der Glocke (Fr. von Schiller),Fr. von Schiller,,,,,Fr. von Schiller
WOR048250,work,VÆRK-REGISTER,ANDRE FORFATTERE,Digte,(blank),Lieder eines Malers mit Randzeichnungen seiner Freunde (Robert Reinick),Robert Reinick,,,,,Robert Reinick
WOR048300,work,VÆRK-REGISTER,ANDRE FORFATTERE,Digte,(blank),"Lieder und Bilder. Deutsche Dichtungen mit Randzeichnungen deutscher Künstler (Düsseldorf, Buddeus' Forlag)",,,,,,
WOR048350,work,VÆRK-REGISTER,ANDRE FORFATTERE,Digte,(blank),Lucifers Fald (Fr. Paludan-Müller),Fr. Paludan-Müller,,,,,Fr. Paludan-Müller
WOR048400,work,VÆRK-REGISTER,ANDRE FORFATTERE,Digte,(blank),Lusiaderne (Luis de Camões),Luis de Camões,,,,,Luis de Camões
WOR048450,work,VÆRK-REGISTER,ANDRE FORFATTERE,Digte,(blank),Lyriske Digte og Romancer (C. Hauch),C. Hauch,,,,,C. Hauch
WOR048500,work,VÆRK-REGISTER,ANDRE FORFATTERE,Digte,(blank),Løveridderen (A. Oehlenschlæger),A. Oehlenschlæger,,,,,A. Oehlenschlæger
WOR048550,work,VÆRK-REGISTER,ANDRE FORFATTERE,Digte,(blank),Løvfrøen. - Græshopperne drage forbi (Af Vintergrønt) (Vilhelm Bergsøe),Vilhelm Bergsøe,,,,,Vilhelm Bergsøe
WOR048600,work,VÆRK-REGISTER,ANDRE FORFATTERE,Digte,(blank),Mazeppa (Byron),Byron,,,,,Byron
WOR048650,work,VÆRK-REGISTER,ANDRE FORFATTERE,Digte,(blank),Melusine (Theodor Apel),Theodor Apel,,,,,Theodor Apel
WOR048700,work,VÆRK-REGISTER,ANDRE FORFATTERE,Digte,(blank),Der Messias (F. G. Klopstock),F. G. Klopstock,,,,,F. G. Klopstock
WOR048750,work,VÆRK-REGISTER,ANDRE FORFATTERE,Digte,(blank),Mindesang over de Faldne (»Slumrer sødt i Slesvigs Jord -«). (H. P. Holst),H. P. Holst,,,,,H. P. Holst
WOR048800,work,VÆRK-REGISTER,ANDRE FORFATTERE,Digte,(blank),Modersmaalet (N. F. S. Grundtvig),N. F. S. Grundtvig,,,,,N. F. S. Grundtvig
WOR048850,work,VÆRK-REGISTER,ANDRE FORFATTERE,Digte,(blank),"El Moro exposito (Ángel de Saavedra, Hertug af Rivas)",Ángel de Saavedra,,,,,Ángel de Saavedra
WOR048900,work,VÆRK-REGISTER,ANDRE FORFATTERE,Digte,(blank),Mythologiske Digte (Fr. Paludan-Müller),Fr. Paludan-Müller,,,,,Fr. Paludan-Müller
WOR048950,work,VÆRK-REGISTER,ANDRE FORFATTERE,Digte,(blank),"Nachklänge der alten Geschichte, verhallend bis in die Neuzeit (Fr. von Pechlin)",Fr. von Pechlin,,,,,Fr. von Pechlin
WOR049000,work,VÆRK-REGISTER,ANDRE FORFATTERE,Digte,(blank),Naturen og Kunsten (H. Hertz),H. Hertz,,,,,H. Hertz
WOR049050,work,VÆRK-REGISTER,ANDRE FORFATTERE,Digte,(blank),Nieuwe Winde-Kelken (J. P. Hasebroek),J. P. Hasebroek,,,,,J. P. Hasebroek
WOR049100,work,VÆRK-REGISTER,ANDRE FORFATTERE,Digte,(blank),Nogle Digte (S. Schandorph),S. Schandorph,,,,,S. Schandorph
WOR049150,work,VÆRK-REGISTER,ANDRE FORFATTERE,Digte,(blank),Nordens Signaler (H. Ibsen),H. Ibsen,,,,,H. Ibsen
WOR049200,work,VÆRK-REGISTER,ANDRE FORFATTERE,Digte,(blank),Norgesreisen (A. Oehlenschlæger),A. Oehlenschlæger,,,,,A. Oehlenschlæger
WOR049250,work,VÆRK-REGISTER,ANDRE FORFATTERE,Digte,(blank),The North and the South (Elisabeth Barrett Browning),Elisabeth Barrett Browning,,,,,Elisabeth Barrett Browning
WOR049300,work,VÆRK-REGISTER,ANDRE FORFATTERE,Digte,(blank),»Nu rinder Solen op af Østerlide - « (Thomas Kingo),Thomas Kingo,,,,,Thomas Kingo
WOR049350,work,VÆRK-REGISTER,ANDRE FORFATTERE,Digte,(blank),Nya dikter (C. R. Nyblom),C. R. Nyblom,,,,,C. R. Nyblom
WOR049400,work,VÆRK-REGISTER,ANDRE FORFATTERE,Digte,(blank),Nye Digte (J. L. Heiberg),J. L. Heiberg,,,,,J. L. Heiberg
WOR049450,work,VÆRK-REGISTER,ANDRE FORFATTERE,Digte,(blank),Nye Digte (Fr. Paludan-Müller),Fr. Paludan-Müller,,,,,Fr. Paludan-Müller
WOR049500,work,VÆRK-REGISTER,ANDRE FORFATTERE,Digte,(blank),Nye Digte af danske Digtere (Chr. Winther),Chr. Winther,,,,,Chr. Winther
WOR049550,work,VÆRK-REGISTER,ANDRE FORFATTERE,Digte,(blank),Nye og gamle Viser af og for danske Folk (P. O. Boisen),P. O. Boisen,,,,,P. O. Boisen
WOR049600,work,VÆRK-REGISTER,ANDRE FORFATTERE,Digte,(blank),"O, vidste Du bare (Bj. Bjørnson)",Bj. Bjørnson,,,,,Bj. Bjørnson
WOR049650,work,VÆRK-REGISTER,ANDRE FORFATTERE,Digte,(blank),Oberon (C. M. Wieland),C. M. Wieland,,,,,C. M. Wieland
WOR049700,work,VÆRK-REGISTER,ANDRE FORFATTERE,Digte,(blank),Oder (Q. Horatius Flaccus),Q. Horatius Flaccus,,,,,Q. Horatius Flaccus
WOR049750,work,VÆRK-REGISTER,ANDRE FORFATTERE,Digte,(blank),Odysseen (Homeros),Homeros,,,,,Homeros
WOR049800,work,VÆRK-REGISTER,ANDRE FORFATTERE,Digte,(blank),On Viol and Flute (Edmund W. Gosse),Edmund W. Gosse,,,,,Edmund W. Gosse
WOR049850,work,VÆRK-REGISTER,ANDRE FORFATTERE,Digte,(blank),Orlando furioso (L. Ariosto),L. Ariosto,,,,,L. Ariosto
WOR049900,work,VÆRK-REGISTER,ANDRE FORFATTERE,Digte,(blank),Ossian (James Macpherson),James Macpherson,,,,,James Macpherson
WOR049950,work,VÆRK-REGISTER,ANDRE FORFATTERE,Digte,(blank),Peder Paars (L. Holberg),L. Holberg,,,,,L. Holberg
WOR050000,work,VÆRK-REGISTER,ANDRE FORFATTERE,Digte,(blank),"Peters Juul (J. Krohn, ill. af Pietro Krohn)",J. Krohn,,,,,J. Krohn
WOR050050,work,VÆRK-REGISTER,ANDRE FORFATTERE,Digte,(blank),The Pied Piper of Hamelin (R. Browning),R. Browning,,,,,R. Browning
WOR050100,work,VÆRK-REGISTER,ANDRE FORFATTERE,Digte,(blank),"P. L. Møller, død den 10. Decbr. 1865 (Holger Drachmann)",Holger Drachmann,,,,,Holger Drachmann
WOR050150,work,VÆRK-REGISTER,ANDRE FORFATTERE,Digte,(blank),Poems (Humphry William Freeland),Humphry William Freeland,,,,,Humphry William Freeland
WOR050200,work,VÆRK-REGISTER,ANDRE FORFATTERE,Digte,(blank),Poems (1871) (Alice McClure Griffin),Alice McClure Griffin,,,,,Alice McClure Griffin
WOR050250,work,VÆRK-REGISTER,ANDRE FORFATTERE,Digte,(blank),Poésies complètes (A. T. de La Tour),A. T. de La Tour,,,,,A. T. de La Tour
WOR050300,work,VÆRK-REGISTER,ANDRE FORFATTERE,Digte,(blank),Poésies complètes (Alfred de Vigny),Alfred de Vigny,,,,,Alfred de Vigny
WOR050350,work,VÆRK-REGISTER,ANDRE FORFATTERE,Digte,(blank),Poetical Works (1851) (Henry W. Long-fellow),G. K. Pfeffel,,,,,G. K. Pfeffel
WOR050400,work,VÆRK-REGISTER,ANDRE FORFATTERE,Digte,(blank),Poetische Versuche (G. K. Pfeffel),G. K. Pfeffel,,,,,G. K. Pfeffel
WOR050450,work,VÆRK-REGISTER,ANDRE FORFATTERE,Digte,(blank),Poetischer Hausschatz des deutschen Volkes (Skolebog) (Bernhard Wolff),Bernhard Wolff,,,,,Bernhard Wolff
WOR050500,work,VÆRK-REGISTER,ANDRE FORFATTERE,Digte,(blank),Prentenboek zooder prenten. Vertellingen van de maan. Door J. J. L. ten Kate. Vierde druk. (1870),,,,,,
WOR050550,work,VÆRK-REGISTER,ANDRE FORFATTERE,Digte,(blank),»Presso al Tamigi un fior di Parndiso -« (P.-A. Fiorentino) (Tekst),P.-A. Fiorentino,,,,,P.-A. Fiorentino
WOR050600,work,VÆRK-REGISTER,ANDRE FORFATTERE,Digte,(blank),The Prisoner of Chillon (Byron),Byron,,,,,Byron
WOR050650,work,VÆRK-REGISTER,ANDRE FORFATTERE,Digte,(blank),Prolog (Fremsagt af Jfr. Sønderskou) (Carl Bagger),Carl Bagger,,,,,Carl Bagger
WOR050700,work,VÆRK-REGISTER,ANDRE FORFATTERE,Digte,(blank),"Prolog, fremsagt j Fredags [22.1.1875] i Kasino ved Forestillingen til Indtægt for H. C. Andersens Monument (H. Vilh. Martensen)",H. Vilh. Martensen,,,,,H. Vilh. Martensen
WOR050750,work,VÆRK-REGISTER,ANDRE FORFATTERE,Digte,(blank),Prolog og Program (Ved Casinos 25 Aars Jubilæumsforestilling) (Erik Bøgh),Erik Bøgh,,,,,Erik Bøgh
WOR050800,work,VÆRK-REGISTER,ANDRE FORFATTERE,Digte,(blank),Prolog til den 50. Opførelse af Svend Dyrings Huus (H. P. Holst),H. P. Holst,,,,,H. P. Holst
WOR050850,work,VÆRK-REGISTER,ANDRE FORFATTERE,Digte,(blank),Prolog ved Det kgl. Teaters Aabningsforestilling 15.10.1874 (C. Ploug),C. Ploug,,,,,C. Ploug
WOR050900,work,VÆRK-REGISTER,ANDRE FORFATTERE,Digte,(blank),Quickborn (Klaus Groth),Klaus Groth,,,,,Klaus Groth
WOR050950,work,VÆRK-REGISTER,ANDRE FORFATTERE,Digte,(blank),Reineke Fuchs (J. W. von Goethe),J. W. von Goethe,,,,,J. W. von Goethe
WOR051000,work,VÆRK-REGISTER,ANDRE FORFATTERE,Digte,(blank),Reisedrømmen (B. S. Ingemann),B. S. Ingemann,,,,,B. S. Ingemann
WOR051050,work,VÆRK-REGISTER,ANDRE FORFATTERE,Digte,(blank),Rimbrev til Fru Julie Sødring (Nicolaj Bøgh),Nicolaj Bøgh,,,,,Nicolaj Bøgh
WOR051100,work,VÆRK-REGISTER,ANDRE FORFATTERE,Digte,(blank),Ritter Toggenburg (Fr. von Schiller),Fr. von Schiller,,,,,Fr. von Schiller
WOR051150,work,VÆRK-REGISTER,ANDRE FORFATTERE,Digte,(blank),Romanser ur svenska folklifvet jemte några andra diktér (J. G. Carlén),J. G. Carlén,,,,,J. G. Carlén
WOR051200,work,VÆRK-REGISTER,ANDRE FORFATTERE,Digte,(blank),Samlede Digte (1862) (Carl Ploug),Carl Ploug,,,,,Carl Ploug
WOR051250,work,VÆRK-REGISTER,ANDRE FORFATTERE,Digte,(blank),En Samling Vers (Chr. Winther),Chr. Winther,,,,,Chr. Winther
WOR051300,work,VÆRK-REGISTER,ANDRE FORFATTERE,Digte,(blank),The Seasons (James Thomson),James Thomson,,,,,James Thomson
WOR051350,work,VÆRK-REGISTER,ANDRE FORFATTERE,Digte,(blank),Serenaden und Phantasien eines Friesischen Sängers (Harro Harring),Harro Harring,,,,,Harro Harring
WOR051400,work,VÆRK-REGISTER,ANDRE FORFATTERE,Digte,(blank),Sigrid med Sløret (A. Oehlenschlæger),A. Oehlenschlæger,,,,,A. Oehlenschlæger
WOR051450,work,VÆRK-REGISTER,ANDRE FORFATTERE,Digte,(blank),"»Sind wir nicht geplagte Wesen?« (Heinrich von Ofterdingen, 6. Kapitel) (Novalis)",Novalis,,,,,Novalis
WOR051500,work,VÆRK-REGISTER,ANDRE FORFATTERE,Digte,(blank),Sint-Albaan (Af Krekelzangen) (W. Bilderdijk),W. Bilderdijk,,,,,W. Bilderdijk
WOR051550,work,VÆRK-REGISTER,ANDRE FORFATTERE,Digte,(blank),Skabelsen (De Schepping) (J. J. L. ten Kate),J. J. L. ten Kate,,,,,J. J. L. ten Kate
WOR051600,work,VÆRK-REGISTER,ANDRE FORFATTERE,Digte,(blank),Skriftemaalet (Henrik Hertz),Henrik Hertz,,,,,Henrik Hertz
WOR051650,work,VÆRK-REGISTER,ANDRE FORFATTERE,Digte,(blank),Slaget ved Fredericia (Carl Ploug),Carl Ploug,,,,,Carl Ploug
WOR051700,work,VÆRK-REGISTER,ANDRE FORFATTERE,Digte,(blank),Slaven (Fr. Paludan-Mülller),Fr. Paludan-Müller,,,,,Fr. Paludan-Müller
WOR051750,work,VÆRK-REGISTER,ANDRE FORFATTERE,Digte,(blank),Smaadigte og Sange (M. Rosing),M. Rosing,,,,,M. Rosing
WOR051800,work,VÆRK-REGISTER,ANDRE FORFATTERE,Digte,(blank),»Solen gaar bag Aasen ned -« (Sole gaar bak Aasen ne) (Aagots Sang af H. A. Bjerregaard: Fjeldeventyret),H. A. Bjerregaard,,,,,H. A. Bjerregaard
WOR051850,work,VÆRK-REGISTER,ANDRE FORFATTERE,Digte,(blank),The Song of Hiawatba (H. W. Longfellow),H. W. Longfellow,,,,,H. W. Longfellow
WOR051900,work,VÆRK-REGISTER,ANDRE FORFATTERE,Digte,(blank),Stellas Kunstindvielse (C. N. David),C. N. David,,,,,C. N. David
WOR051950,work,VÆRK-REGISTER,ANDRE FORFATTERE,Digte,(blank),Svenska folkvisor (E. G. Geijer og A. A. Afzelius)),"E. G. Geijer, A. A. Afzelius",,,,,"E. G. Geijer, A. A. Afzelius"
WOR052000,work,VÆRK-REGISTER,ANDRE FORFATTERE,Digte,(blank),Søfartens Oprindelse og Virkning (Chr. B. Tullin),Chr. B. Tullin,,,,,Chr. B. Tullin
WOR052050,work,VÆRK-REGISTER,ANDRE FORFATTERE,Digte,(blank),Tankebreve fra en Afdød (B. S. Ingemann),B. S. Ingemann,,,,,B. S. Ingemann
WOR052100,work,VÆRK-REGISTER,ANDRE FORFATTERE,Digte,(blank),Tanker og Tegninger (L. Lund),L. Lund,,,,,L. Lund
WOR052150,work,VÆRK-REGISTER,ANDRE FORFATTERE,Digte,(blank),Den tappre Landsoldat (Peter Faber),Peter Faber,,,,,Peter Faber
WOR052200,work,VÆRK-REGISTER,ANDRE FORFATTERE,Digte,(blank),Tasso te Rome (J. van Gravenweert),J. van's Gravenweert,,,,,J. van's Gravenweert
WOR052250,work,VÆRK-REGISTER,ANDRE FORFATTERE,Digte,(blank),Tassos Klage (The Lament of Tasso) (Byron),Byron,,,,,Byron
WOR052300,work,VÆRK-REGISTER,ANDRE FORFATTERE,Digte,(blank),Til en vis Mand [Kong Karl XV af Sverrig-Norge] (Chr. Winther),Chr. Winther,,,,,Chr. Winther
WOR052350,work,VÆRK-REGISTER,ANDRE FORFATTERE,Digte,(blank),Til Grundtvigs Venner. Rimbrev fra F. L. Grundtvig,F. L. Grundtvig,,,,,F. L. Grundtvig
WOR052400,work,VÆRK-REGISTER,ANDRE FORFATTERE,Digte,(blank),"Til Kong Frederik VII.s Minde, Studenterforeningen 20.12.1863 (Chr. Richardt)",Chr. Richardt,,,,,Chr. Richardt
WOR052450,work,VÆRK-REGISTER,ANDRE FORFATTERE,Digte,(blank),Til Nordens Kvinde (»Vi har sagt det saa tidt -«) (Mads Hansen),Mads Hansen,,,,,Mads Hansen
WOR052500,work,VÆRK-REGISTER,ANDRE FORFATTERE,Digte,(blank),Til Oehlenschläger (Chr. Winther),Chr. Winther,,,,,Chr. Winther
WOR052550,work,VÆRK-REGISTER,ANDRE FORFATTERE,Digte,(blank),Till J. P. Miller (C. F. Dahlgren),C. F. Dahlgren,,,,,C. F. Dahlgren
WOR052600,work,VÆRK-REGISTER,ANDRE FORFATTERE,Digte,(blank),To Digte af En ung Angelbo (1. Sønderjydsk Sang. 2. Haabets Stjerne) (Koldingposten 30.1.1866),,,,,,
WOR052650,work,VÆRK-REGISTER,ANDRE FORFATTERE,Digte,(blank),Totenkränze (J. C. von Zedlitz),J. C. von Zedlitz,,,,,J. C. von Zedlitz
WOR052700,work,VÆRK-REGISTER,ANDRE FORFATTERE,Digte,(blank),"Trinkspruch in einer literarischen Gesellschaft 1831 (»O, lasset urs in dieser düstern, bangen Zeit -«) (A. von Chamisso)",A. von Chamisso,,,,,A. von Chamisso
WOR052750,work,VÆRK-REGISTER,ANDRE FORFATTERE,Digte,(blank),Træsnit (Chr. Winther),Chr. Winther,,,,,Chr. Winther
WOR052800,work,VÆRK-REGISTER,ANDRE FORFATTERE,Digte,(blank),Uhyret (Fr. Høegh-Guldberg),Fr. Høegh-Guldberg,,,,,Fr. Høegh-Guldberg
WOR052850,work,VÆRK-REGISTER,ANDRE FORFATTERE,Digte,(blank),Die Ulme zu Hirsau (Ludwig Uhland),Ludwig Uhland,,,,,Ludwig Uhland
WOR052900,work,VÆRK-REGISTER,ANDRE FORFATTERE,Digte,(blank),"Urania über Gott, Unsterblichkeit und Freiheit (C. A. Tiedge)",C. A. Tiedge,,,,,C. A. Tiedge
WOR052950,work,VÆRK-REGISTER,ANDRE FORFATTERE,Digte,(blank),Valkyrien (Fr. Bøgh),Fr. Bøgh,,,,,Fr. Bøgh
WOR053000,work,VÆRK-REGISTER,ANDRE FORFATTERE,Digte,(blank),"[Vandfaldet i Englischer Garten, München] (Moritz Saphir)",Moritz Saphir,,,,,Moritz Saphir
WOR053050,work,VÆRK-REGISTER,ANDRE FORFATTERE,Digte,(blank),"Vaterlandslied (»Stadt Hamburg, in der Elbe Auen -«) (Gemeinnütziger Almanach auf das Jahr 1831) (Tekst)",,,,,,
WOR053100,work,VÆRK-REGISTER,ANDRE FORFATTERE,Digte,(blank),Ved H. C. Ørsteds Jordefærd (C. Hauch),C. Hauch,,,,,C. Hauch
WOR053150,work,VÆRK-REGISTER,ANDRE FORFATTERE,Digte,(blank),Venedig (Nicolaj Bøgh),Nicolaj Bøgh,,,,,Nicolaj Bøgh
WOR053200,work,VÆRK-REGISTER,ANDRE FORFATTERE,Digte,(blank),Venus and Adonis (W. Shakespeare),W. Shakespeare,,,,,W. Shakespeare
WOR053250,work,VÆRK-REGISTER,ANDRE FORFATTERE,Digte,(blank),»Vift stolt paa Codans Bølge -« (B.S. Ingemann),B.S. Ingemann,,,,,B.S. Ingemann
WOR053300,work,VÆRK-REGISTER,ANDRE FORFATTERE,Digte,(blank),»Vildt Göta störtade från fjällen -« (Esaias Tegnér) (Tekst),Esaias Tegnér,,,,,Esaias Tegnér
WOR053350,work,VÆRK-REGISTER,ANDRE FORFATTERE,Digte,(blank),» Vintern rasat ut bland våra fjällar -« (Herman Sätherberg),Herman Sätherberg,,,,,Herman Sätherberg
WOR053400,work,VÆRK-REGISTER,ANDRE FORFATTERE,Digte,(blank),"Volkslieder der Serben (Oversat af Talvj, Pseudonym for Therese A. L. von Jacob, g. Robinson)",Therese A. L. von Jacob,,,,,Therese A. L. von Jacob
WOR053450,work,VÆRK-REGISTER,ANDRE FORFATTERE,Digte,(blank),Waldmeisters Brautfahrt (Otto Roquette),Otto Roquette,,,,,Otto Roquette
WOR053500,work,VÆRK-REGISTER,ANDRE FORFATTERE,Digte,(blank),Wanderungen durch den Markt des Lebens. Zweites Buch: Wanderung durch den Markt der Ehre (C. A. Tiedge),C. A. Tiedge,,,,,C. A. Tiedge
WOR053550,work,VÆRK-REGISTER,ANDRE FORFATTERE,Digte,(blank),Winde-Kelken (J. P. Hasebroek),J. P. Hasebroek,,,,,J. P. Hasebroek
WOR053600,work,VÆRK-REGISTER,ANDRE FORFATTERE,Digte,(blank),Der Zauberlehrling (J. W. von Goethe),J. W. von Goethe,,,,,J. W. von Goethe
WOR053650,work,VÆRK-REGISTER,ANDRE FORFATTERE,Digte,(blank),Zigeuner-Mährchen (J. W. von Goethe),J. W. von Goethe,,,,,J. W. von Goethe
WOR053700,work,VÆRK-REGISTER,ANDRE FORFATTERE,Digte,(blank),Zwölf Gedichte (Alexej Tolstoj),Alexej Tolstoj,,,,,Alexej Tolstoj
WOR053750,work,VÆRK-REGISTER,ANDRE FORFATTERE,Digte,(blank),Ældre og nyere Digte (Rudolph Schmidt),Rudolph Schmidt,,,,,Rudolph Schmidt
WOR053800,work,VÆRK-REGISTER,ANDRE FORFATTERE,Digte,(blank),Ældre og nyere Digte (Vilhelm Ͻ: Wilhelm Moldenhawer),Wilhelm Moldenhawer,,,,,Wilhelm Moldenhawer
WOR053850,work,VÆRK-REGISTER,ANDRE FORFATTERE,Digte,(blank),Æneiden (P. Vergilius Maro),P. Vergilius Maro,,,,,P. Vergilius Maro
WOR053900,work,VÆRK-REGISTER,ANDRE FORFATTERE,Digte,(blank),Øjeblikkets Børn (Martin Kok),Martin Kok,,,,,Martin Kok
WOR053950,work,VÆRK-REGISTER,ANDRE FORFATTERE,Skuespil,(blank),Abekatten (Johanne Luise Heiberg),Johanne Luise Heiberg,,,,,Johanne Luise Heiberg
WOR054000,work,VÆRK-REGISTER,ANDRE FORFATTERE,Skuespil,(blank),Abracadabra (L. Holberg),L. Holberg,,,,,L. Holberg
WOR054050,work,VÆRK-REGISTER,ANDRE FORFATTERE,Skuespil,(blank),Der Adept (Fr. Halm),Fr. Halm,,,,,Fr. Halm
WOR054100,work,VÆRK-REGISTER,ANDRE FORFATTERE,Skuespil,(blank),Adrienne Lecouvreur (E. Scribe og E. Legouvé),"E. Scribe, E. Legouvé",,,,,"E. Scribe, E. Legouvé"
WOR054150,work,VÆRK-REGISTER,ANDRE FORFATTERE,Skuespil,(blank),Advokaten og hans Myndling (H. Hertz),H. Hertz,,,,,H. Hertz
WOR054200,work,VÆRK-REGISTER,ANDRE FORFATTERE,Skuespil,(blank),En Aften 1722 (H. Hertz),H. Hertz,,,,,H. Hertz
WOR054250,work,VÆRK-REGISTER,ANDRE FORFATTERE,Skuespil,(blank),Agnes Bernauer (Adolf Böttger),Adolf Böttger,,,,,Adolf Böttger
WOR054300,work,VÆRK-REGISTER,ANDRE FORFATTERE,Skuespil,(blank),Ahasvérus (Edgar Quinet),Edgar Quinet,,,,,Edgar Quinet
WOR054350,work,VÆRK-REGISTER,ANDRE FORFATTERE,Skuespil,(blank),Die Ahnfrau (Fr. Grillparzer),Fr. Grillparzer,,,,,Fr. Grillparzer
WOR054400,work,VÆRK-REGISTER,ANDRE FORFATTERE,Skuespil,(blank),Aladdin (A. Oehlenschlæger),A. Oehlenschlæger,,,,,A. Oehlenschlæger
WOR054450,work,VÆRK-REGISTER,ANDRE FORFATTERE,Skuespil,(blank),Alboin der Longobardenkönig (F. de la Motte Fouqué),F. de la Motte Fouqué,,,,,F. de la Motte Fouqué
WOR054500,work,VÆRK-REGISTER,ANDRE FORFATTERE,Skuespil,(blank),Albrecht Dürer in Venedig (Eduard von Schenk),Eduard von Schenk,,,,,Eduard von Schenk
WOR054550,work,VÆRK-REGISTER,ANDRE FORFATTERE,Skuespil,(blank),Alferne (J. L. Heiberg),J. L. Heiberg,,,,,J. L. Heiberg
WOR054600,work,VÆRK-REGISTER,ANDRE FORFATTERE,Skuespil,(blank),Alt for Fædrelandet (V. Sardou),V. Sardou,,,,,V. Sardou
WOR054650,work,VÆRK-REGISTER,ANDRE FORFATTERE,Skuespil,(blank),Die alte Schachtel (Gustav von und zu Putlitz),Gustav von und zu Putlitz,,,,,Gustav von und zu Putlitz
WOR054700,work,VÆRK-REGISTER,ANDRE FORFATTERE,Skuespil,(blank),Der alte Student (G. A. Von Maltitz),G. A. Von Maltitz,,,,,G. A. Von Maltitz
WOR054750,work,VÆRK-REGISTER,ANDRE FORFATTERE,Skuespil,(blank),Amanda (H. Hertz),H. Hertz,,,,,H. Hertz
WOR054800,work,VÆRK-REGISTER,ANDRE FORFATTERE,Skuespil,(blank),Gli amanti sessagenari (F. Berti),F. Berti,,,,,F. Berti
WOR054850,work,VÆRK-REGISTER,ANDRE FORFATTERE,Skuespil,(blank),"Der Amerikaner (Camillo Federici, bearb. af Wilh. Vogel)",Camillo Federici,,,,,Camillo Federici
WOR054900,work,VÆRK-REGISTER,ANDRE FORFATTERE,Skuespil,(blank),Amon Geniestreger (H. Hertz),H. Hertz,,,,,H. Hertz
WOR054950,work,VÆRK-REGISTER,ANDRE FORFATTERE,Skuespil,(blank),Die Andacht zum Kreuze ((Calderón de la Barca),Calderón de la Barca,,,,,Calderón de la Barca
WOR055000,work,VÆRK-REGISTER,ANDRE FORFATTERE,Skuespil,(blank),Anna Colbiørnsen (K. L. Rahbek),K. L. Rahbek,,,,,K. L. Rahbek
WOR055050,work,VÆRK-REGISTER,ANDRE FORFATTERE,Skuespil,(blank),L' Anneau d'argent (Adolph Herbelen),Adolph Herbelen,,,,,Adolph Herbelen
WOR055100,work,VÆRK-REGISTER,ANDRE FORFATTERE,Skuespil,(blank),Antigone (Sofokles),Sofokles,,,,,Sofokles
WOR055150,work,VÆRK-REGISTER,ANDRE FORFATTERE,Skuespil,(blank),Aprilsnarrene (J. L. Heiberg),J. L. Heiberg,,,,,J. L. Heiberg
WOR055200,work,VÆRK-REGISTER,ANDRE FORFATTERE,Skuespil,(blank),Der arme Poet (August von Kotzebue),August von Kotzebue,,,,,August von Kotzebue
WOR055250,work,VÆRK-REGISTER,ANDRE FORFATTERE,Skuespil,(blank),"Der arme Teufel, oder Des Pastetenbäckers Robert Leben, Thaten und Höllenfahrt (August Meyer)",August Meyer,,,,,August Meyer
WOR055300,work,VÆRK-REGISTER,ANDRE FORFATTERE,Skuespil,(blank),Armod og Høimodighed (August von Kotzebue),August von Kotzebue,,,,,August von Kotzebue
WOR055350,work,VÆRK-REGISTER,ANDRE FORFATTERE,Skuespil,(blank),"Arthur of Zestien Jaren Later (Dupeuty, Fontan og Davrigny)","Dupeuty, Fontan, Davrigny",,,,,"Dupeuty, Fontan, Davrigny"
WOR055400,work,VÆRK-REGISTER,ANDRE FORFATTERE,Skuespil,(blank),Athalie (Jean Racine),Jean Racine,,,,,Jean Racine
WOR055450,work,VÆRK-REGISTER,ANDRE FORFATTERE,Skuespil,(blank),Attestats og Forlovelse (N. C. Bierring),N. C. Bierring,,,,,N. C. Bierring
WOR055500,work,VÆRK-REGISTER,ANDRE FORFATTERE,Skuespil,(blank),Der aufrichtigste Freund (E. Scribe og Mélesville),"E. Scribe, Mélesville",,,,,"E. Scribe, Mélesville"
WOR055550,work,VÆRK-REGISTER,ANDRE FORFATTERE,Skuespil,(blank),L'Avare (Molière),Molière,,,,,Molière
WOR055600,work,VÆRK-REGISTER,ANDRE FORFATTERE,Skuespil,(blank),Axel og Valborg (A. Oehlenschlæger),A. Oehlenschlæger,,,,,A. Oehlenschlæger
WOR055650,work,VÆRK-REGISTER,ANDRE FORFATTERE,Skuespil,(blank),Badet i Dieppe (E. Scribe),E. Scribe,,,,,E. Scribe
WOR055700,work,VÆRK-REGISTER,ANDRE FORFATTERE,Skuespil,(blank),Bagtalelsens Skole (Richard Brinsley Sheridan)- Se ogsaa: Die Lästerschule og School for Scandal,Richard Brinsley Sheridan,,,,,Richard Brinsley Sheridan
WOR055750,work,VÆRK-REGISTER,ANDRE FORFATTERE,Skuespil,(blank),Balders Død (Johs. Ewald),Johs. Ewald,,,,,Johs. Ewald
WOR055800,work,VÆRK-REGISTER,ANDRE FORFATTERE,Skuespil,(blank),Ball zur Ellerbrunn (Karl Blum),Karl Blum,,,,,Karl Blum
WOR055850,work,VÆRK-REGISTER,ANDRE FORFATTERE,Skuespil,(blank),Ballet i Olympen (Erik Bøgh),Erik Bøgh,,,,,Erik Bøgh
WOR055900,work,VÆRK-REGISTER,ANDRE FORFATTERE,Skuespil,(blank),"Il Bandocani (19.1.1834, Teatro Fiano, Rom)",,,,,,
WOR055950,work,VÆRK-REGISTER,ANDRE FORFATTERE,Skuespil,(blank),Barberen i Sevilla (Beaumarchais),Beaumarchais,,,,,Beaumarchais
WOR056000,work,VÆRK-REGISTER,ANDRE FORFATTERE,Skuespil,(blank),Barselstuen (L. Holberg),L. Holberg,,,,,L. Holberg
WOR056050,work,VÆRK-REGISTER,ANDRE FORFATTERE,Skuespil,(blank),Die beiden Billeu (Florian ved Anton Wall),Florian,,,,,Florian
WOR056100,work,VÆRK-REGISTER,ANDRE FORFATTERE,Skuespil,(blank),Das bemooste Haupt (R. Benedix),R. Benedix,,,,,R. Benedix
WOR056150,work,VÆRK-REGISTER,ANDRE FORFATTERE,Skuespil,(blank),Bertran de Born (E. von der Recke),E. von der Recke,,,,,E. von der Recke
WOR056200,work,VÆRK-REGISTER,ANDRE FORFATTERE,Skuespil,(blank),Bertrand l'horloger (Jules de Prémaray),Jules de Prémaray,,,,,Jules de Prémaray
WOR056250,work,VÆRK-REGISTER,ANDRE FORFATTERE,Skuespil,(blank),Der Besuch im Irrenhaus (Theodor Hell),Theodor Hell,,,,,Theodor Hell
WOR056300,work,VÆRK-REGISTER,ANDRE FORFATTERE,Skuespil,(blank),Besøget i Kjøbenhavn (H. Hertz),H. Hertz,,,,,H. Hertz
WOR056350,work,VÆRK-REGISTER,ANDRE FORFATTERE,Skuespil,(blank),"Le Billet de faveur (Laurencin, Cormon og Michel Delaporte)","Laurencin, Cormon, Michel Delaporte",,,,,"Laurencin, Cormon, Michel Delaporte"
WOR056400,work,VÆRK-REGISTER,ANDRE FORFATTERE,Skuespil,(blank),Blyspelen. Uit het Hoogduitsch vertaalt. Amsterdam 1747 (L. Holberg),L. Holberg,,,,,L. Holberg
WOR056450,work,VÆRK-REGISTER,ANDRE FORFATTERE,Skuespil,(blank),Den bogstavelige Udtydning (W. H. Brömel),W. H. Brömel,,,,,W. H. Brömel
WOR056500,work,VÆRK-REGISTER,ANDRE FORFATTERE,Skuespil,(blank),"Bonjour (1.8.1856, Hofteatret, Dresden)",,,,,,
WOR056550,work,VÆRK-REGISTER,ANDRE FORFATTERE,Skuespil,(blank),Bonton blandt Borgerstanden (Edmond John Eyre),Edmond John Eyre,,,,,Edmond John Eyre
WOR056600,work,VÆRK-REGISTER,ANDRE FORFATTERE,Skuespil,(blank),De borgerlige Stevnemøder (F. B. Hoffman),F. B. Hoffman,,,,,F. B. Hoffman
WOR056650,work,VÆRK-REGISTER,ANDRE FORFATTERE,Skuespil,(blank),Le Bossu (Paul Féval og Anicet Bourgeois),"Paul Féval, Anicet Bourgeois",,,,,"Paul Féval, Anicet Bourgeois"
WOR056700,work,VÆRK-REGISTER,ANDRE FORFATTERE,Skuespil,(blank),Le Bouchon de carafe (Dupin og Eugène Grangé),"Dupin, Eugène Grangé",,,,,"Dupin, Eugène Grangé"
WOR056750,work,VÆRK-REGISTER,ANDRE FORFATTERE,Skuespil,(blank),Brand (H. Ibsen),H. Ibsen,,,,,H. Ibsen
WOR056800,work,VÆRK-REGISTER,ANDRE FORFATTERE,Skuespil,(blank),Die Braut von Messina (Fr. von Schiller),Fr. von Schiller,,,,,Fr. von Schiller
WOR056850,work,VÆRK-REGISTER,ANDRE FORFATTERE,Skuespil,(blank),Brudgommen fra Mexico (H. Clauren),H. Clauren,,,,,H. Clauren
WOR056900,work,VÆRK-REGISTER,ANDRE FORFATTERE,Skuespil,(blank),Brunhild (Emanuel Geibel),Emanuel Geibel,,,,,Emanuel Geibel
WOR056950,work,VÆRK-REGISTER,ANDRE FORFATTERE,Skuespil,(blank),Die Brüder (P. Terentius),P. Terentius,,,,,P. Terentius
WOR057000,work,VÆRK-REGISTER,ANDRE FORFATTERE,Skuespil,(blank),Brylluppet paa Ulfsbjerg (Frans Hedberg)- Se ogsaa: Brölloppet på Ulfåsa,Frans Hedberg,,,,,Frans Hedberg
WOR057050,work,VÆRK-REGISTER,ANDRE FORFATTERE,Skuespil,(blank),En Bryllupsdags Fataliteter (Th. Overskou),Th. Overskou,,,,,Th. Overskou
WOR057100,work,VÆRK-REGISTER,ANDRE FORFATTERE,Skuespil,(blank),Brölloppet på Ulfåsa (Frans Hedberg)- Se ogsaa: Brylluppet paa Ulfsbjerg,Frans Hedberg,,,,,Frans Hedberg
WOR057150,work,VÆRK-REGISTER,ANDRE FORFATTERE,Skuespil,(blank),Les Burgraves (V. Hugo),V. Hugo,,,,,V. Hugo
WOR057200,work,VÆRK-REGISTER,ANDRE FORFATTERE,Skuespil,(blank),Les Buses-graves (D. Chs. Dupeuty og Ferd. Langlé),"D. Chs. Dupeuty, Ferd. Langlé",,,,,"D. Chs. Dupeuty, Ferd. Langlé"
WOR057250,work,VÆRK-REGISTER,ANDRE FORFATTERE,Skuespil,(blank),Bürger und Junker (Martin Schleich),Martin Schleich,,,,,Martin Schleich
WOR057300,work,VÆRK-REGISTER,ANDRE FORFATTERE,Skuespil,(blank),Bürgerlich und romantisch (Ed. von Bauernfeld),Ed. von Bauernfeld,,,,,Ed. von Bauernfeld
WOR057350,work,VÆRK-REGISTER,ANDRE FORFATTERE,Skuespil,(blank),"Byron i Venedig, England og Missolonghi (Byron in Venezia) (G. B. Cipro)",G. B. Cipro,,,,,G. B. Cipro
WOR057400,work,VÆRK-REGISTER,ANDRE FORFATTERE,Skuespil,(blank),"Caleb (A. Dartois og E. Planard, efter W. Scott)","A. Dartois, E. Planard",,,,,"A. Dartois, E. Planard"
WOR057450,work,VÆRK-REGISTER,ANDRE FORFATTERE,Skuespil,(blank),Caligula (Alexandre Dumas père),Alexandre Dumas père,,,,,Alexandre Dumas père
WOR057500,work,VÆRK-REGISTER,ANDRE FORFATTERE,Skuespil,(blank),Le Camerade de lit (Vanderburch og Ferd. Langé),"Vanderburch, Ferd. Langé",,,,,"Vanderburch, Ferd. Langé"
WOR057550,work,VÆRK-REGISTER,ANDRE FORFATTERE,Skuespil,(blank),Camma (G. Montanelli),G. Montanelli,,,,,G. Montanelli
WOR057600,work,VÆRK-REGISTER,ANDRE FORFATTERE,Skuespil,(blank),La Canaille (M. Dumersan og Ph. Fr. P. Dumanoir),"M. Dumersan, Ph. Fr. P. Dumanoir",,,,,"M. Dumersan, Ph. Fr. P. Dumanoir"
WOR057650,work,VÆRK-REGISTER,ANDRE FORFATTERE,Skuespil,(blank),Capital og Arbeide (Lokaliseret af G. Siesbye efter A. Weihrauchs »Die Maschinenbauer«),A. Weihrauch,,,,,A. Weihrauch
WOR057700,work,VÆRK-REGISTER,ANDRE FORFATTERE,Skuespil,(blank),En Caprice (Erik Bøgh),Erik Bøgh,,,,,Erik Bøgh
WOR057750,work,VÆRK-REGISTER,ANDRE FORFATTERE,Skuespil,(blank),En Caprice (Alfred de Musset),Alfred de Musset,,,,,Alfred de Musset
WOR057800,work,VÆRK-REGISTER,ANDRE FORFATTERE,Skuespil,(blank),Capriciosa (Th. Overskou og A. L. Arnesen),"Th. Overskou, A. L. Arnesen",,,,,"Th. Overskou, A. L. Arnesen"
WOR057850,work,VÆRK-REGISTER,ANDRE FORFATTERE,Skuespil,(blank),Les Caravanes de Mayeux (Ph. Fr. P. Dumanoir og Brisebarre),"Ph. Fr. P. Dumanoir, Brisebarre",,,,,"Ph. Fr. P. Dumanoir, Brisebarre"
WOR057900,work,VÆRK-REGISTER,ANDRE FORFATTERE,Skuespil,(blank),Cardillac (Antony-Léopold),Antony-Léopold,,,,,Antony-Léopold
WOR057950,work,VÆRK-REGISTER,ANDRE FORFATTERE,Skuespil,(blank),"Carl den Tolvte paa Hjemreisen (J. R. Planché, bearbejdet af Karl Töpfer)",J. R. Planché,,,,,J. R. Planché
WOR058000,work,VÆRK-REGISTER,ANDRE FORFATTERE,Skuespil,(blank),Caroline Mathilde (M. W. Brun),M. W. Brun,,,,,M. W. Brun
WOR058050,work,VÆRK-REGISTER,ANDRE FORFATTERE,Skuespil,(blank),"Cendrillon, ou la Pantoufle merveilleuse (Clairville, Albert Monnier og E. Blum)","Clairville, Albert Monnier, E. Blum",,,,,"Clairville, Albert Monnier, E. Blum"
WOR058100,work,VÆRK-REGISTER,ANDRE FORFATTERE,Skuespil,(blank),"C’est ma fille (18.7.1857, Variétés, Paris).",,,,,,
WOR058150,work,VÆRK-REGISTER,ANDRE FORFATTERE,Skuespil,(blank),César ou Le chien de château (E. Scribe og Varner),"E. Scribe, Varner",,,,,"E. Scribe, Varner"
WOR058200,work,VÆRK-REGISTER,ANDRE FORFATTERE,Skuespil,(blank),Le Chanson de l'aveugle (Junien),Junien,,,,,Junien
WOR058250,work,VÆRK-REGISTER,ANDRE FORFATTERE,Skuespil,(blank),Chansonnettes (A. Achard),A. Achard,,,,,A. Achard
WOR058300,work,VÆRK-REGISTER,ANDRE FORFATTERE,Skuespil,(blank),"Le petit Chaperon rouge (Marionet-Komedie, 22.4.1867, Paris)",,,,,,
WOR058350,work,VÆRK-REGISTER,ANDRE FORFATTERE,Skuespil,(blank),Charlotte Corday (Athalia Schwartz),Athalia Schwartz,,,,,Athalia Schwartz
WOR058400,work,VÆRK-REGISTER,ANDRE FORFATTERE,Skuespil,(blank),La Chasse du roi (Émile Fontaine),Emile Fontaine,,,,,Emile Fontaine
WOR058450,work,VÆRK-REGISTER,ANDRE FORFATTERE,Skuespil,(blank),Le Chevreuil (Léon H ... og Jaime),"Léon Halévy, Jaime",,,,,"Léon Halévy, Jaime"
WOR058500,work,VÆRK-REGISTER,ANDRE FORFATTERE,Skuespil,(blank),Christian den Fjerdes Dom (N. Søtoft),N. Søtoft,,,,,N. Søtoft
WOR058550,work,VÆRK-REGISTER,ANDRE FORFATTERE,Skuespil,(blank),Christoph und Renata (Karl Blum),Karl Blum,,,,,Karl Blum
WOR058600,work,VÆRK-REGISTER,ANDRE FORFATTERE,Skuespil,(blank),"Claudina (Marionetkomedie, 16.1. og 25.1.1841, Teatro Fiano, Rom)",,,,,,
WOR058650,work,VÆRK-REGISTER,ANDRE FORFATTERE,Skuespil,(blank),Le Clavier de Berthe (Barrière og Lorin),"Barrière, Lorin",,,,,"Barrière, Lorin"
WOR058700,work,VÆRK-REGISTER,ANDRE FORFATTERE,Skuespil,(blank),La Closerie des genêts (Fr. Soulié),Fr. Soulié,,,,,Fr. Soulié
WOR058750,work,VÆRK-REGISTER,ANDRE FORFATTERE,Skuespil,(blank),Cola di Rienzi (Rud. Kirner),Rud. Kirner,,,,,Rud. Kirner
WOR058800,work,VÆRK-REGISTER,ANDRE FORFATTERE,Skuespil,(blank),Coliche (N. P. Dupont og P. Roucher),"N. P. Dupont, P. Roucher",,,,,"N. P. Dupont, P. Roucher"
WOR058850,work,VÆRK-REGISTER,ANDRE FORFATTERE,Skuespil,(blank),En Colonels Giftermaal (La raison propose ou Un mariage diplomatique) (Paul Duport),Paul Duport,,,,,Paul Duport
WOR058900,work,VÆRK-REGISTER,ANDRE FORFATTERE,Skuespil,(blank),Les conférences chez Beaubicon (Clairville og E. Blum),"Clairville, E. Blum",,,,,"Clairville, E. Blum"
WOR058950,work,VÆRK-REGISTER,ANDRE FORFATTERE,Skuespil,(blank),Coriolan (W. Shakespeare),W. Shakespeare,,,,,W. Shakespeare
WOR059000,work,VÆRK-REGISTER,ANDRE FORFATTERE,Skuespil,(blank),Correggio (A. Oehlenschlæger),A. Oehlenschlæger,,,,,A. Oehlenschlæger
WOR059050,work,VÆRK-REGISTER,ANDRE FORFATTERE,Skuespil,(blank),"Crinoline den Store (efter Hippolyte Cogniards »La Reine Crinoline«, frit bearbejdet af Erik Bøgh)- Se ogsaa: Dronning Crinoline",Hippolyte Cogniard,,,,,Hippolyte Cogniard
WOR059100,work,VÆRK-REGISTER,ANDRE FORFATTERE,Skuespil,(blank),"El crisol de la lealtad (Ángel de Saavedra, Hertug af Rivas)",Ángel de Saavedra,,,,,Ángel de Saavedra
WOR059150,work,VÆRK-REGISTER,ANDRE FORFATTERE,Skuespil,(blank),Crispin rival de son maître (Lesage),Lesage,,,,,Lesage
WOR059200,work,VÆRK-REGISTER,ANDRE FORFATTERE,Skuespil,(blank),Cromwells Ende (Ernst Raupach),Ernst Raupach,,,,,Ernst Raupach
WOR059250,work,VÆRK-REGISTER,ANDRE FORFATTERE,Skuespil,(blank),En Cuurmethode (H. Hertz),H. Hertz,,,,,H. Hertz
WOR059300,work,VÆRK-REGISTER,ANDRE FORFATTERE,Skuespil,(blank),Cymbeline (W. Shakespeare),W. Shakespeare,,,,,W. Shakespeare
WOR059350,work,VÆRK-REGISTER,ANDRE FORFATTERE,Skuespil,(blank),La Dame aux camélias (Alexandre Dumas fils),Alexandre Dumas fils,,,,,Alexandre Dumas fils
WOR059400,work,VÆRK-REGISTER,ANDRE FORFATTERE,Skuespil,(blank),La Dame et la demoiselle (Empis og Mazères),Empis og Mazères,,,,,Empis og Mazères
WOR059450,work,VÆRK-REGISTER,ANDRE FORFATTERE,Skuespil,(blank),De Danske i Paris (J. L. Heiberg),J. L. Heiberg,,,,,J. L. Heiberg
WOR059500,work,VÆRK-REGISTER,ANDRE FORFATTERE,Skuespil,(blank),De har en Datter (H. P. Holst),H. P. Holst,,,,,H. P. Holst
WOR059550,work,VÆRK-REGISTER,ANDRE FORFATTERE,Skuespil,(blank),Debatten i Politivennen (H. Hertz),H. Hertz,,,,,H. Hertz
WOR059600,work,VÆRK-REGISTER,ANDRE FORFATTERE,Skuespil,(blank),Deborah (S. H. Mosenthal),S. H. Mosenthal,,,,,S. H. Mosenthal
WOR059650,work,VÆRK-REGISTER,ANDRE FORFATTERE,Skuespil,(blank),Declarationen (Chr. Richardt),Chr. Richardt,,,,,Chr. Richardt
WOR059700,work,VÆRK-REGISTER,ANDRE FORFATTERE,Skuespil,(blank),Den deiligste Qvinde (Michael Gjørup),Michael Gjørup,,,,,Michael Gjørup
WOR059750,work,VÆRK-REGISTER,ANDRE FORFATTERE,Skuespil,(blank),Les Demoiselles de St. Cyr (Alexandre Dumas père),Alexandre Dumas père,,,,,Alexandre Dumas père
WOR059800,work,VÆRK-REGISTER,ANDRE FORFATTERE,Skuespil,(blank),"El desengaño en un sueño (Ángel de Saavedra, Hertug af Rivas)",Ángel de Saavedra,,,,,Ángel de Saavedra
WOR059850,work,VÆRK-REGISTER,ANDRE FORFATTERE,Skuespil,(blank),Ein deutscher Krieger (Eduard von Bauernfeld),Eduard von Bauernfeld,,,,,Eduard von Bauernfeld
WOR059900,work,VÆRK-REGISTER,ANDRE FORFATTERE,Skuespil,(blank),Les Deux ânes (Mélesville og P. F. A. Carmouche),"Mélesville, P. F. A. Carmouche",,,,,"Mélesville, P. F. A. Carmouche"
WOR059950,work,VÆRK-REGISTER,ANDRE FORFATTERE,Skuespil,(blank),Dichter Piron (Jean-Nicolas Bouilly og Joseph Pain),"Jean-Nicolas Bouilly, Joseph Pain",,,,,"Jean-Nicolas Bouilly, Joseph Pain"
WOR060000,work,VÆRK-REGISTER,ANDRE FORFATTERE,Skuespil,(blank),Diderich Menschenskræk (L. Holberg),L. Holberg,,,,,L. Holberg
WOR060050,work,VÆRK-REGISTER,ANDRE FORFATTERE,Skuespil,(blank),Dieu vous bénisse (A. Ancelot og Paul Duport),"A. Ancelot, Paul Duport",,,,,"A. Ancelot, Paul Duport"
WOR060100,work,VÆRK-REGISTER,ANDRE FORFATTERE,Skuespil,(blank),Dina (A. Oehlenschlæger),A. Oehlenschlæger,,,,,A. Oehlenschlæger
WOR060150,work,VÆRK-REGISTER,ANDRE FORFATTERE,Skuespil,(blank),Dir wie mir (Otto Randolf),Otto Randolf,,,,,Otto Randolf
WOR060200,work,VÆRK-REGISTER,ANDRE FORFATTERE,Skuespil,(blank),Djævelens Memoirer (Etienne Arago og Paul Vermond)- Se ogsaa: Les Mémoires du Diable,"Etienne Arago, Paul Vermond",,,,,"Etienne Arago, Paul Vermond"
WOR060250,work,VÆRK-REGISTER,ANDRE FORFATTERE,Skuespil,(blank),Doctoren imod sin Villie (Molière),Molière,,,,,Molière
WOR060300,work,VÆRK-REGISTER,ANDRE FORFATTERE,Skuespil,(blank),Dominique (Viollet d'Epagny og H. Dupin),Viollet d'Epagny og H. Dupin,,,,,Viollet d'Epagny og H. Dupin
WOR060350,work,VÆRK-REGISTER,ANDRE FORFATTERE,Skuespil,(blank),"Don Álvaro ó la fuerza del Sino (Ángel de Saavedra, Hertug af Rivas)",Ángel de Saavedra,,,,,Ángel de Saavedra
WOR060400,work,VÆRK-REGISTER,ANDRE FORFATTERE,Skuespil,(blank),Don Carlos (Fr. von Schiller),Fr. von Schiller,,,,,Fr. von Schiller
WOR060450,work,VÆRK-REGISTER,ANDRE FORFATTERE,Skuespil,(blank),Don Juan (Molière),Molière,,,,,Molière
WOR060500,work,VÆRK-REGISTER,ANDRE FORFATTERE,Skuespil,(blank),Don Juan af Østerrig (Casimir Delavigne),Casimir Delavigne,,,,,Casimir Delavigne
WOR060550,work,VÆRK-REGISTER,ANDRE FORFATTERE,Skuespil,(blank),Donna Diana (Agustin Moreto),Agustin Moreto,,,,,Agustin Moreto
WOR060600,work,VÆRK-REGISTER,ANDRE FORFATTERE,Skuespil,(blank),Dorf und Stadt (Charlotte Birch-Pfeiffer),Charlotte Birch-Pfeiffer,,,,,Charlotte Birch-Pfeiffer
WOR060650,work,VÆRK-REGISTER,ANDRE FORFATTERE,Skuespil,(blank),"Dr. Robin (Jules Regnault de Prémary, bearb. af Wilh. Friedrich)",Jules Regnault de Prémary,,,,,Jules Regnault de Prémary
WOR060700,work,VÆRK-REGISTER,ANDRE FORFATTERE,Skuespil,(blank),Dramatisches Vergissmeinnicht (Theodor Hell),Theodor Hell,,,,,Theodor Hell
WOR060750,work,VÆRK-REGISTER,ANDRE FORFATTERE,Skuespil,(blank),Dramatiske Scener (Chr. Bredahl),Chr. Bredahl,,,,,Chr. Bredahl
WOR060800,work,VÆRK-REGISTER,ANDRE FORFATTERE,Skuespil,(blank),Dramatiske Værker (W. Shakespeare ved P. F. Wulff),W. Shakespeare,,,,,W. Shakespeare
WOR060850,work,VÆRK-REGISTER,ANDRE FORFATTERE,Skuespil,(blank),"Drei Tage aus dem Leben eines Spielers (Victor Ducange, bearb. af Louis Angely)",Victor Ducange,,,,,Victor Ducange
WOR060900,work,VÆRK-REGISTER,ANDRE FORFATTERE,Skuespil,(blank),Drivhuusplanter (efter Fr. Hedbergs »Blommor i drifbänk« ved H. P. Holst),Fr. Hedberg,,,,,Fr. Hedberg
WOR060950,work,VÆRK-REGISTER,ANDRE FORFATTERE,Skuespil,(blank),Dronning Crinoline (H. Cogniard ved Benjamin Feddersen)- Se ogsaa: Crinoline den Store,H. Cogniard,,,,,H. Cogniard
WOR061000,work,VÆRK-REGISTER,ANDRE FORFATTERE,Skuespil,(blank),Dronning Margareta (A. Oehlenschlæger),A. Oehlenschlæger,,,,,A. Oehlenschlæger
WOR061050,work,VÆRK-REGISTER,ANDRE FORFATTERE,Skuespil,(blank),Dronning Marguerites Noveller (Les Contes de la reine de Navarre) (Legouvé og Scribe)- Se ogsaa: Die Königin von Navarra.,"Legouvé, Scribe",,,,,"Legouvé, Scribe"
WOR061100,work,VÆRK-REGISTER,ANDRE FORFATTERE,Skuespil,(blank),Drøm og Virkelighed (anonymt),,,,,,
WOR061150,work,VÆRK-REGISTER,ANDRE FORFATTERE,Skuespil,(blank),"Due case in una casa (L. B. Picard, Wafflard og Fulgence)","L. B. Picard, Wafflard, Fulgence",,,,,"L. B. Picard, Wafflard, Fulgence"
WOR061200,work,VÆRK-REGISTER,ANDRE FORFATTERE,Skuespil,(blank),Dyveke (O. J. Samsøe),O. J. Samsøe,,,,,O. J. Samsøe
WOR061250,work,VÆRK-REGISTER,ANDRE FORFATTERE,Skuespil,(blank),Der Eckensteher Nante im Verhör (Friedr. Beckmann),Friedr. Beckmann,,,,,Friedr. Beckmann
WOR061300,work,VÆRK-REGISTER,ANDRE FORFATTERE,Skuespil,(blank),L'École des bourgeois (d'Allainval),d'Allainval,,,,,d'Allainval
WOR061350,work,VÆRK-REGISTER,ANDRE FORFATTERE,Skuespil,(blank),En Eftermiddag paa Heden (H. H. Nyegaard),H. H. Nyegaard,,,,,H. H. Nyegaard
WOR061400,work,VÆRK-REGISTER,ANDRE FORFATTERE,Skuespil,(blank),Les Égarements d'une canne et d'un parapluie (Duvert og Lauzanne),"Duvert, Lauzanne",,,,,"Duvert, Lauzanne"
WOR061450,work,VÆRK-REGISTER,ANDRE FORFATTERE,Skuespil,(blank),Egmont (J. W. von Goethe),J. W. von Goethe,,,,,J. W. von Goethe
WOR061500,work,VÆRK-REGISTER,ANDRE FORFATTERE,Skuespil,(blank),Eh! allez donc Turlurette (Cogniard og Clairville),"Cogniard, Clairville",,,,,"Cogniard, Clairville"
WOR061550,work,VÆRK-REGISTER,ANDRE FORFATTERE,Skuespil,(blank),Einer von ünsere Leut' (O. F. Berg),O. F. Berg,,,,,O. F. Berg
WOR061600,work,VÆRK-REGISTER,ANDRE FORFATTERE,Skuespil,(blank),Elisabetta regina d'Inghilterra (Paolo Giacometti),Paolo Giacometti,,,,,Paolo Giacometti
WOR061650,work,VÆRK-REGISTER,ANDRE FORFATTERE,Skuespil,(blank),Den ellefte Juni (L. Holberg),L. Holberg,,,,,L. Holberg
WOR061700,work,VÆRK-REGISTER,ANDRE FORFATTERE,Skuespil,(blank),Elverhøi (J. L. Heiberg),J. L. Heiberg,,,,,J. L. Heiberg
WOR061750,work,VÆRK-REGISTER,ANDRE FORFATTERE,Skuespil,(blank),Embedsiver eller Herr og Fru Møller (J. F. A. Bayard),J. F. A. Bayard,,,,,J. F. A. Bayard
WOR061800,work,VÆRK-REGISTER,ANDRE FORFATTERE,Skuespil,(blank),"Emigrantens Reisevogn (Mélesville, Hestienne og d'Aubigny)","Mélesville, Hestienne, d'Aubigny",,,,,"Mélesville, Hestienne, d'Aubigny"
WOR061850,work,VÆRK-REGISTER,ANDRE FORFATTERE,Skuespil,(blank),Emilie Galotti (G. E. Lessing),G. E. Lessing,,,,,G. E. Lessing
WOR061900,work,VÆRK-REGISTER,ANDRE FORFATTERE,Skuespil,(blank),Emilies Hjertebanken (J. L. Heiberg),J. L. Heiberg,,,,,J. L. Heiberg
WOR061950,work,VÆRK-REGISTER,ANDRE FORFATTERE,Skuespil,(blank),Endlich bat er es doch gutgemaht (Albin von Meddlhammer),Albin von Meddlhammer,,,,,Albin von Meddlhammer
WOR062000,work,VÆRK-REGISTER,ANDRE FORFATTERE,Skuespil,(blank),Den eneste Feil (H. Hertz),H. Hertz,,,,,H. Hertz
WOR062050,work,VÆRK-REGISTER,ANDRE FORFATTERE,Skuespil,(blank),Les Enfants d'Edouard (C. Delavigne),C. Delavigne,,,,,C. Delavigne
WOR062100,work,VÆRK-REGISTER,ANDRE FORFATTERE,Skuespil,(blank),Et enfoldigt Pigebarn (Erik Bøgh),Erik Bøgh,,,,,Erik Bøgh
WOR062150,work,VÆRK-REGISTER,ANDRE FORFATTERE,Skuespil,(blank),Enken (L. Kruse),L. Kruse,,,,,L. Kruse
WOR062200,work,VÆRK-REGISTER,ANDRE FORFATTERE,Skuespil,(blank),En Episode (Chr. Juul),Chr. Juul,,,,,Chr. Juul
WOR062250,work,VÆRK-REGISTER,ANDRE FORFATTERE,Skuespil,(blank),Er ist nieht eifersüchtig (Alexander Elz),Alexander Elz,,,,,Alexander Elz
WOR062300,work,VÆRK-REGISTER,ANDRE FORFATTERE,Skuespil,(blank),Er mengt sich in Alles (J.F. Jünger efter Susanna Centlive),J.F. Jünger,,,,,J.F. Jünger
WOR062350,work,VÆRK-REGISTER,ANDRE FORFATTERE,Skuespil,(blank),Erasmus Montanus (L. Holberg),L. Holberg,,,,,L. Holberg
WOR062400,work,VÆRK-REGISTER,ANDRE FORFATTERE,Skuespil,(blank),Erik og Abel (A. Oehlenschlæger),A. Oehlenschlæger,,,,,A. Oehlenschlæger
WOR062450,work,VÆRK-REGISTER,ANDRE FORFATTERE,Skuespil,(blank),Der Erntekranz (Franz von Dingelstedt),Franz von Dingelstedt,,,,,Franz von Dingelstedt
WOR062500,work,VÆRK-REGISTER,ANDRE FORFATTERE,Skuespil,(blank),"Erziehungs-Resultate (Alexis Decomberousse, bearb. af Karl Blum)",Alexis Decomberousse,,,,,Alexis Decomberousse
WOR062550,work,VÆRK-REGISTER,ANDRE FORFATTERE,Skuespil,(blank),Esmeralda (Erik Bøgh efter V. Hugos Roman),Erik Bøgh,,,,,Erik Bøgh
WOR062600,work,VÆRK-REGISTER,ANDRE FORFATTERE,Skuespil,(blank),Eulenspiegel oder Schabenack über Schabernack (J. N. Nestroy),J. N. Nestroy,,,,,J. N. Nestroy
WOR062650,work,VÆRK-REGISTER,ANDRE FORFATTERE,Skuespil,(blank),"Europæerne i Amerika (Marionetkomedie, 3.2.1841, Teatro Fiano, Rom)",,,,,,
WOR062700,work,VÆRK-REGISTER,ANDRE FORFATTERE,Skuespil,(blank),"Et Eventyr i Dyrehaven, eller: Cassanders opdagede Trædskhed (H. Hertz)",H. Hertz,,,,,H. Hertz
WOR062750,work,VÆRK-REGISTER,ANDRE FORFATTERE,Skuespil,(blank),Et Eventyr i Rosenborg Have (J. L. Heiberg),J. L. Heiberg,,,,,J. L. Heiberg
WOR062800,work,VÆRK-REGISTER,ANDRE FORFATTERE,Skuespil,(blank),Eventyr paa Fodreisen (C. Hostrup),C. Hostrup,,,,,C. Hostrup
WOR062850,work,VÆRK-REGISTER,ANDRE FORFATTERE,Skuespil,(blank),Der ewige Jude (Nach dem Roman des Eugen Sue für die deutsche Bühne bearbeitet von Carlschmidt),Eugen Sue,,,,,Eugen Sue
WOR062900,work,VÆRK-REGISTER,ANDRE FORFATTERE,Skuespil,(blank),Examensfeber (Edvard Bäckström),Edvard Bäckström,,,,,Edvard Bäckström
WOR062950,work,VÆRK-REGISTER,ANDRE FORFATTERE,Skuespil,(blank),Fabrikanten (Émil Souvestre),Émil Souvestre,,,,,Émil Souvestre
WOR063000,work,VÆRK-REGISTER,ANDRE FORFATTERE,Skuespil,(blank),En Fallit (Bj. Bjørnson),Bj. Bjørnson,,,,,Bj. Bjørnson
WOR063050,work,VÆRK-REGISTER,ANDRE FORFATTERE,Skuespil,(blank),Un fallo (Et Feiltrin) (E. Scribe),E. Scribe,,,,,E. Scribe
WOR063100,work,VÆRK-REGISTER,ANDRE FORFATTERE,Skuespil,(blank),En Familie paa Moden (efter V. Sardou af Erik Bøgh),Erik Bøgh,,,,,Erik Bøgh
WOR063150,work,VÆRK-REGISTER,ANDRE FORFATTERE,Skuespil,(blank),Familien Riquebourg (E. Scribe),E. Scribe,,,,,E. Scribe
WOR063200,work,VÆRK-REGISTER,ANDRE FORFATTERE,Skuespil,(blank),Fandens Overmand (Th. Overskou),Th. Overskou,,,,,Th. Overskou
WOR063250,work,VÆRK-REGISTER,ANDRE FORFATTERE,Skuespil,(blank),Fanget (Johs. Helms),Johs. Helms,,,,,Johs. Helms
WOR063300,work,VÆRK-REGISTER,ANDRE FORFATTERE,Skuespil,(blank),"Far male per far male (31.5.1846, Teatro Fiorentini, Napoli)",,,,,,
WOR063350,work,VÆRK-REGISTER,ANDRE FORFATTERE,Skuespil,(blank),Farbror (H. P. Holst),H. P. Holst,,,,,H. P. Holst
WOR063400,work,VÆRK-REGISTER,ANDRE FORFATTERE,Skuespil,(blank),"Farinelli (de Forges, St.-Georges og Leuven)","de Forges, St.-Georges, Leuven",,,,,"de Forges, St.-Georges, Leuven"
WOR063450,work,VÆRK-REGISTER,ANDRE FORFATTERE,Skuespil,(blank),De Fattiges Dyrehave (H. Hertz),H. Hertz,,,,,H. Hertz
WOR063500,work,VÆRK-REGISTER,ANDRE FORFATTERE,Skuespil,(blank),"Faust, Marionetspil",,,,,,
WOR063550,work,VÆRK-REGISTER,ANDRE FORFATTERE,Skuespil,(blank),Faust I (J. W. von Goethe),J. W. von Goethe,,,,,J. W. von Goethe
WOR063600,work,VÆRK-REGISTER,ANDRE FORFATTERE,Skuespil,(blank),Faust II (J. W. von Goethe),J. W. von Goethe,,,,,J. W. von Goethe
WOR063650,work,VÆRK-REGISTER,ANDRE FORFATTERE,Skuespil,(blank),Faust (Nicolaus Lenau),Nicolaus Lenau,,,,,Nicolaus Lenau
WOR063700,work,VÆRK-REGISTER,ANDRE FORFATTERE,Skuespil,(blank),Der Fechter von Ravenna (Fr. Halm),Fr. Halm,,,,,Fr. Halm
WOR063750,work,VÆRK-REGISTER,ANDRE FORFATTERE,Skuespil,(blank),Feiltagelserne (Oliver Goldsmith),Oliver Goldsmith,,,,,Oliver Goldsmith
WOR063800,work,VÆRK-REGISTER,ANDRE FORFATTERE,Skuespil,(blank),500000 Djævle,,,,,,
WOR063850,work,VÆRK-REGISTER,ANDRE FORFATTERE,Skuespil,(blank),Fiesco (Fr. von Schiller),Fr. von Schiller,,,,,Fr. von Schiller
WOR063900,work,VÆRK-REGISTER,ANDRE FORFATTERE,Skuespil,(blank),Le Fils de Giboyer (E. Augier),E. Augier,,,,,E. Augier
WOR063950,work,VÆRK-REGISTER,ANDRE FORFATTERE,Skuespil,(blank),"La finta strega (efter W. Scott: »Guy Mannering«, 12.6.1846, Teatro Fiorentini, Napoli)",W. Scott,,,,,W. Scott
WOR064000,work,VÆRK-REGISTER,ANDRE FORFATTERE,Skuespil,(blank),Fiskeren (A. Oehlenschlæger),A. Oehlenschlæger,,,,,A. Oehlenschlæger
WOR064050,work,VÆRK-REGISTER,ANDRE FORFATTERE,Skuespil,(blank),En fix Idé (William Bloch og Nicolaj Bøgh),"William Bloch, Nicolaj Bøgh",,,,,"William Bloch, Nicolaj Bøgh"
WOR064100,work,VÆRK-REGISTER,ANDRE FORFATTERE,Skuespil,(blank),Fjeldsøen (A. Munch),A. Munch,,,,,A. Munch
WOR064150,work,VÆRK-REGISTER,ANDRE FORFATTERE,Skuespil,(blank),En flot Herre (Clairville og Victor Bernard),"Clairville, Victor Bernard",,,,,"Clairville, Victor Bernard"
WOR064200,work,VÆRK-REGISTER,ANDRE FORFATTERE,Skuespil,(blank),"Foliquet, coiffeur des dames (Paul Duport og Laurencin)","Paul Duport, Laurencin",,,,,"Paul Duport, Laurencin"
WOR064250,work,VÆRK-REGISTER,ANDRE FORFATTERE,Skuespil,(blank),For Alvor (Paul Chievitz og Adolph Recke),"Paul Chievitz, Adolph Recke",,,,,"Paul Chievitz, Adolph Recke"
WOR064300,work,VÆRK-REGISTER,ANDRE FORFATTERE,Skuespil,(blank),For Bentsens Skyld (efter Tom Taylors »To oblige Benson«),Tom Taylor,,,,,Tom Taylor
WOR064350,work,VÆRK-REGISTER,ANDRE FORFATTERE,Skuespil,(blank),De Forlovede (Carl Møller),Carl Møller,,,,,Carl Møller
WOR064400,work,VÆRK-REGISTER,ANDRE FORFATTERE,Skuespil,(blank),En fornem Dames Søn (efter det franske ved J. Davidsen og Th. Overskou),"J. Davidsen, Th. Overskou",,,,,"J. Davidsen, Th. Overskou"
WOR064450,work,VÆRK-REGISTER,ANDRE FORFATTERE,Skuespil,(blank),"Forseent (N.N., Odense)",,,,,,
WOR064500,work,VÆRK-REGISTER,ANDRE FORFATTERE,Skuespil,(blank),Et Forspil (C. Hostrup),C. Hostrup,,,,,C. Hostrup
WOR064550,work,VÆRK-REGISTER,ANDRE FORFATTERE,Skuespil,(blank),Fortabt (Carit Etlar),Carit Etlar,,,,,Carit Etlar
WOR064600,work,VÆRK-REGISTER,ANDRE FORFATTERE,Skuespil,(blank),En Fortid (A. Thornam),A. Thornam,,,,,A. Thornam
WOR064650,work,VÆRK-REGISTER,ANDRE FORFATTERE,Skuespil,(blank),Fra det daglige Liv (Albert Hansen),Albert Hansen,,,,,Albert Hansen
WOR064700,work,VÆRK-REGISTER,ANDRE FORFATTERE,Skuespil,(blank),Le François à Londres (Boissy),Boissy,,,,,Boissy
WOR064750,work,VÆRK-REGISTER,ANDRE FORFATTERE,Skuespil,(blank),Freien nach Vorschrift (Karl Töpfer),Karl Töpfer,,,,,Karl Töpfer
WOR064800,work,VÆRK-REGISTER,ANDRE FORFATTERE,Skuespil,(blank),Die Fremde (Johanna Franul Von Weissenthurn),Johanna Franul Von Weissenthurn,,,,,Johanna Franul Von Weissenthurn
WOR064850,work,VÆRK-REGISTER,ANDRE FORFATTERE,Skuespil,(blank),Freuden und Leiden eines Kranken (Franz von Kurländer),Franz von Kurländer,,,,,Franz von Kurländer
WOR064900,work,VÆRK-REGISTER,ANDRE FORFATTERE,Skuespil,(blank),Freyas Altar (A. Oehlenschlæger),A. Oehlenschlæger,,,,,A. Oehlenschlæger
WOR064950,work,VÆRK-REGISTER,ANDRE FORFATTERE,Skuespil,(blank),Friedrich Schiller (Ludv. Eckardt),Ludv. Eckardt,,,,,Ludv. Eckardt
WOR065000,work,VÆRK-REGISTER,ANDRE FORFATTERE,Skuespil,(blank),Frieriet paa Helgoland (efter L. Schneider ved Benjamin Feddersen),L. Schneider,,,,,L. Schneider
WOR065050,work,VÆRK-REGISTER,ANDRE FORFATTERE,Skuespil,(blank),Froufrou (Meilhac og Halévy),"Meilhac, Halévy",,,,,"Meilhac, Halévy"
WOR065100,work,VÆRK-REGISTER,ANDRE FORFATTERE,Skuespil,(blank),The Frozen Deep (Wilkie Collins),Wilkie Collins,,,,,Wilkie Collins
WOR065150,work,VÆRK-REGISTER,ANDRE FORFATTERE,Skuespil,(blank),Fruentimmerskolen (Molière),Molière,,,,,Molière
WOR065200,work,VÆRK-REGISTER,ANDRE FORFATTERE,Skuespil,(blank),Fröhlich (Louis Schneider),Louis Schneider,,,,,Louis Schneider
WOR065250,work,VÆRK-REGISTER,ANDRE FORFATTERE,Skuespil,(blank),Den første Kjærlighed (E. Scribe),E. Scribe,,,,,E. Scribe
WOR065300,work,VÆRK-REGISTER,ANDRE FORFATTERE,Skuespil,(blank),Det første Regiment (H. P. Holst),H. P. Holst,,,,,H. P. Holst
WOR065350,work,VÆRK-REGISTER,ANDRE FORFATTERE,Skuespil,(blank),Gabrielle de Belle-lsle (Alexandre Dumas père),Alexandre Dumas père,,,,,Alexandre Dumas père
WOR065400,work,VÆRK-REGISTER,ANDRE FORFATTERE,Skuespil,(blank),"Les Gardes du roi de Siam (Cormon, Grangé og Delacour)","Cormon, Grangé, Delacour",,,,,"Cormon, Grangé, Delacour"
WOR065450,work,VÆRK-REGISTER,ANDRE FORFATTERE,Skuespil,(blank),Garrick i Bristol (J. L. Deinhardstein),J. L. Deinhardstein,,,,,J. L. Deinhardstein
WOR065500,work,VÆRK-REGISTER,ANDRE FORFATTERE,Skuespil,(blank),Gaston van Frankrijk (Arnould og Fournier),Arnould og Fournier,,,,,Arnould og Fournier
WOR065550,work,VÆRK-REGISTER,ANDRE FORFATTERE,Skuespil,(blank),Die Gefangenen der Czarin (J. F. A. Bayard),J. F. A. Bayard,,,,,J. F. A. Bayard
WOR065600,work,VÆRK-REGISTER,ANDRE FORFATTERE,Skuespil,(blank),Die gefährliche Tante (Albini Ͻ: Albin von Meddlhammer),Albin von Meddlhammer,,,,,Albin von Meddlhammer
WOR065650,work,VÆRK-REGISTER,ANDRE FORFATTERE,Skuespil,(blank),Das Gefängnis (Roderich Benedix),Roderich Benedix,,,,,Roderich Benedix
WOR065700,work,VÆRK-REGISTER,ANDRE FORFATTERE,Skuespil,(blank),Der geheime Agent (F. W. Hackländer),F. W. Hackländer,,,,,F. W. Hackländer
WOR065750,work,VÆRK-REGISTER,ANDRE FORFATTERE,Skuespil,(blank),Georges et Thérese (Louis Auvray),Louis Auvray,,,,,Louis Auvray
WOR065800,work,VÆRK-REGISTER,ANDRE FORFATTERE,Skuespil,(blank),Das Gespenst auf der Bastei (Karl Meisl),Karl Meisl,,,,,Karl Meisl
WOR065850,work,VÆRK-REGISTER,ANDRE FORFATTERE,Skuespil,(blank),Der gestiefelte Kater (L. Tieck),L. Tieck,,,,,L. Tieck
WOR065900,work,VÆRK-REGISTER,ANDRE FORFATTERE,Skuespil,(blank),Gienfærdet paa Herlufsholm (A. Oehlenschlæger),A. Oehlenschlæger,,,,,A. Oehlenschlæger
WOR065950,work,VÆRK-REGISTER,ANDRE FORFATTERE,Skuespil,(blank),"Et Giftermaal ved Trommen (Le Mariage au tarobour) (Efter de Leuven, Brunswick og Alexandre Dumas ved Peter Faber)- Se ogsaa: Le Mariage au tambour","de Leuven, Brunswick, Alexandre Dumas",,,,,"de Leuven, Brunswick, Alexandre Dumas"
WOR066000,work,VÆRK-REGISTER,ANDRE FORFATTERE,Skuespil,(blank),Gioacchino (H. P. Holst),H. P. Holst,,,,,H. P. Holst
WOR066050,work,VÆRK-REGISTER,ANDRE FORFATTERE,Skuespil,(blank),Gienboerne (C. Hostrup),C. Hostrup,,,,,C. Hostrup
WOR066100,work,VÆRK-REGISTER,ANDRE FORFATTERE,Skuespil,(blank),Gjennem Skjærsilden (efter Octave Feuillets »Dalila«),Octave Feuillet,,,,,Octave Feuillet
WOR066150,work,VÆRK-REGISTER,ANDRE FORFATTERE,Skuespil,(blank),Gjøngehøvdingen (M. W. Brun),M. W. Brun,,,,,M. W. Brun
WOR066200,work,VÆRK-REGISTER,ANDRE FORFATTERE,Skuespil,(blank),Et GlasVand (E. Scribe)- Se ogsaa: Une Verre d'eau,E. Scribe,,,,,E. Scribe
WOR066250,work,VÆRK-REGISTER,ANDRE FORFATTERE,Skuespil,(blank),Ein glücklicher Familienvater (Karl August Görner),Karl August Görner,,,,,Karl August Görner
WOR066300,work,VÆRK-REGISTER,ANDRE FORFATTERE,Skuespil,(blank),Das goldene Lamm (J. Sonnleithner),J. Sonnleithner,,,,,J. Sonnleithner
WOR066350,work,VÆRK-REGISTER,ANDRE FORFATTERE,Skuespil,(blank),Das goldene Vliess (Fr. Grillpazer),Fr. Grillparzer,,,,,Fr. Grillparzer
WOR066400,work,VÆRK-REGISTER,ANDRE FORFATTERE,Skuespil,(blank),Der Goldschmied von Ulm (S. H. Mosenthal),S. H. Mosenthal,,,,,S. H. Mosenthal
WOR066450,work,VÆRK-REGISTER,ANDRE FORFATTERE,Skuespil,(blank),Graf Essex (Heinrich Laube),Heinrich Laube,,,,,Heinrich Laube
WOR066500,work,VÆRK-REGISTER,ANDRE FORFATTERE,Skuespil,(blank),Grev Essex (J. C. Lange),J. C. Lange,,,,,J. C. Lange
WOR066550,work,VÆRK-REGISTER,ANDRE FORFATTERE,Skuespil,(blank),Die Grille (Charlotte Birch-Pfeiffer efter George Sand: La petite Fadette)- Se ogsaa: En lille Heks,Charlotte Birch-Pfeiffer,,,,,Charlotte Birch-Pfeiffer
WOR066600,work,VÆRK-REGISTER,ANDRE FORFATTERE,Skuespil,(blank),Gringoire (Th. Bainville),Th. Bainville,,,,,Th. Bainville
WOR066650,work,VÆRK-REGISTER,ANDRE FORFATTERE,Skuespil,(blank),Griseldis (Fr. Halm),Fr. Halm,,,,,Fr. Halm
WOR066700,work,VÆRK-REGISTER,ANDRE FORFATTERE,Skuespil,(blank),Grisen (Labiche og Delacour),"Labiche, Delacour",,,,,"Labiche, Delacour"
WOR066750,work,VÆRK-REGISTER,ANDRE FORFATTERE,Skuespil,(blank),Grøns Fødselsdag (Clara Andersen),Clara Andersen,,,,,Clara Andersen
WOR066800,work,VÆRK-REGISTER,ANDRE FORFATTERE,Skuespil,(blank),Die Günstlinge (Charlotte Birch-Pfeiffer),Charlotte Birch-Pfeiffer,,,,,Charlotte Birch-Pfeiffer
WOR066850,work,VÆRK-REGISTER,ANDRE FORFATTERE,Skuespil,(blank),Götz von Berlichingen (J. W. von Goethe),J. W. von Goethe,,,,,J. W. von Goethe
WOR066900,work,VÆRK-REGISTER,ANDRE FORFATTERE,Skuespil,(blank),Hagbarth og Signe (A. Oehlenschlæger),A. Oehlenschlæger,,,,,A. Oehlenschlæger
WOR066950,work,VÆRK-REGISTER,ANDRE FORFATTERE,Skuespil,(blank),Hakon Jarl (A. Oehlenschlæger),A. Oehlenschlæger,,,,,A. Oehlenschlæger
WOR067000,work,VÆRK-REGISTER,ANDRE FORFATTERE,Skuespil,(blank),Hamlet (W. Shakespeare),W. Shakespeare,,,,,W. Shakespeare
WOR067050,work,VÆRK-REGISTER,ANDRE FORFATTERE,Skuespil,(blank),Han gaaer paa Kommers (J. N. Nestroy),J. N. Nestroy,,,,,J. N. Nestroy
WOR067100,work,VÆRK-REGISTER,ANDRE FORFATTERE,Skuespil,(blank),Hans Jürge (Karl von Holtei),Karl von Holtei,,,,,Karl von Holtei
WOR067150,work,VÆRK-REGISTER,ANDRE FORFATTERE,Skuespil,(blank),Hans Sachs (J. L. Deinhardstein),J. L. Deinhardstein,,,,,J. L. Deinhardstein
WOR067200,work,VÆRK-REGISTER,ANDRE FORFATTERE,Skuespil,(blank),Das Haus det Temperamente (J. N. Nestroy),J. N. Nestroy,,,,,J. N. Nestroy
WOR067250,work,VÆRK-REGISTER,ANDRE FORFATTERE,Skuespil,(blank),"Der Hausmeister in tausenden Aengsten (24.8.1857, Hofteatret, Dresden)",,,,,,
WOR067300,work,VÆRK-REGISTER,ANDRE FORFATTERE,Skuespil,(blank),"Helene oder die Körbe (27.11.1840, München)",,,,,,
WOR067350,work,VÆRK-REGISTER,ANDRE FORFATTERE,Skuespil,(blank),Det hemmelige Politi (J. P. Svendsen),J. P. Svendsen,,,,,J. P. Svendsen
WOR067400,work,VÆRK-REGISTER,ANDRE FORFATTERE,Skuespil,(blank),En Hemmelighed (Ida Nielsen),Ida Nielsen,,,,,Ida Nielsen
WOR067450,work,VÆRK-REGISTER,ANDRE FORFATTERE,Skuespil,(blank),Henrich og Pernille (L. Holberg),L. Holberg,,,,,L. Holberg
WOR067500,work,VÆRK-REGISTER,ANDRE FORFATTERE,Skuespil,(blank),Henrik af Navarra (C. Hauch),C. Hauch,,,,,C. Hauch
WOR067550,work,VÆRK-REGISTER,ANDRE FORFATTERE,Skuespil,(blank),"Henrik den Fjerde, 1ste Deel (W. Shakespeare)",W. Shakespeare,,,,,W. Shakespeare
WOR067600,work,VÆRK-REGISTER,ANDRE FORFATTERE,Skuespil,(blank),"Henrik den Fjerde, 2den Deel (W. Shakespeare)",W. Shakespeare,,,,,W. Shakespeare
WOR067650,work,VÆRK-REGISTER,ANDRE FORFATTERE,Skuespil,(blank),Herman von Unna (A. F. Skjöldebrand),A. F. Skjöldebrand,,,,,A. F. Skjöldebrand
WOR067700,work,VÆRK-REGISTER,ANDRE FORFATTERE,Skuespil,(blank),Hermance (Virginie Ancelot),Virginie Ancelot,,,,,Virginie Ancelot
WOR067750,work,VÆRK-REGISTER,ANDRE FORFATTERE,Skuespil,(blank),Herodias (Silvio Pellico),Silvio Pellico,,,,,Silvio Pellico
WOR067800,work,VÆRK-REGISTER,ANDRE FORFATTERE,Skuespil,(blank),"Hinter dem häuslichen Herd (25.10. 1860, Hofteatret, Dresden)",,,,,,
WOR067850,work,VÆRK-REGISTER,ANDRE FORFATTERE,Skuespil,(blank),Hr. Grylle og hans nyeste Viser (Erik Bøgh),Erik Bøgh,,,,,Erik Bøgh
WOR067900,work,VÆRK-REGISTER,ANDRE FORFATTERE,Skuespil,(blank),Hr. Lauge med den tunge Haand (Carit Etlar),Carit Etlar,,,,,Carit Etlar
WOR067950,work,VÆRK-REGISTER,ANDRE FORFATTERE,Skuespil,(blank),Hr. Malesherbes Roser (A. von Kotzebue),A. von Kotzebue,,,,,A. von Kotzebue
WOR068000,work,VÆRK-REGISTER,ANDRE FORFATTERE,Skuespil,(blank),Hr. Sørensen morer sig (efter Salingrés »Pech-Schulze« af Harald Jensen),Salingré,,,,,Salingré
WOR068050,work,VÆRK-REGISTER,ANDRE FORFATTERE,Skuespil,(blank),Hr. Sørensen paa Eventyr (Carl Ploug),Carl Ploug,,,,,Carl Ploug
WOR068100,work,VÆRK-REGISTER,ANDRE FORFATTERE,Skuespil,(blank),Hr. Volmer i Sorø (William Bloch og Nicolaj Bøgh),"William Bloch, Nicolaj Bøgh",,,,,"William Bloch, Nicolaj Bøgh"
WOR068150,work,VÆRK-REGISTER,ANDRE FORFATTERE,Skuespil,(blank),"En Herre og en Dame (Xavier, Duvert og Lauzanne)","Xavier, Duvert, Lauzanne",,,,,"Xavier, Duvert, Lauzanne"
WOR068200,work,VÆRK-REGISTER,ANDRE FORFATTERE,Skuespil,(blank),Et Herreselskab (H. Hertz),H. Hertz,,,,,H. Hertz
WOR068250,work,VÆRK-REGISTER,ANDRE FORFATTERE,Skuespil,(blank),"Hertug Concretus og hans Datter (Hans Sachs, frit oversat af Erik Bøgh)",Hans Sachs,,,,,Hans Sachs
WOR068300,work,VÆRK-REGISTER,ANDRE FORFATTERE,Skuespil,(blank),Hexerie eller Blind Alarm (L. Holberg),L. Holberg,,,,,L. Holberg
WOR068350,work,VÆRK-REGISTER,ANDRE FORFATTERE,Skuespil,(blank),"Huismiddel tegen schoonmoeders (Rezept gegen Schwiegermütter) (efter det Spanske af Kong Ludwig I af Bayern, oversat af J. Both J. Jzn.)",Kong Ludwig I af Bayern,,,,,Kong Ludwig I af Bayern
WOR068400,work,VÆRK-REGISTER,ANDRE FORFATTERE,Skuespil,(blank),Huldrebakken (Erik Bøgh),Erik Bøgh,,,,,Erik Bøgh
WOR068450,work,VÆRK-REGISTER,ANDRE FORFATTERE,Skuespil,(blank),Hun skal debutere! (Bayard og Théaulon ved Erik Bøgh),"Bayard, Théaulon",,,,,"Bayard, Théaulon"
WOR068500,work,VÆRK-REGISTER,ANDRE FORFATTERE,Skuespil,(blank),"Les Hures graves (Ph. Fr. P. Dumanoir, Paul Siraudin og Louis Clairville)","Ph. Fr. P. Dumanoir, Paul Siraudin, Louis Clairville",,,,,"Ph. Fr. P. Dumanoir, Paul Siraudin, Louis Clairville"
WOR068550,work,VÆRK-REGISTER,ANDRE FORFATTERE,Skuespil,(blank),Hussiterne eller Naumburgs Beleiring (A. von Kotzebue),A. von Kotzebue,,,,,A. von Kotzebue
WOR068600,work,VÆRK-REGISTER,ANDRE FORFATTERE,Skuespil,(blank),"Ein Hut (Le Chapeau d'un horloger) (Delphine Girardin, bearb. af Moritz Grandjean)",Delphine de Girardin,,,,,Delphine de Girardin
WOR068650,work,VÆRK-REGISTER,ANDRE FORFATTERE,Skuespil,(blank),De hvide Roser (William Bloch og Nicolai Bøgh),"William Bloch, Nicolai Bøgh",,,,,"William Bloch, Nicolai Bøgh"
WOR068700,work,VÆRK-REGISTER,ANDRE FORFATTERE,Skuespil,(blank),Den Hvidklædte (efter Fr. Hedbergs Bearbejdelse af Wilkie Collins' Roman ved H. P. Holst),Wilkie Collins,,,,,Wilkie Collins
WOR068750,work,VÆRK-REGISTER,ANDRE FORFATTERE,Skuespil,(blank),Hvor Tiden løber (Louis B. Picard ved N. T. Bruun),Louis B. Picard,,,,,Louis B. Picard
WOR068800,work,VÆRK-REGISTER,ANDRE FORFATTERE,Skuespil,(blank),Hyrden af Tolosa (B. S. Ingemann),B. S. Ingemann,,,,,B. S. Ingemann
WOR068850,work,VÆRK-REGISTER,ANDRE FORFATTERE,Skuespil,(blank),Häuslichen Wirren (J. Lederer),J. Lederer,,,,,J. Lederer
WOR068900,work,VÆRK-REGISTER,ANDRE FORFATTERE,Skuespil,(blank),En Hævn (Waldemar Bruun),Waldemar Bruun,,,,,Waldemar Bruun
WOR068950,work,VÆRK-REGISTER,ANDRE FORFATTERE,Skuespil,(blank),l den anden Verden (M. Goldschmidt),M. Goldschmidt,,,,,M. Goldschmidt
WOR069000,work,VÆRK-REGISTER,ANDRE FORFATTERE,Skuespil,(blank),l Dynekilen (Carit Etlar),Carit Etlar,,,,,Carit Etlar
WOR069050,work,VÆRK-REGISTER,ANDRE FORFATTERE,Skuespil,(blank),"l en Fart (Decourcelle, Barrière og Morand ved Kr. Mantzius)","Decourcelle, Barrière, Morand",,,,,"Decourcelle, Barrière, Morand"
WOR069100,work,VÆRK-REGISTER,ANDRE FORFATTERE,Skuespil,(blank),lch bleibe ledig (Karl Blum),Karl Blum,,,,,Karl Blum
WOR069150,work,VÆRK-REGISTER,ANDRE FORFATTERE,Skuespil,(blank),Indianerne i England (A. Kotzebue),A. Kotzebue,,,,,A. Kotzebue
WOR069200,work,VÆRK-REGISTER,ANDRE FORFATTERE,Skuespil,(blank),lndqvarteringen (H. Hertz),H. Hertz,,,,,H. Hertz
WOR069250,work,VÆRK-REGISTER,ANDRE FORFATTERE,Skuespil,(blank),Indtoget (P. A. Heiberg),P. A. Heiberg,,,,,P. A. Heiberg
WOR069300,work,VÆRK-REGISTER,ANDRE FORFATTERE,Skuespil,(blank),Ines de Castro (António de Ferreira),António de Ferreira,,,,,António de Ferreira
WOR069350,work,VÆRK-REGISTER,ANDRE FORFATTERE,Skuespil,(blank),"Ingen Tærte (14.5.1846, Teatro Carlino, Napoli)",,,,,,
WOR069400,work,VÆRK-REGISTER,ANDRE FORFATTERE,Skuespil,(blank),Das lntermezzo (A. von Kotzebue),A. von Kotzebue,,,,,A. von Kotzebue
WOR069450,work,VÆRK-REGISTER,ANDRE FORFATTERE,Skuespil,(blank),Intrigerne (C. Hostrup),C. Hostrup,,,,,C. Hostrup
WOR069500,work,VÆRK-REGISTER,ANDRE FORFATTERE,Skuespil,(blank),Iphigenie auf Tauris (J. W. von Goethe),J. W. von Goethe,,,,,J. W. von Goethe
WOR069550,work,VÆRK-REGISTER,ANDRE FORFATTERE,Skuespil,(blank),Isabella Orsini (S. H. Mosenthal),S. H. Mosenthal,,,,,S. H. Mosenthal
WOR069600,work,VÆRK-REGISTER,ANDRE FORFATTERE,Skuespil,(blank),En italiensk Straahat (E. Labiche og Marc Michel),"E. Labiche, Marc Michel",,,,,"E. Labiche, Marc Michel"
WOR069650,work,VÆRK-REGISTER,ANDRE FORFATTERE,Skuespil,(blank),Ja! (J. L. Heiberg),J. L. Heiberg,,,,,J. L. Heiberg
WOR069700,work,VÆRK-REGISTER,ANDRE FORFATTERE,Skuespil,(blank),Jacob von Thybo (L. Holberg),L. Holberg,,,,,L. Holberg
WOR069750,work,VÆRK-REGISTER,ANDRE FORFATTERE,Skuespil,(blank),"The Jacobite (1.7.1847, Hay-Market, London)",,,,,,
WOR069800,work,VÆRK-REGISTER,ANDRE FORFATTERE,Skuespil,(blank),Jagten paa Søeborg (Mønster?),,,,,,
WOR069850,work,VÆRK-REGISTER,ANDRE FORFATTERE,Skuespil,(blank),Jean Baudry (Auguste Vacquerie),Auguste Vacquerie,,,,,Auguste Vacquerie
WOR069900,work,VÆRK-REGISTER,ANDRE FORFATTERE,Skuespil,(blank),Jean de France (L. Holberg),L. Holberg,,,,,L. Holberg
WOR069950,work,VÆRK-REGISTER,ANDRE FORFATTERE,Skuespil,(blank),Jeanne d’Arc (Alex. Soumet),Alex. Soumet,,,,,Alex. Soumet
WOR070000,work,VÆRK-REGISTER,ANDRE FORFATTERE,Skuespil,(blank),Jeg spiser hos min Moder (Decourcelle og L. Thibouet),"Decourcelle, L. Thibouet",,,,,"Decourcelle, L. Thibouet"
WOR070050,work,VÆRK-REGISTER,ANDRE FORFATTERE,Skuespil,(blank),Jens (H. P. Holst),H. P. Holst,,,,,H. P. Holst
WOR070100,work,VÆRK-REGISTER,ANDRE FORFATTERE,Skuespil,(blank),"Jens Støvring (G. von Moser, bearbejdet af Benjamin Feddersen)",G. von Moser,,,,,G. von Moser
WOR070150,work,VÆRK-REGISTER,ANDRE FORFATTERE,Skuespil,(blank),Jeppe paa Bjerget (L. Holberg),L. Holberg,,,,,L. Holberg
WOR070200,work,VÆRK-REGISTER,ANDRE FORFATTERE,Skuespil,(blank),Le Jeu de l’amour et du hasard (Marivaux),Marivaux,,,,,Marivaux
WOR070250,work,VÆRK-REGISTER,ANDRE FORFATTERE,Skuespil,(blank),Johann von Oesterreich (Julius Mosen),Julius Mosen,,,,,Julius Mosen
WOR070300,work,VÆRK-REGISTER,ANDRE FORFATTERE,Skuespil,(blank),Johanna Montfaucon (A. von Kotzebue),A. von Kotzebue,,,,,A. von Kotzebue
WOR070350,work,VÆRK-REGISTER,ANDRE FORFATTERE,Skuespil,(blank),"Joseph solgt af sine Brødre (7.4.1843, Gymnase des enfants, Paris)",,,,,,
WOR070400,work,VÆRK-REGISTER,ANDRE FORFATTERE,Skuespil,(blank),"Jovial, stadstjenare och poet (Théaulon og Choquart)","Théaulon, Choquart",,,,,"Théaulon, Choquart"
WOR070450,work,VÆRK-REGISTER,ANDRE FORFATTERE,Skuespil,(blank),"Der Jude (Richard Cumberland, ved J. F. H. Brockmann)",Richard Cumberland,,,,,Richard Cumberland
WOR070500,work,VÆRK-REGISTER,ANDRE FORFATTERE,Skuespil,(blank),Judith (Delphine de Girardin),Delphine de Girardin,,,,,Delphine de Girardin
WOR070550,work,VÆRK-REGISTER,ANDRE FORFATTERE,Skuespil,(blank),Julestuen (L. Holberg),L. Holberg,,,,,L. Holberg
WOR070600,work,VÆRK-REGISTER,ANDRE FORFATTERE,Skuespil,(blank),Julia (Fr. Hebbel),Fr. Hebbel,,,,,Fr. Hebbel
WOR070650,work,VÆRK-REGISTER,ANDRE FORFATTERE,Skuespil,(blank),Julian den Frafaldne (C. Hauch),C. Hauch,,,,,C. Hauch
WOR070700,work,VÆRK-REGISTER,ANDRE FORFATTERE,Skuespil,(blank),Julius Cæsar (W. Shakespeare),W. Shakespeare,,,,,W. Shakespeare
WOR070750,work,VÆRK-REGISTER,ANDRE FORFATTERE,Skuespil,(blank),Die Jungfrau von Orleans (Fr. von Schiller),Fr. von Schiller,,,,,Fr. von Schiller
WOR070800,work,VÆRK-REGISTER,ANDRE FORFATTERE,Skuespil,(blank),Juvelskrinet (H. Hertz),H. Hertz,,,,,H. Hertz
WOR070850,work,VÆRK-REGISTER,ANDRE FORFATTERE,Skuespil,(blank),Kabale und Liebe (Fr. von Schiller),Fr. von Schiller,,,,,Fr. von Schiller
WOR070900,work,VÆRK-REGISTER,ANDRE FORFATTERE,Skuespil,(blank),Kalanus (Fr. Paludan-Müller),Fr. Paludan-Müller,,,,,Fr. Paludan-Müller
WOR070950,work,VÆRK-REGISTER,ANDRE FORFATTERE,Skuespil,(blank),Kalifen paa Eventyr (Erik Bøgh),Erik Bøgh,,,,,Erik Bøgh
WOR071000,work,VÆRK-REGISTER,ANDRE FORFATTERE,Skuespil,(blank),Kammeraterne (E. Scribe),E. Scribe,,,,,E. Scribe
WOR071050,work,VÆRK-REGISTER,ANDRE FORFATTERE,Skuespil,(blank),Kamp og Seier (Erneste Legouvé),Ernest Legouvé,,,,,Ernest Legouvé
WOR071100,work,VÆRK-REGISTER,ANDRE FORFATTERE,Skuespil,(blank),Kan ei (J. L. Runeberg),J. L. Runeberg,,,,,J. L. Runeberg
WOR071150,work,VÆRK-REGISTER,ANDRE FORFATTERE,Skuespil,(blank),Kanariefuglen (William Bloch og Nicolaj Bøgh),"William Bloch, Nicolaj Bøgh",,,,,"William Bloch, Nicolaj Bøgh"
WOR071200,work,VÆRK-REGISTER,ANDRE FORFATTERE,Skuespil,(blank),"Karel Skreta, malír (V. A. Swoboda)",V. A. Swoboda,,,,,V. A. Swoboda
WOR071250,work,VÆRK-REGISTER,ANDRE FORFATTERE,Skuespil,(blank),"Das Kasernen-Zimmer (1.12.1840, München)",,,,,,
WOR071300,work,VÆRK-REGISTER,ANDRE FORFATTERE,Skuespil,(blank),"Kean (Alexandre Dumas père, Théaulon og de Courcy)","Alexandre Dumas père, Théaulon, de Courcy",,,,,"Alexandre Dumas père, Théaulon, de Courcy"
WOR071350,work,VÆRK-REGISTER,ANDRE FORFATTERE,Skuespil,(blank),Kierlighed uden Strømper (J. H. Wessel),J. H. Wessel,,,,,J. H. Wessel
WOR071400,work,VÆRK-REGISTER,ANDRE FORFATTERE,Skuespil,(blank),Die Kinder des Regiments (Friedrich Blum),Friedrich Blum,,,,,Friedrich Blum
WOR071450,work,VÆRK-REGISTER,ANDRE FORFATTERE,Skuespil,(blank),Der Kinderfreund (C. F. Weisze),C. E. F. Weyse,,,,,C. E. F. Weyse
WOR071500,work,VÆRK-REGISTER,ANDRE FORFATTERE,Skuespil,(blank),Kirsten Pils Kilde (J. M. Thiele),J. M. Thiele,,,,,J. M. Thiele
WOR071550,work,VÆRK-REGISTER,ANDRE FORFATTERE,Skuespil,(blank),Kjærlighed og Politik (Viggo Hindberg),Viggo Hindberg,,,,,Viggo Hindberg
WOR071600,work,VÆRK-REGISTER,ANDRE FORFATTERE,Skuespil,(blank),Kjærlighed og Statistik (Johs. Helms),Johs. Helms,,,,,Johs. Helms
WOR071650,work,VÆRK-REGISTER,ANDRE FORFATTERE,Skuespil,(blank),En Kjærlighedsdrøm (E. Scribe og Biéville),"E. Scribe, Biéville",,,,,"E. Scribe, Biéville"
WOR071700,work,VÆRK-REGISTER,ANDRE FORFATTERE,Skuespil,(blank),Kjøbmanden i Venedig (W. Shakespeare),W. Shakespeare,,,,,W. Shakespeare
WOR071750,work,VÆRK-REGISTER,ANDRE FORFATTERE,Skuespil,(blank),Klaus Rigmands Skat (J. M. Thiele),J. M. Thiele,,,,,J. M. Thiele
WOR071800,work,VÆRK-REGISTER,ANDRE FORFATTERE,Skuespil,(blank),Klokkerfamilien (Plan til Sangspil) (Bj. Bjørnson),Bj. Bjørnson,,,,,Bj. Bjørnson
WOR071850,work,VÆRK-REGISTER,ANDRE FORFATTERE,Skuespil,(blank),Knud Svendsøn (Chr. Bredahl),Chr. Bredahl,,,,,Chr. Bredahl
WOR071900,work,VÆRK-REGISTER,ANDRE FORFATTERE,Skuespil,(blank),Komedie der Irrungen (The Comedy of Errors) (W. Shakespeare),W. Shakespeare,,,,,W. Shakespeare
WOR071950,work,VÆRK-REGISTER,ANDRE FORFATTERE,Skuespil,(blank),"En Kone, der springer ud af Vinduet (E. Scribe og G. Lemoine)","E. Scribe, G. Lemoine",,,,,"E. Scribe, G. Lemoine"
WOR072000,work,VÆRK-REGISTER,ANDRE FORFATTERE,Skuespil,(blank),Kong Lear (W. Shakespeare),W. Shakespeare,,,,,W. Shakespeare
WOR072050,work,VÆRK-REGISTER,ANDRE FORFATTERE,Skuespil,(blank),Kong René's Datter (H. Hertz),H. Hertz,,,,,H. Hertz
WOR072100,work,VÆRK-REGISTER,ANDRE FORFATTERE,Skuespil,(blank),Kong Salomon og Jørgen Hattemager (J. L. Heiberg),J. L. Heiberg,,,,,J. L. Heiberg
WOR072150,work,VÆRK-REGISTER,ANDRE FORFATTERE,Skuespil,(blank),Kong Waldemar og Bisp Absalon (H. Scharling),H. Scharling,,,,,H. Scharling
WOR072200,work,VÆRK-REGISTER,ANDRE FORFATTERE,Skuespil,(blank),Kong Sigurd (C. J. Boye),C. J. Boye,,,,,C. J. Boye
WOR072250,work,VÆRK-REGISTER,ANDRE FORFATTERE,Skuespil,(blank),Kongens Yndling (C. Hauch),C. Hauch,,,,,C. Hauch
WOR072300,work,VÆRK-REGISTER,ANDRE FORFATTERE,Skuespil,(blank),Kongs-Emnerne (H. Ibsen),H. Ibsen,,,,,H. Ibsen
WOR072350,work,VÆRK-REGISTER,ANDRE FORFATTERE,Skuespil,(blank),"Korsikaneren. Syngestykke, bearb. af Adolph Hertz. Musiken af Emil Hartmann (J. H. V. de Saint-Georges)",J. H. V. de Saint-Georges,,,,,J. H. V. de Saint-Georges
WOR072400,work,VÆRK-REGISTER,ANDRE FORFATTERE,Skuespil,(blank),Kostgjængerne (Daniel og Hagen),Daniel og Hagen,,,,,Daniel og Hagen
WOR072450,work,VÆRK-REGISTER,ANDRE FORFATTERE,Skuespil,(blank),"Kroisos, Lydiens sidste Konge (Alfred Flinch)",Alfred Flinch,,,,,Alfred Flinch
WOR072500,work,VÆRK-REGISTER,ANDRE FORFATTERE,Skuespil,(blank),Der Kurmärker und die Picarde (Louis Schneider),Louis Schneider,,,,,Louis Schneider
WOR072550,work,VÆRK-REGISTER,ANDRE FORFATTERE,Skuespil,(blank),Das Käthchen von Heilbronn (Heinrich von Kleist),Heinrich von Kleist,,,,,Heinrich von Kleist
WOR072600,work,VÆRK-REGISTER,ANDRE FORFATTERE,Skuespil,(blank),König Waldemar und Tovelille (Georgia Høst),Georgia Høst,,,,,Georgia Høst
WOR072650,work,VÆRK-REGISTER,ANDRE FORFATTERE,Skuespil,(blank),Die Königin von Navarra (Les Contes de la reine de Navarre) (Legouvé og E. Scribe)- Se ogsaa: Dronning Marguerites Noveller,"Legouvé, E. Scribe",,,,,"Legouvé, E. Scribe"
WOR072700,work,VÆRK-REGISTER,ANDRE FORFATTERE,Skuespil,(blank),"Die Königin von sechzehn Jahre (Bayard, overs. af Theodor Hell)- Se ogsaa: Dronningen paa 16 Aar (Sp. 60)",Bayard,,,,,Bayard
WOR072750,work,VÆRK-REGISTER,ANDRE FORFATTERE,Skuespil,(blank),Die Königstochter ein Bettlerweib (Ernst Raupach),Ernst Raupach,,,,,Ernst Raupach
WOR072800,work,VÆRK-REGISTER,ANDRE FORFATTERE,Skuespil,(blank),Leichtsinn aus Liebe (Ed. von Bauernfeld),Ed. von Bauernfeld,,,,,Ed. von Bauernfeld
WOR072850,work,VÆRK-REGISTER,ANDRE FORFATTERE,Skuespil,(blank),Lenore oder die Vermählung am Grabe (Karl von Holtei),Karl von Holtei,,,,,Karl von Holtei
WOR072900,work,VÆRK-REGISTER,ANDRE FORFATTERE,Skuespil,(blank),D'letzte Fensterln (Johann Gabriel Seidl),Johann Gabriel Seidl,,,,,Johann Gabriel Seidl
WOR072950,work,VÆRK-REGISTER,ANDRE FORFATTERE,Skuespil,(blank),Das Liebesprotokoll (E. von Bauernfeld),E. von Bauernfeld,,,,,E. von Bauernfeld
WOR073000,work,VÆRK-REGISTER,ANDRE FORFATTERE,Skuespil,(blank),Lige for Lige (Measure for Measure) (W. Shakespeare)- Se ogsaa: Masz für Masz,W. Shakespeare,,,,,W. Shakespeare
WOR073050,work,VÆRK-REGISTER,ANDRE FORFATTERE,Skuespil,(blank),"En lille Heks (Ad. Recke og P. Aalborg, bearbejdet efter en tysk Dramatisering (»Die Grille«) af George Sands Roman »La petite Fadette«)- Se ogsaa: Die Grille.","Ad. Recke, P. Aalborg",,,,,"Ad. Recke, P. Aalborg"
WOR073100,work,VÆRK-REGISTER,ANDRE FORFATTERE,Skuespil,(blank),Den lille Hyrdedreng (A. Oehlenschlæger),A. Oehlenschlæger,,,,,A. Oehlenschlæger
WOR073150,work,VÆRK-REGISTER,ANDRE FORFATTERE,Skuespil,(blank),Lindane oder Die Fee und der Haarbeutelschneider (A. Bäuerle),A. Bäuerle,,,,,A. Bäuerle
WOR073200,work,VÆRK-REGISTER,ANDRE FORFATTERE,Skuespil,(blank),La Lisette de Béranger (Monolog af Frédéric Bérat),Frédéric Bérat,,,,,Frédéric Bérat
WOR073250,work,VÆRK-REGISTER,ANDRE FORFATTERE,Skuespil,(blank),El loco de la Guardilla (Narciso Serra),Narciso Serra,,,,,Narciso Serra
WOR073300,work,VÆRK-REGISTER,ANDRE FORFATTERE,Skuespil,(blank),Lord William Russell (A. Munch),A. Munch,,,,,A. Munch
WOR073350,work,VÆRK-REGISTER,ANDRE FORFATTERE,Skuespil,(blank),Louise Bernard (Alexandre Dumas peré),Alexandre Dumas père,,,,,Alexandre Dumas père
WOR073400,work,VÆRK-REGISTER,ANDRE FORFATTERE,Skuespil,(blank),Lucrèce (Fr. Ponsard),Fr. Ponsard,,,,,Fr. Ponsard
WOR073450,work,VÆRK-REGISTER,ANDRE FORFATTERE,Skuespil,(blank),Ludlams Hule (A. Oehlenschlæger),A. Oehlenschlæger,,,,,A. Oehlenschlæger
WOR073500,work,VÆRK-REGISTER,ANDRE FORFATTERE,Skuespil,(blank),Luftens Datter (Efter Cogniard og Raymond ved P. Faber),"Cogniard, Raymond",,,,,"Cogniard, Raymond"
WOR073550,work,VÆRK-REGISTER,ANDRE FORFATTERE,Skuespil,(blank),Die Luftschlösser (A. F. Weidner),A. F. Weidner,,,,,A. F. Weidner
WOR073600,work,VÆRK-REGISTER,ANDRE FORFATTERE,Skuespil,(blank),Lumpacivagabundus (J. N. Nestroy),J. N. Nestroy,,,,,J. N. Nestroy
WOR073650,work,VÆRK-REGISTER,ANDRE FORFATTERE,Skuespil,(blank),Ein Lustspiel (R. Benedix),R. Benedix,,,,,R. Benedix
WOR073700,work,VÆRK-REGISTER,ANDRE FORFATTERE,Skuespil,(blank),Lycksalighetens ö (P. D. A. Atterbom),P. D. A. Atterbom,,,,,P. D. A. Atterbom
WOR073750,work,VÆRK-REGISTER,ANDRE FORFATTERE,Skuespil,(blank),Der Lügner und sein Sohn (K. Meisl),K. Meisl,,,,,K. Meisl
WOR073800,work,VÆRK-REGISTER,ANDRE FORFATTERE,Skuespil,(blank),Lygtemænd (William Bloch),William Bloch,,,,,William Bloch
WOR073850,work,VÆRK-REGISTER,ANDRE FORFATTERE,Skuespil,(blank),Det lykkelige Skibbrud (L. Holberg),L. Holberg,,,,,L. Holberg
WOR073900,work,VÆRK-REGISTER,ANDRE FORFATTERE,Skuespil,(blank),De lykkeligste Børn (Clara Andersen),Clara Andersen,,,,,Clara Andersen
WOR073950,work,VÆRK-REGISTER,ANDRE FORFATTERE,Skuespil,(blank),Lykkens Skjødebarn (efter Charlotte Birch-Pfeiffer ved H. P. Holst),Charlotte Birch-Pfeiffer,,,,,Charlotte Birch-Pfeiffer
WOR074000,work,VÆRK-REGISTER,ANDRE FORFATTERE,Skuespil,(blank),De lystige Koner i Windsor (W. Shakespeare)- Se ogsaa: The Merry Wives of Windsor,W. Shakespeare,,,,,W. Shakespeare
WOR074050,work,VÆRK-REGISTER,ANDRE FORFATTERE,Skuespil,(blank),"Lystspil, oversatte af Benedicte Arnesen Kall. I-III (Molière)",Molière,,,,,Molière
WOR074100,work,VÆRK-REGISTER,ANDRE FORFATTERE,Skuespil,(blank),De lærde Damer (Molière),Molière,,,,,Molière
WOR074150,work,VÆRK-REGISTER,ANDRE FORFATTERE,Skuespil,(blank),Die Lästerschule (School for Scandal) (Richard Brinsley Sheridan)- Se ogsaa: Bagtalelsens Skole og School for Scandal,Richard Brinsley Sheridan,,,,,Richard Brinsley Sheridan
WOR074200,work,VÆRK-REGISTER,ANDRE FORFATTERE,Skuespil,(blank),Macbeth (W. Shakespeare),W. Shakespeare,,,,,W. Shakespeare
WOR074250,work,VÆRK-REGISTER,ANDRE FORFATTERE,Skuespil,(blank),"Madame d'Egmont, ou Sont-elles deux? (J. Ancelot og Decomberousse)","J. Ancelot, Decomberousse",,,,,"J. Ancelot, Decomberousse"
WOR074300,work,VÆRK-REGISTER,ANDRE FORFATTERE,Skuespil,(blank),"Mademoiselle Déjazet au Sérail, ou Le Palais-Royal en 1872 (J. F. A. Bayard og Gabriel de Lurieu)","J. F. A. Bayard, Gabriel de Lurieu",,,,,"J. F. A. Bayard, Gabriel de Lurieu"
WOR074350,work,VÆRK-REGISTER,ANDRE FORFATTERE,Skuespil,(blank),Madonna (Heinrich Bode),Heinrich Bode,,,,,Heinrich Bode
WOR074400,work,VÆRK-REGISTER,ANDRE FORFATTERE,Skuespil,(blank),Magister Ageholm eller Fragmenterne (Arthur Ejserman),Arthur Ejserman,,,,,Arthur Ejserman
WOR074450,work,VÆRK-REGISTER,ANDRE FORFATTERE,Skuespil,(blank),"Man kan, hvad man vil (Jacques Ancelot og Decomberousse)","Jacques Ancelot, Decomberousse",,,,,"Jacques Ancelot, Decomberousse"
WOR074500,work,VÆRK-REGISTER,ANDRE FORFATTERE,Skuespil,(blank),Man skal Ingenting forsværge (Alfred de Musset),Alfred de Musset,,,,,Alfred de Musset
WOR074550,work,VÆRK-REGISTER,ANDRE FORFATTERE,Skuespil,(blank),"Marco Sciarra, apperettatore de Io quartiere de puorto ossia l'ommo che nun se fa li fatte suoie cu la Ianterna va truvanno guaie (Orazio Schiano)",Orazio Schiano,,,,,Orazio Schiano
WOR074600,work,VÆRK-REGISTER,ANDRE FORFATTERE,Skuespil,(blank),"Margherita di Waldemar, regina delle tre corone del Nord (G. C. Cosenza)",G. C. Cosenza,,,,,G. C. Cosenza
WOR074650,work,VÆRK-REGISTER,ANDRE FORFATTERE,Skuespil,(blank),Margrethe (Karl von Holtei),Karl von Holtei,,,,,Karl von Holtei
WOR074700,work,VÆRK-REGISTER,ANDRE FORFATTERE,Skuespil,(blank),Maria Stuart (Fr. von Schiller),Fr. von Schiller,,,,,Fr. von Schiller
WOR074750,work,VÆRK-REGISTER,ANDRE FORFATTERE,Skuespil,(blank),Maria Stuart i Skotland (Bj. Bjørnson),Bj. Bjørnson,,,,,Bj. Bjørnson
WOR074800,work,VÆRK-REGISTER,ANDRE FORFATTERE,Skuespil,(blank),Maria Tudor (V. Hugo),V. Hugo,,,,,V. Hugo
WOR074850,work,VÆRK-REGISTER,ANDRE FORFATTERE,Skuespil,(blank),Le Mariage au tambour (Ad. de Leuven og Brunswick)- Se ogsaa: Et Giftermaal ved Trommen,"Ad. de Leuven, Brunswick",,,,,"Ad. de Leuven, Brunswick"
WOR074900,work,VÆRK-REGISTER,ANDRE FORFATTERE,Skuespil,(blank),Le Mariage de Figaro (Beaumarchais),Beaumarchais,,,,,Beaumarchais
WOR074950,work,VÆRK-REGISTER,ANDRE FORFATTERE,Skuespil,(blank),Marie (A. von Kotzebue),A. von Kotzebue,,,,,A. von Kotzebue
WOR075000,work,VÆRK-REGISTER,ANDRE FORFATTERE,Skuespil,(blank),Marie Antoinette (M. W. Brun),M. W. Brun,,,,,M. W. Brun
WOR075050,work,VÆRK-REGISTER,ANDRE FORFATTERE,Skuespil,(blank),Marie-Jeanne (Ad. Dennery og Mallian),"Ad. Dennery, Mallian",,,,,"Ad. Dennery, Mallian"
WOR075100,work,VÆRK-REGISTER,ANDRE FORFATTERE,Skuespil,(blank),"Marie Stuart (Pierre Lebrun, efter Schiller)",Schiller,,,,,Schiller
WOR075150,work,VÆRK-REGISTER,ANDRE FORFATTERE,Skuespil,(blank),Marion de Lorme (V. Hugo),V. Hugo,,,,,V. Hugo
WOR075200,work,VÆRK-REGISTER,ANDRE FORFATTERE,Skuespil,(blank),Die Marquise von Vilette (Charlotte Birch-Pfeiffer),Charlotte Birch-Pfeiffer,,,,,Charlotte Birch-Pfeiffer
WOR075250,work,VÆRK-REGISTER,ANDRE FORFATTERE,Skuespil,(blank),"La Marraine (E. Scribe, Lockroy og Chabot de Bouin)- Se ogsaa: Den unge Gudmoder","E. Scribe, Lockroy, Chabot de Bouin",,,,,"E. Scribe, Lockroy, Chabot de Bouin"
WOR075300,work,VÆRK-REGISTER,ANDRE FORFATTERE,Skuespil,(blank),"Une Martingale (Clairville, Cham og Rochefort)","Clairville, Cham, Rochefort",,,,,"Clairville, Cham, Rochefort"
WOR075350,work,VÆRK-REGISTER,ANDRE FORFATTERE,Skuespil,(blank),Mascarade (L. Holberg),L. Holberg,,,,,L. Holberg
WOR075400,work,VÆRK-REGISTER,ANDRE FORFATTERE,Skuespil,(blank),Masz für Masz (Measure for Measure) (W. Shakespeare)- Se ogsaa: Lige for Lige,W. Shakespeare,,,,,W. Shakespeare
WOR075450,work,VÆRK-REGISTER,ANDRE FORFATTERE,Skuespil,(blank),Mathilde (Roderich Benedix),Roderich Benedix,,,,,Roderich Benedix
WOR075500,work,VÆRK-REGISTER,ANDRE FORFATTERE,Skuespil,(blank),Médée (Ernest Legouvé),Ernest Legouvé,,,,,Ernest Legouvé
WOR075550,work,VÆRK-REGISTER,ANDRE FORFATTERE,Skuespil,(blank),»Meer end nok« eller Ole Lukøie (Erik Bøgh og Kristian Arentzen),"Erik Bøgh, Kristian Arentzen",,,,,"Erik Bøgh, Kristian Arentzen"
WOR075600,work,VÆRK-REGISTER,ANDRE FORFATTERE,Skuespil,(blank),Mein Freund (J. N. Nestroy),J. N. Nestroy,,,,,J. N. Nestroy
WOR075650,work,VÆRK-REGISTER,ANDRE FORFATTERE,Skuespil,(blank),Meister Andrea (Emanuel Geibel),Emanuel Geibel,,,,,Emanuel Geibel
WOR075700,work,VÆRK-REGISTER,ANDRE FORFATTERE,Skuespil,(blank),Mejonkvrouw de La Seiglière (Jules Sandeau)- Se ogsaa: Slottet i Poitou,Jules Sandeau,,,,,Jules Sandeau
WOR075750,work,VÆRK-REGISTER,ANDRE FORFATTERE,Skuespil,(blank),Les Mémoires du Diable (Etienne Arago og Paul Vermond)- Se ogsaa: Djævelens Memoirer,"Etienne Arago, Paul Vermond",,,,,"Etienne Arago, Paul Vermond"
WOR075800,work,VÆRK-REGISTER,ANDRE FORFATTERE,Skuespil,(blank),Merlin (Karl Immermann),Karl Immermann,,,,,Karl Immermann
WOR075850,work,VÆRK-REGISTER,ANDRE FORFATTERE,Skuespil,(blank),The Merry Wives of Windsor (W. Shakespeare)- Se ogsaa: De lystige Koner i Windsor.,W. Shakespeare,,,,,W. Shakespeare
WOR075900,work,VÆRK-REGISTER,ANDRE FORFATTERE,Skuespil,(blank),Mester Gert Westphaler (L. Holberg),L. Holberg,,,,,L. Holberg
WOR075950,work,VÆRK-REGISTER,ANDRE FORFATTERE,Skuespil,(blank),Mester og Lærling (C. Hostrup),C. Hostrup,,,,,C. Hostrup
WOR076000,work,VÆRK-REGISTER,ANDRE FORFATTERE,Skuespil,(blank),Metal og Papir (J. C. Gerson),J. C. Gerson,,,,,J. C. Gerson
WOR076050,work,VÆRK-REGISTER,ANDRE FORFATTERE,Skuespil,(blank),Les Métamorphoses de Bougival (Adolphe Favre og Ad. Stel),"Adolphe Favre, Ad. Stel",,,,,"Adolphe Favre, Ad. Stel"
WOR076100,work,VÆRK-REGISTER,ANDRE FORFATTERE,Skuespil,(blank),Michel Perrin (Mélesville og Ch. Duveyrier),"Mélesville, Ch. Duveyrier",,,,,"Mélesville, Ch. Duveyrier"
WOR076150,work,VÆRK-REGISTER,ANDRE FORFATTERE,Skuespil,(blank),Mille et une nuits (Th. og H. Cogniard),"Th. Cogniard, H. Cogniard",,,,,"Th. Cogniard, H. Cogniard"
WOR076200,work,VÆRK-REGISTER,ANDRE FORFATTERE,Skuespil,(blank),Min egen Dreng (efter A. l’Arronges »Mein Leopold« ved Carl Møller og William Faber),A. l’Arronge,,,,,A. l’Arronge
WOR076250,work,VÆRK-REGISTER,ANDRE FORFATTERE,Skuespil,(blank),Min Lykkestjerne (E. Scribe),E. Scribe,,,,,E. Scribe
WOR076300,work,VÆRK-REGISTER,ANDRE FORFATTERE,Skuespil,(blank),Min Onkels Slaabrok (De Huisjapon van mij' Oom) (Vrij naar het Hoogduitsch door J. Both J. Jzn),J. Both J. Jzn.,,,,,J. Both J. Jzn.
WOR076350,work,VÆRK-REGISTER,ANDRE FORFATTERE,Skuespil,(blank),Minna von Barnhelm (G. E. Lessing),G. E. Lessing,,,,,G. E. Lessing
WOR076400,work,VÆRK-REGISTER,ANDRE FORFATTERE,Skuespil,(blank),Mirandolina (La locandiera) (Goldoni),Goldoni,,,,,Goldoni
WOR076450,work,VÆRK-REGISTER,ANDRE FORFATTERE,Skuespil,(blank),Mit der Feder (Sigmund Schlesinger),Sigmund Schlesinger,,,,,Sigmund Schlesinger
WOR076500,work,VÆRK-REGISTER,ANDRE FORFATTERE,Skuespil,(blank),Moder og Søn (A. Munch),A. Munch,,,,,A. Munch
WOR076550,work,VÆRK-REGISTER,ANDRE FORFATTERE,Skuespil,(blank),Molière (Charles Desvoyer og Eugène Labat),"Charles Desvoyer, Eugène Labat",,,,,"Charles Desvoyer, Eugène Labat"
WOR076600,work,VÆRK-REGISTER,ANDRE FORFATTERE,Skuespil,(blank),Monsieur Mouflet (Léon Halévy og Jaime),"Léon Halévy, Jaime",,,,,"Léon Halévy, Jaime"
WOR076650,work,VÆRK-REGISTER,ANDRE FORFATTERE,Skuespil,(blank),Morbror Per (R. Benedix),R. Benedix,,,,,R. Benedix
WOR076700,work,VÆRK-REGISTER,ANDRE FORFATTERE,Skuespil,(blank),"La morisca de Alajuar (Ángel de Saavedra, Hertug al Rivas)",Ángel de Saavedra,,,,,Ángel de Saavedra
WOR076750,work,VÆRK-REGISTER,ANDRE FORFATTERE,Skuespil,(blank),Les Mousquetaires du carneval (Eugène Grangé og Lambert Thibouet),"Eugène Grangé, Lambert Thibouet",,,,,"Eugène Grangé, Lambert Thibouet"
WOR076800,work,VÆRK-REGISTER,ANDRE FORFATTERE,Skuespil,(blank),Mutter und Sohn (Charlotte Birch-Pfeiffer),Charlotte Birch-Pfeiffer,,,,,Charlotte Birch-Pfeiffer
WOR076850,work,VÆRK-REGISTER,ANDRE FORFATTERE,Skuespil,(blank),Der Müller und sein Kind (Ernst Raupach),Ernst Raupach,,,,,Ernst Raupach
WOR076900,work,VÆRK-REGISTER,ANDRE FORFATTERE,Skuespil,(blank),Das Mädchen aus der Feenwelt oder der Bauer als Millionär (Ferd. Raimund),Ferd. Raimund,,,,,Ferd. Raimund
WOR076950,work,VÆRK-REGISTER,ANDRE FORFATTERE,Skuespil,(blank),Die Mäntel (E. Scribe),E. Scribe,,,,,E. Scribe
WOR077000,work,VÆRK-REGISTER,ANDRE FORFATTERE,Skuespil,(blank),Mönch und Soldat (Friedrich Kaiser),Friedrich Kaiser,,,,,Friedrich Kaiser
WOR077050,work,VÆRK-REGISTER,ANDRE FORFATTERE,Skuespil,(blank),Die Mönche (Millenet),Millenet,,,,,Millenet
WOR077100,work,VÆRK-REGISTER,ANDRE FORFATTERE,Skuespil,(blank),"Naar Djævelen banker paa! (Benjamin Feddersen, Intrigen efter Dupeutys, Dumersans og Gabriels »Victorine ou la nuit porte conseil«)",Benjamin Feddersen,,,,,Benjamin Feddersen
WOR077150,work,VÆRK-REGISTER,ANDRE FORFATTERE,Skuespil,(blank),Naar Katten er ude (Carl Møller),Carl Møller,,,,,Carl Møller
WOR077200,work,VÆRK-REGISTER,ANDRE FORFATTERE,Skuespil,(blank),Nach Sonnenuntergang (Louis Angely),Louis Angely,,,,,Louis Angely
WOR077250,work,VÆRK-REGISTER,ANDRE FORFATTERE,Skuespil,(blank),Nacht und Morgen (Charlotte Birch-Pfeiffer),Charlotte Birch-Pfeiffer,,,,,Charlotte Birch-Pfeiffer
WOR077300,work,VÆRK-REGISTER,ANDRE FORFATTERE,Skuespil,(blank),Namenlos (David Kalisch og Ernst Pohl),"David Kalisch, Ernst Pohl",,,,,"David Kalisch, Ernst Pohl"
WOR077350,work,VÆRK-REGISTER,ANDRE FORFATTERE,Skuespil,(blank),"Napoleon Bonaparte, Eerste Konsul (H. J. Schimmel)",H. J. Schimmel,,,,,H. J. Schimmel
WOR077400,work,VÆRK-REGISTER,ANDRE FORFATTERE,Skuespil,(blank),En Nat mellem Fjeldene (C. Hostrup),C. Hostrup,,,,,C. Hostrup
WOR077450,work,VÆRK-REGISTER,ANDRE FORFATTERE,Skuespil,(blank),Nathan der Weise (G. E. Lessing),G. E. Lessing,,,,,G. E. Lessing
WOR077500,work,VÆRK-REGISTER,ANDRE FORFATTERE,Skuespil,(blank),En Nattegjæst (Two o'clock in the Morning) (Lockroy & Anicet),Lockroy & Anicet,,,,,Lockroy & Anicet
WOR077550,work,VÆRK-REGISTER,ANDRE FORFATTERE,Skuespil,(blank),Nehmt ein Exempel dran! (Karl Töpfer)- Se ogsaa: Seer Jer i Speil,Karl Töpfer,,,,,Karl Töpfer
WOR077600,work,VÆRK-REGISTER,ANDRE FORFATTERE,Skuespil,(blank),Nei (J. L. Heiberg),J. L. Heiberg,,,,,J. L. Heiberg
WOR077650,work,VÆRK-REGISTER,ANDRE FORFATTERE,Skuespil,(blank),Nero Cæsar (L. Lund),L. Lund,,,,,L. Lund
WOR077700,work,VÆRK-REGISTER,ANDRE FORFATTERE,Skuespil,(blank),Die Nibelungen (Fr. Hebbel),Fr. Hebbel,,,,,Fr. Hebbel
WOR077750,work,VÆRK-REGISTER,ANDRE FORFATTERE,Skuespil,(blank),Ninon (H. Hertz),H. Hertz,,,,,H. Hertz
WOR077800,work,VÆRK-REGISTER,ANDRE FORFATTERE,Skuespil,(blank),N° 777 (Carl Lebrun),Carl Lebrun,,,,,Carl Lebrun
WOR077850,work,VÆRK-REGISTER,ANDRE FORFATTERE,Skuespil,(blank),"Nornerne, Forspil til Balletten Thrymskviden (H. P. Holst)",H. P. Holst,,,,,H. P. Holst
WOR077900,work,VÆRK-REGISTER,ANDRE FORFATTERE,Skuespil,(blank),La Nouvelle Psyché (Félicien Mallefille),Félicien Mallefille,,,,,Félicien Mallefille
WOR077950,work,VÆRK-REGISTER,ANDRE FORFATTERE,Skuespil,(blank),La Nuit de Mardi-gras (Emile Fontaine),Emile Fontaine,,,,,Emile Fontaine
WOR078000,work,VÆRK-REGISTER,ANDRE FORFATTERE,Skuespil,(blank),Nur eine Seele (Wilhelm Wolfsohn),Wilhelm Wolfsohn,,,,,Wilhelm Wolfsohn
WOR078050,work,VÆRK-REGISTER,ANDRE FORFATTERE,Skuespil,(blank),De Nygifte (Bj. Björnson),Bj. Björnson,,,,,Bj. Björnson
WOR078100,work,VÆRK-REGISTER,ANDRE FORFATTERE,Skuespil,(blank),Nytaarsnat 1869 (Erik Bøgh),Erik Bøgh,,,,,Erik Bøgh
WOR078150,work,VÆRK-REGISTER,ANDRE FORFATTERE,Skuespil,(blank),"Nytaarsnat 1872-73 (Paul Marcussen, Rich. Kaufmann og Carl Wulff)","Paul Marcussen, Rich. Kaufmann, Carl Wulff",,,,,"Paul Marcussen, Rich. Kaufmann, Carl Wulff"
WOR078200,work,VÆRK-REGISTER,ANDRE FORFATTERE,Skuespil,(blank),En nyttig Onkel (Clara Andersen),Clara Andersen,,,,,Clara Andersen
WOR078250,work,VÆRK-REGISTER,ANDRE FORFATTERE,Skuespil,(blank),Oberon (J. R. Planché),J. R. Planché,,,,,J. R. Planché
WOR078300,work,VÆRK-REGISTER,ANDRE FORFATTERE,Skuespil,(blank),Oidipus i Kolonos (Sofokles),Sofokles,,,,,Sofokles
WOR078350,work,VÆRK-REGISTER,ANDRE FORFATTERE,Skuespil,(blank),"Den oldenborgske Stamme i Danmark. En Cyclus af Skuespil (Christjern, Kongefader. - Kong Hans) (Benedicte Arnesen Kall)",Benedicte Arnesen Kall,,,,,Benedicte Arnesen Kall
WOR078400,work,VÆRK-REGISTER,ANDRE FORFATTERE,Skuespil,(blank),En Omelette (V. C. S. Topsøe),V. C. S. Topsøe,,,,,V. C. S. Topsøe
WOR078450,work,VÆRK-REGISTER,ANDRE FORFATTERE,Skuespil,(blank),En Omvei (A. Thornam),A. Thornam,,,,,A. Thornam
WOR078500,work,VÆRK-REGISTER,ANDRE FORFATTERE,Skuespil,(blank),Onkel Brand (Louis Angely),Louis Angely,,,,,Louis Angely
WOR078550,work,VÆRK-REGISTER,ANDRE FORFATTERE,Skuespil,(blank),Onkelens Slot (Desaugiers og Armand),"Desaugiers, Armand",,,,,"Desaugiers, Armand"
WOR078600,work,VÆRK-REGISTER,ANDRE FORFATTERE,Skuespil,(blank),L'Orphelin de la Chine (Henri Dupin),Henri Dupin,,,,,Henri Dupin
WOR078650,work,VÆRK-REGISTER,ANDRE FORFATTERE,Skuespil,(blank),Les Orphelines du faubourg (E. Thirion og Hippolyte Bedeau),"E. Thirion, Hippolyte Bedeau",,,,,"E. Thirion, Hippolyte Bedeau"
WOR078700,work,VÆRK-REGISTER,ANDRE FORFATTERE,Skuespil,(blank),Die Osternacht (Wilhelm Wolfsohn),Wilhelm Wolfsohn,,,,,Wilhelm Wolfsohn
WOR078750,work,VÆRK-REGISTER,ANDRE FORFATTERE,Skuespil,(blank),Othello (W. Shakespeare),W. Shakespeare,,,,,W. Shakespeare
WOR078800,work,VÆRK-REGISTER,ANDRE FORFATTERE,Skuespil,(blank),Paa Jagt efter Eventyr (E. Augier og J. Sandeau),"E. Augier, J. Sandeau",,,,,"E. Augier, J. Sandeau"
WOR078850,work,VÆRK-REGISTER,ANDRE FORFATTERE,Skuespil,(blank),Palnatoke (A. Oehlensehlæger),A. Oehlenschlæger,,,,,A. Oehlenschlæger
WOR078900,work,VÆRK-REGISTER,ANDRE FORFATTERE,Skuespil,(blank),Paläophron und Neoterpe (J. W. von Goethe),J. W. von Goethe,,,,,J. W. von Goethe
WOR078950,work,VÆRK-REGISTER,ANDRE FORFATTERE,Skuespil,(blank),Pariserdrengen (Bayard og Vanderburch),"Bayard, Vanderburch",,,,,"Bayard, Vanderburch"
WOR079000,work,VÆRK-REGISTER,ANDRE FORFATTERE,Skuespil,(blank),Passions-Skuespillet i Oberammergau (J. A. Daisenberger),J. A. Daisenberger,,,,,J. A. Daisenberger
WOR079050,work,VÆRK-REGISTER,ANDRE FORFATTERE,Skuespil,(blank),"Le Pavé des journaux (6.2.1863, Délassements-Comiques, Paris)",,,,,,
WOR079100,work,VÆRK-REGISTER,ANDRE FORFATTERE,Skuespil,(blank),Un Péché de jeunesse (J. Samson og Jules de Wailly),"J. Samson, Jules de Wailly",,,,,"J. Samson, Jules de Wailly"
WOR079150,work,VÆRK-REGISTER,ANDRE FORFATTERE,Skuespil,(blank),Peer Gynt (H. Ibsen),H. Ibsen,,,,,H. Ibsen
WOR079200,work,VÆRK-REGISTER,ANDRE FORFATTERE,Skuespil,(blank),Pernilles korte Frøkenstand (L. Holberg),L. Holberg,,,,,L. Holberg
WOR079250,work,VÆRK-REGISTER,ANDRE FORFATTERE,Skuespil,(blank),El perro del castello (César ou Le chien du château) (E. Scribe og A. F. Varner),"E. Scribe, A. F. Varner",,,,,"E. Scribe, A. F. Varner"
WOR079300,work,VÆRK-REGISTER,ANDRE FORFATTERE,Skuespil,(blank),Les Petits mystères de Paris (D. Chs. Dupeuty og Eug. Cormon),"D. Chs. Dupeuty, Eug. Cormon",,,,,"D. Chs. Dupeuty, Eug. Cormon"
WOR079350,work,VÆRK-REGISTER,ANDRE FORFATTERE,Skuespil,(blank),Phèdre (Jean Racine),Jean Racine,,,,,Jean Racine
WOR079400,work,VÆRK-REGISTER,ANDRE FORFATTERE,Skuespil,(blank),Philoktet (A. Schöll),A. Schöll,,,,,A. Schöll
WOR079450,work,VÆRK-REGISTER,ANDRE FORFATTERE,Skuespil,(blank),Die Piccolomini (Fr. von Schiller),Fr. von Schiller,,,,,Fr. von Schiller
WOR079500,work,VÆRK-REGISTER,ANDRE FORFATTERE,Skuespil,(blank),Le pied de mouton (Martainville og Ribié)- Se ogsaa: Mefistofeles (Ballet),"Martainville, Ribié",,,,,"Martainville, Ribié"
WOR079550,work,VÆRK-REGISTER,ANDRE FORFATTERE,Skuespil,(blank),"Les Pilules du Diable (F. Laloue, Bourgeois og Laurent)","F. Laloue, Bourgeois, Laurent",,,,,"F. Laloue, Bourgeois, Laurent"
WOR079600,work,VÆRK-REGISTER,ANDRE FORFATTERE,Skuespil,(blank),Politiet (Lockroy og Rosier),Lockroy og Rosier,,,,,Lockroy og Rosier
WOR079650,work,VÆRK-REGISTER,ANDRE FORFATTERE,Skuespil,(blank),Den politiske Kandestøber (L. Holberg),L. Holberg,,,,,L. Holberg
WOR079700,work,VÆRK-REGISTER,ANDRE FORFATTERE,Skuespil,(blank),"Le Poltron (J. F. A. Bayard, Alphonse og Regnault)","J. F. A. Bayard, Alphonse, Regnault",,,,,"J. F. A. Bayard, Alphonse, Regnault"
WOR079750,work,VÆRK-REGISTER,ANDRE FORFATTERE,Skuespil,(blank),Polyeucte (Pierre Corneille),Pierre Corneille,,,,,Pierre Corneille
WOR079800,work,VÆRK-REGISTER,ANDRE FORFATTERE,Skuespil,(blank),Portraitet (H. Hertz),H. Hertz,,,,,H. Hertz
WOR079850,work,VÆRK-REGISTER,ANDRE FORFATTERE,Skuespil,(blank),Ein Posse als Medizin (Friedr. Kaiser),Friedrich Kaiser,,,,,Friedrich Kaiser
WOR079900,work,VÆRK-REGISTER,ANDRE FORFATTERE,Skuespil,(blank),Pottemager Walter (J. L. Hedberg),J. L. Heiberg,,,,,J. L. Heiberg
WOR079950,work,VÆRK-REGISTER,ANDRE FORFATTERE,Skuespil,(blank),Preciosa (Pius Alexander Wolff),Pius Alexander Wolff,,,,,Pius Alexander Wolff
WOR080000,work,VÆRK-REGISTER,ANDRE FORFATTERE,Skuespil,(blank),Prinz Friedrich von Homburg (Heinrich von Kleist),Heinrich von Kleist,,,,,Heinrich von Kleist
WOR080050,work,VÆRK-REGISTER,ANDRE FORFATTERE,Skuespil,(blank),La Prise de Pékin (Ad. Dennery),Ad. Dennery,,,,,Ad. Dennery
WOR080100,work,VÆRK-REGISTER,ANDRE FORFATTERE,Skuespil,(blank),Ein Prolog (L. Tieck),L. Tieck,,,,,L. Tieck
WOR080150,work,VÆRK-REGISTER,ANDRE FORFATTERE,Skuespil,(blank),Der Prozess (Roderich Benedix),Roderich Benedix,,,,,Roderich Benedix
WOR080200,work,VÆRK-REGISTER,ANDRE FORFATTERE,Skuespil,(blank),Qvindehævn (C. Hauch),C. Hauch,,,,,C. Hauch
WOR080250,work,VÆRK-REGISTER,ANDRE FORFATTERE,Skuespil,(blank),Qvækeren og Dandserinden (E. Scribe og Paul Duport),"E. Scribe, Paul Duport",,,,,"E. Scribe, Paul Duport"
WOR080300,work,VÆRK-REGISTER,ANDRE FORFATTERE,Skuespil,(blank),Rabagas (V. Sardou),V. Sardou,,,,,V. Sardou
WOR080350,work,VÆRK-REGISTER,ANDRE FORFATTERE,Skuespil,(blank),Rabbien og Ridderen (M. Goldschmidt),M. Goldschmidt,,,,,M. Goldschmidt
WOR080400,work,VÆRK-REGISTER,ANDRE FORFATTERE,Skuespil,(blank),"Ravnen (C. Gozzi, oversat af S. Meisling)",C. Gozzi,,,,,C. Gozzi
WOR080450,work,VÆRK-REGISTER,ANDRE FORFATTERE,Skuespil,(blank),Recensenten og Dyret (J. L. Heiberg),J. L. Heiberg,,,,,J. L. Heiberg
WOR080500,work,VÆRK-REGISTER,ANDRE FORFATTERE,Skuespil,(blank),Der rechte Weg (Johann Hutt),Johann Hutt,,,,,Johann Hutt
WOR080550,work,VÆRK-REGISTER,ANDRE FORFATTERE,Skuespil,(blank),Regina Dovagno (J. M. Firmenich-Richartz),J. M. Firmenich-Richartz,,,,,J. M. Firmenich-Richartz
WOR080600,work,VÆRK-REGISTER,ANDRE FORFATTERE,Skuespil,(blank),Die Reise zur Hochzeit (J. W. Lembert),J. W. Lembert,,,,,J. W. Lembert
WOR080650,work,VÆRK-REGISTER,ANDRE FORFATTERE,Skuespil,(blank),Et Reise-Eventyr (A. L. Arnesen),A. L. Arnesen,,,,,A. L. Arnesen
WOR080700,work,VÆRK-REGISTER,ANDRE FORFATTERE,Skuespil,(blank),Le Retour ou La suite du Michel et Christine (E. Scribe og J. H. Dupin),"E. Scribe, J. H. Dupin",,,,,"E. Scribe, J. H. Dupin"
WOR080750,work,VÆRK-REGISTER,ANDRE FORFATTERE,Skuespil,(blank),Richard III (W. Shakespeare),W. Shakespeare,,,,,W. Shakespeare
WOR080800,work,VÆRK-REGISTER,ANDRE FORFATTERE,Skuespil,(blank),Richards Wanderleben (efter det Engelske ved Johann Georg Kettel),Johann Georg Kettel,,,,,Johann Georg Kettel
WOR080850,work,VÆRK-REGISTER,ANDRE FORFATTERE,Skuespil,(blank),Et rigt Parti (Magdalene Thoresen),Magdalene Thoresen,,,,,Magdalene Thoresen
WOR080900,work,VÆRK-REGISTER,ANDRE FORFATTERE,Skuespil,(blank),"Ringen (Nr. 2) (George Farquhar, bearbeidet af F. L. Schröder)",George Farquhar,,,,,George Farquhar
WOR080950,work,VÆRK-REGISTER,ANDRE FORFATTERE,Skuespil,(blank),Roaga (Fr. von Kobell),Fr. von Kobell,,,,,Fr. von Kobell
WOR081000,work,VÆRK-REGISTER,ANDRE FORFATTERE,Skuespil,(blank),Robert und Bertram (Gustav Räder),Gustav Räder,,,,,Gustav Räder
WOR081050,work,VÆRK-REGISTER,ANDRE FORFATTERE,Skuespil,(blank),Romantiske Dramer. En Kjøbmands Datter og en Kongesøn. Drømmeren (J. M. Thiele),J. M. Thiele,,,,,J. M. Thiele
WOR081100,work,VÆRK-REGISTER,ANDRE FORFATTERE,Skuespil,(blank),Romeo e Giulietta (C. A. Warburg),C. A. Warburg,,,,,C. A. Warburg
WOR081150,work,VÆRK-REGISTER,ANDRE FORFATTERE,Skuespil,(blank),Romeo og Julie (W. Shakespeare),W. Shakespeare,,,,,W. Shakespeare
WOR081200,work,VÆRK-REGISTER,ANDRE FORFATTERE,Skuespil,(blank),Rosa og Rosita (Clara Andersen),Clara Andersen,,,,,Clara Andersen
WOR081250,work,VÆRK-REGISTER,ANDRE FORFATTERE,Skuespil,(blank),Rose und Röschen (Charlotte Birch-Pfeiffer),Charlotte Birch-Pfeiffer,,,,,Charlotte Birch-Pfeiffer
WOR081300,work,VÆRK-REGISTER,ANDRE FORFATTERE,Skuespil,(blank),Rubens i Madrid (Charlotte Birch-Pfeiffer),Charlotte Birch-Pfeiffer,,,,,Charlotte Birch-Pfeiffer
WOR081350,work,VÆRK-REGISTER,ANDRE FORFATTERE,Skuespil,(blank),La Rue de la Lune (Charles Varin og Boyer),"Charles Varin, Boyer",,,,,"Charles Varin, Boyer"
WOR081400,work,VÆRK-REGISTER,ANDRE FORFATTERE,Skuespil,(blank),Rübezahl (A. Oehlenschlæger),A. Oehlenschlæger,,,,,A. Oehlenschlæger
WOR081450,work,VÆRK-REGISTER,ANDRE FORFATTERE,Skuespil,(blank),Die Räuber (Fr. Von Schiller),Fr. Von Schiller,,,,,Fr. Von Schiller
WOR081500,work,VÆRK-REGISTER,ANDRE FORFATTERE,Skuespil,(blank),Røverborgen (A. Oehlenschlæger),A. Oehlenschlæger,,,,,A. Oehlenschlæger
WOR081550,work,VÆRK-REGISTER,ANDRE FORFATTERE,Skuespil,(blank),Salig Ferdinand (N. Fournier og G. Bondon),N. Fournier og G. Bondon,,,,,N. Fournier og G. Bondon
WOR081600,work,VÆRK-REGISTER,ANDRE FORFATTERE,Skuespil,(blank),Salomon de Caus (Andreas Munch),Andreas Munch,,,,,Andreas Munch
WOR081650,work,VÆRK-REGISTER,ANDRE FORFATTERE,Skuespil,(blank),Samlede Skuespil ved K. L. Rahbek l-IV (P. A. Heiberg),P. A. Heiberg,,,,,P. A. Heiberg
WOR081700,work,VÆRK-REGISTER,ANDRE FORFATTERE,Skuespil,(blank),Sankt Sebastian,,,,,,
WOR081750,work,VÆRK-REGISTER,ANDRE FORFATTERE,Skuespil,(blank),Sardanapal (Byron),Byron,,,,,Byron
WOR081800,work,VÆRK-REGISTER,ANDRE FORFATTERE,Skuespil,(blank),Sappho (Fr. Grillparzer),Fr. Grillparzer,,,,,Fr. Grillparzer
WOR081850,work,VÆRK-REGISTER,ANDRE FORFATTERE,Skuespil,(blank),Scapins Skalkestykker (Molière).,Molière,,,,,Molière
WOR081900,work,VÆRK-REGISTER,ANDRE FORFATTERE,Skuespil,(blank),Scheik Hassan (H. Hertz),H. Hertz,,,,,H. Hertz
WOR081950,work,VÆRK-REGISTER,ANDRE FORFATTERE,Skuespil,(blank),"Lo schiavo di S. Domingo [efter V. Hugos Roman Bug Jargal] (31.5.1846, Teatro Fiorentini, Napoli)",,,,,,
WOR082000,work,VÆRK-REGISTER,ANDRE FORFATTERE,Skuespil,(blank),Das Schloss Limburg (Benott-Joseph Marsollier),Benott-Joseph Marsollier,,,,,Benott-Joseph Marsollier
WOR082050,work,VÆRK-REGISTER,ANDRE FORFATTERE,Skuespil,(blank),Der Schneider und sein Sohn (Thomas Morton).,Thomas Morton,,,,,Thomas Morton
WOR082100,work,VÆRK-REGISTER,ANDRE FORFATTERE,Skuespil,(blank),School for Scandal (R. B. Sheridan)- Se ogsaa: Bagtalelsens Skole og Die Lästerschule,R. B. Sheridan,,,,,R. B. Sheridan
WOR082150,work,VÆRK-REGISTER,ANDRE FORFATTERE,Skuespil,(blank),Die Schuld (A. Müllner),A. Müllner,,,,,A. Müllner
WOR082200,work,VÆRK-REGISTER,ANDRE FORFATTERE,Skuespil,(blank),Die Schule der Verliebten (Karl Blum efter J. Sheridan Knowles: »The Love-Chase«),J. Sheridan Knowles,,,,,J. Sheridan Knowles
WOR082250,work,VÆRK-REGISTER,ANDRE FORFATTERE,Skuespil,(blank),Die Schule des Lebens (Ernst Raupach),Ernst Raupach,,,,,Ernst Raupach
WOR082300,work,VÆRK-REGISTER,ANDRE FORFATTERE,Skuespil,(blank),Die Schärpe und die Blume (Calderón de la Barca),Calderón de la Barca,,,,,Calderón de la Barca
WOR082350,work,VÆRK-REGISTER,ANDRE FORFATTERE,Skuespil,(blank),Seer Jer i Speil (Karl Töpfer)- Se ogsaa: Nehmt ein Exempel dran!,Karl Töpfer,,,,,Karl Töpfer
WOR082400,work,VÆRK-REGISTER,ANDRE FORFATTERE,Skuespil,(blank),Die seltsame Ehen (Albin von Meddlhammer),Albin von Meddlhammer,,,,,Albin von Meddlhammer
WOR082450,work,VÆRK-REGISTER,ANDRE FORFATTERE,Skuespil,(blank),Sie ist verheiratet (Friedrich Kaiser),Friedrich Kaiser,,,,,Friedrich Kaiser
WOR082500,work,VÆRK-REGISTER,ANDRE FORFATTERE,Skuespil,(blank),Sigurd Slembe (Bj. Bjørnson),Bj. Bjørnson,,,,,Bj. Bjørnson
WOR082550,work,VÆRK-REGISTER,ANDRE FORFATTERE,Skuespil,(blank),En Sjæl efter Døden (J. L. Heiberg),J. L. Heiberg,,,,,J. L. Heiberg
WOR082600,work,VÆRK-REGISTER,ANDRE FORFATTERE,Skuespil,(blank),Skam til Tak (Leopold Budde),Leopold Budde,,,,,Leopold Budde
WOR082650,work,VÆRK-REGISTER,ANDRE FORFATTERE,Skuespil,(blank),En Skavank (M. Goldschmidt),M. Goldschmidt,,,,,M. Goldschmidt
WOR082700,work,VÆRK-REGISTER,ANDRE FORFATTERE,Skuespil,(blank),Skibsværftet (H. Hertz),H. Hertz,,,,,H. Hertz
WOR082750,work,VÆRK-REGISTER,ANDRE FORFATTERE,Skuespil,(blank),"En Skillevæg (Calderón, bearbejdet af Benedicte Arnesen Kall)",Calderón,,,,,Calderón
WOR082800,work,VÆRK-REGISTER,ANDRE FORFATTERE,Skuespil,(blank),Skuespilleren imod sin Villie (Louis A. Dorvigny),Louis A. Dorvigny,,,,,Louis A. Dorvigny
WOR082850,work,VÆRK-REGISTER,ANDRE FORFATTERE,Skuespil,(blank),En Skærsommernatsdrøm (W. Shakespeare),W. Shakespeare,,,,,W. Shakespeare
WOR082900,work,VÆRK-REGISTER,ANDRE FORFATTERE,Skuespil,(blank),Slavinden (Cora ou l'esclavage) (Jules Barbier ved Erik Bøgh),Jules Barbier,,,,,Jules Barbier
WOR082950,work,VÆRK-REGISTER,ANDRE FORFATTERE,Skuespil,(blank),Slouet i Poitou (Mademoiselle de la Seiglière) (Jules Sandeau)- Se ogsaa: Mejonkvrouw de La Seiglière,Jules Sandeau,,,,,Jules Sandeau
WOR083000,work,VÆRK-REGISTER,ANDRE FORFATTERE,Skuespil,(blank),Slægtningerne (Henriette Nielsen),Henriette Nielsen,,,,,Henriette Nielsen
WOR083050,work,VÆRK-REGISTER,ANDRE FORFATTERE,Skuespil,(blank),Smeden i Neumark (Wilh. Holst),Wilh. Holst,,,,,Wilh. Holst
WOR083100,work,VÆRK-REGISTER,ANDRE FORFATTERE,Skuespil,(blank),Der Sohn der Wildnis (Fr. Halm).,Fr. Halm,,,,,Fr. Halm
WOR083150,work,VÆRK-REGISTER,ANDRE FORFATTERE,Skuespil,(blank),Der Sohn der Elfen (A. E. Wollheim da Fonseca),A. E. Wollheim da Fonseca,,,,,A. E. Wollheim da Fonseca
WOR083200,work,VÆRK-REGISTER,ANDRE FORFATTERE,Skuespil,(blank),Der Sohn der Wildnis (Ørkenens Søn) (Fr. Halm)- Se ogsaa: Ørkenens Søn,Fr. Halm,,,,,Fr. Halm
WOR083250,work,VÆRK-REGISTER,ANDRE FORFATTERE,Skuespil,(blank),Sokrates (Ludw. Eckardt),Ludw. Eckardt,,,,,Ludw. Eckardt
WOR083300,work,VÆRK-REGISTER,ANDRE FORFATTERE,Skuespil,(blank),"Solaces de un prisionero (Ángel de Saavedra, Hertug af Rivas)",Ángel de Saavedra,,,,,Ángel de Saavedra
WOR083350,work,VÆRK-REGISTER,ANDRE FORFATTERE,Skuespil,(blank),Der Soldat ganz allein (I. F. Castelli),I. F. Castelli,,,,,I. F. Castelli
WOR083400,work,VÆRK-REGISTER,ANDRE FORFATTERE,Skuespil,(blank),Soldaterløier (C. Hostrup),C. Hostrup,,,,,C. Hostrup
WOR083450,work,VÆRK-REGISTER,ANDRE FORFATTERE,Skuespil,(blank),Soldaterne (C. G. H. Arresto),C. G. H. Arresto,,,,,C. G. H. Arresto
WOR083500,work,VÆRK-REGISTER,ANDRE FORFATTERE,Skuespil,(blank),"Der Sonnenwendhof (S. H. Mosenthal)- Se ogsaa: En Landsbyhistorie (H. C. Andersen, Sp. 61)",S. H. Mosenthal,,,,,S. H. Mosenthal
WOR083550,work,VÆRK-REGISTER,ANDRE FORFATTERE,Skuespil,(blank),Sonnes Frieri (Ilia Fibiger),Ilia Fibiger,,,,,Ilia Fibiger
WOR083600,work,VÆRK-REGISTER,ANDRE FORFATTERE,Skuespil,(blank),"Sophie Arnoud (A. de Leuven, De Forges og Ph. Dumanoir)","A. de Leuven, De Forges, Ph. Dumanoir",,,,,"A. de Leuven, De Forges, Ph. Dumanoir"
WOR083650,work,VÆRK-REGISTER,ANDRE FORFATTERE,Skuespil,(blank),"Les Soupers de carneval (Charles Varin, F. A. Duvert og Paul de Kock)","Charles Varin, F. A. Duvert, Paul de Kock",,,,,"Charles Varin, F. A. Duvert, Paul de Kock"
WOR083700,work,VÆRK-REGISTER,ANDRE FORFATTERE,Skuespil,(blank),"Sourde-oreille (6.5.1843, Théâtre Comte, Paris)",,,,,,
WOR083750,work,VÆRK-REGISTER,ANDRE FORFATTERE,Skuespil,(blank),"Sous clé (A. De Forges, Dumanoir og A. de Leuven)","A. De Forges, Dumanoir, A. de Leuven",,,,,"A. De Forges, Dumanoir, A. de Leuven"
WOR083800,work,VÆRK-REGISTER,ANDRE FORFATTERE,Skuespil,(blank),Spanisches Theater (A. W. Schlegel),A. W. Schlegel,,,,,A. W. Schlegel
WOR083850,work,VÆRK-REGISTER,ANDRE FORFATTERE,Skuespil,(blank),Sparekassen (H. Hertz),H. Hertz,,,,,H. Hertz
WOR083900,work,VÆRK-REGISTER,ANDRE FORFATTERE,Skuespil,(blank),"Spionen af den fornemme Verden (efter de Saint-Georges’ Roman »L’espion du grand monde«, oversat af Th. Andersen)",de Saint-Georges,,,,,de Saint-Georges
WOR083950,work,VÆRK-REGISTER,ANDRE FORFATTERE,Skuespil,(blank),Språkmästaren (Sproglæreren) (Thomasine Gyllembourg),Thomasine Gyllembourg,,,,,Thomasine Gyllembourg
WOR084000,work,VÆRK-REGISTER,ANDRE FORFATTERE,Skuespil,(blank),En Spurv i Tranedands (C. Hostrup),C. Hostrup,,,,,C. Hostrup
WOR084050,work,VÆRK-REGISTER,ANDRE FORFATTERE,Skuespil,(blank),"Spøg ikke dermed! (Calderón, frit bearbejdet af Benedicte Arnesen Kall)",Calderón,,,,,Calderón
WOR084100,work,VÆRK-REGISTER,ANDRE FORFATTERE,Skuespil,(blank),Staberls Reise durch die Luft (A. Bäuerle),A. Bäuerle,,,,,A. Bäuerle
WOR084150,work,VÆRK-REGISTER,ANDRE FORFATTERE,Skuespil,(blank),Staberls Reiseabenteuer (A. Bäuerle),A. Bäuerle,,,,,A. Bäuerle
WOR084200,work,VÆRK-REGISTER,ANDRE FORFATTERE,Skuespil,(blank),Statsmand og Borger (E. Scribe),E. Scribe,,,,,E. Scribe
WOR084250,work,VÆRK-REGISTER,ANDRE FORFATTERE,Skuespil,(blank),Stevnemødet i Ermelunden (Efter Dumanoirs »Les femmes terribles« af Erik Bøgh),Dumanoir,,,,,Dumanoir
WOR084300,work,VÆRK-REGISTER,ANDRE FORFATTERE,Skuespil,(blank),Stormen (W. Shakespeare)- Se ogsaa: The Tempest,W. Shakespeare,,,,,W. Shakespeare
WOR084350,work,VÆRK-REGISTER,ANDRE FORFATTERE,Skuespil,(blank),Stradella (efter det franske ved J. Davidsen),J. Davidsen,,,,,J. Davidsen
WOR084400,work,VÆRK-REGISTER,ANDRE FORFATTERE,Skuespil,(blank),Der Streichmacher (Karl Meisl),Karl Meisl,,,,,Karl Meisl
WOR084450,work,VÆRK-REGISTER,ANDRE FORFATTERE,Skuespil,(blank),Struensee (Heinrich Laube),Heinrich Laube,,,,,Heinrich Laube
WOR084500,work,VÆRK-REGISTER,ANDRE FORFATTERE,Skuespil,(blank),Struensee (H. J. Schimmel),H. J. Schimmel,,,,,H. J. Schimmel
WOR084550,work,VÆRK-REGISTER,ANDRE FORFATTERE,Skuespil,(blank),Stuen og første Sal (J. N. Nestroy),J. N. Nestroy,,,,,J. N. Nestroy
WOR084600,work,VÆRK-REGISTER,ANDRE FORFATTERE,Skuespil,(blank),Den Stundesløse (L. Holberg),L. Holberg,,,,,L. Holberg
WOR084650,work,VÆRK-REGISTER,ANDRE FORFATTERE,Skuespil,(blank),Stærkodder (A. Oehlenschlæger),A. Oehlenschlæger,,,,,A. Oehlenschlæger
WOR084700,work,VÆRK-REGISTER,ANDRE FORFATTERE,Skuespil,(blank),Le Succès (F. A. Harel),F. A. Harel,,,,,F. A. Harel
WOR084750,work,VÆRK-REGISTER,ANDRE FORFATTERE,Skuespil,(blank),Sullivan (Mélesville),Mélesville,,,,,Mélesville
WOR084800,work,VÆRK-REGISTER,ANDRE FORFATTERE,Skuespil,(blank),Svanehammen (H. Hertz),H. Hertz,,,,,H. Hertz
WOR084850,work,VÆRK-REGISTER,ANDRE FORFATTERE,Skuespil,(blank),Et Svar (J. Krohn),J. Krohn,,,,,J. Krohn
WOR084900,work,VÆRK-REGISTER,ANDRE FORFATTERE,Skuespil,(blank),Svend Dyrings Huus (H. Hertz),H. Hertz,,,,,H. Hertz
WOR084950,work,VÆRK-REGISTER,ANDRE FORFATTERE,Skuespil,(blank),Svogeren fra Californien (H. Hertz),H. Hertz,,,,,H. Hertz
WOR085000,work,VÆRK-REGISTER,ANDRE FORFATTERE,Skuespil,(blank),Swenska Sprätthöken (Karl Gyllenborg),Karl Gyllenborg,,,,,Karl Gyllenborg
WOR085050,work,VÆRK-REGISTER,ANDRE FORFATTERE,Skuespil,(blank),Sylvesternat (Charlotte Birch-Pfeiffer),Charlotte Birch-Pfeiffer,,,,,Charlotte Birch-Pfeiffer
WOR085100,work,VÆRK-REGISTER,ANDRE FORFATTERE,Skuespil,(blank),"Syv militaire Piger (Francis, Armand og Théaulon, bearbejdet af L. Angely)","Francis, Armand og Théaulon",,,,,"Francis, Armand og Théaulon"
WOR085150,work,VÆRK-REGISTER,ANDRE FORFATTERE,Skuespil,(blank),Syvsoverdag (J. L. Heiberg),J. L. Heiberg,,,,,J. L. Heiberg
WOR085200,work,VÆRK-REGISTER,ANDRE FORFATTERE,Skuespil,(blank),En Søndag paa Amager (Johanne Luise Heiberg),Johanne Luise Heiberg,,,,,Johanne Luise Heiberg
WOR085250,work,VÆRK-REGISTER,ANDRE FORFATTERE,Skuespil,(blank),Søstrene paa Kinnekullen (C. Hauch),C. Hauch,,,,,C. Hauch
WOR085300,work,VÆRK-REGISTER,ANDRE FORFATTERE,Skuespil,(blank),T. F. oder der Enthusiast (L. M. Erich),L. M. Erich,,,,,L. M. Erich
WOR085350,work,VÆRK-REGISTER,ANDRE FORFATTERE,Skuespil,(blank),Ein Tag Carl Stuart des Zweiten (J. B. Zahlhas),J. B. Zahlhas,,,,,J. B. Zahlhas
WOR085400,work,VÆRK-REGISTER,ANDRE FORFATTERE,Skuespil,(blank),Der Tagesbefehl (Karl Töpfer),Karl Töpfer,,,,,Karl Töpfer
WOR085450,work,VÆRK-REGISTER,ANDRE FORFATTERE,Skuespil,(blank),Tak! (Erik Bøgh),Erik Bøgh,,,,,Erik Bøgh
WOR085500,work,VÆRK-REGISTER,ANDRE FORFATTERE,Skuespil,(blank),Der Talisman (J. N. Nestroy),J. N. Nestroy,,,,,J. N. Nestroy
WOR085550,work,VÆRK-REGISTER,ANDRE FORFATTERE,Skuespil,(blank),En Tantes Ideer (Henri Nicolle),Henri Nicolle,,,,,Henri Nicolle
WOR085600,work,VÆRK-REGISTER,ANDRE FORFATTERE,Skuespil,(blank),"Tanto vales cuanto tienes (Ángel de Saavedra, Hertug af Rivas)",Ángel de Saavedra,,,,,Ángel de Saavedra
WOR085650,work,VÆRK-REGISTER,ANDRE FORFATTERE,Skuespil,(blank),Tartuffe (Molière),Molière,,,,,Molière
WOR085700,work,VÆRK-REGISTER,ANDRE FORFATTERE,Skuespil,(blank),Das Taschenbuch (A. von Kotzebue),A. von Kotzebue,,,,,A. von Kotzebue
WOR085750,work,VÆRK-REGISTER,ANDRE FORFATTERE,Skuespil,(blank),Une Tasse du thé (Charles Nuitter og Joseph Derley),"Charles Nuitter, Joseph Derley",,,,,"Charles Nuitter, Joseph Derley"
WOR085800,work,VÆRK-REGISTER,ANDRE FORFATTERE,Skuespil,(blank),The Tempest (W. Shakespeare)- Se ogsaa: Stormen,W. Shakespeare,,,,,W. Shakespeare
WOR085850,work,VÆRK-REGISTER,ANDRE FORFATTERE,Skuespil,(blank),"Tempora mutantur, oder Die gestrengen Herren (Karl Blum)",Karl Blum,,,,,Karl Blum
WOR085900,work,VÆRK-REGISTER,ANDRE FORFATTERE,Skuespil,(blank),Ho thanatos tou Markou Botzare (Theodoras Alkaios),Theodoras Alkaios,,,,,Theodoras Alkaios
WOR085950,work,VÆRK-REGISTER,ANDRE FORFATTERE,Skuespil,(blank),Théâtre complet (Alfred de Vigny),Alfred de Vigny,,,,,Alfred de Vigny
WOR086000,work,VÆRK-REGISTER,ANDRE FORFATTERE,Skuespil,(blank),Thomas Thyrnau (Charlotte Birch-Pfeiffer),Charlotte Birch-Pfeiffer,,,,,Charlotte Birch-Pfeiffer
WOR086050,work,VÆRK-REGISTER,ANDRE FORFATTERE,Skuespil,(blank),Tiderne skifte (Fr. Paludan-Müller),Fr. Paludan-Müller,,,,,Fr. Paludan-Müller
WOR086100,work,VÆRK-REGISTER,ANDRE FORFATTERE,Skuespil,(blank),Til Sæters (C. P. Riis),C. P. Riis,,,,,C. P. Riis
WOR086150,work,VÆRK-REGISTER,ANDRE FORFATTERE,Skuespil,(blank),"De to Armringe (= Landet fundet og forsvundet, 1. Akt) (A. Oehlenschlæger)",A. Oehlenschlæger,,,,,A. Oehlenschlæger
WOR086200,work,VÆRK-REGISTER,ANDRE FORFATTERE,Skuespil,(blank),To Cousiner (E. F. Koch),E. F. Koch,,,,,E. F. Koch
WOR086250,work,VÆRK-REGISTER,ANDRE FORFATTERE,Skuespil,(blank),To Søstre (Ilia Fibiger),Ilia Fibiger,,,,,Ilia Fibiger
WOR086300,work,VÆRK-REGISTER,ANDRE FORFATTERE,Skuespil,(blank),To Tidsaldre eller Prindsessen i den sovende Skov (Octave Feuillet),Octave Feuillet,,,,,Octave Feuillet
WOR086350,work,VÆRK-REGISTER,ANDRE FORFATTERE,Skuespil,(blank),Tonietta (H. Hertz),H. Hertz,,,,,H. Hertz
WOR086400,work,VÆRK-REGISTER,ANDRE FORFATTERE,Skuespil,(blank),Tordenskjold i Marstrand (Carit Etlar),Carit Etlar,,,,,Carit Etlar
WOR086450,work,VÆRK-REGISTER,ANDRE FORFATTERE,Skuespil,(blank),Tordenveir (C. Hostrup),C. Hostrup,,,,,C. Hostrup
WOR086500,work,VÆRK-REGISTER,ANDRE FORFATTERE,Skuespil,(blank),Touboulic-le-Cruel (A. Decomberousse),A. Decomberousse,,,,,A. Decomberousse
WOR086550,work,VÆRK-REGISTER,ANDRE FORFATTERE,Skuespil,(blank),Le Tour de Nesle (A. Dumas père),A. Dumas pere,,,,,A. Dumas pere
WOR086600,work,VÆRK-REGISTER,ANDRE FORFATTERE,Skuespil,(blank),En Tour til Armeen (H. P. Holst),H. P. Holst,,,,,H. P. Holst
WOR086650,work,VÆRK-REGISTER,ANDRE FORFATTERE,Skuespil,(blank),Touristen i Nordsjælland (Studenterforestilling 4.4.1868 i Casino),,,,,,
WOR086700,work,VÆRK-REGISTER,ANDRE FORFATTERE,Skuespil,(blank),"Il tratto (18.2.1841, Teatro Aliberti, Rom)",,,,,,
WOR086750,work,VÆRK-REGISTER,ANDRE FORFATTERE,Skuespil,(blank),Das Trauerspiel in Tirol (K. Immermann),K. Immermann,,,,,K. Immermann
WOR086800,work,VÆRK-REGISTER,ANDRE FORFATTERE,Skuespil,(blank),Tre Dage i Padua (H. Hertz),H. Hertz,,,,,H. Hertz
WOR086850,work,VÆRK-REGISTER,ANDRE FORFATTERE,Skuespil,(blank),De tre Musketerer (M. W. Brun),M. W. Brun,,,,,M. W. Brun
WOR086900,work,VÆRK-REGISTER,ANDRE FORFATTERE,Skuespil,(blank),"l tre negozianti da ligne (4.3.1841, Teatro Carlino, Napoli)",,,,,,
WOR086950,work,VÆRK-REGISTER,ANDRE FORFATTERE,Skuespil,(blank),"De tre Policineller (Le tre pulcinelle) (7.1.1841, Teatro della Pace, Rom)",,,,,,
WOR087000,work,VÆRK-REGISTER,ANDRE FORFATTERE,Skuespil,(blank),Den trekantede Hat (Villiam Faber),Villiam Faber,,,,,Villiam Faber
WOR087050,work,VÆRK-REGISTER,ANDRE FORFATTERE,Skuespil,(blank),Les trois Catherines (Paul Duport),Paul Duport,,,,,Paul Duport
WOR087100,work,VÆRK-REGISTER,ANDRE FORFATTERE,Skuespil,(blank),Turandot (Carlo Gozzi),Carlo Gozzi,,,,,Carlo Gozzi
WOR087150,work,VÆRK-REGISTER,ANDRE FORFATTERE,Skuespil,(blank),Tycho Brahes Ungdom (C. Hauch),C. Hauch,,,,,C. Hauch
WOR087200,work,VÆRK-REGISTER,ANDRE FORFATTERE,Skuespil,(blank),Et ubekjendt Mesterværk (Charles Lafont),Charles Lafont,,,,,Charles Lafont
WOR087250,work,VÆRK-REGISTER,ANDRE FORFATTERE,Skuespil,(blank),Ude og hjemme (Bayard og de Wailly),"Bayard, de Wailly",,,,,"Bayard, de Wailly"
WOR087300,work,VÆRK-REGISTER,ANDRE FORFATTERE,Skuespil,(blank),Uden Hoved og Hale (L. Holberg),L. Holberg,,,,,L. Holberg
WOR087350,work,VÆRK-REGISTER,ANDRE FORFATTERE,Skuespil,(blank),Ulysses von Ithacia (L. Holberg),L. Holberg,,,,,L. Holberg
WOR087400,work,VÆRK-REGISTER,ANDRE FORFATTERE,Skuespil,(blank),Uncle John (John Baldwin Buckstone),John Baldwin Buckstone,,,,,John Baldwin Buckstone
WOR087450,work,VÆRK-REGISTER,ANDRE FORFATTERE,Skuespil,(blank),Under Revolutionen (Efter Alex. Dumas og Maquct af Paul Marcussen),"Alex. Dumas, Maquet",,,,,"Alex. Dumas, Maquet"
WOR087500,work,VÆRK-REGISTER,ANDRE FORFATTERE,Skuespil,(blank),En ung flickas dagbok (Eugene Cormon og Grangé),"Eugene Cormon, Grangé",,,,,"Eugene Cormon, Grangé"
WOR087550,work,VÆRK-REGISTER,ANDRE FORFATTERE,Skuespil,(blank),Unge Mennesker (Léon Laya),Léon Laya,,,,,Léon Laya
WOR087600,work,VÆRK-REGISTER,ANDRE FORFATTERE,Skuespil,(blank),De Unges Forbund (H. Ibsen),H. Ibsen,,,,,H. Ibsen
WOR087650,work,VÆRK-REGISTER,ANDRE FORFATTERE,Skuespil,(blank),De Usynlige (L. Holberg),L. Holberg,,,,,L. Holberg
WOR087700,work,VÆRK-REGISTER,ANDRE FORFATTERE,Skuespil,(blank),Val och qval (P. Siraudin og Th. de Langeac),"P. Siraudin, Th. de Langeac",,,,,"P. Siraudin, Th. de Langeac"
WOR087750,work,VÆRK-REGISTER,ANDRE FORFATTERE,Skuespil,(blank),Valbygaasen (Erik Bøgh),Erik Bøgh,,,,,Erik Bøgh
WOR087800,work,VÆRK-REGISTER,ANDRE FORFATTERE,Skuespil,(blank),Die Valentine (Gustav Freytag),Gustav Freytag,,,,,Gustav Freytag
WOR087850,work,VÆRK-REGISTER,ANDRE FORFATTERE,Skuespil,(blank),Valérie (E. Scribe og Mélesville),"E. Scribe, Mélesville",,,,,"E. Scribe, Mélesville"
WOR087900,work,VÆRK-REGISTER,ANDRE FORFATTERE,Skuespil,(blank),Valeur & Compagnie (Bayard og Devorme),"Bayard, Devorme",,,,,"Bayard, Devorme"
WOR087950,work,VÆRK-REGISTER,ANDRE FORFATTERE,Skuespil,(blank),Valgerda (J. L. Heiberg),J. L. Heiberg,,,,,J. L. Heiberg
WOR088000,work,VÆRK-REGISTER,ANDRE FORFATTERE,Skuespil,(blank),Ved Dannevirke (H. P. Holst),H. P. Holst,,,,,H. P. Holst
WOR088050,work,VÆRK-REGISTER,ANDRE FORFATTERE,Skuespil,(blank),La Vendetta (Ph. Fr. P. Dumanoir og Paul Siraudin),"Ph. Fr. P. Dumanoir, Paul Siraudin",,,,,"Ph. Fr. P. Dumanoir, Paul Siraudin"
WOR088100,work,VÆRK-REGISTER,ANDRE FORFATTERE,Skuespil,(blank),Verbrechen aus Ehrsucht (A. W. Iffland),A. W. Iffland,,,,,A. W. Iffland
WOR088150,work,VÆRK-REGISTER,ANDRE FORFATTERE,Skuespil,(blank),Vermländingarne (Frederik August Dahlgren),Frederik August Dahlgren,,,,,Frederik August Dahlgren
WOR088200,work,VÆRK-REGISTER,ANDRE FORFATTERE,Skuespil,(blank),Une Verre d'eau (E. Scribe)- Se ogsaa: Et Glas Vand,E. Scribe,,,,,E. Scribe
WOR088250,work,VÆRK-REGISTER,ANDRE FORFATTERE,Skuespil,(blank),Der Verschwender (Ferd. Raimund),Ferd. Raimund,,,,,Ferd. Raimund
WOR088300,work,VÆRK-REGISTER,ANDRE FORFATTERE,Skuespil,(blank),Der verwünschene Prinz (A. Bäuerle),A. Bäuerle,,,,,A. Bäuerle
WOR088350,work,VÆRK-REGISTER,ANDRE FORFATTERE,Skuespil,(blank),Die verwünschte Prinzessin (Gustav Räder),Gustav Räder,,,,,Gustav Räder
WOR088400,work,VÆRK-REGISTER,ANDRE FORFATTERE,Skuespil,(blank),"Et Vidunder (Varin og de Biéville, ved P. Chievitz og A. Recke)",Varin og de Biéville,,,,,Varin og de Biéville
WOR088450,work,VÆRK-REGISTER,ANDRE FORFATTERE,Skuespil,(blank),Viel Lärmen um nichts (Much Ado about Nothing) (W. Shakespeare),W. Shakespeare,,,,,W. Shakespeare
WOR088500,work,VÆRK-REGISTER,ANDRE FORFATTERE,Skuespil,(blank),Et Vinter-Eventyr (W. Shakespeare),W. Shakespeare,,,,,W. Shakespeare
WOR088550,work,VÆRK-REGISTER,ANDRE FORFATTERE,Skuespil,(blank),Viola oder Was lhr wollt (Twelfth-Night) (W. Shakespeare),W. Shakespeare,,,,,W. Shakespeare
WOR088600,work,VÆRK-REGISTER,ANDRE FORFATTERE,Skuespil,(blank),Voilà la chose (Ernest Blum og Alex. Flan),"Ernest Blum, Alex. Flan",,,,,"Ernest Blum, Alex. Flan"
WOR088650,work,VÆRK-REGISTER,ANDRE FORFATTERE,Skuespil,(blank),Die Vorleserin (La lectrice) (J. F. A. Bayard),J. F. A. Bayard,,,,,J. F. A. Bayard
WOR088700,work,VÆRK-REGISTER,ANDRE FORFATTERE,Skuespil,(blank),Eine vornehme Ehe (Octave Feuillet),Octave Feuillet,,,,,Octave Feuillet
WOR088750,work,VÆRK-REGISTER,ANDRE FORFATTERE,Skuespil,(blank),Der Vorsatz (Franz von Holbein),Franz von Holbein,,,,,Franz von Holbein
WOR088800,work,VÆRK-REGISTER,ANDRE FORFATTERE,Skuespil,(blank),"Voyage entre ciel et terre (Felix-Auguste Duvert, Augustin, Théodore Lauzanne de Vauroussel og Paul Duport)","Felix-Auguste Duvert, Augustin, Théodore Lauzanne de Vauroussel, Paul Duport",,,,,"Felix-Auguste Duvert, Augustin, Théodore Lauzanne de Vauroussel, Paul Duport"
WOR088850,work,VÆRK-REGISTER,ANDRE FORFATTERE,Skuespil,(blank),De Vrouwe van Waardenburg (Jacob van Lennep),Jacob van Lennep,,,,,Jacob van Lennep
WOR088900,work,VÆRK-REGISTER,ANDRE FORFATTERE,Skuespil,(blank),De Vrouwenhoeden (efter det Franske af J. Both J. Jzn.),J. Both J. Jzn.,,,,,J. Both J. Jzn.
WOR088950,work,VÆRK-REGISTER,ANDRE FORFATTERE,Skuespil,(blank),Den Vægelsindede (L. Holberg),L. Holberg,,,,,L. Holberg
WOR089000,work,VÆRK-REGISTER,ANDRE FORFATTERE,Skuespil,(blank),Væringerne i Miklagard (A. Oehlenschlæger),A. Oehlenschlæger,,,,,A. Oehlenschlæger
WOR089050,work,VÆRK-REGISTER,ANDRE FORFATTERE,Skuespil,(blank),Le Wagon des dames (Clairville og O. Gastineau),"Clairville, O. Gastineau",,,,,"Clairville, O. Gastineau"
WOR089100,work,VÆRK-REGISTER,ANDRE FORFATTERE,Skuespil,(blank),Die Waise aus Lowood (Charlotte Birch-Pfeiffer),Charlotte Birch-Pfeiffer,,,,,Charlotte Birch-Pfeiffer
WOR089150,work,VÆRK-REGISTER,ANDRE FORFATTERE,Skuespil,(blank),Wallenstein (Fr. von Schiller),Fr. von Schiller,,,,,Fr. von Schiller
WOR089200,work,VÆRK-REGISTER,ANDRE FORFATTERE,Skuespil,(blank),Wallensteins Lager (Fr. von Schiller),Fr. von Schiller,,,,,Fr. von Schiller
WOR089250,work,VÆRK-REGISTER,ANDRE FORFATTERE,Skuespil,(blank),Wallensteins Tod (Fr. von Schiller),Fr. von Schiller,,,,,Fr. von Schiller
WOR089300,work,VÆRK-REGISTER,ANDRE FORFATTERE,Skuespil,(blank),Der Weiberfeind (R. Benedix),R. Benedix,,,,,R. Benedix
WOR089350,work,VÆRK-REGISTER,ANDRE FORFATTERE,Skuespil,(blank),Die weisse Pekésche (Karl Töpfer),Karl Töpfer,,,,,Karl Töpfer
WOR089400,work,VÆRK-REGISTER,ANDRE FORFATTERE,Skuespil,(blank),"Ein weisser Othello (Un Tigre de Bengale) (Ed. Brisebarre, overs. af Wilh. Friedrich)",Ed. Brisebarre,,,,,Ed. Brisebarre
WOR089450,work,VÆRK-REGISTER,ANDRE FORFATTERE,Skuespil,(blank),Wer iszt mit? (W. Friedrich efter Desaugiers),W. Friedrich,,,,,W. Friedrich
WOR089500,work,VÆRK-REGISTER,ANDRE FORFATTERE,Skuespil,(blank),Werner oder Herz und Welt (Karl Gutzkow),Karl Gutzkow,,,,,Karl Gutzkow
WOR089550,work,VÆRK-REGISTER,ANDRE FORFATTERE,Skuespil,(blank),Der Widerspenstigen Zähmung (Taming of the Shrew) (W. Shakespeare),W. Shakespeare,,,,,W. Shakespeare
WOR089600,work,VÆRK-REGISTER,ANDRE FORFATTERE,Skuespil,(blank),Die Wiener in Berlin (Karl von Holtei),Karl von Holtei,,,,,Karl von Holtei
WOR089650,work,VÆRK-REGISTER,ANDRE FORFATTERE,Skuespil,(blank),Die Wiener in Paris (Karl von Holtei),Karl von Holtei,,,,,Karl von Holtei
WOR089700,work,VÆRK-REGISTER,ANDRE FORFATTERE,Skuespil,(blank),Wilhelm Tell (Fr. von Schiller),Fr. von Schiller,,,,,Fr. von Schiller
WOR089750,work,VÆRK-REGISTER,ANDRE FORFATTERE,Skuespil,(blank),William Shakespeare (C. J. Boye),C. J. Boye,,,,,C. J. Boye
WOR089800,work,VÆRK-REGISTER,ANDRE FORFATTERE,Skuespil,(blank),Über allen Zauber Liebe (Calderón de la Barca),Calderón de la Barca,,,,,Calderón de la Barca
WOR089850,work,VÆRK-REGISTER,ANDRE FORFATTERE,Skuespil,(blank),"Yelva (Scribe, de Villeneuve og Desvergers)","Scribe, de Villeneuve, Desvergers",,,,,"Scribe, de Villeneuve, Desvergers"
WOR089900,work,VÆRK-REGISTER,ANDRE FORFATTERE,Skuespil,(blank),Den Yngste (H. Hertz),H. Hertz,,,,,H. Hertz
WOR089950,work,VÆRK-REGISTER,ANDRE FORFATTERE,Skuespil,(blank),Yrsa (A. Oehlenschlæger),A. Oehlenschlæger,,,,,A. Oehlenschlæger
WOR090000,work,VÆRK-REGISTER,ANDRE FORFATTERE,Skuespil,(blank),Zar Fedor Iwanowitsch (Alexej Tolstoj),Alexej Tolstoj,,,,,Alexej Tolstoj
WOR090050,work,VÆRK-REGISTER,ANDRE FORFATTERE,Skuespil,(blank),Zopf und Schwert (Karl Gutzkow),Karl Gutzkow,,,,,Karl Gutzkow
WOR090100,work,VÆRK-REGISTER,ANDRE FORFATTERE,Skuespil,(blank),Der Zunftmeister von Nürnberg (Oskar Redwitz),Oskar Redwitz,,,,,Oskar Redwitz
WOR090150,work,VÆRK-REGISTER,ANDRE FORFATTERE,Skuespil,(blank),Die zwei Ärzte (Alexander Baumann),Alexander Baumann,,,,,Alexander Baumann
WOR090200,work,VÆRK-REGISTER,ANDRE FORFATTERE,Skuespil,(blank),Ægteskabspolitik (A. Thornam),A. Thornam,,,,,A. Thornam
WOR090250,work,VÆRK-REGISTER,ANDRE FORFATTERE,Skuespil,(blank),Ørkenens Søn (Fr. Halm)- Se ogsaa: Der Sohn der Wildnis,Fr. Halm,,,,,Fr. Halm
WOR090300,work,VÆRK-REGISTER,ANDRE FORFATTERE,Skuespil,(blank),Østergade og Vestergade (Th. Overskou),Th. Overskou,,,,,Th. Overskou
WOR090350,work,VÆRK-REGISTER,ANDRE FORFATTERE,"Romaner, Noveller, Eventyr",(blank),Aaen og Havet (Thomas Lange),Thomas Lange,,,,,Thomas Lange
WOR090400,work,VÆRK-REGISTER,ANDRE FORFATTERE,"Romaner, Noveller, Eventyr",(blank),Abdallah eller Firkløveret (E. Laboulaye),E. Laboulaye,,,,,E. Laboulaye
WOR090450,work,VÆRK-REGISTER,ANDRE FORFATTERE,"Romaner, Noveller, Eventyr",(blank),Die Abderiten (C. M. Wieland),C. M. Wieland,,,,,C. M. Wieland
WOR090500,work,VÆRK-REGISTER,ANDRE FORFATTERE,"Romaner, Noveller, Eventyr",(blank),Die Adoptivtochter (Karoline von Göhren Ͻ: Karoline von Zöllner),Karoline von Zöllner,,,,,Karoline von Zöllner
WOR090550,work,VÆRK-REGISTER,ANDRE FORFATTERE,"Romaner, Noveller, Eventyr",(blank),Alice (Edward Bulwer),Edward Bulwer,,,,,Edward Bulwer
WOR090600,work,VÆRK-REGISTER,ANDRE FORFATTERE,"Romaner, Noveller, Eventyr",(blank),Anna-Capri (L. Kruse),L. Kruse,,,,,L. Kruse
WOR090650,work,VÆRK-REGISTER,ANDRE FORFATTERE,"Romaner, Noveller, Eventyr",(blank),Araberen i Constantinopel (B. S. Ingemann),B. S. Ingemann,,,,,B. S. Ingemann
WOR090700,work,VÆRK-REGISTER,ANDRE FORFATTERE,"Romaner, Noveller, Eventyr",(blank),Arne (Bj. Bjørnson),Bj. Bjørnson,,,,,Bj. Bjørnson
WOR090750,work,VÆRK-REGISTER,ANDRE FORFATTERE,"Romaner, Noveller, Eventyr",(blank),Asschepoester (J. P. Heye),J. P. Heye,,,,,J. P. Heye
WOR090800,work,VÆRK-REGISTER,ANDRE FORFATTERE,"Romaner, Noveller, Eventyr",(blank),Avromche Nattergal (M. Goldschmidt),M. Goldschmidt,,,,,M. Goldschmidt
WOR090850,work,VÆRK-REGISTER,ANDRE FORFATTERE,"Romaner, Noveller, Eventyr",(blank),Barfüssele (B. Auerbach),B. Auerbach,,,,,B. Auerbach
WOR090900,work,VÆRK-REGISTER,ANDRE FORFATTERE,"Romaner, Noveller, Eventyr",(blank),Bertha Coppier (J. I. D. Nepveu),J. I. D. Nepveu,,,,,J. I. D. Nepveu
WOR090950,work,VÆRK-REGISTER,ANDRE FORFATTERE,"Romaner, Noveller, Eventyr",(blank),Bilder aus dem Leben (Julie Burow),Julie Burow,,,,,Julie Burow
WOR091000,work,VÆRK-REGISTER,ANDRE FORFATTERE,"Romaner, Noveller, Eventyr",(blank),Bleak House (Charles Dickens),Charles Dickens,,,,,Charles Dickens
WOR091050,work,VÆRK-REGISTER,ANDRE FORFATTERE,"Romaner, Noveller, Eventyr",(blank),Den blege Ridder (A. Oehlenschlæger),A. Oehlenschlæger,,,,,A. Oehlenschlæger
WOR091100,work,VÆRK-REGISTER,ANDRE FORFATTERE,"Romaner, Noveller, Eventyr",(blank),Bondeliv (Anton Nielsen),Anton Nielsen,,,,,Anton Nielsen
WOR091150,work,VÆRK-REGISTER,ANDRE FORFATTERE,"Romaner, Noveller, Eventyr",(blank),"Breve fra Helvede, udgivne af M. Rowel (Valdemar Thisted)",Valdemar Thisted,,,,,Valdemar Thisted
WOR091200,work,VÆRK-REGISTER,ANDRE FORFATTERE,"Romaner, Noveller, Eventyr",(blank),The Bride of Larmmermoor (W. Scott),W. Scott,,,,,W. Scott
WOR091250,work,VÆRK-REGISTER,ANDRE FORFATTERE,"Romaner, Noveller, Eventyr",(blank),Broget Selskab (Carit Etlar),Carit Etlar,,,,,Carit Etlar
WOR091300,work,VÆRK-REGISTER,ANDRE FORFATTERE,"Romaner, Noveller, Eventyr",(blank),The Brownies and other tales (Juliana Horatia Ewing),Juliana Horatia Ewing,,,,,Juliana Horatia Ewing
WOR091350,work,VÆRK-REGISTER,ANDRE FORFATTERE,"Romaner, Noveller, Eventyr",(blank),Bruden fra Rørvig (Vilh. Bergsøe),Vilhelm Bergsøe,,,,,Vilhelm Bergsøe
WOR091400,work,VÆRK-REGISTER,ANDRE FORFATTERE,"Romaner, Noveller, Eventyr",(blank),Brude-Slaatten (Bj. Bjørnson),Bj. Bjørnson,,,,,Bj. Bjørnson
WOR091450,work,VÆRK-REGISTER,ANDRE FORFATTERE,"Romaner, Noveller, Eventyr",(blank),Das Buch Le Grand (H. Heine),H. Heine,,,,,H. Heine
WOR091500,work,VÆRK-REGISTER,ANDRE FORFATTERE,"Romaner, Noveller, Eventyr",(blank),Bug-Jargal (V. Hugo),V. Hugo,,,,,V. Hugo
WOR091550,work,VÆRK-REGISTER,ANDRE FORFATTERE,"Romaner, Noveller, Eventyr",(blank),Børnehistorier (J. Krohn),J. Krohn,,,,,J. Krohn
WOR091600,work,VÆRK-REGISTER,ANDRE FORFATTERE,"Romaner, Noveller, Eventyr",(blank),Christian Wohlgemuth (Karoline von Göhren Ͻ: Karoline von Zöllner),Karoline von Zöllner,,,,,Karoline von Zöllner
WOR091650,work,VÆRK-REGISTER,ANDRE FORFATTERE,"Romaner, Noveller, Eventyr",(blank),A Christmas Carol (Charles Dickens),Charles Dickens,,,,,Charles Dickens
WOR091700,work,VÆRK-REGISTER,ANDRE FORFATTERE,"Romaner, Noveller, Eventyr",(blank),Conanchet eller Grænsebeboerne (J. F. Cooper),J. F. Cooper,,,,,J. F. Cooper
WOR091750,work,VÆRK-REGISTER,ANDRE FORFATTERE,"Romaner, Noveller, Eventyr",(blank),Corinne (Germaine de Staël-Holstein),Germaine de Staël-Holstein,,,,,Germaine de Staël-Holstein
WOR091800,work,VÆRK-REGISTER,ANDRE FORFATTERE,"Romaner, Noveller, Eventyr",(blank),The Cricket on the Hearth (Charles Dickens)- Se ogsaa: Das Heimchen am Herde,Charles Dickens,,,,,Charles Dickens
WOR091850,work,VÆRK-REGISTER,ANDRE FORFATTERE,"Romaner, Noveller, Eventyr",(blank),Danske Folkesagn (J. M. Thiele),J. M. Thiele,,,,,J. M. Thiele
WOR091900,work,VÆRK-REGISTER,ANDRE FORFATTERE,"Romaner, Noveller, Eventyr",(blank),Danske Fortællinger (Louise Hegermann-Lindencrone),Louise Hegermann-Lindencrone,,,,,Louise Hegermann-Lindencrone
WOR091950,work,VÆRK-REGISTER,ANDRE FORFATTERE,"Romaner, Noveller, Eventyr",(blank),Il Decamerone (Boccaccio),Boccaccio,,,,,Boccaccio
WOR092000,work,VÆRK-REGISTER,ANDRE FORFATTERE,"Romaner, Noveller, Eventyr",(blank),De Geers Ungdomsliv (Guldmageren) (C. Hauch),C. Hauch,,,,,C. Hauch
WOR092050,work,VÆRK-REGISTER,ANDRE FORFATTERE,"Romaner, Noveller, Eventyr",(blank),Demokritos oder hinterlassene Papiere eines lachenden Philosophen (Carl Jul. Weber),Carl Jul. Weber,,,,,Carl Jul. Weber
WOR092100,work,VÆRK-REGISTER,ANDRE FORFATTERE,"Romaner, Noveller, Eventyr",(blank),Le Diable boiteux (Le Sage),Le Sage,,,,,Le Sage
WOR092150,work,VÆRK-REGISTER,ANDRE FORFATTERE,"Romaner, Noveller, Eventyr",(blank),Diamantkorset (Ove Thomsen),Ove Thomsen,,,,,Ove Thomsen
WOR092200,work,VÆRK-REGISTER,ANDRE FORFATTERE,"Romaner, Noveller, Eventyr",(blank),Dombey & Son (Charles Dickens),Charles Dickens,,,,,Charles Dickens
WOR092250,work,VÆRK-REGISTER,ANDRE FORFATTERE,"Romaner, Noveller, Eventyr",(blank),Don Quijote (Cervantes),Cervantes,,,,,Cervantes
WOR092300,work,VÆRK-REGISTER,ANDRE FORFATTERE,"Romaner, Noveller, Eventyr",(blank),Donna Louise (H. Arnaud Ͻ: Fanny Reybaud),Fanny Reybaud,,,,,Fanny Reybaud
WOR092350,work,VÆRK-REGISTER,ANDRE FORFATTERE,"Romaner, Noveller, Eventyr",(blank),Efterladte Eventyr og Fortællinger (B.S. Ingemann),B.S. Ingemann,,,,,B.S. Ingemann
WOR092400,work,VÆRK-REGISTER,ANDRE FORFATTERE,"Romaner, Noveller, Eventyr",(blank),Eid und Gewissen und die Felsenbraut (L. Kruse),L. Kruse,,,,,L. Kruse
WOR092450,work,VÆRK-REGISTER,ANDRE FORFATTERE,"Romaner, Noveller, Eventyr",(blank),Engeln Guldgod m.fl. sagor och berättelser af Lilla Nannas Pappa (Oscar von Knorring),Oscar von Knorring,,,,,Oscar von Knorring
WOR092500,work,VÆRK-REGISTER,ANDRE FORFATTERE,"Romaner, Noveller, Eventyr",(blank),Enslingen på Johannisskäret (Emilie Flygare-Carlén),Emilie Flygare-Carlén,,,,,Emilie Flygare-Carlén
WOR092550,work,VÆRK-REGISTER,ANDRE FORFATTERE,"Romaner, Noveller, Eventyr",(blank),Les Épaves (H. Amaud Ͻ: Fanny Reybaud),Fanny Reybaud,,,,,Fanny Reybaud
WOR092600,work,VÆRK-REGISTER,ANDRE FORFATTERE,"Romaner, Noveller, Eventyr",(blank),Erindringer fra min Onkels Huus (M. Goldschmidt),M. Goldschmidt,,,,,M. Goldschmidt
WOR092650,work,VÆRK-REGISTER,ANDRE FORFATTERE,"Romaner, Noveller, Eventyr",(blank),Ernst Maltravers (E. Bulwer),E. Bulwer,,,,,E. Bulwer
WOR092700,work,VÆRK-REGISTER,ANDRE FORFATTERE,"Romaner, Noveller, Eventyr",(blank),Falddøren. Efter Engelsk (St. St. Blicher),St. St. Blicher,,,,,St. St. Blicher
WOR092750,work,VÆRK-REGISTER,ANDRE FORFATTERE,"Romaner, Noveller, Eventyr",(blank),De faldende Blade (af: Romantiske Skildringer) (Thomas Lange),Thomas Lange,,,,,Thomas Lange
WOR092800,work,VÆRK-REGISTER,ANDRE FORFATTERE,"Romaner, Noveller, Eventyr",(blank),Eene Familie-Legende (Anna Bosboom-Toussaint),Anna Bosboom-Toussaint,,,,,Anna Bosboom-Toussaint
WOR092850,work,VÆRK-REGISTER,ANDRE FORFATTERE,"Romaner, Noveller, Eventyr",(blank),Fast Tro (H. P. Holst),H. P. Holst,,,,,H. P. Holst
WOR092900,work,VÆRK-REGISTER,ANDRE FORFATTERE,"Romaner, Noveller, Eventyr",(blank),Fire nye Fortællinger (B. S. Ingemann),B. S. Ingemann,,,,,B. S. Ingemann
WOR092950,work,VÆRK-REGISTER,ANDRE FORFATTERE,"Romaner, Noveller, Eventyr",(blank),Fiskeren og hans Kone (Brødrene Grimm’s Eventyr),Brødrene Grimm,,,,,Brødrene Grimm
WOR093000,work,VÆRK-REGISTER,ANDRE FORFATTERE,"Romaner, Noveller, Eventyr",(blank),De fjerne Høje (Johanne Schjørring),Johanne Schjørring,,,,,Johanne Schjørring
WOR093050,work,VÆRK-REGISTER,ANDRE FORFATTERE,"Romaner, Noveller, Eventyr",(blank),Fortids Skygge (Anna Sønderup),Anna Sønderup,,,,,Anna Sønderup
WOR093100,work,VÆRK-REGISTER,ANDRE FORFATTERE,"Romaner, Noveller, Eventyr",(blank),Fortælling om Haldor (C. Hauch),C. Hauch,,,,,C. Hauch
WOR093150,work,VÆRK-REGISTER,ANDRE FORFATTERE,"Romaner, Noveller, Eventyr",(blank),Fortællinger af l. (Cornelia von Levetzow),Cornelia von Levetzow,,,,,Cornelia von Levetzow
WOR093200,work,VÆRK-REGISTER,ANDRE FORFATTERE,"Romaner, Noveller, Eventyr",(blank),Fortællinger og Skitser af Klok (J. Krohn),J. Krohn,,,,,J. Krohn
WOR093250,work,VÆRK-REGISTER,ANDRE FORFATTERE,"Romaner, Noveller, Eventyr",(blank),Fortællinger og Skitser. Paa Dansk ved Vilhelm Møller. I. (I. Turgenjev),I. Turgenjev,,,,,I. Turgenjev
WOR093300,work,VÆRK-REGISTER,ANDRE FORFATTERE,"Romaner, Noveller, Eventyr",(blank),Fortællinger og Skizzer (Johanne Schjørring),Johanne Schjørring,,,,,Johanne Schjørring
WOR093350,work,VÆRK-REGISTER,ANDRE FORFATTERE,"Romaner, Noveller, Eventyr",(blank),Fra den gamle Fabrik (Vilh. Bergsøe),Vilhelm Bergsøe,,,,,Vilhelm Bergsøe
WOR093400,work,VÆRK-REGISTER,ANDRE FORFATTERE,"Romaner, Noveller, Eventyr",(blank),Fra et Hjørne af Kirkegaarden (Carl Bruun),Carl Bruun,,,,,Carl Bruun
WOR093450,work,VÆRK-REGISTER,ANDRE FORFATTERE,"Romaner, Noveller, Eventyr",(blank),Fra Piazza del Popolo (Vilhelm Bergsøe),Vilhelm Bergsøe,,,,,Vilhelm Bergsøe
WOR093500,work,VÆRK-REGISTER,ANDRE FORFATTERE,"Romaner, Noveller, Eventyr",(blank),Den Fremsynte (Jonas Lie),Jonas Lie,,,,,Jonas Lie
WOR093550,work,VÆRK-REGISTER,ANDRE FORFATTERE,"Romaner, Noveller, Eventyr",(blank),En Gaade (Carl Bernhard),Carl Bernhard,,,,,Carl Bernhard
WOR093600,work,VÆRK-REGISTER,ANDRE FORFATTERE,"Romaner, Noveller, Eventyr",(blank),Den gamle Borg (Henriette Brandis),Henriette Brandis,,,,,Henriette Brandis
WOR093650,work,VÆRK-REGISTER,ANDRE FORFATTERE,"Romaner, Noveller, Eventyr",(blank),Den gamle Gravmand (Old Mortality) (W. Scott),W. Scott,,,,,W. Scott
WOR093700,work,VÆRK-REGISTER,ANDRE FORFATTERE,"Romaner, Noveller, Eventyr",(blank),Gamle Jomfru Trægaards Erindringer (Henriette Brandis),Henriette Brandis,,,,,Henriette Brandis
WOR093750,work,VÆRK-REGISTER,ANDRE FORFATTERE,"Romaner, Noveller, Eventyr",(blank),En Geistligs Nytaarsnat (Anonym),,,,,,
WOR093800,work,VÆRK-REGISTER,ANDRE FORFATTERE,"Romaner, Noveller, Eventyr",(blank),Genrebilleder (Carl Andersen),Carl Andersen,,,,,Carl Andersen
WOR093850,work,VÆRK-REGISTER,ANDRE FORFATTERE,"Romaner, Noveller, Eventyr",(blank),Georg und die Störche. Ein Märchen der Ipsarioten,,,,,,
WOR093900,work,VÆRK-REGISTER,ANDRE FORFATTERE,"Romaner, Noveller, Eventyr",(blank),The Gingerbread Maiden (Laura Friswell),Laura Friswell,,,,,Laura Friswell
WOR093950,work,VÆRK-REGISTER,ANDRE FORFATTERE,"Romaner, Noveller, Eventyr",(blank),Gisella (John Palgrave Simpson),John Palgrave Simpson,,,,,John Palgrave Simpson
WOR094000,work,VÆRK-REGISTER,ANDRE FORFATTERE,"Romaner, Noveller, Eventyr",(blank),En glad Gut (B. Bjørnson),B. Bjørnson,,,,,B. Bjørnson
WOR094050,work,VÆRK-REGISTER,ANDRE FORFATTERE,"Romaner, Noveller, Eventyr",(blank),Grannarne (Fredrika Bremer),Fredrika Bremer,,,,,Fredrika Bremer
WOR094100,work,VÆRK-REGISTER,ANDRE FORFATTERE,"Romaner, Noveller, Eventyr",(blank),Greven af Monte-Christo (A. Dumas peré),A. Dumas pere,,,,,A. Dumas pere
WOR094150,work,VÆRK-REGISTER,ANDRE FORFATTERE,"Romaner, Noveller, Eventyr",(blank),"Gud ved, hvortil det er godt! Af N. N. Anonymus udi egen Indbildning (Oluf Lundt Bang)",Oluf Lundt Bang,,,,,Oluf Lundt Bang
WOR094200,work,VÆRK-REGISTER,ANDRE FORFATTERE,"Romaner, Noveller, Eventyr",(blank),Guldhønen (B. S. Ingemann),B. S. Ingemann,,,,,B. S. Ingemann
WOR094250,work,VÆRK-REGISTER,ANDRE FORFATTERE,"Romaner, Noveller, Eventyr",(blank),Guldmageren (C. Hauch),C. Hauch,,,,,C. Hauch
WOR094300,work,VÆRK-REGISTER,ANDRE FORFATTERE,"Romaner, Noveller, Eventyr",(blank),Guy Mannering (W. Scott),W. Scott,,,,,W. Scott
WOR094350,work,VÆRK-REGISTER,ANDRE FORFATTERE,"Romaner, Noveller, Eventyr",(blank),Die Hallig (J. Biernatzki),J. Biernatzki,,,,,J. Biernatzki
WOR094400,work,VÆRK-REGISTER,ANDRE FORFATTERE,"Romaner, Noveller, Eventyr",(blank),Hannchen und die Küchlein (Gottlob Eberhard),Gottlob Eberhard,,,,,Gottlob Eberhard
WOR094450,work,VÆRK-REGISTER,ANDRE FORFATTERE,"Romaner, Noveller, Eventyr",(blank),Hans Stürzebecher und sein Sohn (K. G. Cramer),K. G. Cramer,,,,,K. G. Cramer
WOR094500,work,VÆRK-REGISTER,ANDRE FORFATTERE,"Romaner, Noveller, Eventyr",(blank),Hausschatz deutscher Prosa (Skolebog) (Bernhard Wolff),Bernhard Wolff,,,,,Bernhard Wolff
WOR094550,work,VÆRK-REGISTER,ANDRE FORFATTERE,"Romaner, Noveller, Eventyr",(blank),Herremænd (Carit Etlar),Carit Etlar,,,,,Carit Etlar
WOR094600,work,VÆRK-REGISTER,ANDRE FORFATTERE,"Romaner, Noveller, Eventyr",(blank),Das Heimchen am Herde (Ch. Dickens) - Se ogsaa: The Cricket on the Hearth,Charles Dickens,,,,,Charles Dickens
WOR094650,work,VÆRK-REGISTER,ANDRE FORFATTERE,"Romaner, Noveller, Eventyr",(blank),Heinrich von Ofterdingen (Novalis),Novalis,,,,,Novalis
WOR094700,work,VÆRK-REGISTER,ANDRE FORFATTERE,"Romaner, Noveller, Eventyr",(blank),"Heloise (Talvj Ͻ: Therese A. L. von Jacob, g. Robinson)",Therese A. L. von Jacob,,,,,Therese A. L. von Jacob
WOR094750,work,VÆRK-REGISTER,ANDRE FORFATTERE,"Romaner, Noveller, Eventyr",(blank),Herr und Diener (L. Kruse),L. Kruse,,,,,L. Kruse
WOR094800,work,VÆRK-REGISTER,ANDRE FORFATTERE,"Romaner, Noveller, Eventyr",(blank),En Historie fra de fattige Steder (L. Budde),L. Budde,,,,,L. Budde
WOR094850,work,VÆRK-REGISTER,ANDRE FORFATTERE,"Romaner, Noveller, Eventyr",(blank),En Historie om Vinden (L. Budde),L. Budde,,,,,L. Budde
WOR094900,work,VÆRK-REGISTER,ANDRE FORFATTERE,"Romaner, Noveller, Eventyr",(blank),Hjalmar og Solblink (J. C. Gerson),J. C. Gerson,,,,,J. C. Gerson
WOR094950,work,VÆRK-REGISTER,ANDRE FORFATTERE,"Romaner, Noveller, Eventyr",(blank),Hjemlige Fortællinger (Ulla Maria),Ulla Maria,,,,,Ulla Maria
WOR095000,work,VÆRK-REGISTER,ANDRE FORFATTERE,"Romaner, Noveller, Eventyr",(blank),Hjemmefra (H. Tolderlund),H. Tolderlund,,,,,H. Tolderlund
WOR095050,work,VÆRK-REGISTER,ANDRE FORFATTERE,"Romaner, Noveller, Eventyr",(blank),Holger Danske (Folkebogen),,,,,,
WOR095100,work,VÆRK-REGISTER,ANDRE FORFATTERE,"Romaner, Noveller, Eventyr",(blank),Hroars Saga (A. Oehlenschlæger),A. Oehlenschlæger,,,,,A. Oehlenschlæger
WOR095150,work,VÆRK-REGISTER,ANDRE FORFATTERE,"Romaner, Noveller, Eventyr",(blank),Humphry Clinkers Reise (Tobias Smollett).,Tobias Smollett,,,,,Tobias Smollett
WOR095200,work,VÆRK-REGISTER,ANDRE FORFATTERE,"Romaner, Noveller, Eventyr",(blank),Hvad er Livet? (Elisabeth Martens),Elisabeth Martens,,,,,Elisabeth Martens
WOR095250,work,VÆRK-REGISTER,ANDRE FORFATTERE,"Romaner, Noveller, Eventyr",(blank),Hvorledes fanger man en Solstraale. En Julegave efter det Engelske (Matilda Anne Mackarness),Matilda Anne Mackarness,,,,,Matilda Anne Mackarness
WOR095300,work,VÆRK-REGISTER,ANDRE FORFATTERE,"Romaner, Noveller, Eventyr",(blank),Hölty. Roman (Friedrich Voigts),Friedrich Voigts,,,,,Friedrich Voigts
WOR095350,work,VÆRK-REGISTER,ANDRE FORFATTERE,"Romaner, Noveller, Eventyr",(blank),I Naadsensaaret (Chr. Winther),Chr. Winther,,,,,Chr. Winther
WOR095400,work,VÆRK-REGISTER,ANDRE FORFATTERE,"Romaner, Noveller, Eventyr",(blank),Im Walde (Julie Burow),Julie Burow,,,,,Julie Burow
WOR095450,work,VÆRK-REGISTER,ANDRE FORFATTERE,"Romaner, Noveller, Eventyr",(blank),Ivar Lykkes Historie (Fr. Paludan-Milller),Fr. Paludan-Mülller,,,,,Fr. Paludan-Mülller
WOR095500,work,VÆRK-REGISTER,ANDRE FORFATTERE,"Romaner, Noveller, Eventyr",(blank),Jane Eyre (Charlotte Brontë),Charlotte Brontë,,,,,Charlotte Brontë
WOR095550,work,VÆRK-REGISTER,ANDRE FORFATTERE,"Romaner, Noveller, Eventyr",(blank),Johan Gordon (P. E. Lind),P. E. Lind,,,,,P. E. Lind
WOR095600,work,VÆRK-REGISTER,ANDRE FORFATTERE,"Romaner, Noveller, Eventyr",(blank),Joseph Rushbrook (Frederick Marryat),Frederick Marryat,,,,,Frederick Marryat
WOR095650,work,VÆRK-REGISTER,ANDRE FORFATTERE,"Romaner, Noveller, Eventyr",(blank),Julekongen (Iver og Julia Rosenkrantz),"Iver Rosenkrantz, Julia Rosenkrantz",,,,,"Iver Rosenkrantz, Julia Rosenkrantz"
WOR095700,work,VÆRK-REGISTER,ANDRE FORFATTERE,"Romaner, Noveller, Eventyr",(blank),Jøderne paa Hald (St. St. Blicher),St. St. Blicher,,,,,St. St. Blicher
WOR095750,work,VÆRK-REGISTER,ANDRE FORFATTERE,"Romaner, Noveller, Eventyr",(blank),Kastaniebaandet. Novelle af Paul Winther (Clara Andersen),Clara Andersen,,,,,Clara Andersen
WOR095800,work,VÆRK-REGISTER,ANDRE FORFATTERE,"Romaner, Noveller, Eventyr",(blank),En Katekisation (P. Chr. Asbjørnsen),P. Chr. Asbjørnsen,,,,,P. Chr. Asbjørnsen
WOR095850,work,VÆRK-REGISTER,ANDRE FORFATTERE,"Romaner, Noveller, Eventyr",(blank),Kejserinden af Spinetta (Paul Heyse),Paul Heyse,,,,,Paul Heyse
WOR095900,work,VÆRK-REGISTER,ANDRE FORFATTERE,"Romaner, Noveller, Eventyr",(blank),Kenilworth (W. Scott),A. Bournonville,,,,,A. Bournonville
WOR095950,work,VÆRK-REGISTER,ANDRE FORFATTERE,"Romaner, Noveller, Eventyr",(blank),"Klein Zaches, genannt Zinnober (E. Th. A. Hoffmann)",E. Th. A. Hoffmann,,,,,E. Th. A. Hoffmann
WOR096000,work,VÆRK-REGISTER,ANDRE FORFATTERE,"Romaner, Noveller, Eventyr",(blank),Knud Nielsen (af: »Livsbilleder af I«) (Cornelia von Levetzow),Cornelia von Levetzow,,,,,Cornelia von Levetzow
WOR096050,work,VÆRK-REGISTER,ANDRE FORFATTERE,"Romaner, Noveller, Eventyr",(blank),Der Komet oder Nicolaus Marggraf (Jean Paul),Jean Paul,,,,,Jean Paul
WOR096100,work,VÆRK-REGISTER,ANDRE FORFATTERE,"Romaner, Noveller, Eventyr",(blank),Kong Hjort (Thomasine Gyllembourg),Thomasine Gyllembourg,,,,,Thomasine Gyllembourg
WOR096150,work,VÆRK-REGISTER,ANDRE FORFATTERE,"Romaner, Noveller, Eventyr",(blank),Kong Lear paa Heden (Steppens Kong Lear) (I. Turgenjev),I. Turgenjev,,,,,I. Turgenjev
WOR096200,work,VÆRK-REGISTER,ANDRE FORFATTERE,"Romaner, Noveller, Eventyr",(blank),Krøniker fra Kong Erik af Pommerns Tid (Carl Bernhard),Carl Bernhard,,,,,Carl Bernhard
WOR096250,work,VÆRK-REGISTER,ANDRE FORFATTERE,"Romaner, Noveller, Eventyr",(blank),Landsbybørnene (B. S. Ingemann),B. S. Ingemann,,,,,B. S. Ingemann
WOR096300,work,VÆRK-REGISTER,ANDRE FORFATTERE,"Romaner, Noveller, Eventyr",(blank),Landsbydoctoren (St. St. Blicher),St. St. Blicher,,,,,St. St. Blicher
WOR096350,work,VÆRK-REGISTER,ANDRE FORFATTERE,"Romaner, Noveller, Eventyr",(blank),Lars og Mette (A. Rosenkilde),A. Rosenkilde,,,,,A. Rosenkilde
WOR096400,work,VÆRK-REGISTER,ANDRE FORFATTERE,"Romaner, Noveller, Eventyr",(blank),The Last of the Barons (Edward Bulwer),Edward Bulwer,,,,,Edward Bulwer
WOR096450,work,VÆRK-REGISTER,ANDRE FORFATTERE,"Romaner, Noveller, Eventyr",(blank),Die Leiden des jungen Werthers (J. W. von Goethe),J. W. von Goethe,,,,,J. W. von Goethe
WOR096500,work,VÆRK-REGISTER,ANDRE FORFATTERE,"Romaner, Noveller, Eventyr",(blank),Lieutenant Jergunovs Eventyr (I. Turgenjev),I. Turgenjev,,,,,I. Turgenjev
WOR096550,work,VÆRK-REGISTER,ANDRE FORFATTERE,"Romaner, Noveller, Eventyr",(blank),Littie Dorrit (Charles Dickens),Charles Dickens,,,,,Charles Dickens
WOR096600,work,VÆRK-REGISTER,ANDRE FORFATTERE,"Romaner, Noveller, Eventyr",(blank),Livets Conflicter (Carit Etlar),Carit Etlar,,,,,Carit Etlar
WOR096650,work,VÆRK-REGISTER,ANDRE FORFATTERE,"Romaner, Noveller, Eventyr",(blank),Livsbilleder af I (Cornelia v. Levetzow),Cornelia v. Levetzow,,,,,Cornelia v. Levetzow
WOR096700,work,VÆRK-REGISTER,ANDRE FORFATTERE,"Romaner, Noveller, Eventyr",(blank),Lodsen og hans Hustru (Jonas Lie),Jonas Lie,,,,,Jonas Lie
WOR096750,work,VÆRK-REGISTER,ANDRE FORFATTERE,"Romaner, Noveller, Eventyr",(blank),De lotgevallen van Klaasje Zevenster (Jakob van Lennep),Jakob van Lennep,,,,,Jakob van Lennep
WOR096800,work,VÆRK-REGISTER,ANDRE FORFATTERE,"Romaner, Noveller, Eventyr",(blank),Lys og Skygge (Henriette Brandis),Henriette Brandis,,,,,Henriette Brandis
WOR096850,work,VÆRK-REGISTER,ANDRE FORFATTERE,"Romaner, Noveller, Eventyr",(blank),Majoratet (E. Th. A. Hoffmann),E. Th. A. Hoffmann,,,,,E. Th. A. Hoffmann
WOR096900,work,VÆRK-REGISTER,ANDRE FORFATTERE,"Romaner, Noveller, Eventyr",(blank),"Manden, som ler (V. Hugo)",V. Hugo,,,,,V. Hugo
WOR096950,work,VÆRK-REGISTER,ANDRE FORFATTERE,"Romaner, Noveller, Eventyr",(blank),Marmaduke Herbert or The Fatal Error (Lady Marguerite Blessington),Lady Marguerite Blessington,,,,,Lady Marguerite Blessington
WOR097000,work,VÆRK-REGISTER,ANDRE FORFATTERE,"Romaner, Noveller, Eventyr",(blank),Master Humphreys Wanduhr (Master Humphrey's Clock) (Charles Dickens),Charles Dickens,,,,,Charles Dickens
WOR097050,work,VÆRK-REGISTER,ANDRE FORFATTERE,"Romaner, Noveller, Eventyr",(blank),"Matrosens Bryllup (Episode af »Ben Brace«, 6. Kapitel) (Fr. Chamier)",Fr. Chamier,,,,,Fr. Chamier
WOR097100,work,VÆRK-REGISTER,ANDRE FORFATTERE,"Romaner, Noveller, Eventyr",(blank),Meister Floh (E. Th. A. Hoffmann),E. Th. A. Hoffmann,,,,,E. Th. A. Hoffmann
WOR097150,work,VÆRK-REGISTER,ANDRE FORFATTERE,"Romaner, Noveller, Eventyr",(blank),Memoiren eines bleiernen Soldaten für Knaben von 8-10 Jahren (Amalie Winter),Amalie Winter,,,,,Amalie Winter
WOR097200,work,VÆRK-REGISTER,ANDRE FORFATTERE,"Romaner, Noveller, Eventyr",(blank),Midlothians Hjerte (W. Scott),W. Scott,,,,,W. Scott
WOR097250,work,VÆRK-REGISTER,ANDRE FORFATTERE,"Romaner, Noveller, Eventyr",(blank),Min første Drøm i Rom (Vilhelm Bergsøe),Vilhelm Bergsøe,,,,,Vilhelm Bergsøe
WOR097300,work,VÆRK-REGISTER,ANDRE FORFATTERE,"Romaner, Noveller, Eventyr",(blank),Miss Shum's Husband (W. M. Thackeray),W. M. Thackeray,,,,,W. M. Thackeray
WOR097350,work,VÆRK-REGISTER,ANDRE FORFATTERE,"Romaner, Noveller, Eventyr",(blank),"Naomi und Christian, oder: Der arme Geiger (Gustav Nieritz)",Gustav Nieritz,,,,,Gustav Nieritz
WOR097400,work,VÆRK-REGISTER,ANDRE FORFATTERE,"Romaner, Noveller, Eventyr",(blank),Nat og Morgen (Night and Morning) (Edward Bulwer),Edward Bulwer,,,,,Edward Bulwer
WOR097450,work,VÆRK-REGISTER,ANDRE FORFATTERE,"Romaner, Noveller, Eventyr",(blank),Nicholas Nickleby (Charles Dickens),Charles Dickens,,,,,Charles Dickens
WOR097500,work,VÆRK-REGISTER,ANDRE FORFATTERE,"Romaner, Noveller, Eventyr",(blank),Norske Folkeeventyr (P. C. Asbjørnsen og Jørgen Moe),"P. C. Asbjørnsen, Jørgen Moe",,,,,"P. C. Asbjørnsen, Jørgen Moe"
WOR097550,work,VÆRK-REGISTER,ANDRE FORFATTERE,"Romaner, Noveller, Eventyr",(blank),Notre-Dame de Paris (V. Hugo),V. Hugo,,,,,V. Hugo
WOR097600,work,VÆRK-REGISTER,ANDRE FORFATTERE,"Romaner, Noveller, Eventyr",(blank),Das Novellenbuch (Eduard von Bülow),Eduard von Bülow,,,,,Eduard von Bülow
WOR097650,work,VÆRK-REGISTER,ANDRE FORFATTERE,"Romaner, Noveller, Eventyr",(blank),Noveller (St. St. Blicher),St. St. Blicher,,,,,St. St. Blicher
WOR097700,work,VÆRK-REGISTER,ANDRE FORFATTERE,"Romaner, Noveller, Eventyr",(blank),Den nysgjerrige Kone (Madame Leprince de Beaumont),Madame Leprince de Beaumont,,,,,Madame Leprince de Beaumont
WOR097750,work,VÆRK-REGISTER,ANDRE FORFATTERE,"Romaner, Noveller, Eventyr",(blank),Otte nyere Forelæsninger (Erik Bøgh),Erik Bøgh,,,,,Erik Bøgh
WOR097800,work,VÆRK-REGISTER,ANDRE FORFATTERE,"Romaner, Noveller, Eventyr",(blank),Et overflødigt Menneskes Dagbog (I. Turgenjev),I. Turgenjev,,,,,I. Turgenjev
WOR097850,work,VÆRK-REGISTER,ANDRE FORFATTERE,"Romaner, Noveller, Eventyr",(blank),"En Pennetegning. Af Calma (Axelline Lund, Ill. Tidende 30.8.1874, Tillæg)",,,,,,
WOR097900,work,VÆRK-REGISTER,ANDRE FORFATTERE,"Romaner, Noveller, Eventyr",(blank),"Pietro Mancino, der Bandit (K. E. R. Belani)",K. E. R. Belani,,,,,K. E. R. Belani
WOR097950,work,VÆRK-REGISTER,ANDRE FORFATTERE,"Romaner, Noveller, Eventyr",(blank),Poetiske Naturer (Thomas Lange),Thomas Lange,,,,,Thomas Lange
WOR098000,work,VÆRK-REGISTER,ANDRE FORFATTERE,"Romaner, Noveller, Eventyr",(blank),Prinds Otto af Danmark (B. S. Ingemann).,B. S. Ingemann,,,,,B. S. Ingemann
WOR098050,work,VÆRK-REGISTER,ANDRE FORFATTERE,"Romaner, Noveller, Eventyr",(blank),I promessi sposi (A. Manzoni),A. Manzoni,,,,,A. Manzoni
WOR098100,work,VÆRK-REGISTER,ANDRE FORFATTERE,"Romaner, Noveller, Eventyr",(blank),"En Præsts Hemmelighed (Efter det Franske, Aftenlæsning 1871)",,,,,,
WOR098150,work,VÆRK-REGISTER,ANDRE FORFATTERE,"Romaner, Noveller, Eventyr",(blank),Den Pukkelryggede (Efter M. S. Schwartz),M. S. Schwartz,,,,,M. S. Schwartz
WOR098200,work,VÆRK-REGISTER,ANDRE FORFATTERE,"Romaner, Noveller, Eventyr",(blank),Quits (Baronesse Jemina Tautphoeus),Baronesse Jemina Tautphoeus,,,,,Baronesse Jemina Tautphoeus
WOR098250,work,VÆRK-REGISTER,ANDRE FORFATTERE,"Romaner, Noveller, Eventyr",(blank),Der Rabbi von Bacharach (H. Heine),H. Heine,,,,,H. Heine
WOR098300,work,VÆRK-REGISTER,ANDRE FORFATTERE,"Romaner, Noveller, Eventyr",(blank),Rachel Gray (Julia Kavanagh),Julia Kavanagh,,,,,Julia Kavanagh
WOR098350,work,VÆRK-REGISTER,ANDRE FORFATTERE,"Romaner, Noveller, Eventyr",(blank),Ravnen (M. Goldschmidt),M. Goldschmidt,,,,,M. Goldschmidt
WOR098400,work,VÆRK-REGISTER,ANDRE FORFATTERE,"Romaner, Noveller, Eventyr",(blank),Robert Fulton (C. Hauch),C. Hauch,,,,,C. Hauch
WOR098450,work,VÆRK-REGISTER,ANDRE FORFATTERE,"Romaner, Noveller, Eventyr",(blank),Roderick Random (Tobias Smollett),Tobias Smollett,,,,,Tobias Smollett
WOR098500,work,VÆRK-REGISTER,ANDRE FORFATTERE,"Romaner, Noveller, Eventyr",(blank),Romantiske Skildringer (Thomas Lange),Thomas Lange,,,,,Thomas Lange
WOR098550,work,VÆRK-REGISTER,ANDRE FORFATTERE,"Romaner, Noveller, Eventyr",(blank),Rudin (I. Turgenjev),I. Turgenjev,,,,,I. Turgenjev
WOR098600,work,VÆRK-REGISTER,ANDRE FORFATTERE,"Romaner, Noveller, Eventyr",(blank),Røde Robin (W. Scott),W. Scott,,,,,W. Scott
WOR098650,work,VÆRK-REGISTER,ANDRE FORFATTERE,"Romaner, Noveller, Eventyr",(blank),Sanct Ronans Brønd (W. Scott),W. Scott,,,,,W. Scott
WOR098700,work,VÆRK-REGISTER,ANDRE FORFATTERE,"Romaner, Noveller, Eventyr",(blank),Sarons Rose (af »Tre Fortællinger«) (Sigurd Müller).,Sigurd Müller,,,,,Sigurd Müller
WOR098750,work,VÆRK-REGISTER,ANDRE FORFATTERE,"Romaner, Noveller, Eventyr",(blank),Das Schatzkästlein des Gevattersmanns (B. Auerbach),B. Auerbach,,,,,B. Auerbach
WOR098800,work,VÆRK-REGISTER,ANDRE FORFATTERE,"Romaner, Noveller, Eventyr",(blank),Schwarzwälder Dorfgeschichten (Berthold Auerbach),Berthold Auerbach,,,,,Berthold Auerbach
WOR098850,work,VÆRK-REGISTER,ANDRE FORFATTERE,"Romaner, Noveller, Eventyr",(blank),Die Serapionsbrüder (E. Th. A. Hoffmann),E. Th. A. Hoffmann,,,,,E. Th. A. Hoffmann
WOR098900,work,VÆRK-REGISTER,ANDRE FORFATTERE,"Romaner, Noveller, Eventyr",(blank),De sidste Herrer af Gervansborg (B. S. Ingemann),B. S. Ingemann,,,,,B. S. Ingemann
WOR098950,work,VÆRK-REGISTER,ANDRE FORFATTERE,"Romaner, Noveller, Eventyr",(blank),Siegfried von Lindenburg (J. G. Müller von Itzehoe),J. G. Müller von Itzehoe,,,,,J. G. Müller von Itzehoe
WOR099000,work,VÆRK-REGISTER,ANDRE FORFATTERE,"Romaner, Noveller, Eventyr",(blank),"Sir Launcelot Greaves og hans Venners, Søemandens og Advokatens, Tildragelser (Tobias Smollett)",Tobias Smollett,,,,,Tobias Smollett
WOR099050,work,VÆRK-REGISTER,ANDRE FORFATTERE,"Romaner, Noveller, Eventyr",(blank),Sjöjungfruns sagor (W. Bäckman),W. Bäckman,,,,,W. Bäckman
WOR099100,work,VÆRK-REGISTER,ANDRE FORFATTERE,"Romaner, Noveller, Eventyr",(blank),Skizzer fra Krigen (M. Gjørup),M. Gjørup,,,,,M. Gjørup
WOR099150,work,VÆRK-REGISTER,ANDRE FORFATTERE,"Romaner, Noveller, Eventyr",(blank),Slottet ved Rhinen (C. Hauch),C. Hauch,,,,,C. Hauch
WOR099200,work,VÆRK-REGISTER,ANDRE FORFATTERE,"Romaner, Noveller, Eventyr",(blank),Smaahistorier 2. Samling (1875) (L. Budde),L. Budde,,,,,L. Budde
WOR099250,work,VÆRK-REGISTER,ANDRE FORFATTERE,"Romaner, Noveller, Eventyr",(blank),Stedmoder og Steddatter (Athalia Schwartz),Athalia Schwartz,,,,,Athalia Schwartz
WOR099300,work,VÆRK-REGISTER,ANDRE FORFATTERE,"Romaner, Noveller, Eventyr",(blank),Studie en uitspanning (J. J. D. Nepveu),J. I. D. Nepveu,,,,,J. I. D. Nepveu
WOR099350,work,VÆRK-REGISTER,ANDRE FORFATTERE,"Romaner, Noveller, Eventyr",(blank),Svalerne og Blodiglerne (De muschjes en de bloedzuigers) (Johannes Kneppelhout),Johannes Kneppelhout,,,,,Johannes Kneppelhout
WOR099400,work,VÆRK-REGISTER,ANDRE FORFATTERE,"Romaner, Noveller, Eventyr",(blank),Svenskerne paa Kronborg (H. F. Ewald),H. F. Ewald,,,,,H. F. Ewald
WOR099450,work,VÆRK-REGISTER,ANDRE FORFATTERE,"Romaner, Noveller, Eventyr",(blank),Syskonlif (Fredrika Bremer),Fredrika Bremer,,,,,Fredrika Bremer
WOR099500,work,VÆRK-REGISTER,ANDRE FORFATTERE,"Romaner, Noveller, Eventyr",(blank),Syv Aar. Et Bidrag til et nordisk Riges hemmelige Hof-Historie (L. Kruse),L. Kruse,,,,,L. Kruse
WOR099550,work,VÆRK-REGISTER,ANDRE FORFATTERE,"Romaner, Noveller, Eventyr",(blank),Søerøveren (W. Scott),W. Scott,,,,,W. Scott
WOR099600,work,VÆRK-REGISTER,ANDRE FORFATTERE,"Romaner, Noveller, Eventyr",(blank),Den tavse Mand (af: Fortællinger og Skizzer) (Johanne Schjørring),Johanne Schjørring,,,,,Johanne Schjørring
WOR099650,work,VÆRK-REGISTER,ANDRE FORFATTERE,"Romaner, Noveller, Eventyr",(blank),Telse (St. St. Blicher),St. St. Blicher,,,,,St. St. Blicher
WOR099700,work,VÆRK-REGISTER,ANDRE FORFATTERE,"Romaner, Noveller, Eventyr",(blank),Til Maalet (Thorald Læssøe),Thorald Læssøe,,,,,Thorald Læssøe
WOR099750,work,VÆRK-REGISTER,ANDRE FORFATTERE,"Romaner, Noveller, Eventyr",(blank),To Fortællinger af I (Cornelia von Levetzow),Cornelia von Levetzow,,,,,Cornelia von Levetzow
WOR099800,work,VÆRK-REGISTER,ANDRE FORFATTERE,"Romaner, Noveller, Eventyr",(blank),De to Jernringe (A. Oehlenschlæger),A. Oehlenschlæger,,,,,A. Oehlenschlæger
WOR099850,work,VÆRK-REGISTER,ANDRE FORFATTERE,"Romaner, Noveller, Eventyr",(blank),Tom Jones (Henry Fielding),Henry Fielding,,,,,Henry Fielding
WOR099900,work,VÆRK-REGISTER,ANDRE FORFATTERE,"Romaner, Noveller, Eventyr",(blank),Tremasteren Fremtiden (Jonas Lie),Jonas Lie,,,,,Jonas Lie
WOR099950,work,VÆRK-REGISTER,ANDRE FORFATTERE,"Romaner, Noveller, Eventyr",(blank),Triumf (Henriette Brandis),Henriette Brandis,,,,,Henriette Brandis
WOR100000,work,VÆRK-REGISTER,ANDRE FORFATTERE,"Romaner, Noveller, Eventyr",(blank),Les Trois mousquetaires (A. Dumas père),A. Dumas pere,,,,,A. Dumas pere
WOR100050,work,VÆRK-REGISTER,ANDRE FORFATTERE,"Romaner, Noveller, Eventyr",(blank),Trolldomstecknet (Sofie Bolander),Sofie Bolander,,,,,Sofie Bolander
WOR100100,work,VÆRK-REGISTER,ANDRE FORFATTERE,"Romaner, Noveller, Eventyr",(blank),Tropmanns sidste Nat (l. Turgenjev),l. Turgenjev,,,,,l. Turgenjev
WOR100150,work,VÆRK-REGISTER,ANDRE FORFATTERE,"Romaner, Noveller, Eventyr",(blank),Der Troubadur (E. G. von Brunnow),E. G. von Brunnow,,,,,E. G. von Brunnow
WOR100200,work,VÆRK-REGISTER,ANDRE FORFATTERE,"Romaner, Noveller, Eventyr",(blank),Tusind og een Nat.,,,,,,
WOR100250,work,VÆRK-REGISTER,ANDRE FORFATTERE,"Romaner, Noveller, Eventyr",(blank),Undine (Fr. de la Motte Fouqué),Fr. de la Motte Fouqué,,,,,Fr. de la Motte Fouqué
WOR100300,work,VÆRK-REGISTER,ANDRE FORFATTERE,"Romaner, Noveller, Eventyr",(blank),En ung Piges Historie (Cornelia von Levetzow),Cornelia von Levetzow,,,,,Cornelia von Levetzow
WOR100350,work,VÆRK-REGISTER,ANDRE FORFATTERE,"Romaner, Noveller, Eventyr",(blank),En ungdommelig Historie (L. Budde),L. Budde,,,,,L. Budde
WOR100400,work,VÆRK-REGISTER,ANDRE FORFATTERE,"Romaner, Noveller, Eventyr",(blank),Die unsichtbare Loge (Jean Paul),Jean Paul,,,,,Jean Paul
WOR100450,work,VÆRK-REGISTER,ANDRE FORFATTERE,"Romaner, Noveller, Eventyr",(blank),Ved Nytaarstid i Nøddebo Præstegaard (H. Scharling),H. Scharling,,,,,H. Scharling
WOR100500,work,VÆRK-REGISTER,ANDRE FORFATTERE,"Romaner, Noveller, Eventyr",(blank),Veronicas Sorg (Axelline Lund),Axelline Lund,,,,,Axelline Lund
WOR100550,work,VÆRK-REGISTER,ANDRE FORFATTERE,"Romaner, Noveller, Eventyr",(blank),The Vicar of Wakefield (Oliver Goldsmith),Oliver Goldsmith,,,,,Oliver Goldsmith
WOR100600,work,VÆRK-REGISTER,ANDRE FORFATTERE,"Romaner, Noveller, Eventyr",(blank),Village Tales from the Black Forests (Berthold Auerbach)- Se ogsaa: Schwarzwälder Dorfgeschichten,Berthold Auerbach,,,,,Berthold Auerbach
WOR100650,work,VÆRK-REGISTER,ANDRE FORFATTERE,"Romaner, Noveller, Eventyr",(blank),Visioner (I. Turgenjev),I. Turgenjev,,,,,I. Turgenjev
WOR100700,work,VÆRK-REGISTER,ANDRE FORFATTERE,"Romaner, Noveller, Eventyr",(blank),Voyage autour de ma chambre (Xavier de Maistre),Xavier de Maistre,,,,,Xavier de Maistre
WOR100750,work,VÆRK-REGISTER,ANDRE FORFATTERE,"Romaner, Noveller, Eventyr",(blank),Waldeinsamkeit (Carl Alexander af Sachsen-Weimar-Eisenach),Carl Alexander af Sachsen-Weimar-Eisenach,,,,,Carl Alexander af Sachsen-Weimar-Eisenach
WOR100800,work,VÆRK-REGISTER,ANDRE FORFATTERE,"Romaner, Noveller, Eventyr",(blank),Wallensteins erste Liebe (Karl Herloszsohn),Karl Herloszsohn,,,,,Karl Herloszsohn
WOR100850,work,VÆRK-REGISTER,ANDRE FORFATTERE,"Romaner, Noveller, Eventyr",(blank),Weltglück (Therese von Bacheracht),Therese von Bacheracht,,,,,Therese von Bacheracht
WOR100900,work,VÆRK-REGISTER,ANDRE FORFATTERE,"Romaner, Noveller, Eventyr",(blank),Wiener Lebensbilder (I. F. Castelli),I. F. Castelli,,,,,I. F. Castelli
WOR100950,work,VÆRK-REGISTER,ANDRE FORFATTERE,"Romaner, Noveller, Eventyr",(blank),Wilhelm Meisters Lehrjahre (J. W. von Goethe),J. W. von Goethe,,,,,J. W. von Goethe
WOR101000,work,VÆRK-REGISTER,ANDRE FORFATTERE,"Romaner, Noveller, Eventyr",(blank),Wundersame Liebesgeschichte der schönen Magelone und des Grafen Peter aus der Provence (L. Tieck),L. Tieck,,,,,L. Tieck
WOR101050,work,VÆRK-REGISTER,ANDRE FORFATTERE,"Romaner, Noveller, Eventyr",(blank),Zanoni (Edward Bulwer),Edward Bulwer,,,,,Edward Bulwer
WOR101100,work,VÆRK-REGISTER,ANDRE FORFATTERE,"Romaner, Noveller, Eventyr",(blank),"Zitta, Domkirkens Datter (O. C. Lund)",O. C. Lund,,,,,O. C. Lund
WOR101150,work,VÆRK-REGISTER,ANDRE FORFATTERE,"Romaner, Noveller, Eventyr",(blank),Øen i Sydhavet (A. Oehlenschlæger),A. Oehlenschlæger,,,,,A. Oehlenschlæger
WOR101200,work,VÆRK-REGISTER,ANDRE FORFATTERE,Faglitteratur,(blank),Aanden i Naturen (H.C. Ørsted),H.C. Ørsted,,,,,H.C. Ørsted
WOR101250,work,VÆRK-REGISTER,ANDRE FORFATTERE,Faglitteratur,(blank),Af Jonas Collins Papirer (Edgar Collin),Edgar Collin,,,,,Edgar Collin
WOR101300,work,VÆRK-REGISTER,ANDRE FORFATTERE,Faglitteratur,(blank),Af mit Livs Aarbøger (Just Mathias Thiele),Just Mathias Thiele,,,,,Just Mathias Thiele
WOR101350,work,VÆRK-REGISTER,ANDRE FORFATTERE,Faglitteratur,(blank),"Allgemeines Theater-Lexikon, hrsg. von R. Blum, K. Herloszsohn und H. Markgraff",,,,,,
WOR101400,work,VÆRK-REGISTER,ANDRE FORFATTERE,Faglitteratur,(blank),Almindelig Verdenshistorie i Udtog (H. A. Kofod),H. A. Kofod,,,,,H. A. Kofod
WOR101450,work,VÆRK-REGISTER,ANDRE FORFATTERE,Faglitteratur,(blank),Alpenreisen (J. G. Kohl),J. G. Kohl,,,,,J. G. Kohl
WOR101500,work,VÆRK-REGISTER,ANDRE FORFATTERE,Faglitteratur,(blank),"Alperne (H. A. von Berlepsch, oversat af Jonas Collin d. Y.)",H. A. von Berlepsch,,,,,H. A. von Berlepsch
WOR101550,work,VÆRK-REGISTER,ANDRE FORFATTERE,Faglitteratur,(blank),Anonymer og Pseudonymer i den danske Litteratur indtil 1860 (E. Collin),E. Collin,,,,,E. Collin
WOR101600,work,VÆRK-REGISTER,ANDRE FORFATTERE,Faglitteratur,(blank),Ansichten der Natur (Alexander von Humboldt),Alexander von Humboldt,,,,,Alexander von Humboldt
WOR101650,work,VÆRK-REGISTER,ANDRE FORFATTERE,Faglitteratur,(blank),Arabere og Kabyler (Carit Etlar),Carit Etlar,,,,,Carit Etlar
WOR101700,work,VÆRK-REGISTER,ANDRE FORFATTERE,Faglitteratur,(blank),The Ascent of Mont Blanc (Albert Smith),Albert Smith,,,,,Albert Smith
WOR101750,work,VÆRK-REGISTER,ANDRE FORFATTERE,Faglitteratur,(blank),"Badestederne i Schweiz og Frankrig, der kunne træde istedet for de tydske (O. L. Bang)",O. L. Bang,,,,,O. L. Bang
WOR101800,work,VÆRK-REGISTER,ANDRE FORFATTERE,Faglitteratur,(blank),Barndoms- og Ungdoms-Minder (A. Munch),A. Munch,,,,,A. Munch
WOR101850,work,VÆRK-REGISTER,ANDRE FORFATTERE,Faglitteratur,(blank),Begrebet Angest (S. Kierkegaard),S. Kierkegaard,,,,,S. Kierkegaard
WOR101900,work,VÆRK-REGISTER,ANDRE FORFATTERE,Faglitteratur,(blank),"Beretning om Corvetten Galathea's Reise omkring Jorden i Aarene 1845, 46 og 47 (Steen Bille)",Steen Bille,,,,,Steen Bille
WOR101950,work,VÆRK-REGISTER,ANDRE FORFATTERE,Faglitteratur,(blank),Berner - Linde - Hall contra Mantzius (Kr. Mantzius),Kr. Mantzius,,,,,Kr. Mantzius
WOR102000,work,VÆRK-REGISTER,ANDRE FORFATTERE,Faglitteratur,(blank),"Berühmte Liebespaare (Elise von Hohenhausen, Ͻ: Elise Rudiger)",Elise Rudiger,,,,,Elise Rudiger
WOR102050,work,VÆRK-REGISTER,ANDRE FORFATTERE,Faglitteratur,(blank),"Beskrifning öfver the i Öster-Götland befintlige städer, slott, soknekyrkor, soknar . . . (C. F. Broocman)",C. F. Broocman,,,,,C. F. Broocman
WOR102100,work,VÆRK-REGISTER,ANDRE FORFATTERE,Faglitteratur,(blank),Ein Besuch bei dem Dichter H. C. Andersen (Illustrirte Zeitung 14.12.1872) (P. F. Siebold),P. F. Siebold,,,,,P. F. Siebold
WOR102150,work,VÆRK-REGISTER,ANDRE FORFATTERE,Faglitteratur,(blank),Et Besøg hos H. C. Andersen (Efter Chicago Times 27.4.1873) (Dagbladet 9.6.1873),,,,,,
WOR102200,work,VÆRK-REGISTER,ANDRE FORFATTERE,Faglitteratur,(blank),Bibelen,,,,,,
WOR102250,work,VÆRK-REGISTER,ANDRE FORFATTERE,Faglitteratur,(blank),Bidrag til den danske Boghandels Historie (Camillus Nyrop),Camillus Nyrop,,,,,Camillus Nyrop
WOR102300,work,VÆRK-REGISTER,ANDRE FORFATTERE,Faglitteratur,(blank),Bigarrures Iittéraires (J. Petit-Senn),J. Petit-Senn,,,,,J. Petit-Senn
WOR102350,work,VÆRK-REGISTER,ANDRE FORFATTERE,Faglitteratur,(blank),Biographie Lord Byron's (Wilhelm Müller),Wilhelm Müller,,,,,Wilhelm Müller
WOR102400,work,VÆRK-REGISTER,ANDRE FORFATTERE,Faglitteratur,(blank),Botaniska utflygter III (1864) (Elias Fries),Elias Fries,,,,,Elias Fries
WOR102450,work,VÆRK-REGISTER,ANDRE FORFATTERE,Faglitteratur,(blank),"Branden i Chicago (S. D. Jacobsen, Dagbladet 28.12.1871, Nr. 311)",,,,,,
WOR102500,work,VÆRK-REGISTER,ANDRE FORFATTERE,Faglitteratur,(blank),Bref och dagboksanteckningar (Adolf Törneros),Adolf Törneros,,,,,Adolf Törneros
WOR102550,work,VÆRK-REGISTER,ANDRE FORFATTERE,Faglitteratur,(blank),Breve fra J. P. Mynster,,,,,,
WOR102600,work,VÆRK-REGISTER,ANDRE FORFATTERE,Faglitteratur,(blank),Breve fra og til Hans Christian Ørsted. Udgivne af Mathilde Ørsted,,,,,,
WOR102650,work,VÆRK-REGISTER,ANDRE FORFATTERE,Faglitteratur,(blank),Breve fra Rusland (Robert Watt),Robert Watt,,,,,Robert Watt
WOR102700,work,VÆRK-REGISTER,ANDRE FORFATTERE,Faglitteratur,(blank),Briefe eines Verstorbenen (Fyrst Hermann Pückler-Muskau),Fyrst Hermann Pückler-Muskau,,,,,Fyrst Hermann Pückler-Muskau
WOR102750,work,VÆRK-REGISTER,ANDRE FORFATTERE,Faglitteratur,(blank),Briefe gegen den Malerialismus (Fr. Fabri),Fr. Fabri,,,,,Fr. Fabri
WOR102800,work,VÆRK-REGISTER,ANDRE FORFATTERE,Faglitteratur,(blank),"Carl Bloch (Fremtidens Nytaarsgave VII, 1873) (Frederik Bøgh)",Frederik Bøgh,,,,,Frederik Bøgh
WOR102850,work,VÆRK-REGISTER,ANDRE FORFATTERE,Faglitteratur,(blank),Les Catholiques et les libertés (P. de Haulleville),P. de Haulleville,,,,,P. de Haulleville
WOR102900,work,VÆRK-REGISTER,ANDRE FORFATTERE,Faglitteratur,(blank),"Christiane Oehlenschlæger, født Heger (Historisk Archiv 1871 II) (Nicolaj Bøgh)",Nicolaj Bøgh,,,,,Nicolaj Bøgh
WOR102950,work,VÆRK-REGISTER,ANDRE FORFATTERE,Faglitteratur,(blank),Christiern den anden i Sverige og Carl X Gustav i Danmark. Historiske Foredrag holdte i det skandinaviske Selskab (Fr. Hammerich),Fr. Hammerich,,,,,Fr. Hammerich
WOR103000,work,VÆRK-REGISTER,ANDRE FORFATTERE,Faglitteratur,(blank),"The City of the Sultan, and Domestic Manners of the Turks (Julia Pardoe)",Julia Pardoe,,,,,Julia Pardoe
WOR103050,work,VÆRK-REGISTER,ANDRE FORFATTERE,Faglitteratur,(blank),Clemens Brentanos Frühlingskranz (Bettina von Arnim),Bettina von Arnim,,,,,Bettina von Arnim
WOR103100,work,VÆRK-REGISTER,ANDRE FORFATTERE,Faglitteratur,(blank),"Codex argenteus (Wulfilas Bibeloversættelse) Ms., UB Uppsala",Wulfila,,,,,Wulfila
WOR103150,work,VÆRK-REGISTER,ANDRE FORFATTERE,Faglitteratur,(blank),Constantinopel und seine Umgebung,,,,,,
WOR103200,work,VÆRK-REGISTER,ANDRE FORFATTERE,Faglitteratur,(blank),Conversations-Lexikon. Allgemeine deutsche Real-Encyklopädie. 12. Ausg. 1874,,,,,,
WOR103250,work,VÆRK-REGISTER,ANDRE FORFATTERE,Faglitteratur,(blank),Conversations·Lexikon der Gegenwart,,,,,,
WOR103300,work,VÆRK-REGISTER,ANDRE FORFATTERE,Faglitteratur,(blank),Correspondance et mémoires d’un voyageur en Orient (Eugène Boré),Eugène Boré,,,,,Eugène Boré
WOR103350,work,VÆRK-REGISTER,ANDRE FORFATTERE,Faglitteratur,(blank),Der Crédit (Stefan Széchenyi),Stefan Széchenyi,,,,,Stefan Széchenyi
WOR103400,work,VÆRK-REGISTER,ANDRE FORFATTERE,Faglitteratur,(blank),"Danmarks Frøer og Tudser, Iagttagelser og kritiske Bemærkninger (Naturhist. Tidsskr. 3. Rk. VI, 1869) (Jonas Collin d. Y.)",Jonas Collin d. Y.,,,,,Jonas Collin d. Y.
WOR103450,work,VÆRK-REGISTER,ANDRE FORFATTERE,Faglitteratur,(blank),Den Danske Atlas (Erik Pontoppidan),Erik Pontoppidan,,,,,Erik Pontoppidan
WOR103500,work,VÆRK-REGISTER,ANDRE FORFATTERE,Faglitteratur,(blank),"Danske, især kjøbenhavnske Stemninger og Tilstande ved og efter Overgangen til det 19. Aarhundrede. Udg. ved F. Schiern (E. C. Werlauff)",E. C. Werlauff,,,,,E. C. Werlauff
WOR103550,work,VÆRK-REGISTER,ANDRE FORFATTERE,Faglitteratur,(blank),"Danske Komponister. Fire Skildringer [Weyse, Kuhlau, Hartmann og Gade] (Carl Thrane)",Carl Thrane,,,,,Carl Thrane
WOR103600,work,VÆRK-REGISTER,ANDRE FORFATTERE,Faglitteratur,(blank),Den danske Krønicke som Saxo Grammaticus screff (Anders Sørensen Vedels Oversættelse),Saxo,,,,,Saxo
WOR103650,work,VÆRK-REGISTER,ANDRE FORFATTERE,Faglitteratur,(blank),"De danske Øer. Illustreret Reisehaandbog, udg. af Foreningen Fremtiden (P. V. Grove)",P. V. Grove,,,,,P. V. Grove
WOR103700,work,VÆRK-REGISTER,ANDRE FORFATTERE,Faglitteratur,(blank),De officiis (M. T. Cicero),M. T. Cicero,,,,,M. T. Cicero
WOR103750,work,VÆRK-REGISTER,ANDRE FORFATTERE,Faglitteratur,(blank),"Denkwürdigkeiten aus Griechenland (Fr. Müller, udg. af P. O. Brøndsted)",Fr. Müller,,,,,Fr. Müller
WOR103800,work,VÆRK-REGISTER,ANDRE FORFATTERE,Faglitteratur,(blank),Die Donau vom Ursprunge bis zu den Mündungen (Adalbert Müller),Adalbert Müller,,,,,Adalbert Müller
WOR103850,work,VÆRK-REGISTER,ANDRE FORFATTERE,Faglitteratur,(blank),Drei Reisen nach Italien (Karl von Rumohr),Karl von Rumohr,,,,,Karl von Rumohr
WOR103900,work,VÆRK-REGISTER,ANDRE FORFATTERE,Faglitteratur,(blank),"Die dänische Poesie der Gegenwart (Die Grenzboten, 1844) (Eduard Boas)",Eduard Boas,,,,,Eduard Boas
WOR103950,work,VÆRK-REGISTER,ANDRE FORFATTERE,Faglitteratur,(blank),Efterretning om Nyborg Amt (Th. Lente-Adeler),Th. Lente-Adeler,,,,,Th. Lente-Adeler
WOR104000,work,VÆRK-REGISTER,ANDRE FORFATTERE,Faglitteratur,(blank),Die eherne Schlange,,,,,,
WOR104050,work,VÆRK-REGISTER,ANDRE FORFATTERE,Faglitteratur,(blank),"Einige Worte über Pferdezucht, in besonderer Beziehung auf Haupt- und Landgestüte (Hertug Christian August af Augustenborg)",Ángel de Saavedra,,,,,Ángel de Saavedra
WOR104100,work,VÆRK-REGISTER,ANDRE FORFATTERE,Faglitteratur,(blank),Elementargeister (H. Heine),H. Heine,,,,,H. Heine
WOR104150,work,VÆRK-REGISTER,ANDRE FORFATTERE,Faglitteratur,(blank),"Englische Geschichte, vornehmlich im 17. Jahrhundert (Leopold von Ranke)",Leopold von Ranke,,,,,Leopold von Ranke
WOR104200,work,VÆRK-REGISTER,ANDRE FORFATTERE,Faglitteratur,(blank),"Er den Fortolkning af Profeten Daniels Spaadomme (Cap. 2 og 7) for hvis Rigtighed Undertegnede formener her atter at have fremsat en Mængde af mere eller mindre stærke Grunde, virkelig den rette, da ere samme Spaadomme af høieste Vigtighed, dels fordi de da ei alene ere nogle af de stærkeste Beviser for den aabenbarede Religions Sandhed, og dels fordi de meddele en Underretning om alle vore europæiske Staters endelige fredelige og verdslige Forening til en stedseværende Universalstat (Hans Bjerregaard)",Hans Bjerregaard,,,,,Hans Bjerregaard
WOR104250,work,VÆRK-REGISTER,ANDRE FORFATTERE,Faglitteratur,(blank),Er Hr. Lic. Henrik Scharling en alvorlig Mand? (Rudolf Schmidt),Rudolf Schmidt,,,,,Rudolf Schmidt
WOR104300,work,VÆRK-REGISTER,ANDRE FORFATTERE,Faglitteratur,(blank),Erindringer (A. Oehlenschlæger),A. Oehlenschlæger,,,,,A. Oehlenschlæger
WOR104350,work,VÆRK-REGISTER,ANDRE FORFATTERE,Faglitteratur,(blank),Erindringer af mit Liv I-V (K. L. Rahbek),K. L. Rahbek,,,,,K. L. Rahbek
WOR104400,work,VÆRK-REGISTER,ANDRE FORFATTERE,Faglitteratur,(blank),Erindringer fra Bakkehuset (J. M. Thiele),J. M. Thiele,,,,,J. M. Thiele
WOR104450,work,VÆRK-REGISTER,ANDRE FORFATTERE,Faglitteratur,(blank),Esaias Tegnérs lefnad (C. W. Böttiger),C. W. Böttiger,,,,,C. W. Böttiger
WOR104500,work,VÆRK-REGISTER,ANDRE FORFATTERE,Faglitteratur,(blank),Essai sur l’histoire de la Litterature Néerlandaise (J. van’s Gravenweert),J. van's Gravenweert,,,,,J. van's Gravenweert
WOR104550,work,VÆRK-REGISTER,ANDRE FORFATTERE,Faglitteratur,(blank),Familjeanekdoter och minnen från barndommen (Edvard Fredrik von Saltza),Edvard Fredrik von Saltza,,,,,Edvard Fredrik von Saltza
WOR104600,work,VÆRK-REGISTER,ANDRE FORFATTERE,Faglitteratur,(blank),Femmes-poétes (Henri Blanvalet),Henri Blanvalet,,,,,Henri Blanvalet
WOR104650,work,VÆRK-REGISTER,ANDRE FORFATTERE,Faglitteratur,(blank),Forsøg til en almindelig Naturhistorie (Esaias Fleischer),Esaias Fleischer,,,,,Esaias Fleischer
WOR104700,work,VÆRK-REGISTER,ANDRE FORFATTERE,Faglitteratur,(blank),Fra Ægypternes Land (Robert Watt),Robert Watt,,,,,Robert Watt
WOR104750,work,VÆRK-REGISTER,ANDRE FORFATTERE,Faglitteratur,(blank),Den franske Æsthetik i vore Dage (G. Brandes),G. Brandes,,,,,G. Brandes
WOR104800,work,VÆRK-REGISTER,ANDRE FORFATTERE,Faglitteratur,(blank),Ein Freund und Mitarbeiter Wolfgang Amadeus Mozart’s. Denkwürdigkeiten des Lorenzo da Ponte von Ceneda,,,,,,
WOR104850,work,VÆRK-REGISTER,ANDRE FORFATTERE,Faglitteratur,(blank),Fru Gyllembourg og hendes Værker i Forhold til vor Tid (Benedicte Arnesen Kall),Benedicte Arnesen Kall,,,,,Benedicte Arnesen Kall
WOR104900,work,VÆRK-REGISTER,ANDRE FORFATTERE,Faglitteratur,(blank),Garibaldis Denkwürdigkeiten (Elpis Melena Ͻ: Marie Esperance Schwartz),Marie Esperance Schwartz,,,,,Marie Esperance Schwartz
WOR104950,work,VÆRK-REGISTER,ANDRE FORFATTERE,Faglitteratur,(blank),Gelehrtes München im Jahre 1834 (Adolf von Schaden),Adolf von Schaden,,,,,Adolf von Schaden
WOR105000,work,VÆRK-REGISTER,ANDRE FORFATTERE,Faglitteratur,(blank),Geschichte des dänischen Hofes (Eduard Maria Oettinger),Eduard Maria Oettinger,,,,,Eduard Maria Oettinger
WOR105050,work,VÆRK-REGISTER,ANDRE FORFATTERE,Faglitteratur,(blank),Giordano Bruno (H. Brøchner),H. Brøchner,,,,,H. Brøchner
WOR105100,work,VÆRK-REGISTER,ANDRE FORFATTERE,Faglitteratur,(blank),"[Grev E. F. von Saltzas Levned, Biographisk Lexicon XIII, 1847, S. 290-98].",,,,,,
WOR105150,work,VÆRK-REGISTER,ANDRE FORFATTERE,Faglitteratur,(blank),"Goethe und Werther. Briefe Goethes (an Joh. Christian Kestner, Lotte und Hans Buff) meistens aus seiner Jugendzeit, mit erläuternden Dokumenten. Hrsg. v. Aug. Kestner (1854)","Joh. Christian Kestner, Lotte Buff, Hans Buff",,,,,"Joh. Christian Kestner, Lotte Buff, Hans Buff"
WOR105200,work,VÆRK-REGISTER,ANDRE FORFATTERE,Faglitteratur,(blank),Haandbog i Fædrelandets Historie (C. F. Allen),C. F. Allen,,,,,C. F. Allen
WOR105250,work,VÆRK-REGISTER,ANDRE FORFATTERE,Faglitteratur,(blank),Den Hallske Politik. En Skizze (Harald Raasløff),Harald Raasløff,,,,,Harald Raasløff
WOR105300,work,VÆRK-REGISTER,ANDRE FORFATTERE,Faglitteratur,(blank),Handbok för Resande i Sverige (Abraham Bohlin),Abraham Bohlin,,,,,Abraham Bohlin
WOR105350,work,VÆRK-REGISTER,ANDRE FORFATTERE,Faglitteratur,(blank),Hans Christian Ørsted. Et Mindeskrift (J. G. Forchhammer),J. G. Forchhammer,,,,,J. G. Forchhammer
WOR105400,work,VÆRK-REGISTER,ANDRE FORFATTERE,Faglitteratur,(blank),"Havet, dets Plante- og Dyreverden (Georg Hartwig)",Georg Hartwig,,,,,Georg Hartwig
WOR105450,work,VÆRK-REGISTER,ANDRE FORFATTERE,Faglitteratur,(blank),Heimskringla (Snorre Sturluson),Snorre Sturluson,,,,,Snorre Sturluson
WOR105500,work,VÆRK-REGISTER,ANDRE FORFATTERE,Faglitteratur,(blank),Heinrich Heine über Ludwig Börne (H. Heine),H. Heine,,,,,H. Heine
WOR105550,work,VÆRK-REGISTER,ANDRE FORFATTERE,Faglitteratur,(blank),Hendschels Telegraph,,,,,,
WOR105600,work,VÆRK-REGISTER,ANDRE FORFATTERE,Faglitteratur,(blank),Herrernes Noteringskalender 1873 (ved A. Westrup),A. Westrup,,,,,A. Westrup
WOR105650,work,VÆRK-REGISTER,ANDRE FORFATTERE,Faglitteratur,(blank),Hinsidan Sundet. Danska epistlar af Orvar Odd (O. P. Sturzen-Becker),O. P. Sturzen-Becker,,,,,O. P. Sturzen-Becker
WOR105700,work,VÆRK-REGISTER,ANDRE FORFATTERE,Faglitteratur,(blank),Hinsides Atlanterhavet (Robert Watt),Robert Watt,,,,,Robert Watt
WOR105750,work,VÆRK-REGISTER,ANDRE FORFATTERE,Faglitteratur,(blank),Histoire de Jane Gray (J. M. Dargaud),J. M. Dargaud,,,,,J. M. Dargaud
WOR105800,work,VÆRK-REGISTER,ANDRE FORFATTERE,Faglitteratur,(blank),Histoire des Girondins (Alphonse de Lamartine),Alphonse de Lamartine,,,,,Alphonse de Lamartine
WOR105850,work,VÆRK-REGISTER,ANDRE FORFATTERE,Faglitteratur,(blank),Histoire de la littérature en Danemark et en Suède (Xavier Marinier),Xavier Marmier,,,,,Xavier Marmier
WOR105900,work,VÆRK-REGISTER,ANDRE FORFATTERE,Faglitteratur,(blank),Historiske Antegnelser til Ludvig Holbergs atten første Lystspil (E. C. Werlauff),E. C. Werlauff,,,,,E. C. Werlauff
WOR105950,work,VÆRK-REGISTER,ANDRE FORFATTERE,Faglitteratur,(blank),Historiske Beskrivelser over den Mærkværdige og meget fyrgterlige store Ildebrand 1728 (C. F. Reiser),C. F. Reiser,,,,,C. F. Reiser
WOR106000,work,VÆRK-REGISTER,ANDRE FORFATTERE,Faglitteratur,(blank),Hundert und ein Tag auf meinem Pferde und ein Ausflug nach der Insel Maddalene (Eipis Melena Ͻ: Marie Esperance Schwartz),Marie Esperance Schwartz,,,,,Marie Esperance Schwartz
WOR106050,work,VÆRK-REGISTER,ANDRE FORFATTERE,Faglitteratur,(blank),Hvor skal jeg sætte min Sön i Skole? (Knud Gad),Knud Gad,,,,,Knud Gad
WOR106100,work,VÆRK-REGISTER,ANDRE FORFATTERE,Faglitteratur,(blank),Igjennem Europa (Robert Watt),Robert Watt,,,,,Robert Watt
WOR106150,work,VÆRK-REGISTER,ANDRE FORFATTERE,Faglitteratur,(blank),ltalienische Reise (J. W. von Goethe),J. W. von Goethe,,,,,J. W. von Goethe
WOR106200,work,VÆRK-REGISTER,ANDRE FORFATTERE,Faglitteratur,(blank),Jammers-Minde (Leonora Christina Ulfeldt),Leonora Christina Ulfeldt,,,,,Leonora Christina Ulfeldt
WOR106250,work,VÆRK-REGISTER,ANDRE FORFATTERE,Faglitteratur,(blank),Jens Baggesens Biographie (August Baggesen),August Baggesen,,,,,August Baggesen
WOR106300,work,VÆRK-REGISTER,ANDRE FORFATTERE,Faglitteratur,(blank),De jeugd van beroemde mannen (Agatha Ͻ: Reinoudina de Goeje),Reinoudina de Goeje,,,,,Reinoudina de Goeje
WOR106350,work,VÆRK-REGISTER,ANDRE FORFATTERE,Faglitteratur,(blank),Johannes-Evangeliet (fransk Oversættelse),,,,,,
WOR106400,work,VÆRK-REGISTER,ANDRE FORFATTERE,Faglitteratur,(blank),Journey to Angora (William Ainsworth),"Théaulon, Choquart",,,,,"Théaulon, Choquart"
WOR106450,work,VÆRK-REGISTER,ANDRE FORFATTERE,Faglitteratur,(blank),Just Mathias Thiele (Ill. Tidende 22.11.1874) (Nicolaj Bøgh),Nicolaj Bøgh,,,,,Nicolaj Bøgh
WOR106500,work,VÆRK-REGISTER,ANDRE FORFATTERE,Faglitteratur,(blank),Kaulbach i sit Hjem (Nicolaj Bøgh),Nicolaj Bøgh,,,,,Nicolaj Bøgh
WOR106550,work,VÆRK-REGISTER,ANDRE FORFATTERE,Faglitteratur,(blank),"Den kongelige danske Skuepladses Historie, fra dens Overdragelse til Staten i 1849 indtil 1874. Første Deel (Th. Overskou)",Th. Overskou,,,,,Th. Overskou
WOR106600,work,VÆRK-REGISTER,ANDRE FORFATTERE,Faglitteratur,(blank),Kongespeilet,,,,,,
WOR106650,work,VÆRK-REGISTER,ANDRE FORFATTERE,Faglitteratur,(blank),Koranen,,,,,,
WOR106700,work,VÆRK-REGISTER,ANDRE FORFATTERE,Faglitteratur,(blank),Labyrinthen (J. Baggesen),J. Baggesen,,,,,J. Baggesen
WOR106750,work,VÆRK-REGISTER,ANDRE FORFATTERE,Faglitteratur,(blank),Das Leben Jesu (Karl August Hase),Karl August Hase,,,,,Karl August Hase
WOR106800,work,VÆRK-REGISTER,ANDRE FORFATTERE,Faglitteratur,(blank),Der Lehrerberuf in seinen Antinomien (Carl Theodor Schumacher),Carl Theodor Schumacher,,,,,Carl Theodor Schumacher
WOR106850,work,VÆRK-REGISTER,ANDRE FORFATTERE,Faglitteratur,(blank),Letters from the Shores of the Baltic (Elizabeth Rigby),Elizabeth Rigby,,,,,Elizabeth Rigby
WOR106900,work,VÆRK-REGISTER,ANDRE FORFATTERE,Faglitteratur,(blank),Lettres açoréennes (Henri Drouet),Henri Drouet,,,,,Henri Drouet
WOR106950,work,VÆRK-REGISTER,ANDRE FORFATTERE,Faglitteratur,(blank),Life of Columbus (Washington Irving),Washington Irving,,,,,Washington Irving
WOR107000,work,VÆRK-REGISTER,ANDRE FORFATTERE,Faglitteratur,(blank),Liv i Norden (Fredrika Bremer),Fredrika Bremer,,,,,Fredrika Bremer
WOR107050,work,VÆRK-REGISTER,ANDRE FORFATTERE,Faglitteratur,(blank),Levnetsbog (B. S. Ingemann),B. S. Ingemann,,,,,B. S. Ingemann
WOR107100,work,VÆRK-REGISTER,ANDRE FORFATTERE,Faglitteratur,(blank),"Lifvet i gamla verlden l, 1. Schweitz (Fredrika Bremer)",Fredrika Bremer,,,,,Fredrika Bremer
WOR107150,work,VÆRK-REGISTER,ANDRE FORFATTERE,Faglitteratur,(blank),Lohengrin & Tannhäuser de Richard Wagner (Fr. Liszt),Fr. Liszt,,,,,Fr. Liszt
WOR107200,work,VÆRK-REGISTER,ANDRE FORFATTERE,Faglitteratur,(blank),Lord Byrons personlige Character (C. Molbech),C. Molbech,,,,,C. Molbech
WOR107250,work,VÆRK-REGISTER,ANDRE FORFATTERE,Faglitteratur,(blank),"Ludwig Holberg, sein Leben und seine Schriften (Robert Prutz)",Robert Prutz,,,,,Robert Prutz
WOR107300,work,VÆRK-REGISTER,ANDRE FORFATTERE,Faglitteratur,(blank),Lübische Geschichten und Sagen (Ernst Deecke),Ernst Deecke,,,,,Ernst Deecke
WOR107350,work,VÆRK-REGISTER,ANDRE FORFATTERE,Faglitteratur,(blank),Lyrisk Poesie (J. L. Heiberg),J. L. Heiberg,,,,,J. L. Heiberg
WOR107400,work,VÆRK-REGISTER,ANDRE FORFATTERE,Faglitteratur,(blank),En Maaned i Spanien (Chr. K. F. Molbech),Chr. K. F. Molbech,,,,,Chr. K. F. Molbech
WOR107450,work,VÆRK-REGISTER,ANDRE FORFATTERE,Faglitteratur,(blank),Memoir of Col. Chas. S. Todd (G. W. Griffin),G. W. Griffin,,,,,G. W. Griffin
WOR107500,work,VÆRK-REGISTER,ANDRE FORFATTERE,Faglitteratur,(blank),Le mie prigioni (Silvio Pellico),Silvio Pellico,,,,,Silvio Pellico
WOR107550,work,VÆRK-REGISTER,ANDRE FORFATTERE,Faglitteratur,(blank),Minder fra min Barndom og min Ungdom (C. Hauch),C. Hauch,,,,,C. Hauch
WOR107600,work,VÆRK-REGISTER,ANDRE FORFATTERE,Faglitteratur,(blank),Minder om min første Udenlandsreise (C. Hauch),C. Hauch,,,,,C. Hauch
WOR107650,work,VÆRK-REGISTER,ANDRE FORFATTERE,Faglitteratur,(blank),Minnen från 1849 års danska Fälttåg under General Rye (Oscar von Knorring),Oscar von Knorring,,,,,Oscar von Knorring
WOR107700,work,VÆRK-REGISTER,ANDRE FORFATTERE,Faglitteratur,(blank),Mit Theaterliv II (1865). (A. Bournonville),A. Bournonville,,,,,A. Bournonville
WOR107750,work,VÆRK-REGISTER,ANDRE FORFATTERE,Faglitteratur,(blank),Moeurs et coutumes de l'Algérie (E. Daumas),E. Daumas,,,,,E. Daumas
WOR107800,work,VÆRK-REGISTER,ANDRE FORFATTERE,Faglitteratur,(blank),I monumenti dell' Egitto e della Nubia (Ippolito Rosellini),Ippolito Rosellini,,,,,Ippolito Rosellini
WOR107850,work,VÆRK-REGISTER,ANDRE FORFATTERE,Faglitteratur,(blank),Morgenland und Abendland vom Verfasser der Cartons [Ͻ: K. von Hailbronner]),,,,,,
WOR107900,work,VÆRK-REGISTER,ANDRE FORFATTERE,Faglitteratur,(blank),Napoleon III. Erindringer fra Wilhelmshöhe og Chrislehurst (L. Frost),L. Frost,,,,,L. Frost
WOR107950,work,VÆRK-REGISTER,ANDRE FORFATTERE,Faglitteratur,(blank),Neapel und die Neapolitaner (K. A. Mayer),K. A. Mayer,,,,,K. A. Mayer
WOR108000,work,VÆRK-REGISTER,ANDRE FORFATTERE,Faglitteratur,(blank),Nogle Bemærkninger med Hensyn til Digteren H. C. Andersens Poesie (C. Hauch),C. Hauch,,,,,C. Hauch
WOR108050,work,VÆRK-REGISTER,ANDRE FORFATTERE,Faglitteratur,(blank),Nogle Træk af Livet i Kjøbenhavn for en Menneskealder siden (J. Plenge),J. Plenge,,,,,J. Plenge
WOR108100,work,VÆRK-REGISTER,ANDRE FORFATTERE,Faglitteratur,(blank),Het Noorden en het Oosten (J. van's Gravenweert),J. van's Gravenweert,,,,,J. van's Gravenweert
WOR108150,work,VÆRK-REGISTER,ANDRE FORFATTERE,Faglitteratur,(blank),"Nye Samlinger til den Danske Historie, udg. af P. F. Suhm l (heri Amores Christiani IVti med Bilag)",P. F. Suhm,,,,,P. F. Suhm
WOR108200,work,VÆRK-REGISTER,ANDRE FORFATTERE,Faglitteratur,(blank),Odense og nærmeste Omegn i Billeder og med historisk beskrivende Text (J. Lauritzen),J. Lauritzen,,,,,J. Lauritzen
WOR108250,work,VÆRK-REGISTER,ANDRE FORFATTERE,Faglitteratur,(blank),"Om Hesteavl og Væddeløb (Stephan Széchenyi, oversat af Edv. Collin)",Stephan Széchenyi,,,,,Stephan Széchenyi
WOR108300,work,VÆRK-REGISTER,ANDRE FORFATTERE,Faglitteratur,(blank),Om Holger-Danske-Sagnet (Pauline Worm),E. Wolff,,,,,E. Wolff
WOR108350,work,VÆRK-REGISTER,ANDRE FORFATTERE,Faglitteratur,(blank),One Year in Sweden (Horace Marryat),Horace Marryat,,,,,Horace Marryat
WOR108400,work,VÆRK-REGISTER,ANDRE FORFATTERE,Faglitteratur,(blank),Oplysninger om Theaterforhold i 1849-58 (Th. Overskou),Th. Overskou,,,,,Th. Overskou
WOR108450,work,VÆRK-REGISTER,ANDRE FORFATTERE,Faglitteratur,(blank),"Optegnelser af danske, især kjøbenhavnske Tilstande (E. C. Werlauff),Se: Danske, især Kjøbenhavnske Tilstande",J. A. Jerichau,,,,,J. A. Jerichau
WOR108500,work,VÆRK-REGISTER,ANDRE FORFATTERE,Faglitteratur,(blank),"[Orglerne i Le Locle] (Jules F. W. Jürgensen). Ifølge Oplysninger af Fritz Jung, Le Locle, drejer det sig om en Pjece paa 32 Sider, oplæst 16.11.1859 ved Indvielsen af Orglet i den reformerte Kirke (Temple français) i Le Locle.",Jules F. W. Jürgensen,,,,,Jules F. W. Jürgensen
WOR108550,work,VÆRK-REGISTER,ANDRE FORFATTERE,Faglitteratur,(blank),Orientalische Briefe (Ida Hahn-Hahn),Ida Hahn-Hahn,,,,,Ida Hahn-Hahn
WOR108600,work,VÆRK-REGISTER,ANDRE FORFATTERE,Faglitteratur,(blank),"Ett par blad ifrån Rhenstranden, eller Marienberg ocb Kaiserwerth (Fredrika Bremer)",Fredrika Bremer,,,,,Fredrika Bremer
WOR108650,work,VÆRK-REGISTER,ANDRE FORFATTERE,Faglitteratur,(blank),Pariser-Fotografier. Ny Række (Robert Watt),Robert Watt,,,,,Robert Watt
WOR108700,work,VÆRK-REGISTER,ANDRE FORFATTERE,Faglitteratur,(blank),Das Passions-Schauspiel im Dorfe Oberammergau in Oberbayern und seine Bedeutung für die neue Zeit (Ed. Devrient),Ed. Devrient,,,,,Ed. Devrient
WOR108750,work,VÆRK-REGISTER,ANDRE FORFATTERE,Faglitteratur,(blank),Physiognomiske Studier (Sophus Schack),Sophus Schack,,,,,Sophus Schack
WOR108800,work,VÆRK-REGISTER,ANDRE FORFATTERE,Faglitteratur,(blank),Picturesque America (W. C. Bryant),W. C. Bryant,,,,,W. C. Bryant
WOR108850,work,VÆRK-REGISTER,ANDRE FORFATTERE,Faglitteratur,(blank),Poeten der Jetztzeit in Briefen an eine Frau (Johannes Scherr),Johannes Scherr,,,,,Johannes Scherr
WOR108900,work,VÆRK-REGISTER,ANDRE FORFATTERE,Faglitteratur,(blank),Portugal. Erinnerungen aus dem Jahre 1842 (Felix von Lichnowsky),Felix von Lichnowsky,,,,,Felix von Lichnowsky
WOR108950,work,VÆRK-REGISTER,ANDRE FORFATTERE,Faglitteratur,(blank),Postscriptum til Skriftet »Udvalg af Breve fra Mænd og Qvinder« (P. Hjort),P. Hjort,,,,,P. Hjort
WOR109000,work,VÆRK-REGISTER,ANDRE FORFATTERE,Faglitteratur,(blank),Prakt. Reisehandbuch nach und durch Italien (August Lewald),August Lewald,,,,,August Lewald
WOR109050,work,VÆRK-REGISTER,ANDRE FORFATTERE,Faglitteratur,(blank),"Reise der österreichischen Fregatte Novara um die Erde in den Jahren 1857, 1858, 1859 unter den Befehlen des Commodore B. von Wüllentorf-Urbair (1867)",,,,,,
WOR109100,work,VÆRK-REGISTER,ANDRE FORFATTERE,Faglitteratur,(blank),Reise durch Skandinavien (Skiz:ten aus dem Norden) (Th. Mügge),Th. Mügge,,,,,Th. Mügge
WOR109150,work,VÆRK-REGISTER,ANDRE FORFATTERE,Faglitteratur,(blank),"Reise giennem en Deel af Tydskland, Frankrige, England og Italien i Aarene 1819 og 1820 (C. Molbech)",C. Molbech,,,,,C. Molbech
WOR109200,work,VÆRK-REGISTER,ANDRE FORFATTERE,Faglitteratur,(blank),"Reise i Øst- og Vest-Finmarken samt til Beeren-Eiland og Spitsbergen, i Aarene 1827 og 1828 (B. M. Keilhau)",B. M. Keilhau,,,,,B. M. Keilhau
WOR109250,work,VÆRK-REGISTER,ANDRE FORFATTERE,Faglitteratur,(blank),Reise in das Morgenland in den Jahren 1836 und 1837 (Gotthilf Heinrich von Schubert),Gotthilf Heinrich von Schubert,,,,,Gotthilf Heinrich von Schubert
WOR109300,work,VÆRK-REGISTER,ANDRE FORFATTERE,Faglitteratur,(blank),Reise nach Italien und Sicilien (A. W. Kephalides),A. W. Kephalides,,,,,A. W. Kephalides
WOR109350,work,VÆRK-REGISTER,ANDRE FORFATTERE,Faglitteratur,(blank),Die Reise um die Welt. Karlsruhe 1860-61,,,,,,
WOR109400,work,VÆRK-REGISTER,ANDRE FORFATTERE,Faglitteratur,(blank),Resa i Italien 1780-82 (Carl August Ehrensvärd),Carl August Ehrensvärd,,,,,Carl August Ehrensvärd
WOR109450,work,VÆRK-REGISTER,ANDRE FORFATTERE,Faglitteratur,(blank),Romanen om Rosen (S. C. O. F. Broberg),S. C. O. F. Broberg,,,,,S. C. O. F. Broberg
WOR109500,work,VÆRK-REGISTER,ANDRE FORFATTERE,Faglitteratur,(blank),Den romantiske Skole i Tydskland (Hovedstrømninger II). (G. Brandes),G. Brandes,,,,,G. Brandes
WOR109550,work,VÆRK-REGISTER,ANDRE FORFATTERE,Faglitteratur,(blank),Die Schweiz nebst den angrenzenden Theilen (K. Baedeker),K. Baedeker,,,,,K. Baedeker
WOR109600,work,VÆRK-REGISTER,ANDRE FORFATTERE,Faglitteratur,(blank),Sir Walter Scott as a Poet (G. M. Sproat),G. M. Sproat,,,,,G. M. Sproat
WOR109650,work,VÆRK-REGISTER,ANDRE FORFATTERE,Faglitteratur,(blank),Skildringer fra Spanien (Jacob Kornerup),Jacob Kornerup,,,,,Jacob Kornerup
WOR109700,work,VÆRK-REGISTER,ANDRE FORFATTERE,Faglitteratur,(blank),Spanierne i Danmark (Historiske Studier l) (Fr. Schiern),Fr. Schiern,,,,,Fr. Schiern
WOR109750,work,VÆRK-REGISTER,ANDRE FORFATTERE,Faglitteratur,(blank),Spanske Tilstande i Fortid og Nutid (L. Lund),L. Lund,,,,,L. Lund
WOR109800,work,VÆRK-REGISTER,ANDRE FORFATTERE,Faglitteratur,(blank),Statistisk-topographisk Beskrivelse af Kongeriget Danmark (J. P. Trap) 1. Udgave (1858-60),J. P. Trap,,,,,J. P. Trap
WOR109850,work,VÆRK-REGISTER,ANDRE FORFATTERE,Faglitteratur,(blank),Statistisk-topographisk Beskrivelse af Kongeriget Danmark (J. P. Trap) 2. Udgave. 3. Deel (1872),J. P. Trap,,,,,J. P. Trap
WOR109900,work,VÆRK-REGISTER,ANDRE FORFATTERE,Faglitteratur,(blank),"Stjernehimlen (F. Kaiser, oversat af Mathilde Ørsted)",F. Kaiser,,,,,F. Kaiser
WOR109950,work,VÆRK-REGISTER,ANDRE FORFATTERE,Faglitteratur,(blank),Studies in Litetature (G. W. Griffin),G. W. Griffin,,,,,G. W. Griffin
WOR110000,work,VÆRK-REGISTER,ANDRE FORFATTERE,Faglitteratur,(blank),Supplement-Tafeln zu Joh. Hübners genealogischen Tabellen (Dronning Marie Sophie Frederikke),Dronning Marie Sophie Frederikke,,,,,Dronning Marie Sophie Frederikke
WOR110050,work,VÆRK-REGISTER,ANDRE FORFATTERE,Faglitteratur,(blank),Sur terre et sur mer (Henri Drouet),Henri Drouet,,,,,Henri Drouet
WOR110100,work,VÆRK-REGISTER,ANDRE FORFATTERE,Faglitteratur,(blank),Talmud,,,,,,
WOR110150,work,VÆRK-REGISTER,ANDRE FORFATTERE,Faglitteratur,(blank),"Thorvaldsen, sa vie et son oeuvre (Eugéne Plon)",Eugéne Plon,,,,,Eugéne Plon
WOR110200,work,VÆRK-REGISTER,ANDRE FORFATTERE,Faglitteratur,(blank),"Thorvaldsen, sa vie et son oeuvre (Eugéne Plon)- Engelsk Oversættelse: Thorvaldsen, his life and works, transl. by Mrs. C. Hoey",J. M. Thiele,,,,,J. M. Thiele
WOR110250,work,VÆRK-REGISTER,ANDRE FORFATTERE,Faglitteratur,(blank),Thorvaldsens Biographie (J. M. Thiele),J. M. Thiele,,,,,J. M. Thiele
WOR110300,work,VÆRK-REGISTER,ANDRE FORFATTERE,Faglitteratur,(blank),"Til Belysning af Holbergs og Heibergs Forbilleder (Det 19. Aarhundrede, 2det Hefte 1874) (Edvard Brandes)",Edvard Brandes,,,,,Edvard Brandes
WOR110350,work,VÆRK-REGISTER,ANDRE FORFATTERE,Faglitteratur,(blank),Tilbageblik paa mit Liv og min Forfattervirksomhed fra 1811-37 (B. S. Ingemann),B. S. Ingemann,,,,,B. S. Ingemann
WOR110400,work,VÆRK-REGISTER,ANDRE FORFATTERE,Faglitteratur,(blank),To Capitler af det Skjönnes Naturlære (H. C. Ørsted),H. C. Ørsted,,,,,H. C. Ørsted
WOR110450,work,VÆRK-REGISTER,ANDRE FORFATTERE,Faglitteratur,(blank),Le Tour de monde (1863),,,,,,
WOR110500,work,VÆRK-REGISTER,ANDRE FORFATTERE,Faglitteratur,(blank),"Travels in North America, with Geological Observations (Charles Lyell)",Charles Lyell,,,,,Charles Lyell
WOR110550,work,VÆRK-REGISTER,ANDRE FORFATTERE,Faglitteratur,(blank),Det tredie slesvigske Felttog (Fr. Hammerich),Fr. Hammerich,,,,,Fr. Hammerich
WOR110600,work,VÆRK-REGISTER,ANDRE FORFATTERE,Faglitteratur,(blank),Trende Epistler til *** i Oversættelse fra 1745. Ved I. Levin (L. Holberg),L. Holberg,,,,,L. Holberg
WOR110650,work,VÆRK-REGISTER,ANDRE FORFATTERE,Faglitteratur,(blank),Træk af Thorvaldsens Konstner- og Omgangsliv (C. F. Wilckens),C. F. Wilckens,,,,,C. F. Wilckens
WOR110700,work,VÆRK-REGISTER,ANDRE FORFATTERE,Faglitteratur,(blank),Udvalg af Breve fra Mænd og Qvinder skrevne gjennem en lang Række År til P. Hjort og nu udgivne med biografiske og literærhistoriske Anmærkninger af Modtageren,,,,,,
WOR110750,work,VÆRK-REGISTER,ANDRE FORFATTERE,Faglitteratur,(blank),Ved Henrik Hertz's Jordefærd i Frue Kirke d. 4. Marts 1870 (N. G. Blædel),N. G. Blædel,,,,,N. G. Blædel
WOR110800,work,VÆRK-REGISTER,ANDRE FORFATTERE,Faglitteratur,(blank),Ved Johan Ludvig Heibergs Jordefærd (H. Martensen),H. Martensen,,,,,H. Martensen
WOR110850,work,VÆRK-REGISTER,ANDRE FORFATTERE,Faglitteratur,(blank),Verdens Historie (C. Cantù),C. Cantù,,,,,C. Cantù
WOR110900,work,VÆRK-REGISTER,ANDRE FORFATTERE,Faglitteratur,(blank),"Versuch eines Beweises, dass die Wettrennen nothwendig sind (Hertug Christian August af Augustenborg)",Christian August af Augustenborg,,,,,Christian August af Augustenborg
WOR110950,work,VÆRK-REGISTER,ANDRE FORFATTERE,Faglitteratur,(blank),Voyage aux régions équinoxiales du nouveau continent (Alexander von Humboldt),Alexander von Humboldt,,,,,Alexander von Humboldt
WOR111000,work,VÆRK-REGISTER,ANDRE FORFATTERE,Faglitteratur,(blank),Voyage en Danemark (J. M. Dargaud),J. M. Dargaud,,,,,J. M. Dargaud
WOR111050,work,VÆRK-REGISTER,ANDRE FORFATTERE,Faglitteratur,(blank),Voyage en Orient (A. de Lamartine),A. de Lamartine,,,,,A. de Lamartine
WOR111100,work,VÆRK-REGISTER,ANDRE FORFATTERE,Faglitteratur,(blank),"Wanderungen im Orient, während der Jahre 1843-44 (Karl Koch)",Karl Koch,,,,,Karl Koch
WOR111150,work,VÆRK-REGISTER,ANDRE FORFATTERE,Faglitteratur,(blank),Weltgeschichte für Kinder und Kinderlehrer (K. F. Becker),K. F. Becker,,,,,K. F. Becker
WOR111200,work,VÆRK-REGISTER,ANDRE FORFATTERE,Faglitteratur,(blank),"Western Berbery, its wild tribes and savage animaJs (John H. Drummond Hay)",John H. Drummond Hay,,,,,John H. Drummond Hay
WOR111250,work,VÆRK-REGISTER,ANDRE FORFATTERE,Faglitteratur,(blank),Wilhelmshöhe og Chislehurst. En Dansks Erindringer om Napoleon III og hans Omgivelser (Nær og Fjern 1874) (Toujours fidèle Ͻ: L. Frost),L. Frost,,,,,L. Frost
WOR111300,work,VÆRK-REGISTER,ANDRE FORFATTERE,Faglitteratur,(blank),Ein Winter in Spanien (F. W. Hackländer),F. W. Hackländer,,,,,F. W. Hackländer
WOR111350,work,VÆRK-REGISTER,ANDRE FORFATTERE,Faglitteratur,(blank),Eine Woche in Nürnberg. Ein Wegweiser für Fremde (Karl Mainberger),Karl Mainberger,,,,,Karl Mainberger
WOR111400,work,VÆRK-REGISTER,ANDRE FORFATTERE,Faglitteratur,(blank),"Wundermappe der Donau. Nach Original-Zeichnungen, grossentheils von Thomas Ender, in Stahl gestochen",,,,,,
WOR111450,work,VÆRK-REGISTER,ANDRE FORFATTERE,Faglitteratur,(blank),Zeitgenossen,,,,,,
WOR111500,work,VÆRK-REGISTER,ANDRE FORFATTERE,Faglitteratur,(blank),Die 2. Entdeckungs-Reise des Capitain John Ross nach den Gegenden des Nordpols und sein Aufenthalt daselbst während der Jahre 1829-33. Aus den Englischen von G. W. Becker und J. Sporschil,,,,,,
WOR111550,work,VÆRK-REGISTER,ANDRE FORFATTERE,Faglitteratur,(blank),"Oehlenschläger, le poète national du Danemark (J. le Fèvre Deumier)",J. le Fèvre Deumier,,,,,J. le Fèvre Deumier
WOR111600,work,VÆRK-REGISTER,BILLEDKUNST,Museer og Samlinger,(blank),Amsterdam. Chr. E. van Eeghens Samling,,,,,,
WOR111650,work,VÆRK-REGISTER,BILLEDKUNST,Museer og Samlinger,(blank),Antwerpen,Capitol · Rom,,,,,
WOR111700,work,VÆRK-REGISTER,BILLEDKUNST,Museer og Samlinger,(blank),Avignon,,,,,,
WOR111750,work,VÆRK-REGISTER,BILLEDKUNST,Museer og Samlinger,(blank),Berlin. Billedgalleriet,,,,,,
WOR111800,work,VÆRK-REGISTER,BILLEDKUNST,Museer og Samlinger,(blank),Berlin. Billedgalleriet - Neues Museum (Kaulbachs Vægbilleder),,,,,,
WOR111850,work,VÆRK-REGISTER,BILLEDKUNST,Museer og Samlinger,(blank),Bologna,Doria-P. · Rom,,,,,
WOR111900,work,VÆRK-REGISTER,BILLEDKUNST,Museer og Samlinger,(blank),Dresden,,,,,,
WOR111950,work,VÆRK-REGISTER,BILLEDKUNST,Museer og Samlinger,(blank),Firenze. Aceademia delle helle arti,Belvedere · Wien,,,,,
WOR112000,work,VÆRK-REGISTER,BILLEDKUNST,Museer og Samlinger,(blank),Firenze. Aceademia delle helle arti - Galleria Pitti,Belvedere · Wien,,,,,
WOR112050,work,VÆRK-REGISTER,BILLEDKUNST,Museer og Samlinger,(blank),Firenze. Aceademia delle helle arti - Galleria degli Uffizi.,Belvedere · Wien,,,,,
WOR112100,work,VÆRK-REGISTER,BILLEDKUNST,Museer og Samlinger,(blank),Frankfurt a. M. Städel'sche Kunst-lnstitut,,,,,,
WOR112150,work,VÆRK-REGISTER,BILLEDKUNST,Museer og Samlinger,(blank),Genova. Palazzo Durazzo,,,,,,
WOR112200,work,VÆRK-REGISTER,BILLEDKUNST,Museer og Samlinger,(blank),Karlsruhe. Badische Kunsthalle,,,,,,
WOR112250,work,VÆRK-REGISTER,BILLEDKUNST,Museer og Samlinger,(blank),København. Thorvaldsens Museum,,,,,,
WOR112300,work,VÆRK-REGISTER,BILLEDKUNST,Museer og Samlinger,(blank),Madrid. Exposición nacional de bellas artes 1862,,,,,,
WOR112350,work,VÆRK-REGISTER,BILLEDKUNST,Museer og Samlinger,(blank),Madrid. Exposición nacional de bellas artes 1862- Prado-Museet,,,,,,
WOR112400,work,VÆRK-REGISTER,BILLEDKUNST,Museer og Samlinger,(blank),Milano. Brera-Museet,,,,,,
WOR112450,work,VÆRK-REGISTER,BILLEDKUNST,Museer og Samlinger,(blank),München. Glyptoteket,,,,,,
WOR112500,work,VÆRK-REGISTER,BILLEDKUNST,Museer og Samlinger,(blank),München. Glyptoteket- Köngl. Bildergallerie (Alte Pinakothek),,,,,,
WOR112550,work,VÆRK-REGISTER,BILLEDKUNST,Museer og Samlinger,(blank),München. Glyptoteket- Det Leuchtenbergske Galleri,,,,,,
WOR112600,work,VÆRK-REGISTER,BILLEDKUNST,Museer og Samlinger,(blank),München. Glyptoteket- Neue Pinakothek,,,,,,
WOR112650,work,VÆRK-REGISTER,BILLEDKUNST,Museer og Samlinger,(blank),Napoli. Museo borbonico,,,,,,
WOR112700,work,VÆRK-REGISTER,BILLEDKUNST,Museer og Samlinger,(blank),Paris. Louvre,,,,,,
WOR112750,work,VÆRK-REGISTER,BILLEDKUNST,Museer og Samlinger,(blank),Rom. Capitol-Museet,,,,,,
WOR112800,work,VÆRK-REGISTER,BILLEDKUNST,Museer og Samlinger,(blank),Rom. Capitol-Museet- Galleria Borghese,,,,,,
WOR112850,work,VÆRK-REGISTER,BILLEDKUNST,Museer og Samlinger,(blank),Rom. Capitol-Museet- Galleria Doria-Pamphilj,,,,,,
WOR112900,work,VÆRK-REGISTER,BILLEDKUNST,Museer og Samlinger,(blank),Rom. Capitol-Museet- Galleria Spada,,,,,,
WOR112950,work,VÆRK-REGISTER,BILLEDKUNST,Museer og Samlinger,(blank),"Rom. Capitol-Museet- Kardinal Fesch’ Samling, Palazzo Falconieri.",,,,,,
WOR113000,work,VÆRK-REGISTER,BILLEDKUNST,Museer og Samlinger,(blank),Rom. Capitol-Museet- Lateran-Museet,,,,,,
WOR113050,work,VÆRK-REGISTER,BILLEDKUNST,Museer og Samlinger,(blank),Rom. Capitol-Museet- Palazzo Barberini,,,,,,
WOR113100,work,VÆRK-REGISTER,BILLEDKUNST,Museer og Samlinger,(blank),Rom. Capitol-Museet- Palazzo Colonna,,,,,,
WOR113150,work,VÆRK-REGISTER,BILLEDKUNST,Museer og Samlinger,(blank),Rom. Capitol-Museet- Palazzo Rospigliosi,,,,,,
WOR113200,work,VÆRK-REGISTER,BILLEDKUNST,Museer og Samlinger,(blank),Rom. Capitol-Museet- Palazzo Sciarra-Colonna,,,,,,
WOR113250,work,VÆRK-REGISTER,BILLEDKUNST,Museer og Samlinger,(blank),Rom. Capitol-Museet- Vatikan-Museerne,,,,,,
WOR113300,work,VÆRK-REGISTER,BILLEDKUNST,Museer og Samlinger,(blank),Sevilla. Academia de bellas artes- Hospital de la Caridad,,,,,,
WOR113350,work,VÆRK-REGISTER,BILLEDKUNST,Museer og Samlinger,(blank),Torino. Palazzo Madama,,,,,,
WOR113400,work,VÆRK-REGISTER,BILLEDKUNST,Museer og Samlinger,(blank),Venezia. Doge-Paladset,Glyptoteket · München,,,,,
WOR113450,work,VÆRK-REGISTER,BILLEDKUNST,Museer og Samlinger,(blank),Venezia. Doge-Paladset - Galleria Manfrin,Glyptoteket · München,,,,,
WOR113500,work,VÆRK-REGISTER,BILLEDKUNST,Museer og Samlinger,(blank),Wien. Belvedere-Samlingen,,,,,,
WOR113550,work,VÆRK-REGISTER,BILLEDKUNST,Malerier og Tegninger,(blank),A. W. Moltke (Sophus Schack),,,,,,
WOR113600,work,VÆRK-REGISTER,BILLEDKUNST,Malerier og Tegninger,(blank),"Abe, der lysker en Mand (Annibale Carracci, Uffizi, Firenze)",Uffizi · Firenze,,,,,
WOR113650,work,VÆRK-REGISTER,BILLEDKUNST,Malerier og Tegninger,(blank),"Abel dræbt af Kain (Leonello Spada, M. borbonico, Napoli)",M. borbonico · Napoli,,,,,
WOR113700,work,VÆRK-REGISTER,BILLEDKUNST,Malerier og Tegninger,(blank),"Abels Død (Salvator Rosa, Doria-P., Rom)",Doria-P. · Rom,,,,,
WOR113750,work,VÆRK-REGISTER,BILLEDKUNST,Malerier og Tegninger,(blank),"Aber, der sidder til Doms over Katte (Rubens, Leuchtenberg, München)",Leuchtenberg · München,,,,,
WOR113800,work,VÆRK-REGISTER,BILLEDKUNST,Malerier og Tegninger,(blank),"Abrahams Offer (Gherardo delle Notti, Sciarra, Rom)",Sciarra · Rom,,,,,
WOR113850,work,VÆRK-REGISTER,BILLEDKUNST,Malerier og Tegninger,(blank),"Abrahams Offer (Sodoma, Domkirken, Pisa)",Domkirken · Pisa,,,,,
WOR113900,work,VÆRK-REGISTER,BILLEDKUNST,Malerier og Tegninger,(blank),"Abrahams Offer (Tizian, Doria-P., Rom)",Doria-P. · Rom,,,,,
WOR113950,work,VÆRK-REGISTER,BILLEDKUNST,Malerier og Tegninger,(blank),"Adam og Eva (Arvesynden) (Domenichino, Rospigliosi, Rom)",Rospigliosi · Rom,,,,,
WOR114000,work,VÆRK-REGISTER,BILLEDKUNST,Malerier og Tegninger,(blank),"Adam og Eva (Perugino, Barberini, Rom)",Barberini · Rom,,,,,
WOR114050,work,VÆRK-REGISTER,BILLEDKUNST,Malerier og Tegninger,(blank),Adelheid (Wilhelm Von Kaulbach),,,,,,
WOR114100,work,VÆRK-REGISTER,BILLEDKUNST,Malerier og Tegninger,(blank),"L' Adorazione al Bambino (Francesco Francia, Bologna)",,,,,,
WOR114150,work,VÆRK-REGISTER,BILLEDKUNST,Malerier og Tegninger,(blank),"S. Agnese opvækker Licinius (Tintoretto, Madonna dell'Orto, Venezia)",Madonna dell'Orto · Venezia,,,,,
WOR114200,work,VÆRK-REGISTER,BILLEDKUNST,Malerier og Tegninger,(blank),"S. Agneses Martyrium (Domenichino, Bologna)",,,,,,
WOR114250,work,VÆRK-REGISTER,BILLEDKUNST,Malerier og Tegninger,(blank),"Albrecht Dürer (Selvportræt, Uffizi, Firenze)",Uffizi · Firenze,,,,,
WOR114300,work,VÆRK-REGISTER,BILLEDKUNST,Malerier og Tegninger,(blank),Alexander-Slaget (Pompeji),,,,,,
WOR114350,work,VÆRK-REGISTER,BILLEDKUNST,Malerier og Tegninger,(blank),"Alexanders og Roxanes Bryllup (Sodoma, Farnesina, Rom)",Farnesina · Rom,,,,,
WOR114400,work,VÆRK-REGISTER,BILLEDKUNST,Malerier og Tegninger,(blank),"Allegori over Dogen Leonardo Loredans Sejr over de Allierede fra Cambrai (Palma il Giovane, Doge-Paladset, Venezia)",Doge-Paladset · Venezia,,,,,
WOR114450,work,VÆRK-REGISTER,BILLEDKUNST,Malerier og Tegninger,(blank),"Amor (Guido Reni, Leuchtenberg, München)",Leuchtenberg · München,,,,,
WOR114500,work,VÆRK-REGISTER,BILLEDKUNST,Malerier og Tegninger,(blank),"Amor sacro e amor profano (Tizian, Borghese, Rom)",Borghese · Rom,,,,,
WOR114550,work,VÆRK-REGISTER,BILLEDKUNST,Malerier og Tegninger,(blank),"S. Andrea Corsini (Guido Reni, Bologna)",,,,,,
WOR114600,work,VÆRK-REGISTER,BILLEDKUNST,Malerier og Tegninger,(blank),"S. Andreas (Domenichino, Kopi af G. Silvagni, Lateranet, Rom)",Lateranet · Rom,,,,,
WOR114650,work,VÆRK-REGISTER,BILLEDKUNST,Malerier og Tegninger,(blank),"Andromedas Befrielse (Guido Reni, Rospigliosi, Rom)",Rospigliosi · Rom,,,,,
WOR114700,work,VÆRK-REGISTER,BILLEDKUNST,Malerier og Tegninger,(blank),"S. Antonio de Padua (Murillo, Academia, Sevilla)",Academia · Sevilla,,,,,
WOR114750,work,VÆRK-REGISTER,BILLEDKUNST,Malerier og Tegninger,(blank),"Apollo in aria, suonando la cetra (Annibale Carracci, M. borbonico, Napoli)",M. borbonico · Napoli,,,,,
WOR114800,work,VÆRK-REGISTER,BILLEDKUNST,Malerier og Tegninger,(blank),"Apollo, som opfordrer til at dømme hans Spil (Guido Reni, Manfrin, Venezia)",Manfrin · Venezia,,,,,
WOR114850,work,VÆRK-REGISTER,BILLEDKUNST,Malerier og Tegninger,(blank),"Apostlene (Rubens, Rospigliosi, Rom)",Rospigliosi · Rom,,,,,
WOR114900,work,VÆRK-REGISTER,BILLEDKUNST,Malerier og Tegninger,(blank),Aristokrati og Fattigfolk (Siegwald Dahl),,,,,,
WOR114950,work,VÆRK-REGISTER,BILLEDKUNST,Malerier og Tegninger,(blank),"Atalas Død (César Mussinj, Accademia, Firenze)",,,,,,
WOR115000,work,VÆRK-REGISTER,BILLEDKUNST,Malerier og Tegninger,(blank),"Atalas Død. - Atalas Begravelse (Natale Carta, M. borbonico, Napoli)",M. borbonico · Napoli,,,,,
WOR115050,work,VÆRK-REGISTER,BILLEDKUNST,Malerier og Tegninger,(blank),"Aurora (Guido Reni, Rospigliosi, Rom)",Rospigliosi · Rom,,,,,
WOR115100,work,VÆRK-REGISTER,BILLEDKUNST,Malerier og Tegninger,(blank),"Bacchanal (Rubens, Frederiksborg)",Frederiksborg · Hillerød,,,,,
WOR115150,work,VÆRK-REGISTER,BILLEDKUNST,Malerier og Tegninger,(blank),Bacchantinde (Pompeji),,,,,,
WOR115200,work,VÆRK-REGISTER,BILLEDKUNST,Malerier og Tegninger,(blank),"Beatrice Cenci (Guido Reni, Barberini, Rom)",Barberini · Rom,,,,,
WOR115250,work,VÆRK-REGISTER,BILLEDKUNST,Malerier og Tegninger,(blank),Beduin-Leir under et Figentræ (Horace Vernet),,,,,,
WOR115300,work,VÆRK-REGISTER,BILLEDKUNST,Malerier og Tegninger,(blank),"Det befriede Jerusalem, Scener af (Joseph von Führich, Villa Massimi, Rom)",Villa Massimi · Rom,,,,,
WOR115350,work,VÆRK-REGISTER,BILLEDKUNST,Malerier og Tegninger,(blank),"Det befriede Jerusalem, Scener af (Fr. Overbeck, Villa Massimi, Rom)",Villa Massimi · Rom,,,,,
WOR115400,work,VÆRK-REGISTER,BILLEDKUNST,Malerier og Tegninger,(blank),"La Bella (Tizian, Sciarra, Rom)",Sciarra · Rom,,,,,
WOR115450,work,VÆRK-REGISTER,BILLEDKUNST,Malerier og Tegninger,(blank),"La Belle jardinière (Rafael (Kopi), Fesch, Rom)",,,,,,
WOR115500,work,VÆRK-REGISTER,BILLEDKUNST,Malerier og Tegninger,(blank),"Bespisningen i Ørkenen (Murillo, Caridad, Sevilla)",Caridad · Sevilla,,,,,
WOR115550,work,VÆRK-REGISTER,BILLEDKUNST,Malerier og Tegninger,(blank),Billede fra Grønland. De Indfødte dandse Fangedandsen. (Carl Rasmussen),,,,,,
WOR115600,work,VÆRK-REGISTER,BILLEDKUNST,Malerier og Tegninger,(blank),"En Biskop knæler for en Engel (Murillo, Leuchtenberg, München)",Leuchtenberg · München,,,,,
WOR115650,work,VÆRK-REGISTER,BILLEDKUNST,Malerier og Tegninger,(blank),"Den blinde Belisar, der bærer sin saarede Ledsager (F.-P. Gérard, Leuchtenberg, München)",Leuchtenberg · München,,,,,
WOR115700,work,VÆRK-REGISTER,BILLEDKUNST,Malerier og Tegninger,(blank),"Blomsterstykke (Jan van Dael, Leuchtenberg, München)",Leuchtenberg · München,,,,,
WOR115750,work,VÆRK-REGISTER,BILLEDKUNST,Malerier og Tegninger,(blank),"Blomsterstykke med en Tulipan og en Valmue (Jan van Huysum, Fesch, Rom)",Fesch · Rom,,,,,
WOR115800,work,VÆRK-REGISTER,BILLEDKUNST,Malerier og Tegninger,(blank),"Bondebryllup (David Teniers d. Y., Doria-P., Rom)",Doria-P. · Rom,,,,,
WOR115850,work,VÆRK-REGISTER,BILLEDKUNST,Malerier og Tegninger,(blank),"Bondestue med to, som drikker (Teniers d.Y., Sciarra, Rom)",,,,,,
WOR115900,work,VÆRK-REGISTER,BILLEDKUNST,Malerier og Tegninger,(blank),Borgmester Meier's Madonna (Hans Holbein d. Y.),,,,,,
WOR115950,work,VÆRK-REGISTER,BILLEDKUNST,Malerier og Tegninger,(blank),"Borgmester Meier's Madonna (Hans Holbein d. Y.)- (Kopi, Dresden)",,,,,,
WOR116000,work,VÆRK-REGISTER,BILLEDKUNST,Malerier og Tegninger,(blank),"Brylluppet i Kana (Rubens, Louvre, Paris)",Louvre · Paris,,,,,
WOR116050,work,VÆRK-REGISTER,BILLEDKUNST,Malerier og Tegninger,(blank),"Brylluppet i Kana (Paolo Veronese, Dresden)",,,,,,
WOR116100,work,VÆRK-REGISTER,BILLEDKUNST,Malerier og Tegninger,(blank),Bøflerne og Fiskeren (Léopold Robert),,,,,,
WOR116150,work,VÆRK-REGISTER,BILLEDKUNST,Malerier og Tegninger,(blank),"Bønder, der ryger Tobak i en Løvhytte (Adriaen van Ostade, Leuchtenberg, München)",Leuchtenberg · München,,,,,
WOR116200,work,VÆRK-REGISTER,BILLEDKUNST,Malerier og Tegninger,(blank),"La Carità. Kone med barbenet Dreng giver den Blindes Ledsager et Brød (Schidone, M. borbonico, Napoli)",M. borbonico · Napoli,,,,,
WOR116250,work,VÆRK-REGISTER,BILLEDKUNST,Malerier og Tegninger,(blank),"Carl I's Børn (A. Van Dyck, Berlin)",,,,,,
WOR116300,work,VÆRK-REGISTER,BILLEDKUNST,Malerier og Tegninger,(blank),"Carlo Alberto af Sardinien (Horace Vernet, Madama, Torino)",Madama · Torino,,,,,
WOR116350,work,VÆRK-REGISTER,BILLEDKUNST,Malerier og Tegninger,(blank),"Catarina Durazzo (A. van Dyck, Durazzo, Genova)",Durazzo · Genova,,,,,
WOR116400,work,VÆRK-REGISTER,BILLEDKUNST,Malerier og Tegninger,(blank),S. Catharinas Martyrium (H. K. A. Mücke),,,,,,
WOR116450,work,VÆRK-REGISTER,BILLEDKUNST,Malerier og Tegninger,(blank),"S. Catharinas Trolovelse (Scipione Pulzone Gaëtano, Doria-P., Rom)",Doria-P. · Rom,,,,,
WOR116500,work,VÆRK-REGISTER,BILLEDKUNST,Malerier og Tegninger,(blank),"S. Catharinas Trolovelse (A. Tiarini, Bologna)",,,,,,
WOR116550,work,VÆRK-REGISTER,BILLEDKUNST,Malerier og Tegninger,(blank),"S. Cecilia (Carlo Dolci, Manfrin, Venezia)",Manfrin · Venezia,,,,,
WOR116600,work,VÆRK-REGISTER,BILLEDKUNST,Malerier og Tegninger,(blank),"S. Cecilia (Rafael, Bologna)",,,,,,
WOR116650,work,VÆRK-REGISTER,BILLEDKUNST,Malerier og Tegninger,(blank),"S. Cecilia (Rafael, Bologna)- (Kopi af Guido Reni, S. Luigi dei Francesi, Rom)",,,,,,
WOR116700,work,VÆRK-REGISTER,BILLEDKUNST,Malerier og Tegninger,(blank),"S. Cecilia (Rubens, Berlin)",,,,,,
WOR116750,work,VÆRK-REGISTER,BILLEDKUNST,Malerier og Tegninger,(blank),"Cesare Borgia (Rafael, Borghese, Rom)",Borghese · Rom,,,,,
WOR116800,work,VÆRK-REGISTER,BILLEDKUNST,Malerier og Tegninger,(blank),"Cham blotter Noahs Skam (Andrea Sacchi, Sciarra, Rom)",Sciarra · Rom,,,,,
WOR116850,work,VÆRK-REGISTER,BILLEDKUNST,Malerier og Tegninger,(blank),"Cham blotter Noahs Skam (Andrea Sacchi, Belvedere, Wien)",Belvedere · Wien,,,,,
WOR116900,work,VÆRK-REGISTER,BILLEDKUNST,Malerier og Tegninger,(blank),Charitas (Wilhelm von Kaulbach),,,,,,
WOR116950,work,VÆRK-REGISTER,BILLEDKUNST,Malerier og Tegninger,(blank),Chr. Bredahl (Tegning af Fredrika Bremer),,,,,,
WOR117000,work,VÆRK-REGISTER,BILLEDKUNST,Malerier og Tegninger,(blank),"Christi Daab (Carlo Maratti, S. Maria degli Angeli, Rom)",S. Maria degli Angeli · Rom,,,,,
WOR117050,work,VÆRK-REGISTER,BILLEDKUNST,Malerier og Tegninger,(blank),"Christi Død (Annibale Carracci, Fesch, Rom)",Fesch · Rom,,,,,
WOR117100,work,VÆRK-REGISTER,BILLEDKUNST,Malerier og Tegninger,(blank),"Christi Fødsel (Adriaen van der Werff, Uffizi, Firenze)",Uffizi · Firenze,,,,,
WOR117150,work,VÆRK-REGISTER,BILLEDKUNST,Malerier og Tegninger,(blank),"Christi Gravlæggelse (Caravaggio, Vatikanet, Rom)",Vatikanet · Rom,,,,,
WOR117200,work,VÆRK-REGISTER,BILLEDKUNST,Malerier og Tegninger,(blank),"Christi Gravlæggelse (Caravaggio, Berlin)",,,,,,
WOR117250,work,VÆRK-REGISTER,BILLEDKUNST,Malerier og Tegninger,(blank),"Christi Gravlæggelse (Fr. Overbeck, Maria-Kirken, Lübeck)",Maria-Kirken · Lübeck,,,,,
WOR117300,work,VÆRK-REGISTER,BILLEDKUNST,Malerier og Tegninger,(blank),"Christi Indtog i Jerusalem (Fr. Overbeck, Maria-Kirken, Lübeck)",Maria-Kirken · Lübeck,,,,,
WOR117350,work,VÆRK-REGISTER,BILLEDKUNST,Malerier og Tegninger,(blank),"Christi Legeme paa Marias Skød (Bronzino, Leuchtenberg, München)",Leuchtenberg · München,,,,,
WOR117400,work,VÆRK-REGISTER,BILLEDKUNST,Malerier og Tegninger,(blank),"Christi Opstandelse (Heinrich Eddelien, Nicolai Kirke, Svendborg)",Nicolai Kirke · Svendborg,,,,,
WOR117450,work,VÆRK-REGISTER,BILLEDKUNST,Malerier og Tegninger,(blank),"Christian II (M. borbonico, Napoli)",M. borbonico · Napoli,,,,,
WOR117500,work,VÆRK-REGISTER,BILLEDKUNST,Malerier og Tegninger,(blank),Christian II i Sønderborg Fængsel (Carl Bloch),,,,,,
WOR117550,work,VÆRK-REGISTER,BILLEDKUNST,Malerier og Tegninger,(blank),"Christian IV (Karel van Mander III, Hampton Court Palace)",Karel van Mander III · Hampton Court Palace,,,,,
WOR117600,work,VÆRK-REGISTER,BILLEDKUNST,Malerier og Tegninger,(blank),"Christian IV (Rytterbillede, kopieret 1817 af Wilhelm Tischbein, Slottet i Oldenburg)",Slottet · Oldenburg,,,,,
WOR117650,work,VÆRK-REGISTER,BILLEDKUNST,Malerier og Tegninger,(blank),"Christian IV.s Dom - Christian IV paa »Trefoldighedene« (W. Marstrand, Roskilde Domkirke)",Roskilde Domkirke · Roskilde,,,,,
WOR117700,work,VÆRK-REGISTER,BILLEDKUNST,Malerier og Tegninger,(blank),"Christian, udvalgt Prins af Danmark (Karel van Mander III, Berlin)",,,,,,
WOR117750,work,VÆRK-REGISTER,BILLEDKUNST,Malerier og Tegninger,(blank),"Christus (Carlo Dolci, Kopi, Fjaltring Kirke)",Fjaltring Kirke · Fjaltring,,,,,
WOR117800,work,VÆRK-REGISTER,BILLEDKUNST,Malerier og Tegninger,(blank),"Christus (Apollonio Greco, Camposanto, Pisa)",Camposanto · Pisa,,,,,
WOR117850,work,VÆRK-REGISTER,BILLEDKUNST,Malerier og Tegninger,(blank),Christus fristes af Satan (Carl Bloch),,,,,,
WOR117900,work,VÆRK-REGISTER,BILLEDKUNST,Malerier og Tegninger,(blank),"Christus helbreder den blodsottige Kvinde (P. Veronese, Belvedere, Wien)",Belvedere · Wien,,,,,
WOR117950,work,VÆRK-REGISTER,BILLEDKUNST,Malerier og Tegninger,(blank),"Christus i de Dødes Rige (A. Bronzino, Uffizi, Firenze)",Uffizi · Firenze,,,,,
WOR118000,work,VÆRK-REGISTER,BILLEDKUNST,Malerier og Tegninger,(blank),"Christus i Getsemane (C. W. Eckersberg, Frue Kirke, Svendborg)",Frue Kirke · Svendborg,,,,,
WOR118050,work,VÆRK-REGISTER,BILLEDKUNST,Malerier og Tegninger,(blank),"Christus med Tornekronen (2 Billeder) (Hugo van der Goes, Berlin)",,,,,,
WOR118100,work,VÆRK-REGISTER,BILLEDKUNST,Malerier og Tegninger,(blank),"Christus og Kvinden, som blev grebet i Hor (Rocco Marconi, Manfrin, Venezia)",Manfrin · Venezia,,,,,
WOR118150,work,VÆRK-REGISTER,BILLEDKUNST,Malerier og Tegninger,(blank),"Christus paa Korset mellem Maria og Johannes (Guido Reni, Bologna)",,,,,,
WOR118200,work,VÆRK-REGISTER,BILLEDKUNST,Malerier og Tegninger,(blank),Christus paa Oliebjerget (Fr. Overbeck),,,,,,
WOR118250,work,VÆRK-REGISTER,BILLEDKUNST,Malerier og Tegninger,(blank),"Christus siddende paa Regnbuen, omgivet af Engle (Correggio, Vatikanet, Rom)",Vatikanet · Rom,,,,,
WOR118300,work,VÆRK-REGISTER,BILLEDKUNST,Malerier og Tegninger,(blank),Christus som Barn i Templet (Carl Bloch),,,,,,
WOR118350,work,VÆRK-REGISTER,BILLEDKUNST,Malerier og Tegninger,(blank),"Christus, som bryder Brødet (F. L. Storch)",,,,,,
WOR118400,work,VÆRK-REGISTER,BILLEDKUNST,Malerier og Tegninger,(blank),Christus som træder ud af Graven (Carl Bloch),,,,,,
WOR118450,work,VÆRK-REGISTER,BILLEDKUNST,Malerier og Tegninger,(blank),"Christus tornekronet, bespottes i Ypperstepræstens Forgaard (Teniers d. Y., Fesch, Rom)",Fesch · Rom,,,,,
WOR118500,work,VÆRK-REGISTER,BILLEDKUNST,Malerier og Tegninger,(blank),"Christus vasker Disciplenes Fødder (Garofalo, Leuchtenberg, München)",Leuchtenberg · München,,,,,
WOR118550,work,VÆRK-REGISTER,BILLEDKUNST,Malerier og Tegninger,(blank),"Christus vasker Disciplenes Fødder (Perugino, Manfrin, Venezia)",Manfrin · Venezia,,,,,
WOR118600,work,VÆRK-REGISTER,BILLEDKUNST,Malerier og Tegninger,(blank),"Christus ved Brønden (A. F. Oeser, Nicolai-Kirken, Leipzig)",Nicolai-Kirken · Leipzig,,,,,
WOR118650,work,VÆRK-REGISTER,BILLEDKUNST,Malerier og Tegninger,(blank),"Christus velsigner Brødet og Vinen (Carlo Dolci, Dresden)",,,,,,
WOR118700,work,VÆRK-REGISTER,BILLEDKUNST,Malerier og Tegninger,(blank),"Clemens XIII (Raphael Mengs, Bologna)",,,,,,
WOR118750,work,VÆRK-REGISTER,BILLEDKUNST,Malerier og Tegninger,(blank),"Cleopatra (Guido Reni, Pitti, Firenze)",Pitti · Firenze,,,,,
WOR118800,work,VÆRK-REGISTER,BILLEDKUNST,Malerier og Tegninger,(blank),"Collegio del Campio, Fresker i - (Perugino og Rafael, Perugia)",,,,,,
WOR118850,work,VÆRK-REGISTER,BILLEDKUNST,Malerier og Tegninger,(blank),"Un concerto (L. Spada, Borghese, Rom)",Borghese · Rom,,,,,
WOR118900,work,VÆRK-REGISTER,BILLEDKUNST,Malerier og Tegninger,(blank),Dagen (Tegning) (Thorvaldsen),,,,,,
WOR118950,work,VÆRK-REGISTER,BILLEDKUNST,Malerier og Tegninger,(blank),"Danaë (Correggio, Borghese, Rom)",Borghese · Rom,,,,,
WOR119000,work,VÆRK-REGISTER,BILLEDKUNST,Malerier og Tegninger,(blank),"David og Goliat (Rubens, Leuehtenberg, München)",Leuchtenberg · München,,,,,
WOR119050,work,VÆRK-REGISTER,BILLEDKUNST,Malerier og Tegninger,(blank),"Davids Triumf (Domenichino, Rospigliosi, Rom)",Rospigliosi · Rom,,,,,
WOR119100,work,VÆRK-REGISTER,BILLEDKUNST,Malerier og Tegninger,(blank),"La defensa de Zaragoza (M. Navarro Cuñizares, Exposición nacional 1862, Madrid)",Exposición nacional 1862 · Madrid,,,,,
WOR119150,work,VÆRK-REGISTER,BILLEDKUNST,Malerier og Tegninger,(blank),Le Départ des pêcheurs de l'Adriatique (Léopold Robert),,,,,,
WOR119200,work,VÆRK-REGISTER,BILLEDKUNST,Malerier og Tegninger,(blank),"Diana og Calisto (Tizian, Belvedere, Wien)",Belvedere · Wien,,,,,
WOR119250,work,VÆRK-REGISTER,BILLEDKUNST,Malerier og Tegninger,(blank),"Dianas Jagt (Domenichino, Borghese, Rom)",Borghese · Rom,,,,,
WOR119300,work,VÆRK-REGISTER,BILLEDKUNST,Malerier og Tegninger,(blank),"Dogen Leonardo Donato paa Knæ for Madonna (M. Vecellio, Doge-Paladset, Venezia)",Doge-Paladset · Venezia,,,,,
WOR119350,work,VÆRK-REGISTER,BILLEDKUNST,Malerier og Tegninger,(blank),"Dogen A. Grimani knæler for Religionen (Tizian, Doge-Paladset, Venezia)",Doge-Paladset · Venezia,,,,,
WOR119400,work,VÆRK-REGISTER,BILLEDKUNST,Malerier og Tegninger,(blank),"Dogen Marino Grimani modtager Gaver af de persiske Gesandter (G. Caliari, Doge-Paladset, Venezia)",Doge-Paladset · Venezia,,,,,
WOR119450,work,VÆRK-REGISTER,BILLEDKUNST,Malerier og Tegninger,(blank),"Dogen Marino Grimanis Votivbillede (G. Contarini, Doge-Paladset, Venezia)",Doge-Paladset · Venezia,,,,,
WOR119500,work,VÆRK-REGISTER,BILLEDKUNST,Malerier og Tegninger,(blank),"Dogen Niccolò Marcello (Tizian, Vatikanet, Rom)",Vatikanet · Rom,,,,,
WOR119550,work,VÆRK-REGISTER,BILLEDKUNST,Malerier og Tegninger,(blank),"S. Domenico mellem S. Francesco og S. Angelo (L. Carracci, Bologna)",,,,,,
WOR119600,work,VÆRK-REGISTER,BILLEDKUNST,Malerier og Tegninger,(blank),Dommedag (P. von Cornelius) (Karton),,,,,,
WOR119650,work,VÆRK-REGISTER,BILLEDKUNST,Malerier og Tegninger,(blank),"Dommedag (P. von Cornelius) (Karton)- (Fresko, Ludwigskirche, München)",Ludwigskirche · München,,,,,
WOR119700,work,VÆRK-REGISTER,BILLEDKUNST,Malerier og Tegninger,(blank),"Dommedag (Giovanni da Fiesole, Fesch, Rom)",Fesch · Rom,,,,,
WOR119750,work,VÆRK-REGISTER,BILLEDKUNST,Malerier og Tegninger,(blank),"Dommedag (Michelangelo, Det sixtinske Kapel, Vatikanet, Rom)",Vatikanet · Rom,,,,,
WOR119800,work,VÆRK-REGISTER,BILLEDKUNST,Malerier og Tegninger,(blank),"Dommedag (Michelangelo, Det sixtinske Kapel, Vatikanet, Rom)- (Elfenbensrelief af Fr. og Dominio Steinhard efter Tegning af Carlo Fontana, Colonna, Rom)",Vatikanet · Rom,,,,,
WOR119850,work,VÆRK-REGISTER,BILLEDKUNST,Malerier og Tegninger,(blank),"Dommedag (Rubens, Dresden)",,,,,,
WOR119900,work,VÆRK-REGISTER,BILLEDKUNST,Malerier og Tegninger,(blank),"Donunedag (Tintoretto, Madonna dell'Orto, Venezia)",Madonna dell'Orto · Venezia,,,,,
WOR119950,work,VÆRK-REGISTER,BILLEDKUNST,Malerier og Tegninger,(blank),"Dronning Caroline Amalie (J. V. Gertner, Augustenborg)",Augustenborg · Augustenborg,,,,,
WOR120000,work,VÆRK-REGISTER,BILLEDKUNST,Malerier og Tegninger,(blank),"Dronning Johanna (Leonardo da Vinci, Doria-P., Rom)",Doria-P. · Rom,,,,,
WOR120050,work,VÆRK-REGISTER,BILLEDKUNST,Malerier og Tegninger,(blank),Dronning Louise af Danmark (Carl Bloch),,,,,,
WOR120100,work,VÆRK-REGISTER,BILLEDKUNST,Malerier og Tegninger,(blank),"Dyrestykke (Bondepige med fire Køer) (Paulus Potter, Vatikanet, Rom)",Vatikanet · Rom,,,,,
WOR120150,work,VÆRK-REGISTER,BILLEDKUNST,Malerier og Tegninger,(blank),"Dødedansen (Domkirken, Basel, med Urette tilskrevet Holbein d. Y.)",Domkirken · Basel,,,,,
WOR120200,work,VÆRK-REGISTER,BILLEDKUNST,Malerier og Tegninger,(blank),"Dødedansen (Mühlen- eller Spreuerbrücke, Luzern)",Mühlen- eller Spreuerbrücke · Luzern,,,,,
WOR120250,work,VÆRK-REGISTER,BILLEDKUNST,Malerier og Tegninger,(blank),"Dødedansen (Mariekirken, Lübeck)",Mariekirken · Lübeck,,,,,
WOR120300,work,VÆRK-REGISTER,BILLEDKUNST,Malerier og Tegninger,(blank),"Ecce homo (Lucas van Leyden, Uffizi, Firenze)",Uffizi · Firenze,,,,,
WOR120350,work,VÆRK-REGISTER,BILLEDKUNST,Malerier og Tegninger,(blank),"Elias’ Liv, Fresker (Gaspard Poussin, S. Martino ai Monti, Rom)",S. Martino ai Monti · Rom,,,,,
WOR120400,work,VÆRK-REGISTER,BILLEDKUNST,Malerier og Tegninger,(blank),"S. Elisabeths Besøg (Rubens, Borghese, Rom)",Borghese · Rom,,,,,
WOR120450,work,VÆRK-REGISTER,BILLEDKUNST,Malerier og Tegninger,(blank),"Endymion (Rubens, Doria-P., Rom)",Doria-P. · Rom,,,,,
WOR120500,work,VÆRK-REGISTER,BILLEDKUNST,Malerier og Tegninger,(blank),Episode af Træfningen ved Sankelmark (Niels Simonsen),,,,,,
WOR120550,work,VÆRK-REGISTER,BILLEDKUNST,Malerier og Tegninger,(blank),"S. Erasmus' Martyrium (Nicolas Poussin, Vatikanet, Rom)",Vatikanet · Rom,,,,,
WOR120600,work,VÆRK-REGISTER,BILLEDKUNST,Malerier og Tegninger,(blank),"Europas Rov (Fr. Albani, Leuchtenberg, München)",Leuchtenberg · München,,,,,
WOR120650,work,VÆRK-REGISTER,BILLEDKUNST,Malerier og Tegninger,(blank),"Europas Rov (P. Veronese, Doge-Paladset, Venezia)",Doge-Paladset · Venezia,,,,,
WOR120700,work,VÆRK-REGISTER,BILLEDKUNST,Malerier og Tegninger,(blank),"S. Eusebius' Triumf (Raphael Mengs, S. Eusebio, Rom)",S. Eusebio · Rom,,,,,
WOR120750,work,VÆRK-REGISTER,BILLEDKUNST,Malerier og Tegninger,(blank),"Ezekiels Syn (Rafael, Pitti, Firenze)",Pitti · Firenze,,,,,
WOR120800,work,VÆRK-REGISTER,BILLEDKUNST,Malerier og Tegninger,(blank),"Familiestykke. Enken efter den spanske Gesandt i Venezia anbefaler sin Søn til Felipe II (P. Veronese, Leuchtenberg, München)",Leuchtenberg · München,,,,,
WOR120850,work,VÆRK-REGISTER,BILLEDKUNST,Malerier og Tegninger,(blank),"Fattig Kone med to Børn, der modtager Almisse af en ung Mand (Schidone, Leuchtenberg, München)",Leuchtenberg · München,,,,,
WOR120900,work,VÆRK-REGISTER,BILLEDKUNST,Malerier og Tegninger,(blank),Faust (Wilhelm von Kaulbach),,,,,,
WOR120950,work,VÆRK-REGISTER,BILLEDKUNST,Malerier og Tegninger,(blank),Faust og Mephistopheles i Gretchens Fængsel (Ludwig Schnorr von Carolsfeld),,,,,,
WOR121000,work,VÆRK-REGISTER,BILLEDKUNST,Malerier og Tegninger,(blank),Faust og Mephistopheles paa Bloksbjerg (Ludwig Schnorr von Carolsfeld),,,,,,
WOR121050,work,VÆRK-REGISTER,BILLEDKUNST,Malerier og Tegninger,(blank),"Finis gloriae mundi (Valdés Leal, Caridad, Sevilla)",Caridad · Sevilla,,,,,
WOR121100,work,VÆRK-REGISTER,BILLEDKUNST,Malerier og Tegninger,(blank),"De fire Elementer (J. Brueghel, Doria-P., Rom)",Doria-P. · Rom,,,,,
WOR121150,work,VÆRK-REGISTER,BILLEDKUNST,Malerier og Tegninger,(blank),De fire Menneskealdre (D. C. Blunck),,,,,,
WOR121200,work,VÆRK-REGISTER,BILLEDKUNST,Malerier og Tegninger,(blank),"Fiskemarked (2 Billeder) (Jacob van Es, Belvedere, Wien)",Belvedere · Wien,,,,,
WOR121250,work,VÆRK-REGISTER,BILLEDKUNST,Malerier og Tegninger,(blank),En Fiskerdreng (Carl Bloch),,,,,,
WOR121300,work,VÆRK-REGISTER,BILLEDKUNST,Malerier og Tegninger,(blank),"Flugten til Ægypten (Annibale Carracci, Doria-P., Rom)",Doria-P. · Rom,,,,,
WOR121350,work,VÆRK-REGISTER,BILLEDKUNST,Malerier og Tegninger,(blank),"Flugten til Ægypten (L. Carracci, Manfrin, Venezia)",Manfrin · Venezia,,,,,
WOR121400,work,VÆRK-REGISTER,BILLEDKUNST,Malerier og Tegninger,(blank),"Flugten til Ægypten (C. Maratti, Leuchtenberg, München)",Leuchtenberg · München,,,,,
WOR121450,work,VÆRK-REGISTER,BILLEDKUNST,Malerier og Tegninger,(blank),"Flugten til Ægypten (C. Maratti, Belvedere, Wien)",Belvedere · Wien,,,,,
WOR121500,work,VÆRK-REGISTER,BILLEDKUNST,Malerier og Tegninger,(blank),Flugten til Ægypten (Moritz Retzsch),,,,,,
WOR121550,work,VÆRK-REGISTER,BILLEDKUNST,Malerier og Tegninger,(blank),"Flugten til Ægypten (Tizians Skole?, Fesch, Rom)",Fesch · Rom,,,,,
WOR121600,work,VÆRK-REGISTER,BILLEDKUNST,Malerier og Tegninger,(blank),"La Fornarina (Giulio Romano, Borghese, Rom)",Borghese · Rom,,,,,
WOR121650,work,VÆRK-REGISTER,BILLEDKUNST,Malerier og Tegninger,(blank),"La Fornarina (Rafael, Uffizi, Firenze)",Uffizi · Firenze,,,,,
WOR121700,work,VÆRK-REGISTER,BILLEDKUNST,Malerier og Tegninger,(blank),"La Fornarina (Rafael, Barberini, Rom)",Barberini · Rom,,,,,
WOR121750,work,VÆRK-REGISTER,BILLEDKUNST,Malerier og Tegninger,(blank),"Den fortabte Søn (Bonifacio Veronese, Borghese, Rom)",Borghese · Rom,,,,,
WOR121800,work,VÆRK-REGISTER,BILLEDKUNST,Malerier og Tegninger,(blank),"Den fortabte Søns Hjemkomst (Guercino, Doria-P., Rom)",Doria-P. · Rom,,,,,
WOR121850,work,VÆRK-REGISTER,BILLEDKUNST,Malerier og Tegninger,(blank),"Fortuna (Guido Reni, Berlin)",,,,,,
WOR121900,work,VÆRK-REGISTER,BILLEDKUNST,Malerier og Tegninger,(blank),Fra et romersk Osteri (Carl Bloch),,,,,,
WOR121950,work,VÆRK-REGISTER,BILLEDKUNST,Malerier og Tegninger,(blank),Fra et romersk Osteri (Carl Bloch)- Skizzen til Billedet foræret H. C. Andersen,,,,,,
WOR122000,work,VÆRK-REGISTER,BILLEDKUNST,Malerier og Tegninger,(blank),"S. Francesco-Freske paa la Porziuncola (Fr. Overbeck, S. Maria degli Angeli ved Assisi)",S. Maria degli Angeli · Assisi,,,,,
WOR122050,work,VÆRK-REGISTER,BILLEDKUNST,Malerier og Tegninger,(blank),"Freden i Bologna 1529 mellem Pave Clemens VII og Kejser Carl V (Marco Vecellio, Doge-Paladset, Venezia)",Doge-Paladset · Venezia,,,,,
WOR122100,work,VÆRK-REGISTER,BILLEDKUNST,Malerier og Tegninger,(blank),Fresker j Glyptotheket i München (P. Cornelius),,,,,,
WOR122150,work,VÆRK-REGISTER,BILLEDKUNST,Malerier og Tegninger,(blank),"Fresker i Niccolini-Kapellet i S. Croce (Volterrano, Firenze)",,,,,,
WOR122200,work,VÆRK-REGISTER,BILLEDKUNST,Malerier og Tegninger,(blank),Friederike Serre (C. C. Vogel Von Vogelstein),,,,,,
WOR122250,work,VÆRK-REGISTER,BILLEDKUNST,Malerier og Tegninger,(blank),"Fromheden (La Pietà) (Mantegna, Vatikanet, Rom)",Vatikanet · Rom,,,,,
WOR122300,work,VÆRK-REGISTER,BILLEDKUNST,Malerier og Tegninger,(blank),"GaJatea (Rafael, Villa Farnesina, Rom)",Villa Farnesina · Rom,,,,,
WOR122350,work,VÆRK-REGISTER,BILLEDKUNST,Malerier og Tegninger,(blank),"Gammel Kone, der vander Blomster Ved Vinduet (G. Dou, Belvedere, Wien)",Belvedere · Wien,,,,,
WOR122400,work,VÆRK-REGISTER,BILLEDKUNST,Malerier og Tegninger,(blank),"Ganymed, som bortføres af Jupiters Ørn (Correggio, Belvedere, Wien)",Belvedere · Wien,,,,,
WOR122450,work,VÆRK-REGISTER,BILLEDKUNST,Malerier og Tegninger,(blank),"Ganymed, som bortføres af Jupiters Ørn (Michelangelo, Torlonia, Rom)",Torlonia · Rom,,,,,
WOR122500,work,VÆRK-REGISTER,BILLEDKUNST,Malerier og Tegninger,(blank),Gendøberne i Münster (Adolf Schrödter),,,,,,
WOR122550,work,VÆRK-REGISTER,BILLEDKUNST,Malerier og Tegninger,(blank),"St. Georg og Dragen (P. P. Caruana, Guvernør-Paladset, La Valletta)","Guvernør-Paladset · La Valletta, Malta",,,,,
WOR122600,work,VÆRK-REGISTER,BILLEDKUNST,Malerier og Tegninger,(blank),"George IV, Konge af Storbritannien og Irland (Sir Thomas Lawrence, Vatikanet, Rom)",Vatikanet · Rom,,,,,
WOR122650,work,VÆRK-REGISTER,BILLEDKUNST,Malerier og Tegninger,(blank),Der Gestiefelte Kater (Tegninger af Otto Speckter),,,,,,
WOR122700,work,VÆRK-REGISTER,BILLEDKUNST,Malerier og Tegninger,(blank),"S. Giorgias Martyrium (P. Veronese, San Giorgio in Braida, Verona)",San Giorgio in Braida · Verona,,,,,
WOR122750,work,VÆRK-REGISTER,BILLEDKUNST,Malerier og Tegninger,(blank),"S. Giovanni Battista (Salvator Rosa, Colonna, Rom)",Colonna · Rom,,,,,
WOR122800,work,VÆRK-REGISTER,BILLEDKUNST,Malerier og Tegninger,(blank),"Giuditta (Guido Reni, Spada, Rom)",Spada · Rom,,,,,
WOR122850,work,VÆRK-REGISTER,BILLEDKUNST,Malerier og Tegninger,(blank),"S. Giustina (P. Veronese, S. Giustina, Padova)",S. Giustina · Padova,,,,,
WOR122900,work,VÆRK-REGISTER,BILLEDKUNST,Malerier og Tegninger,(blank),"Den gode Hyrde (Murillo, Prado, Madrid)",Prado · Madrid,,,,,
WOR122950,work,VÆRK-REGISTER,BILLEDKUNST,Malerier og Tegninger,(blank),"Gosau-Søen, Tyrol (Thomas Fearnley, Kunstudstilling 1834, Rom)",Kunstudstilling 1834 · Rom,,,,,
WOR123000,work,VÆRK-REGISTER,BILLEDKUNST,Malerier og Tegninger,(blank),"Den graadige Bonde (Annibale Carracci, Colonna, Rom)",Colonna · Rom,,,,,
WOR123050,work,VÆRK-REGISTER,BILLEDKUNST,Malerier og Tegninger,(blank),"Gratierne (R. Manetti, Borghese, Rom)",Borghese · Rom,,,,,
WOR123100,work,VÆRK-REGISTER,BILLEDKUNST,Malerier og Tegninger,(blank),"St. Gregorius' Mirakel (Andrea Sacchi, Vatikanet, Rom)",Vatikanet · Rom,,,,,
WOR123150,work,VÆRK-REGISTER,BILLEDKUNST,Malerier og Tegninger,(blank),Gretchen (Ary Scheffer),,,,,,
WOR123200,work,VÆRK-REGISTER,BILLEDKUNST,Malerier og Tegninger,(blank),Gretchen i Kirken (Ary Scheffer),,,,,,
WOR123250,work,VÆRK-REGISTER,BILLEDKUNST,Malerier og Tegninger,(blank),"Guldkalven tilbedes (Tintoretto, Madonna dell'Orto, Venezia)",Madonna dell'Orto · Venezia,,,,,
WOR123300,work,VÆRK-REGISTER,BILLEDKUNST,Malerier og Tegninger,(blank),"Gustaf Vasas Levned (J. G. Sandberg, Uppsala Domkirke)",Uppsala Domkirke · Uppsala,,,,,
WOR123350,work,VÆRK-REGISTER,BILLEDKUNST,Malerier og Tegninger,(blank),"Hagar og Ismael (Caravaggio, Doria-P., Rom)",Doria-P. · Rom,,,,,
WOR123400,work,VÆRK-REGISTER,BILLEDKUNST,Malerier og Tegninger,(blank),"Hans Luther (Lucas Cranach d. Æ., Wartburg)",,,,,,
WOR123450,work,VÆRK-REGISTER,BILLEDKUNST,Malerier og Tegninger,(blank),Havfruen (Elisabeth Jerichau-Baumann),,,,,,
WOR123500,work,VÆRK-REGISTER,BILLEDKUNST,Malerier og Tegninger,(blank),"S. Helena (P. Veronese, Vatikanet, Rom)",Vatikanet · Rom,,,,,
WOR123550,work,VÆRK-REGISTER,BILLEDKUNST,Malerier og Tegninger,(blank),"Helenas Bortførelse (Il ratio di Elena) (Guido Reni, Spada, Rom)",Spada · Rom,,,,,
WOR123600,work,VÆRK-REGISTER,BILLEDKUNST,Malerier og Tegninger,(blank),"Helene Fourment (Rubens, Berlin)",,,,,,
WOR123650,work,VÆRK-REGISTER,BILLEDKUNST,Malerier og Tegninger,(blank),"Helene Fourment (Rubens, Doria-P., Rom)",Doria-P. · Rom,,,,,
WOR123700,work,VÆRK-REGISTER,BILLEDKUNST,Malerier og Tegninger,(blank),"Helene Fourment (Das Pelzchen) (Rubens, Belvedere, Wien)",Belvedere · Wien,,,,,
WOR123750,work,VÆRK-REGISTER,BILLEDKUNST,Malerier og Tegninger,(blank),"Den hellige Aands Sendelse (Die Ausgiessung des heiligen Geistes). (A. van Dyck, Berlin)",,,,,,
WOR123800,work,VÆRK-REGISTER,BILLEDKUNST,Malerier og Tegninger,(blank),"Den hellige Antonius' Fristelse (David Teniers d. Y., Berlin)",,,,,,
WOR123850,work,VÆRK-REGISTER,BILLEDKUNST,Malerier og Tegninger,(blank),"Den hellige Familie (B. Garofalo, Vatikanet, Rom)",Vatikanet · Rom,,,,,
WOR123900,work,VÆRK-REGISTER,BILLEDKUNST,Malerier og Tegninger,(blank),"Den hellige Familie (Rafael, Fesch, Rom)",Fesch · Rom,,,,,
WOR123950,work,VÆRK-REGISTER,BILLEDKUNST,Malerier og Tegninger,(blank),"Den hellige Familie (Andrea del Sarto, Manfrin, Venezia)",Manfrin · Venezia,,,,,
WOR124000,work,VÆRK-REGISTER,BILLEDKUNST,Malerier og Tegninger,(blank),"Den hellige Familie (Sodoma, Palazzo pubblico, Siena)",Palazzo pubblico · Siena,,,,,
WOR124050,work,VÆRK-REGISTER,BILLEDKUNST,Malerier og Tegninger,(blank),"Den hellige Familie med Fuglen (Murillo, Prado, Madrid)",Prado · Madrid,,,,,
WOR124100,work,VÆRK-REGISTER,BILLEDKUNST,Malerier og Tegninger,(blank),"Den hellige Familie og den lille Johannes (Rafael, Belvedere, Wien)",Belvedere · Wien,,,,,
WOR124150,work,VÆRK-REGISTER,BILLEDKUNST,Malerier og Tegninger,(blank),Den hellige Katharinas Død (H. K. A. Mücke),,,,,,
WOR124200,work,VÆRK-REGISTER,BILLEDKUNST,Malerier og Tegninger,(blank),Den hellige Katharinas Lig føres al Engle til Sinai (H. K. A. Mücke),,,,,,
WOR124250,work,VÆRK-REGISTER,BILLEDKUNST,Malerier og Tegninger,(blank),"Den hellige Nadver (Leonardo da Vinci, Udkast i Olie, Fesch, Rom)",Fesch · Rom,,,,,
WOR124300,work,VÆRK-REGISTER,BILLEDKUNST,Malerier og Tegninger,(blank),"Den hellige Nat (Correggio, Dresden)",,,,,,
WOR124350,work,VÆRK-REGISTER,BILLEDKUNST,Malerier og Tegninger,(blank),De hellige tre Konger (Ary Scheffer),,,,,,
WOR124400,work,VÆRK-REGISTER,BILLEDKUNST,Malerier og Tegninger,(blank),"Helvede (H. met de Bles, kaldet Civetta, Doge-Paladset, Venezia)",Doge-Paladset · Venezia,,,,,
WOR124450,work,VÆRK-REGISTER,BILLEDKUNST,Malerier og Tegninger,(blank),"Henri III af Frankrig møder Dogen Alvise Mocenigo ved Lidoen (A. Vicentino, Doge-Paladset, Venezia)",Doge-Paladset · Venezia,,,,,
WOR124500,work,VÆRK-REGISTER,BILLEDKUNST,Malerier og Tegninger,(blank),"Henriette Collin, f. Thyberg (Carl Bloch)",,,,,,
WOR124550,work,VÆRK-REGISTER,BILLEDKUNST,Malerier og Tegninger,(blank),Henriette Danneskiold-Samsøe (Carl Bloch),,,,,,
WOR124600,work,VÆRK-REGISTER,BILLEDKUNST,Malerier og Tegninger,(blank),"Henry VIII (Hans Holbein d. Y., Kopi i Knole House)",Knole House · London,,,,,
WOR124650,work,VÆRK-REGISTER,BILLEDKUNST,Malerier og Tegninger,(blank),"Heste (2 Billeder) (J. G. von Hamilton, Belvedere, Wien)",Belvedere · Wien,,,,,
WOR124700,work,VÆRK-REGISTER,BILLEDKUNST,Malerier og Tegninger,(blank),"S. Hieronymus' Kommunion (Agostino Carracci, Bologna)",,,,,,
WOR124750,work,VÆRK-REGISTER,BILLEDKUNST,Malerier og Tegninger,(blank),"S. Hieronymus' Kommunion (Domenichino, Vatikanet, Rom)",Vatikanet · Rom,,,,,
WOR124800,work,VÆRK-REGISTER,BILLEDKUNST,Malerier og Tegninger,(blank),"Las hijas del Cid (Exposición nacional 1862, Madrid)",,,,,,
WOR124850,work,VÆRK-REGISTER,BILLEDKUNST,Malerier og Tegninger,(blank),"Hiob (R. J. B. Hübner, Städel, Frankfurt a.M.)",Städel · Frankfurt a. M.,,,,,
WOR124900,work,VÆRK-REGISTER,BILLEDKUNST,Malerier og Tegninger,(blank),"Le Historie d'Amore (Fr. Albani, Borghese, Rom)",Borghese · Rom,,,,,
WOR124950,work,VÆRK-REGISTER,BILLEDKUNST,Malerier og Tegninger,(blank),"Holbeins Hustru (Hans Holbein d. Y., Doria-P., Rom)",Doria-P. · Rom,,,,,
WOR125000,work,VÆRK-REGISTER,BILLEDKUNST,Malerier og Tegninger,(blank),"Hovede af en gammel Kone (Balthasar Denner, Belvedere, Wien)",Belvedere · Wien,,,,,
WOR125050,work,VÆRK-REGISTER,BILLEDKUNST,Malerier og Tegninger,(blank),"Hovede af en gammel Mand (Balthasar Denner, Belvedere, Wien)",Belvedere · Wien,,,,,
WOR125100,work,VÆRK-REGISTER,BILLEDKUNST,Malerier og Tegninger,(blank),Hunnerslaget (W. von Kaulbach),,,,,,
WOR125150,work,VÆRK-REGISTER,BILLEDKUNST,Malerier og Tegninger,(blank),"Huss for Koncilet i Konstanz (K. F. Lessing, Städel, Frankfurt a.M.)",Städel · Frankfurt a. M.,,,,,
WOR125200,work,VÆRK-REGISTER,BILLEDKUNST,Malerier og Tegninger,(blank),"En Hyrde, der blæser paa Fløjte (Murillo, Manfrin, Venezia)",Manfrin · Venezia,,,,,
WOR125250,work,VÆRK-REGISTER,BILLEDKUNST,Malerier og Tegninger,(blank),"Hyrdernes Tilbedelse (Il Presepe) (Rubens, Fesch, Rom)",Fesch · Rom,,,,,
WOR125300,work,VÆRK-REGISTER,BILLEDKUNST,Malerier og Tegninger,(blank),"Icarus (Fr. Albani, Doria-P., Rom)",Doria-P. · Rom,,,,,
WOR125350,work,VÆRK-REGISTER,BILLEDKUNST,Malerier og Tegninger,(blank),Icarus' Fald (Joseph Blondel),,,,,,
WOR125400,work,VÆRK-REGISTER,BILLEDKUNST,Malerier og Tegninger,(blank),"S. Ignatius' Mirakler (Rubens, Belvedere, Wien)",Belvedere · Wien,,,,,
WOR125450,work,VÆRK-REGISTER,BILLEDKUNST,Malerier og Tegninger,(blank),"Iliaden, Scener af (P. von Cornelius, Glyptoteket, München)",Glyptoteket · München,,,,,
WOR125500,work,VÆRK-REGISTER,BILLEDKUNST,Malerier og Tegninger,(blank),"Io og Zeus (Correggio, Berlin)",,,,,,
WOR125550,work,VÆRK-REGISTER,BILLEDKUNST,Malerier og Tegninger,(blank),J. P. E. Hartmann (H. Olrik),,,,,,
WOR125600,work,VÆRK-REGISTER,BILLEDKUNST,Malerier og Tegninger,(blank),"Jakobs Flugt (J. Bassano, Doria-P., Rom)",Doria-P. · Rom,,,,,
WOR125650,work,VÆRK-REGISTER,BILLEDKUNST,Malerier og Tegninger,(blank),Jeanne d'Arc (Hermann Stilke),,,,,,
WOR125700,work,VÆRK-REGISTER,BILLEDKUNST,Malerier og Tegninger,(blank),Jenny Lind som Norma (O. J. Södermark),,,,,,
WOR125750,work,VÆRK-REGISTER,BILLEDKUNST,Malerier og Tegninger,(blank),"Jeremias paa Jerusalems Ruiner (Horace Vernet, Eeghen, Amsterdam)",Eeghen · Amsterdam,,,,,
WOR125800,work,VÆRK-REGISTER,BILLEDKUNST,Malerier og Tegninger,(blank),Jerusalems Ødelæggelse (W. von Kaulbach),,,,,,
WOR125850,work,VÆRK-REGISTER,BILLEDKUNST,Malerier og Tegninger,(blank),"Jesusbarnet (Murillo, Caridad, Sevilla)",Caridad · Sevilla,,,,,
WOR125900,work,VÆRK-REGISTER,BILLEDKUNST,Malerier og Tegninger,(blank),"Jesusbarnet, der sover omgivet af Passionssymboler: Nagler, Tornekrone, Svøber (Guido Reni, M. borbonico, Napoli)",M. borbonico · Napoli,,,,,
WOR125950,work,VÆRK-REGISTER,BILLEDKUNST,Malerier og Tegninger,(blank),"Jesusbarnet som den gode Hyrde med tre Faar (Murillo, Leuchtenberg, München)",Leuchtenberg · München,,,,,
WOR126000,work,VÆRK-REGISTER,BILLEDKUNST,Malerier og Tegninger,(blank),"Jesusbarnet, som slumrer paa Korset (Guido Reni)",,,,,,
WOR126050,work,VÆRK-REGISTER,BILLEDKUNST,Malerier og Tegninger,(blank),"Jesusbarnet tilbedes af Englene (A. Dürer, Manfrin, Venezia)",Manfrin · Venezia,,,,,
WOR126100,work,VÆRK-REGISTER,BILLEDKUNST,Malerier og Tegninger,(blank),"Jeune mendiant (Murillo, Louvre, Paris)",Louvre · Paris,,,,,
WOR126150,work,VÆRK-REGISTER,BILLEDKUNST,Malerier og Tegninger,(blank),"Job (Fra Bartolommeo, Uffizi, Firenze)",Uffizi · Firenze,,,,,
WOR126200,work,VÆRK-REGISTER,BILLEDKUNST,Malerier og Tegninger,(blank),"S. Johannes, Christi Discipel (Carlo Dolci, Leuchtenberg, München)",Leuchtenberg · München,,,,,
WOR126250,work,VÆRK-REGISTER,BILLEDKUNST,Malerier og Tegninger,(blank),"Johannes den Døbers Halshuggelse (Vallentin de Boullogne, Sciarra, Rom)",Sciarra · Rom,,,,,
WOR126300,work,VÆRK-REGISTER,BILLEDKUNST,Malerier og Tegninger,(blank),"Johannes den Døbers Liv (Andrea del Sarto, Accademia, Firenze)",Accademia · Firenze,,,,,
WOR126350,work,VÆRK-REGISTER,BILLEDKUNST,Malerier og Tegninger,(blank),"Johannes Evangelist (Carlo Dolci, Berlin)",,,,,,
WOR126400,work,VÆRK-REGISTER,BILLEDKUNST,Malerier og Tegninger,(blank),"Jomfru Marias Kroning (Pinturicchio, Vatikanet, Rom)",Vatikanet · Rom,,,,,
WOR126450,work,VÆRK-REGISTER,BILLEDKUNST,Malerier og Tegninger,(blank),"Jomfru Marias Kroning (Rafael, Vatikanet, Rom)",Vatikanet · Rom,,,,,
WOR126500,work,VÆRK-REGISTER,BILLEDKUNST,Malerier og Tegninger,(blank),"Jomfruen i det Grønne (Rafael, Belvedere, Wien)",Belvedere · Wien,,,,,
WOR126550,work,VÆRK-REGISTER,BILLEDKUNST,Malerier og Tegninger,(blank),Jonas Collin (Constantin Hansen),,,,,,
WOR126600,work,VÆRK-REGISTER,BILLEDKUNST,Malerier og Tegninger,(blank),Jordens Deling (Herman Dyck),,,,,,
WOR126650,work,VÆRK-REGISTER,BILLEDKUNST,Malerier og Tegninger,(blank),"Joseph, som i Søvne formanes af Engelen til at flygte (Raph. Mengs, Belvedere, Wien)",Belvedere · Wien,,,,,
WOR126700,work,VÆRK-REGISTER,BILLEDKUNST,Malerier og Tegninger,(blank),"S. Juan de Dios (Murillo, Caridad, Sevilla)",Caridad · Sevilla,,,,,
WOR126750,work,VÆRK-REGISTER,BILLEDKUNST,Malerier og Tegninger,(blank),"Judith (C. Allori, Uffizi, Firenze)",Uffizi · Firenze,,,,,
WOR126800,work,VÆRK-REGISTER,BILLEDKUNST,Malerier og Tegninger,(blank),"Judith (C. Allori, Pitti, Firenze)",Pitti · Firenze,,,,,
WOR126850,work,VÆRK-REGISTER,BILLEDKUNST,Malerier og Tegninger,(blank),"Judith (C. Allori, Belvedere, Wien)",Belvedere · Wien,,,,,
WOR126900,work,VÆRK-REGISTER,BILLEDKUNST,Malerier og Tegninger,(blank),"Judith (William Etty, The Royal Scottish Academy, Edinburgh)",The Royal Scottish Academy · Edinburgh,,,,,
WOR126950,work,VÆRK-REGISTER,BILLEDKUNST,Malerier og Tegninger,(blank),"Judith (Tizian, Borghese, Rom)",Borghese · Rom,,,,,
WOR127000,work,VÆRK-REGISTER,BILLEDKUNST,Malerier og Tegninger,(blank),"Julius II (Giulio Romano, Borghese, Rom)",Borghese · Rom,,,,,
WOR127050,work,VÆRK-REGISTER,BILLEDKUNST,Malerier og Tegninger,(blank),"Jupiter og Ganymedes (J. A. Jerichau, Karton)",,,,,,
WOR127100,work,VÆRK-REGISTER,BILLEDKUNST,Malerier og Tegninger,(blank),"Jupiter tordnende mod Lasten (P. Veronese, Louvre, Paris)",Louvre · Paris,,,,,
WOR127150,work,VÆRK-REGISTER,BILLEDKUNST,Malerier og Tegninger,(blank),"S. S. Justa y Rufina (Murillo, Academia, Sevilla)",Academia · Sevilla,,,,,
WOR127200,work,VÆRK-REGISTER,BILLEDKUNST,Malerier og Tegninger,(blank),"Kain og Abel (Salvator Rosa, Doria-P., Rom)",Doria-P. · Rom,,,,,
WOR127250,work,VÆRK-REGISTER,BILLEDKUNST,Malerier og Tegninger,(blank),"Karl den Stores Liv (A. Rethel, Raadhuset i Aachen)",Raadhuset · Aachen,,,,,
WOR127300,work,VÆRK-REGISTER,BILLEDKUNST,Malerier og Tegninger,(blank),"Kunstnere en Alten i Fincks Kaffehus i München (Wilhelm Bendz, Kunstudstillingen 1833, Hamburg)",Kunstudstillingen 1833 · Hamburg,,,,,
WOR127350,work,VÆRK-REGISTER,BILLEDKUNST,Malerier og Tegninger,(blank),Katakomberne (Elisabeth Jerichau-Baumann),,,,,,
WOR127400,work,VÆRK-REGISTER,BILLEDKUNST,Malerier og Tegninger,(blank),Katekisationen i en norsk Landsbykirke (A. Tidemand),,,,,,
WOR127450,work,VÆRK-REGISTER,BILLEDKUNST,Malerier og Tegninger,(blank),"Katharina von Bora (Lucas Cranach, Uffizi, Firenze)",Uffizi · Firenze,,,,,
WOR127500,work,VÆRK-REGISTER,BILLEDKUNST,Malerier og Tegninger,(blank),Knud den Helliges Død i Albani Kirke (Chr. Albrecht Benzon),,,,,,
WOR127550,work,VÆRK-REGISTER,BILLEDKUNST,Malerier og Tegninger,(blank),"Kong Ottos Modtagelse i Nauplia (Peter von Hess, Slottet i Athen)",Slottet · Athen,,,,,
WOR127600,work,VÆRK-REGISTER,BILLEDKUNST,Malerier og Tegninger,(blank),"Kongernes Tilbedelse (Perugino, Rafael og Pinturicchio, Vatikanet, Rom)",Vatikanet · Rom,,,,,
WOR127650,work,VÆRK-REGISTER,BILLEDKUNST,Malerier og Tegninger,(blank),"Den Korsfæstede (Rafael, Fesch, Rom)",Fesch · Rom,,,,,
WOR127700,work,VÆRK-REGISTER,BILLEDKUNST,Malerier og Tegninger,(blank),"Korsvandringen (Rafael, Prado, Madrid)",Prado · Madrid,,,,,
WOR127750,work,VÆRK-REGISTER,BILLEDKUNST,Malerier og Tegninger,(blank),Krigeren med Barnet (Johann Hermann Kretzschmer),,,,,,
WOR127800,work,VÆRK-REGISTER,BILLEDKUNST,Malerier og Tegninger,(blank),Kronborg i Maaneskin (J. C. Dahl),,,,,,
WOR127850,work,VÆRK-REGISTER,BILLEDKUNST,Malerier og Tegninger,(blank),"Kun en Spillemand! (W. Marstrand, HCA's Stambog)",HCA's Stambog,,,,,
WOR127900,work,VÆRK-REGISTER,BILLEDKUNST,Malerier og Tegninger,(blank),"Kunsternes Historie i Antwerpen (Nicaise de Keyser, Antwerpen-Museets Vestibule)",Antwerpen-Museet · Antwerpen,,,,,
WOR127950,work,VÆRK-REGISTER,BILLEDKUNST,Malerier og Tegninger,(blank),"Kvæg paa Engen (P. Potter, Madama, Torino)",Madama · Torino,,,,,
WOR128000,work,VÆRK-REGISTER,BILLEDKUNST,Malerier og Tegninger,(blank),"Lampeskærm, dekoreret med Tegninger af Den lille Havfrue, Den uartige Dreng og Ole Lukøie (Elisabeth Jerichau-Baumann)",,,,,,
WOR128050,work,VÆRK-REGISTER,BILLEDKUNST,Malerier og Tegninger,(blank),"Landsby ved Bredden af en stor Flod (A. van Everdingen, Fesch, Rom)",Fesch · Rom,,,,,
WOR128100,work,VÆRK-REGISTER,BILLEDKUNST,Malerier og Tegninger,(blank),"En Landsbyspillemand (J. P. van der Schlichten, Alte P., München)",Alte P. · München,,,,,
WOR128150,work,VÆRK-REGISTER,BILLEDKUNST,Malerier og Tegninger,(blank),"[Landskaber] (A. Calame, Eeghen, Amsterdam)",Eeghen · Amsterdam,,,,,
WOR128200,work,VÆRK-REGISTER,BILLEDKUNST,Malerier og Tegninger,(blank),"Latona paa Flugten med sine Børn (Rubens, Alte P., München)",Alte P. · München,,,,,
WOR128250,work,VÆRK-REGISTER,BILLEDKUNST,Malerier og Tegninger,(blank),"Laura, Petrarcas Elskede (Bronzino, Leuchtenberg, München)",Leuchtenberg · München,,,,,
WOR128300,work,VÆRK-REGISTER,BILLEDKUNST,Malerier og Tegninger,(blank),"Lavinia (Tizian, Berlin)",,,,,,
WOR128350,work,VÆRK-REGISTER,BILLEDKUNST,Malerier og Tegninger,(blank),"Leo X (Rafael (Kopi), M. borbonico, Napoli)",,,,,,
WOR128400,work,VÆRK-REGISTER,BILLEDKUNST,Malerier og Tegninger,(blank),"Leonardo da Vincis Død (C. Mussini, Accademia, Firenze)",Accademia · Firenze,,,,,
WOR128450,work,VÆRK-REGISTER,BILLEDKUNST,Malerier og Tegninger,(blank),"En Ligfærd paa Sognefjorden i Norge (H. F. Gude, Göteborg)",,,,,,
WOR128500,work,VÆRK-REGISTER,BILLEDKUNST,Malerier og Tegninger,(blank),"Lille Pige, som med Riset i Haanden lærer Hunden og Dukken at læse (Wilhelm von Kaulbach)",,,,,,
WOR128550,work,VÆRK-REGISTER,BILLEDKUNST,Malerier og Tegninger,(blank),"Loggierne (Rafael, Vatikanet, Rom)",Vatikanet · Rom,,,,,
WOR128600,work,VÆRK-REGISTER,BILLEDKUNST,Malerier og Tegninger,(blank),"S. Lorenzos Martyrdød (A. van Dyck, Madonna dell'Orto, Venezia)",Madonna dell'Orto · Venezia,,,,,
WOR128650,work,VÆRK-REGISTER,BILLEDKUNST,Malerier og Tegninger,(blank),"Loth og hans Døtre (Gherardo delle Notti, Borghese, Rom)",Borghese · Rom,,,,,
WOR128700,work,VÆRK-REGISTER,BILLEDKUNST,Malerier og Tegninger,(blank),Louise Bille (Carl Bloch),,,,,,
WOR128750,work,VÆRK-REGISTER,BILLEDKUNST,Malerier og Tegninger,(blank),Lucie Scavenius (Carl Bloch),,,,,,
WOR128800,work,VÆRK-REGISTER,BILLEDKUNST,Malerier og Tegninger,(blank),"Lucrezia (Guido Reni, Spada, Rom)",Spada · Rom,,,,,
WOR128850,work,VÆRK-REGISTER,BILLEDKUNST,Malerier og Tegninger,(blank),"Lucrezia (Guido Reni, Manfrin, Venezia)",Manfrin · Venezia,,,,,
WOR128900,work,VÆRK-REGISTER,BILLEDKUNST,Malerier og Tegninger,(blank),"Luther og Katharina von Bora (Lucas Cranach d. Æ., Uffizi, Firenze)",Uffizi · Firenze,,,,,
WOR128950,work,VÆRK-REGISTER,BILLEDKUNST,Malerier og Tegninger,(blank),"Læge med et Uringlas (G. Dou, Leuchtenberg, München)",Leuchtenberg · München,,,,,
WOR129000,work,VÆRK-REGISTER,BILLEDKUNST,Malerier og Tegninger,(blank),"Lægen (G. Dou, Belvedere, Wien)",Belvedere · Wien,,,,,
WOR129050,work,VÆRK-REGISTER,BILLEDKUNST,Malerier og Tegninger,(blank),"Machiavelli (Bronzino, Doria-P., Rom)",Doria-P. · Rom,,,,,
WOR129100,work,VÆRK-REGISTER,BILLEDKUNST,Malerier og Tegninger,(blank),"Madonna (Giovanni Bellini, Manfrin, Venezia)",Manfrin · Venezia,,,,,
WOR129150,work,VÆRK-REGISTER,BILLEDKUNST,Malerier og Tegninger,(blank),"Madonna (Giovanni Bellini, Madonna dell'Orto, Venezia)",Madonna dell'Orto · Venezia,,,,,
WOR129200,work,VÆRK-REGISTER,BILLEDKUNST,Malerier og Tegninger,(blank),Madonna (Ernst Deger),,,,,,
WOR129250,work,VÆRK-REGISTER,BILLEDKUNST,Malerier og Tegninger,(blank),"Madonna (Albrecht Dürer, Barberini, Rom)",Barberini · Rom,,,,,
WOR129300,work,VÆRK-REGISTER,BILLEDKUNST,Malerier og Tegninger,(blank),"Madonna (Murillo, Pitti, Firenze)",Pitti · Firenze,,,,,
WOR129350,work,VÆRK-REGISTER,BILLEDKUNST,Malerier og Tegninger,(blank),"Madonna (Vergine orante) (Sassoferrato, Doria-P., Rom)",Doria-P. · Rom,,,,,
WOR129400,work,VÆRK-REGISTER,BILLEDKUNST,Malerier og Tegninger,(blank),"Madonna (Tizian, Leuchtenberg, München)",Leuchtenberg · München,,,,,
WOR129450,work,VÆRK-REGISTER,BILLEDKUNST,Malerier og Tegninger,(blank),"Madonna, Barnet og S. Simon (Giovanni da Udine, Manfrin, Venezia)",Manfrin · Venezia,,,,,
WOR129500,work,VÆRK-REGISTER,BILLEDKUNST,Malerier og Tegninger,(blank),"Madonna del Cardellino (Rafael, Uffizi, Firenze)",Uffizi · Firenze,,,,,
WOR129550,work,VÆRK-REGISTER,BILLEDKUNST,Malerier og Tegninger,(blank),"Madonna del divino amore (Rafael, M. borbonico, Napoli)",M. borbonico · Napoli,,,,,
WOR129600,work,VÆRK-REGISTER,BILLEDKUNST,Malerier og Tegninger,(blank),"Madonna del Granduca (Rafael, Pitti, Firenze)",Pitti · Firenze,,,,,
WOR129650,work,VÆRK-REGISTER,BILLEDKUNST,Malerier og Tegninger,(blank),"Madonna del Rosario (Domenichino, Bologna)",Domenichino · Bologna,,,,,
WOR129700,work,VÆRK-REGISTER,BILLEDKUNST,Malerier og Tegninger,(blank),"Madonna del Sacco (Andrea del Sarto, Santissima Annunziata, Firenze)",Santissima Annunziata · Firenze,,,,,
WOR129750,work,VÆRK-REGISTER,BILLEDKUNST,Malerier og Tegninger,(blank),"Madonna della Tenda (Rafael, Madama, Torino)",Madama · Torino,,,,,
WOR129800,work,VÆRK-REGISTER,BILLEDKUNST,Malerier og Tegninger,(blank),"Madonna del Vento (Rafael, Uffizi, Firenze)",Uffizi · Firenze,,,,,
WOR129850,work,VÆRK-REGISTER,BILLEDKUNST,Malerier og Tegninger,(blank),"Madonna della Seggiola (Rafael, Pitti, Firenze)",Pitti · Firenze,,,,,
WOR129900,work,VÆRK-REGISTER,BILLEDKUNST,Malerier og Tegninger,(blank),"Madonna di Foligno (Rafael, Vatikanet, Rom)",Vatikanet · Rom,,,,,
WOR129950,work,VÆRK-REGISTER,BILLEDKUNST,Malerier og Tegninger,(blank),"Madonna di Monteluce (Giulio Romano og Francesco Penni, Vatikanet, Rom)",Vatikanet · Rom,,,,,
WOR130000,work,VÆRK-REGISTER,BILLEDKUNST,Malerier og Tegninger,(blank),"Madonna di S. Sebastiano (Correggio, Dresden)",,,,,,
WOR130050,work,VÆRK-REGISTER,BILLEDKUNST,Malerier og Tegninger,(blank),"Madonna, i Forgrunden en Pave og en Kardinal (Tizian, Fesch, Rom)",Fesch · Rom,,,,,
WOR130100,work,VÆRK-REGISTER,BILLEDKUNST,Malerier og Tegninger,(blank),"Madonna i Glorie og Helgener (Perugino, Bologna)",,,,,,
WOR130150,work,VÆRK-REGISTER,BILLEDKUNST,Malerier og Tegninger,(blank),"Madonna im Weinlaube (Lucas Cranach d. Æ., Stift Melk)",Stift Melk · Melk,,,,,
WOR130200,work,VÆRK-REGISTER,BILLEDKUNST,Malerier og Tegninger,(blank),Madonna med Barnet (D. C. Blunck),,,,,,
WOR130250,work,VÆRK-REGISTER,BILLEDKUNST,Malerier og Tegninger,(blank),"Madonna med Barnet (Carlo Dolci, Borghese, Rom)",Borghese · Rom,,,,,
WOR130300,work,VÆRK-REGISTER,BILLEDKUNST,Malerier og Tegninger,(blank),"Madonna med Barnet (Fr. Francia, Doria-P., Rom)",Doria-P. · Rom,,,,,
WOR130350,work,VÆRK-REGISTER,BILLEDKUNST,Malerier og Tegninger,(blank),Madonna med Barnet (A. Küchler),,,,,,
WOR130400,work,VÆRK-REGISTER,BILLEDKUNST,Malerier og Tegninger,(blank),"Madonna med Barnet (Michelangelo, Domkirken i Burgos)",Domkirken · Burgos,,,,,
WOR130450,work,VÆRK-REGISTER,BILLEDKUNST,Malerier og Tegninger,(blank),"Madonna med Barnet (Giulio Romano, Uffizi, Firenze)",Uffizi · Firenze,,,,,
WOR130500,work,VÆRK-REGISTER,BILLEDKUNST,Malerier og Tegninger,(blank),"Madonna med Barnet (Giulio Romano, Colonna, Rom)",Colonna · Rom,,,,,
WOR130550,work,VÆRK-REGISTER,BILLEDKUNST,Malerier og Tegninger,(blank),"Madonna med Barnet (Murillo, Spada, Rom)",Spada · Rom,,,,,
WOR130600,work,VÆRK-REGISTER,BILLEDKUNST,Malerier og Tegninger,(blank),"Madonna med Barnet (Murillo, Dresden)",,,,,,
WOR130650,work,VÆRK-REGISTER,BILLEDKUNST,Malerier og Tegninger,(blank),"Madonna med Barnet (Rafael, M. borbonico, Napoli)",M. borbonico · Napoli,,,,,
WOR130700,work,VÆRK-REGISTER,BILLEDKUNST,Malerier og Tegninger,(blank),"Madonna med Barnet, S. Anna og S. Johannes Døberen (Salaj (Salaino), Leuchtenberg, München)",Leuchtenberg · München,,,,,
WOR130750,work,VÆRK-REGISTER,BILLEDKUNST,Malerier og Tegninger,(blank),"Madonna med Barnet, S. Barbara og S. Domenicus (Fr. Francia, Leuchtenberg, München)",Leuchtenberg · München,,,,,
WOR130800,work,VÆRK-REGISTER,BILLEDKUNST,Malerier og Tegninger,(blank),"Madonna med Barnet, Joseph og S. Mikael (Sacra conversazione) (B. Garofalo, Borghese, Rom)",Borghese · Rom,,,,,
WOR130850,work,VÆRK-REGISTER,BILLEDKUNST,Malerier og Tegninger,(blank),"Madonna med Barnet og S. Johannes (Andrea del Sarto, Borghese, Rom)",Borghese · Rom,,,,,
WOR130900,work,VÆRK-REGISTER,BILLEDKUNST,Malerier og Tegninger,(blank),"Madonna med Barnet paa sit Skød (Murillo, Leuchtenberg, München)",Leuchtenberg · München,,,,,
WOR130950,work,VÆRK-REGISTER,BILLEDKUNST,Malerier og Tegninger,(blank),"Madonna med Barnet, S. Rosalia, Peter og Paulus (A. Van Dyck, Belvedere, Wien)",Belvedere · Wien,,,,,
WOR131000,work,VÆRK-REGISTER,BILLEDKUNST,Malerier og Tegninger,(blank),"Madonna med fire Helgener (Perugino, Vatikanet, Rom)",Vatikanet · Rom,,,,,
WOR131050,work,VÆRK-REGISTER,BILLEDKUNST,Malerier og Tegninger,(blank),"Madonna med fire Helgener (Perugino, Vatikanet, Rom)- (Kopi af A. Küchler)",Vatikanet · Rom,,,,,
WOR131100,work,VÆRK-REGISTER,BILLEDKUNST,Malerier og Tegninger,(blank),"Madonna med Fisken (Rafael, Prado, Madrid)",Prado · Madrid,,,,,
WOR131150,work,VÆRK-REGISTER,BILLEDKUNST,Malerier og Tegninger,(blank),"Madonna med Jesus og Johannes (Fra Bartolommeo, Sciarra, Rom)",Sciarra · Rom,,,,,
WOR131200,work,VÆRK-REGISTER,BILLEDKUNST,Malerier og Tegninger,(blank),"Madonna mellem S. Thomas og S. Hieronymus (Guido Reni, Vatikanet, Rom)",Vatikanet · Rom,,,,,
WOR131250,work,VÆRK-REGISTER,BILLEDKUNST,Malerier og Tegninger,(blank),"Maleren Stella tegner en Madonna paa sit Fængsels Mur (François Granet, Leuchtenberg, München)",Leuchtenberg · München,,,,,
WOR131300,work,VÆRK-REGISTER,BILLEDKUNST,Malerier og Tegninger,(blank),"Mand med en Lygte (Adriaen van Ostade, Uffizi, Firenze)",Uffizi · Firenze,,,,,
WOR131350,work,VÆRK-REGISTER,BILLEDKUNST,Malerier og Tegninger,(blank),"Mandsportræt (Rembrandt, Manfrin, Venezia)",Manfrin · Venezia,,,,,
WOR131400,work,VÆRK-REGISTER,BILLEDKUNST,Malerier og Tegninger,(blank),"S. Marcus (Fra Bartolommeo, Pitti, Firenze)",Pitti · Firenze,,,,,
WOR131450,work,VÆRK-REGISTER,BILLEDKUNST,Malerier og Tegninger,(blank),"Margaretha Ziegler, Luthers Moder (Lucas Cranach d. Æ., Wartburg)",,,,,,
WOR131500,work,VÆRK-REGISTER,BILLEDKUNST,Malerier og Tegninger,(blank),"S. Margarethe og Uhyret (Rafael, Belvedere, Wien)",Belvedere · Wien,,,,,
WOR131550,work,VÆRK-REGISTER,BILLEDKUNST,Malerier og Tegninger,(blank),"Margrethe Rode, f. Lehmann (Carl Bloch)",,,,,,
WOR131600,work,VÆRK-REGISTER,BILLEDKUNST,Malerier og Tegninger,(blank),"Maria Magdalene (P. Batoni, Dresden)",,,,,,
WOR131650,work,VÆRK-REGISTER,BILLEDKUNST,Malerier og Tegninger,(blank),"Maria Magdalene (Maddalena d'Albinea) (Correggio, Manfrin, Venezia)",Manfrin · Venezia,,,,,
WOR131700,work,VÆRK-REGISTER,BILLEDKUNST,Malerier og Tegninger,(blank),"Maria Magdalene (Guercino, Vatikanet, Rom)",Vatikanet · Rom,,,,,
WOR131750,work,VÆRK-REGISTER,BILLEDKUNST,Malerier og Tegninger,(blank),"Maria Magdalene (Guido Reni, Durazzo, Genova)",Durazzo · Genova,,,,,
WOR131800,work,VÆRK-REGISTER,BILLEDKUNST,Malerier og Tegninger,(blank),"Maria Magdalene (2 Billeder) (Guido Reni, Sciarra, Rom)",Sciarra · Rom,,,,,
WOR131850,work,VÆRK-REGISTER,BILLEDKUNST,Malerier og Tegninger,(blank),"Maria Magdalene (Tizian, Doria-P., Rom)",Doria-P. · Rom,,,,,
WOR131900,work,VÆRK-REGISTER,BILLEDKUNST,Malerier og Tegninger,(blank),"Maria Magdalene (Adriaen van der Werff, Alte P., München)",Alte P. · München,,,,,
WOR131950,work,VÆRK-REGISTER,BILLEDKUNST,Malerier og Tegninger,(blank),"Maria Magdalene vasker Christi Fødder (Paolo Veronese, Durazzo, Genova)",Durazzo · Genova,,,,,
WOR132000,work,VÆRK-REGISTER,BILLEDKUNST,Malerier og Tegninger,(blank),"Maria Magdalene ved Korset (Ary Scheffer, Eeghen, Amsterdam)",Eeghen · Amsterdam,,,,,
WOR132050,work,VÆRK-REGISTER,BILLEDKUNST,Malerier og Tegninger,(blank),"Marias Bebudelse (Baroccio, Vatikanet, Rom)",Vatikanet · Rom,,,,,
WOR132100,work,VÆRK-REGISTER,BILLEDKUNST,Malerier og Tegninger,(blank),"Marias Bebudelse (Raphael Mengs, Belvedere, Wien)",Belvedere · Wien,,,,,
WOR132150,work,VÆRK-REGISTER,BILLEDKUNST,Malerier og Tegninger,(blank),"Marias Bryllup med Joseph (G. B. Vicar, Domkirken, Perugia)",Domkirken · Perugia,,,,,
WOR132200,work,VÆRK-REGISTER,BILLEDKUNST,Malerier og Tegninger,(blank),"Marias Himmelfart (Fra Bartolommeo, M. borbonico, Napoli)",M. borbonico · Napoli,,,,,
WOR132250,work,VÆRK-REGISTER,BILLEDKUNST,Malerier og Tegninger,(blank),"Marias Himmelfart (Perugino, Accademia, Firenze)",Accademia · Firenze,,,,,
WOR132300,work,VÆRK-REGISTER,BILLEDKUNST,Malerier og Tegninger,(blank),"Marias Himmelfart (Guido Reni, Leuchtenberg, München)",Leuchtenberg · München,,,,,
WOR132350,work,VÆRK-REGISTER,BILLEDKUNST,Malerier og Tegninger,(blank),"Marias Himmelfart (Guido Reni, Fesch, Rom)",Fesch · Rom,,,,,
WOR132400,work,VÆRK-REGISTER,BILLEDKUNST,Malerier og Tegninger,(blank),"Marias Himmelfart (L. Sabbatini, Bologna)",,,,,,
WOR132450,work,VÆRK-REGISTER,BILLEDKUNST,Malerier og Tegninger,(blank),"Marias Himmelfart (Tizian, Domkirken, Verona)",Domkirken · Verona,,,,,
WOR132500,work,VÆRK-REGISTER,BILLEDKUNST,Malerier og Tegninger,(blank),"Marias Kroning (Rubens, Berlin)",,,,,,
WOR132550,work,VÆRK-REGISTER,BILLEDKUNST,Malerier og Tegninger,(blank),"Marias Trolovelse (Rafael, Brera, Milano)",Brera · Milano,,,,,
WOR132600,work,VÆRK-REGISTER,BILLEDKUNST,Malerier og Tegninger,(blank),"Marsyas (Annibale Carracci, Doria-P., Rom)",Doria-P. · Rom,,,,,
WOR132650,work,VÆRK-REGISTER,BILLEDKUNST,Malerier og Tegninger,(blank),"Matthæus' Kaldelse (L. Carracci, Bologna)",,,,,,
WOR132700,work,VÆRK-REGISTER,BILLEDKUNST,Malerier og Tegninger,(blank),"Maximilian I af Bayern i Kroningsdragt (Joseph Stieler, Alte P., München)",Alte P. · München,,,,,
WOR132750,work,VÆRK-REGISTER,BILLEDKUNST,Malerier og Tegninger,(blank),"Mazeppa (Horace Vernet, Avignon)",,,,,,
WOR132800,work,VÆRK-REGISTER,BILLEDKUNST,Malerier og Tegninger,(blank),"Medusa (Caravaggio, Uffizi, Firenze)",Uffizi · Firenze,,,,,
WOR132850,work,VÆRK-REGISTER,BILLEDKUNST,Malerier og Tegninger,(blank),"Medusa (Leonardo da Vinci, Uffizi, Firenze)",Uffizi · Firenze,,,,,
WOR132900,work,VÆRK-REGISTER,BILLEDKUNST,Malerier og Tegninger,(blank),"Melanchthon (Lucas Cranach d. Æ., Wartburg)",,,,,,
WOR132950,work,VÆRK-REGISTER,BILLEDKUNST,Malerier og Tegninger,(blank),"Menneskealdrene (Tizian, Manfrin, Venezia)",,,,,,
WOR133000,work,VÆRK-REGISTER,BILLEDKUNST,Malerier og Tegninger,(blank),"St. Michael og Djævelen (P. P. Caruana, Guvernør-Paladset, La Valletta)","Guvernør-Paladset · La Valletta, Malta",,,,,
WOR133050,work,VÆRK-REGISTER,BILLEDKUNST,Malerier og Tegninger,(blank),"Michelangelo (Selvportræt, Kultegning, Villa Farnesina, Rom)",Villa Farnesina · Rom,,,,,
WOR133100,work,VÆRK-REGISTER,BILLEDKUNST,Malerier og Tegninger,(blank),"S. Michelina di Pesaro (Baroccio, Vatikanet, Rom)",Vatikanet · Rom,,,,,
WOR133150,work,VÆRK-REGISTER,BILLEDKUNST,Malerier og Tegninger,(blank),Midnatsstemning ved den grønlandske Kyst (Carl Rasmussen),,,,,,
WOR133200,work,VÆRK-REGISTER,BILLEDKUNST,Malerier og Tegninger,(blank),Minerva mellem Gratierne (Nicola Consoni),,,,,,
WOR133250,work,VÆRK-REGISTER,BILLEDKUNST,Malerier og Tegninger,(blank),"Modestia et Vanitas (Leonardo da Vinci, Sciarra, Rom)",Sciarra · Rom,,,,,
WOR133300,work,VÆRK-REGISTER,BILLEDKUNST,Malerier og Tegninger,(blank),"Moses (Guido Reni, Sciarra, Rom)",Sciarra · Rom,,,,,
WOR133350,work,VÆRK-REGISTER,BILLEDKUNST,Malerier og Tegninger,(blank),Moses' Himmelfart (Moses baaret død gennem Luften af Engle) (Joaquín Espalter y Rull),,,,,,
WOR133400,work,VÆRK-REGISTER,BILLEDKUNST,Malerier og Tegninger,(blank),"Moses slaar Vand af Klippen (La Sed) (Murillo, Caridad, Sevilla)",Caridad · Sevilla,,,,,
WOR133450,work,VÆRK-REGISTER,BILLEDKUNST,Malerier og Tegninger,(blank),En Munk som piller Kalkuner (Carl Bloch),,,,,,
WOR133500,work,VÆRK-REGISTER,BILLEDKUNST,Malerier og Tegninger,(blank),"Et Munkehovede (Correggio, Accademia, Firenze)",Accademia · Firenze,,,,,
WOR133550,work,VÆRK-REGISTER,BILLEDKUNST,Malerier og Tegninger,(blank),"En Muselmand (Rembrandt, Durazzo, Genova)",Durazzo · Genova,,,,,
WOR133600,work,VÆRK-REGISTER,BILLEDKUNST,Malerier og Tegninger,(blank),"Muserne og Apollo (Raphael Mengs, Villa Albani, Rom)",Villa Albani · Rom,,,,,
WOR133650,work,VÆRK-REGISTER,BILLEDKUNST,Malerier og Tegninger,(blank),"Mysterierne (Bebudelsen - Kongernes Tilbedelse - Omskærelsen i Templet) (Rafael, Vatikanet, Rom)",Vatikanet · Rom,,,,,
WOR133700,work,VÆRK-REGISTER,BILLEDKUNST,Malerier og Tegninger,(blank),Die Mährchenerzählerin (Ed. von Steinle),,,,,,
WOR133750,work,VÆRK-REGISTER,BILLEDKUNST,Malerier og Tegninger,(blank),Nadverens Indstiftelse (Leonardo da Vinci),,,,,,
WOR133800,work,VÆRK-REGISTER,BILLEDKUNST,Malerier og Tegninger,(blank),"Napoleon paa Hjortejagt i Skoven ved Fontainebleau (C. Vernet, Leuchtenberg, München)",Leuchtenberg · München,,,,,
WOR133850,work,VÆRK-REGISTER,BILLEDKUNST,Malerier og Tegninger,(blank),"Natten (Tegning, Thorvaldsen)",,,,,,
WOR133900,work,VÆRK-REGISTER,BILLEDKUNST,Malerier og Tegninger,(blank),"Nedtagelsen af Korset (F. Baroccio, Domkirken, Perugia)",Domkirken · Perugia,,,,,
WOR133950,work,VÆRK-REGISTER,BILLEDKUNST,Malerier og Tegninger,(blank),"Nedtagelsen af Korset (Perugino, Pitti, Firenze)",Pitti · Firenze,,,,,
WOR134000,work,VÆRK-REGISTER,BILLEDKUNST,Malerier og Tegninger,(blank),"Nedtagelsen af Korset (Rafael, Borghese, Rom)",Borghese · Rom,,,,,
WOR134050,work,VÆRK-REGISTER,BILLEDKUNST,Malerier og Tegninger,(blank),"Nedtagelsen af Korset (Rafael, Manfrin, Venezia)",Manfrin · Venezia,,,,,
WOR134100,work,VÆRK-REGISTER,BILLEDKUNST,Malerier og Tegninger,(blank),"Nedtagelsen af Korset (A. Tiarini, Bologna)",,,,,,
WOR134150,work,VÆRK-REGISTER,BILLEDKUNST,Malerier og Tegninger,(blank),"Nedtagelsen af Korset (Tizian, Manfrin, Venezia)",Manfrin · Venezia,,,,,
WOR134200,work,VÆRK-REGISTER,BILLEDKUNST,Malerier og Tegninger,(blank),"Nedtagelsen af Korset (G. Vasari, Doria-P., Rom)",Doria-P. · Rom,,,,,
WOR134250,work,VÆRK-REGISTER,BILLEDKUNST,Malerier og Tegninger,(blank),"Nedtagelsen af Korset (P. Veronese, Doria-P., Rom)",Doria-P. · Rom,,,,,
WOR134300,work,VÆRK-REGISTER,BILLEDKUNST,Malerier og Tegninger,(blank),"Nedtagelsen af Korset (Daniele da Volterra, Trinità dei Monti, Rom)",Trinità dei Monti · Rom,,,,,
WOR134350,work,VÆRK-REGISTER,BILLEDKUNST,Malerier og Tegninger,(blank),"Neptun (P. von Cornelius, Glyptoteket, München)",Glyptoteket · München,,,,,
WOR134400,work,VÆRK-REGISTER,BILLEDKUNST,Malerier og Tegninger,(blank),"S. Nicolaus af Baris Liv (Giovanni da Fiesole, Vatikanet, Rom)",Vatikanet · Rom,,,,,
WOR134450,work,VÆRK-REGISTER,BILLEDKUNST,Malerier og Tegninger,(blank),Niels Ebbesen og Grev Gert (Carl Bloch),,,,,,
WOR134500,work,VÆRK-REGISTER,BILLEDKUNST,Malerier og Tegninger,(blank),"S. Nilus’ Liv (Domenichino, Grottaferrata)",,,,,,
WOR134550,work,VÆRK-REGISTER,BILLEDKUNST,Malerier og Tegninger,(blank),"Noah ifærd med at bringe Dyrene i Arken (J. Bassano, Dresden)",,,,,,
WOR134600,work,VÆRK-REGISTER,BILLEDKUNST,Malerier og Tegninger,(blank),"Noah og Arken (Rafael, Manfrin, Venezia)",Manfrin · Venezia,,,,,
WOR134650,work,VÆRK-REGISTER,BILLEDKUNST,Malerier og Tegninger,(blank),Den nyere Kunsts Udvikling (W. von Kaulbach),,,,,,
WOR134700,work,VÆRK-REGISTER,BILLEDKUNST,Malerier og Tegninger,(blank),"Olding og ung Mand musicerer sammen (B. Strozzi, Leuchtenberg, München)",Leuchtenberg · München,,,,,
WOR134750,work,VÆRK-REGISTER,BILLEDKUNST,Malerier og Tegninger,(blank),"Olympen (P. von Cornelius, Glyptoteket, München)",Glyptoteket · München,,,,,
WOR134800,work,VÆRK-REGISTER,BILLEDKUNST,Malerier og Tegninger,(blank),"Omskærelsen (Guido Reni, Leuchtenberg, München)",Leuchtenberg · München,,,,,
WOR134850,work,VÆRK-REGISTER,BILLEDKUNST,Malerier og Tegninger,(blank),"Opstandelsen (Perugino, Vatikanet, Rom)",Vatikanet · Rom,,,,,
WOR134900,work,VÆRK-REGISTER,BILLEDKUNST,Malerier og Tegninger,(blank),"Orfeus spiller for Mennesker og Dyr (J. A. Jerichau, Karton)",,,,,,
WOR134950,work,VÆRK-REGISTER,BILLEDKUNST,Malerier og Tegninger,(blank),"Orlando furioso (P. P. Caruana, Guvernor-Paladset, La Valletta, Malta)","Guvernør-Paladset · La Valletta, Malta",,,,,
WOR135000,work,VÆRK-REGISTER,BILLEDKUNST,Malerier og Tegninger,(blank),"Orlando furioso, Scener af (J. Schnorr von Carolsfeld, Massimi, Rom)",Massimi · Rom,,,,,
WOR135050,work,VÆRK-REGISTER,BILLEDKUNST,Malerier og Tegninger,(blank),"Ossian besøges af franske Heltes Aander (Desaix, Kléber o.fl.) (Girodet-Trioson, Leuchtenberg, München)",Leuchtenberg · München,,,,,
WOR135100,work,VÆRK-REGISTER,BILLEDKUNST,Malerier og Tegninger,(blank),Et Osteri (Joh. Bravo),,,,,,
WOR135150,work,VÆRK-REGISTER,BILLEDKUNST,Malerier og Tegninger,(blank),"Otto III i Karl den Stores Grav (Wilhelm von Kaulbach, Germanisches Museum, Nürnberg)",Germanisches Museum · Nürnberg,,,,,
WOR135200,work,VÆRK-REGISTER,BILLEDKUNST,Malerier og Tegninger,(blank),"Overgangen over det røde Hav (Rafael, Fesch, Rom)",Fesch · Rom,,,,,
WOR135250,work,VÆRK-REGISTER,BILLEDKUNST,Malerier og Tegninger,(blank),"Pandora (Giulio Romano, Manfrin, Venezia)",Manfrin · Venezia,,,,,
WOR135300,work,VÆRK-REGISTER,BILLEDKUNST,Malerier og Tegninger,(blank),Parti fra den romerske Campagne med Ruinerne af Byen Nymfa (Harald Jerichau),,,,,,
WOR135350,work,VÆRK-REGISTER,BILLEDKUNST,Malerier og Tegninger,(blank),"Pave Alexander III.s Møde med Dogen Sebastiano Ziani (F. og L. Bassano, Doge-Paladset, Venezia)",,,,,,
WOR135400,work,VÆRK-REGISTER,BILLEDKUNST,Malerier og Tegninger,(blank),"Perdón Dos mio (M. Rodriguez de Guzman, Exposición nacional 1862, Madrid)",Exposición nacional 1862 · Madrid,,,,,
WOR135450,work,VÆRK-REGISTER,BILLEDKUNST,Malerier og Tegninger,(blank),"La Perla (Rafael, Prado, Madrid)",Prado · Madrid,,,,,
WOR135500,work,VÆRK-REGISTER,BILLEDKUNST,Malerier og Tegninger,(blank),"Peter Arbuës, Grossinquisitor (Wilhelm Von Kaulbach)",,,,,,
WOR135550,work,VÆRK-REGISTER,BILLEDKUNST,Malerier og Tegninger,(blank),"S. Peter føres af Englen ud af Fængslet (Luca della Robbia, Uffizi, Firenze)",Uffizi · Firenze,,,,,
WOR135600,work,VÆRK-REGISTER,BILLEDKUNST,Malerier og Tegninger,(blank),"S. Peters Korsfæstelse (Guido Reni, Vatikanet, Rom)",Vatikanet · Rom,,,,,
WOR135650,work,VÆRK-REGISTER,BILLEDKUNST,Malerier og Tegninger,(blank),"S. Peters Korsfæstelse (Nicolò Ricciolini, S. Maria degli Angeli, Rom)",S. Maria degli Angeli · Rom,,,,,
WOR135700,work,VÆRK-REGISTER,BILLEDKUNST,Malerier og Tegninger,(blank),"S. Peters Korsfæstelse (Rubens, St. Peters Kirke, Köln)",St. Peters Kirke · Köln,,,,,
WOR135750,work,VÆRK-REGISTER,BILLEDKUNST,Malerier og Tegninger,(blank),"Phantasien, Raderinger (Moritz Retzsch)",,,,,,
WOR135800,work,VÆRK-REGISTER,BILLEDKUNST,Malerier og Tegninger,(blank),"La Pietà. Landskab. Christus bæres til Graven (Annibale Carracci, Doria-P., Rom)",Doria-P. · Rom,,,,,
WOR135850,work,VÆRK-REGISTER,BILLEDKUNST,Malerier og Tegninger,(blank),"La Pietà (Guido Reni, Bologna)",,,,,,
WOR135900,work,VÆRK-REGISTER,BILLEDKUNST,Malerier og Tegninger,(blank),"Pluto (P. von Cornelius, Glyptoteket, München)",Glyptoteket · München,,,,,
WOR135950,work,VÆRK-REGISTER,BILLEDKUNST,Malerier og Tegninger,(blank),"Portræt af en Franciscaner (Rubens, Doria-P., Rom)",Doria-P. · Rom,,,,,
WOR136000,work,VÆRK-REGISTER,BILLEDKUNST,Malerier og Tegninger,(blank),"Portræt af hans Fader (Albrecht Dürer, Uffizi, Firenze)",Uffizi · Firenze,,,,,
WOR136050,work,VÆRK-REGISTER,BILLEDKUNST,Malerier og Tegninger,(blank),"Prins Karl af Bayern til Hest (Joseph Stieler, Alte P., München)",Alte P. · München,,,,,
WOR136100,work,VÆRK-REGISTER,BILLEDKUNST,Malerier og Tegninger,(blank),Prinserne Constantin og Georg af Grækenland (Elisabeth Jerichau-Baumann),,,,,,
WOR136150,work,VÆRK-REGISTER,BILLEDKUNST,Malerier og Tegninger,(blank),"S. S. Processus og Martinian (Valentin de Boullogne, Vatikanet, Rom)",Vatikanet · Rom,,,,,
WOR136200,work,VÆRK-REGISTER,BILLEDKUNST,Malerier og Tegninger,(blank),"Psykes Historie (Rafael, Villa Farnesina, Rom)",Villa Farnesina · Rom,,,,,
WOR136250,work,VÆRK-REGISTER,BILLEDKUNST,Malerier og Tegninger,(blank),Rafaels anden Jordefærd (Horace Verner),,,,,,
WOR136300,work,VÆRK-REGISTER,BILLEDKUNST,Malerier og Tegninger,(blank),"Rebecca og Elieser (P. Veronese, Belvedere, Wien)",Belvedere · Wien,,,,,
WOR136350,work,VÆRK-REGISTER,BILLEDKUNST,Malerier og Tegninger,(blank),Reineke Fuchs (Wilhelm von Kaulbach),,,,,,
WOR136400,work,VÆRK-REGISTER,BILLEDKUNST,Malerier og Tegninger,(blank),"Rembrandts Moder (Neeltgen Willemsdochter van Zuytbrouck) (Rembrandt, Belvedere, Wien)",Belvedere · Wien,,,,,
WOR136450,work,VÆRK-REGISTER,BILLEDKUNST,Malerier og Tegninger,(blank),"S. Rochus (Garofalo, Belvedere, Wien)",Belvedere · Wien,,,,,
WOR136500,work,VÆRK-REGISTER,BILLEDKUNST,Malerier og Tegninger,(blank),"S. Rochus (Schidone, Doria-P., Rom)",Doria-P. · Rom,,,,,
WOR136550,work,VÆRK-REGISTER,BILLEDKUNST,Malerier og Tegninger,(blank),Romersk Gadescene (Albert Küchler),,,,,,
WOR136600,work,VÆRK-REGISTER,BILLEDKUNST,Malerier og Tegninger,(blank),Romerske Børn med Violer (Elisabeth Jerichau-Baumann),,,,,,
WOR136650,work,VÆRK-REGISTER,BILLEDKUNST,Malerier og Tegninger,(blank),"S. Romualdus' Syn (Andrea Sacchi, Vatikanet, Rom)",Vatikanet · Rom,,,,,
WOR136700,work,VÆRK-REGISTER,BILLEDKUNST,Malerier og Tegninger,(blank),"Rubens (Selvportræt, Belvedere, Wien)",Belvedere · Wien,,,,,
WOR136750,work,VÆRK-REGISTER,BILLEDKUNST,Malerier og Tegninger,(blank),"Rubens' Sønner Albert og Nicolas (Rubens, Dresden)",,,,,,
WOR136800,work,VÆRK-REGISTER,BILLEDKUNST,Malerier og Tegninger,(blank),Rudolph Puggaard (W. Marstrand),,,,,,
WOR136850,work,VÆRK-REGISTER,BILLEDKUNST,Malerier og Tegninger,(blank),Den saarede Soldat (Elisabeth Jerichau-Baumann),,,,,,
WOR136900,work,VÆRK-REGISTER,BILLEDKUNST,Malerier og Tegninger,(blank),Salamis-Slaget (W. von Kaulbach),,,,,,
WOR136950,work,VÆRK-REGISTER,BILLEDKUNST,Malerier og Tegninger,(blank),"Salomons Dom (Adriaen van der Werff, Uffizi, Firenze)",Uffizi · Firenze,,,,,
WOR137000,work,VÆRK-REGISTER,BILLEDKUNST,Malerier og Tegninger,(blank),"Samson (Carl Bloch, Charlottenborg 1863)",Charlottenborg 1863 · København,,,,,
WOR137050,work,VÆRK-REGISTER,BILLEDKUNST,Malerier og Tegninger,(blank),Samson og Dalila (Carl Bloch),,,,,,
WOR137100,work,VÆRK-REGISTER,BILLEDKUNST,Malerier og Tegninger,(blank),"Samson og Dalila (A. Van Dyck, Belvedere, Wien)",Belvedere · Wien,,,,,
WOR137150,work,VÆRK-REGISTER,BILLEDKUNST,Malerier og Tegninger,(blank),"Samsons Død (L. Carracci, Rospigliosi, Rom)",Rospigliosi · Rom,,,,,
WOR137200,work,VÆRK-REGISTER,BILLEDKUNST,Malerier og Tegninger,(blank),"Sandheden og Merkur (Battista Ponchino, kaldet Bazzacco, Doge-Paladset, Venezia)",Doge-Paladset · Venezia,,,,,
WOR137250,work,VÆRK-REGISTER,BILLEDKUNST,Malerier og Tegninger,(blank),Scene fra Julirevolutionen (Horace Vernet),,,,,,
WOR137300,work,VÆRK-REGISTER,BILLEDKUNST,Malerier og Tegninger,(blank),"S. Sebastian (Perugino, Sciarra, Rom)",Sciarra · Rom,,,,,
WOR137350,work,VÆRK-REGISTER,BILLEDKUNST,Malerier og Tegninger,(blank),"S. Sebastian (Guido Reni, Skitse, Bologna)",,,,,,
WOR137400,work,VÆRK-REGISTER,BILLEDKUNST,Malerier og Tegninger,(blank),"S. Sebastian (= Madonna med Barnet og Helgener) (Tizian, Vatikanet, Rom)",Vatikanet · Rom,,,,,
WOR137450,work,VÆRK-REGISTER,BILLEDKUNST,Malerier og Tegninger,(blank),"Seni ved Wallensteins Lig (Carl von Piloty, Neue P., München)",Neue P. · München,,,,,
WOR137500,work,VÆRK-REGISTER,BILLEDKUNST,Malerier og Tegninger,(blank),"Sibilla (Domenichino, Borghese, Rom)",Borghese · Rom,,,,,
WOR137550,work,VÆRK-REGISTER,BILLEDKUNST,Malerier og Tegninger,(blank),"Sibylla Samia (Guercino, Uffizi, Firenze)",Uffizi · Firenze,,,,,
WOR137600,work,VÆRK-REGISTER,BILLEDKUNST,Malerier og Tegninger,(blank),"Sibyllerne (Rafael, S. Maria della Pace, Rom)",S. Maria della Pace · Rom,,,,,
WOR137650,work,VÆRK-REGISTER,BILLEDKUNST,Malerier og Tegninger,(blank),Signe stikker Ild paa sit Jomfrubur (August Malmström),,,,,,
WOR137700,work,VÆRK-REGISTER,BILLEDKUNST,Malerier og Tegninger,(blank),"Simon Magus (Pompeo Batoni, S. Maria degli Angeli, Rom)",S. Maria degli Angeli · Rom,,,,,
WOR137750,work,VÆRK-REGISTER,BILLEDKUNST,Malerier og Tegninger,(blank),Sixtinske Kapel (Michelangelo),,,,,,
WOR137800,work,VÆRK-REGISTER,BILLEDKUNST,Malerier og Tegninger,(blank),"Sixtinske Madonna (Rafael, Dresden)",,,,,,
WOR137850,work,VÆRK-REGISTER,BILLEDKUNST,Malerier og Tegninger,(blank),"Sixtinske Madonna (Rafael, Dresden)- Kopi paa Glorup",,,,,,
WOR137900,work,VÆRK-REGISTER,BILLEDKUNST,Malerier og Tegninger,(blank),"Sixtus IV (Piero della Francesca, Vatikanet, Rom)",Vatikanet · Rom,,,,,
WOR137950,work,VÆRK-REGISTER,BILLEDKUNST,Malerier og Tegninger,(blank),"Sixtus V (S. P. Gaëtano, Vatikan-Biblioteket, Rom)",Vatikanet · Rom,,,,,
WOR138000,work,VÆRK-REGISTER,BILLEDKUNST,Malerier og Tegninger,(blank),"Sixtus V velsigner de pontinske Sumpe (Rud. Lehmann, Lille)",,,,,,
WOR138050,work,VÆRK-REGISTER,BILLEDKUNST,Malerier og Tegninger,(blank),"En Sjæl søger Tilflugt for Djævelen under sin Skytsengels Skjold og Vinger (Domenichino, M. borbonico, Napoli)",M. borbonico · Napoli,,,,,
WOR138100,work,VÆRK-REGISTER,BILLEDKUNST,Malerier og Tegninger,(blank),"Skabelsen og Syndefaldet, Dommedag og Helvede (Hieronymus Bosch, Berlin)",,,,,,
WOR138150,work,VÆRK-REGISTER,BILLEDKUNST,Malerier og Tegninger,(blank),"Skovegn (Jacob van Ruisdael, Uffizi, Firenze)",Uffizi · Firenze,,,,,
WOR138200,work,VÆRK-REGISTER,BILLEDKUNST,Malerier og Tegninger,(blank),"Skovlandskab (Jacob van Ruisdael, Belvedere, Wien)",Belvedere · Wien,,,,,
WOR138250,work,VÆRK-REGISTER,BILLEDKUNST,Malerier og Tegninger,(blank),Skovparti med en Sø (P. C. Skovgaard),,,,,,
WOR138300,work,VÆRK-REGISTER,BILLEDKUNST,Malerier og Tegninger,(blank),"Slaget ved Sendling (Wilhelm Lindenschmit d. Æ., Sendling-Kirken ved München)",Sendling-Kirken · München,,,,,
WOR138350,work,VÆRK-REGISTER,BILLEDKUNST,Malerier og Tegninger,(blank),Solnedgang ved Vesuv (F. Thöming),,,,,,
WOR138400,work,VÆRK-REGISTER,BILLEDKUNST,Malerier og Tegninger,(blank),"Sophonisbe, hvem Massinissa rækker Giftbægeret (Cavaliere Calabrese, Rospigliosi, Rom)",Rospigliosi · Rom,,,,,
WOR138450,work,VÆRK-REGISTER,BILLEDKUNST,Malerier og Tegninger,(blank),"Spillerne (Caravaggio, Sciarra, Rom)",Sciarra · Rom,,,,,
WOR138500,work,VÆRK-REGISTER,BILLEDKUNST,Malerier og Tegninger,(blank),"Spisekammeret (med en Svane og en Paafugl) (Teniers d. Y., Fesch, Rom)",Fesch · Rom,,,,,
WOR138550,work,VÆRK-REGISTER,BILLEDKUNST,Malerier og Tegninger,(blank),Spurve ved en Lænkehunds Trug (Siegwald Dahl),,,,,,
WOR138600,work,VÆRK-REGISTER,BILLEDKUNST,Malerier og Tegninger,(blank),"Stanzerne (Rafael, Vatikanet, Rom)",Vatikanet · Rom,,,,,
WOR138650,work,VÆRK-REGISTER,BILLEDKUNST,Malerier og Tegninger,(blank),"Stanzerne (Rafael, Vatikanet, Rom)-(Elfenbensrelieffer af Fr. og Dominio Steinhard efter Tegninger af Carlo Fontana, Colonna, Rom)",Vatikanet · Rom,,,,,
WOR138700,work,VÆRK-REGISTER,BILLEDKUNST,Malerier og Tegninger,(blank),"Stefanus stenes (Rafael og Giulio Romano, S. Stefano, Genova)",S. Stefano · Genova,,,,,
WOR138750,work,VÆRK-REGISTER,BILLEDKUNST,Malerier og Tegninger,(blank),"Stockholm (Thomas Fearnley, Leuchtenberg, München)",Leuchtenberg · München,,,,,
WOR138800,work,VÆRK-REGISTER,BILLEDKUNST,Malerier og Tegninger,(blank),En Storkerede (A. Mackeprang),,,,,,
WOR138850,work,VÆRK-REGISTER,BILLEDKUNST,Malerier og Tegninger,(blank),Storm ved Bergen (J. C. Dahl),,,,,,
WOR138900,work,VÆRK-REGISTER,BILLEDKUNST,Malerier og Tegninger,(blank),"Strandbred med Fiskerbaade (Ludolf Backhuyzen, Belvedere, Wien)",Belvedere · Wien,,,,,
WOR138950,work,VÆRK-REGISTER,BILLEDKUNST,Malerier og Tegninger,(blank),Sultan Abd-ul Medshid (Johann Hermann Kretzschmer),,,,,,
WOR139000,work,VÆRK-REGISTER,BILLEDKUNST,Malerier og Tegninger,(blank),"Sundheden, der giver Love for Amor og Bacchus (D. C. Blunck)",,,,,,
WOR139050,work,VÆRK-REGISTER,BILLEDKUNST,Malerier og Tegninger,(blank),"Susanne i Badet (A. van Dyck, Alte P., München)",Alte P. · München,,,,,
WOR139100,work,VÆRK-REGISTER,BILLEDKUNST,Malerier og Tegninger,(blank),Syndfloden (W. Kaulbach),,,,,,
WOR139150,work,VÆRK-REGISTER,BILLEDKUNST,Malerier og Tegninger,(blank),"Syndfloden (Karl Schorn, Neue P., München)",Neue P. · München,,,,,
WOR139200,work,VÆRK-REGISTER,BILLEDKUNST,Malerier og Tegninger,(blank),"Søstorm (Joseph Vernet, Alte P., München)",Alte P. · München,,,,,
WOR139250,work,VÆRK-REGISTER,BILLEDKUNST,Malerier og Tegninger,(blank),"Søstorm ved Triest (J. H. Sander, Kunstforeningen, München)",Kunstforeningen · München,,,,,
WOR139300,work,VÆRK-REGISTER,BILLEDKUNST,Malerier og Tegninger,(blank),"Søstykke (Anton Melbye), foræret af HCA til Moritz og Dorothea Melchiors Sølvbryllup 17.6.1871",,,,,,
WOR139350,work,VÆRK-REGISTER,BILLEDKUNST,Malerier og Tegninger,(blank),"Søstykke, i Baggrunden Etna (Fr. Thöming)",,,,,,
WOR139400,work,VÆRK-REGISTER,BILLEDKUNST,Malerier og Tegninger,(blank),"Tasso læser sit Digt for Leonora af Este (César Mussini, Accademia, Firenze)",Accademia · Firenze,,,,,
WOR139450,work,VÆRK-REGISTER,BILLEDKUNST,Malerier og Tegninger,(blank),De terugkomst van een Hollandischen vlootvoogd na een zegerijken zeetogt (H. van Hove),,,,,,
WOR139500,work,VÆRK-REGISTER,BILLEDKUNST,Malerier og Tegninger,(blank),Therese Henriques (Carl Bloch),,,,,,
WOR139550,work,VÆRK-REGISTER,BILLEDKUNST,Malerier og Tegninger,(blank),"Thorvaldsen (Cesare Poggi, Brera, Milano)",Brera · Milano,,,,,
WOR139600,work,VÆRK-REGISTER,BILLEDKUNST,Malerier og Tegninger,(blank),"Tiden, som flyver med Amor (Palma il Giovane, Manfrin, Venezia)",Manfrin · Venezia,,,,,
WOR139650,work,VÆRK-REGISTER,BILLEDKUNST,Malerier og Tegninger,(blank),"Tizians Elskede (la Bella?) (Kopi efter Tizian, Doria-P., Rom)",Doria-P. · Rom,,,,,
WOR139700,work,VÆRK-REGISTER,BILLEDKUNST,Malerier og Tegninger,(blank),"Tizians Moder (Tizian, Manfrin, Venezia)",Manfrin · Venezia,,,,,
WOR139750,work,VÆRK-REGISTER,BILLEDKUNST,Malerier og Tegninger,(blank),"To Kyrasserer redder en saaret Officer (Albrecht Adam, Leuchtenberg, München)",Leuchtenberg · München,,,,,
WOR139800,work,VÆRK-REGISTER,BILLEDKUNST,Malerier og Tegninger,(blank),"De to Leonoraer (K. F. Sohn, Düsseldorf)",,,,,,
WOR139850,work,VÆRK-REGISTER,BILLEDKUNST,Malerier og Tegninger,(blank),To Qvinder (Elisabeth Jerichau-Baumann),,,,,,
WOR139900,work,VÆRK-REGISTER,BILLEDKUNST,Malerier og Tegninger,(blank),Totentanzskizzen (Wilhelm Von Kaulbach),,,,,,
WOR139950,work,VÆRK-REGISTER,BILLEDKUNST,Malerier og Tegninger,(blank),"Transfigurationen (Rafael og Giulio Romano, Vatikanet, Rom)",Vatikanet · Rom,,,,,
WOR140000,work,VÆRK-REGISTER,BILLEDKUNST,Malerier og Tegninger,(blank),"Transfigurationen (Rafael og Giulio Romano, Vatikanet, Rom)- Kopi, Sciarra, Rom",Vatikanet · Rom,,,,,
WOR140050,work,VÆRK-REGISTER,BILLEDKUNST,Malerier og Tegninger,(blank),"Tre Helgener (Benedikt, Flavia og Placidus) (Perugino, Vatikanet, Rom)",Vatikanet · Rom,,,,,
WOR140100,work,VÆRK-REGISTER,BILLEDKUNST,Malerier og Tegninger,(blank),"De tre theologiske Dyder (Rafael, Vatikanet, Rom)",Vatikanet · Rom,,,,,
WOR140150,work,VÆRK-REGISTER,BILLEDKUNST,Malerier og Tegninger,(blank),Treenigheden (A. Küchler),,,,,,
WOR140200,work,VÆRK-REGISTER,BILLEDKUNST,Malerier og Tegninger,(blank),"Treenigheden (Perugino, Stanza dell'lncendio, Vatikanet, Rom)",Vatikanet · Rom,,,,,
WOR140250,work,VÆRK-REGISTER,BILLEDKUNST,Malerier og Tegninger,(blank),Der Triumph der Religion in den Künsten (Fr. Overbeck),,,,,,
WOR140300,work,VÆRK-REGISTER,BILLEDKUNST,Malerier og Tegninger,(blank),"Der Triumph der Religion in den Künsten (Fr. Overbeck)- (Städel, Frankfurt a.M.)",Städel · Frankfurt a. M.,,,,,
WOR140350,work,VÆRK-REGISTER,BILLEDKUNST,Malerier og Tegninger,(blank),Den trygge Kærlighed (D. C. Blunck),,,,,,
WOR140400,work,VÆRK-REGISTER,BILLEDKUNST,Malerier og Tegninger,(blank),Tvekamp i et Bondebryllup (A. Tidemand),,,,,,
WOR140450,work,VÆRK-REGISTER,BILLEDKUNST,Malerier og Tegninger,(blank),"Tyrkisk Dame tilhest (G. B. Castiglione, kaldet il Grechetto, Doria-P., Rom)",Doria-P. · Rom,,,,,
WOR140500,work,VÆRK-REGISTER,BILLEDKUNST,Malerier og Tegninger,(blank),"Den ubesmittede Undfangelse (La lmmaculada Concepción) (Murillo, Academia, Sevilla)",Academia · Sevilla,,,,,
WOR140550,work,VÆRK-REGISTER,BILLEDKUNST,Malerier og Tegninger,(blank),Udsigt fra Højene ved Olevano til den romerske Campagne (Fr. Petzholdt),,,,,,
WOR140600,work,VÆRK-REGISTER,BILLEDKUNST,Malerier og Tegninger,(blank),"Udsigt mod Peterskirken, Rom (J. C. Reinhart, Kunstforeningen, München)",Kunstforeningen · München,,,,,
WOR140650,work,VÆRK-REGISTER,BILLEDKUNST,Malerier og Tegninger,(blank),"Udsigt til Aventiner-Bjerget, Rom (Bolette Pay, Kunstforeningen, München)",Kunstforeningen · München,,,,,
WOR140700,work,VÆRK-REGISTER,BILLEDKUNST,Malerier og Tegninger,(blank),"Udsigt til Lateranet, Rom (Bolette Pay, Kunstforeningen, München)",Kunstforeningen · München,,,,,
WOR140750,work,VÆRK-REGISTER,BILLEDKUNST,Malerier og Tegninger,(blank),"Ugolino i Fængsel, hans Sønner og Nevøer (Sir Joshua Reynolds, Knole House)",Knole House · London,,,,,
WOR140800,work,VÆRK-REGISTER,BILLEDKUNST,Malerier og Tegninger,(blank),"Urban VIII.s Modtagelse i Gesù-Kirken i Rom (Andrea Sacchi, Sciarra, Rom)",Sciarra · Rom,,,,,
WOR140850,work,VÆRK-REGISTER,BILLEDKUNST,Malerier og Tegninger,(blank),"Usurai (Quentin Massys, Doria-P., Rom)",Doria-P. · Rom,,,,,
WOR140900,work,VÆRK-REGISTER,BILLEDKUNST,Malerier og Tegninger,(blank),En Valkyrie (Tegning) (J.A. Jerichau),,,,,,
WOR140950,work,VÆRK-REGISTER,BILLEDKUNST,Malerier og Tegninger,(blank),Valkyrier (Elisabeth Jerichau-Baumann),,,,,,
WOR141000,work,VÆRK-REGISTER,BILLEDKUNST,Malerier og Tegninger,(blank),En Valplads Morgenen efter et Slag (J. V. Sonne),,,,,,
WOR141050,work,VÆRK-REGISTER,BILLEDKUNST,Malerier og Tegninger,(blank),"Vandfaldet (A. Van Everdingen, Uffizi, Firenze)",Uffizi · Firenze,,,,,
WOR141100,work,VÆRK-REGISTER,BILLEDKUNST,Malerier og Tegninger,(blank),"Den vantro Thomas (Guercino, Vatikanet, Rom)",Vatikanet · Rom,,,,,
WOR141150,work,VÆRK-REGISTER,BILLEDKUNST,Malerier og Tegninger,(blank),"Venus (Tizian, Uffizi, Firenze)",Uffizi · Firenze,,,,,
WOR141200,work,VÆRK-REGISTER,BILLEDKUNST,Malerier og Tegninger,(blank),"Venus fra Umbrien (Tizian, Uffizi, Firenze)",Uffizi · Firenze,,,,,
WOR141250,work,VÆRK-REGISTER,BILLEDKUNST,Malerier og Tegninger,(blank),"Venus og Adonis (Scarsellino, Borghese, Rom)",Borghese · Rom,,,,,
WOR141300,work,VÆRK-REGISTER,BILLEDKUNST,Malerier og Tegninger,(blank),"Venus og Amor (Lucas Cranach d. Æ., Borghese, Rom)",Borghese · Rom,,,,,
WOR141350,work,VÆRK-REGISTER,BILLEDKUNST,Malerier og Tegninger,(blank),"Venus og Amor (Lucas Cranach d. Æ., Nürnberg)",,,,,,
WOR141400,work,VÆRK-REGISTER,BILLEDKUNST,Malerier og Tegninger,(blank),"Venus og Amor (Tizian, Uffizi, Firenze)",Uffizi · Firenze,,,,,
WOR141450,work,VÆRK-REGISTER,BILLEDKUNST,Malerier og Tegninger,(blank),"Venus, som har taget en Pil fra Amor (Pietro Liberi, Manfrin, Venezia)",Manfrin · Venezia,,,,,
WOR141500,work,VÆRK-REGISTER,BILLEDKUNST,Malerier og Tegninger,(blank),"Vernet (Tegning) (Adrien Dauzatz, HCAs Stambog)",HCA's Stambog,,,,,
WOR141550,work,VÆRK-REGISTER,BILLEDKUNST,Malerier og Tegninger,(blank),"Veronica (Angelica Kaufmann, Villa Farnesina, Rom)",Villa Farnesina · Rom,,,,,
WOR141600,work,VÆRK-REGISTER,BILLEDKUNST,Malerier og Tegninger,(blank),"Villa Pamphilj, Rom (J. C. Reinhart, Kunstforeningen, München)",Kunstforeningen · München,,,,,
WOR141650,work,VÆRK-REGISTER,BILLEDKUNST,Malerier og Tegninger,(blank),"Violinspilleren (Rafael, Sciarra, Rom)",Sciarra · Rom,,,,,
WOR141700,work,VÆRK-REGISTER,BILLEDKUNST,Malerier og Tegninger,(blank),"La Virgen de la Servilleta (Murillo, Academia, Sevilla)",Academia · Sevilla,,,,,
WOR141750,work,VÆRK-REGISTER,BILLEDKUNST,Malerier og Tegninger,(blank),"Visión de San Francisco (Murillo, Academia, Sevilla)",Academia · Sevilla,,,,,
WOR141800,work,VÆRK-REGISTER,BILLEDKUNST,Malerier og Tegninger,(blank),"Wignacourt, Stormester i Johanniter-Ordenen, Malta (Caravaggio eller Lionello Spada)",,,,,,
WOR141850,work,VÆRK-REGISTER,BILLEDKUNST,Malerier og Tegninger,(blank),Willem I Prins van Oranje door Balthazar Gerards verraderlijk getroffen (J.A. Kruseman),,,,,,
WOR141900,work,VÆRK-REGISTER,BILLEDKUNST,Malerier og Tegninger,(blank),Wintergezicht (J. Bosboom),,,,,,
WOR141950,work,VÆRK-REGISTER,BILLEDKUNST,Malerier og Tegninger,(blank),"Æneas Silvius Piccolominis Historie (Rafael (Ͻ: Pinturicchio), Libreria Piccolomini, Domkirken, Siena)",,,,,,
WOR142000,work,VÆRK-REGISTER,BILLEDKUNST,Malerier og Tegninger,(blank),"Æsop (Velazquez, Prado, Madrid)",Prado · Madrid,,,,,
WOR142050,work,VÆRK-REGISTER,BILLEDKUNST,Skulptur,(blank),"A. W. Moltke (H. V. Bissen, Bregentved Park)",Bregentved Park · Haslev,,,,,
WOR142100,work,VÆRK-REGISTER,BILLEDKUNST,Skulptur,(blank),Aarstiderne (Emil Wolff),,,,,,
WOR142150,work,VÆRK-REGISTER,BILLEDKUNST,Skulptur,(blank),"Abel (J. H. Stöver, Eeghen, Amsterdam)",Eeghen · Amsterdam,,,,,
WOR142200,work,VÆRK-REGISTER,BILLEDKUNST,Skulptur,(blank),"Adonis (Apollo fra Capua) (M. borbonico, Napoli)",M. borbonico · Napoli,,,,,
WOR142250,work,VÆRK-REGISTER,BILLEDKUNST,Skulptur,(blank),"Adonis (Thorvaldsen, Glyptoteket, München)",Glyptoteket · München,,,,,
WOR142300,work,VÆRK-REGISTER,BILLEDKUNST,Skulptur,(blank),"Agrippina (M. borbonico, Napoli)",M. borbonico · Napoli,,,,,
WOR142350,work,VÆRK-REGISTER,BILLEDKUNST,Skulptur,(blank),"Albrecht Dürer (C. D. Rauch, Nürnberg)",,,,,,
WOR142400,work,VÆRK-REGISTER,BILLEDKUNST,Skulptur,(blank),"Alessandro Farnese, bekranset af Sejrens Gudinde (Ukendt Mester, 16. Aarh., Caserta)",Caserta · Napoli,,,,,
WOR142450,work,VÆRK-REGISTER,BILLEDKUNST,Skulptur,(blank),"Alfieris Gravmæle (Canova, S. Croce, Firenze)",S. Croce · Firenze,,,,,
WOR142500,work,VÆRK-REGISTER,BILLEDKUNST,Skulptur,(blank),Altertavlen i Slesvig Domkirke (Hans Brüggeman),,,,,,
WOR142550,work,VÆRK-REGISTER,BILLEDKUNST,Skulptur,(blank),Amerika (W. W. Story),,,,,,
WOR142600,work,VÆRK-REGISTER,BILLEDKUNST,Skulptur,(blank),"Amor der røver et Kys fra Psyche, hun tager igjen fra ham een af hans Pile (B. Thorvaldsen, Maxen 17. Juni 1841)",Maxen · Müglitztal,,,,,
WOR142650,work,VÆRK-REGISTER,BILLEDKUNST,Skulptur,(blank),"Amor med en Delfin (M. borbonico, Napoli)",M. borbonico · Napoli,,,,,
WOR142700,work,VÆRK-REGISTER,BILLEDKUNST,Skulptur,(blank),Amor med Lyren (Thorvaldsen),,,,,,
WOR142750,work,VÆRK-REGISTER,BILLEDKUNST,Skulptur,(blank),"Amor, som hvæsser Pile (J. P. Molin)",,,,,,
WOR142800,work,VÆRK-REGISTER,BILLEDKUNST,Skulptur,(blank),Amorinsælgersken (J. N. Byström),,,,,,
WOR142850,work,VÆRK-REGISTER,BILLEDKUNST,Skulptur,(blank),"Andreas Hofer (Joh. Schaller, Franciskaner-Kirken, Innsbruck)",Franciskaner-Kirken · Innsbruck,,,,,
WOR142900,work,VÆRK-REGISTER,BILLEDKUNST,Skulptur,(blank),"Antinous (Hermes) (Vatikanet, Rom)",Vatikanet · Rom,,,,,
WOR142950,work,VÆRK-REGISTER,BILLEDKUNST,Skulptur,(blank),"Apollo (M. borbonico, Napoli)",M. borbonico · Napoli,,,,,
WOR143000,work,VÆRK-REGISTER,BILLEDKUNST,Skulptur,(blank),"Apollo (kvindelig) (M. borbonico, Napoli)",M. borbonico · Napoli,,,,,
WOR143050,work,VÆRK-REGISTER,BILLEDKUNST,Skulptur,(blank),"Apollo (Capitol, Rom)",Capitol · Rom,,,,,
WOR143100,work,VÆRK-REGISTER,BILLEDKUNST,Skulptur,(blank),"Apollo (Sala della Biga, Vatikanet, Rom)",Vatikanet · Rom,,,,,
WOR143150,work,VÆRK-REGISTER,BILLEDKUNST,Skulptur,(blank),"Apollo di Belvedere (Vatikanet, Rom)",Vatikanet · Rom,,,,,
WOR143200,work,VÆRK-REGISTER,BILLEDKUNST,Skulptur,(blank),"Apollo Citharoedus (Apollo-Salen, Glyptoteket, München)",Glyptoteket · München,,,,,
WOR143250,work,VÆRK-REGISTER,BILLEDKUNST,Skulptur,(blank),"Apollo Citharoedus (M. borbonico, Napoli)",M. borbonico · Napoli,,,,,
WOR143300,work,VÆRK-REGISTER,BILLEDKUNST,Skulptur,(blank),Apollo Musagetes (Berlin),,,,,,
WOR143350,work,VÆRK-REGISTER,BILLEDKUNST,Skulptur,(blank),"Apostlene (Thorvaldsen, Frue Kirke, København)",Frue Kirke · København,,,,,
WOR143400,work,VÆRK-REGISTER,BILLEDKUNST,Skulptur,(blank),"Ariadne paa Panteren (J. H. Dannecker, Ariadnum, Frankfurt a. M.)",Ariadnum · Frankfurt a. M.,,,,,
WOR143450,work,VÆRK-REGISTER,BILLEDKUNST,Skulptur,(blank),Ariel (John Graham Lough),,,,,,
WOR143500,work,VÆRK-REGISTER,BILLEDKUNST,Skulptur,(blank),"Jacob van Artevelde (Devigne-Quyo, Gent)",,,,,,
WOR143550,work,VÆRK-REGISTER,BILLEDKUNST,Skulptur,(blank),"Atlas (M. borbonico, Napoli)",M. borbonico · Napoli,,,,,
WOR143600,work,VÆRK-REGISTER,BILLEDKUNST,Skulptur,(blank),"Augustusbrønden (Hubert Gerhard, Augsburg)",,,,,,
WOR143650,work,VÆRK-REGISTER,BILLEDKUNST,Skulptur,(blank),"Bacchus (Glyptoteket, München)",Glyptoteket · München,,,,,
WOR143700,work,VÆRK-REGISTER,BILLEDKUNST,Skulptur,(blank),"Bacchus (M. borbonico, Napoli)",M. borbonico · Napoli,,,,,
WOR143750,work,VÆRK-REGISTER,BILLEDKUNST,Skulptur,(blank),"Bacchus (Vatikanet, Rom)",Vatikanet · Rom,,,,,
WOR143800,work,VÆRK-REGISTER,BILLEDKUNST,Skulptur,(blank),"Bacchus (Michelangelo, Uffizi, Firenze)",Uffizi · Firenze,,,,,
WOR143850,work,VÆRK-REGISTER,BILLEDKUNST,Skulptur,(blank),Bacchus' Triumf (E. Santarelli),,,,,,
WOR143900,work,VÆRK-REGISTER,BILLEDKUNST,Skulptur,(blank),Badende Kvinder (J. N. Byström),,,,,,
WOR143950,work,VÆRK-REGISTER,BILLEDKUNST,Skulptur,(blank),Baggesen (Alb. Jacobson),,,,,,
WOR144000,work,VÆRK-REGISTER,BILLEDKUNST,Skulptur,(blank),Bakkantinde (L. Bartolini),,,,,,
WOR144050,work,VÆRK-REGISTER,BILLEDKUNST,Skulptur,(blank),"Balbus-Familiens Statuer (M. bonbornico, Napoli)",M. borbonico · Napoli,,,,,
WOR144100,work,VÆRK-REGISTER,BILLEDKUNST,Skulptur,(blank),"Baptisteriets Bronceporte (L. Ghiberti, Firenze)",,,,,,
WOR144150,work,VÆRK-REGISTER,BILLEDKUNST,Skulptur,(blank),Bartolini ((Selvportræt),,,,,,
WOR144200,work,VÆRK-REGISTER,BILLEDKUNST,Skulptur,(blank),Beethoven (W. W. Story),,,,,,
WOR144250,work,VÆRK-REGISTER,BILLEDKUNST,Skulptur,(blank),"Bellman (J. N. Byström, Djurgården, Stockholm)",Djurgården · Stockholm,,,,,
WOR144300,work,VÆRK-REGISTER,BILLEDKUNST,Skulptur,(blank),"Biga (Vatikanet, Rom)",Vatikanet · Rom,,,,,
WOR144350,work,VÆRK-REGISTER,BILLEDKUNST,Skulptur,(blank),Bjørnstjerne Bjørnson (H. V. Bissen),,,,,,
WOR144400,work,VÆRK-REGISTER,BILLEDKUNST,Skulptur,(blank),Bogtrykkerkunstens Opfindelse (David d'Angers),,,,,,
WOR144450,work,VÆRK-REGISTER,BILLEDKUNST,Skulptur,(blank),"S. Bruno (J. A. Houdon, S. Maria degli Angeli, Rom)",S. Maria degli Angeli · Rom,,,,,
WOR144500,work,VÆRK-REGISTER,BILLEDKUNST,Skulptur,(blank),"Brutus (M. borbonico, Napoli)",M. borbonico · Napoli,,,,,
WOR144550,work,VÆRK-REGISTER,BILLEDKUNST,Skulptur,(blank),"Bryderne (Uffizi, Firenze)",Uffizi · Firenze,,,,,
WOR144600,work,VÆRK-REGISTER,BILLEDKUNST,Skulptur,(blank),Byron (L. Bartolini),,,,,,
WOR144650,work,VÆRK-REGISTER,BILLEDKUNST,Skulptur,(blank),Byron (Thorvaldsen),,,,,,
WOR144700,work,VÆRK-REGISTER,BILLEDKUNST,Skulptur,(blank),"Caligula (M. borbonico, Napoli)",M. borbonico · Napoli,,,,,
WOR144750,work,VÆRK-REGISTER,BILLEDKUNST,Skulptur,(blank),"Canovas Gravmæle (Giuseppe de Fabris, S. Maria de' Frari, Venezia)",S. Maria de' Frari · Venezia,,,,,
WOR144800,work,VÆRK-REGISTER,BILLEDKUNST,Skulptur,(blank),"Den capitolinske Venus (Capitol, Rom)",Capitol · Rom,,,,,
WOR144850,work,VÆRK-REGISTER,BILLEDKUNST,Skulptur,(blank),"Caracalla (M. borbonico, Napoli)",M. borbonico · Napoli,,,,,
WOR144900,work,VÆRK-REGISTER,BILLEDKUNST,Skulptur,(blank),Caritas (L. Bartolini),,,,,,
WOR144950,work,VÆRK-REGISTER,BILLEDKUNST,Skulptur,(blank),"S. Carlo Borromeo (G. B. Crespi, Arona)",,,,,,
WOR145000,work,VÆRK-REGISTER,BILLEDKUNST,Skulptur,(blank),"Ceres (H. V. Bissen, Altona)",,,,,,
WOR145050,work,VÆRK-REGISTER,BILLEDKUNST,Skulptur,(blank),"Christi Nedtagelse af Korset (Pedro Roldán, Caridad, Sevilla)",Caridad · Sevilla,,,,,
WOR145100,work,VÆRK-REGISTER,BILLEDKUNST,Skulptur,(blank),"Christus (Michelangelo, Domkirken, Siena)",Domkirken · Siena,,,,,
WOR145150,work,VÆRK-REGISTER,BILLEDKUNST,Skulptur,(blank),"Christus (Thorvaldsen, Thorvaldsens Museum)",Thorvaldsens Museum · København,,,,,
WOR145200,work,VÆRK-REGISTER,BILLEDKUNST,Skulptur,(blank),"Cicero (Glyptoteket, München)",Glyptoteket · München,,,,,
WOR145250,work,VÆRK-REGISTER,BILLEDKUNST,Skulptur,(blank),"Clemens Xlls Monument (Arco Clementino, Vanvitelli, Ancona)",Vanvitelli · Ancona,,,,,
WOR145300,work,VÆRK-REGISTER,BILLEDKUNST,Skulptur,(blank),"Clemens XIII.s Gravmonument (Canova, Peterskirken, Rom)",Peterskirken · Rom,,,,,
WOR145350,work,VÆRK-REGISTER,BILLEDKUNST,Skulptur,(blank),"Clemens XIV.s Gravmonument (Canova, SS. Apostoli, Rom)",SS. Apostoli · Rom,,,,,
WOR145400,work,VÆRK-REGISTER,BILLEDKUNST,Skulptur,(blank),Cleopatra (W. W. Story),,,,,,
WOR145450,work,VÆRK-REGISTER,BILLEDKUNST,Skulptur,(blank),Dagen (Thorvaldsen),,,,,,
WOR145500,work,VÆRK-REGISTER,BILLEDKUNST,Skulptur,(blank),"Dansende Børn (Luca della Robbia, Uffizi, Firenze)",Uffizi · Firenze,,,,,
WOR145550,work,VÆRK-REGISTER,BILLEDKUNST,Skulptur,(blank),"Danserinder (Canova, Teatro Apollo, Rom)",Teatro Apollo · Rom,,,,,
WOR145600,work,VÆRK-REGISTER,BILLEDKUNST,Skulptur,(blank),Danserinder (L. von Schwanthaler),,,,,,
WOR145650,work,VÆRK-REGISTER,BILLEDKUNST,Skulptur,(blank),"Dantes Kenotaf (Stef. Ricci, S. Croce, Firenze)",S. Croce · Firenze,,,,,
WOR145700,work,VÆRK-REGISTER,BILLEDKUNST,Skulptur,(blank),"David (Donatello, Uffizi, Firenze)",Uffizi · Firenze,,,,,
WOR145750,work,VÆRK-REGISTER,BILLEDKUNST,Skulptur,(blank),David med Harpen (O. H. Fladager),,,,,,
WOR145800,work,VÆRK-REGISTER,BILLEDKUNST,Skulptur,(blank),"Diana fra Efesos (M. borbonico, Napoli)",M. borbonico · Napoli,,,,,
WOR145850,work,VÆRK-REGISTER,BILLEDKUNST,Skulptur,(blank),"Diogenes (Capitol, Rom)",Capitol · Rom,,,,,
WOR145900,work,VÆRK-REGISTER,BILLEDKUNST,Skulptur,(blank),"Diskoskaster (Vatikanet, Rom)",Vatikanet · Rom,,,,,
WOR145950,work,VÆRK-REGISTER,BILLEDKUNST,Skulptur,(blank),"Drengen, der tager Tornen ud af sin Fod (Capitol, Rom)",Capitol · Rom,,,,,
WOR146000,work,VÆRK-REGISTER,BILLEDKUNST,Skulptur,(blank),Drengen med Drueklasen (Enfant à la grappe) (P. J. David d'Angers),,,,,,
WOR146050,work,VÆRK-REGISTER,BILLEDKUNST,Skulptur,(blank),"Den døende Fægter (Den saarede Gladiator, Den saarede Galler). (M. borbonico, Napoli)",M. borbonico · Napoli,,,,,
WOR146100,work,VÆRK-REGISTER,BILLEDKUNST,Skulptur,(blank),"Den døende Fægter (Capitol, Rom)",Capitol · Rom,,,,,
WOR146150,work,VÆRK-REGISTER,BILLEDKUNST,Skulptur,(blank),"Den døende Trojaner (Aegineter-Salen, Glyptoteket, München)",Glyptoteket · München,,,,,
WOR146200,work,VÆRK-REGISTER,BILLEDKUNST,Skulptur,(blank),"Egmont og Hoorn (Charles Auguste Fraikin, Brüssel)",,,,,,
WOR146250,work,VÆRK-REGISTER,BILLEDKUNST,Skulptur,(blank),"Epitafium over Jürgen Claus (J. A. Silfverling, Vadstena Klosterkirke)",Vadstena Klosterkirke · Vadstena,,,,,
WOR146300,work,VÆRK-REGISTER,BILLEDKUNST,Skulptur,(blank),"Eugène de Beauharnais, Hertug af Leuchtenberg (Thorvaldsen, S. Michaels-Kirken, München)",S. Michaels-Kirken · München,,,,,
WOR146350,work,VÆRK-REGISTER,BILLEDKUNST,Skulptur,(blank),"Euripides (M. borbonico, Napoli)",M. borbonico · Napoli,,,,,
WOR146400,work,VÆRK-REGISTER,BILLEDKUNST,Skulptur,(blank),"F. Bulow (H. V. Bissen, Fredericia)",,,,,,
WOR146450,work,VÆRK-REGISTER,BILLEDKUNST,Skulptur,(blank),"Den farnesiske Flora (M. borbonico, Napoli)",M. borbonico · Napoli,,,,,
WOR146500,work,VÆRK-REGISTER,BILLEDKUNST,Skulptur,(blank),"Den farnesiske Herakles (Glykon, M. borbonico, Napoli)",M. borbonico · Napoli,,,,,
WOR146550,work,VÆRK-REGISTER,BILLEDKUNST,Skulptur,(blank),"Den farnesiske Tyr (M. borbonico, Napoli)",M. borbonico · Napoli,,,,,
WOR146600,work,VÆRK-REGISTER,BILLEDKUNST,Skulptur,(blank),"Faunen (Hvilende Satyr?) (Vatikanet, Rom)",Vatikanet · Rom,,,,,
WOR146650,work,VÆRK-REGISTER,BILLEDKUNST,Skulptur,(blank),"Faunen (Satyren) med Bacchusbarnet (M. borbonico, Napoli)",M. borbonico · Napoli,,,,,
WOR146700,work,VÆRK-REGISTER,BILLEDKUNST,Skulptur,(blank),"Fedows Statue, vistnok = Fiducias Statue (L. Bartolini)",,,,,,
WOR146750,work,VÆRK-REGISTER,BILLEDKUNST,Skulptur,(blank),"Felipe III af Spanien (Giarmbologna, fuldført af Pietro Tacca, Plaza Mayor, Madrid)",Plaza Mayor · Madrid,,,,,
WOR146800,work,VÆRK-REGISTER,BILLEDKUNST,Skulptur,(blank),"Felipe IV af Spanien (Lorenzo Bernini, S. Maria Maggiore, Rom)",S. Maria Maggiore · Rom,,,,,
WOR146850,work,VÆRK-REGISTER,BILLEDKUNST,Skulptur,(blank),"Ferdinando I af Begge Sicilier som Minerva (Canova, M. borbon.ico, Napoli)",M. borbonico · Napoli,,,,,
WOR146900,work,VÆRK-REGISTER,BILLEDKUNST,Skulptur,(blank),"Ferdinando l af Toscana (P. Tacca og G. Bondini, Livorno)",,,,,,
WOR146950,work,VÆRK-REGISTER,BILLEDKUNST,Skulptur,(blank),"Fontana dell'Acqua felice (Moses-Figuren af Prospero Bresciano, Rom)",,,,,,
WOR147000,work,VÆRK-REGISTER,BILLEDKUNST,Skulptur,(blank),"Fontana della Barcaccia (Pietro Bernini, Rom)",,,,,,
WOR147050,work,VÆRK-REGISTER,BILLEDKUNST,Skulptur,(blank),"Fontana dei Fiumi (Lorenzo Bernini, Rom)",,,,,,
WOR147100,work,VÆRK-REGISTER,BILLEDKUNST,Skulptur,(blank),"Fontana delle Tartarughe (Taddeo Landini, Rom)",,,,,,
WOR147150,work,VÆRK-REGISTER,BILLEDKUNST,Skulptur,(blank),Fr. Stammann (David d'Angers),,,,,,
WOR147200,work,VÆRK-REGISTER,BILLEDKUNST,Skulptur,(blank),Franz Lachner (L. von Schwanthaler),,,,,,
WOR147250,work,VÆRK-REGISTER,BILLEDKUNST,Skulptur,(blank),"Frauenlob (L. von Schwanthaler, Mainz)",,,,,,
WOR147300,work,VÆRK-REGISTER,BILLEDKUNST,Skulptur,(blank),"Frederik II af Hessen-Kassel (J. A. Nahl d. Æ., Kassel)",,,,,,
WOR147350,work,VÆRK-REGISTER,BILLEDKUNST,Skulptur,(blank),"Frederik VI (H. V. Bissen, Frederiksberg Have)",Frederiksberg Have · Frederiksberg,,,,,
WOR147400,work,VÆRK-REGISTER,BILLEDKUNST,Skulptur,(blank),"Frederik VII (H. V. Bissen, Flakhaven, Odense)",Flakhaven · Odense,,,,,
WOR147450,work,VÆRK-REGISTER,BILLEDKUNST,Skulptur,(blank),"Frederik VII.s Rytterstatue (H. V. Bissen, Christiansborg Slotsplads, København)",Christiansborg Slotsplads · København,,,,,
WOR147500,work,VÆRK-REGISTER,BILLEDKUNST,Skulptur,(blank),"Frederik den Store (C. D. Rauch, Berlin)",,,,,,
WOR147550,work,VÆRK-REGISTER,BILLEDKUNST,Skulptur,(blank),"Frederik den Store (Gottfried Schadow, Stettin)",,,,,,
WOR147600,work,VÆRK-REGISTER,BILLEDKUNST,Skulptur,(blank),"Frygisk Konge (M. borbonico, Napoli)",M. borbonico · Napoli,,,,,
WOR147650,work,VÆRK-REGISTER,BILLEDKUNST,Skulptur,(blank),"Fugger (Kasper Clemens von Zumbusch, Ausburg)",,,,,,
WOR147700,work,VÆRK-REGISTER,BILLEDKUNST,Skulptur,(blank),"Ganymedes (Thorvaldsen, Maxen)",Maxen · Müglitztal,,,,,
WOR147750,work,VÆRK-REGISTER,BILLEDKUNST,Skulptur,(blank),"Ganymedes og Ørnen (M. borbonico, Napoli)",M. borbonico · Napoli,,,,,
WOR147800,work,VÆRK-REGISTER,BILLEDKUNST,Skulptur,(blank),"Ganymedes paa Ørnen (Phidias, Doge-Paladset, Venezia)",Doge-Paladset · Venezia,,,,,
WOR147850,work,VÆRK-REGISTER,BILLEDKUNST,Skulptur,(blank),"Gladiatorerne (Nævefægterne, Creugas og Damoxenes) (A. Canova, Vatikanet, Rom)",Vatikanet · Rom,,,,,
WOR147900,work,VÆRK-REGISTER,BILLEDKUNST,Skulptur,(blank),"Gotfred af Bouillon (Eugène Simonis, Brüssel)",,,,,,
WOR147950,work,VÆRK-REGISTER,BILLEDKUNST,Skulptur,(blank),"Gratierne (Libreria Piccolomini, Domkirken, Siena)",Domkirken · Siena,,,,,
WOR148000,work,VÆRK-REGISTER,BILLEDKUNST,Skulptur,(blank),"Gratierne (Canova, Leuchtenberg, München)",Leuchtenberg · München,,,,,
WOR148050,work,VÆRK-REGISTER,BILLEDKUNST,Skulptur,(blank),"Gratierne (Thorvaldsen, Altona)",,,,,,
WOR148100,work,VÆRK-REGISTER,BILLEDKUNST,Skulptur,(blank),"Grevinde Christiane Frederikke Moltkes Sarkofag (Johs. Wiedewelt, Karise Kirke)",Karise Kirke · Karise,,,,,
WOR148150,work,VÆRK-REGISTER,BILLEDKUNST,Skulptur,(blank),"Gutenberg (David d'Angers, Strassburg)",,,,,,
WOR148200,work,VÆRK-REGISTER,BILLEDKUNST,Skulptur,(blank),"Gutenberg (Thorvaldsen, Mainz)",,,,,,
WOR148250,work,VÆRK-REGISTER,BILLEDKUNST,Skulptur,(blank),"Das Gänsemännchen (Pancraz Labenwolf, Nürnberg)",,,,,,
WOR148300,work,VÆRK-REGISTER,BILLEDKUNST,Skulptur,(blank),"Goethe (Alexander Trippel, Landesbibliothek, Weimar)",Landesbibliothek · Weimar,,,,,
WOR148350,work,VÆRK-REGISTER,BILLEDKUNST,Skulptur,(blank),"Goethe og Psyke (Carl Steinhäuser, Weimar)",,,,,,
WOR148400,work,VÆRK-REGISTER,BILLEDKUNST,Skulptur,(blank),"Goethe og Schiller (Ernst Rietschel, Theaterplatz, Weimar)",Theaterplatz · Weimar,,,,,
WOR148450,work,VÆRK-REGISTER,BILLEDKUNST,Skulptur,(blank),H. C. Ørsted (J. A. Jerichau),,,,,,
WOR148500,work,VÆRK-REGISTER,BILLEDKUNST,Skulptur,(blank),H. V. Bissen (Carl Peters),,,,,,
WOR148550,work,VÆRK-REGISTER,BILLEDKUNST,Skulptur,(blank),Hamlet (John Graham Lough),,,,,,
WOR148600,work,VÆRK-REGISTER,BILLEDKUNST,Skulptur,(blank),"Herder (Ludwig Schaller, Weimar)",,,,,,
WOR148650,work,VÆRK-REGISTER,BILLEDKUNST,Skulptur,(blank),"Herkules, der slynger Lichas ud i Havet (Canova, Palazzo Torlonia, Rom)",Palazzo Torlonia · Rom,,,,,
WOR148700,work,VÆRK-REGISTER,BILLEDKUNST,Skulptur,(blank),"Herkules og Nessus (Uffizi, Firenze)",Uffizi · Firenze,,,,,
WOR148750,work,VÆRK-REGISTER,BILLEDKUNST,Skulptur,(blank),"Herkules som Barn (Capitol, Rom)",Capitol · Rom,,,,,
WOR148800,work,VÆRK-REGISTER,BILLEDKUNST,Skulptur,(blank),"Herkulesbrønden (Adriaen de Vries, Augsburg)",,,,,,
WOR148850,work,VÆRK-REGISTER,BILLEDKUNST,Skulptur,(blank),Hermann-Slaget (L. von Schwanthaler),,,,,,
WOR148900,work,VÆRK-REGISTER,BILLEDKUNST,Skulptur,(blank),Hero. (Johan Niklas Byström),,,,,,
WOR148950,work,VÆRK-REGISTER,BILLEDKUNST,Skulptur,(blank),Hero (W. W. Story),,,,,,
WOR149000,work,VÆRK-REGISTER,BILLEDKUNST,Skulptur,(blank),"Herodot (M. borbonico, Napoli)",M. borbonico · Napoli,,,,,
WOR149050,work,VÆRK-REGISTER,BILLEDKUNST,Skulptur,(blank),"S. Hieronymus (Lorenzo Bernini, Domkirken, Siena)",Domkirken · Siena,,,,,
WOR149100,work,VÆRK-REGISTER,BILLEDKUNST,Skulptur,(blank),"Holberg (Th. Stein, Kongens Nytorv, København)",Kongens Nytorv · København,,,,,
WOR149150,work,VÆRK-REGISTER,BILLEDKUNST,Skulptur,(blank),"Homer (Capitol, Rom)",Capitol · Rom,,,,,
WOR149200,work,VÆRK-REGISTER,BILLEDKUNST,Skulptur,(blank),"Horace Vernet (Thorvaldsen, Avignon)",,,,,,
WOR149250,work,VÆRK-REGISTER,BILLEDKUNST,Skulptur,(blank),Hugo (David d'Angers),,,,,,
WOR149300,work,VÆRK-REGISTER,BILLEDKUNST,Skulptur,(blank),"Hyrde med et saaret Lam (A. D. Chaudet, Leuchtenberg, München)",Leuchtenberg · München,,,,,
WOR149350,work,VÆRK-REGISTER,BILLEDKUNST,Skulptur,(blank),Hyrdinde med en Amorin-Rede (Thorvaldsen),,,,,,
WOR149400,work,VÆRK-REGISTER,BILLEDKUNST,Skulptur,(blank),"Isis (M. borbonico, Napoli)",M. borbonico · Napoli,,,,,
WOR149450,work,VÆRK-REGISTER,BILLEDKUNST,Skulptur,(blank),"Isted-Løven (H. V. Bissen, Flensborg)",,,,,,
WOR149500,work,VÆRK-REGISTER,BILLEDKUNST,Skulptur,(blank),J. L. Heiberg (H. V. Bissen),,,,,,
WOR149550,work,VÆRK-REGISTER,BILLEDKUNST,Skulptur,(blank),"J. P. Mynster (Th. Stein, Frue Plads, København)",Frue Plads · København,,,,,
WOR149600,work,VÆRK-REGISTER,BILLEDKUNST,Skulptur,(blank),"J. P. E. Hartmann (H. V. Bissen, Studenter-Sangforeningen)",Studenter-Sangforeningen · København,,,,,
WOR149650,work,VÆRK-REGISTER,BILLEDKUNST,Skulptur,(blank),Jason med det gyldne Skind (Thorvaldsen),,,,,,
WOR149700,work,VÆRK-REGISTER,BILLEDKUNST,Skulptur,(blank),"Jeanne d'Arc (D. Foyatier, Orléans)",,,,,,
WOR149750,work,VÆRK-REGISTER,BILLEDKUNST,Skulptur,(blank),"Jeanne d'Arc (Marie af Orléans, Orléans)",,,,,,
WOR149800,work,VÆRK-REGISTER,BILLEDKUNST,Skulptur,(blank),Jenny Lind (Joseph Durham),,,,,,
WOR149850,work,VÆRK-REGISTER,BILLEDKUNST,Skulptur,(blank),Jenny Lind (Ludwig Wichmann),,,,,,
WOR149900,work,VÆRK-REGISTER,BILLEDKUNST,Skulptur,(blank),"Johann Wilhelm af Pfalz (G. Grupello, Düsseldorf)",,,,,,
WOR149950,work,VÆRK-REGISTER,BILLEDKUNST,Skulptur,(blank),"Johannes Døberen (Donatello, Uffizi, Firenze)",Uffizi · Firenze,,,,,
WOR150000,work,VÆRK-REGISTER,BILLEDKUNST,Skulptur,(blank),"Johannes Døberen (Donatello, Domkirken, Siena)",Domkirken · Siena,,,,,
WOR150050,work,VÆRK-REGISTER,BILLEDKUNST,Skulptur,(blank),"Johannes Døberen, en Skriftklog og en Farisæer (F. Rustici, Baptisteriet, Firenze)",Baptisteriet · Firenze,,,,,
WOR150100,work,VÆRK-REGISTER,BILLEDKUNST,Skulptur,(blank),"José I af Portugal (J. Machado de Castro, Lissabon)",,,,,,
WOR150150,work,VÆRK-REGISTER,BILLEDKUNST,Skulptur,(blank),"Julia (Glyptoteket, München)",Glyptoteket · München,,,,,
WOR150200,work,VÆRK-REGISTER,BILLEDKUNST,Skulptur,(blank),"Juno (Hera Farnese) (M. borbonico, Napoli)",M. borbonico · Napoli,,,,,
WOR150250,work,VÆRK-REGISTER,BILLEDKUNST,Skulptur,(blank),Juno med Herkulesbarnet (J. N. Byström),,,,,,
WOR150300,work,VÆRK-REGISTER,BILLEDKUNST,Skulptur,(blank),"Jupiter fra Otricoli (Vatikanet, Rom)",Vatikanet · Rom,,,,,
WOR150350,work,VÆRK-REGISTER,BILLEDKUNST,Skulptur,(blank),"Jupiter-Hovedet (Capitol, Rom)",Capitol · Rom,,,,,
WOR150400,work,VÆRK-REGISTER,BILLEDKUNST,Skulptur,(blank),"Jupiter Ammons Buste (M. borbonico, Napoli)",M. borbonico · Napoli,,,,,
WOR150450,work,VÆRK-REGISTER,BILLEDKUNST,Skulptur,(blank),"Jægergutten (O. O. Glosimodt, Bregentved)",Bregentved · Bregentved,,,,,
WOR150500,work,VÆRK-REGISTER,BILLEDKUNST,Skulptur,(blank),"Kingo (Th. Stein, Mindestøtte ved St. Knuds Kirke i Odense)",St. Knuds Kirke · Odense,,,,,
WOR150550,work,VÆRK-REGISTER,BILLEDKUNST,Skulptur,(blank),"Kléber (Ph. Grass, Strassburg)",Ph. Grass · Strassburg,,,,,
WOR150600,work,VÆRK-REGISTER,BILLEDKUNST,Skulptur,(blank),"Lady Frederica Stanhope's Epitafium (Sir Francis Chantrey, St. Botolph's Kirke, Chevening)",St. Botolph's Kirke · Chevening,,,,,
WOR150650,work,VÆRK-REGISTER,BILLEDKUNST,Skulptur,(blank),Lady Macbeth (John Graham Lough),,,,,,
WOR150700,work,VÆRK-REGISTER,BILLEDKUNST,Skulptur,(blank),"Landsoldaten (H. V. Bissen, Fredericia)",,,,,,
WOR150750,work,VÆRK-REGISTER,BILLEDKUNST,Skulptur,(blank),"Laokoon-Gruppen (Uffizi, Firenze)",Uffizi · Firenze,,,,,
WOR150800,work,VÆRK-REGISTER,BILLEDKUNST,Skulptur,(blank),"Laokoon-Gruppen (Vatikanet, Rom)",Vatikanet · Rom,,,,,
WOR150850,work,VÆRK-REGISTER,BILLEDKUNST,Skulptur,(blank),"Laurens Coster (Gerriet van Heerstal, Haarlem)",,,,,,
WOR150900,work,VÆRK-REGISTER,BILLEDKUNST,Skulptur,(blank),"Leopoldo l, Storhertug af Toscana (L. Pampaloni, Pisa)",,,,,,
WOR150950,work,VÆRK-REGISTER,BILLEDKUNST,Skulptur,(blank),"Leucothea med Bacchusbarnet (nu: Eirene og Plutos) (Glyptoteket, München)",Glyptoteket · München,,,,,
WOR151000,work,VÆRK-REGISTER,BILLEDKUNST,Skulptur,(blank),"Livius (Palazzo della Ragione, Padova)",Palazzo della Ragione · Padova,,,,,
WOR151050,work,VÆRK-REGISTER,BILLEDKUNST,Skulptur,(blank),Ludwig l af Bayern (L. von Schwanthaler),,,,,,
WOR151100,work,VÆRK-REGISTER,BILLEDKUNST,Skulptur,(blank),"Ludwig l af Hessen (L. von Schwanthaler, Darmstadt)",,,,,,
WOR151150,work,VÆRK-REGISTER,BILLEDKUNST,Skulptur,(blank),"Machiavelli (Malet Buste, Berlin)",,,,,,
WOR151200,work,VÆRK-REGISTER,BILLEDKUNST,Skulptur,(blank),"Machiavelli (Ukendt Kunstner, Uffizi, Firenze)",Uffizi · Firenze,,,,,
WOR151250,work,VÆRK-REGISTER,BILLEDKUNST,Skulptur,(blank),"Machiavellis Gravmæle (I. Spinezzi, S. Croce, Firenze)",,,,,,
WOR151300,work,VÆRK-REGISTER,BILLEDKUNST,Skulptur,(blank),Madonna med Barnet (J. N. Byström),,,,,,
WOR151350,work,VÆRK-REGISTER,BILLEDKUNST,Skulptur,(blank),"Madonna med Barnet (Michelangelo, Cappelle Medicee, Firenze)",Cappelle Medicee · Firenze,,,,,
WOR151400,work,VÆRK-REGISTER,BILLEDKUNST,Skulptur,(blank),"Madvig (H. V. Bissen, Svaneke)",,,,,,
WOR151450,work,VÆRK-REGISTER,BILLEDKUNST,Skulptur,(blank),"Maria Magdalene (Lorenzo Bernini, Domkirken, Siena)",Domkirken · Siena,,,,,
WOR151500,work,VÆRK-REGISTER,BILLEDKUNST,Skulptur,(blank),"Maria Magdalene (Canova, Leuchtenberg, München)",Leuchtenberg · München,,,,,
WOR151550,work,VÆRK-REGISTER,BILLEDKUNST,Skulptur,(blank),Maria Magdalene (Pietro Galli),,,,,,
WOR151600,work,VÆRK-REGISTER,BILLEDKUNST,Skulptur,(blank),"Marskal Moritz af Sachsens Gravmonument (Pigalle, St. Thomas-Kirken, Strassburg)",St. Thomas-Kirken · Strassburg,,,,,
WOR151650,work,VÆRK-REGISTER,BILLEDKUNST,Skulptur,(blank),"Maximilian I.s Gravmæle (Franciskaner-Kirken, lnnsbruck)",Franciskaner-Kirken · lnnsbruck,,,,,
WOR151700,work,VÆRK-REGISTER,BILLEDKUNST,Skulptur,(blank),"Maximilian Il af Bayern (Johann von Halbig, Lindau)",,,,,,
WOR151750,work,VÆRK-REGISTER,BILLEDKUNST,Skulptur,(blank),"Mediceer-Gravmælerne (Michelangelo, Cappelle Medicee, Firenze)",Cappelle Medicee · Firenze,,,,,
WOR151800,work,VÆRK-REGISTER,BILLEDKUNST,Skulptur,(blank),"Den mediceiske Venus (Uffizi, Firenze)",Uffizi · Firenze,,,,,
WOR151850,work,VÆRK-REGISTER,BILLEDKUNST,Skulptur,(blank),"Den mediceiske Venus (Uffizi, Firenze)- (Kopi, Glyptoteket, München)",Uffizi · Firenze,,,,,
WOR151900,work,VÆRK-REGISTER,BILLEDKUNST,Skulptur,(blank),"Medusa Rondanini (Glyptoteket, München)",Glyptoteket · München,,,,,
WOR151950,work,VÆRK-REGISTER,BILLEDKUNST,Skulptur,(blank),"Meleager (Vatikanet, Rom)",Vatikanet · Rom,,,,,
WOR152000,work,VÆRK-REGISTER,BILLEDKUNST,Skulptur,(blank),"Merkur (Giambologna, Uffizi, Firenze)",Uffizi · Firenze,,,,,
WOR152050,work,VÆRK-REGISTER,BILLEDKUNST,Skulptur,(blank),"Merkurbrønden (Adriaen de Vries, Augsburg)",,,,,,
WOR152100,work,VÆRK-REGISTER,BILLEDKUNST,Skulptur,(blank),"Metalsvinet (Il porcellino) (Mercato Nuovo og Uffizi, Firenze)",Mercato Nuovo og Uffizi · Firenze,,,,,
WOR152150,work,VÆRK-REGISTER,BILLEDKUNST,Skulptur,(blank),"Michelangelos Gravmæle (Vasari, S. Croce, Firenze)",S. Croce · Firenze,,,,,
WOR152200,work,VÆRK-REGISTER,BILLEDKUNST,Skulptur,(blank),"Minerva (Pallas) (Uffizi, Firenze)",Uffizi · Firenze,,,,,
WOR152250,work,VÆRK-REGISTER,BILLEDKUNST,Skulptur,(blank),"Minerva (Pallas) (Aegineter-Salen, Glyptoteket, München)",Glyptoteket · München,,,,,
WOR152300,work,VÆRK-REGISTER,BILLEDKUNST,Skulptur,(blank),"Minerva (Apollo-Salen, Glyptoteket, München)",Glyptoteket · München,,,,,
WOR152350,work,VÆRK-REGISTER,BILLEDKUNST,Skulptur,(blank),"Minerva (Pallas) (M. borbonico, Napoli)",M. borbonico · Napoli,,,,,
WOR152400,work,VÆRK-REGISTER,BILLEDKUNST,Skulptur,(blank),"Minerva (Capitol, Rom)",Capitol · Rom,,,,,
WOR152450,work,VÆRK-REGISTER,BILLEDKUNST,Skulptur,(blank),"Minerva (H. V. Bissen, Udg. i Biscuit)",,,,,,
WOR152500,work,VÆRK-REGISTER,BILLEDKUNST,Skulptur,(blank),Monument for Donau-Main-Kanalen (L. von Schwanthaler),,,,,,
WOR152550,work,VÆRK-REGISTER,BILLEDKUNST,Skulptur,(blank),"Moses (Prospero Bresciano, Fontana dell'Acqua felice, Rom)",Fontana dell'Acqua felice · Rom,,,,,
WOR152600,work,VÆRK-REGISTER,BILLEDKUNST,Skulptur,(blank),"Moses (Michelangelo, S. Pietro in Vincoli, Rom)",S. Pietro in Vincoli · Rom,,,,,
WOR152650,work,VÆRK-REGISTER,BILLEDKUNST,Skulptur,(blank),"Mozart (L. von Schwanthaler, Salzburg)",,,,,,
WOR152700,work,VÆRK-REGISTER,BILLEDKUNST,Skulptur,(blank),"Muserne (M. borbonico, Napoli)",M. borbonico · Napoli,,,,,
WOR152750,work,VÆRK-REGISTER,BILLEDKUNST,Skulptur,(blank),"Muserne (Vatikanet, Rom)",Vatikanet · Rom,,,,,
WOR152800,work,VÆRK-REGISTER,BILLEDKUNST,Skulptur,(blank),"Maecenas (Glyptoteket, München)",Glyptoteket · München,,,,,
WOR152850,work,VÆRK-REGISTER,BILLEDKUNST,Skulptur,(blank),Napoleon I (L. Bartolini),,,,,,
WOR152900,work,VÆRK-REGISTER,BILLEDKUNST,Skulptur,(blank),"Napoleon I (Giacomo Spalla, Glyptoteket, München)",Glyptoteket · München,,,,,
WOR152950,work,VÆRK-REGISTER,BILLEDKUNST,Skulptur,(blank),"Napoleons Buste, laurbærkronet (Fesch, Rom)",Fesch · Rom,,,,,
WOR153000,work,VÆRK-REGISTER,BILLEDKUNST,Skulptur,(blank),Natten (Thorvaldsen),,,,,,
WOR153050,work,VÆRK-REGISTER,BILLEDKUNST,Skulptur,(blank),Nedtagelsen af Korset (K. G. Qvarnström),,,,,,
WOR153100,work,VÆRK-REGISTER,BILLEDKUNST,Skulptur,(blank),"Nelson (E. H. Bailey, Trafalgar Square, London)",Trafalgar Square · London,,,,,
WOR153150,work,VÆRK-REGISTER,BILLEDKUNST,Skulptur,(blank),Nemesis (Thorvaldsen),,,,,,
WOR153200,work,VÆRK-REGISTER,BILLEDKUNST,Skulptur,(blank),"Nero (Uffizi, Firenze)",Uffizi · Firenze,,,,,
WOR153250,work,VÆRK-REGISTER,BILLEDKUNST,Skulptur,(blank),"Nero (M. borbonico, Napoli)",M. borbonico · Napoli,,,,,
WOR153300,work,VÆRK-REGISTER,BILLEDKUNST,Skulptur,(blank),"Niels W. Gade (H. V. Bissen, Udg. i Biscuit)",,,,,,
WOR153350,work,VÆRK-REGISTER,BILLEDKUNST,Skulptur,(blank),Niels W. Gade (Portrætmedaillon) (Frederik Hammeleff),,,,,,
WOR153400,work,VÆRK-REGISTER,BILLEDKUNST,Skulptur,(blank),"Nilguden (Vatikanet, Rom)",Vatikanet · Rom,,,,,
WOR153450,work,VÆRK-REGISTER,BILLEDKUNST,Skulptur,(blank),"Niobe-Gruppen (Uffizi, Firenze)",Uffizi · Firenze,,,,,
WOR153500,work,VÆRK-REGISTER,BILLEDKUNST,Skulptur,(blank),"Norne (J. A. Jerichau, H. C. Ørsted-Monumentet, Ørsted-Parken, København)",Ørsted-Parken · København,,,,,
WOR153550,work,VÆRK-REGISTER,BILLEDKUNST,Skulptur,(blank),Näcken (J. P. Molin),,,,,,
WOR153600,work,VÆRK-REGISTER,BILLEDKUNST,Skulptur,(blank),"Nøgen lille Pige med en Fugl (Luigi Pampaloni, Pitti, Firenze)",Pitti · Firenze,,,,,
WOR153650,work,VÆRK-REGISTER,BILLEDKUNST,Skulptur,(blank),Obelisk til Minde om Kong Frederik V (Bregentved Park),Bregentved Park · Bregentved,,,,,
WOR153700,work,VÆRK-REGISTER,BILLEDKUNST,Skulptur,(blank),"Odin (B. E. Fogelberg, Stockholm)",,,,,,
WOR153750,work,VÆRK-REGISTER,BILLEDKUNST,Skulptur,(blank),Omphale med Løvehuden (E. Wolff),,,,,,
WOR153800,work,VÆRK-REGISTER,BILLEDKUNST,Skulptur,(blank),Ophelia (John Graham Lough),,,,,,
WOR153850,work,VÆRK-REGISTER,BILLEDKUNST,Skulptur,(blank),P. O. Brøndsted (David d'Angers),,,,,,
WOR153900,work,VÆRK-REGISTER,BILLEDKUNST,Skulptur,(blank),Panterjægeren (J. A. Jerichau),,,,,,
WOR153950,work,VÆRK-REGISTER,BILLEDKUNST,Skulptur,(blank),"Paris (H. V. Bissen, Frankfurt a.M.)",,,,,,
WOR154000,work,VÆRK-REGISTER,BILLEDKUNST,Skulptur,(blank),"Paris (Canova, Glyptoteket, München)",Glyptoteket · München,,,,,
WOR154050,work,VÆRK-REGISTER,BILLEDKUNST,Skulptur,(blank),"Perseus (Canova, Vatikanet, Rom)",Vatikanet · Rom,,,,,
WOR154100,work,VÆRK-REGISTER,BILLEDKUNST,Skulptur,(blank),"Perseus (Benvenuto Cellini, Loggia dei Lanzi, Firenze)",Loggia dei Lanzi · Firenze,,,,,
WOR154150,work,VÆRK-REGISTER,BILLEDKUNST,Skulptur,(blank),Pigen med Blomsterguirlanden (J. N. Byström),,,,,,
WOR154200,work,VÆRK-REGISTER,BILLEDKUNST,Skulptur,(blank),"Pius VII.s Gravmonument (Thorvaldsen, Peterskirken, Rom)",Peterskirken · Rom,,,,,
WOR154250,work,VÆRK-REGISTER,BILLEDKUNST,Skulptur,(blank),"Pluto (M. borbonico, Napoli)",M. borbonico · Napoli,,,,,
WOR154300,work,VÆRK-REGISTER,BILLEDKUNST,Skulptur,(blank),"Pompejus (Spada, Rom)",Spada · Rom,,,,,
WOR154350,work,VÆRK-REGISTER,BILLEDKUNST,Skulptur,(blank),Psyke (Thorvaldsen),,,,,,
WOR154400,work,VÆRK-REGISTER,BILLEDKUNST,Skulptur,(blank),"Psyke fra Capua (M. borbonico, Napoli)",M. borbonico · Napoli,,,,,
WOR154450,work,VÆRK-REGISTER,BILLEDKUNST,Skulptur,(blank),Puck (John Graham Lough),,,,,,
WOR154500,work,VÆRK-REGISTER,BILLEDKUNST,Skulptur,(blank),"Pyrrhus (M. borbonico, Napoli)",M. borbonico · Napoli,,,,,
WOR154550,work,VÆRK-REGISTER,BILLEDKUNST,Skulptur,(blank),"Rafael (Relief bestemt for hans Gravmæle i Pantheon, men ikke benyttet) (Thorvaldsen)",,,,,,
WOR154600,work,VÆRK-REGISTER,BILLEDKUNST,Skulptur,(blank),Reboul (David d'Angers),,,,,,
WOR154650,work,VÆRK-REGISTER,BILLEDKUNST,Skulptur,(blank),"Rembrandt (L. Royer, Amsterdam)",,,,,,
WOR154700,work,VÆRK-REGISTER,BILLEDKUNST,Skulptur,(blank),Robert Browning (W. W. Story),,,,,,
WOR154750,work,VÆRK-REGISTER,BILLEDKUNST,Skulptur,(blank),"Roland (Raadhuspladsen, Bremen)",Raadhuspladsen · Bremen,,,,,
WOR154800,work,VÆRK-REGISTER,BILLEDKUNST,Skulptur,(blank),Rossini (L. Bartolini),,,,,,
WOR154850,work,VÆRK-REGISTER,BILLEDKUNST,Skulptur,(blank),"Rossini (C. Marochetti, Pesaro 1864)",,,,,,
WOR154900,work,VÆRK-REGISTER,BILLEDKUNST,Skulptur,(blank),"Rousseau (J. Pradier, I'ile de Rousseau, Genève)",I'ile de Rousseau · Genève,,,,,
WOR154950,work,VÆRK-REGISTER,BILLEDKUNST,Skulptur,(blank),Ruth (J. H. Stöver),,,,,,
WOR155000,work,VÆRK-REGISTER,BILLEDKUNST,Skulptur,(blank),"Sabinerindernes Rov (Giambologna, Loggia dei Lanzi, Firenze)",Loggia dei Lanzi · Firenze,,,,,
WOR155050,work,VÆRK-REGISTER,BILLEDKUNST,Skulptur,(blank),"Sandalbindersken (Rudolph Schadow, Glyptoteket, München)",Glyptoteket · München,,,,,
WOR155100,work,VÆRK-REGISTER,BILLEDKUNST,Skulptur,(blank),"Sappho (Capitol, Rom)",Capitol · Rom,,,,,
WOR155150,work,VÆRK-REGISTER,BILLEDKUNST,Skulptur,(blank),Satyr og Bacchantinde (Thorvaldsen),,,,,,
WOR155200,work,VÆRK-REGISTER,BILLEDKUNST,Skulptur,(blank),"Schiller (Julius Lippelt, Hamburg)",,,,,,
WOR155250,work,VÆRK-REGISTER,BILLEDKUNST,Skulptur,(blank),"Schiller (Thorvaldsen, Stuttgart)",,,,,,
WOR155300,work,VÆRK-REGISTER,BILLEDKUNST,Skulptur,(blank),"Schwarzenberg (Ernst Höhnel, Wien)",,,,,,
WOR155350,work,VÆRK-REGISTER,BILLEDKUNST,Skulptur,(blank),"Schweizer-Løven (Thorvaldsen, Luzern)",,,,,,
WOR155400,work,VÆRK-REGISTER,BILLEDKUNST,Skulptur,(blank),Schöner Brunnen (Nürnberg),,,,,,
WOR155450,work,VÆRK-REGISTER,BILLEDKUNST,Skulptur,(blank),"Sebaldusgraven (Peter Vischer og Sønner, S. Sebaldus-Kirke, Nürnberg)",S. Sebaldus-Kirke · Nürnberg,,,,,
WOR155500,work,VÆRK-REGISTER,BILLEDKUNST,Skulptur,(blank),Silens Triumf (E. Santarelli),,,,,,
WOR155550,work,VÆRK-REGISTER,BILLEDKUNST,Skulptur,(blank),"Sliberen (Uffizi, Firenze)",Uffizi · Firenze,,,,,
WOR155600,work,VÆRK-REGISTER,BILLEDKUNST,Skulptur,(blank),Sophie af Sachsen-Weimar-Eisenach (Emil Wolff),,,,,,
WOR155650,work,VÆRK-REGISTER,BILLEDKUNST,Skulptur,(blank),"Sovende Satyr (Den barberiniske Faun). (Glyptoteket, München)",Glyptoteket · München,,,,,
WOR155700,work,VÆRK-REGISTER,BILLEDKUNST,Skulptur,(blank),"Spes (Glyptoteket, München)",Glyptoteket · München,,,,,
WOR155750,work,VÆRK-REGISTER,BILLEDKUNST,Skulptur,(blank),"Sæterjenten (O. O. Glosimodt, Bregentved)",Bregentved · Bregentved,,,,,
WOR155800,work,VÆRK-REGISTER,BILLEDKUNST,Skulptur,(blank),"Theseus (Canova, Volksgarten, Wien)",Volksgarten · Wien,,,,,
WOR155850,work,VÆRK-REGISTER,BILLEDKUNST,Skulptur,(blank),Thorvaldsen (Udstillingsmedaljen) (Chr. Christensen),,,,,,
WOR155900,work,VÆRK-REGISTER,BILLEDKUNST,Skulptur,(blank),Thorvaldsen (Emil Wolff),,,,,,
WOR155950,work,VÆRK-REGISTER,BILLEDKUNST,Skulptur,(blank),Thorvaldsen støttende sig til Haabet (Thorvaldsen),,,,,,
WOR156000,work,VÆRK-REGISTER,BILLEDKUNST,Skulptur,(blank),"Tiberius (M. borbonico, Napoli)",M. borbonico · Napoli,,,,,
WOR156050,work,VÆRK-REGISTER,BILLEDKUNST,Skulptur,(blank),Titania (John Graham Lough),,,,,,
WOR156100,work,VÆRK-REGISTER,BILLEDKUNST,Skulptur,(blank),"Titus (M. borbonico, Napoli)",M. borbonico · Napoli,,,,,
WOR156150,work,VÆRK-REGISTER,BILLEDKUNST,Skulptur,(blank),"Tizians Gravmæle (L. og P. Zandomeneghi, S. Maria de' Frari, Venezia)",,,,,,
WOR156200,work,VÆRK-REGISTER,BILLEDKUNST,Skulptur,(blank),"Tobias helbreder sin blinde Fader (Thorvaldsen, Camposanto, Pisa)",Camposanto · Pisa,,,,,
WOR156250,work,VÆRK-REGISTER,BILLEDKUNST,Skulptur,(blank),"Torso (Ilioneus) (Glyptoteket, München)",Glyptoteket · München,,,,,
WOR156300,work,VÆRK-REGISTER,BILLEDKUNST,Skulptur,(blank),"Torsoen (Vatikanet, Rom)",Vatikanet · Rom,,,,,
WOR156350,work,VÆRK-REGISTER,BILLEDKUNST,Skulptur,(blank),Troens Engel (H. V. Bissen),,,,,,
WOR156400,work,VÆRK-REGISTER,BILLEDKUNST,Skulptur,(blank),Trommeslageren fra Arcole (David d'Angers),,,,,,
WOR156450,work,VÆRK-REGISTER,BILLEDKUNST,Skulptur,(blank),Uller (K. G. Qvarnström),,,,,,
WOR156500,work,VÆRK-REGISTER,BILLEDKUNST,Skulptur,(blank),"Ulvinden med Romulus og Remus (Capitol, Rom)",Capitol · Rom,,,,,
WOR156550,work,VÆRK-REGISTER,BILLEDKUNST,Skulptur,(blank),"Venus (Canova, Glyptoteket, München)",Glyptoteket · München,,,,,
WOR156600,work,VÆRK-REGISTER,BILLEDKUNST,Skulptur,(blank),"Venus (Gaetano Monti, lsola bella)",Gaetano Monti · lsola bella,,,,,
WOR156650,work,VÆRK-REGISTER,BILLEDKUNST,Skulptur,(blank),"Venus fra Milo (Louvre, Paris)",Louvre · Paris,,,,,
WOR156700,work,VÆRK-REGISTER,BILLEDKUNST,Skulptur,(blank),"Venus’ Fødsel (L. von Schwanthaler, Glyptoteket, München)",Glyptoteket · München,,,,,
WOR156750,work,VÆRK-REGISTER,BILLEDKUNST,Skulptur,(blank),"Venus Italica (Canova, Pitti, Firenze)",Pitti · Firenze,,,,,
WOR156800,work,VÆRK-REGISTER,BILLEDKUNST,Skulptur,(blank),"Venus Kallipygos (M. borbonico, Napoli)",M. borbonico · Napoli,,,,,
WOR156850,work,VÆRK-REGISTER,BILLEDKUNST,Skulptur,(blank),Ville Heise (H. V. Bissen),,,,,,
WOR156900,work,VÆRK-REGISTER,BILLEDKUNST,Skulptur,(blank),"Vittoria Caldoni aus Albano (G. Shadow, Glyptoteket, München)",Glyptoteket · München,,,,,
WOR156950,work,VÆRK-REGISTER,BILLEDKUNST,Skulptur,(blank),"Walter Scott (George M. Kemp og Sir John Steel, Edinburgh)",,,,,,
WOR157000,work,VÆRK-REGISTER,BILLEDKUNST,Skulptur,(blank),"Wellingtons Rytterstatue (Matthew Cotes Wyatt, London 1846)",,,,,,
WOR157050,work,VÆRK-REGISTER,BILLEDKUNST,Skulptur,(blank),"Wieland (Hans Gasser, Wielandsplatz, Weimar)",Wielandsplatz · Weimar,,,,,
WOR157100,work,VÆRK-REGISTER,BILLEDKUNST,Skulptur,(blank),"Willem I af Nederlandene (J. F. Sigault Cz., Groote Kerk, Haarlem)",Groote Kerk · Haarlem,,,,,
WOR157150,work,VÆRK-REGISTER,BILLEDKUNST,Skulptur,(blank),Willibald Alexis (David d'Anges),,,,,,
WOR157200,work,VÆRK-REGISTER,BILLEDKUNST,Skulptur,(blank),"Ægineter-Gruppen (Glyptoteket, München)",Glyptoteket · München,,,,,
WOR157250,work,VÆRK-REGISTER,BILLEDKUNST,Skulptur,(blank),"Ærkebiskop C. F. Mennanders Gravmonument (Giuseppe Angelini, Uppsala Domkirke)",Uppsala Domkirke · Uppsala,,,,,
WOR157300,work,VÆRK-REGISTER,BILLEDKUNST,Skulptur,(blank),"Ærkehertuginde Maria Christina af Østrig’s Gravmæle (Canova, Augustinerkirken, Wien)",Augustinerkirken · Wien,,,,,
WOR157350,work,VÆRK-REGISTER,BILLEDKUNST,Skulptur,(blank),"Æsop (Capitol, Rom)",Capitol · Rom,,,,,
WOR157400,work,VÆRK-REGISTER,BILLEDKUNST,Skulptur,(blank),"Æsop (Villa Albani, Rom)",Villa Albani · Rom,,,,,
WOR157450,work,VÆRK-REGISTER,BILLEDKUNST,Skulptur,(blank),Oehlenschlæger (H. V. Bissen),,,,,,
WOR157500,work,VÆRK-REGISTER,MUSIK,"Operaer og Syngestykker, Skuespil med Musik",(blank),Adolph og Clara (Nicolas Dalayrac),,,,,,
WOR157550,work,VÆRK-REGISTER,MUSIK,"Operaer og Syngestykker, Skuespil med Musik",(blank),Africanerinden (G. Meyerbeer),,,,,,
WOR157600,work,VÆRK-REGISTER,MUSIK,"Operaer og Syngestykker, Skuespil med Musik",(blank),Alceste (C. W. Gluck),,,,,,
WOR157650,work,VÆRK-REGISTER,MUSIK,"Operaer og Syngestykker, Skuespil med Musik",(blank),Alessandro Stradella (Fr. von Flotow),,,,,,
WOR157700,work,VÆRK-REGISTER,MUSIK,"Operaer og Syngestykker, Skuespil med Musik",(blank),"Aline, Königinn von Golconda (G. Donizetti)",,,,,,
WOR157750,work,VÆRK-REGISTER,MUSIK,"Operaer og Syngestykker, Skuespil med Musik",(blank),L’Ambassadrice (D. F. E. Auber).,,,,,,
WOR157800,work,VÆRK-REGISTER,MUSIK,"Operaer og Syngestykker, Skuespil med Musik",(blank),Apothekeren og Doktoren (Ditters von Dittersdorf),,,,,,
WOR157850,work,VÆRK-REGISTER,MUSIK,"Operaer og Syngestykker, Skuespil med Musik",(blank),Un ballo in maschera (G. Verdi),,,,,,
WOR157900,work,VÆRK-REGISTER,MUSIK,"Operaer og Syngestykker, Skuespil med Musik",(blank),Barbe-Bleue (J. Offenbach) - Se ogsaa: Rolf Blaaskjæg,,,,,,
WOR157950,work,VÆRK-REGISTER,MUSIK,"Operaer og Syngestykker, Skuespil med Musik",(blank),Barberen i Sevilla (G. Paësiello),,,,,,
WOR158000,work,VÆRK-REGISTER,MUSIK,"Operaer og Syngestykker, Skuespil med Musik",(blank),Barberen i Sevilla (G. Rossini),,,,,,
WOR158050,work,VÆRK-REGISTER,MUSIK,"Operaer og Syngestykker, Skuespil med Musik",(blank),Belisario (G. Donizetti),,,,,,
WOR158100,work,VÆRK-REGISTER,MUSIK,"Operaer og Syngestykker, Skuespil med Musik",(blank),La Belle Hélène (J. Offenbach)- Se ogsaa: Den skjønne Helene,,,,,,
WOR158150,work,VÆRK-REGISTER,MUSIK,"Operaer og Syngestykker, Skuespil med Musik",(blank),Berühre nicht die Königinn (X. Boisselot),,,,,,
WOR158200,work,VÆRK-REGISTER,MUSIK,"Operaer og Syngestykker, Skuespil med Musik",(blank),Le Bouffe et le tailleur (P. Gaveaux),,,,,,
WOR158250,work,VÆRK-REGISTER,MUSIK,"Operaer og Syngestykker, Skuespil med Musik",(blank),Brama og Bayaderen (D. F. E. Auber),,,,,,
WOR158300,work,VÆRK-REGISTER,MUSIK,"Operaer og Syngestykker, Skuespil med Musik",(blank),Il bravo (S. Mercadante),,,,,,
WOR158350,work,VÆRK-REGISTER,MUSIK,"Operaer og Syngestykker, Skuespil med Musik",(blank),Les Brigands (J. Offenbach)- Se ogsaa: Røverne,,,,,,
WOR158400,work,VÆRK-REGISTER,MUSIK,"Operaer og Syngestykker, Skuespil med Musik",(blank),Broncehesten (D. F. E. Auber),,,,,,
WOR158450,work,VÆRK-REGISTER,MUSIK,"Operaer og Syngestykker, Skuespil med Musik",(blank),Bruden fra Lammermoor (I. Bredal),,,,,,
WOR158500,work,VÆRK-REGISTER,MUSIK,"Operaer og Syngestykker, Skuespil med Musik",(blank),Bryggeren i Preston (A. Adam),,,,,,
WOR158550,work,VÆRK-REGISTER,MUSIK,"Operaer og Syngestykker, Skuespil med Musik",(blank),"Buenas noches, Don Simon! (Bonsoir, monsieur Pantalon!) (A. Grisar)- Se ogsaa: God rolig Nat, Hr. Pantalon",,,,,,
WOR158600,work,VÆRK-REGISTER,MUSIK,"Operaer og Syngestykker, Skuespil med Musik",(blank),Califen i Bagdad (F. A. Boieldieu),,,,,,
WOR158650,work,VÆRK-REGISTER,MUSIK,"Operaer og Syngestykker, Skuespil med Musik",(blank),Le Capitaine Henriot (F. A. Gevaert),,,,,,
WOR158700,work,VÆRK-REGISTER,MUSIK,"Operaer og Syngestykker, Skuespil med Musik",(blank),I Capuletti e i Montecchi (V. Bellini),,,,,,
WOR158750,work,VÆRK-REGISTER,MUSIK,"Operaer og Syngestykker, Skuespil med Musik",(blank),Carl den Andens Flugt (E. Siboni),,,,,,
WOR158800,work,VÆRK-REGISTER,MUSIK,"Operaer og Syngestykker, Skuespil med Musik",(blank),Catarina Cornaro (Fr. Lachner),,,,,,
WOR158850,work,VÆRK-REGISTER,MUSIK,"Operaer og Syngestykker, Skuespil med Musik",(blank),Cendrillon (N. Isouard),,,,,,
WOR158900,work,VÆRK-REGISTER,MUSIK,"Operaer og Syngestykker, Skuespil med Musik",(blank),La Generentola (G. Rossini),,,,,,
WOR158950,work,VÆRK-REGISTER,MUSIK,"Operaer og Syngestykker, Skuespil med Musik",(blank),Le Chalet (A. Adam),,,,,,
WOR159000,work,VÆRK-REGISTER,MUSIK,"Operaer og Syngestykker, Skuespil med Musik",(blank),Charles VI (F. Halévy),,,,,,
WOR159050,work,VÆRK-REGISTER,MUSIK,"Operaer og Syngestykker, Skuespil med Musik",(blank),Chiara di Rosemberg (Luigi Ricci),,,,,,
WOR159100,work,VÆRK-REGISTER,MUSIK,"Operaer og Syngestykker, Skuespil med Musik",(blank),Christina di Svezia (Jacobo Foroni),,,,,,
WOR159150,work,VÆRK-REGISTER,MUSIK,"Operaer og Syngestykker, Skuespil med Musik",(blank),Clotilde (Carlo Coccia),,,,,,
WOR159200,work,VÆRK-REGISTER,MUSIK,"Operaer og Syngestykker, Skuespil med Musik",(blank),Le Comte Ory (G. Rossini),,,,,,
WOR159250,work,VÆRK-REGISTER,MUSIK,"Operaer og Syngestykker, Skuespil med Musik",(blank),Così fan tutte (W. A. Mozart),,,,,,
WOR159300,work,VÆRK-REGISTER,MUSIK,"Operaer og Syngestykker, Skuespil med Musik",(blank),Crispino e la comare (Luigi og Federico Ricci),,,,,,
WOR159350,work,VÆRK-REGISTER,MUSIK,"Operaer og Syngestykker, Skuespil med Musik",(blank),"Crispins Forvandlinger (Syngestykke, indrettet af N. T. Bruun, Musiken af Mozart, Méhul og Paër, Teksten efter Hauteroche)",,,,,,
WOR159400,work,VÆRK-REGISTER,MUSIK,"Operaer og Syngestykker, Skuespil med Musik",(blank),Czar og Tømmermand (G. A. Lortzing),,,,,,
WOR159450,work,VÆRK-REGISTER,MUSIK,"Operaer og Syngestykker, Skuespil med Musik",(blank),La Dame blanche (F. A. Boieldieu)- Se ogsaa: Den hvide Dame,,,,,,
WOR159500,work,VÆRK-REGISTER,MUSIK,"Operaer og Syngestykker, Skuespil med Musik",(blank),La Déesse et le berger (J. Duprato),,,,,,
WOR159550,work,VÆRK-REGISTER,MUSIK,"Operaer og Syngestykker, Skuespil med Musik",(blank),Les Deux gentilshommes (J. Cadaux),,,,,,
WOR159600,work,VÆRK-REGISTER,MUSIK,"Operaer og Syngestykker, Skuespil med Musik",(blank),Les Diamants de la couronne (D. F. E. Auber)- Se ogsaa: Kronjuvelerne,,,,,,
WOR159650,work,VÆRK-REGISTER,MUSIK,"Operaer og Syngestykker, Skuespil med Musik",(blank),Didon (Th. Blangini fils),,,,,,
WOR159700,work,VÆRK-REGISTER,MUSIK,"Operaer og Syngestykker, Skuespil med Musik",(blank),Dinorah (Le Pardon de Plöermel) (G. Meyerbeer)- Se ogsaa Sp. 60,,,,,,
WOR159750,work,VÆRK-REGISTER,MUSIK,"Operaer og Syngestykker, Skuespil med Musik",(blank),Doktoren imod sin Villie (Ch. Gounod),,,,,,
WOR159800,work,VÆRK-REGISTER,MUSIK,"Operaer og Syngestykker, Skuespil med Musik",(blank),El dominó azul (Emilio Arrieta),,,,,,
WOR159850,work,VÆRK-REGISTER,MUSIK,"Operaer og Syngestykker, Skuespil med Musik",(blank),Le Domino noir (D. F. E. Auber)- Se ogsaa: Den sorte Domino,,,,,,
WOR159900,work,VÆRK-REGISTER,MUSIK,"Operaer og Syngestykker, Skuespil med Musik",(blank),Don Carlos (G. Verdi),,,,,,
WOR159950,work,VÆRK-REGISTER,MUSIK,"Operaer og Syngestykker, Skuespil med Musik",(blank),Don Juan (W. A. Mozart),,,,,,
WOR160000,work,VÆRK-REGISTER,MUSIK,"Operaer og Syngestykker, Skuespil med Musik",(blank),Don Pasquale (G. Donizetti),,,,,,
WOR160050,work,VÆRK-REGISTER,MUSIK,"Operaer og Syngestykker, Skuespil med Musik",(blank),"Donna Caritea, regina di Spagna (S. Mercadante)",,,,,,
WOR160100,work,VÆRK-REGISTER,MUSIK,"Operaer og Syngestykker, Skuespil med Musik",(blank),La donna del lago (G. Rossini),,,,,,
WOR160150,work,VÆRK-REGISTER,MUSIK,"Operaer og Syngestykker, Skuespil med Musik",(blank),Der Dorfbarbier (Johann Schenk),,,,,,
WOR160200,work,VÆRK-REGISTER,MUSIK,"Operaer og Syngestykker, Skuespil med Musik",(blank),La Double échelle (A. Thomas),,,,,,
WOR160250,work,VÆRK-REGISTER,MUSIK,"Operaer og Syngestykker, Skuespil med Musik",(blank),I due sergenti (Luigi Ricci),,,,,,
WOR160300,work,VÆRK-REGISTER,MUSIK,"Operaer og Syngestykker, Skuespil med Musik",(blank),Elisa (Fr. Kuhlau),,,,,,
WOR160350,work,VÆRK-REGISTER,MUSIK,"Operaer og Syngestykker, Skuespil med Musik",(blank),Elisir d'amore (G. Donizetti)- Se ogsaa: Elskovsdrikken,,,,,,
WOR160400,work,VÆRK-REGISTER,MUSIK,"Operaer og Syngestykker, Skuespil med Musik",(blank),Elskovsdrikken (Elisir d’amore) (G. Donizetti)- Se ogsaa: Elisir d'amore,,,,,,
WOR160450,work,VÆRK-REGISTER,MUSIK,"Operaer og Syngestykker, Skuespil med Musik",(blank),Elverhøi (Fr. Kuhlau),,,,,,
WOR160500,work,VÆRK-REGISTER,MUSIK,"Operaer og Syngestykker, Skuespil med Musik",(blank),Elverpigen (Emil Hartmann),,,,,,
WOR160550,work,VÆRK-REGISTER,MUSIK,"Operaer og Syngestykker, Skuespil med Musik",(blank),"En las arcas del Foro (15.11.1862, Sevilla)",,,,,,
WOR160600,work,VÆRK-REGISTER,MUSIK,"Operaer og Syngestykker, Skuespil med Musik",(blank),Ernani (G. Verdi),,,,,,
WOR160650,work,VÆRK-REGISTER,MUSIK,"Operaer og Syngestykker, Skuespil med Musik",(blank),Euryanthe (Carl Maria Von Weber),,,,,,
WOR160700,work,VÆRK-REGISTER,MUSIK,"Operaer og Syngestykker, Skuespil med Musik",(blank),Et Eventyr i Rosenborg Have (C. E. F. Weyse),,,,,,
WOR160750,work,VÆRK-REGISTER,MUSIK,"Operaer og Syngestykker, Skuespil med Musik",(blank),Faust (C. Gounod),,,,,,
WOR160800,work,VÆRK-REGISTER,MUSIK,"Operaer og Syngestykker, Skuespil med Musik",(blank),Faust (L. Spohr),,,,,,
WOR160850,work,VÆRK-REGISTER,MUSIK,"Operaer og Syngestykker, Skuespil med Musik",(blank),La Favorite (G. Donizetti),,,,,,
WOR160900,work,VÆRK-REGISTER,MUSIK,"Operaer og Syngestykker, Skuespil med Musik",(blank),Ferdinand Cortez (G. L. Spontini),,,,,,
WOR160950,work,VÆRK-REGISTER,MUSIK,"Operaer og Syngestykker, Skuespil med Musik",(blank),Festen paa Kenilworth (C. E. F. Weyse),,,,,,
WOR161000,work,VÆRK-REGISTER,MUSIK,"Operaer og Syngestykker, Skuespil med Musik",(blank),Fidelio (L. van Beethoven),,,,,,
WOR161050,work,VÆRK-REGISTER,MUSIK,"Operaer og Syngestykker, Skuespil med Musik",(blank),Figaros Bryllup (W. A. Mozart),,,,,,
WOR161100,work,VÆRK-REGISTER,MUSIK,"Operaer og Syngestykker, Skuespil med Musik",(blank),La Fille du régiment (G. Donizetti)- se ogsaa: Regimentets Datter,,,,,,
WOR161150,work,VÆRK-REGISTER,MUSIK,"Operaer og Syngestykker, Skuespil med Musik",(blank),Den flyvende Hollænder (R. Wagner),,,,,,
WOR161200,work,VÆRK-REGISTER,MUSIK,"Operaer og Syngestykker, Skuespil med Musik",(blank),"Le Forfait nocturne (18.1.1863, Tours)",,,,,,
WOR161250,work,VÆRK-REGISTER,MUSIK,"Operaer og Syngestykker, Skuespil med Musik",(blank),La forza del destino (G. Verdi),,,,,,
WOR161300,work,VÆRK-REGISTER,MUSIK,"Operaer og Syngestykker, Skuespil med Musik",(blank),Fra Diavolo (D. F. E. Auber),,,,,,
WOR161350,work,VÆRK-REGISTER,MUSIK,"Operaer og Syngestykker, Skuespil med Musik",(blank),Der Freischutz (Carl Maria von Weber)- Se ogsaa: Jægerbruden,,,,,,
WOR161400,work,VÆRK-REGISTER,MUSIK,"Operaer og Syngestykker, Skuespil med Musik",(blank),Der Freischutz (Carl Maria von Weber)- Se ogsaa: Jægerbruden(med Recitativer af Berlioz),,,,,,
WOR161450,work,VÆRK-REGISTER,MUSIK,"Operaer og Syngestykker, Skuespil med Musik",(blank),Frère et mari (A. L. Clapisson),,,,,,
WOR161500,work,VÆRK-REGISTER,MUSIK,"Operaer og Syngestykker, Skuespil med Musik",(blank),Fritz og Lise (J. Offenbach),,,,,,
WOR161550,work,VÆRK-REGISTER,MUSIK,"Operaer og Syngestykker, Skuespil med Musik",(blank),Il furioso all’isola di S. Domingo (G. Donizetti),,,,,,
WOR161600,work,VÆRK-REGISTER,MUSIK,"Operaer og Syngestykker, Skuespil med Musik",(blank),La gazza ladra (G. Rossini)- Se ogsaa: Skaden,,,,,,
WOR161650,work,VÆRK-REGISTER,MUSIK,"Operaer og Syngestykker, Skuespil med Musik",(blank),Gemma di Vergy (G. Donizetti),,,,,,
WOR161700,work,VÆRK-REGISTER,MUSIK,"Operaer og Syngestykker, Skuespil med Musik",(blank),"God rolig Nat, Hr. Pantalon! (Albert Grisar)- Se ogsaa: Buenas noches, Don Simon!.",,,,,,
WOR161750,work,VÆRK-REGISTER,MUSIK,"Operaer og Syngestykker, Skuespil med Musik",(blank),La Grande Duchesse de Gerolstein (J. Offenbach),,,,,,
WOR161800,work,VÆRK-REGISTER,MUSIK,"Operaer og Syngestykker, Skuespil med Musik",(blank),Le Guerrillero (A. Thomas),,,,,,
WOR161850,work,VÆRK-REGISTER,MUSIK,"Operaer og Syngestykker, Skuespil med Musik",(blank),Guido und Ginevra (F. Halévy),,,,,,
WOR161900,work,VÆRK-REGISTER,MUSIK,"Operaer og Syngestykker, Skuespil med Musik",(blank),Gustave III (D. F. E. Auber),,,,,,
WOR161950,work,VÆRK-REGISTER,MUSIK,"Operaer og Syngestykker, Skuespil med Musik",(blank),Hamlet (A. Thomas),,,,,,
WOR162000,work,VÆRK-REGISTER,MUSIK,"Operaer og Syngestykker, Skuespil med Musik",(blank),Hans Heiling (H. Marschner),,,,,,
WOR162050,work,VÆRK-REGISTER,MUSIK,"Operaer og Syngestykker, Skuespil med Musik",(blank),Haydie (D. F. E. Auber),,,,,,
WOR162100,work,VÆRK-REGISTER,MUSIK,"Operaer og Syngestykker, Skuespil med Musik",(blank),Hjalmar og Ingeborg (Asger Hammerich/Hamerik),,,,,,
WOR162150,work,VÆRK-REGISTER,MUSIK,"Operaer og Syngestykker, Skuespil med Musik",(blank),Hugenotterne (G. Meyerbeer),,,,,,
WOR162200,work,VÆRK-REGISTER,MUSIK,"Operaer og Syngestykker, Skuespil med Musik",(blank),Den hvide Dame (F. A. Boieldieu)- Se ogsaa: La Dame blanche,,,,,,
WOR162250,work,VÆRK-REGISTER,MUSIK,"Operaer og Syngestykker, Skuespil med Musik",(blank),Idomeneo (W. A. Mozart),,,,,,
WOR162300,work,VÆRK-REGISTER,MUSIK,"Operaer og Syngestykker, Skuespil med Musik",(blank),Iphigenia i Aulis (C. W. Gluck),,,,,,
WOR162350,work,VÆRK-REGISTER,MUSIK,"Operaer og Syngestykker, Skuespil med Musik",(blank),Iphigenia paa Tauris (C. W. Gluck),,,,,,
WOR162400,work,VÆRK-REGISTER,MUSIK,"Operaer og Syngestykker, Skuespil med Musik",(blank),Italienerinden i Algier (G. Rossini),,,,,,
WOR162450,work,VÆRK-REGISTER,MUSIK,"Operaer og Syngestykker, Skuespil med Musik",(blank),Jessonda (L. Spohr),,,,,,
WOR162500,work,VÆRK-REGISTER,MUSIK,"Operaer og Syngestykker, Skuespil med Musik",(blank),Jocrisse (Eugène Gautier),,,,,,
WOR162550,work,VÆRK-REGISTER,MUSIK,"Operaer og Syngestykker, Skuespil med Musik",(blank),Joseph og hans Brødre (E. N. Méhul),,,,,,
WOR162600,work,VÆRK-REGISTER,MUSIK,"Operaer og Syngestykker, Skuespil med Musik",(blank),La Juive (F. Halévy)- Se ogsaa: Jødinden,,,,,,
WOR162650,work,VÆRK-REGISTER,MUSIK,"Operaer og Syngestykker, Skuespil med Musik",(blank),Jægerbruden (C. M. von Weber)- Se ogsaa: Der Freischütz,,,,,,
WOR162700,work,VÆRK-REGISTER,MUSIK,"Operaer og Syngestykker, Skuespil med Musik",(blank),Jødinden (F. Halévy)- Se ogsaa: La Juive,,,,,,
WOR162750,work,VÆRK-REGISTER,MUSIK,"Operaer og Syngestykker, Skuespil med Musik",(blank),Klerkevænget (F. Hérold)- Se ogsaa: Le Pré aux clercs,,,,,,
WOR162800,work,VÆRK-REGISTER,MUSIK,"Operaer og Syngestykker, Skuespil med Musik",(blank),Korsikaneren (Emil Hartmann),,,,,,
WOR162850,work,VÆRK-REGISTER,MUSIK,"Operaer og Syngestykker, Skuespil med Musik",(blank),Kronjuvelerne (D. F. E. Auber)- Se ogsaa: Les Diamants de la couronne,,,,,,
WOR162900,work,VÆRK-REGISTER,MUSIK,"Operaer og Syngestykker, Skuespil med Musik",(blank),König und Pächter (Joh. Chr. Lobe),,,,,,
WOR162950,work,VÆRK-REGISTER,MUSIK,"Operaer og Syngestykker, Skuespil med Musik",(blank),Lalla-Roukh (Félicien David),,,,,,
WOR163000,work,VÆRK-REGISTER,MUSIK,"Operaer og Syngestykker, Skuespil med Musik",(blank),Lazarilla (Rudolph Bay),,,,,,
WOR163050,work,VÆRK-REGISTER,MUSIK,"Operaer og Syngestykker, Skuespil med Musik",(blank),Die letzten Tage Pompejis (F. A. Pabst),,,,,,
WOR163100,work,VÆRK-REGISTER,MUSIK,"Operaer og Syngestykker, Skuespil med Musik",(blank),Liden Kirsten (J. P. E. Hartmann),,,,,,
WOR163150,work,VÆRK-REGISTER,MUSIK,"Operaer og Syngestykker, Skuespil med Musik",(blank),Llamada y tropa (Emilio Arrieta),,,,,,
WOR163200,work,VÆRK-REGISTER,MUSIK,"Operaer og Syngestykker, Skuespil med Musik",(blank),Lohengrin (R. Wagner),,,,,,
WOR163250,work,VÆRK-REGISTER,MUSIK,"Operaer og Syngestykker, Skuespil med Musik",(blank),Lucia di Lammermoor (G. Donizetti),,,,,,
WOR163300,work,VÆRK-REGISTER,MUSIK,"Operaer og Syngestykker, Skuespil med Musik",(blank),Lucrezia Borgia (G. Donizetti),,,,,,
WOR163350,work,VÆRK-REGISTER,MUSIK,"Operaer og Syngestykker, Skuespil med Musik",(blank),Ludovie (F. Herold og F. Halévy),,,,,,
WOR163400,work,VÆRK-REGISTER,MUSIK,"Operaer og Syngestykker, Skuespil med Musik",(blank),De lystige Koner i Windsor (Otto Nicolai),,,,,,
WOR163450,work,VÆRK-REGISTER,MUSIK,"Operaer og Syngestykker, Skuespil med Musik",(blank),Maître Pathelin (F. Bazin),,,,,,
WOR163500,work,VÆRK-REGISTER,MUSIK,"Operaer og Syngestykker, Skuespil med Musik",(blank),Le Mannequin de Bergame (F. J. Fétis),,,,,,
WOR163550,work,VÆRK-REGISTER,MUSIK,"Operaer og Syngestykker, Skuespil med Musik",(blank),Mara (Joseph Netzer),,,,,,
WOR163600,work,VÆRK-REGISTER,MUSIK,"Operaer og Syngestykker, Skuespil med Musik",(blank),Le Mari de circonstances (C. H. Plantade),,,,,,
WOR163650,work,VÆRK-REGISTER,MUSIK,"Operaer og Syngestykker, Skuespil med Musik",(blank),Marin Faliero (G. Donizetti),,,,,,
WOR163700,work,VÆRK-REGISTER,MUSIK,"Operaer og Syngestykker, Skuespil med Musik",(blank),Martha (Fr. von Flotow),,,,,,
WOR163750,work,VÆRK-REGISTER,MUSIK,"Operaer og Syngestykker, Skuespil med Musik",(blank),"La masacrata (Studenterkomedie, Parodi paa italiensk Opera, Musik: C. J. Hansen, Tekst: Otto Zinck)",,,,,,
WOR163800,work,VÆRK-REGISTER,MUSIK,"Operaer og Syngestykker, Skuespil med Musik",(blank),I masnadieri (G. Verdi),,,,,,
WOR163850,work,VÆRK-REGISTER,MUSIK,"Operaer og Syngestykker, Skuespil med Musik",(blank),Il matrimonio segreto (D. Cimarosa),,,,,,
WOR163900,work,VÆRK-REGISTER,MUSIK,"Operaer og Syngestykker, Skuespil med Musik",(blank),...de Medecis (?),,,,,,
WOR163950,work,VÆRK-REGISTER,MUSIK,"Operaer og Syngestykker, Skuespil med Musik",(blank),Mestersangerne i Nürnberg (R. Wagner),,,,,,
WOR164000,work,VÆRK-REGISTER,MUSIK,"Operaer og Syngestykker, Skuespil med Musik",(blank),Moreto (C. Oudrid y Segura),,,,,,
WOR164050,work,VÆRK-REGISTER,MUSIK,"Operaer og Syngestykker, Skuespil med Musik",(blank),Les Mousquetaires de la Reine (F. Halévy),,,,,,
WOR164100,work,VÆRK-REGISTER,MUSIK,"Operaer og Syngestykker, Skuespil med Musik",(blank),Muurmesteren (D. F. E. Auber),,,,,,
WOR164150,work,VÆRK-REGISTER,MUSIK,"Operaer og Syngestykker, Skuespil med Musik",(blank),Das Mädchen von Elizondo (Pépito) (J. Offenbach),,,,,,
WOR164200,work,VÆRK-REGISTER,MUSIK,"Operaer og Syngestykker, Skuespil med Musik",(blank),Nabucodonosor (G. Verdi),,,,,,
WOR164250,work,VÆRK-REGISTER,MUSIK,"Operaer og Syngestykker, Skuespil med Musik",(blank),Das Nachtlager in Granada (Konradin Kreutzer),,,,,,
WOR164300,work,VÆRK-REGISTER,MUSIK,"Operaer og Syngestykker, Skuespil med Musik",(blank),En Nat mellem Fjeldene (Emil Hartmann),,,,,,
WOR164350,work,VÆRK-REGISTER,MUSIK,"Operaer og Syngestykker, Skuespil med Musik",(blank),Les Noces de Jeannette (V. Massé),,,,,,
WOR164400,work,VÆRK-REGISTER,MUSIK,"Operaer og Syngestykker, Skuespil med Musik",(blank),Nonnerne (François Devienne),,,,,,
WOR164450,work,VÆRK-REGISTER,MUSIK,"Operaer og Syngestykker, Skuespil med Musik",(blank),Der Nordstern (C. Meyerbeer)- Se ogsaa: Nordstjernen,,,,,,
WOR164500,work,VÆRK-REGISTER,MUSIK,"Operaer og Syngestykker, Skuespil med Musik",(blank),Nordstjernen (L'étoile du Nord) (G. Meyerbeer)- Se ogsaa: Der Nordstern,,,,,,
WOR164550,work,VÆRK-REGISTER,MUSIK,"Operaer og Syngestykker, Skuespil med Musik",(blank),Norma (V. Bellini),,,,,,
WOR164600,work,VÆRK-REGISTER,MUSIK,"Operaer og Syngestykker, Skuespil med Musik",(blank),I Normanni a Parigi (S. Mercadante),,,,,,
WOR164650,work,VÆRK-REGISTER,MUSIK,"Operaer og Syngestykker, Skuespil med Musik",(blank),Den nye Jordegodseier (F. A. Boieldieu),,,,,,
WOR164700,work,VÆRK-REGISTER,MUSIK,"Operaer og Syngestykker, Skuespil med Musik",(blank),"O, che imbroglio! (N. Tauro)",,,,,,
WOR164750,work,VÆRK-REGISTER,MUSIK,"Operaer og Syngestykker, Skuespil med Musik",(blank),Oberon (C. M. von Weber),,,,,,
WOR164800,work,VÆRK-REGISTER,MUSIK,"Operaer og Syngestykker, Skuespil med Musik",(blank),Orpheus i Underverdenen (J. Offenbach),,,,,,
WOR164850,work,VÆRK-REGISTER,MUSIK,"Operaer og Syngestykker, Skuespil med Musik",(blank),Orpheus og Euridice (C. W. Gluck),,,,,,
WOR164900,work,VÆRK-REGISTER,MUSIK,"Operaer og Syngestykker, Skuespil med Musik",(blank),Otello (G. Rossini),,,,,,
WOR164950,work,VÆRK-REGISTER,MUSIK,"Operaer og Syngestykker, Skuespil med Musik",(blank),La Part du Diable (D. F. E. Auber),,,,,,
WOR165000,work,VÆRK-REGISTER,MUSIK,"Operaer og Syngestykker, Skuespil med Musik",(blank),Paschaens Datter (P. Heise),,,,,,
WOR165050,work,VÆRK-REGISTER,MUSIK,"Operaer og Syngestykker, Skuespil med Musik",(blank),Le petit Faust (F. Hervé),,,,,,
WOR165100,work,VÆRK-REGISTER,MUSIK,"Operaer og Syngestykker, Skuespil med Musik",(blank),Le Philtre (D. F. E. Auber),,,,,,
WOR165150,work,VÆRK-REGISTER,MUSIK,"Operaer og Syngestykker, Skuespil med Musik",(blank),Le Podstat (C. L. A. Vogel),,,,,,
WOR165200,work,VÆRK-REGISTER,MUSIK,"Operaer og Syngestykker, Skuespil med Musik",(blank),Poliuto (G. Donizetti),,,,,,
WOR165250,work,VÆRK-REGISTER,MUSIK,"Operaer og Syngestykker, Skuespil med Musik",(blank),Postillonen i Lonjumeau (A. Adam),,,,,,
WOR165300,work,VÆRK-REGISTER,MUSIK,"Operaer og Syngestykker, Skuespil med Musik",(blank),Le Pré aux clercs (F. Hérold)- Se ogsaa: Klerkevænget,,,,,,
WOR165350,work,VÆRK-REGISTER,MUSIK,"Operaer og Syngestykker, Skuespil med Musik",(blank),Preciosa (C. M. von Weber),,,,,,
WOR165400,work,VÆRK-REGISTER,MUSIK,"Operaer og Syngestykker, Skuespil med Musik",(blank),Le Premier jour de bonheur (D. F. E. Auber),,,,,,
WOR165450,work,VÆRK-REGISTER,MUSIK,"Operaer og Syngestykker, Skuespil med Musik",(blank),La prigione d'Edinburgo (Federigo Ricci),,,,,,
WOR165500,work,VÆRK-REGISTER,MUSIK,"Operaer og Syngestykker, Skuespil med Musik",(blank),La Princesse de Trebizonde (J. Offenbach),,,,,,
WOR165550,work,VÆRK-REGISTER,MUSIK,"Operaer og Syngestykker, Skuespil med Musik",(blank),"Prinds Pipi og Frøken Titi (Operette med Musik af forskellige Komponister, Tekst af Erik Bøgh efter H. Chivot og A. Duru)",,,,,,
WOR165600,work,VÆRK-REGISTER,MUSIK,"Operaer og Syngestykker, Skuespil med Musik",(blank),Propheten (G. Meyerbeer),,,,,,
WOR165650,work,VÆRK-REGISTER,MUSIK,"Operaer og Syngestykker, Skuespil med Musik",(blank),La prova d'un opera seria (Fr. Gnecco),,,,,,
WOR165700,work,VÆRK-REGISTER,MUSIK,"Operaer og Syngestykker, Skuespil med Musik",(blank),Le Puits d'amour (M. W. Balfe),,,,,,
WOR165750,work,VÆRK-REGISTER,MUSIK,"Operaer og Syngestykker, Skuespil med Musik",(blank),Pulcinella condannato alle ferriere di Maremma (D. Pagliani-Gagliardi),,,,,,
WOR165800,work,VÆRK-REGISTER,MUSIK,"Operaer og Syngestykker, Skuespil med Musik",(blank),I Puritani (V. Bellini),,,,,,
WOR165850,work,VÆRK-REGISTER,MUSIK,"Operaer og Syngestykker, Skuespil med Musik",(blank),Quien manda manda (Emilio Arrieta),,,,,,
WOR165900,work,VÆRK-REGISTER,MUSIK,"Operaer og Syngestykker, Skuespil med Musik",(blank),Ravnen (J. P. E. Hartmann),,,,,,
WOR165950,work,VÆRK-REGISTER,MUSIK,"Operaer og Syngestykker, Skuespil med Musik",(blank),Regimentets Datter (G. Donizetti)- Se ogsaa: La Fille du régiment,,,,,,
WOR166000,work,VÆRK-REGISTER,MUSIK,"Operaer og Syngestykker, Skuespil med Musik",(blank),Les Rendez-vous bourgeois (Francois Hoffmann),,,,,,
WOR166050,work,VÆRK-REGISTER,MUSIK,"Operaer og Syngestykker, Skuespil med Musik",(blank),Richard Coeur-de-lion (A. Grétry),,,,,,
WOR166100,work,VÆRK-REGISTER,MUSIK,"Operaer og Syngestykker, Skuespil med Musik",(blank),Rienzi (R. Wagner),,,,,,
WOR166150,work,VÆRK-REGISTER,MUSIK,"Operaer og Syngestykker, Skuespil med Musik",(blank),Rigoletto (G. Verdi),,,,,,
WOR166200,work,VÆRK-REGISTER,MUSIK,"Operaer og Syngestykker, Skuespil med Musik",(blank),Robert af Normandiet (G. Meyerbeer)- Se ogsaa: Robert le Diable,,,,,,
WOR166250,work,VÆRK-REGISTER,MUSIK,"Operaer og Syngestykker, Skuespil med Musik",(blank),Robert le Diable (G. Meyerbeer)- Se ogsaa: Robert af Normandiet,,,,,,
WOR166300,work,VÆRK-REGISTER,MUSIK,"Operaer og Syngestykker, Skuespil med Musik",(blank),Roland à Roncevaux (A. Mermet),,,,,,
WOR166350,work,VÆRK-REGISTER,MUSIK,"Operaer og Syngestykker, Skuespil med Musik",(blank),Rolf Blaaskjæg (J. Offenbach)- Se ogsaa: Barbe-Bleue,,,,,,
WOR166400,work,VÆRK-REGISTER,MUSIK,"Operaer og Syngestykker, Skuespil med Musik",(blank),Romeo og Julie (C. Gounod),,,,,,
WOR166450,work,VÆRK-REGISTER,MUSIK,"Operaer og Syngestykker, Skuespil med Musik",(blank),"La rondella (8.4.1843, Variétés, Paris)",,,,,,
WOR166500,work,VÆRK-REGISTER,MUSIK,"Operaer og Syngestykker, Skuespil med Musik",(blank),Rose et Colas (P. A. Monsigny),,,,,,
WOR166550,work,VÆRK-REGISTER,MUSIK,"Operaer og Syngestykker, Skuespil med Musik",(blank),Røverborgen (F. Kuhlau),,,,,,
WOR166600,work,VÆRK-REGISTER,MUSIK,"Operaer og Syngestykker, Skuespil med Musik",(blank),Røverne (J. Offenbach)- Se ogsaa: Les Brigands,,,,,,
WOR166650,work,VÆRK-REGISTER,MUSIK,"Operaer og Syngestykker, Skuespil med Musik",(blank),Der Schatzgräber (Le Trésor supposé) (E. N. Méhul),,,,,,
WOR166700,work,VÆRK-REGISTER,MUSIK,"Operaer og Syngestykker, Skuespil med Musik",(blank),Semiramis (G. Rossini),,,,,,
WOR166750,work,VÆRK-REGISTER,MUSIK,"Operaer og Syngestykker, Skuespil med Musik",(blank),La sentinella notturna (S. Agnello),,,,,,
WOR166800,work,VÆRK-REGISTER,MUSIK,"Operaer og Syngestykker, Skuespil med Musik",(blank),Skaden (G. Rossini)- Se ogsaa: La gazza ladra,,,,,,
WOR166850,work,VÆRK-REGISTER,MUSIK,"Operaer og Syngestykker, Skuespil med Musik",(blank),Den skjønne Helene (J. Offenbach)- Se ogsaa: La Belle Hélène,,,,,,
WOR166900,work,VÆRK-REGISTER,MUSIK,"Operaer og Syngestykker, Skuespil med Musik",(blank),Soireen i Laxegade (J. Offenbach),,,,,,
WOR166950,work,VÆRK-REGISTER,MUSIK,"Operaer og Syngestykker, Skuespil med Musik",(blank),Ein Sommernachtstraum (F. Mendelssohn-Bartholdy),,,,,,
WOR167000,work,VÆRK-REGISTER,MUSIK,"Operaer og Syngestykker, Skuespil med Musik",(blank),La sonnambula (V. Bellini)- Se ogsaa: Søvngjængersken,,,,,,
WOR167050,work,VÆRK-REGISTER,MUSIK,"Operaer og Syngestykker, Skuespil med Musik",(blank),Den sorte Domino (D. F. E. Auber)- Se ogsaa: Le Domino noir,,,,,,
WOR167100,work,VÆRK-REGISTER,MUSIK,"Operaer og Syngestykker, Skuespil med Musik",(blank),Sovedrikken (C. E. F. Weyse),,,,,,
WOR167150,work,VÆRK-REGISTER,MUSIK,"Operaer og Syngestykker, Skuespil med Musik",(blank),Den Stumme i Portici (D. F. E. Auber),,,,,,
WOR167200,work,VÆRK-REGISTER,MUSIK,"Operaer og Syngestykker, Skuespil med Musik",(blank),Syvsoverdag (J. P. E.Hartmann),,,,,,
WOR167250,work,VÆRK-REGISTER,MUSIK,"Operaer og Syngestykker, Skuespil med Musik",(blank),Søvngjængersken (V. Bellini)- Se ogsaa: La sonnambula,,,,,,
WOR167300,work,VÆRK-REGISTER,MUSIK,"Operaer og Syngestykker, Skuespil med Musik",(blank),Tancredo (G. Rossini),,,,,,
WOR167350,work,VÆRK-REGISTER,MUSIK,"Operaer og Syngestykker, Skuespil med Musik",(blank),Tannhäuser (R. Wagner),,,,,,
WOR167400,work,VÆRK-REGISTER,MUSIK,"Operaer og Syngestykker, Skuespil med Musik",(blank),Tempelherren og Jødinden (H. Marschner),,,,,,
WOR167450,work,VÆRK-REGISTER,MUSIK,"Operaer og Syngestykker, Skuespil med Musik",(blank),Il templario (Otto Nicolai),,,,,,
WOR167500,work,VÆRK-REGISTER,MUSIK,"Operaer og Syngestykker, Skuespil med Musik",(blank),"La Tentation, Opéra-Ballet (F. Halévy og C. Gide)",,,,,,
WOR167550,work,VÆRK-REGISTER,MUSIK,"Operaer og Syngestykker, Skuespil med Musik",(blank),En Times Ægteskab (N. Dalayrac),,,,,,
WOR167600,work,VÆRK-REGISTER,MUSIK,"Operaer og Syngestykker, Skuespil med Musik",(blank),Titus (W. A. Mozart),,,,,,
WOR167650,work,VÆRK-REGISTER,MUSIK,"Operaer og Syngestykker, Skuespil med Musik",(blank),De to Dage (L. Cherubini)- Se ogsaa: Der Wasserträger,,,,,,
WOR167700,work,VÆRK-REGISTER,MUSIK,"Operaer og Syngestykker, Skuespil med Musik",(blank),Tony (Hertug Ernst II af Sachsen-Coburg-Gotha),,,,,,
WOR167750,work,VÆRK-REGISTER,MUSIK,"Operaer og Syngestykker, Skuespil med Musik",(blank),Torquato Tasso (G. Donizetti),,,,,,
WOR167800,work,VÆRK-REGISTER,MUSIK,"Operaer og Syngestykker, Skuespil med Musik",(blank),La traviata (G. Verdi),,,,,,
WOR167850,work,VÆRK-REGISTER,MUSIK,"Operaer og Syngestykker, Skuespil med Musik",(blank),Tristan og Isolde (R. Wagner),,,,,,
WOR167900,work,VÆRK-REGISTER,MUSIK,"Operaer og Syngestykker, Skuespil med Musik",(blank),Troubaduren (G. Verdi)- Se ogsaa: Il trovatore,,,,,,
WOR167950,work,VÆRK-REGISTER,MUSIK,"Operaer og Syngestykker, Skuespil med Musik",(blank),Troubaduren (G. Verdi)- Se ogsaa: Il trovatore (Divertissement),,,,,,
WOR168000,work,VÆRK-REGISTER,MUSIK,"Operaer og Syngestykker, Skuespil med Musik",(blank),Il trovatore (G. Verdi)- Se ogsaa: Troubaduren,,,,,,
WOR168050,work,VÆRK-REGISTER,MUSIK,"Operaer og Syngestykker, Skuespil med Musik",(blank),Tryllefløiten (W. A. Mozart),,,,,,
WOR168100,work,VÆRK-REGISTER,MUSIK,"Operaer og Syngestykker, Skuespil med Musik",(blank),Tutti in maschera (C. Pedrotti),,,,,,
WOR168150,work,VÆRK-REGISTER,MUSIK,"Operaer og Syngestykker, Skuespil med Musik",(blank),Undine (G. A. Lortzing),,,,,,
WOR168200,work,VÆRK-REGISTER,MUSIK,"Operaer og Syngestykker, Skuespil med Musik",(blank),Ungdom og Galskab (Ed. Du Puy),,,,,,
WOR168250,work,VÆRK-REGISTER,MUSIK,"Operaer og Syngestykker, Skuespil med Musik",(blank),Den unge hidsige Kone (F. A. Boieldieu),,,,,,
WOR168300,work,VÆRK-REGISTER,MUSIK,"Operaer og Syngestykker, Skuespil med Musik",(blank),Valeria (Aloys Schmitt),,,,,,
WOR168350,work,VÆRK-REGISTER,MUSIK,"Operaer og Syngestykker, Skuespil med Musik",(blank),Il ventaglio (P. Raimondi),,,,,,
WOR168400,work,VÆRK-REGISTER,MUSIK,"Operaer og Syngestykker, Skuespil med Musik",(blank),Vert-vert (Poppedreng) (J. Offenbach),,,,,,
WOR168450,work,VÆRK-REGISTER,MUSIK,"Operaer og Syngestykker, Skuespil med Musik",(blank),Vestalinden (G. L. Spontini),,,,,,
WOR168500,work,VÆRK-REGISTER,MUSIK,"Operaer og Syngestykker, Skuespil med Musik",(blank),La Vie parisienne (J. Offenbach),,,,,,
WOR168550,work,VÆRK-REGISTER,MUSIK,"Operaer og Syngestykker, Skuespil med Musik",(blank),Villars Dragoner (L. Maillart),,,,,,
WOR168600,work,VÆRK-REGISTER,MUSIK,"Operaer og Syngestykker, Skuespil med Musik",(blank),Violettes Dukker (A. Adam),,,,,,
WOR168650,work,VÆRK-REGISTER,MUSIK,"Operaer og Syngestykker, Skuespil med Musik",(blank),Der Waffenschmied (G. A. Lortzing),,,,,,
WOR168700,work,VÆRK-REGISTER,MUSIK,"Operaer og Syngestykker, Skuespil med Musik",(blank),Der Wasserträger (L. Cherubini)- Se ogsaa: De to Dage,,,,,,
WOR168750,work,VÆRK-REGISTER,MUSIK,"Operaer og Syngestykker, Skuespil med Musik",(blank),Der Wildschütz (G. A. Lortzing),,,,,,
WOR168800,work,VÆRK-REGISTER,MUSIK,"Operaer og Syngestykker, Skuespil med Musik",(blank),Wilhelm Tell (G. Rossini),,,,,,
WOR168850,work,VÆRK-REGISTER,MUSIK,"Operaer og Syngestykker, Skuespil med Musik",(blank),Zampa (F. Hérold),,,,,,
WOR168900,work,VÆRK-REGISTER,MUSIK,"Operaer og Syngestykker, Skuespil med Musik",(blank),Zemire og Azor (L. Spohr),,,,,,
WOR168950,work,VÆRK-REGISTER,MUSIK,"Operaer og Syngestykker, Skuespil med Musik",(blank),Ziguenarskan (The Bohemian Girl) (M. W. Balfe),,,,,,
WOR169000,work,VÆRK-REGISTER,MUSIK,"Operaer og Syngestykker, Skuespil med Musik",(blank),Zouavens Hjemkomst (V. Kalhauge),,,,,,
WOR169050,work,VÆRK-REGISTER,MUSIK,Vokal- og Instrumentalmusik,(blank),Agnetes Vuggevise (Agnete og Havfruerne) (N. W. Gade),,,,,,
WOR169100,work,VÆRK-REGISTER,MUSIK,Vokal- og Instrumentalmusik,(blank),»Alt farer hen som Vinden« (C. F. E. Horneman),,,,,,
WOR169150,work,VÆRK-REGISTER,MUSIK,Vokal- og Instrumentalmusik,(blank),Den ambrosianske Lovsang (C. E. F. Weyse),,,,,,
WOR169200,work,VÆRK-REGISTER,MUSIK,Vokal- og Instrumentalmusik,(blank),An den Sonnenschein (R. Schumann),,,,,,
WOR169250,work,VÆRK-REGISTER,MUSIK,Vokal- og Instrumentalmusik,(blank),Annen-Polka (»N° 3«) (Johann Strauss d. Æ.),,,,,,
WOR169300,work,VÆRK-REGISTER,MUSIK,Vokal- og Instrumentalmusik,(blank),»At kjøre Vatten og kjøre Veed« (norsk Folkevise),,,,,,
WOR169350,work,VÆRK-REGISTER,MUSIK,Vokal- og Instrumentalmusik,(blank),"Billeder til Den lille Havfrue, Eventyr af H. C. Andersen, componerede for Piano og Digteren med Høiagtelse tilegnede (op. 3) (Axel Grandjean)",,,,,,
WOR169400,work,VÆRK-REGISTER,MUSIK,Vokal- og Instrumentalmusik,(blank),Børnenes Juul (op. 36) (N. W. Gade),,,,,,
WOR169450,work,VÆRK-REGISTER,MUSIK,Vokal- og Instrumentalmusik,(blank),Børnenes Musik (S. A. E. Hagen),,,,,,
WOR169500,work,VÆRK-REGISTER,MUSIK,Vokal- og Instrumentalmusik,(blank),Cantate ved Frederik den Syvendes Bisættelse (op. 64b) (J. P. E. Hartmann),,,,,,
WOR169550,work,VÆRK-REGISTER,MUSIK,Vokal- og Instrumentalmusik,(blank),Cantate til Fru Dorothea Melchior den 16. Februar 1871 (J. A. Hägg),,,,,,
WOR169600,work,VÆRK-REGISTER,MUSIK,Vokal- og Instrumentalmusik,(blank),Cantate ved Indvielsen af Studenterforeningsbygningen (op. 64a) (J. P. E. Hartmann),,,,,,
WOR169650,work,VÆRK-REGISTER,MUSIK,Vokal- og Instrumentalmusik,(blank),Carneval de Venise,,,,,,
WOR169700,work,VÆRK-REGISTER,MUSIK,Vokal- og Instrumentalmusik,(blank),Le Chant des Titans (Canto dei Titani) (G. Rossini),,,,,,
WOR169750,work,VÆRK-REGISTER,MUSIK,Vokal- og Instrumentalmusik,(blank),"Comala, dramatisk Digt efter Ossian (op. 12) (N. W. Gade)",,,,,,
WOR169800,work,VÆRK-REGISTER,MUSIK,Vokal- og Instrumentalmusik,(blank),»Danmark deiligst Vang og Vænge -« (Poul Rasmussen),,,,,,
WOR169850,work,VÆRK-REGISTER,MUSIK,Vokal- og Instrumentalmusik,(blank),"»Danmark, mit Fædreland!« (H. Rung)",,,,,,
WOR169900,work,VÆRK-REGISTER,MUSIK,Vokal- og Instrumentalmusik,(blank),»Dannevang ved grønne Bred -« (C. E. F. Weyse),,,,,,
WOR169950,work,VÆRK-REGISTER,MUSIK,Vokal- og Instrumentalmusik,(blank),"»Den danske Bonde bad -« (af: Sørge-Cantate over Høisalig Kong Frederik den Sjette, op. 27) (J. P. E. Hartmann)",,,,,,
WOR170000,work,VÆRK-REGISTER,MUSIK,Vokal- og Instrumentalmusik,(blank),»Der er et yndigt Land -« (H. E. Krøyer),,,,,,
WOR170050,work,VÆRK-REGISTER,MUSIK,Vokal- og Instrumentalmusik,(blank),"»Det gamle Træ, o lad det staa!« (Sang af »Hyldemoer«)",,,,,,
WOR170100,work,VÆRK-REGISTER,MUSIK,Vokal- og Instrumentalmusik,(blank),"Dronning Dagmar, Folkevise-Fantasi for Orgel (H. Matthison-Hansen)",,,,,,
WOR170150,work,VÆRK-REGISTER,MUSIK,Vokal- og Instrumentalmusik,(blank),Dryadens Bryllup (op. 60) (J. P. E. Hartmann),,,,,,
WOR170200,work,VÆRK-REGISTER,MUSIK,Vokal- og Instrumentalmusik,(blank),Drømmebilleder (H. C. Lumbye),,,,,,
WOR170250,work,VÆRK-REGISTER,MUSIK,Vokal- og Instrumentalmusik,(blank),"»Du, du liegst mir im Herzen!« (tysk Folkevise)",,,,,,
WOR170300,work,VÆRK-REGISTER,MUSIK,Vokal- og Instrumentalmusik,(blank),Efterklange af Ossian (op. 1) (N. W. Gade),,,,,,
WOR170350,work,VÆRK-REGISTER,MUSIK,Vokal- og Instrumentalmusik,(blank),"Elverskud, Ballade efter danske Folkesagn (op. 30) (N. W. Gade)",,,,,,
WOR170400,work,VÆRK-REGISTER,MUSIK,Vokal- og Instrumentalmusik,(blank),"»Erindrer De, det var i Kongens Have -« (T'en souviens-tu? disait un capitaine) (Doche)",,,,,,
WOR170450,work,VÆRK-REGISTER,MUSIK,Vokal- og Instrumentalmusik,(blank),Erlkönig (Fr. Schubert),,,,,,
WOR170500,work,VÆRK-REGISTER,MUSIK,Vokal- og Instrumentalmusik,(blank),Farvel (C. J. Hansen),,,,,,
WOR170550,work,VÆRK-REGISTER,MUSIK,Vokal- og Instrumentalmusik,(blank),"»Flyv, Fugl! Flyv -« (J. P. E. Hartmann)",,,,,,
WOR170600,work,VÆRK-REGISTER,MUSIK,Vokal- og Instrumentalmusik,(blank),"Foraarssang, for blandet Chor og Orchester (op. 70) (J. P. E. Hartmann)",,,,,,
WOR170650,work,VÆRK-REGISTER,MUSIK,Vokal- og Instrumentalmusik,(blank),"»Freudvoll und leidvoll -« (Hvilken Komposition Fru Nissen-Saloman har sunget til Goethes Digt, kan ikke afgøres)",,,,,,
WOR170700,work,VÆRK-REGISTER,MUSIK,Vokal- og Instrumentalmusik,(blank),»Fryd Dig ved Livet -« (H. A. Nägeli),,,,,,
WOR170750,work,VÆRK-REGISTER,MUSIK,Vokal- og Instrumentalmusik,(blank),"Gefion, Ballade for Baryton, Kor og Orkester (op. 54) (N. W. Gade)",,,,,,
WOR170800,work,VÆRK-REGISTER,MUSIK,Vokal- og Instrumentalmusik,(blank),Galopader for Pianoforte (J. H. Lorck),,,,,,
WOR170850,work,VÆRK-REGISTER,MUSIK,Vokal- og Instrumentalmusik,(blank),Gluntarne (Gunnar Wennerberg),,,,,,
WOR170900,work,VÆRK-REGISTER,MUSIK,Vokal- og Instrumentalmusik,(blank),»God save the Queen« (H. Carey?),,,,,,
WOR170950,work,VÆRK-REGISTER,MUSIK,Vokal- og Instrumentalmusik,(blank),Gruss in Holland (Samuel De Lange),,,,,,
WOR171000,work,VÆRK-REGISTER,MUSIK,Vokal- og Instrumentalmusik,(blank),Gurre (H. Rung),,,,,,
WOR171050,work,VÆRK-REGISTER,MUSIK,Vokal- og Instrumentalmusik,(blank),"Hamlet, Concert-Ouverture (op. 37) (N. W. Gade)",,,,,,
WOR171100,work,VÆRK-REGISTER,MUSIK,Vokal- og Instrumentalmusik,(blank),Hjertets Melodier (op. 5) (E. Grieg),,,,,,
WOR171150,work,VÆRK-REGISTER,MUSIK,Vokal- og Instrumentalmusik,(blank),Holmens faste Stok (E. Horneman),,,,,,
WOR171200,work,VÆRK-REGISTER,MUSIK,Vokal- og Instrumentalmusik,(blank),»Hr. Peder kasted Runer over Spange -« (H. Rung),,,,,,
WOR171250,work,VÆRK-REGISTER,MUSIK,Vokal- og Instrumentalmusik,(blank),»Hyrden græsser sine Faar -« (af: Festen paa Kenilworth) (C. E. F. Weyse),,,,,,
WOR171300,work,VÆRK-REGISTER,MUSIK,Vokal- og Instrumentalmusik,(blank),I Høilandene (Im Hochland) (op. 7) (N. W. Gade),,,,,,
WOR171350,work,VÆRK-REGISTER,MUSIK,Vokal- og Instrumentalmusik,(blank),I Nød og Fare (C. J. Hansen),,,,,,
WOR171400,work,VÆRK-REGISTER,MUSIK,Vokal- og Instrumentalmusik,(blank),I Provence (op. 68) (J. P. E. Hartmann),,,,,,
WOR171450,work,VÆRK-REGISTER,MUSIK,Vokal- og Instrumentalmusik,(blank),»Ich muss nun einmal singen -« (Wilhelm Taubert),,,,,,
WOR171500,work,VÆRK-REGISTER,MUSIK,Vokal- og Instrumentalmusik,(blank),"»In Berlin, sagt er -« (Die Wiener in Berlin)",,,,,,
WOR171550,work,VÆRK-REGISTER,MUSIK,Vokal- og Instrumentalmusik,(blank),"»Jag vet ej, hvarför jag sjunger -« (Wilhelm Taubert)",,,,,,
WOR171600,work,VÆRK-REGISTER,MUSIK,Vokal- og Instrumentalmusik,(blank),Die Jahreszeiten (Jos. Haydn),,,,,,
WOR171650,work,VÆRK-REGISTER,MUSIK,Vokal- og Instrumentalmusik,(blank),Jubel-Ouverture (Carl Maria Von Weber),,,,,,
WOR171700,work,VÆRK-REGISTER,MUSIK,Vokal- og Instrumentalmusik,(blank),Jylland (»Jylland mellem tvende Have -«) (P. Heise),,,,,,
WOR171750,work,VÆRK-REGISTER,MUSIK,Vokal- og Instrumentalmusik,(blank),Kalanus (op. 48) (N. W. Gade),,,,,,
WOR171800,work,VÆRK-REGISTER,MUSIK,Vokal- og Instrumentalmusik,(blank),Kantate ved Hr. Moritz Melchiors og Fru Dorothea Melchiors Sølvbryllup den 17de Juni 1871 (J. A. Hägg),,,,,,
WOR171850,work,VÆRK-REGISTER,MUSIK,Vokal- og Instrumentalmusik,(blank),»Kennst Du das Land -« (J. F. Reichardt),,,,,,
WOR171900,work,VÆRK-REGISTER,MUSIK,Vokal- og Instrumentalmusik,(blank),"Klaverkoncert, a-mol (op. 12) (August Winding)",,,,,,
WOR171950,work,VÆRK-REGISTER,MUSIK,Vokal- og Instrumentalmusik,(blank),[Klaver-Trio] (Th. B. Sick),,,,,,
WOR172000,work,VÆRK-REGISTER,MUSIK,Vokal- og Instrumentalmusik,(blank),»Kong Christian stod ved høien Mast -«,,,,,,
WOR172050,work,VÆRK-REGISTER,MUSIK,Vokal- og Instrumentalmusik,(blank),Korsfarerne (op. 58) (N. W. Gade),,,,,,
WOR172100,work,VÆRK-REGISTER,MUSIK,Vokal- og Instrumentalmusik,(blank),Krigen derovre (»Det var ved Paasketide -«) (N. P. Hillebrandt),,,,,,
WOR172150,work,VÆRK-REGISTER,MUSIK,Vokal- og Instrumentalmusik,(blank),"»La donna è mobile« (af: Rigoletto, G. Verdi)",,,,,,
WOR172200,work,VÆRK-REGISTER,MUSIK,Vokal- og Instrumentalmusik,(blank),The Last Rose of Summer (irsk Folkevise),,,,,,
WOR172250,work,VÆRK-REGISTER,MUSIK,Vokal- og Instrumentalmusik,(blank),Leonore-Ouverture Nr. 3 (op. 72a) (L. van Beethoven),,,,,,
WOR172300,work,VÆRK-REGISTER,MUSIK,Vokal- og Instrumentalmusik,(blank),Lieder ohne Worte (F. Mendelssohn-Bartholdy),,,,,,
WOR172350,work,VÆRK-REGISTER,MUSIK,Vokal- og Instrumentalmusik,(blank),»Lott ist todt«,,,,,,
WOR172400,work,VÆRK-REGISTER,MUSIK,Vokal- og Instrumentalmusik,(blank),Længsels-Vals (L. Van Beethoven),,,,,,
WOR172450,work,VÆRK-REGISTER,MUSIK,Vokal- og Instrumentalmusik,(blank),"Les Marionettes, Polka-Mazurka (Neumann)",,,,,,
WOR172500,work,VÆRK-REGISTER,MUSIK,Vokal- og Instrumentalmusik,(blank),Marseillaisen (Rouget de Lisle),,,,,,
WOR172550,work,VÆRK-REGISTER,MUSIK,Vokal- og Instrumentalmusik,(blank),Messias (G. F. Händel),,,,,,
WOR172600,work,VÆRK-REGISTER,MUSIK,Vokal- og Instrumentalmusik,(blank),Miserere (Gregorio Allegri),,,,,,
WOR172650,work,VÆRK-REGISTER,MUSIK,Vokal- og Instrumentalmusik,(blank),Modersmaalet (H. Rung),,,,,,
WOR172700,work,VÆRK-REGISTER,MUSIK,Vokal- og Instrumentalmusik,(blank),Märzveilchen (op. 40 nr. 1) (Robert Schumann),,,,,,
WOR172750,work,VÆRK-REGISTER,MUSIK,Vokal- og Instrumentalmusik,(blank),Der Mönch (G. Meyerbeer),,,,,,
WOR172800,work,VÆRK-REGISTER,MUSIK,Vokal- og Instrumentalmusik,(blank),Nat i Skoven (af H.C. Andersens Intermedium til »Kildereisen«). (J. P. E. Hartmann),,,,,,
WOR172850,work,VÆRK-REGISTER,MUSIK,Vokal- og Instrumentalmusik,(blank),Neckens polska (svensk Folkemelodi),,,,,,
WOR172900,work,VÆRK-REGISTER,MUSIK,Vokal- og Instrumentalmusik,(blank),Die Neckrose (N. W. Gade),,,,,,
WOR172950,work,VÆRK-REGISTER,MUSIK,Vokal- og Instrumentalmusik,(blank),Noël (Weihnachtslied) (op. 79 nr. 17) (Robert Schumann),,,,,,
WOR173000,work,VÆRK-REGISTER,MUSIK,Vokal- og Instrumentalmusik,(blank),"Novellette i sex Smaastykker, f. Pfte, (op. 55b) (J. P. E. Hartmann)",,,,,,
WOR173050,work,VÆRK-REGISTER,MUSIK,Vokal- og Instrumentalmusik,(blank),Nøkken (Ole Bull),,,,,,
WOR173100,work,VÆRK-REGISTER,MUSIK,Vokal- og Instrumentalmusik,(blank),"Oktet, F-Dur (op. 17) (N. W. Gade)",,,,,,
WOR173150,work,VÆRK-REGISTER,MUSIK,Vokal- og Instrumentalmusik,(blank),Olav Trygvason (»Brede Seil over Nordsjø gaar -«) (R. Nordraak),,,,,,
WOR173200,work,VÆRK-REGISTER,MUSIK,Vokal- og Instrumentalmusik,(blank),Paulus (op. 36) (F. Mendelssohn-Bartholdy),,,,,,
WOR173250,work,VÆRK-REGISTER,MUSIK,Vokal- og Instrumentalmusik,(blank),Peer og Maren (E. Horneman),,,,,,
WOR173300,work,VÆRK-REGISTER,MUSIK,Vokal- og Instrumentalmusik,(blank),Pensée (Karl Riccius),,,,,,
WOR173350,work,VÆRK-REGISTER,MUSIK,Vokal- og Instrumentalmusik,(blank),Phantasie über »Robert der Teufel« (Franz Liszt),,,,,,
WOR173400,work,VÆRK-REGISTER,MUSIK,Vokal- og Instrumentalmusik,(blank),Requiem (Michael Haydn),,,,,,
WOR173450,work,VÆRK-REGISTER,MUSIK,Vokal- og Instrumentalmusik,(blank),Requiem (W. A. Mozart),,,,,,
WOR173500,work,VÆRK-REGISTER,MUSIK,Vokal- og Instrumentalmusik,(blank),Romance (R. Nordraak),,,,,,
WOR173550,work,VÆRK-REGISTER,MUSIK,Vokal- og Instrumentalmusik,(blank),"Romance for Violin med Klaver, G-dur (op. 40) (L. van Beethoven)",,,,,,
WOR173600,work,VÆRK-REGISTER,MUSIK,Vokal- og Instrumentalmusik,(blank),Romancer og Sange (C. E. F. Weyse),,,,,,
WOR173650,work,VÆRK-REGISTER,MUSIK,Vokal- og Instrumentalmusik,(blank),Roselil og hendes Moder - (Folkemelodi),,,,,,
WOR173700,work,VÆRK-REGISTER,MUSIK,Vokal- og Instrumentalmusik,(blank),»Schleswig-Holstein meerumschlungen« (Carl Gottlieb Bellmann),,,,,,
WOR173750,work,VÆRK-REGISTER,MUSIK,Vokal- og Instrumentalmusik,(blank),"»See Søen hist, hvor Solen daler -«",,,,,,
WOR173800,work,VÆRK-REGISTER,MUSIK,Vokal- og Instrumentalmusik,(blank),Serenade (Henry Holmes),,,,,,
WOR173850,work,VÆRK-REGISTER,MUSIK,Vokal- og Instrumentalmusik,(blank),"Sex Karakteerstykker, komponerede som Studier for Klaver, med indledende Smaavers af H. C. Andersen (op. 50) (J. P. E. Hartmann)",,,,,,
WOR173900,work,VÆRK-REGISTER,MUSIK,Vokal- og Instrumentalmusik,(blank),"Sigurd Slembe, Musik til -, for Solo, Chor og Orkester (R. Nordraak)",,,,,,
WOR173950,work,VÆRK-REGISTER,MUSIK,Vokal- og Instrumentalmusik,(blank),Slaget ved Fredericia (Henrik Rung),,,,,,
WOR174000,work,VÆRK-REGISTER,MUSIK,Vokal- og Instrumentalmusik,(blank),Der Sohn der Wüste (Heinrich Riccius),,,,,,
WOR174050,work,VÆRK-REGISTER,MUSIK,Vokal- og Instrumentalmusik,(blank),»Solen gaar bag Aasen ned -« (W. Thrane),,,,,,
WOR174100,work,VÆRK-REGISTER,MUSIK,Vokal- og Instrumentalmusik,(blank),Der Soldat (op. 40 nr. 3) (Robert Schumann),,,,,,
WOR174150,work,VÆRK-REGISTER,MUSIK,Vokal- og Instrumentalmusik,(blank),Sommerfuglen (= Nr. 2 af Sex Karakteerstykker op. 50) (J. P. E. Hartmann),,,,,,
WOR174200,work,VÆRK-REGISTER,MUSIK,Vokal- og Instrumentalmusik,(blank),Der Spielmann (op. 40 nr. 4) (Robert Schumann),,,,,,
WOR174250,work,VÆRK-REGISTER,MUSIK,Vokal- og Instrumentalmusik,(blank),Stabat mater (Volkmar Busch),,,,,,
WOR174300,work,VÆRK-REGISTER,MUSIK,Vokal- og Instrumentalmusik,(blank),Studenten fra Lund (J. A. Hägg),,,,,,
WOR174350,work,VÆRK-REGISTER,MUSIK,Vokal- og Instrumentalmusik,(blank),Studenternes Sang ved Thorvaldsens Bisættelse (J. P. E. Hartmann),,,,,,
WOR174400,work,VÆRK-REGISTER,MUSIK,Vokal- og Instrumentalmusik,(blank),Studier og Novelletter (for Klaver) (op. 65) (J. P. E. Hartmann),,,,,,
WOR174450,work,VÆRK-REGISTER,MUSIK,Vokal- og Instrumentalmusik,(blank),"Symfoni Nr. 1, c-mol (op. 5) (N. W. Gade)",,,,,,
WOR174500,work,VÆRK-REGISTER,MUSIK,Vokal- og Instrumentalmusik,(blank),"Symfoni Nr. 2, e-mol (Emil Hartmann)",,,,,,
WOR174550,work,VÆRK-REGISTER,MUSIK,Vokal- og Instrumentalmusik,(blank),"Symfoni Nr. 7, A-dur (op. 92) (L. van Beethoven)",,,,,,
WOR174600,work,VÆRK-REGISTER,MUSIK,Vokal- og Instrumentalmusik,(blank),Sørge-Cantate over Høisalig Kong Frederik den Sjette (op. 27) (J.P.E. Hartmann),,,,,,
WOR174650,work,VÆRK-REGISTER,MUSIK,Vokal- og Instrumentalmusik,(blank),Sørgemarsch ved Thorvaldsens Bisættelse (J. P. E. Hartmann),,,,,,
WOR174700,work,VÆRK-REGISTER,MUSIK,Vokal- og Instrumentalmusik,(blank),"Den sørgende Jødinde, af H. C. Andersens Ahasverus, f. Sopransolo, Damekor og Orkester (J. P. E. Hartmann)",,,,,,
WOR174750,work,VÆRK-REGISTER,MUSIK,Vokal- og Instrumentalmusik,(blank),Den tappre Landsoldat (E. Horneman),,,,,,
WOR174800,work,VÆRK-REGISTER,MUSIK,Vokal- og Instrumentalmusik,(blank),Tarantelle (Ole Bull),,,,,,
WOR174850,work,VÆRK-REGISTER,MUSIK,Vokal- og Instrumentalmusik,(blank),»Te voglio bene -« (napolitansk Folkevise),,,,,,
WOR174900,work,VÆRK-REGISTER,MUSIK,Vokal- og Instrumentalmusik,(blank),Terpsichore-Vals (Carl Edström),,,,,,
WOR174950,work,VÆRK-REGISTER,MUSIK,Vokal- og Instrumentalmusik,(blank),Thrymskviden. Gudernes Indtogsmarch (op. 67) (J. P. E. Hartmann),,,,,,
WOR175000,work,VÆRK-REGISTER,MUSIK,Vokal- og Instrumentalmusik,(blank),"Til Kong Frederik VII.s Minde, Studenterforeningen 20.12.1863 (C. J. Hansen)",,,,,,
WOR175050,work,VÆRK-REGISTER,MUSIK,Vokal- og Instrumentalmusik,(blank),Tre Klaverstykker (Mazurka - Largo - Mazurka) (G. Matthison-Hansen),,,,,,
WOR175100,work,VÆRK-REGISTER,MUSIK,Vokal- og Instrumentalmusik,(blank),Il trillo di diavolo (G. Tartini),,,,,,
WOR175150,work,VÆRK-REGISTER,MUSIK,Vokal- og Instrumentalmusik,(blank),"Trio for Klaver, Violin og Violoncel, F-dur (op. 42) (N. W. Gade)",,,,,,
WOR175200,work,VÆRK-REGISTER,MUSIK,Vokal- og Instrumentalmusik,(blank),Vandring i Skoven (op. 18 nr. 1) (Edvard Grieg),,,,,,
WOR175250,work,VÆRK-REGISTER,MUSIK,Vokal- og Instrumentalmusik,(blank),Le vieux soldat (François Riga),,,,,,
WOR175300,work,VÆRK-REGISTER,MUSIK,Vokal- og Instrumentalmusik,(blank),»Vift stolt paa Codans Bølge« (R. Bay),,,,,,
WOR175350,work,VÆRK-REGISTER,MUSIK,Vokal- og Instrumentalmusik,(blank),»Vintern rasat ut bland våra fjällar -« (Otto Lindblad),,,,,,
WOR175400,work,VÆRK-REGISTER,MUSIK,Vokal- og Instrumentalmusik,(blank),»Vor Gud han er saa fast en Borg -«,,,,,,
WOR175450,work,VÆRK-REGISTER,MUSIK,Vokal- og Instrumentalmusik,(blank),Der Wanderer (Fr. Schubert),,,,,,
WOR175500,work,VÆRK-REGISTER,MUSIK,Vokal- og Instrumentalmusik,(blank),"Weihe der Töne (Symfoni Nr. 4, F-dur, op. 86) (L. Spohr)",,,,,,
WOR175550,work,VÆRK-REGISTER,MUSIK,Vokal- og Instrumentalmusik,(blank),"Zigeunermärchen, af Goethes Götz von Berlichingen, f. Mezzosopran, Kor og Orkester (J. P. E. Hartmann)",,,,,,
WOR175600,work,VÆRK-REGISTER,MUSIK,Vokal- og Instrumentalmusik,(blank),Ørkenens Søn (P. Heise),,,,,,
WOR175650,work,VÆRK-REGISTER,MUSIK,Balletter,(blank),Afguden paa Ceylon (V. Galeotti),,,,,,
WOR175700,work,VÆRK-REGISTER,MUSIK,Balletter,(blank),"Althea (21.5.1854, Dresden)",,,,,,
WOR175750,work,VÆRK-REGISTER,MUSIK,Balletter,(blank),Amors og Balletmesterens Luner (V. Galeotti),,,,,,
WOR175800,work,VÆRK-REGISTER,MUSIK,Balletter,(blank),Arkona (A. Bournonville),,,,,,
WOR175850,work,VÆRK-REGISTER,MUSIK,Balletter,(blank),Armida (Carl Dahlén),,,,,,
WOR175900,work,VÆRK-REGISTER,MUSIK,Balletter,(blank),Bellman eller Polskdansen paa Grönalund (A. Bournonville),,,,,,
WOR175950,work,VÆRK-REGISTER,MUSIK,Balletter,(blank),Blomsterfesten i Genzano (A. Bournonville),,,,,,
WOR176000,work,VÆRK-REGISTER,MUSIK,Balletter,(blank),Brudefærden i Hardanger (A. Bournonville),,,,,,
WOR176050,work,VÆRK-REGISTER,MUSIK,Balletter,(blank),Conservatoriet (A. Bournonville),,,,,,
WOR176100,work,VÆRK-REGISTER,MUSIK,Balletter,(blank),Cort Adeler i Venedig (A. Bournonville),,,,,,
WOR176150,work,VÆRK-REGISTER,MUSIK,Balletter,(blank),"Cracovienne (polsk Dans) (21.3.1846, Teatro grande, Trieste. - 13.6.1849. Kgl. Teater, Stockholm)",,,,,,
WOR176200,work,VÆRK-REGISTER,MUSIK,Balletter,(blank),"Danina eller Jocko, den brasilianske Abe (P. Larcher efter F. Taglioni)",,,,,,
WOR176250,work,VÆRK-REGISTER,MUSIK,Balletter,(blank),Danse-Divertissement (1870) (A. Bournonville),,,,,,
WOR176300,work,VÆRK-REGISTER,MUSIK,Balletter,(blank),"Il Diavolo in Milano (9.6.1861, Teatro Vittorio Emanuele, Torino)",,,,,,
WOR176350,work,VÆRK-REGISTER,MUSIK,Balletter,(blank),Divertissement af Troubaduren (A. Bournonville),,,,,,
WOR176400,work,VÆRK-REGISTER,MUSIK,Balletter,(blank),Le due regine (L. Morosini),,,,,,
WOR176450,work,VÆRK-REGISTER,MUSIK,Balletter,(blank),Erik Menveds Barndom (A. Bournonville),,,,,,
WOR176500,work,VÆRK-REGISTER,MUSIK,Balletter,(blank),Esmeralda (Jules Perrot),,,,,,
WOR176550,work,VÆRK-REGISTER,MUSIK,Balletter,(blank),Et Eventyr i Billeder (A. Bournonville),,,,,,
WOR176600,work,VÆRK-REGISTER,MUSIK,Balletter,(blank),Der Fassbinder (Barchielli),,,,,,
WOR176650,work,VÆRK-REGISTER,MUSIK,Balletter,(blank),Festen i Albano (A. Bournonville),,,,,,
WOR176700,work,VÆRK-REGISTER,MUSIK,Balletter,(blank),Fjeldstuen (A. Bournonville),,,,,,
WOR176750,work,VÆRK-REGISTER,MUSIK,Balletter,(blank),Fjernt fra Danmark (A. Bournonville),,,,,,
WOR176800,work,VÆRK-REGISTER,MUSIK,Balletter,(blank),Il flauto magico (Gaetano Gioia),,,,,,
WOR176850,work,VÆRK-REGISTER,MUSIK,Balletter,(blank),Flick und Flock (Paul Taglioni),,,,,,
WOR176900,work,VÆRK-REGISTER,MUSIK,Balletter,(blank),Et Folkesagn (A. Bournonville),,,,,,
WOR176950,work,VÆRK-REGISTER,MUSIK,Balletter,(blank),"Frantzia (4.1.1863, Bordeaux)",,,,,,
WOR177000,work,VÆRK-REGISTER,MUSIK,Balletter,(blank),Galopade af Phantasiens Ø (A. Bournonville),,,,,,
WOR177050,work,VÆRK-REGISTER,MUSIK,Balletter,(blank),"Giselle (J. H. de Saint-Georges, Théophile Gautier og Jean Coralli)",,,,,,
WOR177100,work,VÆRK-REGISTER,MUSIK,Balletter,(blank),"Giuditta regina di Francia (21.9.1833, La Scala, Milano)",,,,,,
WOR177150,work,VÆRK-REGISTER,MUSIK,Balletter,(blank),Graziosa (J. Derley og L. Petipa),,,,,,
WOR177200,work,VÆRK-REGISTER,MUSIK,Balletter,(blank),Hertugen af Vendômes Pager (J. P. Aumer),,,,,,
WOR177250,work,VÆRK-REGISTER,MUSIK,Balletter,(blank),"De Hinde in het Bosch, of Het Koningrijk der Toovergodin, Balletpantomime efter La Biche au Bois (A. P. Voitus van Hamme)",,,,,,
WOR177300,work,VÆRK-REGISTER,MUSIK,Balletter,(blank),Holberg. Tableau ved Det kgl. Teaters Aabningsforestilling 15.10.1874 (A. Bournonville),,,,,,
WOR177350,work,VÆRK-REGISTER,MUSIK,Balletter,(blank),"Isola d'amore (23.4.1861, Teatro Carlo Felice, Torino)",,,,,,
WOR177400,work,VÆRK-REGISTER,MUSIK,Balletter,(blank),La Jolie fille de Gand (J. H. de Saint-Georges og Albert),,,,,,
WOR177450,work,VÆRK-REGISTER,MUSIK,Balletter,(blank),Kermessen i Brügge (A. Bournonville),,,,,,
WOR177500,work,VÆRK-REGISTER,MUSIK,Balletter,(blank),Kjærligheds-Spaadommen (A. Bournonville),,,,,,
WOR177550,work,VÆRK-REGISTER,MUSIK,Balletter,(blank),La Lithauienne (A. Bournonville),,,,,,
WOR177600,work,VÆRK-REGISTER,MUSIK,Balletter,(blank),Livjægerne paa Amager (A. Bournonville),,,,,,
WOR177650,work,VÆRK-REGISTER,MUSIK,Balletter,(blank),"La malagueña (spansk Dans) (8.4.1843. Variétés, Paris)",,,,,,
WOR177700,work,VÆRK-REGISTER,MUSIK,Balletter,(blank),Des Malers Traumbild (Jules Perrot),,,,,,
WOR177750,work,VÆRK-REGISTER,MUSIK,Balletter,(blank),Mandarinens Døttre (A. Bournonville),,,,,,
WOR177800,work,VÆRK-REGISTER,MUSIK,Balletter,(blank),Le Marché des innocents (M. Petipa og L. Petipa),,,,,,
WOR177850,work,VÆRK-REGISTER,MUSIK,Balletter,(blank),"Mefistofeles, Dansedivertissement af Tryllespillet Le pied de mouton (Folketeatret 31.8.1865)",,,,,,
WOR177900,work,VÆRK-REGISTER,MUSIK,Balletter,(blank),Napoli eller Fiskeren og hans Brud (A. Bournonville),,,,,,
WOR177950,work,VÆRK-REGISTER,MUSIK,Balletter,(blank),"Die nebelgehüllten Mädchen (24.11.1840, München)",,,,,,
WOR178000,work,VÆRK-REGISTER,MUSIK,Balletter,(blank),"Der neue Narciss (24.4.1833, Hamburg)",,,,,,
WOR178050,work,VÆRK-REGISTER,MUSIK,Balletter,(blank),Nina eller den Vanvittige af Kjærlighed (L. J. Milon),,,,,,
WOR178100,work,VÆRK-REGISTER,MUSIK,Balletter,(blank),Oprøret i Seraillet (Filippo Taglioni),,,,,,
WOR178150,work,VÆRK-REGISTER,MUSIK,Balletter,(blank),"L'orfana di Velberg (9.10.1833, Firenze)",,,,,,
WOR178200,work,VÆRK-REGISTER,MUSIK,Balletter,(blank),Pas de trois (A. Bournonville),,,,,,
WOR178250,work,VÆRK-REGISTER,MUSIK,Balletter,(blank),Pas de quatre (Gustave Carey),,,,,,
WOR178300,work,VÆRK-REGISTER,MUSIK,Balletter,(blank),"Les Pas des déesses (29.7.1847, Her Majesty's Theatre, London)",,,,,,
WOR178350,work,VÆRK-REGISTER,MUSIK,Balletter,(blank),"Il Pelagio (26.12.1840, Teatro Apollo, Rom)",,,,,,
WOR178400,work,VÆRK-REGISTER,MUSIK,Balletter,(blank),Phantasiens Ø (A. Bournonville),,,,,,
WOR178450,work,VÆRK-REGISTER,MUSIK,Balletter,(blank),"Polka de Carneval, udføres af Hr. Edström (Casino 25.9.1864)",,,,,,
WOR178500,work,VÆRK-REGISTER,MUSIK,Balletter,(blank),Polka militaire (A. Bournonville),,,,,,
WOR178550,work,VÆRK-REGISTER,MUSIK,Balletter,(blank),Pontemolle (A. Bournonville),,,,,,
WOR178600,work,VÆRK-REGISTER,MUSIK,Balletter,(blank),Sardanapal (Paul Taglioni),,,,,,
WOR178650,work,VÆRK-REGISTER,MUSIK,Balletter,(blank),"Die schöne Arsene oder die neue Amazone (25.5.1834, München)",,,,,,
WOR178700,work,VÆRK-REGISTER,MUSIK,Balletter,(blank),"Sennora Pepita dandsende El Ole. Imitation, udføres af Hr. Edström (Casino 23.9.1864)",,,,,,
WOR178750,work,VÆRK-REGISTER,MUSIK,Balletter,(blank),Skandinavisk Qvadrille (A. Bournonville),,,,,,
WOR178800,work,VÆRK-REGISTER,MUSIK,Balletter,(blank),Soldat og Bonde (A. Bournonville),,,,,,
WOR178850,work,VÆRK-REGISTER,MUSIK,Balletter,(blank),La Source (Chr. Nuittier og Saint-Léon),,,,,,
WOR178900,work,VÆRK-REGISTER,MUSIK,Balletter,(blank),"Den standhaftige Hajdukke, Fiske-Ballet (Carl og Conrad Møller o.fl.)",,,,,,
WOR178950,work,VÆRK-REGISTER,MUSIK,Balletter,(blank),"Stellina, Dansedivertissement (A. Gredelue)",,,,,,
WOR179000,work,VÆRK-REGISTER,MUSIK,Balletter,(blank),Steyrisk Dans (A. Bournonville),,,,,,
WOR179050,work,VÆRK-REGISTER,MUSIK,Balletter,(blank),Sylfiden (A. Bournonville),,,,,,
WOR179100,work,VÆRK-REGISTER,MUSIK,Balletter,(blank),Søvngjængersken (Aumer og Scribe),,,,,,
WOR179150,work,VÆRK-REGISTER,MUSIK,Balletter,(blank),Thrymskviden (A. Bournonville),,,,,,
WOR179200,work,VÆRK-REGISTER,MUSIK,Balletter,(blank),Toreadoren (A. Bournonville),,,,,,
WOR179250,work,VÆRK-REGISTER,MUSIK,Balletter,(blank),Valkyrien (A. Bournonville),,,,,,
WOR179300,work,VÆRK-REGISTER,MUSIK,Balletter,(blank),La Ventana (A. Bournonville),,,,,,
WOR179350,work,VÆRK-REGISTER,MUSIK,Balletter,(blank),Waldemar (A. Bournonville),,,,,,
WOR179400,work,VÆRK-REGISTER,MUSIK,Balletter,(blank),"Weyses Minde, Ballet-Epilog 5.3.1874 (A. Bournonville)",,,,,,
WOR179450,work,VÆRK-REGISTER,MUSIK,Balletter,(blank),Oehlenschläger. Tableau ved Det kgl. Teaters Aabningsforestilling 15.10.1874 (A. Bournonville),,,,,,
LOC1000000,place,STED-REGISTER,Property,,,Abbotsford,Skotland,,,,,
LOC1000050,place,STED-REGISTER,Point of interest (POI),,,Abydos,Grækenland,,,,,
LOC1000100,place,STED-REGISTER,City,,,Acquapendente,Italien,,,,,
LOC1000150,place,STED-REGISTER,Point of interest (POI),,,Adamsthal,Tyskland,,,,,
LOC1000200,place,STED-REGISTER,City,,,Adelsberg (Adlersberg?),Slovenien,,,,,
LOC1000250,place,STED-REGISTER,Sea,,,Adriaterhavet,Italien,,,,,
LOC1000300,place,STED-REGISTER,Continent,,,Afrika,Afrika,,,,,
LOC1000350,place,STED-REGISTER,Island,,,Agersø,Danmark,,,,,
LOC1000400,place,STED-REGISTER,Lake,,,Agnano-Søen,Italien,,,,,
LOC1000450,place,STED-REGISTER,City,,,Ahlhorn,Tyskland,,,,,
LOC1000500,place,STED-REGISTER,City,,,Aigle,Schweiz,,,,,
LOC1000550,place,STED-REGISTER,City,,,Ajaccio,Frankrig,,,,,
LOC1000600,place,STED-REGISTER,Point of interest (POI),,,Akropolis,Grækenland,,,,,
LOC1000650,place,STED-REGISTER,City,,,Ala,Italien,,,,,
LOC1000700,place,STED-REGISTER,Mountain,,,Albanerbjergene,Italien,,,,,
LOC1000750,place,STED-REGISTER,Lake,,,Albaner-Søen,Italien,,,,,
LOC1000800,place,STED-REGISTER,City,,,Albano Laziale,Italien,,,,,
LOC1000850,place,STED-REGISTER,Mountain,,,Albula-Pas,Schweiz,,,,,
LOC1000900,place,STED-REGISTER,City,,,Alcázar de San Juan,Spanien,,,,,
LOC1000950,place,STED-REGISTER,Property,,,"Alcázar, Sevilla",Spanien,,,,,
LOC1001000,place,STED-REGISTER,City,,,Alexandria,Egypten,,,,,
LOC1001050,place,STED-REGISTER,City,,,Alexisbad,Tyskland,,,,,
LOC1001100,place,STED-REGISTER,City,,,Alfeld,Tyskland,,,,,
LOC1001150,place,STED-REGISTER,City,,,Algeciras,Spanien,,,,,
LOC1001200,place,STED-REGISTER,City,,,Algier,Algeriet,,,,,
LOC1001250,place,STED-REGISTER,Property,,,Alhambra,Spanien,,,,,
LOC1001300,place,STED-REGISTER,City,,,Alicante,Spanien,,,,,
LOC1001350,place,STED-REGISTER,City,,,Almadén,Spanien,,,,,
LOC1001400,place,STED-REGISTER,City,,,Almansa,Spanien,,,,,
LOC1001450,place,STED-REGISTER,City,,,Almeria,Spanien,,,,,
LOC1001500,place,STED-REGISTER,Mountain,,,Alperne,Europa,,,,,
LOC1001550,place,STED-REGISTER,City,,,Alpnach,Schweiz,,,,,
LOC1001600,place,STED-REGISTER,Lake,,,Alpsee (ved Hohenschwangau),Tyskland,,,,,
LOC1001650,place,STED-REGISTER,Island,,,Als,Danmark,,,,,
LOC1001700,place,STED-REGISTER,Sea,,,Alssund,Danmark,,,,,
LOC1001750,place,STED-REGISTER,River,,,Alsteren,Tyskland,,,,,
LOC1001800,place,STED-REGISTER,City,,,Altenburg,Tyskland,,,,,
LOC1001850,place,STED-REGISTER,City,,,Altona,Tyskland,,,,,
LOC1001900,place,STED-REGISTER,City,,,Altorf,Schweiz,,,,,
LOC1001950,place,STED-REGISTER,City,,,Altstädten,Tyskland,,,,,
LOC1002000,place,STED-REGISTER,City,,,"Alveneu, Bad",Schweiz,,,,,
LOC1002050,place,STED-REGISTER,City,,,Alvesta,Sverige,,,,,
LOC1002100,place,STED-REGISTER,River,,,Alz,Tyskland,,,,,
LOC1002150,place,STED-REGISTER,Island,,,Amager,Danmark,,,,,
LOC1002200,place,STED-REGISTER,Region,,,Amalfi,Italien,,,,,
LOC1002250,place,STED-REGISTER,City,,,Amasra,Tyrkiet,,,,,
LOC1002300,place,STED-REGISTER,Property,,,Amboise,Frankrig,,,,,
LOC1002350,place,STED-REGISTER,Property,,,Ambras,Østrig,,,,,
LOC1002400,place,STED-REGISTER,Country,,,Amerika (De Forenede Stater),USA,,,,,
LOC1002450,place,STED-REGISTER,City,,,Amiens,Frankrig,,,,,
LOC1002500,place,STED-REGISTER,Island,,,Amrum,Tyskland,,,,,
LOC1002550,place,STED-REGISTER,City,,,Amsteg,Schweiz,,,,,
LOC1002600,place,STED-REGISTER,City,,,Amsterdam,Holland,,,,,
LOC1002650,place,STED-REGISTER,City,,,Amstetten,Østrig,,,,,
LOC1002700,place,STED-REGISTER,River,,,Amur-Floden,Kina,,,,,
LOC1002750,place,STED-REGISTER,Point of interest (POI),,,Amönenhöhe (ved ltzehoe),Tyskland,,,,,
LOC1002800,place,STED-REGISTER,City,,,Anacapri,Italien,,,,,
LOC1002850,place,STED-REGISTER,City,,,Ancona,Italien,,,,,
LOC1002900,place,STED-REGISTER,City,,,Andeer,Schweiz,,,,,
LOC1002950,place,STED-REGISTER,City,,,Andermatt,Schweiz,,,,,
LOC1003000,place,STED-REGISTER,City,,,Andernach,Tyskland,,,,,
LOC1003050,place,STED-REGISTER,Region,,,Andersbo,Sverige,,,,,
LOC1003100,place,STED-REGISTER,Region,,,"Andersens Højland (H.C. Andersens Bænk, Aasen, Silkeborg)",Danmark,,,,,
LOC1003150,place,STED-REGISTER,City,,,Andújar,Spanien,,,,,
LOC1003200,place,STED-REGISTER,Region,,,Angel,Tyskland,,,,,
LOC1003250,place,STED-REGISTER,City,,,Angora,Tyrkiet,,,,,
LOC1003300,place,STED-REGISTER,City,,,Angoulême,Frankrig,,,,,
LOC1003350,place,STED-REGISTER,Property,,,Anhof,Danmark,,,,,
LOC1003400,place,STED-REGISTER,Island,,,Anholt,Danmark,,,,,
LOC1003450,place,STED-REGISTER,River,,,Aniene,Italien,,,,,
LOC1003500,place,STED-REGISTER,City,,,Antibes,Frankrig,,,,,
LOC1003550,place,STED-REGISTER,Property,,,Antvorskov,Danmark,,,,,
LOC1003600,place,STED-REGISTER,City,,,Antwerpen,Belgien,,,,,
LOC1003650,place,STED-REGISTER,City,,,Apatin,Serbien,,,,,
LOC1003700,place,STED-REGISTER,Mountain,,,Apenninerne,Italien,,,,,
LOC1003750,place,STED-REGISTER,City,,,Appenweier,Tyskland,,,,,
LOC1003800,place,STED-REGISTER,Region,,,Appenzell (Kanton),Schweiz,,,,,
LOC1003850,place,STED-REGISTER,City,,,Aranjuez,Spanien,,,,,
LOC1003900,place,STED-REGISTER,City,,,Arbesau,Tjekkiet,,,,,
LOC1003950,place,STED-REGISTER,City,,,Arco,Italien,,,,,
LOC1004000,place,STED-REGISTER,Point of interest (POI),,,"Arco naturale, Capri",Italien,,,,,
LOC1004050,place,STED-REGISTER,City,,,Arezzo,Italien,,,,,
LOC1004100,place,STED-REGISTER,City,,,Argos,Grækenland,,,,,
LOC1004150,place,STED-REGISTER,City,,,Ariccia,Italien,,,,,
LOC1004200,place,STED-REGISTER,Region,,,Arkaden,Grækenland,,,,,
LOC1004250,place,STED-REGISTER,City,,,Arles,Frankrig,,,,,
LOC1004300,place,STED-REGISTER,City,,,Arnhem,Holland,,,,,
LOC1004350,place,STED-REGISTER,River,,,Arno,Italien,,,,,
LOC1004400,place,STED-REGISTER,City,,,Arona,Italien,,,,,
LOC1004450,place,STED-REGISTER,Region,,,Arrábida,Portugal,,,,,
LOC1004500,place,STED-REGISTER,City,,,Arth,Schweiz,,,,,
LOC1004550,place,STED-REGISTER,River,,,Arve,Frankrig,,,,,
LOC1004600,place,STED-REGISTER,City,,,Aschersleben,Tyskland,,,,,
LOC1004650,place,STED-REGISTER,Continent,,,Asien,Asien,,,,,
LOC1004700,place,STED-REGISTER,Region,,,Askerlandet (ved Christiania),Norge,,,,,
LOC1004750,place,STED-REGISTER,Property,,,Asmildkloster,Danmark,,,,,
LOC1004800,place,STED-REGISTER,City,,,Asnæs,Danmark,,,,,
LOC1004850,place,STED-REGISTER,City,,,Assens,Danmark,,,,,
LOC1004900,place,STED-REGISTER,City,,,Assisi,Italien,,,,,
LOC1004950,place,STED-REGISTER,City,,,Assmannshausen,Tyskland,,,,,
LOC1005000,place,STED-REGISTER,City,,,Athen,Grækenland,,,,,
LOC1005050,place,STED-REGISTER,Sea,,,Atlanterhavet,Verden,,,,,
LOC1005100,place,STED-REGISTER,Mountain,,,Atlasbjergene,Afrika,,,,,
LOC1005150,place,STED-REGISTER,Point of interest (POI),,,Auf der Jugend (ved Hohensehwangau),Tyskland,,,,,
LOC1005200,place,STED-REGISTER,City,,,Augsburg,Tyskland,,,,,
LOC1005250,place,STED-REGISTER,Property,,,Augustenborg,Danmark,,,,,
LOC1005300,place,STED-REGISTER,Sea,,,Augustenborg Fjord,Danmark,,,,,
LOC1005350,place,STED-REGISTER,City,,,Aurich,Tyskland,,,,,
LOC1005400,place,STED-REGISTER,City,,,Aussig,Tjekkiet,,,,,
LOC1005450,place,STED-REGISTER,Country,,,Australien,Australien,,,,,
LOC1005500,place,STED-REGISTER,City,,,Aveiro,Portugal,,,,,
LOC1005550,place,STED-REGISTER,Lake,,,Averner-Søen,Italien,,,,,
LOC1005600,place,STED-REGISTER,City,,,Avesta,Sverige,,,,,
LOC1005650,place,STED-REGISTER,City,,,Avignon,Frankrig,,,,,
LOC1005700,place,STED-REGISTER,Point of interest (POI),,,Axenstein,Schweiz,,,,,
LOC1005750,place,STED-REGISTER,Region,,,Axenstrasse,Schweiz,,,,,
LOC1005800,place,STED-REGISTER,Point of interest (POI),,,Babakaj,Rumænien,,,,,
LOC1005850,place,STED-REGISTER,City,,,Baccano (Boccano?),Italien,,,,,
LOC1005900,place,STED-REGISTER,City,,,Bacharach,Tyskland,,,,,
LOC1005950,place,STED-REGISTER,City,,,Bács (Páks),Ungarn,,,,,
LOC1006000,place,STED-REGISTER,City,,,Badajoz,Spanien,,,,,
LOC1006050,place,STED-REGISTER,City,,,Baden (Storhertugdømme),Østrig,,,,,
LOC1006100,place,STED-REGISTER,City,,,Baden (ved Wien),Østrig,,,,,
LOC1006150,place,STED-REGISTER,City,,,Baden-Baden,Tyskland,,,,,
LOC1006200,place,STED-REGISTER,City,,,Badenweiler,Tyskland,,,,,
LOC1006250,place,STED-REGISTER,City,,,Badgastein,Østrig,,,,,
LOC1006300,place,STED-REGISTER,Point of interest (POI),,,Baia,Italien,,,,,
LOC1006350,place,STED-REGISTER,City,,,Bailén,Spanien,,,,,
LOC1006400,place,STED-REGISTER,City,,,Baja (Ungarn),Ungarn,,,,,
LOC1006450,place,STED-REGISTER,Point of interest (POI),,,Balbek,Libanon,,,,,
LOC1006500,place,STED-REGISTER,Mountain,,,Balkan-Bjergene,Europa,,,,,
LOC1006550,place,STED-REGISTER,Property,,,Balloch,Skotland,,,,,
LOC1006600,place,STED-REGISTER,City,,,Bamberg,Tyskland,,,,,
LOC1006650,place,STED-REGISTER,City,,,Bandholm,Danmark,,,,,
LOC1006700,place,STED-REGISTER,Property,,,Bangsbo,Danmark,,,,,
LOC1006750,place,STED-REGISTER,Region,,,Bannockburn,Skotland,,,,,
LOC1006800,place,STED-REGISTER,City,,,Barcelona,Spanien,,,,,
LOC1006850,place,STED-REGISTER,City,,,Barreiro,Portugal,,,,,
LOC1006900,place,STED-REGISTER,City,,,Basel,Schweiz,,,,,
LOC1006950,place,STED-REGISTER,City,,,Basiasch (Bazías),Rumænien,,,,,
LOC1007000,place,STED-REGISTER,City,,,Basingstoke,England,,,,,
LOC1007050,place,STED-REGISTER,Property,,,Basnæs,Danmark,,,,,
LOC1007100,place,STED-REGISTER,City,,,Bassum,Tyskland,,,,,
LOC1007150,place,STED-REGISTER,Mountain,,,Bastei,Tyskland,,,,,
LOC1007200,place,STED-REGISTER,Region,,,Batavia,Holland,,,,,
LOC1007250,place,STED-REGISTER,Point of interest (POI),,,Baumannshöhle,Tyskland,,,,,
LOC1007300,place,STED-REGISTER,Property,,,Bavelse,Danmark,,,,,
LOC1007350,place,STED-REGISTER,Lake,,,Bavelse Sø,Danmark,,,,,
LOC1007400,place,STED-REGISTER,City,,,Baveno,Italien,,,,,
LOC1007450,place,STED-REGISTER,Region,,,Bayern,Tyskland,,,,,
LOC1007500,place,STED-REGISTER,City,,,Bayonne,Frankrig,,,,,
LOC1007550,place,STED-REGISTER,City,,,Bayreuth,Tyskland,,,,,
LOC1007600,place,STED-REGISTER,City,,,Beaucaire,Frankrig,,,,,
LOC1007650,place,STED-REGISTER,City,,,Bebra,Tyskland,,,,,
LOC1007700,place,STED-REGISTER,City,,,Beckenried,Schweiz,,,,,
LOC1007750,place,STED-REGISTER,City,,,Beelitz,Tyskland,,,,,
LOC1007800,place,STED-REGISTER,Island,,,Beeren-Eiland (Bjørneøen),Norge,,,,,
LOC1007850,place,STED-REGISTER,City,,,Beinum,Holland,,,,,
LOC1007900,place,STED-REGISTER,City,,,"Beldringe, Baarse S., Præstø A",Danmark,,,,,
LOC1007950,place,STED-REGISTER,Region,,,Belém,Portugal,,,,,
LOC1008000,place,STED-REGISTER,Country,,,Belgien,Belgien,,,,,
LOC1008050,place,STED-REGISTER,City,,,Belgrad,Serbien,,,,,
LOC1008100,place,STED-REGISTER,City,,,Bellaggio,Italien,,,,,
LOC1008150,place,STED-REGISTER,City,,,Bellegarde,Frankrig,,,,,
LOC1008200,place,STED-REGISTER,Point of interest (POI),,,Bellevue (Klampenborg),Danmark,,,,,
LOC1008250,place,STED-REGISTER,Region,,,Belle-Vue (Stockholm),Sverige,,,,,
LOC1008300,place,STED-REGISTER,Property,,,"Bellevue, ved Beldringe",Danmark,,,,,
LOC1008350,place,STED-REGISTER,City,,,Bellinzona,Schweiz,,,,,
LOC1008400,place,STED-REGISTER,Property,,,Belvedere (ved Weimar),Tyskland,,,,,
LOC1008450,place,STED-REGISTER,Property,,,Belvedere (ved Wien),Østrig,,,,,
LOC1008500,place,STED-REGISTER,Region,,,Benfica,Portugal,,,,,
LOC1008550,place,STED-REGISTER,Mountain,,,Ben Lomond,Skotland,,,,,
LOC1008600,place,STED-REGISTER,City,,,Benátky,Tjekkiet,,,,,
LOC1008650,place,STED-REGISTER,City,,,Benediktbeuern,Tyskland,,,,,
LOC1008700,place,STED-REGISTER,City,,,Benevente,Spanien,,,,,
LOC1008750,place,STED-REGISTER,Point of interest (POI),,,Bense-Brug (ved Christiania),Norge,,,,,
LOC1008800,place,STED-REGISTER,City,,,Bentheim,Tyskland,,,,,
LOC1008850,place,STED-REGISTER,City,,,Berg,Sverige,,,,,
LOC1008900,place,STED-REGISTER,Property,,,"Berg, Slot",Luxembourg,,,,,
LOC1008950,place,STED-REGISTER,Region,,,Bergedorf,Tyskland,,,,,
LOC1009000,place,STED-REGISTER,City,,,Bergen,Norge,,,,,
LOC1009050,place,STED-REGISTER,City,,,Bergün,Schweiz,,,,,
LOC1009100,place,STED-REGISTER,City,,,Berlin,Tyskland,,,,,
LOC1009150,place,STED-REGISTER,City,,,Bern,Schweiz,,,,,
LOC1009200,place,STED-REGISTER,Property,,,Bernburg,Tyskland,,,,,
LOC1009250,place,STED-REGISTER,City,,,Berneck,Tyskland,,,,,
LOC1009300,place,STED-REGISTER,Mountain,,,Bernina-Bjergene,Schweiz,,,,,
LOC1009350,place,STED-REGISTER,Property,,,Bernstorff Slot,Danmark,,,,,
LOC1009400,place,STED-REGISTER,City,,,Berwick,England,,,,,
LOC1009450,place,STED-REGISTER,City,,,Besançon,Frankrig,,,,,
LOC1009500,place,STED-REGISTER,City,,,Bex,Schweiz,,,,,
LOC1009550,place,STED-REGISTER,City,,,Béziers,Frankrig,,,,,
LOC1009600,place,STED-REGISTER,City,,,Biarritz,Frankrig,,,,,
LOC1009650,place,STED-REGISTER,Property,,,Bidstrup,Danmark,,,,,
LOC1009700,place,STED-REGISTER,Region,,,Biebrich,Tyskland,,,,,
LOC1009750,place,STED-REGISTER,Region,,,Biecowitz,Tjekkiet,,,,,
LOC1009800,place,STED-REGISTER,City,,,Biel (Bienne),Schweiz,,,,,
LOC1009850,place,STED-REGISTER,Lake,,,Bielersøen,Schweiz,,,,,
LOC1009900,place,STED-REGISTER,Point of interest (POI),,,Bielshöhle,Tyskland,,,,,
LOC1009950,place,STED-REGISTER,City,,,Biessenhofen,Tyskland,,,,,
LOC1010000,place,STED-REGISTER,City,,,Bilbao,Spanien,,,,,
LOC1010050,place,STED-REGISTER,River,,,Bille,Tyskland,,,,,
LOC1010100,place,STED-REGISTER,City,,,Bindlocher,Tyskland,,,,,
LOC1010150,place,STED-REGISTER,City,,,Bingen,Tyskland,,,,,
LOC1010200,place,STED-REGISTER,Sea,,,Biscayiske Havbugt (Den spanske Sø),Europa,,,,,
LOC1010250,place,STED-REGISTER,Property,,,Bisserup,Danmark,,,,,
LOC1010300,place,STED-REGISTER,Property,,,Bjärka-Säby,Sverige,,,,,
LOC1010350,place,STED-REGISTER,Island,,,Björkö (i Mälaren),Sverige,,,,,
LOC1010400,place,STED-REGISTER,City,,,Blankenburg,Tyskland,,,,,
LOC1010450,place,STED-REGISTER,Region,,,Blankenese,Tyskland,,,,,
LOC1010500,place,STED-REGISTER,Point of interest (POI),,,Blechhütte,Tyskland,,,,,
LOC1010550,place,STED-REGISTER,Property,,,Blekhem,Sverige,,,,,
LOC1010600,place,STED-REGISTER,Region,,,Blekinge,Sverige,,,,,
LOC1010650,place,STED-REGISTER,City,,,Blois,Frankrig,,,,,
LOC1010700,place,STED-REGISTER,City,,,Blokhus,Danmark,,,,,
LOC1010750,place,STED-REGISTER,Region,,,Blomberg,Sverige,,,,,
LOC1010800,place,STED-REGISTER,Point of interest (POI),,,"Blaa Grotte, den (Capri)",Italien,,,,,
LOC1010850,place,STED-REGISTER,City,,,Boccano (Baccano?),Italien,,,,,
LOC1010900,place,STED-REGISTER,River,,,Bode,Tyskland,,,,,
LOC1010950,place,STED-REGISTER,City,,,Bodenbach,Tyskland,,,,,
LOC1011000,place,STED-REGISTER,Lake,,,Bodensøen,Tyskland,,,,,
LOC1011050,place,STED-REGISTER,Region,,,Bogenhausen,Tyskland,,,,,
LOC1011100,place,STED-REGISTER,City,,,Bogense,Danmark,,,,,
LOC1011150,place,STED-REGISTER,Island,,,Bogø,Danmark,,,,,
LOC1011200,place,STED-REGISTER,City,,,Bohmte,Tyskland,,,,,
LOC1011250,place,STED-REGISTER,City,,,Boizenburg,Tyskland,,,,,
LOC1011300,place,STED-REGISTER,Property,,,Boller,Danmark,,,,,
LOC1011350,place,STED-REGISTER,City,,,Bologna,Italien,,,,,
LOC1011400,place,STED-REGISTER,Lake,,,Bolsena,Italien,,,,,
LOC1011450,place,STED-REGISTER,Lake,,,Bolsena-Søen,Italien,,,,,
LOC1011500,place,STED-REGISTER,City,,,Bonn,Tyskland,,,,,
LOC1011550,place,STED-REGISTER,City,,,Bonndorf,Tyskland,,,,,
LOC1011600,place,STED-REGISTER,City,,,Boppard,Tyskland,,,,,
LOC1011650,place,STED-REGISTER,City,,,Bordeaux,Frankrig,,,,,
LOC1011700,place,STED-REGISTER,Lake,,,Boren,Sverige,,,,,
LOC1011750,place,STED-REGISTER,City,,,Borghetto (Ligurien),Italien,,,,,
LOC1011800,place,STED-REGISTER,City,,,Borghetto all-'Adige,Italien,,,,,
LOC1011850,place,STED-REGISTER,City,,,Borna,Tyskland,,,,,
LOC1011900,place,STED-REGISTER,Island,,,Bornholm,Danmark,,,,,
LOC1011950,place,STED-REGISTER,City,,,Borova,Kroatien,,,,,
LOC1012000,place,STED-REGISTER,Property,,,Borreby,Danmark,,,,,
LOC1012050,place,STED-REGISTER,Island,,,"Borromeiske Øer, de",Italien,,,,,
LOC1012100,place,STED-REGISTER,City,,,Borup,Danmark,,,,,
LOC1012150,place,STED-REGISTER,Sea,,,Bosporus,Tyrkiet,,,,,
LOC1012200,place,STED-REGISTER,City,,,Boston,USA,,,,,
LOC1012250,place,STED-REGISTER,Lake,,,Bottensjön,Sverige,,,,,
LOC1012300,place,STED-REGISTER,City,,,Bouchain,Frankrig,,,,,
LOC1012350,place,STED-REGISTER,City,,,Boulogne,Frankrig,,,,,
LOC1012400,place,STED-REGISTER,City,,,Bov,Danmark,,,,,
LOC1012450,place,STED-REGISTER,Point of interest (POI),,,Bovbjerg,Danmark,,,,,
LOC1012500,place,STED-REGISTER,City,,,Bozen (Bolzano),Italien,,,,,
LOC1012550,place,STED-REGISTER,Property,,,Brahetrolleborg,Danmark,,,,,
LOC1012600,place,STED-REGISTER,City,,,Brakel,Tyskland,,,,,
LOC1012650,place,STED-REGISTER,City,,,Bramstedt,Tyskland,,,,,
LOC1012700,place,STED-REGISTER,Property,,,"Brancanes, Øde-Kloster ved Setúbal",Portugal,,,,,
LOC1012750,place,STED-REGISTER,City,,,Brand,Tyskland,,,,,
LOC1012800,place,STED-REGISTER,City,,,Brandeis,Tjekkiet,,,,,
LOC1012850,place,STED-REGISTER,Property,,,"Brandholt, Gaard i Skovby S., Skovby H",Danmark,,,,,
LOC1012900,place,STED-REGISTER,Property,,,Branzoll,Italien,,,,,
LOC1012950,place,STED-REGISTER,Country,,,Brasilien,Brasilien,,,,,
LOC1013000,place,STED-REGISTER,City,,,Braubach,Tyskland,,,,,
LOC1013050,place,STED-REGISTER,City,,,Braunschweig,Tyskland,,,,,
LOC1013100,place,STED-REGISTER,City,,,Breda,Holland,,,,,
LOC1013150,place,STED-REGISTER,City,,,Brede,Danmark,,,,,
LOC1013200,place,STED-REGISTER,Property,,,Bregentved,Danmark,,,,,
LOC1013250,place,STED-REGISTER,City,,,Bregenz,Østrig,,,,,
LOC1013300,place,STED-REGISTER,Church,,,Bregninge Kirke,Danmark,,,,,
LOC1013350,place,STED-REGISTER,Property,,,Breitenburg,Tyskland,,,,,
LOC1013400,place,STED-REGISTER,City,,,Bremen,Tyskland,,,,,
LOC1013450,place,STED-REGISTER,City,,,"Brenets, Les",Schweiz,,,,,
LOC1013500,place,STED-REGISTER,Mountain,,,Brenner,Østrig,,,,,
LOC1013550,place,STED-REGISTER,Mountain,,,Brenta,Italien,,,,,
LOC1013600,place,STED-REGISTER,City,,,Breslau,Polen,,,,,
LOC1013650,place,STED-REGISTER,City,,,Brieg,Schweiz,,,,,
LOC1013700,place,STED-REGISTER,City,,,Brielle,Holland,,,,,
LOC1013750,place,STED-REGISTER,City,,,Brienz,Schweiz,,,,,
LOC1013800,place,STED-REGISTER,Lake,,,Brienzer-Søen,Schweiz,,,,,
LOC1013850,place,STED-REGISTER,City,,,Bristol,England,,,,,
LOC1013900,place,STED-REGISTER,City,,,Brixen,Italien,,,,,
LOC1013950,place,STED-REGISTER,City,,,Broadstairs,England,,,,,
LOC1014000,place,STED-REGISTER,City,,,Broager,Danmark,,,,,
LOC1014050,place,STED-REGISTER,Mountain,,,Brocken (Bloksbjerg),Tyskland,,,,,
LOC1014100,place,STED-REGISTER,Property,,,Broholm,Danmark,,,,,
LOC1014150,place,STED-REGISTER,City,,,Bromberg,Polen,,,,,
LOC1014200,place,STED-REGISTER,City,,,Bromley,England,,,,,
LOC1014250,place,STED-REGISTER,City,,,Bruck,Tyskland,,,,,
LOC1014300,place,STED-REGISTER,City,,,Brunnbäck,Sverige,,,,,
LOC1014350,place,STED-REGISTER,City,,,Brunnen,Schweiz,,,,,
LOC1014400,place,STED-REGISTER,City,,,Brüggen,Tyskland,,,,,
LOC1014450,place,STED-REGISTER,Mountain,,,Brünig,Schweiz,,,,,
LOC1014500,place,STED-REGISTER,City,,,Brünn,Tyskland,,,,,
LOC1014550,place,STED-REGISTER,City,,,Brüssel (Bruxelles),Belgien,,,,,
LOC1014600,place,STED-REGISTER,City,,,Brza,Serbien,,,,,
LOC1014650,place,STED-REGISTER,City,,,Brædstrup,Danmark,,,,,
LOC1014700,place,STED-REGISTER,Region,,,Brännkyrka,Sverige,,,,,
LOC1014750,place,STED-REGISTER,City,,,Budapest,Ungarn,,,,,
LOC1014800,place,STED-REGISTER,City,,,Budwitz,Tjekkiet,,,,,
LOC1014850,place,STED-REGISTER,City,,,Bukarest,Rumænien,,,,,
LOC1014900,place,STED-REGISTER,City,,,Bukovina,Polen,,,,,
LOC1014950,place,STED-REGISTER,Country,,,Bulgarien,Bulgarien,,,,,
LOC1015000,place,STED-REGISTER,City,,,Bulle,Schweiz,,,,,
LOC1015050,place,STED-REGISTER,City,,,Buochs,Schweiz,,,,,
LOC1015100,place,STED-REGISTER,City,,,Buonconvento,Italien,,,,,
LOC1015150,place,STED-REGISTER,City,,,Búrgos,Spanien,,,,,
LOC1015200,place,STED-REGISTER,City,,,Butzbach,Tyskland,,,,,
LOC1015250,place,STED-REGISTER,City,,,Büchen,Tyskland,,,,,
LOC1015300,place,STED-REGISTER,City,,,Bückeburg,Tyskland,,,,,
LOC1015350,place,STED-REGISTER,River,,,Büjük Dere,Tyrkiet,,,,,
LOC1015400,place,STED-REGISTER,Property,,,Bäckaskog,Sverige,,,,,
LOC1015450,place,STED-REGISTER,Property,,,Bækkeskov,Danmark,,,,,
LOC1015500,place,STED-REGISTER,Region,,,Bøget,Danmark,,,,,
LOC1015550,place,STED-REGISTER,Region,,,Bøhmen,Tyskland,,,,,
LOC1015600,place,STED-REGISTER,Region,,,Böhmisch-Brod,Tjekkiet,,,,,
LOC1015650,place,STED-REGISTER,Property,,,Børglum,Danmark,,,,,
LOC1015700,place,STED-REGISTER,Property,,,Børglumkloster,Danmark,,,,,
LOC1015750,place,STED-REGISTER,Property,,,Börringe Kloster,Sverige,,,,,
LOC1015800,place,STED-REGISTER,City,,,Cadiz,Spanien,,,,,
LOC1015850,place,STED-REGISTER,Property,,,Caffaggiolo,Italien,,,,,
LOC1015900,place,STED-REGISTER,City,,,Cairo,Ægypten,,,,,
LOC1015950,place,STED-REGISTER,Region,,,Calabrien,Italien,,,,,
LOC1016000,place,STED-REGISTER,City,,,Calais,Frankrig,,,,,
LOC1016050,place,STED-REGISTER,Region,,,Calchedonia,Tyrkiet,,,,,
LOC1016100,place,STED-REGISTER,City,,,Calcutta,Indien,,,,,
LOC1016150,place,STED-REGISTER,Region,,,Californien,USA,,,,,
LOC1016200,place,STED-REGISTER,City,,,Callander,Skotland,,,,,
LOC1016250,place,STED-REGISTER,City,,,Calw,Tyskland,,,,,
LOC1016300,place,STED-REGISTER,Property,,,Camaldoli,Italien,,,,,
LOC1016350,place,STED-REGISTER,City,,,Cambrai,Frankrig,,,,,
LOC1016400,place,STED-REGISTER,City,,,Cambridge,England,,,,,
LOC1016450,place,STED-REGISTER,City,,,Camerlata,Italien,,,,,
LOC1016500,place,STED-REGISTER,Region,,,Campagna di Roma,Italien,,,,,
LOC1016550,place,STED-REGISTER,City,,,Campiglione,Italien,,,,,
LOC1016600,place,STED-REGISTER,Country,,,Canada,Canada,,,,,
LOC1016650,place,STED-REGISTER,River,,,Canal de Bouc,Frankrig,,,,,
LOC1016700,place,STED-REGISTER,City,,,Candia,Italien,,,,,
LOC1016750,place,STED-REGISTER,City,,,Cannes,Frankrig,,,,,
LOC1016800,place,STED-REGISTER,Region,,,Cannstatt,Tyskland,,,,,
LOC1016850,place,STED-REGISTER,Church,,,Canterbury,England,,,,,
LOC1016900,place,STED-REGISTER,City,,,Canton,Kina,,,,,
LOC1016950,place,STED-REGISTER,Point of interest (POI),,,Cap Colonne (Kap Kolones),Grækenland,,,,,
LOC1017000,place,STED-REGISTER,Point of interest (POI),,,Cap Matapan,Grækenland,,,,,
LOC1017050,place,STED-REGISTER,Country,,,Cap Verde,Kap Verde,,,,,
LOC1017100,place,STED-REGISTER,Mountain,,,Capo de Finisterre,Spanien,,,,,
LOC1017150,place,STED-REGISTER,Region,,,Capo di Miseno,Italien,,,,,
LOC1017200,place,STED-REGISTER,Property,,,"Capo di Monte, Napoli",Italien,,,,,
LOC1017250,place,STED-REGISTER,City,,,Capodistria,Slovenien,,,,,
LOC1017300,place,STED-REGISTER,Island,,,Capri,Italien,,,,,
LOC1017350,place,STED-REGISTER,City,,,Capua,Italien,,,,,
LOC1017400,place,STED-REGISTER,Point of interest (POI),,,Carlsberg,Danmark,,,,,
LOC1017450,place,STED-REGISTER,City,,,"Carolina, La",Spanien,,,,,
LOC1017500,place,STED-REGISTER,City,,,Carrara,Italien,,,,,
LOC1017550,place,STED-REGISTER,City,,,Cartagena,Spanien,,,,,
LOC1017600,place,STED-REGISTER,Property,,,"Cartuja, La (ved Granada)",Spanien,,,,,
LOC1017650,place,STED-REGISTER,City,,,Caserta,Italien,,,,,
LOC1017700,place,STED-REGISTER,City,,,Castel Gandolfo,Italien,,,,,
LOC1017750,place,STED-REGISTER,City,,,"Castel, Pyrenæerne",Frankrig,,,,,
LOC1017800,place,STED-REGISTER,City,,,Castellammare di Stabia,Italien,,,,,
LOC1017850,place,STED-REGISTER,City,,,Castiglion Fiorentino,Italien,,,,,
LOC1017900,place,STED-REGISTER,City,,,Castiglioncello,Italien,,,,,
LOC1017950,place,STED-REGISTER,City,,,Catania,Italien,,,,,
LOC1018000,place,STED-REGISTER,Property,,,Cathrineberg,Danmark,,,,,
LOC1018050,place,STED-REGISTER,Property,,,"Cathrineholm, Krummerup S., Øster-Flakkebjerg H.",Danmark,,,,,
LOC1018100,place,STED-REGISTER,City,,,Caub,Tyskland,,,,,
LOC1018150,place,STED-REGISTER,City,,,Cava de' Tirreni,Italien,,,,,
LOC1018200,place,STED-REGISTER,City,,,Celle,Tyskland,,,,,
LOC1018250,place,STED-REGISTER,City,,,Cenci,Italien,,,,,
LOC1018300,place,STED-REGISTER,City,,,Cerigo,Grækenland,,,,,
LOC1018350,place,STED-REGISTER,City,,,Cette (Sète),Frankrig,,,,,
LOC1018400,place,STED-REGISTER,City,,,Ceuta,Spanien,,,,,
LOC1018450,place,STED-REGISTER,Country,,,Ceylon,Sri Lanka,,,,,
LOC1018500,place,STED-REGISTER,City,,,Chalandri (Khalandhri),Grækenland,,,,,
LOC1018550,place,STED-REGISTER,City,,,Chalons-sur-Marne,Frankrig,,,,,
LOC1018600,place,STED-REGISTER,City,,,Chambéry,Frankrig,,,,,
LOC1018650,place,STED-REGISTER,City,,,Champagnole,Frankrig,,,,,
LOC1018700,place,STED-REGISTER,City,,,Charlottenberg,Sverige,,,,,
LOC1018750,place,STED-REGISTER,Property,,,Charlottenburg,Tyskland,,,,,
LOC1018800,place,STED-REGISTER,Property,,,Charlottendal,Danmark,,,,,
LOC1018850,place,STED-REGISTER,City,,,Charlottenlund,Danmark,,,,,
LOC1018900,place,STED-REGISTER,Property,,,Charlottenlund Slot,Danmark,,,,,
LOC1018950,place,STED-REGISTER,Point of interest (POI),,,Charybdis,Italien,,,,,
LOC1019000,place,STED-REGISTER,Point of interest (POI),,,Châtelet,Frankrig,,,,,
LOC1019050,place,STED-REGISTER,City,,,Chaux de Fonds,Schweiz,,,,,
LOC1019100,place,STED-REGISTER,City,,,Chemnitz,Tyskland,,,,,
LOC1019150,place,STED-REGISTER,Region,,,Chêne-Thônex (ved Genève),Schweiz,,,,,
LOC1019200,place,STED-REGISTER,Property,,,Chevening,England,,,,,
LOC1019250,place,STED-REGISTER,City,,,Chiavari,Italien,,,,,
LOC1019300,place,STED-REGISTER,City,,,Chiavenna,Italien,,,,,
LOC1019350,place,STED-REGISTER,City,,,Chicago,USA,,,,,
LOC1019400,place,STED-REGISTER,Lake,,,Chiemsse,Tyskland,,,,,
LOC1019450,place,STED-REGISTER,Property,,,Chillon,Schweiz,,,,,
LOC1019500,place,STED-REGISTER,City,,,Christiania,Norge,,,,,
LOC1019550,place,STED-REGISTER,Sea,,,Christiania-Fjord,Norge,,,,,
LOC1019600,place,STED-REGISTER,Property,,,Christiansdal,Danmark,,,,,
LOC1019650,place,STED-REGISTER,City,,,Christiansfeld,Danmark,,,,,
LOC1019700,place,STED-REGISTER,Region,,,Christianshavn,Danmark,,,,,
LOC1019750,place,STED-REGISTER,Region,,,Christiansminde,Danmark,,,,,
LOC1019800,place,STED-REGISTER,City,,,Christianstad,Sverige,,,,,
LOC1019850,place,STED-REGISTER,City,,,Christinehamn,Sverige,,,,,
LOC1019900,place,STED-REGISTER,Property,,,Christinelund,Danmark,,,,,
LOC1019950,place,STED-REGISTER,Property,,,Christinelyst,Danmark,,,,,
LOC1020000,place,STED-REGISTER,City,,,Chur,Schweiz,,,,,
LOC1020050,place,STED-REGISTER,0,,,Cibrus,0,,,,,
LOC1020100,place,STED-REGISTER,Region,,,Cilli,Slovenien,,,,,
LOC1020150,place,STED-REGISTER,City,,,Cintra,Portugal,,,,,
LOC1020200,place,STED-REGISTER,Point of interest (POI),,,Cisterna,Italien,,,,,
LOC1020250,place,STED-REGISTER,City,,,Città vecchia (Malta) (= Mdina),Malta,,,,,
LOC1020300,place,STED-REGISTER,City,,,Civita Castellana,Italien,,,,,
LOC1020350,place,STED-REGISTER,City,,,Civitavecchia,Italien,,,,,
LOC1020400,place,STED-REGISTER,City,,,Cladova,Serbien,,,,,
LOC1020450,place,STED-REGISTER,Region,,,Clapton,England,,,,,
LOC1020500,place,STED-REGISTER,City,,,Clarens,Sydafrika,,,,,
LOC1020550,place,STED-REGISTER,Property,,,Clausholm,Danmark,,,,,
LOC1020600,place,STED-REGISTER,City,,,Cloppenburg,Tyskland,,,,,
LOC1020650,place,STED-REGISTER,River,,,Clyde,Skotland,,,,,
LOC1020700,place,STED-REGISTER,City,,,Coburg,Tyskland,,,,,
LOC1020750,place,STED-REGISTER,Region,,,Cochinchina,Vietnam,,,,,
LOC1020800,place,STED-REGISTER,Property,,,Cocumella,Italien,,,,,
LOC1020850,place,STED-REGISTER,Property,,,Cohham Hall,England,,,,,
LOC1020900,place,STED-REGISTER,City,,,Coimbra,Portugal,,,,,
LOC1020950,place,STED-REGISTER,City,,,Colico,Italien,,,,,
LOC1021000,place,STED-REGISTER,City,,,Como,Italien,,,,,
LOC1021050,place,STED-REGISTER,Lake,,,Como-Søen,Italien,,,,,
LOC1021100,place,STED-REGISTER,City,,,Compiègne,Frankrig,,,,,
LOC1021150,place,STED-REGISTER,City,,,Conca Marini,Italien,,,,,
LOC1021200,place,STED-REGISTER,Region,,,Connecticut,USA,,,,,
LOC1021250,place,STED-REGISTER,Property,,,Conradineslyst,Danmark,,,,,
LOC1021300,place,STED-REGISTER,Property,,,Coppet,Schweiz,,,,,
LOC1021350,place,STED-REGISTER,City,,,Córdoba,Spanien,,,,,
LOC1021400,place,STED-REGISTER,City,,,Cornelia,Frankrig,,,,,
LOC1021450,place,STED-REGISTER,Property,,,Corselitze,Danmark,,,,,
LOC1021500,place,STED-REGISTER,Island,,,Corsica,Frankrig,,,,,
LOC1021550,place,STED-REGISTER,Region,,,Côte d'Or,Frankrig,,,,,
LOC1021600,place,STED-REGISTER,City,,,Crin,Schweiz,,,,,
LOC1021650,place,STED-REGISTER,Point of interest (POI),,,Crusol,Frankrig,,,,,
LOC1021700,place,STED-REGISTER,Point of interest (POI),,,Cul de Roches (den underjordiske Mølle),Schweiz,,,,,
LOC1021750,place,STED-REGISTER,City,,,Culoz,Frankrig,,,,,
LOC1021800,place,STED-REGISTER,City,,,Cuxhaven,Tyskland,,,,,
LOC1021850,place,STED-REGISTER,Country,,,Cypern,Cypern,,,,,
LOC1021900,place,STED-REGISTER,City,,,Czaslau,Tjekkiet,,,,,
LOC1021950,place,STED-REGISTER,City,,,Czernawoda,Rumænien,,,,,
LOC1022000,place,STED-REGISTER,City,,,Dachsen,Schweiz,,,,,
LOC1022050,place,STED-REGISTER,Region,,,Dacien,Rumænien,,,,,
LOC1022100,place,STED-REGISTER,City,,,Dagebøl,Tyskland,,,,,
LOC1022150,place,STED-REGISTER,Region,,,Dalarne,Sverige,,,,,
LOC1022200,place,STED-REGISTER,City,,,Dalby,Danmark,,,,,
LOC1022250,place,STED-REGISTER,River,,,Dal-Elven,Sverige,,,,,
LOC1022300,place,STED-REGISTER,Region,,,Dalkarlsbacka,Sverige,,,,,
LOC1022350,place,STED-REGISTER,Property,,,Dallund,Danmark,,,,,
LOC1022400,place,STED-REGISTER,Region,,,Dalmatien,Kroatien,,,,,
LOC1022450,place,STED-REGISTER,City,,,Dálya,Kroatien,,,,,
LOC1022500,place,STED-REGISTER,Property,,,Damager,Danmark,,,,,
LOC1022550,place,STED-REGISTER,City,,,Damaskus,Syrien,,,,,
LOC1022600,place,STED-REGISTER,Country,,,Danmark,Danmark,,,,,
LOC1022650,place,STED-REGISTER,Region,,,"Danmark, Sogn i Uppsala Len",Sverige,,,,,
LOC1022700,place,STED-REGISTER,City,,,Dannemora,Sverige,,,,,
LOC1022750,place,STED-REGISTER,Lake,,,Dannemora-Søen (Grufsjön),Sverige,,,,,
LOC1022800,place,STED-REGISTER,Point of interest (POI),,,Dannevirke,Danmark,,,,,
LOC1022850,place,STED-REGISTER,City,,,Danzig,Polen,,,,,
LOC1022900,place,STED-REGISTER,Property,,,Daphni,Grækenland,,,,,
LOC1022950,place,STED-REGISTER,Mountain,,,Dardanellerne,Tyrkiet,,,,,
LOC1023000,place,STED-REGISTER,City,,,Darmstadt,Tyskland,,,,,
LOC1023050,place,STED-REGISTER,River,,,Darro,Spanien,,,,,
LOC1023100,place,STED-REGISTER,City,,,Dax,Frankrig,,,,,
LOC1023150,place,STED-REGISTER,Region,,,De Fattiges Dyrehave ved Kalkbrænderiet,Danmark,,,,,
LOC1023200,place,STED-REGISTER,City,,,Delft,Holland,,,,,
LOC1023250,place,STED-REGISTER,City,,,Delmenhorst,Tyskland,,,,,
LOC1023300,place,STED-REGISTER,Island,,,Delos,Grækenland,,,,,
LOC1023350,place,STED-REGISTER,Point of interest (POI),,,Delphi,Grækenland,,,,,
LOC1023400,place,STED-REGISTER,Mountain,,,Dent de Morcles,Schweiz,,,,,
LOC1023450,place,STED-REGISTER,Mountain,,,Dent du Midi,Schweiz,,,,,
LOC1023500,place,STED-REGISTER,City,,,Desenzano,Italien,,,,,
LOC1023550,place,STED-REGISTER,City,,,Dessau,Tyskland,,,,,
LOC1023600,place,STED-REGISTER,City,,,Deutschbrod,Tjekkiet,,,,,
LOC1023650,place,STED-REGISTER,Region,,,Deutz,Tyskland,,,,,
LOC1023700,place,STED-REGISTER,City,,,Deventer,Holland,,,,,
LOC1023750,place,STED-REGISTER,City,,,Diablerets,Schweiz,,,,,
LOC1023800,place,STED-REGISTER,City,,,Dietfurt,Tyskland,,,,,
LOC1023850,place,STED-REGISTER,City,,,Dijon,Frankrig,,,,,
LOC1023900,place,STED-REGISTER,Region,,,Djurgården (Stockholm),Sverige,,,,,
LOC1023950,place,STED-REGISTER,City,,,Dôle,Frankrig,,,,,
LOC1024000,place,STED-REGISTER,City,,,Dolo,Italien,,,,,
LOC1024050,place,STED-REGISTER,City,,,Domodossola,Italien,,,,,
LOC1024100,place,STED-REGISTER,City,,,Domremy-la-Pucelle,Frankrig,,,,,
LOC1024150,place,STED-REGISTER,River,,,Donau,Europa,,,,,
LOC1024200,place,STED-REGISTER,City,,,Donaueschingen,Tyskland,,,,,
LOC1024250,place,STED-REGISTER,River,,,Donau-Main Kanalen,Tyskland,,,,,
LOC1024300,place,STED-REGISTER,Region,,,Donau-Sletten,Bulgarien,,,,,
LOC1024350,place,STED-REGISTER,City,,,Donaustauf,Tyskland,,,,,
LOC1024400,place,STED-REGISTER,City,,,Donauwörth,Tyskland,,,,,
LOC1024450,place,STED-REGISTER,City,,,Dordrecht,Holland,,,,,
LOC1024500,place,STED-REGISTER,Property,,,Dornburg,Tyskland,,,,,
LOC1024550,place,STED-REGISTER,River,,,Doubs,Frankrig,,,,,
LOC1024600,place,STED-REGISTER,Point of interest (POI),,,Doubs-Faldet,Frankrig,,,,,
LOC1024650,place,STED-REGISTER,City,,,Dover,England,,,,,
LOC1024700,place,STED-REGISTER,Property,,,Drachenfels,Tyskland,,,,,
LOC1024750,place,STED-REGISTER,City,,,Drammen,Norge,,,,,
LOC1024800,place,STED-REGISTER,River,,,Drau (Drava),Ungarn,,,,,
LOC1024850,place,STED-REGISTER,Region,,,"Drei Gleichen, die",Tyskland,,,,,
LOC1024900,place,STED-REGISTER,City,,,Drenkova,Rumænien,,,,,
LOC1024950,place,STED-REGISTER,City,,,Dresden,Tyskland,,,,,
LOC1025000,place,STED-REGISTER,Property,,,Dronninggaard,Danmark,,,,,
LOC1025050,place,STED-REGISTER,Property,,,Drottningholm,Sverige,,,,,
LOC1025100,place,STED-REGISTER,Point of interest (POI),,,Drusus-Broen (Bingen),Tyskland,,,,,
LOC1025150,place,STED-REGISTER,City,,,Dublin,Irland,,,,,
LOC1025200,place,STED-REGISTER,Property,,,Dumbarton,Skotland,,,,,
LOC1025250,place,STED-REGISTER,City,,,Dunkerque,Frankrig,,,,,
LOC1025300,place,STED-REGISTER,City,,,Durlach,Tyskland,,,,,
LOC1025350,place,STED-REGISTER,City,,,Dux,Tjekkiet,,,,,
LOC1025400,place,STED-REGISTER,Point of interest (POI),,,Dybbøl,Danmark,,,,,
LOC1025450,place,STED-REGISTER,Region,,,"Dyrehaven (ved København), Dyrehavsbakken",Danmark,,,,,
LOC1025500,place,STED-REGISTER,City,,,Düsseldorf,Tyskland,,,,,
LOC1025550,place,STED-REGISTER,Region,,,Döbling,Østrig,,,,,
LOC1025600,place,STED-REGISTER,City,,,Eaglewood,USA,,,,,
LOC1025650,place,STED-REGISTER,City,,,Ebersberg,Tyskland,,,,,
LOC1025700,place,STED-REGISTER,Point of interest (POI),,,Eckerkrug,Tyskland,,,,,
LOC1025750,place,STED-REGISTER,City,,,Eckernførde,Tyskland,,,,,
LOC1025800,place,STED-REGISTER,City,,,Eckersdorf,Tyskland,,,,,
LOC1025850,place,STED-REGISTER,City,,,Edet,Sverige,,,,,
LOC1025900,place,STED-REGISTER,City,,,Edinburgh,Skotland,,,,,
LOC1025950,place,STED-REGISTER,Point of interest (POI),,,Efesos,Tyrkiet,,,,,
LOC1026000,place,STED-REGISTER,River,,,Eger,Tjekkiet,,,,,
LOC1026050,place,STED-REGISTER,Property,,,Egeskov,Danmark,,,,,
LOC1026100,place,STED-REGISTER,City,,,Egna,Italien,,,,,
LOC1026150,place,STED-REGISTER,Property,,,Ehrenbreitstein,Tyskland,,,,,
LOC1026200,place,STED-REGISTER,Point of interest (POI),,,Eiby Mølle,Danmark,,,,,
LOC1026250,place,STED-REGISTER,River,,,Eideren,Tyskland,,,,,
LOC1026300,place,STED-REGISTER,Region,,,Eidskog,Norge,,,,,
LOC1026350,place,STED-REGISTER,Property,,,Eidsvold,Norge,,,,,
LOC1026400,place,STED-REGISTER,Mountain,,,Eiger,Schweiz,,,,,
LOC1026450,place,STED-REGISTER,City,,,"Eilsen, Bad",Tyskland,,,,,
LOC1026500,place,STED-REGISTER,City,,,Einbeck,Tyskland,,,,,
LOC1026550,place,STED-REGISTER,City,,,Einsiedeln,Schweiz,,,,,
LOC1026600,place,STED-REGISTER,River,,,Eisack,Italien,,,,,
LOC1026650,place,STED-REGISTER,City,,,Eisenach,Tyskland,,,,,
LOC1026700,place,STED-REGISTER,City,,,Eisleben,Tyskland,,,,,
LOC1026750,place,STED-REGISTER,Region,,,"Ekeberg, Christiania",Norge,,,,,
LOC1026800,place,STED-REGISTER,Property,,,Ekehy Kvarn,Sverige,,,,,
LOC1026850,place,STED-REGISTER,Property,,,Ekolsund,Sverige,,,,,
LOC1026900,place,STED-REGISTER,Island,,,Elba,Italien,,,,,
LOC1026950,place,STED-REGISTER,Region,,,Elbdalen,Tyskland,,,,,
LOC1027000,place,STED-REGISTER,City,,,Elbekosteletz,Tjekkiet,,,,,
LOC1027050,place,STED-REGISTER,River,,,Elben,Tyskland,,,,,
LOC1027100,place,STED-REGISTER,City,,,Elberfeld,Tyskland,,,,,
LOC1027150,place,STED-REGISTER,City,,,Elbingerode,Tyskland,,,,,
LOC1027200,place,STED-REGISTER,City,,,Elche,Spanien,,,,,
LOC1027250,place,STED-REGISTER,Point of interest (POI),,,Eleusis,Grækenland,,,,,
LOC1027300,place,STED-REGISTER,City,,,Elfeld (Eltville),Tyskland,,,,,
LOC1027350,place,STED-REGISTER,Point of interest (POI),,,Elfkarleby-Faldet,Sverige,,,,,
LOC1027400,place,STED-REGISTER,Point of interest (POI),,,Elfkarleö Bruk,Sverige,,,,,
LOC1027450,place,STED-REGISTER,Region,,,Ellekilde,Danmark,,,,,
LOC1027500,place,STED-REGISTER,Island,,,Ellens Ø,Skotland,,,,,
LOC1027550,place,STED-REGISTER,City,,,Ellingen,Tyskland,,,,,
LOC1027600,place,STED-REGISTER,City,,,Elmshorn,Tyskland,,,,,
LOC1027650,place,STED-REGISTER,Region,,,Elsass,Frankrig,,,,,
LOC1027700,place,STED-REGISTER,City,,,Elsfleth,Tyskland,,,,,
LOC1027750,place,STED-REGISTER,City,,,Elsterwerda,Tyskland,,,,,
LOC1027800,place,STED-REGISTER,Property,,,Elvedgaard,Danmark,,,,,
LOC1027850,place,STED-REGISTER,Point of interest (POI),,,Elverhøj,Danmark,,,,,
LOC1027900,place,STED-REGISTER,Region,,,"Elyseiske Marker, de",Italien,,,,,
LOC1027950,place,STED-REGISTER,City,,,Elze,Tyskland,,,,,
LOC1028000,place,STED-REGISTER,City,,,Emden,Tyskland,,,,,
LOC1028050,place,STED-REGISTER,River,,,Ems,Tyskland,,,,,
LOC1028100,place,STED-REGISTER,City,,,Enebackan,Sverige,,,,,
LOC1028150,place,STED-REGISTER,Property,,,Engelholm (Skaane),Sverige,,,,,
LOC1028200,place,STED-REGISTER,Country,,,England,England,,,,,
LOC1028250,place,STED-REGISTER,City,,,Enköping,Sverige,,,,,
LOC1028300,place,STED-REGISTER,River,,,Enns,Østrig,,,,,
LOC1028350,place,STED-REGISTER,Property,,,Enrum (Vedbæk),Danmark,,,,,
LOC1028400,place,STED-REGISTER,City,,,Entroncamento,Portugal,,,,,
LOC1028450,place,STED-REGISTER,River,,,"Enz, die",Tyskland,,,,,
LOC1028500,place,STED-REGISTER,City,,,Enzersdorf,Østrig,,,,,
LOC1028550,place,STED-REGISTER,City,,,Épernay,Frankrig,,,,,
LOC1028600,place,STED-REGISTER,City,,,Erdöd,Ungarn,,,,,
LOC1028650,place,STED-REGISTER,Property,,,Eremitagen,Danmark,,,,,
LOC1028700,place,STED-REGISTER,City,,,Erfurt,Tyskland,,,,,
LOC1028750,place,STED-REGISTER,City,,,Erlangen,Tyskland,,,,,
LOC1028800,place,STED-REGISTER,City,,,Erlauf,Østrig,,,,,
LOC1028850,place,STED-REGISTER,City,,,Escheburg,Tyskland,,,,,
LOC1028900,place,STED-REGISTER,City,,,"Escorial, El",Spanien,,,,,
LOC1028950,place,STED-REGISTER,City,,,Eslöv,Sverige,,,,,
LOC1029000,place,STED-REGISTER,Property,,,Espe,Danmark,,,,,
LOC1029050,place,STED-REGISTER,River,,,Esrom Kanal,Danmark,,,,,
LOC1029100,place,STED-REGISTER,Lake,,,Esrom Sø,Danmark,,,,,
LOC1029150,place,STED-REGISTER,Region,,,Esschen,Belgien,,,,,
LOC1029200,place,STED-REGISTER,Country,,,Estland,Estland,,,,,
LOC1029250,place,STED-REGISTER,Lake,,,Étang de Thau,Frankrig,,,,,
LOC1029300,place,STED-REGISTER,Mountain,,,Etna,Italien,,,,,
LOC1029350,place,STED-REGISTER,River,,,Etsch (Adige),Italien,,,,,
LOC1029400,place,STED-REGISTER,Region,,,Etsch-Dalen,Italien,,,,,
LOC1029450,place,STED-REGISTER,City,,,Ettal,Tyskland,,,,,
LOC1029500,place,STED-REGISTER,Point of interest (POI),,,Etterbjerg,Danmark,,,,,
LOC1029550,place,STED-REGISTER,Property,,,Ettersburg,Tyskland,,,,,
LOC1029600,place,STED-REGISTER,Island,,,Euboia,Grækenland,,,,,
LOC1029650,place,STED-REGISTER,Continent,,,Europa,Europa,,,,,
LOC1029700,place,STED-REGISTER,Property,,,Eutin,Tyskland,,,,,
LOC1029750,place,STED-REGISTER,City,,,Evian,Frankrig,,,,,
LOC1029800,place,STED-REGISTER,City,,,Evora,Portugal,,,,,
LOC1029850,place,STED-REGISTER,City,,,Fabjerg,Danmark,,,,,
LOC1029900,place,STED-REGISTER,City,,,Faenza,Italien,,,,,
LOC1029950,place,STED-REGISTER,City,,,Fakse,Danmark,,,,,
LOC1030000,place,STED-REGISTER,Sea,,,Fakse Bugt,Danmark,,,,,
LOC1030050,place,STED-REGISTER,City,,,Falkenberg,Sverige,,,,,
LOC1030100,place,STED-REGISTER,Property,,,Falkensten,Danmark,,,,,
LOC1030150,place,STED-REGISTER,City,,,Falköping,Sverige,,,,,
LOC1030200,place,STED-REGISTER,Island,,,Falster,Danmark,,,,,
LOC1030250,place,STED-REGISTER,City,,,Falun,Sverige,,,,,
LOC1030300,place,STED-REGISTER,Island,,,Fanø,Danmark,,,,,
LOC1030350,place,STED-REGISTER,Mountain,,,Fatra,Slovakiet,,,,,
LOC1030400,place,STED-REGISTER,Property,,,Favrskov,Danmark,,,,,
LOC1030450,place,STED-REGISTER,Point of interest (POI),,,Feddet (ved Basnæs Nor),Danmark,,,,,
LOC1030500,place,STED-REGISTER,Point of interest (POI),,,Feddet (ved Præstø Fjord),Danmark,,,,,
LOC1030550,place,STED-REGISTER,Island,,,Femern,Tyskland,,,,,
LOC1030600,place,STED-REGISTER,City,,,Ferrara,Italien,,,,,
LOC1030650,place,STED-REGISTER,Point of interest (POI),,,Fetislan,Tyrkiet,,,,,
LOC1030700,place,STED-REGISTER,Mountain,,,Fichtelgebirge,Tyskland,,,,,
LOC1030750,place,STED-REGISTER,Region,,,Fidenæ,Italien,,,,,
LOC1030800,place,STED-REGISTER,City,,,Figueras,Spanien,,,,,
LOC1030850,place,STED-REGISTER,City,,,Filigare,Italien,,,,,
LOC1030900,place,STED-REGISTER,Mountain,,,Finckenfang,Tyskland,,,,,
LOC1030950,place,STED-REGISTER,Country,,,Finland,Finland,,,,,
LOC1031000,place,STED-REGISTER,City,,,Firenze,Italien,,,,,
LOC1031050,place,STED-REGISTER,Sea,,,Firth of Forth,Skotland,,,,,
LOC1031100,place,STED-REGISTER,City,,,Fjaltring,Danmark,,,,,
LOC1031150,place,STED-REGISTER,City,,,Flade,Danmark,,,,,
LOC1031200,place,STED-REGISTER,City,,,Flensborg,Tyskland,,,,,
LOC1031250,place,STED-REGISTER,Sea,,,Flensborg Fjord,Tyskland,,,,,
LOC1031300,place,STED-REGISTER,City,,,Fleurier,Schweiz,,,,,
LOC1031350,place,STED-REGISTER,Region,,,"Flommen, Sorø",Danmark,,,,,
LOC1031400,place,STED-REGISTER,City,,,Florentin,Frankrig,,,,,
LOC1031450,place,STED-REGISTER,Point of interest (POI),,,Flüelen,Schweiz,,,,,
LOC1031500,place,STED-REGISTER,City,,,Foligno,Italien,,,,,
LOC1031550,place,STED-REGISTER,City,,,Folkestone,England,,,,,
LOC1031600,place,STED-REGISTER,City,,,Fondi,Italien,,,,,
LOC1031650,place,STED-REGISTER,City,,,Forlì,Italien,,,,,
LOC1031700,place,STED-REGISTER,City,,,Formia (Mola di Gaëta),Italien,,,,,
LOC1031750,place,STED-REGISTER,City,,,Forshem,Sverige,,,,,
LOC1031800,place,STED-REGISTER,City,,,Fort William,Skotland,,,,,
LOC1031850,place,STED-REGISTER,Point of interest (POI),,,Fortunen,Danmark,,,,,
LOC1031900,place,STED-REGISTER,City,,,Frabertsham,Tyskland,,,,,
LOC1031950,place,STED-REGISTER,City,,,Frankenmarkt,Østrig,,,,,
LOC1032000,place,STED-REGISTER,City,,,Frankfurt a.d.O.,Tyskland,,,,,
LOC1032050,place,STED-REGISTER,City,,,Frankfurt a.M.,Tyskland,,,,,
LOC1032100,place,STED-REGISTER,Country,,,Frankrig,Frankrig,,,,,
LOC1032150,place,STED-REGISTER,City,,,Frascati,Italien,,,,,
LOC1032200,place,STED-REGISTER,Property,,,Fredensborg,Danmark,,,,,
LOC1032250,place,STED-REGISTER,Property,,,Fredensborg Slot,Danmark,,,,,
LOC1032300,place,STED-REGISTER,City,,,Fredericia,Danmark,,,,,
LOC1032350,place,STED-REGISTER,City,,,Frederiksberg,Danmark,,,,,
LOC1032400,place,STED-REGISTER,Property,,,Frederiksberg Slot,Danmark,,,,,
LOC1032450,place,STED-REGISTER,Property,,,Frederiksborg (Hillerød),Danmark,,,,,
LOC1032500,place,STED-REGISTER,Property,,,Frederiksborg Slot,Danmark,,,,,
LOC1032550,place,STED-REGISTER,City,,,Frederikshavn,Danmark,,,,,
LOC1032600,place,STED-REGISTER,Region,,,Frederiksholm,Danmark,,,,,
LOC1032650,place,STED-REGISTER,Property,,,Frederikslund,Danmark,,,,,
LOC1032700,place,STED-REGISTER,City,,,Frederiksstad,Tyskland,,,,,
LOC1032750,place,STED-REGISTER,City,,,Frederiksværk,Danmark,,,,,
LOC1032800,place,STED-REGISTER,City,,,Freiburg im Breisgau,Tyskland,,,,,
LOC1032850,place,STED-REGISTER,Region,,,Freudenthal (ved Itzehoe),Tyskland,,,,,
LOC1032900,place,STED-REGISTER,City,,,Freynersdorf,Tyskland,,,,,
LOC1032950,place,STED-REGISTER,City,,,Fribourg (Freiburg) (Schweiz),Schweiz,,,,,
LOC1033000,place,STED-REGISTER,City,,,Friedberg,Tyskland,,,,,
LOC1033050,place,STED-REGISTER,Region,,,"Friedrichsberg, Slesvig",Tyskland,,,,,
LOC1033100,place,STED-REGISTER,City,,,Friedrichshafen,Tyskland,,,,,
LOC1033150,place,STED-REGISTER,City,,,Friesack,Tyskland,,,,,
LOC1033200,place,STED-REGISTER,Property,,,Frijsenborg,Danmark,,,,,
LOC1033250,place,STED-REGISTER,Property,,,Frijsendal,Danmark,,,,,
LOC1033300,place,STED-REGISTER,Mountain,,,Frohnalp,Schweiz,,,,,
LOC1033350,place,STED-REGISTER,Region,,,Fruens Bøge,Danmark,,,,,
LOC1033400,place,STED-REGISTER,Property,,,Frørup,Danmark,,,,,
LOC1033450,place,STED-REGISTER,Region,,,Fuglsang (ved Fredericia),Danmark,,,,,
LOC1033500,place,STED-REGISTER,Property,,,Fuirendal,Danmark,,,,,
LOC1033550,place,STED-REGISTER,City,,,Fulda,Tyskland,,,,,
LOC1033600,place,STED-REGISTER,City,,,Fulneck,England,,,,,
LOC1033650,place,STED-REGISTER,City,,,Fusina,Italien,,,,,
LOC1033700,place,STED-REGISTER,Point of interest (POI),,,Fyllebro,Sverige,,,,,
LOC1033750,place,STED-REGISTER,Island,,,Fyn,Danmark,,,,,
LOC1033800,place,STED-REGISTER,River,,,Fyrisån,Sverige,,,,,
LOC1033850,place,STED-REGISTER,City,,,Fürth,Tyskland,,,,,
LOC1033900,place,STED-REGISTER,City,,,Füssen,Tyskland,,,,,
LOC1033950,place,STED-REGISTER,Country,,,Færøerne,Færøerne,,,,,
LOC1034000,place,STED-REGISTER,Island,,,Før,Tyskland,,,,,
LOC1034050,place,STED-REGISTER,Property,,,Førslevgaard,Danmark,,,,,
LOC1034100,place,STED-REGISTER,City,,,Faaborg,Danmark,,,,,
LOC1034150,place,STED-REGISTER,City,,,Gablitz,Østrig,,,,,
LOC1034200,place,STED-REGISTER,Property,,,Gad's Hill Place,England,,,,,
LOC1034250,place,STED-REGISTER,City,,,Gaëta,Italien,,,,,
LOC1034300,place,STED-REGISTER,City,,,Gais,Schweiz,,,,,
LOC1034350,place,STED-REGISTER,Point of interest (POI),,,Galata,Tyrkiet,,,,,
LOC1034400,place,STED-REGISTER,City,,,Galatz (Galati),Rumænien,,,,,
LOC1034450,place,STED-REGISTER,City,,,Galipoli,Italien,,,,,
LOC1034500,place,STED-REGISTER,Point of interest (POI),,,"Galli, Li",Italien,,,,,
LOC1034550,place,STED-REGISTER,City,,,Gamla Uppsala,Sverige,,,,,
LOC1034600,place,STED-REGISTER,Property,,,Gammel Estrup,Danmark,,,,,
LOC1034650,place,STED-REGISTER,Property,,,Gammel Køgegaard,Danmark,,,,,
LOC1034700,place,STED-REGISTER,City,,,Gammel Skagen,Danmark,,,,,
LOC1034750,place,STED-REGISTER,Church,,,Gamtofte,Danmark,,,,,
LOC1034800,place,STED-REGISTER,River,,,Ganges,Indien,,,,,
LOC1034850,place,STED-REGISTER,Lake,,,Garda-Søen,Italien,,,,,
LOC1034900,place,STED-REGISTER,River,,,Garigliano,Italien,,,,,
LOC1034950,place,STED-REGISTER,River,,,Garonne,Europa,,,,,
LOC1035000,place,STED-REGISTER,Property,,,Gavnø,Danmark,,,,,
LOC1035050,place,STED-REGISTER,City,,,Gefle,Sverige,,,,,
LOC1035100,place,STED-REGISTER,City,,,Gellerup,Danmark,,,,,
LOC1035150,place,STED-REGISTER,Property,,,Generalife,Spanien,,,,,
LOC1035200,place,STED-REGISTER,City,,,Genève (Genf),Schweiz,,,,,
LOC1035250,place,STED-REGISTER,Lake,,,Genfersøen (Lac Léman),Schweiz,,,,,
LOC1035300,place,STED-REGISTER,City,,,Genova,Italien,,,,,
LOC1035350,place,STED-REGISTER,City,,,Gent,Belgien,,,,,
LOC1035400,place,STED-REGISTER,City,,,Gentofte,Danmark,,,,,
LOC1035450,place,STED-REGISTER,City,,,Genzano di Roma,Italien,,,,,
LOC1035500,place,STED-REGISTER,City,,,Gera,Tyskland,,,,,
LOC1035550,place,STED-REGISTER,City,,,Gernrode,Tyskland,,,,,
LOC1035600,place,STED-REGISTER,City,,,Gerona,Spanien,,,,,
LOC1035650,place,STED-REGISTER,City,,,Gersau,Schweiz,,,,,
LOC1035700,place,STED-REGISTER,Property,,,Gersdorf,Tyskland,,,,,
LOC1035750,place,STED-REGISTER,City,,,Gesindel,Tyskland,,,,,
LOC1035800,place,STED-REGISTER,Point of interest (POI),,,Geysir,Island,,,,,
LOC1035850,place,STED-REGISTER,Region,,,Gibraltar,England,,,,,
LOC1035900,place,STED-REGISTER,Sea,,,Gibraltar-Strædet,Europa,,,,,
LOC1035950,place,STED-REGISTER,Point of interest (POI),,,Giessbach,Schweiz,,,,,
LOC1036000,place,STED-REGISTER,City,,,Giessen,Tyskland,,,,,
LOC1036050,place,STED-REGISTER,River,,,Gironde,Frankrig,,,,,
LOC1036100,place,STED-REGISTER,Property,,,Gisselfeld,Danmark,,,,,
LOC1036150,place,STED-REGISTER,City,,,Giurgevo (Giurgiu),Rumænien,,,,,
LOC1036200,place,STED-REGISTER,City,,,Glarus,Schweiz,,,,,
LOC1036250,place,STED-REGISTER,City,,,Glasgow,Skotland,,,,,
LOC1036300,place,STED-REGISTER,City,,,Glashütte (Sachsen),Tyskland,,,,,
LOC1036350,place,STED-REGISTER,City,,,Glion,Schweiz,,,,,
LOC1036400,place,STED-REGISTER,City,,,Glogau,Polen,,,,,
LOC1036450,place,STED-REGISTER,City,,,Gloggnitz,Østrig,,,,,
LOC1036500,place,STED-REGISTER,Sea,,,Glommen,Norge,,,,,
LOC1036550,place,STED-REGISTER,Property,,,Glorup,Danmark,,,,,
LOC1036600,place,STED-REGISTER,Property,,,Glücksborg,Tyskland,,,,,
LOC1036650,place,STED-REGISTER,City,,,Glückstadt,Tyskland,,,,,
LOC1036700,place,STED-REGISTER,Property,,,Glænø,Danmark,,,,,
LOC1036750,place,STED-REGISTER,Sea,,,Golfo di Napoli,Italien,,,,,
LOC1036800,place,STED-REGISTER,Point of interest (POI),,,Golling,Østrig,,,,,
LOC1036850,place,STED-REGISTER,Property,,,Golubacz,Serbien,,,,,
LOC1036900,place,STED-REGISTER,City,,,Gondo,Schweiz,,,,,
LOC1036950,place,STED-REGISTER,City,,,Goor,Holland,,,,,
LOC1037000,place,STED-REGISTER,City,,,Goslar,Tyskland,,,,,
LOC1037050,place,STED-REGISTER,Property,,,Gotha,Tyskland,,,,,
LOC1037100,place,STED-REGISTER,Property,,,Gottorp,Tyskland,,,,,
LOC1037150,place,STED-REGISTER,City,,,Grabow,Tyskland,,,,,
LOC1037200,place,STED-REGISTER,Property,,,Gram,Danmark,,,,,
LOC1037250,place,STED-REGISTER,City,,,Gran (Esztergom),Ungarn,,,,,
LOC1037300,place,STED-REGISTER,City,,,Granada,Spanien,,,,,
LOC1037350,place,STED-REGISTER,Property,,,Grandson,Schweiz,,,,,
LOC1037400,place,STED-REGISTER,Region,,,Graubünden,Schweiz,,,,,
LOC1037450,place,STED-REGISTER,City,,,Gravesend,England,,,,,
LOC1037500,place,STED-REGISTER,City,,,Graz,Østrig,,,,,
LOC1037550,place,STED-REGISTER,City,,,Greenwich,England,,,,,
LOC1037600,place,STED-REGISTER,City,,,Grenaa,Danmark,,,,,
LOC1037650,place,STED-REGISTER,City,,,"Greve, Høje Taastrup S",Danmark,,,,,
LOC1037700,place,STED-REGISTER,Property,,,Gribsvad Kro,Danmark,,,,,
LOC1037750,place,STED-REGISTER,City,,,Grindelwald,Schweiz,,,,,
LOC1037800,place,STED-REGISTER,City,,,Groningen,Holland,,,,,
LOC1037850,place,STED-REGISTER,City,,,Grossbeeren,Tyskland,,,,,
LOC1037900,place,STED-REGISTER,City,,,Grossenhain,Tyskland,,,,,
LOC1037950,place,STED-REGISTER,City,,,Grottaferrata,Italien,,,,,
LOC1038000,place,STED-REGISTER,Property,,,"Grundet, Store",Danmark,,,,,
LOC1038050,place,STED-REGISTER,Country,,,Grækenland,Grækenland,,,,,
LOC1038100,place,STED-REGISTER,Country,,,Grønland,Grønland,,,,,
LOC1038150,place,STED-REGISTER,City,,,Grådö,Sverige,,,,,
LOC1038200,place,STED-REGISTER,Property,,,Graasten,Danmark,,,,,
LOC1038250,place,STED-REGISTER,River,,,Guadalquivir,Spanien,,,,,
LOC1038300,place,STED-REGISTER,City,,,Gudbjerg,Danmark,,,,,
LOC1038350,place,STED-REGISTER,River,,,Gudenaaen,Danmark,,,,,
LOC1038400,place,STED-REGISTER,Country,,,Guinea,Guinea,,,,,
LOC1038450,place,STED-REGISTER,Region,,,"Gullkroken, Vestergötland",Sverige,,,,,
LOC1038500,place,STED-REGISTER,City,,,Guntershausen,Tyskland,,,,,
LOC1038550,place,STED-REGISTER,Point of interest (POI),,,Gurre,Danmark,,,,,
LOC1038600,place,STED-REGISTER,City,,,Gørding,Danmark,,,,,
LOC1038650,place,STED-REGISTER,City,,,Görlitz,Tyskland,,,,,
LOC1038700,place,STED-REGISTER,River,,,Göta-Elven,Sverige,,,,,
LOC1038750,place,STED-REGISTER,River,,,Göta-Kanalen,Sverige,,,,,
LOC1038800,place,STED-REGISTER,City,,,Göteborg,Sverige,,,,,
LOC1038850,place,STED-REGISTER,City,,,Göttingen,Tyskland,,,,,
LOC1038900,place,STED-REGISTER,Region,,,Gaabense,Danmark,,,,,
LOC1038950,place,STED-REGISTER,City,,,Haderslev,Danmark,,,,,
LOC1039000,place,STED-REGISTER,Region,,,Haga,Sverige,,,,,
LOC1039050,place,STED-REGISTER,City,,,Halberstadt,Tyskland,,,,,
LOC1039100,place,STED-REGISTER,City,,,Hald,Danmark,,,,,
LOC1039150,place,STED-REGISTER,City,,,Halfweg,Holland,,,,,
LOC1039200,place,STED-REGISTER,Region,,,Hallandsås,Sverige,,,,,
LOC1039250,place,STED-REGISTER,City,,,Halle,Tyskland,,,,,
LOC1039300,place,STED-REGISTER,Mountain,,,Halleberg,Sverige,,,,,
LOC1039350,place,STED-REGISTER,City,,,Hallein,Østrig,,,,,
LOC1039400,place,STED-REGISTER,Island,,,Halligerne,Tyskland,,,,,
LOC1039450,place,STED-REGISTER,City,,,Hallsberg,Sverige,,,,,
LOC1039500,place,STED-REGISTER,City,,,Halmstad,Sverige,,,,,
LOC1039550,place,STED-REGISTER,Region,,,"Halskov Vænge, Falster",Danmark,,,,,
LOC1039600,place,STED-REGISTER,Region,,,"Halskov, Sjælland",Danmark,,,,,
LOC1039650,place,STED-REGISTER,City,,,Hamburg,Tyskland,,,,,
LOC1039700,place,STED-REGISTER,City,,,Hameln,Tyskland,,,,,
LOC1039750,place,STED-REGISTER,City,,,Hamilton (Skotland),Skotland,,,,,
LOC1039800,place,STED-REGISTER,City,,,Hamm,Tyskland,,,,,
LOC1039850,place,STED-REGISTER,City,,,Hammel,Danmark,,,,,
LOC1039900,place,STED-REGISTER,Property,,,Hampton Court Palace,England,,,,,
LOC1039950,place,STED-REGISTER,City,,,Hannover,Tyskland,,,,,
LOC1040000,place,STED-REGISTER,City,,,Haparanda,Sverige,,,,,
LOC1040050,place,STED-REGISTER,City,,,Harburg,Tyskland,,,,,
LOC1040100,place,STED-REGISTER,Property,,,Hardenberg,Danmark,,,,,
LOC1040150,place,STED-REGISTER,City,,,Hartmannsdorf,Tyskland,,,,,
LOC1040200,place,STED-REGISTER,Property,,,Harzburg,Tyskland,,,,,
LOC1040250,place,STED-REGISTER,Region,,,Harzen,Tyskland,,,,,
LOC1040300,place,STED-REGISTER,City,,,Harzgerode,Tyskland,,,,,
LOC1040350,place,STED-REGISTER,City,,,Haslev,Danmark,,,,,
LOC1040400,place,STED-REGISTER,City,,,Hastings,England,,,,,
LOC1040450,place,STED-REGISTER,City,,,Havana,Cuba,,,,,
LOC1040500,place,STED-REGISTER,River,,,Havel,Tyskland,,,,,
LOC1040550,place,STED-REGISTER,City,,,"Havre, Le",Frankrig,,,,,
LOC1040600,place,STED-REGISTER,City,,,Hedehusene,Danmark,,,,,
LOC1040650,place,STED-REGISTER,City,,,Hedemora,Sverige,,,,,
LOC1040700,place,STED-REGISTER,Property,,,Hegnsholt,Danmark,,,,,
LOC1040750,place,STED-REGISTER,City,,,Heide,Tyskland,,,,,
LOC1040800,place,STED-REGISTER,City,,,Heidelberg,Tyskland,,,,,
LOC1040850,place,STED-REGISTER,City,,,Heiden,Schweiz,,,,,
LOC1040900,place,STED-REGISTER,City,,,Heilbronn,Tyskland,,,,,
LOC1040950,place,STED-REGISTER,City,,,Heiligenstedten,Tyskland,,,,,
LOC1041000,place,STED-REGISTER,Island,,,Helgoland,Tyskland,,,,,
LOC1041050,place,STED-REGISTER,Property,,,Hellbrunn,Østrig,,,,,
LOC1041100,place,STED-REGISTER,City,,,Hellebæk,Danmark,,,,,
LOC1041150,place,STED-REGISTER,Property,,,Hellekis,Sverige,,,,,
LOC1041200,place,STED-REGISTER,City,,,Hellerup,Danmark,,,,,
LOC1041250,place,STED-REGISTER,City,,,Hellested,Danmark,,,,,
LOC1041300,place,STED-REGISTER,City,,,Helsingborg,Sverige,,,,,
LOC1041350,place,STED-REGISTER,City,,,Helsingfors,Finland,,,,,
LOC1041400,place,STED-REGISTER,City,,,Helsingør,Danmark,,,,,
LOC1041450,place,STED-REGISTER,Point of interest (POI),,,Helved Bakke,Danmark,,,,,
LOC1041500,place,STED-REGISTER,Point of interest (POI),,,"Helvetes-Faldene, Trollhätta",Sverige,,,,,
LOC1041550,place,STED-REGISTER,Church,,,Hem,Danmark,,,,,
LOC1041600,place,STED-REGISTER,City,,,Herat,Afghanistan,,,,,
LOC1041650,place,STED-REGISTER,Point of interest (POI),,,Herculanum,Italien,,,,,
LOC1041700,place,STED-REGISTER,Point of interest (POI),,,Herkules-Badene,Rumænien,,,,,
LOC1041750,place,STED-REGISTER,Property,,,Herlufsholm,Danmark,,,,,
LOC1041800,place,STED-REGISTER,City,,,"Hermupolis, Syra",Grækenland,,,,,
LOC1041850,place,STED-REGISTER,City,,,Herning,Danmark,,,,,
LOC1041900,place,STED-REGISTER,Property,,,Herningsholm,Danmark,,,,,
LOC1041950,place,STED-REGISTER,City,,,Herrljunga,Sverige,,,,,
LOC1042000,place,STED-REGISTER,City,,,Herrnskretschen,Tjekkiet,,,,,
LOC1042050,place,STED-REGISTER,City,,,Herzberg (Sachsen),Tyskland,,,,,
LOC1042100,place,STED-REGISTER,City,,,Hesselager,Danmark,,,,,
LOC1042150,place,STED-REGISTER,Property,,,Hesselager Gaard,Danmark,,,,,
LOC1042200,place,STED-REGISTER,Point of interest (POI),,,Hesselagerstenen,Danmark,,,,,
LOC1042250,place,STED-REGISTER,Region,,,Hessen,Tyskland,,,,,
LOC1042300,place,STED-REGISTER,City,,,Hessingen (Essingen),Tyskland,,,,,
LOC1042350,place,STED-REGISTER,City,,,Hessleholm,Sverige,,,,,
LOC1042400,place,STED-REGISTER,Region,,,Hestehaven,Danmark,,,,,
LOC1042450,place,STED-REGISTER,Point of interest (POI),,,Hestvad,Sverige,,,,,
LOC1042500,place,STED-REGISTER,Property,,,"Het Loo, Apeldoorn",Holland,,,,,
LOC1042550,place,STED-REGISTER,City,,,Heutingsheim,Tyskland,,,,,
LOC1042600,place,STED-REGISTER,Region,,,Hietzing,Østrig,,,,,
LOC1042650,place,STED-REGISTER,City,,,Higham,England,,,,,
LOC1042700,place,STED-REGISTER,City,,,Hildesheim,Tyskland,,,,,
LOC1042750,place,STED-REGISTER,City,,,"Hiltpoltstein, ved Nürnberg",Tyskland,,,,,
LOC1042800,place,STED-REGISTER,Mountain,,,Himalaya,Asien,,,,,
LOC1042850,place,STED-REGISTER,Point of interest (POI),,,Himmelbjerget,Danmark,,,,,
LOC1042900,place,STED-REGISTER,City,,,Himmelreich,Tyskland,,,,,
LOC1042950,place,STED-REGISTER,Country,,,Hindostan,Indien,,,,,
LOC1043000,place,STED-REGISTER,Property,,,Hindsgavl,Danmark,,,,,
LOC1043050,place,STED-REGISTER,City,,,Hinnerup,Danmark,,,,,
LOC1043100,place,STED-REGISTER,Property,,,Hirsau,Tyskland,,,,,
LOC1043150,place,STED-REGISTER,City,,,Hjermind,Danmark,,,,,
LOC1043200,place,STED-REGISTER,City,,,Hjerting,Danmark,,,,,
LOC1043250,place,STED-REGISTER,City,,,Hjørring,Danmark,,,,,
LOC1043300,place,STED-REGISTER,City,,,Hobro,Danmark,,,,,
LOC1043350,place,STED-REGISTER,City,,,Hochheim,Tyskland,,,,,
LOC1043400,place,STED-REGISTER,City,,,Hof,Tyskland,,,,,
LOC1043450,place,STED-REGISTER,Property,,,Hofmansgave,Danmark,,,,,
LOC1043500,place,STED-REGISTER,Property,,,Hohenschwangau,Tyskland,,,,,
LOC1043550,place,STED-REGISTER,Point of interest (POI),,,Hohnstein,Tyskland,,,,,
LOC1043600,place,STED-REGISTER,Point of interest (POI),,,Hoisteinborg Nor,Danmark,,,,,
LOC1043650,place,STED-REGISTER,City,,,"Holbæk (og Holbæk Amt, Holbæk-Egnen)",Danmark,,,,,
LOC1043700,place,STED-REGISTER,Property,,,Holckenhavn,Danmark,,,,,
LOC1043750,place,STED-REGISTER,City,,,Hollabrunn (Ober-Hollabrunn),Østrig,,,,,
LOC1043800,place,STED-REGISTER,Country,,,Holland,Holland,,,,,
LOC1043850,place,STED-REGISTER,Property,,,Hollufgaard,Danmark,,,,,
LOC1043900,place,STED-REGISTER,Point of interest (POI),,,Holmegaards Glasværk,Danmark,,,,,
LOC1043950,place,STED-REGISTER,Region,,,Holmsland,Danmark,,,,,
LOC1044000,place,STED-REGISTER,City,,,Holstebro,Danmark,,,,,
LOC1044050,place,STED-REGISTER,Property,,,Holsteinborg,Danmark,,,,,
LOC1044100,place,STED-REGISTER,Property,,,Holsteinsminde,Danmark,,,,,
LOC1044150,place,STED-REGISTER,Region,,,Holsten,Tyskland,,,,,
LOC1044200,place,STED-REGISTER,Property,,,Holstenshus,Danmark,,,,,
LOC1044250,place,STED-REGISTER,City,,,Holte,Danmark,,,,,
LOC1044300,place,STED-REGISTER,Property,,,Holtegaard,Danmark,,,,,
LOC1044350,place,STED-REGISTER,City,,,Homburg,Tyskland,,,,,
LOC1044400,place,STED-REGISTER,City,,,Hoptrup,Danmark,,,,,
LOC1044450,place,STED-REGISTER,City,,,Horgen,Schweiz,,,,,
LOC1044500,place,STED-REGISTER,City,,,Hornbæk,Danmark,,,,,
LOC1044550,place,STED-REGISTER,City,,,Horne,Danmark,,,,,
LOC1044600,place,STED-REGISTER,City,,,Horsens,Danmark,,,,,
LOC1044650,place,STED-REGISTER,City,,,Hospenthal,Schweiz,,,,,
LOC1044700,place,STED-REGISTER,Point of interest (POI),,,"Hospiz, St. Gotthard",Schweiz,,,,,
LOC1044750,place,STED-REGISTER,City,,,Hova,Sverige,,,,,
LOC1044800,place,STED-REGISTER,City,,,Hull,England,,,,,
LOC1044850,place,STED-REGISTER,Point of interest (POI),,,"Hundegrotten (Grotta del Cane, Agnano)",Italien,,,,,
LOC1044900,place,STED-REGISTER,City,,,"Hundstrup, Salling H., Svendborg A.",Danmark,,,,,
LOC1044950,place,STED-REGISTER,Mountain,,,Hunneberg,Sverige,,,,,
LOC1045000,place,STED-REGISTER,River,,,Hunte,Tyskland,,,,,
LOC1045050,place,STED-REGISTER,City,,,Husaby,Sverige,,,,,
LOC1045100,place,STED-REGISTER,City,,,Husby,Danmark,,,,,
LOC1045150,place,STED-REGISTER,Property,,,Hvedholm,Danmark,,,,,
LOC1045200,place,STED-REGISTER,Island,,,Hven,Danmark,,,,,
LOC1045250,place,STED-REGISTER,Property,,,Hvidkilde,Danmark,,,,,
LOC1045300,place,STED-REGISTER,Property,,,Hyby,Sverige,,,,,
LOC1045350,place,STED-REGISTER,City,,,Hyères,Frankrig,,,,,
LOC1045400,place,STED-REGISTER,Mountain,,,Hymettos,Grækenland,,,,,
LOC1045450,place,STED-REGISTER,Region,,,Hütteldorf,Østrig,,,,,
LOC1045500,place,STED-REGISTER,Property,,,Häckeberga,Sverige,,,,,
LOC1045550,place,STED-REGISTER,0,,,Hällebrunn,Sverige,,,,,
LOC1045600,place,STED-REGISTER,City,,,Härfvsta,Sverige,,,,,
LOC1045650,place,STED-REGISTER,Point of interest (POI),,,"Høgebjerg, Als",Danmark,,,,,
LOC1045700,place,STED-REGISTER,Point of interest (POI),,,Højbjerg,Danmark,,,,,
LOC1045750,place,STED-REGISTER,Region,,,"Höllenthal, das",Schweiz,,,,,
LOC1045800,place,STED-REGISTER,City,,,"Höllenweg, der",Tyskland,,,,,
LOC1045850,place,STED-REGISTER,Point of interest (POI),,,Hölzbach,Schweiz,,,,,
LOC1045900,place,STED-REGISTER,City,,,Hønefos,Norge,,,,,
LOC1045950,place,STED-REGISTER,Property,,,Hönsäter,Sverige,,,,,
LOC1046000,place,STED-REGISTER,City,,,Höör,Sverige,,,,,
LOC1046050,place,STED-REGISTER,City,,,Haag,Holland,,,,,
LOC1046100,place,STED-REGISTER,City,,,Håkansbo,Sverige,,,,,
LOC1046150,place,STED-REGISTER,City,,,Haarlem,Holland,,,,,
LOC1046200,place,STED-REGISTER,City,,,Haarlemer Meer,By,,,,,
LOC1046250,place,STED-REGISTER,City,,,Iglau,Tjekkiet,,,,,
LOC1046300,place,STED-REGISTER,Island,,,Iholm,Danmark,,,,,
LOC1046350,place,STED-REGISTER,River,,,Ilissos,Grækenland,,,,,
LOC1046400,place,STED-REGISTER,City,,,Ilmenau,Tyskland,,,,,
LOC1046450,place,STED-REGISTER,City,,,Ilok,Kroatien,,,,,
LOC1046500,place,STED-REGISTER,River,,,Ilse,Tyskland,,,,,
LOC1046550,place,STED-REGISTER,Point of interest (POI),,,Ilsenstein,Tyskland,,,,,
LOC1046600,place,STED-REGISTER,Region,,,Ilsethal,Tyskland,,,,,
LOC1046650,place,STED-REGISTER,City,,,Immendorf,Tyskland,,,,,
LOC1046700,place,STED-REGISTER,City,,,Immensee,Schweiz,,,,,
LOC1046750,place,STED-REGISTER,City,,,Incisa Valdarno,Italien,,,,,
LOC1046800,place,STED-REGISTER,Region,,,Indiana,USA,,,,,
LOC1046850,place,STED-REGISTER,Country,,,Indien,Indien,,,,,
LOC1046900,place,STED-REGISTER,River,,,Inn,Østrig,,,,,
LOC1046950,place,STED-REGISTER,Region,,,Inn-Dalen,Østrig,,,,,
LOC1047000,place,STED-REGISTER,City,,,Innsbruck,Østrig,,,,,
LOC1047050,place,STED-REGISTER,City,,,Interlaken,Schweiz,,,,,
LOC1047100,place,STED-REGISTER,City,,,Inverness,Skotland,,,,,
LOC1047150,place,STED-REGISTER,Country,,,Irland,Irland,,,,,
LOC1047200,place,STED-REGISTER,City,,,Irstad,Sverige,,,,,
LOC1047250,place,STED-REGISTER,City,,,Irun,Spanien,,,,,
LOC1047300,place,STED-REGISTER,City,,,Isala,Sverige,,,,,
LOC1047350,place,STED-REGISTER,River,,,Isar,Tyskland,,,,,
LOC1047400,place,STED-REGISTER,Region,,,Isar-Dalen,Tyskland,,,,,
LOC1047450,place,STED-REGISTER,Island,,,Ischia,Italien,,,,,
LOC1047500,place,STED-REGISTER,City,,,Ischl,Østrig,,,,,
LOC1047550,place,STED-REGISTER,Sea,,,Isefjorden,Danmark,,,,,
LOC1047600,place,STED-REGISTER,Country,,,Island,Island,,,,,
LOC1047650,place,STED-REGISTER,Island,,,Isola Bella,Italien,,,,,
LOC1047700,place,STED-REGISTER,Region,,,Isthmen,Grækenland,,,,,
LOC1047750,place,STED-REGISTER,Country,,,Italien,Italien,,,,,
LOC1047800,place,STED-REGISTER,City,,,Itzehoe,Tyskland,,,,,
LOC1047850,place,STED-REGISTER,City,,,Izlas,Rumænien,,,,,
LOC1047900,place,STED-REGISTER,Region,,,Jacobsbruch,Tyskland,,,,,
LOC1047950,place,STED-REGISTER,Country,,,Japan,Japan,,,,,
LOC1048000,place,STED-REGISTER,Region,,,Jatzske,Tyskland,,,,,
LOC1048050,place,STED-REGISTER,Island,,,Java,Indonesien,,,,,
LOC1048100,place,STED-REGISTER,City,,,Jena,Tyskland,,,,,
LOC1048150,place,STED-REGISTER,City,,,Jenikau,Tjekkiet,,,,,
LOC1048200,place,STED-REGISTER,City,,,Jeres de la Frontera,Spanien,,,,,
LOC1048250,place,STED-REGISTER,Property,,,Jerichow,Tyskland,,,,,
LOC1048300,place,STED-REGISTER,Property,,,Jernit,Danmark,,,,,
LOC1048350,place,STED-REGISTER,Region,,,Jernporten (Eisernes Thor),Serbien,,,,,
LOC1048400,place,STED-REGISTER,City,,,Jerup,Danmark,,,,,
LOC1048450,place,STED-REGISTER,City,,,Jerusalem,Israel,,,,,
LOC1048500,place,STED-REGISTER,City,,,Jever,Tyskland,,,,,
LOC1048550,place,STED-REGISTER,Property,,,"Johannisberg, Schloss",Tyskland,,,,,
LOC1048600,place,STED-REGISTER,Property,,,Jomfruens Egede,Danmark,,,,,
LOC1048650,place,STED-REGISTER,Mountain,,,Jooephsberg,Østrig,,,,,
LOC1048700,place,STED-REGISTER,Point of interest (POI),,,Josephsdorf,Østrig,,,,,
LOC1048750,place,STED-REGISTER,0,,,Jotnahem,0,,,,,
LOC1048800,place,STED-REGISTER,Property,,,Juellinge (Halsted Kloster) (Lollands Nørre Herred),Danmark,,,,,
LOC1048850,place,STED-REGISTER,Property,,,Juellinge (Stevns Herred),Danmark,,,,,
LOC1048900,place,STED-REGISTER,Property,,,Juelsberg,Danmark,,,,,
LOC1048950,place,STED-REGISTER,Mountain,,,Jungfrau,Schweiz,,,,,
LOC1049000,place,STED-REGISTER,Region,,,Jungshoved,Danmark,,,,,
LOC1049050,place,STED-REGISTER,Region,,,"Junquera, La",Spanien,,,,,
LOC1049100,place,STED-REGISTER,Mountain,,,Jurabjergene,Schweiz,,,,,
LOC1049150,place,STED-REGISTER,Region,,,Jylland,Danmark,,,,,
LOC1049200,place,STED-REGISTER,City,,,Jüterbog,Tyskland,,,,,
LOC1049250,place,STED-REGISTER,City,,,Jönköping,Sverige,,,,,
LOC1049300,place,STED-REGISTER,Mountain,,,Kahlenberg,Østrig,,,,,
LOC1049350,place,STED-REGISTER,Point of interest (POI),,,Kalby Ris,Danmark,,,,,
LOC1049400,place,STED-REGISTER,Region,,,Kallebodstrand,Danmark,,,,,
LOC1049450,place,STED-REGISTER,Point of interest (POI),,,Kallehave,Danmark,,,,,
LOC1049500,place,STED-REGISTER,City,,,Kalmar,Sverige,,,,,
LOC1049550,place,STED-REGISTER,City,,,Kalundborg,Danmark,,,,,
LOC1049600,place,STED-REGISTER,City,,,Karasu,Tyrkiet,,,,,
LOC1049650,place,STED-REGISTER,City,,,Karise,Danmark,,,,,
LOC1049700,place,STED-REGISTER,Property,,,Karlberg,Sverige,,,,,
LOC1049750,place,STED-REGISTER,City,,,Karlowicz (Karlovci),Serbien,,,,,
LOC1049800,place,STED-REGISTER,City,,,Karlsbad,Tjekkiet,,,,,
LOC1049850,place,STED-REGISTER,Property,,,Karlsborg,Sverige,,,,,
LOC1049900,place,STED-REGISTER,City,,,Karlskrona,Sverige,,,,,
LOC1049950,place,STED-REGISTER,City,,,Karlsruhe,Tyskland,,,,,
LOC1050000,place,STED-REGISTER,City,,,Karlstad,Sverige,,,,,
LOC1050050,place,STED-REGISTER,Mountain,,,Karpaterne,Europa,,,,,
LOC1050100,place,STED-REGISTER,Point of interest (POI),,,Karrebæk,Danmark,,,,,
LOC1050150,place,STED-REGISTER,City,,,Karrebæksminde,Danmark,,,,,
LOC1050200,place,STED-REGISTER,City,,,Kassel,Tyskland,,,,,
LOC1050250,place,STED-REGISTER,City,,,Kastel,Tyskland,,,,,
LOC1050300,place,STED-REGISTER,City,,,Katrineholm,Sverige,,,,,
LOC1050350,place,STED-REGISTER,Sea,,,Kattegat,Danmark,,,,,
LOC1050400,place,STED-REGISTER,City,,,Katwijk,Holland,,,,,
LOC1050450,place,STED-REGISTER,Mountain,,,Kaukasus,Georgien,,,,,
LOC1050500,place,STED-REGISTER,City,,,Kazan,Rusland,,,,,
LOC1050550,place,STED-REGISTER,Island,,,Kea,Grækenland,,,,,
LOC1050600,place,STED-REGISTER,City,,,Kehl,Tyskland,,,,,
LOC1050650,place,STED-REGISTER,City,,,Kellinghusen,Tyskland,,,,,
LOC1050700,place,STED-REGISTER,City,,,Kempten,Tyskland,,,,,
LOC1050750,place,STED-REGISTER,City,,,Khalkis,Grækenland,,,,,
LOC1050800,place,STED-REGISTER,Island,,,Khios,Grækenland,,,,,
LOC1050850,place,STED-REGISTER,City,,,Kiel,Tyskland,,,,,
LOC1050900,place,STED-REGISTER,Sea,,,Kielerfjord,Tyskland,,,,,
LOC1050950,place,STED-REGISTER,Region,,,Kifissia,Grækenland,,,,,
LOC1051000,place,STED-REGISTER,River,,,Kifissos,Grækenland,,,,,
LOC1051050,place,STED-REGISTER,Property,,,"Kilburn, Bransbury House",England,,,,,
LOC1051100,place,STED-REGISTER,Country,,,Kina,Kina,,,,,
LOC1051150,place,STED-REGISTER,Mountain,,,Kinnekulle,Sverige,,,,,
LOC1051200,place,STED-REGISTER,City,,,Kirkcaldy,Skotland,,,,,
LOC1051250,place,STED-REGISTER,Country,,,Kirkestaten,Vatikanstaten,,,,,
LOC1051300,place,STED-REGISTER,River,,,Kirnitz,Tyskland,,,,,
LOC1051350,place,STED-REGISTER,City,,,Kissingen,Tyskland,,,,,
LOC1051400,place,STED-REGISTER,City,,,Klampenborg,Danmark,,,,,
LOC1051450,place,STED-REGISTER,River,,,Klara-Elven,Sverige,,,,,
LOC1051500,place,STED-REGISTER,City,,,Klaus,Tyskland,,,,,
LOC1051550,place,STED-REGISTER,City,,,Kleef,Tyskland,,,,,
LOC1051600,place,STED-REGISTER,Property,,,"Klopp, Burg",Tyskland,,,,,
LOC1051650,place,STED-REGISTER,Region,,,Kloster-Mansfeld,Tyskland,,,,,
LOC1051700,place,STED-REGISTER,City,,,Klosterneuburg,Østrig,,,,,
LOC1051750,place,STED-REGISTER,Property,,,Knivholt,Danmark,,,,,
LOC1051800,place,STED-REGISTER,Property,,,Knole House,England,,,,,
LOC1051850,place,STED-REGISTER,Region,,,"Knudshoved, Fyn",Danmark,,,,,
LOC1051900,place,STED-REGISTER,Property,,,Knuthenborg,Danmark,,,,,
LOC1051950,place,STED-REGISTER,City,,,Kobelnick,Polen,,,,,
LOC1052000,place,STED-REGISTER,City,,,Koblenz,Tyskland,,,,,
LOC1052050,place,STED-REGISTER,Lake,,,Kochelsee,Tyskland,,,,,
LOC1052100,place,STED-REGISTER,City,,,Kohlfurt,Polen,,,,,
LOC1052150,place,STED-REGISTER,City,,,Kolberg,Polen,,,,,
LOC1052200,place,STED-REGISTER,City,,,Kolbäck,Sverige,,,,,
LOC1052250,place,STED-REGISTER,City,,,Kolding,Danmark,,,,,
LOC1052300,place,STED-REGISTER,City,,,Kolin,Tjekkiet,,,,,
LOC1052350,place,STED-REGISTER,City,,,Kollmann,Italien,,,,,
LOC1052400,place,STED-REGISTER,Region,,,Kolonos,Grækenland,,,,,
LOC1052450,place,STED-REGISTER,City,,,Komorn (Komárno),Slovakiet,,,,,
LOC1052500,place,STED-REGISTER,Point of interest (POI),,,"Kongens Have, København",Danmark,,,,,
LOC1052550,place,STED-REGISTER,River,,,Kongeaaen,Danmark,,,,,
LOC1052600,place,STED-REGISTER,Property,,,Kongsdal,Danmark,,,,,
LOC1052650,place,STED-REGISTER,City,,,Kongsvinger,Norge,,,,,
LOC1052700,place,STED-REGISTER,City,,,Konstantinopel,Tyrkiet,,,,,
LOC1052750,place,STED-REGISTER,City,,,Konstanz,Tyskland,,,,,
LOC1052800,place,STED-REGISTER,City,,,Korinth,Grækenland,,,,,
LOC1052850,place,STED-REGISTER,City,,,Korneuburg,Østrig,,,,,
LOC1052900,place,STED-REGISTER,City,,,Korsør,Danmark,,,,,
LOC1052950,place,STED-REGISTER,Property,,,Kowicz,Polen,,,,,
LOC1053000,place,STED-REGISTER,Property,,,Krebshuset Kro,Danmark,,,,,
LOC1053050,place,STED-REGISTER,Property,,,"Kreischa, Bad",Tyskland,,,,,
LOC1053100,place,STED-REGISTER,City,,,Krempe,Tyskland,,,,,
LOC1053150,place,STED-REGISTER,Island,,,Kreta,Grækenland,,,,,
LOC1053200,place,STED-REGISTER,City,,,"Kreuznach, Bad",Tyskland,,,,,
LOC1053250,place,STED-REGISTER,City,,,Krippen (ved Schandau),Tyskland,,,,,
LOC1053300,place,STED-REGISTER,City,,,Kristinehamn,Sverige,,,,,
LOC1053350,place,STED-REGISTER,Property,,,Krogerup,Danmark,,,,,
LOC1053400,place,STED-REGISTER,Property,,,Kronborg,Danmark,,,,,
LOC1053450,place,STED-REGISTER,City,,,Kubin,Serbien,,,,,
LOC1053500,place,STED-REGISTER,City,,,Kuchl,Østrig,,,,,
LOC1053550,place,STED-REGISTER,City,,,Kufstein,Østrig,,,,,
LOC1053600,place,STED-REGISTER,Point of interest (POI),,,Kuhstall,Tyskland,,,,,
LOC1053650,place,STED-REGISTER,Property,,,Kulla Gunnarstorp,Sverige,,,,,
LOC1053700,place,STED-REGISTER,Point of interest (POI),,,Kullen,Sverige,,,,,
LOC1053750,place,STED-REGISTER,City,,,Kulm,Tjekkiet,,,,,
LOC1053800,place,STED-REGISTER,City,,,Kumla,Sverige,,,,,
LOC1053850,place,STED-REGISTER,City,,,Kungelf,Sverige,,,,,
LOC1053900,place,STED-REGISTER,Region,,,Kurland,Letland,,,,,
LOC1053950,place,STED-REGISTER,City,,,Kuttenberg,Tjekkiet,,,,,
LOC1054000,place,STED-REGISTER,City,,,Kværndrup,Danmark,,,,,
LOC1054050,place,STED-REGISTER,City,,,Kyritz,Tyskland,,,,,
LOC1054100,place,STED-REGISTER,City,,,Küssnacht am Rigi,Schweiz,,,,,
LOC1054150,place,STED-REGISTER,City,,,Küstendil,Bulgarien,,,,,
LOC1054200,place,STED-REGISTER,City,,,Küstendje (Costanta),Rumænien,,,,,
LOC1054250,place,STED-REGISTER,Property,,,Källtorp,Sverige,,,,,
LOC1054300,place,STED-REGISTER,Region,,,Kärra,Sverige,,,,,
LOC1054350,place,STED-REGISTER,City,,,København,Danmark,,,,,
LOC1054400,place,STED-REGISTER,City,,,Køge,Danmark,,,,,
LOC1054450,place,STED-REGISTER,Sea,,,Køge Bugt,Danmark,,,,,
LOC1054500,place,STED-REGISTER,City,,,Köln,Tyskland,,,,,
LOC1054550,place,STED-REGISTER,Region,,,Kölva,Sverige,,,,,
LOC1054600,place,STED-REGISTER,City,,,Køng,Danmark,,,,,
LOC1054650,place,STED-REGISTER,City,,,Königerode,Tyskland,,,,,
LOC1054700,place,STED-REGISTER,City,,,Königsberg,Rusland,,,,,
LOC1054750,place,STED-REGISTER,Point of interest (POI),,,Königsplatz,Tyskland,,,,,
LOC1054800,place,STED-REGISTER,City,,,Königstein,Tyskland,,,,,
LOC1054850,place,STED-REGISTER,City,,,Köping,Sverige,,,,,
LOC1054900,place,STED-REGISTER,City,,,"Kösen, Bad",Tyskland,,,,,
LOC1054950,place,STED-REGISTER,Property,,,Köthen,Tyskland,,,,,
LOC1055000,place,STED-REGISTER,City,,,Laca,Italien,,,,,
LOC1055050,place,STED-REGISTER,City,,,Lachen,Schweiz,,,,,
LOC1055100,place,STED-REGISTER,Lake,,,Ladegaardsøen (ved Christiania),Norge,,,,,
LOC1055150,place,STED-REGISTER,River,,,Lagan,Sverige,,,,,
LOC1055200,place,STED-REGISTER,Lake,,,Lago dei Tartari,Italien,,,,,
LOC1055250,place,STED-REGISTER,Lake,,,Lago Maggiore,Italien,,,,,
LOC1055300,place,STED-REGISTER,River,,,Lahn,Tyskland,,,,,
LOC1055350,place,STED-REGISTER,City,,,Laholm,Sverige,,,,,
LOC1055400,place,STED-REGISTER,City,,,Laibach,Tyskland,,,,,
LOC1055450,place,STED-REGISTER,City,,,Lambach,Østrig,,,,,
LOC1055500,place,STED-REGISTER,City,,,Lammhult,Sverige,,,,,
LOC1055550,place,STED-REGISTER,City,,,Landeron,Schweiz,,,,,
LOC1055600,place,STED-REGISTER,City,,,Landskrona,Sverige,,,,,
LOC1055650,place,STED-REGISTER,Island,,,Langeland,Danmark,,,,,
LOC1055700,place,STED-REGISTER,Region,,,Langenfelde (Holsten),Tyskland,,,,,
LOC1055750,place,STED-REGISTER,Lake,,,Langesø,Danmark,,,,,
LOC1055800,place,STED-REGISTER,River,,,Languedoc-Kanalen (Canal du Midi),Frankrig,,,,,
LOC1055850,place,STED-REGISTER,City,,,Langaa (Fyn),Danmark,,,,,
LOC1055900,place,STED-REGISTER,Region,,,Lapland,Finland,,,,,
LOC1055950,place,STED-REGISTER,City,,,Larvik,Norge,,,,,
LOC1056000,place,STED-REGISTER,City,,,Lauenburg,Tyskland,,,,,
LOC1056050,place,STED-REGISTER,City,,,Lausanne,Schweiz,,,,,
LOC1056100,place,STED-REGISTER,City,,,Lauterbrunnen,Schweiz,,,,,
LOC1056150,place,STED-REGISTER,City,,,Lavis,Italien,,,,,
LOC1056200,place,STED-REGISTER,City,,,Lavrbjerg,Danmark,,,,,
LOC1056250,place,STED-REGISTER,Property,,,Laxenburg,Østrig,,,,,
LOC1056300,place,STED-REGISTER,City,,,Laxå,Sverige,,,,,
LOC1056350,place,STED-REGISTER,Lake,,,Lecco-Bugten (Como-Søen),Italien,,,,,
LOC1056400,place,STED-REGISTER,Property,,,Leckö,Sverige,,,,,
LOC1056450,place,STED-REGISTER,City,,,Leeds,England,,,,,
LOC1056500,place,STED-REGISTER,City,,,Lehrte,Tyskland,,,,,
LOC1056550,place,STED-REGISTER,City,,,Leiden,Holland,,,,,
LOC1056600,place,STED-REGISTER,City,,,Leimbach,Tyskland,,,,,
LOC1056650,place,STED-REGISTER,City,,,Leipzig,Tyskland,,,,,
LOC1056700,place,STED-REGISTER,City,,,Leith,Skotland,,,,,
LOC1056750,place,STED-REGISTER,City,,,Leitmeritz,Tjekkiet,,,,,
LOC1056800,place,STED-REGISTER,City,,,Lek,Tyskland,,,,,
LOC1056850,place,STED-REGISTER,Property,,,Lekkende,Danmark,,,,,
LOC1056900,place,STED-REGISTER,City,,,Lemberg (Lwów),Ukraine,,,,,
LOC1056950,place,STED-REGISTER,City,,,Lemvig,Danmark,,,,,
LOC1057000,place,STED-REGISTER,City,,,Lenz,Schweiz,,,,,
LOC1057050,place,STED-REGISTER,Mountain,,,Leopoldsberg,Østrig,,,,,
LOC1057100,place,STED-REGISTER,Property,,,Lerchenborg,Danmark,,,,,
LOC1057150,place,STED-REGISTER,Property,,,Lethraborg,Danmark,,,,,
LOC1057200,place,STED-REGISTER,City,,,Levane,Italien,,,,,
LOC1057250,place,STED-REGISTER,Country,,,Libanon,Libanon,,,,,
LOC1057300,place,STED-REGISTER,Region,,,Liben,Tjekkiet,,,,,
LOC1057350,place,STED-REGISTER,City,,,Lidköping,Sverige,,,,,
LOC1057400,place,STED-REGISTER,City,,,"Liebenwerda, Bad",Tyskland,,,,,
LOC1057450,place,STED-REGISTER,Mountain,,,Liebethaler Grund,Tyskland,,,,,
LOC1057500,place,STED-REGISTER,Region,,,Lifland,Estland,,,,,
LOC1057550,place,STED-REGISTER,Mountain,,,Lilienstein,Tyskland,,,,,
LOC1057600,place,STED-REGISTER,City,,,Lilla Edet,Sverige,,,,,
LOC1057650,place,STED-REGISTER,City,,,Lille,Frankrig,,,,,
LOC1057700,place,STED-REGISTER,Point of interest (POI),,,Lille Odinshøi,Danmark,,,,,
LOC1057750,place,STED-REGISTER,Sea,,,Lillebelt,Danmark,,,,,
LOC1057800,place,STED-REGISTER,City,,,Lillestrøm,Norge,,,,,
LOC1057850,place,STED-REGISTER,Property,,,Lilliendal,Danmark,,,,,
LOC1057900,place,STED-REGISTER,Sea,,,Limfjorden,Danmark,,,,,
LOC1057950,place,STED-REGISTER,Point of interest (POI),,,Limsta,Sverige,,,,,
LOC1058000,place,STED-REGISTER,City,,,Lindau im Bodensee,Tyskland,,,,,
LOC1058050,place,STED-REGISTER,City,,,Lingen,Tyskland,,,,,
LOC1058100,place,STED-REGISTER,City,,,Linköping,Sverige,,,,,
LOC1058150,place,STED-REGISTER,River,,,Linth-Kanalen,Schweiz,,,,,
LOC1058200,place,STED-REGISTER,City,,,Linz,Østrig,,,,,
LOC1058250,place,STED-REGISTER,Island,,,"Lipariske Øer, de",Italien,,,,,
LOC1058300,place,STED-REGISTER,Region,,,Lippe-Detmold,Tyskland,,,,,
LOC1058350,place,STED-REGISTER,River,,,Liro,Italien,,,,,
LOC1058400,place,STED-REGISTER,City,,,Lissabon,Portugal,,,,,
LOC1058450,place,STED-REGISTER,City,,,Liverpool,England,,,,,
LOC1058500,place,STED-REGISTER,City,,,Livorno,Italien,,,,,
LOC1058550,place,STED-REGISTER,City,,,Ljung,Sverige,,,,,
LOC1058600,place,STED-REGISTER,Region,,,lnversnaid,Skotland,,,,,
LOC1058650,place,STED-REGISTER,City,,,Lobositz,Tjekkiet,,,,,
LOC1058700,place,STED-REGISTER,Lake,,,Loch Katrine,Skotland,,,,,
LOC1058750,place,STED-REGISTER,Lake,,,Loch Laggan,Skotland,,,,,
LOC1058800,place,STED-REGISTER,Lake,,,Loch Lomond,Skotland,,,,,
LOC1058850,place,STED-REGISTER,City,,,"Locle, Le",Schweiz,,,,,
LOC1058900,place,STED-REGISTER,City,,,Lohmen,Tyskland,,,,,
LOC1058950,place,STED-REGISTER,City,,,Loiano,Italien,,,,,
LOC1059000,place,STED-REGISTER,River,,,Loire,Frankrig,,,,,
LOC1059050,place,STED-REGISTER,River,,,Loisach,Tyskland,,,,,
LOC1059100,place,STED-REGISTER,City,,,Loja,Spanien,,,,,
LOC1059150,place,STED-REGISTER,Island,,,Lolland,Danmark,,,,,
LOC1059200,place,STED-REGISTER,City,,,Lom-Palanka,Bulgarien,,,,,
LOC1059250,place,STED-REGISTER,City,,,London,England,,,,,
LOC1059300,place,STED-REGISTER,City,,,Longchamp,Frankrig,,,,,
LOC1059350,place,STED-REGISTER,City,,,Lorch,Tyskland,,,,,
LOC1059400,place,STED-REGISTER,City,,,Loreto,Italien,,,,,
LOC1059450,place,STED-REGISTER,Point of interest (POI),,,Lottchensitz (ved Maxen),Tyskland,,,,,
LOC1059500,place,STED-REGISTER,Point of interest (POI),,,Louisehøj (ved Silkeborg),Danmark,,,,,
LOC1059550,place,STED-REGISTER,Lake,,,Lowerzer-See,Schweiz,,,,,
LOC1059600,place,STED-REGISTER,Point of interest (POI),,,lselle,Italien,,,,,
LOC1059650,place,STED-REGISTER,Region,,,lsted,Tyskland,,,,,
LOC1059700,place,STED-REGISTER,City,,,ltri,Italien,,,,,
LOC1059750,place,STED-REGISTER,City,,,Lucca,Italien,,,,,
LOC1059800,place,STED-REGISTER,Lake,,,Lucriner-Søen,Italien,,,,,
LOC1059850,place,STED-REGISTER,City,,,Ludwigshafen,Tyskland,,,,,
LOC1059900,place,STED-REGISTER,City,,,Ludwigslust,Tyskland,,,,,
LOC1059950,place,STED-REGISTER,Lake,,,Luganer-Søen,Schweiz,,,,,
LOC1060000,place,STED-REGISTER,City,,,Lugano,Schweiz,,,,,
LOC1060050,place,STED-REGISTER,City,,,Lund,Sverige,,,,,
LOC1060100,place,STED-REGISTER,City,,,Lundeborg,Danmark,,,,,
LOC1060150,place,STED-REGISTER,City,,,Lundenburg,Tjekkiet,,,,,
LOC1060200,place,STED-REGISTER,Property,,,Lundsgaard,Danmark,,,,,
LOC1060250,place,STED-REGISTER,City,,,Lunéville,Frankrig,,,,,
LOC1060300,place,STED-REGISTER,Lake,,,Lungern,Schweiz,,,,,
LOC1060350,place,STED-REGISTER,Lake,,,Lungern-Søen,Schweiz,,,,,
LOC1060400,place,STED-REGISTER,Mountain,,,Lurlei,Tyskland,,,,,
LOC1060450,place,STED-REGISTER,City,,,Luzern,Schweiz,,,,,
LOC1060500,place,STED-REGISTER,City,,,Lübeck,Tyskland,,,,,
LOC1060550,place,STED-REGISTER,Property,,,Lykkesholm,Danmark,,,,,
LOC1060600,place,STED-REGISTER,City,,,Lüneburg,Tyskland,,,,,
LOC1060650,place,STED-REGISTER,Region,,,Lüneburger Heide,Tyskland,,,,,
LOC1060700,place,STED-REGISTER,City,,,Lyngby,Danmark,,,,,
LOC1060750,place,STED-REGISTER,City,,,Lyon,Frankrig,,,,,
LOC1060800,place,STED-REGISTER,Sea,,,Lyoner-Bugten,Frankrig,,,,,
LOC1060850,place,STED-REGISTER,City,,,Lyrastad,Sverige,,,,,
LOC1060900,place,STED-REGISTER,Property,,,Lystrup,Danmark,,,,,
LOC1060950,place,STED-REGISTER,River,,,Lütschinen,Schweiz,,,,,
LOC1061000,place,STED-REGISTER,City,,,Lüttich (Liège),Belgien,,,,,
LOC1061050,place,STED-REGISTER,City,,,Lützen,Tyskland,,,,,
LOC1061100,place,STED-REGISTER,Point of interest (POI),,,Lærkehøj (Ulvborg S.),Danmark,,,,,
LOC1061150,place,STED-REGISTER,City,,,Löfsta Bruk,Sverige,,,,,
LOC1061200,place,STED-REGISTER,Lake,,,Løgsø,Danmark,,,,,
LOC1061250,place,STED-REGISTER,City,,,Løkken,Danmark,,,,,
LOC1061300,place,STED-REGISTER,City,,,Löningen,Tyskland,,,,,
LOC1061350,place,STED-REGISTER,Property,,,Løvenborg,Danmark,,,,,
LOC1061400,place,STED-REGISTER,City,,,Löwen (Louvain),Belgien,,,,,
LOC1061450,place,STED-REGISTER,City,,,Macerata,Italien,,,,,
LOC1061500,place,STED-REGISTER,City,,,Macon,Frankrig,,,,,
LOC1061550,place,STED-REGISTER,Island,,,Madeira,Portugal,,,,,
LOC1061600,place,STED-REGISTER,City,,,Madrid,Spanien,,,,,
LOC1061650,place,STED-REGISTER,Property,,,Maegaard,Danmark,,,,,
LOC1061700,place,STED-REGISTER,City,,,Mafra,Portugal,,,,,
LOC1061750,place,STED-REGISTER,City,,,Magdeburg,Tyskland,,,,,
LOC1061800,place,STED-REGISTER,River,,,"Magra, La",Italien,,,,,
LOC1061850,place,STED-REGISTER,City,,,Maidstone,England,,,,,
LOC1061900,place,STED-REGISTER,River,,,Main,Tyskland,,,,,
LOC1061950,place,STED-REGISTER,City,,,Mainz,Tyskland,,,,,
LOC1062000,place,STED-REGISTER,City,,,Maiori,Italien,,,,,
LOC1062050,place,STED-REGISTER,Region,,,Maira,Italien,,,,,
LOC1062100,place,STED-REGISTER,Region,,,Makedonien,Grækenland,,,,,
LOC1062150,place,STED-REGISTER,City,,,Málaga,Spanien,,,,,
LOC1062200,place,STED-REGISTER,City,,,Malebern,Østrig,,,,,
LOC1062250,place,STED-REGISTER,City,,,Malines,Belgien,,,,,
LOC1062300,place,STED-REGISTER,City,,,Malmö,Sverige,,,,,
LOC1062350,place,STED-REGISTER,Property,,,Maloja-Kulm,Schweiz,,,,,
LOC1062400,place,STED-REGISTER,Country,,,Malta,Malta,,,,,
LOC1062450,place,STED-REGISTER,City,,,Manchester,England,,,,,
LOC1062500,place,STED-REGISTER,City,,,Mannheim,Tyskland,,,,,
LOC1062550,place,STED-REGISTER,City,,,Mansfeld,Tyskland,,,,,
LOC1062600,place,STED-REGISTER,City,,,Mantova,Italien,,,,,
LOC1062650,place,STED-REGISTER,Point of interest (POI),,,Marathon,Grækenland,,,,,
LOC1062700,place,STED-REGISTER,City,,,Marburg,Tyskland,,,,,
LOC1062750,place,STED-REGISTER,Church,,,Maria-Frieden,Tyskland,,,,,
LOC1062800,place,STED-REGISTER,City,,,Mariager,Danmark,,,,,
LOC1062850,place,STED-REGISTER,Sea,,,Mariager Fjord,Danmark,,,,,
LOC1062900,place,STED-REGISTER,City,,,Maria-Zell,Østrig,,,,,
LOC1062950,place,STED-REGISTER,City,,,Maribo,Danmark,,,,,
LOC1063000,place,STED-REGISTER,Property,,,"Marienborg, Møn",Danmark,,,,,
LOC1063050,place,STED-REGISTER,Point of interest (POI),,,Marienbrücke (ved Hohenschwangau),Tyskland,,,,,
LOC1063100,place,STED-REGISTER,Property,,,Marienlyst,Danmark,,,,,
LOC1063150,place,STED-REGISTER,City,,,Mariestad,Sverige,,,,,
LOC1063200,place,STED-REGISTER,City,,,Marina di Conca,Italien,,,,,
LOC1063250,place,STED-REGISTER,City,,,Marino,Italien,,,,,
LOC1063300,place,STED-REGISTER,Sea,,,Marmara-Havet,Tyrkiet,,,,,
LOC1063350,place,STED-REGISTER,Island,,,Marmara-Øen,Tyrkiet,,,,,
LOC1063400,place,STED-REGISTER,River,,,Marne,Frankrig,,,,,
LOC1063450,place,STED-REGISTER,Country,,,Marokko,Marokko,,,,,
LOC1063500,place,STED-REGISTER,City,,,Maroussi (Amarousion),Grækenland,,,,,
LOC1063550,place,STED-REGISTER,City,,,Marseille,Frankrig,,,,,
LOC1063600,place,STED-REGISTER,Property,,,Marselisborg,Danmark,,,,,
LOC1063650,place,STED-REGISTER,Point of interest (POI),,,Marsk Stigs Hule,Danmark,,,,,
LOC1063700,place,STED-REGISTER,City,,,Marslev,Danmark,,,,,
LOC1063750,place,STED-REGISTER,City,,,Marstrand,Sverige,,,,,
LOC1063800,place,STED-REGISTER,Mountain,,,Martinswand,Østrig,,,,,
LOC1063850,place,STED-REGISTER,Point of interest (POI),,,Martorp,Sverige,,,,,
LOC1063900,place,STED-REGISTER,City,,,Massa,Italien,,,,,
LOC1063950,place,STED-REGISTER,Mountain,,,Matra,Ungarn,,,,,
LOC1064000,place,STED-REGISTER,Region,,,Matta,Portugal,,,,,
LOC1064050,place,STED-REGISTER,Mountain,,,Matterhorn,Schweiz,,,,,
LOC1064100,place,STED-REGISTER,Property,,,"Maus, die (Deurenburg)",Tyskland,,,,,
LOC1064150,place,STED-REGISTER,Property,,,Maxen,Tyskland,,,,,
LOC1064200,place,STED-REGISTER,City,,,Meaux,Frankrig,,,,,
LOC1064250,place,STED-REGISTER,Region,,,Mecklenburg,Tyskland,,,,,
LOC1064300,place,STED-REGISTER,Region,,,Mecklenburg-Schwerin,Tyskland,,,,,
LOC1064350,place,STED-REGISTER,City,,,Megara,Grækenland,,,,,
LOC1064400,place,STED-REGISTER,City,,,Mehádia,Rumænien,,,,,
LOC1064450,place,STED-REGISTER,City,,,Meiningen,Tyskland,,,,,
LOC1064500,place,STED-REGISTER,City,,,Meiringen,Schweiz,,,,,
LOC1064550,place,STED-REGISTER,City,,,Meissen,Tyskland,,,,,
LOC1064600,place,STED-REGISTER,City,,,Mekka,Saudi Arabien,,,,,
LOC1064650,place,STED-REGISTER,City,,,Melbourne,Australien,,,,,
LOC1064700,place,STED-REGISTER,Property,,,"Melk, Stift",Østrig,,,,,
LOC1064750,place,STED-REGISTER,City,,,Mem,Sverige,,,,,
LOC1064800,place,STED-REGISTER,City,,,Menton (Mentone),Frankrig,,,,,
LOC1064850,place,STED-REGISTER,City,,,Meran,Italien,,,,,
LOC1064900,place,STED-REGISTER,City,,,Mérida,Spanien,,,,,
LOC1064950,place,STED-REGISTER,City,,,Merseburg,Tyskland,,,,,
LOC1065000,place,STED-REGISTER,Region,,,Messenien,Grækenland,,,,,
LOC1065050,place,STED-REGISTER,City,,,Messina,Italien,,,,,
LOC1065100,place,STED-REGISTER,City,,,Meudon,Frankrig,,,,,
LOC1065150,place,STED-REGISTER,Country,,,Mexico,Mexico,,,,,
LOC1065200,place,STED-REGISTER,City,,,Middelfart,Danmark,,,,,
LOC1065250,place,STED-REGISTER,Sea,,,Middelhavet,Europa,,,,,
LOC1065300,place,STED-REGISTER,City,,,Milano,Italien,,,,,
LOC1065350,place,STED-REGISTER,City,,,Minden,Tyskland,,,,,
LOC1065400,place,STED-REGISTER,City,,,Minneapolis,USA,,,,,
LOC1065450,place,STED-REGISTER,Region,,,Minnesota,USA,,,,,
LOC1065500,place,STED-REGISTER,City,,,Minori,Italien,,,,,
LOC1065550,place,STED-REGISTER,City,,,Miranda de Ebro,Spanien,,,,,
LOC1065600,place,STED-REGISTER,River,,,Mississippi,USA,,,,,
LOC1065650,place,STED-REGISTER,Point of interest (POI),,,Mittenwald,Tyskland,,,,,
LOC1065700,place,STED-REGISTER,Lake,,,Mjøsen,Norge,,,,,
LOC1065750,place,STED-REGISTER,City,,,Modena,Italien,,,,,
LOC1065800,place,STED-REGISTER,Region,,,Modum,Norge,,,,,
LOC1065850,place,STED-REGISTER,City,,,Moerdijk,Holland,,,,,
LOC1065900,place,STED-REGISTER,City,,,Mogyorod,Ungarn,,,,,
LOC1065950,place,STED-REGISTER,City,,,Mohács,Ungarn,,,,,
LOC1066000,place,STED-REGISTER,City,,,Mola di Gaëta (Formia),Italien,,,,,
LOC1066050,place,STED-REGISTER,River,,,Moldau,Tjekkiet,,,,,
LOC1066100,place,STED-REGISTER,Country,,,Moldava,Moldova,,,,,
LOC1066150,place,STED-REGISTER,Region,,,Mols,Danmark,,,,,
LOC1066200,place,STED-REGISTER,Country,,,Monaco,Monaco,,,,,
LOC1066250,place,STED-REGISTER,River,,,Mondego,Portugal,,,,,
LOC1066300,place,STED-REGISTER,City,,,Monheim in Bayern,Tyskland,,,,,
LOC1066350,place,STED-REGISTER,City,,,Monnetier,Schweiz,,,,,
LOC1066400,place,STED-REGISTER,City,,,Mons,Belgien,,,,,
LOC1066450,place,STED-REGISTER,Mountain,,,Monserrat,Spanien,,,,,
LOC1066500,place,STED-REGISTER,Mountain,,,Monserrate (Portugal),Portugal,,,,,
LOC1066550,place,STED-REGISTER,Mountain,,,Mont Cenis,Frankrig,,,,,
LOC1066600,place,STED-REGISTER,Mountain,,,Mont Pouillerel,Frankrig,,,,,
LOC1066650,place,STED-REGISTER,Mountain,,,Montblanc,Schweiz,,,,,
LOC1066700,place,STED-REGISTER,Mountain,,,Monte Cavo,Italien,,,,,
LOC1066750,place,STED-REGISTER,Mountain,,,Monte Circeo (Circes Ø),Italien,,,,,
LOC1066800,place,STED-REGISTER,Island,,,Monte Cristo,Italien,,,,,
LOC1066850,place,STED-REGISTER,Mountain,,,"Monte della Misericordia, Ischia",Italien,,,,,
LOC1066900,place,STED-REGISTER,Mountain,,,Monte Nuovo,Italien,,,,,
LOC1066950,place,STED-REGISTER,Mountain,,,Monte Porzio,Italien,,,,,
LOC1067000,place,STED-REGISTER,Mountain,,,Monte Rosa,Schweiz,,,,,
LOC1067050,place,STED-REGISTER,Mountain,,,Monte Somma,Italien,,,,,
LOC1067100,place,STED-REGISTER,Mountain,,,Monte Soratte (Soracte),Italien,,,,,
LOC1067150,place,STED-REGISTER,City,,,Montebello,Italien,,,,,
LOC1067200,place,STED-REGISTER,City,,,Montecarelli,Italien,,,,,
LOC1067250,place,STED-REGISTER,City,,,Montefiascone,Italien,,,,,
LOC1067300,place,STED-REGISTER,City,,,Montélimart,Frankrig,,,,,
LOC1067350,place,STED-REGISTER,City,,,Monteroni,Italien,,,,,
LOC1067400,place,STED-REGISTER,City,,,Montpellier,Frankrig,,,,,
LOC1067450,place,STED-REGISTER,City,,,Montreux,Schweiz,,,,,
LOC1067500,place,STED-REGISTER,City,,,Monze,Italien,,,,,
LOC1067550,place,STED-REGISTER,City,,,Mora,Sverige,,,,,
LOC1067600,place,STED-REGISTER,Region,,,Morea,Grækenland,,,,,
LOC1067650,place,STED-REGISTER,City,,,Mori,Italien,,,,,
LOC1067700,place,STED-REGISTER,Property,,,Moritzburg,Tyskland,,,,,
LOC1067750,place,STED-REGISTER,Region,,,Mornas,Frankrig,,,,,
LOC1067800,place,STED-REGISTER,City,,,Mornaux,Schweiz,,,,,
LOC1067850,place,STED-REGISTER,City,,,Mornex,Schweiz,,,,,
LOC1067900,place,STED-REGISTER,Island,,,Mors,Danmark,,,,,
LOC1067950,place,STED-REGISTER,City,,,Morteau,Frankrig,,,,,
LOC1068000,place,STED-REGISTER,Point of interest (POI),,,"Mosebackan, Stockholm",Sverige,,,,,
LOC1068050,place,STED-REGISTER,River,,,Mosel,Europa,,,,,
LOC1068100,place,STED-REGISTER,City,,,Moskva,Rusland,,,,,
LOC1068150,place,STED-REGISTER,City,,,Motala,Sverige,,,,,
LOC1068200,place,STED-REGISTER,River,,,Motala-Strømmen,Sverige,,,,,
LOC1068250,place,STED-REGISTER,Property,,,Mullerup,Danmark,,,,,
LOC1068300,place,STED-REGISTER,Point of interest (POI),,,Munkebo Bakke,Danmark,,,,,
LOC1068350,place,STED-REGISTER,Point of interest (POI),,,Munkeboda,Sverige,,,,,
LOC1068400,place,STED-REGISTER,Island,,,Murano,Italien,,,,,
LOC1068450,place,STED-REGISTER,City,,,Murcia,Spanien,,,,,
LOC1068500,place,STED-REGISTER,Property,,,Murnau,Tyskland,,,,,
LOC1068550,place,STED-REGISTER,City,,,Musselburgh,Skotland,,,,,
LOC1068600,place,STED-REGISTER,River,,,Müglitz,Tyskland,,,,,
LOC1068650,place,STED-REGISTER,City,,,Mühlhausen,Frankrig,,,,,
LOC1068700,place,STED-REGISTER,City,,,Mülheim a.d. Ruhr,Tyskland,,,,,
LOC1068750,place,STED-REGISTER,City,,,Münchberg,Tyskland,,,,,
LOC1068800,place,STED-REGISTER,City,,,München,Tyskland,,,,,
LOC1068850,place,STED-REGISTER,City,,,Münden,Tyskland,,,,,
LOC1068900,place,STED-REGISTER,City,,,Münster,Tyskland,,,,,
LOC1068950,place,STED-REGISTER,City,,,Münsterdorf,Tyskland,,,,,
LOC1069000,place,STED-REGISTER,City,,,Mürzzuschlag,Østrig,,,,,
LOC1069050,place,STED-REGISTER,Island,,,Mytilene,Grækenland,,,,,
LOC1069100,place,STED-REGISTER,City,,,Mägdesprung,Tyskland,,,,,
LOC1069150,place,STED-REGISTER,Region,,,Mähren,Tjekkiet,,,,,
LOC1069200,place,STED-REGISTER,Lake,,,Mälaren,Sverige,,,,,
LOC1069250,place,STED-REGISTER,Island,,,Møen,Danmark,,,,,
LOC1069300,place,STED-REGISTER,Point of interest (POI),,,Møens Klint,Danmark,,,,,
LOC1069350,place,STED-REGISTER,Property,,,Møllerup,Danmark,,,,,
LOC1069400,place,STED-REGISTER,City,,,Mölln,Tyskland,,,,,
LOC1069450,place,STED-REGISTER,Mountain,,,"Mönch, der",Schweiz,,,,,
LOC1069500,place,STED-REGISTER,River,,,Maas (Meuse),Frankrig,,,,,
LOC1069550,place,STED-REGISTER,River,,,"Nahe, die",Tyskland,,,,,
LOC1069600,place,STED-REGISTER,City,,,Nakskov,Danmark,,,,,
LOC1069650,place,STED-REGISTER,City,,,Nancy,Frankrig,,,,,
LOC1069700,place,STED-REGISTER,City,,,Napoli,Italien,,,,,
LOC1069750,place,STED-REGISTER,City,,,Narbonne,Frankrig,,,,,
LOC1069800,place,STED-REGISTER,City,,,Narni,Italien,,,,,
LOC1069850,place,STED-REGISTER,City,,,Narva,Estland,,,,,
LOC1069900,place,STED-REGISTER,City,,,Nassau,Tyskland,,,,,
LOC1069950,place,STED-REGISTER,City,,,Nauen,Tyskland,,,,,
LOC1070000,place,STED-REGISTER,City,,,Naumburg,Tyskland,,,,,
LOC1070050,place,STED-REGISTER,City,,,Nauplia,Grækenland,,,,,
LOC1070100,place,STED-REGISTER,Island,,,Naxos,Grækenland,,,,,
LOC1070150,place,STED-REGISTER,City,,,Nea Phocea (Nea Fokaia),Grækenland,,,,,
LOC1070200,place,STED-REGISTER,Property,,,"Necessidades, Lissabon",Portugal,,,,,
LOC1070250,place,STED-REGISTER,River,,,Neckar,Tyskland,,,,,
LOC1070300,place,STED-REGISTER,City,,,Nemi,Italien,,,,,
LOC1070350,place,STED-REGISTER,Lake,,,Nemi-Søen,Italien,,,,,
LOC1070400,place,STED-REGISTER,City,,,Nepi,Italien,,,,,
LOC1070450,place,STED-REGISTER,River,,,Nera,Italien,,,,,
LOC1070500,place,STED-REGISTER,City,,,Neubrandenburg,Tyskland,,,,,
LOC1070550,place,STED-REGISTER,City,,,Neuchâtel (By),Schweiz,,,,,
LOC1070600,place,STED-REGISTER,City,,,Neuchâtel (Kanton),Schweiz,,,,,
LOC1070650,place,STED-REGISTER,Lake,,,Neuchâteller-Søen,Schweiz,,,,,
LOC1070700,place,STED-REGISTER,City,,,Neuensalz,Tyskland,,,,,
LOC1070750,place,STED-REGISTER,Region,,,Neuhaus (Schweiz),Schweiz,,,,,
LOC1070800,place,STED-REGISTER,City,,,Neuilly-sur-Seine,Frankrig,,,,,
LOC1070850,place,STED-REGISTER,City,,,Neumark,Østrig,,,,,
LOC1070900,place,STED-REGISTER,City,,,Neumarkt (Egna),Italien,,,,,
LOC1070950,place,STED-REGISTER,City,,,Neumünster,Tyskland,,,,,
LOC1071000,place,STED-REGISTER,City,,,Neusatz (Novisad),Serbien,,,,,
LOC1071050,place,STED-REGISTER,Lake,,,Neusiedler-Søen,Østrig,,,,,
LOC1071100,place,STED-REGISTER,City,,,Neuveville,Schweiz,,,,,
LOC1071150,place,STED-REGISTER,City,,,Neva,Sverige,,,,,
LOC1071200,place,STED-REGISTER,City,,,New York,USA,,,,,
LOC1071250,place,STED-REGISTER,City,,,Newcastle,England,,,,,
LOC1071300,place,STED-REGISTER,Point of interest (POI),,,Niagara,Nordamerika,,,,,
LOC1071350,place,STED-REGISTER,City,,,Nibe,Danmark,,,,,
LOC1071400,place,STED-REGISTER,Island,,,Nicobarerne,Indien,,,,,
LOC1071450,place,STED-REGISTER,Point of interest (POI),,,Nicopoli,Grækenland,,,,,
LOC1071500,place,STED-REGISTER,City,,,Niedergrund,Tjekkiet,,,,,
LOC1071550,place,STED-REGISTER,City,,,Nienburg,Tyskland,,,,,
LOC1071600,place,STED-REGISTER,Mountain,,,Niesen,Schweiz,,,,,
LOC1071650,place,STED-REGISTER,River,,,Nilen,Ægypten,,,,,
LOC1071700,place,STED-REGISTER,River,,,Nil-Kanalen,Ægypten,,,,,
LOC1071750,place,STED-REGISTER,City,,,Nîmes,Frankrig,,,,,
LOC1071800,place,STED-REGISTER,Point of interest (POI),,,Ninive,Irak,,,,,
LOC1071850,place,STED-REGISTER,City,,,Nishni Novgorod,Rusland,,,,,
LOC1071900,place,STED-REGISTER,Island,,,Nisida,Italien,,,,,
LOC1071950,place,STED-REGISTER,Sea,,,Nissum Fjord,Danmark,,,,,
LOC1072000,place,STED-REGISTER,City,,,Nizza (Nice),Frankrig,,,,,
LOC1072050,place,STED-REGISTER,City,,,Nocera Superiore,Italien,,,,,
LOC1072100,place,STED-REGISTER,Continent,,,Nordamerika,Nordamerika,,,,,
LOC1072150,place,STED-REGISTER,Region,,,Norden,Europa,,,,,
LOC1072200,place,STED-REGISTER,Church,,,Norderhov,Norge,,,,,
LOC1072250,place,STED-REGISTER,Region,,,Norditalien,Italien,,,,,
LOC1072300,place,STED-REGISTER,Region,,,Nordkap,Norge,,,,,
LOC1072350,place,STED-REGISTER,Region,,,Nordsleswig,Danmark,,,,,
LOC1072400,place,STED-REGISTER,City,,,Nordstemmen,Tyskland,,,,,
LOC1072450,place,STED-REGISTER,Region,,,Nord-Sverige,Sverige,,,,,
LOC1072500,place,STED-REGISTER,Sea,,,Nordsøen,Europa,,,,,
LOC1072550,place,STED-REGISTER,Region,,,Nordtyskland,Tyskland,,,,,
LOC1072600,place,STED-REGISTER,Country,,,Norge,Norge,,,,,
LOC1072650,place,STED-REGISTER,City,,,Norring,Danmark,,,,,
LOC1072700,place,STED-REGISTER,City,,,Norrköping,Sverige,,,,,
LOC1072750,place,STED-REGISTER,Region,,,Norrland,Sverige,,,,,
LOC1072800,place,STED-REGISTER,City,,,Northeim,Tyskland,,,,,
LOC1072850,place,STED-REGISTER,City,,,Novara,Italien,,,,,
LOC1072900,place,STED-REGISTER,City,,,Novella,Italien,,,,,
LOC1072950,place,STED-REGISTER,City,,,Novi Ligure,Italien,,,,,
LOC1073000,place,STED-REGISTER,Church,,,Nuestra Señora de Miraflores,Spanien,,,,,
LOC1073050,place,STED-REGISTER,City,,,Nyborg,Danmark,,,,,
LOC1073100,place,STED-REGISTER,Sea,,,Nyborg Fjord,Danmark,,,,,
LOC1073150,place,STED-REGISTER,Point of interest (POI),,,Nydam Mose,Danmark,,,,,
LOC1073200,place,STED-REGISTER,Property,,,"Nygård, Trollhättan",Sverige,,,,,
LOC1073250,place,STED-REGISTER,City,,,Nykvarn,Sverige,,,,,
LOC1073300,place,STED-REGISTER,City,,,Nykøbing F.,Danmark,,,,,
LOC1073350,place,STED-REGISTER,City,,,Nykøbing Sj.,Danmark,,,,,
LOC1073400,place,STED-REGISTER,City,,,Nyköping,Sverige,,,,,
LOC1073450,place,STED-REGISTER,City,,,Nyon,Schweiz,,,,,
LOC1073500,place,STED-REGISTER,City,,,Nürnberg,Tyskland,,,,,
LOC1073550,place,STED-REGISTER,Property,,,Nysø,Tyskland,,,,,
LOC1073600,place,STED-REGISTER,City,,,Nærum,Danmark,,,,,
LOC1073650,place,STED-REGISTER,Region,,,Næsodden (Christiania),Norge,,,,,
LOC1073700,place,STED-REGISTER,City,,,Næstved,Danmark,,,,,
LOC1073750,place,STED-REGISTER,City,,,Nøddebo,Danmark,,,,,
LOC1073800,place,STED-REGISTER,Property,,,Nør,Tyskland,,,,,
LOC1073850,place,STED-REGISTER,City,,,Nørager,Danmark,,,,,
LOC1073900,place,STED-REGISTER,Property,,,Nørre Vosborg,Danmark,,,,,
LOC1073950,place,STED-REGISTER,City,,,Nørresundby,Danmark,,,,,
LOC1074000,place,STED-REGISTER,City,,,Oberammergau,Tyskland,,,,,
LOC1074050,place,STED-REGISTER,City,,,Ober-Mittewald,Tyskland,,,,,
LOC1074100,place,STED-REGISTER,City,,,Ober-Weimar,Tyskland,,,,,
LOC1074150,place,STED-REGISTER,Mountain,,,"Ochsenkopf, das",Tyskland,,,,,
LOC1074200,place,STED-REGISTER,City,,,Odense,Danmark,,,,,
LOC1074250,place,STED-REGISTER,River,,,Odense Aa,Danmark,,,,,
LOC1074300,place,STED-REGISTER,City,,,Odessa,Ukraine,,,,,
LOC1074350,place,STED-REGISTER,Point of interest (POI),,,Odinshøj,Danmark,,,,,
LOC1074400,place,STED-REGISTER,City,,,Oed,Østrig,,,,,
LOC1074450,place,STED-REGISTER,Property,,,Oedenburg,Frankrig,,,,,
LOC1074500,place,STED-REGISTER,City,,,Oelschnitz,Tyskland,,,,,
LOC1074550,place,STED-REGISTER,City,,,Ofen (Buda),Ungarn,,,,,
LOC1074600,place,STED-REGISTER,City,,,Offenbach,Tyskland,,,,,
LOC1074650,place,STED-REGISTER,City,,,Offenburg,Tyskland,,,,,
LOC1074700,place,STED-REGISTER,Region,,,Okertal,Tyskland,,,,,
LOC1074750,place,STED-REGISTER,Island,,,Oland,Tyskland,,,,,
LOC1074800,place,STED-REGISTER,City,,,Olazagutia,Spanien,,,,,
LOC1074850,place,STED-REGISTER,City,,,Oldenburg,Tyskland,,,,,
LOC1074900,place,STED-REGISTER,City,,,Oldenzaal,Holland,,,,,
LOC1074950,place,STED-REGISTER,City,,,Oldesloe,Tyskland,,,,,
LOC1075000,place,STED-REGISTER,City,,,Olette,Frankrig,,,,,
LOC1075050,place,STED-REGISTER,Point of interest (POI),,,"Oliden, Trollhätta",Sverige,,,,,
LOC1075100,place,STED-REGISTER,Lake,,,Ol-Jonsdammen,Sverige,,,,,
LOC1075150,place,STED-REGISTER,Property,,,Olmütz,Tjekkiet,,,,,
LOC1075200,place,STED-REGISTER,City,,,Olten,Schweiz,,,,,
LOC1075250,place,STED-REGISTER,Mountain,,,"Olymp, Bjerg i Lilleasien S.f. Brussa",Grækenland,,,,,
LOC1075300,place,STED-REGISTER,Island,,,Omø,Danmark,,,,,
LOC1075350,place,STED-REGISTER,City,,,Oneglia,Italien,,,,,
LOC1075400,place,STED-REGISTER,City,,,Oos,Tyskland,,,,,
LOC1075450,place,STED-REGISTER,City,,,O-Palanka,Serbien,,,,,
LOC1075500,place,STED-REGISTER,City,,,Oporto,Portugal,,,,,
LOC1075550,place,STED-REGISTER,City,,,Orange,Frankrig,,,,,
LOC1075600,place,STED-REGISTER,Property,,,Orava (Rahova),Slovakiet,,,,,
LOC1075650,place,STED-REGISTER,City,,,Ordrup,Danmark,,,,,
LOC1075700,place,STED-REGISTER,Property,,,Ordrup Kro,Danmark,,,,,
LOC1075750,place,STED-REGISTER,Continent,,,Orienten,Asien,,,,,
LOC1075800,place,STED-REGISTER,City,,,Orihuela,Spanien,,,,,
LOC1075850,place,STED-REGISTER,Property,,,Oringe,Danmark,,,,,
LOC1075900,place,STED-REGISTER,City,,,Orléans,Frankrig,,,,,
LOC1075950,place,STED-REGISTER,City,,,Oron,Schweiz,,,,,
LOC1076000,place,STED-REGISTER,City,,,Orsova,Rumænien,,,,,
LOC1076050,place,STED-REGISTER,City,,,Oschatz,Tyskland,,,,,
LOC1076100,place,STED-REGISTER,City,,,Oschenleben,Tyskland,,,,,
LOC1076150,place,STED-REGISTER,Property,,,Oskarshal,Norge,,,,,
LOC1076200,place,STED-REGISTER,City,,,Osnabrück,Tyskland,,,,,
LOC1076250,place,STED-REGISTER,City,,,Ostende,Belgien,,,,,
LOC1076300,place,STED-REGISTER,City,,,Osterode (Harzen),Tyskland,,,,,
LOC1076350,place,STED-REGISTER,City,,,Osterode (Østpreussen),Tyskland,,,,,
LOC1076400,place,STED-REGISTER,City,,,Ostia,Italien,,,,,
LOC1076450,place,STED-REGISTER,Region,,,Ostindien,Asien,,,,,
LOC1076500,place,STED-REGISTER,Island,,,Ostrova (Ostrov),Serbien,,,,,
LOC1076550,place,STED-REGISTER,City,,,Otricoli,Italien,,,,,
LOC1076600,place,STED-REGISTER,City,,,Ottensen,Tyskland,,,,,
LOC1076650,place,STED-REGISTER,Region,,,Ouchy,Schweiz,,,,,
LOC1076700,place,STED-REGISTER,Property,,,Ourupgaard,Danmark,,,,,
LOC1076750,place,STED-REGISTER,Property,,,"Overgaard, Udbyneder S.",Danmark,,,,,
LOC1076800,place,STED-REGISTER,Point of interest (POI),,,Ovinehøj,Danmark,,,,,
LOC1076850,place,STED-REGISTER,City,,,Oxelösund,Sverige,,,,,
LOC1076900,place,STED-REGISTER,City,,,Oxford,England,,,,,
LOC1076950,place,STED-REGISTER,City,,,Paderborn,Tyskland,,,,,
LOC1077000,place,STED-REGISTER,City,,,Padova,Italien,,,,,
LOC1077050,place,STED-REGISTER,Point of interest (POI),,,Paestum,Italien,,,,,
LOC1077100,place,STED-REGISTER,City,,,Pagani,Italien,,,,,
LOC1077150,place,STED-REGISTER,City,,,Palermo,Italien,,,,,
LOC1077200,place,STED-REGISTER,City,,,Pallanza,Italien,,,,,
LOC1077250,place,STED-REGISTER,City,,,Palmela,Portugal,,,,,
LOC1077300,place,STED-REGISTER,Property,,,Palsgaard,Danmark,,,,,
LOC1077350,place,STED-REGISTER,Property,,,Palstrup,Danmark,,,,,
LOC1077400,place,STED-REGISTER,Country,,,Palæstina,Palæstina,,,,,
LOC1077450,place,STED-REGISTER,City,,,Pancsova (Pančevo),Serbien,,,,,
LOC1077500,place,STED-REGISTER,Property,,,"Panker, Lütjenburg",Tyskland,,,,,
LOC1077550,place,STED-REGISTER,Region,,,Parano,Italien,,,,,
LOC1077600,place,STED-REGISTER,City,,,Pardubitz,Tjekkiet,,,,,
LOC1077650,place,STED-REGISTER,City,,,Paris,Frankrig,,,,,
LOC1077700,place,STED-REGISTER,City,,,Parma,Italien,,,,,
LOC1077750,place,STED-REGISTER,Mountain,,,Parnes-Bjergene,Grækenland,,,,,
LOC1077800,place,STED-REGISTER,Island,,,Paros,Grækenland,,,,,
LOC1077850,place,STED-REGISTER,City,,,Partenkirchen,Tyskland,,,,,
LOC1077900,place,STED-REGISTER,City,,,Pasewalk,Tyskland,,,,,
LOC1077950,place,STED-REGISTER,Mountain,,,Pass Lueg,Østrig,,,,,
LOC1078000,place,STED-REGISTER,City,,,Passignano,Italien,,,,,
LOC1078050,place,STED-REGISTER,Region,,,Passy,Frankrig,,,,,
LOC1078100,place,STED-REGISTER,City,,,Patras,Grækenland,,,,,
LOC1078150,place,STED-REGISTER,City,,,Pau,Frankrig,,,,,
LOC1078200,place,STED-REGISTER,City,,,Pavia,Italien,,,,,
LOC1078250,place,STED-REGISTER,Lake,,,Peblingesøen,Danmark,,,,,
LOC1078300,place,STED-REGISTER,Point of interest (POI),,,Pedersborg,Danmark,,,,,
LOC1078350,place,STED-REGISTER,City,,,Pegnitz,Tyskland,,,,,
LOC1078400,place,STED-REGISTER,City,,,Pegu,Myanmar,,,,,
LOC1078450,place,STED-REGISTER,City,,,Peking,Kina,,,,,
LOC1078500,place,STED-REGISTER,Region,,,Peloponnesos,Grækenland,,,,,
LOC1078550,place,STED-REGISTER,Property,,,Pena,Portugal,,,,,
LOC1078600,place,STED-REGISTER,Region,,,Pennsylvanien,USA,,,,,
LOC1078650,place,STED-REGISTER,Mountain,,,Pentelikon,Grækenland,,,,,
LOC1078700,place,STED-REGISTER,City,,,Pentelis,Grækenland,,,,,
LOC1078750,place,STED-REGISTER,City,,,Pera,Tyrkiet,,,,,
LOC1078800,place,STED-REGISTER,City,,,Perleberg,Tyskland,,,,,
LOC1078850,place,STED-REGISTER,City,,,Perpignan,Frankrig,,,,,
LOC1078900,place,STED-REGISTER,City,,,Perschling,Østrig,,,,,
LOC1078950,place,STED-REGISTER,Country,,,Persien,Iran,,,,,
LOC1079000,place,STED-REGISTER,Country,,,Peru,Peru,,,,,
LOC1079050,place,STED-REGISTER,City,,,Perugia,Italien,,,,,
LOC1079100,place,STED-REGISTER,City,,,Pesaro,Italien,,,,,
LOC1079150,place,STED-REGISTER,City,,,Peschiera,Italien,,,,,
LOC1079200,place,STED-REGISTER,City,,,Pessin,Tyskland,,,,,
LOC1079250,place,STED-REGISTER,City,,,Pest,Ungarn,,,,,
LOC1079300,place,STED-REGISTER,Property,,,Petersgaard,Danmark,,,,,
LOC1079350,place,STED-REGISTER,Property,,,Petershøi,Danmark,,,,,
LOC1079400,place,STED-REGISTER,City,,,Peterswalde,Polen,,,,,
LOC1079450,place,STED-REGISTER,City,,,Peterwardein (Petrovaradin),Serbien,,,,,
LOC1079500,place,STED-REGISTER,Region,,,Pfalz,Tyskland,,,,,
LOC1079550,place,STED-REGISTER,Point of interest (POI),,,"Pfäffers, Bad",Schweiz,,,,,
LOC1079600,place,STED-REGISTER,City,,,"Pfäffers, Dorf",Schweiz,,,,,
LOC1079650,place,STED-REGISTER,City,,,Philadelphia,USA,,,,,
LOC1079700,place,STED-REGISTER,City,,,Piacenza,Italien,,,,,
LOC1079750,place,STED-REGISTER,Region,,,Piano di Sorrento,Italien,,,,,
LOC1079800,place,STED-REGISTER,City,,,Pianoro,Italien,,,,,
LOC1079850,place,STED-REGISTER,River,,,Pielach,Østrig,,,,,
LOC1079900,place,STED-REGISTER,Region,,,Piémont,Italien,,,,,
LOC1079950,place,STED-REGISTER,City,,,Pietra Mala,Italien,,,,,
LOC1080000,place,STED-REGISTER,City,,,Pietrasanta,Italien,,,,,
LOC1080050,place,STED-REGISTER,Mountain,,,Pilatus,Schweiz,,,,,
LOC1080100,place,STED-REGISTER,Property,,,Pillnitz,Tyskland,,,,,
LOC1080150,place,STED-REGISTER,City,,,Pinneberg,Tyskland,,,,,
LOC1080200,place,STED-REGISTER,Region,,,"Piperviken, Christiania",Norge,,,,,
LOC1080250,place,STED-REGISTER,City,,,Pirano,Italien,,,,,
LOC1080300,place,STED-REGISTER,City,,,Pirna,Tyskland,,,,,
LOC1080350,place,STED-REGISTER,City,,,Piræus,Grækenland,,,,,
LOC1080400,place,STED-REGISTER,City,,,Pisa,Italien,,,,,
LOC1080450,place,STED-REGISTER,Point of interest (POI),,,Pissevache,Schweiz,,,,,
LOC1080500,place,STED-REGISTER,City,,,Pistoia,Italien,,,,,
LOC1080550,place,STED-REGISTER,Mountain,,,Piz Bernina,Schweiz,,,,,
LOC1080600,place,STED-REGISTER,City,,,Planian (Planen),Tjekkiet,,,,,
LOC1080650,place,STED-REGISTER,City,,,Plauen (Vogtland),Tyskland,,,,,
LOC1080700,place,STED-REGISTER,Region,,,Plauenscher Grund (ved Dresden),Tyskland,,,,,
LOC1080750,place,STED-REGISTER,Mountain,,,Plavisovicza,Kroatien,,,,,
LOC1080800,place,STED-REGISTER,City,,,Pleinfeld,Tyskland,,,,,
LOC1080850,place,STED-REGISTER,River,,,Pleisse,Tyskland,,,,,
LOC1080900,place,STED-REGISTER,Property,,,Plesse,Tyskland,,,,,
LOC1080950,place,STED-REGISTER,River,,,"Plessur, die",Schweiz,,,,,
LOC1081000,place,STED-REGISTER,City,,,Plön,Tyskland,,,,,
LOC1081050,place,STED-REGISTER,River,,,Po,Italien,,,,,
LOC1081100,place,STED-REGISTER,City,,,Poderina,Italien,,,,,
LOC1081150,place,STED-REGISTER,City,,,Poggibonsi,Italien,,,,,
LOC1081200,place,STED-REGISTER,City,,,Poitiers,Frankrig,,,,,
LOC1081250,place,STED-REGISTER,Country,,,Polen,Polen,,,,,
LOC1081300,place,STED-REGISTER,City,,,Poligny,Frankrig,,,,,
LOC1081350,place,STED-REGISTER,City,,,Pombal,Portugal,,,,,
LOC1081400,place,STED-REGISTER,Region,,,Pommern,Tyskland,,,,,
LOC1081450,place,STED-REGISTER,Point of interest (POI),,,Pompei,Italien,,,,,
LOC1081500,place,STED-REGISTER,City,,,Ponte Centeno,Italien,,,,,
LOC1081550,place,STED-REGISTER,Point of interest (POI),,,Ponte Lucano,Italien,,,,,
LOC1081600,place,STED-REGISTER,Point of interest (POI),,,Ponte Molle,Italien,,,,,
LOC1081650,place,STED-REGISTER,City,,,Pontecorvo,Italien,,,,,
LOC1081700,place,STED-REGISTER,Region,,,"Pontinske Sumpe, de",Italien,,,,,
LOC1081750,place,STED-REGISTER,City,,,Pontresina,Schweiz,,,,,
LOC1081800,place,STED-REGISTER,City,,,Porta Westphalica,Tyskland,,,,,
LOC1081850,place,STED-REGISTER,City,,,Portici,Italien,,,,,
LOC1081900,place,STED-REGISTER,City,,,Portsmouth,England,,,,,
LOC1081950,place,STED-REGISTER,Country,,,Portugal,Portugal,,,,,
LOC1082000,place,STED-REGISTER,Region,,,Posen,Polen,,,,,
LOC1082050,place,STED-REGISTER,Point of interest (POI),,,Posillipo-Grotten,Italien,,,,,
LOC1082100,place,STED-REGISTER,City,,,Potsdam,Tyskland,,,,,
LOC1082150,place,STED-REGISTER,City,,,Pozzuoli,Italien,,,,,
LOC1082200,place,STED-REGISTER,City,,,Prades,Frankrig,,,,,
LOC1082250,place,STED-REGISTER,City,,,Prag,Tjekkiet,,,,,
LOC1082300,place,STED-REGISTER,City,,,Prato,Italien,,,,,
LOC1082350,place,STED-REGISTER,Mountain,,,Prebischtor,Tjekkiet,,,,,
LOC1082400,place,STED-REGISTER,Property,,,Preetz,Tyskland,,,,,
LOC1082450,place,STED-REGISTER,City,,,Pressburg (Bratislava),Slovakiet,,,,,
LOC1082500,place,STED-REGISTER,Region,,,Preussen,Tyskland,,,,,
LOC1082550,place,STED-REGISTER,City,,,Procida,Italien,,,,,
LOC1082600,place,STED-REGISTER,Property,,,Promontorium (Promontor),Ungarn,,,,,
LOC1082650,place,STED-REGISTER,Region,,,Provence,Frankrig,,,,,
LOC1082700,place,STED-REGISTER,City,,,Præstø,Danmark,,,,,
LOC1082750,place,STED-REGISTER,Sea,,,Præstø Fjord,Danmark,,,,,
LOC1082800,place,STED-REGISTER,City,,,Purkersdorf,Østrig,,,,,
LOC1082850,place,STED-REGISTER,Point of interest (POI),,,Pyramiderne,Ægypten,,,,,
LOC1082900,place,STED-REGISTER,Mountain,,,Pyrenæerne,Spanien,,,,,
LOC1082950,place,STED-REGISTER,City,,,Pyrmont,Tyskland,,,,,
LOC1083000,place,STED-REGISTER,Region,,,Pöseldorf,Tyskland,,,,,
LOC1083050,place,STED-REGISTER,City,,,Quebec,Canada,,,,,
LOC1083100,place,STED-REGISTER,City,,,Quedlinburg,Tyskland,,,,,
LOC1083150,place,STED-REGISTER,Property,,,Queluz,Portugal,,,,,
LOC1083200,place,STED-REGISTER,City,,,Quiévrain,Belgien,,,,,
LOC1083250,place,STED-REGISTER,City,,,Rabenau (ved Tharandt),Tyskland,,,,,
LOC1083300,place,STED-REGISTER,0,,,"Rabenhorst, Maxen",Tyskland,,,,,
LOC1083350,place,STED-REGISTER,Property,,,"Rabenstein, ved Maxen",Tyskland,,,,,
LOC1083400,place,STED-REGISTER,City,,,Radicofani,Italien,,,,,
LOC1083450,place,STED-REGISTER,City,,,Radojevacz,Serbien,,,,,
LOC1083500,place,STED-REGISTER,City,,,Ragatz,Schweiz,,,,,
LOC1083550,place,STED-REGISTER,City,,,Ragusa,Italien,,,,,
LOC1083600,place,STED-REGISTER,City,,,Raito,Italien,,,,,
LOC1083650,place,STED-REGISTER,City,,,Raklev,Danmark,,,,,
LOC1083700,place,STED-REGISTER,City,,,Ramlösa,Sverige,,,,,
LOC1083750,place,STED-REGISTER,City,,,Ramme,Danmark,,,,,
LOC1083800,place,STED-REGISTER,Point of interest (POI),,,Ramme-Dige,Danmark,,,,,
LOC1083850,place,STED-REGISTER,Mountain,,,Rammelsberg,Tyskland,,,,,
LOC1083900,place,STED-REGISTER,City,,,Ramsgate,England,,,,,
LOC1083950,place,STED-REGISTER,Point of interest (POI),,,Ramundeboda,Sverige,,,,,
LOC1084000,place,STED-REGISTER,City,,,Randers,Danmark,,,,,
LOC1084050,place,STED-REGISTER,Property,,,Rankhyttan,Sverige,,,,,
LOC1084100,place,STED-REGISTER,City,,,Rapallo,Italien,,,,,
LOC1084150,place,STED-REGISTER,City,,,Rapperschwyl,Schweiz,,,,,
LOC1084200,place,STED-REGISTER,City,,,Rastede,Tyskland,,,,,
LOC1084250,place,STED-REGISTER,City,,,Rathen,Tyskland,,,,,
LOC1084300,place,STED-REGISTER,Lake,,,Ratzeburger See,Tyskland,,,,,
LOC1084350,place,STED-REGISTER,City,,,Raudnitz,Tjekkiet,,,,,
LOC1084400,place,STED-REGISTER,River,,,Rava,Ungarn,,,,,
LOC1084450,place,STED-REGISTER,City,,,Ravenna,Italien,,,,,
LOC1084500,place,STED-REGISTER,Property,,,Ravenscraig Castle,Skotland,,,,,
LOC1084550,place,STED-REGISTER,Property,,,Ravensrock (ved Tanger),Marokko,,,,,
LOC1084600,place,STED-REGISTER,Point of interest (POI),,,Ravenswood,England,,,,,
LOC1084650,place,STED-REGISTER,Property,,,Ravnholt,Danmark,,,,,
LOC1084700,place,STED-REGISTER,City,,,Redefin,Tyskland,,,,,
LOC1084750,place,STED-REGISTER,Property,,,Refsnæs,Danmark,,,,,
LOC1084800,place,STED-REGISTER,City,,,Regensburg,Tyskland,,,,,
LOC1084850,place,STED-REGISTER,Point of interest (POI),,,Regenstein,Tyskland,,,,,
LOC1084900,place,STED-REGISTER,Island,,,Reichenau,Tyskland,,,,,
LOC1084950,place,STED-REGISTER,City,,,Reichenbach,Tyskland,,,,,
LOC1085000,place,STED-REGISTER,City,,,Remmels,Tyskland,,,,,
LOC1085050,place,STED-REGISTER,City,,,Rendsborg,Tyskland,,,,,
LOC1085100,place,STED-REGISTER,Lake,,,Rengen,Norge,,,,,
LOC1085150,place,STED-REGISTER,City,,,Resina,Italien,,,,,
LOC1085200,place,STED-REGISTER,River,,,Reuss,Schweiz,,,,,
LOC1085250,place,STED-REGISTER,Property,,,Rheder,Tyskland,,,,,
LOC1085300,place,STED-REGISTER,City,,,Rheine,Tyskland,,,,,
LOC1085350,place,STED-REGISTER,Property,,,Rheinfels,Tyskland,,,,,
LOC1085400,place,STED-REGISTER,Property,,,"Rheinstein, Burg",Tyskland,,,,,
LOC1085450,place,STED-REGISTER,City,,,Rhin-Bayern,Tyskland,,,,,
LOC1085500,place,STED-REGISTER,River,,,Rhinen,Frankrig,,,,,
LOC1085550,place,STED-REGISTER,Point of interest (POI),,,"Rhinfaldet, Schaffhausen",Schweiz,,,,,
LOC1085600,place,STED-REGISTER,Region,,,Rhin-Hessen,Tyskland,,,,,
LOC1085650,place,STED-REGISTER,Region,,,Rhinlandene,Tyskland,,,,,
LOC1085700,place,STED-REGISTER,Island,,,Rhodos,Grækenland,,,,,
LOC1085750,place,STED-REGISTER,Region,,,Rhônedalen,Frankrig,,,,,
LOC1085800,place,STED-REGISTER,River,,,Rhônen,Frankrig,,,,,
LOC1085850,place,STED-REGISTER,City,,,Ribe,Danmark,,,,,
LOC1085900,place,STED-REGISTER,Point of interest (POI),,,Riberhus,Danmark,,,,,
LOC1085950,place,STED-REGISTER,City,,,Riccorsi,Italien,,,,,
LOC1086000,place,STED-REGISTER,City,,,Richmond,England,,,,,
LOC1086050,place,STED-REGISTER,City,,,Richterswyl,Schweiz,,,,,
LOC1086100,place,STED-REGISTER,City,,,Ried,Østrig,,,,,
LOC1086150,place,STED-REGISTER,City,,,Riesa,Tyskland,,,,,
LOC1086200,place,STED-REGISTER,Mountain,,,Riesengebirge,Tyskland,,,,,
LOC1086250,place,STED-REGISTER,City,,,Rieti,Italien,,,,,
LOC1086300,place,STED-REGISTER,City,,,Riga,Letland,,,,,
LOC1086350,place,STED-REGISTER,Mountain,,,Rigi,Schweiz,,,,,
LOC1086400,place,STED-REGISTER,Point of interest (POI),,,Rigi-Kulm,Schweiz,,,,,
LOC1086450,place,STED-REGISTER,Point of interest (POI),,,Rigi-Staffel,Schweiz,,,,,
LOC1086500,place,STED-REGISTER,Property,,,Riglen,Sverige,,,,,
LOC1086550,place,STED-REGISTER,Region,,,Ringerike,Norge,,,,,
LOC1086600,place,STED-REGISTER,City,,,Ringkøbing,Danmark,,,,,
LOC1086650,place,STED-REGISTER,Sea,,,Ringkøbing Fjord,Danmark,,,,,
LOC1086700,place,STED-REGISTER,Lake,,,Ringsjön (Stora Rängen),Sverige,,,,,
LOC1086750,place,STED-REGISTER,City,,,Ringsted,Danmark,,,,,
LOC1086800,place,STED-REGISTER,City,,,Rinkenæs,Danmark,,,,,
LOC1086850,place,STED-REGISTER,City,,,Rio de Janeiro,Brasilien,,,,,
LOC1086900,place,STED-REGISTER,City,,,Riva,Italien,,,,,
LOC1086950,place,STED-REGISTER,Point of interest (POI),,,Rob Roy's Cave,Skotland,,,,,
LOC1087000,place,STED-REGISTER,City,,,Rochester,England,,,,,
LOC1087050,place,STED-REGISTER,Church,,,Rochus-Kapellet (ved Bingen),Tyskland,,,,,
LOC1087100,place,STED-REGISTER,Region,,,Rolandseck,Tyskland,,,,,
LOC1087150,place,STED-REGISTER,Property,,,Rolighed,Danmark,,,,,
LOC1087200,place,STED-REGISTER,City,,,Rom,Italien,,,,,
LOC1087250,place,STED-REGISTER,City,,,Romanshorn,Schweiz,,,,,
LOC1087300,place,STED-REGISTER,Property,,,Romont,Schweiz,,,,,
LOC1087350,place,STED-REGISTER,City,,,Ronciglione,Italien,,,,,
LOC1087400,place,STED-REGISTER,City,,,Ronco all' Adige,Italien,,,,,
LOC1087450,place,STED-REGISTER,City,,,Roosendaal,Holland,,,,,
LOC1087500,place,STED-REGISTER,City,,,Rorschach,Schweiz,,,,,
LOC1087550,place,STED-REGISTER,Mountain,,,Roseg-Gletscher,Schweiz,,,,,
LOC1087600,place,STED-REGISTER,Property,,,Rosenborg Slot,Danmark,,,,,
LOC1087650,place,STED-REGISTER,Property,,,Rosendal (ved Stockholm),Sverige,,,,,
LOC1087700,place,STED-REGISTER,Property,,,Rosendal ved Aarhus (Navnet vist misforstaaet),Danmark,,,,,
LOC1087750,place,STED-REGISTER,City,,,Rosenheim,Tyskland,,,,,
LOC1087800,place,STED-REGISTER,Property,,,Rosenthal (Rosendal) (ved Fakse),Danmark,,,,,
LOC1087850,place,STED-REGISTER,Property,,,Rosenvold,Danmark,,,,,
LOC1087900,place,STED-REGISTER,City,,,Roskilde,Danmark,,,,,
LOC1087950,place,STED-REGISTER,Property,,,Roskilde Kro,Danmark,,,,,
LOC1088000,place,STED-REGISTER,City,,,Rossdorf,Tyskland,,,,,
LOC1088050,place,STED-REGISTER,Point of interest (POI),,,Rosstrappe,Tyskland,,,,,
LOC1088100,place,STED-REGISTER,City,,,Rostock,Tyskland,,,,,
LOC1088150,place,STED-REGISTER,City,,,Rotenburg in Hannover,Tyskland,,,,,
LOC1088200,place,STED-REGISTER,City,,,Roth,Tyskland,,,,,
LOC1088250,place,STED-REGISTER,City,,,Rottenburg an der Laber,Tyskland,,,,,
LOC1088300,place,STED-REGISTER,City,,,Rotterdam,Holland,,,,,
LOC1088350,place,STED-REGISTER,City,,,Rovereto,Italien,,,,,
LOC1088400,place,STED-REGISTER,City,,,Rovigo,Italien,,,,,
LOC1088450,place,STED-REGISTER,Lake,,,Roxen,Sverige,,,,,
LOC1088500,place,STED-REGISTER,Church,,,Rubjerg Kirke,Danmark,,,,,
LOC1088550,place,STED-REGISTER,Point of interest (POI),,,Rubjerg Klitter,Danmark,,,,,
LOC1088600,place,STED-REGISTER,Region,,,Rudeskov,Danmark,,,,,
LOC1088650,place,STED-REGISTER,City,,,Rue,Schweiz,,,,,
LOC1088700,place,STED-REGISTER,Region,,,Rumelien,Grækenland,,,,,
LOC1088750,place,STED-REGISTER,Property,,,Rumpenheim,Tyskland,,,,,
LOC1088800,place,STED-REGISTER,Country,,,Rumænien,Rumænien,,,,,
LOC1088850,place,STED-REGISTER,City,,,Rungsted,Danmark,,,,,
LOC1088900,place,STED-REGISTER,Country,,,Rusland,Rusland,,,,,
LOC1088950,place,STED-REGISTER,City,,,Rustschuk (Russe),Bulgarien,,,,,
LOC1089000,place,STED-REGISTER,City,,,Rübeland,Tyskland,,,,,
LOC1089050,place,STED-REGISTER,Island,,,Rygen,Tyskland,,,,,
LOC1089100,place,STED-REGISTER,Property,,,Rygaard,Danmark,,,,,
LOC1089150,place,STED-REGISTER,Property,,,Rysensten,Danmark,,,,,
LOC1089200,place,STED-REGISTER,Mountain,,,Rütli,Schweiz,,,,,
LOC1089250,place,STED-REGISTER,City,,,Röhrsdorf,Tyskland,,,,,
LOC1089300,place,STED-REGISTER,City,,,Rønne,Danmark,,,,,
LOC1089350,place,STED-REGISTER,Property,,,Rønnebæksholm,Danmark,,,,,
LOC1089400,place,STED-REGISTER,City,,,Rønnede,Danmark,,,,,
LOC1089450,place,STED-REGISTER,City,,,Rørby,Danmark,,,,,
LOC1089500,place,STED-REGISTER,Point of interest (POI),,,Røraas,Norge,,,,,
LOC1089550,place,STED-REGISTER,River,,,Raab,Ungarn,,,,,
LOC1089600,place,STED-REGISTER,Property,,,Råbäck (ved Kinnekulla),Sverige,,,,,
LOC1089650,place,STED-REGISTER,Region,,,"Raadmandsskoven, Næstved",Danmark,,,,,
LOC1089700,place,STED-REGISTER,Mountain,,,Sabinerbjergene,Italien,,,,,
LOC1089750,place,STED-REGISTER,Region,,,Sachsen (Kongerige),Tyskland,,,,,
LOC1089800,place,STED-REGISTER,Region,,,Sachsenhausen,Tyskland,,,,,
LOC1089850,place,STED-REGISTER,Mountain,,,Sachsisk Schweiz,Tyskland,,,,,
LOC1089900,place,STED-REGISTER,River,,,Sado,Portugal,,,,,
LOC1089950,place,STED-REGISTER,Property,,,Sagunto,Spanien,,,,,
LOC1090000,place,STED-REGISTER,Island,,,Saint Helena,England,,,,,
LOC1090050,place,STED-REGISTER,Region,,,Saint John's Wood,England,,,,,
LOC1090100,place,STED-REGISTER,Region,,,Saint Patrick's Wood,England,,,,,
LOC1090150,place,STED-REGISTER,City,,,Saint-Cloud,Frankrig,,,,,
LOC1090200,place,STED-REGISTER,City,,,Saint-Denis,Frankrig,,,,,
LOC1090250,place,STED-REGISTER,City,,,Sainte-Croix (Schweiz),Schweiz,,,,,
LOC1090300,place,STED-REGISTER,City,,,Saint-Louis,Frankrig,,,,,
LOC1090350,place,STED-REGISTER,City,,,Saint-Martin,Frankrig,,,,,
LOC1090400,place,STED-REGISTER,City,,,Saint-Maurice,Schweiz,,,,,
LOC1090450,place,STED-REGISTER,City,,,Saint-Quentin,Frankrig,,,,,
LOC1090500,place,STED-REGISTER,City,,,Sakskøbing,Danmark,,,,,
LOC1090550,place,STED-REGISTER,City,,,Sala,Sverige,,,,,
LOC1090600,place,STED-REGISTER,Sea,,,Salamis-Bugten,Grækenland,,,,,
LOC1090650,place,STED-REGISTER,City,,,Salerno,Italien,,,,,
LOC1090700,place,STED-REGISTER,Mountain,,,Salève,Frankrig,,,,,
LOC1090750,place,STED-REGISTER,City,,,Salò,Italien,,,,,
LOC1090800,place,STED-REGISTER,City,,,Salorno (Salurn),Italien,,,,,
LOC1090850,place,STED-REGISTER,Property,,,Salsta Slot,Sverige,,,,,
LOC1090900,place,STED-REGISTER,City,,,Salvaterra,Portugal,,,,,
LOC1090950,place,STED-REGISTER,River,,,Salzach,Østrig,,,,,
LOC1091000,place,STED-REGISTER,Region,,,Salzachthal,Østrig,,,,,
LOC1091050,place,STED-REGISTER,City,,,Salzburg,Østrig,,,,,
LOC1091100,place,STED-REGISTER,City,,,Salzgitter,Tyskland,,,,,
LOC1091150,place,STED-REGISTER,City,,,Samaden,Schweiz,,,,,
LOC1091200,place,STED-REGISTER,Island,,,Samsø,Danmark,,,,,
LOC1091250,place,STED-REGISTER,City,,,San Casciano in Val di Pesa,Italien,,,,,
LOC1091300,place,STED-REGISTER,City,,,San Chídrian,Spanien,,,,,
LOC1091350,place,STED-REGISTER,City,,,San Francisco,USA,,,,,
LOC1091400,place,STED-REGISTER,City,,,San Giovanni a Teduccio,Italien,,,,,
LOC1091450,place,STED-REGISTER,City,,,San Lorenzo Nuovo,Italien,,,,,
LOC1091500,place,STED-REGISTER,Mountain,,,San Luís,Portugal,,,,,
LOC1091550,place,STED-REGISTER,City,,,San Pedro de Pena,Portugal,,,,,
LOC1091600,place,STED-REGISTER,City,,,San Quirico d'Orcia,Italien,,,,,
LOC1091650,place,STED-REGISTER,City,,,San Sebastián,Spanien,,,,,
LOC1091700,place,STED-REGISTER,Sea,,,Sandefjord,Norge,,,,,
LOC1091750,place,STED-REGISTER,Property,,,Sandsee Slot,Tyskland,,,,,
LOC1091800,place,STED-REGISTER,Property,,,Sandviken,Norge,,,,,
LOC1091850,place,STED-REGISTER,Island,,,Sankt Croix (Vestindien),USA,,,,,
LOC1091900,place,STED-REGISTER,City,,,Sankt Gallen,Schweiz,,,,,
LOC1091950,place,STED-REGISTER,Mountain,,,"Sankt Gerhardsbjerget (Szant Gellert hegy), Buda",Ungarn,,,,,
LOC1092000,place,STED-REGISTER,City,,,Sankt Goar,Tyskland,,,,,
LOC1092050,place,STED-REGISTER,Mountain,,,Sankt Gotthard,Schweiz,,,,,
LOC1092100,place,STED-REGISTER,Property,,,"Sankt Johannes Kloster, Slesvig",Tyskland,,,,,
LOC1092150,place,STED-REGISTER,Property,,,Sankt Jørgens Gaard (ved Svendborg),Danmark,,,,,
LOC1092200,place,STED-REGISTER,Point of interest (POI),,,"Sankt Marthes Kilde, Karise",Danmark,,,,,
LOC1092250,place,STED-REGISTER,City,,,Sankt Moritz,Schweiz,,,,,
LOC1092300,place,STED-REGISTER,City,,,Sankt Peter,Østrig,,,,,
LOC1092350,place,STED-REGISTER,City,,,Sankt Petersborg,Rusland,,,,,
LOC1092400,place,STED-REGISTER,City,,,Sankt Pölten,Østrig,,,,,
LOC1092450,place,STED-REGISTER,Island,,,Sankt Thomas,USA,,,,,
LOC1092500,place,STED-REGISTER,City,,,Santa Agata,Italien,,,,,
LOC1092550,place,STED-REGISTER,City,,,Santa Cruz de Mudela,Spanien,,,,,
LOC1092600,place,STED-REGISTER,Church,,,Santa Maria (ved Cintra),Portugal,,,,,
LOC1092650,place,STED-REGISTER,Region,,,Santa Maria degli Angeli (ved Assisi),Italien,,,,,
LOC1092700,place,STED-REGISTER,Church,,,Santa Maria Maggiore (ved Nocera Superiore),Italien,,,,,
LOC1092750,place,STED-REGISTER,City,,,Santander,Spanien,,,,,
LOC1092800,place,STED-REGISTER,City,,,Santarem,Portugal,,,,,
LOC1092850,place,STED-REGISTER,River,,,Saônen,Frankrig,,,,,
LOC1092900,place,STED-REGISTER,Island,,,Sardinien,Italien,,,,,
LOC1092950,place,STED-REGISTER,Property,,,Sargans,Schweiz,,,,,
LOC1093000,place,STED-REGISTER,River,,,Sarine (Saane),Schweiz,,,,,
LOC1093050,place,STED-REGISTER,City,,,Sarnen,Schweiz,,,,,
LOC1093100,place,STED-REGISTER,Lake,,,Sarner-Søen,Schweiz,,,,,
LOC1093150,place,STED-REGISTER,City,,,Sarzana,Italien,,,,,
LOC1093200,place,STED-REGISTER,Church,,,Sava (Sau),Serbien,,,,,
LOC1093250,place,STED-REGISTER,City,,,Saverne,Frankrig,,,,,
LOC1093300,place,STED-REGISTER,City,,,Savona,Italien,,,,,
LOC1093350,place,STED-REGISTER,Region,,,Savoyen,Frankrig,,,,,
LOC1093400,place,STED-REGISTER,Property,,,Saxtorf,Tyskland,,,,,
LOC1093450,place,STED-REGISTER,City,,,Scaricalasino,Italien,,,,,
LOC1093500,place,STED-REGISTER,City,,,Seefeld,Østrig,,,,,
LOC1093550,place,STED-REGISTER,City,,,Schaffhausen,Schweiz,,,,,
LOC1093600,place,STED-REGISTER,City,,,Schandau,Tyskland,,,,,
LOC1093650,place,STED-REGISTER,River,,,Schelde,Belgien,,,,,
LOC1093700,place,STED-REGISTER,River,,,Schelletau,Tjekkiet,,,,,
LOC1093750,place,STED-REGISTER,Region,,,Scheveningen,Holland,,,,,
LOC1093800,place,STED-REGISTER,City,,,Schiedam,Holland,,,,,
LOC1093850,place,STED-REGISTER,City,,,Schilda,Tyskland,,,,,
LOC1093900,place,STED-REGISTER,City,,,Schlangenbad,Tyskland,,,,,
LOC1093950,place,STED-REGISTER,Region,,,Schlesien,Tyskland,,,,,
LOC1094000,place,STED-REGISTER,City,,,Schmerikon,Schweiz,,,,,
LOC1094050,place,STED-REGISTER,Mountain,,,Schneekoppe,Tjekkiet,,,,,
LOC1094100,place,STED-REGISTER,Property,,,Schreckenstein,Tjekkiet,,,,,
LOC1094150,place,STED-REGISTER,Mountain,,,Schreckhorn,Schweiz,,,,,
LOC1094200,place,STED-REGISTER,City,,,Schumla,Bulgarien,,,,,
LOC1094250,place,STED-REGISTER,City,,,Schupanek,Rumænien,,,,,
LOC1094300,place,STED-REGISTER,City,,,Schwabach,Tyskland,,,,,
LOC1094350,place,STED-REGISTER,City,,,"Schwalbach, Bad",Tyskland,,,,,
LOC1094400,place,STED-REGISTER,Property,,,"Schwanennest, Maxen",Tyskland,,,,,
LOC1094450,place,STED-REGISTER,City,,,Schwanenstadt,Østrig,,,,,
LOC1094500,place,STED-REGISTER,Mountain,,,Schwarzwald,Tyskland,,,,,
LOC1094550,place,STED-REGISTER,Country,,,Schweiz,Schweiz,,,,,
LOC1094600,place,STED-REGISTER,City,,,Schwerin,Tyskland,,,,,
LOC1094650,place,STED-REGISTER,City,,,Schwyz,Schweiz,,,,,
LOC1094700,place,STED-REGISTER,City,,,Schönberg (Mecklenburg),Tyskland,,,,,
LOC1094750,place,STED-REGISTER,City,,,Schönberg (Tyrol),Østrig,,,,,
LOC1094800,place,STED-REGISTER,Property,,,Schönbrunn,Østrig,,,,,
LOC1094850,place,STED-REGISTER,City,,,Schöppenstedt,Tyskland,,,,,
LOC1094900,place,STED-REGISTER,City,,,Scylla,Italien,,,,,
LOC1094950,place,STED-REGISTER,City,,,Sebastopol,Ukraine,,,,,
LOC1095000,place,STED-REGISTER,City,,,Sedan,Frankrig,,,,,
LOC1095050,place,STED-REGISTER,City,,,Seeshaupt,Tyskland,,,,,
LOC1095100,place,STED-REGISTER,River,,,Seinen,Frankrig,,,,,
LOC1095150,place,STED-REGISTER,River,,,Sele,Italien,,,,,
LOC1095200,place,STED-REGISTER,Church,,,Sem,Danmark,,,,,
LOC1095250,place,STED-REGISTER,City,,,Semendria (Smederevo),Serbien,,,,,
LOC1095300,place,STED-REGISTER,Region,,,Semlin (Zemun),Serbien,,,,,
LOC1095350,place,STED-REGISTER,City,,,Semmering,Østrig,,,,,
LOC1095400,place,STED-REGISTER,Region,,,Sendling,Tyskland,,,,,
LOC1095450,place,STED-REGISTER,City,,,Senlis,Frankrig,,,,,
LOC1095500,place,STED-REGISTER,City,,,Sens,Frankrig,,,,,
LOC1095550,place,STED-REGISTER,Country,,,Serbien,Serbien,,,,,
LOC1095600,place,STED-REGISTER,City,,,Serreslev (ved Horsens),Danmark,,,,,
LOC1095650,place,STED-REGISTER,City,,,Serridslev,Danmark,,,,,
LOC1095700,place,STED-REGISTER,City,,,Sesto Calende,Italien,,,,,
LOC1095750,place,STED-REGISTER,Region,,,Sestos,Tyrkiet,,,,,
LOC1095800,place,STED-REGISTER,City,,,Sestri Levante,Italien,,,,,
LOC1095850,place,STED-REGISTER,Region,,,Settecomuni,Italien,,,,,
LOC1095900,place,STED-REGISTER,City,,,Setúbal,Portugal,,,,,
LOC1095950,place,STED-REGISTER,City,,,Seven Oaks,England,,,,,
LOC1096000,place,STED-REGISTER,City,,,Sevilla,Spanien,,,,,
LOC1096050,place,STED-REGISTER,City,,,Sèvres,Frankrig,,,,,
LOC1096100,place,STED-REGISTER,City,,,Sheffield,England,,,,,
LOC1096150,place,STED-REGISTER,Region,,,Sibirien,Rusland,,,,,
LOC1096200,place,STED-REGISTER,Island,,,Sicilien,Italien,,,,,
LOC1096250,place,STED-REGISTER,Mountain,,,Siebengebirge,Tyskland,,,,,
LOC1096300,place,STED-REGISTER,City,,,Sieghartskirchen,Østrig,,,,,
LOC1096350,place,STED-REGISTER,City,,,Siena,Italien,,,,,
LOC1096400,place,STED-REGISTER,Mountain,,,Sierra Morena,Spanien,,,,,
LOC1096450,place,STED-REGISTER,Property,,,Signhildsberg,Sverige,,,,,
LOC1096500,place,STED-REGISTER,City,,,Sigtuna,Sverige,,,,,
LOC1096550,place,STED-REGISTER,Mountain,,,Silberhorn,Schweiz,,,,,
LOC1096600,place,STED-REGISTER,Island,,,Sild,Tyskland,,,,,
LOC1096650,place,STED-REGISTER,City,,,Silistria,Bulgarien,,,,,
LOC1096700,place,STED-REGISTER,City,,,Silkeborg,Danmark,,,,,
LOC1096750,place,STED-REGISTER,Lake,,,Silkeborg Langsø,Danmark,,,,,
LOC1096800,place,STED-REGISTER,City,,,Silvaplana,Schweiz,,,,,
LOC1096850,place,STED-REGISTER,Lake,,,Silvköparen,Sverige,,,,,
LOC1096900,place,STED-REGISTER,City,,,Simnitza (Zimnicea),Rumænien,,,,,
LOC1096950,place,STED-REGISTER,Mountain,,,Simplon,Schweiz,,,,,
LOC1097000,place,STED-REGISTER,City,,,Sion (Sitten),Schweiz,,,,,
LOC1097050,place,STED-REGISTER,City,,,Sipp,Rumænien,,,,,
LOC1097100,place,STED-REGISTER,City,,,Siracusa,Italien,,,,,
LOC1097150,place,STED-REGISTER,Region,,,Sirmien (Syrmien),Serbien,,,,,
LOC1097200,place,STED-REGISTER,City,,,Sistow (Svistov),Bulgarien,,,,,
LOC1097250,place,STED-REGISTER,Island,,,Sjælland,Danmark,,,,,
LOC1097300,place,STED-REGISTER,Region,,,Sjöända,Sverige,,,,,
LOC1097350,place,STED-REGISTER,Property,,,Skabersjö,Sverige,,,,,
LOC1097400,place,STED-REGISTER,City,,,Skagen,Danmark,,,,,
LOC1097450,place,STED-REGISTER,Point of interest (POI),,,Skamlingsbanken,Danmark,,,,,
LOC1097500,place,STED-REGISTER,City,,,Skanderborg,Danmark,,,,,
LOC1097550,place,STED-REGISTER,Region,,,Skandinavien,Europa,,,,,
LOC1097600,place,STED-REGISTER,City,,,Skara,Sverige,,,,,
LOC1097650,place,STED-REGISTER,City,,,Skelskør,Danmark,,,,,
LOC1097700,place,STED-REGISTER,City,,,Skibbinge,Danmark,,,,,
LOC1097750,place,STED-REGISTER,City,,,Skive,Danmark,,,,,
LOC1097800,place,STED-REGISTER,Property,,,Skodsborg,Danmark,,,,,
LOC1097850,place,STED-REGISTER,Property,,,Skokloster,Sverige,,,,,
LOC1097900,place,STED-REGISTER,Country,,,Skotland,Skotland,,,,,
LOC1097950,place,STED-REGISTER,City,,,Skovshoved,Danmark,,,,,
LOC1098000,place,STED-REGISTER,Point of interest (POI),,,"Skrædder-Klinten, Trollhätta",Sverige,,,,,
LOC1098050,place,STED-REGISTER,Point of interest (POI),,,Skutari,Tyrkiet,,,,,
LOC1098100,place,STED-REGISTER,Region,,,Skaane,Sverige,,,,,
LOC1098150,place,STED-REGISTER,City,,,Slagelse,Danmark,,,,,
LOC1098200,place,STED-REGISTER,Region,,,Slagelse Lystskov,Danmark,,,,,
LOC1098250,place,STED-REGISTER,City,,,Slangerup,Danmark,,,,,
LOC1098300,place,STED-REGISTER,City,,,Slesvig (By),Tyskland,,,,,
LOC1098350,place,STED-REGISTER,Region,,,Slesvig (Hertugdømme),Tyskland,,,,,
LOC1098400,place,STED-REGISTER,Sea,,,Slien,Tyskland,,,,,
LOC1098450,place,STED-REGISTER,Region,,,Slipshavn,Danmark,,,,,
LOC1098500,place,STED-REGISTER,Point of interest (POI),,,Slots-Bjergby Galgebakke,Danmark,,,,,
LOC1098550,place,STED-REGISTER,Property,,,Slude Gaard,Danmark,,,,,
LOC1098600,place,STED-REGISTER,City,,,Smyrna,Tyrkiet,,,,,
LOC1098650,place,STED-REGISTER,Sea,,,Smaalandsfarvandet,Danmark,,,,,
LOC1098700,place,STED-REGISTER,City,,,Snekkersten,Danmark,,,,,
LOC1098750,place,STED-REGISTER,Region,,,Snoghøj,Danmark,,,,,
LOC1098800,place,STED-REGISTER,City,,,"Soden, Bad",Tyskland,,,,,
LOC1098850,place,STED-REGISTER,City,,,Soest,Tyskland,,,,,
LOC1098900,place,STED-REGISTER,Property,,,Sofiero,Sverige,,,,,
LOC1098950,place,STED-REGISTER,Point of interest (POI),,,Solfatara,Italien,,,,,
LOC1099000,place,STED-REGISTER,City,,,Solna,Sverige,,,,,
LOC1099050,place,STED-REGISTER,City,,,Solothurn,Schweiz,,,,,
LOC1099100,place,STED-REGISTER,City,,,Somma Lombardo,Italien,,,,,
LOC1099150,place,STED-REGISTER,Property,,,Sonnenstein,Tyskland,,,,,
LOC1099200,place,STED-REGISTER,Property,,,Sophienlund,Danmark,,,,,
LOC1099250,place,STED-REGISTER,Mountain,,,Soracte,Italien,,,,,
LOC1099300,place,STED-REGISTER,Property,,,Sorgenfri Slot,Danmark,,,,,
LOC1099350,place,STED-REGISTER,City,,,Sorrento,Italien,,,,,
LOC1099400,place,STED-REGISTER,Property,,,"Sortebrødre, Hovedgaard ved Næstved",Danmark,,,,,
LOC1099450,place,STED-REGISTER,Sea,,,Sortehavet,Asien,,,,,
LOC1099500,place,STED-REGISTER,City,,,Sorø,Danmark,,,,,
LOC1099550,place,STED-REGISTER,Lake,,,Sorø Sø,Danmark,,,,,
LOC1099600,place,STED-REGISTER,City,,,Spandau,Tyskland,,,,,
LOC1099650,place,STED-REGISTER,Country,,,Spanien,Spanien,,,,,
LOC1099700,place,STED-REGISTER,City,,,Speyer,Tyskland,,,,,
LOC1099750,place,STED-REGISTER,Sea,,,Spezia-Bugten,Italien,,,,,
LOC1099800,place,STED-REGISTER,Property,,,Spielberg (ved Brünn),Frankrig,,,,,
LOC1099850,place,STED-REGISTER,Mountain,,,Splügen,Schweiz,,,,,
LOC1099900,place,STED-REGISTER,City,,,Spoleto,Italien,,,,,
LOC1099950,place,STED-REGISTER,River,,,Spree,Tyskland,,,,,
LOC1100000,place,STED-REGISTER,Island,,,Sprogø,Danmark,,,,,
LOC1100050,place,STED-REGISTER,Property,,,Staby Folkehøjskole,Danmark,,,,,
LOC1100100,place,STED-REGISTER,City,,,Stade,Tyskland,,,,,
LOC1100150,place,STED-REGISTER,City,,,Stadum,Tyskland,,,,,
LOC1100200,place,STED-REGISTER,City,,,Staggia,Italien,,,,,
LOC1100250,place,STED-REGISTER,Point of interest (POI),,,Stampfemühle (ved Slesvig By),Tyskland,,,,,
LOC1100300,place,STED-REGISTER,City,,,Stannern,Tjekkiet,,,,,
LOC1100350,place,STED-REGISTER,City,,,Stans,Schweiz,,,,,
LOC1100400,place,STED-REGISTER,City,,,Stansstad,Schweiz,,,,,
LOC1100450,place,STED-REGISTER,City,,,Starnberg,Tyskland,,,,,
LOC1100500,place,STED-REGISTER,Lake,,,Starnberger See,Tyskland,,,,,
LOC1100550,place,STED-REGISTER,Point of interest (POI),,,Staubbach,Schweiz,,,,,
LOC1100600,place,STED-REGISTER,City,,,Stavanger,Norge,,,,,
LOC1100650,place,STED-REGISTER,City,,,Stecken,Tjekkiet,,,,,
LOC1100700,place,STED-REGISTER,City,,,Stege,Danmark,,,,,
LOC1100750,place,STED-REGISTER,Point of interest (POI),,,Stegeborg,Sverige,,,,,
LOC1100800,place,STED-REGISTER,City,,,Stein,Tyskland,,,,,
LOC1100850,place,STED-REGISTER,Property,,,Steinbad (ved Teplitz),Tjekkiet,,,,,
LOC1100900,place,STED-REGISTER,City,,,Steinhöring,Tyskland,,,,,
LOC1100950,place,STED-REGISTER,City,,,Steinnach,Østrig,,,,,
LOC1101000,place,STED-REGISTER,City,,,Steinsdorf,Tyskland,,,,,
LOC1101050,place,STED-REGISTER,City,,,Sterzing,Italien,,,,,
LOC1101100,place,STED-REGISTER,City,,,Stettin,Polen,,,,,
LOC1101150,place,STED-REGISTER,Property,,,Stiernholm Slot,Danmark,,,,,
LOC1101200,place,STED-REGISTER,Property,,,Stirling,Skotland,,,,,
LOC1101250,place,STED-REGISTER,City,,,Stockerau,Østrig,,,,,
LOC1101300,place,STED-REGISTER,City,,,Stockholm,Sverige,,,,,
LOC1101350,place,STED-REGISTER,Property,,,Stolzenfels,Tyskland,,,,,
LOC1101400,place,STED-REGISTER,Point of interest (POI),,,Stora Eken,Sverige,,,,,
LOC1101450,place,STED-REGISTER,City,,,Store Hedinge,Danmark,,,,,
LOC1101500,place,STED-REGISTER,Point of interest (POI),,,Store Hestehave (ved Jungshoved),Danmark,,,,,
LOC1101550,place,STED-REGISTER,Region,,,Store Vildmose,Danmark,,,,,
LOC1101600,place,STED-REGISTER,Sea,,,Storebelt,Danmark,,,,,
LOC1101650,place,STED-REGISTER,Region,,,"Storta, La",Italien,,,,,
LOC1101700,place,STED-REGISTER,River,,,Storaaen,Danmark,,,,,
LOC1101750,place,STED-REGISTER,City,,,Stoss (ved Brunnen),Schweiz,,,,,
LOC1101800,place,STED-REGISTER,City,,,Stralsund,Tyskland,,,,,
LOC1101850,place,STED-REGISTER,Point of interest (POI),,,Strandhuse (ved Svendborg),Danmark,,,,,
LOC1101900,place,STED-REGISTER,Property,,,Strandmøllen,Danmark,,,,,
LOC1101950,place,STED-REGISTER,Point of interest (POI),,,Strandvejen,Danmark,,,,,
LOC1102000,place,STED-REGISTER,City,,,Strassburg,Frankrig,,,,,
LOC1102050,place,STED-REGISTER,City,,,Strengberg,Østrig,,,,,
LOC1102100,place,STED-REGISTER,City,,,Strib,Danmark,,,,,
LOC1102150,place,STED-REGISTER,Island,,,Stromboli,Italien,,,,,
LOC1102200,place,STED-REGISTER,City,,,Strood,England,,,,,
LOC1102250,place,STED-REGISTER,City,,,Struer,Danmark,,,,,
LOC1102300,place,STED-REGISTER,City,,,Struppen (ved Pirna),Tyskland,,,,,
LOC1102350,place,STED-REGISTER,Property,,,Sturefors,Sverige,,,,,
LOC1102400,place,STED-REGISTER,City,,,Stuttgart,Tyskland,,,,,
LOC1102450,place,STED-REGISTER,Property,,,Stäket,Sverige,,,,,
LOC1102500,place,STED-REGISTER,River,,,Stör,Tyskland,,,,,
LOC1102550,place,STED-REGISTER,River,,,Stångån,Sverige,,,,,
LOC1102600,place,STED-REGISTER,River,,,Suez-Kanalen,Ægypten,,,,,
LOC1102650,place,STED-REGISTER,Point of interest (POI),,,Susenborg,Sverige,,,,,
LOC1102700,place,STED-REGISTER,River,,,Susaaen,Danmark,,,,,
LOC1102750,place,STED-REGISTER,Property,,,Svaneberg,Sverige,,,,,
LOC1102800,place,STED-REGISTER,City,,,Svaneke,Danmark,,,,,
LOC1102850,place,STED-REGISTER,Property,,,Sveaborg,Finland,,,,,
LOC1102900,place,STED-REGISTER,City,,,Svendborg,Danmark,,,,,
LOC1102950,place,STED-REGISTER,Sea,,,Svendborg Sund,Danmark,,,,,
LOC1103000,place,STED-REGISTER,Region,,,Svensk Pommern,Tyskland,,,,,
LOC1103050,place,STED-REGISTER,Country,,,Sverrig,Sverige,,,,,
LOC1103100,place,STED-REGISTER,City,,,Svindinge (Fyn),Danmark,,,,,
LOC1103150,place,STED-REGISTER,Continent,,,Sydamerika,Sydamerika,,,,,
LOC1103200,place,STED-REGISTER,Region,,,Sydfrankrig,Frankrig,,,,,
LOC1103250,place,STED-REGISTER,Region,,,Sydtyskland,Tyskland,,,,,
LOC1103300,place,STED-REGISTER,City,,,Syke,Tyskland,,,,,
LOC1103350,place,STED-REGISTER,Point of interest (POI),,,Syra,Italien,,,,,
LOC1103400,place,STED-REGISTER,Country,,,Syrien,Syrien,,,,,
LOC1103450,place,STED-REGISTER,Point of interest (POI),,,Széchenyi-Vejen,Ungarn,,,,,
LOC1103500,place,STED-REGISTER,City,,,Sztary-Szlankamen,Serbien,,,,,
LOC1103550,place,STED-REGISTER,City,,,"Sæby, Løve H., Holbæk A.",Danmark,,,,,
LOC1103600,place,STED-REGISTER,City,,,Säfsjö,Sverige,,,,,
LOC1103650,place,STED-REGISTER,Sea,,,Sävo Sund (Sävsund),Sverige,,,,,
LOC1103700,place,STED-REGISTER,Property,,,"Søbygaard, Søby S., Gjern H.",Danmark,,,,,
LOC1103750,place,STED-REGISTER,Lake,,,Søbygaards Sø,Danmark,,,,,
LOC1103800,place,STED-REGISTER,City,,,Söderkoping,Sverige,,,,,
LOC1103850,place,STED-REGISTER,City,,,Södertelge,Sverige,,,,,
LOC1103900,place,STED-REGISTER,Lake,,,Søllerod Sø,Danmark,,,,,
LOC1103950,place,STED-REGISTER,City,,,Søllerød,Danmark,,,,,
LOC1104000,place,STED-REGISTER,Property,,,Sølyst,Danmark,,,,,
LOC1104050,place,STED-REGISTER,City,,,Sønderborg,Danmark,,,,,
LOC1104100,place,STED-REGISTER,Region,,,Søndermarken,Danmark,,,,,
LOC1104150,place,STED-REGISTER,City,,,Sörby,Sverige,,,,,
LOC1104200,place,STED-REGISTER,City,,,Saal,Tyskland,,,,,
LOC1104250,place,STED-REGISTER,River,,,Saale,Tyskland,,,,,
LOC1104300,place,STED-REGISTER,River,,,Saane (Sarine),Schweiz,,,,,
LOC1104350,place,STED-REGISTER,City,,,Saarbrücken,Tyskland,,,,,
LOC1104400,place,STED-REGISTER,River,,,Tajo (Tejo),Spanien,,,,,
LOC1104450,place,STED-REGISTER,City,,,Talavera de la Reyna,Spanien,,,,,
LOC1104500,place,STED-REGISTER,River,,,Talfers,Italien,,,,,
LOC1104550,place,STED-REGISTER,River,,,Tamina,Schweiz,,,,,
LOC1104600,place,STED-REGISTER,City,,,Tanger,Marokko,,,,,
LOC1104650,place,STED-REGISTER,City,,,Tangermünde,Tyskland,,,,,
LOC1104700,place,STED-REGISTER,City,,,Tarascon,Frankrig,,,,,
LOC1104750,place,STED-REGISTER,Point of interest (POI),,,Tarasp,Schweiz,,,,,
LOC1104800,place,STED-REGISTER,City,,,Tarifa,Spanien,,,,,
LOC1104850,place,STED-REGISTER,Lake,,,Tasching-See,Tyskland,,,,,
LOC1104900,place,STED-REGISTER,Mountain,,,Tatra,Slovakiet,,,,,
LOC1104950,place,STED-REGISTER,City,,,Tavernelle,Italien,,,,,
LOC1105000,place,STED-REGISTER,Property,,,Teglgaarden,Danmark,,,,,
LOC1105050,place,STED-REGISTER,City,,,Teheran,Iran,,,,,
LOC1105100,place,STED-REGISTER,Church,,,Tells Kapel,Schweiz,,,,,
LOC1105150,place,STED-REGISTER,Region,,,Tellsplatte,Schweiz,,,,,
LOC1105200,place,STED-REGISTER,City,,,Tem,Danmark,,,,,
LOC1105250,place,STED-REGISTER,City,,,Temesvár,Rumænien,,,,,
LOC1105300,place,STED-REGISTER,Region,,,Tempe,Grækenland,,,,,
LOC1105350,place,STED-REGISTER,City,,,Teplitz,Tjekkiet,,,,,
LOC1105400,place,STED-REGISTER,City,,,Terni,Italien,,,,,
LOC1105450,place,STED-REGISTER,City,,,Terracina,Italien,,,,,
LOC1105500,place,STED-REGISTER,Region,,,Tessin (Ticino),Schweiz,,,,,
LOC1105550,place,STED-REGISTER,City,,,Tetschen,Tjekkiet,,,,,
LOC1105600,place,STED-REGISTER,City,,,Tetuan,Marokko,,,,,
LOC1105650,place,STED-REGISTER,Point of interest (POI),,,Teufelsbrücke (i Sachsisk Schweiz),Tyskland,,,,,
LOC1105700,place,STED-REGISTER,Mountain,,,Teufelsmauer,Tyskland,,,,,
LOC1105750,place,STED-REGISTER,Point of interest (POI),,,Teufelsstein (i Reuss-Dalen),Schweiz,,,,,
LOC1105800,place,STED-REGISTER,Point of interest (POI),,,Teulelsbrücke (i Reuss-Dalen),Schweiz,,,,,
LOC1105850,place,STED-REGISTER,Region,,,Teutschen,Tyskland,,,,,
LOC1105900,place,STED-REGISTER,Mountain,,,Teverone,Italien,,,,,
LOC1105950,place,STED-REGISTER,Region,,,Texas,USA,,,,,
LOC1106000,place,STED-REGISTER,City,,,Tharandt,Tyskland,,,,,
LOC1106050,place,STED-REGISTER,Point of interest (POI),,,Theben (Dĕvín),Slovakiet,,,,,
LOC1106100,place,STED-REGISTER,City,,,Theben (Grækenland),Grækenland,,,,,
LOC1106150,place,STED-REGISTER,River,,,Theiss (Tisza),Ungarn,,,,,
LOC1106200,place,STED-REGISTER,River,,,Themsen,England,,,,,
LOC1106250,place,STED-REGISTER,City,,,Therapia,Rumænien,,,,,
LOC1106300,place,STED-REGISTER,Point of interest (POI),,,Theresiensprung (ved Maxen),Tyskland,,,,,
LOC1106350,place,STED-REGISTER,City,,,Theresienstadt,Tjekkiet,,,,,
LOC1106400,place,STED-REGISTER,Region,,,Thessalien,Grækenland,,,,,
LOC1106450,place,STED-REGISTER,Property,,,Thiedenwiese,Tyskland,,,,,
LOC1106500,place,STED-REGISTER,City,,,Thisted,Danmark,,,,,
LOC1106550,place,STED-REGISTER,City,,,Thun,Schweiz,,,,,
LOC1106600,place,STED-REGISTER,Lake,,,Thuner-Søen,Schweiz,,,,,
LOC1106650,place,STED-REGISTER,Property,,,Thurebyholm,Danmark,,,,,
LOC1106700,place,STED-REGISTER,Island,,,Thurø,Danmark,,,,,
LOC1106750,place,STED-REGISTER,City,,,Tiaras,Rumænien,,,,,
LOC1106800,place,STED-REGISTER,River,,,Tiberen,Italien,,,,,
LOC1106850,place,STED-REGISTER,Island,,,Tiberøen,Italien,,,,,
LOC1106900,place,STED-REGISTER,Property,,,Tiefurt,Tyskland,,,,,
LOC1106950,place,STED-REGISTER,City,,,Tifis,Georgien,,,,,
LOC1107000,place,STED-REGISTER,Point of interest (POI),,,"Tindebjerget, Silkeborg",Danmark,,,,,
LOC1107050,place,STED-REGISTER,Island,,,Tinos,Grækenland,,,,,
LOC1107100,place,STED-REGISTER,Lake,,,Tissø,Danmark,,,,,
LOC1107150,place,STED-REGISTER,Point of interest (POI),,,Tiszovicza,Rumænien,,,,,
LOC1107200,place,STED-REGISTER,Region,,,Tivoli (ved Rom),Italien,,,,,
LOC1107250,place,STED-REGISTER,Property,,,Tjele,Danmark,,,,,
LOC1107300,place,STED-REGISTER,City,,,Tjæreby,Danmark,,,,,
LOC1107350,place,STED-REGISTER,City,,,Toledo,Spanien,,,,,
LOC1107400,place,STED-REGISTER,City,,,Tolentino,Italien,,,,,
LOC1107450,place,STED-REGISTER,Point of interest (POI),,,Tomba di Nerone,Italien,,,,,
LOC1107500,place,STED-REGISTER,Point of interest (POI),,,"Toppö, Trollhättan",Sverige,,,,,
LOC1107550,place,STED-REGISTER,City,,,Torino,Italien,,,,,
LOC1107600,place,STED-REGISTER,City,,,Torpa,Sverige,,,,,
LOC1107650,place,STED-REGISTER,City,,,Torquay,England,,,,,
LOC1107700,place,STED-REGISTER,City,,,Torre Annunziata,Italien,,,,,
LOC1107750,place,STED-REGISTER,City,,,Torre del Greco,Italien,,,,,
LOC1107800,place,STED-REGISTER,Point of interest (POI),,,Torre di tre Ponti,Italien,,,,,
LOC1107850,place,STED-REGISTER,City,,,Torrenieri,Italien,,,,,
LOC1107900,place,STED-REGISTER,Property,,,Torup,Sverige,,,,,
LOC1107950,place,STED-REGISTER,City,,,Tostedt,Tyskland,,,,,
LOC1108000,place,STED-REGISTER,City,,,Toul,Frankrig,,,,,
LOC1108050,place,STED-REGISTER,City,,,Toulon,Frankrig,,,,,
LOC1108100,place,STED-REGISTER,City,,,Toulouse,Frankrig,,,,,
LOC1108150,place,STED-REGISTER,City,,,"Tour de Pelz, La",Schweiz,,,,,
LOC1108200,place,STED-REGISTER,City,,,Tours,Frankrig,,,,,
LOC1108250,place,STED-REGISTER,Point of interest (POI),,,Trafalgar,Spanien,,,,,
LOC1108300,place,STED-REGISTER,Point of interest (POI),,,Trajans Mur,Moldova,,,,,
LOC1108350,place,STED-REGISTER,Point of interest (POI),,,Trajans Tavle,Italien,,,,,
LOC1108400,place,STED-REGISTER,Region,,,Trankebar,Indien,,,,,
LOC1108450,place,STED-REGISTER,City,,,Trapezunt,Tyrkiet,,,,,
LOC1108500,place,STED-REGISTER,Lake,,,Trasimener-Søen,Italien,,,,,
LOC1108550,place,STED-REGISTER,City,,,Traun,Tyskland,,,,,
LOC1108600,place,STED-REGISTER,River,,,Trave,Tyskland,,,,,
LOC1108650,place,STED-REGISTER,City,,,Travemünde,Tyskland,,,,,
LOC1108700,place,STED-REGISTER,Island,,,Trekroner,Danmark,,,,,
LOC1108750,place,STED-REGISTER,City,,,Treuenbrietzen,Tyskland,,,,,
LOC1108800,place,STED-REGISTER,City,,,Trient (Trento),Italien,,,,,
LOC1108850,place,STED-REGISTER,City,,,Trier,Tyskland,,,,,
LOC1108900,place,STED-REGISTER,City,,,Triest,Italien,,,,,
LOC1108950,place,STED-REGISTER,Region,,,Trinity (ved Edinburgh),Skotland,,,,,
LOC1109000,place,STED-REGISTER,City,,,Tripolis,Libyen,,,,,
LOC1109050,place,STED-REGISTER,Point of interest (POI),,,Troia (Cetobriga),Portugal,,,,,
LOC1109100,place,STED-REGISTER,Point of interest (POI),,,Trojasletten,Tyrkiet,,,,,
LOC1109150,place,STED-REGISTER,City,,,Trollhättan,Sverige,,,,,
LOC1109200,place,STED-REGISTER,City,,,Trondhjem,Norge,,,,,
LOC1109250,place,STED-REGISTER,City,,,Tropea,Italien,,,,,
LOC1109300,place,STED-REGISTER,City,,,Trujillo,Spanien,,,,,
LOC1109350,place,STED-REGISTER,City,,,Tunbridge,England,,,,,
LOC1109400,place,STED-REGISTER,City,,,Tunis,Tunesien,,,,,
LOC1109450,place,STED-REGISTER,City,,,Turbia (La Turbie),Frankrig,,,,,
LOC1109500,place,STED-REGISTER,City,,,Turnau,Tjekkiet,,,,,
LOC1109550,place,STED-REGISTER,Point of interest (POI),,,Tusculum,Italien,,,,,
LOC1109600,place,STED-REGISTER,City,,,Tuturcan (Turtucaia),Bulgarien,,,,,
LOC1109650,place,STED-REGISTER,River,,,Tweed,Skotland,,,,,
LOC1109700,place,STED-REGISTER,City,,,Tübingen,Tyskland,,,,,
LOC1109750,place,STED-REGISTER,Sea,,,Tyrifjord,Norge,,,,,
LOC1109800,place,STED-REGISTER,Country,,,Tyrkiet,Tyrkiet,,,,,
LOC1109850,place,STED-REGISTER,Region,,,Tyrol,Østrig,,,,,
LOC1109900,place,STED-REGISTER,Country,,,Tyskland,Tyskland,,,,,
LOC1109950,place,STED-REGISTER,Point of interest (POI),,,"Tøien, Christiania",Norge,,,,,
LOC1110000,place,STED-REGISTER,City,,,Tønder,Danmark,,,,,
LOC1110050,place,STED-REGISTER,Lake,,,Tåkern,Sverige,,,,,
LOC1110100,place,STED-REGISTER,City,,,Taarbæk,Danmark,,,,,
LOC1110150,place,STED-REGISTER,Island,,,Taasinge (Thorseng),Danmark,,,,,
LOC1110200,place,STED-REGISTER,City,,,Taastrup,Danmark,,,,,
LOC1110250,place,STED-REGISTER,City,,,Uddevalla,Sverige,,,,,
LOC1110300,place,STED-REGISTER,Property,,,Ulfåsa,Sverige,,,,,
LOC1110350,place,STED-REGISTER,Region,,,Ulkebøl,Danmark,,,,,
LOC1110400,place,STED-REGISTER,City,,,Ulm,Tyskland,,,,,
LOC1110450,place,STED-REGISTER,Property,,,Ulriksdal,Sverige,,,,,
LOC1110500,place,STED-REGISTER,Point of interest (POI),,,Ulse,Danmark,,,,,
LOC1110550,place,STED-REGISTER,Lake,,,Ulse Sø,Danmark,,,,,
LOC1110600,place,STED-REGISTER,City,,,Ulvborg,Danmark,,,,,
LOC1110650,place,STED-REGISTER,Country,,,Ungarn,Ungarn,,,,,
LOC1110700,place,STED-REGISTER,Region,,,Untersendling,Tyskland,,,,,
LOC1110750,place,STED-REGISTER,City,,,Uppsala,Sverige,,,,,
LOC1110800,place,STED-REGISTER,Mountain,,,Uri-Rothstock,Schweiz,,,,,
LOC1110850,place,STED-REGISTER,Property,,,Urup,Danmark,,,,,
LOC1110900,place,STED-REGISTER,City,,,Utrecht,Holland,,,,,
LOC1110950,place,STED-REGISTER,Mountain,,,Uttewalder Grund,Tyskland,,,,,
LOC1111000,place,STED-REGISTER,Property,,,Vadstena,Sverige,,,,,
LOC1111050,place,STED-REGISTER,Church,,,Vaksala,Sverige,,,,,
LOC1111100,place,STED-REGISTER,Region,,,Val de Travers,Schweiz,,,,,
LOC1111150,place,STED-REGISTER,Region,,,Valakiet,Rumænien,,,,,
LOC1111200,place,STED-REGISTER,Region,,,Valby,Danmark,,,,,
LOC1111250,place,STED-REGISTER,Point of interest (POI),,,Valcimarra,Italien,,,,,
LOC1111300,place,STED-REGISTER,City,,,Valence,Frankrig,,,,,
LOC1111350,place,STED-REGISTER,City,,,Valencia,Spanien,,,,,
LOC1111400,place,STED-REGISTER,City,,,Valenciennes,Frankrig,,,,,
LOC1111450,place,STED-REGISTER,City,,,Valladolid,Spanien,,,,,
LOC1111500,place,STED-REGISTER,City,,,"Valletta, La",Malta,,,,,
LOC1111550,place,STED-REGISTER,Property,,,Vallø,Danmark,,,,,
LOC1111600,place,STED-REGISTER,City,,,Valparaiso,Chile,,,,,
LOC1111650,place,STED-REGISTER,City,,,Vamdrup,Danmark,,,,,
LOC1111700,place,STED-REGISTER,Island,,,Van Diemens Land (=Tasmanien),Australien,,,,,
LOC1111750,place,STED-REGISTER,City,,,Varberg,Sverige,,,,,
LOC1111800,place,STED-REGISTER,City,,,Varde,Danmark,,,,,
LOC1111850,place,STED-REGISTER,Point of interest (POI),,,Vardøhus,Norge,,,,,
LOC1111900,place,STED-REGISTER,City,,,Vasto,Italien,,,,,
LOC1111950,place,STED-REGISTER,Point of interest (POI),,,Vattholma Bruk,Sverige,,,,,
LOC1112000,place,STED-REGISTER,Region,,,Vaucluse,Frankrig,,,,,
LOC1112050,place,STED-REGISTER,Region,,,Vaud (Kanton),Schweiz,,,,,
LOC1112100,place,STED-REGISTER,Property,,,Vedbygaard,Danmark,,,,,
LOC1112150,place,STED-REGISTER,City,,,Vedbæk,Danmark,,,,,
LOC1112200,place,STED-REGISTER,City,,,Vedersø,Danmark,,,,,
LOC1112250,place,STED-REGISTER,City,,,Vejle,Danmark,,,,,
LOC1112300,place,STED-REGISTER,River,,,Velino,Italien,,,,,
LOC1112350,place,STED-REGISTER,City,,,Velletri,Italien,,,,,
LOC1112400,place,STED-REGISTER,Property,,,"Velo, Hadeland",Norge,,,,,
LOC1112450,place,STED-REGISTER,Property,,,Vemmetofte,Danmark,,,,,
LOC1112500,place,STED-REGISTER,Region,,,Vendsyssel,Danmark,,,,,
LOC1112550,place,STED-REGISTER,City,,,Venek,Ungarn,,,,,
LOC1112600,place,STED-REGISTER,Lake,,,Venern,Sverige,,,,,
LOC1112650,place,STED-REGISTER,City,,,Venersborg,Sverige,,,,,
LOC1112700,place,STED-REGISTER,Region,,,Venetien,Italien,,,,,
LOC1112750,place,STED-REGISTER,City,,,Venezia,Italien,,,,,
LOC1112800,place,STED-REGISTER,Property,,,"Ventegodt, Avlsgaard ved Løgten, København",Danmark,,,,,
LOC1112850,place,STED-REGISTER,Point of interest (POI),,,"Verlorne Loch, das",Schweiz,,,,,
LOC1112900,place,STED-REGISTER,Region,,,Vermland,Sverige,,,,,
LOC1112950,place,STED-REGISTER,City,,,Vernet,Frankrig,,,,,
LOC1113000,place,STED-REGISTER,Region,,,Vernex,Schweiz,,,,,
LOC1113050,place,STED-REGISTER,City,,,Verona,Italien,,,,,
LOC1113100,place,STED-REGISTER,Property,,,Versailles,Frankrig,,,,,
LOC1113150,place,STED-REGISTER,City,,,Verviers,Belgien,,,,,
LOC1113200,place,STED-REGISTER,Region,,,Vest-Amerika,USA,,,,,
LOC1113250,place,STED-REGISTER,Region,,,Vestergötland,Sverige,,,,,
LOC1113300,place,STED-REGISTER,Sea,,,Vesterhavet,Europa,,,,,
LOC1113350,place,STED-REGISTER,City,,,Vestervig,Danmark,,,,,
LOC1113400,place,STED-REGISTER,City,,,Vestervik,Sverige,,,,,
LOC1113450,place,STED-REGISTER,City,,,Vesterås,Sverige,,,,,
LOC1113500,place,STED-REGISTER,Region,,,Vestindien (dansk),USA,,,,,
LOC1113550,place,STED-REGISTER,Region,,,Vestjylland,Danmark,,,,,
LOC1113600,place,STED-REGISTER,Mountain,,,Vesuv,Italien,,,,,
LOC1113650,place,STED-REGISTER,Point of interest (POI),,,Veteranis Hule,Bulgarien,,,,,
LOC1113700,place,STED-REGISTER,Lake,,,Vettern,Sverige,,,,,
LOC1113750,place,STED-REGISTER,City,,,Vevey,Schweiz,,,,,
LOC1113800,place,STED-REGISTER,City,,,Vexiö,Sverige,,,,,
LOC1113850,place,STED-REGISTER,Point of interest (POI),,,Via Appia,Italien,,,,,
LOC1113900,place,STED-REGISTER,Point of interest (POI),,,Via mala,Schweiz,,,,,
LOC1113950,place,STED-REGISTER,Region,,,Via Tiburtina,Italien,,,,,
LOC1114000,place,STED-REGISTER,City,,,Viborg,Danmark,,,,,
LOC1114050,place,STED-REGISTER,City,,,Viby Sj.,Danmark,,,,,
LOC1114100,place,STED-REGISTER,City,,,Vicenza,Italien,,,,,
LOC1114150,place,STED-REGISTER,Point of interest (POI),,,Vichy,Frankrig,,,,,
LOC1114200,place,STED-REGISTER,City,,,Vico Equense,Italien,,,,,
LOC1114250,place,STED-REGISTER,Property,,,Vidskølle,Danmark,,,,,
LOC1114300,place,STED-REGISTER,City,,,Vienenburg,Tyskland,,,,,
LOC1114350,place,STED-REGISTER,City,,,Vienne,Frankrig,,,,,
LOC1114400,place,STED-REGISTER,Region,,,Vierlandene,Tyskland,,,,,
LOC1114450,place,STED-REGISTER,Lake,,,Vierwaldstätter-Søen,Schweiz,,,,,
LOC1114500,place,STED-REGISTER,City,,,Vietri sul mare,Italien,,,,,
LOC1114550,place,STED-REGISTER,City,,,Vig,Danmark,,,,,
LOC1114600,place,STED-REGISTER,City,,,Viken,Sverige,,,,,
LOC1114650,place,STED-REGISTER,Point of interest (POI),,,Villa Adriana,Italien,,,,,
LOC1114700,place,STED-REGISTER,City,,,Villafranca,Italien,,,,,
LOC1114750,place,STED-REGISTER,City,,,Villanuova,Italien,,,,,
LOC1114800,place,STED-REGISTER,City,,,Villefranche (Pyrénées-Orientales),Frankrig,,,,,
LOC1114850,place,STED-REGISTER,City,,,Villeneuve (ved Genfersøen),Frankrig,,,,,
LOC1114900,place,STED-REGISTER,Region,,,Vincennes,Frankrig,,,,,
LOC1114950,place,STED-REGISTER,Point of interest (POI),,,Visborg Ruin,Danmark,,,,,
LOC1115000,place,STED-REGISTER,City,,,Višegrad,Ungarn,,,,,
LOC1115050,place,STED-REGISTER,City,,,Vissenbjerg,Danmark,,,,,
LOC1115100,place,STED-REGISTER,City,,,Viterbo,Italien,,,,,
LOC1115150,place,STED-REGISTER,City,,,Viznau,Schweiz,,,,,
LOC1115200,place,STED-REGISTER,Mountain,,,Vogeserne,Frankrig,,,,,
LOC1115250,place,STED-REGISTER,City,,,Voghera,Italien,,,,,
LOC1115300,place,STED-REGISTER,City,,,Vojens,Danmark,,,,,
LOC1115350,place,STED-REGISTER,Property,,,Voldbjerg,Danmark,,,,,
LOC1115400,place,STED-REGISTER,Mountain,,,Volsker-Bjergene,Italien,,,,,
LOC1115450,place,STED-REGISTER,City,,,Vordingborg,Danmark,,,,,
LOC1115500,place,STED-REGISTER,River,,,Vouga,Portugal,,,,,
LOC1115550,place,STED-REGISTER,Island,,,Vresen,Danmark,,,,,
LOC1115600,place,STED-REGISTER,Church,,,Vreta Klosterkirke,Sverige,,,,,
LOC1115650,place,STED-REGISTER,City,,,Vretstorp,Sverige,,,,,
LOC1115700,place,STED-REGISTER,River,,,Vuka,Kroatien,,,,,
LOC1115750,place,STED-REGISTER,City,,,Vukovar,Kroatien,,,,,
LOC1115800,place,STED-REGISTER,City,,,Vöcklabruck,Østrig,,,,,
LOC1115850,place,STED-REGISTER,City,,,Wabern,Tyskland,,,,,
LOC1115900,place,STED-REGISTER,City,,,"Wahrendorf, Holsten",Tyskland,,,,,
LOC1115950,place,STED-REGISTER,City,,,Waizen (Vać),Ungarn,,,,,
LOC1116000,place,STED-REGISTER,Lake,,,Walchersee,Tyskland,,,,,
LOC1116050,place,STED-REGISTER,City,,,Waldheim,Tyskland,,,,,
LOC1116100,place,STED-REGISTER,Country,,,Wales,Wales,,,,,
LOC1116150,place,STED-REGISTER,Property,,,Walhalla (ved Regensburg),Tyskland,,,,,
LOC1116200,place,STED-REGISTER,Lake,,,Wallenstadter-Søen (Wallen-See),Schweiz,,,,,
LOC1116250,place,STED-REGISTER,Lake,,,Wallersee,Østrig,,,,,
LOC1116300,place,STED-REGISTER,Region,,,Wandsbeck,Tyskland,,,,,
LOC1116350,place,STED-REGISTER,City,,,Warden,Bulgarien,,,,,
LOC1116400,place,STED-REGISTER,River,,,Warnow,Tyskland,,,,,
LOC1116450,place,STED-REGISTER,City,,,Warszava,Polen,,,,,
LOC1116500,place,STED-REGISTER,Property,,,Wartburg,Tyskland,,,,,
LOC1116550,place,STED-REGISTER,Property,,,"Wartenstein, Ragatz",Schweiz,,,,,
LOC1116600,place,STED-REGISTER,City,,,Washington,USA,,,,,
LOC1116650,place,STED-REGISTER,City,,,Wasserburg,Tyskland,,,,,
LOC1116700,place,STED-REGISTER,City,,,Weimar,Tyskland,,,,,
LOC1116750,place,STED-REGISTER,City,,,"Weissenburg, Bayern",Tyskland,,,,,
LOC1116800,place,STED-REGISTER,City,,,Weissenfels,Tyskland,,,,,
LOC1116850,place,STED-REGISTER,River,,,Weisseritz (die wilde),Tyskland,,,,,
LOC1116900,place,STED-REGISTER,Property,,,Weitenegg,Østrig,,,,,
LOC1116950,place,STED-REGISTER,City,,,Wels,Østrig,,,,,
LOC1117000,place,STED-REGISTER,City,,,Weltrus,Tjekkiet,,,,,
LOC1117050,place,STED-REGISTER,City,,,Werden,Tyskland,,,,,
LOC1117100,place,STED-REGISTER,River,,,Werra,Tyskland,,,,,
LOC1117150,place,STED-REGISTER,City,,,"Wesen, Schweiz",Schweiz,,,,,
LOC1117200,place,STED-REGISTER,Property,,,Wesenstein,Tyskland,,,,,
LOC1117250,place,STED-REGISTER,River,,,Weser,Tyskland,,,,,
LOC1117300,place,STED-REGISTER,Region,,,Westfalen,Tyskland,,,,,
LOC1117350,place,STED-REGISTER,Mountain,,,Wetterhorn,Schweiz,,,,,
LOC1117400,place,STED-REGISTER,City,,,Widdin (Vidin),Bulgarien,,,,,
LOC1117450,place,STED-REGISTER,City,,,Wien,Østrig,,,,,
LOC1117500,place,STED-REGISTER,River,,,Wien (Floden),Østrig,,,,,
LOC1117550,place,STED-REGISTER,City,,,Wiener Neustadt,Østrig,,,,,
LOC1117600,place,STED-REGISTER,City,,,Wiesbaden,Tyskland,,,,,
LOC1117650,place,STED-REGISTER,Property,,,Wiesenstein,Tyskland,,,,,
LOC1117700,place,STED-REGISTER,Island,,,Wight,England,,,,,
LOC1117750,place,STED-REGISTER,City,,,Wildbad,Tyskland,,,,,
LOC1117800,place,STED-REGISTER,Property,,,Wilhelmshöhe,Tyskland,,,,,
LOC1117850,place,STED-REGISTER,Property,,,Wilhelmsthal,Tyskland,,,,,
LOC1117900,place,STED-REGISTER,City,,,"Willenscharen, Holsten",Tyskland,,,,,
LOC1117950,place,STED-REGISTER,Property,,,Windsor,England,,,,,
LOC1118000,place,STED-REGISTER,City,,,Winsen,Tyskland,,,,,
LOC1118050,place,STED-REGISTER,City,,,Winterberg (ved Wien),Østrig,,,,,
LOC1118100,place,STED-REGISTER,Mountain,,,"Winterberg, Grosser",Tyskland,,,,,
LOC1118150,place,STED-REGISTER,Mountain,,,"Winterberg, Kleiner",Tyskland,,,,,
LOC1118200,place,STED-REGISTER,City,,,Winterthur,Schweiz,,,,,
LOC1118250,place,STED-REGISTER,City,,,Wismar,Tyskland,,,,,
LOC1118300,place,STED-REGISTER,City,,,Wittenberg,Tyskland,,,,,
LOC1118350,place,STED-REGISTER,City,,,Wittenberge,Tyskland,,,,,
LOC1118400,place,STED-REGISTER,City,,,Woigwitz,Polen,,,,,
LOC1118450,place,STED-REGISTER,City,,,Wolfenbüttel,Tyskland,,,,,
LOC1118500,place,STED-REGISTER,City,,,Worms,Tyskland,,,,,
LOC1118550,place,STED-REGISTER,City,,,Wusterhausen an der Dosse,Tyskland,,,,,
LOC1118600,place,STED-REGISTER,City,,,Wustermark,Tyskland,,,,,
LOC1118650,place,STED-REGISTER,City,,,Wyk,Tyskland,,,,,
LOC1118700,place,STED-REGISTER,Lake,,,Würmsee (Starnberger See),Tyskland,,,,,
LOC1118750,place,STED-REGISTER,Region,,,Württemberg,Tyskland,,,,,
LOC1118800,place,STED-REGISTER,City,,,Würzburg,Tyskland,,,,,
LOC1118850,place,STED-REGISTER,City,,,Wäggis,Schweiz,,,,,
LOC1118900,place,STED-REGISTER,Region,,,Währing,Østrig,,,,,
LOC1118950,place,STED-REGISTER,Region,,,Waadt (Kanton),Schweiz,,,,,
LOC1119000,place,STED-REGISTER,River,,,Xenil,Spanien,,,,,
LOC1119050,place,STED-REGISTER,City,,,Ybbs,Østrig,,,,,
LOC1119100,place,STED-REGISTER,City,,,Ülzen,Tyskland,,,,,
LOC1119150,place,STED-REGISTER,City,,,York,England,,,,,
LOC1119200,place,STED-REGISTER,City,,,Ystad,Sverige,,,,,
LOC1119250,place,STED-REGISTER,City,,,Yverdon,Schweiz,,,,,
LOC1119300,place,STED-REGISTER,Region,,,Zehlendorf,Tyskland,,,,,
LOC1119350,place,STED-REGISTER,Region,,,Ziegenhain (ved Jena),Tyskland,,,,,
LOC1119400,place,STED-REGISTER,City,,,Znaim,Tjekkiet,,,,,
LOC1119450,place,STED-REGISTER,City,,,Zug,Schweiz,,,,,
LOC1119500,place,STED-REGISTER,Lake,,,Zugersee,Schweiz,,,,,
LOC1119550,place,STED-REGISTER,Sea,,,Zuidersøen,Holland,,,,,
LOC1119600,place,STED-REGISTER,City,,,Zwickau,Tyskland,,,,,
LOC1119650,place,STED-REGISTER,City,,,Zürich,Schweiz,,,,,
LOC1119700,place,STED-REGISTER,Lake,,,Züricher-Søen,Schweiz,,,,,
LOC1119750,place,STED-REGISTER,Island,,,Æbelø,Danmark,,,,,
LOC1119800,place,STED-REGISTER,City,,,"Æble, Frørup S.",Danmark,,,,,
LOC1119850,place,STED-REGISTER,Island,,,Ægina (Aigina),Grækenland,,,,,
LOC1119900,place,STED-REGISTER,Country,,,Ægypten,Ægypten,,,,,
LOC1119950,place,STED-REGISTER,Region,,,Ækvator,0,,,,,
LOC1120000,place,STED-REGISTER,Lake,,,Älgsjön,Sverige,,,,,
LOC1120050,place,STED-REGISTER,Island,,,Ærø,Danmark,,,,,
LOC1120100,place,STED-REGISTER,Point of interest (POI),,,Ättestupa,Sverige,,,,,
LOC1120150,place,STED-REGISTER,City,,,Øksendrup,Danmark,,,,,
LOC1120200,place,STED-REGISTER,Region,,,"Øland, Limfjorden",Danmark,,,,,
LOC1120250,place,STED-REGISTER,Property,,,Örbyhus,Sverige,,,,,
LOC1120300,place,STED-REGISTER,City,,,Ørbæk,Danmark,,,,,
LOC1120350,place,STED-REGISTER,Property,,,Ørbæklunde,Danmark,,,,,
LOC1120400,place,STED-REGISTER,City,,,Örebro,Sverige,,,,,
LOC1120450,place,STED-REGISTER,Sea,,,Øresund,Danmark,,,,,
LOC1120500,place,STED-REGISTER,City,,,Ørslev,Danmark,,,,,
LOC1120550,place,STED-REGISTER,City,,,Östa (Ösby),Sverige,,,,,
LOC1120600,place,STED-REGISTER,City,,,Österby,Sverige,,,,,
LOC1120650,place,STED-REGISTER,Sea,,,Østersøen,Europa,,,,,
LOC1120700,place,STED-REGISTER,Country,,,Østrig,Østrig,,,,,
LOC1120750,place,STED-REGISTER,Region,,,Øverød,Danmark,,,,,
LOC1120800,place,STED-REGISTER,City,,,Øvre Stolk,Tyskland,,,,,
LOC1120850,place,STED-REGISTER,City,,,Aabenraa,Danmark,,,,,
LOC1120900,place,STED-REGISTER,City,,,Aachen,Tyskland,,,,,
LOC1120950,place,STED-REGISTER,Property,,,Aagaard,Danmark,,,,,
LOC1121000,place,STED-REGISTER,City,,,Åkerström,Sverige,,,,,
LOC1121050,place,STED-REGISTER,Property,,,Aakjær,Danmark,,,,,
LOC1121100,place,STED-REGISTER,City,,,Aalborg,Danmark,,,,,
LOC1121150,place,STED-REGISTER,City,,,Aalbæk,Danmark,,,,,
LOC1121200,place,STED-REGISTER,City,,,Aalesund,Norge,,,,,
LOC1121250,place,STED-REGISTER,City,,,Aalsgaarde,Danmark,,,,,
LOC1121300,place,STED-REGISTER,River,,,Aare,Schweiz,,,,,
LOC1121350,place,STED-REGISTER,City,,,Aarhus,Danmark,,,,,
LOC1121400,place,STED-REGISTER,Property,,,Årsta,Sverige,,,,,
LOC1121450,place,STED-REGISTER,City,,,Aarup,Danmark,,,,,
LOC1121500,place,STED-REGISTER,Sea,,,Aarøsund,Danmark,,,,,
LOC1121550,place,STED-REGISTER,Point of interest (POI),,,"Aasen, Silkeborg",Danmark,,,,,
LOC1121600,place,STED-REGISTER,Property,,,Aastrup,Danmark,,,,,
