v094_id,legacy_id,entity_type,label,resolves
WOR000000,Reg001445,work,Gesammelte Werke (1847-72),yes
WOR000050,Reg002927,work,Samlede Skrifter I-XXXIII (1853-79),yes
WOR000100,Reg000281,work,Aus Herz und Welt (1860),yes
WOR000150,Reg002793,work,Reiseskizzer og Pennetegninger (= Samlede Skrifter. 28. Bind) (1868).,yes
WOR000200,Reg003514,work,Works (New York 1869 ff.),yes
WOR000250,Reg001234,work,Eventyr (i Almindelighed),yes
WOR000300,Reg002563,work,Nye Eventyr. 2. Bind. 1. Samling (1847),yes
WOR000350,Reg001238,work,Eventyr. Med 125 Ill. efter Originaltegninger af V. Pedersen (1850 Ͻ: 1849),yes
WOR000400,Reg001603,work,Historier. 1. Samling (1852),yes
WOR000450,Reg001604,work,Historier. Med 55 Ill. af V. Pedersen (1855),yes
WOR000500,Reg002543,work,Nye Eventyr og Historier. 1.-2. Række (1858-66),yes
WOR000550,Reg002545,work,Nye Eventyr og Historier. 1.-2. Række (1858-66) - 1. Samling (1858),yes
WOR000600,Reg002546,work,Nye Eventyr og Historier. 1.-2. Række (1858-66) - 1. Samling (1858) - 4 Opl. (1865),yes
WOR000650,Reg002553,work,Nye Eventyr og Historier. 1.-2. Række (1858-66) - 2. Samling (1858),yes
WOR000700,Reg002556,work,Nye Eventyr og Historier. 1.-2. Række (1858-66) - 3. Samling (1859),yes
WOR000750,Reg002557,work,Nye Eventyr og Historier. 1.-2. Række (1858-66) - 3. Samling (1859) - 2. Opl. (1861),yes
WOR000800,Reg002558,work,Nye Eventyr og Historier. 1.-2. Række (1858-66) -4. Samling (1860),yes
WOR000850,Reg002544,work,Nye Eventyr og Historier. 1.-2. Række (1858-66) - 1. Række (1860),yes
WOR000900,Reg002547,work,Nye Eventyr og Historier. 1.-2. Række (1858-66) - 2. Række 1. Samling (1861),yes
WOR000950,Reg002548,work,Nye Eventyr og Historier. 1.-2. Række (1858-66) - 2. Række 1. Samling (1861) - 2. Opl. (1869),yes
WOR001000,Reg002549,work,Nye Eventyr og Historier. 1.-2. Række (1858-66) - 2. Række 2. Samling (1861),yes
WOR001050,Reg002550,work,Nye Eventyr og Historier. 1.-2. Række (1858-66) - 2. Række 2. Samling (1861) - 2. Opl. (1865),yes
WOR001100,Reg002551,work,Nye Eventyr og Historier. 1.-2. Række (1858-66) - 2. Række. 3. Samling (1865),yes
WOR001150,Reg002552,work,Nye Eventyr og Historier. 1.-2. Række (1858-66) - 2. Række. 4. Samling (1866),yes
WOR001200,Reg002554,work,Nye Eventyr og Historier. 1.-2. Række (1858-66) - 3. Række. 1. Samling (1872),yes
WOR001250,Reg002555,work,Nye Eventyr og Historier. 1.-2. Række (1858-66) - 3. Række. 2. Samling (1872),yes
WOR001300,Reg001235,work,Eventyr og Historier. Med Ill. efter Originaltegninger af V. Pedersen. I-II (1862-63),yes
WOR001350,Reg001236,work,Eventyr og Historier. Med Ill. efter Originaltegninger af V. Pedersen. I-II (1862-63) - Nyt Opl. (1873),yes
WOR001400,Reg001277,work,Femten Eventyr og Historier. Med Ill. af Lorenz Frølich (1867),yes
WOR001450,Reg002559,work,Nye Eventyr og Historier. Første Deel-Tredie Deel (= Samlede Skrifter 25.-27. Bd.) (1868),yes
WOR001500,Reg003313,work,Tre nye Eventyr og Historier (1870 Ͻ: 1869),yes
WOR001550,Reg002562,work,Nye Eventyr og Historier. Med Ill. efter Originaltegninger af Lorenz Frølich I (1870),yes
WOR001600,Reg002560,work,Nye Eventyr og Historier. Med Ill. efter Originaltegninger af Lorenz Frølich - II (1871),yes
WOR001650,Reg002561,work,Nye Eventyr og Historier. Med Ill. efter Originaltegninger af Lorenz Frølich - III (1874),yes
WOR001700,Reg000327,work,Bemærkninger til Eventyr og Historier  - 1862:,yes
WOR001750,Reg000328,work,Bemærkninger til Eventyr og Historier  - 1868:,yes
WOR001800,Reg000329,work,Bemærkninger til Eventyr og Historier  - 1870:,yes
WOR001850,Reg000330,work,Bemærkninger til Eventyr og Historier  - 1874:,yes
WOR001900,Reg002695,work,Planer om en Godtkøbs-Udgave af samtlige Eventyr 1875,yes
WOR001950,Reg000134,work,Abc-Bogen,yes
WOR002000,Reg000202,work,Alt paa sin rette Plads,yes
WOR002050,Reg000233,work,Anne Lisbeth,yes
WOR002100,Reg000313,work,Barnet i Graven,yes
WOR002150,Reg000320,work,Bedstemoder,yes
WOR002200,Reg000363,work,Bispen paa Børglum og hans Frænde,yes
WOR002250,Reg000431,work,Børnesnak,yes
WOR002300,Reg003600,work,"»Dandse, dandse Dukke min!«",yes
WOR002350,Reg003609,work,»Deilig!«,yes
WOR002400,Reg003613,work,»Der er Forskjel«,yes
WOR002450,Reg000848,work,Det er ganske vist!,yes
WOR002500,Reg001003,work,Dryaden,yes
WOR002550,Reg001008,work,Dynd-Kongens Datter,yes
WOR002600,Reg001053,work,Elverhøi,yes
WOR002650,Reg001148,work,Engelen,yes
WOR002700,Reg001275,work,Fem fra en Ærtebælg,yes
WOR002750,Reg001301,work,Flaskehalsen,yes
WOR002800,Reg001303,work,Flipperne,yes
WOR002850,Reg001310,work,Flyttedagen,yes
WOR002900,Reg000702,work,Den flyvende Kuffert,yes
WOR002950,Reg001315,work,Folkesangens Fugl,yes
WOR003000,Reg001409,work,Gaardbanen og Veirhanen,yes
WOR003050,Reg001410,work,Gaaseurten,yes
WOR003100,Reg000851,work,Det gamle Egetræes sidste Drøm,yes
WOR003150,Reg000708,work,Den gamle Gadeløgte,yes
WOR003200,Reg000852,work,Det gamle Huus,yes
WOR003250,Reg000710,work,Den gamle Kirkeklokke,yes
WOR003300,Reg001424,work,Gartneren og Herskabet,yes
WOR003350,Reg001458,work,Gjemt er ikke glemt,yes
WOR003400,Reg001219,work,Et godt Humeur,yes
WOR003450,Reg001476,work,Grantræet,yes
WOR003500,Reg000713,work,Den grimme Ælling,yes
WOR003550,Reg001498,work,Gudfaders Billedbog,yes
WOR003600,Reg001504,work,Guldskat,yes
WOR003650,Reg001581,work,Herrebladene,yes
WOR003700,Reg001084,work,En Historie,yes
WOR003750,Reg001085,work,En Historie fra Klitterne,yes
WOR003800,Reg001602,work,Historien om en Moder,yes
WOR003850,Reg001611,work,Hjertesorg,yes
WOR003900,Reg001620,work,Holger Danske,yes
WOR003950,Reg003637,work,»Hun duede ikke«,yes
WOR004000,Reg001653,work,Hurtigløberne,yes
WOR004050,Reg001656,work,"Hvad Fatter gjør, det er altid det Rigtige",yes
WOR004100,Reg001660,work,Hvad gamle Johanne fortalte,yes
WOR004150,Reg001661,work,Hvad hele Familien sagde,yes
WOR004200,Reg001662,work,Hvad man kan hitte paa,yes
WOR004250,Reg001658,work,Hvad Tidselen oplevede,yes
WOR004300,Reg001663,work,Hvem var den Lykkeligste?,yes
WOR004350,Reg001667,work,Hyldemoer (Eventyr),yes
WOR004400,Reg001678,work,Hønse-Grethes Familie,yes
WOR004450,Reg001679,work,Hørren,yes
WOR004500,Reg001681,work,I Andegaarden,yes
WOR004550,Reg001682,work,I Børnestuen,yes
WOR004600,Reg001707,work,Ib og lille Christine,yes
WOR004650,Reg001712,work,Iisjomfruen,yes
WOR004700,Reg001860,work,Jødepigen,yes
WOR004750,Reg001887,work,Keiserens nye Klæder,yes
WOR004800,Reg001897,work,Kjærestefolkene,yes
WOR004850,Reg001911,work,Klokkedybet,yes
WOR004900,Reg001912,work,Klokken,yes
WOR004950,Reg001922,work,Kometen,yes
WOR005000,Reg001951,work,Krøblingen (Eventyrbogen),yes
WOR005050,Reg002044,work,Laserne,yes
WOR005100,Reg002154,work,Lille Claus og store Claus,yes
WOR005150,Reg000732,work,Den lille Havfrue,yes
WOR005200,Reg000734,work,Den lille Idas Blomster,yes
WOR005250,Reg000735,work,Den lille Pige med Svovlstikkerne,yes
WOR005300,Reg002158,work,Lille Tuk,yes
WOR005350,Reg002175,work,Loppen og Professoren,yes
WOR005400,Reg002202,work,"Lygtemændene ere i Byen, sagde Mosekonen",yes
WOR005450,Reg000736,work,Den lykkelige Familie,yes
WOR005500,Reg002205,work,Lykken kan ligge i en Pind,yes
WOR005550,Reg002207,work,Lykkens Kalosker,yes
WOR005600,Reg002212,work,Lysene,yes
WOR005650,Reg002335,work,Marionetspilleren,yes
WOR005700,Reg002437,work,Moster,yes
WOR005750,Reg002459,work,Nabofamilierne,yes
WOR005800,Reg002481,work,Nattergalen,yes
WOR005850,Reg002515,work,Nissen hos Spekhøkeren,yes
WOR005900,Reg002516,work,Nissen og Madamen,yes
WOR005950,Reg003660,work,»Noget«,yes
WOR006000,Reg000855,work,Det ny Aarhundredes Musa,yes
WOR006050,Reg002599,work,Oldefa'er,yes
WOR006100,Reg002602,work,Ole Lukøie (Eventyr),yes
WOR006150,Reg000746,work,Den onde Fyrste,yes
WOR006200,Reg002644,work,Paa den yderste Dag,yes
WOR006250,Reg002650,work,Paradisets Have,yes
WOR006300,Reg002664,work,Pebersvendens Nathue,yes
WOR006350,Reg002669,work,"Peiter, Peter og Peer",yes
WOR006400,Reg002670,work,Pen og Blækhuus,yes
WOR006450,Reg002690,work,"Pigen, som traadte paa Brødet",yes
WOR006500,Reg002716,work,Portnerens Søn,yes
WOR006550,Reg002717,work,Portnøglen,yes
WOR006600,Reg002735,work,Prindsessen paa Ærten,yes
WOR006650,Reg002747,work,Psychen,yes
WOR006700,Reg002760,work,Qvæk,yes
WOR006750,Reg002792,work,Reisekammeraten,yes
WOR006800,Reg000649,work,De røde Skoe,yes
WOR006850,Reg000750,work,Den sidste Perle,yes
WOR006900,Reg003018,work,Skarnbassen,yes
WOR006950,Reg003029,work,Skrubtudsen,yes
WOR007000,Reg003032,work,Skyggen,yes
WOR007050,Reg000651,work,De smaa Grønne,yes
WOR007100,Reg003047,work,Sneedronningen,yes
WOR007150,Reg003048,work,Sneemanden,yes
WOR007200,Reg003050,work,Sneglen og Rosenhækken,yes
WOR007250,Reg003060,work,Solskinsbistorier,yes
WOR007300,Reg003061,work,Sommerfuglen,yes
WOR007350,Reg003063,work,Sommergjækken,yes
WOR007400,Reg003084,work,Springfyrene,yes
WOR007450,Reg003675,work,»Spørg Amagermo'er«,yes
WOR007500,Reg000755,work,Den standhaftige Tinsoldat,yes
WOR007550,Reg003108,work,Stoppenaalen,yes
WOR007600,Reg000756,work,Den store Søslange,yes
WOR007650,Reg003113,work,Stormen flytter Skilt,yes
WOR007700,Reg000757,work,Den stumme Bog,yes
WOR007750,Reg001214,work,Et Stykke Perlesnor,yes
WOR007800,Reg003132,work,Suppe paa en Pølsepind,yes
WOR007850,Reg003139,work,Svanereden,yes
WOR007900,Reg003144,work,Svinedrengen,yes
WOR007950,Reg003145,work,Svinene (»I Sverrig«),yes
WOR008000,Reg003167,work,Sølvskillingen,yes
WOR008050,Reg003179,work,Taarnvægteren Ole,yes
WOR008100,Reg003186,work,Tante Tandpine,yes
WOR008150,Reg003231,work,Theepotten,yes
WOR008200,Reg003277,work,To Brødre,yes
WOR008250,Reg003282,work,To Jomfruer,yes
WOR008300,Reg003289,work,Tolv med Posten,yes
WOR008350,Reg003291,work,Tommelise,yes
WOR008400,Reg000764,work,Den uartige Dreng,yes
WOR008450,Reg003366,work,Ugedagene,yes
WOR008500,Reg003377,work,Under Piletræet,yes
WOR008550,Reg000842,work,Det Utroligste,yes
WOR008600,Reg003404,work,Vanddraaben,yes
WOR008650,Reg003417,work,Ved det yderste Hav,yes
WOR008700,Reg003418,work,Veirmøllen,yes
WOR008750,Reg003423,work,Venskabspagten,yes
WOR008800,Reg003424,work,"Venskabspagten
(lndledningsdigtet)",yes
WOR008850,Reg003442,work,Verdens deiligste Rose,yes
WOR008900,Reg000663,work,De vilde Svaner,yes
WOR008950,Reg003458,work,Vinden fortæller om Valdemar Daae og hans Døttre,yes
WOR009000,Reg000629,work,De Vises Steen,yes
WOR009050,Reg003476,work,Vænø og Glænø,yes
WOR009100,Reg000268,work,Asenet i Trædemøllen,yes
WOR009150,Reg000423,work,Bøgernes Bog. Et Eventyr om en Mand som gik ud at søge Gud og fandt ham i sin Bibel,yes
WOR009200,Reg001204,work,Et Eventyr mod Weilbach,yes
WOR009250,Reg003545,work,[Eventyr om Hohenschwangau lovet Dronning Maria af Bayern 20.6.1854],yes
WOR009300,Reg001350,work,Fra en Pebersvends Stue,yes
WOR009350,Reg001345,work,Fra Europa til Africa,yes
WOR009400,Reg001389,work,Frihed og Constitution i en Hønsegaard,yes
WOR009450,Reg001492,work,"Grundlag i Livet: Stamtræ, Penge og Geni (Idé til Eventyr)",yes
WOR009500,Reg001601,work,Historien om en Humlestang,yes
WOR009550,Reg001657,work,Hvad Havet fortæller (jf. Den store Søslange),yes
WOR009600,Reg001793,work,Jernbane Puk,yes
WOR009650,Reg001092,work,En Kaalorm,yes
WOR009700,Reg002290,work,Man siger -,yes
WOR009750,Reg000742,work,"Den nye Samson (Vor gamle Skolemester. HCA.s Eventyr. Ved Erik Dal, V, 1967, 245-46)",yes
WOR009800,Reg002649,work,Parabel (Napoli 1846),yes
WOR009850,Reg003090,work,St. Nicolas Aften i Amsterdam,yes
WOR009900,Reg003109,work,Storke-Brev fra Suez,yes
WOR009950,Reg003110,work,Storken reiser med Familie til Ægypten (jf. Dynd-Kongens Datter),yes
WOR010000,Reg003115,work,Stort skal det være (maaske = Den lykkelige Familie),yes
WOR010050,Reg003163,work,Sæbeboblerne (jf. Kometen),yes
WOR010100,Reg003392,work,Vaaren reiser giennem Landet (jf. Aarets Historie),yes
WOR010150,Reg001145,work,En vandrende Veiviser,yes
WOR010200,Reg003685,work,Æblet (jf. Pebersvendens Nathue),yes
WOR010250,Reg003359,work,Udgave ikke nærmere angivet,yes
WOR010300,Reg002712,work,"Polyglot Udgave 
- Historien om en Moder i femten Sprog udgiven af Jean Pio og Vilh. Thomsen (1875)",yes
WOR010350,Reg003141,work,"Svensk
 - Sagor och berättelser. Öfversättning från danskan af Karl Bäckman. 1.-2. delen med träsnitt af Karl Larsson och Isidor Törnblom (1877)",yes
WOR010400,Reg003340,work,"Tyske
 - Märchen für Kinder. Vignetten von G. Osterwald (Braunschweig 1839)",yes
WOR010450,Reg003351,work,Tyske - Neue Märchen. Aus dem Dänischen von H. Zeise. II. [Ill. af Otto Speckter]. (Hamburg 1846),yes
WOR010500,Reg003348,work,Tyske - Gesammelte Märchen mit 112 Ill. nach Originalzeichnungen von V. Pedersen (1849),yes
WOR010550,Reg003349,work,Tyske - Gesammelte Märchen und Historien nebst Bilderbuch ohne Bilder (= Sämmtliche Werke I) (1853),yes
WOR010600,Reg003350,work,Tyske - Historien (= Gesammelte Werke XXXVIII) (1853),yes
WOR010650,Reg003347,work,Tyske - Gesammelte Historien. Mit 75 Ill. nach Originalzeichnungen von V. Pedersen (1857),yes
WOR010700,Reg003352,work,Tyske - Sämmtliche Märchen. Einzige vollst. vom Verf. besorgte Ausgabe. 8. Aufl. (1861),yes
WOR010750,Reg003345,work,"Tyske - 
Die Dryade. (Leipzig 1868)",yes
WOR010800,Reg003344,work,"Tyske 
- Von der Weltausstellung 1867. Die Dryade. Ein Märchen. Deutsch von August W. Peters. (Bremen 1869).",yes
WOR010850,Reg003343,work,"Tyske 
- Sämtliche Märchen. Einzige vollst. vom Verf. besorgte Ausgabe. Mit 67 in den Text gedr. Holzschnitten u. 12 grossen Ill. nach Originalzeichnungen von L. Hutschenreuter u. V. Pedersen. 13. verm. u. verb. Aufl. (1870)",yes
WOR010900,Reg003342,work,"Tyske 
- Drei neue Märchen und Geschichten. Hühnergrethens Familie. Was die Distel erlebte. Worauf Einer verfallen kann. Deutsch von August W. Peters (1870)",yes
WOR010950,Reg003346,work,Tyske - Ausgewählte Märchen. Deutsch von Julius Reuscher. (Lpz. 1871),yes
WOR011000,Reg003342,work,"Tyske 
- Neue Märchen und Geschichten. Deutsch von Wilhelm Reinhardt. (Bremen 1873)",yes
WOR011050,Reg001150,work,"Engelske 
- A Poet's Day Dreams (1853)",yes
WOR011100,Reg001157,work,"Engelske 
- The Sand-hills of Jutland (1860)",yes
WOR011150,Reg001155,work,"Engelske 
- The Ice-Maiden. Tr. from the Danish by Mrs. Bushby. With drawings by Zwecker, engraved by Pearson (1863)",yes
WOR011200,Reg001156,work,"Engelske 
- The Ice-Maiden. Tr. from the Danish by Mrs. Bushby. With drawings by Zwecker, engraved by Pearson (1863) - Ny Udgave 1875 (Ͻ: 1874)",yes
WOR011250,Reg001152,work,"Engelske 
- Hans Christian Andersen's Stories for the Household. Tr. by H.W. Dulcken. With 220 illustrations by A. W. Bayes (1866)",yes
WOR011300,Reg001153,work,"Engelske 
- Later Tales, published during 1867 and 1868. Tr. by Caroline Peachey, Augusta Plesner and Henry Ward. With ill.s by Otto Speckter (1869)",yes
WOR011350,Reg001151,work,"Engelske 
- Andersen's Tales for Children. Tr. by A. Wehnert. With ill.s by E. H. Wehnert, W. Thomas, and others (1869)",yes
WOR011400,Reg001154,work,"Engelske 
- The Dryad. [Tr. by A.M. and Augusta Plesner]. (Aunt Judy's Magazine 1869)",yes
WOR011450,Reg001158,work,"Engelske 
- The Wood Nymph. Tr. from the Danish by A.M. and Augusta Plesner (1870)",yes
WOR011500,Reg001163,work,Engelske - Wonder Stories. Told for Children. (New York 1870),yes
WOR011550,Reg001159,work,"Engelske - Fairy Tales and Sketches. Tr. by Caroline Peachey, Augusta Plesner, H. Ward, and others. With 81 vignettes by O. Speckter, and other illustrations by A.W. Cooper, A.W. Bayes, etc., etc. (London 1870).",yes
WOR011600,Reg001162,work,Engelske - Stories and Tales (New York 1871).,yes
WOR011650,Reg001160,work,Engelske - Fairy Tales. Illustrated by twelve large designs in colour by E. V. B. [Ͻ: the Hon. Mrs. Boyle]. Newly tr. by H. L. D. Ward and Augusta Plesner (1872 Ͻ: 1871),yes
WOR011700,Reg001161,work,"Engelske - Hans Andersen's Good Wishes for Children, interpreted by A. A. B. and S. G. P. [Ͻ: Alice A. Bigelow og Sally G. Putnam]. (New York 1873)",yes
WOR011750,Reg001360,work,"Franske - Contes d' Andersen, traduits du danois par D. Soldi, avec une notice biographique par X. Marmier et 40 vignettes par Bertall (1856)",yes
WOR011800,Reg001362,work,Franske - Deux contes [Le scarabée. Le papilIon]. (Tiré de la Bibliothèque Universelle . . . Imité du danois [par] Jules F.-U. Jurgensenl [1861].,yes
WOR011850,Reg001363,work,Franske - Fantaisies danoises (Tr. par Jules F.-U. Jurgensen). (Genève 1861),yes
WOR011900,Reg001366,work,Franske - Nouveaux contes. Traduits par Soldi. (1862),yes
WOR011950,Reg001361,work,Franske - Contes danois. Traduits pour la première fois par Ernest Grégoire et Louis Moland. III. d'après les dessins de Yan' Dargent. (1873),yes
WOR012000,Reg001365,work,Franske - Nouveaux contes. Traduits par Louis Demouceaux. (1874),yes
WOR012050,Reg001364,work,Franske - Nouveaux contes. La vierge des glaciers. Ib et la petite Christine [etc. etc]. . . . Traduction de Grégoire et L. Moland. Illustrations de Yan' Dargent (1874),yes
WOR012100,Reg001623,work,Hollandske - Nieuwe vertellingen. Uit het Deensch vertaald door J. L. D. Nepveu (1847),yes
WOR012150,Reg001625,work,"Hollandske - Verzamelte vertellingen en sproken. Volledige uitgave, door den schrijver zelven bezorgd. Naar de zesde Hoogduitsche uitgave door C. de Jong. Tweede druk. (Utrecht 1859)",yes
WOR012200,Reg001624,work,Hollandske - Sprookjes en verhalen. In dichtmaat naverteld door J. J. L. ten Kate (1868),yes
WOR012250,Reg001622,work,Hollandske - De Dryade. Naar het Deensch door C. J. N. Nieuwenhuis (Utrecht 1869),yes
WOR012300,Reg003385,work,Ungarsk - Meséi. Fordította Szendrey Júlia. [Eventyr. Oversat af Julia Szendrey] (1858),yes
WOR012350,Reg002861,work,"Russisk - Polnoe sobranie skazok Andersena, s 117-ju gravirovannymi politipažami. Izdanie vtoroe Trubnikovoj i Stasovoj. (Petersburg 1867)",yes
WOR012400,Reg002566,work,Nygræsk - Paramythia Danika [Oversat af D. Bikélas],yes
WOR012450,Reg000331,work,"Bengali. - Maaske: Bengali Family Library [Lille Claus og Store Claus, Paradisets Have, Historien om en Moder, De vilde Svaner] (Calcutta 1857-58)",yes
WOR012500,Reg000338,work,"Bernstorff, Grevinde",yes
WOR012550,Reg000353,work,"Bigelow, Alice A.",yes
WOR012600,Reg000354,work,"Bikélas, Demitrios",yes
WOR012650,Reg000418,work,"Bushby, Anne",yes
WOR012700,Reg000556,work,"Cronholm, Bernhard",yes
WOR012750,Reg000668,work,"Demouceaux, Louis",yes
WOR012800,Reg001494,work,"Grégoire, Ernest",yes
WOR012850,Reg001546,work,"Heinke, Clara",yes
WOR012900,Reg001880,work,"Kate, J. J. L. ten",yes
WOR012950,Reg002501,work,"Nepveu, J. L. D.",yes
WOR013000,Reg002510,work,"Nieuwenhuis, C. J. N.",yes
WOR013050,Reg002691,work,"Pio, Jean",yes
WOR013100,Reg002696,work,"Plesner, Augusta",yes
WOR013150,Reg002762,work,"Raasløff, Anna",yes
WOR013200,Reg002969,work,"Schröder, Wilhelm",yes
WOR013250,Reg003058,work,"Soldi, David",yes
WOR013300,Reg003160,work,"Szendrey, Julia",yes
WOR013350,Reg003521,work,"Zeise, Heinrich",yes
WOR013400,Reg000339,work,Bertall (Pseud. f. Charles-Albert d'Arnoux),yes
WOR013450,Reg000477,work,"Christensen, Lauritz Daniel",yes
WOR013500,Reg001400,work,"Frølich, Lorenz",yes
WOR013550,Reg001496,work,"Gubitz, F. W.",yes
WOR013600,Reg001792,work,"Jerichau-Baumann, Elisabeth. (Lampeskærm med Eventyrfigurer)",yes
WOR013650,Reg001884,work,"Kaulbach, Wilhelm von (Engelen)",yes
WOR013700,Reg001947,work,"Krohn, Pietro (Omslag til: »Dryaden«)",yes
WOR013750,Reg002288,work,"Malmström, J. A.",yes
WOR013800,Reg002385,work,"Meyer, Friederich Rudolph",yes
WOR013850,Reg002426,work,"Mollerup, Marie",yes
WOR013900,Reg002666,work,"Pedersen, Vilh.",yes
WOR013950,Reg002731,work,"Price, Albert",yes
WOR014000,Reg003078,work,"Speckter, Otto",yes
WOR014050,Reg000939,work,Digte (i Almindelighed),yes
WOR014100,Reg002444,work,Musik til Digte af HCA,yes
WOR014150,Reg002682,work,Phantasier og Skizzer (1831),yes
WOR014200,Reg003453,work,Vignetter til danske Digtere (1832),yes
WOR014250,Reg000132,work,Aarets tolv Maaneder (1833),yes
WOR014300,Reg002924,work,Samlede Digte (1833),yes
WOR014350,Reg001433,work,Gedichte. Deutsch von H. Zeise (1846),yes
WOR014400,Reg001406,work,Fædrelandske Vers og Sange under Krigen (1851),yes
WOR014450,Reg001896,work,Kjendte og glemte Digte (1867),yes
WOR014500,Reg000126,work,A. Henselt (»Fra Strengene flyver en Fuglehær -«),yes
WOR014550,Reg000020,work,*»Aabne Strand ved Corselitze -«,yes
WOR014600,Reg000164,work,Aftendæmring,yes
WOR014650,Reg000168,work,Agnes Dunlop og Michael Rosing (Dedikation i et Eksemplar af Eventyr og Historier 1862),yes
WOR014700,Reg000673,work,Den 2den Februar 1864. Ved Emma Hartmanns og F. Wedels Bryllup,yes
WOR014750,Reg000021,work,"*»Bag Rendsborgs gamle Volde -« (I Fru Lønborgs Album, Rendsborg 1860)",yes
WOR014800,Reg000022,work,*»Bag Stjernen paa dit Bryst et Hjerte slaaer -« (l Grev E. F. von Saltzas Stambog 1849),yes
WOR014850,Reg003597,work,»Barn Jesus i en Krybbe laae -« (Aarets tolv Maaneder),yes
WOR014900,Reg001193,work,Et Barns Skriftemaal,yes
WOR014950,Reg003598,work,"»Bibelens Job, ham kjender Du vel -« (I Spanien)",yes
WOR015000,Reg000361,work,Billedstormerne,yes
WOR015050,Reg001065,work,En Bouquet (den 23. August 1842) (Til Ingeborg Drewsen),yes
WOR015100,Reg000387,work,Brev til Christian Winther,yes
WOR015150,Reg000023,work,*»Bring Hilsen fra den danske Strand -« (Ven med en Buket til Johanne Melchior 11.7.1868),yes
WOR015200,Reg003600,work,"»Brødre, meget langt herfra -« (Festen paa Kenilworth)",yes
WOR015250,Reg000424,work,"Bøn (»Han, som i Stormen er vor faste Borg -«)",yes
WOR015300,Reg000430,work,Børnenes Skaal. Ved Moritz og Dorothea Melchiors Sølvbryllup den 17. Juni 1871,yes
WOR015350,Reg000442,work,Cantate til Fru Dorothea Melchior den 16. Februar 1871. Musik af J. Ad. Hägg,yes
WOR015400,Reg003537,work,[Cotillon-Vers til et Bal hos Fru Elisabeth Zahrtmann],yes
WOR015450,Reg003535,work,[Cotillon-Vers til Grevinde Mimi Holsteins Bal 19.3.1871],yes
WOR015500,Reg003536,work,[Cotillon-Vers til Rigmor og Astrid Stampes Bal 2.3.1872],yes
WOR015550,Reg000017,work,*[Cotillon-Vers til Ballet paa Bregentved 23.7.1874],yes
WOR015600,Reg000024,work,*»Da Skotlands Skjalde deres Sange skrev -« (Til Miss Ross 18.8.1847),yes
WOR015650,Reg003600,work,"»Dandse, dandse Dukke min!«",yes
WOR015700,Reg000571,work,Danmark. (»Endnu er ei Danmark en Kæmpegrav -«),yes
WOR015750,Reg000025,work,*»Danmark kommer Bouketten fra -« (I Spanien). (Til Louise og Alice Hay 5.11.1862),yes
WOR015800,Reg003603,work,"»Danmark, mit Fædreland!« (»I Danmark er jeg født -«)",yes
WOR015850,Reg000584,work,Danske Poeter i Bouquet,yes
WOR015900,Reg003605,work,»De dandse med Castagnetter -« (I Spanien),yes
WOR015950,Reg003606,work,»De fattige Blomster drømte i Nat -« (Med en Bouquet Violer til en Veninde),yes
WOR016000,Reg000026,work,*»De gav mig et Hjem med Solskin rigt -« (Paa et Portrætkort. 11.12.1867 til Bispinde Engelstoft),yes
WOR016050,Reg000027,work,*»De vær saa god og sid op i min Vogn-« (Til Landshøvding R. F. von Kræmer 1.7.1849),yes
WOR016100,Reg003611,work,»Den danske Bonde bad -« (af: Sørge-Cantate over Høisalig Kong Frederik den Sjette),yes
WOR016150,Reg000028,work,*»Den første Bouquet Fritze-Vanda modtog -« (Til Fritze Wanda Holstein 29.5. 1874),yes
WOR016200,Reg000029,work,"*»Den kjære lille Prinds Valdemar -« (Dedikation i Nye Eventyr og Historier, 2. Række)",yes
WOR016250,Reg000030,work,*»Der er en sød Musik i Hjemmets Sprog -« (I en norsk Boghandler i Basels Stambog 21.9.1860),yes
WOR016300,Reg003616,work,"»Der var en Fyrste i Grækenland -« (Digtet om Hesten: Mulatten, 5. Akt, 7. Scene)",yes
WOR016350,Reg000837,work,Deres Kongelige Høiheder Kronprinds Frederik og Prindsesse Lovisa. Formælingsdagen den 28de Juli 1869.,yes
WOR016400,Reg000032,work,*»Det første er Klangen af et Smiil -« (Charade),yes
WOR016450,Reg000031,work,*»Det Første har paa Tydsk lidt af Mimosa-« (Charade),yes
WOR016500,Reg003618,work,»Det har Zombien gjort«,yes
WOR016550,Reg003619,work,»Det nye Aar kommer susende -«,yes
WOR016600,Reg003538,work,[Deviser til Julegaver],yes
WOR016650,Reg003539,work,[Dialog mellem det gamle og det nye Aar. Basnæs 31.12.1865],yes
WOR016700,Reg003540,work,[Digt fremsagt 12.3.1865 af Anna Henriques til hendes Bedstemoder Fru Rose Eibeschütz],yes
WOR016750,Reg003541,work,[Digt i Fru Sofie Groves Stambog 17.7.1871],yes
WOR016800,Reg003542,work,[Digt oplæst ved Michael Rosings Bryllup 1.8.1863],yes
WOR016850,Reg003543,work,[Digt til Fru Dorothea Melchior 16.2.1872 om Cantaten til hende forrige Aar],yes
WOR016900,Reg000941,work,Digte fra Spanien (Ill. Tidende 5.4.1863),yes
WOR016950,Reg000033,work,*»Din Vilje skee Alfader -«.,yes
WOR017000,Reg000034,work,*»Dit Fødeland og din Kongebo -« (Til Kong Georg af Grækenland 28.4.1867),yes
WOR017050,Reg000990,work,Drengen og Hundehvalpen. Til en Tegning af Lorenz Frølich,yes
WOR017100,Reg000035,work,*»Du Heros Smerte aandet har i Stenen -« (Stambogsblad til Billedhuggeren William Wetmore Story 23.5.1861),yes
WOR017150,Reg000036,work,*»Du Norges Træ med Frugt og Blomst og Knop -« (Dedikation til Bj. Bjørnson 16.5.1861),yes
WOR017200,Reg000846,work,Det døende Barn,yes
WOR017250,Reg000037,work,*»Elisabeth paa Holsteinborg -« (Dedikation til Elisabeth Holstein 30.12.1866),yes
WOR017300,Reg003704,work,"†Emma Hartmann, født Zinn, den 13. Marts 1851",yes
WOR017350,Reg001168,work,"Epilog, fremsagt af jomfru Amalie Price 19. Februar 1861",yes
WOR017400,Reg000038,work,"*»Et Hjerte kjærligt, tro og rigt -« (Til Fru Friederike Serre 6.8.1857)",yes
WOR017450,Reg000039,work,*»Et Huuslivs Kjærlighed og Tro -« (Glorup 5.8.1867),yes
WOR017500,Reg003625,work,»Et Sørgebudskab gjennem Landet lød: /»Kong Frederik den Syvende er død!««.,yes
WOR017550,Reg001245,work,"Faderen, Vennen, Geheimeraad Jonas Collin, den 18. Februar 1851",yes
WOR017600,Reg003626,work,"»Farvel, Prindsesse Dagmar! Du gaaer til Storhed og Glands -« (21.9.1866)",yes
WOR017650,Reg003705,work,†Farvel til Kong Frederik den Syvende,yes
WOR017700,Reg000003,work,*Felix Mendelssohn-Bartholdy (Leipzig 5.7.1841),yes
WOR017750,Reg000671,work,Den 25. November 1840 (Sang til Louise Collins og W. Linds Bryllup),yes
WOR017800,Reg000040,work,*»Flyv ud! kom hjem! vær karsk og glad -« (Paaskrift paa Andersens Portræt til Anna Melchior 27.8.1869),yes
WOR017850,Reg000041,work,"*»For Digteraanden her jeg knæler ned -« (San Onofrio, Rom, 23.11.1833)",yes
WOR017900,Reg000042,work,*»For Skjønhed og Snille -«. (Improviseret Skaal for Carl Bloch og Alma Trepka 2.1.1868),yes
WOR017950,Reg000004,work,*Foraarssang,yes
WOR018000,Reg001333,work,Fortrøstning,yes
WOR018050,Reg001341,work,Fotograferede Børnegrupper af Harald Paetz med tildigtede Rim af Prof. H. C. Andersen,yes
WOR018100,Reg000045,work,"*»Fra det blaa, det lysende Vand -«",yes
WOR018150,Reg000043,work,*»Fra Havet vi een Perle hjemad bringe -« (Impromptu til Kongeparret 31.8.1844),yes
WOR018200,Reg000044,work,*»Fra Jurabjergene det stormer -«,yes
WOR018250,Reg000676,work,Den Frivillige,yes
WOR018300,Reg000046,work,*»Fru Jerichau drager i Verden om -« (Improvisation paa Petershøi 14.7.1872),yes
WOR018350,Reg000005,work,*Frøken Frederikke Castenschiold (med en stor Skovbunds Bouquet) (Basnæs 20.5.1871),yes
WOR018400,Reg001403,work,Fyen II (» Ved Tanken om min Fødeø-«),yes
WOR018450,Reg001404,work,Fyen og Schweitz. Rolighed den 5te Juli 1875. Aften Kl. 11,yes
WOR018500,Reg000047,work,"*»Først fik vi en Suppe, saa faur og saa fiin -«",yes
WOR018550,Reg000048,work,"*»Gaaer Du paa Glatiis og falder, min Ven -« (Tekst til et Billede af Vilh. Pacht i » Billedbog for Store og Smaae« ved Christian Winther)",yes
WOR018600,Reg003630,work,»Giv af dit Hjerte til Folk og til Slægt -« (l Spanien),yes
WOR018650,Reg001465,work,God Nat,yes
WOR018700,Reg000049,work,"*»Gud, Du Stormagt, den eneste nu -«",yes
WOR018750,Reg001500,work,"Guldbryllupssang den 10. December 1862. Til C. W. Wiehe og Antoinette Louise Wiehe, f. Rosing",yes
WOR018800,Reg001506,work,Gurre,yes
WOR018850,Reg000050,work,*»Halv Engel og halv Nisse -« (Til José O'Neill 6.8.1866),yes
WOR018900,Reg000051,work,*»Han fløi engang til Hindostan -« (Improviseret Skaal for J. S. F. Stephens 26.12.1871),yes
WOR018950,Reg000052,work,*»Han skatter det Skjønne -« (Impromptu 26.12.1873),yes
WOR019000,Reg000120,work,*†Henrik Hertz (»I Kunstens Hal nu vaier Sorgens Fane -«),yes
WOR019050,Reg003706,work,†Henriette Wulff,yes
WOR019100,Reg000053,work,*»Her Grækenlands Vaaben og Danmarks Flag -« (Verdensudstillingen i Paris Maj 1867),yes
WOR019150,Reg000054,work,*»Her hvor ikke Hjorden græsser -« (Corselitze 13.8.1850),yes
WOR019200,Reg000055,work,"*»Her staaer jeg, som en stolt Baron -« (Devise til et Bal hos Fru Zahrtmann)",yes
WOR019250,Reg000056,work,*»Her under det blomstrende Hyldetræ -« (Nørre Vosborg 10.7.1859),yes
WOR019300,Reg001592,work,Hilsen af svenske og norske Frivillige,yes
WOR019350,Reg001612,work,Hjertets Melodier,yes
WOR019400,Reg003684,work,»»Hr Peder kasted Runer over Spange!« / I denne Verden er der Runer mange -« (Improvisation 3.9.1844),yes
WOR019450,Reg000057,work,*»Hun er saa foraarsfrisk at see - « (Alma Trepka),yes
WOR019500,Reg000058,work,*»Hvad ruller op?«,yes
WOR019550,Reg000059,work,"*»Hver Blomst er en Hilsen, et lille Digt -« (Med en Buket til Fru Engel Camilla Bramsen 7.10.1871)",yes
WOR019600,Reg000018,work,*» Hver elsker sin Farve paa Sted og Tid -« (Augustenborg 24.9.1844),yes
WOR019650,Reg000060,work,*»Hvert Efteraar siger Løvet der faldt -«,yes
WOR019700,Reg003638,work,»Hvil sødt -«,yes
WOR019750,Reg000061,work,*»Hvis Billeder og Lamper kunde tale -« (Baden-Baden 24.9.1867),yes
WOR019800,Reg000062,work,*»Hvor Alt i dette Land er skjønt!« (Albumvers i Lissabon 13.5.1866),yes
WOR019850,Reg000066,work,*»Hvor er dit Hjem dog hyggeligt og godt -« (I C. V. Böttigers Album 1.7.1849),yes
WOR019900,Reg000063,work,*»Hvor Harpen er op til Thronen lagt-« (Dedikation til Kong Karl XV 4.10.1865),yes
WOR019950,Reg003639,work,»Hvor Himlen har Stjerner! jeg kjender jo hver -« (l Spanien),yes
WOR020000,Reg000067,work,*»Hvor kunde vel Hjertet banke -« (Augustenborg 24.9.1844),yes
WOR020050,Reg000064,work,*»Hvor Luther talte og hvor Göthe sang -« (l Fru Mary Tesdorpfs Album 14.8.1850),yes
WOR020100,Reg000065,work,*»Hvor Stormen løfter høit sin stærke Stemme -« (Vandrerens Sang),yes
WOR020150,Reg000068,work,"*»Hvorfor, o Herre, forundte Du mig - «",yes
WOR020200,Reg003642,work,»Hyrden græsser sine Faar -« (Festen paa Kenilworth),yes
WOR020250,Reg000006,work,*Høit over Skyen staaer jeg her -« (Brocken 26.5.1831),yes
WOR020300,Reg001680,work,I Afrika (I Spanien),yes
WOR020350,Reg003642,work,"»I Afrikaner-Byen, i Cartagena jeg boer -« (I Spanien)",yes
WOR020400,Reg000069,work,"*»I Amsterdam, i »Herregaden« -« (Stambogsvers 5.5.1868 til Vilh. Boye)",yes
WOR020450,Reg001684,work,I Christianis Stambog (3.9.1844),yes
WOR020500,Reg000073,work,*»I fremmed Sprog gaaer Sangen dig forbi -« (30.8.1847),yes
WOR020550,Reg001689,work,I Neuchâtel (»Der var paa Himlen ikke en eneste Sky -«),yes
WOR020600,Reg000070,work,*»I Oldtiden var det den smukke Skik -« (Augustenborg 24.9.1844),yes
WOR020650,Reg001697,work,"I Setubal (»Hvor Aftenen er deilig, forfriskende mild -«)",yes
WOR020700,Reg000071,work,*»I Stjernerne Tycho skrev hvad han hed -« (I Fru Ida Marie Billes Stambog Hamburg 27.11.1845),yes
WOR020750,Reg000072,work,"*»I Weimar, den tydske Digterstad -« (l Grev Ferd. von Harrachs Album 27.7.1860)",yes
WOR020800,Reg000074,work,*»Ich lege als Blume mein Kuss im Wein -« (Impromptu til Ægteparret Rubinstein 5.4.1869),yes
WOR020850,Reg003683,work,»lgjen et Aar udfolder sine Vinger -«.,yes
WOR020900,Reg000002,work,* »Imellem Elbens grønne Øer -« (Harburg 27.4.1833),yes
WOR020950,Reg000007,work,*Improviseret Sang ved Vesterhavet (»Hør Vesterhavets Orgelklang -«) (8.7.1859),yes
WOR021000,Reg000119,work,"*»lnddrik nu denne Luft, saa let og pur -« (Firenze 13.12.1840)",yes
WOR021050,Reg001742,work,Indskrift i Kronborg Slotskirke efter Restaureringen 1843 (»Det ødelagde Guds Huus reistes paa Kongens Bud -«).,yes
WOR021100,Reg000008,work,*Indvielse 1867 (»I denne Bog vil blive lagt -«) (l Bodild Holsteins Album),yes
WOR021150,Reg003707,work,†Ingeborg Mimi Collin,yes
WOR021200,Reg000075,work,*»Ingen veed hvad imorgen skeer -« (I Emil Melchiors Album 17.9.1874),yes
WOR021250,Reg000076,work,"*»Ja, Digterdrøm og Elskovs Lykke -« (Ved Tassos Eg, San Onofrio 23.11.1833)",yes
WOR021300,Reg000077,work,"*»Ja, her er saa smukt som Hjertet vil -« (16.8.1833) (Lykkens Kalosker)",yes
WOR021350,Reg000078,work,*»Jeg bringer intet Digt og ingen Sange -« (Med en Ugle med Penne i til Ingemann 28.5.1860),yes
WOR021400,Reg003648,work,»Jeg er en Skandinav«,yes
WOR021450,Reg000079,work,"*»Jeg er Husets Nisse, een af de Smaa -« (Digt, fremsagt 12.8.1874 af Poul Melchior paa Søsteren Augustas Fødselsdag)",yes
WOR021500,Reg000080,work,*»Jeg lægger Bogen paa Deres Bord -« (Dedikation til Fru Dorothea Melchior i et Eksemplar af Souvenir 1869),yes
WOR021550,Reg000001,work,*»Jeg saae det gamle Frijsenborg -« (I Komtesse Agnes Krag-Juel-Vind-Frijs' Album 28.8.1868),yes
WOR021600,Reg000081,work,*»Jeg sidder i et Vertshuus i fremmed Land -«,yes
WOR021650,Reg000082,work,*»Jeg vil udbringe en Skaal kan De gjæt' den -« (Improviseret Skaal for Valdemar Price 3.1.1869),yes
WOR021700,Reg001841,work,Julevise i Rom 1833 (»Sødt dufter Juletræets Blad -«),yes
WOR021750,Reg001856,work,Jylland (»Jylland mellem tvende Have -«),yes
WOR021800,Reg001874,work,Kantate ved Hr. Moritz Melchiors og Fru Dorothea Melchiors Sølvbryllup den 17de Juni 1871. Musik af J. A. Hägg,yes
WOR021850,Reg000009,work,*Kjærlighed (»Den er lidt meer end et Stjerneskud -«),yes
WOR021900,Reg001903,work,Kjøbenhavn,yes
WOR021950,Reg000083,work,*»Kommer aldrig igjen!« (Lykke-Peer),yes
WOR022000,Reg001943,work,Korsør,yes
WOR022050,Reg000730,work,Den korteste Nat,yes
WOR022100,Reg000084,work,*»Kunde De høre mit Hjertes Slag -« (Til J. J. L. ten Kate 18.2.1866),yes
WOR022150,Reg002038,work,Landsoldatens Hjemkomst,yes
WOR022200,Reg003549,work,[Langelandsk Folkemelodi],yes
WOR022250,Reg002146,work,Liden Kirsten og Prinds Buris,yes
WOR022300,Reg002156,work,Lille Pouls Tale ved Moritz og Dorothea Melchiors Sølvbryllup 17. Juni 1871,yes
WOR022350,Reg000085,work,"*»Lille Sally, gamle Ven -« (Til den lille Sally Melchior 17.9.1868)",yes
WOR022400,Reg003654,work,"»Lille Sally, her er Brev -« (Rimbrev til Sally Melchior 26.11.1871)",yes
WOR022450,Reg002157,work,Lille Svends Udtalelse om Vejrliget i Vinter,yes
WOR022500,Reg002159,work,Lille Viggo,yes
WOR022550,Reg002184,work,Lucie og Edgard,yes
WOR022600,Reg000086,work,*»Maanen skinner det gamle Skind -« (Pardobitz 15.10.1869),yes
WOR022650,Reg003656,work,»Man siger Poesien er et Frimureri -« (Stambogsblad til S. J. van den Bergh),yes
WOR022700,Reg002341,work,Martsviolerne,yes
WOR022750,Reg002343,work,"Maskerade-Vers, uddeelte af en Spaaqvinde (Karneval hos M. G. Melchiors 16.2.1874)",yes
WOR022800,Reg000090,work,*»Med doppelt Kridt paa Hjertets Regnebret -« (l Wilhelmine Sonnleithners Stambog 11.6.1834),yes
WOR022850,Reg002357,work,Med en Buket Violer til en ung Dame (»De fattige Blomster drømte i Nat -«),yes
WOR022900,Reg002358,work,"Med en Deel Sparebøsser, solgte paa en Bazar under Krigen 1864 til daglig Indsamling for de Udcommanderedes Koner og Børn",yes
WOR022950,Reg000088,work,*»Med Snillets Blik Du Orienten saae -« (Dedikation 9.7.1857 i Miss Julia Pardoe's Eksemplar af »To be or not to bee«),yes
WOR023000,Reg002356,work,Med Prindsesse Dagmars Portrait,yes
WOR023050,Reg000087,work,*»Med Skaaler er Bordet dænget -« (Rosenvænget 25.6.1867),yes
WOR023100,Reg000089,work,"*»Med Weyse, Kuhlau, Hartmann og med Gade -« (Dedikation til Asger Hammerich i et Eksemplar af Nye Eventyr og Historier 2. Række 3. Bind 1865)",yes
WOR023150,Reg003659,work,»Min søde lille Marie paa Petershøi« (Brev 26.6.1869 til lille Marie Henriques),yes
WOR023200,Reg002410,work,Miraklet,yes
WOR023250,Reg002414,work,Mit Barndoms Hjem,yes
WOR023300,Reg000091,work,*»Mosrosen er nok værd at see -« (Cette 3.9.1862),yes
WOR023350,Reg000010,work,*Musikdirecteur W. Rübner (»Din Vugge-Gjænge blev sat i Gang -«) (Holsteinborg 15.8.1867),yes
WOR023400,Reg000093,work,*»Naar jeg ta'er Ordet atter -« (lmprovisation til Frk. Charlotte Phister 22.4.1869),yes
WOR023450,Reg000094,work,"*»Naar, om Gud vil, snart jeg vandrer -« (I Fru O'Neills Album 9.8.1866)",yes
WOR023500,Reg000092,work,*»Naar Sprogets Dør imellem sagde: »Stop!« -« (30.8.1847),yes
WOR023550,Reg002495,work,Negerkongens Datter (Mulatten),yes
WOR023600,Reg000123,work,9de Mai 1861. Sang sunget ved en Foraarsfest [for Johan Bravo] i Rom,yes
WOR023650,Reg002568,work,Nytaarsmorgen,yes
WOR023700,Reg000095,work,*»O Als er ret en Perle fiin -« (Augustenborg 24.9.1844),yes
WOR023750,Reg003589,work,tOberst Læssøe,yes
WOR023800,Reg002588,work,Odense,yes
WOR023850,Reg002601,work,Oldingen,yes
WOR023900,Reg000097,work,*»Over det luftblaa lysende Vand -«,yes
WOR023950,Reg000096,work,*»Over Emilie-Kilde to Roser groe -« (Indskrift 1.5.1869 paa Vifte til Frk. Suhr),yes
WOR024000,Reg002639,work,"Paa Andreas Ludvigs Brandt's og Debora Petronella Brandt's Sølvbryllup. Amsterdam, den 9. Mai 1869",yes
WOR024050,Reg002640,work,Paa Balletskolen den 18de Februar 1862 (Vise til et Teaterbal),yes
WOR024100,Reg003662,work,"»Paa Eventyrtræet groe Blomst og Frugt -« (Verslinier, dateret 5. Februar 1872, paa Grevinde Wanda Danneskiold-Samsøes Skærmbræt paa Holsteinborg)",yes
WOR024150,Reg000098,work,*»Paa Holsteinborg Juletræet staaer -« (26.12.1865),yes
WOR024200,Reg000099,work,*»Paa Jernbane Flugt -« (22.7.1851),yes
WOR024250,Reg000011,work,"*Paa Jurabjergene (»Hen ad Bjerge, gjennem Bjerge -«)",yes
WOR024300,Reg002643,work,Paa Nytaarsmorgen (»Du Evighedens Gaade -«),yes
WOR024350,Reg003663,work,»Paa Ungdommens friske Rosenblad -« (Vers-Vignet som Indledning til Robert Watt: »lgjennem Europa«),yes
WOR024400,Reg003664,work,"»Pandebeen, Øiesteen« o.s.v., en Sang for de Smaa",yes
WOR024450,Reg002701,work,Poesien,yes
WOR024500,Reg000012,work,"*Preussen (»Ja, Preussen var et deiligt Land -«) (Skyggebilleder)",yes
WOR024550,Reg003666,work,"»Program« (»Det er et Carnevale!«) [Prolog til Fastelavnsfesten hos Grosserer Melchior 16.2.1874, Fru Melchiors Fødsebdag]",yes
WOR024600,Reg003553,work,[Prolog til en Dilettantforestilling paa Basnæs 5.1.1865],yes
WOR024650,Reg003552,work,[Prolog til en Dilettantforestilling 14.3.1872 hos Godsejer Jacob Scavenius],yes
WOR024700,Reg003554,work,[Prolog til en Forestilling paa Hofteatret i det velgørende Selskab Fylla 9.3.1851],yes
WOR024750,Reg003555,work,[Prolog til første Concert i »Euterpe« 18.3.1865],yes
WOR024800,Reg003551,work,[Prolog til Tableauer over Ordet Farvel hos Melchiors 16.2.1865),yes
WOR024850,Reg003556,work,[Prolog ved Madam Rosa Prices Forestilling paa Hofteatret 4.6.1851],yes
WOR024900,Reg002746,work,Psalme (»Jeg har en Angst som aldrig før -«).,yes
WOR024950,Reg002764,work,Rabbi Meyer,yes
WOR025000,Reg000100,work,"*»Regnen rusker, Himlen er graae -« (Skyggebilleder)",yes
WOR025050,Reg002807,work,Riimbrev til den lille Thea Melchior (18.10.1866),yes
WOR025100,Reg003557,work,[Rimbrev til J. L. Heiberg 16.2.1841],yes
WOR025150,Reg002811,work,Risens Datter,yes
WOR025200,Reg002823,work,Rolighed,yes
WOR025250,Reg000101,work,*»Saa snart Du lukker Bogen op -« (Dedikation til Elisabeth Holstein 10.12.1865),yes
WOR025300,Reg000102,work,*»Saa søndagsfestlig hele Landet staaer -« (I Fru Cornelia Schlegels Stambog 16.6.1847),yes
WOR025350,Reg002937,work,Sang for de danske Kunstnere. [Sunget ved Festen paa Kunstakademiet 31.3.1860]. (Ogsaa med Titel: Det Skjønne. Sang for de unge Kunstnere),yes
WOR025400,Reg002938,work,Sang i Kirken ved Herr Emil Hartmanns og Frøken Bolette Puggaards Bryllup 4.11.1864,yes
WOR025450,Reg002939,work,Sang i Rom til Kongens Skaal 28. Januar 1833,yes
WOR025500,Reg002940,work,Sang paa Sølvbryllupsfesten den 24. October 1858. [Augusta Petzholdt og Gottlieb Collin],yes
WOR025550,Reg002944,work,Sang til de Danskes Fest i London i Anledning af Prinsesse Alexandras Formæling 1863,yes
WOR025600,Reg003558,work,[Sang til Edvard og Henriette Collins Sølvbryllup 10.8.1861,yes
WOR025650,Reg003559,work,[Sang til F. Meldahls Bryllup 9.6.1860),yes
WOR025700,Reg002941,work,Sang til Frøken Pauline Brøndums og Hr. Nicolai Ørsteds Bryllup den 2den September 1863,yes
WOR025750,Reg002942,work,Sang til Grevinde Marie Elisabeth Moltkes Fødselsdag 1. August 1842,yes
WOR025800,Reg003560,work,[Sang til Grevinde Marie Elisabeth Moltkes Fødselsdag 1. August 1850],yes
WOR025850,Reg003561,work,[Sang til Jonas Collins Fødselsdag 6.1.1861],yes
WOR025900,Reg002943,work,Sang til Landsoldaten ved Festen paa Glorup den 7de Juli 1851,yes
WOR025950,Reg003562,work,[Sang til Maleren A. Dauzatz' Fødselsdag 15.7.1846],yes
WOR026000,Reg003563,work,[Sang til Stella Boyes og Lars Sembs Bryllup 22.7.1851],yes
WOR026050,Reg002945,work,"Sang ved Afsløringen af Mindestøtten paa Holsteinborg, den 18de October 1870",yes
WOR026100,Reg002946,work,"Sang ved Conferentsraad, Politichef Bræstrups Halvhundredaarige Jubilæum den 17. December 1860",yes
WOR026150,Reg002947,work,"Sang ved Femogtyveaars-Festen for Borgerrepræsentant N. F. Bonnesen og Raadmand B. Petersen, den 24de Februar 1867",yes
WOR026200,Reg002948,work,Sang ved Frøken Lucia Scavenius's og Hr. Carl Castenschiolds Bryllup paa Basnæs den 26de October 1867,yes
WOR026250,Reg002949,work,Sang ved Herr Grosserer I. B. Melchiors Og Frøken Johanne Melchiors Bryllup den 3die Marts 1867,yes
WOR026300,Reg002950,work,Sang ved Herr Lauritz Eckardt's og Frøken Josephine Thorherg's Bryllup den 17de Juni 1863,yes
WOR026350,Reg002951,work,Sang ved Hr. Pastor O. C. Kahrs's og Frøken A. de Neergaards Bryllup den 11. Juli 1862,yes
WOR026400,Reg002952,work,"Sang ved Sølvbryllupsfesten den 10. Februar 1872 (Hofjuvelerer Anton Michelsen og Ida, f. Hansen]",yes
WOR026450,Reg000103,work,*»See de andre unge Ørne flyve -«,yes
WOR026500,Reg000104,work,*»See der et glødende Hjerte staae -« (31.8.1844),yes
WOR026550,Reg003668,work,»See Myrten bliver Sølv saa underfuld -« (Augustenborg 18.9.1844),yes
WOR026600,Reg000672,work,Den 26de Mai 1867 [Kong Christian IX.s og Dronning Louises Sølvbryllup),yes
WOR026650,Reg003009,work,Siælen,yes
WOR026700,Reg003017,work,"Skandinavisk Sang, Paris 3.4.1843",yes
WOR026750,Reg000105,work,"*»Slaae ei i Vrag, / Men tag til Takke -« (l Fritze-Wanda Holsteins Navn med en Bakke til Marie Steenbuchs Fødselsdag 16.6.1874)",yes
WOR026800,Reg003041,work,Slutnings-Sang. Den 16. Februar 1865 (Fru Dorothea Melchiors Fødselsdag) (»»Farvel!« i Billedrække -«),yes
WOR026850,Reg003045,work,"Smaavers (I. Paa Livs-Sejladsen er Gud det Fyr. - II. Til den, det rammer. - III. Norge)",yes
WOR026900,Reg003672,work,»Sneestormen generer -« (Til Adolph Drewsens Fødselsdag 19.2.1867),yes
WOR026950,Reg003049,work,"Snegle-Spyt (»Den vaade, sorte Snegl ved Rosen sad-«)",yes
WOR027000,Reg000106,work,"*»Snorlige Gader, Palai ved Palai -« (Skyggebilleder)",yes
WOR027050,Reg003055,work,Soldaten,yes
WOR027100,Reg000107,work,*»Som naar en Stjerne opgaaer i vor Nat -« (I Gustave Cazalis' Stambog 11.7.1846),yes
WOR027150,Reg000013,work,"*Sonnet ved Fyrstinde Borgheses og hendes tre Børns Død. (Efter Fiorentini). Rom, den 1ste Januar 1841. (Oversættelse)",yes
WOR027200,Reg003080,work,Spillemanden,yes
WOR027250,Reg003675,work,»Spørg Amagermo'er«,yes
WOR027300,Reg000108,work,"*»Staar jeg kun skreven i dit Bryst, Veninde -« (I Stine Pedersens Stambog 11.4.1826)",yes
WOR027350,Reg001121,work,En Stemning (»Jeg Guds Verden har seet -«),yes
WOR027400,Reg001120,work,En Stemning (Symphoni uden Ord),yes
WOR027450,Reg001122,work,En Stemning (»Tanker flyve fra Sjælen -«),yes
WOR027500,Reg000109,work,*»Storke Steie høit i Reden -« (Sang til Maria Moltkes Fødselsdag 23.7.1842),yes
WOR027550,Reg003114,work,Stormfloden (Den 13de November 1872),yes
WOR027600,Reg003121,work,Studenten fra Lund,yes
WOR027650,Reg000670,work,Den 17de October 1849 (Sang til Josepha og Ferdinand Tuteins Sølvbryllup),yes
WOR027700,Reg000110,work,*»Sæt Krandsen paa og vai Du danske Flag -« (22.10.1861),yes
WOR027750,Reg003564,work,"[Sølvbryllupsvers ved Peter og Antoinette Wullfs Sølvbryllup 28. December 1868, fremsagt af den lille Jørgen Koch]",yes
WOR027800,Reg003264,work,Til den lille Prinds Carl August (18.1.1846),yes
WOR027850,Reg003251,work,Til Dronningen (Med Dronning Louises Portræt),yes
WOR027900,Reg003253,work,Til J. P. E. Hartmann. 22. Mai 1874,yes
WOR027950,Reg003256,work,Til Kongen (Med Christian IX.s Portræt),yes
WOR028000,Reg003257,work,"Til Kronprinds Frederik og Kronprindsesse Lovisa. (Med et Teppe, unge Damer havde broderet til dem som Gave ved deres Formæling)",yes
WOR028050,Reg003258,work,Til Landsoldaten,yes
WOR028100,Reg003260,work,Til Maleren Carl Bloch (»Det var Udstillingstiden paa Charlottenborg -«),yes
WOR028150,Reg003266,work,Til min Moder,yes
WOR028200,Reg000661,work,De tre nordiske Rigers Skaal for Adam Oehlenschläger,yes
WOR028250,Reg003314,work,"Tredie Gang i Italien. (»Jeg seer igjen, Vesuv, dit Kjæmpe-Fyr -«)",yes
WOR028300,Reg000669,work,Den 13. Marts 1868 (Sang ved Ferdinand Tuteins 80-Aars Dag),yes
WOR028350,Reg000014,work,*Trollhättan til Vandringsmanden (I Trollhätta-Bogen),yes
WOR028400,Reg003332,work,Trøst i Tro,yes
WOR028450,Reg003333,work,Tunge Timer,yes
WOR028500,Reg000111,work,*»Ude groe Smiil og Taare frem -«,yes
WOR028550,Reg000015,work,"*Ung Anna. »Rolighed«, den 25. August 1873 (»En lille Fugl, den fløi saa fro -«)",yes
WOR028600,Reg003384,work,Ung Elskov (Liden Kirsten og Prinds Buris),yes
WOR028650,Reg000016,work,*Vandrerens Sang,yes
WOR028700,Reg003406,work,Vandring i Skoven,yes
WOR028750,Reg000112,work,*»Ved Comersøen hvor Platanen groer -« (Dedikation til Fru Henriette Koefoed i et Eksemplar af »Hyldemoer« 2.7.1852),yes
WOR028800,Reg003708,work,†Ved Efterretningen om Michael Wiehes Død.,yes
WOR028850,Reg003411,work,"Ved Hds. Kongelige Høiheds Høisalig Landgrevinde Louise Charlottes Bisættelse i Roeskilde Domkirke, den 7. April 1864",yes
WOR028900,Reg000113,work,*»Ved Natten var Stjernerne min Behag --« (Improvisation 19.5.1866),yes
WOR028950,Reg000019,work,*» Ved Sestuspyramiden Hedninggraven -« (10.1.1841),yes
WOR029000,Reg003415,work,Ved Soldatens Hjemkomst i 1864,yes
WOR029050,Reg003416,work,Ved Thorvaldsens Kiste (»Træd hen til Kisten her!«),yes
WOR029100,Reg000114,work,*»Ved Vintertid vi gik i Havens Gange -« (Dedikation 13.12.1845 i et Eksemplar af Eventyrene til Julius Mosen),yes
WOR029150,Reg000115,work,*»Velkommen du lille Rosenknop -« (Ved Poul Melchiors Fødsel),yes
WOR029200,Reg000116,work,"*»Velkommen, velmeent sagt maa Hjertet naae -« (I Grevinde Eva Hamiltons Stambog, Hönsäter 5.8.1849)",yes
WOR029250,Reg003420,work,Venedig.,yes
WOR029300,Reg003567,work,[Vers i Mile Blanvaleu Album 4.9.1860],yes
WOR029350,Reg003566,work,[Vers i Mathilde Ørsteds Billedbog til hendes Brodersøn Hans Christian],yes
WOR029400,Reg003570,work,[Vers med en Ole Lukøie i Terracotta til H. Scharff 20.2.1871],yes
WOR029450,Reg003571,work,[Vers med et Porcelænsstel til E. A. og Karen Scharlings Sølvbryllup 23.11.1864],yes
WOR029500,Reg003533,work,[*Vers med Fru Henriette Scavenius' Fødselsdagsgave til Otto Scavenius' Fødselsdag 19.5.1871],yes
WOR029550,Reg003568,work,[Vers med Kobberskillinger til Aron Henriques' Kobberbryllup 1867],yes
WOR029600,Reg003569,work,[Vers med Skamlerne paa Bregentved 1. August 1842 (Grevindens Fødselsdag)],yes
WOR029650,Reg003572,work,[Vers til Alfred Crowquill 5.8.1847],yes
WOR029700,Reg003573,work,[Vers til Caroline von der Maases Stambog Juni 1851],yes
WOR029750,Reg003579,work,"[Vers til et Rosentræ, foræret August Winding 24.3.1864 af Fru Thora Hartmann]",yes
WOR029800,Reg003574,work,[Vers til Grev E. F. von Saltza 18.7.1849],yes
WOR029850,Reg003575,work,[Vers til J. A. Hägg 27.9.1871],yes
WOR029900,Reg003576,work,[Vers til Madam Lucia Abelone Dalls Geburtsdag 1825],yes
WOR029950,Reg003577,work,[Vers til Otto Scavenius' Jule-Present fra Lucie 24.12.1865],yes
WOR030000,Reg003578,work,[Vers til Sara Lennep 14.6.1847],yes
WOR030050,Reg003448,work,Versificeret Telegram 22.6.1871 »som fra Melchior at læse i Dag efter at hans Skaal var drukket«,yes
WOR030100,Reg003580,work,[Verslinier til Skoleholder Staahl i Roskilde 7.8.1863],yes
WOR030150,Reg003447,work,Vers-Vignet (»Paa Ungdommens friske Rosenblad -«),yes
WOR030200,Reg000117,work,*»Vor Jord du Støvgran i Klodernes Vrimmel!«,yes
WOR030250,Reg000118,work,*»Vort Hjerte i Glæde banker -« (Glion 18.5.1873),yes
WOR030300,Reg003527,work,Zigeunersang af Goethes »Götz von Berlichingen«. (Oversættelse),yes
WOR030350,Reg003699,work,Ørkenens Søn,yes
WOR030400,Reg000169,work,Agnete og Havmanden (1834),yes
WOR030450,Reg000171,work,Agnete og Havmanden (Scene-Udgave 1843),yes
WOR030500,Reg000174,work,Ahasverus,yes
WOR030550,Reg000401,work,Bruden fra Lammermoor,yes
WOR030600,Reg000410,work,Bryllupet ved Como-Søen,yes
WOR030650,Reg001070,work,En Comedie i det Grønne,yes
WOR030700,Reg000563,work,Da Spanierne var her,yes
WOR030750,Reg000947,work,Dinorah (Le Pardon de Plöermel) (Michel Carré og J. Barbier) (Oversættelse),yes
WOR030800,Reg001002,work,Dronningen paa 16 Aar (J. F. A. Bayard) (Oversættelse)- Se ogsaa: Die Königin von 16 Jahre (J.F.A. Bayard),yes
WOR030850,Reg001285,work,Festen paa Kenilworth,yes
WOR030900,Reg001285,work,"Festen paa Kenilworth,Omarbejdelsen 1875",yes
WOR030950,Reg001402,work,Fuglen i Pæretræet,yes
WOR031000,Reg003634,work,»Han er ikke født«,yes
WOR031050,Reg001637,work,Hr. Rasmussen,yes
WOR031100,Reg001668,work,Hyldemoer (Eventyrkomedie),yes
WOR031150,Reg001701,work,I Vetturinens Vogn,yes
WOR031200,Reg001749,work,Intermedium af Holbergs »Kildereisen«,yes
WOR031250,Reg001901,work,Kjærlighed paa Nicolai Taarn,yes
WOR031300,Reg001929,work,Kong Saul,yes
WOR031350,Reg001933,work,Kongen drømmer,yes
WOR031400,Reg001955,work,Kunstens Dannevirke,yes
WOR031450,Reg001097,work,En Landsbyhistorie (S. H. Mosenthal) (Oversættelse)- Se ogsaa: Der Sonnenwendhof (S. H. Mosenthal),yes
WOR031500,Reg002039,work,Langebro,yes
WOR031550,Reg002144,work,Liden Kirsten,yes
WOR031600,Reg002206,work,Lykkens Blomst,yes
WOR031650,Reg002349,work,Maurerpigen,yes
WOR031700,Reg002363,work,Meer end Perler og Guld (Efter F. Raimund og »Tusind og een Nat«),yes
WOR031750,Reg002391,work,Mikkels Kjærligheds Historier i Paris,yes
WOR031800,Reg002439,work,Mulatten,yes
WOR031850,Reg001103,work,En Nat i Roeskilde,yes
WOR031900,Reg000740,work,Den nye Barselstue,yes
WOR031950,Reg002576,work,Nøkken,yes
WOR032000,Reg002603,work,Ole Lukøie (Eventyrkomedie),yes
WOR032050,Reg002642,work,Paa Langebro,yes
WOR032100,Reg002770,work,Ravnen (1832),yes
WOR032150,Reg002771,work,Ravnen (1832) - Teksten omarbejdes 1846,yes
WOR032200,Reg002772,work,Ravnen (1865),yes
WOR032250,Reg001140,work,En rigtig Soldat,yes
WOR032300,Reg002867,work,Røverne i Vissenberg i Fyen,yes
WOR032350,Reg003019,work,Skibet (E. Scribe og E. J. E. Mazères) (Oversættelse),yes
WOR032400,Reg003022,work,Skilles og mødes (Spanierne i Odense - Fem og tyve Aar derefter),yes
WOR032450,Reg003074,work,Spanierne i Odense,yes
WOR032500,Reg000683,work,Den Usynlige paa Sprogø,yes
WOR032550,Reg000319,work,Beatrice Cenci (Tragedieplan),yes
WOR032600,Reg000945,work,Dina (Tragedieplan),yes
WOR032650,Reg002105,work,Leonardo da Vinci (Tragedieplan),yes
WOR032700,Reg002107,work,Leonora Christine i Fængslet (Plan til Digtning),yes
WOR032750,Reg002961,work,Scandinaverne (Vaudeville-Plan),yes
WOR032800,Reg003401,work,"Valkyrien, Ballet-Opera i to Acter",yes
WOR032850,Reg002838,work,Romaneme (i Almindelighed),yes
WOR032900,Reg000142,work,Abentheuer und Märchen einer Neujahrsnacht,yes
WOR032950,Reg000270,work,At være eller ikke være,yes
WOR033000,Reg000357,work,Billedbog uden Billeder,yes
WOR033050,Reg000358,work,Billedbog uden Billeder- 5. Udgave (1866),yes
WOR033100,Reg000495,work,Christian den Andens Dverg,yes
WOR033150,Reg000580,work,Danske Folkesagn,yes
WOR033200,Reg001312,work,Fodreise fra Holmens Kanal til Østpynten af Amager,yes
WOR033250,Reg001600,work,"Historien om Konen som ikke kunde døe. Et Folkesagn i Danmark. Historien om Fruen der vilde leve saa længe hendes Kirke stod, fortalt af HCA. (Sml. Danish Popular Legends 1870, HCA.s Eventyr. Ved Erik Dal, V 1967, S. 257-58)",yes
WOR033300,Reg001737,work,Improvisatoren,yes
WOR033350,Reg001738,work,Improvisatoren - 3. Opl. (1866),yes
WOR033400,Reg001953,work,Kun en Spillemand,yes
WOR033450,Reg002203,work,Lykke-Peer,yes
WOR033500,Reg002581,work,O.T.,yes
WOR033550,Reg000654,work,De to Baronesser,yes
WOR033600,Reg000655,work,De to Baronesser - 2. Opl. (1866),yes
WOR033650,Reg000988,work,Drengen fra Oberammergau (Novelleplan),yes
WOR033700,Reg001332,work,"Fortrolige Breve. Første Gang i Sporvogn, Brev fra en ung Landsbypige til hendes Veninde",yes
WOR033750,Reg001088,work,"En Hundehvalp (Novelleplan 1861, benyttet i Iisjomfruen)",yes
WOR033800,Reg001760,work,Italien (Idé til komisk Roman),yes
WOR033850,Reg001141,work,En romersk Slave og hans Elskede (Novelleplan),yes
WOR033900,Reg001111,work,"En Rotte, der kritiserer Menneskene (1861) (Idé til Historie, benyttet i Dryaden)",yes
WOR033950,Reg002964,work,Scene fra Reformationstiden (Plan),yes
WOR034000,Reg003136,work,Svalerne (Novelleplan),yes
WOR034050,Reg003285,work,To Studenter i Coimbra (Idé til en Roman),yes
WOR034100,Reg003358,work,Uden Kjærlighed (Novelleplan),yes
WOR034150,Reg003388,work,Upsala hvide Møtzer (Novelleplan),yes
WOR034200,Reg000160,work,Af et Brev fra H.C. Andersen (Dagbladet 22.6.1866),yes
WOR034250,Reg000282,work,Aveiro og Coimbra,yes
WOR034300,Reg001194,work,Et Besøg hos Charles Dickens i Sommeren 1857,yes
WOR034350,Reg001196,work,Et Besøg i Portugal 1866,yes
WOR034400,Reg001198,work,Et Blad fra et Besøg i Portugal 1866 (Figaro 25.11.1866),yes
WOR034450,Reg000405,work,"Brudstykke af et Brev, dat. Valencia, den 18de September (Berlingske Tidende 26.9.1862)",yes
WOR034500,Reg001072,work,En Digters Bazar,yes
WOR034550,Reg001346,work,Fra H. C. Andersens Reise (Setubal 19de Juni 1866) (Figaro 1.7.1866),yes
WOR034600,Reg001686,work,I Jurabjergene,yes
WOR034650,Reg001696,work,I Schweiz (Reiseskizzer og Pennetegninger),yes
WOR034700,Reg001699,work,I Spanien,yes
WOR034750,Reg001700,work,I Sverrig,yes
WOR034800,Reg002219,work,Løven ved Luzern,yes
WOR034850,Reg002578,work,Nürnberg. En Reise-Erindring fra Foraaret 1872,yes
WOR034900,Reg002661,work,Passions-Skuespillet i Oberammergau i 1860,yes
WOR034950,Reg002686,work,"Pictures of Travel. In Sweden, among the Hartz Mountains, and in Switzerland, with at Visit at Charles Dickens's House. New York (1871)",yes
WOR035000,Reg002785,work,Reise fra Kjøbenhavn til Rhinen,yes
WOR035050,Reg002997,work,Silkeborg,yes
WOR035100,Reg003014,work,Skagen,yes
WOR035150,Reg003031,work,"Skyggebilleder af en Reise til Harzen, det sachsiske Schweiz etc. etc. i Sommeren 1831",yes
WOR035200,Reg003354,work,"Uddrag af et Brev, omhandlende Rejsen til Portugal (Dagbladet 22.6.1866).",yes
WOR035250,Reg001615,work,Hoe Hans Christiaan Andersen zijn leven vertelt,yes
WOR035300,Reg000602,work,Das Märchen meines Lebens ohne Dichtung (1847),yes
WOR035350,Reg000604,work,Das Märchen meines Lebens ohne Dichtung (1847) - Engelsk Oversættelse: The True Story of My Life,yes
WOR035400,Reg002415,work,Mit Livs Eventyr (1855),yes
WOR035450,Reg002416,work,"Mit Livs Eventyr, fortsat fra den anden April 1855 til den syttende December 1867",yes
WOR035500,Reg002417,work,Mit Livs Eventyr. Fortsættelse 1874-75,yes
WOR035550,Reg003228,work,The Story of My Life (New York 1871),yes
WOR035600,Reg000196,work,Almanakker,yes
WOR035650,Reg000564,work,Dagbogen,yes
WOR035700,Reg000565,work,Dagbogen - Dagbogen læses af andre?,yes
WOR035750,Reg000176,work,Akrostichon-Gaade. To danske Digteres Navne,yes
WOR035800,Reg000229,work,"Anmeldelse af H.C. Ørsteds Foredrag om Experimenterne med den electromagnetiske Telegraf, foranstaltet af »Selskabet for Naturlærens Udbredelse« (Kjøbenhavnsposten 20.4.1839 under Mærket a)",yes
WOR035850,Reg000340,work,Bertel Thorvaldsen,yes
WOR035900,Reg001199,work,Et Brev fra Etatsraad H.C. Andersen til Udgiveren (i J. M. Thiele: Erindringer fra Bakkehuset),yes
WOR035950,Reg000388,work,Brev til Redacteuren af »The Literary Gazette« (1846),yes
WOR036000,Reg000389,work,Brev til Redaktøren af »New-York Tribune« 17.4.1875,yes
WOR036050,Reg000390,work,"Brev, dateret Kjøbenhavn, den 5te April 1875, til Redaktøren af »Søndags-Posten«",yes
WOR036100,Reg000942,work,Digteren Bernhard Severin Ingemann,yes
WOR036150,Reg001516,work,"H.C. Andersen og de amerikanske Børn. Brev 30.6.1874 til Gibson Peacock, Udgiver af »The Evening Bulletin« i Philadelphia",yes
WOR036200,Reg001517,work,H.C. Andersens Barndomshjem (Illustreret Tidende 5.1.1668),yes
WOR036250,Reg001740,work,"Indbydelse til Indsamling til H.C. Ørsteds Monument 1861, 1870 og 1873",yes
WOR036300,Reg001743,work,Indskrift paa Mindesten paa Basnæs for Godsejer Jacob Brønnum Scavenius (Tekst),yes
WOR036350,Reg001806,work,Johan Peter Emilius Hartmann,yes
WOR036400,Reg002164,work,Livingstones Datter og H. C. Andersen. (Berlingske Tidende 15.12.1872),yes
WOR036450,Reg002745,work,Protest til Redacteur Ploug mod Clemens Petersens Anmeldelse i »Fædrelandet« af Carit Etlars Folkekomedie »Hr. Lauge med den tunge Haand«. (Fædrelandet 30.1.1661),yes
WOR036500,Reg000626,work,De Svenske i Fyen 1848,yes
WOR036550,Reg003267,work,Til mine Landsmænd (Berlingske Tidende 6.4.1875),yes
WOR036600,Reg003269,work,Tilfældets Poesi,yes
WOR036650,Reg002636,work,Oversættelse af Andersens Skrifter (undtagen Eventyrene),yes
WOR036700,Reg003199,work,The Academy.,yes
WOR036750,Reg000165,work,Aftenlæsning,yes
WOR036800,Reg000205,work,Altonaer Wochenblatt,yes
WOR036850,Reg000254,work,Appleton's Journal,yes
WOR036900,Reg003201,work,The Athenæeum,yes
WOR036950,Reg003202,work,The Atlantic,yes
WOR037000,Reg000279,work,Aunt Judy' s Magazine (Red.: Margaret Gatty),yes
WOR037050,Reg000772,work,Der Bazar,yes
WOR037100,Reg000873,work,Die Biene,yes
WOR037150,Reg000371,work,Blätter für literarische Unterhaltung,yes
WOR037200,Reg000426,work,Børne-Tidende (Udg.: W. H. Herdahl),yes
WOR037250,Reg000465,work,Ceres (Red.: L. Flamand),yes
WOR037300,Reg000547,work,Corsaren,yes
WOR037350,Reg000577,work,Dansk Kirketidende (Udg. og Red.: Niels Lindberg),yes
WOR037400,Reg000578,work,Dansk Maanedsskrift,yes
WOR037450,Reg000923,work,Die deutsche Jugend,yes
WOR037500,Reg000865,work,"Didaskalia oder Blätter für Geist, Gemüth und Publizität",yes
WOR037550,Reg003207,work,The Examiner,yes
WOR037600,Reg001270,work,Feierstunden. Ein Unterhaltungsblatt für Gebildete aller Stände 1860,yes
WOR037650,Reg001287,work,Figaro (Red.: Robert Watt),yes
WOR037700,Reg001311,work,Flyvende Blade (Udg.: Vilhelm Møller),yes
WOR037750,Reg001314,work,Folkekalender for Danmark,yes
WOR037800,Reg001316,work,Folkets Nisse,yes
WOR037850,Reg001323,work,"For Idé og Virkelighed (Udg.: Bj. Bjørnsen, Rasmus Nielsen og Rudolph Schmidt)",yes
WOR037900,Reg001324,work,For Romantik og Historie (Udg.: H. P. Holst),yes
WOR037950,Reg003208,work,The Fortnightly Review,yes
WOR038000,Reg001360,work,"Frankfurter Didaskalien, se: Didaskalia",yes
WOR038050,Reg001381,work,Fremtidens Nytaarsgave,yes
WOR038100,Reg001435,work,"Gefion, Nytaarsgave for 1826 (Udg.: Johanne Eliza Beyer)",yes
WOR038150,Reg000879,work,"Die Gegenwart. Wochenschrift für Literatur, Kunst und öffentl. Leben (1875)",yes
WOR038200,Reg000880,work,Die Grenzboten,yes
WOR038250,Reg001537,work,Harper's Magazine,yes
WOR038300,Reg001631,work,Household Words (Udg.: Charles Dickens),yes
WOR038350,Reg001647,work,"Humoristische Blätter (Red.: Theodor Kobbe, Oldenburg)",yes
WOR038400,Reg003211,work,The Illustrated London News,yes
WOR038450,Reg001965,work,L'Illustration,yes
WOR038500,Reg001728,work,Illustrerad Tidning,yes
WOR038550,Reg001729,work,Illustreret Børneblad (Udg.: August Westrup),yes
WOR038600,Reg001730,work,Illustreret Nyhedsblad 11.9.1864,yes
WOR038650,Reg001731,work,Illustreret Tidende,yes
WOR038700,Reg001734,work,Illustrirte deutsche Monatshefte,yes
WOR038750,Reg001733,work,Illustrirte Zeitung.,yes
WOR038800,Reg001735,work,Illustrirter Kalender für die Schweiz (1852),yes
WOR038850,Reg001748,work,Intelligensblade (1842) (Udg.: J. L. Heiberg),yes
WOR038900,Reg000885,work,Die Jahreszeiten. Hamburger neue Mode-Zeitung (Red.: Ludwig Lenz),yes
WOR038950,Reg001838,work,Julebog 1874 (og 1875) (Red.: Karl Schmidt),yes
WOR039000,Reg000788,work,Der Kinderfreund (Udg.: C. F. Weisze),yes
WOR039050,Reg003216,work,The Leisure Hour,yes
WOR039100,Reg003217,work,The Literary Gazette (Udg.: William Jerdan),yes
WOR039150,Reg002174,work,Lommebog for Skuespilyndere 1805 (Udg.: Peter Foersom),yes
WOR039200,Reg002218,work,"Læsefrugter, samlede paa Litteraturens Mark (Udg.: A. F. Elmquist)",yes
WOR039250,Reg002224,work,Maanedsroser (Red.: Thomas Overskou),yes
WOR039300,Reg002283,work,Magazin for Ungdommen (Udg.: J. Chr. Riise),yes
WOR039350,Reg002284,work,Magazin für die Literatur des Auslandes,yes
WOR039400,Reg002384,work,Meyer's Universum (1833-56),yes
WOR039450,Reg002456,work,Münchener Theater-Journal (Udg.: Blume),yes
WOR039500,Reg003219,work,The National Quarterly Review,yes
WOR039550,Reg000840,work,Det 19. Aarhundrede (Red.: Georg og Edvard Brandes),yes
WOR039600,Reg002523,work,Nord og Syd 14.2.1851 (Udg.: M. Goldschmidt),yes
WOR039650,Reg002525,work,Nordischer Telegraph (Udg.: Carl B. Lorck),yes
WOR039700,Reg002538,work,Ny Portefeuille (Udg.: G. Carstensen),yes
WOR039750,Reg000739,work,Den nye Almanak for 1871. (Udg.: Mads Hansen og Anton Nielsen),yes
WOR039800,Reg002567,work,Nyt dansk Maanedsskrift (Udg.: Vilh. Møller),yes
WOR039850,Reg002574,work,Nær og Fjern (Red.: P. Hansen),yes
WOR039900,Reg002671,work,Penelope. Taschenbuch für das Jahr 1845 (Udg.: Theodor Hell),yes
WOR039950,Reg002694,work,Pjerrot,yes
WOR040000,Reg002715,work,Portefeuillen (Udg.: G. Carstensen),yes
WOR040050,Reg002754,work,"Punch, or the London Charivari (Udg.: Mark Lemon)",yes
WOR040100,Reg002753,work,Punch (dansk),yes
WOR040150,Reg003223,work,The Quarterly Review (Red.: J. G. Lockhart),yes
WOR040200,Reg002800,work,Revue britannique,yes
WOR040250,Reg002801,work,Revue des deux Mondes,yes
WOR040300,Reg002808,work,Riises Arkiv (Archiv for Historie og Geographie (1820-38) og Historisk-geographisk Archiv (1839-64),yes
WOR040350,Reg003224,work,The Riverside Magazine for Young People (Red.: Horace E. Scudder),yes
WOR040400,Reg003225,work,The Saturday Review,yes
WOR040450,Reg002975,work,Scribner’s Monthly Magazine,yes
WOR040500,Reg003070,work,Souvenir (Udg.: C. Thorkilsen),yes
WOR040550,Reg003168,work,Søndags-Posten (Red.: C. H. Sørensen),yes
WOR040600,Reg003246,work,Tiden (Red.: V. F. Palmblad),yes
WOR040650,Reg003581,work,de Tijd (Udg.: J. L. van der Vliet),yes
WOR040700,Reg003365,work,Ueber Land und Meer (1875),yes
WOR040750,Reg003468,work,Volkskalender 1846 (Udg.: F. W. Gubitz),yes
WOR040800,Reg003523,work,Zeitung für die elegante Welt,yes
WOR040850,Reg001197,work,Et Bidrag til Monumentet for H.C. Andersen. Fortællinger og Digte for Børn. (1875) (August Westrups Forlag),yes
WOR040900,Reg000356,work,Billedbog for Store og Smaa (Christian Winther),yes
WOR040950,Reg000589,work,Das Buch der Welt. Ein deutsches Familienbuch für alle Stände (1860),yes
WOR041000,Reg000557,work,Cuentos y fábulas (J.E. Hartzenbusch),yes
WOR041050,Reg000585,work,Danske Værker 11-12 (Prosaiske Skrifter 3-4. Dramaturgisk Kritik) (Jens Baggesen),yes
WOR041100,Reg001340,work,Fortællinger og Vers for Store og Smaa (1866) (Chr. Richardt og G. Rode),yes
WOR041150,Reg001355,work,Fra nordiske Digtere. Et Album,yes
WOR041200,Reg001444,work,Gesammelte Schriften (J. C. Biernatzski),yes
WOR041250,Reg002214,work,Läsning för barn (Zacharias Topelius),yes
WOR041300,Reg002587,work,"Obras completas IV (Ángel de Saavedra, Hertug af Rivas)",yes
WOR041350,Reg002923,work,Samlade dikter I-V (Karl August Nicander),yes
WOR041400,Reg002926,work,Samlede Skrifter (B. S. Ingemann),yes
WOR041450,Reg002929,work,"Samlede Værker (Carl Bagger, udg. af Vilh. Møller)",yes
WOR041500,Reg003162,work,Sämtliche Werke in Einem Bande (Silvio Pellico),yes
WOR041550,Reg003161,work,Sämtliche Werke (1-Binds Udg.) (Fr. von Schiller),yes
WOR041600,Reg003356,work,Ude og hjemme (H. P. Holst),yes
WOR041650,Reg003459,work,"Vintergrønt. Nye Fortællinger og Digte, danske, norske og svenske. Udg. af Christian Richardt",yes
WOR041700,Reg003470,work,Volksmärchen von Peter Leberecht II (L. Tieck).,yes
WOR041750,Reg003495,work,Werke (1861-63) (H. Heine),yes
WOR041800,Reg000125,work,A Trambiâch'l kaffa? (J.G. Seidl) (Tekst),yes
WOR041850,Reg000140,work,Abels Død (Fr. Paludan-Müller),yes
WOR041900,Reg003592,work,"»Ack, du min moder -« (Fredmans Epistel nr. 23) (C.M. Bellman)",yes
WOR041950,Reg000148,work,Adam Homo (Fr.Paludan-Müller)- Første Deel:,yes
WOR042000,Reg000154,work,Adonis (Fr. Paludan-Müller),yes
WOR042050,Reg000166,work,"Aftenridt (Anonymt Digt, For Romantik og Historie 1874)",yes
WOR042100,Reg000170,work,Agnete og Havmanden (Folkevise),yes
WOR042150,Reg000183,work,Album poétique (Henri Blanvalet),yes
WOR042200,Reg000194,work,Allemannische Gedichte (J. P. Hebel),yes
WOR042250,Reg000200,work,Als sie starb (I. F. Castelli),yes
WOR042300,Reg000206,work,Altschottische und altenglische Volksballaden (W. Von Dönniges),yes
WOR042350,Reg000228,work,Anm Schillertage (Emanuel Geibel),yes
WOR042400,Reg000208,work,Amaranth (Oscar von Redwitz),yes
WOR042450,Reg000212,work,Amor als Landschaftsmaler (J. W. von Goethe),yes
WOR042500,Reg000217,work,"Amor, der blinde Passagier (Heimkehr, LXVII) (H. Heine)",yes
WOR042550,Reg000220,work,Amors Vinger (F. L. Høedt),yes
WOR042600,Reg000224,work,An die Freude (Fr. von Schiller),yes
WOR042650,Reg000226,work,Andreas und Marfa (F. M. Bodenstedt),yes
WOR042700,Reg001706,work,I'Ange et l'enfant (Jean Reboul),yes
WOR042750,Reg000230,work,Ann' Marie (Michael Rosing),yes
WOR042800,Reg000265,work,Arnljot Gelline (Bj. Bjørnson),yes
WOR042850,Reg000275,work,Atta Troll (H. Heine),yes
WOR042900,Reg000277,work,"Auf den Tod eines reichen Biedermannes, meines unvergesslichen Freundes (I. F. Castelli)",yes
WOR042950,Reg000289,work,Bacchus (Bernhard Wolff),yes
WOR043000,Reg000314,work,"Barnligheten (»Lilla Clara, förebrå ej mig -«) (Michael Choræus)",yes
WOR043050,Reg000317,work,Beatrice (Fr. Paludan-Müller),yes
WOR043100,Reg000843,work,Det befriede Jerusalem (Torquato Tasso),yes
WOR043150,Reg000369,work,Bluettes et boutades (J. Petit-Senn),yes
WOR043200,Reg001587,work,Het Boek Job (J. J. L. ten Kate),yes
WOR043250,Reg003534,work,"[Bønskrift til Kejser Franz om at beholde Hatten paa, naar Folk hilser ham paa Gaden] (I. F. Castelli)",yes
WOR043300,Reg000443,work,"Cantate ved Christopher Sødring og Julie Sødring, f. Rosenkildes Sølvbryllupsfest (Nicolaj Bøgh)",yes
WOR043350,Reg000445,work,Cantate ved Indvielsen af Studenterforeningsbygningen (Chr. Richardt),yes
WOR043400,Reg000470,work,Chants populaires du Nord (Xavier Marmier),yes
WOR043450,Reg000475,work,"Childe Harold's Pilgrimage (Byron) [Ͻ: Ritter Harolds Pilgerfahrt, übers, v. Zedlitz]",yes
WOR043500,Reg000569,work,Dania. Eine Auswahl dänischer Gedichte im Versmasse der Originale übersetzt von Emanuel Bendix. Zweite Auflage. Berlin 1875.,yes
WOR043550,Reg003607,work,"»De oudheid verhaalt ons van menschen, wier zielen -« (af: Nieuwe Winde-Kelken) (J. P. Hasebroek)",yes
WOR043600,Reg003608,work,»Deilig er Jorden -« (B. S. Ingemann),yes
WOR043650,Reg003610,work,"»Den Wåg här rusar fram, till ärestod du får -« (B. Lidner) (Tekst)",yes
WOR043700,Reg003614,work,»Der er et yndigt Land -« (A. Oehlenschlæger),yes
WOR043750,Reg000838,work,Des Deutschen Vaterland (»Was ist dem Deutschen Vaterland?«) (Ernst Moritz Arndt),yes
WOR043800,Reg000864,work,"Dichtungen (Alex. Petöfi). Nach dem Ungarischen, in eigenen wie fremden Uebersetzungcn gesammelt von K. M. Kertbeny",yes
WOR043850,Reg000863,work,Dichtungen (1844) (J. G. Seidl),yes
WOR043900,Reg000940,work,Digte af Jens Baggesen. I et Udvalg samlede og udgivne af August Baggesen,yes
WOR043950,Reg003544,work,[Digte af Ernst von Beaulieu-Marconnay],yes
WOR044000,Reg000938,work,Digte (Chr. Ulrich Deichmann),yes
WOR044050,Reg000943,work,"Digteren Hr. Etatsraad H.C. Andersens eget Eventyr, ved Festen i Odense d. 6. December 1867 i 5 Sange af P. (Peter E. Petersen)",yes
WOR044100,Reg001979,work,La Divina Commedia (Dante),yes
WOR044150,Reg000987,work,Drei Tage und drei Farben (Karl Simrock),yes
WOR044200,Reg003621,work,»Ein Bächlein war es und wurde ein Strom -« (Benedikt Morel) (Tekst),yes
WOR044250,Reg001047,work,Eleonore. Ein Lebensbild (Eugène Peschier),yes
WOR044300,Reg001056,work,Elverkongen og Jomfruen (M. Rosing),yes
WOR044350,Reg003622,work,"»Enge wohnte man sonst, weit war es aber im Herzen -« (Schneer, Nürnberg) (Tekst)",yes
WOR044400,Reg001187,work,Erzählende Dichtungen (Alexander Petöfi),yes
WOR044450,Reg003624,work,»Es ist eine seltsame Sache -« (I. F. Castelli),yes
WOR044500,Reg001231,work,Eva Homo (Oluf Lundt Bang),yes
WOR044550,Reg001232,work,Eva Homo (Oluf Lundt Bang) - 2. forøgede Udg.,yes
WOR044600,Reg001243,work,Fabeln und Erzählungen (C. F. Gellert),yes
WOR044650,Reg001274,work,Fem Digte af Theokritos. Ill. af Lorenz Frølich. Oversatte af Sigurd Müller (1872),yes
WOR044700,Reg002120,work,Les Feuilles d'automne (V. Hugo),yes
WOR044750,Reg001290,work,Fire Thronarvinger (Nicolaj Bøgh),yes
WOR044800,Reg000780,work,Der Fischer (J. W. von Goethe),yes
WOR044850,Reg001326,work,Fordum og nu (Bj. Bjørnson),yes
WOR044900,Reg001327,work,Formælingen den 28de Juli 1869 (Henrik Hertz),yes
WOR044950,Reg001356,work,Fra »Bragi«. Digte af Svend Trøst [Ͻ: Alfred Ipsen] og Svend Vonved [Ͻ:: Johs. Levinsen]. Randers 1871.,yes
WOR045000,Reg001354,work,Fra min Ungdom (H.P. Holst),yes
WOR045050,Reg001370,work,Fred eller Krig? (C. Hostrup),yes
WOR045100,Reg001378,work,Frederiksborg (Chr. K. F. Molbech),yes
WOR045150,Reg001380,work,Frelst (M. Rosing),yes
WOR045200,Reg001391,work,Frithiofs Saga (E. Tegnér),yes
WOR045250,Reg001405,work,Fänrik Ståls sägner (J. L. Runeberg),yes
WOR045300,Reg001408,work,Gaadebrev (15.2.1863) - Svar paa Gaadebrev (22.2.1863) (Erik Bøgh),yes
WOR045350,Reg001431,work,"Gedichte, 2. Auflage 1834 (Adelbert von Chamisso)",yes
WOR045400,Reg001427,work,Gedichte (1844) (Annette von Droste-Hülshoff),yes
WOR045450,Reg001428,work,Gedichte (Ferd. Freiligrath),yes
WOR045500,Reg001426,work,Gedichte (1840) (Emanuel Geibel),yes
WOR045550,Reg001429,work,Gedichte in niederösterreichischer Mundart (I. F. Castelli),yes
WOR045600,Reg001430,work,Gedichte in pfälziseher Mundart. 3. Aufl. (Franz von Kobell),yes
WOR045650,Reg001432,work,"Gedichte, ältere und neuere (1842) (Fr. von Pechlin)",yes
WOR045700,Reg001449,work,"Giengangeren og han selv, eller Baggesen over Baggesen (J. Baggesen)",yes
WOR045750,Reg001457,work,Giv Tid! (B.S. Ingemann),yes
WOR045800,Reg001459,work,Gjenganger-Breve (Henrik Hertz),yes
WOR045850,Reg001473,work,Grabschrift auf meinen Hund (I. F. Castelli),yes
WOR045900,Reg000714,work,"Den grimme Ælling. Eventyr af H. C. Andersen. Fortalt paa Vers af den 14-aarige Peder Jacobsen i Flemløse (Assens Avis 1872 Nr. 85-88, 3.5., 5.5., 6.5. og 8.5.)",yes
WOR045950,Reg003632,work,»Guds Fred er meer end Engle-Vagt« (N. F. S. Grundtvig; sunget ved hans Bisættelse 11.9.1872),yes
WOR046000,Reg001505,work,Guldæblet (B.S. Ingemann),yes
WOR046050,Reg003633,work,»Göta kom i dans från Seves fjällar -« (Esaias Tegnér). (Tekst),yes
WOR046100,Reg001535,work,Hans og Trine (Af Scener i Rosenborg Slotshave) (Poul Møller),yes
WOR046150,Reg001538,work,Hausschatz der Volkspoesie (Bernhard Wolff),yes
WOR046200,Reg001674,work,Hávamál,yes
WOR046250,Reg001543,work,"Heide, Gylfes dotter (Karl XV)",yes
WOR046300,Reg001544,work,Heidenröslein (J. W. von Goethe),yes
WOR046350,Reg001554,work,Helge (A. Oehlenschlæger),yes
WOR046400,Reg000727,work,Den hemmelighedsfulde Port (B. S. Ingemann),yes
WOR046450,Reg001558,work,Henimod Aften ved Rom (Efter et Maleri af Küchler) (H. Hertz),yes
WOR046500,Reg003635,work,"»Herlige Hav -« (Havfruens første Sang af Fortællingen De Underjordiske, B. S. Ingemann)",yes
WOR046550,Reg001579,work,Herr Karl eller klosterrovet (Geijer og Afzelius: Svenska folkvisor Nr. 26),yes
WOR046600,Reg001626,work,Holmens faste Stok (Adolph Recke),yes
WOR046650,Reg001638,work,"Hr. Sverkel (Abrahamson, Nyerup og Rahbek: Udvalgte danske Viser fra Middelalderen Nr. CLV)",yes
WOR046700,Reg001675,work,Hälsning till Danmark (Carl Fredrik Ridderstad),yes
WOR046750,Reg001651,work,Hundrede Digte efter det Engelske (Caralis Ͻ: C. Preetzmann),yes
WOR046800,Reg001671,work,Hyrden og Slangen (Rudolph Schmidt),yes
WOR046850,Reg003682,work,"»l denne Bog, hvor alt et Hold -«: (I Wilhelmine Sonnleithners Stambog) (Henrik Hertz) (Tekst)",yes
WOR046900,Reg001691,work,I Ny og Næ (Vilhelm Bergsøe),yes
WOR046950,Reg001693,work,I Nød og Fare (Chr. Richardt),yes
WOR047000,Reg001698,work,I Sorg og i Glæde (Benedicte Arnesen Kall),yes
WOR047050,Reg001726,work,Iliaden (Homeros),yes
WOR047100,Reg001739,work,In der Fürstengruft zu Weimar am 29. Jan. 1846 (Hermann Rollett),yes
WOR047150,Reg001767,work,Ja og Nei eller Den hurtige Frier (J. Baggesen),yes
WOR047200,Reg001769,work,Jacob og Lone (Chr. Winther),yes
WOR047250,Reg000886,work,Die Jobsiade (Karl Arnold Kortum),yes
WOR047300,Reg001091,work,"En Julegave i Sang fra Gamle og Unge, samlet af Vilhelm Gregersen",yes
WOR047350,Reg001886,work,"Keed af Verden, og kier ad Himmelen (»Far, Verden, far vel -«) (Thomas Kingo)",yes
WOR047400,Reg001893,work,Kirkeklokken i Farum (C. J. Boye),yes
WOR047450,Reg001910,work,Klintekorset (O. C. Lund),yes
WOR047500,Reg001913,work,Klokken (Das Lied von der Glocke) (Fr. von Schiller),yes
WOR047550,Reg001916,work,Klänge und Bilder aus Ungarn (J. N. Vogl),yes
WOR047600,Reg003651,work,»Kong Christian stod ved høien Mast -« (Johs. Ewald),yes
WOR047650,Reg000889,work,Die Kraniche des Ibykus (Fr. Von Schiller),yes
WOR047700,Reg000790,work,Der Kreuzschnabel (Julius Mosen),yes
WOR047750,Reg001210,work,Et Kys (C. Ploug),yes
WOR047800,Reg003213,work,The Lady of the Lake (W. Scott),yes
WOR047850,Reg002030,work,Lalla Rookh (Thomas Moore). Übers. von Fr. von Pechlin,yes
WOR047900,Reg002045,work,Last Poems (Elisabeth Barrett Browning),yes
WOR047950,Reg002050,work,Lay of the Last Minstrel (W. Scott),yes
WOR048000,Reg002100,work,Lebensfahrt (»Ein Lachen und Singen -«) (H. Heine),yes
WOR048050,Reg000893,work,Die Legende von hl. Katharina (Luise von Bornstedt),yes
WOR048100,Reg001589,work,Het lelijke jonge eendtjen Andersen naverteld (J. J. L. ten Kate efter HCA),yes
WOR048150,Reg002102,work,Lenore (G. A. Bürger),yes
WOR048200,Reg000599,work,Das Lied von der Glocke (Fr. von Schiller),yes
WOR048250,Reg002147,work,Lieder eines Malers mit Randzeichnungen seiner Freunde (Robert Reinick),yes
WOR048300,Reg002149,work,"Lieder und Bilder. Deutsche Dichtungen mit Randzeichnungen deutscher Künstler (Düsseldorf, Buddeus' Forlag)",yes
WOR048350,Reg002185,work,Lucifers Fald (Fr. Paludan-Müller),yes
WOR048400,Reg002198,work,Lusiaderne (Luis de Camões),yes
WOR048450,Reg002210,work,Lyriske Digte og Romancer (C. Hauch),yes
WOR048500,Reg002220,work,Løveridderen (A. Oehlenschlæger),yes
WOR048550,Reg002221,work,Løvfrøen. - Græshopperne drage forbi (Af Vintergrønt) (Vilhelm Bergsøe),yes
WOR048600,Reg002353,work,Mazeppa (Byron),yes
WOR048650,Reg002371,work,Melusine (Theodor Apel),yes
WOR048700,Reg000795,work,Der Messias (F. G. Klopstock),yes
WOR048750,Reg002400,work,Mindesang over de Faldne (»Slumrer sødt i Slesvigs Jord -«). (H. P. Holst),yes
WOR048800,Reg002422,work,Modersmaalet (N. F. S. Grundtvig),yes
WOR048850,Reg001040,work,"El Moro exposito (Ángel de Saavedra, Hertug af Rivas)",yes
WOR048900,Reg002448,work,Mythologiske Digte (Fr. Paludan-Müller),yes
WOR048950,Reg002462,work,"Nachklänge der alten Geschichte, verhallend bis in die Neuzeit (Fr. von Pechlin)",yes
WOR049000,Reg002482,work,Naturen og Kunsten (H. Hertz),yes
WOR049050,Reg002509,work,Nieuwe Winde-Kelken (J. P. Hasebroek),yes
WOR049100,Reg002520,work,Nogle Digte (S. Schandorph),yes
WOR049150,Reg002524,work,Nordens Signaler (H. Ibsen),yes
WOR049200,Reg002527,work,Norgesreisen (A. Oehlenschlæger),yes
WOR049250,Reg003220,work,The North and the South (Elisabeth Barrett Browning),yes
WOR049300,Reg003661,work,»Nu rinder Solen op af Østerlide - « (Thomas Kingo),yes
WOR049350,Reg002539,work,Nya dikter (C. R. Nyblom),yes
WOR049400,Reg002541,work,Nye Digte (J. L. Heiberg),yes
WOR049450,Reg002540,work,Nye Digte (Fr. Paludan-Müller),yes
WOR049500,Reg002542,work,Nye Digte af danske Digtere (Chr. Winther),yes
WOR049550,Reg002565,work,Nye og gamle Viser af og for danske Folk (P. O. Boisen),yes
WOR049600,Reg002580,work,"O, vidste Du bare (Bj. Bjørnson)",yes
WOR049650,Reg002584,work,Oberon (C. M. Wieland),yes
WOR049700,Reg002590,work,Oder (Q. Horatius Flaccus),yes
WOR049750,Reg002592,work,Odysseen (Homeros),yes
WOR049800,Reg002609,work,On Viol and Flute (Edmund W. Gosse),yes
WOR049850,Reg002623,work,Orlando furioso (L. Ariosto),yes
WOR049900,Reg002628,work,Ossian (James Macpherson),yes
WOR049950,Reg002665,work,Peder Paars (L. Holberg),yes
WOR050000,Reg002678,work,"Peters Juul (J. Krohn, ill. af Pietro Krohn)",yes
WOR050050,Reg003221,work,The Pied Piper of Hamelin (R. Browning),yes
WOR050100,Reg002637,work,"P. L. Møller, død den 10. Decbr. 1865 (Holger Drachmann)",yes
WOR050150,Reg002700,work,Poems (Humphry William Freeland),yes
WOR050200,Reg002699,work,Poems (1871) (Alice McClure Griffin),yes
WOR050250,Reg002725,work,Poésies complètes (A. T. de La Tour),yes
WOR050300,Reg002726,work,Poésies complètes (Alfred de Vigny),yes
WOR050350,Reg002704,work,Poetical Works (1851) (Henry W. Long-fellow),yes
WOR050400,Reg002704,work,Poetische Versuche (G. K. Pfeffel),yes
WOR050450,Reg002705,work,Poetischer Hausschatz des deutschen Volkes (Skolebog) (Bernhard Wolff),yes
WOR050500,Reg002730,work,Prentenboek zooder prenten. Vertellingen van de maan. Door J. J. L. ten Kate. Vierde druk. (1870),yes
WOR050550,Reg003665,work,»Presso al Tamigi un fior di Parndiso -« (P.-A. Fiorentino) (Tekst),yes
WOR050600,Reg003222,work,The Prisoner of Chillon (Byron),yes
WOR050650,Reg002739,work,Prolog (Fremsagt af Jfr. Sønderskou) (Carl Bagger),yes
WOR050700,Reg002743,work,"Prolog, fremsagt j Fredags [22.1.1875] i Kasino ved Forestillingen til Indtægt for H. C. Andersens Monument (H. Vilh. Martensen)",yes
WOR050750,Reg002740,work,Prolog og Program (Ved Casinos 25 Aars Jubilæumsforestilling) (Erik Bøgh),yes
WOR050800,Reg002741,work,Prolog til den 50. Opførelse af Svend Dyrings Huus (H. P. Holst),yes
WOR050850,Reg002742,work,Prolog ved Det kgl. Teaters Aabningsforestilling 15.10.1874 (C. Ploug),yes
WOR050900,Reg002756,work,Quickborn (Klaus Groth),yes
WOR050950,Reg002781,work,Reineke Fuchs (J. W. von Goethe),yes
WOR051000,Reg002791,work,Reisedrømmen (B. S. Ingemann),yes
WOR051050,Reg002809,work,Rimbrev til Fru Julie Sødring (Nicolaj Bøgh),yes
WOR051100,Reg002812,work,Ritter Toggenburg (Fr. von Schiller),yes
WOR051150,Reg002840,work,Romanser ur svenska folklifvet jemte några andra diktér (J. G. Carlén),yes
WOR051200,Reg002925,work,Samlede Digte (1862) (Carl Ploug),yes
WOR051250,Reg001112,work,En Samling Vers (Chr. Winther),yes
WOR051300,Reg003226,work,The Seasons (James Thomson),yes
WOR051350,Reg002983,work,Serenaden und Phantasien eines Friesischen Sängers (Harro Harring),yes
WOR051400,Reg002993,work,Sigrid med Sløret (A. Oehlenschlæger),yes
WOR051450,Reg003670,work,"»Sind wir nicht geplagte Wesen?« (Heinrich von Ofterdingen, 6. Kapitel) (Novalis)",yes
WOR051500,Reg003000,work,Sint-Albaan (Af Krekelzangen) (W. Bilderdijk),yes
WOR051550,Reg003011,work,Skabelsen (De Schepping) (J. J. L. ten Kate),yes
WOR051600,Reg003028,work,Skriftemaalet (Henrik Hertz),yes
WOR051650,Reg003033,work,Slaget ved Fredericia (Carl Ploug),yes
WOR051700,Reg003036,work,Slaven (Fr. Paludan-Mülller),yes
WOR051750,Reg003043,work,Smaadigte og Sange (M. Rosing),yes
WOR051800,Reg003673,work,»Solen gaar bag Aasen ned -« (Sole gaar bak Aasen ne) (Aagots Sang af H. A. Bjerregaard: Fjeldeventyret),yes
WOR051850,Reg003227,work,The Song of Hiawatba (H. W. Longfellow),yes
WOR051900,Reg003102,work,Stellas Kunstindvielse (C. N. David),yes
WOR051950,Reg003142,work,Svenska folkvisor (E. G. Geijer og A. A. Afzelius)),yes
WOR052000,Reg003166,work,Søfartens Oprindelse og Virkning (Chr. B. Tullin),yes
WOR052050,Reg003183,work,Tankebreve fra en Afdød (B. S. Ingemann),yes
WOR052100,Reg003184,work,Tanker og Tegninger (L. Lund),yes
WOR052150,Reg000760,work,Den tappre Landsoldat (Peter Faber),yes
WOR052200,Reg003192,work,Tasso te Rome (J. van Gravenweert),yes
WOR052250,Reg003193,work,Tassos Klage (The Lament of Tasso) (Byron),yes
WOR052300,Reg003265,work,Til en vis Mand [Kong Karl XV af Sverrig-Norge] (Chr. Winther),yes
WOR052350,Reg003252,work,Til Grundtvigs Venner. Rimbrev fra F. L. Grundtvig,yes
WOR052400,Reg003255,work,"Til Kong Frederik VII.s Minde, Studenterforeningen 20.12.1863 (Chr. Richardt)",yes
WOR052450,Reg003261,work,Til Nordens Kvinde (»Vi har sagt det saa tidt -«) (Mads Hansen),yes
WOR052500,Reg003262,work,Til Oehlenschläger (Chr. Winther),yes
WOR052550,Reg003270,work,Till J. P. Miller (C. F. Dahlgren),yes
WOR052600,Reg003280,work,To Digte af En ung Angelbo (1. Sønderjydsk Sang. 2. Haabets Stjerne) (Koldingposten 30.1.1866),yes
WOR052650,Reg003302,work,Totenkränze (J. C. von Zedlitz),yes
WOR052700,Reg003319,work,"Trinkspruch in einer literarischen Gesellschaft 1831 (»O, lasset urs in dieser düstern, bangen Zeit -«) (A. von Chamisso)",yes
WOR052750,Reg003331,work,Træsnit (Chr. Winther),yes
WOR052800,Reg003368,work,Uhyret (Fr. Høegh-Guldberg),yes
WOR052850,Reg000915,work,Die Ulme zu Hirsau (Ludwig Uhland),yes
WOR052900,Reg003389,work,"Urania über Gott, Unsterblichkeit und Freiheit (C. A. Tiedge)",yes
WOR052950,Reg003400,work,Valkyrien (Fr. Bøgh),yes
WOR053000,Reg003565,work,"[Vandfaldet i Englischer Garten, München] (Moritz Saphir)",yes
WOR053050,Reg003408,work,"Vaterlandslied (»Stadt Hamburg, in der Elbe Auen -«) (Gemeinnütziger Almanach auf das Jahr 1831) (Tekst)",yes
WOR053100,Reg003410,work,Ved H. C. Ørsteds Jordefærd (C. Hauch),yes
WOR053150,Reg003419,work,Venedig (Nicolaj Bøgh),yes
WOR053200,Reg003430,work,Venus and Adonis (W. Shakespeare),yes
WOR053250,Reg003677,work,»Vift stolt paa Codans Bølge -« (B.S. Ingemann),yes
WOR053300,Reg003679,work,»Vildt Göta störtade från fjällen -« (Esaias Tegnér) (Tekst),yes
WOR053350,Reg003591,work,» Vintern rasat ut bland våra fjällar -« (Herman Sätherberg),yes
WOR053400,Reg003469,work,"Volkslieder der Serben (Oversat af Talvj, Pseudonym for Therese A. L. von Jacob, g. Robinson)",yes
WOR053450,Reg003480,work,Waldmeisters Brautfahrt (Otto Roquette),yes
WOR053500,Reg003486,work,Wanderungen durch den Markt des Lebens. Zweites Buch: Wanderung durch den Markt der Ehre (C. A. Tiedge),yes
WOR053550,Reg003511,work,Winde-Kelken (J. P. Hasebroek),yes
WOR053600,Reg000825,work,Der Zauberlehrling (J. W. von Goethe),yes
WOR053650,Reg003525,work,Zigeuner-Mährchen (J. W. von Goethe),yes
WOR053700,Reg003532,work,Zwölf Gedichte (Alexej Tolstoj),yes
WOR053750,Reg003688,work,Ældre og nyere Digte (Rudolph Schmidt),yes
WOR053800,Reg003689,work,Ældre og nyere Digte (Vilhelm Ͻ: Wilhelm Moldenhawer),yes
WOR053850,Reg003691,work,Æneiden (P. Vergilius Maro),yes
WOR053900,Reg003698,work,Øjeblikkets Børn (Martin Kok),yes
WOR053950,Reg000137,work,Abekatten (Johanne Luise Heiberg),yes
WOR054000,Reg000144,work,Abracadabra (L. Holberg),yes
WOR054050,Reg000769,work,Der Adept (Fr. Halm),yes
WOR054100,Reg000157,work,Adrienne Lecouvreur (E. Scribe og E. Legouvé),yes
WOR054150,Reg000158,work,Advokaten og hans Myndling (H. Hertz),yes
WOR054200,Reg001063,work,En Aften 1722 (H. Hertz),yes
WOR054250,Reg000167,work,Agnes Bernauer (Adolf Böttger),yes
WOR054300,Reg000175,work,Ahasvérus (Edgar Quinet),yes
WOR054350,Reg000871,work,Die Ahnfrau (Fr. Grillparzer),yes
WOR054400,Reg000177,work,Aladdin (A. Oehlenschlæger),yes
WOR054450,Reg000179,work,Alboin der Longobardenkönig (F. de la Motte Fouqué),yes
WOR054500,Reg000182,work,Albrecht Dürer in Venedig (Eduard von Schenk),yes
WOR054550,Reg000189,work,Alferne (J. L. Heiberg),yes
WOR054600,Reg000201,work,Alt for Fædrelandet (V. Sardou),yes
WOR054650,Reg000921,work,Die alte Schachtel (Gustav von und zu Putlitz),yes
WOR054700,Reg000827,work,Der alte Student (G. A. Von Maltitz),yes
WOR054750,Reg000207,work,Amanda (H. Hertz),yes
WOR054800,Reg001463,work,Gli amanti sessagenari (F. Berti),yes
WOR054850,Reg000770,work,"Der Amerikaner (Camillo Federici, bearb. af Wilh. Vogel)",yes
WOR054900,Reg000210,work,Amon Geniestreger (H. Hertz),yes
WOR054950,Reg000872,work,Die Andacht zum Kreuze ((Calderón de la Barca),yes
WOR055000,Reg000231,work,Anna Colbiørnsen (K. L. Rahbek),yes
WOR055050,Reg001963,work,L' Anneau d'argent (Adolph Herbelen),yes
WOR055100,Reg000237,work,Antigone (Sofokles),yes
WOR055150,Reg000255,work,Aprilsnarrene (J. L. Heiberg),yes
WOR055200,Reg000828,work,Der arme Poet (August von Kotzebue),yes
WOR055250,Reg000829,work,"Der arme Teufel, oder Des Pastetenbäckers Robert Leben, Thaten und Höllenfahrt (August Meyer)",yes
WOR055300,Reg000263,work,Armod og Høimodighed (August von Kotzebue),yes
WOR055350,Reg000266,work,"Arthur of Zestien Jaren Later (Dupeuty, Fontan og Davrigny)",yes
WOR055400,Reg000273,work,Athalie (Jean Racine),yes
WOR055450,Reg000276,work,Attestats og Forlovelse (N. C. Bierring),yes
WOR055500,Reg000830,work,Der aufrichtigste Freund (E. Scribe og Mélesville),yes
WOR055550,Reg001964,work,L'Avare (Molière),yes
WOR055600,Reg000285,work,Axel og Valborg (A. Oehlenschlæger),yes
WOR055650,Reg000297,work,Badet i Dieppe (E. Scribe),yes
WOR055700,Reg000299,work,Bagtalelsens Skole (Richard Brinsley Sheridan)- Se ogsaa: Die Lästerschule og School for Scandal,yes
WOR055750,Reg000302,work,Balders Død (Johs. Ewald),yes
WOR055800,Reg000303,work,Ball zur Ellerbrunn (Karl Blum),yes
WOR055850,Reg000304,work,Ballet i Olympen (Erik Bøgh),yes
WOR055900,Reg001713,work,"Il Bandocani (19.1.1834, Teatro Fiano, Rom)",yes
WOR055950,Reg000308,work,Barberen i Sevilla (Beaumarchais),yes
WOR056000,Reg000315,work,Barselstuen (L. Holberg),yes
WOR056050,Reg000922,work,Die beiden Billeu (Florian ved Anton Wall),yes
WOR056100,Reg000611,work,Das bemooste Haupt (R. Benedix),yes
WOR056150,Reg000342,work,Bertran de Born (E. von der Recke),yes
WOR056200,Reg000343,work,Bertrand l'horloger (Jules de Prémaray),yes
WOR056250,Reg000773,work,Der Besuch im Irrenhaus (Theodor Hell),yes
WOR056300,Reg000348,work,Besøget i Kjøbenhavn (H. Hertz),yes
WOR056350,Reg002052,work,"Le Billet de faveur (Laurencin, Cormon og Michel Delaporte)",yes
WOR056400,Reg000370,work,Blyspelen. Uit het Hoogduitsch vertaalt. Amsterdam 1747 (L. Holberg),yes
WOR056450,Reg000689,work,Den bogstavelige Udtydning (W. H. Brömel),yes
WOR056500,Reg000377,work,"Bonjour (1.8.1856, Hofteatret, Dresden)",yes
WOR056550,Reg000378,work,Bonton blandt Borgerstanden (Edmond John Eyre),yes
WOR056600,Reg000632,work,De borgerlige Stevnemøder (F. B. Hoffman),yes
WOR056650,Reg002053,work,Le Bossu (Paul Féval og Anicet Bourgeois),yes
WOR056700,Reg002054,work,Le Bouchon de carafe (Dupin og Eugène Grangé),yes
WOR056750,Reg000383,work,Brand (H. Ibsen),yes
WOR056800,Reg000874,work,Die Braut von Messina (Fr. von Schiller),yes
WOR056850,Reg000404,work,Brudgommen fra Mexico (H. Clauren),yes
WOR056900,Reg000406,work,Brunhild (Emanuel Geibel),yes
WOR056950,Reg000875,work,Die Brüder (P. Terentius),yes
WOR057000,Reg000413,work,Brylluppet paa Ulfsbjerg (Frans Hedberg)- Se ogsaa: Brölloppet på Ulfåsa,yes
WOR057050,Reg001066,work,En Bryllupsdags Fataliteter (Th. Overskou),yes
WOR057100,Reg000415,work,Brölloppet på Ulfåsa (Frans Hedberg)- Se ogsaa: Brylluppet paa Ulfsbjerg,yes
WOR057150,Reg002111,work,Les Burgraves (V. Hugo),yes
WOR057200,Reg002112,work,Les Buses-graves (D. Chs. Dupeuty og Ferd. Langlé),yes
WOR057250,Reg000432,work,Bürger und Junker (Martin Schleich),yes
WOR057300,Reg000433,work,Bürgerlich und romantisch (Ed. von Bauernfeld),yes
WOR057350,Reg000421,work,"Byron i Venedig, England og Missolonghi (Byron in Venezia) (G. B. Cipro)",yes
WOR057400,Reg000434,work,"Caleb (A. Dartois og E. Planard, efter W. Scott)",yes
WOR057450,Reg000436,work,Caligula (Alexandre Dumas père),yes
WOR057500,Reg002056,work,Le Camerade de lit (Vanderburch og Ferd. Langé),yes
WOR057550,Reg000438,work,Camma (G. Montanelli),yes
WOR057600,Reg001972,work,La Canaille (M. Dumersan og Ph. Fr. P. Dumanoir),yes
WOR057650,Reg000447,work,Capital og Arbeide (Lokaliseret af G. Siesbye efter A. Weihrauchs »Die Maschinenbauer«),yes
WOR057700,Reg001068,work,En Caprice (Erik Bøgh),yes
WOR057750,Reg001067,work,En Caprice (Alfred de Musset),yes
WOR057800,Reg000448,work,Capriciosa (Th. Overskou og A. L. Arnesen),yes
WOR057850,Reg002113,work,Les Caravanes de Mayeux (Ph. Fr. P. Dumanoir og Brisebarre),yes
WOR057900,Reg000450,work,Cardillac (Antony-Léopold),yes
WOR057950,Reg000455,work,"Carl den Tolvte paa Hjemreisen (J. R. Planché, bearbejdet af Karl Töpfer)",yes
WOR058000,Reg000458,work,Caroline Mathilde (M. W. Brun),yes
WOR058050,Reg000463,work,"Cendrillon, ou la Pantoufle merveilleuse (Clairville, Albert Monnier og E. Blum)",yes
WOR058100,Reg000561,work,"C’est ma fille (18.7.1857, Variétés, Paris).",yes
WOR058150,Reg000560,work,César ou Le chien de château (E. Scribe og Varner),yes
WOR058200,Reg002059,work,Le Chanson de l'aveugle (Junien),yes
WOR058250,Reg000469,work,Chansonnettes (A. Achard),yes
WOR058300,Reg002096,work,"Le petit Chaperon rouge (Marionet-Komedie, 22.4.1867, Paris)",yes
WOR058350,Reg000473,work,Charlotte Corday (Athalia Schwartz),yes
WOR058400,Reg001974,work,La Chasse du roi (Émile Fontaine),yes
WOR058450,Reg002061,work,Le Chevreuil (Léon H ... og Jaime),yes
WOR058500,Reg000496,work,Christian den Fjerdes Dom (N. Søtoft),yes
WOR058550,Reg000501,work,Christoph und Renata (Karl Blum),yes
WOR058600,Reg000524,work,"Claudina (Marionetkomedie, 16.1. og 25.1.1841, Teatro Fiano, Rom)",yes
WOR058650,Reg002062,work,Le Clavier de Berthe (Barrière og Lorin),yes
WOR058700,Reg001975,work,La Closerie des genêts (Fr. Soulié),yes
WOR058750,Reg000534,work,Cola di Rienzi (Rud. Kirner),yes
WOR058800,Reg000535,work,Coliche (N. P. Dupont og P. Roucher),yes
WOR058850,Reg001069,work,En Colonels Giftermaal (La raison propose ou Un mariage diplomatique) (Paul Duport),yes
WOR058900,Reg002136,work,Les conférences chez Beaubicon (Clairville og E. Blum),yes
WOR058950,Reg000544,work,Coriolan (W. Shakespeare),yes
WOR059000,Reg000545,work,Correggio (A. Oehlenschlæger),yes
WOR059050,Reg000551,work,"Crinoline den Store (efter Hippolyte Cogniards »La Reine Crinoline«, frit bearbejdet af Erik Bøgh)- Se ogsaa: Dronning Crinoline",yes
WOR059100,Reg001041,work,"El crisol de la lealtad (Ángel de Saavedra, Hertug af Rivas)",yes
WOR059150,Reg000552,work,Crispin rival de son maître (Lesage),yes
WOR059200,Reg000555,work,Cromwells Ende (Ernst Raupach),yes
WOR059250,Reg001071,work,En Cuurmethode (H. Hertz),yes
WOR059300,Reg000558,work,Cymbeline (W. Shakespeare),yes
WOR059350,Reg001976,work,La Dame aux camélias (Alexandre Dumas fils),yes
WOR059400,Reg001978,work,La Dame et la demoiselle (Empis og Mazères),yes
WOR059450,Reg000619,work,De Danske i Paris (J. L. Heiberg),yes
WOR059500,Reg000639,work,De har en Datter (H. P. Holst),yes
WOR059550,Reg000664,work,Debatten i Politivennen (H. Hertz),yes
WOR059600,Reg000665,work,Deborah (S. H. Mosenthal),yes
WOR059650,Reg000666,work,Declarationen (Chr. Richardt),yes
WOR059700,Reg000692,work,Den deiligste Qvinde (Michael Gjørup),yes
WOR059750,Reg002115,work,Les Demoiselles de St. Cyr (Alexandre Dumas père),yes
WOR059800,Reg001042,work,"El desengaño en un sueño (Ángel de Saavedra, Hertug af Rivas)",yes
WOR059850,Reg001033,work,Ein deutscher Krieger (Eduard von Bauernfeld),yes
WOR059900,Reg002117,work,Les Deux ânes (Mélesville og P. F. A. Carmouche),yes
WOR059950,Reg000862,work,Dichter Piron (Jean-Nicolas Bouilly og Joseph Pain),yes
WOR060000,Reg000866,work,Diderich Menschenskræk (L. Holberg),yes
WOR060050,Reg000936,work,Dieu vous bénisse (A. Ancelot og Paul Duport),yes
WOR060100,Reg000944,work,Dina (A. Oehlenschlæger),yes
WOR060150,Reg000949,work,Dir wie mir (Otto Randolf),yes
WOR060200,Reg000952,work,Djævelens Memoirer (Etienne Arago og Paul Vermond)- Se ogsaa: Les Mémoires du Diable,yes
WOR060250,Reg000953,work,Doctoren imod sin Villie (Molière),yes
WOR060300,Reg000961,work,Dominique (Viollet d'Epagny og H. Dupin),yes
WOR060350,Reg000975,work,"Don Álvaro ó la fuerza del Sino (Ángel de Saavedra, Hertug af Rivas)",yes
WOR060400,Reg000968,work,Don Carlos (Fr. von Schiller),yes
WOR060450,Reg000970,work,Don Juan (Molière),yes
WOR060500,Reg000972,work,Don Juan af Østerrig (Casimir Delavigne),yes
WOR060550,Reg000977,work,Donna Diana (Agustin Moreto),yes
WOR060600,Reg000980,work,Dorf und Stadt (Charlotte Birch-Pfeiffer),yes
WOR060650,Reg000981,work,"Dr. Robin (Jules Regnault de Prémary, bearb. af Wilh. Friedrich)",yes
WOR060700,Reg000982,work,Dramatisches Vergissmeinnicht (Theodor Hell),yes
WOR060750,Reg000983,work,Dramatiske Scener (Chr. Bredahl),yes
WOR060800,Reg000984,work,Dramatiske Værker (W. Shakespeare ved P. F. Wulff),yes
WOR060850,Reg000986,work,"Drei Tage aus dem Leben eines Spielers (Victor Ducange, bearb. af Louis Angely)",yes
WOR060900,Reg000993,work,Drivhuusplanter (efter Fr. Hedbergs »Blommor i drifbänk« ved H. P. Holst),yes
WOR060950,Reg000995,work,Dronning Crinoline (H. Cogniard ved Benjamin Feddersen)- Se ogsaa: Crinoline den Store,yes
WOR061000,Reg000999,work,Dronning Margareta (A. Oehlenschlæger),yes
WOR061050,Reg001000,work,Dronning Marguerites Noveller (Les Contes de la reine de Navarre) (Legouvé og Scribe)- Se ogsaa: Die Königin von Navarra.,yes
WOR061100,Reg001005,work,Drøm og Virkelighed (anonymt),yes
WOR061150,Reg001007,work,"Due case in una casa (L. B. Picard, Wafflard og Fulgence)",yes
WOR061200,Reg001010,work,Dyveke (O. J. Samsøe),yes
WOR061250,Reg000776,work,Der Eckensteher Nante im Verhör (Friedr. Beckmann),yes
WOR061300,Reg001968,work,L'École des bourgeois (d'Allainval),yes
WOR061350,Reg001073,work,En Eftermiddag paa Heden (H. H. Nyegaard),yes
WOR061400,Reg002138,work,Les Égarements d'une canne et d'un parapluie (Duvert og Lauzanne),yes
WOR061450,Reg001019,work,Egmont (J. W. von Goethe),yes
WOR061500,Reg001021,work,Eh! allez donc Turlurette (Cogniard og Clairville),yes
WOR061550,Reg001038,work,Einer von ünsere Leut' (O. F. Berg),yes
WOR061600,Reg001050,work,Elisabetta regina d'Inghilterra (Paolo Giacometti),yes
WOR061650,Reg000696,work,Den ellefte Juni (L. Holberg),yes
WOR061700,Reg001055,work,Elverhøi (J. L. Heiberg),yes
WOR061750,Reg001059,work,Embedsiver eller Herr og Fru Møller (J. F. A. Bayard),yes
WOR061800,Reg001060,work,"Emigrantens Reisevogn (Mélesville, Hestienne og d'Aubigny)",yes
WOR061850,Reg001061,work,Emilie Galotti (G. E. Lessing),yes
WOR061900,Reg001062,work,Emilies Hjertebanken (J. L. Heiberg),yes
WOR061950,Reg001146,work,Endlich bat er es doch gutgemaht (Albin von Meddlhammer),yes
WOR062000,Reg000697,work,Den eneste Feil (H. Hertz),yes
WOR062050,Reg002119,work,Les Enfants d'Edouard (C. Delavigne),yes
WOR062100,Reg001218,work,Et enfoldigt Pigebarn (Erik Bøgh),yes
WOR062150,Reg001166,work,Enken (L. Kruse),yes
WOR062200,Reg001074,work,En Episode (Chr. Juul),yes
WOR062250,Reg001173,work,Er ist nieht eifersüchtig (Alexander Elz),yes
WOR062300,Reg001174,work,Er mengt sich in Alles (J.F. Jünger efter Susanna Centlive),yes
WOR062350,Reg001175,work,Erasmus Montanus (L. Holberg),yes
WOR062400,Reg001178,work,Erik og Abel (A. Oehlenschlæger),yes
WOR062450,Reg000777,work,Der Erntekranz (Franz von Dingelstedt),yes
WOR062500,Reg001186,work,"Erziehungs-Resultate (Alexis Decomberousse, bearb. af Karl Blum)",yes
WOR062550,Reg001190,work,Esmeralda (Erik Bøgh efter V. Hugos Roman),yes
WOR062600,Reg001225,work,Eulenspiegel oder Schabenack über Schabernack (J. N. Nestroy),yes
WOR062650,Reg001229,work,"Europæerne i Amerika (Marionetkomedie, 3.2.1841, Teatro Fiano, Rom)",yes
WOR062700,Reg001201,work,"Et Eventyr i Dyrehaven, eller: Cassanders opdagede Trædskhed (H. Hertz)",yes
WOR062750,Reg001203,work,Et Eventyr i Rosenborg Have (J. L. Heiberg),yes
WOR062800,Reg001237,work,Eventyr paa Fodreisen (C. Hostrup),yes
WOR062850,Reg000831,work,Der ewige Jude (Nach dem Roman des Eugen Sue für die deutsche Bühne bearbeitet von Carlschmidt),yes
WOR062900,Reg001240,work,Examensfeber (Edvard Bäckström),yes
WOR062950,Reg001244,work,Fabrikanten (Émil Souvestre),yes
WOR063000,Reg001075,work,En Fallit (Bj. Bjørnson),yes
WOR063050,Reg003375,work,Un fallo (Et Feiltrin) (E. Scribe),yes
WOR063100,Reg001076,work,En Familie paa Moden (efter V. Sardou af Erik Bøgh),yes
WOR063150,Reg001247,work,Familien Riquebourg (E. Scribe),yes
WOR063200,Reg001250,work,Fandens Overmand (Th. Overskou),yes
WOR063250,Reg001251,work,Fanget (Johs. Helms),yes
WOR063300,Reg001252,work,"Far male per far male (31.5.1846, Teatro Fiorentini, Napoli)",yes
WOR063350,Reg001253,work,Farbror (H. P. Holst),yes
WOR063400,Reg001254,work,"Farinelli (de Forges, St.-Georges og Leuven)",yes
WOR063450,Reg000620,work,De Fattiges Dyrehave (H. Hertz),yes
WOR063500,Reg001268,work,"Faust, Marionetspil",yes
WOR063550,Reg001264,work,Faust I (J. W. von Goethe),yes
WOR063600,Reg001265,work,Faust II (J. W. von Goethe),yes
WOR063650,Reg001262,work,Faust (Nicolaus Lenau),yes
WOR063700,Reg000779,work,Der Fechter von Ravenna (Fr. Halm),yes
WOR063750,Reg001271,work,Feiltagelserne (Oliver Goldsmith),yes
WOR063800,Reg000122,work,500000 Djævle,yes
WOR063850,Reg001286,work,Fiesco (Fr. von Schiller),yes
WOR063900,Reg002067,work,Le Fils de Giboyer (E. Augier),yes
WOR063950,Reg002014,work,"La finta strega (efter W. Scott: »Guy Mannering«, 12.6.1846, Teatro Fiorentini, Napoli)",yes
WOR064000,Reg001296,work,Fiskeren (A. Oehlenschlæger),yes
WOR064050,Reg001131,work,En fix Idé (William Bloch og Nicolaj Bøgh),yes
WOR064100,Reg001299,work,Fjeldsøen (A. Munch),yes
WOR064150,Reg001132,work,En flot Herre (Clairville og Victor Bernard),yes
WOR064200,Reg001313,work,"Foliquet, coiffeur des dames (Paul Duport og Laurencin)",yes
WOR064250,Reg001321,work,For Alvor (Paul Chievitz og Adolph Recke),yes
WOR064300,Reg001322,work,For Bentsens Skyld (efter Tom Taylors »To oblige Benson«),yes
WOR064350,Reg000621,work,De Forlovede (Carl Møller),yes
WOR064400,Reg001133,work,En fornem Dames Søn (efter det franske ved J. Davidsen og Th. Overskou),yes
WOR064450,Reg001328,work,"Forseent (N.N., Odense)",yes
WOR064500,Reg001206,work,Et Forspil (C. Hostrup),yes
WOR064550,Reg001330,work,Fortabt (Carit Etlar),yes
WOR064600,Reg001078,work,En Fortid (A. Thornam),yes
WOR064650,Reg001349,work,Fra det daglige Liv (Albert Hansen),yes
WOR064700,Reg002069,work,Le François à Londres (Boissy),yes
WOR064750,Reg001379,work,Freien nach Vorschrift (Karl Töpfer),yes
WOR064800,Reg000877,work,Die Fremde (Johanna Franul Von Weissenthurn),yes
WOR064850,Reg001384,work,Freuden und Leiden eines Kranken (Franz von Kurländer),yes
WOR064900,Reg001385,work,Freyas Altar (A. Oehlenschlæger),yes
WOR064950,Reg001387,work,Friedrich Schiller (Ludv. Eckardt),yes
WOR065000,Reg001388,work,Frieriet paa Helgoland (efter L. Schneider ved Benjamin Feddersen),yes
WOR065050,Reg001394,work,Froufrou (Meilhac og Halévy),yes
WOR065100,Reg003209,work,The Frozen Deep (Wilkie Collins),yes
WOR065150,Reg001396,work,Fruentimmerskolen (Molière),yes
WOR065200,Reg001399,work,Fröhlich (Louis Schneider),yes
WOR065250,Reg000706,work,Den første Kjærlighed (E. Scribe),yes
WOR065300,Reg000850,work,Det første Regiment (H. P. Holst),yes
WOR065350,Reg001411,work,Gabrielle de Belle-lsle (Alexandre Dumas père),yes
WOR065400,Reg002121,work,"Les Gardes du roi de Siam (Cormon, Grangé og Delacour)",yes
WOR065450,Reg001423,work,Garrick i Bristol (J. L. Deinhardstein),yes
WOR065500,Reg001425,work,Gaston van Frankrijk (Arnould og Fournier),yes
WOR065550,Reg000878,work,Die Gefangenen der Czarin (J. F. A. Bayard),yes
WOR065600,Reg000926,work,Die gefährliche Tante (Albini Ͻ: Albin von Meddlhammer),yes
WOR065650,Reg000590,work,Das Gefängnis (Roderich Benedix),yes
WOR065700,Reg000832,work,Der geheime Agent (F. W. Hackländer),yes
WOR065750,Reg001443,work,Georges et Thérese (Louis Auvray),yes
WOR065800,Reg000591,work,Das Gespenst auf der Bastei (Karl Meisl),yes
WOR065850,Reg000833,work,Der gestiefelte Kater (L. Tieck),yes
WOR065900,Reg001448,work,Gienfærdet paa Herlufsholm (A. Oehlenschlæger),yes
WOR065950,Reg001207,work,"Et Giftermaal ved Trommen (Le Mariage au tarobour) (Efter de Leuven, Brunswick og Alexandre Dumas ved Peter Faber)- Se ogsaa: Le Mariage au tambour",yes
WOR066000,Reg001451,work,Gioacchino (H. P. Holst),yes
WOR066050,Reg001447,work,Gienboerne (C. Hostrup),yes
WOR066100,Reg001460,work,Gjennem Skjærsilden (efter Octave Feuillets »Dalila«),yes
WOR066150,Reg001461,work,Gjøngehøvdingen (M. W. Brun),yes
WOR066200,Reg001208,work,Et GlasVand (E. Scribe)- Se ogsaa: Une Verre d'eau,yes
WOR066250,Reg001034,work,Ein glücklicher Familienvater (Karl August Görner),yes
WOR066300,Reg000612,work,Das goldene Lamm (J. Sonnleithner),yes
WOR066350,Reg000613,work,Das goldene Vliess (Fr. Grillpazer),yes
WOR066400,Reg000784,work,Der Goldschmied von Ulm (S. H. Mosenthal),yes
WOR066450,Reg001474,work,Graf Essex (Heinrich Laube),yes
WOR066500,Reg001485,work,Grev Essex (J. C. Lange),yes
WOR066550,Reg000881,work,Die Grille (Charlotte Birch-Pfeiffer efter George Sand: La petite Fadette)- Se ogsaa: En lille Heks,yes
WOR066600,Reg001489,work,Gringoire (Th. Bainville),yes
WOR066650,Reg001490,work,Griseldis (Fr. Halm),yes
WOR066700,Reg001491,work,Grisen (Labiche og Delacour),yes
WOR066750,Reg001495,work,Grøns Fødselsdag (Clara Andersen),yes
WOR066800,Reg000882,work,Die Günstlinge (Charlotte Birch-Pfeiffer),yes
WOR066850,Reg001513,work,Götz von Berlichingen (J. W. von Goethe),yes
WOR066900,Reg001520,work,Hagbarth og Signe (A. Oehlenschlæger),yes
WOR066950,Reg001521,work,Hakon Jarl (A. Oehlenschlæger),yes
WOR067000,Reg001524,work,Hamlet (W. Shakespeare),yes
WOR067050,Reg001526,work,Han gaaer paa Kommers (J. N. Nestroy),yes
WOR067100,Reg001531,work,Hans Jürge (Karl von Holtei),yes
WOR067150,Reg001533,work,Hans Sachs (J. L. Deinhardstein),yes
WOR067200,Reg000593,work,Das Haus det Temperamente (J. N. Nestroy),yes
WOR067250,Reg000785,work,"Der Hausmeister in tausenden Aengsten (24.8.1857, Hofteatret, Dresden)",yes
WOR067300,Reg001553,work,"Helene oder die Körbe (27.11.1840, München)",yes
WOR067350,Reg000853,work,Det hemmelige Politi (J. P. Svendsen),yes
WOR067400,Reg001082,work,En Hemmelighed (Ida Nielsen),yes
WOR067450,Reg001560,work,Henrich og Pernille (L. Holberg),yes
WOR067500,Reg001563,work,Henrik af Navarra (C. Hauch),yes
WOR067550,Reg001564,work,"Henrik den Fjerde, 1ste Deel (W. Shakespeare)",yes
WOR067600,Reg001565,work,"Henrik den Fjerde, 2den Deel (W. Shakespeare)",yes
WOR067650,Reg001572,work,Herman von Unna (A. F. Skjöldebrand),yes
WOR067700,Reg001573,work,Hermance (Virginie Ancelot),yes
WOR067750,Reg001577,work,Herodias (Silvio Pellico),yes
WOR067800,Reg001595,work,"Hinter dem häuslichen Herd (25.10. 1860, Hofteatret, Dresden)",yes
WOR067850,Reg001633,work,Hr. Grylle og hans nyeste Viser (Erik Bøgh),yes
WOR067900,Reg001634,work,Hr. Lauge med den tunge Haand (Carit Etlar),yes
WOR067950,Reg001635,work,Hr. Malesherbes Roser (A. von Kotzebue),yes
WOR068000,Reg001639,work,Hr. Sørensen morer sig (efter Salingrés »Pech-Schulze« af Harald Jensen),yes
WOR068050,Reg001640,work,Hr. Sørensen paa Eventyr (Carl Ploug),yes
WOR068100,Reg001641,work,Hr. Volmer i Sorø (William Bloch og Nicolaj Bøgh),yes
WOR068150,Reg001083,work,"En Herre og en Dame (Xavier, Duvert og Lauzanne)",yes
WOR068200,Reg001209,work,Et Herreselskab (H. Hertz),yes
WOR068250,Reg001584,work,"Hertug Concretus og hans Datter (Hans Sachs, frit oversat af Erik Bøgh)",yes
WOR068300,Reg001590,work,Hexerie eller Blind Alarm (L. Holberg),yes
WOR068350,Reg001645,work,"Huismiddel tegen schoonmoeders (Rezept gegen Schwiegermütter) (efter det Spanske af Kong Ludwig I af Bayern, oversat af J. Both J. Jzn.)",yes
WOR068400,Reg001646,work,Huldrebakken (Erik Bøgh),yes
WOR068450,Reg001649,work,Hun skal debutere! (Bayard og Théaulon ved Erik Bøgh),yes
WOR068500,Reg002122,work,"Les Hures graves (Ph. Fr. P. Dumanoir, Paul Siraudin og Louis Clairville)",yes
WOR068550,Reg001655,work,Hussiterne eller Naumburgs Beleiring (A. von Kotzebue),yes
WOR068600,Reg001026,work,"Ein Hut (Le Chapeau d'un horloger) (Delphine Girardin, bearb. af Moritz Grandjean)",yes
WOR068650,Reg000641,work,De hvide Roser (William Bloch og Nicolai Bøgh),yes
WOR068700,Reg000678,work,Den Hvidklædte (efter Fr. Hedbergs Bearbejdelse af Wilkie Collins' Roman ved H. P. Holst),yes
WOR068750,Reg001664,work,Hvor Tiden løber (Louis B. Picard ved N. T. Bruun),yes
WOR068800,Reg001670,work,Hyrden af Tolosa (B. S. Ingemann),yes
WOR068850,Reg001676,work,Häuslichen Wirren (J. Lederer),yes
WOR068900,Reg001090,work,En Hævn (Waldemar Bruun),yes
WOR068950,Reg003583,work,l den anden Verden (M. Goldschmidt),yes
WOR069000,Reg003582,work,l Dynekilen (Carit Etlar),yes
WOR069050,Reg003584,work,"l en Fart (Decourcelle, Barrière og Morand ved Kr. Mantzius)",yes
WOR069100,Reg003586,work,lch bleibe ledig (Karl Blum),yes
WOR069150,Reg001741,work,Indianerne i England (A. Kotzebue),yes
WOR069200,Reg003587,work,lndqvarteringen (H. Hertz),yes
WOR069250,Reg001744,work,Indtoget (P. A. Heiberg),yes
WOR069300,Reg001745,work,Ines de Castro (António de Ferreira),yes
WOR069350,Reg001746,work,"Ingen Tærte (14.5.1846, Teatro Carlino, Napoli)",yes
WOR069400,Reg000614,work,Das lntermezzo (A. von Kotzebue),yes
WOR069450,Reg001750,work,Intrigerne (C. Hostrup),yes
WOR069500,Reg001754,work,Iphigenie auf Tauris (J. W. von Goethe),yes
WOR069550,Reg001755,work,Isabella Orsini (S. H. Mosenthal),yes
WOR069600,Reg001136,work,En italiensk Straahat (E. Labiche og Marc Michel),yes
WOR069650,Reg001768,work,Ja! (J. L. Heiberg),yes
WOR069700,Reg001771,work,Jacob von Thybo (L. Holberg),yes
WOR069750,Reg003212,work,"The Jacobite (1.7.1847, Hay-Market, London)",yes
WOR069800,Reg001772,work,Jagten paa Søeborg (Mønster?),yes
WOR069850,Reg001777,work,Jean Baudry (Auguste Vacquerie),yes
WOR069900,Reg001778,work,Jean de France (L. Holberg),yes
WOR069950,Reg001782,work,Jeanne d’Arc (Alex. Soumet),yes
WOR070000,Reg001783,work,Jeg spiser hos min Moder (Decourcelle og L. Thibouet),yes
WOR070050,Reg001787,work,Jens (H. P. Holst),yes
WOR070100,Reg001789,work,"Jens Støvring (G. von Moser, bearbejdet af Benjamin Feddersen)",yes
WOR070150,Reg001790,work,Jeppe paa Bjerget (L. Holberg),yes
WOR070200,Reg002072,work,Le Jeu de l’amour et du hasard (Marivaux),yes
WOR070250,Reg001809,work,Johann von Oesterreich (Julius Mosen),yes
WOR070300,Reg001810,work,Johanna Montfaucon (A. von Kotzebue),yes
WOR070350,Reg001825,work,"Joseph solgt af sine Brødre (7.4.1843, Gymnase des enfants, Paris)",yes
WOR070400,Reg001829,work,"Jovial, stadstjenare och poet (Théaulon og Choquart)",yes
WOR070450,Reg000786,work,"Der Jude (Richard Cumberland, ved J. F. H. Brockmann)",yes
WOR070500,Reg001834,work,Judith (Delphine de Girardin),yes
WOR070550,Reg001840,work,Julestuen (L. Holberg),yes
WOR070600,Reg001842,work,Julia (Fr. Hebbel),yes
WOR070650,Reg001844,work,Julian den Frafaldne (C. Hauch),yes
WOR070700,Reg001845,work,Julius Cæsar (W. Shakespeare),yes
WOR070750,Reg000887,work,Die Jungfrau von Orleans (Fr. von Schiller),yes
WOR070800,Reg001855,work,Juvelskrinet (H. Hertz),yes
WOR070850,Reg001863,work,Kabale und Liebe (Fr. von Schiller),yes
WOR070900,Reg001866,work,Kalanus (Fr. Paludan-Müller),yes
WOR070950,Reg001868,work,Kalifen paa Eventyr (Erik Bøgh),yes
WOR071000,Reg001869,work,Kammeraterne (E. Scribe),yes
WOR071050,Reg001870,work,Kamp og Seier (Erneste Legouvé),yes
WOR071100,Reg001871,work,Kan ei (J. L. Runeberg),yes
WOR071150,Reg001872,work,Kanariefuglen (William Bloch og Nicolaj Bøgh),yes
WOR071200,Reg001875,work,"Karel Skreta, malír (V. A. Swoboda)",yes
WOR071250,Reg000595,work,"Das Kasernen-Zimmer (1.12.1840, München)",yes
WOR071300,Reg001885,work,"Kean (Alexandre Dumas père, Théaulon og de Courcy)",yes
WOR071350,Reg001891,work,Kierlighed uden Strømper (J. H. Wessel),yes
WOR071400,Reg000888,work,Die Kinder des Regiments (Friedrich Blum),yes
WOR071450,Reg000787,work,Der Kinderfreund (C. F. Weisze),yes
WOR071500,Reg001895,work,Kirsten Pils Kilde (J. M. Thiele),yes
WOR071550,Reg001898,work,Kjærlighed og Politik (Viggo Hindberg),yes
WOR071600,Reg001899,work,Kjærlighed og Statistik (Johs. Helms),yes
WOR071650,Reg001094,work,En Kjærlighedsdrøm (E. Scribe og Biéville),yes
WOR071700,Reg001904,work,Kjøbmanden i Venedig (W. Shakespeare),yes
WOR071750,Reg001905,work,Klaus Rigmands Skat (J. M. Thiele),yes
WOR071800,Reg001915,work,Klokkerfamilien (Plan til Sangspil) (Bj. Bjørnson),yes
WOR071850,Reg001919,work,Knud Svendsøn (Chr. Bredahl),yes
WOR071900,Reg001921,work,Komedie der Irrungen (The Comedy of Errors) (W. Shakespeare),yes
WOR071950,Reg001095,work,"En Kone, der springer ud af Vinduet (E. Scribe og G. Lemoine)",yes
WOR072000,Reg001924,work,Kong Lear (W. Shakespeare),yes
WOR072050,Reg001927,work,Kong René's Datter (H. Hertz),yes
WOR072100,Reg001928,work,Kong Salomon og Jørgen Hattemager (J. L. Heiberg),yes
WOR072150,Reg001932,work,Kong Waldemar og Bisp Absalon (H. Scharling),yes
WOR072200,Reg001930,work,Kong Sigurd (C. J. Boye),yes
WOR072250,Reg001934,work,Kongens Yndling (C. Hauch),yes
WOR072300,Reg001937,work,Kongs-Emnerne (H. Ibsen),yes
WOR072350,Reg001941,work,"Korsikaneren. Syngestykke, bearb. af Adolph Hertz. Musiken af Emil Hartmann (J. H. V. de Saint-Georges)",yes
WOR072400,Reg001944,work,Kostgjængerne (Daniel og Hagen),yes
WOR072450,Reg001948,work,"Kroisos, Lydiens sidste Konge (Alfred Flinch)",yes
WOR072500,Reg000791,work,Der Kurmärker und die Picarde (Louis Schneider),yes
WOR072550,Reg000596,work,Das Käthchen von Heilbronn (Heinrich von Kleist),yes
WOR072600,Reg001959,work,König Waldemar und Tovelille (Georgia Høst),yes
WOR072650,Reg000890,work,Die Königin von Navarra (Les Contes de la reine de Navarre) (Legouvé og E. Scribe)- Se ogsaa: Dronning Marguerites Noveller,yes
WOR072700,Reg000891,work,"Die Königin von sechzehn Jahre (Bayard, overs. af Theodor Hell)- Se ogsaa: Dronningen paa 16 Aar (Sp. 60)",yes
WOR072750,Reg000892,work,Die Königstochter ein Bettlerweib (Ernst Raupach),yes
WOR072800,Reg002101,work,Leichtsinn aus Liebe (Ed. von Bauernfeld),yes
WOR072850,Reg002103,work,Lenore oder die Vermählung am Grabe (Karl von Holtei),yes
WOR072900,Reg000562,work,D'letzte Fensterln (Johann Gabriel Seidl),yes
WOR072950,Reg000598,work,Das Liebesprotokoll (E. von Bauernfeld),yes
WOR073000,Reg002153,work,Lige for Lige (Measure for Measure) (W. Shakespeare)- Se ogsaa: Masz für Masz,yes
WOR073050,Reg001138,work,"En lille Heks (Ad. Recke og P. Aalborg, bearbejdet efter en tysk Dramatisering (»Die Grille«) af George Sands Roman »La petite Fadette«)- Se ogsaa: Die Grille.",yes
WOR073100,Reg000733,work,Den lille Hyrdedreng (A. Oehlenschlæger),yes
WOR073150,Reg002160,work,Lindane oder Die Fee und der Haarbeutelschneider (A. Bäuerle),yes
WOR073200,Reg001992,work,La Lisette de Béranger (Monolog af Frédéric Bérat),yes
WOR073250,Reg001044,work,El loco de la Guardilla (Narciso Serra),yes
WOR073300,Reg002177,work,Lord William Russell (A. Munch),yes
WOR073350,Reg002179,work,Louise Bernard (Alexandre Dumas peré),yes
WOR073400,Reg002189,work,Lucrèce (Fr. Ponsard),yes
WOR073450,Reg002190,work,Ludlams Hule (A. Oehlenschlæger),yes
WOR073500,Reg002196,work,Luftens Datter (Efter Cogniard og Raymond ved P. Faber),yes
WOR073550,Reg000895,work,Die Luftschlösser (A. F. Weidner),yes
WOR073600,Reg002197,work,Lumpacivagabundus (J. N. Nestroy),yes
WOR073650,Reg001027,work,Ein Lustspiel (R. Benedix),yes
WOR073700,Reg002200,work,Lycksalighetens ö (P. D. A. Atterbom),yes
WOR073750,Reg000793,work,Der Lügner und sein Sohn (K. Meisl),yes
WOR073800,Reg002201,work,Lygtemænd (William Bloch),yes
WOR073850,Reg000854,work,Det lykkelige Skibbrud (L. Holberg),yes
WOR073900,Reg000644,work,De lykkeligste Børn (Clara Andersen),yes
WOR073950,Reg002208,work,Lykkens Skjødebarn (efter Charlotte Birch-Pfeiffer ved H. P. Holst),yes
WOR074000,Reg000646,work,De lystige Koner i Windsor (W. Shakespeare)- Se ogsaa: The Merry Wives of Windsor,yes
WOR074050,Reg002213,work,"Lystspil, oversatte af Benedicte Arnesen Kall. I-III (Molière)",yes
WOR074100,Reg000647,work,De lærde Damer (Molière),yes
WOR074150,Reg000896,work,Die Lästerschule (School for Scandal) (Richard Brinsley Sheridan)- Se ogsaa: Bagtalelsens Skole og School for Scandal,yes
WOR074200,Reg002225,work,Macbeth (W. Shakespeare),yes
WOR074250,Reg002230,work,"Madame d'Egmont, ou Sont-elles deux? (J. Ancelot og Decomberousse)",yes
WOR074300,Reg002231,work,"Mademoiselle Déjazet au Sérail, ou Le Palais-Royal en 1872 (J. F. A. Bayard og Gabriel de Lurieu)",yes
WOR074350,Reg002236,work,Madonna (Heinrich Bode),yes
WOR074400,Reg002285,work,Magister Ageholm eller Fragmenterne (Arthur Ejserman),yes
WOR074450,Reg002289,work,"Man kan, hvad man vil (Jacques Ancelot og Decomberousse)",yes
WOR074500,Reg002291,work,Man skal Ingenting forsværge (Alfred de Musset),yes
WOR074550,Reg002297,work,"Marco Sciarra, apperettatore de Io quartiere de puorto ossia l'ommo che nun se fa li fatte suoie cu la Ianterna va truvanno guaie (Orazio Schiano)",yes
WOR074600,Reg002300,work,"Margherita di Waldemar, regina delle tre corone del Nord (G. C. Cosenza)",yes
WOR074650,Reg002301,work,Margrethe (Karl von Holtei),yes
WOR074700,Reg002315,work,Maria Stuart (Fr. von Schiller),yes
WOR074750,Reg002316,work,Maria Stuart i Skotland (Bj. Bjørnson),yes
WOR074800,Reg002317,work,Maria Tudor (V. Hugo),yes
WOR074850,Reg002077,work,Le Mariage au tambour (Ad. de Leuven og Brunswick)- Se ogsaa: Et Giftermaal ved Trommen,yes
WOR074900,Reg002078,work,Le Mariage de Figaro (Beaumarchais),yes
WOR074950,Reg002329,work,Marie (A. von Kotzebue),yes
WOR075000,Reg002330,work,Marie Antoinette (M. W. Brun),yes
WOR075050,Reg002332,work,Marie-Jeanne (Ad. Dennery og Mallian),yes
WOR075100,Reg002331,work,"Marie Stuart (Pierre Lebrun, efter Schiller)",yes
WOR075150,Reg002334,work,Marion de Lorme (V. Hugo),yes
WOR075200,Reg000897,work,Die Marquise von Vilette (Charlotte Birch-Pfeiffer),yes
WOR075250,Reg001994,work,"La Marraine (E. Scribe, Lockroy og Chabot de Bouin)- Se ogsaa: Den unge Gudmoder",yes
WOR075300,Reg003381,work,"Une Martingale (Clairville, Cham og Rochefort)",yes
WOR075350,Reg002342,work,Mascarade (L. Holberg),yes
WOR075400,Reg002345,work,Masz für Masz (Measure for Measure) (W. Shakespeare)- Se ogsaa: Lige for Lige,yes
WOR075450,Reg002346,work,Mathilde (Roderich Benedix),yes
WOR075500,Reg002450,work,Médée (Ernest Legouvé),yes
WOR075550,Reg003657,work,»Meer end nok« eller Ole Lukøie (Erik Bøgh og Kristian Arentzen),yes
WOR075600,Reg002365,work,Mein Freund (J. N. Nestroy),yes
WOR075650,Reg002366,work,Meister Andrea (Emanuel Geibel),yes
WOR075700,Reg002368,work,Mejonkvrouw de La Seiglière (Jules Sandeau)- Se ogsaa: Slottet i Poitou,yes
WOR075750,Reg002126,work,Les Mémoires du Diable (Etienne Arago og Paul Vermond)- Se ogsaa: Djævelens Memoirer,yes
WOR075800,Reg002377,work,Merlin (Karl Immermann),yes
WOR075850,Reg003218,work,The Merry Wives of Windsor (W. Shakespeare)- Se ogsaa: De lystige Koner i Windsor.,yes
WOR075900,Reg002379,work,Mester Gert Westphaler (L. Holberg),yes
WOR075950,Reg002380,work,Mester og Lærling (C. Hostrup),yes
WOR076000,Reg002382,work,Metal og Papir (J. C. Gerson),yes
WOR076050,Reg002127,work,Les Métamorphoses de Bougival (Adolphe Favre og Ad. Stel),yes
WOR076100,Reg002386,work,Michel Perrin (Mélesville og Ch. Duveyrier),yes
WOR076150,Reg002393,work,Mille et une nuits (Th. og H. Cogniard),yes
WOR076200,Reg002396,work,Min egen Dreng (efter A. l’Arronges »Mein Leopold« ved Carl Møller og William Faber),yes
WOR076250,Reg002394,work,Min Lykkestjerne (E. Scribe),yes
WOR076300,Reg002395,work,Min Onkels Slaabrok (De Huisjapon van mij' Oom) (Vrij naar het Hoogduitsch door J. Both J. Jzn),yes
WOR076350,Reg002408,work,Minna von Barnhelm (G. E. Lessing),yes
WOR076400,Reg002411,work,Mirandolina (La locandiera) (Goldoni),yes
WOR076450,Reg002419,work,Mit der Feder (Sigmund Schlesinger),yes
WOR076500,Reg002420,work,Moder og Søn (A. Munch),yes
WOR076550,Reg002425,work,Molière (Charles Desvoyer og Eugène Labat),yes
WOR076600,Reg002427,work,Monsieur Mouflet (Léon Halévy og Jaime),yes
WOR076650,Reg002429,work,Morbror Per (R. Benedix),yes
WOR076700,Reg002020,work,"La morisca de Alajuar (Ángel de Saavedra, Hertug al Rivas)",yes
WOR076750,Reg002125,work,Les Mousquetaires du carneval (Eugène Grangé og Lambert Thibouet),yes
WOR076800,Reg002445,work,Mutter und Sohn (Charlotte Birch-Pfeiffer),yes
WOR076850,Reg000797,work,Der Müller und sein Kind (Ernst Raupach),yes
WOR076900,Reg000600,work,Das Mädchen aus der Feenwelt oder der Bauer als Millionär (Ferd. Raimund),yes
WOR076950,Reg000899,work,Die Mäntel (E. Scribe),yes
WOR077000,Reg002451,work,Mönch und Soldat (Friedrich Kaiser),yes
WOR077050,Reg000900,work,Die Mönche (Millenet),yes
WOR077100,Reg002457,work,"Naar Djævelen banker paa! (Benjamin Feddersen, Intrigen efter Dupeutys, Dumersans og Gabriels »Victorine ou la nuit porte conseil«)",yes
WOR077150,Reg002458,work,Naar Katten er ude (Carl Møller),yes
WOR077200,Reg002461,work,Nach Sonnenuntergang (Louis Angely),yes
WOR077250,Reg002463,work,Nacht und Morgen (Charlotte Birch-Pfeiffer),yes
WOR077300,Reg002465,work,Namenlos (David Kalisch og Ernst Pohl),yes
WOR077350,Reg002468,work,"Napoleon Bonaparte, Eerste Konsul (H. J. Schimmel)",yes
WOR077400,Reg001104,work,En Nat mellem Fjeldene (C. Hostrup),yes
WOR077450,Reg002478,work,Nathan der Weise (G. E. Lessing),yes
WOR077500,Reg001106,work,En Nattegjæst (Two o'clock in the Morning) (Lockroy & Anicet),yes
WOR077550,Reg002496,work,Nehmt ein Exempel dran! (Karl Töpfer)- Se ogsaa: Seer Jer i Speil,yes
WOR077600,Reg002497,work,Nei (J. L. Heiberg),yes
WOR077650,Reg002504,work,Nero Cæsar (L. Lund),yes
WOR077700,Reg000903,work,Die Nibelungen (Fr. Hebbel),yes
WOR077750,Reg002513,work,Ninon (H. Hertz),yes
WOR077800,Reg002572,work,N° 777 (Carl Lebrun),yes
WOR077850,Reg002530,work,"Nornerne, Forspil til Balletten Thrymskviden (H. P. Holst)",yes
WOR077900,Reg001995,work,La Nouvelle Psyché (Félicien Mallefille),yes
WOR077950,Reg001996,work,La Nuit de Mardi-gras (Emile Fontaine),yes
WOR078000,Reg002537,work,Nur eine Seele (Wilhelm Wolfsohn),yes
WOR078050,Reg000625,work,De Nygifte (Bj. Björnson),yes
WOR078100,Reg002569,work,Nytaarsnat 1869 (Erik Bøgh),yes
WOR078150,Reg002570,work,"Nytaarsnat 1872-73 (Paul Marcussen, Rich. Kaufmann og Carl Wulff)",yes
WOR078200,Reg001139,work,En nyttig Onkel (Clara Andersen),yes
WOR078250,Reg002586,work,Oberon (J. R. Planché),yes
WOR078300,Reg002596,work,Oidipus i Kolonos (Sofokles),yes
WOR078350,Reg000745,work,"Den oldenborgske Stamme i Danmark. En Cyclus af Skuespil (Christjern, Kongefader. - Kong Hans) (Benedicte Arnesen Kall)",yes
WOR078400,Reg001107,work,En Omelette (V. C. S. Topsøe),yes
WOR078450,Reg001108,work,En Omvei (A. Thornam),yes
WOR078500,Reg002611,work,Onkel Brand (Louis Angely),yes
WOR078550,Reg002613,work,Onkelens Slot (Desaugiers og Armand),yes
WOR078600,Reg001966,work,L'Orphelin de la Chine (Henri Dupin),yes
WOR078650,Reg002129,work,Les Orphelines du faubourg (E. Thirion og Hippolyte Bedeau),yes
WOR078700,Reg000904,work,Die Osternacht (Wilhelm Wolfsohn),yes
WOR078750,Reg002632,work,Othello (W. Shakespeare),yes
WOR078800,Reg002641,work,Paa Jagt efter Eventyr (E. Augier og J. Sandeau),yes
WOR078850,Reg002645,work,Palnatoke (A. Oehlensehlæger),yes
WOR078900,Reg002646,work,Paläophron und Neoterpe (J. W. von Goethe),yes
WOR078950,Reg002655,work,Pariserdrengen (Bayard og Vanderburch),yes
WOR079000,Reg002660,work,Passions-Skuespillet i Oberammergau (J. A. Daisenberger),yes
WOR079050,Reg002081,work,"Le Pavé des journaux (6.2.1863, Délassements-Comiques, Paris)",yes
WOR079100,Reg003372,work,Un Péché de jeunesse (J. Samson og Jules de Wailly),yes
WOR079150,Reg002667,work,Peer Gynt (H. Ibsen),yes
WOR079200,Reg002674,work,Pernilles korte Frøkenstand (L. Holberg),yes
WOR079250,Reg001045,work,El perro del castello (César ou Le chien du château) (E. Scribe og A. F. Varner),yes
WOR079300,Reg002131,work,Les Petits mystères de Paris (D. Chs. Dupeuty og Eug. Cormon),yes
WOR079350,Reg002685,work,Phèdre (Jean Racine),yes
WOR079400,Reg002683,work,Philoktet (A. Schöll),yes
WOR079450,Reg000905,work,Die Piccolomini (Fr. von Schiller),yes
WOR079500,Reg002098,work,Le pied de mouton (Martainville og Ribié)- Se ogsaa: Mefistofeles (Ballet),yes
WOR079550,Reg002132,work,"Les Pilules du Diable (F. Laloue, Bourgeois og Laurent)",yes
WOR079600,Reg002707,work,Politiet (Lockroy og Rosier),yes
WOR079650,Reg000747,work,Den politiske Kandestøber (L. Holberg),yes
WOR079700,Reg002084,work,"Le Poltron (J. F. A. Bayard, Alphonse og Regnault)",yes
WOR079750,Reg002711,work,Polyeucte (Pierre Corneille),yes
WOR079800,Reg002718,work,Portraitet (H. Hertz),yes
WOR079850,Reg001028,work,Ein Posse als Medizin (Friedr. Kaiser),yes
WOR079900,Reg002724,work,Pottemager Walter (J. L. Hedberg),yes
WOR079950,Reg002729,work,Preciosa (Pius Alexander Wolff),yes
WOR080000,Reg002738,work,Prinz Friedrich von Homburg (Heinrich von Kleist),yes
WOR080050,Reg002002,work,La Prise de Pékin (Ad. Dennery),yes
WOR080100,Reg001029,work,Ein Prolog (L. Tieck),yes
WOR080150,Reg000799,work,Der Prozess (Roderich Benedix),yes
WOR080200,Reg002759,work,Qvindehævn (C. Hauch),yes
WOR080250,Reg002761,work,Qvækeren og Dandserinden (E. Scribe og Paul Duport),yes
WOR080300,Reg002763,work,Rabagas (V. Sardou),yes
WOR080350,Reg002765,work,Rabbien og Ridderen (M. Goldschmidt),yes
WOR080400,Reg002773,work,"Ravnen (C. Gozzi, oversat af S. Meisling)",yes
WOR080450,Reg002778,work,Recensenten og Dyret (J. L. Heiberg),yes
WOR080500,Reg000835,work,Der rechte Weg (Johann Hutt),yes
WOR080550,Reg002780,work,Regina Dovagno (J. M. Firmenich-Richartz),yes
WOR080600,Reg000907,work,Die Reise zur Hochzeit (J. W. Lembert),yes
WOR080650,Reg001213,work,Et Reise-Eventyr (A. L. Arnesen),yes
WOR080700,Reg002088,work,Le Retour ou La suite du Michel et Christine (E. Scribe og J. H. Dupin),yes
WOR080750,Reg002803,work,Richard III (W. Shakespeare),yes
WOR080800,Reg002804,work,Richards Wanderleben (efter det Engelske ved Johann Georg Kettel),yes
WOR080850,Reg001221,work,Et rigt Parti (Magdalene Thoresen),yes
WOR080900,Reg002810,work,"Ringen (Nr. 2) (George Farquhar, bearbeidet af F. L. Schröder)",yes
WOR080950,Reg002813,work,Roaga (Fr. von Kobell),yes
WOR081000,Reg002818,work,Robert und Bertram (Gustav Räder),yes
WOR081050,Reg002841,work,Romantiske Dramer. En Kjøbmands Datter og en Kongesøn. Drømmeren (J. M. Thiele),yes
WOR081100,Reg002843,work,Romeo e Giulietta (C. A. Warburg),yes
WOR081150,Reg002845,work,Romeo og Julie (W. Shakespeare),yes
WOR081200,Reg002848,work,Rosa og Rosita (Clara Andersen),yes
WOR081250,Reg002850,work,Rose und Röschen (Charlotte Birch-Pfeiffer),yes
WOR081300,Reg002856,work,Rubens i Madrid (Charlotte Birch-Pfeiffer),yes
WOR081350,Reg002003,work,La Rue de la Lune (Charles Varin og Boyer),yes
WOR081400,Reg002868,work,Rübezahl (A. Oehlenschlæger),yes
WOR081450,Reg000908,work,Die Räuber (Fr. Von Schiller),yes
WOR081500,Reg002864,work,Røverborgen (A. Oehlenschlæger),yes
WOR081550,Reg002920,work,Salig Ferdinand (N. Fournier og G. Bondon),yes
WOR081600,Reg002921,work,Salomon de Caus (Andreas Munch),yes
WOR081650,Reg002928,work,Samlede Skuespil ved K. L. Rahbek l-IV (P. A. Heiberg),yes
WOR081700,Reg002954,work,Sankt Sebastian,yes
WOR081750,Reg002957,work,Sardanapal (Byron),yes
WOR081800,Reg002956,work,Sappho (Fr. Grillparzer),yes
WOR081850,Reg002962,work,Scapins Skalkestykker (Molière).,yes
WOR081900,Reg002965,work,Scheik Hassan (H. Hertz),yes
WOR081950,Reg002169,work,"Lo schiavo di S. Domingo [efter V. Hugos Roman Bug Jargal] (31.5.1846, Teatro Fiorentini, Napoli)",yes
WOR082000,Reg000608,work,Das Schloss Limburg (Benott-Joseph Marsollier),yes
WOR082050,Reg000802,work,Der Schneider und sein Sohn (Thomas Morton).,yes
WOR082100,Reg002968,work,School for Scandal (R. B. Sheridan)- Se ogsaa: Bagtalelsens Skole og Die Lästerschule,yes
WOR082150,Reg000909,work,Die Schuld (A. Müllner),yes
WOR082200,Reg000910,work,Die Schule der Verliebten (Karl Blum efter J. Sheridan Knowles: »The Love-Chase«),yes
WOR082250,Reg000911,work,Die Schule des Lebens (Ernst Raupach),yes
WOR082300,Reg000913,work,Die Schärpe und die Blume (Calderón de la Barca),yes
WOR082350,Reg002977,work,Seer Jer i Speil (Karl Töpfer)- Se ogsaa: Nehmt ein Exempel dran!,yes
WOR082400,Reg000931,work,Die seltsame Ehen (Albin von Meddlhammer),yes
WOR082450,Reg002990,work,Sie ist verheiratet (Friedrich Kaiser),yes
WOR082500,Reg002994,work,Sigurd Slembe (Bj. Bjørnson),yes
WOR082550,Reg001113,work,En Sjæl efter Døden (J. L. Heiberg),yes
WOR082600,Reg003015,work,Skam til Tak (Leopold Budde),yes
WOR082650,Reg001115,work,En Skavank (M. Goldschmidt),yes
WOR082700,Reg003020,work,Skibsværftet (H. Hertz),yes
WOR082750,Reg001116,work,"En Skillevæg (Calderón, bearbejdet af Benedicte Arnesen Kall)",yes
WOR082800,Reg003030,work,Skuespilleren imod sin Villie (Louis A. Dorvigny),yes
WOR082850,Reg001117,work,En Skærsommernatsdrøm (W. Shakespeare),yes
WOR082900,Reg003037,work,Slavinden (Cora ou l'esclavage) (Jules Barbier ved Erik Bøgh),yes
WOR082950,Reg003040,work,Slouet i Poitou (Mademoiselle de la Seiglière) (Jules Sandeau)- Se ogsaa: Mejonkvrouw de La Seiglière,yes
WOR083000,Reg003042,work,Slægtningerne (Henriette Nielsen),yes
WOR083050,Reg003046,work,Smeden i Neumark (Wilh. Holst),yes
WOR083100,Reg000804,work,Der Sohn der Wildnis (Fr. Halm).,yes
WOR083150,Reg000803,work,Der Sohn der Elfen (A. E. Wollheim da Fonseca),yes
WOR083200,Reg000805,work,Der Sohn der Wildnis (Ørkenens Søn) (Fr. Halm)- Se ogsaa: Ørkenens Søn,yes
WOR083250,Reg003052,work,Sokrates (Ludw. Eckardt),yes
WOR083300,Reg003053,work,"Solaces de un prisionero (Ángel de Saavedra, Hertug af Rivas)",yes
WOR083350,Reg000808,work,Der Soldat ganz allein (I. F. Castelli),yes
WOR083400,Reg003056,work,Soldaterløier (C. Hostrup),yes
WOR083450,Reg003057,work,Soldaterne (C. G. H. Arresto),yes
WOR083500,Reg000809,work,"Der Sonnenwendhof (S. H. Mosenthal)- Se ogsaa: En Landsbyhistorie (H. C. Andersen, Sp. 61)",yes
WOR083550,Reg003064,work,Sonnes Frieri (Ilia Fibiger),yes
WOR083600,Reg003065,work,"Sophie Arnoud (A. de Leuven, De Forges og Ph. Dumanoir)",yes
WOR083650,Reg002134,work,"Les Soupers de carneval (Charles Varin, F. A. Duvert og Paul de Kock)",yes
WOR083700,Reg003068,work,"Sourde-oreille (6.5.1843, Théâtre Comte, Paris)",yes
WOR083750,Reg003069,work,"Sous clé (A. De Forges, Dumanoir og A. de Leuven)",yes
WOR083800,Reg003075,work,Spanisches Theater (A. W. Schlegel),yes
WOR083850,Reg003077,work,Sparekassen (H. Hertz),yes
WOR083900,Reg003082,work,"Spionen af den fornemme Verden (efter de Saint-Georges’ Roman »L’espion du grand monde«, oversat af Th. Andersen)",yes
WOR083950,Reg003085,work,Språkmästaren (Sproglæreren) (Thomasine Gyllembourg),yes
WOR084000,Reg001119,work,En Spurv i Tranedands (C. Hostrup),yes
WOR084050,Reg003087,work,"Spøg ikke dermed! (Calderón, frit bearbejdet af Benedicte Arnesen Kall)",yes
WOR084100,Reg003093,work,Staberls Reise durch die Luft (A. Bäuerle),yes
WOR084150,Reg003094,work,Staberls Reiseabenteuer (A. Bäuerle),yes
WOR084200,Reg003099,work,Statsmand og Borger (E. Scribe),yes
WOR084250,Reg003104,work,Stevnemødet i Ermelunden (Efter Dumanoirs »Les femmes terribles« af Erik Bøgh),yes
WOR084300,Reg003112,work,Stormen (W. Shakespeare)- Se ogsaa: The Tempest,yes
WOR084350,Reg003116,work,Stradella (efter det franske ved J. Davidsen),yes
WOR084400,Reg000811,work,Der Streichmacher (Karl Meisl),yes
WOR084450,Reg003120,work,Struensee (Heinrich Laube),yes
WOR084500,Reg003119,work,Struensee (H. J. Schimmel),yes
WOR084550,Reg003127,work,Stuen og første Sal (J. N. Nestroy),yes
WOR084600,Reg000682,work,Den Stundesløse (L. Holberg),yes
WOR084650,Reg003128,work,Stærkodder (A. Oehlenschlæger),yes
WOR084700,Reg002089,work,Le Succès (F. A. Harel),yes
WOR084750,Reg003129,work,Sullivan (Mélesville),yes
WOR084800,Reg003138,work,Svanehammen (H. Hertz),yes
WOR084850,Reg001215,work,Et Svar (J. Krohn),yes
WOR084900,Reg003140,work,Svend Dyrings Huus (H. Hertz),yes
WOR084950,Reg003146,work,Svogeren fra Californien (H. Hertz),yes
WOR085000,Reg003147,work,Swenska Sprätthöken (Karl Gyllenborg),yes
WOR085050,Reg003149,work,Sylvesternat (Charlotte Birch-Pfeiffer),yes
WOR085100,Reg003157,work,"Syv militaire Piger (Francis, Armand og Théaulon, bearbejdet af L. Angely)",yes
WOR085150,Reg003158,work,Syvsoverdag (J. L. Heiberg),yes
WOR085200,Reg001124,work,En Søndag paa Amager (Johanne Luise Heiberg),yes
WOR085250,Reg003173,work,Søstrene paa Kinnekullen (C. Hauch),yes
WOR085300,Reg003178,work,T. F. oder der Enthusiast (L. M. Erich),yes
WOR085350,Reg001031,work,Ein Tag Carl Stuart des Zweiten (J. B. Zahlhas),yes
WOR085400,Reg000812,work,Der Tagesbefehl (Karl Töpfer),yes
WOR085450,Reg003180,work,Tak! (Erik Bøgh),yes
WOR085500,Reg000813,work,Der Talisman (J. N. Nestroy),yes
WOR085550,Reg001125,work,En Tantes Ideer (Henri Nicolle),yes
WOR085600,Reg003188,work,"Tanto vales cuanto tienes (Ángel de Saavedra, Hertug af Rivas)",yes
WOR085650,Reg003190,work,Tartuffe (Molière),yes
WOR085700,Reg000609,work,Das Taschenbuch (A. von Kotzebue),yes
WOR085750,Reg003382,work,Une Tasse du thé (Charles Nuitter og Joseph Derley),yes
WOR085800,Reg003229,work,The Tempest (W. Shakespeare)- Se ogsaa: Stormen,yes
WOR085850,Reg003197,work,"Tempora mutantur, oder Die gestrengen Herren (Karl Blum)",yes
WOR085900,Reg001614,work,Ho thanatos tou Markou Botzare (Theodoras Alkaios),yes
WOR085950,Reg003244,work,Théâtre complet (Alfred de Vigny),yes
WOR086000,Reg003234,work,Thomas Thyrnau (Charlotte Birch-Pfeiffer),yes
WOR086050,Reg003249,work,Tiderne skifte (Fr. Paludan-Müller),yes
WOR086100,Reg003263,work,Til Sæters (C. P. Riis),yes
WOR086150,Reg000653,work,"De to Armringe (= Landet fundet og forsvundet, 1. Akt) (A. Oehlenschlæger)",yes
WOR086200,Reg003279,work,To Cousiner (E. F. Koch),yes
WOR086250,Reg003286,work,To Søstre (Ilia Fibiger),yes
WOR086300,Reg003287,work,To Tidsaldre eller Prindsessen i den sovende Skov (Octave Feuillet),yes
WOR086350,Reg003292,work,Tonietta (H. Hertz),yes
WOR086400,Reg003295,work,Tordenskjold i Marstrand (Carit Etlar),yes
WOR086450,Reg003296,work,Tordenveir (C. Hostrup),yes
WOR086500,Reg003304,work,Touboulic-le-Cruel (A. Decomberousse),yes
WOR086550,Reg002090,work,Le Tour de Nesle (A. Dumas père),yes
WOR086600,Reg001128,work,En Tour til Armeen (H. P. Holst),yes
WOR086650,Reg003305,work,Touristen i Nordsjælland (Studenterforestilling 4.4.1868 i Casino),yes
WOR086700,Reg001722,work,"Il tratto (18.2.1841, Teatro Aliberti, Rom)",yes
WOR086750,Reg000610,work,Das Trauerspiel in Tirol (K. Immermann),yes
WOR086800,Reg003310,work,Tre Dage i Padua (H. Hertz),yes
WOR086850,Reg000659,work,De tre Musketerer (M. W. Brun),yes
WOR086900,Reg003585,work,"l tre negozianti da ligne (4.3.1841, Teatro Carlino, Napoli)",yes
WOR086950,Reg000660,work,"De tre Policineller (Le tre pulcinelle) (7.1.1841, Teatro della Pace, Rom)",yes
WOR087000,Reg000762,work,Den trekantede Hat (Villiam Faber),yes
WOR087050,Reg002137,work,Les trois Catherines (Paul Duport),yes
WOR087100,Reg003334,work,Turandot (Carlo Gozzi),yes
WOR087150,Reg003338,work,Tycho Brahes Ungdom (C. Hauch),yes
WOR087200,Reg001222,work,Et ubekjendt Mesterværk (Charles Lafont),yes
WOR087250,Reg003355,work,Ude og hjemme (Bayard og de Wailly),yes
WOR087300,Reg003357,work,Uden Hoved og Hale (L. Holberg),yes
WOR087350,Reg003371,work,Ulysses von Ithacia (L. Holberg),yes
WOR087400,Reg003376,work,Uncle John (John Baldwin Buckstone),yes
WOR087450,Reg003378,work,Under Revolutionen (Efter Alex. Dumas og Maquct af Paul Marcussen),yes
WOR087500,Reg001143,work,En ung flickas dagbok (Eugene Cormon og Grangé),yes
WOR087550,Reg003387,work,Unge Mennesker (Léon Laya),yes
WOR087600,Reg000627,work,De Unges Forbund (H. Ibsen),yes
WOR087650,Reg000628,work,De Usynlige (L. Holberg),yes
WOR087700,Reg003393,work,Val och qval (P. Siraudin og Th. de Langeac),yes
WOR087750,Reg003394,work,Valbygaasen (Erik Bøgh),yes
WOR087800,Reg000916,work,Die Valentine (Gustav Freytag),yes
WOR087850,Reg003403,work,Valérie (E. Scribe og Mélesville),yes
WOR087900,Reg003396,work,Valeur & Compagnie (Bayard og Devorme),yes
WOR087950,Reg003398,work,Valgerda (J. L. Heiberg),yes
WOR088000,Reg003409,work,Ved Dannevirke (H. P. Holst),yes
WOR088050,Reg002008,work,La Vendetta (Ph. Fr. P. Dumanoir og Paul Siraudin),yes
WOR088100,Reg003440,work,Verbrechen aus Ehrsucht (A. W. Iffland),yes
WOR088150,Reg003443,work,Vermländingarne (Frederik August Dahlgren),yes
WOR088200,Reg003383,work,Une Verre d'eau (E. Scribe)- Se ogsaa: Et Glas Vand,yes
WOR088250,Reg000817,work,Der Verschwender (Ferd. Raimund),yes
WOR088300,Reg000836,work,Der verwünschene Prinz (A. Bäuerle),yes
WOR088350,Reg000933,work,Die verwünschte Prinzessin (Gustav Räder),yes
WOR088400,Reg001216,work,"Et Vidunder (Varin og de Biéville, ved P. Chievitz og A. Recke)",yes
WOR088450,Reg003452,work,Viel Lärmen um nichts (Much Ado about Nothing) (W. Shakespeare),yes
WOR088500,Reg001217,work,Et Vinter-Eventyr (W. Shakespeare),yes
WOR088550,Reg003460,work,Viola oder Was lhr wollt (Twelfth-Night) (W. Shakespeare),yes
WOR088600,Reg003467,work,Voilà la chose (Ernest Blum og Alex. Flan),yes
WOR088650,Reg000917,work,Die Vorleserin (La lectrice) (J. F. A. Bayard),yes
WOR088700,Reg001037,work,Eine vornehme Ehe (Octave Feuillet),yes
WOR088750,Reg000818,work,Der Vorsatz (Franz von Holbein),yes
WOR088800,Reg003475,work,"Voyage entre ciel et terre (Felix-Auguste Duvert, Augustin, Théodore Lauzanne de Vauroussel og Paul Duport)",yes
WOR088850,Reg000630,work,De Vrouwe van Waardenburg (Jacob van Lennep),yes
WOR088900,Reg000631,work,De Vrouwenhoeden (efter det Franske af J. Both J. Jzn.),yes
WOR088950,Reg000684,work,Den Vægelsindede (L. Holberg),yes
WOR089000,Reg003477,work,Væringerne i Miklagard (A. Oehlenschlæger),yes
WOR089050,Reg002092,work,Le Wagon des dames (Clairville og O. Gastineau),yes
WOR089100,Reg000918,work,Die Waise aus Lowood (Charlotte Birch-Pfeiffer),yes
WOR089150,Reg003481,work,Wallenstein (Fr. von Schiller),yes
WOR089200,Reg003482,work,Wallensteins Lager (Fr. von Schiller),yes
WOR089250,Reg003483,work,Wallensteins Tod (Fr. von Schiller),yes
WOR089300,Reg000822,work,Der Weiberfeind (R. Benedix),yes
WOR089350,Reg000934,work,Die weisse Pekésche (Karl Töpfer),yes
WOR089400,Reg001035,work,"Ein weisser Othello (Un Tigre de Bengale) (Ed. Brisebarre, overs. af Wilh. Friedrich)",yes
WOR089450,Reg003494,work,Wer iszt mit? (W. Friedrich efter Desaugiers),yes
WOR089500,Reg003496,work,Werner oder Herz und Welt (Karl Gutzkow),yes
WOR089550,Reg000823,work,Der Widerspenstigen Zähmung (Taming of the Shrew) (W. Shakespeare),yes
WOR089600,Reg000919,work,Die Wiener in Berlin (Karl von Holtei),yes
WOR089650,Reg000920,work,Die Wiener in Paris (Karl von Holtei),yes
WOR089700,Reg003504,work,Wilhelm Tell (Fr. von Schiller),yes
WOR089750,Reg003509,work,William Shakespeare (C. J. Boye),yes
WOR089800,Reg003703,work,Über allen Zauber Liebe (Calderón de la Barca),yes
WOR089850,Reg003516,work,"Yelva (Scribe, de Villeneuve og Desvergers)",yes
WOR089900,Reg000685,work,Den Yngste (H. Hertz),yes
WOR089950,Reg003517,work,Yrsa (A. Oehlenschlæger),yes
WOR090000,Reg003520,work,Zar Fedor Iwanowitsch (Alexej Tolstoj),yes
WOR090050,Reg003530,work,Zopf und Schwert (Karl Gutzkow),yes
WOR090100,Reg000826,work,Der Zunftmeister von Nürnberg (Oskar Redwitz),yes
WOR090150,Reg000935,work,Die zwei Ärzte (Alexander Baumann),yes
WOR090200,Reg003687,work,Ægteskabspolitik (A. Thornam),yes
WOR090250,Reg003700,work,Ørkenens Søn (Fr. Halm)- Se ogsaa: Der Sohn der Wildnis,yes
WOR090300,Reg003702,work,Østergade og Vestergade (Th. Overskou),yes
WOR090350,Reg000129,work,Aaen og Havet (Thomas Lange),yes
WOR090400,Reg000135,work,Abdallah eller Firkløveret (E. Laboulaye),yes
WOR090450,Reg000869,work,Die Abderiten (C. M. Wieland),yes
WOR090500,Reg000870,work,Die Adoptivtochter (Karoline von Göhren Ͻ: Karoline von Zöllner),yes
WOR090550,Reg000191,work,Alice (Edward Bulwer),yes
WOR090600,Reg000232,work,Anna-Capri (L. Kruse),yes
WOR090650,Reg000257,work,Araberen i Constantinopel (B. S. Ingemann),yes
WOR090700,Reg000264,work,Arne (Bj. Bjørnson),yes
WOR090750,Reg000269,work,Asschepoester (J. P. Heye),yes
WOR090800,Reg000284,work,Avromche Nattergal (M. Goldschmidt),yes
WOR090850,Reg000311,work,Barfüssele (B. Auerbach),yes
WOR090900,Reg000341,work,Bertha Coppier (J. I. D. Nepveu),yes
WOR090950,Reg000355,work,Bilder aus dem Leben (Julie Burow),yes
WOR091000,Reg000365,work,Bleak House (Charles Dickens),yes
WOR091050,Reg000687,work,Den blege Ridder (A. Oehlenschlæger),yes
WOR091100,Reg000375,work,Bondeliv (Anton Nielsen),yes
WOR091150,Reg000391,work,"Breve fra Helvede, udgivne af M. Rowel (Valdemar Thisted)",yes
WOR091200,Reg003203,work,The Bride of Larmmermoor (W. Scott),yes
WOR091250,Reg000397,work,Broget Selskab (Carit Etlar),yes
WOR091300,Reg003204,work,The Brownies and other tales (Juliana Horatia Ewing),yes
WOR091350,Reg000403,work,Bruden fra Rørvig (Vilh. Bergsøe),yes
WOR091400,Reg000399,work,Brude-Slaatten (Bj. Bjørnson),yes
WOR091450,Reg000588,work,Das Buch Le Grand (H. Heine),yes
WOR091500,Reg000417,work,Bug-Jargal (V. Hugo),yes
WOR091550,Reg000427,work,Børnehistorier (J. Krohn),yes
WOR091600,Reg000494,work,Christian Wohlgemuth (Karoline von Göhren Ͻ: Karoline von Zöllner),yes
WOR091650,Reg000124,work,A Christmas Carol (Charles Dickens),yes
WOR091700,Reg000538,work,Conanchet eller Grænsebeboerne (J. F. Cooper),yes
WOR091750,Reg000543,work,Corinne (Germaine de Staël-Holstein),yes
WOR091800,Reg003206,work,The Cricket on the Hearth (Charles Dickens)- Se ogsaa: Das Heimchen am Herde,yes
WOR091850,Reg000581,work,Danske Folkesagn (J. M. Thiele),yes
WOR091900,Reg000582,work,Danske Fortællinger (Louise Hegermann-Lindencrone),yes
WOR091950,Reg001714,work,Il Decamerone (Boccaccio),yes
WOR092000,Reg000622,work,De Geers Ungdomsliv (Guldmageren) (C. Hauch),yes
WOR092050,Reg000667,work,Demokritos oder hinterlassene Papiere eines lachenden Philosophen (Carl Jul. Weber),yes
WOR092100,Reg002064,work,Le Diable boiteux (Le Sage),yes
WOR092150,Reg000858,work,Diamantkorset (Ove Thomsen),yes
WOR092200,Reg000960,work,Dombey & Son (Charles Dickens),yes
WOR092250,Reg000974,work,Don Quijote (Cervantes),yes
WOR092300,Reg000978,work,Donna Louise (H. Arnaud Ͻ: Fanny Reybaud),yes
WOR092350,Reg001017,work,Efterladte Eventyr og Fortællinger (B.S. Ingemann),yes
WOR092400,Reg001022,work,Eid und Gewissen und die Felsenbraut (L. Kruse),yes
WOR092450,Reg001149,work,Engeln Guldgod m.fl. sagor och berättelser af Lilla Nannas Pappa (Oscar von Knorring),yes
WOR092500,Reg001167,work,Enslingen på Johannisskäret (Emilie Flygare-Carlén),yes
WOR092550,Reg002139,work,Les Épaves (H. Amaud Ͻ: Fanny Reybaud),yes
WOR092600,Reg001182,work,Erindringer fra min Onkels Huus (M. Goldschmidt),yes
WOR092650,Reg001185,work,Ernst Maltravers (E. Bulwer),yes
WOR092700,Reg001246,work,Falddøren. Efter Engelsk (St. St. Blicher),yes
WOR092750,Reg000634,work,De faldende Blade (af: Romantiske Skildringer) (Thomas Lange),yes
WOR092800,Reg001015,work,Eene Familie-Legende (Anna Bosboom-Toussaint),yes
WOR092850,Reg001256,work,Fast Tro (H. P. Holst),yes
WOR092900,Reg001291,work,Fire nye Fortællinger (B. S. Ingemann),yes
WOR092950,Reg001297,work,Fiskeren og hans Kone (Brødrene Grimm’s Eventyr),yes
WOR093000,Reg000638,work,De fjerne Høje (Johanne Schjørring),yes
WOR093050,Reg001331,work,Fortids Skygge (Anna Sønderup),yes
WOR093100,Reg001335,work,Fortælling om Haldor (C. Hauch),yes
WOR093150,Reg001336,work,Fortællinger af l. (Cornelia von Levetzow),yes
WOR093200,Reg001337,work,Fortællinger og Skitser af Klok (J. Krohn),yes
WOR093250,Reg001338,work,Fortællinger og Skitser. Paa Dansk ved Vilhelm Møller. I. (I. Turgenjev),yes
WOR093300,Reg001339,work,Fortællinger og Skizzer (Johanne Schjørring),yes
WOR093350,Reg001348,work,Fra den gamle Fabrik (Vilh. Bergsøe),yes
WOR093400,Reg001351,work,Fra et Hjørne af Kirkegaarden (Carl Bruun),yes
WOR093450,Reg001347,work,Fra Piazza del Popolo (Vilhelm Bergsøe),yes
WOR093500,Reg000675,work,Den Fremsynte (Jonas Lie),yes
WOR093550,Reg001079,work,En Gaade (Carl Bernhard),yes
WOR093600,Reg000707,work,Den gamle Borg (Henriette Brandis),yes
WOR093650,Reg000709,work,Den gamle Gravmand (Old Mortality) (W. Scott),yes
WOR093700,Reg001414,work,Gamle Jomfru Trægaards Erindringer (Henriette Brandis),yes
WOR093750,Reg001080,work,En Geistligs Nytaarsnat (Anonym),yes
WOR093800,Reg001440,work,Genrebilleder (Carl Andersen),yes
WOR093850,Reg001441,work,Georg und die Störche. Ein Märchen der Ipsarioten,yes
WOR093900,Reg003210,work,The Gingerbread Maiden (Laura Friswell),yes
WOR093950,Reg001453,work,Gisella (John Palgrave Simpson),yes
WOR094000,Reg001134,work,En glad Gut (B. Bjørnson),yes
WOR094050,Reg001475,work,Grannarne (Fredrika Bremer),yes
WOR094100,Reg001487,work,Greven af Monte-Christo (A. Dumas peré),yes
WOR094150,Reg001497,work,"Gud ved, hvortil det er godt! Af N. N. Anonymus udi egen Indbildning (Oluf Lundt Bang)",yes
WOR094200,Reg001501,work,Guldhønen (B. S. Ingemann),yes
WOR094250,Reg001503,work,Guldmageren (C. Hauch),yes
WOR094300,Reg001512,work,Guy Mannering (W. Scott),yes
WOR094350,Reg000883,work,Die Hallig (J. Biernatzki),yes
WOR094400,Reg001528,work,Hannchen und die Küchlein (Gottlob Eberhard),yes
WOR094450,Reg001534,work,Hans Stürzebecher und sein Sohn (K. G. Cramer),yes
WOR094500,Reg001539,work,Hausschatz deutscher Prosa (Skolebog) (Bernhard Wolff),yes
WOR094550,Reg001582,work,Herremænd (Carit Etlar),yes
WOR094600,Reg000594,work,Das Heimchen am Herde (Ch. Dickens) - Se ogsaa: The Cricket on the Hearth,yes
WOR094650,Reg001548,work,Heinrich von Ofterdingen (Novalis),yes
WOR094700,Reg001555,work,"Heloise (Talvj Ͻ: Therese A. L. von Jacob, g. Robinson)",yes
WOR094750,Reg001580,work,Herr und Diener (L. Kruse),yes
WOR094800,Reg001086,work,En Historie fra de fattige Steder (L. Budde),yes
WOR094850,Reg001087,work,En Historie om Vinden (L. Budde),yes
WOR094900,Reg001608,work,Hjalmar og Solblink (J. C. Gerson),yes
WOR094950,Reg001609,work,Hjemlige Fortællinger (Ulla Maria),yes
WOR095000,Reg001610,work,Hjemmefra (H. Tolderlund),yes
WOR095050,Reg001621,work,Holger Danske (Folkebogen),yes
WOR095100,Reg001642,work,Hroars Saga (A. Oehlenschlæger),yes
WOR095150,Reg001648,work,Humphry Clinkers Reise (Tobias Smollett).,yes
WOR095200,Reg001659,work,Hvad er Livet? (Elisabeth Martens),yes
WOR095250,Reg001666,work,Hvorledes fanger man en Solstraale. En Julegave efter det Engelske (Matilda Anne Mackarness),yes
WOR095300,Reg001677,work,Hölty. Roman (Friedrich Voigts),yes
WOR095350,Reg001688,work,I Naadsensaaret (Chr. Winther),yes
WOR095400,Reg001736,work,Im Walde (Julie Burow),yes
WOR095450,Reg001762,work,Ivar Lykkes Historie (Fr. Paludan-Milller),yes
WOR095500,Reg001775,work,Jane Eyre (Charlotte Brontë),yes
WOR095550,Reg001805,work,Johan Gordon (P. E. Lind),yes
WOR095600,Reg001823,work,Joseph Rushbrook (Frederick Marryat),yes
WOR095650,Reg001839,work,Julekongen (Iver og Julia Rosenkrantz),yes
WOR095700,Reg001861,work,Jøderne paa Hald (St. St. Blicher),yes
WOR095750,Reg001878,work,Kastaniebaandet. Novelle af Paul Winther (Clara Andersen),yes
WOR095800,Reg001093,work,En Katekisation (P. Chr. Asbjørnsen),yes
WOR095850,Reg001888,work,Kejserinden af Spinetta (Paul Heyse),yes
WOR095900,Reg001890,work,Kenilworth (W. Scott),yes
WOR095950,Reg001908,work,"Klein Zaches, genannt Zinnober (E. Th. A. Hoffmann)",yes
WOR096000,Reg001918,work,Knud Nielsen (af: »Livsbilleder af I«) (Cornelia von Levetzow),yes
WOR096050,Reg000789,work,Der Komet oder Nicolaus Marggraf (Jean Paul),yes
WOR096100,Reg001923,work,Kong Hjort (Thomasine Gyllembourg),yes
WOR096150,Reg001925,work,Kong Lear paa Heden (Steppens Kong Lear) (I. Turgenjev),yes
WOR096200,Reg001952,work,Krøniker fra Kong Erik af Pommerns Tid (Carl Bernhard),yes
WOR096250,Reg002035,work,Landsbybørnene (B. S. Ingemann),yes
WOR096300,Reg002036,work,Landsbydoctoren (St. St. Blicher),yes
WOR096350,Reg002042,work,Lars og Mette (A. Rosenkilde),yes
WOR096400,Reg003215,work,The Last of the Barons (Edward Bulwer),yes
WOR096450,Reg000894,work,Die Leiden des jungen Werthers (J. W. von Goethe),yes
WOR096500,Reg002150,work,Lieutenant Jergunovs Eventyr (I. Turgenjev),yes
WOR096550,Reg002161,work,Littie Dorrit (Charles Dickens),yes
WOR096600,Reg002163,work,Livets Conflicter (Carit Etlar),yes
WOR096650,Reg002167,work,Livsbilleder af I (Cornelia v. Levetzow),yes
WOR096700,Reg002170,work,Lodsen og hans Hustru (Jonas Lie),yes
WOR096750,Reg000643,work,De lotgevallen van Klaasje Zevenster (Jakob van Lennep),yes
WOR096800,Reg002211,work,Lys og Skygge (Henriette Brandis),yes
WOR096850,Reg002286,work,Majoratet (E. Th. A. Hoffmann),yes
WOR096900,Reg002294,work,"Manden, som ler (V. Hugo)",yes
WOR096950,Reg002336,work,Marmaduke Herbert or The Fatal Error (Lady Marguerite Blessington),yes
WOR097000,Reg002344,work,Master Humphreys Wanduhr (Master Humphrey's Clock) (Charles Dickens),yes
WOR097050,Reg002347,work,"Matrosens Bryllup (Episode af »Ben Brace«, 6. Kapitel) (Fr. Chamier)",yes
WOR097100,Reg002367,work,Meister Floh (E. Th. A. Hoffmann),yes
WOR097150,Reg002373,work,Memoiren eines bleiernen Soldaten für Knaben von 8-10 Jahren (Amalie Winter),yes
WOR097200,Reg002389,work,Midlothians Hjerte (W. Scott),yes
WOR097250,Reg002397,work,Min første Drøm i Rom (Vilhelm Bergsøe),yes
WOR097300,Reg002413,work,Miss Shum's Husband (W. M. Thackeray),yes
WOR097350,Reg002467,work,"Naomi und Christian, oder: Der arme Geiger (Gustav Nieritz)",yes
WOR097400,Reg002477,work,Nat og Morgen (Night and Morning) (Edward Bulwer),yes
WOR097450,Reg002505,work,Nicholas Nickleby (Charles Dickens),yes
WOR097500,Reg002531,work,Norske Folkeeventyr (P. C. Asbjørnsen og Jørgen Moe),yes
WOR097550,Reg002532,work,Notre-Dame de Paris (V. Hugo),yes
WOR097600,Reg000605,work,Das Novellenbuch (Eduard von Bülow),yes
WOR097650,Reg002533,work,Noveller (St. St. Blicher),yes
WOR097700,Reg000744,work,Den nysgjerrige Kone (Madame Leprince de Beaumont),yes
WOR097750,Reg002633,work,Otte nyere Forelæsninger (Erik Bøgh),yes
WOR097800,Reg001220,work,Et overflødigt Menneskes Dagbog (I. Turgenjev),yes
WOR097850,Reg001109,work,"En Pennetegning. Af Calma (Axelline Lund, Ill. Tidende 30.8.1874, Tillæg)",yes
WOR097900,Reg002688,work,"Pietro Mancino, der Bandit (K. E. R. Belani)",yes
WOR097950,Reg002706,work,Poetiske Naturer (Thomas Lange),yes
WOR098000,Reg002732,work,Prinds Otto af Danmark (B. S. Ingemann).,yes
WOR098050,Reg001705,work,I promessi sposi (A. Manzoni),yes
WOR098100,Reg001110,work,"En Præsts Hemmelighed (Efter det Franske, Aftenlæsning 1871)",yes
WOR098150,Reg000680,work,Den Pukkelryggede (Efter M. S. Schwartz),yes
WOR098200,Reg002758,work,Quits (Baronesse Jemina Tautphoeus),yes
WOR098250,Reg000800,work,Der Rabbi von Bacharach (H. Heine),yes
WOR098300,Reg002766,work,Rachel Gray (Julia Kavanagh),yes
WOR098350,Reg002775,work,Ravnen (M. Goldschmidt),yes
WOR098400,Reg002815,work,Robert Fulton (C. Hauch),yes
WOR098450,Reg002819,work,Roderick Random (Tobias Smollett),yes
WOR098500,Reg002842,work,Romantiske Skildringer (Thomas Lange),yes
WOR098550,Reg002859,work,Rudin (I. Turgenjev),yes
WOR098600,Reg002863,work,Røde Robin (W. Scott),yes
WOR098650,Reg002934,work,Sanct Ronans Brønd (W. Scott),yes
WOR098700,Reg002959,work,Sarons Rose (af »Tre Fortællinger«) (Sigurd Müller).,yes
WOR098750,Reg000607,work,Das Schatzkästlein des Gevattersmanns (B. Auerbach),yes
WOR098800,Reg002971,work,Schwarzwälder Dorfgeschichten (Berthold Auerbach),yes
WOR098850,Reg000914,work,Die Serapionsbrüder (E. Th. A. Hoffmann),yes
WOR098900,Reg000650,work,De sidste Herrer af Gervansborg (B. S. Ingemann),yes
WOR098950,Reg002991,work,Siegfried von Lindenburg (J. G. Müller von Itzehoe),yes
WOR099000,Reg003001,work,"Sir Launcelot Greaves og hans Venners, Søemandens og Advokatens, Tildragelser (Tobias Smollett)",yes
WOR099050,Reg003010,work,Sjöjungfruns sagor (W. Bäckman),yes
WOR099100,Reg003023,work,Skizzer fra Krigen (M. Gjørup),yes
WOR099150,Reg003039,work,Slottet ved Rhinen (C. Hauch),yes
WOR099200,Reg003044,work,Smaahistorier 2. Samling (1875) (L. Budde),yes
WOR099250,Reg003100,work,Stedmoder og Steddatter (Athalia Schwartz),yes
WOR099300,Reg003124,work,Studie en uitspanning (J. J. D. Nepveu),yes
WOR099350,Reg003137,work,Svalerne og Blodiglerne (De muschjes en de bloedzuigers) (Johannes Kneppelhout),yes
WOR099400,Reg003143,work,Svenskerne paa Kronborg (H. F. Ewald),yes
WOR099450,Reg003155,work,Syskonlif (Fredrika Bremer),yes
WOR099500,Reg003156,work,Syv Aar. Et Bidrag til et nordisk Riges hemmelige Hof-Historie (L. Kruse),yes
WOR099550,Reg003165,work,Søerøveren (W. Scott),yes
WOR099600,Reg000761,work,Den tavse Mand (af: Fortællinger og Skizzer) (Johanne Schjørring),yes
WOR099650,Reg003195,work,Telse (St. St. Blicher),yes
WOR099700,Reg003259,work,Til Maalet (Thorald Læssøe),yes
WOR099750,Reg003281,work,To Fortællinger af I (Cornelia von Levetzow),yes
WOR099800,Reg000657,work,De to Jernringe (A. Oehlenschlæger),yes
WOR099850,Reg003290,work,Tom Jones (Henry Fielding),yes
WOR099900,Reg003317,work,Tremasteren Fremtiden (Jonas Lie),yes
WOR099950,Reg003322,work,Triumf (Henriette Brandis),yes
WOR100000,Reg002135,work,Les Trois mousquetaires (A. Dumas père),yes
WOR100050,Reg003324,work,Trolldomstecknet (Sofie Bolander),yes
WOR100100,Reg003326,work,Tropmanns sidste Nat (l. Turgenjev),yes
WOR100150,Reg000816,work,Der Troubadur (E. G. von Brunnow),yes
WOR100200,Reg003335,work,Tusind og een Nat.,yes
WOR100250,Reg003379,work,Undine (Fr. de la Motte Fouqué),yes
WOR100300,Reg001142,work,En ung Piges Historie (Cornelia von Levetzow),yes
WOR100350,Reg001144,work,En ungdommelig Historie (L. Budde),yes
WOR100400,Reg000932,work,Die unsichtbare Loge (Jean Paul),yes
WOR100450,Reg003414,work,Ved Nytaarstid i Nøddebo Præstegaard (H. Scharling),yes
WOR100500,Reg003446,work,Veronicas Sorg (Axelline Lund),yes
WOR100550,Reg003230,work,The Vicar of Wakefield (Oliver Goldsmith),yes
WOR100600,Reg003455,work,Village Tales from the Black Forests (Berthold Auerbach)- Se ogsaa: Schwarzwälder Dorfgeschichten,yes
WOR100650,Reg003464,work,Visioner (I. Turgenjev),yes
WOR100700,Reg003471,work,Voyage autour de ma chambre (Xavier de Maistre),yes
WOR100750,Reg003478,work,Waldeinsamkeit (Carl Alexander af Sachsen-Weimar-Eisenach),yes
WOR100800,Reg003484,work,Wallensteins erste Liebe (Karl Herloszsohn),yes
WOR100850,Reg003493,work,Weltglück (Therese von Bacheracht),yes
WOR100900,Reg003501,work,Wiener Lebensbilder (I. F. Castelli),yes
WOR100950,Reg003503,work,Wilhelm Meisters Lehrjahre (J. W. von Goethe),yes
WOR101000,Reg003515,work,Wundersame Liebesgeschichte der schönen Magelone und des Grafen Peter aus der Provence (L. Tieck),yes
WOR101050,Reg003519,work,Zanoni (Edward Bulwer),yes
WOR101100,Reg003529,work,"Zitta, Domkirkens Datter (O. C. Lund)",yes
WOR101150,Reg003697,work,Øen i Sydhavet (A. Oehlenschlæger),yes
WOR101200,Reg000131,work,Aanden i Naturen (H.C. Ørsted),yes
WOR101250,Reg000159,work,Af Jonas Collins Papirer (Edgar Collin),yes
WOR101300,Reg000161,work,Af mit Livs Aarbøger (Just Mathias Thiele),yes
WOR101350,Reg000195,work,"Allgemeines Theater-Lexikon, hrsg. von R. Blum, K. Herloszsohn und H. Markgraff",yes
WOR101400,Reg000197,work,Almindelig Verdenshistorie i Udtog (H. A. Kofod),yes
WOR101450,Reg000198,work,Alpenreisen (J. G. Kohl),yes
WOR101500,Reg000199,work,"Alperne (H. A. von Berlepsch, oversat af Jonas Collin d. Y.)",yes
WOR101550,Reg000235,work,Anonymer og Pseudonymer i den danske Litteratur indtil 1860 (E. Collin),yes
WOR101600,Reg000236,work,Ansichten der Natur (Alexander von Humboldt),yes
WOR101650,Reg000256,work,Arabere og Kabyler (Carit Etlar),yes
WOR101700,Reg003200,work,The Ascent of Mont Blanc (Albert Smith),yes
WOR101750,Reg000296,work,"Badestederne i Schweiz og Frankrig, der kunne træde istedet for de tydske (O. L. Bang)",yes
WOR101800,Reg000312,work,Barndoms- og Ungdoms-Minder (A. Munch),yes
WOR101850,Reg000323,work,Begrebet Angest (S. Kierkegaard),yes
WOR101900,Reg000332,work,"Beretning om Corvetten Galathea's Reise omkring Jorden i Aarene 1845, 46 og 47 (Steen Bille)",yes
WOR101950,Reg000337,work,Berner - Linde - Hall contra Mantzius (Kr. Mantzius),yes
WOR102000,Reg000344,work,"Berühmte Liebespaare (Elise von Hohenhausen, Ͻ: Elise Rudiger)",yes
WOR102050,Reg000346,work,"Beskrifning öfver the i Öster-Götland befintlige städer, slott, soknekyrkor, soknar . . . (C. F. Broocman)",yes
WOR102100,Reg001023,work,Ein Besuch bei dem Dichter H. C. Andersen (Illustrirte Zeitung 14.12.1872) (P. F. Siebold),yes
WOR102150,Reg001195,work,Et Besøg hos H. C. Andersen (Efter Chicago Times 27.4.1873) (Dagbladet 9.6.1873),yes
WOR102200,Reg000349,work,Bibelen,yes
WOR102250,Reg000350,work,Bidrag til den danske Boghandels Historie (Camillus Nyrop),yes
WOR102300,Reg000352,work,Bigarrures Iittéraires (J. Petit-Senn),yes
WOR102350,Reg000362,work,Biographie Lord Byron's (Wilhelm Müller),yes
WOR102400,Reg000381,work,Botaniska utflygter III (1864) (Elias Fries),yes
WOR102450,Reg000384,work,"Branden i Chicago (S. D. Jacobsen, Dagbladet 28.12.1871, Nr. 311)",yes
WOR102500,Reg000386,work,Bref och dagboksanteckningar (Adolf Törneros),yes
WOR102550,Reg000392,work,Breve fra J. P. Mynster,yes
WOR102600,Reg000394,work,Breve fra og til Hans Christian Ørsted. Udgivne af Mathilde Ørsted,yes
WOR102650,Reg000393,work,Breve fra Rusland (Robert Watt),yes
WOR102700,Reg000395,work,Briefe eines Verstorbenen (Fyrst Hermann Pückler-Muskau),yes
WOR102750,Reg000396,work,Briefe gegen den Malerialismus (Fr. Fabri),yes
WOR102800,Reg000452,work,"Carl Bloch (Fremtidens Nytaarsgave VII, 1873) (Frederik Bøgh)",yes
WOR102850,Reg002114,work,Les Catholiques et les libertés (P. de Haulleville),yes
WOR102900,Reg000498,work,"Christiane Oehlenschlæger, født Heger (Historisk Archiv 1871 II) (Nicolaj Bøgh)",yes
WOR102950,Reg000499,work,Christiern den anden i Sverige og Carl X Gustav i Danmark. Historiske Foredrag holdte i det skandinaviske Selskab (Fr. Hammerich),yes
WOR103000,Reg003205,work,"The City of the Sultan, and Domestic Manners of the Turks (Julia Pardoe)",yes
WOR103050,Reg000525,work,Clemens Brentanos Frühlingskranz (Bettina von Arnim),yes
WOR103100,Reg000533,work,"Codex argenteus (Wulfilas Bibeloversættelse) Ms., UB Uppsala",yes
WOR103150,Reg000540,work,Constantinopel und seine Umgebung,yes
WOR103200,Reg000541,work,Conversations-Lexikon. Allgemeine deutsche Real-Encyklopädie. 12. Ausg. 1874,yes
WOR103250,Reg000542,work,Conversations·Lexikon der Gegenwart,yes
WOR103300,Reg000546,work,Correspondance et mémoires d’un voyageur en Orient (Eugène Boré),yes
WOR103350,Reg000774,work,Der Crédit (Stefan Széchenyi),yes
WOR103400,Reg000572,work,"Danmarks Frøer og Tudser, Iagttagelser og kritiske Bemærkninger (Naturhist. Tidsskr. 3. Rk. VI, 1869) (Jonas Collin d. Y.)",yes
WOR103450,Reg000674,work,Den Danske Atlas (Erik Pontoppidan),yes
WOR103500,Reg000586,work,"Danske, især kjøbenhavnske Stemninger og Tilstande ved og efter Overgangen til det 19. Aarhundrede. Udg. ved F. Schiern (E. C. Werlauff)",yes
WOR103550,Reg000583,work,"Danske Komponister. Fire Skildringer [Weyse, Kuhlau, Hartmann og Gade] (Carl Thrane)",yes
WOR103600,Reg000691,work,Den danske Krønicke som Saxo Grammaticus screff (Anders Sørensen Vedels Oversættelse),yes
WOR103650,Reg000633,work,"De danske Øer. Illustreret Reisehaandbog, udg. af Foreningen Fremtiden (P. V. Grove)",yes
WOR103700,Reg000648,work,De officiis (M. T. Cicero),yes
WOR103750,Reg000768,work,"Denkwürdigkeiten aus Griechenland (Fr. Müller, udg. af P. O. Brøndsted)",yes
WOR103800,Reg000876,work,Die Donau vom Ursprunge bis zu den Mündungen (Adalbert Müller),yes
WOR103850,Reg000985,work,Drei Reisen nach Italien (Karl von Rumohr),yes
WOR103900,Reg000924,work,"Die dänische Poesie der Gegenwart (Die Grenzboten, 1844) (Eduard Boas)",yes
WOR103950,Reg001018,work,Efterretning om Nyborg Amt (Th. Lente-Adeler),yes
WOR104000,Reg000925,work,Die eherne Schlange,yes
WOR104050,Reg001041,work,"Einige Worte über Pferdezucht, in besonderer Beziehung auf Haupt- und Landgestüte (Hertug Christian August af Augustenborg)",yes
WOR104100,Reg001046,work,Elementargeister (H. Heine),yes
WOR104150,Reg001165,work,"Englische Geschichte, vornehmlich im 17. Jahrhundert (Leopold von Ranke)",yes
WOR104200,Reg001172,work,"Er den Fortolkning af Profeten Daniels Spaadomme (Cap. 2 og 7) for hvis Rigtighed Undertegnede formener her atter at have fremsat en Mængde af mere eller mindre stærke Grunde, virkelig den rette, da ere samme Spaadomme af høieste Vigtighed, dels fordi de da ei alene ere nogle af de stærkeste Beviser for den aabenbarede Religions Sandhed, og dels fordi de meddele en Underretning om alle vore europæiske Staters endelige fredelige og verdslige Forening til en stedseværende Universalstat (Hans Bjerregaard)",yes
WOR104250,Reg001171,work,Er Hr. Lic. Henrik Scharling en alvorlig Mand? (Rudolf Schmidt),yes
WOR104300,Reg001179,work,Erindringer (A. Oehlenschlæger),yes
WOR104350,Reg001180,work,Erindringer af mit Liv I-V (K. L. Rahbek),yes
WOR104400,Reg001181,work,Erindringer fra Bakkehuset (J. M. Thiele),yes
WOR104450,Reg001189,work,Esaias Tegnérs lefnad (C. W. Böttiger),yes
WOR104500,Reg001192,work,Essai sur l’histoire de la Litterature Néerlandaise (J. van’s Gravenweert),yes
WOR104550,Reg001249,work,Familjeanekdoter och minnen från barndommen (Edvard Fredrik von Saltza),yes
WOR104600,Reg001276,work,Femmes-poétes (Henri Blanvalet),yes
WOR104650,Reg001329,work,Forsøg til en almindelig Naturhistorie (Esaias Fleischer),yes
WOR104700,Reg001357,work,Fra Ægypternes Land (Robert Watt),yes
WOR104750,Reg000705,work,Den franske Æsthetik i vore Dage (G. Brandes),yes
WOR104800,Reg001025,work,Ein Freund und Mitarbeiter Wolfgang Amadeus Mozart’s. Denkwürdigkeiten des Lorenzo da Ponte von Ceneda,yes
WOR104850,Reg001395,work,Fru Gyllembourg og hendes Værker i Forhold til vor Tid (Benedicte Arnesen Kall),yes
WOR104900,Reg001422,work,Garibaldis Denkwürdigkeiten (Elpis Melena Ͻ: Marie Esperance Schwartz),yes
WOR104950,Reg001436,work,Gelehrtes München im Jahre 1834 (Adolf von Schaden),yes
WOR105000,Reg001446,work,Geschichte des dänischen Hofes (Eduard Maria Oettinger),yes
WOR105050,Reg001452,work,Giordano Bruno (H. Brøchner),yes
WOR105100,Reg003546,work,"[Grev E. F. von Saltzas Levned, Biographisk Lexicon XIII, 1847, S. 290-98].",yes
WOR105150,Reg001470,work,"Goethe und Werther. Briefe Goethes (an Joh. Christian Kestner, Lotte und Hans Buff) meistens aus seiner Jugendzeit, mit erläuternden Dokumenten. Hrsg. v. Aug. Kestner (1854)",yes
WOR105200,Reg001518,work,Haandbog i Fædrelandets Historie (C. F. Allen),yes
WOR105250,Reg000677,work,Den Hallske Politik. En Skizze (Harald Raasløff),yes
WOR105300,Reg001527,work,Handbok för Resande i Sverige (Abraham Bohlin),yes
WOR105350,Reg001529,work,Hans Christian Ørsted. Et Mindeskrift (J. G. Forchhammer),yes
WOR105400,Reg001540,work,"Havet, dets Plante- og Dyreverden (Georg Hartwig)",yes
WOR105450,Reg001545,work,Heimskringla (Snorre Sturluson),yes
WOR105500,Reg001547,work,Heinrich Heine über Ludwig Börne (H. Heine),yes
WOR105550,Reg001557,work,Hendschels Telegraph,yes
WOR105600,Reg001583,work,Herrernes Noteringskalender 1873 (ved A. Westrup),yes
WOR105650,Reg001593,work,Hinsidan Sundet. Danska epistlar af Orvar Odd (O. P. Sturzen-Becker),yes
WOR105700,Reg001594,work,Hinsides Atlanterhavet (Robert Watt),yes
WOR105750,Reg001597,work,Histoire de Jane Gray (J. M. Dargaud),yes
WOR105800,Reg001599,work,Histoire des Girondins (Alphonse de Lamartine),yes
WOR105850,Reg001598,work,Histoire de la littérature en Danemark et en Suède (Xavier Marinier),yes
WOR105900,Reg001605,work,Historiske Antegnelser til Ludvig Holbergs atten første Lystspil (E. C. Werlauff),yes
WOR105950,Reg001606,work,Historiske Beskrivelser over den Mærkværdige og meget fyrgterlige store Ildebrand 1728 (C. F. Reiser),yes
WOR106000,Reg001650,work,Hundert und ein Tag auf meinem Pferde und ein Ausflug nach der Insel Maddalene (Eipis Melena Ͻ: Marie Esperance Schwartz),yes
WOR106050,Reg001665,work,Hvor skal jeg sætte min Sön i Skole? (Knud Gad),yes
WOR106100,Reg001711,work,Igjennem Europa (Robert Watt),yes
WOR106150,Reg003588,work,ltalienische Reise (J. W. von Goethe),yes
WOR106200,Reg001774,work,Jammers-Minde (Leonora Christina Ulfeldt),yes
WOR106250,Reg001788,work,Jens Baggesens Biographie (August Baggesen),yes
WOR106300,Reg000642,work,De jeugd van beroemde mannen (Agatha Ͻ: Reinoudina de Goeje),yes
WOR106350,Reg001817,work,Johannes-Evangeliet (fransk Oversættelse),yes
WOR106400,Reg001829,work,Journey to Angora (William Ainsworth),yes
WOR106450,Reg001854,work,Just Mathias Thiele (Ill. Tidende 22.11.1874) (Nicolaj Bøgh),yes
WOR106500,Reg001883,work,Kaulbach i sit Hjem (Nicolaj Bøgh),yes
WOR106550,Reg000729,work,"Den kongelige danske Skuepladses Historie, fra dens Overdragelse til Staten i 1849 indtil 1874. Første Deel (Th. Overskou)",yes
WOR106600,Reg001936,work,Kongespeilet,yes
WOR106650,Reg001938,work,Koranen,yes
WOR106700,Reg002027,work,Labyrinthen (J. Baggesen),yes
WOR106750,Reg000597,work,Das Leben Jesu (Karl August Hase),yes
WOR106800,Reg000792,work,Der Lehrerberuf in seinen Antinomien (Carl Theodor Schumacher),yes
WOR106850,Reg002140,work,Letters from the Shores of the Baltic (Elizabeth Rigby),yes
WOR106900,Reg002141,work,Lettres açoréennes (Henri Drouet),yes
WOR106950,Reg002151,work,Life of Columbus (Washington Irving),yes
WOR107000,Reg002162,work,Liv i Norden (Fredrika Bremer),yes
WOR107050,Reg002143,work,Levnetsbog (B. S. Ingemann),yes
WOR107100,Reg002152,work,"Lifvet i gamla verlden l, 1. Schweitz (Fredrika Bremer)",yes
WOR107150,Reg002172,work,Lohengrin & Tannhäuser de Richard Wagner (Fr. Liszt),yes
WOR107200,Reg002176,work,Lord Byrons personlige Character (C. Molbech),yes
WOR107250,Reg002193,work,"Ludwig Holberg, sein Leben und seine Schriften (Robert Prutz)",yes
WOR107300,Reg002222,work,Lübische Geschichten und Sagen (Ernst Deecke),yes
WOR107350,Reg002209,work,Lyrisk Poesie (J. L. Heiberg),yes
WOR107400,Reg001100,work,En Maaned i Spanien (Chr. K. F. Molbech),yes
WOR107450,Reg002372,work,Memoir of Col. Chas. S. Todd (G. W. Griffin),yes
WOR107500,Reg002095,work,Le mie prigioni (Silvio Pellico),yes
WOR107550,Reg002398,work,Minder fra min Barndom og min Ungdom (C. Hauch),yes
WOR107600,Reg002399,work,Minder om min første Udenlandsreise (C. Hauch),yes
WOR107650,Reg002409,work,Minnen från 1849 års danska Fälttåg under General Rye (Oscar von Knorring),yes
WOR107700,Reg002418,work,Mit Theaterliv II (1865). (A. Bournonville),yes
WOR107750,Reg002424,work,Moeurs et coutumes de l'Algérie (E. Daumas),yes
WOR107800,Reg001704,work,I monumenti dell' Egitto e della Nubia (Ippolito Rosellini),yes
WOR107850,Reg002431,work,Morgenland und Abendland vom Verfasser der Cartons [Ͻ: K. von Hailbronner]),yes
WOR107900,Reg002471,work,Napoleon III. Erindringer fra Wilhelmshöhe og Chrislehurst (L. Frost),yes
WOR107950,Reg002483,work,Neapel und die Neapolitaner (K. A. Mayer),yes
WOR108000,Reg002519,work,Nogle Bemærkninger med Hensyn til Digteren H. C. Andersens Poesie (C. Hauch),yes
WOR108050,Reg002521,work,Nogle Træk af Livet i Kjøbenhavn for en Menneskealder siden (J. Plenge),yes
WOR108100,Reg001588,work,Het Noorden en het Oosten (J. van's Gravenweert),yes
WOR108150,Reg002564,work,"Nye Samlinger til den Danske Historie, udg. af P. F. Suhm l (heri Amores Christiani IVti med Bilag)",yes
WOR108200,Reg002589,work,Odense og nærmeste Omegn i Billeder og med historisk beskrivende Text (J. Lauritzen),yes
WOR108250,Reg002605,work,"Om Hesteavl og Væddeløb (Stephan Széchenyi, oversat af Edv. Collin)",yes
WOR108300,Reg002607,work,Om Holger-Danske-Sagnet (Pauline Worm),yes
WOR108350,Reg002610,work,One Year in Sweden (Horace Marryat),yes
WOR108400,Reg002616,work,Oplysninger om Theaterforhold i 1849-58 (Th. Overskou),yes
WOR108450,Reg002620,work,"Optegnelser af danske, især kjøbenhavnske Tilstande (E. C. Werlauff),Se: Danske, især Kjøbenhavnske Tilstande",yes
WOR108500,Reg003550,work,"[Orglerne i Le Locle] (Jules F. W. Jürgensen). Ifølge Oplysninger af Fritz Jung, Le Locle, drejer det sig om en Pjece paa 32 Sider, oplæst 16.11.1859 ved Indvielsen af Orglet i den reformerte Kirke (Temple français) i Le Locle.",yes
WOR108550,Reg002621,work,Orientalische Briefe (Ida Hahn-Hahn),yes
WOR108600,Reg001223,work,"Ett par blad ifrån Rhenstranden, eller Marienberg ocb Kaiserwerth (Fredrika Bremer)",yes
WOR108650,Reg002654,work,Pariser-Fotografier. Ny Række (Robert Watt),yes
WOR108700,Reg000606,work,Das Passions-Schauspiel im Dorfe Oberammergau in Oberbayern und seine Bedeutung für die neue Zeit (Ed. Devrient),yes
WOR108750,Reg002684,work,Physiognomiske Studier (Sophus Schack),yes
WOR108800,Reg002687,work,Picturesque America (W. C. Bryant),yes
WOR108850,Reg002702,work,Poeten der Jetztzeit in Briefen an eine Frau (Johannes Scherr),yes
WOR108900,Reg002721,work,Portugal. Erinnerungen aus dem Jahre 1842 (Felix von Lichnowsky),yes
WOR108950,Reg002723,work,Postscriptum til Skriftet »Udvalg af Breve fra Mænd og Qvinder« (P. Hjort),yes
WOR109000,Reg002727,work,Prakt. Reisehandbuch nach und durch Italien (August Lewald),yes
WOR109050,Reg002783,work,"Reise der österreichischen Fregatte Novara um die Erde in den Jahren 1857, 1858, 1859 unter den Befehlen des Commodore B. von Wüllentorf-Urbair (1867)",yes
WOR109100,Reg002784,work,Reise durch Skandinavien (Skiz:ten aus dem Norden) (Th. Mügge),yes
WOR109150,Reg002786,work,"Reise giennem en Deel af Tydskland, Frankrige, England og Italien i Aarene 1819 og 1820 (C. Molbech)",yes
WOR109200,Reg002787,work,"Reise i Øst- og Vest-Finmarken samt til Beeren-Eiland og Spitsbergen, i Aarene 1827 og 1828 (B. M. Keilhau)",yes
WOR109250,Reg002788,work,Reise in das Morgenland in den Jahren 1836 und 1837 (Gotthilf Heinrich von Schubert),yes
WOR109300,Reg002790,work,Reise nach Italien und Sicilien (A. W. Kephalides),yes
WOR109350,Reg000906,work,Die Reise um die Welt. Karlsruhe 1860-61,yes
WOR109400,Reg002798,work,Resa i Italien 1780-82 (Carl August Ehrensvärd),yes
WOR109450,Reg002839,work,Romanen om Rosen (S. C. O. F. Broberg),yes
WOR109500,Reg000748,work,Den romantiske Skole i Tydskland (Hovedstrømninger II). (G. Brandes),yes
WOR109550,Reg000912,work,Die Schweiz nebst den angrenzenden Theilen (K. Baedeker),yes
WOR109600,Reg003002,work,Sir Walter Scott as a Poet (G. M. Sproat),yes
WOR109650,Reg003021,work,Skildringer fra Spanien (Jacob Kornerup),yes
WOR109700,Reg003073,work,Spanierne i Danmark (Historiske Studier l) (Fr. Schiern),yes
WOR109750,Reg003076,work,Spanske Tilstande i Fortid og Nutid (L. Lund),yes
WOR109800,Reg003097,work,Statistisk-topographisk Beskrivelse af Kongeriget Danmark (J. P. Trap) 1. Udgave (1858-60),yes
WOR109850,Reg003098,work,Statistisk-topographisk Beskrivelse af Kongeriget Danmark (J. P. Trap) 2. Udgave. 3. Deel (1872),yes
WOR109900,Reg003106,work,"Stjernehimlen (F. Kaiser, oversat af Mathilde Ørsted)",yes
WOR109950,Reg003126,work,Studies in Litetature (G. W. Griffin),yes
WOR110000,Reg003133,work,Supplement-Tafeln zu Joh. Hübners genealogischen Tabellen (Dronning Marie Sophie Frederikke),yes
WOR110050,Reg003134,work,Sur terre et sur mer (Henri Drouet),yes
WOR110100,Reg003181,work,Talmud,yes
WOR110150,Reg003239,work,"Thorvaldsen, sa vie et son oeuvre (Eugéne Plon)",yes
WOR110200,Reg003241,work,"Thorvaldsen, sa vie et son oeuvre (Eugéne Plon)- Engelsk Oversættelse: Thorvaldsen, his life and works, transl. by Mrs. C. Hoey",yes
WOR110250,Reg003241,work,Thorvaldsens Biographie (J. M. Thiele),yes
WOR110300,Reg003250,work,"Til Belysning af Holbergs og Heibergs Forbilleder (Det 19. Aarhundrede, 2det Hefte 1874) (Edvard Brandes)",yes
WOR110350,Reg003268,work,Tilbageblik paa mit Liv og min Forfattervirksomhed fra 1811-37 (B. S. Ingemann),yes
WOR110400,Reg003278,work,To Capitler af det Skjönnes Naturlære (H. C. Ørsted),yes
WOR110450,Reg002091,work,Le Tour de monde (1863),yes
WOR110500,Reg003309,work,"Travels in North America, with Geological Observations (Charles Lyell)",yes
WOR110550,Reg000857,work,Det tredie slesvigske Felttog (Fr. Hammerich),yes
WOR110600,Reg003318,work,Trende Epistler til *** i Oversættelse fra 1745. Ved I. Levin (L. Holberg),yes
WOR110650,Reg003330,work,Træk af Thorvaldsens Konstner- og Omgangsliv (C. F. Wilckens),yes
WOR110700,Reg003364,work,Udvalg af Breve fra Mænd og Qvinder skrevne gjennem en lang Række År til P. Hjort og nu udgivne med biografiske og literærhistoriske Anmærkninger af Modtageren,yes
WOR110750,Reg003412,work,Ved Henrik Hertz's Jordefærd i Frue Kirke d. 4. Marts 1870 (N. G. Blædel),yes
WOR110800,Reg003413,work,Ved Johan Ludvig Heibergs Jordefærd (H. Martensen),yes
WOR110850,Reg003441,work,Verdens Historie (C. Cantù),yes
WOR110900,Reg003449,work,"Versuch eines Beweises, dass die Wettrennen nothwendig sind (Hertug Christian August af Augustenborg)",yes
WOR110950,Reg003472,work,Voyage aux régions équinoxiales du nouveau continent (Alexander von Humboldt),yes
WOR111000,Reg003473,work,Voyage en Danemark (J. M. Dargaud),yes
WOR111050,Reg003474,work,Voyage en Orient (A. de Lamartine),yes
WOR111100,Reg003487,work,"Wanderungen im Orient, während der Jahre 1843-44 (Karl Koch)",yes
WOR111150,Reg003492,work,Weltgeschichte für Kinder und Kinderlehrer (K. F. Becker),yes
WOR111200,Reg003497,work,"Western Berbery, its wild tribes and savage animaJs (John H. Drummond Hay)",yes
WOR111250,Reg003506,work,Wilhelmshöhe og Chislehurst. En Dansks Erindringer om Napoleon III og hans Omgivelser (Nær og Fjern 1874) (Toujours fidèle Ͻ: L. Frost),yes
WOR111300,Reg001032,work,Ein Winter in Spanien (F. W. Hackländer),yes
WOR111350,Reg001036,work,Eine Woche in Nürnberg. Ein Wegweiser für Fremde (Karl Mainberger),yes
WOR111400,Reg003514,work,"Wundermappe der Donau. Nach Original-Zeichnungen, grossentheils von Thomas Ender, in Stahl gestochen",yes
WOR111450,Reg003522,work,Zeitgenossen,yes
WOR111500,Reg000868,work,Die 2. Entdeckungs-Reise des Capitain John Ross nach den Gegenden des Nordpols und sein Aufenthalt daselbst während der Jahre 1829-33. Aus den Englischen von G. W. Becker und J. Sporschil,yes
WOR111550,Reg002593,work,"Oehlenschläger, le poète national du Danemark (J. le Fèvre Deumier)",yes
WOR111600,Reg000222,work,Amsterdam. Chr. E. van Eeghens Samling,yes
WOR111650,Reg000239,work,Antwerpen,yes
WOR111700,Reg000283,work,Avignon,yes
WOR111750,Reg000334,work,Berlin. Billedgalleriet,yes
WOR111800,Reg000335,work,Berlin. Billedgalleriet - Neues Museum (Kaulbachs Vægbilleder),yes
WOR111850,Reg000373,work,Bologna,yes
WOR111900,Reg000992,work,Dresden,yes
WOR111950,Reg001292,work,Firenze. Aceademia delle helle arti,yes
WOR112000,Reg001293,work,Firenze. Aceademia delle helle arti - Galleria Pitti,yes
WOR112050,Reg001294,work,Firenze. Aceademia delle helle arti - Galleria degli Uffizi.,yes
WOR112100,Reg001358,work,Frankfurt a. M. Städel'sche Kunst-lnstitut,yes
WOR112150,Reg001439,work,Genova. Palazzo Durazzo,yes
WOR112200,Reg001877,work,Karlsruhe. Badische Kunsthalle,yes
WOR112250,Reg001961,work,København. Thorvaldsens Museum,yes
WOR112300,Reg002279,work,Madrid. Exposición nacional de bellas artes 1862,yes
WOR112350,Reg002280,work,Madrid. Exposición nacional de bellas artes 1862- Prado-Museet,yes
WOR112400,Reg002392,work,Milano. Brera-Museet,yes
WOR112450,Reg002452,work,München. Glyptoteket,yes
WOR112500,Reg002454,work,München. Glyptoteket- Köngl. Bildergallerie (Alte Pinakothek),yes
WOR112550,Reg002453,work,München. Glyptoteket- Det Leuchtenbergske Galleri,yes
WOR112600,Reg002455,work,München. Glyptoteket- Neue Pinakothek,yes
WOR112650,Reg002475,work,Napoli. Museo borbonico,yes
WOR112700,Reg002653,work,Paris. Louvre,yes
WOR112750,Reg002824,work,Rom. Capitol-Museet,yes
WOR112800,Reg002825,work,Rom. Capitol-Museet- Galleria Borghese,yes
WOR112850,Reg002826,work,Rom. Capitol-Museet- Galleria Doria-Pamphilj,yes
WOR112900,Reg002827,work,Rom. Capitol-Museet- Galleria Spada,yes
WOR112950,Reg002828,work,"Rom. Capitol-Museet- Kardinal Fesch’ Samling, Palazzo Falconieri.",yes
WOR113000,Reg002829,work,Rom. Capitol-Museet- Lateran-Museet,yes
WOR113050,Reg002830,work,Rom. Capitol-Museet- Palazzo Barberini,yes
WOR113100,Reg002831,work,Rom. Capitol-Museet- Palazzo Colonna,yes
WOR113150,Reg002832,work,Rom. Capitol-Museet- Palazzo Rospigliosi,yes
WOR113200,Reg002833,work,Rom. Capitol-Museet- Palazzo Sciarra-Colonna,yes
WOR113250,Reg002834,work,Rom. Capitol-Museet- Vatikan-Museerne,yes
WOR113300,Reg002984,work,Sevilla. Academia de bellas artes- Hospital de la Caridad,yes
WOR113350,Reg003298,work,Torino. Palazzo Madama,yes
WOR113400,Reg003421,work,Venezia. Doge-Paladset,yes
WOR113450,Reg003422,work,Venezia. Doge-Paladset - Galleria Manfrin,yes
WOR113500,Reg003500,work,Wien. Belvedere-Samlingen,yes
WOR113550,Reg000128,work,A. W. Moltke (Sophus Schack),yes
WOR113600,Reg000136,work,"Abe, der lysker en Mand (Annibale Carracci, Uffizi, Firenze)",yes
WOR113650,Reg000139,work,"Abel dræbt af Kain (Leonello Spada, M. borbonico, Napoli)",yes
WOR113700,Reg000141,work,"Abels Død (Salvator Rosa, Doria-P., Rom)",yes
WOR113750,Reg000143,work,"Aber, der sidder til Doms over Katte (Rubens, Leuchtenberg, München)",yes
WOR113800,Reg000145,work,"Abrahams Offer (Gherardo delle Notti, Sciarra, Rom)",yes
WOR113850,Reg000146,work,"Abrahams Offer (Sodoma, Domkirken, Pisa)",yes
WOR113900,Reg000147,work,"Abrahams Offer (Tizian, Doria-P., Rom)",yes
WOR113950,Reg000149,work,"Adam og Eva (Arvesynden) (Domenichino, Rospigliosi, Rom)",yes
WOR114000,Reg000150,work,"Adam og Eva (Perugino, Barberini, Rom)",yes
WOR114050,Reg000151,work,Adelheid (Wilhelm Von Kaulbach),yes
WOR114100,Reg001962,work,"L' Adorazione al Bambino (Francesco Francia, Bologna)",yes
WOR114150,Reg002869,work,"S. Agnese opvækker Licinius (Tintoretto, Madonna dell'Orto, Venezia)",yes
WOR114200,Reg002870,work,"S. Agneses Martyrium (Domenichino, Bologna)",yes
WOR114250,Reg000181,work,"Albrecht Dürer (Selvportræt, Uffizi, Firenze)",yes
WOR114300,Reg000187,work,Alexander-Slaget (Pompeji),yes
WOR114350,Reg000188,work,"Alexanders og Roxanes Bryllup (Sodoma, Farnesina, Rom)",yes
WOR114400,Reg000193,work,"Allegori over Dogen Leonardo Loredans Sejr over de Allierede fra Cambrai (Palma il Giovane, Doge-Paladset, Venezia)",yes
WOR114450,Reg000211,work,"Amor (Guido Reni, Leuchtenberg, München)",yes
WOR114500,Reg000216,work,"Amor sacro e amor profano (Tizian, Borghese, Rom)",yes
WOR114550,Reg002871,work,"S. Andrea Corsini (Guido Reni, Bologna)",yes
WOR114600,Reg002872,work,"S. Andreas (Domenichino, Kopi af G. Silvagni, Lateranet, Rom)",yes
WOR114650,Reg000227,work,"Andromedas Befrielse (Guido Reni, Rospigliosi, Rom)",yes
WOR114700,Reg002873,work,"S. Antonio de Padua (Murillo, Academia, Sevilla)",yes
WOR114750,Reg000249,work,"Apollo in aria, suonando la cetra (Annibale Carracci, M. borbonico, Napoli)",yes
WOR114800,Reg000250,work,"Apollo, som opfordrer til at dømme hans Spil (Guido Reni, Manfrin, Venezia)",yes
WOR114850,Reg000251,work,"Apostlene (Rubens, Rospigliosi, Rom)",yes
WOR114900,Reg000260,work,Aristokrati og Fattigfolk (Siegwald Dahl),yes
WOR114950,Reg000271,work,"Atalas Død (César Mussinj, Accademia, Firenze)",yes
WOR115000,Reg000272,work,"Atalas Død. - Atalas Begravelse (Natale Carta, M. borbonico, Napoli)",yes
WOR115050,Reg000280,work,"Aurora (Guido Reni, Rospigliosi, Rom)",yes
WOR115100,Reg000286,work,"Bacchanal (Rubens, Frederiksborg)",yes
WOR115150,Reg000288,work,Bacchantinde (Pompeji),yes
WOR115200,Reg000318,work,"Beatrice Cenci (Guido Reni, Barberini, Rom)",yes
WOR115250,Reg000321,work,Beduin-Leir under et Figentræ (Horace Vernet),yes
WOR115300,Reg000845,work,"Det befriede Jerusalem, Scener af (Joseph von Führich, Villa Massimi, Rom)",yes
WOR115350,Reg000844,work,"Det befriede Jerusalem, Scener af (Fr. Overbeck, Villa Massimi, Rom)",yes
WOR115400,Reg001969,work,"La Bella (Tizian, Sciarra, Rom)",yes
WOR115450,Reg001971,work,"La Belle jardinière (Rafael (Kopi), Fesch, Rom)",yes
WOR115500,Reg000347,work,"Bespisningen i Ørkenen (Murillo, Caridad, Sevilla)",yes
WOR115550,Reg000359,work,Billede fra Grønland. De Indfødte dandse Fangedandsen. (Carl Rasmussen),yes
WOR115600,Reg001064,work,"En Biskop knæler for en Engel (Murillo, Leuchtenberg, München)",yes
WOR115650,Reg000688,work,"Den blinde Belisar, der bærer sin saarede Ledsager (F.-P. Gérard, Leuchtenberg, München)",yes
WOR115700,Reg000367,work,"Blomsterstykke (Jan van Dael, Leuchtenberg, München)",yes
WOR115750,Reg000368,work,"Blomsterstykke med en Tulipan og en Valmue (Jan van Huysum, Fesch, Rom)",yes
WOR115800,Reg000374,work,"Bondebryllup (David Teniers d. Y., Doria-P., Rom)",yes
WOR115850,Reg000376,work,"Bondestue med to, som drikker (Teniers d.Y., Sciarra, Rom)",yes
WOR115900,Reg000379,work,Borgmester Meier's Madonna (Hans Holbein d. Y.),yes
WOR115950,Reg000380,work,"Borgmester Meier's Madonna (Hans Holbein d. Y.)- (Kopi, Dresden)",yes
WOR116000,Reg000412,work,"Brylluppet i Kana (Rubens, Louvre, Paris)",yes
WOR116050,Reg000411,work,"Brylluppet i Kana (Paolo Veronese, Dresden)",yes
WOR116100,Reg000422,work,Bøflerne og Fiskeren (Léopold Robert),yes
WOR116150,Reg000425,work,"Bønder, der ryger Tobak i en Løvhytte (Adriaen van Ostade, Leuchtenberg, München)",yes
WOR116200,Reg001973,work,"La Carità. Kone med barbenet Dreng giver den Blindes Ledsager et Brød (Schidone, M. borbonico, Napoli)",yes
WOR116250,Reg000453,work,"Carl I's Børn (A. Van Dyck, Berlin)",yes
WOR116300,Reg000456,work,"Carlo Alberto af Sardinien (Horace Vernet, Madama, Torino)",yes
WOR116350,Reg000460,work,"Catarina Durazzo (A. van Dyck, Durazzo, Genova)",yes
WOR116400,Reg002876,work,S. Catharinas Martyrium (H. K. A. Mücke),yes
WOR116450,Reg002878,work,"S. Catharinas Trolovelse (Scipione Pulzone Gaëtano, Doria-P., Rom)",yes
WOR116500,Reg002877,work,"S. Catharinas Trolovelse (A. Tiarini, Bologna)",yes
WOR116550,Reg002879,work,"S. Cecilia (Carlo Dolci, Manfrin, Venezia)",yes
WOR116600,Reg002880,work,"S. Cecilia (Rafael, Bologna)",yes
WOR116650,Reg002881,work,"S. Cecilia (Rafael, Bologna)- (Kopi af Guido Reni, S. Luigi dei Francesi, Rom)",yes
WOR116700,Reg002882,work,"S. Cecilia (Rubens, Berlin)",yes
WOR116750,Reg000466,work,"Cesare Borgia (Rafael, Borghese, Rom)",yes
WOR116800,Reg000468,work,"Cham blotter Noahs Skam (Andrea Sacchi, Sciarra, Rom)",yes
WOR116850,Reg000467,work,"Cham blotter Noahs Skam (Andrea Sacchi, Belvedere, Wien)",yes
WOR116900,Reg000471,work,Charitas (Wilhelm von Kaulbach),yes
WOR116950,Reg000476,work,Chr. Bredahl (Tegning af Fredrika Bremer),yes
WOR117000,Reg000478,work,"Christi Daab (Carlo Maratti, S. Maria degli Angeli, Rom)",yes
WOR117050,Reg000479,work,"Christi Død (Annibale Carracci, Fesch, Rom)",yes
WOR117100,Reg000480,work,"Christi Fødsel (Adriaen van der Werff, Uffizi, Firenze)",yes
WOR117150,Reg000482,work,"Christi Gravlæggelse (Caravaggio, Vatikanet, Rom)",yes
WOR117200,Reg000481,work,"Christi Gravlæggelse (Caravaggio, Berlin)",yes
WOR117250,Reg000483,work,"Christi Gravlæggelse (Fr. Overbeck, Maria-Kirken, Lübeck)",yes
WOR117300,Reg000484,work,"Christi Indtog i Jerusalem (Fr. Overbeck, Maria-Kirken, Lübeck)",yes
WOR117350,Reg000485,work,"Christi Legeme paa Marias Skød (Bronzino, Leuchtenberg, München)",yes
WOR117400,Reg000487,work,"Christi Opstandelse (Heinrich Eddelien, Nicolai Kirke, Svendborg)",yes
WOR117450,Reg000488,work,"Christian II (M. borbonico, Napoli)",yes
WOR117500,Reg000489,work,Christian II i Sønderborg Fængsel (Carl Bloch),yes
WOR117550,Reg000491,work,"Christian IV (Karel van Mander III, Hampton Court Palace)",yes
WOR117600,Reg000492,work,"Christian IV (Rytterbillede, kopieret 1817 af Wilhelm Tischbein, Slottet i Oldenburg)",yes
WOR117650,Reg000493,work,"Christian IV.s Dom - Christian IV paa »Trefoldighedene« (W. Marstrand, Roskilde Domkirke)",yes
WOR117700,Reg000497,work,"Christian, udvalgt Prins af Danmark (Karel van Mander III, Berlin)",yes
WOR117750,Reg000503,work,"Christus (Carlo Dolci, Kopi, Fjaltring Kirke)",yes
WOR117800,Reg000502,work,"Christus (Apollonio Greco, Camposanto, Pisa)",yes
WOR117850,Reg000506,work,Christus fristes af Satan (Carl Bloch),yes
WOR117900,Reg000507,work,"Christus helbreder den blodsottige Kvinde (P. Veronese, Belvedere, Wien)",yes
WOR117950,Reg000509,work,"Christus i de Dødes Rige (A. Bronzino, Uffizi, Firenze)",yes
WOR118000,Reg000508,work,"Christus i Getsemane (C. W. Eckersberg, Frue Kirke, Svendborg)",yes
WOR118050,Reg000510,work,"Christus med Tornekronen (2 Billeder) (Hugo van der Goes, Berlin)",yes
WOR118100,Reg000511,work,"Christus og Kvinden, som blev grebet i Hor (Rocco Marconi, Manfrin, Venezia)",yes
WOR118150,Reg000512,work,"Christus paa Korset mellem Maria og Johannes (Guido Reni, Bologna)",yes
WOR118200,Reg000513,work,Christus paa Oliebjerget (Fr. Overbeck),yes
WOR118250,Reg000514,work,"Christus siddende paa Regnbuen, omgivet af Engle (Correggio, Vatikanet, Rom)",yes
WOR118300,Reg000515,work,Christus som Barn i Templet (Carl Bloch),yes
WOR118350,Reg000522,work,"Christus, som bryder Brødet (F. L. Storch)",yes
WOR118400,Reg000516,work,Christus som træder ud af Graven (Carl Bloch),yes
WOR118450,Reg000517,work,"Christus tornekronet, bespottes i Ypperstepræstens Forgaard (Teniers d. Y., Fesch, Rom)",yes
WOR118500,Reg000518,work,"Christus vasker Disciplenes Fødder (Garofalo, Leuchtenberg, München)",yes
WOR118550,Reg000519,work,"Christus vasker Disciplenes Fødder (Perugino, Manfrin, Venezia)",yes
WOR118600,Reg000520,work,"Christus ved Brønden (A. F. Oeser, Nicolai-Kirken, Leipzig)",yes
WOR118650,Reg000521,work,"Christus velsigner Brødet og Vinen (Carlo Dolci, Dresden)",yes
WOR118700,Reg000526,work,"Clemens XIII (Raphael Mengs, Bologna)",yes
WOR118750,Reg000530,work,"Cleopatra (Guido Reni, Pitti, Firenze)",yes
WOR118800,Reg000536,work,"Collegio del Campio, Fresker i - (Perugino og Rafael, Perugia)",yes
WOR118850,Reg003374,work,"Un concerto (L. Spada, Borghese, Rom)",yes
WOR118900,Reg000566,work,Dagen (Tegning) (Thorvaldsen),yes
WOR118950,Reg000568,work,"Danaë (Correggio, Borghese, Rom)",yes
WOR119000,Reg000617,work,"David og Goliat (Rubens, Leuehtenberg, München)",yes
WOR119050,Reg000618,work,"Davids Triumf (Domenichino, Rospigliosi, Rom)",yes
WOR119100,Reg002012,work,"La defensa de Zaragoza (M. Navarro Cuñizares, Exposición nacional 1862, Madrid)",yes
WOR119150,Reg002066,work,Le Départ des pêcheurs de l'Adriatique (Léopold Robert),yes
WOR119200,Reg000860,work,"Diana og Calisto (Tizian, Belvedere, Wien)",yes
WOR119250,Reg000861,work,"Dianas Jagt (Domenichino, Borghese, Rom)",yes
WOR119300,Reg000955,work,"Dogen Leonardo Donato paa Knæ for Madonna (M. Vecellio, Doge-Paladset, Venezia)",yes
WOR119350,Reg000954,work,"Dogen A. Grimani knæler for Religionen (Tizian, Doge-Paladset, Venezia)",yes
WOR119400,Reg000956,work,"Dogen Marino Grimani modtager Gaver af de persiske Gesandter (G. Caliari, Doge-Paladset, Venezia)",yes
WOR119450,Reg000957,work,"Dogen Marino Grimanis Votivbillede (G. Contarini, Doge-Paladset, Venezia)",yes
WOR119500,Reg000958,work,"Dogen Niccolò Marcello (Tizian, Vatikanet, Rom)",yes
WOR119550,Reg002883,work,"S. Domenico mellem S. Francesco og S. Angelo (L. Carracci, Bologna)",yes
WOR119600,Reg000965,work,Dommedag (P. von Cornelius) (Karton),yes
WOR119650,Reg000966,work,"Dommedag (P. von Cornelius) (Karton)- (Fresko, Ludwigskirche, München)",yes
WOR119700,Reg000962,work,"Dommedag (Giovanni da Fiesole, Fesch, Rom)",yes
WOR119750,Reg000963,work,"Dommedag (Michelangelo, Det sixtinske Kapel, Vatikanet, Rom)",yes
WOR119800,Reg000964,work,"Dommedag (Michelangelo, Det sixtinske Kapel, Vatikanet, Rom)- (Elfenbensrelief af Fr. og Dominio Steinhard efter Tegning af Carlo Fontana, Colonna, Rom)",yes
WOR119850,Reg000967,work,"Dommedag (Rubens, Dresden)",yes
WOR119900,Reg000979,work,"Donunedag (Tintoretto, Madonna dell'Orto, Venezia)",yes
WOR119950,Reg000994,work,"Dronning Caroline Amalie (J. V. Gertner, Augustenborg)",yes
WOR120000,Reg000997,work,"Dronning Johanna (Leonardo da Vinci, Doria-P., Rom)",yes
WOR120050,Reg000998,work,Dronning Louise af Danmark (Carl Bloch),yes
WOR120100,Reg001009,work,"Dyrestykke (Bondepige med fire Køer) (Paulus Potter, Vatikanet, Rom)",yes
WOR120150,Reg001011,work,"Dødedansen (Domkirken, Basel, med Urette tilskrevet Holbein d. Y.)",yes
WOR120200,Reg001013,work,"Dødedansen (Mühlen- eller Spreuerbrücke, Luzern)",yes
WOR120250,Reg001012,work,"Dødedansen (Mariekirken, Lübeck)",yes
WOR120300,Reg001014,work,"Ecce homo (Lucas van Leyden, Uffizi, Firenze)",yes
WOR120350,Reg001048,work,"Elias’ Liv, Fresker (Gaspard Poussin, S. Martino ai Monti, Rom)",yes
WOR120400,Reg002884,work,"S. Elisabeths Besøg (Rubens, Borghese, Rom)",yes
WOR120450,Reg001147,work,"Endymion (Rubens, Doria-P., Rom)",yes
WOR120500,Reg001169,work,Episode af Træfningen ved Sankelmark (Niels Simonsen),yes
WOR120550,Reg002885,work,"S. Erasmus' Martyrium (Nicolas Poussin, Vatikanet, Rom)",yes
WOR120600,Reg001227,work,"Europas Rov (Fr. Albani, Leuchtenberg, München)",yes
WOR120650,Reg001228,work,"Europas Rov (P. Veronese, Doge-Paladset, Venezia)",yes
WOR120700,Reg002886,work,"S. Eusebius' Triumf (Raphael Mengs, S. Eusebio, Rom)",yes
WOR120750,Reg001241,work,"Ezekiels Syn (Rafael, Pitti, Firenze)",yes
WOR120800,Reg001248,work,"Familiestykke. Enken efter den spanske Gesandt i Venezia anbefaler sin Søn til Felipe II (P. Veronese, Leuchtenberg, München)",yes
WOR120850,Reg001257,work,"Fattig Kone med to Børn, der modtager Almisse af en ung Mand (Schidone, Leuchtenberg, München)",yes
WOR120900,Reg001263,work,Faust (Wilhelm von Kaulbach),yes
WOR120950,Reg001266,work,Faust og Mephistopheles i Gretchens Fængsel (Ludwig Schnorr von Carolsfeld),yes
WOR121000,Reg001267,work,Faust og Mephistopheles paa Bloksbjerg (Ludwig Schnorr von Carolsfeld),yes
WOR121050,Reg001289,work,"Finis gloriae mundi (Valdés Leal, Caridad, Sevilla)",yes
WOR121100,Reg000636,work,"De fire Elementer (J. Brueghel, Doria-P., Rom)",yes
WOR121150,Reg000637,work,De fire Menneskealdre (D. C. Blunck),yes
WOR121200,Reg001295,work,"Fiskemarked (2 Billeder) (Jacob van Es, Belvedere, Wien)",yes
WOR121250,Reg001077,work,En Fiskerdreng (Carl Bloch),yes
WOR121300,Reg001304,work,"Flugten til Ægypten (Annibale Carracci, Doria-P., Rom)",yes
WOR121350,Reg001307,work,"Flugten til Ægypten (L. Carracci, Manfrin, Venezia)",yes
WOR121400,Reg001306,work,"Flugten til Ægypten (C. Maratti, Leuchtenberg, München)",yes
WOR121450,Reg001305,work,"Flugten til Ægypten (C. Maratti, Belvedere, Wien)",yes
WOR121500,Reg001308,work,Flugten til Ægypten (Moritz Retzsch),yes
WOR121550,Reg001309,work,"Flugten til Ægypten (Tizians Skole?, Fesch, Rom)",yes
WOR121600,Reg001984,work,"La Fornarina (Giulio Romano, Borghese, Rom)",yes
WOR121650,Reg001987,work,"La Fornarina (Rafael, Uffizi, Firenze)",yes
WOR121700,Reg001986,work,"La Fornarina (Rafael, Barberini, Rom)",yes
WOR121750,Reg000703,work,"Den fortabte Søn (Bonifacio Veronese, Borghese, Rom)",yes
WOR121800,Reg000704,work,"Den fortabte Søns Hjemkomst (Guercino, Doria-P., Rom)",yes
WOR121850,Reg001334,work,"Fortuna (Guido Reni, Berlin)",yes
WOR121900,Reg001352,work,Fra et romersk Osteri (Carl Bloch),yes
WOR121950,Reg001353,work,Fra et romersk Osteri (Carl Bloch)- Skizzen til Billedet foræret H. C. Andersen,yes
WOR122000,Reg002887,work,"S. Francesco-Freske paa la Porziuncola (Fr. Overbeck, S. Maria degli Angeli ved Assisi)",yes
WOR122050,Reg001371,work,"Freden i Bologna 1529 mellem Pave Clemens VII og Kejser Carl V (Marco Vecellio, Doge-Paladset, Venezia)",yes
WOR122100,Reg001383,work,Fresker j Glyptotheket i München (P. Cornelius),yes
WOR122150,Reg001382,work,"Fresker i Niccolini-Kapellet i S. Croce (Volterrano, Firenze)",yes
WOR122200,Reg001386,work,Friederike Serre (C. C. Vogel Von Vogelstein),yes
WOR122250,Reg001393,work,"Fromheden (La Pietà) (Mantegna, Vatikanet, Rom)",yes
WOR122300,Reg001407,work,"GaJatea (Rafael, Villa Farnesina, Rom)",yes
WOR122350,Reg001416,work,"Gammel Kone, der vander Blomster Ved Vinduet (G. Dou, Belvedere, Wien)",yes
WOR122400,Reg001417,work,"Ganymed, som bortføres af Jupiters Ørn (Correggio, Belvedere, Wien)",yes
WOR122450,Reg001418,work,"Ganymed, som bortføres af Jupiters Ørn (Michelangelo, Torlonia, Rom)",yes
WOR122500,Reg001438,work,Gendøberne i Münster (Adolf Schrödter),yes
WOR122550,Reg003088,work,"St. Georg og Dragen (P. P. Caruana, Guvernør-Paladset, La Valletta)",yes
WOR122600,Reg001442,work,"George IV, Konge af Storbritannien og Irland (Sir Thomas Lawrence, Vatikanet, Rom)",yes
WOR122650,Reg000783,work,Der Gestiefelte Kater (Tegninger af Otto Speckter),yes
WOR122700,Reg002888,work,"S. Giorgias Martyrium (P. Veronese, San Giorgio in Braida, Verona)",yes
WOR122750,Reg002889,work,"S. Giovanni Battista (Salvator Rosa, Colonna, Rom)",yes
WOR122800,Reg001455,work,"Giuditta (Guido Reni, Spada, Rom)",yes
WOR122850,Reg002890,work,"S. Giustina (P. Veronese, S. Giustina, Padova)",yes
WOR122900,Reg000711,work,"Den gode Hyrde (Murillo, Prado, Madrid)",yes
WOR122950,Reg001471,work,"Gosau-Søen, Tyrol (Thomas Fearnley, Kunstudstilling 1834, Rom)",yes
WOR123000,Reg000712,work,"Den graadige Bonde (Annibale Carracci, Colonna, Rom)",yes
WOR123050,Reg001479,work,"Gratierne (R. Manetti, Borghese, Rom)",yes
WOR123100,Reg003091,work,"St. Gregorius' Mirakel (Andrea Sacchi, Vatikanet, Rom)",yes
WOR123150,Reg001483,work,Gretchen (Ary Scheffer),yes
WOR123200,Reg001484,work,Gretchen i Kirken (Ary Scheffer),yes
WOR123250,Reg001502,work,"Guldkalven tilbedes (Tintoretto, Madonna dell'Orto, Venezia)",yes
WOR123300,Reg001508,work,"Gustaf Vasas Levned (J. G. Sandberg, Uppsala Domkirke)",yes
WOR123350,Reg001519,work,"Hagar og Ismael (Caravaggio, Doria-P., Rom)",yes
WOR123400,Reg001532,work,"Hans Luther (Lucas Cranach d. Æ., Wartburg)",yes
WOR123450,Reg001541,work,Havfruen (Elisabeth Jerichau-Baumann),yes
WOR123500,Reg002891,work,"S. Helena (P. Veronese, Vatikanet, Rom)",yes
WOR123550,Reg001549,work,"Helenas Bortførelse (Il ratio di Elena) (Guido Reni, Spada, Rom)",yes
WOR123600,Reg001551,work,"Helene Fourment (Rubens, Berlin)",yes
WOR123650,Reg001552,work,"Helene Fourment (Rubens, Doria-P., Rom)",yes
WOR123700,Reg001550,work,"Helene Fourment (Das Pelzchen) (Rubens, Belvedere, Wien)",yes
WOR123750,Reg000715,work,"Den hellige Aands Sendelse (Die Ausgiessung des heiligen Geistes). (A. van Dyck, Berlin)",yes
WOR123800,Reg000716,work,"Den hellige Antonius' Fristelse (David Teniers d. Y., Berlin)",yes
WOR123850,Reg000718,work,"Den hellige Familie (B. Garofalo, Vatikanet, Rom)",yes
WOR123900,Reg000719,work,"Den hellige Familie (Rafael, Fesch, Rom)",yes
WOR123950,Reg000717,work,"Den hellige Familie (Andrea del Sarto, Manfrin, Venezia)",yes
WOR124000,Reg000720,work,"Den hellige Familie (Sodoma, Palazzo pubblico, Siena)",yes
WOR124050,Reg000721,work,"Den hellige Familie med Fuglen (Murillo, Prado, Madrid)",yes
WOR124100,Reg000722,work,"Den hellige Familie og den lille Johannes (Rafael, Belvedere, Wien)",yes
WOR124150,Reg000723,work,Den hellige Katharinas Død (H. K. A. Mücke),yes
WOR124200,Reg000724,work,Den hellige Katharinas Lig føres al Engle til Sinai (H. K. A. Mücke),yes
WOR124250,Reg000725,work,"Den hellige Nadver (Leonardo da Vinci, Udkast i Olie, Fesch, Rom)",yes
WOR124300,Reg000726,work,"Den hellige Nat (Correggio, Dresden)",yes
WOR124350,Reg000640,work,De hellige tre Konger (Ary Scheffer),yes
WOR124400,Reg001556,work,"Helvede (H. met de Bles, kaldet Civetta, Doge-Paladset, Venezia)",yes
WOR124450,Reg001559,work,"Henri III af Frankrig møder Dogen Alvise Mocenigo ved Lidoen (A. Vicentino, Doge-Paladset, Venezia)",yes
WOR124500,Reg001561,work,"Henriette Collin, f. Thyberg (Carl Bloch)",yes
WOR124550,Reg001562,work,Henriette Danneskiold-Samsøe (Carl Bloch),yes
WOR124600,Reg001566,work,"Henry VIII (Hans Holbein d. Y., Kopi i Knole House)",yes
WOR124650,Reg001586,work,"Heste (2 Billeder) (J. G. von Hamilton, Belvedere, Wien)",yes
WOR124700,Reg002893,work,"S. Hieronymus' Kommunion (Agostino Carracci, Bologna)",yes
WOR124750,Reg002894,work,"S. Hieronymus' Kommunion (Domenichino, Vatikanet, Rom)",yes
WOR124800,Reg002043,work,"Las hijas del Cid (Exposición nacional 1862, Madrid)",yes
WOR124850,Reg001596,work,"Hiob (R. J. B. Hübner, Städel, Frankfurt a.M.)",yes
WOR124900,Reg002071,work,"Le Historie d'Amore (Fr. Albani, Borghese, Rom)",yes
WOR124950,Reg001616,work,"Holbeins Hustru (Hans Holbein d. Y., Doria-P., Rom)",yes
WOR125000,Reg001631,work,"Hovede af en gammel Kone (Balthasar Denner, Belvedere, Wien)",yes
WOR125050,Reg001632,work,"Hovede af en gammel Mand (Balthasar Denner, Belvedere, Wien)",yes
WOR125100,Reg001652,work,Hunnerslaget (W. von Kaulbach),yes
WOR125150,Reg001654,work,"Huss for Koncilet i Konstanz (K. F. Lessing, Städel, Frankfurt a.M.)",yes
WOR125200,Reg001089,work,"En Hyrde, der blæser paa Fløjte (Murillo, Manfrin, Venezia)",yes
WOR125250,Reg001672,work,"Hyrdernes Tilbedelse (Il Presepe) (Rubens, Fesch, Rom)",yes
WOR125300,Reg001708,work,"Icarus (Fr. Albani, Doria-P., Rom)",yes
WOR125350,Reg001709,work,Icarus' Fald (Joseph Blondel),yes
WOR125400,Reg002895,work,"S. Ignatius' Mirakler (Rubens, Belvedere, Wien)",yes
WOR125450,Reg001727,work,"Iliaden, Scener af (P. von Cornelius, Glyptoteket, München)",yes
WOR125500,Reg001751,work,"Io og Zeus (Correggio, Berlin)",yes
WOR125550,Reg001764,work,J. P. E. Hartmann (H. Olrik),yes
WOR125600,Reg001773,work,"Jakobs Flugt (J. Bassano, Doria-P., Rom)",yes
WOR125650,Reg001780,work,Jeanne d'Arc (Hermann Stilke),yes
WOR125700,Reg001786,work,Jenny Lind som Norma (O. J. Södermark),yes
WOR125750,Reg001791,work,"Jeremias paa Jerusalems Ruiner (Horace Vernet, Eeghen, Amsterdam)",yes
WOR125800,Reg001794,work,Jerusalems Ødelæggelse (W. von Kaulbach),yes
WOR125850,Reg001796,work,"Jesusbarnet (Murillo, Caridad, Sevilla)",yes
WOR125900,Reg001799,work,"Jesusbarnet, der sover omgivet af Passionssymboler: Nagler, Tornekrone, Svøber (Guido Reni, M. borbonico, Napoli)",yes
WOR125950,Reg001797,work,"Jesusbarnet som den gode Hyrde med tre Faar (Murillo, Leuchtenberg, München)",yes
WOR126000,Reg001800,work,"Jesusbarnet, som slumrer paa Korset (Guido Reni)",yes
WOR126050,Reg001798,work,"Jesusbarnet tilbedes af Englene (A. Dürer, Manfrin, Venezia)",yes
WOR126100,Reg001801,work,"Jeune mendiant (Murillo, Louvre, Paris)",yes
WOR126150,Reg001802,work,"Job (Fra Bartolommeo, Uffizi, Firenze)",yes
WOR126200,Reg002896,work,"S. Johannes, Christi Discipel (Carlo Dolci, Leuchtenberg, München)",yes
WOR126250,Reg001815,work,"Johannes den Døbers Halshuggelse (Vallentin de Boullogne, Sciarra, Rom)",yes
WOR126300,Reg001816,work,"Johannes den Døbers Liv (Andrea del Sarto, Accademia, Firenze)",yes
WOR126350,Reg001814,work,"Johannes Evangelist (Carlo Dolci, Berlin)",yes
WOR126400,Reg001818,work,"Jomfru Marias Kroning (Pinturicchio, Vatikanet, Rom)",yes
WOR126450,Reg001819,work,"Jomfru Marias Kroning (Rafael, Vatikanet, Rom)",yes
WOR126500,Reg001820,work,"Jomfruen i det Grønne (Rafael, Belvedere, Wien)",yes
WOR126550,Reg001821,work,Jonas Collin (Constantin Hansen),yes
WOR126600,Reg001822,work,Jordens Deling (Herman Dyck),yes
WOR126650,Reg001826,work,"Joseph, som i Søvne formanes af Engelen til at flygte (Raph. Mengs, Belvedere, Wien)",yes
WOR126700,Reg002897,work,"S. Juan de Dios (Murillo, Caridad, Sevilla)",yes
WOR126750,Reg001833,work,"Judith (C. Allori, Uffizi, Firenze)",yes
WOR126800,Reg001832,work,"Judith (C. Allori, Pitti, Firenze)",yes
WOR126850,Reg001831,work,"Judith (C. Allori, Belvedere, Wien)",yes
WOR126900,Reg001836,work,"Judith (William Etty, The Royal Scottish Academy, Edinburgh)",yes
WOR126950,Reg001835,work,"Judith (Tizian, Borghese, Rom)",yes
WOR127000,Reg001846,work,"Julius II (Giulio Romano, Borghese, Rom)",yes
WOR127050,Reg001851,work,"Jupiter og Ganymedes (J. A. Jerichau, Karton)",yes
WOR127100,Reg001852,work,"Jupiter tordnende mod Lasten (P. Veronese, Louvre, Paris)",yes
WOR127150,Reg002911,work,"S. S. Justa y Rufina (Murillo, Academia, Sevilla)",yes
WOR127200,Reg001865,work,"Kain og Abel (Salvator Rosa, Doria-P., Rom)",yes
WOR127250,Reg001876,work,"Karl den Stores Liv (A. Rethel, Raadhuset i Aachen)",yes
WOR127300,Reg001957,work,"Kunstnere en Alten i Fincks Kaffehus i München (Wilhelm Bendz, Kunstudstillingen 1833, Hamburg)",yes
WOR127350,Reg001879,work,Katakomberne (Elisabeth Jerichau-Baumann),yes
WOR127400,Reg001881,work,Katekisationen i en norsk Landsbykirke (A. Tidemand),yes
WOR127450,Reg001882,work,"Katharina von Bora (Lucas Cranach, Uffizi, Firenze)",yes
WOR127500,Reg001920,work,Knud den Helliges Død i Albani Kirke (Chr. Albrecht Benzon),yes
WOR127550,Reg001926,work,"Kong Ottos Modtagelse i Nauplia (Peter von Hess, Slottet i Athen)",yes
WOR127600,Reg001935,work,"Kongernes Tilbedelse (Perugino, Rafael og Pinturicchio, Vatikanet, Rom)",yes
WOR127650,Reg000679,work,"Den Korsfæstede (Rafael, Fesch, Rom)",yes
WOR127700,Reg001942,work,"Korsvandringen (Rafael, Prado, Madrid)",yes
WOR127750,Reg001946,work,Krigeren med Barnet (Johann Hermann Kretzschmer),yes
WOR127800,Reg001949,work,Kronborg i Maaneskin (J. C. Dahl),yes
WOR127850,Reg001954,work,"Kun en Spillemand! (W. Marstrand, HCA's Stambog)",yes
WOR127900,Reg001956,work,"Kunsternes Historie i Antwerpen (Nicaise de Keyser, Antwerpen-Museets Vestibule)",yes
WOR127950,Reg001958,work,"Kvæg paa Engen (P. Potter, Madama, Torino)",yes
WOR128000,Reg002032,work,"Lampeskærm, dekoreret med Tegninger af Den lille Havfrue, Den uartige Dreng og Ole Lukøie (Elisabeth Jerichau-Baumann)",yes
WOR128050,Reg002034,work,"Landsby ved Bredden af en stor Flod (A. van Everdingen, Fesch, Rom)",yes
WOR128100,Reg001098,work,"En Landsbyspillemand (J. P. van der Schlichten, Alte P., München)",yes
WOR128150,Reg003548,work,"[Landskaber] (A. Calame, Eeghen, Amsterdam)",yes
WOR128200,Reg002046,work,"Latona paa Flugten med sine Børn (Rubens, Alte P., München)",yes
WOR128250,Reg002047,work,"Laura, Petrarcas Elskede (Bronzino, Leuchtenberg, München)",yes
WOR128300,Reg002049,work,"Lavinia (Tizian, Berlin)",yes
WOR128350,Reg002104,work,"Leo X (Rafael (Kopi), M. borbonico, Napoli)",yes
WOR128400,Reg002106,work,"Leonardo da Vincis Død (C. Mussini, Accademia, Firenze)",yes
WOR128450,Reg001099,work,"En Ligfærd paa Sognefjorden i Norge (H. F. Gude, Göteborg)",yes
WOR128500,Reg002155,work,"Lille Pige, som med Riset i Haanden lærer Hunden og Dukken at læse (Wilhelm von Kaulbach)",yes
WOR128550,Reg002171,work,"Loggierne (Rafael, Vatikanet, Rom)",yes
WOR128600,Reg002898,work,"S. Lorenzos Martyrdød (A. van Dyck, Madonna dell'Orto, Venezia)",yes
WOR128650,Reg002178,work,"Loth og hans Døtre (Gherardo delle Notti, Borghese, Rom)",yes
WOR128700,Reg002180,work,Louise Bille (Carl Bloch),yes
WOR128750,Reg002183,work,Lucie Scavenius (Carl Bloch),yes
WOR128800,Reg002187,work,"Lucrezia (Guido Reni, Spada, Rom)",yes
WOR128850,Reg002186,work,"Lucrezia (Guido Reni, Manfrin, Venezia)",yes
WOR128900,Reg002199,work,"Luther og Katharina von Bora (Lucas Cranach d. Æ., Uffizi, Firenze)",yes
WOR128950,Reg002215,work,"Læge med et Uringlas (G. Dou, Leuchtenberg, München)",yes
WOR129000,Reg002216,work,"Lægen (G. Dou, Belvedere, Wien)",yes
WOR129050,Reg002226,work,"Machiavelli (Bronzino, Doria-P., Rom)",yes
WOR129100,Reg002235,work,"Madonna (Giovanni Bellini, Manfrin, Venezia)",yes
WOR129150,Reg002234,work,"Madonna (Giovanni Bellini, Madonna dell'Orto, Venezia)",yes
WOR129200,Reg002233,work,Madonna (Ernst Deger),yes
WOR129250,Reg002232,work,"Madonna (Albrecht Dürer, Barberini, Rom)",yes
WOR129300,Reg002237,work,"Madonna (Murillo, Pitti, Firenze)",yes
WOR129350,Reg002239,work,"Madonna (Vergine orante) (Sassoferrato, Doria-P., Rom)",yes
WOR129400,Reg002238,work,"Madonna (Tizian, Leuchtenberg, München)",yes
WOR129450,Reg002277,work,"Madonna, Barnet og S. Simon (Giovanni da Udine, Manfrin, Venezia)",yes
WOR129500,Reg002240,work,"Madonna del Cardellino (Rafael, Uffizi, Firenze)",yes
WOR129550,Reg002245,work,"Madonna del divino amore (Rafael, M. borbonico, Napoli)",yes
WOR129600,Reg002241,work,"Madonna del Granduca (Rafael, Pitti, Firenze)",yes
WOR129650,Reg002242,work,"Madonna del Rosario (Domenichino, Bologna)",yes
WOR129700,Reg002243,work,"Madonna del Sacco (Andrea del Sarto, Santissima Annunziata, Firenze)",yes
WOR129750,Reg002248,work,"Madonna della Tenda (Rafael, Madama, Torino)",yes
WOR129800,Reg002244,work,"Madonna del Vento (Rafael, Uffizi, Firenze)",yes
WOR129850,Reg002247,work,"Madonna della Seggiola (Rafael, Pitti, Firenze)",yes
WOR129900,Reg002249,work,"Madonna di Foligno (Rafael, Vatikanet, Rom)",yes
WOR129950,Reg002250,work,"Madonna di Monteluce (Giulio Romano og Francesco Penni, Vatikanet, Rom)",yes
WOR130000,Reg002251,work,"Madonna di S. Sebastiano (Correggio, Dresden)",yes
WOR130050,Reg002278,work,"Madonna, i Forgrunden en Pave og en Kardinal (Tizian, Fesch, Rom)",yes
WOR130100,Reg002252,work,"Madonna i Glorie og Helgener (Perugino, Bologna)",yes
WOR130150,Reg002253,work,"Madonna im Weinlaube (Lucas Cranach d. Æ., Stift Melk)",yes
WOR130200,Reg002256,work,Madonna med Barnet (D. C. Blunck),yes
WOR130250,Reg002255,work,"Madonna med Barnet (Carlo Dolci, Borghese, Rom)",yes
WOR130300,Reg002257,work,"Madonna med Barnet (Fr. Francia, Doria-P., Rom)",yes
WOR130350,Reg002254,work,Madonna med Barnet (A. Küchler),yes
WOR130400,Reg002262,work,"Madonna med Barnet (Michelangelo, Domkirken i Burgos)",yes
WOR130450,Reg002259,work,"Madonna med Barnet (Giulio Romano, Uffizi, Firenze)",yes
WOR130500,Reg002258,work,"Madonna med Barnet (Giulio Romano, Colonna, Rom)",yes
WOR130550,Reg002264,work,"Madonna med Barnet (Murillo, Spada, Rom)",yes
WOR130600,Reg002263,work,"Madonna med Barnet (Murillo, Dresden)",yes
WOR130650,Reg002265,work,"Madonna med Barnet (Rafael, M. borbonico, Napoli)",yes
WOR130700,Reg002269,work,"Madonna med Barnet, S. Anna og S. Johannes Døberen (Salaj (Salaino), Leuchtenberg, München)",yes
WOR130750,Reg002270,work,"Madonna med Barnet, S. Barbara og S. Domenicus (Fr. Francia, Leuchtenberg, München)",yes
WOR130800,Reg002268,work,"Madonna med Barnet, Joseph og S. Mikael (Sacra conversazione) (B. Garofalo, Borghese, Rom)",yes
WOR130850,Reg002266,work,"Madonna med Barnet og S. Johannes (Andrea del Sarto, Borghese, Rom)",yes
WOR130900,Reg002267,work,"Madonna med Barnet paa sit Skød (Murillo, Leuchtenberg, München)",yes
WOR130950,Reg002271,work,"Madonna med Barnet, S. Rosalia, Peter og Paulus (A. Van Dyck, Belvedere, Wien)",yes
WOR131000,Reg002274,work,"Madonna med fire Helgener (Perugino, Vatikanet, Rom)",yes
WOR131050,Reg002275,work,"Madonna med fire Helgener (Perugino, Vatikanet, Rom)- (Kopi af A. Küchler)",yes
WOR131100,Reg002272,work,"Madonna med Fisken (Rafael, Prado, Madrid)",yes
WOR131150,Reg002273,work,"Madonna med Jesus og Johannes (Fra Bartolommeo, Sciarra, Rom)",yes
WOR131200,Reg002276,work,"Madonna mellem S. Thomas og S. Hieronymus (Guido Reni, Vatikanet, Rom)",yes
WOR131250,Reg002287,work,"Maleren Stella tegner en Madonna paa sit Fængsels Mur (François Granet, Leuchtenberg, München)",yes
WOR131300,Reg002292,work,"Mand med en Lygte (Adriaen van Ostade, Uffizi, Firenze)",yes
WOR131350,Reg002295,work,"Mandsportræt (Rembrandt, Manfrin, Venezia)",yes
WOR131400,Reg002899,work,"S. Marcus (Fra Bartolommeo, Pitti, Firenze)",yes
WOR131450,Reg002299,work,"Margaretha Ziegler, Luthers Moder (Lucas Cranach d. Æ., Wartburg)",yes
WOR131500,Reg002900,work,"S. Margarethe og Uhyret (Rafael, Belvedere, Wien)",yes
WOR131550,Reg002302,work,"Margrethe Rode, f. Lehmann (Carl Bloch)",yes
WOR131600,Reg002310,work,"Maria Magdalene (P. Batoni, Dresden)",yes
WOR131650,Reg002309,work,"Maria Magdalene (Maddalena d'Albinea) (Correggio, Manfrin, Venezia)",yes
WOR131700,Reg002306,work,"Maria Magdalene (Guercino, Vatikanet, Rom)",yes
WOR131750,Reg002307,work,"Maria Magdalene (Guido Reni, Durazzo, Genova)",yes
WOR131800,Reg002303,work,"Maria Magdalene (2 Billeder) (Guido Reni, Sciarra, Rom)",yes
WOR131850,Reg002312,work,"Maria Magdalene (Tizian, Doria-P., Rom)",yes
WOR131900,Reg002304,work,"Maria Magdalene (Adriaen van der Werff, Alte P., München)",yes
WOR131950,Reg002313,work,"Maria Magdalene vasker Christi Fødder (Paolo Veronese, Durazzo, Genova)",yes
WOR132000,Reg002314,work,"Maria Magdalene ved Korset (Ary Scheffer, Eeghen, Amsterdam)",yes
WOR132050,Reg002318,work,"Marias Bebudelse (Baroccio, Vatikanet, Rom)",yes
WOR132100,Reg002319,work,"Marias Bebudelse (Raphael Mengs, Belvedere, Wien)",yes
WOR132150,Reg002320,work,"Marias Bryllup med Joseph (G. B. Vicar, Domkirken, Perugia)",yes
WOR132200,Reg002321,work,"Marias Himmelfart (Fra Bartolommeo, M. borbonico, Napoli)",yes
WOR132250,Reg002325,work,"Marias Himmelfart (Perugino, Accademia, Firenze)",yes
WOR132300,Reg002323,work,"Marias Himmelfart (Guido Reni, Leuchtenberg, München)",yes
WOR132350,Reg002322,work,"Marias Himmelfart (Guido Reni, Fesch, Rom)",yes
WOR132400,Reg002324,work,"Marias Himmelfart (L. Sabbatini, Bologna)",yes
WOR132450,Reg002326,work,"Marias Himmelfart (Tizian, Domkirken, Verona)",yes
WOR132500,Reg002327,work,"Marias Kroning (Rubens, Berlin)",yes
WOR132550,Reg002328,work,"Marias Trolovelse (Rafael, Brera, Milano)",yes
WOR132600,Reg002339,work,"Marsyas (Annibale Carracci, Doria-P., Rom)",yes
WOR132650,Reg002348,work,"Matthæus' Kaldelse (L. Carracci, Bologna)",yes
WOR132700,Reg002350,work,"Maximilian I af Bayern i Kroningsdragt (Joseph Stieler, Alte P., München)",yes
WOR132750,Reg002354,work,"Mazeppa (Horace Vernet, Avignon)",yes
WOR132800,Reg002360,work,"Medusa (Caravaggio, Uffizi, Firenze)",yes
WOR132850,Reg002361,work,"Medusa (Leonardo da Vinci, Uffizi, Firenze)",yes
WOR132900,Reg002369,work,"Melanchthon (Lucas Cranach d. Æ., Wartburg)",yes
WOR132950,Reg002374,work,"Menneskealdrene (Tizian, Manfrin, Venezia)",yes
WOR133000,Reg003089,work,"St. Michael og Djævelen (P. P. Caruana, Guvernør-Paladset, La Valletta)",yes
WOR133050,Reg002387,work,"Michelangelo (Selvportræt, Kultegning, Villa Farnesina, Rom)",yes
WOR133100,Reg002901,work,"S. Michelina di Pesaro (Baroccio, Vatikanet, Rom)",yes
WOR133150,Reg002390,work,Midnatsstemning ved den grønlandske Kyst (Carl Rasmussen),yes
WOR133200,Reg002407,work,Minerva mellem Gratierne (Nicola Consoni),yes
WOR133250,Reg002423,work,"Modestia et Vanitas (Leonardo da Vinci, Sciarra, Rom)",yes
WOR133300,Reg002432,work,"Moses (Guido Reni, Sciarra, Rom)",yes
WOR133350,Reg002436,work,Moses' Himmelfart (Moses baaret død gennem Luften af Engle) (Joaquín Espalter y Rull),yes
WOR133400,Reg002435,work,"Moses slaar Vand af Klippen (La Sed) (Murillo, Caridad, Sevilla)",yes
WOR133450,Reg001101,work,En Munk som piller Kalkuner (Carl Bloch),yes
WOR133500,Reg001211,work,"Et Munkehovede (Correggio, Accademia, Firenze)",yes
WOR133550,Reg001102,work,"En Muselmand (Rembrandt, Durazzo, Genova)",yes
WOR133600,Reg002443,work,"Muserne og Apollo (Raphael Mengs, Villa Albani, Rom)",yes
WOR133650,Reg002447,work,"Mysterierne (Bebudelsen - Kongernes Tilbedelse - Omskærelsen i Templet) (Rafael, Vatikanet, Rom)",yes
WOR133700,Reg000898,work,Die Mährchenerzählerin (Ed. von Steinle),yes
WOR133750,Reg002464,work,Nadverens Indstiftelse (Leonardo da Vinci),yes
WOR133800,Reg002472,work,"Napoleon paa Hjortejagt i Skoven ved Fontainebleau (C. Vernet, Leuchtenberg, München)",yes
WOR133850,Reg002479,work,"Natten (Tegning, Thorvaldsen)",yes
WOR133900,Reg002487,work,"Nedtagelsen af Korset (F. Baroccio, Domkirken, Perugia)",yes
WOR133950,Reg002491,work,"Nedtagelsen af Korset (Perugino, Pitti, Firenze)",yes
WOR134000,Reg002492,work,"Nedtagelsen af Korset (Rafael, Borghese, Rom)",yes
WOR134050,Reg002493,work,"Nedtagelsen af Korset (Rafael, Manfrin, Venezia)",yes
WOR134100,Reg002485,work,"Nedtagelsen af Korset (A. Tiarini, Bologna)",yes
WOR134150,Reg002494,work,"Nedtagelsen af Korset (Tizian, Manfrin, Venezia)",yes
WOR134200,Reg002488,work,"Nedtagelsen af Korset (G. Vasari, Doria-P., Rom)",yes
WOR134250,Reg002490,work,"Nedtagelsen af Korset (P. Veronese, Doria-P., Rom)",yes
WOR134300,Reg002486,work,"Nedtagelsen af Korset (Daniele da Volterra, Trinità dei Monti, Rom)",yes
WOR134350,Reg002500,work,"Neptun (P. von Cornelius, Glyptoteket, München)",yes
WOR134400,Reg002902,work,"S. Nicolaus af Baris Liv (Giovanni da Fiesole, Vatikanet, Rom)",yes
WOR134450,Reg002506,work,Niels Ebbesen og Grev Gert (Carl Bloch),yes
WOR134500,Reg002903,work,"S. Nilus’ Liv (Domenichino, Grottaferrata)",yes
WOR134550,Reg002517,work,"Noah ifærd med at bringe Dyrene i Arken (J. Bassano, Dresden)",yes
WOR134600,Reg002518,work,"Noah og Arken (Rafael, Manfrin, Venezia)",yes
WOR134650,Reg000743,work,Den nyere Kunsts Udvikling (W. von Kaulbach),yes
WOR134700,Reg002600,work,"Olding og ung Mand musicerer sammen (B. Strozzi, Leuchtenberg, München)",yes
WOR134750,Reg002604,work,"Olympen (P. von Cornelius, Glyptoteket, München)",yes
WOR134800,Reg002608,work,"Omskærelsen (Guido Reni, Leuchtenberg, München)",yes
WOR134850,Reg002618,work,"Opstandelsen (Perugino, Vatikanet, Rom)",yes
WOR134900,Reg002620,work,"Orfeus spiller for Mennesker og Dyr (J. A. Jerichau, Karton)",yes
WOR134950,Reg002624,work,"Orlando furioso (P. P. Caruana, Guvernor-Paladset, La Valletta, Malta)",yes
WOR135000,Reg002625,work,"Orlando furioso, Scener af (J. Schnorr von Carolsfeld, Massimi, Rom)",yes
WOR135050,Reg002629,work,"Ossian besøges af franske Heltes Aander (Desaix, Kléber o.fl.) (Girodet-Trioson, Leuchtenberg, München)",yes
WOR135100,Reg001212,work,Et Osteri (Joh. Bravo),yes
WOR135150,Reg002634,work,"Otto III i Karl den Stores Grav (Wilhelm von Kaulbach, Germanisches Museum, Nürnberg)",yes
WOR135200,Reg002635,work,"Overgangen over det røde Hav (Rafael, Fesch, Rom)",yes
WOR135250,Reg002647,work,"Pandora (Giulio Romano, Manfrin, Venezia)",yes
WOR135300,Reg002656,work,Parti fra den romerske Campagne med Ruinerne af Byen Nymfa (Harald Jerichau),yes
WOR135350,Reg002663,work,"Pave Alexander III.s Møde med Dogen Sebastiano Ziani (F. og L. Bassano, Doge-Paladset, Venezia)",yes
WOR135400,Reg002673,work,"Perdón Dos mio (M. Rodriguez de Guzman, Exposición nacional 1862, Madrid)",yes
WOR135450,Reg001998,work,"La Perla (Rafael, Prado, Madrid)",yes
WOR135500,Reg002677,work,"Peter Arbuës, Grossinquisitor (Wilhelm Von Kaulbach)",yes
WOR135550,Reg002904,work,"S. Peter føres af Englen ud af Fængslet (Luca della Robbia, Uffizi, Firenze)",yes
WOR135600,Reg002905,work,"S. Peters Korsfæstelse (Guido Reni, Vatikanet, Rom)",yes
WOR135650,Reg002906,work,"S. Peters Korsfæstelse (Nicolò Ricciolini, S. Maria degli Angeli, Rom)",yes
WOR135700,Reg002907,work,"S. Peters Korsfæstelse (Rubens, St. Peters Kirke, Köln)",yes
WOR135750,Reg002680,work,"Phantasien, Raderinger (Moritz Retzsch)",yes
WOR135800,Reg002000,work,"La Pietà. Landskab. Christus bæres til Graven (Annibale Carracci, Doria-P., Rom)",yes
WOR135850,Reg001999,work,"La Pietà (Guido Reni, Bologna)",yes
WOR135900,Reg002698,work,"Pluto (P. von Cornelius, Glyptoteket, München)",yes
WOR135950,Reg002719,work,"Portræt af en Franciscaner (Rubens, Doria-P., Rom)",yes
WOR136000,Reg002720,work,"Portræt af hans Fader (Albrecht Dürer, Uffizi, Firenze)",yes
WOR136050,Reg002736,work,"Prins Karl af Bayern til Hest (Joseph Stieler, Alte P., München)",yes
WOR136100,Reg002737,work,Prinserne Constantin og Georg af Grækenland (Elisabeth Jerichau-Baumann),yes
WOR136150,Reg002912,work,"S. S. Processus og Martinian (Valentin de Boullogne, Vatikanet, Rom)",yes
WOR136200,Reg002750,work,"Psykes Historie (Rafael, Villa Farnesina, Rom)",yes
WOR136250,Reg002768,work,Rafaels anden Jordefærd (Horace Verner),yes
WOR136300,Reg002776,work,"Rebecca og Elieser (P. Veronese, Belvedere, Wien)",yes
WOR136350,Reg002782,work,Reineke Fuchs (Wilhelm von Kaulbach),yes
WOR136400,Reg002795,work,"Rembrandts Moder (Neeltgen Willemsdochter van Zuytbrouck) (Rembrandt, Belvedere, Wien)",yes
WOR136450,Reg002908,work,"S. Rochus (Garofalo, Belvedere, Wien)",yes
WOR136500,Reg002909,work,"S. Rochus (Schidone, Doria-P., Rom)",yes
WOR136550,Reg002846,work,Romersk Gadescene (Albert Küchler),yes
WOR136600,Reg002847,work,Romerske Børn med Violer (Elisabeth Jerichau-Baumann),yes
WOR136650,Reg002910,work,"S. Romualdus' Syn (Andrea Sacchi, Vatikanet, Rom)",yes
WOR136700,Reg002855,work,"Rubens (Selvportræt, Belvedere, Wien)",yes
WOR136750,Reg002858,work,"Rubens' Sønner Albert og Nicolas (Rubens, Dresden)",yes
WOR136800,Reg002860,work,Rudolph Puggaard (W. Marstrand),yes
WOR136850,Reg000749,work,Den saarede Soldat (Elisabeth Jerichau-Baumann),yes
WOR136900,Reg002919,work,Salamis-Slaget (W. von Kaulbach),yes
WOR136950,Reg002922,work,"Salomons Dom (Adriaen van der Werff, Uffizi, Firenze)",yes
WOR137000,Reg002930,work,"Samson (Carl Bloch, Charlottenborg 1863)",yes
WOR137050,Reg002932,work,Samson og Dalila (Carl Bloch),yes
WOR137100,Reg002931,work,"Samson og Dalila (A. Van Dyck, Belvedere, Wien)",yes
WOR137150,Reg002933,work,"Samsons Død (L. Carracci, Rospigliosi, Rom)",yes
WOR137200,Reg002936,work,"Sandheden og Merkur (Battista Ponchino, kaldet Bazzacco, Doge-Paladset, Venezia)",yes
WOR137250,Reg002963,work,Scene fra Julirevolutionen (Horace Vernet),yes
WOR137300,Reg002916,work,"S. Sebastian (Perugino, Sciarra, Rom)",yes
WOR137350,Reg002915,work,"S. Sebastian (Guido Reni, Skitse, Bologna)",yes
WOR137400,Reg002913,work,"S. Sebastian (= Madonna med Barnet og Helgener) (Tizian, Vatikanet, Rom)",yes
WOR137450,Reg002980,work,"Seni ved Wallensteins Lig (Carl von Piloty, Neue P., München)",yes
WOR137500,Reg002986,work,"Sibilla (Domenichino, Borghese, Rom)",yes
WOR137550,Reg002988,work,"Sibylla Samia (Guercino, Uffizi, Firenze)",yes
WOR137600,Reg002989,work,"Sibyllerne (Rafael, S. Maria della Pace, Rom)",yes
WOR137650,Reg002992,work,Signe stikker Ild paa sit Jomfrubur (August Malmström),yes
WOR137700,Reg002998,work,"Simon Magus (Pompeo Batoni, S. Maria degli Angeli, Rom)",yes
WOR137750,Reg003003,work,Sixtinske Kapel (Michelangelo),yes
WOR137800,Reg003004,work,"Sixtinske Madonna (Rafael, Dresden)",yes
WOR137850,Reg003005,work,"Sixtinske Madonna (Rafael, Dresden)- Kopi paa Glorup",yes
WOR137900,Reg003006,work,"Sixtus IV (Piero della Francesca, Vatikanet, Rom)",yes
WOR137950,Reg003007,work,"Sixtus V (S. P. Gaëtano, Vatikan-Biblioteket, Rom)",yes
WOR138000,Reg003008,work,"Sixtus V velsigner de pontinske Sumpe (Rud. Lehmann, Lille)",yes
WOR138050,Reg001114,work,"En Sjæl søger Tilflugt for Djævelen under sin Skytsengels Skjold og Vinger (Domenichino, M. borbonico, Napoli)",yes
WOR138100,Reg003012,work,"Skabelsen og Syndefaldet, Dommedag og Helvede (Hieronymus Bosch, Berlin)",yes
WOR138150,Reg003025,work,"Skovegn (Jacob van Ruisdael, Uffizi, Firenze)",yes
WOR138200,Reg003026,work,"Skovlandskab (Jacob van Ruisdael, Belvedere, Wien)",yes
WOR138250,Reg003027,work,Skovparti med en Sø (P. C. Skovgaard),yes
WOR138300,Reg003035,work,"Slaget ved Sendling (Wilhelm Lindenschmit d. Æ., Sendling-Kirken ved München)",yes
WOR138350,Reg003059,work,Solnedgang ved Vesuv (F. Thöming),yes
WOR138400,Reg003067,work,"Sophonisbe, hvem Massinissa rækker Giftbægeret (Cavaliere Calabrese, Rospigliosi, Rom)",yes
WOR138450,Reg003081,work,"Spillerne (Caravaggio, Sciarra, Rom)",yes
WOR138500,Reg003083,work,"Spisekammeret (med en Svane og en Paafugl) (Teniers d. Y., Fesch, Rom)",yes
WOR138550,Reg003086,work,Spurve ved en Lænkehunds Trug (Siegwald Dahl),yes
WOR138600,Reg003095,work,"Stanzerne (Rafael, Vatikanet, Rom)",yes
WOR138650,Reg003096,work,"Stanzerne (Rafael, Vatikanet, Rom)-(Elfenbensrelieffer af Fr. og Dominio Steinhard efter Tegninger af Carlo Fontana, Colonna, Rom)",yes
WOR138700,Reg003101,work,"Stefanus stenes (Rafael og Giulio Romano, S. Stefano, Genova)",yes
WOR138750,Reg003107,work,"Stockholm (Thomas Fearnley, Leuchtenberg, München)",yes
WOR138800,Reg001123,work,En Storkerede (A. Mackeprang),yes
WOR138850,Reg003111,work,Storm ved Bergen (J. C. Dahl),yes
WOR138900,Reg003118,work,"Strandbred med Fiskerbaade (Ludolf Backhuyzen, Belvedere, Wien)",yes
WOR138950,Reg003130,work,Sultan Abd-ul Medshid (Johann Hermann Kretzschmer),yes
WOR139000,Reg003131,work,"Sundheden, der giver Love for Amor og Bacchus (D. C. Blunck)",yes
WOR139050,Reg003135,work,"Susanne i Badet (A. van Dyck, Alte P., München)",yes
WOR139100,Reg003154,work,Syndfloden (W. Kaulbach),yes
WOR139150,Reg003153,work,"Syndfloden (Karl Schorn, Neue P., München)",yes
WOR139200,Reg003171,work,"Søstorm (Joseph Vernet, Alte P., München)",yes
WOR139250,Reg003172,work,"Søstorm ved Triest (J. H. Sander, Kunstforeningen, München)",yes
WOR139300,Reg003174,work,"Søstykke (Anton Melbye), foræret af HCA til Moritz og Dorothea Melchiors Sølvbryllup 17.6.1871",yes
WOR139350,Reg003175,work,"Søstykke, i Baggrunden Etna (Fr. Thöming)",yes
WOR139400,Reg003191,work,"Tasso læser sit Digt for Leonora af Este (César Mussini, Accademia, Firenze)",yes
WOR139450,Reg000652,work,De terugkomst van een Hollandischen vlootvoogd na een zegerijken zeetogt (H. van Hove),yes
WOR139500,Reg003232,work,Therese Henriques (Carl Bloch),yes
WOR139550,Reg003235,work,"Thorvaldsen (Cesare Poggi, Brera, Milano)",yes
WOR139600,Reg003248,work,"Tiden, som flyver med Amor (Palma il Giovane, Manfrin, Venezia)",yes
WOR139650,Reg003274,work,"Tizians Elskede (la Bella?) (Kopi efter Tizian, Doria-P., Rom)",yes
WOR139700,Reg003276,work,"Tizians Moder (Tizian, Manfrin, Venezia)",yes
WOR139750,Reg003283,work,"To Kyrasserer redder en saaret Officer (Albrecht Adam, Leuchtenberg, München)",yes
WOR139800,Reg000658,work,"De to Leonoraer (K. F. Sohn, Düsseldorf)",yes
WOR139850,Reg003284,work,To Qvinder (Elisabeth Jerichau-Baumann),yes
WOR139900,Reg003303,work,Totentanzskizzen (Wilhelm Von Kaulbach),yes
WOR139950,Reg003306,work,"Transfigurationen (Rafael og Giulio Romano, Vatikanet, Rom)",yes
WOR140000,Reg003307,work,"Transfigurationen (Rafael og Giulio Romano, Vatikanet, Rom)- Kopi, Sciarra, Rom",yes
WOR140050,Reg003311,work,"Tre Helgener (Benedikt, Flavia og Placidus) (Perugino, Vatikanet, Rom)",yes
WOR140100,Reg000662,work,"De tre theologiske Dyder (Rafael, Vatikanet, Rom)",yes
WOR140150,Reg003315,work,Treenigheden (A. Küchler),yes
WOR140200,Reg003316,work,"Treenigheden (Perugino, Stanza dell'lncendio, Vatikanet, Rom)",yes
WOR140250,Reg000814,work,Der Triumph der Religion in den Künsten (Fr. Overbeck),yes
WOR140300,Reg000815,work,"Der Triumph der Religion in den Künsten (Fr. Overbeck)- (Städel, Frankfurt a.M.)",yes
WOR140350,Reg000763,work,Den trygge Kærlighed (D. C. Blunck),yes
WOR140400,Reg003337,work,Tvekamp i et Bondebryllup (A. Tidemand),yes
WOR140450,Reg003339,work,"Tyrkisk Dame tilhest (G. B. Castiglione, kaldet il Grechetto, Doria-P., Rom)",yes
WOR140500,Reg000765,work,"Den ubesmittede Undfangelse (La lmmaculada Concepción) (Murillo, Academia, Sevilla)",yes
WOR140550,Reg003360,work,Udsigt fra Højene ved Olevano til den romerske Campagne (Fr. Petzholdt),yes
WOR140600,Reg003361,work,"Udsigt mod Peterskirken, Rom (J. C. Reinhart, Kunstforeningen, München)",yes
WOR140650,Reg003362,work,"Udsigt til Aventiner-Bjerget, Rom (Bolette Pay, Kunstforeningen, München)",yes
WOR140700,Reg003363,work,"Udsigt til Lateranet, Rom (Bolette Pay, Kunstforeningen, München)",yes
WOR140750,Reg003367,work,"Ugolino i Fængsel, hans Sønner og Nevøer (Sir Joshua Reynolds, Knole House)",yes
WOR140800,Reg003390,work,"Urban VIII.s Modtagelse i Gesù-Kirken i Rom (Andrea Sacchi, Sciarra, Rom)",yes
WOR140850,Reg003391,work,"Usurai (Quentin Massys, Doria-P., Rom)",yes
WOR140900,Reg001129,work,En Valkyrie (Tegning) (J.A. Jerichau),yes
WOR140950,Reg003402,work,Valkyrier (Elisabeth Jerichau-Baumann),yes
WOR141000,Reg001130,work,En Valplads Morgenen efter et Slag (J. V. Sonne),yes
WOR141050,Reg003405,work,"Vandfaldet (A. Van Everdingen, Uffizi, Firenze)",yes
WOR141100,Reg000767,work,"Den vantro Thomas (Guercino, Vatikanet, Rom)",yes
WOR141150,Reg003427,work,"Venus (Tizian, Uffizi, Firenze)",yes
WOR141200,Reg003432,work,"Venus fra Umbrien (Tizian, Uffizi, Firenze)",yes
WOR141250,Reg003434,work,"Venus og Adonis (Scarsellino, Borghese, Rom)",yes
WOR141300,Reg003435,work,"Venus og Amor (Lucas Cranach d. Æ., Borghese, Rom)",yes
WOR141350,Reg003436,work,"Venus og Amor (Lucas Cranach d. Æ., Nürnberg)",yes
WOR141400,Reg003437,work,"Venus og Amor (Tizian, Uffizi, Firenze)",yes
WOR141450,Reg003438,work,"Venus, som har taget en Pil fra Amor (Pietro Liberi, Manfrin, Venezia)",yes
WOR141500,Reg003444,work,"Vernet (Tegning) (Adrien Dauzatz, HCAs Stambog)",yes
WOR141550,Reg003445,work,"Veronica (Angelica Kaufmann, Villa Farnesina, Rom)",yes
WOR141600,Reg003454,work,"Villa Pamphilj, Rom (J. C. Reinhart, Kunstforeningen, München)",yes
WOR141650,Reg003462,work,"Violinspilleren (Rafael, Sciarra, Rom)",yes
WOR141700,Reg002011,work,"La Virgen de la Servilleta (Murillo, Academia, Sevilla)",yes
WOR141750,Reg003465,work,"Visión de San Francisco (Murillo, Academia, Sevilla)",yes
WOR141800,Reg003502,work,"Wignacourt, Stormester i Johanniter-Ordenen, Malta (Caravaggio eller Lionello Spada)",yes
WOR141850,Reg003507,work,Willem I Prins van Oranje door Balthazar Gerards verraderlijk getroffen (J.A. Kruseman),yes
WOR141900,Reg003512,work,Wintergezicht (J. Bosboom),yes
WOR141950,Reg003690,work,"Æneas Silvius Piccolominis Historie (Rafael (Ͻ: Pinturicchio), Libreria Piccolomini, Domkirken, Siena)",yes
WOR142000,Reg003695,work,"Æsop (Velazquez, Prado, Madrid)",yes
WOR142050,Reg000127,work,"A. W. Moltke (H. V. Bissen, Bregentved Park)",yes
WOR142100,Reg000133,work,Aarstiderne (Emil Wolff),yes
WOR142150,Reg000138,work,"Abel (J. H. Stöver, Eeghen, Amsterdam)",yes
WOR142200,Reg000153,work,"Adonis (Apollo fra Capua) (M. borbonico, Napoli)",yes
WOR142250,Reg000156,work,"Adonis (Thorvaldsen, Glyptoteket, München)",yes
WOR142300,Reg000173,work,"Agrippina (M. borbonico, Napoli)",yes
WOR142350,Reg000180,work,"Albrecht Dürer (C. D. Rauch, Nürnberg)",yes
WOR142400,Reg000185,work,"Alessandro Farnese, bekranset af Sejrens Gudinde (Ukendt Mester, 16. Aarh., Caserta)",yes
WOR142450,Reg000190,work,"Alfieris Gravmæle (Canova, S. Croce, Firenze)",yes
WOR142500,Reg000203,work,Altertavlen i Slesvig Domkirke (Hans Brüggeman),yes
WOR142550,Reg000209,work,Amerika (W. W. Story),yes
WOR142600,Reg000213,work,"Amor der røver et Kys fra Psyche, hun tager igjen fra ham een af hans Pile (B. Thorvaldsen, Maxen 17. Juni 1841)",yes
WOR142650,Reg000215,work,"Amor med en Delfin (M. borbonico, Napoli)",yes
WOR142700,Reg000214,work,Amor med Lyren (Thorvaldsen),yes
WOR142750,Reg000218,work,"Amor, som hvæsser Pile (J. P. Molin)",yes
WOR142800,Reg000219,work,Amorinsælgersken (J. N. Byström),yes
WOR142850,Reg000225,work,"Andreas Hofer (Joh. Schaller, Franciskaner-Kirken, Innsbruck)",yes
WOR142900,Reg000238,work,"Antinous (Hermes) (Vatikanet, Rom)",yes
WOR142950,Reg000241,work,"Apollo (M. borbonico, Napoli)",yes
WOR143000,Reg000243,work,"Apollo (kvindelig) (M. borbonico, Napoli)",yes
WOR143050,Reg000240,work,"Apollo (Capitol, Rom)",yes
WOR143100,Reg000242,work,"Apollo (Sala della Biga, Vatikanet, Rom)",yes
WOR143150,Reg000248,work,"Apollo di Belvedere (Vatikanet, Rom)",yes
WOR143200,Reg000244,work,"Apollo Citharoedus (Apollo-Salen, Glyptoteket, München)",yes
WOR143250,Reg000245,work,"Apollo Citharoedus (M. borbonico, Napoli)",yes
WOR143300,Reg000246,work,Apollo Musagetes (Berlin),yes
WOR143350,Reg000252,work,"Apostlene (Thorvaldsen, Frue Kirke, København)",yes
WOR143400,Reg000258,work,"Ariadne paa Panteren (J. H. Dannecker, Ariadnum, Frankfurt a. M.)",yes
WOR143450,Reg000259,work,Ariel (John Graham Lough),yes
WOR143500,Reg001770,work,"Jacob van Artevelde (Devigne-Quyo, Gent)",yes
WOR143550,Reg000274,work,"Atlas (M. borbonico, Napoli)",yes
WOR143600,Reg000278,work,"Augustusbrønden (Hubert Gerhard, Augsburg)",yes
WOR143650,Reg000290,work,"Bacchus (Glyptoteket, München)",yes
WOR143700,Reg000291,work,"Bacchus (M. borbonico, Napoli)",yes
WOR143750,Reg000293,work,"Bacchus (Vatikanet, Rom)",yes
WOR143800,Reg000292,work,"Bacchus (Michelangelo, Uffizi, Firenze)",yes
WOR143850,Reg000294,work,Bacchus' Triumf (E. Santarelli),yes
WOR143900,Reg000295,work,Badende Kvinder (J. N. Byström),yes
WOR143950,Reg000298,work,Baggesen (Alb. Jacobson),yes
WOR144000,Reg000300,work,Bakkantinde (L. Bartolini),yes
WOR144050,Reg000301,work,"Balbus-Familiens Statuer (M. bonbornico, Napoli)",yes
WOR144100,Reg000306,work,"Baptisteriets Bronceporte (L. Ghiberti, Firenze)",yes
WOR144150,Reg000316,work,Bartolini ((Selvportræt),yes
WOR144200,Reg000322,work,Beethoven (W. W. Story),yes
WOR144250,Reg000325,work,"Bellman (J. N. Byström, Djurgården, Stockholm)",yes
WOR144300,Reg000351,work,"Biga (Vatikanet, Rom)",yes
WOR144350,Reg000364,work,Bjørnstjerne Bjørnson (H. V. Bissen),yes
WOR144400,Reg000372,work,Bogtrykkerkunstens Opfindelse (David d'Angers),yes
WOR144450,Reg002874,work,"S. Bruno (J. A. Houdon, S. Maria degli Angeli, Rom)",yes
WOR144500,Reg000407,work,"Brutus (M. borbonico, Napoli)",yes
WOR144550,Reg000408,work,"Bryderne (Uffizi, Firenze)",yes
WOR144600,Reg000419,work,Byron (L. Bartolini),yes
WOR144650,Reg000420,work,Byron (Thorvaldsen),yes
WOR144700,Reg000437,work,"Caligula (M. borbonico, Napoli)",yes
WOR144750,Reg000440,work,"Canovas Gravmæle (Giuseppe de Fabris, S. Maria de' Frari, Venezia)",yes
WOR144800,Reg000690,work,"Den capitolinske Venus (Capitol, Rom)",yes
WOR144850,Reg000449,work,"Caracalla (M. borbonico, Napoli)",yes
WOR144900,Reg000451,work,Caritas (L. Bartolini),yes
WOR144950,Reg002875,work,"S. Carlo Borromeo (G. B. Crespi, Arona)",yes
WOR145000,Reg000464,work,"Ceres (H. V. Bissen, Altona)",yes
WOR145050,Reg000486,work,"Christi Nedtagelse af Korset (Pedro Roldán, Caridad, Sevilla)",yes
WOR145100,Reg000504,work,"Christus (Michelangelo, Domkirken, Siena)",yes
WOR145150,Reg000505,work,"Christus (Thorvaldsen, Thorvaldsens Museum)",yes
WOR145200,Reg000523,work,"Cicero (Glyptoteket, München)",yes
WOR145250,Reg000529,work,"Clemens Xlls Monument (Arco Clementino, Vanvitelli, Ancona)",yes
WOR145300,Reg000527,work,"Clemens XIII.s Gravmonument (Canova, Peterskirken, Rom)",yes
WOR145350,Reg000528,work,"Clemens XIV.s Gravmonument (Canova, SS. Apostoli, Rom)",yes
WOR145400,Reg000531,work,Cleopatra (W. W. Story),yes
WOR145450,Reg000567,work,Dagen (Thorvaldsen),yes
WOR145500,Reg000574,work,"Dansende Børn (Luca della Robbia, Uffizi, Firenze)",yes
WOR145550,Reg000575,work,"Danserinder (Canova, Teatro Apollo, Rom)",yes
WOR145600,Reg000576,work,Danserinder (L. von Schwanthaler),yes
WOR145650,Reg000587,work,"Dantes Kenotaf (Stef. Ricci, S. Croce, Firenze)",yes
WOR145700,Reg000615,work,"David (Donatello, Uffizi, Firenze)",yes
WOR145750,Reg000616,work,David med Harpen (O. H. Fladager),yes
WOR145800,Reg000859,work,"Diana fra Efesos (M. borbonico, Napoli)",yes
WOR145850,Reg000948,work,"Diogenes (Capitol, Rom)",yes
WOR145900,Reg000950,work,"Diskoskaster (Vatikanet, Rom)",yes
WOR145950,Reg000991,work,"Drengen, der tager Tornen ud af sin Fod (Capitol, Rom)",yes
WOR146000,Reg000989,work,Drengen med Drueklasen (Enfant à la grappe) (P. J. David d'Angers),yes
WOR146050,Reg000694,work,"Den døende Fægter (Den saarede Gladiator, Den saarede Galler). (M. borbonico, Napoli)",yes
WOR146100,Reg000693,work,"Den døende Fægter (Capitol, Rom)",yes
WOR146150,Reg000695,work,"Den døende Trojaner (Aegineter-Salen, Glyptoteket, München)",yes
WOR146200,Reg001020,work,"Egmont og Hoorn (Charles Auguste Fraikin, Brüssel)",yes
WOR146250,Reg001170,work,"Epitafium over Jürgen Claus (J. A. Silfverling, Vadstena Klosterkirke)",yes
WOR146300,Reg001224,work,"Eugène de Beauharnais, Hertug af Leuchtenberg (Thorvaldsen, S. Michaels-Kirken, München)",yes
WOR146350,Reg001226,work,"Euripides (M. borbonico, Napoli)",yes
WOR146400,Reg001242,work,"F. Bulow (H. V. Bissen, Fredericia)",yes
WOR146450,Reg000698,work,"Den farnesiske Flora (M. borbonico, Napoli)",yes
WOR146500,Reg000699,work,"Den farnesiske Herakles (Glykon, M. borbonico, Napoli)",yes
WOR146550,Reg000700,work,"Den farnesiske Tyr (M. borbonico, Napoli)",yes
WOR146600,Reg001258,work,"Faunen (Hvilende Satyr?) (Vatikanet, Rom)",yes
WOR146650,Reg001259,work,"Faunen (Satyren) med Bacchusbarnet (M. borbonico, Napoli)",yes
WOR146700,Reg001269,work,"Fedows Statue, vistnok = Fiducias Statue (L. Bartolini)",yes
WOR146750,Reg001272,work,"Felipe III af Spanien (Giarmbologna, fuldført af Pietro Tacca, Plaza Mayor, Madrid)",yes
WOR146800,Reg001273,work,"Felipe IV af Spanien (Lorenzo Bernini, S. Maria Maggiore, Rom)",yes
WOR146850,Reg001279,work,"Ferdinando I af Begge Sicilier som Minerva (Canova, M. borbon.ico, Napoli)",yes
WOR146900,Reg001280,work,"Ferdinando l af Toscana (P. Tacca og G. Bondini, Livorno)",yes
WOR146950,Reg001318,work,"Fontana dell'Acqua felice (Moses-Figuren af Prospero Bresciano, Rom)",yes
WOR147000,Reg001319,work,"Fontana della Barcaccia (Pietro Bernini, Rom)",yes
WOR147050,Reg001317,work,"Fontana dei Fiumi (Lorenzo Bernini, Rom)",yes
WOR147100,Reg001320,work,"Fontana delle Tartarughe (Taddeo Landini, Rom)",yes
WOR147150,Reg001342,work,Fr. Stammann (David d'Angers),yes
WOR147200,Reg001368,work,Franz Lachner (L. von Schwanthaler),yes
WOR147250,Reg001369,work,"Frauenlob (L. von Schwanthaler, Mainz)",yes
WOR147300,Reg001372,work,"Frederik II af Hessen-Kassel (J. A. Nahl d. Æ., Kassel)",yes
WOR147350,Reg001373,work,"Frederik VI (H. V. Bissen, Frederiksberg Have)",yes
WOR147400,Reg001374,work,"Frederik VII (H. V. Bissen, Flakhaven, Odense)",yes
WOR147450,Reg001375,work,"Frederik VII.s Rytterstatue (H. V. Bissen, Christiansborg Slotsplads, København)",yes
WOR147500,Reg001376,work,"Frederik den Store (C. D. Rauch, Berlin)",yes
WOR147550,Reg001377,work,"Frederik den Store (Gottfried Schadow, Stettin)",yes
WOR147600,Reg001397,work,"Frygisk Konge (M. borbonico, Napoli)",yes
WOR147650,Reg001401,work,"Fugger (Kasper Clemens von Zumbusch, Ausburg)",yes
WOR147700,Reg001419,work,"Ganymedes (Thorvaldsen, Maxen)",yes
WOR147750,Reg001420,work,"Ganymedes og Ørnen (M. borbonico, Napoli)",yes
WOR147800,Reg001421,work,"Ganymedes paa Ørnen (Phidias, Doge-Paladset, Venezia)",yes
WOR147850,Reg001462,work,"Gladiatorerne (Nævefægterne, Creugas og Damoxenes) (A. Canova, Vatikanet, Rom)",yes
WOR147900,Reg001472,work,"Gotfred af Bouillon (Eugène Simonis, Brüssel)",yes
WOR147950,Reg001478,work,"Gratierne (Libreria Piccolomini, Domkirken, Siena)",yes
WOR148000,Reg001477,work,"Gratierne (Canova, Leuchtenberg, München)",yes
WOR148050,Reg001480,work,"Gratierne (Thorvaldsen, Altona)",yes
WOR148100,Reg001488,work,"Grevinde Christiane Frederikke Moltkes Sarkofag (Johs. Wiedewelt, Karise Kirke)",yes
WOR148150,Reg001510,work,"Gutenberg (David d'Angers, Strassburg)",yes
WOR148200,Reg001511,work,"Gutenberg (Thorvaldsen, Mainz)",yes
WOR148250,Reg000592,work,"Das Gänsemännchen (Pancraz Labenwolf, Nürnberg)",yes
WOR148300,Reg001467,work,"Goethe (Alexander Trippel, Landesbibliothek, Weimar)",yes
WOR148350,Reg001468,work,"Goethe og Psyke (Carl Steinhäuser, Weimar)",yes
WOR148400,Reg001469,work,"Goethe og Schiller (Ernst Rietschel, Theaterplatz, Weimar)",yes
WOR148450,Reg001514,work,H. C. Ørsted (J. A. Jerichau),yes
WOR148500,Reg001515,work,H. V. Bissen (Carl Peters),yes
WOR148550,Reg001523,work,Hamlet (John Graham Lough),yes
WOR148600,Reg001567,work,"Herder (Ludwig Schaller, Weimar)",yes
WOR148650,Reg001570,work,"Herkules, der slynger Lichas ud i Havet (Canova, Palazzo Torlonia, Rom)",yes
WOR148700,Reg001568,work,"Herkules og Nessus (Uffizi, Firenze)",yes
WOR148750,Reg001569,work,"Herkules som Barn (Capitol, Rom)",yes
WOR148800,Reg001571,work,"Herkulesbrønden (Adriaen de Vries, Augsburg)",yes
WOR148850,Reg001574,work,Hermann-Slaget (L. von Schwanthaler),yes
WOR148900,Reg001576,work,Hero. (Johan Niklas Byström),yes
WOR148950,Reg001575,work,Hero (W. W. Story),yes
WOR149000,Reg001578,work,"Herodot (M. borbonico, Napoli)",yes
WOR149050,Reg002892,work,"S. Hieronymus (Lorenzo Bernini, Domkirken, Siena)",yes
WOR149100,Reg001617,work,"Holberg (Th. Stein, Kongens Nytorv, København)",yes
WOR149150,Reg001628,work,"Homer (Capitol, Rom)",yes
WOR149200,Reg001629,work,"Horace Vernet (Thorvaldsen, Avignon)",yes
WOR149250,Reg001644,work,Hugo (David d'Angers),yes
WOR149300,Reg001669,work,"Hyrde med et saaret Lam (A. D. Chaudet, Leuchtenberg, München)",yes
WOR149350,Reg001673,work,Hyrdinde med en Amorin-Rede (Thorvaldsen),yes
WOR149400,Reg001756,work,"Isis (M. borbonico, Napoli)",yes
WOR149450,Reg001758,work,"Isted-Løven (H. V. Bissen, Flensborg)",yes
WOR149500,Reg001763,work,J. L. Heiberg (H. V. Bissen),yes
WOR149550,Reg001766,work,"J. P. Mynster (Th. Stein, Frue Plads, København)",yes
WOR149600,Reg001765,work,"J. P. E. Hartmann (H. V. Bissen, Studenter-Sangforeningen)",yes
WOR149650,Reg001776,work,Jason med det gyldne Skind (Thorvaldsen),yes
WOR149700,Reg001779,work,"Jeanne d'Arc (D. Foyatier, Orléans)",yes
WOR149750,Reg001781,work,"Jeanne d'Arc (Marie af Orléans, Orléans)",yes
WOR149800,Reg001784,work,Jenny Lind (Joseph Durham),yes
WOR149850,Reg001785,work,Jenny Lind (Ludwig Wichmann),yes
WOR149900,Reg001808,work,"Johann Wilhelm af Pfalz (G. Grupello, Düsseldorf)",yes
WOR149950,Reg001812,work,"Johannes Døberen (Donatello, Uffizi, Firenze)",yes
WOR150000,Reg001811,work,"Johannes Døberen (Donatello, Domkirken, Siena)",yes
WOR150050,Reg001813,work,"Johannes Døberen, en Skriftklog og en Farisæer (F. Rustici, Baptisteriet, Firenze)",yes
WOR150100,Reg001827,work,"José I af Portugal (J. Machado de Castro, Lissabon)",yes
WOR150150,Reg001843,work,"Julia (Glyptoteket, München)",yes
WOR150200,Reg001847,work,"Juno (Hera Farnese) (M. borbonico, Napoli)",yes
WOR150250,Reg001848,work,Juno med Herkulesbarnet (J. N. Byström),yes
WOR150300,Reg001850,work,"Jupiter fra Otricoli (Vatikanet, Rom)",yes
WOR150350,Reg001853,work,"Jupiter-Hovedet (Capitol, Rom)",yes
WOR150400,Reg001849,work,"Jupiter Ammons Buste (M. borbonico, Napoli)",yes
WOR150450,Reg001859,work,"Jægergutten (O. O. Glosimodt, Bregentved)",yes
WOR150500,Reg001892,work,"Kingo (Th. Stein, Mindestøtte ved St. Knuds Kirke i Odense)",yes
WOR150550,Reg001917,work,"Kléber (Ph. Grass, Strassburg)",yes
WOR150600,Reg002028,work,"Lady Frederica Stanhope's Epitafium (Sir Francis Chantrey, St. Botolph's Kirke, Chevening)",yes
WOR150650,Reg002029,work,Lady Macbeth (John Graham Lough),yes
WOR150700,Reg002037,work,"Landsoldaten (H. V. Bissen, Fredericia)",yes
WOR150750,Reg002040,work,"Laokoon-Gruppen (Uffizi, Firenze)",yes
WOR150800,Reg002041,work,"Laokoon-Gruppen (Vatikanet, Rom)",yes
WOR150850,Reg002048,work,"Laurens Coster (Gerriet van Heerstal, Haarlem)",yes
WOR150900,Reg002109,work,"Leopoldo l, Storhertug af Toscana (L. Pampaloni, Pisa)",yes
WOR150950,Reg002142,work,"Leucothea med Bacchusbarnet (nu: Eirene og Plutos) (Glyptoteket, München)",yes
WOR151000,Reg002165,work,"Livius (Palazzo della Ragione, Padova)",yes
WOR151050,Reg002194,work,Ludwig l af Bayern (L. von Schwanthaler),yes
WOR151100,Reg002195,work,"Ludwig l af Hessen (L. von Schwanthaler, Darmstadt)",yes
WOR151150,Reg002227,work,"Machiavelli (Malet Buste, Berlin)",yes
WOR151200,Reg002228,work,"Machiavelli (Ukendt Kunstner, Uffizi, Firenze)",yes
WOR151250,Reg002229,work,"Machiavellis Gravmæle (I. Spinezzi, S. Croce, Firenze)",yes
WOR151300,Reg002260,work,Madonna med Barnet (J. N. Byström),yes
WOR151350,Reg002261,work,"Madonna med Barnet (Michelangelo, Cappelle Medicee, Firenze)",yes
WOR151400,Reg002281,work,"Madvig (H. V. Bissen, Svaneke)",yes
WOR151450,Reg002308,work,"Maria Magdalene (Lorenzo Bernini, Domkirken, Siena)",yes
WOR151500,Reg002305,work,"Maria Magdalene (Canova, Leuchtenberg, München)",yes
WOR151550,Reg002311,work,Maria Magdalene (Pietro Galli),yes
WOR151600,Reg002338,work,"Marskal Moritz af Sachsens Gravmonument (Pigalle, St. Thomas-Kirken, Strassburg)",yes
WOR151650,Reg002351,work,"Maximilian I.s Gravmæle (Franciskaner-Kirken, lnnsbruck)",yes
WOR151700,Reg002352,work,"Maximilian Il af Bayern (Johann von Halbig, Lindau)",yes
WOR151750,Reg002359,work,"Mediceer-Gravmælerne (Michelangelo, Cappelle Medicee, Firenze)",yes
WOR151800,Reg000737,work,"Den mediceiske Venus (Uffizi, Firenze)",yes
WOR151850,Reg000738,work,"Den mediceiske Venus (Uffizi, Firenze)- (Kopi, Glyptoteket, München)",yes
WOR151900,Reg002362,work,"Medusa Rondanini (Glyptoteket, München)",yes
WOR151950,Reg002370,work,"Meleager (Vatikanet, Rom)",yes
WOR152000,Reg002375,work,"Merkur (Giambologna, Uffizi, Firenze)",yes
WOR152050,Reg002376,work,"Merkurbrønden (Adriaen de Vries, Augsburg)",yes
WOR152100,Reg002383,work,"Metalsvinet (Il porcellino) (Mercato Nuovo og Uffizi, Firenze)",yes
WOR152150,Reg002388,work,"Michelangelos Gravmæle (Vasari, S. Croce, Firenze)",yes
WOR152200,Reg002406,work,"Minerva (Pallas) (Uffizi, Firenze)",yes
WOR152250,Reg002404,work,"Minerva (Pallas) (Aegineter-Salen, Glyptoteket, München)",yes
WOR152300,Reg002401,work,"Minerva (Apollo-Salen, Glyptoteket, München)",yes
WOR152350,Reg002405,work,"Minerva (Pallas) (M. borbonico, Napoli)",yes
WOR152400,Reg002402,work,"Minerva (Capitol, Rom)",yes
WOR152450,Reg002403,work,"Minerva (H. V. Bissen, Udg. i Biscuit)",yes
WOR152500,Reg002428,work,Monument for Donau-Main-Kanalen (L. von Schwanthaler),yes
WOR152550,Reg002434,work,"Moses (Prospero Bresciano, Fontana dell'Acqua felice, Rom)",yes
WOR152600,Reg002433,work,"Moses (Michelangelo, S. Pietro in Vincoli, Rom)",yes
WOR152650,Reg002438,work,"Mozart (L. von Schwanthaler, Salzburg)",yes
WOR152700,Reg002441,work,"Muserne (M. borbonico, Napoli)",yes
WOR152750,Reg002442,work,"Muserne (Vatikanet, Rom)",yes
WOR152800,Reg002282,work,"Maecenas (Glyptoteket, München)",yes
WOR152850,Reg002470,work,Napoleon I (L. Bartolini),yes
WOR152900,Reg002469,work,"Napoleon I (Giacomo Spalla, Glyptoteket, München)",yes
WOR152950,Reg002473,work,"Napoleons Buste, laurbærkronet (Fesch, Rom)",yes
WOR153000,Reg002480,work,Natten (Thorvaldsen),yes
WOR153050,Reg002489,work,Nedtagelsen af Korset (K. G. Qvarnström),yes
WOR153100,Reg002498,work,"Nelson (E. H. Bailey, Trafalgar Square, London)",yes
WOR153150,Reg002499,work,Nemesis (Thorvaldsen),yes
WOR153200,Reg002503,work,"Nero (Uffizi, Firenze)",yes
WOR153250,Reg002502,work,"Nero (M. borbonico, Napoli)",yes
WOR153300,Reg002507,work,"Niels W. Gade (H. V. Bissen, Udg. i Biscuit)",yes
WOR153350,Reg002508,work,Niels W. Gade (Portrætmedaillon) (Frederik Hammeleff),yes
WOR153400,Reg002511,work,"Nilguden (Vatikanet, Rom)",yes
WOR153450,Reg002514,work,"Niobe-Gruppen (Uffizi, Firenze)",yes
WOR153500,Reg002529,work,"Norne (J. A. Jerichau, H. C. Ørsted-Monumentet, Ørsted-Parken, København)",yes
WOR153550,Reg002573,work,Näcken (J. P. Molin),yes
WOR153600,Reg002575,work,"Nøgen lille Pige med en Fugl (Luigi Pampaloni, Pitti, Firenze)",yes
WOR153650,Reg002583,work,Obelisk til Minde om Kong Frederik V (Bregentved Park),yes
WOR153700,Reg002591,work,"Odin (B. E. Fogelberg, Stockholm)",yes
WOR153750,Reg002607,work,Omphale med Løvehuden (E. Wolff),yes
WOR153800,Reg002615,work,Ophelia (John Graham Lough),yes
WOR153850,Reg002638,work,P. O. Brøndsted (David d'Angers),yes
WOR153900,Reg002648,work,Panterjægeren (J. A. Jerichau),yes
WOR153950,Reg002652,work,"Paris (H. V. Bissen, Frankfurt a.M.)",yes
WOR154000,Reg002651,work,"Paris (Canova, Glyptoteket, München)",yes
WOR154050,Reg002676,work,"Perseus (Canova, Vatikanet, Rom)",yes
WOR154100,Reg002675,work,"Perseus (Benvenuto Cellini, Loggia dei Lanzi, Firenze)",yes
WOR154150,Reg002689,work,Pigen med Blomsterguirlanden (J. N. Byström),yes
WOR154200,Reg002693,work,"Pius VII.s Gravmonument (Thorvaldsen, Peterskirken, Rom)",yes
WOR154250,Reg002697,work,"Pluto (M. borbonico, Napoli)",yes
WOR154300,Reg002713,work,"Pompejus (Spada, Rom)",yes
WOR154350,Reg002748,work,Psyke (Thorvaldsen),yes
WOR154400,Reg002749,work,"Psyke fra Capua (M. borbonico, Napoli)",yes
WOR154450,Reg002751,work,Puck (John Graham Lough),yes
WOR154500,Reg002755,work,"Pyrrhus (M. borbonico, Napoli)",yes
WOR154550,Reg002767,work,"Rafael (Relief bestemt for hans Gravmæle i Pantheon, men ikke benyttet) (Thorvaldsen)",yes
WOR154600,Reg002777,work,Reboul (David d'Angers),yes
WOR154650,Reg002794,work,"Rembrandt (L. Royer, Amsterdam)",yes
WOR154700,Reg002814,work,Robert Browning (W. W. Story),yes
WOR154750,Reg002820,work,"Roland (Raadhuspladsen, Bremen)",yes
WOR154800,Reg002853,work,Rossini (L. Bartolini),yes
WOR154850,Reg002852,work,"Rossini (C. Marochetti, Pesaro 1864)",yes
WOR154900,Reg002854,work,"Rousseau (J. Pradier, I'ile de Rousseau, Genève)",yes
WOR154950,Reg002862,work,Ruth (J. H. Stöver),yes
WOR155000,Reg002917,work,"Sabinerindernes Rov (Giambologna, Loggia dei Lanzi, Firenze)",yes
WOR155050,Reg002935,work,"Sandalbindersken (Rudolph Schadow, Glyptoteket, München)",yes
WOR155100,Reg002955,work,"Sappho (Capitol, Rom)",yes
WOR155150,Reg002960,work,Satyr og Bacchantinde (Thorvaldsen),yes
WOR155200,Reg002966,work,"Schiller (Julius Lippelt, Hamburg)",yes
WOR155250,Reg002967,work,"Schiller (Thorvaldsen, Stuttgart)",yes
WOR155300,Reg002970,work,"Schwarzenberg (Ernst Höhnel, Wien)",yes
WOR155350,Reg002973,work,"Schweizer-Løven (Thorvaldsen, Luzern)",yes
WOR155400,Reg002974,work,Schöner Brunnen (Nürnberg),yes
WOR155450,Reg002976,work,"Sebaldusgraven (Peter Vischer og Sønner, S. Sebaldus-Kirke, Nürnberg)",yes
WOR155500,Reg002996,work,Silens Triumf (E. Santarelli),yes
WOR155550,Reg003038,work,"Sliberen (Uffizi, Firenze)",yes
WOR155600,Reg003066,work,Sophie af Sachsen-Weimar-Eisenach (Emil Wolff),yes
WOR155650,Reg003072,work,"Sovende Satyr (Den barberiniske Faun). (Glyptoteket, München)",yes
WOR155700,Reg003079,work,"Spes (Glyptoteket, München)",yes
WOR155750,Reg003164,work,"Sæterjenten (O. O. Glosimodt, Bregentved)",yes
WOR155800,Reg003233,work,"Theseus (Canova, Volksgarten, Wien)",yes
WOR155850,Reg003237,work,Thorvaldsen (Udstillingsmedaljen) (Chr. Christensen),yes
WOR155900,Reg003236,work,Thorvaldsen (Emil Wolff),yes
WOR155950,Reg003238,work,Thorvaldsen støttende sig til Haabet (Thorvaldsen),yes
WOR156000,Reg003245,work,"Tiberius (M. borbonico, Napoli)",yes
WOR156050,Reg003271,work,Titania (John Graham Lough),yes
WOR156100,Reg003272,work,"Titus (M. borbonico, Napoli)",yes
WOR156150,Reg003275,work,"Tizians Gravmæle (L. og P. Zandomeneghi, S. Maria de' Frari, Venezia)",yes
WOR156200,Reg003288,work,"Tobias helbreder sin blinde Fader (Thorvaldsen, Camposanto, Pisa)",yes
WOR156250,Reg003300,work,"Torso (Ilioneus) (Glyptoteket, München)",yes
WOR156300,Reg003301,work,"Torsoen (Vatikanet, Rom)",yes
WOR156350,Reg003323,work,Troens Engel (H. V. Bissen),yes
WOR156400,Reg003325,work,Trommeslageren fra Arcole (David d'Angers),yes
WOR156450,Reg003369,work,Uller (K. G. Qvarnström),yes
WOR156500,Reg003370,work,"Ulvinden med Romulus og Remus (Capitol, Rom)",yes
WOR156550,Reg003425,work,"Venus (Canova, Glyptoteket, München)",yes
WOR156600,Reg003426,work,"Venus (Gaetano Monti, lsola bella)",yes
WOR156650,Reg003431,work,"Venus fra Milo (Louvre, Paris)",yes
WOR156700,Reg003439,work,"Venus’ Fødsel (L. von Schwanthaler, Glyptoteket, München)",yes
WOR156750,Reg003428,work,"Venus Italica (Canova, Pitti, Firenze)",yes
WOR156800,Reg003429,work,"Venus Kallipygos (M. borbonico, Napoli)",yes
WOR156850,Reg003457,work,Ville Heise (H. V. Bissen),yes
WOR156900,Reg003466,work,"Vittoria Caldoni aus Albano (G. Shadow, Glyptoteket, München)",yes
WOR156950,Reg003485,work,"Walter Scott (George M. Kemp og Sir John Steel, Edinburgh)",yes
WOR157000,Reg003490,work,"Wellingtons Rytterstatue (Matthew Cotes Wyatt, London 1846)",yes
WOR157050,Reg003499,work,"Wieland (Hans Gasser, Wielandsplatz, Weimar)",yes
WOR157100,Reg003508,work,"Willem I af Nederlandene (J. F. Sigault Cz., Groote Kerk, Haarlem)",yes
WOR157150,Reg003510,work,Willibald Alexis (David d'Anges),yes
WOR157200,Reg003686,work,"Ægineter-Gruppen (Glyptoteket, München)",yes
WOR157250,Reg003692,work,"Ærkebiskop C. F. Mennanders Gravmonument (Giuseppe Angelini, Uppsala Domkirke)",yes
WOR157300,Reg003693,work,"Ærkehertuginde Maria Christina af Østrig’s Gravmæle (Canova, Augustinerkirken, Wien)",yes
WOR157350,Reg003694,work,"Æsop (Capitol, Rom)",yes
WOR157400,Reg003696,work,"Æsop (Villa Albani, Rom)",yes
WOR157450,Reg002595,work,Oehlenschlæger (H. V. Bissen),yes
WOR157500,Reg000152,work,Adolph og Clara (Nicolas Dalayrac),yes
WOR157550,Reg000163,work,Africanerinden (G. Meyerbeer),yes
WOR157600,Reg000184,work,Alceste (C. W. Gluck),yes
WOR157650,Reg000186,work,Alessandro Stradella (Fr. von Flotow),yes
WOR157700,Reg000192,work,"Aline, Königinn von Golconda (G. Donizetti)",yes
WOR157750,Reg002223,work,L’Ambassadrice (D. F. E. Auber).,yes
WOR157800,Reg000253,work,Apothekeren og Doktoren (Ditters von Dittersdorf),yes
WOR157850,Reg003373,work,Un ballo in maschera (G. Verdi),yes
WOR157900,Reg000307,work,Barbe-Bleue (J. Offenbach) - Se ogsaa: Rolf Blaaskjæg,yes
WOR157950,Reg000309,work,Barberen i Sevilla (G. Paësiello),yes
WOR158000,Reg000310,work,Barberen i Sevilla (G. Rossini),yes
WOR158050,Reg000324,work,Belisario (G. Donizetti),yes
WOR158100,Reg001970,work,La Belle Hélène (J. Offenbach)- Se ogsaa: Den skjønne Helene,yes
WOR158150,Reg000345,work,Berühre nicht die Königinn (X. Boisselot),yes
WOR158200,Reg002055,work,Le Bouffe et le tailleur (P. Gaveaux),yes
WOR158250,Reg000382,work,Brama og Bayaderen (D. F. E. Auber),yes
WOR158300,Reg001717,work,Il bravo (S. Mercadante),yes
WOR158350,Reg002110,work,Les Brigands (J. Offenbach)- Se ogsaa: Røverne,yes
WOR158400,Reg000398,work,Broncehesten (D. F. E. Auber),yes
WOR158450,Reg000402,work,Bruden fra Lammermoor (I. Bredal),yes
WOR158500,Reg000409,work,Bryggeren i Preston (A. Adam),yes
WOR158550,Reg000416,work,"Buenas noches, Don Simon! (Bonsoir, monsieur Pantalon!) (A. Grisar)- Se ogsaa: God rolig Nat, Hr. Pantalon",yes
WOR158600,Reg000435,work,Califen i Bagdad (F. A. Boieldieu),yes
WOR158650,Reg002057,work,Le Capitaine Henriot (F. A. Gevaert),yes
WOR158700,Reg001683,work,I Capuletti e i Montecchi (V. Bellini),yes
WOR158750,Reg000454,work,Carl den Andens Flugt (E. Siboni),yes
WOR158800,Reg000459,work,Catarina Cornaro (Fr. Lachner),yes
WOR158850,Reg000461,work,Cendrillon (N. Isouard),yes
WOR158900,Reg001988,work,La Generentola (G. Rossini),yes
WOR158950,Reg002058,work,Le Chalet (A. Adam),yes
WOR159000,Reg000472,work,Charles VI (F. Halévy),yes
WOR159050,Reg000474,work,Chiara di Rosemberg (Luigi Ricci),yes
WOR159100,Reg000500,work,Christina di Svezia (Jacobo Foroni),yes
WOR159150,Reg000532,work,Clotilde (Carlo Coccia),yes
WOR159200,Reg002063,work,Le Comte Ory (G. Rossini),yes
WOR159250,Reg000549,work,Così fan tutte (W. A. Mozart),yes
WOR159300,Reg000553,work,Crispino e la comare (Luigi og Federico Ricci),yes
WOR159350,Reg000554,work,"Crispins Forvandlinger (Syngestykke, indrettet af N. T. Bruun, Musiken af Mozart, Méhul og Paër, Teksten efter Hauteroche)",yes
WOR159400,Reg000559,work,Czar og Tømmermand (G. A. Lortzing),yes
WOR159450,Reg001977,work,La Dame blanche (F. A. Boieldieu)- Se ogsaa: Den hvide Dame,yes
WOR159500,Reg001981,work,La Déesse et le berger (J. Duprato),yes
WOR159550,Reg002116,work,Les Deux gentilshommes (J. Cadaux),yes
WOR159600,Reg002118,work,Les Diamants de la couronne (D. F. E. Auber)- Se ogsaa: Kronjuvelerne,yes
WOR159650,Reg000867,work,Didon (Th. Blangini fils),yes
WOR159700,Reg000946,work,Dinorah (Le Pardon de Plöermel) (G. Meyerbeer)- Se ogsaa Sp. 60,yes
WOR159750,Reg000959,work,Doktoren imod sin Villie (Ch. Gounod),yes
WOR159800,Reg001043,work,El dominó azul (Emilio Arrieta),yes
WOR159850,Reg002065,work,Le Domino noir (D. F. E. Auber)- Se ogsaa: Den sorte Domino,yes
WOR159900,Reg000969,work,Don Carlos (G. Verdi),yes
WOR159950,Reg000971,work,Don Juan (W. A. Mozart),yes
WOR160000,Reg000973,work,Don Pasquale (G. Donizetti),yes
WOR160050,Reg000976,work,"Donna Caritea, regina di Spagna (S. Mercadante)",yes
WOR160100,Reg002013,work,La donna del lago (G. Rossini),yes
WOR160150,Reg000775,work,Der Dorfbarbier (Johann Schenk),yes
WOR160200,Reg001980,work,La Double échelle (A. Thomas),yes
WOR160250,Reg001702,work,I due sergenti (Luigi Ricci),yes
WOR160300,Reg001049,work,Elisa (Fr. Kuhlau),yes
WOR160350,Reg001051,work,Elisir d'amore (G. Donizetti)- Se ogsaa: Elskovsdrikken,yes
WOR160400,Reg001052,work,Elskovsdrikken (Elisir d’amore) (G. Donizetti)- Se ogsaa: Elisir d'amore,yes
WOR160450,Reg001054,work,Elverhøi (Fr. Kuhlau),yes
WOR160500,Reg001057,work,Elverpigen (Emil Hartmann),yes
WOR160550,Reg001137,work,"En las arcas del Foro (15.11.1862, Sevilla)",yes
WOR160600,Reg001184,work,Ernani (G. Verdi),yes
WOR160650,Reg001230,work,Euryanthe (Carl Maria Von Weber),yes
WOR160700,Reg001202,work,Et Eventyr i Rosenborg Have (C. E. F. Weyse),yes
WOR160750,Reg001260,work,Faust (C. Gounod),yes
WOR160800,Reg001261,work,Faust (L. Spohr),yes
WOR160850,Reg001982,work,La Favorite (G. Donizetti),yes
WOR160900,Reg001278,work,Ferdinand Cortez (G. L. Spontini),yes
WOR160950,Reg001285,work,Festen paa Kenilworth (C. E. F. Weyse),yes
WOR161000,Reg001285,work,Fidelio (L. van Beethoven),yes
WOR161050,Reg001288,work,Figaros Bryllup (W. A. Mozart),yes
WOR161100,Reg001983,work,La Fille du régiment (G. Donizetti)- se ogsaa: Regimentets Datter,yes
WOR161150,Reg000701,work,Den flyvende Hollænder (R. Wagner),yes
WOR161200,Reg002068,work,"Le Forfait nocturne (18.1.1863, Tours)",yes
WOR161250,Reg002016,work,La forza del destino (G. Verdi),yes
WOR161300,Reg001344,work,Fra Diavolo (D. F. E. Auber),yes
WOR161350,Reg000781,work,Der Freischutz (Carl Maria von Weber)- Se ogsaa: Jægerbruden,yes
WOR161400,Reg000782,work,Der Freischutz (Carl Maria von Weber)- Se ogsaa: Jægerbruden(med Recitativer af Berlioz),yes
WOR161450,Reg001398,work,Frère et mari (A. L. Clapisson),yes
WOR161500,Reg001392,work,Fritz og Lise (J. Offenbach),yes
WOR161550,Reg001719,work,Il furioso all’isola di S. Domingo (G. Donizetti),yes
WOR161600,Reg002017,work,La gazza ladra (G. Rossini)- Se ogsaa: Skaden,yes
WOR161650,Reg001437,work,Gemma di Vergy (G. Donizetti),yes
WOR161700,Reg001466,work,"God rolig Nat, Hr. Pantalon! (Albert Grisar)- Se ogsaa: Buenas noches, Don Simon!.",yes
WOR161750,Reg001989,work,La Grande Duchesse de Gerolstein (J. Offenbach),yes
WOR161800,Reg002070,work,Le Guerrillero (A. Thomas),yes
WOR161850,Reg001499,work,Guido und Ginevra (F. Halévy),yes
WOR161900,Reg001509,work,Gustave III (D. F. E. Auber),yes
WOR161950,Reg001522,work,Hamlet (A. Thomas),yes
WOR162000,Reg001530,work,Hans Heiling (H. Marschner),yes
WOR162050,Reg001542,work,Haydie (D. F. E. Auber),yes
WOR162100,Reg001607,work,Hjalmar og Ingeborg (Asger Hammerich/Hamerik),yes
WOR162150,Reg001643,work,Hugenotterne (G. Meyerbeer),yes
WOR162200,Reg000728,work,Den hvide Dame (F. A. Boieldieu)- Se ogsaa: La Dame blanche,yes
WOR162250,Reg001710,work,Idomeneo (W. A. Mozart),yes
WOR162300,Reg001752,work,Iphigenia i Aulis (C. W. Gluck),yes
WOR162350,Reg001753,work,Iphigenia paa Tauris (C. W. Gluck),yes
WOR162400,Reg001761,work,Italienerinden i Algier (G. Rossini),yes
WOR162450,Reg001795,work,Jessonda (L. Spohr),yes
WOR162500,Reg001804,work,Jocrisse (Eugène Gautier),yes
WOR162550,Reg001824,work,Joseph og hans Brødre (E. N. Méhul),yes
WOR162600,Reg001991,work,La Juive (F. Halévy)- Se ogsaa: Jødinden,yes
WOR162650,Reg001858,work,Jægerbruden (C. M. von Weber)- Se ogsaa: Der Freischütz,yes
WOR162700,Reg001862,work,Jødinden (F. Halévy)- Se ogsaa: La Juive,yes
WOR162750,Reg001909,work,Klerkevænget (F. Hérold)- Se ogsaa: Le Pré aux clercs,yes
WOR162800,Reg001940,work,Korsikaneren (Emil Hartmann),yes
WOR162850,Reg001950,work,Kronjuvelerne (D. F. E. Auber)- Se ogsaa: Les Diamants de la couronne,yes
WOR162900,Reg001960,work,König und Pächter (Joh. Chr. Lobe),yes
WOR162950,Reg002031,work,Lalla-Roukh (Félicien David),yes
WOR163000,Reg002051,work,Lazarilla (Rudolph Bay),yes
WOR163050,Reg000928,work,Die letzten Tage Pompejis (F. A. Pabst),yes
WOR163100,Reg002145,work,Liden Kirsten (J. P. E. Hartmann),yes
WOR163150,Reg002168,work,Llamada y tropa (Emilio Arrieta),yes
WOR163200,Reg002173,work,Lohengrin (R. Wagner),yes
WOR163250,Reg002182,work,Lucia di Lammermoor (G. Donizetti),yes
WOR163300,Reg002188,work,Lucrezia Borgia (G. Donizetti),yes
WOR163350,Reg002192,work,Ludovie (F. Herold og F. Halévy),yes
WOR163400,Reg000645,work,De lystige Koner i Windsor (Otto Nicolai),yes
WOR163450,Reg002355,work,Maître Pathelin (F. Bazin),yes
WOR163500,Reg002073,work,Le Mannequin de Bergame (F. J. Fétis),yes
WOR163550,Reg002296,work,Mara (Joseph Netzer),yes
WOR163600,Reg002075,work,Le Mari de circonstances (C. H. Plantade),yes
WOR163650,Reg002333,work,Marin Faliero (G. Donizetti),yes
WOR163700,Reg002340,work,Martha (Fr. von Flotow),yes
WOR163750,Reg002019,work,"La masacrata (Studenterkomedie, Parodi paa italiensk Opera, Musik: C. J. Hansen, Tekst: Otto Zinck)",yes
WOR163800,Reg001703,work,I masnadieri (G. Verdi),yes
WOR163850,Reg001720,work,Il matrimonio segreto (D. Cimarosa),yes
WOR163900,Reg000121,work,...de Medecis (?),yes
WOR163950,Reg002381,work,Mestersangerne i Nürnberg (R. Wagner),yes
WOR164000,Reg002430,work,Moreto (C. Oudrid y Segura),yes
WOR164050,Reg002124,work,Les Mousquetaires de la Reine (F. Halévy),yes
WOR164100,Reg002446,work,Muurmesteren (D. F. E. Auber),yes
WOR164150,Reg000601,work,Das Mädchen von Elizondo (Pépito) (J. Offenbach),yes
WOR164200,Reg002460,work,Nabucodonosor (G. Verdi),yes
WOR164250,Reg000604,work,Das Nachtlager in Granada (Konradin Kreutzer),yes
WOR164300,Reg001105,work,En Nat mellem Fjeldene (Emil Hartmann),yes
WOR164350,Reg002128,work,Les Noces de Jeannette (V. Massé),yes
WOR164400,Reg002522,work,Nonnerne (François Devienne),yes
WOR164450,Reg000798,work,Der Nordstern (C. Meyerbeer)- Se ogsaa: Nordstjernen,yes
WOR164500,Reg002526,work,Nordstjernen (L'étoile du Nord) (G. Meyerbeer)- Se ogsaa: Der Nordstern,yes
WOR164550,Reg002528,work,Norma (V. Bellini),yes
WOR164600,Reg001690,work,I Normanni a Parigi (S. Mercadante),yes
WOR164650,Reg000741,work,Den nye Jordegodseier (F. A. Boieldieu),yes
WOR164700,Reg002579,work,"O, che imbroglio! (N. Tauro)",yes
WOR164750,Reg002585,work,Oberon (C. M. von Weber),yes
WOR164800,Reg002626,work,Orpheus i Underverdenen (J. Offenbach),yes
WOR164850,Reg002627,work,Orpheus og Euridice (C. W. Gluck),yes
WOR164900,Reg002631,work,Otello (G. Rossini),yes
WOR164950,Reg001997,work,La Part du Diable (D. F. E. Auber),yes
WOR165000,Reg002659,work,Paschaens Datter (P. Heise),yes
WOR165050,Reg002097,work,Le petit Faust (F. Hervé),yes
WOR165100,Reg002082,work,Le Philtre (D. F. E. Auber),yes
WOR165150,Reg002083,work,Le Podstat (C. L. A. Vogel),yes
WOR165200,Reg002708,work,Poliuto (G. Donizetti),yes
WOR165250,Reg002722,work,Postillonen i Lonjumeau (A. Adam),yes
WOR165300,Reg002086,work,Le Pré aux clercs (F. Hérold)- Se ogsaa: Klerkevænget,yes
WOR165350,Reg002728,work,Preciosa (C. M. von Weber),yes
WOR165400,Reg002085,work,Le Premier jour de bonheur (D. F. E. Auber),yes
WOR165450,Reg002021,work,La prigione d'Edinburgo (Federigo Ricci),yes
WOR165500,Reg002001,work,La Princesse de Trebizonde (J. Offenbach),yes
WOR165550,Reg002733,work,"Prinds Pipi og Frøken Titi (Operette med Musik af forskellige Komponister, Tekst af Erik Bøgh efter H. Chivot og A. Duru)",yes
WOR165600,Reg002744,work,Propheten (G. Meyerbeer),yes
WOR165650,Reg002022,work,La prova d'un opera seria (Fr. Gnecco),yes
WOR165700,Reg002087,work,Le Puits d'amour (M. W. Balfe),yes
WOR165750,Reg002752,work,Pulcinella condannato alle ferriere di Maremma (D. Pagliani-Gagliardi),yes
WOR165800,Reg001695,work,I Puritani (V. Bellini),yes
WOR165850,Reg002757,work,Quien manda manda (Emilio Arrieta),yes
WOR165900,Reg002774,work,Ravnen (J. P. E. Hartmann),yes
WOR165950,Reg002779,work,Regimentets Datter (G. Donizetti)- Se ogsaa: La Fille du régiment,yes
WOR166000,Reg002133,work,Les Rendez-vous bourgeois (Francois Hoffmann),yes
WOR166050,Reg002802,work,Richard Coeur-de-lion (A. Grétry),yes
WOR166100,Reg002805,work,Rienzi (R. Wagner),yes
WOR166150,Reg002806,work,Rigoletto (G. Verdi),yes
WOR166200,Reg002816,work,Robert af Normandiet (G. Meyerbeer)- Se ogsaa: Robert le Diable,yes
WOR166250,Reg002817,work,Robert le Diable (G. Meyerbeer)- Se ogsaa: Robert af Normandiet,yes
WOR166300,Reg002821,work,Roland à Roncevaux (A. Mermet),yes
WOR166350,Reg002822,work,Rolf Blaaskjæg (J. Offenbach)- Se ogsaa: Barbe-Bleue,yes
WOR166400,Reg002844,work,Romeo og Julie (C. Gounod),yes
WOR166450,Reg002023,work,"La rondella (8.4.1843, Variétés, Paris)",yes
WOR166500,Reg002849,work,Rose et Colas (P. A. Monsigny),yes
WOR166550,Reg002865,work,Røverborgen (F. Kuhlau),yes
WOR166600,Reg002866,work,Røverne (J. Offenbach)- Se ogsaa: Les Brigands,yes
WOR166650,Reg000801,work,Der Schatzgräber (Le Trésor supposé) (E. N. Méhul),yes
WOR166700,Reg002979,work,Semiramis (G. Rossini),yes
WOR166750,Reg002024,work,La sentinella notturna (S. Agnello),yes
WOR166800,Reg003013,work,Skaden (G. Rossini)- Se ogsaa: La gazza ladra,yes
WOR166850,Reg000751,work,Den skjønne Helene (J. Offenbach)- Se ogsaa: La Belle Hélène,yes
WOR166900,Reg003051,work,Soireen i Laxegade (J. Offenbach),yes
WOR166950,Reg001030,work,Ein Sommernachtstraum (F. Mendelssohn-Bartholdy),yes
WOR167000,Reg002025,work,La sonnambula (V. Bellini)- Se ogsaa: Søvngjængersken,yes
WOR167050,Reg000753,work,Den sorte Domino (D. F. E. Auber)- Se ogsaa: Le Domino noir,yes
WOR167100,Reg003071,work,Sovedrikken (C. E. F. Weyse),yes
WOR167150,Reg000681,work,Den Stumme i Portici (D. F. E. Auber),yes
WOR167200,Reg003159,work,Syvsoverdag (J. P. E.Hartmann),yes
WOR167250,Reg003177,work,Søvngjængersken (V. Bellini)- Se ogsaa: La sonnambula,yes
WOR167300,Reg003182,work,Tancredo (G. Rossini),yes
WOR167350,Reg003185,work,Tannhäuser (R. Wagner),yes
WOR167400,Reg003196,work,Tempelherren og Jødinden (H. Marschner),yes
WOR167450,Reg001721,work,Il templario (Otto Nicolai),yes
WOR167500,Reg002007,work,"La Tentation, Opéra-Ballet (F. Halévy og C. Gide)",yes
WOR167550,Reg001126,work,En Times Ægteskab (N. Dalayrac),yes
WOR167600,Reg003273,work,Titus (W. A. Mozart),yes
WOR167650,Reg000656,work,De to Dage (L. Cherubini)- Se ogsaa: Der Wasserträger,yes
WOR167700,Reg003293,work,Tony (Hertug Ernst II af Sachsen-Coburg-Gotha),yes
WOR167750,Reg003299,work,Torquato Tasso (G. Donizetti),yes
WOR167800,Reg002026,work,La traviata (G. Verdi),yes
WOR167850,Reg003321,work,Tristan og Isolde (R. Wagner),yes
WOR167900,Reg003327,work,Troubaduren (G. Verdi)- Se ogsaa: Il trovatore,yes
WOR167950,Reg003328,work,Troubaduren (G. Verdi)- Se ogsaa: Il trovatore (Divertissement),yes
WOR168000,Reg001724,work,Il trovatore (G. Verdi)- Se ogsaa: Troubaduren,yes
WOR168050,Reg003329,work,Tryllefløiten (W. A. Mozart),yes
WOR168100,Reg003336,work,Tutti in maschera (C. Pedrotti),yes
WOR168150,Reg003380,work,Undine (G. A. Lortzing),yes
WOR168200,Reg003386,work,Ungdom og Galskab (Ed. Du Puy),yes
WOR168250,Reg000766,work,Den unge hidsige Kone (F. A. Boieldieu),yes
WOR168300,Reg003395,work,Valeria (Aloys Schmitt),yes
WOR168350,Reg001725,work,Il ventaglio (P. Raimondi),yes
WOR168400,Reg003450,work,Vert-vert (Poppedreng) (J. Offenbach),yes
WOR168450,Reg003451,work,Vestalinden (G. L. Spontini),yes
WOR168500,Reg002010,work,La Vie parisienne (J. Offenbach),yes
WOR168550,Reg003456,work,Villars Dragoner (L. Maillart),yes
WOR168600,Reg003461,work,Violettes Dukker (A. Adam),yes
WOR168650,Reg000819,work,Der Waffenschmied (G. A. Lortzing),yes
WOR168700,Reg000821,work,Der Wasserträger (L. Cherubini)- Se ogsaa: De to Dage,yes
WOR168750,Reg000824,work,Der Wildschütz (G. A. Lortzing),yes
WOR168800,Reg003505,work,Wilhelm Tell (G. Rossini),yes
WOR168850,Reg003518,work,Zampa (F. Hérold),yes
WOR168900,Reg003524,work,Zemire og Azor (L. Spohr),yes
WOR168950,Reg003528,work,Ziguenarskan (The Bohemian Girl) (M. W. Balfe),yes
WOR169000,Reg003531,work,Zouavens Hjemkomst (V. Kalhauge),yes
WOR169050,Reg000172,work,Agnetes Vuggevise (Agnete og Havfruerne) (N. W. Gade),yes
WOR169100,Reg003595,work,»Alt farer hen som Vinden« (C. F. E. Horneman),yes
WOR169150,Reg000686,work,Den ambrosianske Lovsang (C. E. F. Weyse),yes
WOR169200,Reg000223,work,An den Sonnenschein (R. Schumann),yes
WOR169250,Reg000234,work,Annen-Polka (»N° 3«) (Johann Strauss d. Æ.),yes
WOR169300,Reg003596,work,»At kjøre Vatten og kjøre Veed« (norsk Folkevise),yes
WOR169350,Reg000360,work,"Billeder til Den lille Havfrue, Eventyr af H. C. Andersen, componerede for Piano og Digteren med Høiagtelse tilegnede (op. 3) (Axel Grandjean)",yes
WOR169400,Reg000428,work,Børnenes Juul (op. 36) (N. W. Gade),yes
WOR169450,Reg000429,work,Børnenes Musik (S. A. E. Hagen),yes
WOR169500,Reg000444,work,Cantate ved Frederik den Syvendes Bisættelse (op. 64b) (J. P. E. Hartmann),yes
WOR169550,Reg000441,work,Cantate til Fru Dorothea Melchior den 16. Februar 1871 (J. A. Hägg),yes
WOR169600,Reg000446,work,Cantate ved Indvielsen af Studenterforeningsbygningen (op. 64a) (J. P. E. Hartmann),yes
WOR169650,Reg000457,work,Carneval de Venise,yes
WOR169700,Reg002060,work,Le Chant des Titans (Canto dei Titani) (G. Rossini),yes
WOR169750,Reg000537,work,"Comala, dramatisk Digt efter Ossian (op. 12) (N. W. Gade)",yes
WOR169800,Reg003601,work,»Danmark deiligst Vang og Vænge -« (Poul Rasmussen),yes
WOR169850,Reg003602,work,"»Danmark, mit Fædreland!« (H. Rung)",yes
WOR169900,Reg003604,work,»Dannevang ved grønne Bred -« (C. E. F. Weyse),yes
WOR169950,Reg003612,work,"»Den danske Bonde bad -« (af: Sørge-Cantate over Høisalig Kong Frederik den Sjette, op. 27) (J. P. E. Hartmann)",yes
WOR170000,Reg003615,work,»Der er et yndigt Land -« (H. E. Krøyer),yes
WOR170050,Reg003617,work,"»Det gamle Træ, o lad det staa!« (Sang af »Hyldemoer«)",yes
WOR170100,Reg000996,work,"Dronning Dagmar, Folkevise-Fantasi for Orgel (H. Matthison-Hansen)",yes
WOR170150,Reg001004,work,Dryadens Bryllup (op. 60) (J. P. E. Hartmann),yes
WOR170200,Reg001006,work,Drømmebilleder (H. C. Lumbye),yes
WOR170250,Reg003620,work,"»Du, du liegst mir im Herzen!« (tysk Folkevise)",yes
WOR170300,Reg001016,work,Efterklange af Ossian (op. 1) (N. W. Gade),yes
WOR170350,Reg001058,work,"Elverskud, Ballade efter danske Folkesagn (op. 30) (N. W. Gade)",yes
WOR170400,Reg003623,work,"»Erindrer De, det var i Kongens Have -« (T'en souviens-tu? disait un capitaine) (Doche)",yes
WOR170450,Reg001183,work,Erlkönig (Fr. Schubert),yes
WOR170500,Reg001255,work,Farvel (C. J. Hansen),yes
WOR170550,Reg003627,work,"»Flyv, Fugl! Flyv -« (J. P. E. Hartmann)",yes
WOR170600,Reg001325,work,"Foraarssang, for blandet Chor og Orchester (op. 70) (J. P. E. Hartmann)",yes
WOR170650,Reg003628,work,"»Freudvoll und leidvoll -« (Hvilken Komposition Fru Nissen-Saloman har sunget til Goethes Digt, kan ikke afgøres)",yes
WOR170700,Reg003629,work,»Fryd Dig ved Livet -« (H. A. Nägeli),yes
WOR170750,Reg001434,work,"Gefion, Ballade for Baryton, Kor og Orkester (op. 54) (N. W. Gade)",yes
WOR170800,Reg001413,work,Galopader for Pianoforte (J. H. Lorck),yes
WOR170850,Reg001464,work,Gluntarne (Gunnar Wennerberg),yes
WOR170900,Reg003631,work,»God save the Queen« (H. Carey?),yes
WOR170950,Reg001493,work,Gruss in Holland (Samuel De Lange),yes
WOR171000,Reg001507,work,Gurre (H. Rung),yes
WOR171050,Reg001525,work,"Hamlet, Concert-Ouverture (op. 37) (N. W. Gade)",yes
WOR171100,Reg001613,work,Hjertets Melodier (op. 5) (E. Grieg),yes
WOR171150,Reg001627,work,Holmens faste Stok (E. Horneman),yes
WOR171200,Reg003636,work,»Hr. Peder kasted Runer over Spange -« (H. Rung),yes
WOR171250,Reg003640,work,»Hyrden græsser sine Faar -« (af: Festen paa Kenilworth) (C. E. F. Weyse),yes
WOR171300,Reg001685,work,I Høilandene (Im Hochland) (op. 7) (N. W. Gade),yes
WOR171350,Reg001692,work,I Nød og Fare (C. J. Hansen),yes
WOR171400,Reg001694,work,I Provence (op. 68) (J. P. E. Hartmann),yes
WOR171450,Reg003644,work,»Ich muss nun einmal singen -« (Wilhelm Taubert),yes
WOR171500,Reg003645,work,"»In Berlin, sagt er -« (Die Wiener in Berlin)",yes
WOR171550,Reg003646,work,"»Jag vet ej, hvarför jag sjunger -« (Wilhelm Taubert)",yes
WOR171600,Reg000884,work,Die Jahreszeiten (Jos. Haydn),yes
WOR171650,Reg001830,work,Jubel-Ouverture (Carl Maria Von Weber),yes
WOR171700,Reg001857,work,Jylland (»Jylland mellem tvende Have -«) (P. Heise),yes
WOR171750,Reg001867,work,Kalanus (op. 48) (N. W. Gade),yes
WOR171800,Reg001873,work,Kantate ved Hr. Moritz Melchiors og Fru Dorothea Melchiors Sølvbryllup den 17de Juni 1871 (J. A. Hägg),yes
WOR171850,Reg003649,work,»Kennst Du das Land -« (J. F. Reichardt),yes
WOR171900,Reg001906,work,"Klaverkoncert, a-mol (op. 12) (August Winding)",yes
WOR171950,Reg003547,work,[Klaver-Trio] (Th. B. Sick),yes
WOR172000,Reg003650,work,»Kong Christian stod ved høien Mast -«,yes
WOR172050,Reg001939,work,Korsfarerne (op. 58) (N. W. Gade),yes
WOR172100,Reg001945,work,Krigen derovre (»Det var ved Paasketide -«) (N. P. Hillebrandt),yes
WOR172150,Reg003652,work,"»La donna è mobile« (af: Rigoletto, G. Verdi)",yes
WOR172200,Reg003214,work,The Last Rose of Summer (irsk Folkevise),yes
WOR172250,Reg002108,work,Leonore-Ouverture Nr. 3 (op. 72a) (L. van Beethoven),yes
WOR172300,Reg002149,work,Lieder ohne Worte (F. Mendelssohn-Bartholdy),yes
WOR172350,Reg003655,work,»Lott ist todt«,yes
WOR172400,Reg002217,work,Længsels-Vals (L. Van Beethoven),yes
WOR172450,Reg002123,work,"Les Marionettes, Polka-Mazurka (Neumann)",yes
WOR172500,Reg002337,work,Marseillaisen (Rouget de Lisle),yes
WOR172550,Reg002378,work,Messias (G. F. Händel),yes
WOR172600,Reg002412,work,Miserere (Gregorio Allegri),yes
WOR172650,Reg002421,work,Modersmaalet (H. Rung),yes
WOR172700,Reg002449,work,Märzveilchen (op. 40 nr. 1) (Robert Schumann),yes
WOR172750,Reg000796,work,Der Mönch (G. Meyerbeer),yes
WOR172800,Reg002476,work,Nat i Skoven (af H.C. Andersens Intermedium til »Kildereisen«). (J. P. E. Hartmann),yes
WOR172850,Reg002484,work,Neckens polska (svensk Folkemelodi),yes
WOR172900,Reg000901,work,Die Neckrose (N. W. Gade),yes
WOR172950,Reg002535,work,Noël (Weihnachtslied) (op. 79 nr. 17) (Robert Schumann),yes
WOR173000,Reg002534,work,"Novellette i sex Smaastykker, f. Pfte, (op. 55b) (J. P. E. Hartmann)",yes
WOR173050,Reg002577,work,Nøkken (Ole Bull),yes
WOR173100,Reg002597,work,"Oktet, F-Dur (op. 17) (N. W. Gade)",yes
WOR173150,Reg002598,work,Olav Trygvason (»Brede Seil over Nordsjø gaar -«) (R. Nordraak),yes
WOR173200,Reg002662,work,Paulus (op. 36) (F. Mendelssohn-Bartholdy),yes
WOR173250,Reg002668,work,Peer og Maren (E. Horneman),yes
WOR173300,Reg002672,work,Pensée (Karl Riccius),yes
WOR173350,Reg002679,work,Phantasie über »Robert der Teufel« (Franz Liszt),yes
WOR173400,Reg002796,work,Requiem (Michael Haydn),yes
WOR173450,Reg002797,work,Requiem (W. A. Mozart),yes
WOR173500,Reg002835,work,Romance (R. Nordraak),yes
WOR173550,Reg002836,work,"Romance for Violin med Klaver, G-dur (op. 40) (L. van Beethoven)",yes
WOR173600,Reg002837,work,Romancer og Sange (C. E. F. Weyse),yes
WOR173650,Reg002851,work,Roselil og hendes Moder - (Folkemelodi),yes
WOR173700,Reg003667,work,»Schleswig-Holstein meerumschlungen« (Carl Gottlieb Bellmann),yes
WOR173750,Reg003669,work,"»See Søen hist, hvor Solen daler -«",yes
WOR173800,Reg002982,work,Serenade (Henry Holmes),yes
WOR173850,Reg002985,work,"Sex Karakteerstykker, komponerede som Studier for Klaver, med indledende Smaavers af H. C. Andersen (op. 50) (J. P. E. Hartmann)",yes
WOR173900,Reg002995,work,"Sigurd Slembe, Musik til -, for Solo, Chor og Orkester (R. Nordraak)",yes
WOR173950,Reg003034,work,Slaget ved Fredericia (Henrik Rung),yes
WOR174000,Reg000806,work,Der Sohn der Wüste (Heinrich Riccius),yes
WOR174050,Reg003674,work,»Solen gaar bag Aasen ned -« (W. Thrane),yes
WOR174100,Reg000807,work,Der Soldat (op. 40 nr. 3) (Robert Schumann),yes
WOR174150,Reg003062,work,Sommerfuglen (= Nr. 2 af Sex Karakteerstykker op. 50) (J. P. E. Hartmann),yes
WOR174200,Reg000810,work,Der Spielmann (op. 40 nr. 4) (Robert Schumann),yes
WOR174250,Reg003092,work,Stabat mater (Volkmar Busch),yes
WOR174300,Reg003122,work,Studenten fra Lund (J. A. Hägg),yes
WOR174350,Reg003123,work,Studenternes Sang ved Thorvaldsens Bisættelse (J. P. E. Hartmann),yes
WOR174400,Reg003125,work,Studier og Novelletter (for Klaver) (op. 65) (J. P. E. Hartmann),yes
WOR174450,Reg003150,work,"Symfoni Nr. 1, c-mol (op. 5) (N. W. Gade)",yes
WOR174500,Reg003151,work,"Symfoni Nr. 2, e-mol (Emil Hartmann)",yes
WOR174550,Reg003152,work,"Symfoni Nr. 7, A-dur (op. 92) (L. van Beethoven)",yes
WOR174600,Reg003169,work,Sørge-Cantate over Høisalig Kong Frederik den Sjette (op. 27) (J.P.E. Hartmann),yes
WOR174650,Reg003170,work,Sørgemarsch ved Thorvaldsens Bisættelse (J. P. E. Hartmann),yes
WOR174700,Reg000758,work,"Den sørgende Jødinde, af H. C. Andersens Ahasverus, f. Sopransolo, Damekor og Orkester (J. P. E. Hartmann)",yes
WOR174750,Reg000759,work,Den tappre Landsoldat (E. Horneman),yes
WOR174800,Reg003189,work,Tarantelle (Ole Bull),yes
WOR174850,Reg003676,work,»Te voglio bene -« (napolitansk Folkevise),yes
WOR174900,Reg003198,work,Terpsichore-Vals (Carl Edström),yes
WOR174950,Reg003243,work,Thrymskviden. Gudernes Indtogsmarch (op. 67) (J. P. E. Hartmann),yes
WOR175000,Reg003254,work,"Til Kong Frederik VII.s Minde, Studenterforeningen 20.12.1863 (C. J. Hansen)",yes
WOR175050,Reg003312,work,Tre Klaverstykker (Mazurka - Largo - Mazurka) (G. Matthison-Hansen),yes
WOR175100,Reg001723,work,Il trillo di diavolo (G. Tartini),yes
WOR175150,Reg003320,work,"Trio for Klaver, Violin og Violoncel, F-dur (op. 42) (N. W. Gade)",yes
WOR175200,Reg003407,work,Vandring i Skoven (op. 18 nr. 1) (Edvard Grieg),yes
WOR175250,Reg002099,work,Le vieux soldat (François Riga),yes
WOR175300,Reg003678,work,»Vift stolt paa Codans Bølge« (R. Bay),yes
WOR175350,Reg003680,work,»Vintern rasat ut bland våra fjällar -« (Otto Lindblad),yes
WOR175400,Reg003681,work,»Vor Gud han er saa fast en Borg -«,yes
WOR175450,Reg000820,work,Der Wanderer (Fr. Schubert),yes
WOR175500,Reg003489,work,"Weihe der Töne (Symfoni Nr. 4, F-dur, op. 86) (L. Spohr)",yes
WOR175550,Reg003526,work,"Zigeunermärchen, af Goethes Götz von Berlichingen, f. Mezzosopran, Kor og Orkester (J. P. E. Hartmann)",yes
WOR175600,Reg003701,work,Ørkenens Søn (P. Heise),yes
WOR175650,Reg000162,work,Afguden paa Ceylon (V. Galeotti),yes
WOR175700,Reg000204,work,"Althea (21.5.1854, Dresden)",yes
WOR175750,Reg000221,work,Amors og Balletmesterens Luner (V. Galeotti),yes
WOR175800,Reg000261,work,Arkona (A. Bournonville),yes
WOR175850,Reg000262,work,Armida (Carl Dahlén),yes
WOR175900,Reg000326,work,Bellman eller Polskdansen paa Grönalund (A. Bournonville),yes
WOR175950,Reg000366,work,Blomsterfesten i Genzano (A. Bournonville),yes
WOR176000,Reg000400,work,Brudefærden i Hardanger (A. Bournonville),yes
WOR176050,Reg000539,work,Conservatoriet (A. Bournonville),yes
WOR176100,Reg000548,work,Cort Adeler i Venedig (A. Bournonville),yes
WOR176150,Reg000550,work,"Cracovienne (polsk Dans) (21.3.1846, Teatro grande, Trieste. - 13.6.1849. Kgl. Teater, Stockholm)",yes
WOR176200,Reg000570,work,"Danina eller Jocko, den brasilianske Abe (P. Larcher efter F. Taglioni)",yes
WOR176250,Reg000573,work,Danse-Divertissement (1870) (A. Bournonville),yes
WOR176300,Reg001715,work,"Il Diavolo in Milano (9.6.1861, Teatro Vittorio Emanuele, Torino)",yes
WOR176350,Reg000951,work,Divertissement af Troubaduren (A. Bournonville),yes
WOR176400,Reg002093,work,Le due regine (L. Morosini),yes
WOR176450,Reg001177,work,Erik Menveds Barndom (A. Bournonville),yes
WOR176500,Reg001191,work,Esmeralda (Jules Perrot),yes
WOR176550,Reg001200,work,Et Eventyr i Billeder (A. Bournonville),yes
WOR176600,Reg000778,work,Der Fassbinder (Barchielli),yes
WOR176650,Reg001281,work,Festen i Albano (A. Bournonville),yes
WOR176700,Reg001298,work,Fjeldstuen (A. Bournonville),yes
WOR176750,Reg001300,work,Fjernt fra Danmark (A. Bournonville),yes
WOR176800,Reg001718,work,Il flauto magico (Gaetano Gioia),yes
WOR176850,Reg001302,work,Flick und Flock (Paul Taglioni),yes
WOR176900,Reg001205,work,Et Folkesagn (A. Bournonville),yes
WOR176950,Reg001367,work,"Frantzia (4.1.1863, Bordeaux)",yes
WOR177000,Reg001412,work,Galopade af Phantasiens Ø (A. Bournonville),yes
WOR177050,Reg001454,work,"Giselle (J. H. de Saint-Georges, Théophile Gautier og Jean Coralli)",yes
WOR177100,Reg001456,work,"Giuditta regina di Francia (21.9.1833, La Scala, Milano)",yes
WOR177150,Reg001482,work,Graziosa (J. Derley og L. Petipa),yes
WOR177200,Reg001585,work,Hertugen af Vendômes Pager (J. P. Aumer),yes
WOR177250,Reg000624,work,"De Hinde in het Bosch, of Het Koningrijk der Toovergodin, Balletpantomime efter La Biche au Bois (A. P. Voitus van Hamme)",yes
WOR177300,Reg001618,work,Holberg. Tableau ved Det kgl. Teaters Aabningsforestilling 15.10.1874 (A. Bournonville),yes
WOR177350,Reg001757,work,"Isola d'amore (23.4.1861, Teatro Carlo Felice, Torino)",yes
WOR177400,Reg001990,work,La Jolie fille de Gand (J. H. de Saint-Georges og Albert),yes
WOR177450,Reg001890,work,Kermessen i Brügge (A. Bournonville),yes
WOR177500,Reg001902,work,Kjærligheds-Spaadommen (A. Bournonville),yes
WOR177550,Reg001993,work,La Lithauienne (A. Bournonville),yes
WOR177600,Reg002166,work,Livjægerne paa Amager (A. Bournonville),yes
WOR177650,Reg002018,work,"La malagueña (spansk Dans) (8.4.1843. Variétés, Paris)",yes
WOR177700,Reg000839,work,Des Malers Traumbild (Jules Perrot),yes
WOR177750,Reg002293,work,Mandarinens Døttre (A. Bournonville),yes
WOR177800,Reg002074,work,Le Marché des innocents (M. Petipa og L. Petipa),yes
WOR177850,Reg002364,work,"Mefistofeles, Dansedivertissement af Tryllespillet Le pied de mouton (Folketeatret 31.8.1865)",yes
WOR177900,Reg002474,work,Napoli eller Fiskeren og hans Brud (A. Bournonville),yes
WOR177950,Reg000929,work,"Die nebelgehüllten Mädchen (24.11.1840, München)",yes
WOR178000,Reg000834,work,"Der neue Narciss (24.4.1833, Hamburg)",yes
WOR178050,Reg002512,work,Nina eller den Vanvittige af Kjærlighed (L. J. Milon),yes
WOR178100,Reg002617,work,Oprøret i Seraillet (Filippo Taglioni),yes
WOR178150,Reg001967,work,"L'orfana di Velberg (9.10.1833, Firenze)",yes
WOR178200,Reg002658,work,Pas de trois (A. Bournonville),yes
WOR178250,Reg002657,work,Pas de quatre (Gustave Carey),yes
WOR178300,Reg002130,work,"Les Pas des déesses (29.7.1847, Her Majesty's Theatre, London)",yes
WOR178350,Reg001716,work,"Il Pelagio (26.12.1840, Teatro Apollo, Rom)",yes
WOR178400,Reg002681,work,Phantasiens Ø (A. Bournonville),yes
WOR178450,Reg002709,work,"Polka de Carneval, udføres af Hr. Edström (Casino 25.9.1864)",yes
WOR178500,Reg002710,work,Polka militaire (A. Bournonville),yes
WOR178550,Reg002714,work,Pontemolle (A. Bournonville),yes
WOR178600,Reg002958,work,Sardanapal (Paul Taglioni),yes
WOR178650,Reg000930,work,"Die schöne Arsene oder die neue Amazone (25.5.1834, München)",yes
WOR178700,Reg002981,work,"Sennora Pepita dandsende El Ole. Imitation, udføres af Hr. Edström (Casino 23.9.1864)",yes
WOR178750,Reg003016,work,Skandinavisk Qvadrille (A. Bournonville),yes
WOR178800,Reg003054,work,Soldat og Bonde (A. Bournonville),yes
WOR178850,Reg002004,work,La Source (Chr. Nuittier og Saint-Léon),yes
WOR178900,Reg000754,work,"Den standhaftige Hajdukke, Fiske-Ballet (Carl og Conrad Møller o.fl.)",yes
WOR178950,Reg003103,work,"Stellina, Dansedivertissement (A. Gredelue)",yes
WOR179000,Reg003105,work,Steyrisk Dans (A. Bournonville),yes
WOR179050,Reg003148,work,Sylfiden (A. Bournonville),yes
WOR179100,Reg003176,work,Søvngjængersken (Aumer og Scribe),yes
WOR179150,Reg003242,work,Thrymskviden (A. Bournonville),yes
WOR179200,Reg003297,work,Toreadoren (A. Bournonville),yes
WOR179250,Reg003399,work,Valkyrien (A. Bournonville),yes
WOR179300,Reg002009,work,La Ventana (A. Bournonville),yes
WOR179350,Reg003479,work,Waldemar (A. Bournonville),yes
WOR179400,Reg003498,work,"Weyses Minde, Ballet-Epilog 5.3.1874 (A. Bournonville)",yes
WOR179450,Reg002594,work,Oehlenschläger. Tableau ved Det kgl. Teaters Aabningsforestilling 15.10.1874 (A. Bournonville),yes
LOC1000000,LOC000001,place,Abbotsford,no
LOC1000050,LOC000002,place,Abydos,no
LOC1000100,LOC000003,place,Acquapendente,no
LOC1000150,LOC000004,place,Adamsthal,no
LOC1000200,LOC000005,place,Adelsberg (Adlersberg?),no
LOC1000250,LOC000006,place,Adriaterhavet,no
LOC1000300,LOC000007,place,Afrika,no
LOC1000350,LOC000008,place,Agersø,no
LOC1000400,LOC000009,place,Agnano-Søen,no
LOC1000450,LOC000010,place,Ahlhorn,no
LOC1000500,LOC000011,place,Aigle,no
LOC1000550,LOC000012,place,Ajaccio,no
LOC1000600,LOC000013,place,Akropolis,no
LOC1000650,LOC000014,place,Ala,no
LOC1000700,LOC000016,place,Albanerbjergene,no
LOC1000750,LOC000015,place,Albaner-Søen,no
LOC1000800,LOC000017,place,Albano Laziale,no
LOC1000850,LOC000018,place,Albula-Pas,no
LOC1000900,LOC000019,place,Alcázar de San Juan,no
LOC1000950,LOC000020,place,"Alcázar, Sevilla",no
LOC1001000,LOC000021,place,Alexandria,no
LOC1001050,LOC000022,place,Alexisbad,no
LOC1001100,LOC000023,place,Alfeld,no
LOC1001150,LOC000024,place,Algeciras,no
LOC1001200,LOC000025,place,Algier,no
LOC1001250,LOC000026,place,Alhambra,no
LOC1001300,LOC000027,place,Alicante,no
LOC1001350,LOC000028,place,Almadén,no
LOC1001400,LOC000029,place,Almansa,no
LOC1001450,LOC000030,place,Almeria,no
LOC1001500,LOC000031,place,Alperne,no
LOC1001550,LOC000032,place,Alpnach,no
LOC1001600,LOC000033,place,Alpsee (ved Hohenschwangau),no
LOC1001650,LOC000034,place,Als,no
LOC1001700,LOC000035,place,Alssund,no
LOC1001750,LOC000036,place,Alsteren,no
LOC1001800,LOC000037,place,Altenburg,no
LOC1001850,LOC000038,place,Altona,no
LOC1001900,LOC000039,place,Altorf,no
LOC1001950,LOC000040,place,Altstädten,no
LOC1002000,LOC000041,place,"Alveneu, Bad",no
LOC1002050,LOC000042,place,Alvesta,no
LOC1002100,LOC000043,place,Alz,no
LOC1002150,LOC000044,place,Amager,no
LOC1002200,LOC000045,place,Amalfi,no
LOC1002250,LOC000046,place,Amasra,no
LOC1002300,LOC000047,place,Amboise,no
LOC1002350,LOC000048,place,Ambras,no
LOC1002400,LOC000049,place,Amerika (De Forenede Stater),no
LOC1002450,LOC000050,place,Amiens,no
LOC1002500,LOC000051,place,Amrum,no
LOC1002550,LOC000052,place,Amsteg,no
LOC1002600,LOC000053,place,Amsterdam,no
LOC1002650,LOC000054,place,Amstetten,no
LOC1002700,LOC000055,place,Amur-Floden,no
LOC1002750,LOC000056,place,Amönenhöhe (ved ltzehoe),no
LOC1002800,LOC000057,place,Anacapri,no
LOC1002850,LOC000058,place,Ancona,no
LOC1002900,LOC000059,place,Andeer,no
LOC1002950,LOC000060,place,Andermatt,no
LOC1003000,LOC000061,place,Andernach,no
LOC1003050,LOC000062,place,Andersbo,no
LOC1003100,LOC000063,place,"Andersens Højland (H.C. Andersens Bænk, Aasen, Silkeborg)",no
LOC1003150,LOC000064,place,Andújar,no
LOC1003200,LOC000065,place,Angel,no
LOC1003250,LOC000066,place,Angora,no
LOC1003300,LOC000067,place,Angoulême,no
LOC1003350,LOC000068,place,Anhof,no
LOC1003400,LOC000069,place,Anholt,no
LOC1003450,LOC000070,place,Aniene,no
LOC1003500,LOC000071,place,Antibes,no
LOC1003550,LOC000072,place,Antvorskov,no
LOC1003600,LOC000073,place,Antwerpen,no
LOC1003650,LOC000074,place,Apatin,no
LOC1003700,LOC000075,place,Apenninerne,no
LOC1003750,LOC000076,place,Appenweier,no
LOC1003800,LOC000077,place,Appenzell (Kanton),no
LOC1003850,LOC000078,place,Aranjuez,no
LOC1003900,LOC000079,place,Arbesau,no
LOC1003950,LOC000081,place,Arco,no
LOC1004000,LOC000080,place,"Arco naturale, Capri",no
LOC1004050,LOC000082,place,Arezzo,no
LOC1004100,LOC000083,place,Argos,no
LOC1004150,LOC000084,place,Ariccia,no
LOC1004200,LOC000085,place,Arkaden,no
LOC1004250,LOC000086,place,Arles,no
LOC1004300,LOC000087,place,Arnhem,no
LOC1004350,LOC000088,place,Arno,no
LOC1004400,LOC000089,place,Arona,no
LOC1004450,LOC000090,place,Arrábida,no
LOC1004500,LOC000091,place,Arth,no
LOC1004550,LOC000092,place,Arve,no
LOC1004600,LOC000093,place,Aschersleben,no
LOC1004650,LOC000094,place,Asien,no
LOC1004700,LOC000095,place,Askerlandet (ved Christiania),no
LOC1004750,LOC000096,place,Asmildkloster,no
LOC1004800,LOC000097,place,Asnæs,no
LOC1004850,LOC000098,place,Assens,no
LOC1004900,LOC000099,place,Assisi,no
LOC1004950,LOC000100,place,Assmannshausen,no
LOC1005000,LOC000101,place,Athen,no
LOC1005050,LOC000102,place,Atlanterhavet,no
LOC1005100,LOC000103,place,Atlasbjergene,no
LOC1005150,LOC000104,place,Auf der Jugend (ved Hohensehwangau),no
LOC1005200,LOC000105,place,Augsburg,no
LOC1005250,LOC000107,place,Augustenborg,no
LOC1005300,LOC000106,place,Augustenborg Fjord,no
LOC1005350,LOC000108,place,Aurich,no
LOC1005400,LOC000109,place,Aussig,no
LOC1005450,LOC000110,place,Australien,no
LOC1005500,LOC000111,place,Aveiro,no
LOC1005550,LOC000112,place,Averner-Søen,no
LOC1005600,LOC000113,place,Avesta,no
LOC1005650,LOC000114,place,Avignon,no
LOC1005700,LOC000115,place,Axenstein,no
LOC1005750,LOC000116,place,Axenstrasse,no
LOC1005800,LOC000117,place,Babakaj,no
LOC1005850,LOC000118,place,Baccano (Boccano?),no
LOC1005900,LOC000119,place,Bacharach,no
LOC1005950,LOC000120,place,Bács (Páks),no
LOC1006000,LOC000121,place,Badajoz,no
LOC1006050,LOC000122,place,Baden (Storhertugdømme),no
LOC1006100,LOC000123,place,Baden (ved Wien),no
LOC1006150,LOC000124,place,Baden-Baden,no
LOC1006200,LOC000125,place,Badenweiler,no
LOC1006250,LOC000126,place,Badgastein,no
LOC1006300,LOC000127,place,Baia,no
LOC1006350,LOC000128,place,Bailén,no
LOC1006400,LOC000129,place,Baja (Ungarn),no
LOC1006450,LOC000130,place,Balbek,no
LOC1006500,LOC000131,place,Balkan-Bjergene,no
LOC1006550,LOC000132,place,Balloch,no
LOC1006600,LOC000133,place,Bamberg,no
LOC1006650,LOC000134,place,Bandholm,no
LOC1006700,LOC000135,place,Bangsbo,no
LOC1006750,LOC000136,place,Bannockburn,no
LOC1006800,LOC000137,place,Barcelona,no
LOC1006850,LOC000138,place,Barreiro,no
LOC1006900,LOC000139,place,Basel,no
LOC1006950,LOC000140,place,Basiasch (Bazías),no
LOC1007000,LOC000141,place,Basingstoke,no
LOC1007050,LOC000142,place,Basnæs,no
LOC1007100,LOC000143,place,Bassum,no
LOC1007150,LOC000144,place,Bastei,no
LOC1007200,LOC000145,place,Batavia,no
LOC1007250,LOC000146,place,Baumannshöhle,no
LOC1007300,LOC000148,place,Bavelse,no
LOC1007350,LOC000147,place,Bavelse Sø,no
LOC1007400,LOC000149,place,Baveno,no
LOC1007450,LOC000150,place,Bayern,no
LOC1007500,LOC000151,place,Bayonne,no
LOC1007550,LOC000152,place,Bayreuth,no
LOC1007600,LOC000153,place,Beaucaire,no
LOC1007650,LOC000154,place,Bebra,no
LOC1007700,LOC000155,place,Beckenried,no
LOC1007750,LOC000156,place,Beelitz,no
LOC1007800,LOC000157,place,Beeren-Eiland (Bjørneøen),no
LOC1007850,LOC000158,place,Beinum,no
LOC1007900,LOC000159,place,"Beldringe, Baarse S., Præstø A",no
LOC1007950,LOC000160,place,Belém,no
LOC1008000,LOC000161,place,Belgien,no
LOC1008050,LOC000162,place,Belgrad,no
LOC1008100,LOC000163,place,Bellaggio,no
LOC1008150,LOC000165,place,Bellegarde,no
LOC1008200,LOC000166,place,Bellevue (Klampenborg),no
LOC1008250,LOC000164,place,Belle-Vue (Stockholm),no
LOC1008300,LOC000167,place,"Bellevue, ved Beldringe",no
LOC1008350,LOC000168,place,Bellinzona,no
LOC1008400,LOC000169,place,Belvedere (ved Weimar),no
LOC1008450,LOC000170,place,Belvedere (ved Wien),no
LOC1008500,LOC000171,place,Benfica,no
LOC1008550,LOC000172,place,Ben Lomond,no
LOC1008600,LOC000173,place,Benátky,no
LOC1008650,LOC000174,place,Benediktbeuern,no
LOC1008700,LOC000175,place,Benevente,no
LOC1008750,LOC000176,place,Bense-Brug (ved Christiania),no
LOC1008800,LOC000177,place,Bentheim,no
LOC1008850,LOC000179,place,Berg,no
LOC1008900,LOC000178,place,"Berg, Slot",no
LOC1008950,LOC000180,place,Bergedorf,no
LOC1009000,LOC000181,place,Bergen,no
LOC1009050,LOC000182,place,Bergün,no
LOC1009100,LOC000183,place,Berlin,no
LOC1009150,LOC000184,place,Bern,no
LOC1009200,LOC000185,place,Bernburg,no
LOC1009250,LOC000186,place,Berneck,no
LOC1009300,LOC000187,place,Bernina-Bjergene,no
LOC1009350,LOC000188,place,Bernstorff Slot,no
LOC1009400,LOC000189,place,Berwick,no
LOC1009450,LOC000190,place,Besançon,no
LOC1009500,LOC000191,place,Bex,no
LOC1009550,LOC000192,place,Béziers,no
LOC1009600,LOC000193,place,Biarritz,no
LOC1009650,LOC000194,place,Bidstrup,no
LOC1009700,LOC000195,place,Biebrich,no
LOC1009750,LOC000196,place,Biecowitz,no
LOC1009800,LOC000197,place,Biel (Bienne),no
LOC1009850,LOC000198,place,Bielersøen,no
LOC1009900,LOC000199,place,Bielshöhle,no
LOC1009950,LOC000200,place,Biessenhofen,no
LOC1010000,LOC000201,place,Bilbao,no
LOC1010050,LOC000202,place,Bille,no
LOC1010100,LOC000203,place,Bindlocher,no
LOC1010150,LOC000204,place,Bingen,no
LOC1010200,LOC000205,place,Biscayiske Havbugt (Den spanske Sø),no
LOC1010250,LOC000206,place,Bisserup,no
LOC1010300,LOC000207,place,Bjärka-Säby,no
LOC1010350,LOC000208,place,Björkö (i Mälaren),no
LOC1010400,LOC000209,place,Blankenburg,no
LOC1010450,LOC000210,place,Blankenese,no
LOC1010500,LOC000211,place,Blechhütte,no
LOC1010550,LOC000212,place,Blekhem,no
LOC1010600,LOC000213,place,Blekinge,no
LOC1010650,LOC000214,place,Blois,no
LOC1010700,LOC000215,place,Blokhus,no
LOC1010750,LOC000216,place,Blomberg,no
LOC1010800,LOC000217,place,"Blaa Grotte, den (Capri)",no
LOC1010850,LOC000218,place,Boccano (Baccano?),no
LOC1010900,LOC000219,place,Bode,no
LOC1010950,LOC000220,place,Bodenbach,no
LOC1011000,LOC000221,place,Bodensøen,no
LOC1011050,LOC000222,place,Bogenhausen,no
LOC1011100,LOC000223,place,Bogense,no
LOC1011150,LOC000224,place,Bogø,no
LOC1011200,LOC000225,place,Bohmte,no
LOC1011250,LOC000226,place,Boizenburg,no
LOC1011300,LOC000227,place,Boller,no
LOC1011350,LOC000228,place,Bologna,no
LOC1011400,LOC000230,place,Bolsena,no
LOC1011450,LOC000229,place,Bolsena-Søen,no
LOC1011500,LOC000231,place,Bonn,no
LOC1011550,LOC000232,place,Bonndorf,no
LOC1011600,LOC000233,place,Boppard,no
LOC1011650,LOC000234,place,Bordeaux,no
LOC1011700,LOC000235,place,Boren,no
LOC1011750,LOC000236,place,Borghetto (Ligurien),no
LOC1011800,LOC000237,place,Borghetto all-'Adige,no
LOC1011850,LOC000238,place,Borna,no
LOC1011900,LOC000239,place,Bornholm,no
LOC1011950,LOC000240,place,Borova,no
LOC1012000,LOC000241,place,Borreby,no
LOC1012050,LOC000242,place,"Borromeiske Øer, de",no
LOC1012100,LOC000243,place,Borup,no
LOC1012150,LOC000244,place,Bosporus,no
LOC1012200,LOC000245,place,Boston,no
LOC1012250,LOC000246,place,Bottensjön,no
LOC1012300,LOC000247,place,Bouchain,no
LOC1012350,LOC000248,place,Boulogne,no
LOC1012400,LOC000249,place,Bov,no
LOC1012450,LOC000250,place,Bovbjerg,no
LOC1012500,LOC000251,place,Bozen (Bolzano),no
LOC1012550,LOC000252,place,Brahetrolleborg,no
LOC1012600,LOC000253,place,Brakel,no
LOC1012650,LOC000254,place,Bramstedt,no
LOC1012700,LOC000255,place,"Brancanes, Øde-Kloster ved Setúbal",no
LOC1012750,LOC000256,place,Brand,no
LOC1012800,LOC000257,place,Brandeis,no
LOC1012850,LOC000258,place,"Brandholt, Gaard i Skovby S., Skovby H",no
LOC1012900,LOC000259,place,Branzoll,no
LOC1012950,LOC000260,place,Brasilien,no
LOC1013000,LOC000261,place,Braubach,no
LOC1013050,LOC000262,place,Braunschweig,no
LOC1013100,LOC000263,place,Breda,no
LOC1013150,LOC000264,place,Brede,no
LOC1013200,LOC000265,place,Bregentved,no
LOC1013250,LOC000266,place,Bregenz,no
LOC1013300,LOC000267,place,Bregninge Kirke,no
LOC1013350,LOC000268,place,Breitenburg,no
LOC1013400,LOC000269,place,Bremen,no
LOC1013450,LOC000270,place,"Brenets, Les",no
LOC1013500,LOC000271,place,Brenner,no
LOC1013550,LOC000272,place,Brenta,no
LOC1013600,LOC000273,place,Breslau,no
LOC1013650,LOC000274,place,Brieg,no
LOC1013700,LOC000275,place,Brielle,no
LOC1013750,LOC000276,place,Brienz,no
LOC1013800,LOC000277,place,Brienzer-Søen,no
LOC1013850,LOC000278,place,Bristol,no
LOC1013900,LOC000279,place,Brixen,no
LOC1013950,LOC000280,place,Broadstairs,no
LOC1014000,LOC000281,place,Broager,no
LOC1014050,LOC000282,place,Brocken (Bloksbjerg),no
LOC1014100,LOC000283,place,Broholm,no
LOC1014150,LOC000284,place,Bromberg,no
LOC1014200,LOC000285,place,Bromley,no
LOC1014250,LOC000286,place,Bruck,no
LOC1014300,LOC000287,place,Brunnbäck,no
LOC1014350,LOC000288,place,Brunnen,no
LOC1014400,LOC000289,place,Brüggen,no
LOC1014450,LOC000290,place,Brünig,no
LOC1014500,LOC000291,place,Brünn,no
LOC1014550,LOC000292,place,Brüssel (Bruxelles),no
LOC1014600,LOC000293,place,Brza,no
LOC1014650,LOC000294,place,Brædstrup,no
LOC1014700,LOC000295,place,Brännkyrka,no
LOC1014750,LOC000296,place,Budapest,no
LOC1014800,LOC000297,place,Budwitz,no
LOC1014850,LOC000298,place,Bukarest,no
LOC1014900,LOC000299,place,Bukovina,no
LOC1014950,LOC000300,place,Bulgarien,no
LOC1015000,LOC000301,place,Bulle,no
LOC1015050,LOC000302,place,Buochs,no
LOC1015100,LOC000303,place,Buonconvento,no
LOC1015150,LOC000304,place,Búrgos,no
LOC1015200,LOC000305,place,Butzbach,no
LOC1015250,LOC000306,place,Büchen,no
LOC1015300,LOC000307,place,Bückeburg,no
LOC1015350,LOC000308,place,Büjük Dere,no
LOC1015400,LOC000309,place,Bäckaskog,no
LOC1015450,LOC000310,place,Bækkeskov,no
LOC1015500,LOC000311,place,Bøget,no
LOC1015550,LOC000312,place,Bøhmen,no
LOC1015600,LOC000313,place,Böhmisch-Brod,no
LOC1015650,LOC000314,place,Børglum,no
LOC1015700,LOC000315,place,Børglumkloster,no
LOC1015750,LOC000316,place,Börringe Kloster,no
LOC1015800,LOC000317,place,Cadiz,no
LOC1015850,LOC000318,place,Caffaggiolo,no
LOC1015900,LOC000319,place,Cairo,no
LOC1015950,LOC000320,place,Calabrien,no
LOC1016000,LOC000321,place,Calais,no
LOC1016050,LOC000322,place,Calchedonia,no
LOC1016100,LOC000323,place,Calcutta,no
LOC1016150,LOC000324,place,Californien,no
LOC1016200,LOC000325,place,Callander,no
LOC1016250,LOC000326,place,Calw,no
LOC1016300,LOC000327,place,Camaldoli,no
LOC1016350,LOC000328,place,Cambrai,no
LOC1016400,LOC000329,place,Cambridge,no
LOC1016450,LOC000330,place,Camerlata,no
LOC1016500,LOC000331,place,Campagna di Roma,no
LOC1016550,LOC000332,place,Campiglione,no
LOC1016600,LOC000333,place,Canada,no
LOC1016650,LOC000334,place,Canal de Bouc,no
LOC1016700,LOC000335,place,Candia,no
LOC1016750,LOC000336,place,Cannes,no
LOC1016800,LOC000337,place,Cannstatt,no
LOC1016850,LOC000338,place,Canterbury,no
LOC1016900,LOC000339,place,Canton,no
LOC1016950,LOC000340,place,Cap Colonne (Kap Kolones),no
LOC1017000,LOC000341,place,Cap Matapan,no
LOC1017050,LOC000342,place,Cap Verde,no
LOC1017100,LOC000343,place,Capo de Finisterre,no
LOC1017150,LOC000344,place,Capo di Miseno,no
LOC1017200,LOC000345,place,"Capo di Monte, Napoli",no
LOC1017250,LOC000346,place,Capodistria,no
LOC1017300,LOC000347,place,Capri,no
LOC1017350,LOC000348,place,Capua,no
LOC1017400,LOC000349,place,Carlsberg,no
LOC1017450,LOC000350,place,"Carolina, La",no
LOC1017500,LOC000351,place,Carrara,no
LOC1017550,LOC000352,place,Cartagena,no
LOC1017600,LOC000353,place,"Cartuja, La (ved Granada)",no
LOC1017650,LOC000354,place,Caserta,no
LOC1017700,LOC000355,place,Castel Gandolfo,no
LOC1017750,LOC000356,place,"Castel, Pyrenæerne",no
LOC1017800,LOC000357,place,Castellammare di Stabia,no
LOC1017850,LOC000358,place,Castiglion Fiorentino,no
LOC1017900,LOC000359,place,Castiglioncello,no
LOC1017950,LOC000360,place,Catania,no
LOC1018000,LOC000361,place,Cathrineberg,no
LOC1018050,LOC000362,place,"Cathrineholm, Krummerup S., Øster-Flakkebjerg H.",no
LOC1018100,LOC000363,place,Caub,no
LOC1018150,LOC000364,place,Cava de' Tirreni,no
LOC1018200,LOC000365,place,Celle,no
LOC1018250,LOC000366,place,Cenci,no
LOC1018300,LOC000367,place,Cerigo,no
LOC1018350,LOC000368,place,Cette (Sète),no
LOC1018400,LOC000369,place,Ceuta,no
LOC1018450,LOC000370,place,Ceylon,no
LOC1018500,LOC000371,place,Chalandri (Khalandhri),no
LOC1018550,LOC000372,place,Chalons-sur-Marne,no
LOC1018600,LOC000373,place,Chambéry,no
LOC1018650,LOC000374,place,Champagnole,no
LOC1018700,LOC000375,place,Charlottenberg,no
LOC1018750,LOC000376,place,Charlottenburg,no
LOC1018800,LOC000377,place,Charlottendal,no
LOC1018850,LOC000379,place,Charlottenlund,no
LOC1018900,LOC000378,place,Charlottenlund Slot,no
LOC1018950,LOC000380,place,Charybdis,no
LOC1019000,LOC000381,place,Châtelet,no
LOC1019050,LOC000382,place,Chaux de Fonds,no
LOC1019100,LOC000383,place,Chemnitz,no
LOC1019150,LOC000384,place,Chêne-Thônex (ved Genève),no
LOC1019200,LOC000385,place,Chevening,no
LOC1019250,LOC000386,place,Chiavari,no
LOC1019300,LOC000387,place,Chiavenna,no
LOC1019350,LOC000388,place,Chicago,no
LOC1019400,LOC000389,place,Chiemsse,no
LOC1019450,LOC000390,place,Chillon,no
LOC1019500,LOC000392,place,Christiania,no
LOC1019550,LOC000391,place,Christiania-Fjord,no
LOC1019600,LOC000393,place,Christiansdal,no
LOC1019650,LOC000394,place,Christiansfeld,no
LOC1019700,LOC000395,place,Christianshavn,no
LOC1019750,LOC000396,place,Christiansminde,no
LOC1019800,LOC000397,place,Christianstad,no
LOC1019850,LOC000398,place,Christinehamn,no
LOC1019900,LOC000399,place,Christinelund,no
LOC1019950,LOC000400,place,Christinelyst,no
LOC1020000,LOC000401,place,Chur,no
LOC1020050,LOC000402,place,Cibrus,no
LOC1020100,LOC000403,place,Cilli,no
LOC1020150,LOC000404,place,Cintra,no
LOC1020200,LOC000405,place,Cisterna,no
LOC1020250,LOC000406,place,Città vecchia (Malta) (= Mdina),no
LOC1020300,LOC000407,place,Civita Castellana,no
LOC1020350,LOC000408,place,Civitavecchia,no
LOC1020400,LOC000409,place,Cladova,no
LOC1020450,LOC000410,place,Clapton,no
LOC1020500,LOC000411,place,Clarens,no
LOC1020550,LOC000412,place,Clausholm,no
LOC1020600,LOC000413,place,Cloppenburg,no
LOC1020650,LOC000414,place,Clyde,no
LOC1020700,LOC000415,place,Coburg,no
LOC1020750,LOC000416,place,Cochinchina,no
LOC1020800,LOC000417,place,Cocumella,no
LOC1020850,LOC000418,place,Cohham Hall,no
LOC1020900,LOC000419,place,Coimbra,no
LOC1020950,LOC000420,place,Colico,no
LOC1021000,LOC000422,place,Como,no
LOC1021050,LOC000421,place,Como-Søen,no
LOC1021100,LOC000423,place,Compiègne,no
LOC1021150,LOC000424,place,Conca Marini,no
LOC1021200,LOC000425,place,Connecticut,no
LOC1021250,LOC000426,place,Conradineslyst,no
LOC1021300,LOC000427,place,Coppet,no
LOC1021350,LOC000428,place,Córdoba,no
LOC1021400,LOC000429,place,Cornelia,no
LOC1021450,LOC000430,place,Corselitze,no
LOC1021500,LOC000431,place,Corsica,no
LOC1021550,LOC000432,place,Côte d'Or,no
LOC1021600,LOC000433,place,Crin,no
LOC1021650,LOC000434,place,Crusol,no
LOC1021700,LOC000435,place,Cul de Roches (den underjordiske Mølle),no
LOC1021750,LOC000436,place,Culoz,no
LOC1021800,LOC000437,place,Cuxhaven,no
LOC1021850,LOC000438,place,Cypern,no
LOC1021900,LOC000439,place,Czaslau,no
LOC1021950,LOC000440,place,Czernawoda,no
LOC1022000,LOC000441,place,Dachsen,no
LOC1022050,LOC000442,place,Dacien,no
LOC1022100,LOC000443,place,Dagebøl,no
LOC1022150,LOC000445,place,Dalarne,no
LOC1022200,LOC000446,place,Dalby,no
LOC1022250,LOC000444,place,Dal-Elven,no
LOC1022300,LOC000447,place,Dalkarlsbacka,no
LOC1022350,LOC000448,place,Dallund,no
LOC1022400,LOC000449,place,Dalmatien,no
LOC1022450,LOC000450,place,Dálya,no
LOC1022500,LOC000451,place,Damager,no
LOC1022550,LOC000452,place,Damaskus,no
LOC1022600,LOC000454,place,Danmark,no
LOC1022650,LOC000453,place,"Danmark, Sogn i Uppsala Len",no
LOC1022700,LOC000456,place,Dannemora,no
LOC1022750,LOC000455,place,Dannemora-Søen (Grufsjön),no
LOC1022800,LOC000457,place,Dannevirke,no
LOC1022850,LOC000458,place,Danzig,no
LOC1022900,LOC000459,place,Daphni,no
LOC1022950,LOC000460,place,Dardanellerne,no
LOC1023000,LOC000461,place,Darmstadt,no
LOC1023050,LOC000462,place,Darro,no
LOC1023100,LOC000463,place,Dax,no
LOC1023150,LOC000464,place,De Fattiges Dyrehave ved Kalkbrænderiet,no
LOC1023200,LOC000465,place,Delft,no
LOC1023250,LOC000466,place,Delmenhorst,no
LOC1023300,LOC000467,place,Delos,no
LOC1023350,LOC000468,place,Delphi,no
LOC1023400,LOC000469,place,Dent de Morcles,no
LOC1023450,LOC000470,place,Dent du Midi,no
LOC1023500,LOC000471,place,Desenzano,no
LOC1023550,LOC000472,place,Dessau,no
LOC1023600,LOC000473,place,Deutschbrod,no
LOC1023650,LOC000474,place,Deutz,no
LOC1023700,LOC000475,place,Deventer,no
LOC1023750,LOC000476,place,Diablerets,no
LOC1023800,LOC000477,place,Dietfurt,no
LOC1023850,LOC000478,place,Dijon,no
LOC1023900,LOC000479,place,Djurgården (Stockholm),no
LOC1023950,LOC000480,place,Dôle,no
LOC1024000,LOC000481,place,Dolo,no
LOC1024050,LOC000482,place,Domodossola,no
LOC1024100,LOC000483,place,Domremy-la-Pucelle,no
LOC1024150,LOC000486,place,Donau,no
LOC1024200,LOC000487,place,Donaueschingen,no
LOC1024250,LOC000484,place,Donau-Main Kanalen,no
LOC1024300,LOC000485,place,Donau-Sletten,no
LOC1024350,LOC000488,place,Donaustauf,no
LOC1024400,LOC000489,place,Donauwörth,no
LOC1024450,LOC000490,place,Dordrecht,no
LOC1024500,LOC000491,place,Dornburg,no
LOC1024550,LOC000493,place,Doubs,no
LOC1024600,LOC000492,place,Doubs-Faldet,no
LOC1024650,LOC000494,place,Dover,no
LOC1024700,LOC000495,place,Drachenfels,no
LOC1024750,LOC000496,place,Drammen,no
LOC1024800,LOC000497,place,Drau (Drava),no
LOC1024850,LOC000498,place,"Drei Gleichen, die",no
LOC1024900,LOC000499,place,Drenkova,no
LOC1024950,LOC000500,place,Dresden,no
LOC1025000,LOC000501,place,Dronninggaard,no
LOC1025050,LOC000502,place,Drottningholm,no
LOC1025100,LOC000503,place,Drusus-Broen (Bingen),no
LOC1025150,LOC000504,place,Dublin,no
LOC1025200,LOC000505,place,Dumbarton,no
LOC1025250,LOC000506,place,Dunkerque,no
LOC1025300,LOC000507,place,Durlach,no
LOC1025350,LOC000508,place,Dux,no
LOC1025400,LOC000509,place,Dybbøl,no
LOC1025450,LOC000510,place,"Dyrehaven (ved København), Dyrehavsbakken",no
LOC1025500,LOC000511,place,Düsseldorf,no
LOC1025550,LOC000512,place,Döbling,no
LOC1025600,LOC000513,place,Eaglewood,no
LOC1025650,LOC000514,place,Ebersberg,no
LOC1025700,LOC000515,place,Eckerkrug,no
LOC1025750,LOC000516,place,Eckernførde,no
LOC1025800,LOC000517,place,Eckersdorf,no
LOC1025850,LOC000518,place,Edet,no
LOC1025900,LOC000519,place,Edinburgh,no
LOC1025950,LOC000520,place,Efesos,no
LOC1026000,LOC000521,place,Eger,no
LOC1026050,LOC000522,place,Egeskov,no
LOC1026100,LOC000523,place,Egna,no
LOC1026150,LOC000524,place,Ehrenbreitstein,no
LOC1026200,LOC000525,place,Eiby Mølle,no
LOC1026250,LOC000526,place,Eideren,no
LOC1026300,LOC000527,place,Eidskog,no
LOC1026350,LOC000528,place,Eidsvold,no
LOC1026400,LOC000529,place,Eiger,no
LOC1026450,LOC000530,place,"Eilsen, Bad",no
LOC1026500,LOC000531,place,Einbeck,no
LOC1026550,LOC000532,place,Einsiedeln,no
LOC1026600,LOC000533,place,Eisack,no
LOC1026650,LOC000534,place,Eisenach,no
LOC1026700,LOC000535,place,Eisleben,no
LOC1026750,LOC000536,place,"Ekeberg, Christiania",no
LOC1026800,LOC000537,place,Ekehy Kvarn,no
LOC1026850,LOC000538,place,Ekolsund,no
LOC1026900,LOC000539,place,Elba,no
LOC1026950,LOC000540,place,Elbdalen,no
LOC1027000,LOC000541,place,Elbekosteletz,no
LOC1027050,LOC000542,place,Elben,no
LOC1027100,LOC000543,place,Elberfeld,no
LOC1027150,LOC000544,place,Elbingerode,no
LOC1027200,LOC000545,place,Elche,no
LOC1027250,LOC000546,place,Eleusis,no
LOC1027300,LOC000547,place,Elfeld (Eltville),no
LOC1027350,LOC000548,place,Elfkarleby-Faldet,no
LOC1027400,LOC000549,place,Elfkarleö Bruk,no
LOC1027450,LOC000550,place,Ellekilde,no
LOC1027500,LOC000551,place,Ellens Ø,no
LOC1027550,LOC000552,place,Ellingen,no
LOC1027600,LOC000553,place,Elmshorn,no
LOC1027650,LOC000554,place,Elsass,no
LOC1027700,LOC000555,place,Elsfleth,no
LOC1027750,LOC000556,place,Elsterwerda,no
LOC1027800,LOC000557,place,Elvedgaard,no
LOC1027850,LOC000558,place,Elverhøj,no
LOC1027900,LOC000559,place,"Elyseiske Marker, de",no
LOC1027950,LOC000560,place,Elze,no
LOC1028000,LOC000561,place,Emden,no
LOC1028050,LOC000562,place,Ems,no
LOC1028100,LOC000563,place,Enebackan,no
LOC1028150,LOC000564,place,Engelholm (Skaane),no
LOC1028200,LOC000565,place,England,no
LOC1028250,LOC000566,place,Enköping,no
LOC1028300,LOC000567,place,Enns,no
LOC1028350,LOC000568,place,Enrum (Vedbæk),no
LOC1028400,LOC000569,place,Entroncamento,no
LOC1028450,LOC000570,place,"Enz, die",no
LOC1028500,LOC000571,place,Enzersdorf,no
LOC1028550,LOC000572,place,Épernay,no
LOC1028600,LOC000573,place,Erdöd,no
LOC1028650,LOC000574,place,Eremitagen,no
LOC1028700,LOC000575,place,Erfurt,no
LOC1028750,LOC000576,place,Erlangen,no
LOC1028800,LOC000577,place,Erlauf,no
LOC1028850,LOC000578,place,Escheburg,no
LOC1028900,LOC000579,place,"Escorial, El",no
LOC1028950,LOC000580,place,Eslöv,no
LOC1029000,LOC000581,place,Espe,no
LOC1029050,LOC000582,place,Esrom Kanal,no
LOC1029100,LOC000583,place,Esrom Sø,no
LOC1029150,LOC000584,place,Esschen,no
LOC1029200,LOC000585,place,Estland,no
LOC1029250,LOC000586,place,Étang de Thau,no
LOC1029300,LOC000587,place,Etna,no
LOC1029350,LOC000588,place,Etsch (Adige),no
LOC1029400,LOC000589,place,Etsch-Dalen,no
LOC1029450,LOC000590,place,Ettal,no
LOC1029500,LOC000591,place,Etterbjerg,no
LOC1029550,LOC000592,place,Ettersburg,no
LOC1029600,LOC000593,place,Euboia,no
LOC1029650,LOC000594,place,Europa,no
LOC1029700,LOC000595,place,Eutin,no
LOC1029750,LOC000596,place,Evian,no
LOC1029800,LOC000597,place,Evora,no
LOC1029850,LOC000598,place,Fabjerg,no
LOC1029900,LOC000599,place,Faenza,no
LOC1029950,LOC000601,place,Fakse,no
LOC1030000,LOC000600,place,Fakse Bugt,no
LOC1030050,LOC000602,place,Falkenberg,no
LOC1030100,LOC000603,place,Falkensten,no
LOC1030150,LOC000604,place,Falköping,no
LOC1030200,LOC000605,place,Falster,no
LOC1030250,LOC000606,place,Falun,no
LOC1030300,LOC000607,place,Fanø,no
LOC1030350,LOC000608,place,Fatra,no
LOC1030400,LOC000609,place,Favrskov,no
LOC1030450,LOC000610,place,Feddet (ved Basnæs Nor),no
LOC1030500,LOC000611,place,Feddet (ved Præstø Fjord),no
LOC1030550,LOC000612,place,Femern,no
LOC1030600,LOC000613,place,Ferrara,no
LOC1030650,LOC000614,place,Fetislan,no
LOC1030700,LOC000615,place,Fichtelgebirge,no
LOC1030750,LOC000616,place,Fidenæ,no
LOC1030800,LOC000617,place,Figueras,no
LOC1030850,LOC000618,place,Filigare,no
LOC1030900,LOC000619,place,Finckenfang,no
LOC1030950,LOC000620,place,Finland,no
LOC1031000,LOC000621,place,Firenze,no
LOC1031050,LOC000622,place,Firth of Forth,no
LOC1031100,LOC000623,place,Fjaltring,no
LOC1031150,LOC000624,place,Flade,no
LOC1031200,LOC000626,place,Flensborg,no
LOC1031250,LOC000625,place,Flensborg Fjord,no
LOC1031300,LOC000627,place,Fleurier,no
LOC1031350,LOC000628,place,"Flommen, Sorø",no
LOC1031400,LOC000629,place,Florentin,no
LOC1031450,LOC000630,place,Flüelen,no
LOC1031500,LOC000631,place,Foligno,no
LOC1031550,LOC000632,place,Folkestone,no
LOC1031600,LOC000633,place,Fondi,no
LOC1031650,LOC000634,place,Forlì,no
LOC1031700,LOC000635,place,Formia (Mola di Gaëta),no
LOC1031750,LOC000636,place,Forshem,no
LOC1031800,LOC000637,place,Fort William,no
LOC1031850,LOC000638,place,Fortunen,no
LOC1031900,LOC000639,place,Frabertsham,no
LOC1031950,LOC000640,place,Frankenmarkt,no
LOC1032000,LOC000641,place,Frankfurt a.d.O.,no
LOC1032050,LOC000642,place,Frankfurt a.M.,no
LOC1032100,LOC000643,place,Frankrig,no
LOC1032150,LOC000644,place,Frascati,no
LOC1032200,LOC000646,place,Fredensborg,no
LOC1032250,LOC000645,place,Fredensborg Slot,no
LOC1032300,LOC000647,place,Fredericia,no
LOC1032350,LOC000649,place,Frederiksberg,no
LOC1032400,LOC000648,place,Frederiksberg Slot,no
LOC1032450,LOC000650,place,Frederiksborg (Hillerød),no
LOC1032500,LOC000651,place,Frederiksborg Slot,no
LOC1032550,LOC000652,place,Frederikshavn,no
LOC1032600,LOC000653,place,Frederiksholm,no
LOC1032650,LOC000654,place,Frederikslund,no
LOC1032700,LOC000655,place,Frederiksstad,no
LOC1032750,LOC000656,place,Frederiksværk,no
LOC1032800,LOC000657,place,Freiburg im Breisgau,no
LOC1032850,LOC000658,place,Freudenthal (ved Itzehoe),no
LOC1032900,LOC000659,place,Freynersdorf,no
LOC1032950,LOC000660,place,Fribourg (Freiburg) (Schweiz),no
LOC1033000,LOC000661,place,Friedberg,no
LOC1033050,LOC000662,place,"Friedrichsberg, Slesvig",no
LOC1033100,LOC000663,place,Friedrichshafen,no
LOC1033150,LOC000664,place,Friesack,no
LOC1033200,LOC000665,place,Frijsenborg,no
LOC1033250,LOC000666,place,Frijsendal,no
LOC1033300,LOC000667,place,Frohnalp,no
LOC1033350,LOC000668,place,Fruens Bøge,no
LOC1033400,LOC000669,place,Frørup,no
LOC1033450,LOC000670,place,Fuglsang (ved Fredericia),no
LOC1033500,LOC000671,place,Fuirendal,no
LOC1033550,LOC000672,place,Fulda,no
LOC1033600,LOC000673,place,Fulneck,no
LOC1033650,LOC000674,place,Fusina,no
LOC1033700,LOC000675,place,Fyllebro,no
LOC1033750,LOC000676,place,Fyn,no
LOC1033800,LOC000677,place,Fyrisån,no
LOC1033850,LOC000678,place,Fürth,no
LOC1033900,LOC000679,place,Füssen,no
LOC1033950,LOC000680,place,Færøerne,no
LOC1034000,LOC000681,place,Før,no
LOC1034050,LOC000682,place,Førslevgaard,no
LOC1034100,LOC000683,place,Faaborg,no
LOC1034150,LOC000684,place,Gablitz,no
LOC1034200,LOC000685,place,Gad's Hill Place,no
LOC1034250,LOC000686,place,Gaëta,no
LOC1034300,LOC000687,place,Gais,no
LOC1034350,LOC000688,place,Galata,no
LOC1034400,LOC000689,place,Galatz (Galati),no
LOC1034450,LOC000690,place,Galipoli,no
LOC1034500,LOC000691,place,"Galli, Li",no
LOC1034550,LOC000692,place,Gamla Uppsala,no
LOC1034600,LOC000693,place,Gammel Estrup,no
LOC1034650,LOC000694,place,Gammel Køgegaard,no
LOC1034700,LOC000695,place,Gammel Skagen,no
LOC1034750,LOC000696,place,Gamtofte,no
LOC1034800,LOC000697,place,Ganges,no
LOC1034850,LOC000698,place,Garda-Søen,no
LOC1034900,LOC000699,place,Garigliano,no
LOC1034950,LOC000700,place,Garonne,no
LOC1035000,LOC000701,place,Gavnø,no
LOC1035050,LOC000702,place,Gefle,no
LOC1035100,LOC000703,place,Gellerup,no
LOC1035150,LOC000704,place,Generalife,no
LOC1035200,LOC000705,place,Genève (Genf),no
LOC1035250,LOC000706,place,Genfersøen (Lac Léman),no
LOC1035300,LOC000707,place,Genova,no
LOC1035350,LOC000708,place,Gent,no
LOC1035400,LOC000709,place,Gentofte,no
LOC1035450,LOC000710,place,Genzano di Roma,no
LOC1035500,LOC000711,place,Gera,no
LOC1035550,LOC000712,place,Gernrode,no
LOC1035600,LOC000713,place,Gerona,no
LOC1035650,LOC000714,place,Gersau,no
LOC1035700,LOC000715,place,Gersdorf,no
LOC1035750,LOC000716,place,Gesindel,no
LOC1035800,LOC000717,place,Geysir,no
LOC1035850,LOC000719,place,Gibraltar,no
LOC1035900,LOC000718,place,Gibraltar-Strædet,no
LOC1035950,LOC000720,place,Giessbach,no
LOC1036000,LOC000721,place,Giessen,no
LOC1036050,LOC000722,place,Gironde,no
LOC1036100,LOC000723,place,Gisselfeld,no
LOC1036150,LOC000724,place,Giurgevo (Giurgiu),no
LOC1036200,LOC000725,place,Glarus,no
LOC1036250,LOC000726,place,Glasgow,no
LOC1036300,LOC000727,place,Glashütte (Sachsen),no
LOC1036350,LOC000728,place,Glion,no
LOC1036400,LOC000729,place,Glogau,no
LOC1036450,LOC000730,place,Gloggnitz,no
LOC1036500,LOC000731,place,Glommen,no
LOC1036550,LOC000732,place,Glorup,no
LOC1036600,LOC000733,place,Glücksborg,no
LOC1036650,LOC000734,place,Glückstadt,no
LOC1036700,LOC000735,place,Glænø,no
LOC1036750,LOC000736,place,Golfo di Napoli,no
LOC1036800,LOC000737,place,Golling,no
LOC1036850,LOC000738,place,Golubacz,no
LOC1036900,LOC000739,place,Gondo,no
LOC1036950,LOC000740,place,Goor,no
LOC1037000,LOC000741,place,Goslar,no
LOC1037050,LOC000742,place,Gotha,no
LOC1037100,LOC000743,place,Gottorp,no
LOC1037150,LOC000744,place,Grabow,no
LOC1037200,LOC000745,place,Gram,no
LOC1037250,LOC000746,place,Gran (Esztergom),no
LOC1037300,LOC000747,place,Granada,no
LOC1037350,LOC000748,place,Grandson,no
LOC1037400,LOC000749,place,Graubünden,no
LOC1037450,LOC000750,place,Gravesend,no
LOC1037500,LOC000751,place,Graz,no
LOC1037550,LOC000752,place,Greenwich,no
LOC1037600,LOC000753,place,Grenaa,no
LOC1037650,LOC000754,place,"Greve, Høje Taastrup S",no
LOC1037700,LOC000755,place,Gribsvad Kro,no
LOC1037750,LOC000756,place,Grindelwald,no
LOC1037800,LOC000757,place,Groningen,no
LOC1037850,LOC000758,place,Grossbeeren,no
LOC1037900,LOC000759,place,Grossenhain,no
LOC1037950,LOC000760,place,Grottaferrata,no
LOC1038000,LOC000761,place,"Grundet, Store",no
LOC1038050,LOC000762,place,Grækenland,no
LOC1038100,LOC000763,place,Grønland,no
LOC1038150,LOC000764,place,Grådö,no
LOC1038200,LOC000765,place,Graasten,no
LOC1038250,LOC000766,place,Guadalquivir,no
LOC1038300,LOC000767,place,Gudbjerg,no
LOC1038350,LOC000768,place,Gudenaaen,no
LOC1038400,LOC000769,place,Guinea,no
LOC1038450,LOC000770,place,"Gullkroken, Vestergötland",no
LOC1038500,LOC000771,place,Guntershausen,no
LOC1038550,LOC000772,place,Gurre,no
LOC1038600,LOC000773,place,Gørding,no
LOC1038650,LOC000774,place,Görlitz,no
LOC1038700,LOC000775,place,Göta-Elven,no
LOC1038750,LOC000776,place,Göta-Kanalen,no
LOC1038800,LOC000777,place,Göteborg,no
LOC1038850,LOC000778,place,Göttingen,no
LOC1038900,LOC000779,place,Gaabense,no
LOC1038950,LOC000780,place,Haderslev,no
LOC1039000,LOC000781,place,Haga,no
LOC1039050,LOC000782,place,Halberstadt,no
LOC1039100,LOC000783,place,Hald,no
LOC1039150,LOC000784,place,Halfweg,no
LOC1039200,LOC000785,place,Hallandsås,no
LOC1039250,LOC000786,place,Halle,no
LOC1039300,LOC000787,place,Halleberg,no
LOC1039350,LOC000788,place,Hallein,no
LOC1039400,LOC000789,place,Halligerne,no
LOC1039450,LOC000790,place,Hallsberg,no
LOC1039500,LOC000791,place,Halmstad,no
LOC1039550,LOC000792,place,"Halskov Vænge, Falster",no
LOC1039600,LOC000793,place,"Halskov, Sjælland",no
LOC1039650,LOC000794,place,Hamburg,no
LOC1039700,LOC000795,place,Hameln,no
LOC1039750,LOC000796,place,Hamilton (Skotland),no
LOC1039800,LOC000797,place,Hamm,no
LOC1039850,LOC000798,place,Hammel,no
LOC1039900,LOC000799,place,Hampton Court Palace,no
LOC1039950,LOC000800,place,Hannover,no
LOC1040000,LOC000801,place,Haparanda,no
LOC1040050,LOC000802,place,Harburg,no
LOC1040100,LOC000803,place,Hardenberg,no
LOC1040150,LOC000804,place,Hartmannsdorf,no
LOC1040200,LOC000805,place,Harzburg,no
LOC1040250,LOC000806,place,Harzen,no
LOC1040300,LOC000807,place,Harzgerode,no
LOC1040350,LOC000808,place,Haslev,no
LOC1040400,LOC000809,place,Hastings,no
LOC1040450,LOC000810,place,Havana,no
LOC1040500,LOC000811,place,Havel,no
LOC1040550,LOC000812,place,"Havre, Le",no
LOC1040600,LOC000813,place,Hedehusene,no
LOC1040650,LOC000814,place,Hedemora,no
LOC1040700,LOC000815,place,Hegnsholt,no
LOC1040750,LOC000816,place,Heide,no
LOC1040800,LOC000817,place,Heidelberg,no
LOC1040850,LOC000818,place,Heiden,no
LOC1040900,LOC000819,place,Heilbronn,no
LOC1040950,LOC000820,place,Heiligenstedten,no
LOC1041000,LOC000821,place,Helgoland,no
LOC1041050,LOC000822,place,Hellbrunn,no
LOC1041100,LOC000823,place,Hellebæk,no
LOC1041150,LOC000824,place,Hellekis,no
LOC1041200,LOC000825,place,Hellerup,no
LOC1041250,LOC000826,place,Hellested,no
LOC1041300,LOC000827,place,Helsingborg,no
LOC1041350,LOC000828,place,Helsingfors,no
LOC1041400,LOC000829,place,Helsingør,no
LOC1041450,LOC000830,place,Helved Bakke,no
LOC1041500,LOC000831,place,"Helvetes-Faldene, Trollhätta",no
LOC1041550,LOC000832,place,Hem,no
LOC1041600,LOC000833,place,Herat,no
LOC1041650,LOC000834,place,Herculanum,no
LOC1041700,LOC000835,place,Herkules-Badene,no
LOC1041750,LOC000836,place,Herlufsholm,no
LOC1041800,LOC000837,place,"Hermupolis, Syra",no
LOC1041850,LOC000838,place,Herning,no
LOC1041900,LOC000839,place,Herningsholm,no
LOC1041950,LOC000840,place,Herrljunga,no
LOC1042000,LOC000841,place,Herrnskretschen,no
LOC1042050,LOC000842,place,Herzberg (Sachsen),no
LOC1042100,LOC000844,place,Hesselager,no
LOC1042150,LOC000843,place,Hesselager Gaard,no
LOC1042200,LOC000845,place,Hesselagerstenen,no
LOC1042250,LOC000846,place,Hessen,no
LOC1042300,LOC000847,place,Hessingen (Essingen),no
LOC1042350,LOC000848,place,Hessleholm,no
LOC1042400,LOC000849,place,Hestehaven,no
LOC1042450,LOC000850,place,Hestvad,no
LOC1042500,LOC000851,place,"Het Loo, Apeldoorn",no
LOC1042550,LOC000852,place,Heutingsheim,no
LOC1042600,LOC000853,place,Hietzing,no
LOC1042650,LOC000854,place,Higham,no
LOC1042700,LOC000855,place,Hildesheim,no
LOC1042750,LOC000856,place,"Hiltpoltstein, ved Nürnberg",no
LOC1042800,LOC000857,place,Himalaya,no
LOC1042850,LOC000858,place,Himmelbjerget,no
LOC1042900,LOC000859,place,Himmelreich,no
LOC1042950,LOC000860,place,Hindostan,no
LOC1043000,LOC000861,place,Hindsgavl,no
LOC1043050,LOC000862,place,Hinnerup,no
LOC1043100,LOC000863,place,Hirsau,no
LOC1043150,LOC000864,place,Hjermind,no
LOC1043200,LOC000865,place,Hjerting,no
LOC1043250,LOC000866,place,Hjørring,no
LOC1043300,LOC000867,place,Hobro,no
LOC1043350,LOC000868,place,Hochheim,no
LOC1043400,LOC000869,place,Hof,no
LOC1043450,LOC000870,place,Hofmansgave,no
LOC1043500,LOC000871,place,Hohenschwangau,no
LOC1043550,LOC000872,place,Hohnstein,no
LOC1043600,LOC000873,place,Hoisteinborg Nor,no
LOC1043650,LOC000874,place,"Holbæk (og Holbæk Amt, Holbæk-Egnen)",no
LOC1043700,LOC000875,place,Holckenhavn,no
LOC1043750,LOC000876,place,Hollabrunn (Ober-Hollabrunn),no
LOC1043800,LOC000877,place,Holland,no
LOC1043850,LOC000878,place,Hollufgaard,no
LOC1043900,LOC000879,place,Holmegaards Glasværk,no
LOC1043950,LOC000880,place,Holmsland,no
LOC1044000,LOC000881,place,Holstebro,no
LOC1044050,LOC000882,place,Holsteinborg,no
LOC1044100,LOC000883,place,Holsteinsminde,no
LOC1044150,LOC000884,place,Holsten,no
LOC1044200,LOC000885,place,Holstenshus,no
LOC1044250,LOC000886,place,Holte,no
LOC1044300,LOC000887,place,Holtegaard,no
LOC1044350,LOC000888,place,Homburg,no
LOC1044400,LOC000889,place,Hoptrup,no
LOC1044450,LOC000890,place,Horgen,no
LOC1044500,LOC000891,place,Hornbæk,no
LOC1044550,LOC000892,place,Horne,no
LOC1044600,LOC000893,place,Horsens,no
LOC1044650,LOC000894,place,Hospenthal,no
LOC1044700,LOC000895,place,"Hospiz, St. Gotthard",no
LOC1044750,LOC000896,place,Hova,no
LOC1044800,LOC000897,place,Hull,no
LOC1044850,LOC000898,place,"Hundegrotten (Grotta del Cane, Agnano)",no
LOC1044900,LOC000899,place,"Hundstrup, Salling H., Svendborg A.",no
LOC1044950,LOC000900,place,Hunneberg,no
LOC1045000,LOC000901,place,Hunte,no
LOC1045050,LOC000902,place,Husaby,no
LOC1045100,LOC000903,place,Husby,no
LOC1045150,LOC000904,place,Hvedholm,no
LOC1045200,LOC000905,place,Hven,no
LOC1045250,LOC000906,place,Hvidkilde,no
LOC1045300,LOC000907,place,Hyby,no
LOC1045350,LOC000908,place,Hyères,no
LOC1045400,LOC000909,place,Hymettos,no
LOC1045450,LOC000910,place,Hütteldorf,no
LOC1045500,LOC000911,place,Häckeberga,no
LOC1045550,LOC000912,place,Hällebrunn,no
LOC1045600,LOC000913,place,Härfvsta,no
LOC1045650,LOC000914,place,"Høgebjerg, Als",no
LOC1045700,LOC000915,place,Højbjerg,no
LOC1045750,LOC000916,place,"Höllenthal, das",no
LOC1045800,LOC000917,place,"Höllenweg, der",no
LOC1045850,LOC000918,place,Hölzbach,no
LOC1045900,LOC000919,place,Hønefos,no
LOC1045950,LOC000920,place,Hönsäter,no
LOC1046000,LOC000921,place,Höör,no
LOC1046050,LOC000922,place,Haag,no
LOC1046100,LOC000923,place,Håkansbo,no
LOC1046150,LOC000924,place,Haarlem,no
LOC1046200,LOC000925,place,Haarlemer Meer,no
LOC1046250,LOC000926,place,Iglau,no
LOC1046300,LOC000927,place,Iholm,no
LOC1046350,LOC000928,place,Ilissos,no
LOC1046400,LOC000929,place,Ilmenau,no
LOC1046450,LOC000930,place,Ilok,no
LOC1046500,LOC000931,place,Ilse,no
LOC1046550,LOC000932,place,Ilsenstein,no
LOC1046600,LOC000933,place,Ilsethal,no
LOC1046650,LOC000934,place,Immendorf,no
LOC1046700,LOC000935,place,Immensee,no
LOC1046750,LOC000936,place,Incisa Valdarno,no
LOC1046800,LOC000937,place,Indiana,no
LOC1046850,LOC000938,place,Indien,no
LOC1046900,LOC000940,place,Inn,no
LOC1046950,LOC000939,place,Inn-Dalen,no
LOC1047000,LOC000941,place,Innsbruck,no
LOC1047050,LOC000942,place,Interlaken,no
LOC1047100,LOC000943,place,Inverness,no
LOC1047150,LOC000944,place,Irland,no
LOC1047200,LOC000945,place,Irstad,no
LOC1047250,LOC000946,place,Irun,no
LOC1047300,LOC000947,place,Isala,no
LOC1047350,LOC000949,place,Isar,no
LOC1047400,LOC000948,place,Isar-Dalen,no
LOC1047450,LOC000950,place,Ischia,no
LOC1047500,LOC000951,place,Ischl,no
LOC1047550,LOC000952,place,Isefjorden,no
LOC1047600,LOC000953,place,Island,no
LOC1047650,LOC000954,place,Isola Bella,no
LOC1047700,LOC000955,place,Isthmen,no
LOC1047750,LOC000956,place,Italien,no
LOC1047800,LOC000957,place,Itzehoe,no
LOC1047850,LOC000958,place,Izlas,no
LOC1047900,LOC000959,place,Jacobsbruch,no
LOC1047950,LOC000960,place,Japan,no
LOC1048000,LOC000961,place,Jatzske,no
LOC1048050,LOC000962,place,Java,no
LOC1048100,LOC000963,place,Jena,no
LOC1048150,LOC000964,place,Jenikau,no
LOC1048200,LOC000965,place,Jeres de la Frontera,no
LOC1048250,LOC000966,place,Jerichow,no
LOC1048300,LOC000967,place,Jernit,no
LOC1048350,LOC000968,place,Jernporten (Eisernes Thor),no
LOC1048400,LOC000969,place,Jerup,no
LOC1048450,LOC000970,place,Jerusalem,no
LOC1048500,LOC000971,place,Jever,no
LOC1048550,LOC000972,place,"Johannisberg, Schloss",no
LOC1048600,LOC000973,place,Jomfruens Egede,no
LOC1048650,LOC000974,place,Jooephsberg,no
LOC1048700,LOC000975,place,Josephsdorf,no
LOC1048750,LOC000976,place,Jotnahem,no
LOC1048800,LOC000977,place,Juellinge (Halsted Kloster) (Lollands Nørre Herred),no
LOC1048850,LOC000978,place,Juellinge (Stevns Herred),no
LOC1048900,LOC000979,place,Juelsberg,no
LOC1048950,LOC000980,place,Jungfrau,no
LOC1049000,LOC000981,place,Jungshoved,no
LOC1049050,LOC000982,place,"Junquera, La",no
LOC1049100,LOC000983,place,Jurabjergene,no
LOC1049150,LOC000984,place,Jylland,no
LOC1049200,LOC000985,place,Jüterbog,no
LOC1049250,LOC000986,place,Jönköping,no
LOC1049300,LOC000987,place,Kahlenberg,no
LOC1049350,LOC000988,place,Kalby Ris,no
LOC1049400,LOC000989,place,Kallebodstrand,no
LOC1049450,LOC000990,place,Kallehave,no
LOC1049500,LOC000991,place,Kalmar,no
LOC1049550,LOC000992,place,Kalundborg,no
LOC1049600,LOC000993,place,Karasu,no
LOC1049650,LOC000994,place,Karise,no
LOC1049700,LOC000995,place,Karlberg,no
LOC1049750,LOC000996,place,Karlowicz (Karlovci),no
LOC1049800,LOC000997,place,Karlsbad,no
LOC1049850,LOC000998,place,Karlsborg,no
LOC1049900,LOC000999,place,Karlskrona,no
LOC1049950,LOC001000,place,Karlsruhe,no
LOC1050000,LOC001001,place,Karlstad,no
LOC1050050,LOC001002,place,Karpaterne,no
LOC1050100,LOC001003,place,Karrebæk,no
LOC1050150,LOC001004,place,Karrebæksminde,no
LOC1050200,LOC001005,place,Kassel,no
LOC1050250,LOC001006,place,Kastel,no
LOC1050300,LOC001007,place,Katrineholm,no
LOC1050350,LOC001008,place,Kattegat,no
LOC1050400,LOC001009,place,Katwijk,no
LOC1050450,LOC001010,place,Kaukasus,no
LOC1050500,LOC001011,place,Kazan,no
LOC1050550,LOC001012,place,Kea,no
LOC1050600,LOC001013,place,Kehl,no
LOC1050650,LOC001014,place,Kellinghusen,no
LOC1050700,LOC001015,place,Kempten,no
LOC1050750,LOC001016,place,Khalkis,no
LOC1050800,LOC001017,place,Khios,no
LOC1050850,LOC001018,place,Kiel,no
LOC1050900,LOC001019,place,Kielerfjord,no
LOC1050950,LOC001020,place,Kifissia,no
LOC1051000,LOC001021,place,Kifissos,no
LOC1051050,LOC001022,place,"Kilburn, Bransbury House",no
LOC1051100,LOC001023,place,Kina,no
LOC1051150,LOC001024,place,Kinnekulle,no
LOC1051200,LOC001025,place,Kirkcaldy,no
LOC1051250,LOC001026,place,Kirkestaten,no
LOC1051300,LOC001027,place,Kirnitz,no
LOC1051350,LOC001028,place,Kissingen,no
LOC1051400,LOC001029,place,Klampenborg,no
LOC1051450,LOC001030,place,Klara-Elven,no
LOC1051500,LOC001031,place,Klaus,no
LOC1051550,LOC001032,place,Kleef,no
LOC1051600,LOC001033,place,"Klopp, Burg",no
LOC1051650,LOC001034,place,Kloster-Mansfeld,no
LOC1051700,LOC001035,place,Klosterneuburg,no
LOC1051750,LOC001036,place,Knivholt,no
LOC1051800,LOC001037,place,Knole House,no
LOC1051850,LOC001038,place,"Knudshoved, Fyn",no
LOC1051900,LOC001039,place,Knuthenborg,no
LOC1051950,LOC001040,place,Kobelnick,no
LOC1052000,LOC001041,place,Koblenz,no
LOC1052050,LOC001042,place,Kochelsee,no
LOC1052100,LOC001043,place,Kohlfurt,no
LOC1052150,LOC001044,place,Kolberg,no
LOC1052200,LOC001045,place,Kolbäck,no
LOC1052250,LOC001046,place,Kolding,no
LOC1052300,LOC001047,place,Kolin,no
LOC1052350,LOC001048,place,Kollmann,no
LOC1052400,LOC001049,place,Kolonos,no
LOC1052450,LOC001050,place,Komorn (Komárno),no
LOC1052500,LOC001051,place,"Kongens Have, København",no
LOC1052550,LOC001052,place,Kongeaaen,no
LOC1052600,LOC001053,place,Kongsdal,no
LOC1052650,LOC001054,place,Kongsvinger,no
LOC1052700,LOC001055,place,Konstantinopel,no
LOC1052750,LOC001056,place,Konstanz,no
LOC1052800,LOC001057,place,Korinth,no
LOC1052850,LOC001058,place,Korneuburg,no
LOC1052900,LOC001059,place,Korsør,no
LOC1052950,LOC001060,place,Kowicz,no
LOC1053000,LOC001061,place,Krebshuset Kro,no
LOC1053050,LOC001062,place,"Kreischa, Bad",no
LOC1053100,LOC001063,place,Krempe,no
LOC1053150,LOC001064,place,Kreta,no
LOC1053200,LOC001065,place,"Kreuznach, Bad",no
LOC1053250,LOC001066,place,Krippen (ved Schandau),no
LOC1053300,LOC001067,place,Kristinehamn,no
LOC1053350,LOC001068,place,Krogerup,no
LOC1053400,LOC001069,place,Kronborg,no
LOC1053450,LOC001070,place,Kubin,no
LOC1053500,LOC001071,place,Kuchl,no
LOC1053550,LOC001072,place,Kufstein,no
LOC1053600,LOC001073,place,Kuhstall,no
LOC1053650,LOC001074,place,Kulla Gunnarstorp,no
LOC1053700,LOC001075,place,Kullen,no
LOC1053750,LOC001076,place,Kulm,no
LOC1053800,LOC001077,place,Kumla,no
LOC1053850,LOC001078,place,Kungelf,no
LOC1053900,LOC001079,place,Kurland,no
LOC1053950,LOC001080,place,Kuttenberg,no
LOC1054000,LOC001081,place,Kværndrup,no
LOC1054050,LOC001082,place,Kyritz,no
LOC1054100,LOC001083,place,Küssnacht am Rigi,no
LOC1054150,LOC001084,place,Küstendil,no
LOC1054200,LOC001085,place,Küstendje (Costanta),no
LOC1054250,LOC001086,place,Källtorp,no
LOC1054300,LOC001087,place,Kärra,no
LOC1054350,LOC001088,place,København,no
LOC1054400,LOC001090,place,Køge,no
LOC1054450,LOC001089,place,Køge Bugt,no
LOC1054500,LOC001091,place,Köln,no
LOC1054550,LOC001092,place,Kölva,no
LOC1054600,LOC001093,place,Køng,no
LOC1054650,LOC001094,place,Königerode,no
LOC1054700,LOC001095,place,Königsberg,no
LOC1054750,LOC001096,place,Königsplatz,no
LOC1054800,LOC001097,place,Königstein,no
LOC1054850,LOC001098,place,Köping,no
LOC1054900,LOC001099,place,"Kösen, Bad",no
LOC1054950,LOC001100,place,Köthen,no
LOC1055000,LOC001101,place,Laca,no
LOC1055050,LOC001102,place,Lachen,no
LOC1055100,LOC001103,place,Ladegaardsøen (ved Christiania),no
LOC1055150,LOC001104,place,Lagan,no
LOC1055200,LOC001105,place,Lago dei Tartari,no
LOC1055250,LOC001106,place,Lago Maggiore,no
LOC1055300,LOC001107,place,Lahn,no
LOC1055350,LOC001108,place,Laholm,no
LOC1055400,LOC001109,place,Laibach,no
LOC1055450,LOC001110,place,Lambach,no
LOC1055500,LOC001111,place,Lammhult,no
LOC1055550,LOC001112,place,Landeron,no
LOC1055600,LOC001113,place,Landskrona,no
LOC1055650,LOC001114,place,Langeland,no
LOC1055700,LOC001115,place,Langenfelde (Holsten),no
LOC1055750,LOC001116,place,Langesø,no
LOC1055800,LOC001117,place,Languedoc-Kanalen (Canal du Midi),no
LOC1055850,LOC001118,place,Langaa (Fyn),no
LOC1055900,LOC001119,place,Lapland,no
LOC1055950,LOC001120,place,Larvik,no
LOC1056000,LOC001121,place,Lauenburg,no
LOC1056050,LOC001122,place,Lausanne,no
LOC1056100,LOC001123,place,Lauterbrunnen,no
LOC1056150,LOC001124,place,Lavis,no
LOC1056200,LOC001125,place,Lavrbjerg,no
LOC1056250,LOC001126,place,Laxenburg,no
LOC1056300,LOC001127,place,Laxå,no
LOC1056350,LOC001128,place,Lecco-Bugten (Como-Søen),no
LOC1056400,LOC001129,place,Leckö,no
LOC1056450,LOC001130,place,Leeds,no
LOC1056500,LOC001131,place,Lehrte,no
LOC1056550,LOC001132,place,Leiden,no
LOC1056600,LOC001133,place,Leimbach,no
LOC1056650,LOC001134,place,Leipzig,no
LOC1056700,LOC001135,place,Leith,no
LOC1056750,LOC001136,place,Leitmeritz,no
LOC1056800,LOC001137,place,Lek,no
LOC1056850,LOC001138,place,Lekkende,no
LOC1056900,LOC001139,place,Lemberg (Lwów),no
LOC1056950,LOC001140,place,Lemvig,no
LOC1057000,LOC001141,place,Lenz,no
LOC1057050,LOC001142,place,Leopoldsberg,no
LOC1057100,LOC001143,place,Lerchenborg,no
LOC1057150,LOC001144,place,Lethraborg,no
LOC1057200,LOC001145,place,Levane,no
LOC1057250,LOC001146,place,Libanon,no
LOC1057300,LOC001147,place,Liben,no
LOC1057350,LOC001148,place,Lidköping,no
LOC1057400,LOC001149,place,"Liebenwerda, Bad",no
LOC1057450,LOC001150,place,Liebethaler Grund,no
LOC1057500,LOC001151,place,Lifland,no
LOC1057550,LOC001152,place,Lilienstein,no
LOC1057600,LOC001153,place,Lilla Edet,no
LOC1057650,LOC001155,place,Lille,no
LOC1057700,LOC001154,place,Lille Odinshøi,no
LOC1057750,LOC001156,place,Lillebelt,no
LOC1057800,LOC001157,place,Lillestrøm,no
LOC1057850,LOC001158,place,Lilliendal,no
LOC1057900,LOC001159,place,Limfjorden,no
LOC1057950,LOC001160,place,Limsta,no
LOC1058000,LOC001161,place,Lindau im Bodensee,no
LOC1058050,LOC001162,place,Lingen,no
LOC1058100,LOC001163,place,Linköping,no
LOC1058150,LOC001164,place,Linth-Kanalen,no
LOC1058200,LOC001165,place,Linz,no
LOC1058250,LOC001166,place,"Lipariske Øer, de",no
LOC1058300,LOC001167,place,Lippe-Detmold,no
LOC1058350,LOC001168,place,Liro,no
LOC1058400,LOC001169,place,Lissabon,no
LOC1058450,LOC001170,place,Liverpool,no
LOC1058500,LOC001171,place,Livorno,no
LOC1058550,LOC001172,place,Ljung,no
LOC1058600,LOC001173,place,lnversnaid,no
LOC1058650,LOC001174,place,Lobositz,no
LOC1058700,LOC001175,place,Loch Katrine,no
LOC1058750,LOC001176,place,Loch Laggan,no
LOC1058800,LOC001177,place,Loch Lomond,no
LOC1058850,LOC001178,place,"Locle, Le",no
LOC1058900,LOC001179,place,Lohmen,no
LOC1058950,LOC001180,place,Loiano,no
LOC1059000,LOC001181,place,Loire,no
LOC1059050,LOC001182,place,Loisach,no
LOC1059100,LOC001183,place,Loja,no
LOC1059150,LOC001184,place,Lolland,no
LOC1059200,LOC001185,place,Lom-Palanka,no
LOC1059250,LOC001186,place,London,no
LOC1059300,LOC001187,place,Longchamp,no
LOC1059350,LOC001188,place,Lorch,no
LOC1059400,LOC001189,place,Loreto,no
LOC1059450,LOC001190,place,Lottchensitz (ved Maxen),no
LOC1059500,LOC001191,place,Louisehøj (ved Silkeborg),no
LOC1059550,LOC001192,place,Lowerzer-See,no
LOC1059600,LOC001193,place,lselle,no
LOC1059650,LOC001194,place,lsted,no
LOC1059700,LOC001195,place,ltri,no
LOC1059750,LOC001196,place,Lucca,no
LOC1059800,LOC001197,place,Lucriner-Søen,no
LOC1059850,LOC001198,place,Ludwigshafen,no
LOC1059900,LOC001199,place,Ludwigslust,no
LOC1059950,LOC001200,place,Luganer-Søen,no
LOC1060000,LOC001201,place,Lugano,no
LOC1060050,LOC001202,place,Lund,no
LOC1060100,LOC001203,place,Lundeborg,no
LOC1060150,LOC001204,place,Lundenburg,no
LOC1060200,LOC001205,place,Lundsgaard,no
LOC1060250,LOC001206,place,Lunéville,no
LOC1060300,LOC001208,place,Lungern,no
LOC1060350,LOC001207,place,Lungern-Søen,no
LOC1060400,LOC001209,place,Lurlei,no
LOC1060450,LOC001210,place,Luzern,no
LOC1060500,LOC001211,place,Lübeck,no
LOC1060550,LOC001212,place,Lykkesholm,no
LOC1060600,LOC001213,place,Lüneburg,no
LOC1060650,LOC001214,place,Lüneburger Heide,no
LOC1060700,LOC001215,place,Lyngby,no
LOC1060750,LOC001216,place,Lyon,no
LOC1060800,LOC001217,place,Lyoner-Bugten,no
LOC1060850,LOC001218,place,Lyrastad,no
LOC1060900,LOC001219,place,Lystrup,no
LOC1060950,LOC001220,place,Lütschinen,no
LOC1061000,LOC001221,place,Lüttich (Liège),no
LOC1061050,LOC001222,place,Lützen,no
LOC1061100,LOC001223,place,Lærkehøj (Ulvborg S.),no
LOC1061150,LOC001224,place,Löfsta Bruk,no
LOC1061200,LOC001225,place,Løgsø,no
LOC1061250,LOC001226,place,Løkken,no
LOC1061300,LOC001227,place,Löningen,no
LOC1061350,LOC001228,place,Løvenborg,no
LOC1061400,LOC001229,place,Löwen (Louvain),no
LOC1061450,LOC001230,place,Macerata,no
LOC1061500,LOC001231,place,Macon,no
LOC1061550,LOC001232,place,Madeira,no
LOC1061600,LOC001233,place,Madrid,no
LOC1061650,LOC001234,place,Maegaard,no
LOC1061700,LOC001235,place,Mafra,no
LOC1061750,LOC001236,place,Magdeburg,no
LOC1061800,LOC001237,place,"Magra, La",no
LOC1061850,LOC001238,place,Maidstone,no
LOC1061900,LOC001239,place,Main,no
LOC1061950,LOC001240,place,Mainz,no
LOC1062000,LOC001241,place,Maiori,no
LOC1062050,LOC001242,place,Maira,no
LOC1062100,LOC001243,place,Makedonien,no
LOC1062150,LOC001244,place,Málaga,no
LOC1062200,LOC001245,place,Malebern,no
LOC1062250,LOC001246,place,Malines,no
LOC1062300,LOC001247,place,Malmö,no
LOC1062350,LOC001248,place,Maloja-Kulm,no
LOC1062400,LOC001249,place,Malta,no
LOC1062450,LOC001250,place,Manchester,no
LOC1062500,LOC001251,place,Mannheim,no
LOC1062550,LOC001252,place,Mansfeld,no
LOC1062600,LOC001253,place,Mantova,no
LOC1062650,LOC001254,place,Marathon,no
LOC1062700,LOC001255,place,Marburg,no
LOC1062750,LOC001256,place,Maria-Frieden,no
LOC1062800,LOC001259,place,Mariager,no
LOC1062850,LOC001258,place,Mariager Fjord,no
LOC1062900,LOC001257,place,Maria-Zell,no
LOC1062950,LOC001260,place,Maribo,no
LOC1063000,LOC001261,place,"Marienborg, Møn",no
LOC1063050,LOC001262,place,Marienbrücke (ved Hohenschwangau),no
LOC1063100,LOC001263,place,Marienlyst,no
LOC1063150,LOC001264,place,Mariestad,no
LOC1063200,LOC001265,place,Marina di Conca,no
LOC1063250,LOC001266,place,Marino,no
LOC1063300,LOC001267,place,Marmara-Havet,no
LOC1063350,LOC001268,place,Marmara-Øen,no
LOC1063400,LOC001269,place,Marne,no
LOC1063450,LOC001270,place,Marokko,no
LOC1063500,LOC001271,place,Maroussi (Amarousion),no
LOC1063550,LOC001272,place,Marseille,no
LOC1063600,LOC001273,place,Marselisborg,no
LOC1063650,LOC001274,place,Marsk Stigs Hule,no
LOC1063700,LOC001275,place,Marslev,no
LOC1063750,LOC001276,place,Marstrand,no
LOC1063800,LOC001277,place,Martinswand,no
LOC1063850,LOC001278,place,Martorp,no
LOC1063900,LOC001279,place,Massa,no
LOC1063950,LOC001280,place,Matra,no
LOC1064000,LOC001281,place,Matta,no
LOC1064050,LOC001282,place,Matterhorn,no
LOC1064100,LOC001283,place,"Maus, die (Deurenburg)",no
LOC1064150,LOC001284,place,Maxen,no
LOC1064200,LOC001285,place,Meaux,no
LOC1064250,LOC001287,place,Mecklenburg,no
LOC1064300,LOC001286,place,Mecklenburg-Schwerin,no
LOC1064350,LOC001288,place,Megara,no
LOC1064400,LOC001289,place,Mehádia,no
LOC1064450,LOC001290,place,Meiningen,no
LOC1064500,LOC001291,place,Meiringen,no
LOC1064550,LOC001292,place,Meissen,no
LOC1064600,LOC001293,place,Mekka,no
LOC1064650,LOC001294,place,Melbourne,no
LOC1064700,LOC001295,place,"Melk, Stift",no
LOC1064750,LOC001296,place,Mem,no
LOC1064800,LOC001297,place,Menton (Mentone),no
LOC1064850,LOC001298,place,Meran,no
LOC1064900,LOC001299,place,Mérida,no
LOC1064950,LOC001300,place,Merseburg,no
LOC1065000,LOC001301,place,Messenien,no
LOC1065050,LOC001302,place,Messina,no
LOC1065100,LOC001303,place,Meudon,no
LOC1065150,LOC001304,place,Mexico,no
LOC1065200,LOC001305,place,Middelfart,no
LOC1065250,LOC001306,place,Middelhavet,no
LOC1065300,LOC001307,place,Milano,no
LOC1065350,LOC001308,place,Minden,no
LOC1065400,LOC001309,place,Minneapolis,no
LOC1065450,LOC001310,place,Minnesota,no
LOC1065500,LOC001311,place,Minori,no
LOC1065550,LOC001312,place,Miranda de Ebro,no
LOC1065600,LOC001313,place,Mississippi,no
LOC1065650,LOC001314,place,Mittenwald,no
LOC1065700,LOC001315,place,Mjøsen,no
LOC1065750,LOC001316,place,Modena,no
LOC1065800,LOC001317,place,Modum,no
LOC1065850,LOC001318,place,Moerdijk,no
LOC1065900,LOC001319,place,Mogyorod,no
LOC1065950,LOC001320,place,Mohács,no
LOC1066000,LOC001321,place,Mola di Gaëta (Formia),no
LOC1066050,LOC001322,place,Moldau,no
LOC1066100,LOC001323,place,Moldava,no
LOC1066150,LOC001324,place,Mols,no
LOC1066200,LOC001325,place,Monaco,no
LOC1066250,LOC001326,place,Mondego,no
LOC1066300,LOC001327,place,Monheim in Bayern,no
LOC1066350,LOC001328,place,Monnetier,no
LOC1066400,LOC001329,place,Mons,no
LOC1066450,LOC001330,place,Monserrat,no
LOC1066500,LOC001331,place,Monserrate (Portugal),no
LOC1066550,LOC001332,place,Mont Cenis,no
LOC1066600,LOC001333,place,Mont Pouillerel,no
LOC1066650,LOC001334,place,Montblanc,no
LOC1066700,LOC001335,place,Monte Cavo,no
LOC1066750,LOC001336,place,Monte Circeo (Circes Ø),no
LOC1066800,LOC001337,place,Monte Cristo,no
LOC1066850,LOC001338,place,"Monte della Misericordia, Ischia",no
LOC1066900,LOC001339,place,Monte Nuovo,no
LOC1066950,LOC001340,place,Monte Porzio,no
LOC1067000,LOC001341,place,Monte Rosa,no
LOC1067050,LOC001342,place,Monte Somma,no
LOC1067100,LOC001343,place,Monte Soratte (Soracte),no
LOC1067150,LOC001344,place,Montebello,no
LOC1067200,LOC001345,place,Montecarelli,no
LOC1067250,LOC001346,place,Montefiascone,no
LOC1067300,LOC001347,place,Montélimart,no
LOC1067350,LOC001348,place,Monteroni,no
LOC1067400,LOC001349,place,Montpellier,no
LOC1067450,LOC001350,place,Montreux,no
LOC1067500,LOC001351,place,Monze,no
LOC1067550,LOC001352,place,Mora,no
LOC1067600,LOC001353,place,Morea,no
LOC1067650,LOC001354,place,Mori,no
LOC1067700,LOC001355,place,Moritzburg,no
LOC1067750,LOC001356,place,Mornas,no
LOC1067800,LOC001357,place,Mornaux,no
LOC1067850,LOC001358,place,Mornex,no
LOC1067900,LOC001359,place,Mors,no
LOC1067950,LOC001360,place,Morteau,no
LOC1068000,LOC001361,place,"Mosebackan, Stockholm",no
LOC1068050,LOC001362,place,Mosel,no
LOC1068100,LOC001363,place,Moskva,no
LOC1068150,LOC001365,place,Motala,no
LOC1068200,LOC001364,place,Motala-Strømmen,no
LOC1068250,LOC001366,place,Mullerup,no
LOC1068300,LOC001367,place,Munkebo Bakke,no
LOC1068350,LOC001368,place,Munkeboda,no
LOC1068400,LOC001369,place,Murano,no
LOC1068450,LOC001370,place,Murcia,no
LOC1068500,LOC001371,place,Murnau,no
LOC1068550,LOC001372,place,Musselburgh,no
LOC1068600,LOC001373,place,Müglitz,no
LOC1068650,LOC001374,place,Mühlhausen,no
LOC1068700,LOC001375,place,Mülheim a.d. Ruhr,no
LOC1068750,LOC001376,place,Münchberg,no
LOC1068800,LOC001377,place,München,no
LOC1068850,LOC001378,place,Münden,no
LOC1068900,LOC001379,place,Münster,no
LOC1068950,LOC001380,place,Münsterdorf,no
LOC1069000,LOC001381,place,Mürzzuschlag,no
LOC1069050,LOC001382,place,Mytilene,no
LOC1069100,LOC001383,place,Mägdesprung,no
LOC1069150,LOC001384,place,Mähren,no
LOC1069200,LOC001385,place,Mälaren,no
LOC1069250,LOC001386,place,Møen,no
LOC1069300,LOC001387,place,Møens Klint,no
LOC1069350,LOC001388,place,Møllerup,no
LOC1069400,LOC001389,place,Mölln,no
LOC1069450,LOC001390,place,"Mönch, der",no
LOC1069500,LOC001391,place,Maas (Meuse),no
LOC1069550,LOC001392,place,"Nahe, die",no
LOC1069600,LOC001393,place,Nakskov,no
LOC1069650,LOC001394,place,Nancy,no
LOC1069700,LOC001395,place,Napoli,no
LOC1069750,LOC001396,place,Narbonne,no
LOC1069800,LOC001397,place,Narni,no
LOC1069850,LOC001398,place,Narva,no
LOC1069900,LOC001399,place,Nassau,no
LOC1069950,LOC001400,place,Nauen,no
LOC1070000,LOC001401,place,Naumburg,no
LOC1070050,LOC001402,place,Nauplia,no
LOC1070100,LOC001403,place,Naxos,no
LOC1070150,LOC001404,place,Nea Phocea (Nea Fokaia),no
LOC1070200,LOC001405,place,"Necessidades, Lissabon",no
LOC1070250,LOC001406,place,Neckar,no
LOC1070300,LOC001408,place,Nemi,no
LOC1070350,LOC001407,place,Nemi-Søen,no
LOC1070400,LOC001409,place,Nepi,no
LOC1070450,LOC001410,place,Nera,no
LOC1070500,LOC001411,place,Neubrandenburg,no
LOC1070550,LOC001412,place,Neuchâtel (By),no
LOC1070600,LOC001413,place,Neuchâtel (Kanton),no
LOC1070650,LOC001414,place,Neuchâteller-Søen,no
LOC1070700,LOC001415,place,Neuensalz,no
LOC1070750,LOC001416,place,Neuhaus (Schweiz),no
LOC1070800,LOC001417,place,Neuilly-sur-Seine,no
LOC1070850,LOC001418,place,Neumark,no
LOC1070900,LOC001419,place,Neumarkt (Egna),no
LOC1070950,LOC001420,place,Neumünster,no
LOC1071000,LOC001421,place,Neusatz (Novisad),no
LOC1071050,LOC001422,place,Neusiedler-Søen,no
LOC1071100,LOC001423,place,Neuveville,no
LOC1071150,LOC001424,place,Neva,no
LOC1071200,LOC001425,place,New York,no
LOC1071250,LOC001426,place,Newcastle,no
LOC1071300,LOC001427,place,Niagara,no
LOC1071350,LOC001428,place,Nibe,no
LOC1071400,LOC001429,place,Nicobarerne,no
LOC1071450,LOC001430,place,Nicopoli,no
LOC1071500,LOC001431,place,Niedergrund,no
LOC1071550,LOC001432,place,Nienburg,no
LOC1071600,LOC001433,place,Niesen,no
LOC1071650,LOC001435,place,Nilen,no
LOC1071700,LOC001434,place,Nil-Kanalen,no
LOC1071750,LOC001436,place,Nîmes,no
LOC1071800,LOC001437,place,Ninive,no
LOC1071850,LOC001438,place,Nishni Novgorod,no
LOC1071900,LOC001439,place,Nisida,no
LOC1071950,LOC001440,place,Nissum Fjord,no
LOC1072000,LOC001441,place,Nizza (Nice),no
LOC1072050,LOC001442,place,Nocera Superiore,no
LOC1072100,LOC001444,place,Nordamerika,no
LOC1072150,LOC001445,place,Norden,no
LOC1072200,LOC001446,place,Norderhov,no
LOC1072250,LOC001447,place,Norditalien,no
LOC1072300,LOC001448,place,Nordkap,no
LOC1072350,LOC001449,place,Nordsleswig,no
LOC1072400,LOC001450,place,Nordstemmen,no
LOC1072450,LOC001443,place,Nord-Sverige,no
LOC1072500,LOC001451,place,Nordsøen,no
LOC1072550,LOC001452,place,Nordtyskland,no
LOC1072600,LOC001453,place,Norge,no
LOC1072650,LOC001454,place,Norring,no
LOC1072700,LOC001455,place,Norrköping,no
LOC1072750,LOC001456,place,Norrland,no
LOC1072800,LOC001457,place,Northeim,no
LOC1072850,LOC001458,place,Novara,no
LOC1072900,LOC001459,place,Novella,no
LOC1072950,LOC001460,place,Novi Ligure,no
LOC1073000,LOC001461,place,Nuestra Señora de Miraflores,no
LOC1073050,LOC001463,place,Nyborg,no
LOC1073100,LOC001462,place,Nyborg Fjord,no
LOC1073150,LOC001464,place,Nydam Mose,no
LOC1073200,LOC001465,place,"Nygård, Trollhättan",no
LOC1073250,LOC001466,place,Nykvarn,no
LOC1073300,LOC001467,place,Nykøbing F.,no
LOC1073350,LOC001468,place,Nykøbing Sj.,no
LOC1073400,LOC001469,place,Nyköping,no
LOC1073450,LOC001470,place,Nyon,no
LOC1073500,LOC001471,place,Nürnberg,no
LOC1073550,LOC001472,place,Nysø,no
LOC1073600,LOC001473,place,Nærum,no
LOC1073650,LOC001474,place,Næsodden (Christiania),no
LOC1073700,LOC001475,place,Næstved,no
LOC1073750,LOC001476,place,Nøddebo,no
LOC1073800,LOC001477,place,Nør,no
LOC1073850,LOC001478,place,Nørager,no
LOC1073900,LOC001479,place,Nørre Vosborg,no
LOC1073950,LOC001480,place,Nørresundby,no
LOC1074000,LOC001484,place,Oberammergau,no
LOC1074050,LOC001482,place,Ober-Mittewald,no
LOC1074100,LOC001483,place,Ober-Weimar,no
LOC1074150,LOC001485,place,"Ochsenkopf, das",no
LOC1074200,LOC001487,place,Odense,no
LOC1074250,LOC001486,place,Odense Aa,no
LOC1074300,LOC001488,place,Odessa,no
LOC1074350,LOC001489,place,Odinshøj,no
LOC1074400,LOC001490,place,Oed,no
LOC1074450,LOC001491,place,Oedenburg,no
LOC1074500,LOC001492,place,Oelschnitz,no
LOC1074550,LOC001493,place,Ofen (Buda),no
LOC1074600,LOC001494,place,Offenbach,no
LOC1074650,LOC001495,place,Offenburg,no
LOC1074700,LOC001496,place,Okertal,no
LOC1074750,LOC001498,place,Oland,no
LOC1074800,LOC001499,place,Olazagutia,no
LOC1074850,LOC001500,place,Oldenburg,no
LOC1074900,LOC001501,place,Oldenzaal,no
LOC1074950,LOC001502,place,Oldesloe,no
LOC1075000,LOC001503,place,Olette,no
LOC1075050,LOC001504,place,"Oliden, Trollhätta",no
LOC1075100,LOC001497,place,Ol-Jonsdammen,no
LOC1075150,LOC001505,place,Olmütz,no
LOC1075200,LOC001506,place,Olten,no
LOC1075250,LOC001507,place,"Olymp, Bjerg i Lilleasien S.f. Brussa",no
LOC1075300,LOC001508,place,Omø,no
LOC1075350,LOC001509,place,Oneglia,no
LOC1075400,LOC001510,place,Oos,no
LOC1075450,LOC001481,place,O-Palanka,no
LOC1075500,LOC001511,place,Oporto,no
LOC1075550,LOC001512,place,Orange,no
LOC1075600,LOC001513,place,Orava (Rahova),no
LOC1075650,LOC001515,place,Ordrup,no
LOC1075700,LOC001514,place,Ordrup Kro,no
LOC1075750,LOC001516,place,Orienten,no
LOC1075800,LOC001517,place,Orihuela,no
LOC1075850,LOC001518,place,Oringe,no
LOC1075900,LOC001519,place,Orléans,no
LOC1075950,LOC001520,place,Oron,no
LOC1076000,LOC001521,place,Orsova,no
LOC1076050,LOC001522,place,Oschatz,no
LOC1076100,LOC001523,place,Oschenleben,no
LOC1076150,LOC001524,place,Oskarshal,no
LOC1076200,LOC001525,place,Osnabrück,no
LOC1076250,LOC001526,place,Ostende,no
LOC1076300,LOC001527,place,Osterode (Harzen),no
LOC1076350,LOC001528,place,Osterode (Østpreussen),no
LOC1076400,LOC001529,place,Ostia,no
LOC1076450,LOC001530,place,Ostindien,no
LOC1076500,LOC001531,place,Ostrova (Ostrov),no
LOC1076550,LOC001532,place,Otricoli,no
LOC1076600,LOC001533,place,Ottensen,no
LOC1076650,LOC001534,place,Ouchy,no
LOC1076700,LOC001535,place,Ourupgaard,no
LOC1076750,LOC001536,place,"Overgaard, Udbyneder S.",no
LOC1076800,LOC001537,place,Ovinehøj,no
LOC1076850,LOC001538,place,Oxelösund,no
LOC1076900,LOC001539,place,Oxford,no
LOC1076950,LOC001540,place,Paderborn,no
LOC1077000,LOC001541,place,Padova,no
LOC1077050,LOC001542,place,Paestum,no
LOC1077100,LOC001543,place,Pagani,no
LOC1077150,LOC001544,place,Palermo,no
LOC1077200,LOC001545,place,Pallanza,no
LOC1077250,LOC001546,place,Palmela,no
LOC1077300,LOC001547,place,Palsgaard,no
LOC1077350,LOC001548,place,Palstrup,no
LOC1077400,LOC001549,place,Palæstina,no
LOC1077450,LOC001550,place,Pancsova (Pančevo),no
LOC1077500,LOC001551,place,"Panker, Lütjenburg",no
LOC1077550,LOC001552,place,Parano,no
LOC1077600,LOC001553,place,Pardubitz,no
LOC1077650,LOC001554,place,Paris,no
LOC1077700,LOC001555,place,Parma,no
LOC1077750,LOC001556,place,Parnes-Bjergene,no
LOC1077800,LOC001557,place,Paros,no
LOC1077850,LOC001558,place,Partenkirchen,no
LOC1077900,LOC001559,place,Pasewalk,no
LOC1077950,LOC001560,place,Pass Lueg,no
LOC1078000,LOC001561,place,Passignano,no
LOC1078050,LOC001562,place,Passy,no
LOC1078100,LOC001563,place,Patras,no
LOC1078150,LOC001564,place,Pau,no
LOC1078200,LOC001565,place,Pavia,no
LOC1078250,LOC001566,place,Peblingesøen,no
LOC1078300,LOC001567,place,Pedersborg,no
LOC1078350,LOC001568,place,Pegnitz,no
LOC1078400,LOC001569,place,Pegu,no
LOC1078450,LOC001570,place,Peking,no
LOC1078500,LOC001571,place,Peloponnesos,no
LOC1078550,LOC001572,place,Pena,no
LOC1078600,LOC001573,place,Pennsylvanien,no
LOC1078650,LOC001574,place,Pentelikon,no
LOC1078700,LOC001575,place,Pentelis,no
LOC1078750,LOC001576,place,Pera,no
LOC1078800,LOC001577,place,Perleberg,no
LOC1078850,LOC001578,place,Perpignan,no
LOC1078900,LOC001579,place,Perschling,no
LOC1078950,LOC001580,place,Persien,no
LOC1079000,LOC001581,place,Peru,no
LOC1079050,LOC001582,place,Perugia,no
LOC1079100,LOC001583,place,Pesaro,no
LOC1079150,LOC001584,place,Peschiera,no
LOC1079200,LOC001585,place,Pessin,no
LOC1079250,LOC001586,place,Pest,no
LOC1079300,LOC001587,place,Petersgaard,no
LOC1079350,LOC001588,place,Petershøi,no
LOC1079400,LOC001589,place,Peterswalde,no
LOC1079450,LOC001590,place,Peterwardein (Petrovaradin),no
LOC1079500,LOC001591,place,Pfalz,no
LOC1079550,LOC001592,place,"Pfäffers, Bad",no
LOC1079600,LOC001593,place,"Pfäffers, Dorf",no
LOC1079650,LOC001594,place,Philadelphia,no
LOC1079700,LOC001595,place,Piacenza,no
LOC1079750,LOC001596,place,Piano di Sorrento,no
LOC1079800,LOC001597,place,Pianoro,no
LOC1079850,LOC001598,place,Pielach,no
LOC1079900,LOC001599,place,Piémont,no
LOC1079950,LOC001600,place,Pietra Mala,no
LOC1080000,LOC001601,place,Pietrasanta,no
LOC1080050,LOC001602,place,Pilatus,no
LOC1080100,LOC001603,place,Pillnitz,no
LOC1080150,LOC001604,place,Pinneberg,no
LOC1080200,LOC001605,place,"Piperviken, Christiania",no
LOC1080250,LOC001606,place,Pirano,no
LOC1080300,LOC001607,place,Pirna,no
LOC1080350,LOC001608,place,Piræus,no
LOC1080400,LOC001609,place,Pisa,no
LOC1080450,LOC001610,place,Pissevache,no
LOC1080500,LOC001611,place,Pistoia,no
LOC1080550,LOC001612,place,Piz Bernina,no
LOC1080600,LOC001613,place,Planian (Planen),no
LOC1080650,LOC001614,place,Plauen (Vogtland),no
LOC1080700,LOC001615,place,Plauenscher Grund (ved Dresden),no
LOC1080750,LOC001616,place,Plavisovicza,no
LOC1080800,LOC001617,place,Pleinfeld,no
LOC1080850,LOC001618,place,Pleisse,no
LOC1080900,LOC001619,place,Plesse,no
LOC1080950,LOC001620,place,"Plessur, die",no
LOC1081000,LOC001621,place,Plön,no
LOC1081050,LOC001622,place,Po,no
LOC1081100,LOC001623,place,Poderina,no
LOC1081150,LOC001624,place,Poggibonsi,no
LOC1081200,LOC001625,place,Poitiers,no
LOC1081250,LOC001626,place,Polen,no
LOC1081300,LOC001627,place,Poligny,no
LOC1081350,LOC001628,place,Pombal,no
LOC1081400,LOC001629,place,Pommern,no
LOC1081450,LOC001630,place,Pompei,no
LOC1081500,LOC001631,place,Ponte Centeno,no
LOC1081550,LOC001632,place,Ponte Lucano,no
LOC1081600,LOC001633,place,Ponte Molle,no
LOC1081650,LOC001634,place,Pontecorvo,no
LOC1081700,LOC001635,place,"Pontinske Sumpe, de",no
LOC1081750,LOC001636,place,Pontresina,no
LOC1081800,LOC001637,place,Porta Westphalica,no
LOC1081850,LOC001638,place,Portici,no
LOC1081900,LOC001639,place,Portsmouth,no
LOC1081950,LOC001640,place,Portugal,no
LOC1082000,LOC001641,place,Posen,no
LOC1082050,LOC001642,place,Posillipo-Grotten,no
LOC1082100,LOC001643,place,Potsdam,no
LOC1082150,LOC001644,place,Pozzuoli,no
LOC1082200,LOC001645,place,Prades,no
LOC1082250,LOC001646,place,Prag,no
LOC1082300,LOC001647,place,Prato,no
LOC1082350,LOC001648,place,Prebischtor,no
LOC1082400,LOC001649,place,Preetz,no
LOC1082450,LOC001650,place,Pressburg (Bratislava),no
LOC1082500,LOC001651,place,Preussen,no
LOC1082550,LOC001652,place,Procida,no
LOC1082600,LOC001653,place,Promontorium (Promontor),no
LOC1082650,LOC001654,place,Provence,no
LOC1082700,LOC001656,place,Præstø,no
LOC1082750,LOC001655,place,Præstø Fjord,no
LOC1082800,LOC001657,place,Purkersdorf,no
LOC1082850,LOC001658,place,Pyramiderne,no
LOC1082900,LOC001659,place,Pyrenæerne,no
LOC1082950,LOC001660,place,Pyrmont,no
LOC1083000,LOC001661,place,Pöseldorf,no
LOC1083050,LOC001662,place,Quebec,no
LOC1083100,LOC001663,place,Quedlinburg,no
LOC1083150,LOC001664,place,Queluz,no
LOC1083200,LOC001665,place,Quiévrain,no
LOC1083250,LOC001666,place,Rabenau (ved Tharandt),no
LOC1083300,LOC001667,place,"Rabenhorst, Maxen",no
LOC1083350,LOC001668,place,"Rabenstein, ved Maxen",no
LOC1083400,LOC001669,place,Radicofani,no
LOC1083450,LOC001670,place,Radojevacz,no
LOC1083500,LOC001671,place,Ragatz,no
LOC1083550,LOC001672,place,Ragusa,no
LOC1083600,LOC001673,place,Raito,no
LOC1083650,LOC001674,place,Raklev,no
LOC1083700,LOC001675,place,Ramlösa,no
LOC1083750,LOC001677,place,Ramme,no
LOC1083800,LOC001676,place,Ramme-Dige,no
LOC1083850,LOC001678,place,Rammelsberg,no
LOC1083900,LOC001679,place,Ramsgate,no
LOC1083950,LOC001680,place,Ramundeboda,no
LOC1084000,LOC001681,place,Randers,no
LOC1084050,LOC001682,place,Rankhyttan,no
LOC1084100,LOC001683,place,Rapallo,no
LOC1084150,LOC001684,place,Rapperschwyl,no
LOC1084200,LOC001685,place,Rastede,no
LOC1084250,LOC001686,place,Rathen,no
LOC1084300,LOC001687,place,Ratzeburger See,no
LOC1084350,LOC001688,place,Raudnitz,no
LOC1084400,LOC001689,place,Rava,no
LOC1084450,LOC001690,place,Ravenna,no
LOC1084500,LOC001691,place,Ravenscraig Castle,no
LOC1084550,LOC001692,place,Ravensrock (ved Tanger),no
LOC1084600,LOC001693,place,Ravenswood,no
LOC1084650,LOC001694,place,Ravnholt,no
LOC1084700,LOC001695,place,Redefin,no
LOC1084750,LOC001696,place,Refsnæs,no
LOC1084800,LOC001697,place,Regensburg,no
LOC1084850,LOC001698,place,Regenstein,no
LOC1084900,LOC001699,place,Reichenau,no
LOC1084950,LOC001700,place,Reichenbach,no
LOC1085000,LOC001701,place,Remmels,no
LOC1085050,LOC001702,place,Rendsborg,no
LOC1085100,LOC001703,place,Rengen,no
LOC1085150,LOC001704,place,Resina,no
LOC1085200,LOC001705,place,Reuss,no
LOC1085250,LOC001706,place,Rheder,no
LOC1085300,LOC001707,place,Rheine,no
LOC1085350,LOC001708,place,Rheinfels,no
LOC1085400,LOC001709,place,"Rheinstein, Burg",no
LOC1085450,LOC001710,place,Rhin-Bayern,no
LOC1085500,LOC001712,place,Rhinen,no
LOC1085550,LOC001713,place,"Rhinfaldet, Schaffhausen",no
LOC1085600,LOC001711,place,Rhin-Hessen,no
LOC1085650,LOC001714,place,Rhinlandene,no
LOC1085700,LOC001715,place,Rhodos,no
LOC1085750,LOC001716,place,Rhônedalen,no
LOC1085800,LOC001717,place,Rhônen,no
LOC1085850,LOC001718,place,Ribe,no
LOC1085900,LOC001719,place,Riberhus,no
LOC1085950,LOC001720,place,Riccorsi,no
LOC1086000,LOC001721,place,Richmond,no
LOC1086050,LOC001722,place,Richterswyl,no
LOC1086100,LOC001723,place,Ried,no
LOC1086150,LOC001724,place,Riesa,no
LOC1086200,LOC001725,place,Riesengebirge,no
LOC1086250,LOC001726,place,Rieti,no
LOC1086300,LOC001727,place,Riga,no
LOC1086350,LOC001730,place,Rigi,no
LOC1086400,LOC001728,place,Rigi-Kulm,no
LOC1086450,LOC001729,place,Rigi-Staffel,no
LOC1086500,LOC001731,place,Riglen,no
LOC1086550,LOC001732,place,Ringerike,no
LOC1086600,LOC001734,place,Ringkøbing,no
LOC1086650,LOC001733,place,Ringkøbing Fjord,no
LOC1086700,LOC001735,place,Ringsjön (Stora Rängen),no
LOC1086750,LOC001736,place,Ringsted,no
LOC1086800,LOC001737,place,Rinkenæs,no
LOC1086850,LOC001738,place,Rio de Janeiro,no
LOC1086900,LOC001739,place,Riva,no
LOC1086950,LOC001740,place,Rob Roy's Cave,no
LOC1087000,LOC001741,place,Rochester,no
LOC1087050,LOC001742,place,Rochus-Kapellet (ved Bingen),no
LOC1087100,LOC001743,place,Rolandseck,no
LOC1087150,LOC001744,place,Rolighed,no
LOC1087200,LOC001745,place,Rom,no
LOC1087250,LOC001746,place,Romanshorn,no
LOC1087300,LOC001747,place,Romont,no
LOC1087350,LOC001748,place,Ronciglione,no
LOC1087400,LOC001749,place,Ronco all' Adige,no
LOC1087450,LOC001750,place,Roosendaal,no
LOC1087500,LOC001751,place,Rorschach,no
LOC1087550,LOC001752,place,Roseg-Gletscher,no
LOC1087600,LOC001753,place,Rosenborg Slot,no
LOC1087650,LOC001754,place,Rosendal (ved Stockholm),no
LOC1087700,LOC001755,place,Rosendal ved Aarhus (Navnet vist misforstaaet),no
LOC1087750,LOC001756,place,Rosenheim,no
LOC1087800,LOC001757,place,Rosenthal (Rosendal) (ved Fakse),no
LOC1087850,LOC001758,place,Rosenvold,no
LOC1087900,LOC001760,place,Roskilde,no
LOC1087950,LOC001759,place,Roskilde Kro,no
LOC1088000,LOC001761,place,Rossdorf,no
LOC1088050,LOC001762,place,Rosstrappe,no
LOC1088100,LOC001763,place,Rostock,no
LOC1088150,LOC001764,place,Rotenburg in Hannover,no
LOC1088200,LOC001765,place,Roth,no
LOC1088250,LOC001766,place,Rottenburg an der Laber,no
LOC1088300,LOC001767,place,Rotterdam,no
LOC1088350,LOC001768,place,Rovereto,no
LOC1088400,LOC001769,place,Rovigo,no
LOC1088450,LOC001770,place,Roxen,no
LOC1088500,LOC001771,place,Rubjerg Kirke,no
LOC1088550,LOC001772,place,Rubjerg Klitter,no
LOC1088600,LOC001773,place,Rudeskov,no
LOC1088650,LOC001774,place,Rue,no
LOC1088700,LOC001775,place,Rumelien,no
LOC1088750,LOC001776,place,Rumpenheim,no
LOC1088800,LOC001777,place,Rumænien,no
LOC1088850,LOC001778,place,Rungsted,no
LOC1088900,LOC001779,place,Rusland,no
LOC1088950,LOC001780,place,Rustschuk (Russe),no
LOC1089000,LOC001781,place,Rübeland,no
LOC1089050,LOC001782,place,Rygen,no
LOC1089100,LOC001783,place,Rygaard,no
LOC1089150,LOC001784,place,Rysensten,no
LOC1089200,LOC001785,place,Rütli,no
LOC1089250,LOC001786,place,Röhrsdorf,no
LOC1089300,LOC001787,place,Rønne,no
LOC1089350,LOC001788,place,Rønnebæksholm,no
LOC1089400,LOC001789,place,Rønnede,no
LOC1089450,LOC001790,place,Rørby,no
LOC1089500,LOC001791,place,Røraas,no
LOC1089550,LOC001792,place,Raab,no
LOC1089600,LOC001793,place,Råbäck (ved Kinnekulla),no
LOC1089650,LOC001794,place,"Raadmandsskoven, Næstved",no
LOC1089700,LOC001795,place,Sabinerbjergene,no
LOC1089750,LOC001796,place,Sachsen (Kongerige),no
LOC1089800,LOC001797,place,Sachsenhausen,no
LOC1089850,LOC001798,place,Sachsisk Schweiz,no
LOC1089900,LOC001799,place,Sado,no
LOC1089950,LOC001800,place,Sagunto,no
LOC1090000,LOC001801,place,Saint Helena,no
LOC1090050,LOC001802,place,Saint John's Wood,no
LOC1090100,LOC001803,place,Saint Patrick's Wood,no
LOC1090150,LOC001804,place,Saint-Cloud,no
LOC1090200,LOC001805,place,Saint-Denis,no
LOC1090250,LOC001810,place,Sainte-Croix (Schweiz),no
LOC1090300,LOC001806,place,Saint-Louis,no
LOC1090350,LOC001807,place,Saint-Martin,no
LOC1090400,LOC001808,place,Saint-Maurice,no
LOC1090450,LOC001809,place,Saint-Quentin,no
LOC1090500,LOC001811,place,Sakskøbing,no
LOC1090550,LOC001812,place,Sala,no
LOC1090600,LOC001813,place,Salamis-Bugten,no
LOC1090650,LOC001814,place,Salerno,no
LOC1090700,LOC001815,place,Salève,no
LOC1090750,LOC001816,place,Salò,no
LOC1090800,LOC001817,place,Salorno (Salurn),no
LOC1090850,LOC001818,place,Salsta Slot,no
LOC1090900,LOC001819,place,Salvaterra,no
LOC1090950,LOC001820,place,Salzach,no
LOC1091000,LOC001821,place,Salzachthal,no
LOC1091050,LOC001822,place,Salzburg,no
LOC1091100,LOC001823,place,Salzgitter,no
LOC1091150,LOC001824,place,Samaden,no
LOC1091200,LOC001825,place,Samsø,no
LOC1091250,LOC001826,place,San Casciano in Val di Pesa,no
LOC1091300,LOC001827,place,San Chídrian,no
LOC1091350,LOC001828,place,San Francisco,no
LOC1091400,LOC001829,place,San Giovanni a Teduccio,no
LOC1091450,LOC001830,place,San Lorenzo Nuovo,no
LOC1091500,LOC001831,place,San Luís,no
LOC1091550,LOC001832,place,San Pedro de Pena,no
LOC1091600,LOC001833,place,San Quirico d'Orcia,no
LOC1091650,LOC001834,place,San Sebastián,no
LOC1091700,LOC001835,place,Sandefjord,no
LOC1091750,LOC001836,place,Sandsee Slot,no
LOC1091800,LOC001837,place,Sandviken,no
LOC1091850,LOC001838,place,Sankt Croix (Vestindien),no
LOC1091900,LOC001839,place,Sankt Gallen,no
LOC1091950,LOC001840,place,"Sankt Gerhardsbjerget (Szant Gellert hegy), Buda",no
LOC1092000,LOC001841,place,Sankt Goar,no
LOC1092050,LOC001842,place,Sankt Gotthard,no
LOC1092100,LOC001843,place,"Sankt Johannes Kloster, Slesvig",no
LOC1092150,LOC001844,place,Sankt Jørgens Gaard (ved Svendborg),no
LOC1092200,LOC001845,place,"Sankt Marthes Kilde, Karise",no
LOC1092250,LOC001846,place,Sankt Moritz,no
LOC1092300,LOC001847,place,Sankt Peter,no
LOC1092350,LOC001848,place,Sankt Petersborg,no
LOC1092400,LOC001849,place,Sankt Pölten,no
LOC1092450,LOC001850,place,Sankt Thomas,no
LOC1092500,LOC001851,place,Santa Agata,no
LOC1092550,LOC001852,place,Santa Cruz de Mudela,no
LOC1092600,LOC001853,place,Santa Maria (ved Cintra),no
LOC1092650,LOC001854,place,Santa Maria degli Angeli (ved Assisi),no
LOC1092700,LOC001855,place,Santa Maria Maggiore (ved Nocera Superiore),no
LOC1092750,LOC001856,place,Santander,no
LOC1092800,LOC001857,place,Santarem,no
LOC1092850,LOC001858,place,Saônen,no
LOC1092900,LOC001859,place,Sardinien,no
LOC1092950,LOC001860,place,Sargans,no
LOC1093000,LOC001861,place,Sarine (Saane),no
LOC1093050,LOC001862,place,Sarnen,no
LOC1093100,LOC001863,place,Sarner-Søen,no
LOC1093150,LOC001864,place,Sarzana,no
LOC1093200,LOC001865,place,Sava (Sau),no
LOC1093250,LOC001866,place,Saverne,no
LOC1093300,LOC001867,place,Savona,no
LOC1093350,LOC001868,place,Savoyen,no
LOC1093400,LOC001869,place,Saxtorf,no
LOC1093450,LOC001870,place,Scaricalasino,no
LOC1093500,LOC001871,place,Seefeld,no
LOC1093550,LOC001872,place,Schaffhausen,no
LOC1093600,LOC001873,place,Schandau,no
LOC1093650,LOC001874,place,Schelde,no
LOC1093700,LOC001875,place,Schelletau,no
LOC1093750,LOC001876,place,Scheveningen,no
LOC1093800,LOC001877,place,Schiedam,no
LOC1093850,LOC001878,place,Schilda,no
LOC1093900,LOC001879,place,Schlangenbad,no
LOC1093950,LOC001880,place,Schlesien,no
LOC1094000,LOC001881,place,Schmerikon,no
LOC1094050,LOC001882,place,Schneekoppe,no
LOC1094100,LOC001883,place,Schreckenstein,no
LOC1094150,LOC001884,place,Schreckhorn,no
LOC1094200,LOC001885,place,Schumla,no
LOC1094250,LOC001886,place,Schupanek,no
LOC1094300,LOC001887,place,Schwabach,no
LOC1094350,LOC001888,place,"Schwalbach, Bad",no
LOC1094400,LOC001889,place,"Schwanennest, Maxen",no
LOC1094450,LOC001890,place,Schwanenstadt,no
LOC1094500,LOC001891,place,Schwarzwald,no
LOC1094550,LOC001892,place,Schweiz,no
LOC1094600,LOC001893,place,Schwerin,no
LOC1094650,LOC001894,place,Schwyz,no
LOC1094700,LOC001895,place,Schönberg (Mecklenburg),no
LOC1094750,LOC001896,place,Schönberg (Tyrol),no
LOC1094800,LOC001897,place,Schönbrunn,no
LOC1094850,LOC001898,place,Schöppenstedt,no
LOC1094900,LOC001899,place,Scylla,no
LOC1094950,LOC001900,place,Sebastopol,no
LOC1095000,LOC001901,place,Sedan,no
LOC1095050,LOC001902,place,Seeshaupt,no
LOC1095100,LOC001903,place,Seinen,no
LOC1095150,LOC001904,place,Sele,no
LOC1095200,LOC001905,place,Sem,no
LOC1095250,LOC001906,place,Semendria (Smederevo),no
LOC1095300,LOC001907,place,Semlin (Zemun),no
LOC1095350,LOC001908,place,Semmering,no
LOC1095400,LOC001909,place,Sendling,no
LOC1095450,LOC001910,place,Senlis,no
LOC1095500,LOC001911,place,Sens,no
LOC1095550,LOC001912,place,Serbien,no
LOC1095600,LOC001913,place,Serreslev (ved Horsens),no
LOC1095650,LOC001914,place,Serridslev,no
LOC1095700,LOC001915,place,Sesto Calende,no
LOC1095750,LOC001916,place,Sestos,no
LOC1095800,LOC001917,place,Sestri Levante,no
LOC1095850,LOC001918,place,Settecomuni,no
LOC1095900,LOC001919,place,Setúbal,no
LOC1095950,LOC001920,place,Seven Oaks,no
LOC1096000,LOC001921,place,Sevilla,no
LOC1096050,LOC001922,place,Sèvres,no
LOC1096100,LOC001923,place,Sheffield,no
LOC1096150,LOC001924,place,Sibirien,no
LOC1096200,LOC001925,place,Sicilien,no
LOC1096250,LOC001926,place,Siebengebirge,no
LOC1096300,LOC001927,place,Sieghartskirchen,no
LOC1096350,LOC001928,place,Siena,no
LOC1096400,LOC001929,place,Sierra Morena,no
LOC1096450,LOC001930,place,Signhildsberg,no
LOC1096500,LOC001931,place,Sigtuna,no
LOC1096550,LOC001932,place,Silberhorn,no
LOC1096600,LOC001933,place,Sild,no
LOC1096650,LOC001934,place,Silistria,no
LOC1096700,LOC001936,place,Silkeborg,no
LOC1096750,LOC001935,place,Silkeborg Langsø,no
LOC1096800,LOC001937,place,Silvaplana,no
LOC1096850,LOC001938,place,Silvköparen,no
LOC1096900,LOC001939,place,Simnitza (Zimnicea),no
LOC1096950,LOC001940,place,Simplon,no
LOC1097000,LOC001941,place,Sion (Sitten),no
LOC1097050,LOC001942,place,Sipp,no
LOC1097100,LOC001943,place,Siracusa,no
LOC1097150,LOC001944,place,Sirmien (Syrmien),no
LOC1097200,LOC001945,place,Sistow (Svistov),no
LOC1097250,LOC001946,place,Sjælland,no
LOC1097300,LOC001947,place,Sjöända,no
LOC1097350,LOC001948,place,Skabersjö,no
LOC1097400,LOC001949,place,Skagen,no
LOC1097450,LOC001950,place,Skamlingsbanken,no
LOC1097500,LOC001951,place,Skanderborg,no
LOC1097550,LOC001952,place,Skandinavien,no
LOC1097600,LOC001953,place,Skara,no
LOC1097650,LOC001954,place,Skelskør,no
LOC1097700,LOC001955,place,Skibbinge,no
LOC1097750,LOC001956,place,Skive,no
LOC1097800,LOC001957,place,Skodsborg,no
LOC1097850,LOC001958,place,Skokloster,no
LOC1097900,LOC001959,place,Skotland,no
LOC1097950,LOC001960,place,Skovshoved,no
LOC1098000,LOC001961,place,"Skrædder-Klinten, Trollhätta",no
LOC1098050,LOC001962,place,Skutari,no
LOC1098100,LOC001963,place,Skaane,no
LOC1098150,LOC001965,place,Slagelse,no
LOC1098200,LOC001964,place,Slagelse Lystskov,no
LOC1098250,LOC001966,place,Slangerup,no
LOC1098300,LOC001967,place,Slesvig (By),no
LOC1098350,LOC001968,place,Slesvig (Hertugdømme),no
LOC1098400,LOC001969,place,Slien,no
LOC1098450,LOC001970,place,Slipshavn,no
LOC1098500,LOC001971,place,Slots-Bjergby Galgebakke,no
LOC1098550,LOC001972,place,Slude Gaard,no
LOC1098600,LOC001973,place,Smyrna,no
LOC1098650,LOC001974,place,Smaalandsfarvandet,no
LOC1098700,LOC001975,place,Snekkersten,no
LOC1098750,LOC001976,place,Snoghøj,no
LOC1098800,LOC001977,place,"Soden, Bad",no
LOC1098850,LOC001978,place,Soest,no
LOC1098900,LOC001979,place,Sofiero,no
LOC1098950,LOC001980,place,Solfatara,no
LOC1099000,LOC001981,place,Solna,no
LOC1099050,LOC001982,place,Solothurn,no
LOC1099100,LOC001983,place,Somma Lombardo,no
LOC1099150,LOC001984,place,Sonnenstein,no
LOC1099200,LOC001985,place,Sophienlund,no
LOC1099250,LOC001986,place,Soracte,no
LOC1099300,LOC001987,place,Sorgenfri Slot,no
LOC1099350,LOC001988,place,Sorrento,no
LOC1099400,LOC001989,place,"Sortebrødre, Hovedgaard ved Næstved",no
LOC1099450,LOC001990,place,Sortehavet,no
LOC1099500,LOC001992,place,Sorø,no
LOC1099550,LOC001991,place,Sorø Sø,no
LOC1099600,LOC001993,place,Spandau,no
LOC1099650,LOC001994,place,Spanien,no
LOC1099700,LOC001995,place,Speyer,no
LOC1099750,LOC001996,place,Spezia-Bugten,no
LOC1099800,LOC001997,place,Spielberg (ved Brünn),no
LOC1099850,LOC001998,place,Splügen,no
LOC1099900,LOC001999,place,Spoleto,no
LOC1099950,LOC002000,place,Spree,no
LOC1100000,LOC002001,place,Sprogø,no
LOC1100050,LOC002002,place,Staby Folkehøjskole,no
LOC1100100,LOC002003,place,Stade,no
LOC1100150,LOC002004,place,Stadum,no
LOC1100200,LOC002005,place,Staggia,no
LOC1100250,LOC002006,place,Stampfemühle (ved Slesvig By),no
LOC1100300,LOC002007,place,Stannern,no
LOC1100350,LOC002008,place,Stans,no
LOC1100400,LOC002009,place,Stansstad,no
LOC1100450,LOC002010,place,Starnberg,no
LOC1100500,LOC002011,place,Starnberger See,no
LOC1100550,LOC002012,place,Staubbach,no
LOC1100600,LOC002013,place,Stavanger,no
LOC1100650,LOC002014,place,Stecken,no
LOC1100700,LOC002015,place,Stege,no
LOC1100750,LOC002016,place,Stegeborg,no
LOC1100800,LOC002017,place,Stein,no
LOC1100850,LOC002018,place,Steinbad (ved Teplitz),no
LOC1100900,LOC002019,place,Steinhöring,no
LOC1100950,LOC002020,place,Steinnach,no
LOC1101000,LOC002021,place,Steinsdorf,no
LOC1101050,LOC002022,place,Sterzing,no
LOC1101100,LOC002023,place,Stettin,no
LOC1101150,LOC002024,place,Stiernholm Slot,no
LOC1101200,LOC002025,place,Stirling,no
LOC1101250,LOC002026,place,Stockerau,no
LOC1101300,LOC002027,place,Stockholm,no
LOC1101350,LOC002028,place,Stolzenfels,no
LOC1101400,LOC002029,place,Stora Eken,no
LOC1101450,LOC002030,place,Store Hedinge,no
LOC1101500,LOC002031,place,Store Hestehave (ved Jungshoved),no
LOC1101550,LOC002032,place,Store Vildmose,no
LOC1101600,LOC002033,place,Storebelt,no
LOC1101650,LOC002034,place,"Storta, La",no
LOC1101700,LOC002035,place,Storaaen,no
LOC1101750,LOC002036,place,Stoss (ved Brunnen),no
LOC1101800,LOC002037,place,Stralsund,no
LOC1101850,LOC002038,place,Strandhuse (ved Svendborg),no
LOC1101900,LOC002039,place,Strandmøllen,no
LOC1101950,LOC002040,place,Strandvejen,no
LOC1102000,LOC002041,place,Strassburg,no
LOC1102050,LOC002042,place,Strengberg,no
LOC1102100,LOC002043,place,Strib,no
LOC1102150,LOC002044,place,Stromboli,no
LOC1102200,LOC002045,place,Strood,no
LOC1102250,LOC002046,place,Struer,no
LOC1102300,LOC002047,place,Struppen (ved Pirna),no
LOC1102350,LOC002048,place,Sturefors,no
LOC1102400,LOC002049,place,Stuttgart,no
LOC1102450,LOC002050,place,Stäket,no
LOC1102500,LOC002051,place,Stör,no
LOC1102550,LOC002052,place,Stångån,no
LOC1102600,LOC002053,place,Suez-Kanalen,no
LOC1102650,LOC002054,place,Susenborg,no
LOC1102700,LOC002055,place,Susaaen,no
LOC1102750,LOC002056,place,Svaneberg,no
LOC1102800,LOC002057,place,Svaneke,no
LOC1102850,LOC002058,place,Sveaborg,no
LOC1102900,LOC002060,place,Svendborg,no
LOC1102950,LOC002059,place,Svendborg Sund,no
LOC1103000,LOC002061,place,Svensk Pommern,no
LOC1103050,LOC002062,place,Sverrig,no
LOC1103100,LOC002063,place,Svindinge (Fyn),no
LOC1103150,LOC002064,place,Sydamerika,no
LOC1103200,LOC002065,place,Sydfrankrig,no
LOC1103250,LOC002066,place,Sydtyskland,no
LOC1103300,LOC002067,place,Syke,no
LOC1103350,LOC002068,place,Syra,no
LOC1103400,LOC002069,place,Syrien,no
LOC1103450,LOC002070,place,Széchenyi-Vejen,no
LOC1103500,LOC002071,place,Sztary-Szlankamen,no
LOC1103550,LOC002072,place,"Sæby, Løve H., Holbæk A.",no
LOC1103600,LOC002073,place,Säfsjö,no
LOC1103650,LOC002074,place,Sävo Sund (Sävsund),no
LOC1103700,LOC002075,place,"Søbygaard, Søby S., Gjern H.",no
LOC1103750,LOC002076,place,Søbygaards Sø,no
LOC1103800,LOC002077,place,Söderkoping,no
LOC1103850,LOC002078,place,Södertelge,no
LOC1103900,LOC002079,place,Søllerod Sø,no
LOC1103950,LOC002080,place,Søllerød,no
LOC1104000,LOC002081,place,Sølyst,no
LOC1104050,LOC002082,place,Sønderborg,no
LOC1104100,LOC002083,place,Søndermarken,no
LOC1104150,LOC002084,place,Sörby,no
LOC1104200,LOC002085,place,Saal,no
LOC1104250,LOC002086,place,Saale,no
LOC1104300,LOC002087,place,Saane (Sarine),no
LOC1104350,LOC002088,place,Saarbrücken,no
LOC1104400,LOC002089,place,Tajo (Tejo),no
LOC1104450,LOC002090,place,Talavera de la Reyna,no
LOC1104500,LOC002091,place,Talfers,no
LOC1104550,LOC002092,place,Tamina,no
LOC1104600,LOC002093,place,Tanger,no
LOC1104650,LOC002094,place,Tangermünde,no
LOC1104700,LOC002095,place,Tarascon,no
LOC1104750,LOC002096,place,Tarasp,no
LOC1104800,LOC002097,place,Tarifa,no
LOC1104850,LOC002098,place,Tasching-See,no
LOC1104900,LOC002099,place,Tatra,no
LOC1104950,LOC002100,place,Tavernelle,no
LOC1105000,LOC002101,place,Teglgaarden,no
LOC1105050,LOC002102,place,Teheran,no
LOC1105100,LOC002103,place,Tells Kapel,no
LOC1105150,LOC002104,place,Tellsplatte,no
LOC1105200,LOC002105,place,Tem,no
LOC1105250,LOC002106,place,Temesvár,no
LOC1105300,LOC002107,place,Tempe,no
LOC1105350,LOC002108,place,Teplitz,no
LOC1105400,LOC002109,place,Terni,no
LOC1105450,LOC002110,place,Terracina,no
LOC1105500,LOC002111,place,Tessin (Ticino),no
LOC1105550,LOC002112,place,Tetschen,no
LOC1105600,LOC002113,place,Tetuan,no
LOC1105650,LOC002114,place,Teufelsbrücke (i Sachsisk Schweiz),no
LOC1105700,LOC002115,place,Teufelsmauer,no
LOC1105750,LOC002116,place,Teufelsstein (i Reuss-Dalen),no
LOC1105800,LOC002117,place,Teulelsbrücke (i Reuss-Dalen),no
LOC1105850,LOC002118,place,Teutschen,no
LOC1105900,LOC002119,place,Teverone,no
LOC1105950,LOC002120,place,Texas,no
LOC1106000,LOC002121,place,Tharandt,no
LOC1106050,LOC002122,place,Theben (Dĕvín),no
LOC1106100,LOC002123,place,Theben (Grækenland),no
LOC1106150,LOC002124,place,Theiss (Tisza),no
LOC1106200,LOC002125,place,Themsen,no
LOC1106250,LOC002126,place,Therapia,no
LOC1106300,LOC002127,place,Theresiensprung (ved Maxen),no
LOC1106350,LOC002128,place,Theresienstadt,no
LOC1106400,LOC002129,place,Thessalien,no
LOC1106450,LOC002130,place,Thiedenwiese,no
LOC1106500,LOC002131,place,Thisted,no
LOC1106550,LOC002132,place,Thun,no
LOC1106600,LOC002133,place,Thuner-Søen,no
LOC1106650,LOC002134,place,Thurebyholm,no
LOC1106700,LOC002135,place,Thurø,no
LOC1106750,LOC002136,place,Tiaras,no
LOC1106800,LOC002137,place,Tiberen,no
LOC1106850,LOC002138,place,Tiberøen,no
LOC1106900,LOC002139,place,Tiefurt,no
LOC1106950,LOC002140,place,Tifis,no
LOC1107000,LOC002141,place,"Tindebjerget, Silkeborg",no
LOC1107050,LOC002142,place,Tinos,no
LOC1107100,LOC002143,place,Tissø,no
LOC1107150,LOC002144,place,Tiszovicza,no
LOC1107200,LOC002145,place,Tivoli (ved Rom),no
LOC1107250,LOC002146,place,Tjele,no
LOC1107300,LOC002147,place,Tjæreby,no
LOC1107350,LOC002148,place,Toledo,no
LOC1107400,LOC002149,place,Tolentino,no
LOC1107450,LOC002150,place,Tomba di Nerone,no
LOC1107500,LOC002151,place,"Toppö, Trollhättan",no
LOC1107550,LOC002152,place,Torino,no
LOC1107600,LOC002153,place,Torpa,no
LOC1107650,LOC002154,place,Torquay,no
LOC1107700,LOC002155,place,Torre Annunziata,no
LOC1107750,LOC002156,place,Torre del Greco,no
LOC1107800,LOC002157,place,Torre di tre Ponti,no
LOC1107850,LOC002158,place,Torrenieri,no
LOC1107900,LOC002159,place,Torup,no
LOC1107950,LOC002160,place,Tostedt,no
LOC1108000,LOC002161,place,Toul,no
LOC1108050,LOC002162,place,Toulon,no
LOC1108100,LOC002163,place,Toulouse,no
LOC1108150,LOC002164,place,"Tour de Pelz, La",no
LOC1108200,LOC002165,place,Tours,no
LOC1108250,LOC002166,place,Trafalgar,no
LOC1108300,LOC002167,place,Trajans Mur,no
LOC1108350,LOC002168,place,Trajans Tavle,no
LOC1108400,LOC002169,place,Trankebar,no
LOC1108450,LOC002170,place,Trapezunt,no
LOC1108500,LOC002171,place,Trasimener-Søen,no
LOC1108550,LOC002172,place,Traun,no
LOC1108600,LOC002173,place,Trave,no
LOC1108650,LOC002174,place,Travemünde,no
LOC1108700,LOC002175,place,Trekroner,no
LOC1108750,LOC002176,place,Treuenbrietzen,no
LOC1108800,LOC002177,place,Trient (Trento),no
LOC1108850,LOC002178,place,Trier,no
LOC1108900,LOC002179,place,Triest,no
LOC1108950,LOC002180,place,Trinity (ved Edinburgh),no
LOC1109000,LOC002181,place,Tripolis,no
LOC1109050,LOC002182,place,Troia (Cetobriga),no
LOC1109100,LOC002183,place,Trojasletten,no
LOC1109150,LOC002184,place,Trollhättan,no
LOC1109200,LOC002185,place,Trondhjem,no
LOC1109250,LOC002186,place,Tropea,no
LOC1109300,LOC002187,place,Trujillo,no
LOC1109350,LOC002188,place,Tunbridge,no
LOC1109400,LOC002189,place,Tunis,no
LOC1109450,LOC002190,place,Turbia (La Turbie),no
LOC1109500,LOC002191,place,Turnau,no
LOC1109550,LOC002192,place,Tusculum,no
LOC1109600,LOC002193,place,Tuturcan (Turtucaia),no
LOC1109650,LOC002194,place,Tweed,no
LOC1109700,LOC002195,place,Tübingen,no
LOC1109750,LOC002196,place,Tyrifjord,no
LOC1109800,LOC002197,place,Tyrkiet,no
LOC1109850,LOC002198,place,Tyrol,no
LOC1109900,LOC002199,place,Tyskland,no
LOC1109950,LOC002200,place,"Tøien, Christiania",no
LOC1110000,LOC002201,place,Tønder,no
LOC1110050,LOC002202,place,Tåkern,no
LOC1110100,LOC002203,place,Taarbæk,no
LOC1110150,LOC002204,place,Taasinge (Thorseng),no
LOC1110200,LOC002205,place,Taastrup,no
LOC1110250,LOC002206,place,Uddevalla,no
LOC1110300,LOC002207,place,Ulfåsa,no
LOC1110350,LOC002208,place,Ulkebøl,no
LOC1110400,LOC002209,place,Ulm,no
LOC1110450,LOC002210,place,Ulriksdal,no
LOC1110500,LOC002212,place,Ulse,no
LOC1110550,LOC002211,place,Ulse Sø,no
LOC1110600,LOC002213,place,Ulvborg,no
LOC1110650,LOC002214,place,Ungarn,no
LOC1110700,LOC002215,place,Untersendling,no
LOC1110750,LOC002216,place,Uppsala,no
LOC1110800,LOC002217,place,Uri-Rothstock,no
LOC1110850,LOC002218,place,Urup,no
LOC1110900,LOC002219,place,Utrecht,no
LOC1110950,LOC002220,place,Uttewalder Grund,no
LOC1111000,LOC002221,place,Vadstena,no
LOC1111050,LOC002222,place,Vaksala,no
LOC1111100,LOC002223,place,Val de Travers,no
LOC1111150,LOC002224,place,Valakiet,no
LOC1111200,LOC002225,place,Valby,no
LOC1111250,LOC002226,place,Valcimarra,no
LOC1111300,LOC002227,place,Valence,no
LOC1111350,LOC002228,place,Valencia,no
LOC1111400,LOC002229,place,Valenciennes,no
LOC1111450,LOC002230,place,Valladolid,no
LOC1111500,LOC002231,place,"Valletta, La",no
LOC1111550,LOC002232,place,Vallø,no
LOC1111600,LOC002233,place,Valparaiso,no
LOC1111650,LOC002234,place,Vamdrup,no
LOC1111700,LOC002235,place,Van Diemens Land (=Tasmanien),no
LOC1111750,LOC002236,place,Varberg,no
LOC1111800,LOC002237,place,Varde,no
LOC1111850,LOC002238,place,Vardøhus,no
LOC1111900,LOC002239,place,Vasto,no
LOC1111950,LOC002240,place,Vattholma Bruk,no
LOC1112000,LOC002241,place,Vaucluse,no
LOC1112050,LOC002242,place,Vaud (Kanton),no
LOC1112100,LOC002243,place,Vedbygaard,no
LOC1112150,LOC002244,place,Vedbæk,no
LOC1112200,LOC002245,place,Vedersø,no
LOC1112250,LOC002246,place,Vejle,no
LOC1112300,LOC002247,place,Velino,no
LOC1112350,LOC002248,place,Velletri,no
LOC1112400,LOC002249,place,"Velo, Hadeland",no
LOC1112450,LOC002250,place,Vemmetofte,no
LOC1112500,LOC002251,place,Vendsyssel,no
LOC1112550,LOC002252,place,Venek,no
LOC1112600,LOC002253,place,Venern,no
LOC1112650,LOC002254,place,Venersborg,no
LOC1112700,LOC002255,place,Venetien,no
LOC1112750,LOC002256,place,Venezia,no
LOC1112800,LOC002257,place,"Ventegodt, Avlsgaard ved Løgten, København",no
LOC1112850,LOC002258,place,"Verlorne Loch, das",no
LOC1112900,LOC002259,place,Vermland,no
LOC1112950,LOC002260,place,Vernet,no
LOC1113000,LOC002261,place,Vernex,no
LOC1113050,LOC002262,place,Verona,no
LOC1113100,LOC002263,place,Versailles,no
LOC1113150,LOC002264,place,Verviers,no
LOC1113200,LOC002265,place,Vest-Amerika,no
LOC1113250,LOC002266,place,Vestergötland,no
LOC1113300,LOC002267,place,Vesterhavet,no
LOC1113350,LOC002268,place,Vestervig,no
LOC1113400,LOC002269,place,Vestervik,no
LOC1113450,LOC002270,place,Vesterås,no
LOC1113500,LOC002271,place,Vestindien (dansk),no
LOC1113550,LOC002272,place,Vestjylland,no
LOC1113600,LOC002273,place,Vesuv,no
LOC1113650,LOC002274,place,Veteranis Hule,no
LOC1113700,LOC002275,place,Vettern,no
LOC1113750,LOC002276,place,Vevey,no
LOC1113800,LOC002277,place,Vexiö,no
LOC1113850,LOC002278,place,Via Appia,no
LOC1113900,LOC002279,place,Via mala,no
LOC1113950,LOC002280,place,Via Tiburtina,no
LOC1114000,LOC002281,place,Viborg,no
LOC1114050,LOC002282,place,Viby Sj.,no
LOC1114100,LOC002283,place,Vicenza,no
LOC1114150,LOC002284,place,Vichy,no
LOC1114200,LOC002285,place,Vico Equense,no
LOC1114250,LOC002286,place,Vidskølle,no
LOC1114300,LOC002287,place,Vienenburg,no
LOC1114350,LOC002288,place,Vienne,no
LOC1114400,LOC002289,place,Vierlandene,no
LOC1114450,LOC002290,place,Vierwaldstätter-Søen,no
LOC1114500,LOC002291,place,Vietri sul mare,no
LOC1114550,LOC002292,place,Vig,no
LOC1114600,LOC002293,place,Viken,no
LOC1114650,LOC002294,place,Villa Adriana,no
LOC1114700,LOC002295,place,Villafranca,no
LOC1114750,LOC002296,place,Villanuova,no
LOC1114800,LOC002297,place,Villefranche (Pyrénées-Orientales),no
LOC1114850,LOC002298,place,Villeneuve (ved Genfersøen),no
LOC1114900,LOC002299,place,Vincennes,no
LOC1114950,LOC002300,place,Visborg Ruin,no
LOC1115000,LOC002301,place,Višegrad,no
LOC1115050,LOC002302,place,Vissenbjerg,no
LOC1115100,LOC002303,place,Viterbo,no
LOC1115150,LOC002304,place,Viznau,no
LOC1115200,LOC002305,place,Vogeserne,no
LOC1115250,LOC002306,place,Voghera,no
LOC1115300,LOC002307,place,Vojens,no
LOC1115350,LOC002308,place,Voldbjerg,no
LOC1115400,LOC002309,place,Volsker-Bjergene,no
LOC1115450,LOC002310,place,Vordingborg,no
LOC1115500,LOC002311,place,Vouga,no
LOC1115550,LOC002312,place,Vresen,no
LOC1115600,LOC002313,place,Vreta Klosterkirke,no
LOC1115650,LOC002314,place,Vretstorp,no
LOC1115700,LOC002315,place,Vuka,no
LOC1115750,LOC002316,place,Vukovar,no
LOC1115800,LOC002317,place,Vöcklabruck,no
LOC1115850,LOC002318,place,Wabern,no
LOC1115900,LOC002319,place,"Wahrendorf, Holsten",no
LOC1115950,LOC002320,place,Waizen (Vać),no
LOC1116000,LOC002321,place,Walchersee,no
LOC1116050,LOC002322,place,Waldheim,no
LOC1116100,LOC002323,place,Wales,no
LOC1116150,LOC002324,place,Walhalla (ved Regensburg),no
LOC1116200,LOC002325,place,Wallenstadter-Søen (Wallen-See),no
LOC1116250,LOC002326,place,Wallersee,no
LOC1116300,LOC002327,place,Wandsbeck,no
LOC1116350,LOC002328,place,Warden,no
LOC1116400,LOC002329,place,Warnow,no
LOC1116450,LOC002330,place,Warszava,no
LOC1116500,LOC002331,place,Wartburg,no
LOC1116550,LOC002332,place,"Wartenstein, Ragatz",no
LOC1116600,LOC002333,place,Washington,no
LOC1116650,LOC002334,place,Wasserburg,no
LOC1116700,LOC002335,place,Weimar,no
LOC1116750,LOC002336,place,"Weissenburg, Bayern",no
LOC1116800,LOC002337,place,Weissenfels,no
LOC1116850,LOC002338,place,Weisseritz (die wilde),no
LOC1116900,LOC002339,place,Weitenegg,no
LOC1116950,LOC002340,place,Wels,no
LOC1117000,LOC002341,place,Weltrus,no
LOC1117050,LOC002342,place,Werden,no
LOC1117100,LOC002343,place,Werra,no
LOC1117150,LOC002344,place,"Wesen, Schweiz",no
LOC1117200,LOC002345,place,Wesenstein,no
LOC1117250,LOC002346,place,Weser,no
LOC1117300,LOC002347,place,Westfalen,no
LOC1117350,LOC002348,place,Wetterhorn,no
LOC1117400,LOC002349,place,Widdin (Vidin),no
LOC1117450,LOC002351,place,Wien,no
LOC1117500,LOC002350,place,Wien (Floden),no
LOC1117550,LOC002352,place,Wiener Neustadt,no
LOC1117600,LOC002353,place,Wiesbaden,no
LOC1117650,LOC002354,place,Wiesenstein,no
LOC1117700,LOC002355,place,Wight,no
LOC1117750,LOC002356,place,Wildbad,no
LOC1117800,LOC002357,place,Wilhelmshöhe,no
LOC1117850,LOC002358,place,Wilhelmsthal,no
LOC1117900,LOC002359,place,"Willenscharen, Holsten",no
LOC1117950,LOC002360,place,Windsor,no
LOC1118000,LOC002361,place,Winsen,no
LOC1118050,LOC002362,place,Winterberg (ved Wien),no
LOC1118100,LOC002363,place,"Winterberg, Grosser",no
LOC1118150,LOC002364,place,"Winterberg, Kleiner",no
LOC1118200,LOC002365,place,Winterthur,no
LOC1118250,LOC002366,place,Wismar,no
LOC1118300,LOC002367,place,Wittenberg,no
LOC1118350,LOC002368,place,Wittenberge,no
LOC1118400,LOC002369,place,Woigwitz,no
LOC1118450,LOC002370,place,Wolfenbüttel,no
LOC1118500,LOC002371,place,Worms,no
LOC1118550,LOC002372,place,Wusterhausen an der Dosse,no
LOC1118600,LOC002373,place,Wustermark,no
LOC1118650,LOC002374,place,Wyk,no
LOC1118700,LOC002375,place,Würmsee (Starnberger See),no
LOC1118750,LOC002376,place,Württemberg,no
LOC1118800,LOC002377,place,Würzburg,no
LOC1118850,LOC002378,place,Wäggis,no
LOC1118900,LOC002379,place,Währing,no
LOC1118950,LOC002380,place,Waadt (Kanton),no
LOC1119000,LOC002381,place,Xenil,no
LOC1119050,LOC002382,place,Ybbs,no
LOC1119100,LOC002383,place,Ülzen,no
LOC1119150,LOC002384,place,York,no
LOC1119200,LOC002385,place,Ystad,no
LOC1119250,LOC002386,place,Yverdon,no
LOC1119300,LOC002387,place,Zehlendorf,no
LOC1119350,LOC002388,place,Ziegenhain (ved Jena),no
LOC1119400,LOC002389,place,Znaim,no
LOC1119450,LOC002390,place,Zug,no
LOC1119500,LOC002391,place,Zugersee,no
LOC1119550,LOC002392,place,Zuidersøen,no
LOC1119600,LOC002393,place,Zwickau,no
LOC1119650,LOC002394,place,Zürich,no
LOC1119700,LOC002395,place,Züricher-Søen,no
LOC1119750,LOC002396,place,Æbelø,no
LOC1119800,LOC002397,place,"Æble, Frørup S.",no
LOC1119850,LOC002398,place,Ægina (Aigina),no
LOC1119900,LOC002399,place,Ægypten,no
LOC1119950,LOC002400,place,Ækvator,no
LOC1120000,LOC002401,place,Älgsjön,no
LOC1120050,LOC002402,place,Ærø,no
LOC1120100,LOC002403,place,Ättestupa,no
LOC1120150,LOC002404,place,Øksendrup,no
LOC1120200,LOC002405,place,"Øland, Limfjorden",no
LOC1120250,LOC002406,place,Örbyhus,no
LOC1120300,LOC002407,place,Ørbæk,no
LOC1120350,LOC002408,place,Ørbæklunde,no
LOC1120400,LOC002409,place,Örebro,no
LOC1120450,LOC002410,place,Øresund,no
LOC1120500,LOC002411,place,Ørslev,no
LOC1120550,LOC002412,place,Östa (Ösby),no
LOC1120600,LOC002413,place,Österby,no
LOC1120650,LOC002414,place,Østersøen,no
LOC1120700,LOC002415,place,Østrig,no
LOC1120750,LOC002416,place,Øverød,no
LOC1120800,LOC002417,place,Øvre Stolk,no
LOC1120850,LOC002418,place,Aabenraa,no
LOC1120900,LOC002419,place,Aachen,no
LOC1120950,LOC002420,place,Aagaard,no
LOC1121000,LOC002421,place,Åkerström,no
LOC1121050,LOC002422,place,Aakjær,no
LOC1121100,LOC002423,place,Aalborg,no
LOC1121150,LOC002424,place,Aalbæk,no
LOC1121200,LOC002425,place,Aalesund,no
LOC1121250,LOC002426,place,Aalsgaarde,no
LOC1121300,LOC002427,place,Aare,no
LOC1121350,LOC002428,place,Aarhus,no
LOC1121400,LOC002429,place,Årsta,no
LOC1121450,LOC002430,place,Aarup,no
LOC1121500,LOC002431,place,Aarøsund,no
LOC1121550,LOC002432,place,"Aasen, Silkeborg",no
LOC1121600,LOC002433,place,Aastrup,no
